# Blender v2.79 (sub 0) OBJ File: ''
# www.blender.org
mtllib SOIAF_Calvalry_Tray_v1_with_Magnets2.stl.mtl
o <STL_BINARY>.001
v 2.014484 -0.039250 2.088685
v 2.014484 -0.157000 2.088685
v 2.013054 -0.039250 2.064748
v 2.013054 -0.039250 2.064748
v 2.014484 -0.157000 2.088685
v 2.013054 -0.157000 2.064748
v 2.013054 -0.039250 2.064748
v 2.013054 -0.157000 2.064748
v 2.014484 -0.039250 2.040818
v 2.014484 -0.039250 2.040818
v 2.013054 -0.157000 2.064748
v 2.014484 -0.157000 2.040818
v 2.014484 -0.039250 2.040818
v 2.014484 -0.157000 2.040818
v 2.018766 -0.039250 2.017229
v 2.018766 -0.039250 2.017229
v 2.014484 -0.157000 2.040818
v 2.018766 -0.157000 2.017229
v 2.018766 -0.039250 2.017229
v 2.018766 -0.157000 2.017229
v 2.025830 -0.039250 1.994339
v 2.025830 -0.039250 1.994339
v 2.018766 -0.157000 2.017229
v 2.025830 -0.157000 1.994339
v 2.025830 -0.039250 1.994339
v 2.025830 -0.157000 1.994339
v 2.035572 -0.039250 1.972473
v 2.035572 -0.039250 1.972473
v 2.025830 -0.157000 1.994339
v 2.035572 -0.157000 1.972473
v 2.035572 -0.039250 1.972473
v 2.035572 -0.157000 1.972473
v 2.047853 -0.039250 1.951956
v 2.047853 -0.039250 1.951956
v 2.035572 -0.157000 1.972473
v 2.047853 -0.157000 1.951956
v 2.047853 -0.039250 1.951956
v 2.047853 -0.157000 1.951956
v 2.062490 -0.039250 1.933082
v 2.062490 -0.039250 1.933082
v 2.047853 -0.157000 1.951956
v 2.062490 -0.157000 1.933082
v 2.062490 -0.039250 1.933082
v 2.062490 -0.157000 1.933082
v 2.079273 -0.039250 1.916129
v 2.079273 -0.039250 1.916129
v 2.062490 -0.157000 1.933082
v 2.079273 -0.157000 1.916129
v 2.079273 -0.039250 1.916129
v 2.079273 -0.157000 1.916129
v 2.097957 -0.039250 1.901343
v 2.097957 -0.039250 1.901343
v 2.079273 -0.157000 1.916129
v 2.097957 -0.157000 1.901343
v 2.097957 -0.039250 1.901343
v 2.097957 -0.157000 1.901343
v 2.118267 -0.039250 1.888937
v 2.118267 -0.039250 1.888937
v 2.097957 -0.157000 1.901343
v 2.118267 -0.157000 1.888937
v 2.118267 -0.039250 1.888937
v 2.118267 -0.157000 1.888937
v 2.139913 -0.039250 1.879095
v 2.139913 -0.039250 1.879095
v 2.118267 -0.157000 1.888937
v 2.139913 -0.157000 1.879095
v 2.139913 -0.039250 1.879095
v 2.139913 -0.157000 1.879095
v 2.162572 -0.039250 1.871960
v 2.162572 -0.039250 1.871960
v 2.139913 -0.157000 1.879095
v 2.162572 -0.157000 1.871960
v 2.162572 -0.039250 1.871960
v 2.162572 -0.157000 1.871960
v 2.185923 -0.039250 1.867643
v 2.185923 -0.039250 1.867643
v 2.162572 -0.157000 1.871960
v 2.185923 -0.157000 1.867643
v 2.185923 -0.039250 1.867643
v 2.185923 -0.157000 1.867643
v 2.209612 -0.039250 1.866190
v 2.209612 -0.039250 1.866190
v 2.185923 -0.157000 1.867643
v 2.209612 -0.157000 1.866190
v 2.209612 -0.039250 1.866190
v 2.209612 -0.157000 1.866190
v 2.233309 -0.039250 1.867643
v 2.233309 -0.039250 1.867643
v 2.209612 -0.157000 1.866190
v 2.233309 -0.157000 1.867643
v 2.233309 -0.039250 1.867643
v 2.233309 -0.157000 1.867643
v 2.256652 -0.039250 1.871960
v 2.256652 -0.039250 1.871960
v 2.233309 -0.157000 1.867643
v 2.256652 -0.157000 1.871960
v 2.256652 -0.039250 1.871960
v 2.256652 -0.157000 1.871960
v 2.279311 -0.039250 1.879095
v 2.279311 -0.039250 1.879095
v 2.256652 -0.157000 1.871960
v 2.279311 -0.157000 1.879095
v 2.279311 -0.039250 1.879095
v 2.279311 -0.157000 1.879095
v 2.300957 -0.039250 1.888937
v 2.300957 -0.039250 1.888937
v 2.279311 -0.157000 1.879095
v 2.300957 -0.157000 1.888937
v 2.300957 -0.039250 1.888937
v 2.300957 -0.157000 1.888937
v 2.321276 -0.039250 1.901343
v 2.321276 -0.039250 1.901343
v 2.300957 -0.157000 1.888937
v 2.321276 -0.157000 1.901343
v 2.321276 -0.039250 1.901343
v 2.321276 -0.157000 1.901343
v 2.339959 -0.039250 1.916129
v 2.339959 -0.039250 1.916129
v 2.321276 -0.157000 1.901343
v 2.339959 -0.157000 1.916129
v 2.339959 -0.039250 1.916129
v 2.339959 -0.157000 1.916129
v 2.356742 -0.039250 1.933082
v 2.356742 -0.039250 1.933082
v 2.339959 -0.157000 1.916129
v 2.356742 -0.157000 1.933082
v 2.356742 -0.039250 1.933082
v 2.356742 -0.157000 1.933082
v 2.371380 -0.039250 1.951956
v 2.371380 -0.039250 1.951956
v 2.356742 -0.157000 1.933082
v 2.371380 -0.157000 1.951956
v 2.371380 -0.039250 1.951956
v 2.371380 -0.157000 1.951956
v 2.383660 -0.039250 1.972473
v 2.383660 -0.039250 1.972473
v 2.371380 -0.157000 1.951956
v 2.383660 -0.157000 1.972473
v 2.383660 -0.039250 1.972473
v 2.383660 -0.157000 1.972473
v 2.393403 -0.039250 1.994339
v 2.393403 -0.039250 1.994339
v 2.383660 -0.157000 1.972473
v 2.393403 -0.157000 1.994339
v 2.393403 -0.039250 1.994339
v 2.393403 -0.157000 1.994339
v 2.400458 -0.039250 2.017229
v 2.400458 -0.039250 2.017229
v 2.393403 -0.157000 1.994339
v 2.400458 -0.157000 2.017229
v 2.400458 -0.039250 2.017229
v 2.400458 -0.157000 2.017229
v 2.404740 -0.039250 2.040818
v 2.404740 -0.039250 2.040818
v 2.400458 -0.157000 2.017229
v 2.404740 -0.157000 2.040818
v 2.404740 -0.039250 2.040818
v 2.404740 -0.157000 2.040818
v 2.406170 -0.039250 2.064748
v 2.406170 -0.039250 2.064748
v 2.404740 -0.157000 2.040818
v 2.406170 -0.157000 2.064748
v 2.406170 -0.039250 2.064748
v 2.406170 -0.157000 2.064748
v 2.404740 -0.039250 2.088685
v 2.404740 -0.039250 2.088685
v 2.406170 -0.157000 2.064748
v 2.404740 -0.157000 2.088685
v 2.404740 -0.039250 2.088685
v 2.404740 -0.157000 2.088685
v 2.400458 -0.039251 2.112266
v 2.400458 -0.039251 2.112266
v 2.404740 -0.157000 2.088685
v 2.400458 -0.157000 2.112266
v 2.400458 -0.039251 2.112266
v 2.400458 -0.157000 2.112266
v 2.393403 -0.039251 2.135164
v 2.393403 -0.039251 2.135164
v 2.400458 -0.157000 2.112266
v 2.393403 -0.157000 2.135164
v 2.393403 -0.039251 2.135164
v 2.393403 -0.157000 2.135164
v 2.383660 -0.039251 2.157022
v 2.383660 -0.039251 2.157022
v 2.393403 -0.157000 2.135164
v 2.383660 -0.157000 2.157022
v 2.383660 -0.039251 2.157022
v 2.383660 -0.157000 2.157022
v 2.371380 -0.039251 2.177547
v 2.371380 -0.039251 2.177547
v 2.383660 -0.157000 2.157022
v 2.371380 -0.157000 2.177547
v 2.371380 -0.039251 2.177547
v 2.371380 -0.157000 2.177547
v 2.356742 -0.039251 2.196421
v 2.356742 -0.039251 2.196421
v 2.371380 -0.157000 2.177547
v 2.356742 -0.157000 2.196421
v 2.356742 -0.039251 2.196421
v 2.356742 -0.157000 2.196421
v 2.339959 -0.039251 2.213367
v 2.339959 -0.039251 2.213367
v 2.356742 -0.157000 2.196421
v 2.339959 -0.157000 2.213367
v 2.339959 -0.039251 2.213367
v 2.339959 -0.157000 2.213367
v 2.321276 -0.039251 2.228177
v 2.321276 -0.039251 2.228177
v 2.339959 -0.157000 2.213367
v 2.321276 -0.157000 2.228177
v 2.321276 -0.039251 2.228177
v 2.321276 -0.157000 2.228177
v 2.300957 -0.039251 2.240566
v 2.300957 -0.039251 2.240566
v 2.321276 -0.157000 2.228177
v 2.300957 -0.157000 2.240566
v 2.300957 -0.039251 2.240566
v 2.300957 -0.157000 2.240566
v 2.279311 -0.039251 2.250416
v 2.279311 -0.039251 2.250416
v 2.300957 -0.157000 2.240566
v 2.279311 -0.157000 2.250416
v 2.279311 -0.039251 2.250416
v 2.279311 -0.157000 2.250416
v 2.256652 -0.039251 2.257519
v 2.256652 -0.039251 2.257519
v 2.279311 -0.157000 2.250416
v 2.256652 -0.157000 2.257519
v 2.256652 -0.039251 2.257519
v 2.256652 -0.157000 2.257519
v 2.233309 -0.039251 2.261853
v 2.233309 -0.039251 2.261853
v 2.256652 -0.157000 2.257519
v 2.233309 -0.157000 2.261853
v 2.233309 -0.039251 2.261853
v 2.233309 -0.157000 2.261853
v 2.209612 -0.039251 2.263321
v 2.209612 -0.039251 2.263321
v 2.233309 -0.157000 2.261853
v 2.209612 -0.157000 2.263321
v 2.209612 -0.039251 2.263321
v 2.209612 -0.157000 2.263321
v 2.185923 -0.039251 2.261853
v 2.185923 -0.039251 2.261853
v 2.209612 -0.157000 2.263321
v 2.185923 -0.157000 2.261853
v 2.185923 -0.039251 2.261853
v 2.185923 -0.157000 2.261853
v 2.162572 -0.039251 2.257519
v 2.162572 -0.039251 2.257519
v 2.185923 -0.157000 2.261853
v 2.162572 -0.157000 2.257519
v 2.162572 -0.039251 2.257519
v 2.162572 -0.157000 2.257519
v 2.139913 -0.039251 2.250416
v 2.139913 -0.039251 2.250416
v 2.162572 -0.157000 2.257519
v 2.139913 -0.157000 2.250416
v 2.139913 -0.039251 2.250416
v 2.139913 -0.157000 2.250416
v 2.118267 -0.039251 2.240566
v 2.118267 -0.039251 2.240566
v 2.139913 -0.157000 2.250416
v 2.118267 -0.157000 2.240566
v 2.118267 -0.039251 2.240566
v 2.118267 -0.157000 2.240566
v 2.097957 -0.039251 2.228177
v 2.097957 -0.039251 2.228177
v 2.118267 -0.157000 2.240566
v 2.097957 -0.157000 2.228177
v 2.097957 -0.039251 2.228177
v 2.097957 -0.157000 2.228177
v 2.079273 -0.039251 2.213367
v 2.079273 -0.039251 2.213367
v 2.097957 -0.157000 2.228177
v 2.079273 -0.157000 2.213367
v 2.079273 -0.039251 2.213367
v 2.079273 -0.157000 2.213367
v 2.062490 -0.039251 2.196421
v 2.062490 -0.039251 2.196421
v 2.079273 -0.157000 2.213367
v 2.062490 -0.157000 2.196421
v 2.062490 -0.039251 2.196421
v 2.062490 -0.157000 2.196421
v 2.047853 -0.039251 2.177547
v 2.047853 -0.039251 2.177547
v 2.062490 -0.157000 2.196421
v 2.047853 -0.157000 2.177547
v 2.047853 -0.039251 2.177547
v 2.047853 -0.157000 2.177547
v 2.035572 -0.039251 2.157022
v 2.035572 -0.039251 2.157022
v 2.047853 -0.157000 2.177547
v 2.035572 -0.157000 2.157022
v 2.035572 -0.039251 2.157022
v 2.035572 -0.157000 2.157022
v 2.025830 -0.039251 2.135164
v 2.025830 -0.039251 2.135164
v 2.035572 -0.157000 2.157022
v 2.025830 -0.157000 2.135164
v 2.025830 -0.039251 2.135164
v 2.025830 -0.157000 2.135164
v 2.018766 -0.039251 2.112266
v 2.018766 -0.039251 2.112266
v 2.025830 -0.157000 2.135164
v 2.018766 -0.157000 2.112266
v 2.018766 -0.039251 2.112266
v 2.018766 -0.157000 2.112266
v 2.014484 -0.039250 2.088685
v 2.014484 -0.039250 2.088685
v 2.018766 -0.157000 2.112266
v 2.014484 -0.157000 2.088685
v 2.014484 -0.039250 2.040818
v 2.404740 -0.039250 2.040818
v 2.013054 -0.039250 2.064748
v 2.013054 -0.039250 2.064748
v 2.404740 -0.039250 2.040818
v 2.406170 -0.039250 2.064748
v 2.013054 -0.039250 2.064748
v 2.406170 -0.039250 2.064748
v 2.014484 -0.039250 2.088685
v 2.014484 -0.039250 2.088685
v 2.406170 -0.039250 2.064748
v 2.404740 -0.039250 2.088685
v 2.014484 -0.039250 2.088685
v 2.404740 -0.039250 2.088685
v 2.018766 -0.039251 2.112266
v 2.018766 -0.039251 2.112266
v 2.404740 -0.039250 2.088685
v 2.400458 -0.039251 2.112266
v 2.018766 -0.039251 2.112266
v 2.400458 -0.039251 2.112266
v 2.025830 -0.039251 2.135164
v 2.025830 -0.039251 2.135164
v 2.400458 -0.039251 2.112266
v 2.393403 -0.039251 2.135164
v 2.025830 -0.039251 2.135164
v 2.393403 -0.039251 2.135164
v 2.035572 -0.039251 2.157022
v 2.035572 -0.039251 2.157022
v 2.393403 -0.039251 2.135164
v 2.383660 -0.039251 2.157022
v 2.035572 -0.039251 2.157022
v 2.383660 -0.039251 2.157022
v 2.047853 -0.039251 2.177547
v 2.047853 -0.039251 2.177547
v 2.383660 -0.039251 2.157022
v 2.371380 -0.039251 2.177547
v 2.047853 -0.039251 2.177547
v 2.371380 -0.039251 2.177547
v 2.062490 -0.039251 2.196421
v 2.062490 -0.039251 2.196421
v 2.371380 -0.039251 2.177547
v 2.356742 -0.039251 2.196421
v 2.062490 -0.039251 2.196421
v 2.356742 -0.039251 2.196421
v 2.079273 -0.039251 2.213367
v 2.079273 -0.039251 2.213367
v 2.356742 -0.039251 2.196421
v 2.339959 -0.039251 2.213367
v 2.079273 -0.039251 2.213367
v 2.339959 -0.039251 2.213367
v 2.097957 -0.039251 2.228177
v 2.097957 -0.039251 2.228177
v 2.339959 -0.039251 2.213367
v 2.321276 -0.039251 2.228177
v 2.097957 -0.039251 2.228177
v 2.321276 -0.039251 2.228177
v 2.118267 -0.039251 2.240566
v 2.118267 -0.039251 2.240566
v 2.321276 -0.039251 2.228177
v 2.300957 -0.039251 2.240566
v 2.118267 -0.039251 2.240566
v 2.300957 -0.039251 2.240566
v 2.139913 -0.039251 2.250416
v 2.139913 -0.039251 2.250416
v 2.300957 -0.039251 2.240566
v 2.279311 -0.039251 2.250416
v 2.139913 -0.039251 2.250416
v 2.279311 -0.039251 2.250416
v 2.162572 -0.039251 2.257519
v 2.162572 -0.039251 2.257519
v 2.279311 -0.039251 2.250416
v 2.256652 -0.039251 2.257519
v 2.162572 -0.039251 2.257519
v 2.256652 -0.039251 2.257519
v 2.185923 -0.039251 2.261853
v 2.185923 -0.039251 2.261853
v 2.256652 -0.039251 2.257519
v 2.233309 -0.039251 2.261853
v 2.185923 -0.039251 2.261853
v 2.233309 -0.039251 2.261853
v 2.209612 -0.039251 2.263321
v 2.404740 -0.039250 2.040818
v 2.014484 -0.039250 2.040818
v 2.400458 -0.039250 2.017229
v 2.400458 -0.039250 2.017229
v 2.014484 -0.039250 2.040818
v 2.018766 -0.039250 2.017229
v 2.400458 -0.039250 2.017229
v 2.018766 -0.039250 2.017229
v 2.393403 -0.039250 1.994339
v 2.393403 -0.039250 1.994339
v 2.018766 -0.039250 2.017229
v 2.025830 -0.039250 1.994339
v 2.393403 -0.039250 1.994339
v 2.025830 -0.039250 1.994339
v 2.383660 -0.039250 1.972473
v 2.383660 -0.039250 1.972473
v 2.025830 -0.039250 1.994339
v 2.035572 -0.039250 1.972473
v 2.383660 -0.039250 1.972473
v 2.035572 -0.039250 1.972473
v 2.371380 -0.039250 1.951956
v 2.371380 -0.039250 1.951956
v 2.035572 -0.039250 1.972473
v 2.047853 -0.039250 1.951956
v 2.371380 -0.039250 1.951956
v 2.047853 -0.039250 1.951956
v 2.356742 -0.039250 1.933082
v 2.356742 -0.039250 1.933082
v 2.047853 -0.039250 1.951956
v 2.062490 -0.039250 1.933082
v 2.356742 -0.039250 1.933082
v 2.062490 -0.039250 1.933082
v 2.339959 -0.039250 1.916129
v 2.339959 -0.039250 1.916129
v 2.062490 -0.039250 1.933082
v 2.079273 -0.039250 1.916129
v 2.339959 -0.039250 1.916129
v 2.079273 -0.039250 1.916129
v 2.321276 -0.039250 1.901343
v 2.321276 -0.039250 1.901343
v 2.079273 -0.039250 1.916129
v 2.097957 -0.039250 1.901343
v 2.321276 -0.039250 1.901343
v 2.097957 -0.039250 1.901343
v 2.300957 -0.039250 1.888937
v 2.300957 -0.039250 1.888937
v 2.097957 -0.039250 1.901343
v 2.118267 -0.039250 1.888937
v 2.300957 -0.039250 1.888937
v 2.118267 -0.039250 1.888937
v 2.279311 -0.039250 1.879095
v 2.279311 -0.039250 1.879095
v 2.118267 -0.039250 1.888937
v 2.139913 -0.039250 1.879095
v 2.279311 -0.039250 1.879095
v 2.139913 -0.039250 1.879095
v 2.256652 -0.039250 1.871960
v 2.256652 -0.039250 1.871960
v 2.139913 -0.039250 1.879095
v 2.162572 -0.039250 1.871960
v 2.256652 -0.039250 1.871960
v 2.162572 -0.039250 1.871960
v 2.233309 -0.039250 1.867643
v 2.233309 -0.039250 1.867643
v 2.162572 -0.039250 1.871960
v 2.185923 -0.039250 1.867643
v 2.233309 -0.039250 1.867643
v 2.185923 -0.039250 1.867643
v 2.209612 -0.039250 1.866190
v -2.467038 -0.039249 -2.041318
v -2.467038 -0.157000 -2.041318
v -2.468468 -0.039249 -2.065248
v -2.468468 -0.039249 -2.065248
v -2.467038 -0.157000 -2.041318
v -2.468468 -0.157000 -2.065248
v -2.468468 -0.039249 -2.065248
v -2.468468 -0.157000 -2.065248
v -2.467038 -0.039249 -2.089185
v -2.467038 -0.039249 -2.089185
v -2.468468 -0.157000 -2.065248
v -2.467038 -0.157000 -2.089185
v -2.467038 -0.039249 -2.089185
v -2.467038 -0.157000 -2.089185
v -2.462756 -0.039249 -2.112766
v -2.462756 -0.039249 -2.112766
v -2.467038 -0.157000 -2.089185
v -2.462756 -0.157000 -2.112766
v -2.462756 -0.039249 -2.112766
v -2.462756 -0.157000 -2.112766
v -2.455701 -0.039249 -2.135656
v -2.455701 -0.039249 -2.135656
v -2.462756 -0.157000 -2.112766
v -2.455701 -0.157000 -2.135656
v -2.455701 -0.039249 -2.135656
v -2.455701 -0.157000 -2.135656
v -2.445958 -0.039249 -2.157522
v -2.445958 -0.039249 -2.157522
v -2.455701 -0.157000 -2.135656
v -2.445958 -0.157000 -2.157522
v -2.445958 -0.039249 -2.157522
v -2.445958 -0.157000 -2.157522
v -2.433678 -0.039249 -2.178047
v -2.433678 -0.039249 -2.178047
v -2.445958 -0.157000 -2.157522
v -2.433678 -0.157000 -2.178047
v -2.433678 -0.039249 -2.178047
v -2.433678 -0.157000 -2.178047
v -2.419040 -0.039249 -2.196921
v -2.419040 -0.039249 -2.196921
v -2.433678 -0.157000 -2.178047
v -2.419040 -0.157000 -2.196921
v -2.419040 -0.039249 -2.196921
v -2.419040 -0.157000 -2.196921
v -2.402250 -0.039249 -2.213874
v -2.402250 -0.039249 -2.213874
v -2.419040 -0.157000 -2.196921
v -2.402250 -0.157000 -2.213874
v -2.402250 -0.039249 -2.213874
v -2.402250 -0.157000 -2.213874
v -2.383566 -0.039249 -2.228661
v -2.383566 -0.039249 -2.228661
v -2.402250 -0.157000 -2.213874
v -2.383566 -0.157000 -2.228661
v -2.383566 -0.039249 -2.228661
v -2.383566 -0.157000 -2.228661
v -2.363256 -0.039249 -2.241066
v -2.363256 -0.039249 -2.241066
v -2.383566 -0.157000 -2.228661
v -2.363256 -0.156999 -2.241066
v -2.363256 -0.039249 -2.241066
v -2.363256 -0.156999 -2.241066
v -2.341609 -0.039249 -2.250900
v -2.341609 -0.039249 -2.250900
v -2.363256 -0.156999 -2.241066
v -2.341609 -0.156999 -2.250900
v -2.341609 -0.039249 -2.250900
v -2.341609 -0.156999 -2.250900
v -2.318950 -0.039249 -2.258043
v -2.318950 -0.039249 -2.258043
v -2.341609 -0.156999 -2.250900
v -2.318950 -0.156999 -2.258043
v -2.318950 -0.039249 -2.258043
v -2.318950 -0.156999 -2.258043
v -2.295607 -0.039249 -2.262361
v -2.295607 -0.039249 -2.262361
v -2.318950 -0.156999 -2.258043
v -2.295607 -0.156999 -2.262361
v -2.295607 -0.039249 -2.262361
v -2.295607 -0.156999 -2.262361
v -2.271910 -0.039249 -2.263806
v -2.271910 -0.039249 -2.263806
v -2.295607 -0.156999 -2.262361
v -2.271910 -0.156999 -2.263806
v -2.271910 -0.039249 -2.263806
v -2.271910 -0.156999 -2.263806
v -2.248221 -0.039249 -2.262361
v -2.248221 -0.039249 -2.262361
v -2.271910 -0.156999 -2.263806
v -2.248221 -0.156999 -2.262361
v -2.248221 -0.039249 -2.262361
v -2.248221 -0.156999 -2.262361
v -2.224870 -0.039249 -2.258043
v -2.224870 -0.039249 -2.258043
v -2.248221 -0.156999 -2.262361
v -2.224870 -0.156999 -2.258043
v -2.224870 -0.039249 -2.258043
v -2.224870 -0.156999 -2.258043
v -2.202211 -0.039249 -2.250900
v -2.202211 -0.039249 -2.250900
v -2.224870 -0.156999 -2.258043
v -2.202211 -0.156999 -2.250900
v -2.202211 -0.039249 -2.250900
v -2.202211 -0.156999 -2.250900
v -2.180565 -0.039249 -2.241066
v -2.180565 -0.039249 -2.241066
v -2.202211 -0.156999 -2.250900
v -2.180565 -0.156999 -2.241066
v -2.180565 -0.039249 -2.241066
v -2.180565 -0.156999 -2.241066
v -2.160254 -0.039249 -2.228661
v -2.160254 -0.039249 -2.228661
v -2.180565 -0.156999 -2.241066
v -2.160254 -0.157000 -2.228661
v -2.160254 -0.039249 -2.228661
v -2.160254 -0.157000 -2.228661
v -2.141571 -0.039249 -2.213874
v -2.141571 -0.039249 -2.213874
v -2.160254 -0.157000 -2.228661
v -2.141571 -0.157000 -2.213874
v -2.141571 -0.039249 -2.213874
v -2.141571 -0.157000 -2.213874
v -2.124788 -0.039249 -2.196921
v -2.124788 -0.039249 -2.196921
v -2.141571 -0.157000 -2.213874
v -2.124788 -0.157000 -2.196921
v -2.124788 -0.039249 -2.196921
v -2.124788 -0.157000 -2.196921
v -2.110151 -0.039249 -2.178047
v -2.110151 -0.039249 -2.178047
v -2.124788 -0.157000 -2.196921
v -2.110151 -0.157000 -2.178047
v -2.110151 -0.039249 -2.178047
v -2.110151 -0.157000 -2.178047
v -2.097870 -0.039249 -2.157522
v -2.097870 -0.039249 -2.157522
v -2.110151 -0.157000 -2.178047
v -2.097870 -0.157000 -2.157522
v -2.097870 -0.039249 -2.157522
v -2.097870 -0.157000 -2.157522
v -2.088127 -0.039249 -2.135656
v -2.088127 -0.039249 -2.135656
v -2.097870 -0.157000 -2.157522
v -2.088127 -0.157000 -2.135656
v -2.088127 -0.039249 -2.135656
v -2.088127 -0.157000 -2.135656
v -2.081064 -0.039249 -2.112766
v -2.081064 -0.039249 -2.112766
v -2.088127 -0.157000 -2.135656
v -2.081064 -0.157000 -2.112766
v -2.081064 -0.039249 -2.112766
v -2.081064 -0.157000 -2.112766
v -2.076790 -0.039249 -2.089185
v -2.076790 -0.039249 -2.089185
v -2.081064 -0.157000 -2.112766
v -2.076790 -0.157000 -2.089185
v -2.076790 -0.039249 -2.089185
v -2.076790 -0.157000 -2.089185
v -2.075352 -0.039249 -2.065248
v -2.075352 -0.039249 -2.065248
v -2.076790 -0.157000 -2.089185
v -2.075352 -0.157000 -2.065248
v -2.075352 -0.039249 -2.065248
v -2.075352 -0.157000 -2.065248
v -2.076790 -0.039249 -2.041318
v -2.076790 -0.039249 -2.041318
v -2.075352 -0.157000 -2.065248
v -2.076790 -0.157000 -2.041318
v -2.076790 -0.039249 -2.041318
v -2.076790 -0.157000 -2.041318
v -2.081064 -0.039249 -2.017730
v -2.081064 -0.039249 -2.017730
v -2.076790 -0.157000 -2.041318
v -2.081064 -0.157000 -2.017730
v -2.081064 -0.039249 -2.017730
v -2.081064 -0.157000 -2.017730
v -2.088127 -0.039249 -1.994839
v -2.088127 -0.039249 -1.994839
v -2.081064 -0.157000 -2.017730
v -2.088127 -0.157000 -1.994839
v -2.088127 -0.039249 -1.994839
v -2.088127 -0.157000 -1.994839
v -2.097870 -0.039249 -1.972973
v -2.097870 -0.039249 -1.972973
v -2.088127 -0.157000 -1.994839
v -2.097870 -0.157000 -1.972973
v -2.097870 -0.039249 -1.972973
v -2.097870 -0.157000 -1.972973
v -2.110151 -0.039249 -1.952456
v -2.110151 -0.039249 -1.952456
v -2.097870 -0.157000 -1.972973
v -2.110151 -0.157000 -1.952456
v -2.110151 -0.039249 -1.952456
v -2.110151 -0.157000 -1.952456
v -2.124788 -0.039249 -1.933582
v -2.124788 -0.039249 -1.933582
v -2.110151 -0.157000 -1.952456
v -2.124788 -0.157000 -1.933582
v -2.124788 -0.039249 -1.933582
v -2.124788 -0.157000 -1.933582
v -2.141571 -0.039249 -1.916629
v -2.141571 -0.039249 -1.916629
v -2.124788 -0.157000 -1.933582
v -2.141571 -0.157000 -1.916629
v -2.141571 -0.039249 -1.916629
v -2.141571 -0.157000 -1.916629
v -2.160254 -0.039249 -1.901843
v -2.160254 -0.039249 -1.901843
v -2.141571 -0.157000 -1.916629
v -2.160254 -0.157000 -1.901843
v -2.160254 -0.039249 -1.901843
v -2.160254 -0.157000 -1.901843
v -2.180565 -0.039249 -1.889437
v -2.180565 -0.039249 -1.889437
v -2.160254 -0.157000 -1.901843
v -2.180565 -0.157000 -1.889437
v -2.180565 -0.039249 -1.889437
v -2.180565 -0.157000 -1.889437
v -2.202211 -0.039249 -1.879596
v -2.202211 -0.039249 -1.879596
v -2.180565 -0.157000 -1.889437
v -2.202211 -0.157000 -1.879596
v -2.202211 -0.039249 -1.879596
v -2.202211 -0.157000 -1.879596
v -2.224870 -0.039249 -1.872460
v -2.224870 -0.039249 -1.872460
v -2.202211 -0.157000 -1.879596
v -2.224870 -0.157000 -1.872460
v -2.224870 -0.039249 -1.872460
v -2.224870 -0.157000 -1.872460
v -2.248221 -0.039249 -1.868142
v -2.248221 -0.039249 -1.868142
v -2.224870 -0.157000 -1.872460
v -2.248221 -0.157000 -1.868142
v -2.248221 -0.039249 -1.868142
v -2.248221 -0.157000 -1.868142
v -2.271910 -0.039249 -1.866690
v -2.271910 -0.039249 -1.866690
v -2.248221 -0.157000 -1.868142
v -2.271910 -0.157000 -1.866690
v -2.271910 -0.039249 -1.866690
v -2.271910 -0.157000 -1.866690
v -2.295607 -0.039249 -1.868142
v -2.295607 -0.039249 -1.868142
v -2.271910 -0.157000 -1.866690
v -2.295607 -0.157000 -1.868142
v -2.295607 -0.039249 -1.868142
v -2.295607 -0.157000 -1.868142
v -2.318950 -0.039249 -1.872460
v -2.318950 -0.039249 -1.872460
v -2.295607 -0.157000 -1.868142
v -2.318950 -0.157000 -1.872460
v -2.318950 -0.039249 -1.872460
v -2.318950 -0.157000 -1.872460
v -2.341609 -0.039249 -1.879596
v -2.341609 -0.039249 -1.879596
v -2.318950 -0.157000 -1.872460
v -2.341609 -0.157000 -1.879596
v -2.341609 -0.039249 -1.879596
v -2.341609 -0.157000 -1.879596
v -2.363256 -0.039249 -1.889437
v -2.363256 -0.039249 -1.889437
v -2.341609 -0.157000 -1.879596
v -2.363256 -0.157000 -1.889437
v -2.363256 -0.039249 -1.889437
v -2.363256 -0.157000 -1.889437
v -2.383566 -0.039249 -1.901843
v -2.383566 -0.039249 -1.901843
v -2.363256 -0.157000 -1.889437
v -2.383566 -0.157000 -1.901843
v -2.383566 -0.039249 -1.901843
v -2.383566 -0.157000 -1.901843
v -2.402250 -0.039249 -1.916629
v -2.402250 -0.039249 -1.916629
v -2.383566 -0.157000 -1.901843
v -2.402250 -0.157000 -1.916629
v -2.402250 -0.039249 -1.916629
v -2.402250 -0.157000 -1.916629
v -2.419040 -0.039249 -1.933582
v -2.419040 -0.039249 -1.933582
v -2.402250 -0.157000 -1.916629
v -2.419040 -0.157000 -1.933582
v -2.419040 -0.039249 -1.933582
v -2.419040 -0.157000 -1.933582
v -2.433678 -0.039249 -1.952456
v -2.433678 -0.039249 -1.952456
v -2.419040 -0.157000 -1.933582
v -2.433678 -0.157000 -1.952456
v -2.433678 -0.039249 -1.952456
v -2.433678 -0.157000 -1.952456
v -2.445958 -0.039249 -1.972973
v -2.445958 -0.039249 -1.972973
v -2.433678 -0.157000 -1.952456
v -2.445958 -0.157000 -1.972973
v -2.445958 -0.039249 -1.972973
v -2.445958 -0.157000 -1.972973
v -2.455701 -0.039249 -1.994839
v -2.455701 -0.039249 -1.994839
v -2.445958 -0.157000 -1.972973
v -2.455701 -0.157000 -1.994839
v -2.455701 -0.039249 -1.994839
v -2.455701 -0.157000 -1.994839
v -2.462756 -0.039249 -2.017730
v -2.462756 -0.039249 -2.017730
v -2.455701 -0.157000 -1.994839
v -2.462756 -0.157000 -2.017730
v -2.462756 -0.039249 -2.017730
v -2.462756 -0.157000 -2.017730
v -2.467038 -0.039249 -2.041318
v -2.467038 -0.039249 -2.041318
v -2.462756 -0.157000 -2.017730
v -2.467038 -0.157000 -2.041318
v -2.467038 -0.039249 -2.089185
v -2.076790 -0.039249 -2.089185
v -2.468468 -0.039249 -2.065248
v -2.468468 -0.039249 -2.065248
v -2.076790 -0.039249 -2.089185
v -2.075352 -0.039249 -2.065248
v -2.468468 -0.039249 -2.065248
v -2.075352 -0.039249 -2.065248
v -2.467038 -0.039249 -2.041318
v -2.467038 -0.039249 -2.041318
v -2.075352 -0.039249 -2.065248
v -2.076790 -0.039249 -2.041318
v -2.467038 -0.039249 -2.041318
v -2.076790 -0.039249 -2.041318
v -2.462756 -0.039249 -2.017730
v -2.462756 -0.039249 -2.017730
v -2.076790 -0.039249 -2.041318
v -2.081064 -0.039249 -2.017730
v -2.462756 -0.039249 -2.017730
v -2.081064 -0.039249 -2.017730
v -2.455701 -0.039249 -1.994839
v -2.455701 -0.039249 -1.994839
v -2.081064 -0.039249 -2.017730
v -2.088127 -0.039249 -1.994839
v -2.455701 -0.039249 -1.994839
v -2.088127 -0.039249 -1.994839
v -2.445958 -0.039249 -1.972973
v -2.445958 -0.039249 -1.972973
v -2.088127 -0.039249 -1.994839
v -2.097870 -0.039249 -1.972973
v -2.445958 -0.039249 -1.972973
v -2.097870 -0.039249 -1.972973
v -2.433678 -0.039249 -1.952456
v -2.433678 -0.039249 -1.952456
v -2.097870 -0.039249 -1.972973
v -2.110151 -0.039249 -1.952456
v -2.433678 -0.039249 -1.952456
v -2.110151 -0.039249 -1.952456
v -2.419040 -0.039249 -1.933582
v -2.419040 -0.039249 -1.933582
v -2.110151 -0.039249 -1.952456
v -2.124788 -0.039249 -1.933582
v -2.419040 -0.039249 -1.933582
v -2.124788 -0.039249 -1.933582
v -2.402250 -0.039249 -1.916629
v -2.402250 -0.039249 -1.916629
v -2.124788 -0.039249 -1.933582
v -2.141571 -0.039249 -1.916629
v -2.402250 -0.039249 -1.916629
v -2.141571 -0.039249 -1.916629
v -2.383566 -0.039249 -1.901843
v -2.383566 -0.039249 -1.901843
v -2.141571 -0.039249 -1.916629
v -2.160254 -0.039249 -1.901843
v -2.383566 -0.039249 -1.901843
v -2.160254 -0.039249 -1.901843
v -2.363256 -0.039249 -1.889437
v -2.363256 -0.039249 -1.889437
v -2.160254 -0.039249 -1.901843
v -2.180565 -0.039249 -1.889437
v -2.363256 -0.039249 -1.889437
v -2.180565 -0.039249 -1.889437
v -2.341609 -0.039249 -1.879596
v -2.341609 -0.039249 -1.879596
v -2.180565 -0.039249 -1.889437
v -2.202211 -0.039249 -1.879596
v -2.341609 -0.039249 -1.879596
v -2.202211 -0.039249 -1.879596
v -2.318950 -0.039249 -1.872460
v -2.318950 -0.039249 -1.872460
v -2.202211 -0.039249 -1.879596
v -2.224870 -0.039249 -1.872460
v -2.318950 -0.039249 -1.872460
v -2.224870 -0.039249 -1.872460
v -2.295607 -0.039249 -1.868142
v -2.295607 -0.039249 -1.868142
v -2.224870 -0.039249 -1.872460
v -2.248221 -0.039249 -1.868142
v -2.295607 -0.039249 -1.868142
v -2.248221 -0.039249 -1.868142
v -2.271910 -0.039249 -1.866690
v -2.076790 -0.039249 -2.089185
v -2.467038 -0.039249 -2.089185
v -2.081064 -0.039249 -2.112766
v -2.081064 -0.039249 -2.112766
v -2.467038 -0.039249 -2.089185
v -2.462756 -0.039249 -2.112766
v -2.081064 -0.039249 -2.112766
v -2.462756 -0.039249 -2.112766
v -2.088127 -0.039249 -2.135656
v -2.088127 -0.039249 -2.135656
v -2.462756 -0.039249 -2.112766
v -2.455701 -0.039249 -2.135656
v -2.088127 -0.039249 -2.135656
v -2.455701 -0.039249 -2.135656
v -2.097870 -0.039249 -2.157522
v -2.097870 -0.039249 -2.157522
v -2.455701 -0.039249 -2.135656
v -2.445958 -0.039249 -2.157522
v -2.097870 -0.039249 -2.157522
v -2.445958 -0.039249 -2.157522
v -2.110151 -0.039249 -2.178047
v -2.110151 -0.039249 -2.178047
v -2.445958 -0.039249 -2.157522
v -2.433678 -0.039249 -2.178047
v -2.110151 -0.039249 -2.178047
v -2.433678 -0.039249 -2.178047
v -2.124788 -0.039249 -2.196921
v -2.124788 -0.039249 -2.196921
v -2.433678 -0.039249 -2.178047
v -2.419040 -0.039249 -2.196921
v -2.124788 -0.039249 -2.196921
v -2.419040 -0.039249 -2.196921
v -2.141571 -0.039249 -2.213874
v -2.141571 -0.039249 -2.213874
v -2.419040 -0.039249 -2.196921
v -2.402250 -0.039249 -2.213874
v -2.141571 -0.039249 -2.213874
v -2.402250 -0.039249 -2.213874
v -2.160254 -0.039249 -2.228661
v -2.160254 -0.039249 -2.228661
v -2.402250 -0.039249 -2.213874
v -2.383566 -0.039249 -2.228661
v -2.160254 -0.039249 -2.228661
v -2.383566 -0.039249 -2.228661
v -2.180565 -0.039249 -2.241066
v -2.180565 -0.039249 -2.241066
v -2.383566 -0.039249 -2.228661
v -2.363256 -0.039249 -2.241066
v -2.180565 -0.039249 -2.241066
v -2.363256 -0.039249 -2.241066
v -2.202211 -0.039249 -2.250900
v -2.202211 -0.039249 -2.250900
v -2.363256 -0.039249 -2.241066
v -2.341609 -0.039249 -2.250900
v -2.202211 -0.039249 -2.250900
v -2.341609 -0.039249 -2.250900
v -2.224870 -0.039249 -2.258043
v -2.224870 -0.039249 -2.258043
v -2.341609 -0.039249 -2.250900
v -2.318950 -0.039249 -2.258043
v -2.224870 -0.039249 -2.258043
v -2.318950 -0.039249 -2.258043
v -2.248221 -0.039249 -2.262361
v -2.248221 -0.039249 -2.262361
v -2.318950 -0.039249 -2.258043
v -2.295607 -0.039249 -2.262361
v -2.248221 -0.039249 -2.262361
v -2.295607 -0.039249 -2.262361
v -2.271910 -0.039249 -2.263806
v -0.226276 -0.039249 -2.041318
v -0.226276 -0.157000 -2.041318
v -0.227706 -0.039249 -2.065248
v -0.227706 -0.039249 -2.065248
v -0.226276 -0.157000 -2.041318
v -0.227706 -0.157000 -2.065248
v -0.227706 -0.039249 -2.065248
v -0.227706 -0.157000 -2.065248
v -0.226276 -0.039249 -2.089185
v -0.226276 -0.039249 -2.089185
v -0.227706 -0.157000 -2.065248
v -0.226276 -0.157000 -2.089185
v -0.226276 -0.039249 -2.089185
v -0.226276 -0.157000 -2.089185
v -0.221994 -0.039249 -2.112766
v -0.221994 -0.039249 -2.112766
v -0.226276 -0.157000 -2.089185
v -0.221994 -0.157000 -2.112766
v -0.221994 -0.039249 -2.112766
v -0.221994 -0.157000 -2.112766
v -0.214934 -0.039249 -2.135656
v -0.214934 -0.039249 -2.135656
v -0.221994 -0.157000 -2.112766
v -0.214934 -0.157000 -2.135656
v -0.214934 -0.039249 -2.135656
v -0.214934 -0.157000 -2.135656
v -0.205193 -0.039249 -2.157522
v -0.205193 -0.039249 -2.157522
v -0.214934 -0.157000 -2.135656
v -0.205193 -0.157000 -2.157522
v -0.205193 -0.039249 -2.157522
v -0.205193 -0.157000 -2.157522
v -0.192912 -0.039249 -2.178047
v -0.192912 -0.039249 -2.178047
v -0.205193 -0.157000 -2.157522
v -0.192912 -0.157000 -2.178047
v -0.192912 -0.039249 -2.178047
v -0.192912 -0.157000 -2.178047
v -0.178277 -0.039249 -2.196921
v -0.178277 -0.039249 -2.196921
v -0.192912 -0.157000 -2.178047
v -0.178277 -0.157000 -2.196921
v -0.178277 -0.039249 -2.196921
v -0.178277 -0.157000 -2.196921
v -0.161490 -0.039249 -2.213874
v -0.161490 -0.039249 -2.213874
v -0.178277 -0.157000 -2.196921
v -0.161490 -0.157000 -2.213874
v -0.161490 -0.039249 -2.213874
v -0.161490 -0.157000 -2.213874
v -0.142805 -0.039249 -2.228661
v -0.142805 -0.039249 -2.228661
v -0.161490 -0.157000 -2.213874
v -0.142805 -0.157000 -2.228661
v -0.142805 -0.039249 -2.228661
v -0.142805 -0.157000 -2.228661
v -0.122493 -0.039249 -2.241066
v -0.122493 -0.039249 -2.241066
v -0.142805 -0.157000 -2.228661
v -0.122493 -0.156999 -2.241066
v -0.122493 -0.039249 -2.241066
v -0.122493 -0.156999 -2.241066
v -0.100848 -0.039249 -2.250900
v -0.100848 -0.039249 -2.250900
v -0.122493 -0.156999 -2.241066
v -0.100848 -0.156999 -2.250900
v -0.100848 -0.039249 -2.250900
v -0.100848 -0.156999 -2.250900
v -0.078189 -0.039249 -2.258043
v -0.078189 -0.039249 -2.258043
v -0.100848 -0.156999 -2.250900
v -0.078189 -0.156999 -2.258043
v -0.078189 -0.039249 -2.258043
v -0.078189 -0.156999 -2.258043
v -0.054842 -0.039249 -2.262361
v -0.054842 -0.039249 -2.262361
v -0.078189 -0.156999 -2.258043
v -0.054842 -0.156999 -2.262361
v -0.054842 -0.039249 -2.262361
v -0.054842 -0.156999 -2.262361
v -0.031149 -0.039249 -2.263806
v -0.031149 -0.039249 -2.263806
v -0.054842 -0.156999 -2.262361
v -0.031149 -0.156999 -2.263806
v -0.031149 -0.039249 -2.263806
v -0.031149 -0.156999 -2.263806
v -0.007455 -0.039249 -2.262361
v -0.007455 -0.039249 -2.262361
v -0.031149 -0.156999 -2.263806
v -0.007455 -0.156999 -2.262361
v -0.007455 -0.039249 -2.262361
v -0.007455 -0.156999 -2.262361
v 0.015892 -0.039249 -2.258043
v 0.015892 -0.039249 -2.258043
v -0.007455 -0.156999 -2.262361
v 0.015892 -0.156999 -2.258043
v 0.015892 -0.039249 -2.258043
v 0.015892 -0.156999 -2.258043
v 0.038551 -0.039249 -2.250900
v 0.038551 -0.039249 -2.250900
v 0.015892 -0.156999 -2.258043
v 0.038551 -0.156999 -2.250900
v 0.038551 -0.039249 -2.250900
v 0.038551 -0.156999 -2.250900
v 0.060196 -0.039249 -2.241066
v 0.060196 -0.039249 -2.241066
v 0.038551 -0.156999 -2.250900
v 0.060196 -0.156999 -2.241066
v 0.060196 -0.039249 -2.241066
v 0.060196 -0.156999 -2.241066
v 0.080508 -0.039249 -2.228661
v 0.080508 -0.039249 -2.228661
v 0.060196 -0.156999 -2.241066
v 0.080508 -0.157000 -2.228661
v 0.080508 -0.039249 -2.228661
v 0.080508 -0.157000 -2.228661
v 0.099193 -0.039249 -2.213874
v 0.099193 -0.039249 -2.213874
v 0.080508 -0.157000 -2.228661
v 0.099193 -0.157000 -2.213874
v 0.099193 -0.039249 -2.213874
v 0.099193 -0.157000 -2.213874
v 0.115975 -0.039249 -2.196921
v 0.115975 -0.039249 -2.196921
v 0.099193 -0.157000 -2.213874
v 0.115975 -0.157000 -2.196921
v 0.115975 -0.039249 -2.196921
v 0.115975 -0.157000 -2.196921
v 0.130615 -0.039249 -2.178047
v 0.130615 -0.039249 -2.178047
v 0.115975 -0.157000 -2.196921
v 0.130615 -0.157000 -2.178047
v 0.130615 -0.039249 -2.178047
v 0.130615 -0.157000 -2.178047
v 0.142896 -0.039249 -2.157522
v 0.142896 -0.039249 -2.157522
v 0.130615 -0.157000 -2.178047
v 0.142896 -0.157000 -2.157522
v 0.142896 -0.039249 -2.157522
v 0.142896 -0.157000 -2.157522
v 0.152638 -0.039249 -2.135656
v 0.152638 -0.039249 -2.135656
v 0.142896 -0.157000 -2.157522
v 0.152638 -0.157000 -2.135656
v 0.152638 -0.039249 -2.135656
v 0.152638 -0.157000 -2.135656
v 0.159698 -0.039249 -2.112766
v 0.159698 -0.039249 -2.112766
v 0.152638 -0.157000 -2.135656
v 0.159698 -0.157000 -2.112766
v 0.159698 -0.039249 -2.112766
v 0.159698 -0.157000 -2.112766
v 0.163974 -0.039249 -2.089185
v 0.163974 -0.039249 -2.089185
v 0.159698 -0.157000 -2.112766
v 0.163974 -0.157000 -2.089185
v 0.163974 -0.039249 -2.089185
v 0.163974 -0.157000 -2.089185
v 0.165410 -0.039249 -2.065248
v 0.165410 -0.039249 -2.065248
v 0.163974 -0.157000 -2.089185
v 0.165410 -0.157000 -2.065248
v 0.165410 -0.039249 -2.065248
v 0.165410 -0.157000 -2.065248
v 0.163974 -0.039249 -2.041318
v 0.163974 -0.039249 -2.041318
v 0.165410 -0.157000 -2.065248
v 0.163974 -0.157000 -2.041318
v 0.163974 -0.039249 -2.041318
v 0.163974 -0.157000 -2.041318
v 0.159698 -0.039249 -2.017730
v 0.159698 -0.039249 -2.017730
v 0.163974 -0.157000 -2.041318
v 0.159698 -0.157000 -2.017730
v 0.159698 -0.039249 -2.017730
v 0.159698 -0.157000 -2.017730
v 0.152638 -0.039249 -1.994839
v 0.152638 -0.039249 -1.994839
v 0.159698 -0.157000 -2.017730
v 0.152638 -0.157000 -1.994839
v 0.152638 -0.039249 -1.994839
v 0.152638 -0.157000 -1.994839
v 0.142896 -0.039249 -1.972973
v 0.142896 -0.039249 -1.972973
v 0.152638 -0.157000 -1.994839
v 0.142896 -0.157000 -1.972973
v 0.142896 -0.039249 -1.972973
v 0.142896 -0.157000 -1.972973
v 0.130615 -0.039249 -1.952456
v 0.130615 -0.039249 -1.952456
v 0.142896 -0.157000 -1.972973
v 0.130615 -0.157000 -1.952456
v 0.130615 -0.039249 -1.952456
v 0.130615 -0.157000 -1.952456
v 0.115975 -0.039249 -1.933582
v 0.115975 -0.039249 -1.933582
v 0.130615 -0.157000 -1.952456
v 0.115975 -0.157000 -1.933582
v 0.115975 -0.039249 -1.933582
v 0.115975 -0.157000 -1.933582
v 0.099193 -0.039249 -1.916629
v 0.099193 -0.039249 -1.916629
v 0.115975 -0.157000 -1.933582
v 0.099193 -0.157000 -1.916629
v 0.099193 -0.039249 -1.916629
v 0.099193 -0.157000 -1.916629
v 0.080508 -0.039249 -1.901843
v 0.080508 -0.039249 -1.901843
v 0.099193 -0.157000 -1.916629
v 0.080508 -0.157000 -1.901843
v 0.080508 -0.039249 -1.901843
v 0.080508 -0.157000 -1.901843
v 0.060196 -0.039249 -1.889437
v 0.060196 -0.039249 -1.889437
v 0.080508 -0.157000 -1.901843
v 0.060196 -0.157000 -1.889437
v 0.060196 -0.039249 -1.889437
v 0.060196 -0.157000 -1.889437
v 0.038551 -0.039249 -1.879596
v 0.038551 -0.039249 -1.879596
v 0.060196 -0.157000 -1.889437
v 0.038551 -0.157000 -1.879596
v 0.038551 -0.039249 -1.879596
v 0.038551 -0.157000 -1.879596
v 0.015892 -0.039249 -1.872460
v 0.015892 -0.039249 -1.872460
v 0.038551 -0.157000 -1.879596
v 0.015892 -0.157000 -1.872460
v 0.015892 -0.039249 -1.872460
v 0.015892 -0.157000 -1.872460
v -0.007455 -0.039249 -1.868142
v -0.007455 -0.039249 -1.868142
v 0.015892 -0.157000 -1.872460
v -0.007455 -0.157000 -1.868142
v -0.007455 -0.039249 -1.868142
v -0.007455 -0.157000 -1.868142
v -0.031149 -0.039249 -1.866690
v -0.031149 -0.039249 -1.866690
v -0.007455 -0.157000 -1.868142
v -0.031149 -0.157000 -1.866690
v -0.031149 -0.039249 -1.866690
v -0.031149 -0.157000 -1.866690
v -0.054842 -0.039249 -1.868142
v -0.054842 -0.039249 -1.868142
v -0.031149 -0.157000 -1.866690
v -0.054842 -0.157000 -1.868142
v -0.054842 -0.039249 -1.868142
v -0.054842 -0.157000 -1.868142
v -0.078189 -0.039249 -1.872460
v -0.078189 -0.039249 -1.872460
v -0.054842 -0.157000 -1.868142
v -0.078189 -0.157000 -1.872460
v -0.078189 -0.039249 -1.872460
v -0.078189 -0.157000 -1.872460
v -0.100848 -0.039249 -1.879596
v -0.100848 -0.039249 -1.879596
v -0.078189 -0.157000 -1.872460
v -0.100848 -0.157000 -1.879596
v -0.100848 -0.039249 -1.879596
v -0.100848 -0.157000 -1.879596
v -0.122493 -0.039249 -1.889437
v -0.122493 -0.039249 -1.889437
v -0.100848 -0.157000 -1.879596
v -0.122493 -0.157000 -1.889437
v -0.122493 -0.039249 -1.889437
v -0.122493 -0.157000 -1.889437
v -0.142805 -0.039249 -1.901843
v -0.142805 -0.039249 -1.901843
v -0.122493 -0.157000 -1.889437
v -0.142805 -0.157000 -1.901843
v -0.142805 -0.039249 -1.901843
v -0.142805 -0.157000 -1.901843
v -0.161490 -0.039249 -1.916629
v -0.161490 -0.039249 -1.916629
v -0.142805 -0.157000 -1.901843
v -0.161490 -0.157000 -1.916629
v -0.161490 -0.039249 -1.916629
v -0.161490 -0.157000 -1.916629
v -0.178277 -0.039249 -1.933582
v -0.178277 -0.039249 -1.933582
v -0.161490 -0.157000 -1.916629
v -0.178277 -0.157000 -1.933582
v -0.178277 -0.039249 -1.933582
v -0.178277 -0.157000 -1.933582
v -0.192912 -0.039249 -1.952456
v -0.192912 -0.039249 -1.952456
v -0.178277 -0.157000 -1.933582
v -0.192912 -0.157000 -1.952456
v -0.192912 -0.039249 -1.952456
v -0.192912 -0.157000 -1.952456
v -0.205193 -0.039249 -1.972973
v -0.205193 -0.039249 -1.972973
v -0.192912 -0.157000 -1.952456
v -0.205193 -0.157000 -1.972973
v -0.205193 -0.039249 -1.972973
v -0.205193 -0.157000 -1.972973
v -0.214934 -0.039249 -1.994839
v -0.214934 -0.039249 -1.994839
v -0.205193 -0.157000 -1.972973
v -0.214934 -0.157000 -1.994839
v -0.214934 -0.039249 -1.994839
v -0.214934 -0.157000 -1.994839
v -0.221994 -0.039249 -2.017730
v -0.221994 -0.039249 -2.017730
v -0.214934 -0.157000 -1.994839
v -0.221994 -0.157000 -2.017730
v -0.221994 -0.039249 -2.017730
v -0.221994 -0.157000 -2.017730
v -0.226276 -0.039249 -2.041318
v -0.226276 -0.039249 -2.041318
v -0.221994 -0.157000 -2.017730
v -0.226276 -0.157000 -2.041318
v -0.226276 -0.039249 -2.089185
v 0.163974 -0.039249 -2.089185
v -0.227706 -0.039249 -2.065248
v -0.227706 -0.039249 -2.065248
v 0.163974 -0.039249 -2.089185
v 0.165410 -0.039249 -2.065248
v -0.227706 -0.039249 -2.065248
v 0.165410 -0.039249 -2.065248
v -0.226276 -0.039249 -2.041318
v -0.226276 -0.039249 -2.041318
v 0.165410 -0.039249 -2.065248
v 0.163974 -0.039249 -2.041318
v -0.226276 -0.039249 -2.041318
v 0.163974 -0.039249 -2.041318
v -0.221994 -0.039249 -2.017730
v -0.221994 -0.039249 -2.017730
v 0.163974 -0.039249 -2.041318
v 0.159698 -0.039249 -2.017730
v -0.221994 -0.039249 -2.017730
v 0.159698 -0.039249 -2.017730
v -0.214934 -0.039249 -1.994839
v -0.214934 -0.039249 -1.994839
v 0.159698 -0.039249 -2.017730
v 0.152638 -0.039249 -1.994839
v -0.214934 -0.039249 -1.994839
v 0.152638 -0.039249 -1.994839
v -0.205193 -0.039249 -1.972973
v -0.205193 -0.039249 -1.972973
v 0.152638 -0.039249 -1.994839
v 0.142896 -0.039249 -1.972973
v -0.205193 -0.039249 -1.972973
v 0.142896 -0.039249 -1.972973
v -0.192912 -0.039249 -1.952456
v -0.192912 -0.039249 -1.952456
v 0.142896 -0.039249 -1.972973
v 0.130615 -0.039249 -1.952456
v -0.192912 -0.039249 -1.952456
v 0.130615 -0.039249 -1.952456
v -0.178277 -0.039249 -1.933582
v -0.178277 -0.039249 -1.933582
v 0.130615 -0.039249 -1.952456
v 0.115975 -0.039249 -1.933582
v -0.178277 -0.039249 -1.933582
v 0.115975 -0.039249 -1.933582
v -0.161490 -0.039249 -1.916629
v -0.161490 -0.039249 -1.916629
v 0.115975 -0.039249 -1.933582
v 0.099193 -0.039249 -1.916629
v -0.161490 -0.039249 -1.916629
v 0.099193 -0.039249 -1.916629
v -0.142805 -0.039249 -1.901843
v -0.142805 -0.039249 -1.901843
v 0.099193 -0.039249 -1.916629
v 0.080508 -0.039249 -1.901843
v -0.142805 -0.039249 -1.901843
v 0.080508 -0.039249 -1.901843
v -0.122493 -0.039249 -1.889437
v -0.122493 -0.039249 -1.889437
v 0.080508 -0.039249 -1.901843
v 0.060196 -0.039249 -1.889437
v -0.122493 -0.039249 -1.889437
v 0.060196 -0.039249 -1.889437
v -0.100848 -0.039249 -1.879596
v -0.100848 -0.039249 -1.879596
v 0.060196 -0.039249 -1.889437
v 0.038551 -0.039249 -1.879596
v -0.100848 -0.039249 -1.879596
v 0.038551 -0.039249 -1.879596
v -0.078189 -0.039249 -1.872460
v -0.078189 -0.039249 -1.872460
v 0.038551 -0.039249 -1.879596
v 0.015892 -0.039249 -1.872460
v -0.078189 -0.039249 -1.872460
v 0.015892 -0.039249 -1.872460
v -0.054842 -0.039249 -1.868142
v -0.054842 -0.039249 -1.868142
v 0.015892 -0.039249 -1.872460
v -0.007455 -0.039249 -1.868142
v -0.054842 -0.039249 -1.868142
v -0.007455 -0.039249 -1.868142
v -0.031149 -0.039249 -1.866690
v 0.163974 -0.039249 -2.089185
v -0.226276 -0.039249 -2.089185
v 0.159698 -0.039249 -2.112766
v 0.159698 -0.039249 -2.112766
v -0.226276 -0.039249 -2.089185
v -0.221994 -0.039249 -2.112766
v 0.159698 -0.039249 -2.112766
v -0.221994 -0.039249 -2.112766
v 0.152638 -0.039249 -2.135656
v 0.152638 -0.039249 -2.135656
v -0.221994 -0.039249 -2.112766
v -0.214934 -0.039249 -2.135656
v 0.152638 -0.039249 -2.135656
v -0.214934 -0.039249 -2.135656
v 0.142896 -0.039249 -2.157522
v 0.142896 -0.039249 -2.157522
v -0.214934 -0.039249 -2.135656
v -0.205193 -0.039249 -2.157522
v 0.142896 -0.039249 -2.157522
v -0.205193 -0.039249 -2.157522
v 0.130615 -0.039249 -2.178047
v 0.130615 -0.039249 -2.178047
v -0.205193 -0.039249 -2.157522
v -0.192912 -0.039249 -2.178047
v 0.130615 -0.039249 -2.178047
v -0.192912 -0.039249 -2.178047
v 0.115975 -0.039249 -2.196921
v 0.115975 -0.039249 -2.196921
v -0.192912 -0.039249 -2.178047
v -0.178277 -0.039249 -2.196921
v 0.115975 -0.039249 -2.196921
v -0.178277 -0.039249 -2.196921
v 0.099193 -0.039249 -2.213874
v 0.099193 -0.039249 -2.213874
v -0.178277 -0.039249 -2.196921
v -0.161490 -0.039249 -2.213874
v 0.099193 -0.039249 -2.213874
v -0.161490 -0.039249 -2.213874
v 0.080508 -0.039249 -2.228661
v 0.080508 -0.039249 -2.228661
v -0.161490 -0.039249 -2.213874
v -0.142805 -0.039249 -2.228661
v 0.080508 -0.039249 -2.228661
v -0.142805 -0.039249 -2.228661
v 0.060196 -0.039249 -2.241066
v 0.060196 -0.039249 -2.241066
v -0.142805 -0.039249 -2.228661
v -0.122493 -0.039249 -2.241066
v 0.060196 -0.039249 -2.241066
v -0.122493 -0.039249 -2.241066
v 0.038551 -0.039249 -2.250900
v 0.038551 -0.039249 -2.250900
v -0.122493 -0.039249 -2.241066
v -0.100848 -0.039249 -2.250900
v 0.038551 -0.039249 -2.250900
v -0.100848 -0.039249 -2.250900
v 0.015892 -0.039249 -2.258043
v 0.015892 -0.039249 -2.258043
v -0.100848 -0.039249 -2.250900
v -0.078189 -0.039249 -2.258043
v 0.015892 -0.039249 -2.258043
v -0.078189 -0.039249 -2.258043
v -0.007455 -0.039249 -2.262361
v -0.007455 -0.039249 -2.262361
v -0.078189 -0.039249 -2.258043
v -0.054842 -0.039249 -2.262361
v -0.007455 -0.039249 -2.262361
v -0.054842 -0.039249 -2.262361
v -0.031149 -0.039249 -2.263806
v 2.014484 -0.039250 0.023682
v 2.014484 -0.157000 0.023682
v 2.013054 -0.039250 -0.000252
v 2.013054 -0.039250 -0.000252
v 2.014484 -0.157000 0.023682
v 2.013054 -0.157000 -0.000252
v 2.013054 -0.039250 -0.000252
v 2.013054 -0.157000 -0.000252
v 2.014484 -0.039250 -0.024182
v 2.014484 -0.039250 -0.024182
v 2.013054 -0.157000 -0.000252
v 2.014484 -0.157000 -0.024182
v 2.014484 -0.039250 -0.024182
v 2.014484 -0.157000 -0.024182
v 2.018766 -0.039250 -0.047767
v 2.018766 -0.039250 -0.047767
v 2.014484 -0.157000 -0.024182
v 2.018766 -0.157000 -0.047767
v 2.018766 -0.039250 -0.047767
v 2.018766 -0.157000 -0.047767
v 2.025830 -0.039250 -0.070661
v 2.025830 -0.039250 -0.070661
v 2.018766 -0.157000 -0.047767
v 2.025830 -0.157000 -0.070661
v 2.025830 -0.039250 -0.070661
v 2.025830 -0.157000 -0.070661
v 2.035572 -0.039250 -0.092526
v 2.035572 -0.039250 -0.092526
v 2.025830 -0.157000 -0.070661
v 2.035572 -0.157000 -0.092526
v 2.035572 -0.039250 -0.092526
v 2.035572 -0.157000 -0.092526
v 2.047853 -0.039250 -0.113045
v 2.047853 -0.039250 -0.113045
v 2.035572 -0.157000 -0.092526
v 2.047853 -0.157000 -0.113045
v 2.047853 -0.039250 -0.113045
v 2.047853 -0.157000 -0.113045
v 2.062490 -0.039250 -0.131919
v 2.062490 -0.039250 -0.131919
v 2.047853 -0.157000 -0.113045
v 2.062490 -0.157000 -0.131919
v 2.062490 -0.039250 -0.131919
v 2.062490 -0.157000 -0.131919
v 2.079273 -0.039250 -0.148873
v 2.079273 -0.039250 -0.148873
v 2.062490 -0.157000 -0.131919
v 2.079273 -0.157000 -0.148873
v 2.079273 -0.039250 -0.148873
v 2.079273 -0.157000 -0.148873
v 2.097957 -0.039250 -0.163661
v 2.097957 -0.039250 -0.163661
v 2.079273 -0.157000 -0.148873
v 2.097957 -0.157000 -0.163661
v 2.097957 -0.039250 -0.163661
v 2.097957 -0.157000 -0.163661
v 2.118267 -0.039250 -0.176063
v 2.118267 -0.039250 -0.176063
v 2.097957 -0.157000 -0.163661
v 2.118267 -0.157000 -0.176063
v 2.118267 -0.039250 -0.176063
v 2.118267 -0.157000 -0.176063
v 2.139913 -0.039250 -0.185903
v 2.139913 -0.039250 -0.185903
v 2.118267 -0.157000 -0.176063
v 2.139913 -0.157000 -0.185903
v 2.139913 -0.039250 -0.185903
v 2.139913 -0.157000 -0.185903
v 2.162572 -0.039250 -0.193039
v 2.162572 -0.039250 -0.193039
v 2.139913 -0.157000 -0.185903
v 2.162572 -0.157000 -0.193039
v 2.162572 -0.039250 -0.193039
v 2.162572 -0.157000 -0.193039
v 2.185923 -0.039250 -0.197360
v 2.185923 -0.039250 -0.197360
v 2.162572 -0.157000 -0.193039
v 2.185923 -0.157000 -0.197360
v 2.185923 -0.039250 -0.197360
v 2.185923 -0.157000 -0.197360
v 2.209612 -0.039250 -0.198809
v 2.209612 -0.039250 -0.198809
v 2.185923 -0.157000 -0.197360
v 2.209612 -0.157000 -0.198810
v 2.209612 -0.039250 -0.198809
v 2.209612 -0.157000 -0.198810
v 2.233309 -0.039250 -0.197360
v 2.233309 -0.039250 -0.197360
v 2.209612 -0.157000 -0.198810
v 2.233309 -0.157000 -0.197360
v 2.233309 -0.039250 -0.197360
v 2.233309 -0.157000 -0.197360
v 2.256652 -0.039250 -0.193039
v 2.256652 -0.039250 -0.193039
v 2.233309 -0.157000 -0.197360
v 2.256652 -0.157000 -0.193039
v 2.256652 -0.039250 -0.193039
v 2.256652 -0.157000 -0.193039
v 2.279311 -0.039250 -0.185903
v 2.279311 -0.039250 -0.185903
v 2.256652 -0.157000 -0.193039
v 2.279311 -0.157000 -0.185903
v 2.279311 -0.039250 -0.185903
v 2.279311 -0.157000 -0.185903
v 2.300957 -0.039250 -0.176063
v 2.300957 -0.039250 -0.176063
v 2.279311 -0.157000 -0.185903
v 2.300957 -0.157000 -0.176063
v 2.300957 -0.039250 -0.176063
v 2.300957 -0.157000 -0.176063
v 2.321276 -0.039250 -0.163661
v 2.321276 -0.039250 -0.163661
v 2.300957 -0.157000 -0.176063
v 2.321276 -0.157000 -0.163661
v 2.321276 -0.039250 -0.163661
v 2.321276 -0.157000 -0.163661
v 2.339959 -0.039250 -0.148873
v 2.339959 -0.039250 -0.148873
v 2.321276 -0.157000 -0.163661
v 2.339959 -0.157000 -0.148873
v 2.339959 -0.039250 -0.148873
v 2.339959 -0.157000 -0.148873
v 2.356742 -0.039250 -0.131919
v 2.356742 -0.039250 -0.131919
v 2.339959 -0.157000 -0.148873
v 2.356742 -0.157000 -0.131919
v 2.356742 -0.039250 -0.131919
v 2.356742 -0.157000 -0.131919
v 2.371380 -0.039250 -0.113045
v 2.371380 -0.039250 -0.113045
v 2.356742 -0.157000 -0.131919
v 2.371380 -0.157000 -0.113045
v 2.371380 -0.039250 -0.113045
v 2.371380 -0.157000 -0.113045
v 2.383660 -0.039250 -0.092526
v 2.383660 -0.039250 -0.092526
v 2.371380 -0.157000 -0.113045
v 2.383660 -0.157000 -0.092526
v 2.383660 -0.039250 -0.092526
v 2.383660 -0.157000 -0.092526
v 2.393403 -0.039250 -0.070661
v 2.393403 -0.039250 -0.070661
v 2.383660 -0.157000 -0.092526
v 2.393403 -0.157000 -0.070661
v 2.393403 -0.039250 -0.070661
v 2.393403 -0.157000 -0.070661
v 2.400458 -0.039250 -0.047767
v 2.400458 -0.039250 -0.047767
v 2.393403 -0.157000 -0.070661
v 2.400458 -0.157000 -0.047767
v 2.400458 -0.039250 -0.047767
v 2.400458 -0.157000 -0.047767
v 2.404740 -0.039250 -0.024182
v 2.404740 -0.039250 -0.024182
v 2.400458 -0.157000 -0.047767
v 2.404740 -0.157000 -0.024182
v 2.404740 -0.039250 -0.024182
v 2.404740 -0.157000 -0.024182
v 2.406170 -0.039250 -0.000252
v 2.406170 -0.039250 -0.000252
v 2.404740 -0.157000 -0.024182
v 2.406170 -0.157000 -0.000252
v 2.406170 -0.039250 -0.000252
v 2.406170 -0.157000 -0.000252
v 2.404740 -0.039250 0.023682
v 2.404740 -0.039250 0.023682
v 2.406170 -0.157000 -0.000252
v 2.404740 -0.157000 0.023682
v 2.404740 -0.039250 0.023682
v 2.404740 -0.157000 0.023682
v 2.400458 -0.039250 0.047267
v 2.400458 -0.039250 0.047267
v 2.404740 -0.157000 0.023682
v 2.400458 -0.157000 0.047267
v 2.400458 -0.039250 0.047267
v 2.400458 -0.157000 0.047267
v 2.393403 -0.039250 0.070161
v 2.393403 -0.039250 0.070161
v 2.400458 -0.157000 0.047267
v 2.393403 -0.157000 0.070161
v 2.393403 -0.039250 0.070161
v 2.393403 -0.157000 0.070161
v 2.383660 -0.039250 0.092025
v 2.383660 -0.039250 0.092025
v 2.393403 -0.157000 0.070161
v 2.383660 -0.157000 0.092025
v 2.383660 -0.039250 0.092025
v 2.383660 -0.157000 0.092025
v 2.371380 -0.039250 0.112545
v 2.371380 -0.039250 0.112545
v 2.383660 -0.157000 0.092025
v 2.371380 -0.157000 0.112545
v 2.371380 -0.039250 0.112545
v 2.371380 -0.157000 0.112545
v 2.356742 -0.039250 0.131419
v 2.356742 -0.039250 0.131419
v 2.371380 -0.157000 0.112545
v 2.356742 -0.157000 0.131419
v 2.356742 -0.039250 0.131419
v 2.356742 -0.157000 0.131419
v 2.339959 -0.039250 0.148373
v 2.339959 -0.039250 0.148373
v 2.356742 -0.157000 0.131419
v 2.339959 -0.157000 0.148373
v 2.339959 -0.039250 0.148373
v 2.339959 -0.157000 0.148373
v 2.321276 -0.039250 0.163161
v 2.321276 -0.039250 0.163161
v 2.339959 -0.157000 0.148373
v 2.321276 -0.157000 0.163161
v 2.321276 -0.039250 0.163161
v 2.321276 -0.157000 0.163161
v 2.300957 -0.039250 0.175563
v 2.300957 -0.039250 0.175563
v 2.321276 -0.157000 0.163161
v 2.300957 -0.157000 0.175563
v 2.300957 -0.039250 0.175563
v 2.300957 -0.157000 0.175563
v 2.279311 -0.039250 0.185403
v 2.279311 -0.039250 0.185403
v 2.300957 -0.157000 0.175563
v 2.279311 -0.157000 0.185403
v 2.279311 -0.039250 0.185403
v 2.279311 -0.157000 0.185403
v 2.256652 -0.039250 0.192540
v 2.256652 -0.039250 0.192540
v 2.279311 -0.157000 0.185403
v 2.256652 -0.157000 0.192540
v 2.256652 -0.039250 0.192540
v 2.256652 -0.157000 0.192540
v 2.233309 -0.039250 0.196860
v 2.233309 -0.039250 0.196860
v 2.256652 -0.157000 0.192540
v 2.233309 -0.157000 0.196860
v 2.233309 -0.039250 0.196860
v 2.233309 -0.157000 0.196860
v 2.209612 -0.039250 0.198305
v 2.209612 -0.039250 0.198305
v 2.233309 -0.157000 0.196860
v 2.209612 -0.157000 0.198305
v 2.209612 -0.039250 0.198305
v 2.209612 -0.157000 0.198305
v 2.185923 -0.039250 0.196860
v 2.185923 -0.039250 0.196860
v 2.209612 -0.157000 0.198305
v 2.185923 -0.157000 0.196860
v 2.185923 -0.039250 0.196860
v 2.185923 -0.157000 0.196860
v 2.162572 -0.039250 0.192540
v 2.162572 -0.039250 0.192540
v 2.185923 -0.157000 0.196860
v 2.162572 -0.157000 0.192540
v 2.162572 -0.039250 0.192540
v 2.162572 -0.157000 0.192540
v 2.139913 -0.039250 0.185403
v 2.139913 -0.039250 0.185403
v 2.162572 -0.157000 0.192540
v 2.139913 -0.157000 0.185403
v 2.139913 -0.039250 0.185403
v 2.139913 -0.157000 0.185403
v 2.118267 -0.039250 0.175563
v 2.118267 -0.039250 0.175563
v 2.139913 -0.157000 0.185403
v 2.118267 -0.157000 0.175563
v 2.118267 -0.039250 0.175563
v 2.118267 -0.157000 0.175563
v 2.097957 -0.039250 0.163161
v 2.097957 -0.039250 0.163161
v 2.118267 -0.157000 0.175563
v 2.097957 -0.157000 0.163161
v 2.097957 -0.039250 0.163161
v 2.097957 -0.157000 0.163161
v 2.079273 -0.039250 0.148373
v 2.079273 -0.039250 0.148373
v 2.097957 -0.157000 0.163161
v 2.079273 -0.157000 0.148373
v 2.079273 -0.039250 0.148373
v 2.079273 -0.157000 0.148373
v 2.062490 -0.039250 0.131419
v 2.062490 -0.039250 0.131419
v 2.079273 -0.157000 0.148373
v 2.062490 -0.157000 0.131419
v 2.062490 -0.039250 0.131419
v 2.062490 -0.157000 0.131419
v 2.047853 -0.039250 0.112545
v 2.047853 -0.039250 0.112545
v 2.062490 -0.157000 0.131419
v 2.047853 -0.157000 0.112545
v 2.047853 -0.039250 0.112545
v 2.047853 -0.157000 0.112545
v 2.035572 -0.039250 0.092025
v 2.035572 -0.039250 0.092025
v 2.047853 -0.157000 0.112545
v 2.035572 -0.157000 0.092025
v 2.035572 -0.039250 0.092025
v 2.035572 -0.157000 0.092025
v 2.025830 -0.039250 0.070161
v 2.025830 -0.039250 0.070161
v 2.035572 -0.157000 0.092025
v 2.025830 -0.157000 0.070161
v 2.025830 -0.039250 0.070161
v 2.025830 -0.157000 0.070161
v 2.018766 -0.039250 0.047267
v 2.018766 -0.039250 0.047267
v 2.025830 -0.157000 0.070161
v 2.018766 -0.157000 0.047267
v 2.018766 -0.039250 0.047267
v 2.018766 -0.157000 0.047267
v 2.014484 -0.039250 0.023682
v 2.014484 -0.039250 0.023682
v 2.018766 -0.157000 0.047267
v 2.014484 -0.157000 0.023682
v 2.014484 -0.039250 -0.024182
v 2.404740 -0.039250 -0.024182
v 2.013054 -0.039250 -0.000252
v 2.013054 -0.039250 -0.000252
v 2.404740 -0.039250 -0.024182
v 2.406170 -0.039250 -0.000252
v 2.013054 -0.039250 -0.000252
v 2.406170 -0.039250 -0.000252
v 2.014484 -0.039250 0.023682
v 2.014484 -0.039250 0.023682
v 2.406170 -0.039250 -0.000252
v 2.404740 -0.039250 0.023682
v 2.014484 -0.039250 0.023682
v 2.404740 -0.039250 0.023682
v 2.018766 -0.039250 0.047267
v 2.018766 -0.039250 0.047267
v 2.404740 -0.039250 0.023682
v 2.400458 -0.039250 0.047267
v 2.018766 -0.039250 0.047267
v 2.400458 -0.039250 0.047267
v 2.025830 -0.039250 0.070161
v 2.025830 -0.039250 0.070161
v 2.400458 -0.039250 0.047267
v 2.393403 -0.039250 0.070161
v 2.025830 -0.039250 0.070161
v 2.393403 -0.039250 0.070161
v 2.035572 -0.039250 0.092025
v 2.035572 -0.039250 0.092025
v 2.393403 -0.039250 0.070161
v 2.383660 -0.039250 0.092025
v 2.035572 -0.039250 0.092025
v 2.383660 -0.039250 0.092025
v 2.047853 -0.039250 0.112545
v 2.047853 -0.039250 0.112545
v 2.383660 -0.039250 0.092025
v 2.371380 -0.039250 0.112545
v 2.047853 -0.039250 0.112545
v 2.371380 -0.039250 0.112545
v 2.062490 -0.039250 0.131419
v 2.062490 -0.039250 0.131419
v 2.371380 -0.039250 0.112545
v 2.356742 -0.039250 0.131419
v 2.062490 -0.039250 0.131419
v 2.356742 -0.039250 0.131419
v 2.079273 -0.039250 0.148373
v 2.079273 -0.039250 0.148373
v 2.356742 -0.039250 0.131419
v 2.339959 -0.039250 0.148373
v 2.079273 -0.039250 0.148373
v 2.339959 -0.039250 0.148373
v 2.097957 -0.039250 0.163161
v 2.097957 -0.039250 0.163161
v 2.339959 -0.039250 0.148373
v 2.321276 -0.039250 0.163161
v 2.097957 -0.039250 0.163161
v 2.321276 -0.039250 0.163161
v 2.118267 -0.039250 0.175563
v 2.118267 -0.039250 0.175563
v 2.321276 -0.039250 0.163161
v 2.300957 -0.039250 0.175563
v 2.118267 -0.039250 0.175563
v 2.300957 -0.039250 0.175563
v 2.139913 -0.039250 0.185403
v 2.139913 -0.039250 0.185403
v 2.300957 -0.039250 0.175563
v 2.279311 -0.039250 0.185403
v 2.139913 -0.039250 0.185403
v 2.279311 -0.039250 0.185403
v 2.162572 -0.039250 0.192540
v 2.162572 -0.039250 0.192540
v 2.279311 -0.039250 0.185403
v 2.256652 -0.039250 0.192540
v 2.162572 -0.039250 0.192540
v 2.256652 -0.039250 0.192540
v 2.185923 -0.039250 0.196860
v 2.185923 -0.039250 0.196860
v 2.256652 -0.039250 0.192540
v 2.233309 -0.039250 0.196860
v 2.185923 -0.039250 0.196860
v 2.233309 -0.039250 0.196860
v 2.209612 -0.039250 0.198305
v 2.404740 -0.039250 -0.024182
v 2.014484 -0.039250 -0.024182
v 2.400458 -0.039250 -0.047767
v 2.400458 -0.039250 -0.047767
v 2.014484 -0.039250 -0.024182
v 2.018766 -0.039250 -0.047767
v 2.400458 -0.039250 -0.047767
v 2.018766 -0.039250 -0.047767
v 2.393403 -0.039250 -0.070661
v 2.393403 -0.039250 -0.070661
v 2.018766 -0.039250 -0.047767
v 2.025830 -0.039250 -0.070661
v 2.393403 -0.039250 -0.070661
v 2.025830 -0.039250 -0.070661
v 2.383660 -0.039250 -0.092526
v 2.383660 -0.039250 -0.092526
v 2.025830 -0.039250 -0.070661
v 2.035572 -0.039250 -0.092526
v 2.383660 -0.039250 -0.092526
v 2.035572 -0.039250 -0.092526
v 2.371380 -0.039250 -0.113045
v 2.371380 -0.039250 -0.113045
v 2.035572 -0.039250 -0.092526
v 2.047853 -0.039250 -0.113045
v 2.371380 -0.039250 -0.113045
v 2.047853 -0.039250 -0.113045
v 2.356742 -0.039250 -0.131919
v 2.356742 -0.039250 -0.131919
v 2.047853 -0.039250 -0.113045
v 2.062490 -0.039250 -0.131919
v 2.356742 -0.039250 -0.131919
v 2.062490 -0.039250 -0.131919
v 2.339959 -0.039250 -0.148873
v 2.339959 -0.039250 -0.148873
v 2.062490 -0.039250 -0.131919
v 2.079273 -0.039250 -0.148873
v 2.339959 -0.039250 -0.148873
v 2.079273 -0.039250 -0.148873
v 2.321276 -0.039250 -0.163661
v 2.321276 -0.039250 -0.163661
v 2.079273 -0.039250 -0.148873
v 2.097957 -0.039250 -0.163661
v 2.321276 -0.039250 -0.163661
v 2.097957 -0.039250 -0.163661
v 2.300957 -0.039250 -0.176063
v 2.300957 -0.039250 -0.176063
v 2.097957 -0.039250 -0.163661
v 2.118267 -0.039250 -0.176063
v 2.300957 -0.039250 -0.176063
v 2.118267 -0.039250 -0.176063
v 2.279311 -0.039250 -0.185903
v 2.279311 -0.039250 -0.185903
v 2.118267 -0.039250 -0.176063
v 2.139913 -0.039250 -0.185903
v 2.279311 -0.039250 -0.185903
v 2.139913 -0.039250 -0.185903
v 2.256652 -0.039250 -0.193039
v 2.256652 -0.039250 -0.193039
v 2.139913 -0.039250 -0.185903
v 2.162572 -0.039250 -0.193039
v 2.256652 -0.039250 -0.193039
v 2.162572 -0.039250 -0.193039
v 2.233309 -0.039250 -0.197360
v 2.233309 -0.039250 -0.197360
v 2.162572 -0.039250 -0.193039
v 2.185923 -0.039250 -0.197360
v 2.233309 -0.039250 -0.197360
v 2.185923 -0.039250 -0.197360
v 2.209612 -0.039250 -0.198809
v -0.226276 -0.039250 2.088685
v -0.226276 -0.157000 2.088685
v -0.227706 -0.039250 2.064748
v -0.227706 -0.039250 2.064748
v -0.226276 -0.157000 2.088685
v -0.227706 -0.157000 2.064748
v -0.227706 -0.039250 2.064748
v -0.227706 -0.157000 2.064748
v -0.226276 -0.039250 2.040818
v -0.226276 -0.039250 2.040818
v -0.227706 -0.157000 2.064748
v -0.226276 -0.157000 2.040818
v -0.226276 -0.039250 2.040818
v -0.226276 -0.157000 2.040818
v -0.221994 -0.039250 2.017229
v -0.221994 -0.039250 2.017229
v -0.226276 -0.157000 2.040818
v -0.221994 -0.157000 2.017229
v -0.221994 -0.039250 2.017229
v -0.221994 -0.157000 2.017229
v -0.214934 -0.039250 1.994339
v -0.214934 -0.039250 1.994339
v -0.221994 -0.157000 2.017229
v -0.214934 -0.157000 1.994339
v -0.214934 -0.039250 1.994339
v -0.214934 -0.157000 1.994339
v -0.205193 -0.039250 1.972473
v -0.205193 -0.039250 1.972473
v -0.214934 -0.157000 1.994339
v -0.205193 -0.157000 1.972473
v -0.205193 -0.039250 1.972473
v -0.205193 -0.157000 1.972473
v -0.192912 -0.039250 1.951956
v -0.192912 -0.039250 1.951956
v -0.205193 -0.157000 1.972473
v -0.192912 -0.157000 1.951956
v -0.192912 -0.039250 1.951956
v -0.192912 -0.157000 1.951956
v -0.178277 -0.039250 1.933082
v -0.178277 -0.039250 1.933082
v -0.192912 -0.157000 1.951956
v -0.178277 -0.157000 1.933082
v -0.178277 -0.039250 1.933082
v -0.178277 -0.157000 1.933082
v -0.161490 -0.039250 1.916129
v -0.161490 -0.039250 1.916129
v -0.178277 -0.157000 1.933082
v -0.161490 -0.157000 1.916129
v -0.161490 -0.039250 1.916129
v -0.161490 -0.157000 1.916129
v -0.142805 -0.039250 1.901343
v -0.142805 -0.039250 1.901343
v -0.161490 -0.157000 1.916129
v -0.142805 -0.157000 1.901343
v -0.142805 -0.039250 1.901343
v -0.142805 -0.157000 1.901343
v -0.122493 -0.039250 1.888937
v -0.122493 -0.039250 1.888937
v -0.142805 -0.157000 1.901343
v -0.122493 -0.157000 1.888937
v -0.122493 -0.039250 1.888937
v -0.122493 -0.157000 1.888937
v -0.100848 -0.039250 1.879095
v -0.100848 -0.039250 1.879095
v -0.122493 -0.157000 1.888937
v -0.100848 -0.157000 1.879095
v -0.100848 -0.039250 1.879095
v -0.100848 -0.157000 1.879095
v -0.078189 -0.039250 1.871960
v -0.078189 -0.039250 1.871960
v -0.100848 -0.157000 1.879095
v -0.078189 -0.157000 1.871960
v -0.078189 -0.039250 1.871960
v -0.078189 -0.157000 1.871960
v -0.054842 -0.039250 1.867643
v -0.054842 -0.039250 1.867643
v -0.078189 -0.157000 1.871960
v -0.054842 -0.157000 1.867643
v -0.054842 -0.039250 1.867643
v -0.054842 -0.157000 1.867643
v -0.031149 -0.039250 1.866190
v -0.031149 -0.039250 1.866190
v -0.054842 -0.157000 1.867643
v -0.031149 -0.157000 1.866190
v -0.031149 -0.039250 1.866190
v -0.031149 -0.157000 1.866190
v -0.007455 -0.039250 1.867643
v -0.007455 -0.039250 1.867643
v -0.031149 -0.157000 1.866190
v -0.007455 -0.157000 1.867643
v -0.007455 -0.039250 1.867643
v -0.007455 -0.157000 1.867643
v 0.015892 -0.039250 1.871960
v 0.015892 -0.039250 1.871960
v -0.007455 -0.157000 1.867643
v 0.015892 -0.157000 1.871960
v 0.015892 -0.039250 1.871960
v 0.015892 -0.157000 1.871960
v 0.038551 -0.039250 1.879095
v 0.038551 -0.039250 1.879095
v 0.015892 -0.157000 1.871960
v 0.038551 -0.157000 1.879095
v 0.038551 -0.039250 1.879095
v 0.038551 -0.157000 1.879095
v 0.060196 -0.039250 1.888937
v 0.060196 -0.039250 1.888937
v 0.038551 -0.157000 1.879095
v 0.060196 -0.157000 1.888937
v 0.060196 -0.039250 1.888937
v 0.060196 -0.157000 1.888937
v 0.080508 -0.039250 1.901343
v 0.080508 -0.039250 1.901343
v 0.060196 -0.157000 1.888937
v 0.080508 -0.157000 1.901343
v 0.080508 -0.039250 1.901343
v 0.080508 -0.157000 1.901343
v 0.099193 -0.039250 1.916129
v 0.099193 -0.039250 1.916129
v 0.080508 -0.157000 1.901343
v 0.099193 -0.157000 1.916129
v 0.099193 -0.039250 1.916129
v 0.099193 -0.157000 1.916129
v 0.115975 -0.039250 1.933082
v 0.115975 -0.039250 1.933082
v 0.099193 -0.157000 1.916129
v 0.115975 -0.157000 1.933082
v 0.115975 -0.039250 1.933082
v 0.115975 -0.157000 1.933082
v 0.130615 -0.039250 1.951956
v 0.130615 -0.039250 1.951956
v 0.115975 -0.157000 1.933082
v 0.130615 -0.157000 1.951956
v 0.130615 -0.039250 1.951956
v 0.130615 -0.157000 1.951956
v 0.142896 -0.039250 1.972473
v 0.142896 -0.039250 1.972473
v 0.130615 -0.157000 1.951956
v 0.142896 -0.157000 1.972473
v 0.142896 -0.039250 1.972473
v 0.142896 -0.157000 1.972473
v 0.152638 -0.039250 1.994339
v 0.152638 -0.039250 1.994339
v 0.142896 -0.157000 1.972473
v 0.152638 -0.157000 1.994339
v 0.152638 -0.039250 1.994339
v 0.152638 -0.157000 1.994339
v 0.159698 -0.039250 2.017229
v 0.159698 -0.039250 2.017229
v 0.152638 -0.157000 1.994339
v 0.159698 -0.157000 2.017229
v 0.159698 -0.039250 2.017229
v 0.159698 -0.157000 2.017229
v 0.163974 -0.039250 2.040818
v 0.163974 -0.039250 2.040818
v 0.159698 -0.157000 2.017229
v 0.163974 -0.157000 2.040818
v 0.163974 -0.039250 2.040818
v 0.163974 -0.157000 2.040818
v 0.165410 -0.039250 2.064748
v 0.165410 -0.039250 2.064748
v 0.163974 -0.157000 2.040818
v 0.165410 -0.157000 2.064748
v 0.165410 -0.039250 2.064748
v 0.165410 -0.157000 2.064748
v 0.163974 -0.039250 2.088685
v 0.163974 -0.039250 2.088685
v 0.165410 -0.157000 2.064748
v 0.163974 -0.157000 2.088685
v 0.163974 -0.039250 2.088685
v 0.163974 -0.157000 2.088685
v 0.159698 -0.039251 2.112266
v 0.159698 -0.039251 2.112266
v 0.163974 -0.157000 2.088685
v 0.159698 -0.157000 2.112266
v 0.159698 -0.039251 2.112266
v 0.159698 -0.157000 2.112266
v 0.152638 -0.039251 2.135164
v 0.152638 -0.039251 2.135164
v 0.159698 -0.157000 2.112266
v 0.152638 -0.157000 2.135164
v 0.152638 -0.039251 2.135164
v 0.152638 -0.157000 2.135164
v 0.142896 -0.039251 2.157022
v 0.142896 -0.039251 2.157022
v 0.152638 -0.157000 2.135164
v 0.142896 -0.157000 2.157022
v 0.142896 -0.039251 2.157022
v 0.142896 -0.157000 2.157022
v 0.130615 -0.039251 2.177547
v 0.130615 -0.039251 2.177547
v 0.142896 -0.157000 2.157022
v 0.130615 -0.157000 2.177547
v 0.130615 -0.039251 2.177547
v 0.130615 -0.157000 2.177547
v 0.115975 -0.039251 2.196421
v 0.115975 -0.039251 2.196421
v 0.130615 -0.157000 2.177547
v 0.115975 -0.157000 2.196421
v 0.115975 -0.039251 2.196421
v 0.115975 -0.157000 2.196421
v 0.099193 -0.039251 2.213367
v 0.099193 -0.039251 2.213367
v 0.115975 -0.157000 2.196421
v 0.099193 -0.157000 2.213367
v 0.099193 -0.039251 2.213367
v 0.099193 -0.157000 2.213367
v 0.080508 -0.039251 2.228177
v 0.080508 -0.039251 2.228177
v 0.099193 -0.157000 2.213367
v 0.080508 -0.157000 2.228177
v 0.080508 -0.039251 2.228177
v 0.080508 -0.157000 2.228177
v 0.060196 -0.039251 2.240566
v 0.060196 -0.039251 2.240566
v 0.080508 -0.157000 2.228177
v 0.060196 -0.157000 2.240566
v 0.060196 -0.039251 2.240566
v 0.060196 -0.157000 2.240566
v 0.038551 -0.039251 2.250416
v 0.038551 -0.039251 2.250416
v 0.060196 -0.157000 2.240566
v 0.038551 -0.157000 2.250416
v 0.038551 -0.039251 2.250416
v 0.038551 -0.157000 2.250416
v 0.015892 -0.039251 2.257519
v 0.015892 -0.039251 2.257519
v 0.038551 -0.157000 2.250416
v 0.015892 -0.157000 2.257519
v 0.015892 -0.039251 2.257519
v 0.015892 -0.157000 2.257519
v -0.007455 -0.039251 2.261853
v -0.007455 -0.039251 2.261853
v 0.015892 -0.157000 2.257519
v -0.007455 -0.157000 2.261853
v -0.007455 -0.039251 2.261853
v -0.007455 -0.157000 2.261853
v -0.031149 -0.039251 2.263321
v -0.031149 -0.039251 2.263321
v -0.007455 -0.157000 2.261853
v -0.031149 -0.157000 2.263321
v -0.031149 -0.039251 2.263321
v -0.031149 -0.157000 2.263321
v -0.054842 -0.039251 2.261853
v -0.054842 -0.039251 2.261853
v -0.031149 -0.157000 2.263321
v -0.054842 -0.157000 2.261853
v -0.054842 -0.039251 2.261853
v -0.054842 -0.157000 2.261853
v -0.078189 -0.039251 2.257519
v -0.078189 -0.039251 2.257519
v -0.054842 -0.157000 2.261853
v -0.078189 -0.157000 2.257519
v -0.078189 -0.039251 2.257519
v -0.078189 -0.157000 2.257519
v -0.100848 -0.039251 2.250416
v -0.100848 -0.039251 2.250416
v -0.078189 -0.157000 2.257519
v -0.100848 -0.157000 2.250416
v -0.100848 -0.039251 2.250416
v -0.100848 -0.157000 2.250416
v -0.122493 -0.039251 2.240566
v -0.122493 -0.039251 2.240566
v -0.100848 -0.157000 2.250416
v -0.122493 -0.157000 2.240566
v -0.122493 -0.039251 2.240566
v -0.122493 -0.157000 2.240566
v -0.142805 -0.039251 2.228177
v -0.142805 -0.039251 2.228177
v -0.122493 -0.157000 2.240566
v -0.142805 -0.157000 2.228177
v -0.142805 -0.039251 2.228177
v -0.142805 -0.157000 2.228177
v -0.161490 -0.039251 2.213367
v -0.161490 -0.039251 2.213367
v -0.142805 -0.157000 2.228177
v -0.161490 -0.157000 2.213367
v -0.161490 -0.039251 2.213367
v -0.161490 -0.157000 2.213367
v -0.178277 -0.039251 2.196421
v -0.178277 -0.039251 2.196421
v -0.161490 -0.157000 2.213367
v -0.178277 -0.157000 2.196421
v -0.178277 -0.039251 2.196421
v -0.178277 -0.157000 2.196421
v -0.192912 -0.039251 2.177547
v -0.192912 -0.039251 2.177547
v -0.178277 -0.157000 2.196421
v -0.192912 -0.157000 2.177547
v -0.192912 -0.039251 2.177547
v -0.192912 -0.157000 2.177547
v -0.205193 -0.039251 2.157022
v -0.205193 -0.039251 2.157022
v -0.192912 -0.157000 2.177547
v -0.205193 -0.157000 2.157022
v -0.205193 -0.039251 2.157022
v -0.205193 -0.157000 2.157022
v -0.214934 -0.039251 2.135164
v -0.214934 -0.039251 2.135164
v -0.205193 -0.157000 2.157022
v -0.214934 -0.157000 2.135164
v -0.214934 -0.039251 2.135164
v -0.214934 -0.157000 2.135164
v -0.221994 -0.039251 2.112266
v -0.221994 -0.039251 2.112266
v -0.214934 -0.157000 2.135164
v -0.221994 -0.157000 2.112266
v -0.221994 -0.039251 2.112266
v -0.221994 -0.157000 2.112266
v -0.226276 -0.039250 2.088685
v -0.226276 -0.039250 2.088685
v -0.221994 -0.157000 2.112266
v -0.226276 -0.157000 2.088685
v -0.226276 -0.039250 2.040818
v 0.163974 -0.039250 2.040818
v -0.227706 -0.039250 2.064748
v -0.227706 -0.039250 2.064748
v 0.163974 -0.039250 2.040818
v 0.165410 -0.039250 2.064748
v -0.227706 -0.039250 2.064748
v 0.165410 -0.039250 2.064748
v -0.226276 -0.039250 2.088685
v -0.226276 -0.039250 2.088685
v 0.165410 -0.039250 2.064748
v 0.163974 -0.039250 2.088685
v -0.226276 -0.039250 2.088685
v 0.163974 -0.039250 2.088685
v -0.221994 -0.039251 2.112266
v -0.221994 -0.039251 2.112266
v 0.163974 -0.039250 2.088685
v 0.159698 -0.039251 2.112266
v -0.221994 -0.039251 2.112266
v 0.159698 -0.039251 2.112266
v -0.214934 -0.039251 2.135164
v -0.214934 -0.039251 2.135164
v 0.159698 -0.039251 2.112266
v 0.152638 -0.039251 2.135164
v -0.214934 -0.039251 2.135164
v 0.152638 -0.039251 2.135164
v -0.205193 -0.039251 2.157022
v -0.205193 -0.039251 2.157022
v 0.152638 -0.039251 2.135164
v 0.142896 -0.039251 2.157022
v -0.205193 -0.039251 2.157022
v 0.142896 -0.039251 2.157022
v -0.192912 -0.039251 2.177547
v -0.192912 -0.039251 2.177547
v 0.142896 -0.039251 2.157022
v 0.130615 -0.039251 2.177547
v -0.192912 -0.039251 2.177547
v 0.130615 -0.039251 2.177547
v -0.178277 -0.039251 2.196421
v -0.178277 -0.039251 2.196421
v 0.130615 -0.039251 2.177547
v 0.115975 -0.039251 2.196421
v -0.178277 -0.039251 2.196421
v 0.115975 -0.039251 2.196421
v -0.161490 -0.039251 2.213367
v -0.161490 -0.039251 2.213367
v 0.115975 -0.039251 2.196421
v 0.099193 -0.039251 2.213367
v -0.161490 -0.039251 2.213367
v 0.099193 -0.039251 2.213367
v -0.142805 -0.039251 2.228177
v -0.142805 -0.039251 2.228177
v 0.099193 -0.039251 2.213367
v 0.080508 -0.039251 2.228177
v -0.142805 -0.039251 2.228177
v 0.080508 -0.039251 2.228177
v -0.122493 -0.039251 2.240566
v -0.122493 -0.039251 2.240566
v 0.080508 -0.039251 2.228177
v 0.060196 -0.039251 2.240566
v -0.122493 -0.039251 2.240566
v 0.060196 -0.039251 2.240566
v -0.100848 -0.039251 2.250416
v -0.100848 -0.039251 2.250416
v 0.060196 -0.039251 2.240566
v 0.038551 -0.039251 2.250416
v -0.100848 -0.039251 2.250416
v 0.038551 -0.039251 2.250416
v -0.078189 -0.039251 2.257519
v -0.078189 -0.039251 2.257519
v 0.038551 -0.039251 2.250416
v 0.015892 -0.039251 2.257519
v -0.078189 -0.039251 2.257519
v 0.015892 -0.039251 2.257519
v -0.054842 -0.039251 2.261853
v -0.054842 -0.039251 2.261853
v 0.015892 -0.039251 2.257519
v -0.007455 -0.039251 2.261853
v -0.054842 -0.039251 2.261853
v -0.007455 -0.039251 2.261853
v -0.031149 -0.039251 2.263321
v 0.163974 -0.039250 2.040818
v -0.226276 -0.039250 2.040818
v 0.159698 -0.039250 2.017229
v 0.159698 -0.039250 2.017229
v -0.226276 -0.039250 2.040818
v -0.221994 -0.039250 2.017229
v 0.159698 -0.039250 2.017229
v -0.221994 -0.039250 2.017229
v 0.152638 -0.039250 1.994339
v 0.152638 -0.039250 1.994339
v -0.221994 -0.039250 2.017229
v -0.214934 -0.039250 1.994339
v 0.152638 -0.039250 1.994339
v -0.214934 -0.039250 1.994339
v 0.142896 -0.039250 1.972473
v 0.142896 -0.039250 1.972473
v -0.214934 -0.039250 1.994339
v -0.205193 -0.039250 1.972473
v 0.142896 -0.039250 1.972473
v -0.205193 -0.039250 1.972473
v 0.130615 -0.039250 1.951956
v 0.130615 -0.039250 1.951956
v -0.205193 -0.039250 1.972473
v -0.192912 -0.039250 1.951956
v 0.130615 -0.039250 1.951956
v -0.192912 -0.039250 1.951956
v 0.115975 -0.039250 1.933082
v 0.115975 -0.039250 1.933082
v -0.192912 -0.039250 1.951956
v -0.178277 -0.039250 1.933082
v 0.115975 -0.039250 1.933082
v -0.178277 -0.039250 1.933082
v 0.099193 -0.039250 1.916129
v 0.099193 -0.039250 1.916129
v -0.178277 -0.039250 1.933082
v -0.161490 -0.039250 1.916129
v 0.099193 -0.039250 1.916129
v -0.161490 -0.039250 1.916129
v 0.080508 -0.039250 1.901343
v 0.080508 -0.039250 1.901343
v -0.161490 -0.039250 1.916129
v -0.142805 -0.039250 1.901343
v 0.080508 -0.039250 1.901343
v -0.142805 -0.039250 1.901343
v 0.060196 -0.039250 1.888937
v 0.060196 -0.039250 1.888937
v -0.142805 -0.039250 1.901343
v -0.122493 -0.039250 1.888937
v 0.060196 -0.039250 1.888937
v -0.122493 -0.039250 1.888937
v 0.038551 -0.039250 1.879095
v 0.038551 -0.039250 1.879095
v -0.122493 -0.039250 1.888937
v -0.100848 -0.039250 1.879095
v 0.038551 -0.039250 1.879095
v -0.100848 -0.039250 1.879095
v 0.015892 -0.039250 1.871960
v 0.015892 -0.039250 1.871960
v -0.100848 -0.039250 1.879095
v -0.078189 -0.039250 1.871960
v 0.015892 -0.039250 1.871960
v -0.078189 -0.039250 1.871960
v -0.007455 -0.039250 1.867643
v -0.007455 -0.039250 1.867643
v -0.078189 -0.039250 1.871960
v -0.054842 -0.039250 1.867643
v -0.007455 -0.039250 1.867643
v -0.054842 -0.039250 1.867643
v -0.031149 -0.039250 1.866190
v -2.467038 -0.039250 0.023682
v -2.467038 -0.157000 0.023682
v -2.468468 -0.039250 -0.000252
v -2.468468 -0.039250 -0.000252
v -2.467038 -0.157000 0.023682
v -2.468468 -0.157000 -0.000252
v -2.468468 -0.039250 -0.000252
v -2.468468 -0.157000 -0.000252
v -2.467038 -0.039250 -0.024182
v -2.467038 -0.039250 -0.024182
v -2.468468 -0.157000 -0.000252
v -2.467038 -0.157000 -0.024182
v -2.467038 -0.039250 -0.024182
v -2.467038 -0.157000 -0.024182
v -2.462756 -0.039250 -0.047767
v -2.462756 -0.039250 -0.047767
v -2.467038 -0.157000 -0.024182
v -2.462756 -0.157000 -0.047767
v -2.462756 -0.039250 -0.047767
v -2.462756 -0.157000 -0.047767
v -2.455701 -0.039250 -0.070661
v -2.455701 -0.039250 -0.070661
v -2.462756 -0.157000 -0.047767
v -2.455701 -0.157000 -0.070661
v -2.455701 -0.039250 -0.070661
v -2.455701 -0.157000 -0.070661
v -2.445958 -0.039250 -0.092526
v -2.445958 -0.039250 -0.092526
v -2.455701 -0.157000 -0.070661
v -2.445958 -0.157000 -0.092526
v -2.445958 -0.039250 -0.092526
v -2.445958 -0.157000 -0.092526
v -2.433678 -0.039250 -0.113045
v -2.433678 -0.039250 -0.113045
v -2.445958 -0.157000 -0.092526
v -2.433678 -0.157000 -0.113045
v -2.433678 -0.039250 -0.113045
v -2.433678 -0.157000 -0.113045
v -2.419040 -0.039250 -0.131919
v -2.419040 -0.039250 -0.131919
v -2.433678 -0.157000 -0.113045
v -2.419040 -0.157000 -0.131919
v -2.419040 -0.039250 -0.131919
v -2.419040 -0.157000 -0.131919
v -2.402250 -0.039250 -0.148873
v -2.402250 -0.039250 -0.148873
v -2.419040 -0.157000 -0.131919
v -2.402250 -0.157000 -0.148873
v -2.402250 -0.039250 -0.148873
v -2.402250 -0.157000 -0.148873
v -2.383566 -0.039250 -0.163661
v -2.383566 -0.039250 -0.163661
v -2.402250 -0.157000 -0.148873
v -2.383566 -0.157000 -0.163661
v -2.383566 -0.039250 -0.163661
v -2.383566 -0.157000 -0.163661
v -2.363256 -0.039250 -0.176063
v -2.363256 -0.039250 -0.176063
v -2.383566 -0.157000 -0.163661
v -2.363256 -0.157000 -0.176063
v -2.363256 -0.039250 -0.176063
v -2.363256 -0.157000 -0.176063
v -2.341609 -0.039250 -0.185903
v -2.341609 -0.039250 -0.185903
v -2.363256 -0.157000 -0.176063
v -2.341609 -0.157000 -0.185903
v -2.341609 -0.039250 -0.185903
v -2.341609 -0.157000 -0.185903
v -2.318950 -0.039250 -0.193039
v -2.318950 -0.039250 -0.193039
v -2.341609 -0.157000 -0.185903
v -2.318950 -0.157000 -0.193039
v -2.318950 -0.039250 -0.193039
v -2.318950 -0.157000 -0.193039
v -2.295607 -0.039250 -0.197360
v -2.295607 -0.039250 -0.197360
v -2.318950 -0.157000 -0.193039
v -2.295607 -0.157000 -0.197360
v -2.295607 -0.039250 -0.197360
v -2.295607 -0.157000 -0.197360
v -2.271910 -0.039250 -0.198809
v -2.271910 -0.039250 -0.198809
v -2.295607 -0.157000 -0.197360
v -2.271910 -0.157000 -0.198810
v -2.271910 -0.039250 -0.198809
v -2.271910 -0.157000 -0.198810
v -2.248221 -0.039250 -0.197360
v -2.248221 -0.039250 -0.197360
v -2.271910 -0.157000 -0.198810
v -2.248221 -0.157000 -0.197360
v -2.248221 -0.039250 -0.197360
v -2.248221 -0.157000 -0.197360
v -2.224870 -0.039250 -0.193039
v -2.224870 -0.039250 -0.193039
v -2.248221 -0.157000 -0.197360
v -2.224870 -0.157000 -0.193039
v -2.224870 -0.039250 -0.193039
v -2.224870 -0.157000 -0.193039
v -2.202211 -0.039250 -0.185903
v -2.202211 -0.039250 -0.185903
v -2.224870 -0.157000 -0.193039
v -2.202211 -0.157000 -0.185903
v -2.202211 -0.039250 -0.185903
v -2.202211 -0.157000 -0.185903
v -2.180565 -0.039250 -0.176063
v -2.180565 -0.039250 -0.176063
v -2.202211 -0.157000 -0.185903
v -2.180565 -0.157000 -0.176063
v -2.180565 -0.039250 -0.176063
v -2.180565 -0.157000 -0.176063
v -2.160254 -0.039250 -0.163661
v -2.160254 -0.039250 -0.163661
v -2.180565 -0.157000 -0.176063
v -2.160254 -0.157000 -0.163661
v -2.160254 -0.039250 -0.163661
v -2.160254 -0.157000 -0.163661
v -2.141571 -0.039250 -0.148873
v -2.141571 -0.039250 -0.148873
v -2.160254 -0.157000 -0.163661
v -2.141571 -0.157000 -0.148873
v -2.141571 -0.039250 -0.148873
v -2.141571 -0.157000 -0.148873
v -2.124788 -0.039250 -0.131919
v -2.124788 -0.039250 -0.131919
v -2.141571 -0.157000 -0.148873
v -2.124788 -0.157000 -0.131919
v -2.124788 -0.039250 -0.131919
v -2.124788 -0.157000 -0.131919
v -2.110151 -0.039250 -0.113045
v -2.110151 -0.039250 -0.113045
v -2.124788 -0.157000 -0.131919
v -2.110151 -0.157000 -0.113045
v -2.110151 -0.039250 -0.113045
v -2.110151 -0.157000 -0.113045
v -2.097870 -0.039250 -0.092526
v -2.097870 -0.039250 -0.092526
v -2.110151 -0.157000 -0.113045
v -2.097870 -0.157000 -0.092526
v -2.097870 -0.039250 -0.092526
v -2.097870 -0.157000 -0.092526
v -2.088127 -0.039250 -0.070661
v -2.088127 -0.039250 -0.070661
v -2.097870 -0.157000 -0.092526
v -2.088127 -0.157000 -0.070661
v -2.088127 -0.039250 -0.070661
v -2.088127 -0.157000 -0.070661
v -2.081064 -0.039250 -0.047767
v -2.081064 -0.039250 -0.047767
v -2.088127 -0.157000 -0.070661
v -2.081064 -0.157000 -0.047767
v -2.081064 -0.039250 -0.047767
v -2.081064 -0.157000 -0.047767
v -2.076790 -0.039250 -0.024182
v -2.076790 -0.039250 -0.024182
v -2.081064 -0.157000 -0.047767
v -2.076790 -0.157000 -0.024182
v -2.076790 -0.039250 -0.024182
v -2.076790 -0.157000 -0.024182
v -2.075352 -0.039250 -0.000252
v -2.075352 -0.039250 -0.000252
v -2.076790 -0.157000 -0.024182
v -2.075352 -0.157000 -0.000252
v -2.075352 -0.039250 -0.000252
v -2.075352 -0.157000 -0.000252
v -2.076790 -0.039250 0.023682
v -2.076790 -0.039250 0.023682
v -2.075352 -0.157000 -0.000252
v -2.076790 -0.157000 0.023682
v -2.076790 -0.039250 0.023682
v -2.076790 -0.157000 0.023682
v -2.081064 -0.039250 0.047267
v -2.081064 -0.039250 0.047267
v -2.076790 -0.157000 0.023682
v -2.081064 -0.157000 0.047267
v -2.081064 -0.039250 0.047267
v -2.081064 -0.157000 0.047267
v -2.088127 -0.039250 0.070161
v -2.088127 -0.039250 0.070161
v -2.081064 -0.157000 0.047267
v -2.088127 -0.157000 0.070161
v -2.088127 -0.039250 0.070161
v -2.088127 -0.157000 0.070161
v -2.097870 -0.039250 0.092025
v -2.097870 -0.039250 0.092025
v -2.088127 -0.157000 0.070161
v -2.097870 -0.157000 0.092025
v -2.097870 -0.039250 0.092025
v -2.097870 -0.157000 0.092025
v -2.110151 -0.039250 0.112545
v -2.110151 -0.039250 0.112545
v -2.097870 -0.157000 0.092025
v -2.110151 -0.157000 0.112545
v -2.110151 -0.039250 0.112545
v -2.110151 -0.157000 0.112545
v -2.124788 -0.039250 0.131419
v -2.124788 -0.039250 0.131419
v -2.110151 -0.157000 0.112545
v -2.124788 -0.157000 0.131419
v -2.124788 -0.039250 0.131419
v -2.124788 -0.157000 0.131419
v -2.141571 -0.039250 0.148373
v -2.141571 -0.039250 0.148373
v -2.124788 -0.157000 0.131419
v -2.141571 -0.157000 0.148373
v -2.141571 -0.039250 0.148373
v -2.141571 -0.157000 0.148373
v -2.160254 -0.039250 0.163161
v -2.160254 -0.039250 0.163161
v -2.141571 -0.157000 0.148373
v -2.160254 -0.157000 0.163161
v -2.160254 -0.039250 0.163161
v -2.160254 -0.157000 0.163161
v -2.180565 -0.039250 0.175563
v -2.180565 -0.039250 0.175563
v -2.160254 -0.157000 0.163161
v -2.180565 -0.157000 0.175563
v -2.180565 -0.039250 0.175563
v -2.180565 -0.157000 0.175563
v -2.202211 -0.039250 0.185403
v -2.202211 -0.039250 0.185403
v -2.180565 -0.157000 0.175563
v -2.202211 -0.157000 0.185403
v -2.202211 -0.039250 0.185403
v -2.202211 -0.157000 0.185403
v -2.224870 -0.039250 0.192540
v -2.224870 -0.039250 0.192540
v -2.202211 -0.157000 0.185403
v -2.224870 -0.157000 0.192540
v -2.224870 -0.039250 0.192540
v -2.224870 -0.157000 0.192540
v -2.248221 -0.039250 0.196860
v -2.248221 -0.039250 0.196860
v -2.224870 -0.157000 0.192540
v -2.248221 -0.157000 0.196860
v -2.248221 -0.039250 0.196860
v -2.248221 -0.157000 0.196860
v -2.271910 -0.039250 0.198305
v -2.271910 -0.039250 0.198305
v -2.248221 -0.157000 0.196860
v -2.271910 -0.157000 0.198305
v -2.271910 -0.039250 0.198305
v -2.271910 -0.157000 0.198305
v -2.295607 -0.039250 0.196860
v -2.295607 -0.039250 0.196860
v -2.271910 -0.157000 0.198305
v -2.295607 -0.157000 0.196860
v -2.295607 -0.039250 0.196860
v -2.295607 -0.157000 0.196860
v -2.318950 -0.039250 0.192540
v -2.318950 -0.039250 0.192540
v -2.295607 -0.157000 0.196860
v -2.318950 -0.157000 0.192540
v -2.318950 -0.039250 0.192540
v -2.318950 -0.157000 0.192540
v -2.341609 -0.039250 0.185403
v -2.341609 -0.039250 0.185403
v -2.318950 -0.157000 0.192540
v -2.341609 -0.157000 0.185403
v -2.341609 -0.039250 0.185403
v -2.341609 -0.157000 0.185403
v -2.363256 -0.039250 0.175563
v -2.363256 -0.039250 0.175563
v -2.341609 -0.157000 0.185403
v -2.363256 -0.157000 0.175563
v -2.363256 -0.039250 0.175563
v -2.363256 -0.157000 0.175563
v -2.383566 -0.039250 0.163161
v -2.383566 -0.039250 0.163161
v -2.363256 -0.157000 0.175563
v -2.383566 -0.157000 0.163161
v -2.383566 -0.039250 0.163161
v -2.383566 -0.157000 0.163161
v -2.402250 -0.039250 0.148373
v -2.402250 -0.039250 0.148373
v -2.383566 -0.157000 0.163161
v -2.402250 -0.157000 0.148373
v -2.402250 -0.039250 0.148373
v -2.402250 -0.157000 0.148373
v -2.419040 -0.039250 0.131419
v -2.419040 -0.039250 0.131419
v -2.402250 -0.157000 0.148373
v -2.419040 -0.157000 0.131419
v -2.419040 -0.039250 0.131419
v -2.419040 -0.157000 0.131419
v -2.433678 -0.039250 0.112545
v -2.433678 -0.039250 0.112545
v -2.419040 -0.157000 0.131419
v -2.433678 -0.157000 0.112545
v -2.433678 -0.039250 0.112545
v -2.433678 -0.157000 0.112545
v -2.445958 -0.039250 0.092025
v -2.445958 -0.039250 0.092025
v -2.433678 -0.157000 0.112545
v -2.445958 -0.157000 0.092025
v -2.445958 -0.039250 0.092025
v -2.445958 -0.157000 0.092025
v -2.455701 -0.039250 0.070161
v -2.455701 -0.039250 0.070161
v -2.445958 -0.157000 0.092025
v -2.455701 -0.157000 0.070161
v -2.455701 -0.039250 0.070161
v -2.455701 -0.157000 0.070161
v -2.462756 -0.039250 0.047267
v -2.462756 -0.039250 0.047267
v -2.455701 -0.157000 0.070161
v -2.462756 -0.157000 0.047267
v -2.462756 -0.039250 0.047267
v -2.462756 -0.157000 0.047267
v -2.467038 -0.039250 0.023682
v -2.467038 -0.039250 0.023682
v -2.462756 -0.157000 0.047267
v -2.467038 -0.157000 0.023682
v -2.467038 -0.039250 -0.024182
v -2.076790 -0.039250 -0.024182
v -2.468468 -0.039250 -0.000252
v -2.468468 -0.039250 -0.000252
v -2.076790 -0.039250 -0.024182
v -2.075352 -0.039250 -0.000252
v -2.468468 -0.039250 -0.000252
v -2.075352 -0.039250 -0.000252
v -2.467038 -0.039250 0.023682
v -2.467038 -0.039250 0.023682
v -2.075352 -0.039250 -0.000252
v -2.076790 -0.039250 0.023682
v -2.467038 -0.039250 0.023682
v -2.076790 -0.039250 0.023682
v -2.462756 -0.039250 0.047267
v -2.462756 -0.039250 0.047267
v -2.076790 -0.039250 0.023682
v -2.081064 -0.039250 0.047267
v -2.462756 -0.039250 0.047267
v -2.081064 -0.039250 0.047267
v -2.455701 -0.039250 0.070161
v -2.455701 -0.039250 0.070161
v -2.081064 -0.039250 0.047267
v -2.088127 -0.039250 0.070161
v -2.455701 -0.039250 0.070161
v -2.088127 -0.039250 0.070161
v -2.445958 -0.039250 0.092025
v -2.445958 -0.039250 0.092025
v -2.088127 -0.039250 0.070161
v -2.097870 -0.039250 0.092025
v -2.445958 -0.039250 0.092025
v -2.097870 -0.039250 0.092025
v -2.433678 -0.039250 0.112545
v -2.433678 -0.039250 0.112545
v -2.097870 -0.039250 0.092025
v -2.110151 -0.039250 0.112545
v -2.433678 -0.039250 0.112545
v -2.110151 -0.039250 0.112545
v -2.419040 -0.039250 0.131419
v -2.419040 -0.039250 0.131419
v -2.110151 -0.039250 0.112545
v -2.124788 -0.039250 0.131419
v -2.419040 -0.039250 0.131419
v -2.124788 -0.039250 0.131419
v -2.402250 -0.039250 0.148373
v -2.402250 -0.039250 0.148373
v -2.124788 -0.039250 0.131419
v -2.141571 -0.039250 0.148373
v -2.402250 -0.039250 0.148373
v -2.141571 -0.039250 0.148373
v -2.383566 -0.039250 0.163161
v -2.383566 -0.039250 0.163161
v -2.141571 -0.039250 0.148373
v -2.160254 -0.039250 0.163161
v -2.383566 -0.039250 0.163161
v -2.160254 -0.039250 0.163161
v -2.363256 -0.039250 0.175563
v -2.363256 -0.039250 0.175563
v -2.160254 -0.039250 0.163161
v -2.180565 -0.039250 0.175563
v -2.363256 -0.039250 0.175563
v -2.180565 -0.039250 0.175563
v -2.341609 -0.039250 0.185403
v -2.341609 -0.039250 0.185403
v -2.180565 -0.039250 0.175563
v -2.202211 -0.039250 0.185403
v -2.341609 -0.039250 0.185403
v -2.202211 -0.039250 0.185403
v -2.318950 -0.039250 0.192540
v -2.318950 -0.039250 0.192540
v -2.202211 -0.039250 0.185403
v -2.224870 -0.039250 0.192540
v -2.318950 -0.039250 0.192540
v -2.224870 -0.039250 0.192540
v -2.295607 -0.039250 0.196860
v -2.295607 -0.039250 0.196860
v -2.224870 -0.039250 0.192540
v -2.248221 -0.039250 0.196860
v -2.295607 -0.039250 0.196860
v -2.248221 -0.039250 0.196860
v -2.271910 -0.039250 0.198305
v -2.076790 -0.039250 -0.024182
v -2.467038 -0.039250 -0.024182
v -2.081064 -0.039250 -0.047767
v -2.081064 -0.039250 -0.047767
v -2.467038 -0.039250 -0.024182
v -2.462756 -0.039250 -0.047767
v -2.081064 -0.039250 -0.047767
v -2.462756 -0.039250 -0.047767
v -2.088127 -0.039250 -0.070661
v -2.088127 -0.039250 -0.070661
v -2.462756 -0.039250 -0.047767
v -2.455701 -0.039250 -0.070661
v -2.088127 -0.039250 -0.070661
v -2.455701 -0.039250 -0.070661
v -2.097870 -0.039250 -0.092526
v -2.097870 -0.039250 -0.092526
v -2.455701 -0.039250 -0.070661
v -2.445958 -0.039250 -0.092526
v -2.097870 -0.039250 -0.092526
v -2.445958 -0.039250 -0.092526
v -2.110151 -0.039250 -0.113045
v -2.110151 -0.039250 -0.113045
v -2.445958 -0.039250 -0.092526
v -2.433678 -0.039250 -0.113045
v -2.110151 -0.039250 -0.113045
v -2.433678 -0.039250 -0.113045
v -2.124788 -0.039250 -0.131919
v -2.124788 -0.039250 -0.131919
v -2.433678 -0.039250 -0.113045
v -2.419040 -0.039250 -0.131919
v -2.124788 -0.039250 -0.131919
v -2.419040 -0.039250 -0.131919
v -2.141571 -0.039250 -0.148873
v -2.141571 -0.039250 -0.148873
v -2.419040 -0.039250 -0.131919
v -2.402250 -0.039250 -0.148873
v -2.141571 -0.039250 -0.148873
v -2.402250 -0.039250 -0.148873
v -2.160254 -0.039250 -0.163661
v -2.160254 -0.039250 -0.163661
v -2.402250 -0.039250 -0.148873
v -2.383566 -0.039250 -0.163661
v -2.160254 -0.039250 -0.163661
v -2.383566 -0.039250 -0.163661
v -2.180565 -0.039250 -0.176063
v -2.180565 -0.039250 -0.176063
v -2.383566 -0.039250 -0.163661
v -2.363256 -0.039250 -0.176063
v -2.180565 -0.039250 -0.176063
v -2.363256 -0.039250 -0.176063
v -2.202211 -0.039250 -0.185903
v -2.202211 -0.039250 -0.185903
v -2.363256 -0.039250 -0.176063
v -2.341609 -0.039250 -0.185903
v -2.202211 -0.039250 -0.185903
v -2.341609 -0.039250 -0.185903
v -2.224870 -0.039250 -0.193039
v -2.224870 -0.039250 -0.193039
v -2.341609 -0.039250 -0.185903
v -2.318950 -0.039250 -0.193039
v -2.224870 -0.039250 -0.193039
v -2.318950 -0.039250 -0.193039
v -2.248221 -0.039250 -0.197360
v -2.248221 -0.039250 -0.197360
v -2.318950 -0.039250 -0.193039
v -2.295607 -0.039250 -0.197360
v -2.248221 -0.039250 -0.197360
v -2.295607 -0.039250 -0.197360
v -2.271910 -0.039250 -0.198809
v 2.014484 -0.039249 -2.041318
v 2.014484 -0.157000 -2.041318
v 2.013054 -0.039249 -2.065248
v 2.013054 -0.039249 -2.065248
v 2.014484 -0.157000 -2.041318
v 2.013054 -0.157000 -2.065248
v 2.013054 -0.039249 -2.065248
v 2.013054 -0.157000 -2.065248
v 2.014484 -0.039249 -2.089185
v 2.014484 -0.039249 -2.089185
v 2.013054 -0.157000 -2.065248
v 2.014484 -0.157000 -2.089185
v 2.014484 -0.039249 -2.089185
v 2.014484 -0.157000 -2.089185
v 2.018766 -0.039249 -2.112766
v 2.018766 -0.039249 -2.112766
v 2.014484 -0.157000 -2.089185
v 2.018766 -0.157000 -2.112766
v 2.018766 -0.039249 -2.112766
v 2.018766 -0.157000 -2.112766
v 2.025830 -0.039249 -2.135656
v 2.025830 -0.039249 -2.135656
v 2.018766 -0.157000 -2.112766
v 2.025830 -0.157000 -2.135656
v 2.025830 -0.039249 -2.135656
v 2.025830 -0.157000 -2.135656
v 2.035572 -0.039249 -2.157522
v 2.035572 -0.039249 -2.157522
v 2.025830 -0.157000 -2.135656
v 2.035572 -0.157000 -2.157522
v 2.035572 -0.039249 -2.157522
v 2.035572 -0.157000 -2.157522
v 2.047853 -0.039249 -2.178047
v 2.047853 -0.039249 -2.178047
v 2.035572 -0.157000 -2.157522
v 2.047853 -0.157000 -2.178047
v 2.047853 -0.039249 -2.178047
v 2.047853 -0.157000 -2.178047
v 2.062490 -0.039249 -2.196921
v 2.062490 -0.039249 -2.196921
v 2.047853 -0.157000 -2.178047
v 2.062490 -0.157000 -2.196921
v 2.062490 -0.039249 -2.196921
v 2.062490 -0.157000 -2.196921
v 2.079273 -0.039249 -2.213874
v 2.079273 -0.039249 -2.213874
v 2.062490 -0.157000 -2.196921
v 2.079273 -0.157000 -2.213874
v 2.079273 -0.039249 -2.213874
v 2.079273 -0.157000 -2.213874
v 2.097957 -0.039249 -2.228661
v 2.097957 -0.039249 -2.228661
v 2.079273 -0.157000 -2.213874
v 2.097957 -0.157000 -2.228661
v 2.097957 -0.039249 -2.228661
v 2.097957 -0.157000 -2.228661
v 2.118267 -0.039249 -2.241066
v 2.118267 -0.039249 -2.241066
v 2.097957 -0.157000 -2.228661
v 2.118267 -0.156999 -2.241066
v 2.118267 -0.039249 -2.241066
v 2.118267 -0.156999 -2.241066
v 2.139913 -0.039249 -2.250900
v 2.139913 -0.039249 -2.250900
v 2.118267 -0.156999 -2.241066
v 2.139913 -0.156999 -2.250900
v 2.139913 -0.039249 -2.250900
v 2.139913 -0.156999 -2.250900
v 2.162572 -0.039249 -2.258043
v 2.162572 -0.039249 -2.258043
v 2.139913 -0.156999 -2.250900
v 2.162572 -0.156999 -2.258043
v 2.162572 -0.039249 -2.258043
v 2.162572 -0.156999 -2.258043
v 2.185923 -0.039249 -2.262361
v 2.185923 -0.039249 -2.262361
v 2.162572 -0.156999 -2.258043
v 2.185923 -0.156999 -2.262361
v 2.185923 -0.039249 -2.262361
v 2.185923 -0.156999 -2.262361
v 2.209612 -0.039249 -2.263806
v 2.209612 -0.039249 -2.263806
v 2.185923 -0.156999 -2.262361
v 2.209612 -0.156999 -2.263806
v 2.209612 -0.039249 -2.263806
v 2.209612 -0.156999 -2.263806
v 2.233309 -0.039249 -2.262361
v 2.233309 -0.039249 -2.262361
v 2.209612 -0.156999 -2.263806
v 2.233309 -0.156999 -2.262361
v 2.233309 -0.039249 -2.262361
v 2.233309 -0.156999 -2.262361
v 2.256652 -0.039249 -2.258043
v 2.256652 -0.039249 -2.258043
v 2.233309 -0.156999 -2.262361
v 2.256652 -0.156999 -2.258043
v 2.256652 -0.039249 -2.258043
v 2.256652 -0.156999 -2.258043
v 2.279311 -0.039249 -2.250900
v 2.279311 -0.039249 -2.250900
v 2.256652 -0.156999 -2.258043
v 2.279311 -0.156999 -2.250900
v 2.279311 -0.039249 -2.250900
v 2.279311 -0.156999 -2.250900
v 2.300957 -0.039249 -2.241066
v 2.300957 -0.039249 -2.241066
v 2.279311 -0.156999 -2.250900
v 2.300957 -0.156999 -2.241066
v 2.300957 -0.039249 -2.241066
v 2.300957 -0.156999 -2.241066
v 2.321276 -0.039249 -2.228661
v 2.321276 -0.039249 -2.228661
v 2.300957 -0.156999 -2.241066
v 2.321276 -0.157000 -2.228661
v 2.321276 -0.039249 -2.228661
v 2.321276 -0.157000 -2.228661
v 2.339959 -0.039249 -2.213874
v 2.339959 -0.039249 -2.213874
v 2.321276 -0.157000 -2.228661
v 2.339959 -0.157000 -2.213874
v 2.339959 -0.039249 -2.213874
v 2.339959 -0.157000 -2.213874
v 2.356742 -0.039249 -2.196921
v 2.356742 -0.039249 -2.196921
v 2.339959 -0.157000 -2.213874
v 2.356742 -0.157000 -2.196921
v 2.356742 -0.039249 -2.196921
v 2.356742 -0.157000 -2.196921
v 2.371380 -0.039249 -2.178047
v 2.371380 -0.039249 -2.178047
v 2.356742 -0.157000 -2.196921
v 2.371380 -0.157000 -2.178047
v 2.371380 -0.039249 -2.178047
v 2.371380 -0.157000 -2.178047
v 2.383660 -0.039249 -2.157522
v 2.383660 -0.039249 -2.157522
v 2.371380 -0.157000 -2.178047
v 2.383660 -0.157000 -2.157522
v 2.383660 -0.039249 -2.157522
v 2.383660 -0.157000 -2.157522
v 2.393403 -0.039249 -2.135656
v 2.393403 -0.039249 -2.135656
v 2.383660 -0.157000 -2.157522
v 2.393403 -0.157000 -2.135656
v 2.393403 -0.039249 -2.135656
v 2.393403 -0.157000 -2.135656
v 2.400458 -0.039249 -2.112766
v 2.400458 -0.039249 -2.112766
v 2.393403 -0.157000 -2.135656
v 2.400458 -0.157000 -2.112766
v 2.400458 -0.039249 -2.112766
v 2.400458 -0.157000 -2.112766
v 2.404740 -0.039249 -2.089185
v 2.404740 -0.039249 -2.089185
v 2.400458 -0.157000 -2.112766
v 2.404740 -0.157000 -2.089185
v 2.404740 -0.039249 -2.089185
v 2.404740 -0.157000 -2.089185
v 2.406170 -0.039249 -2.065248
v 2.406170 -0.039249 -2.065248
v 2.404740 -0.157000 -2.089185
v 2.406170 -0.157000 -2.065248
v 2.406170 -0.039249 -2.065248
v 2.406170 -0.157000 -2.065248
v 2.404740 -0.039249 -2.041318
v 2.404740 -0.039249 -2.041318
v 2.406170 -0.157000 -2.065248
v 2.404740 -0.157000 -2.041318
v 2.404740 -0.039249 -2.041318
v 2.404740 -0.157000 -2.041318
v 2.400458 -0.039249 -2.017730
v 2.400458 -0.039249 -2.017730
v 2.404740 -0.157000 -2.041318
v 2.400458 -0.157000 -2.017730
v 2.400458 -0.039249 -2.017730
v 2.400458 -0.157000 -2.017730
v 2.393403 -0.039249 -1.994839
v 2.393403 -0.039249 -1.994839
v 2.400458 -0.157000 -2.017730
v 2.393403 -0.157000 -1.994839
v 2.393403 -0.039249 -1.994839
v 2.393403 -0.157000 -1.994839
v 2.383660 -0.039249 -1.972973
v 2.383660 -0.039249 -1.972973
v 2.393403 -0.157000 -1.994839
v 2.383660 -0.157000 -1.972973
v 2.383660 -0.039249 -1.972973
v 2.383660 -0.157000 -1.972973
v 2.371380 -0.039249 -1.952456
v 2.371380 -0.039249 -1.952456
v 2.383660 -0.157000 -1.972973
v 2.371380 -0.157000 -1.952456
v 2.371380 -0.039249 -1.952456
v 2.371380 -0.157000 -1.952456
v 2.356742 -0.039249 -1.933582
v 2.356742 -0.039249 -1.933582
v 2.371380 -0.157000 -1.952456
v 2.356742 -0.157000 -1.933582
v 2.356742 -0.039249 -1.933582
v 2.356742 -0.157000 -1.933582
v 2.339959 -0.039249 -1.916629
v 2.339959 -0.039249 -1.916629
v 2.356742 -0.157000 -1.933582
v 2.339959 -0.157000 -1.916629
v 2.339959 -0.039249 -1.916629
v 2.339959 -0.157000 -1.916629
v 2.321276 -0.039249 -1.901843
v 2.321276 -0.039249 -1.901843
v 2.339959 -0.157000 -1.916629
v 2.321276 -0.157000 -1.901843
v 2.321276 -0.039249 -1.901843
v 2.321276 -0.157000 -1.901843
v 2.300957 -0.039249 -1.889437
v 2.300957 -0.039249 -1.889437
v 2.321276 -0.157000 -1.901843
v 2.300957 -0.157000 -1.889437
v 2.300957 -0.039249 -1.889437
v 2.300957 -0.157000 -1.889437
v 2.279311 -0.039249 -1.879596
v 2.279311 -0.039249 -1.879596
v 2.300957 -0.157000 -1.889437
v 2.279311 -0.157000 -1.879596
v 2.279311 -0.039249 -1.879596
v 2.279311 -0.157000 -1.879596
v 2.256652 -0.039249 -1.872460
v 2.256652 -0.039249 -1.872460
v 2.279311 -0.157000 -1.879596
v 2.256652 -0.157000 -1.872460
v 2.256652 -0.039249 -1.872460
v 2.256652 -0.157000 -1.872460
v 2.233309 -0.039249 -1.868142
v 2.233309 -0.039249 -1.868142
v 2.256652 -0.157000 -1.872460
v 2.233309 -0.157000 -1.868142
v 2.233309 -0.039249 -1.868142
v 2.233309 -0.157000 -1.868142
v 2.209612 -0.039249 -1.866690
v 2.209612 -0.039249 -1.866690
v 2.233309 -0.157000 -1.868142
v 2.209612 -0.157000 -1.866690
v 2.209612 -0.039249 -1.866690
v 2.209612 -0.157000 -1.866690
v 2.185923 -0.039249 -1.868142
v 2.185923 -0.039249 -1.868142
v 2.209612 -0.157000 -1.866690
v 2.185923 -0.157000 -1.868142
v 2.185923 -0.039249 -1.868142
v 2.185923 -0.157000 -1.868142
v 2.162572 -0.039249 -1.872460
v 2.162572 -0.039249 -1.872460
v 2.185923 -0.157000 -1.868142
v 2.162572 -0.157000 -1.872460
v 2.162572 -0.039249 -1.872460
v 2.162572 -0.157000 -1.872460
v 2.139913 -0.039249 -1.879596
v 2.139913 -0.039249 -1.879596
v 2.162572 -0.157000 -1.872460
v 2.139913 -0.157000 -1.879596
v 2.139913 -0.039249 -1.879596
v 2.139913 -0.157000 -1.879596
v 2.118267 -0.039249 -1.889437
v 2.118267 -0.039249 -1.889437
v 2.139913 -0.157000 -1.879596
v 2.118267 -0.157000 -1.889437
v 2.118267 -0.039249 -1.889437
v 2.118267 -0.157000 -1.889437
v 2.097957 -0.039249 -1.901843
v 2.097957 -0.039249 -1.901843
v 2.118267 -0.157000 -1.889437
v 2.097957 -0.157000 -1.901843
v 2.097957 -0.039249 -1.901843
v 2.097957 -0.157000 -1.901843
v 2.079273 -0.039249 -1.916629
v 2.079273 -0.039249 -1.916629
v 2.097957 -0.157000 -1.901843
v 2.079273 -0.157000 -1.916629
v 2.079273 -0.039249 -1.916629
v 2.079273 -0.157000 -1.916629
v 2.062490 -0.039249 -1.933582
v 2.062490 -0.039249 -1.933582
v 2.079273 -0.157000 -1.916629
v 2.062490 -0.157000 -1.933582
v 2.062490 -0.039249 -1.933582
v 2.062490 -0.157000 -1.933582
v 2.047853 -0.039249 -1.952456
v 2.047853 -0.039249 -1.952456
v 2.062490 -0.157000 -1.933582
v 2.047853 -0.157000 -1.952456
v 2.047853 -0.039249 -1.952456
v 2.047853 -0.157000 -1.952456
v 2.035572 -0.039249 -1.972973
v 2.035572 -0.039249 -1.972973
v 2.047853 -0.157000 -1.952456
v 2.035572 -0.157000 -1.972973
v 2.035572 -0.039249 -1.972973
v 2.035572 -0.157000 -1.972973
v 2.025830 -0.039249 -1.994839
v 2.025830 -0.039249 -1.994839
v 2.035572 -0.157000 -1.972973
v 2.025830 -0.157000 -1.994839
v 2.025830 -0.039249 -1.994839
v 2.025830 -0.157000 -1.994839
v 2.018766 -0.039249 -2.017730
v 2.018766 -0.039249 -2.017730
v 2.025830 -0.157000 -1.994839
v 2.018766 -0.157000 -2.017730
v 2.018766 -0.039249 -2.017730
v 2.018766 -0.157000 -2.017730
v 2.014484 -0.039249 -2.041318
v 2.014484 -0.039249 -2.041318
v 2.018766 -0.157000 -2.017730
v 2.014484 -0.157000 -2.041318
v 2.014484 -0.039249 -2.089185
v 2.404740 -0.039249 -2.089185
v 2.013054 -0.039249 -2.065248
v 2.013054 -0.039249 -2.065248
v 2.404740 -0.039249 -2.089185
v 2.406170 -0.039249 -2.065248
v 2.013054 -0.039249 -2.065248
v 2.406170 -0.039249 -2.065248
v 2.014484 -0.039249 -2.041318
v 2.014484 -0.039249 -2.041318
v 2.406170 -0.039249 -2.065248
v 2.404740 -0.039249 -2.041318
v 2.014484 -0.039249 -2.041318
v 2.404740 -0.039249 -2.041318
v 2.018766 -0.039249 -2.017730
v 2.018766 -0.039249 -2.017730
v 2.404740 -0.039249 -2.041318
v 2.400458 -0.039249 -2.017730
v 2.018766 -0.039249 -2.017730
v 2.400458 -0.039249 -2.017730
v 2.025830 -0.039249 -1.994839
v 2.025830 -0.039249 -1.994839
v 2.400458 -0.039249 -2.017730
v 2.393403 -0.039249 -1.994839
v 2.025830 -0.039249 -1.994839
v 2.393403 -0.039249 -1.994839
v 2.035572 -0.039249 -1.972973
v 2.035572 -0.039249 -1.972973
v 2.393403 -0.039249 -1.994839
v 2.383660 -0.039249 -1.972973
v 2.035572 -0.039249 -1.972973
v 2.383660 -0.039249 -1.972973
v 2.047853 -0.039249 -1.952456
v 2.047853 -0.039249 -1.952456
v 2.383660 -0.039249 -1.972973
v 2.371380 -0.039249 -1.952456
v 2.047853 -0.039249 -1.952456
v 2.371380 -0.039249 -1.952456
v 2.062490 -0.039249 -1.933582
v 2.062490 -0.039249 -1.933582
v 2.371380 -0.039249 -1.952456
v 2.356742 -0.039249 -1.933582
v 2.062490 -0.039249 -1.933582
v 2.356742 -0.039249 -1.933582
v 2.079273 -0.039249 -1.916629
v 2.079273 -0.039249 -1.916629
v 2.356742 -0.039249 -1.933582
v 2.339959 -0.039249 -1.916629
v 2.079273 -0.039249 -1.916629
v 2.339959 -0.039249 -1.916629
v 2.097957 -0.039249 -1.901843
v 2.097957 -0.039249 -1.901843
v 2.339959 -0.039249 -1.916629
v 2.321276 -0.039249 -1.901843
v 2.097957 -0.039249 -1.901843
v 2.321276 -0.039249 -1.901843
v 2.118267 -0.039249 -1.889437
v 2.118267 -0.039249 -1.889437
v 2.321276 -0.039249 -1.901843
v 2.300957 -0.039249 -1.889437
v 2.118267 -0.039249 -1.889437
v 2.300957 -0.039249 -1.889437
v 2.139913 -0.039249 -1.879596
v 2.139913 -0.039249 -1.879596
v 2.300957 -0.039249 -1.889437
v 2.279311 -0.039249 -1.879596
v 2.139913 -0.039249 -1.879596
v 2.279311 -0.039249 -1.879596
v 2.162572 -0.039249 -1.872460
v 2.162572 -0.039249 -1.872460
v 2.279311 -0.039249 -1.879596
v 2.256652 -0.039249 -1.872460
v 2.162572 -0.039249 -1.872460
v 2.256652 -0.039249 -1.872460
v 2.185923 -0.039249 -1.868142
v 2.185923 -0.039249 -1.868142
v 2.256652 -0.039249 -1.872460
v 2.233309 -0.039249 -1.868142
v 2.185923 -0.039249 -1.868142
v 2.233309 -0.039249 -1.868142
v 2.209612 -0.039249 -1.866690
v 2.404740 -0.039249 -2.089185
v 2.014484 -0.039249 -2.089185
v 2.400458 -0.039249 -2.112766
v 2.400458 -0.039249 -2.112766
v 2.014484 -0.039249 -2.089185
v 2.018766 -0.039249 -2.112766
v 2.400458 -0.039249 -2.112766
v 2.018766 -0.039249 -2.112766
v 2.393403 -0.039249 -2.135656
v 2.393403 -0.039249 -2.135656
v 2.018766 -0.039249 -2.112766
v 2.025830 -0.039249 -2.135656
v 2.393403 -0.039249 -2.135656
v 2.025830 -0.039249 -2.135656
v 2.383660 -0.039249 -2.157522
v 2.383660 -0.039249 -2.157522
v 2.025830 -0.039249 -2.135656
v 2.035572 -0.039249 -2.157522
v 2.383660 -0.039249 -2.157522
v 2.035572 -0.039249 -2.157522
v 2.371380 -0.039249 -2.178047
v 2.371380 -0.039249 -2.178047
v 2.035572 -0.039249 -2.157522
v 2.047853 -0.039249 -2.178047
v 2.371380 -0.039249 -2.178047
v 2.047853 -0.039249 -2.178047
v 2.356742 -0.039249 -2.196921
v 2.356742 -0.039249 -2.196921
v 2.047853 -0.039249 -2.178047
v 2.062490 -0.039249 -2.196921
v 2.356742 -0.039249 -2.196921
v 2.062490 -0.039249 -2.196921
v 2.339959 -0.039249 -2.213874
v 2.339959 -0.039249 -2.213874
v 2.062490 -0.039249 -2.196921
v 2.079273 -0.039249 -2.213874
v 2.339959 -0.039249 -2.213874
v 2.079273 -0.039249 -2.213874
v 2.321276 -0.039249 -2.228661
v 2.321276 -0.039249 -2.228661
v 2.079273 -0.039249 -2.213874
v 2.097957 -0.039249 -2.228661
v 2.321276 -0.039249 -2.228661
v 2.097957 -0.039249 -2.228661
v 2.300957 -0.039249 -2.241066
v 2.300957 -0.039249 -2.241066
v 2.097957 -0.039249 -2.228661
v 2.118267 -0.039249 -2.241066
v 2.300957 -0.039249 -2.241066
v 2.118267 -0.039249 -2.241066
v 2.279311 -0.039249 -2.250900
v 2.279311 -0.039249 -2.250900
v 2.118267 -0.039249 -2.241066
v 2.139913 -0.039249 -2.250900
v 2.279311 -0.039249 -2.250900
v 2.139913 -0.039249 -2.250900
v 2.256652 -0.039249 -2.258043
v 2.256652 -0.039249 -2.258043
v 2.139913 -0.039249 -2.250900
v 2.162572 -0.039249 -2.258043
v 2.256652 -0.039249 -2.258043
v 2.162572 -0.039249 -2.258043
v 2.233309 -0.039249 -2.262361
v 2.233309 -0.039249 -2.262361
v 2.162572 -0.039249 -2.258043
v 2.185923 -0.039249 -2.262361
v 2.233309 -0.039249 -2.262361
v 2.185923 -0.039249 -2.262361
v 2.209612 -0.039249 -2.263806
v -0.226276 -0.039250 0.023682
v -0.226276 -0.157000 0.023682
v -0.227706 -0.039250 -0.000252
v -0.227706 -0.039250 -0.000252
v -0.226276 -0.157000 0.023682
v -0.227706 -0.157000 -0.000252
v -0.227706 -0.039250 -0.000252
v -0.227706 -0.157000 -0.000252
v -0.226276 -0.039250 -0.024182
v -0.226276 -0.039250 -0.024182
v -0.227706 -0.157000 -0.000252
v -0.226276 -0.157000 -0.024182
v -0.226276 -0.039250 -0.024182
v -0.226276 -0.157000 -0.024182
v -0.221994 -0.039250 -0.047767
v -0.221994 -0.039250 -0.047767
v -0.226276 -0.157000 -0.024182
v -0.221994 -0.157000 -0.047767
v -0.221994 -0.039250 -0.047767
v -0.221994 -0.157000 -0.047767
v -0.214934 -0.039250 -0.070661
v -0.214934 -0.039250 -0.070661
v -0.221994 -0.157000 -0.047767
v -0.214934 -0.157000 -0.070661
v -0.214934 -0.039250 -0.070661
v -0.214934 -0.157000 -0.070661
v -0.205193 -0.039250 -0.092526
v -0.205193 -0.039250 -0.092526
v -0.214934 -0.157000 -0.070661
v -0.205193 -0.157000 -0.092526
v -0.205193 -0.039250 -0.092526
v -0.205193 -0.157000 -0.092526
v -0.192912 -0.039250 -0.113045
v -0.192912 -0.039250 -0.113045
v -0.205193 -0.157000 -0.092526
v -0.192912 -0.157000 -0.113045
v -0.192912 -0.039250 -0.113045
v -0.192912 -0.157000 -0.113045
v -0.178277 -0.039250 -0.131919
v -0.178277 -0.039250 -0.131919
v -0.192912 -0.157000 -0.113045
v -0.178277 -0.157000 -0.131919
v -0.178277 -0.039250 -0.131919
v -0.178277 -0.157000 -0.131919
v -0.161490 -0.039250 -0.148873
v -0.161490 -0.039250 -0.148873
v -0.178277 -0.157000 -0.131919
v -0.161490 -0.157000 -0.148873
v -0.161490 -0.039250 -0.148873
v -0.161490 -0.157000 -0.148873
v -0.142805 -0.039250 -0.163661
v -0.142805 -0.039250 -0.163661
v -0.161490 -0.157000 -0.148873
v -0.142805 -0.157000 -0.163661
v -0.142805 -0.039250 -0.163661
v -0.142805 -0.157000 -0.163661
v -0.122493 -0.039250 -0.176063
v -0.122493 -0.039250 -0.176063
v -0.142805 -0.157000 -0.163661
v -0.122493 -0.157000 -0.176063
v -0.122493 -0.039250 -0.176063
v -0.122493 -0.157000 -0.176063
v -0.100848 -0.039250 -0.185903
v -0.100848 -0.039250 -0.185903
v -0.122493 -0.157000 -0.176063
v -0.100848 -0.157000 -0.185903
v -0.100848 -0.039250 -0.185903
v -0.100848 -0.157000 -0.185903
v -0.078189 -0.039250 -0.193039
v -0.078189 -0.039250 -0.193039
v -0.100848 -0.157000 -0.185903
v -0.078189 -0.157000 -0.193039
v -0.078189 -0.039250 -0.193039
v -0.078189 -0.157000 -0.193039
v -0.054842 -0.039250 -0.197360
v -0.054842 -0.039250 -0.197360
v -0.078189 -0.157000 -0.193039
v -0.054842 -0.157000 -0.197360
v -0.054842 -0.039250 -0.197360
v -0.054842 -0.157000 -0.197360
v -0.031149 -0.039250 -0.198809
v -0.031149 -0.039250 -0.198809
v -0.054842 -0.157000 -0.197360
v -0.031149 -0.157000 -0.198810
v -0.031149 -0.039250 -0.198809
v -0.031149 -0.157000 -0.198810
v -0.007455 -0.039250 -0.197360
v -0.007455 -0.039250 -0.197360
v -0.031149 -0.157000 -0.198810
v -0.007455 -0.157000 -0.197360
v -0.007455 -0.039250 -0.197360
v -0.007455 -0.157000 -0.197360
v 0.015892 -0.039250 -0.193039
v 0.015892 -0.039250 -0.193039
v -0.007455 -0.157000 -0.197360
v 0.015892 -0.157000 -0.193039
v 0.015892 -0.039250 -0.193039
v 0.015892 -0.157000 -0.193039
v 0.038551 -0.039250 -0.185903
v 0.038551 -0.039250 -0.185903
v 0.015892 -0.157000 -0.193039
v 0.038551 -0.157000 -0.185903
v 0.038551 -0.039250 -0.185903
v 0.038551 -0.157000 -0.185903
v 0.060196 -0.039250 -0.176063
v 0.060196 -0.039250 -0.176063
v 0.038551 -0.157000 -0.185903
v 0.060196 -0.157000 -0.176063
v 0.060196 -0.039250 -0.176063
v 0.060196 -0.157000 -0.176063
v 0.080508 -0.039250 -0.163661
v 0.080508 -0.039250 -0.163661
v 0.060196 -0.157000 -0.176063
v 0.080508 -0.157000 -0.163661
v 0.080508 -0.039250 -0.163661
v 0.080508 -0.157000 -0.163661
v 0.099193 -0.039250 -0.148873
v 0.099193 -0.039250 -0.148873
v 0.080508 -0.157000 -0.163661
v 0.099193 -0.157000 -0.148873
v 0.099193 -0.039250 -0.148873
v 0.099193 -0.157000 -0.148873
v 0.115975 -0.039250 -0.131919
v 0.115975 -0.039250 -0.131919
v 0.099193 -0.157000 -0.148873
v 0.115975 -0.157000 -0.131919
v 0.115975 -0.039250 -0.131919
v 0.115975 -0.157000 -0.131919
v 0.130615 -0.039250 -0.113045
v 0.130615 -0.039250 -0.113045
v 0.115975 -0.157000 -0.131919
v 0.130615 -0.157000 -0.113045
v 0.130615 -0.039250 -0.113045
v 0.130615 -0.157000 -0.113045
v 0.142896 -0.039250 -0.092526
v 0.142896 -0.039250 -0.092526
v 0.130615 -0.157000 -0.113045
v 0.142896 -0.157000 -0.092526
v 0.142896 -0.039250 -0.092526
v 0.142896 -0.157000 -0.092526
v 0.152638 -0.039250 -0.070661
v 0.152638 -0.039250 -0.070661
v 0.142896 -0.157000 -0.092526
v 0.152638 -0.157000 -0.070661
v 0.152638 -0.039250 -0.070661
v 0.152638 -0.157000 -0.070661
v 0.159698 -0.039250 -0.047767
v 0.159698 -0.039250 -0.047767
v 0.152638 -0.157000 -0.070661
v 0.159698 -0.157000 -0.047767
v 0.159698 -0.039250 -0.047767
v 0.159698 -0.157000 -0.047767
v 0.163974 -0.039250 -0.024182
v 0.163974 -0.039250 -0.024182
v 0.159698 -0.157000 -0.047767
v 0.163974 -0.157000 -0.024182
v 0.163974 -0.039250 -0.024182
v 0.163974 -0.157000 -0.024182
v 0.165410 -0.039250 -0.000252
v 0.165410 -0.039250 -0.000252
v 0.163974 -0.157000 -0.024182
v 0.165410 -0.157000 -0.000252
v 0.165410 -0.039250 -0.000252
v 0.165410 -0.157000 -0.000252
v 0.163974 -0.039250 0.023682
v 0.163974 -0.039250 0.023682
v 0.165410 -0.157000 -0.000252
v 0.163974 -0.157000 0.023682
v 0.163974 -0.039250 0.023682
v 0.163974 -0.157000 0.023682
v 0.159698 -0.039250 0.047267
v 0.159698 -0.039250 0.047267
v 0.163974 -0.157000 0.023682
v 0.159698 -0.157000 0.047267
v 0.159698 -0.039250 0.047267
v 0.159698 -0.157000 0.047267
v 0.152638 -0.039250 0.070161
v 0.152638 -0.039250 0.070161
v 0.159698 -0.157000 0.047267
v 0.152638 -0.157000 0.070161
v 0.152638 -0.039250 0.070161
v 0.152638 -0.157000 0.070161
v 0.142896 -0.039250 0.092025
v 0.142896 -0.039250 0.092025
v 0.152638 -0.157000 0.070161
v 0.142896 -0.157000 0.092025
v 0.142896 -0.039250 0.092025
v 0.142896 -0.157000 0.092025
v 0.130615 -0.039250 0.112545
v 0.130615 -0.039250 0.112545
v 0.142896 -0.157000 0.092025
v 0.130615 -0.157000 0.112545
v 0.130615 -0.039250 0.112545
v 0.130615 -0.157000 0.112545
v 0.115975 -0.039250 0.131419
v 0.115975 -0.039250 0.131419
v 0.130615 -0.157000 0.112545
v 0.115975 -0.157000 0.131419
v 0.115975 -0.039250 0.131419
v 0.115975 -0.157000 0.131419
v 0.099193 -0.039250 0.148373
v 0.099193 -0.039250 0.148373
v 0.115975 -0.157000 0.131419
v 0.099193 -0.157000 0.148373
v 0.099193 -0.039250 0.148373
v 0.099193 -0.157000 0.148373
v 0.080508 -0.039250 0.163161
v 0.080508 -0.039250 0.163161
v 0.099193 -0.157000 0.148373
v 0.080508 -0.157000 0.163161
v 0.080508 -0.039250 0.163161
v 0.080508 -0.157000 0.163161
v 0.060196 -0.039250 0.175563
v 0.060196 -0.039250 0.175563
v 0.080508 -0.157000 0.163161
v 0.060196 -0.157000 0.175563
v 0.060196 -0.039250 0.175563
v 0.060196 -0.157000 0.175563
v 0.038551 -0.039250 0.185403
v 0.038551 -0.039250 0.185403
v 0.060196 -0.157000 0.175563
v 0.038551 -0.157000 0.185403
v 0.038551 -0.039250 0.185403
v 0.038551 -0.157000 0.185403
v 0.015892 -0.039250 0.192540
v 0.015892 -0.039250 0.192540
v 0.038551 -0.157000 0.185403
v 0.015892 -0.157000 0.192540
v 0.015892 -0.039250 0.192540
v 0.015892 -0.157000 0.192540
v -0.007455 -0.039250 0.196860
v -0.007455 -0.039250 0.196860
v 0.015892 -0.157000 0.192540
v -0.007455 -0.157000 0.196860
v -0.007455 -0.039250 0.196860
v -0.007455 -0.157000 0.196860
v -0.031149 -0.039250 0.198305
v -0.031149 -0.039250 0.198305
v -0.007455 -0.157000 0.196860
v -0.031149 -0.157000 0.198305
v -0.031149 -0.039250 0.198305
v -0.031149 -0.157000 0.198305
v -0.054842 -0.039250 0.196860
v -0.054842 -0.039250 0.196860
v -0.031149 -0.157000 0.198305
v -0.054842 -0.157000 0.196860
v -0.054842 -0.039250 0.196860
v -0.054842 -0.157000 0.196860
v -0.078189 -0.039250 0.192540
v -0.078189 -0.039250 0.192540
v -0.054842 -0.157000 0.196860
v -0.078189 -0.157000 0.192540
v -0.078189 -0.039250 0.192540
v -0.078189 -0.157000 0.192540
v -0.100848 -0.039250 0.185403
v -0.100848 -0.039250 0.185403
v -0.078189 -0.157000 0.192540
v -0.100848 -0.157000 0.185403
v -0.100848 -0.039250 0.185403
v -0.100848 -0.157000 0.185403
v -0.122493 -0.039250 0.175563
v -0.122493 -0.039250 0.175563
v -0.100848 -0.157000 0.185403
v -0.122493 -0.157000 0.175563
v -0.122493 -0.039250 0.175563
v -0.122493 -0.157000 0.175563
v -0.142805 -0.039250 0.163161
v -0.142805 -0.039250 0.163161
v -0.122493 -0.157000 0.175563
v -0.142805 -0.157000 0.163161
v -0.142805 -0.039250 0.163161
v -0.142805 -0.157000 0.163161
v -0.161490 -0.039250 0.148373
v -0.161490 -0.039250 0.148373
v -0.142805 -0.157000 0.163161
v -0.161490 -0.157000 0.148373
v -0.161490 -0.039250 0.148373
v -0.161490 -0.157000 0.148373
v -0.178277 -0.039250 0.131419
v -0.178277 -0.039250 0.131419
v -0.161490 -0.157000 0.148373
v -0.178277 -0.157000 0.131419
v -0.178277 -0.039250 0.131419
v -0.178277 -0.157000 0.131419
v -0.192912 -0.039250 0.112545
v -0.192912 -0.039250 0.112545
v -0.178277 -0.157000 0.131419
v -0.192912 -0.157000 0.112545
v -0.192912 -0.039250 0.112545
v -0.192912 -0.157000 0.112545
v -0.205193 -0.039250 0.092025
v -0.205193 -0.039250 0.092025
v -0.192912 -0.157000 0.112545
v -0.205193 -0.157000 0.092025
v -0.205193 -0.039250 0.092025
v -0.205193 -0.157000 0.092025
v -0.214934 -0.039250 0.070161
v -0.214934 -0.039250 0.070161
v -0.205193 -0.157000 0.092025
v -0.214934 -0.157000 0.070161
v -0.214934 -0.039250 0.070161
v -0.214934 -0.157000 0.070161
v -0.221994 -0.039250 0.047267
v -0.221994 -0.039250 0.047267
v -0.214934 -0.157000 0.070161
v -0.221994 -0.157000 0.047267
v -0.221994 -0.039250 0.047267
v -0.221994 -0.157000 0.047267
v -0.226276 -0.039250 0.023682
v -0.226276 -0.039250 0.023682
v -0.221994 -0.157000 0.047267
v -0.226276 -0.157000 0.023682
v -0.226276 -0.039250 -0.024182
v 0.163974 -0.039250 -0.024182
v -0.227706 -0.039250 -0.000252
v -0.227706 -0.039250 -0.000252
v 0.163974 -0.039250 -0.024182
v 0.165410 -0.039250 -0.000252
v -0.227706 -0.039250 -0.000252
v 0.165410 -0.039250 -0.000252
v -0.226276 -0.039250 0.023682
v -0.226276 -0.039250 0.023682
v 0.165410 -0.039250 -0.000252
v 0.163974 -0.039250 0.023682
v -0.226276 -0.039250 0.023682
v 0.163974 -0.039250 0.023682
v -0.221994 -0.039250 0.047267
v -0.221994 -0.039250 0.047267
v 0.163974 -0.039250 0.023682
v 0.159698 -0.039250 0.047267
v -0.221994 -0.039250 0.047267
v 0.159698 -0.039250 0.047267
v -0.214934 -0.039250 0.070161
v -0.214934 -0.039250 0.070161
v 0.159698 -0.039250 0.047267
v 0.152638 -0.039250 0.070161
v -0.214934 -0.039250 0.070161
v 0.152638 -0.039250 0.070161
v -0.205193 -0.039250 0.092025
v -0.205193 -0.039250 0.092025
v 0.152638 -0.039250 0.070161
v 0.142896 -0.039250 0.092025
v -0.205193 -0.039250 0.092025
v 0.142896 -0.039250 0.092025
v -0.192912 -0.039250 0.112545
v -0.192912 -0.039250 0.112545
v 0.142896 -0.039250 0.092025
v 0.130615 -0.039250 0.112545
v -0.192912 -0.039250 0.112545
v 0.130615 -0.039250 0.112545
v -0.178277 -0.039250 0.131419
v -0.178277 -0.039250 0.131419
v 0.130615 -0.039250 0.112545
v 0.115975 -0.039250 0.131419
v -0.178277 -0.039250 0.131419
v 0.115975 -0.039250 0.131419
v -0.161490 -0.039250 0.148373
v -0.161490 -0.039250 0.148373
v 0.115975 -0.039250 0.131419
v 0.099193 -0.039250 0.148373
v -0.161490 -0.039250 0.148373
v 0.099193 -0.039250 0.148373
v -0.142805 -0.039250 0.163161
v -0.142805 -0.039250 0.163161
v 0.099193 -0.039250 0.148373
v 0.080508 -0.039250 0.163161
v -0.142805 -0.039250 0.163161
v 0.080508 -0.039250 0.163161
v -0.122493 -0.039250 0.175563
v -0.122493 -0.039250 0.175563
v 0.080508 -0.039250 0.163161
v 0.060196 -0.039250 0.175563
v -0.122493 -0.039250 0.175563
v 0.060196 -0.039250 0.175563
v -0.100848 -0.039250 0.185403
v -0.100848 -0.039250 0.185403
v 0.060196 -0.039250 0.175563
v 0.038551 -0.039250 0.185403
v -0.100848 -0.039250 0.185403
v 0.038551 -0.039250 0.185403
v -0.078189 -0.039250 0.192540
v -0.078189 -0.039250 0.192540
v 0.038551 -0.039250 0.185403
v 0.015892 -0.039250 0.192540
v -0.078189 -0.039250 0.192540
v 0.015892 -0.039250 0.192540
v -0.054842 -0.039250 0.196860
v -0.054842 -0.039250 0.196860
v 0.015892 -0.039250 0.192540
v -0.007455 -0.039250 0.196860
v -0.054842 -0.039250 0.196860
v -0.007455 -0.039250 0.196860
v -0.031149 -0.039250 0.198305
v 0.163974 -0.039250 -0.024182
v -0.226276 -0.039250 -0.024182
v 0.159698 -0.039250 -0.047767
v 0.159698 -0.039250 -0.047767
v -0.226276 -0.039250 -0.024182
v -0.221994 -0.039250 -0.047767
v 0.159698 -0.039250 -0.047767
v -0.221994 -0.039250 -0.047767
v 0.152638 -0.039250 -0.070661
v 0.152638 -0.039250 -0.070661
v -0.221994 -0.039250 -0.047767
v -0.214934 -0.039250 -0.070661
v 0.152638 -0.039250 -0.070661
v -0.214934 -0.039250 -0.070661
v 0.142896 -0.039250 -0.092526
v 0.142896 -0.039250 -0.092526
v -0.214934 -0.039250 -0.070661
v -0.205193 -0.039250 -0.092526
v 0.142896 -0.039250 -0.092526
v -0.205193 -0.039250 -0.092526
v 0.130615 -0.039250 -0.113045
v 0.130615 -0.039250 -0.113045
v -0.205193 -0.039250 -0.092526
v -0.192912 -0.039250 -0.113045
v 0.130615 -0.039250 -0.113045
v -0.192912 -0.039250 -0.113045
v 0.115975 -0.039250 -0.131919
v 0.115975 -0.039250 -0.131919
v -0.192912 -0.039250 -0.113045
v -0.178277 -0.039250 -0.131919
v 0.115975 -0.039250 -0.131919
v -0.178277 -0.039250 -0.131919
v 0.099193 -0.039250 -0.148873
v 0.099193 -0.039250 -0.148873
v -0.178277 -0.039250 -0.131919
v -0.161490 -0.039250 -0.148873
v 0.099193 -0.039250 -0.148873
v -0.161490 -0.039250 -0.148873
v 0.080508 -0.039250 -0.163661
v 0.080508 -0.039250 -0.163661
v -0.161490 -0.039250 -0.148873
v -0.142805 -0.039250 -0.163661
v 0.080508 -0.039250 -0.163661
v -0.142805 -0.039250 -0.163661
v 0.060196 -0.039250 -0.176063
v 0.060196 -0.039250 -0.176063
v -0.142805 -0.039250 -0.163661
v -0.122493 -0.039250 -0.176063
v 0.060196 -0.039250 -0.176063
v -0.122493 -0.039250 -0.176063
v 0.038551 -0.039250 -0.185903
v 0.038551 -0.039250 -0.185903
v -0.122493 -0.039250 -0.176063
v -0.100848 -0.039250 -0.185903
v 0.038551 -0.039250 -0.185903
v -0.100848 -0.039250 -0.185903
v 0.015892 -0.039250 -0.193039
v 0.015892 -0.039250 -0.193039
v -0.100848 -0.039250 -0.185903
v -0.078189 -0.039250 -0.193039
v 0.015892 -0.039250 -0.193039
v -0.078189 -0.039250 -0.193039
v -0.007455 -0.039250 -0.197360
v -0.007455 -0.039250 -0.197360
v -0.078189 -0.039250 -0.193039
v -0.054842 -0.039250 -0.197360
v -0.007455 -0.039250 -0.197360
v -0.054842 -0.039250 -0.197360
v -0.031149 -0.039250 -0.198809
v -2.467038 -0.039250 2.088685
v -2.467038 -0.157000 2.088685
v -2.468468 -0.039250 2.064748
v -2.468468 -0.039250 2.064748
v -2.467038 -0.157000 2.088685
v -2.468468 -0.157000 2.064748
v -2.468468 -0.039250 2.064748
v -2.468468 -0.157000 2.064748
v -2.467038 -0.039250 2.040818
v -2.467038 -0.039250 2.040818
v -2.468468 -0.157000 2.064748
v -2.467038 -0.157000 2.040818
v -2.467038 -0.039250 2.040818
v -2.467038 -0.157000 2.040818
v -2.462756 -0.039250 2.017229
v -2.462756 -0.039250 2.017229
v -2.467038 -0.157000 2.040818
v -2.462756 -0.157000 2.017229
v -2.462756 -0.039250 2.017229
v -2.462756 -0.157000 2.017229
v -2.455701 -0.039250 1.994339
v -2.455701 -0.039250 1.994339
v -2.462756 -0.157000 2.017229
v -2.455701 -0.157000 1.994339
v -2.455701 -0.039250 1.994339
v -2.455701 -0.157000 1.994339
v -2.445958 -0.039250 1.972473
v -2.445958 -0.039250 1.972473
v -2.455701 -0.157000 1.994339
v -2.445958 -0.157000 1.972473
v -2.445958 -0.039250 1.972473
v -2.445958 -0.157000 1.972473
v -2.433678 -0.039250 1.951956
v -2.433678 -0.039250 1.951956
v -2.445958 -0.157000 1.972473
v -2.433678 -0.157000 1.951956
v -2.433678 -0.039250 1.951956
v -2.433678 -0.157000 1.951956
v -2.419040 -0.039250 1.933082
v -2.419040 -0.039250 1.933082
v -2.433678 -0.157000 1.951956
v -2.419040 -0.157000 1.933082
v -2.419040 -0.039250 1.933082
v -2.419040 -0.157000 1.933082
v -2.402250 -0.039250 1.916129
v -2.402250 -0.039250 1.916129
v -2.419040 -0.157000 1.933082
v -2.402250 -0.157000 1.916129
v -2.402250 -0.039250 1.916129
v -2.402250 -0.157000 1.916129
v -2.383566 -0.039250 1.901343
v -2.383566 -0.039250 1.901343
v -2.402250 -0.157000 1.916129
v -2.383566 -0.157000 1.901343
v -2.383566 -0.039250 1.901343
v -2.383566 -0.157000 1.901343
v -2.363256 -0.039250 1.888937
v -2.363256 -0.039250 1.888937
v -2.383566 -0.157000 1.901343
v -2.363256 -0.157000 1.888937
v -2.363256 -0.039250 1.888937
v -2.363256 -0.157000 1.888937
v -2.341609 -0.039250 1.879095
v -2.341609 -0.039250 1.879095
v -2.363256 -0.157000 1.888937
v -2.341609 -0.157000 1.879095
v -2.341609 -0.039250 1.879095
v -2.341609 -0.157000 1.879095
v -2.318950 -0.039250 1.871960
v -2.318950 -0.039250 1.871960
v -2.341609 -0.157000 1.879095
v -2.318950 -0.157000 1.871960
v -2.318950 -0.039250 1.871960
v -2.318950 -0.157000 1.871960
v -2.295607 -0.039250 1.867643
v -2.295607 -0.039250 1.867643
v -2.318950 -0.157000 1.871960
v -2.295607 -0.157000 1.867643
v -2.295607 -0.039250 1.867643
v -2.295607 -0.157000 1.867643
v -2.271910 -0.039250 1.866190
v -2.271910 -0.039250 1.866190
v -2.295607 -0.157000 1.867643
v -2.271910 -0.157000 1.866190
v -2.271910 -0.039250 1.866190
v -2.271910 -0.157000 1.866190
v -2.248221 -0.039250 1.867643
v -2.248221 -0.039250 1.867643
v -2.271910 -0.157000 1.866190
v -2.248221 -0.157000 1.867643
v -2.248221 -0.039250 1.867643
v -2.248221 -0.157000 1.867643
v -2.224870 -0.039250 1.871960
v -2.224870 -0.039250 1.871960
v -2.248221 -0.157000 1.867643
v -2.224870 -0.157000 1.871960
v -2.224870 -0.039250 1.871960
v -2.224870 -0.157000 1.871960
v -2.202211 -0.039250 1.879095
v -2.202211 -0.039250 1.879095
v -2.224870 -0.157000 1.871960
v -2.202211 -0.157000 1.879095
v -2.202211 -0.039250 1.879095
v -2.202211 -0.157000 1.879095
v -2.180565 -0.039250 1.888937
v -2.180565 -0.039250 1.888937
v -2.202211 -0.157000 1.879095
v -2.180565 -0.157000 1.888937
v -2.180565 -0.039250 1.888937
v -2.180565 -0.157000 1.888937
v -2.160254 -0.039250 1.901343
v -2.160254 -0.039250 1.901343
v -2.180565 -0.157000 1.888937
v -2.160254 -0.157000 1.901343
v -2.160254 -0.039250 1.901343
v -2.160254 -0.157000 1.901343
v -2.141571 -0.039250 1.916129
v -2.141571 -0.039250 1.916129
v -2.160254 -0.157000 1.901343
v -2.141571 -0.157000 1.916129
v -2.141571 -0.039250 1.916129
v -2.141571 -0.157000 1.916129
v -2.124788 -0.039250 1.933082
v -2.124788 -0.039250 1.933082
v -2.141571 -0.157000 1.916129
v -2.124788 -0.157000 1.933082
v -2.124788 -0.039250 1.933082
v -2.124788 -0.157000 1.933082
v -2.110151 -0.039250 1.951956
v -2.110151 -0.039250 1.951956
v -2.124788 -0.157000 1.933082
v -2.110151 -0.157000 1.951956
v -2.110151 -0.039250 1.951956
v -2.110151 -0.157000 1.951956
v -2.097870 -0.039250 1.972473
v -2.097870 -0.039250 1.972473
v -2.110151 -0.157000 1.951956
v -2.097870 -0.157000 1.972473
v -2.097870 -0.039250 1.972473
v -2.097870 -0.157000 1.972473
v -2.088127 -0.039250 1.994339
v -2.088127 -0.039250 1.994339
v -2.097870 -0.157000 1.972473
v -2.088127 -0.157000 1.994339
v -2.088127 -0.039250 1.994339
v -2.088127 -0.157000 1.994339
v -2.081064 -0.039250 2.017229
v -2.081064 -0.039250 2.017229
v -2.088127 -0.157000 1.994339
v -2.081064 -0.157000 2.017229
v -2.081064 -0.039250 2.017229
v -2.081064 -0.157000 2.017229
v -2.076790 -0.039250 2.040818
v -2.076790 -0.039250 2.040818
v -2.081064 -0.157000 2.017229
v -2.076790 -0.157000 2.040818
v -2.076790 -0.039250 2.040818
v -2.076790 -0.157000 2.040818
v -2.075352 -0.039250 2.064748
v -2.075352 -0.039250 2.064748
v -2.076790 -0.157000 2.040818
v -2.075352 -0.157000 2.064748
v -2.075352 -0.039250 2.064748
v -2.075352 -0.157000 2.064748
v -2.076790 -0.039250 2.088685
v -2.076790 -0.039250 2.088685
v -2.075352 -0.157000 2.064748
v -2.076790 -0.157000 2.088685
v -2.076790 -0.039250 2.088685
v -2.076790 -0.157000 2.088685
v -2.081064 -0.039251 2.112266
v -2.081064 -0.039251 2.112266
v -2.076790 -0.157000 2.088685
v -2.081064 -0.157000 2.112266
v -2.081064 -0.039251 2.112266
v -2.081064 -0.157000 2.112266
v -2.088127 -0.039251 2.135164
v -2.088127 -0.039251 2.135164
v -2.081064 -0.157000 2.112266
v -2.088127 -0.157000 2.135164
v -2.088127 -0.039251 2.135164
v -2.088127 -0.157000 2.135164
v -2.097870 -0.039251 2.157022
v -2.097870 -0.039251 2.157022
v -2.088127 -0.157000 2.135164
v -2.097870 -0.157000 2.157022
v -2.097870 -0.039251 2.157022
v -2.097870 -0.157000 2.157022
v -2.110151 -0.039251 2.177547
v -2.110151 -0.039251 2.177547
v -2.097870 -0.157000 2.157022
v -2.110151 -0.157000 2.177547
v -2.110151 -0.039251 2.177547
v -2.110151 -0.157000 2.177547
v -2.124788 -0.039251 2.196421
v -2.124788 -0.039251 2.196421
v -2.110151 -0.157000 2.177547
v -2.124788 -0.157000 2.196421
v -2.124788 -0.039251 2.196421
v -2.124788 -0.157000 2.196421
v -2.141571 -0.039251 2.213367
v -2.141571 -0.039251 2.213367
v -2.124788 -0.157000 2.196421
v -2.141571 -0.157000 2.213367
v -2.141571 -0.039251 2.213367
v -2.141571 -0.157000 2.213367
v -2.160254 -0.039251 2.228177
v -2.160254 -0.039251 2.228177
v -2.141571 -0.157000 2.213367
v -2.160254 -0.157000 2.228177
v -2.160254 -0.039251 2.228177
v -2.160254 -0.157000 2.228177
v -2.180565 -0.039251 2.240566
v -2.180565 -0.039251 2.240566
v -2.160254 -0.157000 2.228177
v -2.180565 -0.157000 2.240566
v -2.180565 -0.039251 2.240566
v -2.180565 -0.157000 2.240566
v -2.202211 -0.039251 2.250416
v -2.202211 -0.039251 2.250416
v -2.180565 -0.157000 2.240566
v -2.202211 -0.157000 2.250416
v -2.202211 -0.039251 2.250416
v -2.202211 -0.157000 2.250416
v -2.224870 -0.039251 2.257519
v -2.224870 -0.039251 2.257519
v -2.202211 -0.157000 2.250416
v -2.224870 -0.157000 2.257519
v -2.224870 -0.039251 2.257519
v -2.224870 -0.157000 2.257519
v -2.248221 -0.039251 2.261853
v -2.248221 -0.039251 2.261853
v -2.224870 -0.157000 2.257519
v -2.248221 -0.157000 2.261853
v -2.248221 -0.039251 2.261853
v -2.248221 -0.157000 2.261853
v -2.271910 -0.039251 2.263321
v -2.271910 -0.039251 2.263321
v -2.248221 -0.157000 2.261853
v -2.271910 -0.157000 2.263321
v -2.271910 -0.039251 2.263321
v -2.271910 -0.157000 2.263321
v -2.295607 -0.039251 2.261853
v -2.295607 -0.039251 2.261853
v -2.271910 -0.157000 2.263321
v -2.295607 -0.157000 2.261853
v -2.295607 -0.039251 2.261853
v -2.295607 -0.157000 2.261853
v -2.318950 -0.039251 2.257519
v -2.318950 -0.039251 2.257519
v -2.295607 -0.157000 2.261853
v -2.318950 -0.157000 2.257519
v -2.318950 -0.039251 2.257519
v -2.318950 -0.157000 2.257519
v -2.341609 -0.039251 2.250416
v -2.341609 -0.039251 2.250416
v -2.318950 -0.157000 2.257519
v -2.341609 -0.157000 2.250416
v -2.341609 -0.039251 2.250416
v -2.341609 -0.157000 2.250416
v -2.363256 -0.039251 2.240566
v -2.363256 -0.039251 2.240566
v -2.341609 -0.157000 2.250416
v -2.363256 -0.157000 2.240566
v -2.363256 -0.039251 2.240566
v -2.363256 -0.157000 2.240566
v -2.383566 -0.039251 2.228177
v -2.383566 -0.039251 2.228177
v -2.363256 -0.157000 2.240566
v -2.383566 -0.157000 2.228177
v -2.383566 -0.039251 2.228177
v -2.383566 -0.157000 2.228177
v -2.402250 -0.039251 2.213367
v -2.402250 -0.039251 2.213367
v -2.383566 -0.157000 2.228177
v -2.402250 -0.157000 2.213367
v -2.402250 -0.039251 2.213367
v -2.402250 -0.157000 2.213367
v -2.419040 -0.039251 2.196421
v -2.419040 -0.039251 2.196421
v -2.402250 -0.157000 2.213367
v -2.419040 -0.157000 2.196421
v -2.419040 -0.039251 2.196421
v -2.419040 -0.157000 2.196421
v -2.433678 -0.039251 2.177547
v -2.433678 -0.039251 2.177547
v -2.419040 -0.157000 2.196421
v -2.433678 -0.157000 2.177547
v -2.433678 -0.039251 2.177547
v -2.433678 -0.157000 2.177547
v -2.445958 -0.039251 2.157022
v -2.445958 -0.039251 2.157022
v -2.433678 -0.157000 2.177547
v -2.445958 -0.157000 2.157022
v -2.445958 -0.039251 2.157022
v -2.445958 -0.157000 2.157022
v -2.455701 -0.039251 2.135164
v -2.455701 -0.039251 2.135164
v -2.445958 -0.157000 2.157022
v -2.455701 -0.157000 2.135164
v -2.455701 -0.039251 2.135164
v -2.455701 -0.157000 2.135164
v -2.462756 -0.039251 2.112266
v -2.462756 -0.039251 2.112266
v -2.455701 -0.157000 2.135164
v -2.462756 -0.157000 2.112266
v -2.462756 -0.039251 2.112266
v -2.462756 -0.157000 2.112266
v -2.467038 -0.039250 2.088685
v -2.467038 -0.039250 2.088685
v -2.462756 -0.157000 2.112266
v -2.467038 -0.157000 2.088685
v -2.467038 -0.039250 2.040818
v -2.076790 -0.039250 2.040818
v -2.468468 -0.039250 2.064748
v -2.468468 -0.039250 2.064748
v -2.076790 -0.039250 2.040818
v -2.075352 -0.039250 2.064748
v -2.468468 -0.039250 2.064748
v -2.075352 -0.039250 2.064748
v -2.467038 -0.039250 2.088685
v -2.467038 -0.039250 2.088685
v -2.075352 -0.039250 2.064748
v -2.076790 -0.039250 2.088685
v -2.467038 -0.039250 2.088685
v -2.076790 -0.039250 2.088685
v -2.462756 -0.039251 2.112266
v -2.462756 -0.039251 2.112266
v -2.076790 -0.039250 2.088685
v -2.081064 -0.039251 2.112266
v -2.462756 -0.039251 2.112266
v -2.081064 -0.039251 2.112266
v -2.455701 -0.039251 2.135164
v -2.455701 -0.039251 2.135164
v -2.081064 -0.039251 2.112266
v -2.088127 -0.039251 2.135164
v -2.455701 -0.039251 2.135164
v -2.088127 -0.039251 2.135164
v -2.445958 -0.039251 2.157022
v -2.445958 -0.039251 2.157022
v -2.088127 -0.039251 2.135164
v -2.097870 -0.039251 2.157022
v -2.445958 -0.039251 2.157022
v -2.097870 -0.039251 2.157022
v -2.433678 -0.039251 2.177547
v -2.433678 -0.039251 2.177547
v -2.097870 -0.039251 2.157022
v -2.110151 -0.039251 2.177547
v -2.433678 -0.039251 2.177547
v -2.110151 -0.039251 2.177547
v -2.419040 -0.039251 2.196421
v -2.419040 -0.039251 2.196421
v -2.110151 -0.039251 2.177547
v -2.124788 -0.039251 2.196421
v -2.419040 -0.039251 2.196421
v -2.124788 -0.039251 2.196421
v -2.402250 -0.039251 2.213367
v -2.402250 -0.039251 2.213367
v -2.124788 -0.039251 2.196421
v -2.141571 -0.039251 2.213367
v -2.402250 -0.039251 2.213367
v -2.141571 -0.039251 2.213367
v -2.383566 -0.039251 2.228177
v -2.383566 -0.039251 2.228177
v -2.141571 -0.039251 2.213367
v -2.160254 -0.039251 2.228177
v -2.383566 -0.039251 2.228177
v -2.160254 -0.039251 2.228177
v -2.363256 -0.039251 2.240566
v -2.363256 -0.039251 2.240566
v -2.160254 -0.039251 2.228177
v -2.180565 -0.039251 2.240566
v -2.363256 -0.039251 2.240566
v -2.180565 -0.039251 2.240566
v -2.341609 -0.039251 2.250416
v -2.341609 -0.039251 2.250416
v -2.180565 -0.039251 2.240566
v -2.202211 -0.039251 2.250416
v -2.341609 -0.039251 2.250416
v -2.202211 -0.039251 2.250416
v -2.318950 -0.039251 2.257519
v -2.318950 -0.039251 2.257519
v -2.202211 -0.039251 2.250416
v -2.224870 -0.039251 2.257519
v -2.318950 -0.039251 2.257519
v -2.224870 -0.039251 2.257519
v -2.295607 -0.039251 2.261853
v -2.295607 -0.039251 2.261853
v -2.224870 -0.039251 2.257519
v -2.248221 -0.039251 2.261853
v -2.295607 -0.039251 2.261853
v -2.248221 -0.039251 2.261853
v -2.271910 -0.039251 2.263321
v -2.076790 -0.039250 2.040818
v -2.467038 -0.039250 2.040818
v -2.081064 -0.039250 2.017229
v -2.081064 -0.039250 2.017229
v -2.467038 -0.039250 2.040818
v -2.462756 -0.039250 2.017229
v -2.081064 -0.039250 2.017229
v -2.462756 -0.039250 2.017229
v -2.088127 -0.039250 1.994339
v -2.088127 -0.039250 1.994339
v -2.462756 -0.039250 2.017229
v -2.455701 -0.039250 1.994339
v -2.088127 -0.039250 1.994339
v -2.455701 -0.039250 1.994339
v -2.097870 -0.039250 1.972473
v -2.097870 -0.039250 1.972473
v -2.455701 -0.039250 1.994339
v -2.445958 -0.039250 1.972473
v -2.097870 -0.039250 1.972473
v -2.445958 -0.039250 1.972473
v -2.110151 -0.039250 1.951956
v -2.110151 -0.039250 1.951956
v -2.445958 -0.039250 1.972473
v -2.433678 -0.039250 1.951956
v -2.110151 -0.039250 1.951956
v -2.433678 -0.039250 1.951956
v -2.124788 -0.039250 1.933082
v -2.124788 -0.039250 1.933082
v -2.433678 -0.039250 1.951956
v -2.419040 -0.039250 1.933082
v -2.124788 -0.039250 1.933082
v -2.419040 -0.039250 1.933082
v -2.141571 -0.039250 1.916129
v -2.141571 -0.039250 1.916129
v -2.419040 -0.039250 1.933082
v -2.402250 -0.039250 1.916129
v -2.141571 -0.039250 1.916129
v -2.402250 -0.039250 1.916129
v -2.160254 -0.039250 1.901343
v -2.160254 -0.039250 1.901343
v -2.402250 -0.039250 1.916129
v -2.383566 -0.039250 1.901343
v -2.160254 -0.039250 1.901343
v -2.383566 -0.039250 1.901343
v -2.180565 -0.039250 1.888937
v -2.180565 -0.039250 1.888937
v -2.383566 -0.039250 1.901343
v -2.363256 -0.039250 1.888937
v -2.180565 -0.039250 1.888937
v -2.363256 -0.039250 1.888937
v -2.202211 -0.039250 1.879095
v -2.202211 -0.039250 1.879095
v -2.363256 -0.039250 1.888937
v -2.341609 -0.039250 1.879095
v -2.202211 -0.039250 1.879095
v -2.341609 -0.039250 1.879095
v -2.224870 -0.039250 1.871960
v -2.224870 -0.039250 1.871960
v -2.341609 -0.039250 1.879095
v -2.318950 -0.039250 1.871960
v -2.224870 -0.039250 1.871960
v -2.318950 -0.039250 1.871960
v -2.248221 -0.039250 1.867643
v -2.248221 -0.039250 1.867643
v -2.318950 -0.039250 1.871960
v -2.295607 -0.039250 1.867643
v -2.248221 -0.039250 1.867643
v -2.295607 -0.039250 1.867643
v -2.271910 -0.039250 1.866190
v 0.199124 0.157000 2.126989
v -0.229189 0.157000 2.126989
v 0.199124 0.137375 2.126989
v 0.199124 0.137375 2.126989
v -0.229189 0.157000 2.126989
v -0.229189 0.137375 2.126989
v -0.229189 0.157000 2.126989
v -0.015031 0.156999 2.259750
v -0.229189 0.137375 2.126989
v -0.229189 0.137375 2.126989
v -0.015031 0.156999 2.259750
v -0.015031 0.137375 2.259750
v -0.015031 0.156999 2.259750
v 0.199124 0.157000 2.126989
v -0.015031 0.137375 2.259750
v -0.015031 0.137375 2.259750
v 0.199124 0.157000 2.126989
v 0.199124 0.137375 2.126989
v -0.015031 0.137375 2.259750
v 0.199124 0.137375 2.126989
v -0.229189 0.137375 2.126989
v 2.594573 0.157000 -2.342992
v 1.977666 0.157000 -1.785908
v 2.594573 0.137375 -2.342992
v 2.594573 0.137375 -2.342992
v 1.977666 0.157000 -1.785908
v 1.977666 0.137375 -1.785908
v 2.005016 0.157000 -1.757335
v 2.594573 0.157000 -2.289727
v 2.005016 0.137375 -1.757335
v 2.005016 0.137375 -1.757335
v 2.594573 0.157000 -2.289727
v 2.594573 0.137375 -2.289727
v 2.594573 0.157000 -2.289727
v 2.594573 0.157000 -2.342992
v 2.594573 0.137375 -2.289727
v 2.594573 0.137375 -2.289727
v 2.594573 0.157000 -2.342992
v 2.594573 0.137375 -2.342992
v 2.594573 0.137375 -2.342992
v 1.977666 0.137375 -1.785908
v 2.594573 0.137375 -2.289727
v 2.594573 0.137375 -2.289727
v 1.977666 0.137375 -1.785908
v 1.986906 0.137375 -1.776503
v 2.594573 0.137375 -2.289727
v 1.986906 0.137375 -1.776503
v 1.996020 0.137375 -1.766979
v 1.996020 0.137375 -1.766979
v 2.005016 0.137375 -1.757335
v 2.594573 0.137375 -2.289727
v 2.594573 0.156999 2.342984
v 2.594573 0.156999 2.289688
v 2.594573 0.137375 2.342984
v 2.594573 0.137375 2.342984
v 2.594573 0.156999 2.289688
v 2.594573 0.137375 2.289688
v 2.594573 0.156999 2.289688
v 2.032987 0.157000 1.782575
v 2.594573 0.137375 2.289688
v 2.594573 0.137375 2.289688
v 2.032987 0.157000 1.782575
v 2.032987 0.137375 1.782575
v 2.006855 0.157000 1.812251
v 2.594573 0.156999 2.342984
v 2.006855 0.137375 1.812251
v 2.006855 0.137375 1.812251
v 2.594573 0.156999 2.342984
v 2.594573 0.137375 2.342984
v 2.594573 0.137375 2.342984
v 2.594573 0.137375 2.289688
v 2.006855 0.137375 1.812251
v 2.006855 0.137375 1.812251
v 2.594573 0.137375 2.289688
v 2.015694 0.137375 1.802472
v 2.015694 0.137375 1.802472
v 2.594573 0.137375 2.289688
v 2.024400 0.137375 1.792583
v 2.024400 0.137375 1.792583
v 2.594573 0.137375 2.289688
v 2.032987 0.137375 1.782575
v -2.594565 0.157000 -2.342992
v -1.989114 0.157000 -1.796250
v -2.594565 0.137375 -2.342992
v -2.594565 0.137375 -2.342992
v -1.989114 0.157000 -1.796250
v -1.989114 0.137375 -1.796250
v -1.960184 0.157000 -1.823386
v -2.535583 0.157000 -2.342992
v -1.960184 0.137375 -1.823386
v -1.960184 0.137375 -1.823386
v -2.535583 0.157000 -2.342992
v -2.535583 0.137375 -2.342992
v -2.535583 0.157000 -2.342992
v -2.594565 0.157000 -2.342992
v -2.535583 0.137375 -2.342992
v -2.535583 0.137375 -2.342992
v -2.594565 0.157000 -2.342992
v -2.594565 0.137375 -2.342992
v -2.594565 0.137375 -2.342992
v -1.989114 0.137375 -1.796250
v -2.535583 0.137375 -2.342992
v -2.535583 0.137375 -2.342992
v -1.989114 0.137375 -1.796250
v -1.979591 0.137375 -1.805425
v -2.535583 0.137375 -2.342992
v -1.979591 0.137375 -1.805425
v -1.969951 0.137375 -1.814465
v -1.969951 0.137375 -1.814465
v -1.960184 0.137375 -1.823386
v -2.535583 0.137375 -2.342992
v -2.594565 0.156999 2.342984
v -2.535583 0.156999 2.342984
v -2.594565 0.137375 2.342984
v -2.594565 0.137375 2.342984
v -2.535583 0.156999 2.342984
v -2.535583 0.137375 2.342984
v -2.535583 0.156999 2.342984
v -1.991062 0.157000 1.851253
v -2.535583 0.137375 2.342984
v -2.535583 0.137375 2.342984
v -1.991062 0.157000 1.851253
v -1.991062 0.137375 1.851253
v -2.018766 0.157000 1.822997
v -2.594565 0.156999 2.342984
v -2.018766 0.137375 1.822997
v -2.018766 0.137375 1.822997
v -2.594565 0.156999 2.342984
v -2.594565 0.137375 2.342984
v -2.594565 0.137375 2.342984
v -2.535583 0.137375 2.342984
v -2.018766 0.137375 1.822997
v -2.018766 0.137375 1.822997
v -2.535583 0.137375 2.342984
v -2.009652 0.137375 1.832538
v -2.009652 0.137375 1.832538
v -2.535583 0.137375 2.342984
v -2.000420 0.137375 1.841959
v -2.000420 0.137375 1.841959
v -2.535583 0.137375 2.342984
v -1.991062 0.137375 1.851253
v 2.040899 0.157000 -1.716206
v 2.005016 0.157000 -1.757335
v 2.035203 0.000000 -1.723040
v 2.035203 0.000000 -1.723040
v 2.005016 0.157000 -1.757335
v 2.005016 0.137375 -1.757335
v 2.035203 0.000000 -1.723040
v 2.005016 0.137375 -1.757335
v 1.998731 0.000000 -1.764106
v 1.998731 0.000000 -1.764106
v 2.005016 0.137375 -1.757335
v 1.996020 0.137375 -1.766979
v 1.998731 0.000000 -1.764106
v 1.996020 0.137375 -1.766979
v 1.986906 0.137375 -1.776503
v 1.986906 0.137375 -1.776503
v 1.977666 0.137375 -1.785908
v 1.998731 0.000000 -1.764106
v 1.998731 0.000000 -1.764106
v 1.977666 0.137375 -1.785908
v 1.960114 0.000001 -1.803108
v 1.960114 0.000001 -1.803108
v 1.977666 0.137375 -1.785908
v 1.977666 0.157000 -1.785908
v 1.960114 0.000001 -1.803108
v 1.977666 0.157000 -1.785908
v 1.938161 0.157000 -1.823505
v 1.960114 0.000001 -1.803108
v 1.938161 0.157000 -1.823505
v 1.919469 0.000001 -1.839950
v 1.919469 0.000001 -1.839950
v 1.938161 0.157000 -1.823505
v 1.896716 0.157000 -1.858896
v 1.919469 0.000001 -1.839950
v 1.896716 0.157000 -1.858896
v 1.876900 0.000001 -1.874508
v 1.876900 0.000001 -1.874508
v 1.896716 0.157000 -1.858896
v 1.853447 0.157000 -1.891985
v 1.876900 0.000001 -1.874508
v 1.853447 0.157000 -1.891985
v 1.832548 0.000001 -1.906692
v 1.832548 0.000001 -1.906692
v 1.853447 0.157000 -1.891985
v 1.808482 0.157000 -1.922677
v 1.832548 0.000001 -1.906692
v 1.808482 0.157000 -1.922677
v 1.786537 0.000001 -1.936408
v 1.786537 0.000001 -1.936408
v 1.808482 0.157000 -1.922677
v 1.761937 0.157000 -1.950885
v 1.786537 0.000001 -1.936408
v 1.761937 0.157000 -1.950885
v 1.738994 0.000001 -1.963560
v 1.738994 0.000001 -1.963560
v 1.761937 0.157000 -1.950885
v 1.713962 0.157000 -1.976513
v 1.738994 0.000001 -1.963560
v 1.713962 0.157000 -1.976513
v 1.690069 0.000001 -1.988069
v 1.690069 0.000001 -1.988069
v 1.713962 0.157000 -1.976513
v 1.664691 0.157000 -1.999498
v 1.690069 0.000001 -1.988069
v 1.664691 0.157000 -1.999498
v 1.639910 0.000001 -2.009864
v 1.639910 0.000001 -2.009864
v 1.664691 0.157000 -1.999498
v 1.614273 0.157000 -2.019777
v 1.639910 0.000001 -2.009864
v 1.614273 0.157000 -2.019777
v 1.588643 0.000001 -2.028889
v 1.588643 0.000001 -2.028889
v 1.614273 0.157000 -2.019777
v 1.562841 0.157000 -2.037286
v 1.588643 0.000001 -2.028889
v 1.562841 0.157000 -2.037286
v 1.536441 0.000001 -2.045080
v 1.536441 0.000001 -2.045080
v 1.562841 0.157000 -2.037286
v 1.510553 0.157000 -2.051969
v 1.536441 0.000001 -2.045080
v 1.510553 0.157000 -2.051969
v 1.483446 0.000001 -2.058398
v 1.483446 0.000001 -2.058398
v 1.510553 0.157000 -2.051969
v 1.457557 0.157000 -2.063795
v 1.483446 0.000001 -2.058398
v 1.457557 0.157000 -2.063795
v 1.429806 0.000001 -2.068795
v 1.429806 0.000001 -2.068795
v 1.457557 0.157000 -2.063795
v 1.404012 0.157000 -2.072716
v 1.429806 0.000001 -2.068795
v 1.404012 0.157000 -2.072716
v 1.375703 0.000001 -2.076240
v 1.375703 0.000001 -2.076240
v 1.404012 0.157000 -2.072716
v 1.350066 0.157000 -2.078725
v 1.375703 0.000001 -2.076240
v 1.350066 0.157000 -2.078725
v 1.321270 0.000001 -2.080717
v 1.321270 0.000001 -2.080717
v 1.350066 0.157000 -2.078725
v 1.295876 0.157000 -2.081780
v 1.321270 0.000001 -2.080717
v 1.295876 0.157000 -2.081780
v 1.266680 0.000001 -2.082209
v 1.266680 0.000001 -2.082209
v 1.295876 0.157000 -2.081780
v 1.241608 0.157000 -2.081899
v 1.266680 0.000001 -2.082209
v 1.241608 0.157000 -2.081899
v 1.212089 0.000001 -2.080717
v 1.212089 0.000001 -2.080717
v 1.241608 0.157000 -2.081899
v 1.187403 0.157000 -2.079058
v 1.212089 0.000001 -2.080717
v 1.187403 0.157000 -2.079058
v 1.157656 0.000001 -2.076240
v 1.157656 0.000001 -2.076240
v 1.187403 0.157000 -2.079058
v 1.133441 0.157000 -2.073280
v 1.157656 0.000001 -2.076240
v 1.133441 0.157000 -2.073280
v 1.103545 0.000001 -2.068795
v 1.103545 0.000001 -2.068795
v 1.133441 0.157000 -2.073280
v 1.079856 0.157000 -2.064573
v 1.103545 0.000001 -2.068795
v 1.079856 0.157000 -2.064573
v 1.049913 0.000001 -2.058398
v 1.049913 0.000001 -2.058398
v 1.079856 0.157000 -2.064573
v 1.026814 0.157000 -2.052969
v 1.049913 0.000001 -2.058398
v 1.026814 0.157000 -2.052969
v 0.996918 0.000001 -2.045080
v 0.996918 0.000001 -2.045080
v 1.026814 0.157000 -2.052969
v 0.974470 0.157000 -2.038501
v 0.996918 0.000001 -2.045080
v 0.974470 0.157000 -2.038501
v 0.944708 0.000001 -2.028889
v 0.944708 0.000001 -2.028889
v 0.974470 0.157000 -2.038501
v 0.922968 0.157000 -2.021206
v 0.944708 0.000001 -2.028889
v 0.922968 0.157000 -2.021206
v 0.893457 0.000001 -2.009864
v 0.893457 0.000001 -2.009864
v 0.922968 0.157000 -2.021206
v 0.872463 0.157000 -2.001141
v 0.893457 0.000001 -2.009864
v 0.872463 0.157000 -2.001141
v 0.843290 0.000001 -1.988069
v 0.843290 0.000001 -1.988069
v 0.872463 0.157000 -2.001141
v 0.823098 0.157000 -1.978354
v 0.843290 0.000001 -1.988069
v 0.823098 0.157000 -1.978354
v 0.794365 0.000001 -1.963560
v 0.794365 0.000001 -1.963560
v 0.823098 0.157000 -1.978354
v 0.775019 0.157000 -1.952925
v 0.794365 0.000001 -1.963560
v 0.775019 0.157000 -1.952925
v 0.746825 0.000001 -1.936408
v 0.746825 0.000001 -1.936408
v 0.775019 0.157000 -1.952925
v 0.728365 0.157000 -1.924915
v 0.746825 0.000001 -1.936408
v 0.728365 0.157000 -1.924915
v 0.700811 0.000001 -1.906692
v 0.700811 0.000001 -1.906692
v 0.728365 0.157000 -1.924915
v 0.683269 0.157000 -1.894406
v 0.700811 0.000001 -1.906692
v 0.683269 0.157000 -1.894406
v 0.656455 0.000001 -1.874508
v 0.656455 0.000001 -1.874508
v 0.683269 0.157000 -1.894406
v 0.639866 0.157000 -1.861491
v 0.656455 0.000001 -1.874508
v 0.639866 0.157000 -1.861491
v 0.613893 0.000001 -1.839950
v 0.613893 0.000001 -1.839950
v 0.639866 0.157000 -1.861491
v 0.598278 0.157000 -1.826275
v 0.613893 0.000001 -1.839950
v 0.598278 0.157000 -1.826275
v 0.573240 0.000001 -1.803108
v 0.573240 0.000001 -1.803108
v 0.598278 0.157000 -1.826275
v 0.558628 0.157000 -1.788837
v 0.573240 0.000001 -1.803108
v 0.558628 0.157000 -1.788837
v 0.534625 0.000000 -1.764106
v 0.534625 0.000000 -1.764106
v 0.558628 0.157000 -1.788837
v 0.521027 0.157000 -1.749303
v 0.534625 0.000000 -1.764106
v 0.521027 0.157000 -1.749303
v 0.498159 0.000000 -1.723040
v 0.498159 0.000000 -1.723040
v 0.521027 0.157000 -1.749303
v 0.485584 0.157000 -1.707785
v 0.498159 0.000000 -1.723040
v 0.485584 0.157000 -1.707785
v 0.463942 0.000000 -1.680038
v 0.463942 0.000000 -1.680038
v 0.485584 0.157000 -1.707785
v 0.452408 0.157000 -1.664402
v 0.463942 0.000000 -1.680038
v 0.452408 0.157000 -1.664402
v 0.432084 0.000000 -1.635234
v 0.432084 0.000000 -1.635234
v 0.452408 0.157000 -1.664402
v 0.421588 0.157000 -1.619273
v 0.432084 0.000000 -1.635234
v 0.421588 0.157000 -1.619273
v 0.402671 0.000000 -1.588755
v 0.402671 0.000000 -1.588755
v 0.421588 0.157000 -1.619273
v 0.393217 0.157000 -1.572540
v 0.402671 0.000000 -1.588755
v 0.393217 0.157000 -1.572540
v 0.375794 0.000000 -1.540729
v 0.375794 0.000000 -1.540729
v 0.393217 0.157000 -1.572540
v 0.367373 0.157000 -1.524331
v 0.375794 0.000000 -1.540729
v 0.367373 0.157000 -1.524331
v 0.351530 0.000000 -1.491306
v 0.351530 0.000000 -1.491306
v 0.367373 0.157000 -1.524331
v 0.344140 0.157000 -1.474781
v 0.351530 0.000000 -1.491306
v 0.344140 0.157000 -1.474781
v 0.329953 0.000000 -1.440637
v 0.329953 0.000000 -1.440637
v 0.344140 0.157000 -1.474781
v 0.323576 0.157000 -1.424048
v 0.329953 0.000000 -1.440637
v 0.323576 0.157000 -1.424048
v 0.311119 0.000000 -1.388848
v 0.311119 0.000000 -1.388848
v 0.323576 0.157000 -1.424048
v 0.305744 0.157000 -1.372268
v 0.311119 0.000000 -1.388848
v 0.305744 0.157000 -1.372268
v 0.295091 0.000000 -1.336115
v 0.295091 0.000000 -1.336115
v 0.305744 0.157000 -1.372268
v 0.290696 0.157000 -1.319591
v 0.295091 0.000000 -1.336115
v 0.290696 0.157000 -1.319591
v 0.281909 0.000000 -1.282581
v 0.281909 0.000000 -1.282581
v 0.290696 0.157000 -1.319591
v 0.278477 0.157000 -1.266175
v 0.281909 0.000000 -1.282581
v 0.278477 0.157000 -1.266175
v 0.271618 0.000000 -1.228404
v 0.271618 0.000000 -1.228404
v 0.278477 0.157000 -1.266175
v 0.269117 0.157000 -1.212173
v 0.271618 0.000000 -1.228404
v 0.269117 0.157000 -1.212173
v 0.264247 0.000000 -1.173742
v 0.264247 0.000000 -1.173742
v 0.269117 0.157000 -1.212173
v 0.262651 0.157000 -1.157741
v 0.264247 0.000000 -1.173742
v 0.262651 0.157000 -1.157741
v 0.259812 0.000000 -1.118755
v 0.259812 0.000000 -1.118755
v 0.262651 0.157000 -1.157741
v 0.259090 0.157000 -1.103040
v 0.259812 0.000000 -1.118755
v 0.259090 0.157000 -1.103040
v 0.258335 0.000000 -1.063610
v 0.258335 0.000000 -1.063610
v 0.259090 0.157000 -1.103040
v 0.258452 0.157000 -1.048212
v 0.258335 0.000000 -1.063610
v 0.258452 0.157000 -1.048212
v 0.259812 0.000000 -1.008464
v 0.259812 0.000000 -1.008464
v 0.258452 0.157000 -1.048212
v 0.260732 0.157000 -0.993439
v 0.259812 0.000000 -1.008464
v 0.260732 0.157000 -0.993439
v 0.264247 0.000000 -0.953477
v 0.264247 0.000000 -0.953477
v 0.260732 0.157000 -0.993439
v 0.265926 0.157000 -0.938873
v 0.264247 0.000000 -0.953477
v 0.265926 0.157000 -0.938873
v 0.271618 0.000000 -0.898823
v 0.271618 0.000000 -0.898823
v 0.265926 0.157000 -0.938873
v 0.274020 0.157000 -0.884656
v 0.271618 0.000000 -0.898823
v 0.274020 0.157000 -0.884656
v 0.281909 0.000000 -0.844646
v 0.281909 0.000000 -0.844646
v 0.274020 0.157000 -0.884656
v 0.284988 0.157000 -0.830963
v 0.281909 0.000000 -0.844646
v 0.284988 0.157000 -0.830963
v 0.295091 0.000000 -0.791107
v 0.295091 0.000000 -0.791107
v 0.284988 0.157000 -0.830963
v 0.298802 0.157000 -0.777947
v 0.295091 0.000000 -0.791107
v 0.298802 0.157000 -0.777947
v 0.311119 0.000000 -0.738370
v 0.311119 0.000000 -0.738370
v 0.298802 0.157000 -0.777947
v 0.315419 0.157000 -0.725758
v 0.311119 0.000000 -0.738370
v 0.315419 0.157000 -0.725758
v 0.329953 0.000000 -0.686586
v 0.329953 0.000000 -0.686586
v 0.315419 0.157000 -0.725758
v 0.334788 0.157000 -0.674546
v 0.329953 0.000000 -0.686586
v 0.334788 0.157000 -0.674546
v 0.351530 0.000000 -0.635910
v 0.351530 0.000000 -0.635910
v 0.334788 0.157000 -0.674546
v 0.356861 0.157000 -0.624462
v 0.351530 0.000000 -0.635910
v 0.356861 0.157000 -0.624462
v 0.375794 0.000000 -0.586489
v 0.375794 0.000000 -0.586489
v 0.356861 0.157000 -0.624462
v 0.381569 0.157000 -0.575648
v 0.375794 0.000000 -0.586489
v 0.381569 0.157000 -0.575648
v 0.402671 0.000000 -0.538466
v 0.402671 0.000000 -0.538466
v 0.381569 0.157000 -0.575648
v 0.408839 0.157000 -0.528248
v 0.402671 0.000000 -0.538466
v 0.408839 0.157000 -0.528248
v 0.432084 0.000000 -0.491984
v 0.432084 0.000000 -0.491984
v 0.408839 0.157000 -0.528248
v 0.438598 0.157000 -0.482401
v 0.432084 0.000000 -0.491984
v 0.438598 0.157000 -0.482401
v 0.463942 0.000000 -0.447177
v 0.463942 0.000000 -0.447177
v 0.438598 0.157000 -0.482401
v 0.470751 0.157000 -0.438234
v 0.463942 0.000000 -0.447177
v 0.470751 0.157000 -0.438234
v 0.498159 0.000000 -0.404182
v 0.498159 0.000000 -0.404182
v 0.470751 0.157000 -0.438234
v 0.505211 0.157000 -0.395882
v 0.498159 0.000000 -0.404182
v 0.505211 0.157000 -0.395882
v 0.534625 0.000000 -0.363120
v 0.534625 0.000000 -0.363120
v 0.505211 0.157000 -0.395882
v 0.541881 0.157000 -0.355464
v 0.534625 0.000000 -0.363120
v 0.541881 0.157000 -0.355464
v 0.573240 0.000000 -0.324112
v 0.573240 0.000000 -0.324112
v 0.541881 0.157000 -0.355464
v 0.580647 0.157000 -0.317095
v 0.573240 0.000000 -0.324112
v 0.580647 0.157000 -0.317095
v 0.613893 0.000000 -0.287271
v 0.613893 0.000000 -0.287271
v 0.580647 0.157000 -0.317095
v 0.621401 0.157000 -0.280890
v 0.613893 0.000000 -0.287271
v 0.621401 0.157000 -0.280890
v 0.656455 0.000000 -0.252710
v 0.656455 0.000000 -0.252710
v 0.621401 0.157000 -0.280890
v 0.664023 0.157000 -0.246952
v 0.656455 0.000000 -0.252710
v 0.664023 0.157000 -0.246952
v 0.700811 0.000000 -0.220524
v 0.700811 0.000000 -0.220524
v 0.664023 0.157000 -0.246952
v 0.708394 0.157000 -0.215382
v 0.700811 0.000000 -0.220524
v 0.708394 0.157000 -0.215382
v 0.746825 0.000000 -0.190816
v 0.746825 0.000000 -0.190816
v 0.708394 0.157000 -0.215382
v 0.754381 0.157000 -0.186269
v 0.746825 0.000000 -0.190816
v 0.754381 0.157000 -0.186269
v 0.794365 0.000000 -0.163665
v 0.794365 0.000000 -0.163665
v 0.754381 0.157000 -0.186269
v 0.801853 0.157000 -0.159694
v 0.794365 0.000000 -0.163665
v 0.801853 0.157000 -0.159694
v 0.843290 0.000000 -0.139155
v 0.843290 0.000000 -0.139155
v 0.801853 0.157000 -0.159694
v 0.850668 0.157000 -0.135740
v 0.843290 0.000000 -0.139155
v 0.850668 0.157000 -0.135740
v 0.893457 0.000000 -0.117354
v 0.893457 0.000000 -0.117354
v 0.850668 0.157000 -0.135740
v 0.900686 0.157000 -0.114474
v 0.893457 0.000000 -0.117354
v 0.900686 0.157000 -0.114474
v 0.944708 0.000000 -0.098331
v 0.944708 0.000000 -0.098331
v 0.900686 0.157000 -0.114474
v 0.951772 0.157000 -0.095956
v 0.944708 0.000000 -0.098331
v 0.951772 0.157000 -0.095956
v 0.996918 0.000000 -0.082138
v 0.996918 0.000000 -0.082138
v 0.951772 0.157000 -0.095956
v 1.003769 0.157000 -0.080243
v 0.996918 0.000000 -0.082138
v 1.003769 0.157000 -0.080243
v 1.049913 0.000000 -0.068822
v 1.049913 0.000000 -0.068822
v 1.003769 0.157000 -0.080243
v 1.056521 0.157000 -0.067376
v 1.049913 0.000000 -0.068822
v 1.056521 0.157000 -0.067376
v 1.103545 0.000000 -0.058429
v 1.103545 0.000000 -0.058429
v 1.056521 0.157000 -0.067376
v 1.109886 0.157000 -0.057401
v 1.103545 0.000000 -0.058429
v 1.109886 0.157000 -0.057401
v 1.157656 0.000000 -0.050980
v 1.157656 0.000000 -0.050980
v 1.109886 0.157000 -0.057401
v 1.163706 0.157000 -0.050336
v 1.157656 0.000000 -0.050980
v 1.163706 0.157000 -0.050336
v 1.212089 0.000000 -0.046504
v 1.212089 0.000000 -0.046504
v 1.163706 0.157000 -0.050336
v 1.217825 0.157000 -0.046206
v 1.212089 0.000000 -0.046504
v 1.217825 0.157000 -0.046206
v 1.266680 0.000000 -0.045011
v 1.266680 0.000000 -0.045011
v 1.217825 0.157000 -0.046206
v 1.272085 0.157000 -0.045023
v 1.266680 0.000000 -0.045011
v 1.272085 0.157000 -0.045023
v 1.321270 0.000000 -0.046504
v 1.321270 0.000000 -0.046504
v 1.272085 0.157000 -0.045023
v 1.326322 0.157000 -0.046794
v 1.321270 0.000000 -0.046504
v 1.326322 0.157000 -0.046794
v 1.375703 0.000000 -0.050980
v 1.375703 0.000000 -0.050980
v 1.326322 0.157000 -0.046794
v 1.380394 0.157000 -0.051508
v 1.375703 0.000000 -0.050980
v 1.380394 0.157000 -0.051508
v 1.429806 0.000000 -0.058429
v 1.429806 0.000000 -0.058429
v 1.380394 0.157000 -0.051508
v 1.434136 0.157000 -0.059152
v 1.429806 0.000000 -0.058429
v 1.434136 0.157000 -0.059152
v 1.483446 0.000000 -0.068822
v 1.483446 0.000000 -0.068822
v 1.434136 0.157000 -0.059152
v 1.487390 0.157000 -0.069711
v 1.483446 0.000000 -0.068822
v 1.487390 0.157000 -0.069711
v 1.536441 0.000000 -0.082138
v 1.536441 0.000000 -0.082138
v 1.487390 0.157000 -0.069711
v 1.540008 0.157000 -0.083145
v 1.536441 0.000000 -0.082138
v 1.540008 0.157000 -0.083145
v 1.588643 0.000000 -0.098331
v 1.588643 0.000000 -0.098331
v 1.540008 0.157000 -0.083145
v 1.591833 0.157000 -0.099419
v 1.588643 0.000000 -0.098331
v 1.591833 0.157000 -0.099419
v 1.639910 0.000000 -0.117354
v 1.639910 0.000000 -0.117354
v 1.591833 0.157000 -0.099419
v 1.642715 0.157000 -0.118489
v 1.639910 0.000000 -0.117354
v 1.642715 0.157000 -0.118489
v 1.690069 0.000000 -0.139155
v 1.690069 0.000000 -0.139155
v 1.642715 0.157000 -0.118489
v 1.692513 0.157000 -0.140298
v 1.690069 0.000000 -0.139155
v 1.692513 0.157000 -0.140298
v 1.738994 0.000000 -0.163665
v 1.738994 0.000000 -0.163665
v 1.692513 0.157000 -0.140298
v 1.741069 0.157000 -0.164777
v 1.738994 0.000000 -0.163665
v 1.741069 0.157000 -0.164777
v 1.786537 0.000000 -0.190816
v 1.786537 0.000000 -0.190816
v 1.741069 0.157000 -0.164777
v 1.788258 0.157000 -0.191864
v 1.786537 0.000000 -0.190816
v 1.788258 0.157000 -0.191864
v 1.832548 0.000000 -0.220524
v 1.832548 0.000000 -0.220524
v 1.788258 0.157000 -0.191864
v 1.833930 0.157000 -0.221473
v 1.832548 0.000000 -0.220524
v 1.833930 0.157000 -0.221473
v 1.876900 0.000000 -0.252710
v 1.876900 0.000000 -0.252710
v 1.833930 0.157000 -0.221473
v 1.877961 0.157000 -0.253524
v 1.876900 0.000000 -0.252710
v 1.877961 0.157000 -0.253524
v 1.919469 0.000000 -0.287271
v 1.919469 0.000000 -0.287271
v 1.877961 0.157000 -0.253524
v 1.920224 0.157000 -0.287923
v 1.919469 0.000000 -0.287271
v 1.920224 0.157000 -0.287923
v 1.960114 0.000000 -0.324112
v 1.960114 0.000000 -0.324112
v 1.920224 0.157000 -0.287923
v 1.960593 0.157000 -0.324564
v 1.960114 0.000000 -0.324112
v 1.960593 0.157000 -0.324564
v 1.998731 0.000000 -0.363120
v 1.998731 0.000000 -0.363120
v 1.960593 0.157000 -0.324564
v 1.998951 0.157000 -0.363350
v 1.998731 0.000000 -0.363120
v 1.998951 0.157000 -0.363350
v 2.035203 0.000000 -0.404182
v 2.035203 0.000000 -0.404182
v 1.998951 0.157000 -0.363350
v 2.035187 0.157000 -0.404162
v 2.035203 0.000000 -0.404182
v 2.035187 0.157000 -0.404162
v 2.069192 0.157000 -0.446888
v 2.035203 0.000000 -0.404182
v 2.069192 0.157000 -0.446888
v 2.069412 0.000000 -0.447177
v 2.069412 0.000000 -0.447177
v 2.069192 0.157000 -0.446888
v 2.100879 0.157000 -0.491396
v 2.069412 0.000000 -0.447177
v 2.100879 0.157000 -0.491396
v 2.101272 0.000000 -0.491984
v 2.101272 0.000000 -0.491984
v 2.100879 0.157000 -0.491396
v 2.130147 0.157000 -0.537565
v 2.101272 0.000000 -0.491984
v 2.130147 0.157000 -0.537565
v 2.130689 0.000000 -0.538466
v 2.130689 0.000000 -0.538466
v 2.130147 0.157000 -0.537565
v 2.156915 0.157000 -0.585258
v 2.130689 0.000000 -0.538466
v 2.156915 0.157000 -0.585258
v 2.157560 0.000000 -0.586489
v 2.157560 0.000000 -0.586489
v 2.156915 0.157000 -0.585258
v 2.181099 0.157000 -0.634334
v 2.157560 0.000000 -0.586489
v 2.181099 0.157000 -0.634334
v 2.181822 0.000000 -0.635910
v 2.181822 0.000000 -0.635910
v 2.181099 0.157000 -0.634334
v 2.202643 0.157000 -0.684656
v 2.181822 0.000000 -0.635910
v 2.202643 0.157000 -0.684656
v 2.203405 0.000000 -0.686586
v 2.203405 0.000000 -0.686586
v 2.202643 0.157000 -0.684656
v 2.221468 0.157000 -0.736075
v 2.203405 0.000000 -0.686586
v 2.221468 0.157000 -0.736075
v 2.222238 0.000000 -0.738370
v 2.222238 0.000000 -0.738370
v 2.221468 0.157000 -0.736075
v 2.237536 0.157000 -0.788442
v 2.222238 0.000000 -0.738370
v 2.237536 0.157000 -0.788442
v 2.238266 0.000000 -0.791107
v 2.238266 0.000000 -0.791107
v 2.237536 0.157000 -0.788442
v 2.250783 0.157000 -0.841606
v 2.238266 0.000000 -0.791107
v 2.250783 0.157000 -0.841606
v 2.251443 0.000000 -0.844646
v 2.251443 0.000000 -0.844646
v 2.250783 0.157000 -0.841606
v 2.261178 0.157000 -0.895411
v 2.251443 0.000000 -0.844646
v 2.261178 0.157000 -0.895411
v 2.261735 0.000000 -0.898823
v 2.261735 0.000000 -0.898823
v 2.261178 0.157000 -0.895411
v 2.268697 0.157000 -0.949715
v 2.261735 0.000000 -0.898823
v 2.268697 0.157000 -0.949715
v 2.269113 0.000000 -0.953477
v 2.269113 0.000000 -0.953477
v 2.268697 0.157000 -0.949715
v 2.273316 0.157000 -1.004337
v 2.269113 0.000000 -0.953477
v 2.273316 0.157000 -1.004337
v 2.273545 0.000000 -1.008464
v 2.273545 0.000000 -1.008464
v 2.273316 0.157000 -1.004337
v 2.275014 0.157000 -1.059133
v 2.273545 0.000000 -1.008464
v 2.275014 0.157000 -1.059133
v 2.275022 0.000000 -1.063610
v 2.275022 0.000000 -1.063610
v 2.275014 0.157000 -1.059133
v 2.273788 0.157000 -1.113945
v 2.275022 0.000000 -1.063610
v 2.273788 0.157000 -1.113945
v 2.273545 0.000000 -1.118755
v 2.273545 0.000000 -1.118755
v 2.273788 0.157000 -1.113945
v 2.269655 0.157000 -1.168607
v 2.273545 0.000000 -1.118755
v 2.269655 0.157000 -1.168607
v 2.269113 0.000000 -1.173742
v 2.269113 0.000000 -1.173742
v 2.269655 0.157000 -1.168607
v 2.262608 0.157000 -1.222967
v 2.269113 0.000000 -1.173742
v 2.262608 0.157000 -1.222967
v 2.261735 0.000000 -1.228404
v 2.261735 0.000000 -1.228404
v 2.262608 0.157000 -1.222967
v 2.252676 0.157000 -1.276866
v 2.261735 0.000000 -1.228404
v 2.252676 0.157000 -1.276866
v 2.251443 0.000000 -1.282581
v 2.251443 0.000000 -1.282581
v 2.252676 0.157000 -1.276866
v 2.239885 0.157000 -1.330147
v 2.251443 0.000000 -1.282581
v 2.239885 0.157000 -1.330147
v 2.238266 0.000000 -1.336115
v 2.238266 0.000000 -1.336115
v 2.239885 0.157000 -1.330147
v 2.224289 0.157000 -1.382650
v 2.238266 0.000000 -1.336115
v 2.224289 0.157000 -1.382650
v 2.222238 0.000000 -1.388848
v 2.222238 0.000000 -1.388848
v 2.224289 0.157000 -1.382650
v 2.205904 0.157000 -1.434240
v 2.222238 0.000000 -1.388848
v 2.205904 0.157000 -1.434240
v 2.203405 0.000000 -1.440637
v 2.203405 0.000000 -1.440637
v 2.205904 0.157000 -1.434240
v 2.184808 0.157000 -1.484750
v 2.203405 0.000000 -1.440637
v 2.184808 0.157000 -1.484750
v 2.181822 0.000000 -1.491306
v 2.181822 0.000000 -1.491306
v 2.184808 0.157000 -1.484750
v 2.161048 0.157000 -1.534038
v 2.181822 0.000000 -1.491306
v 2.161048 0.157000 -1.534038
v 2.157560 0.000000 -1.540729
v 2.157560 0.000000 -1.540729
v 2.161048 0.157000 -1.534038
v 2.134696 0.157000 -1.581961
v 2.157560 0.000000 -1.540729
v 2.134696 0.157000 -1.581961
v 2.130689 0.000000 -1.588755
v 2.130689 0.000000 -1.588755
v 2.134696 0.157000 -1.581961
v 2.105829 0.157000 -1.628392
v 2.130689 0.000000 -1.588755
v 2.105829 0.157000 -1.628392
v 2.101272 0.000000 -1.635234
v 2.101272 0.000000 -1.635234
v 2.105829 0.157000 -1.628392
v 2.074535 0.157000 -1.673180
v 2.101272 0.000000 -1.635234
v 2.074535 0.157000 -1.673180
v 2.069412 0.000000 -1.680038
v 2.069412 0.000000 -1.680038
v 2.074535 0.157000 -1.673180
v 2.040899 0.157000 -1.716206
v 2.069412 0.000000 -1.680038
v 2.040899 0.157000 -1.716206
v 2.035203 0.000000 -1.723040
v 1.968945 0.157000 1.851475
v 2.006855 0.157000 1.812251
v 1.998731 -0.000000 1.821013
v 1.998731 -0.000000 1.821013
v 2.006855 0.157000 1.812251
v 2.006855 0.137375 1.812251
v 1.998731 -0.000000 1.821013
v 2.006855 0.137375 1.812251
v 2.015694 0.137375 1.802472
v 1.998731 -0.000000 1.821013
v 2.015694 0.137375 1.802472
v 2.035203 -0.000000 1.779956
v 2.035203 -0.000000 1.779956
v 2.015694 0.137375 1.802472
v 2.024400 0.137375 1.792583
v 2.035203 -0.000000 1.779956
v 2.024400 0.137375 1.792583
v 2.032987 0.137375 1.782575
v 2.032987 0.137375 1.782575
v 2.032987 0.157000 1.782575
v 2.035203 -0.000000 1.779956
v 2.035203 -0.000000 1.779956
v 2.032987 0.157000 1.782575
v 2.067141 0.157000 1.739969
v 2.035203 -0.000000 1.779956
v 2.067141 0.157000 1.739969
v 2.069412 -0.000000 1.736953
v 2.069412 -0.000000 1.736953
v 2.067141 0.157000 1.739969
v 2.098970 0.157000 1.695562
v 2.069412 -0.000000 1.736953
v 2.098970 0.157000 1.695562
v 2.101272 -0.000000 1.692149
v 2.101272 -0.000000 1.692149
v 2.098970 0.157000 1.695562
v 2.128394 0.157000 1.649496
v 2.101272 -0.000000 1.692149
v 2.128394 0.157000 1.649496
v 2.130689 -0.000000 1.645671
v 2.130689 -0.000000 1.645671
v 2.128394 0.157000 1.649496
v 2.155320 0.157000 1.601899
v 2.130689 -0.000000 1.645671
v 2.155320 0.157000 1.601899
v 2.157560 -0.000000 1.597645
v 2.157560 -0.000000 1.597645
v 2.155320 0.157000 1.601899
v 2.179669 0.157000 1.552904
v 2.157560 -0.000000 1.597645
v 2.179669 0.157000 1.552904
v 2.181822 -0.000000 1.548221
v 2.181822 -0.000000 1.548221
v 2.179669 0.157000 1.552904
v 2.201378 0.157000 1.502656
v 2.181822 -0.000000 1.548221
v 2.201378 0.157000 1.502656
v 2.203405 -0.000000 1.497544
v 2.203405 -0.000000 1.497544
v 2.201378 0.157000 1.502656
v 2.220376 0.157000 1.451296
v 2.203405 -0.000000 1.497544
v 2.220376 0.157000 1.451296
v 2.222238 -0.000000 1.445764
v 2.222238 -0.000000 1.445764
v 2.220376 0.157000 1.451296
v 2.236609 0.157000 1.398992
v 2.222238 -0.000000 1.445764
v 2.236609 0.157000 1.398992
v 2.238266 -0.000000 1.393031
v 2.238266 -0.000000 1.393031
v 2.236609 0.157000 1.398992
v 2.250036 0.157000 1.345862
v 2.238266 -0.000000 1.393031
v 2.250036 0.157000 1.345862
v 2.251443 -0.000000 1.339489
v 2.251443 -0.000000 1.339489
v 2.250036 0.157000 1.345862
v 2.260620 0.157000 1.292089
v 2.251443 -0.000000 1.339489
v 2.260620 0.157000 1.292089
v 2.261735 -0.000000 1.285311
v 2.261735 -0.000000 1.285311
v 2.260620 0.157000 1.292089
v 2.268312 0.157000 1.237825
v 2.261735 -0.000000 1.285311
v 2.268312 0.157000 1.237825
v 2.269113 -0.000000 1.230658
v 2.269113 -0.000000 1.230658
v 2.268312 0.157000 1.237825
v 2.273112 0.157000 1.183219
v 2.269113 -0.000000 1.230658
v 2.273112 0.157000 1.183219
v 2.273545 -0.000000 1.175671
v 2.273545 -0.000000 1.175671
v 2.273112 0.157000 1.183219
v 2.274990 0.157000 1.128422
v 2.273545 -0.000000 1.175671
v 2.274990 0.157000 1.128422
v 2.275022 -0.000000 1.120525
v 2.275022 -0.000000 1.120525
v 2.274990 0.157000 1.128422
v 2.273953 0.157000 1.073610
v 2.275022 -0.000000 1.120525
v 2.273953 0.157000 1.073610
v 2.273545 -0.000000 1.065380
v 2.273545 -0.000000 1.065380
v 2.273953 0.157000 1.073610
v 2.269993 0.157000 1.018933
v 2.273545 -0.000000 1.065380
v 2.269993 0.157000 1.018933
v 2.269113 -0.000000 1.010393
v 2.269113 -0.000000 1.010393
v 2.269993 0.157000 1.018933
v 2.263126 0.157000 0.964549
v 2.269113 -0.000000 1.010393
v 2.263126 0.157000 0.964549
v 2.261735 -0.000000 0.955731
v 2.261735 -0.000000 0.955731
v 2.263126 0.157000 0.964549
v 2.253383 0.157000 0.910618
v 2.261735 -0.000000 0.955731
v 2.253383 0.157000 0.910618
v 2.251443 -0.000000 0.901554
v 2.251443 -0.000000 0.901554
v 2.253383 0.157000 0.910618
v 2.240773 0.157000 0.857297
v 2.251443 -0.000000 0.901554
v 2.240773 0.157000 0.857297
v 2.238266 -0.000000 0.848019
v 2.238266 -0.000000 0.848019
v 2.240773 0.157000 0.857297
v 2.225342 0.157000 0.804731
v 2.238266 -0.000000 0.848019
v 2.225342 0.157000 0.804731
v 2.222238 -0.000000 0.795286
v 2.222238 -0.000000 0.795286
v 2.225342 0.157000 0.804731
v 2.207129 0.157000 0.753083
v 2.222238 -0.000000 0.795286
v 2.207129 0.157000 0.753083
v 2.203405 -0.000000 0.743501
v 2.203405 -0.000000 0.743501
v 2.207129 0.157000 0.753083
v 2.186198 0.157000 0.702503
v 2.203405 -0.000000 0.743501
v 2.186198 0.157000 0.702503
v 2.181822 -0.000000 0.692826
v 2.181822 -0.000000 0.692826
v 2.186198 0.157000 0.702503
v 2.162604 0.157000 0.653134
v 2.181822 -0.000000 0.692826
v 2.162604 0.157000 0.653134
v 2.157560 -0.000000 0.643404
v 2.157560 -0.000000 0.643404
v 2.162604 0.157000 0.653134
v 2.136416 0.157000 0.605115
v 2.157560 -0.000000 0.643404
v 2.136416 0.157000 0.605115
v 2.130689 -0.000000 0.595381
v 2.130689 -0.000000 0.595381
v 2.136416 0.157000 0.605115
v 2.107699 0.157000 0.558593
v 2.130689 -0.000000 0.595381
v 2.107699 0.157000 0.558593
v 2.101272 -0.000000 0.548899
v 2.101272 -0.000000 0.548899
v 2.107699 0.157000 0.558593
v 2.076554 0.157000 0.513694
v 2.101272 -0.000000 0.548899
v 2.076554 0.157000 0.513694
v 2.069412 -0.000000 0.504092
v 2.069412 -0.000000 0.504092
v 2.076554 0.157000 0.513694
v 2.043060 0.157000 0.470556
v 2.069412 -0.000000 0.504092
v 2.043060 0.157000 0.470556
v 2.035203 -0.000000 0.461096
v 2.035203 -0.000000 0.461096
v 2.043060 0.157000 0.470556
v 2.007318 0.157000 0.429304
v 2.035203 -0.000000 0.461096
v 2.007318 0.157000 0.429304
v 1.998731 -0.000000 0.420031
v 1.998731 -0.000000 0.420031
v 2.007318 0.157000 0.429304
v 1.969432 0.157000 0.390049
v 1.998731 -0.000000 0.420031
v 1.969432 0.157000 0.390049
v 1.960114 -0.000000 0.381027
v 1.960114 -0.000000 0.381027
v 1.969432 0.157000 0.390049
v 1.929503 0.157000 0.352915
v 1.960114 -0.000000 0.381027
v 1.929503 0.157000 0.352915
v 1.919469 -0.000000 0.344186
v 1.919469 -0.000000 0.344186
v 1.929503 0.157000 0.352915
v 1.887664 0.157000 0.318000
v 1.919469 -0.000000 0.344186
v 1.887664 0.157000 0.318000
v 1.876900 -0.000000 0.309625
v 1.876900 -0.000000 0.309625
v 1.887664 0.157000 0.318000
v 1.844019 0.157000 0.285413
v 1.876900 -0.000000 0.309625
v 1.844019 0.157000 0.285413
v 1.832548 -0.000000 0.277439
v 1.832548 -0.000000 0.277439
v 1.844019 0.157000 0.285413
v 1.798700 0.157000 0.255244
v 1.832548 -0.000000 0.277439
v 1.798700 0.157000 0.255244
v 1.786537 -0.000000 0.247731
v 1.786537 -0.000000 0.247731
v 1.798700 0.157000 0.255244
v 1.751841 0.157000 0.227581
v 1.786537 -0.000000 0.247731
v 1.751841 0.157000 0.227581
v 1.738994 -0.000000 0.220580
v 1.738994 -0.000000 0.220580
v 1.751841 0.157000 0.227581
v 1.703583 0.157000 0.202503
v 1.738994 -0.000000 0.220580
v 1.703583 0.157000 0.202503
v 1.690069 -0.000000 0.196066
v 1.690069 -0.000000 0.196066
v 1.703583 0.157000 0.202503
v 1.654053 0.157000 0.180090
v 1.690069 -0.000000 0.196066
v 1.654053 0.157000 0.180090
v 1.639910 -0.000000 0.174268
v 1.639910 -0.000000 0.174268
v 1.654053 0.157000 0.180090
v 1.603399 0.157000 0.160397
v 1.639910 -0.000000 0.174268
v 1.603399 0.157000 0.160397
v 1.588643 -0.000000 0.155243
v 1.588643 -0.000000 0.155243
v 1.603399 0.157000 0.160397
v 1.551778 0.157000 0.143484
v 1.588643 -0.000000 0.155243
v 1.551778 0.157000 0.143484
v 1.536441 -0.000000 0.139052
v 1.536441 -0.000000 0.139052
v 1.551778 0.157000 0.143484
v 1.499325 0.157000 0.129406
v 1.536441 -0.000000 0.139052
v 1.499325 0.157000 0.129406
v 1.483446 -0.000000 0.125737
v 1.483446 -0.000000 0.125737
v 1.499325 0.157000 0.129406
v 1.446204 0.157000 0.118196
v 1.483446 -0.000000 0.125737
v 1.446204 0.157000 0.118196
v 1.429806 -0.000000 0.115340
v 1.429806 -0.000000 0.115340
v 1.446204 0.157000 0.118196
v 1.392556 0.157000 0.109892
v 1.429806 -0.000000 0.115340
v 1.392556 0.157000 0.109892
v 1.375703 -0.000000 0.107894
v 1.375703 -0.000000 0.107894
v 1.392556 0.157000 0.109892
v 1.338547 0.157000 0.104515
v 1.375703 -0.000000 0.107894
v 1.338547 0.157000 0.104515
v 1.321270 -0.000000 0.103419
v 1.321270 -0.000000 0.103419
v 1.338547 0.157000 0.104515
v 1.284326 0.157000 0.102081
v 1.321270 -0.000000 0.103419
v 1.284326 0.157000 0.102081
v 1.266680 -0.000000 0.101922
v 1.266680 -0.000000 0.101922
v 1.284326 0.157000 0.102081
v 1.230058 0.157000 0.102597
v 1.266680 -0.000000 0.101922
v 1.230058 0.157000 0.102597
v 1.212089 -0.000000 0.103419
v 1.212089 -0.000000 0.103419
v 1.230058 0.157000 0.102597
v 1.175892 0.157000 0.106060
v 1.212089 -0.000000 0.103419
v 1.175892 0.157000 0.106060
v 1.157656 -0.000000 0.107894
v 1.157656 -0.000000 0.107894
v 1.175892 0.157000 0.106060
v 1.121993 0.157000 0.112465
v 1.157656 -0.000000 0.107894
v 1.121993 0.157000 0.112465
v 1.103545 -0.000000 0.115340
v 1.103545 -0.000000 0.115340
v 1.121993 0.157000 0.112465
v 1.068511 0.157000 0.121790
v 1.103545 -0.000000 0.115340
v 1.068511 0.157000 0.121790
v 1.049913 -0.000000 0.125737
v 1.049913 -0.000000 0.125737
v 1.068511 0.157000 0.121790
v 1.015610 0.157000 0.134004
v 1.049913 -0.000000 0.125737
v 1.015610 0.157000 0.134004
v 0.996918 -0.000000 0.139052
v 0.996918 -0.000000 0.139052
v 1.015610 0.157000 0.134004
v 0.963424 0.157000 0.149079
v 0.996918 -0.000000 0.139052
v 0.963424 0.157000 0.149079
v 0.944708 -0.000000 0.155243
v 0.944708 -0.000000 0.155243
v 0.963424 0.157000 0.149079
v 0.912125 0.157000 0.166970
v 0.944708 -0.000000 0.155243
v 0.912125 0.157000 0.166970
v 0.893457 -0.000000 0.174268
v 0.893457 -0.000000 0.174268
v 0.912125 0.157000 0.166970
v 0.861848 0.157000 0.187619
v 0.893457 -0.000000 0.174268
v 0.861848 0.157000 0.187619
v 0.843290 -0.000000 0.196066
v 0.843290 -0.000000 0.196066
v 0.861848 0.157000 0.187619
v 0.812750 0.157000 0.210973
v 0.843290 -0.000000 0.196066
v 0.812750 0.157000 0.210973
v 0.794365 -0.000000 0.220580
v 0.794365 -0.000000 0.220580
v 0.812750 0.157000 0.210973
v 0.764963 0.157000 0.236961
v 0.794365 -0.000000 0.220580
v 0.764963 0.157000 0.236961
v 0.746825 -0.000000 0.247731
v 0.746825 -0.000000 0.247731
v 0.764963 0.157000 0.236961
v 0.718630 0.157000 0.265510
v 0.746825 -0.000000 0.247731
v 0.718630 0.157000 0.265510
v 0.700811 -0.000000 0.277439
v 0.700811 -0.000000 0.277439
v 0.718630 0.157000 0.265510
v 0.673882 0.157000 0.296536
v 0.700811 -0.000000 0.277439
v 0.673882 0.157000 0.296536
v 0.656455 -0.000000 0.309625
v 0.656455 -0.000000 0.309625
v 0.673882 0.157000 0.296536
v 0.630855 0.157000 0.329949
v 0.656455 -0.000000 0.309625
v 0.630855 0.157000 0.329949
v 0.613893 -0.000000 0.344186
v 0.613893 -0.000000 0.344186
v 0.630855 0.157000 0.329949
v 0.589668 0.157000 0.365650
v 0.613893 -0.000000 0.344186
v 0.589668 0.157000 0.365650
v 0.573240 -0.000000 0.381027
v 0.573240 -0.000000 0.381027
v 0.589668 0.157000 0.365650
v 0.550444 0.157000 0.403539
v 0.573240 -0.000000 0.381027
v 0.550444 0.157000 0.403539
v 0.534625 -0.000000 0.420031
v 0.534625 -0.000000 0.420031
v 0.550444 0.157000 0.403539
v 0.513294 0.157000 0.443508
v 0.534625 -0.000000 0.420031
v 0.513294 0.157000 0.443508
v 0.498159 -0.000000 0.461096
v 0.498159 -0.000000 0.461096
v 0.513294 0.157000 0.443508
v 0.478326 0.157000 0.485436
v 0.498159 -0.000000 0.461096
v 0.478326 0.157000 0.485436
v 0.463942 -0.000000 0.504092
v 0.463942 -0.000000 0.504092
v 0.478326 0.157000 0.485436
v 0.445643 0.157000 0.529202
v 0.463942 -0.000000 0.504092
v 0.445643 0.157000 0.529202
v 0.432084 -0.000000 0.548899
v 0.432084 -0.000000 0.548899
v 0.445643 0.157000 0.529202
v 0.415338 0.157000 0.574684
v 0.432084 -0.000000 0.548899
v 0.415338 0.157000 0.574684
v 0.402671 -0.000000 0.595381
v 0.402671 -0.000000 0.595381
v 0.415338 0.157000 0.574684
v 0.387497 0.157000 0.621742
v 0.402671 -0.000000 0.595381
v 0.387497 0.157000 0.621742
v 0.375794 -0.000000 0.643404
v 0.375794 -0.000000 0.643404
v 0.387497 0.157000 0.621742
v 0.362204 0.157000 0.670250
v 0.375794 -0.000000 0.643404
v 0.362204 0.157000 0.670250
v 0.351530 -0.000000 0.692826
v 0.351530 -0.000000 0.692826
v 0.362204 0.157000 0.670250
v 0.339533 0.157000 0.720060
v 0.351530 -0.000000 0.692826
v 0.339533 0.157000 0.720060
v 0.329953 -0.000000 0.743501
v 0.329953 -0.000000 0.743501
v 0.339533 0.157000 0.720060
v 0.319547 0.157000 0.771034
v 0.329953 -0.000000 0.743501
v 0.319547 0.157000 0.771034
v 0.311119 -0.000000 0.795286
v 0.311119 -0.000000 0.795286
v 0.319547 0.157000 0.771034
v 0.302305 0.157000 0.823018
v 0.311119 -0.000000 0.795286
v 0.302305 0.157000 0.823018
v 0.295091 -0.000000 0.848019
v 0.295091 -0.000000 0.848019
v 0.302305 0.157000 0.823018
v 0.287853 0.157000 0.875862
v 0.295091 -0.000000 0.848019
v 0.287853 0.157000 0.875862
v 0.281909 -0.000000 0.901554
v 0.281909 -0.000000 0.901554
v 0.287853 0.157000 0.875862
v 0.276241 0.157000 0.929412
v 0.281909 -0.000000 0.901554
v 0.276241 0.157000 0.929412
v 0.271618 -0.000000 0.955731
v 0.271618 -0.000000 0.955731
v 0.276241 0.157000 0.929412
v 0.267498 0.157000 0.983518
v 0.271618 -0.000000 0.955731
v 0.267498 0.157000 0.983518
v 0.264247 -0.000000 1.010393
v 0.264247 -0.000000 1.010393
v 0.267498 0.157000 0.983518
v 0.261649 0.157000 1.038029
v 0.264247 -0.000000 1.010393
v 0.261649 0.157000 1.038029
v 0.259812 -0.000000 1.065380
v 0.259812 -0.000000 1.065380
v 0.261649 0.157000 1.038029
v 0.258712 0.157000 1.092770
v 0.259812 -0.000000 1.065380
v 0.258712 0.157000 1.092770
v 0.258335 -0.000000 1.120525
v 0.258335 -0.000000 1.120525
v 0.258712 0.157000 1.092770
v 0.258692 0.157000 1.147590
v 0.258335 -0.000000 1.120525
v 0.258692 0.157000 1.147590
v 0.259812 -0.000000 1.175671
v 0.259812 -0.000000 1.175671
v 0.258692 0.157000 1.147590
v 0.261594 0.157000 1.202339
v 0.259812 -0.000000 1.175671
v 0.261594 0.157000 1.202339
v 0.264247 -0.000000 1.230658
v 0.264247 -0.000000 1.230658
v 0.261594 0.157000 1.202339
v 0.267408 0.157000 1.256850
v 0.264247 -0.000000 1.230658
v 0.267408 0.157000 1.256850
v 0.271618 -0.000000 1.285311
v 0.271618 -0.000000 1.285311
v 0.267408 0.157000 1.256850
v 0.276115 0.157000 1.310963
v 0.271618 -0.000000 1.285311
v 0.276115 0.157000 1.310963
v 0.281909 -0.000000 1.339489
v 0.281909 -0.000000 1.339489
v 0.276115 0.157000 1.310963
v 0.287692 0.157000 1.364522
v 0.281909 -0.000000 1.339489
v 0.287692 0.157000 1.364522
v 0.295091 -0.000000 1.393031
v 0.295091 -0.000000 1.393031
v 0.287692 0.157000 1.364522
v 0.302108 0.157000 1.417382
v 0.295091 -0.000000 1.393031
v 0.302108 0.157000 1.417382
v 0.311119 -0.000000 1.445764
v 0.311119 -0.000000 1.445764
v 0.302108 0.157000 1.417382
v 0.319315 0.157000 1.469376
v 0.311119 -0.000000 1.445764
v 0.319315 0.157000 1.469376
v 0.329953 -0.000000 1.497544
v 0.329953 -0.000000 1.497544
v 0.319315 0.157000 1.469376
v 0.339265 0.157000 1.520355
v 0.329953 -0.000000 1.497544
v 0.339265 0.157000 1.520355
v 0.351530 -0.000000 1.548221
v 0.351530 -0.000000 1.548221
v 0.339265 0.157000 1.520355
v 0.361905 0.157000 1.570183
v 0.351530 -0.000000 1.548221
v 0.361905 0.157000 1.570183
v 0.375794 -0.000000 1.597645
v 0.375794 -0.000000 1.597645
v 0.361905 0.157000 1.570183
v 0.387166 0.157000 1.618709
v 0.375794 -0.000000 1.597645
v 0.387166 0.157000 1.618709
v 0.402671 -0.000000 1.645671
v 0.402671 -0.000000 1.645671
v 0.387166 0.157000 1.618709
v 0.414975 0.157000 1.665791
v 0.402671 -0.000000 1.645671
v 0.414975 0.157000 1.665791
v 0.432084 -0.000000 1.692149
v 0.432084 -0.000000 1.692149
v 0.414975 0.157000 1.665791
v 0.445250 0.157000 1.711293
v 0.432084 -0.000000 1.692149
v 0.445250 0.157000 1.711293
v 0.463942 -0.000000 1.736953
v 0.463942 -0.000000 1.736953
v 0.445250 0.157000 1.711293
v 0.477906 0.157000 1.755073
v 0.463942 -0.000000 1.736953
v 0.477906 0.157000 1.755073
v 0.498159 -0.000000 1.779956
v 0.498159 -0.000000 1.779956
v 0.477906 0.157000 1.755073
v 0.512846 0.157000 1.797028
v 0.498159 -0.000000 1.779956
v 0.512846 0.157000 1.797028
v 0.534625 -0.000000 1.821013
v 0.534625 -0.000000 1.821013
v 0.512846 0.157000 1.797028
v 0.549968 0.157000 1.837022
v 0.534625 -0.000000 1.821013
v 0.549968 0.157000 1.837022
v 0.573240 -0.000000 1.860023
v 0.573240 -0.000000 1.860023
v 0.549968 0.157000 1.837022
v 0.589169 0.157000 1.874936
v 0.573240 -0.000000 1.860023
v 0.589169 0.157000 1.874936
v 0.613893 -0.000001 1.896866
v 0.613893 -0.000001 1.896866
v 0.589169 0.157000 1.874936
v 0.630329 0.157000 1.910668
v 0.613893 -0.000001 1.896866
v 0.630329 0.157000 1.910668
v 0.656455 -0.000001 1.931424
v 0.656455 -0.000001 1.931424
v 0.630329 0.157000 1.910668
v 0.673336 0.157000 1.944107
v 0.656455 -0.000001 1.931424
v 0.673336 0.157000 1.944107
v 0.700811 -0.000001 1.963608
v 0.700811 -0.000001 1.963608
v 0.673336 0.157000 1.944107
v 0.718061 0.157000 1.975164
v 0.700811 -0.000001 1.963608
v 0.718061 0.157000 1.975164
v 0.746825 -0.000001 1.993316
v 0.746825 -0.000001 1.993316
v 0.718061 0.157000 1.975164
v 0.764374 0.157000 2.003745
v 0.746825 -0.000001 1.993316
v 0.764374 0.157000 2.003745
v 0.794365 -0.000001 2.020468
v 0.794365 -0.000001 2.020468
v 0.764374 0.157000 2.003745
v 0.812145 0.157000 2.029762
v 0.794365 -0.000001 2.020468
v 0.812145 0.157000 2.029762
v 0.843290 -0.000001 2.044977
v 0.843290 -0.000001 2.044977
v 0.812145 0.157000 2.029762
v 0.861228 0.157000 2.053152
v 0.843290 -0.000001 2.044977
v 0.861228 0.157000 2.053152
v 0.893457 -0.000001 2.066780
v 0.893457 -0.000001 2.066780
v 0.861228 0.157000 2.053152
v 0.911489 0.157000 2.073835
v 0.893457 -0.000001 2.066780
v 0.911489 0.157000 2.073835
v 0.944708 -0.000001 2.085804
v 0.944708 -0.000001 2.085804
v 0.911489 0.157000 2.073835
v 0.962779 0.157000 2.091765
v 0.944708 -0.000001 2.085804
v 0.962779 0.157000 2.091765
v 0.996918 -0.000001 2.101996
v 0.996918 -0.000001 2.101996
v 0.962779 0.157000 2.091765
v 1.014950 0.157000 2.106877
v 0.996918 -0.000001 2.101996
v 1.014950 0.157000 2.106877
v 1.049913 -0.000001 2.115314
v 1.049913 -0.000001 2.115314
v 1.014950 0.157000 2.106877
v 1.067851 0.157000 2.119123
v 1.049913 -0.000001 2.115314
v 1.067851 0.157000 2.119123
v 1.103545 -0.000001 2.125703
v 1.103545 -0.000001 2.125703
v 1.067851 0.157000 2.119123
v 1.121325 0.157000 2.128481
v 1.103545 -0.000001 2.125703
v 1.121325 0.157000 2.128481
v 1.157656 -0.000001 2.133156
v 1.157656 -0.000001 2.133156
v 1.121325 0.157000 2.128481
v 1.175216 0.157000 2.134926
v 1.157656 -0.000001 2.133156
v 1.175216 0.157000 2.134926
v 1.212089 -0.000001 2.137632
v 1.212089 -0.000001 2.137632
v 1.175216 0.157000 2.134926
v 1.229383 0.157000 2.138426
v 1.212089 -0.000001 2.137632
v 1.229383 0.157000 2.138426
v 1.266680 -0.000001 2.139124
v 1.266680 -0.000001 2.139124
v 1.229383 0.157000 2.138426
v 1.283651 0.157000 2.138982
v 1.266680 -0.000001 2.139124
v 1.283651 0.157000 2.138982
v 1.321270 -0.000001 2.137632
v 1.321270 -0.000001 2.137632
v 1.283651 0.157000 2.138982
v 1.337872 0.157000 2.136585
v 1.321270 -0.000001 2.137632
v 1.337872 0.157000 2.136585
v 1.375703 -0.000001 2.133156
v 1.375703 -0.000001 2.133156
v 1.337872 0.157000 2.136585
v 1.391888 0.157000 2.131243
v 1.375703 -0.000001 2.133156
v 1.391888 0.157000 2.131243
v 1.429806 -0.000001 2.125703
v 1.429806 -0.000001 2.125703
v 1.391888 0.157000 2.131243
v 1.445536 0.157000 2.122973
v 1.429806 -0.000001 2.125703
v 1.445536 0.157000 2.122973
v 1.483446 -0.000001 2.115314
v 1.483446 -0.000001 2.115314
v 1.445536 0.157000 2.122973
v 1.498665 0.157000 2.111806
v 1.483446 -0.000001 2.115314
v 1.498665 0.157000 2.111806
v 1.536441 -0.000001 2.101996
v 1.536441 -0.000001 2.101996
v 1.498665 0.157000 2.111806
v 1.551126 0.157000 2.097757
v 1.536441 -0.000001 2.101996
v 1.551126 0.157000 2.097757
v 1.588643 -0.000001 2.085804
v 1.588643 -0.000001 2.085804
v 1.551126 0.157000 2.097757
v 1.602762 0.157000 2.080875
v 1.588643 -0.000001 2.085804
v 1.602762 0.157000 2.080875
v 1.639910 -0.000001 2.066780
v 1.639910 -0.000001 2.066780
v 1.602762 0.157000 2.080875
v 1.653432 0.157000 2.061224
v 1.639910 -0.000001 2.066780
v 1.653432 0.157000 2.061224
v 1.690069 -0.000001 2.044977
v 1.690069 -0.000001 2.044977
v 1.653432 0.157000 2.061224
v 1.702970 0.157000 2.038842
v 1.690069 -0.000001 2.044977
v 1.702970 0.157000 2.038842
v 1.738994 -0.000001 2.020468
v 1.738994 -0.000001 2.020468
v 1.702970 0.157000 2.038842
v 1.751251 0.157000 2.013801
v 1.738994 -0.000001 2.020468
v 1.751251 0.157000 2.013801
v 1.786537 -0.000001 1.993316
v 1.786537 -0.000001 1.993316
v 1.751251 0.157000 2.013801
v 1.798126 0.157000 1.986164
v 1.786537 -0.000001 1.993316
v 1.798126 0.157000 1.986164
v 1.832548 -0.000001 1.963608
v 1.832548 -0.000001 1.963608
v 1.798126 0.157000 1.986164
v 1.843461 0.157000 1.956028
v 1.832548 -0.000001 1.963608
v 1.843461 0.157000 1.956028
v 1.876900 -0.000001 1.931424
v 1.876900 -0.000001 1.931424
v 1.843461 0.157000 1.956028
v 1.887122 0.157000 1.923471
v 1.876900 -0.000001 1.931424
v 1.887122 0.157000 1.923471
v 1.919469 -0.000001 1.896866
v 1.919469 -0.000001 1.896866
v 1.887122 0.157000 1.923471
v 1.928992 0.157000 1.888580
v 1.919469 -0.000001 1.896866
v 1.928992 0.157000 1.888580
v 1.960114 -0.000000 1.860023
v 1.960114 -0.000000 1.860023
v 1.928992 0.157000 1.888580
v 1.968945 0.157000 1.851475
v 1.960114 -0.000000 1.860023
v 1.968945 0.157000 1.851475
v 1.998731 -0.000000 1.821013
v -1.918747 0.157000 -1.858793
v -1.960184 0.157000 -1.823386
v -1.941367 0.000001 -1.839950
v -1.941367 0.000001 -1.839950
v -1.960184 0.157000 -1.823386
v -1.960184 0.137375 -1.823386
v -1.941367 0.000001 -1.839950
v -1.960184 0.137375 -1.823386
v -1.982019 0.000001 -1.803108
v -1.982019 0.000001 -1.803108
v -1.960184 0.137375 -1.823386
v -1.969951 0.137375 -1.814465
v -1.982019 0.000001 -1.803108
v -1.969951 0.137375 -1.814465
v -1.979591 0.137375 -1.805425
v -1.979591 0.137375 -1.805425
v -1.989114 0.137375 -1.796250
v -1.982019 0.000001 -1.803108
v -1.982019 0.000001 -1.803108
v -1.989114 0.137375 -1.796250
v -2.020636 0.000000 -1.764106
v -2.020636 0.000000 -1.764106
v -1.989114 0.137375 -1.796250
v -1.989114 0.157000 -1.796250
v -2.020636 0.000000 -1.764106
v -1.989114 0.157000 -1.796250
v -2.027126 0.157000 -1.757113
v -2.020636 0.000000 -1.764106
v -2.027126 0.157000 -1.757113
v -2.057100 0.000000 -1.723040
v -2.057100 0.000000 -1.723040
v -2.027126 0.157000 -1.757113
v -2.062993 0.157000 -1.715968
v -2.057100 0.000000 -1.723040
v -2.062993 0.157000 -1.715968
v -2.091317 0.000000 -1.680038
v -2.091317 0.000000 -1.680038
v -2.062993 0.157000 -1.715968
v -2.096613 0.157000 -1.672934
v -2.091317 0.000000 -1.680038
v -2.096613 0.157000 -1.672934
v -2.123170 0.000000 -1.635234
v -2.123170 0.000000 -1.635234
v -2.096613 0.157000 -1.672934
v -2.127892 0.157000 -1.628138
v -2.123170 0.000000 -1.635234
v -2.127892 0.157000 -1.628138
v -2.152586 0.000000 -1.588755
v -2.152586 0.000000 -1.588755
v -2.127892 0.157000 -1.628138
v -2.156742 0.157000 -1.581699
v -2.152586 0.000000 -1.588755
v -2.156742 0.157000 -1.581699
v -2.179465 0.000000 -1.540729
v -2.179465 0.000000 -1.540729
v -2.156742 0.157000 -1.581699
v -2.183079 0.157000 -1.533768
v -2.179465 0.000000 -1.540729
v -2.183079 0.157000 -1.533768
v -2.203727 0.000000 -1.491306
v -2.203727 0.000000 -1.491306
v -2.183079 0.157000 -1.533768
v -2.206831 0.157000 -1.484472
v -2.203727 0.000000 -1.491306
v -2.206831 0.157000 -1.484472
v -2.225302 0.000000 -1.440637
v -2.225302 0.000000 -1.440637
v -2.206831 0.157000 -1.484472
v -2.227911 0.157000 -1.433954
v -2.225302 0.000000 -1.440637
v -2.227911 0.157000 -1.433954
v -2.244136 0.000000 -1.388848
v -2.244136 0.000000 -1.388848
v -2.227911 0.157000 -1.433954
v -2.246281 0.157000 -1.382364
v -2.244136 0.000000 -1.388848
v -2.246281 0.157000 -1.382364
v -2.260164 0.000000 -1.336115
v -2.260164 0.000000 -1.336115
v -2.246281 0.157000 -1.382364
v -2.261861 0.157000 -1.329861
v -2.260164 0.000000 -1.336115
v -2.261861 0.157000 -1.329861
v -2.273348 0.000000 -1.282581
v -2.273348 0.000000 -1.282581
v -2.261861 0.157000 -1.329861
v -2.274637 0.157000 -1.276573
v -2.273348 0.000000 -1.282581
v -2.274637 0.157000 -1.276573
v -2.283641 0.000000 -1.228404
v -2.283641 0.000000 -1.228404
v -2.274637 0.157000 -1.276573
v -2.284552 0.157000 -1.222673
v -2.283641 0.000000 -1.228404
v -2.284552 0.157000 -1.222673
v -2.291010 0.000000 -1.173742
v -2.291010 0.000000 -1.173742
v -2.284552 0.157000 -1.222673
v -2.291576 0.157000 -1.168313
v -2.291010 0.000000 -1.173742
v -2.291576 0.157000 -1.168313
v -2.295442 0.000000 -1.118755
v -2.295442 0.000000 -1.118755
v -2.291576 0.157000 -1.168313
v -2.295701 0.157000 -1.113652
v -2.295442 0.000000 -1.118755
v -2.295701 0.157000 -1.113652
v -2.296919 0.000000 -1.063610
v -2.296919 0.000000 -1.063610
v -2.295701 0.157000 -1.113652
v -2.296911 0.157000 -1.058839
v -2.296919 0.000000 -1.063610
v -2.296911 0.157000 -1.058839
v -2.295442 0.000000 -1.008464
v -2.295442 0.000000 -1.008464
v -2.296911 0.157000 -1.058839
v -2.295198 0.157000 -1.004043
v -2.295442 0.000000 -1.008464
v -2.295198 0.157000 -1.004043
v -2.291010 0.000000 -0.953477
v -2.291010 0.000000 -0.953477
v -2.295198 0.157000 -1.004043
v -2.290563 0.157000 -0.949421
v -2.291010 0.000000 -0.953477
v -2.290563 0.157000 -0.949421
v -2.283641 0.000000 -0.898823
v -2.283641 0.000000 -0.898823
v -2.290563 0.157000 -0.949421
v -2.283036 0.157000 -0.895133
v -2.283641 0.000000 -0.898823
v -2.283036 0.157000 -0.895133
v -2.273348 0.000000 -0.844646
v -2.273348 0.000000 -0.844646
v -2.283036 0.157000 -0.895133
v -2.272617 0.157000 -0.841328
v -2.273348 0.000000 -0.844646
v -2.272617 0.157000 -0.841328
v -2.260164 0.000000 -0.791107
v -2.260164 0.000000 -0.791107
v -2.272617 0.157000 -0.841328
v -2.259355 0.157000 -0.788169
v -2.260164 0.000000 -0.791107
v -2.259355 0.157000 -0.788169
v -2.244136 0.000000 -0.738370
v -2.244136 0.000000 -0.738370
v -2.259355 0.157000 -0.788169
v -2.243279 0.157000 -0.735805
v -2.244136 0.000000 -0.738370
v -2.243279 0.157000 -0.735805
v -2.225302 0.000000 -0.686586
v -2.225302 0.000000 -0.686586
v -2.243279 0.157000 -0.735805
v -2.224438 0.157000 -0.684394
v -2.225302 0.000000 -0.686586
v -2.224438 0.157000 -0.684394
v -2.203727 0.000000 -0.635910
v -2.203727 0.000000 -0.635910
v -2.224438 0.157000 -0.684394
v -2.202887 0.157000 -0.634080
v -2.203727 0.000000 -0.635910
v -2.202887 0.157000 -0.634080
v -2.179465 0.000000 -0.586489
v -2.179465 0.000000 -0.586489
v -2.202887 0.157000 -0.634080
v -2.178687 0.157000 -0.585008
v -2.179465 0.000000 -0.586489
v -2.178687 0.157000 -0.585008
v -2.152586 0.000000 -0.538466
v -2.152586 0.000000 -0.538466
v -2.178687 0.157000 -0.585008
v -2.151903 0.157000 -0.537327
v -2.152586 0.000000 -0.538466
v -2.151903 0.157000 -0.537327
v -2.123170 0.000000 -0.491984
v -2.123170 0.000000 -0.491984
v -2.151903 0.157000 -0.537327
v -2.122620 0.157000 -0.491166
v -2.123170 0.000000 -0.491984
v -2.122620 0.157000 -0.491166
v -2.091317 0.000000 -0.447177
v -2.091317 0.000000 -0.447177
v -2.122620 0.157000 -0.491166
v -2.090925 0.157000 -0.446666
v -2.091317 0.000000 -0.447177
v -2.090925 0.157000 -0.446666
v -2.057100 0.000000 -0.404182
v -2.057100 0.000000 -0.404182
v -2.090925 0.157000 -0.446666
v -2.056904 0.157000 -0.403951
v -2.057100 0.000000 -0.404182
v -2.056904 0.157000 -0.403951
v -2.020636 0.000000 -0.363120
v -2.020636 0.000000 -0.363120
v -2.056904 0.157000 -0.403951
v -2.020659 0.157000 -0.363152
v -2.020636 0.000000 -0.363120
v -2.020659 0.157000 -0.363152
v -1.982294 0.157000 -0.324378
v -2.020636 0.000000 -0.363120
v -1.982294 0.157000 -0.324378
v -1.982019 0.000000 -0.324112
v -1.982019 0.000000 -0.324112
v -1.982294 0.157000 -0.324378
v -1.941917 0.157000 -0.287744
v -1.982019 0.000000 -0.324112
v -1.941917 0.157000 -0.287744
v -1.941367 0.000000 -0.287271
v -1.941367 0.000000 -0.287271
v -1.941917 0.157000 -0.287744
v -1.899646 0.157000 -0.253361
v -1.941367 0.000000 -0.287271
v -1.899646 0.157000 -0.253361
v -1.898798 0.000000 -0.252710
v -1.898798 0.000000 -0.252710
v -1.899646 0.157000 -0.253361
v -1.855608 0.157000 -0.221322
v -1.898798 0.000000 -0.252710
v -1.855608 0.157000 -0.221322
v -1.854445 0.000000 -0.220524
v -1.854445 0.000000 -0.220524
v -1.855608 0.157000 -0.221322
v -1.809927 0.157000 -0.191725
v -1.854445 0.000000 -0.220524
v -1.809927 0.157000 -0.191725
v -1.808434 0.000000 -0.190816
v -1.808434 0.000000 -0.190816
v -1.809927 0.157000 -0.191725
v -1.762738 0.157000 -0.164654
v -1.808434 0.000000 -0.190816
v -1.762738 0.157000 -0.164654
v -1.760892 0.000000 -0.163665
v -1.760892 0.000000 -0.163665
v -1.762738 0.157000 -0.164654
v -1.714174 0.157000 -0.140183
v -1.760892 0.000000 -0.163665
v -1.714174 0.157000 -0.140183
v -1.711966 0.000000 -0.139155
v -1.711966 0.000000 -0.139155
v -1.714174 0.157000 -0.140183
v -1.664369 0.157000 -0.118390
v -1.711966 0.000000 -0.139155
v -1.664369 0.157000 -0.118390
v -1.661800 0.000000 -0.117354
v -1.661800 0.000000 -0.117354
v -1.664369 0.157000 -0.118390
v -1.613487 0.157000 -0.099336
v -1.661800 0.000000 -0.117354
v -1.613487 0.157000 -0.099336
v -1.610548 0.000000 -0.098331
v -1.610548 0.000000 -0.098331
v -1.613487 0.157000 -0.099336
v -1.561654 0.157000 -0.083074
v -1.610548 0.000000 -0.098331
v -1.561654 0.157000 -0.083074
v -1.558339 0.000000 -0.082138
v -1.558339 0.000000 -0.082138
v -1.561654 0.157000 -0.083074
v -1.509036 0.157000 -0.069652
v -1.558339 0.000000 -0.082138
v -1.509036 0.157000 -0.069652
v -1.505343 0.000000 -0.068822
v -1.505343 0.000000 -0.068822
v -1.509036 0.157000 -0.069652
v -1.455781 0.157000 -0.059112
v -1.505343 0.000000 -0.068822
v -1.455781 0.157000 -0.059112
v -1.451712 0.000000 -0.058429
v -1.451712 0.000000 -0.058429
v -1.455781 0.157000 -0.059112
v -1.402040 0.157000 -0.051480
v -1.451712 0.000000 -0.058429
v -1.402040 0.157000 -0.051480
v -1.397601 0.000000 -0.050980
v -1.397601 0.000000 -0.050980
v -1.402040 0.157000 -0.051480
v -1.347968 0.157000 -0.046778
v -1.397601 0.000000 -0.050980
v -1.347968 0.157000 -0.046778
v -1.343167 0.000000 -0.046504
v -1.343167 0.000000 -0.046504
v -1.347968 0.157000 -0.046778
v -1.293723 0.157000 -0.045023
v -1.343167 0.000000 -0.046504
v -1.293723 0.157000 -0.045023
v -1.288577 0.000000 -0.045011
v -1.288577 0.000000 -0.045011
v -1.293723 0.157000 -0.045023
v -1.239471 0.157000 -0.046218
v -1.288577 0.000000 -0.045011
v -1.239471 0.157000 -0.046218
v -1.233987 0.000000 -0.046504
v -1.233987 0.000000 -0.046504
v -1.239471 0.157000 -0.046218
v -1.185352 0.157000 -0.050360
v -1.233987 0.000000 -0.046504
v -1.185352 0.157000 -0.050360
v -1.179554 0.000000 -0.050980
v -1.179554 0.000000 -0.050980
v -1.185352 0.157000 -0.050360
v -1.131539 0.157000 -0.057437
v -1.179554 0.000000 -0.050980
v -1.131539 0.157000 -0.057437
v -1.125442 0.000000 -0.058429
v -1.125442 0.000000 -0.058429
v -1.131539 0.157000 -0.057437
v -1.078175 0.157000 -0.067432
v -1.125442 0.000000 -0.058429
v -1.078175 0.157000 -0.067432
v -1.071811 0.000000 -0.068822
v -1.071811 0.000000 -0.068822
v -1.078175 0.157000 -0.067432
v -1.025423 0.157000 -0.080310
v -1.071811 0.000000 -0.068822
v -1.025423 0.157000 -0.080310
v -1.018815 0.000000 -0.082138
v -1.018815 0.000000 -0.082138
v -1.025423 0.157000 -0.080310
v -0.973433 0.157000 -0.096036
v -1.018815 0.000000 -0.082138
v -0.973433 0.157000 -0.096036
v -0.966613 0.000000 -0.098331
v -0.966613 0.000000 -0.098331
v -0.973433 0.157000 -0.096036
v -0.922355 0.157000 -0.114565
v -0.966613 0.000000 -0.098331
v -0.922355 0.157000 -0.114565
v -0.915354 0.000000 -0.117354
v -0.915354 0.000000 -0.117354
v -0.922355 0.157000 -0.114565
v -0.872345 0.157000 -0.135843
v -0.915354 0.000000 -0.117354
v -0.872345 0.157000 -0.135843
v -0.865188 0.000000 -0.139155
v -0.865188 0.000000 -0.139155
v -0.872345 0.157000 -0.135843
v -0.823530 0.157000 -0.159809
v -0.865188 0.000000 -0.139155
v -0.823530 0.157000 -0.159809
v -0.816262 0.000000 -0.163665
v -0.816262 0.000000 -0.163665
v -0.823530 0.157000 -0.159809
v -0.776069 0.157000 -0.186392
v -0.816262 0.000000 -0.163665
v -0.776069 0.157000 -0.186392
v -0.768722 0.000000 -0.190816
v -0.768722 0.000000 -0.190816
v -0.776069 0.157000 -0.186392
v -0.730091 0.157000 -0.215516
v -0.768722 0.000000 -0.190816
v -0.730091 0.157000 -0.215516
v -0.722708 0.000000 -0.220524
v -0.722708 0.000000 -0.220524
v -0.730091 0.157000 -0.215516
v -0.685730 0.157000 -0.247099
v -0.722708 0.000000 -0.220524
v -0.685730 0.157000 -0.247099
v -0.678354 0.000000 -0.252710
v -0.678354 0.000000 -0.252710
v -0.685730 0.157000 -0.247099
v -0.643115 0.157000 -0.281044
v -0.678354 0.000000 -0.252710
v -0.643115 0.157000 -0.281044
v -0.635790 0.000000 -0.287271
v -0.635790 0.000000 -0.287271
v -0.643115 0.157000 -0.281044
v -0.602371 0.157000 -0.317261
v -0.635790 0.000000 -0.287271
v -0.602371 0.157000 -0.317261
v -0.595140 0.000000 -0.324112
v -0.595140 0.000000 -0.324112
v -0.602371 0.157000 -0.317261
v -0.563614 0.157000 -0.355635
v -0.595140 0.000000 -0.324112
v -0.563614 0.157000 -0.355635
v -0.556524 0.000000 -0.363120
v -0.556524 0.000000 -0.363120
v -0.563614 0.157000 -0.355635
v -0.526958 0.157000 -0.396061
v -0.556524 0.000000 -0.363120
v -0.526958 0.157000 -0.396061
v -0.520056 0.000000 -0.404182
v -0.520056 0.000000 -0.404182
v -0.526958 0.157000 -0.396061
v -0.492506 0.157000 -0.438421
v -0.520056 0.000000 -0.404182
v -0.492506 0.157000 -0.438421
v -0.485842 0.000000 -0.447177
v -0.485842 0.000000 -0.447177
v -0.492506 0.157000 -0.438421
v -0.460363 0.157000 -0.482592
v -0.485842 0.000000 -0.447177
v -0.460363 0.157000 -0.482592
v -0.453983 0.000000 -0.491984
v -0.453983 0.000000 -0.491984
v -0.460363 0.157000 -0.482592
v -0.430617 0.157000 -0.528447
v -0.453983 0.000000 -0.491984
v -0.430617 0.157000 -0.528447
v -0.424572 0.000000 -0.538466
v -0.424572 0.000000 -0.538466
v -0.430617 0.157000 -0.528447
v -0.403355 0.157000 -0.575851
v -0.424572 0.000000 -0.538466
v -0.403355 0.157000 -0.575851
v -0.397694 0.000000 -0.586489
v -0.397694 0.000000 -0.586489
v -0.403355 0.157000 -0.575851
v -0.378660 0.157000 -0.624668
v -0.397694 0.000000 -0.586489
v -0.378660 0.157000 -0.624668
v -0.373432 0.000000 -0.635910
v -0.373432 0.000000 -0.635910
v -0.378660 0.157000 -0.624668
v -0.356602 0.157000 -0.674756
v -0.373432 0.000000 -0.635910
v -0.356602 0.157000 -0.674756
v -0.351849 0.000000 -0.686586
v -0.351849 0.000000 -0.686586
v -0.356602 0.157000 -0.674756
v -0.337241 0.157000 -0.725973
v -0.351849 0.000000 -0.686586
v -0.337241 0.157000 -0.725973
v -0.333019 0.000000 -0.738370
v -0.333019 0.000000 -0.738370
v -0.337241 0.157000 -0.725973
v -0.320636 0.157000 -0.778165
v -0.333019 0.000000 -0.738370
v -0.320636 0.157000 -0.778165
v -0.316988 0.000000 -0.791107
v -0.316988 0.000000 -0.791107
v -0.320636 0.157000 -0.778165
v -0.306833 0.157000 -0.831185
v -0.316988 0.000000 -0.791107
v -0.306833 0.157000 -0.831185
v -0.303810 0.000000 -0.844646
v -0.303810 0.000000 -0.844646
v -0.306833 0.157000 -0.831185
v -0.295877 0.157000 -0.884878
v -0.303810 0.000000 -0.844646
v -0.295877 0.157000 -0.884878
v -0.293518 0.000000 -0.898823
v -0.293518 0.000000 -0.898823
v -0.295877 0.157000 -0.884878
v -0.287794 0.157000 -0.939095
v -0.293518 0.000000 -0.898823
v -0.287794 0.157000 -0.939095
v -0.286144 0.000000 -0.953477
v -0.286144 0.000000 -0.953477
v -0.287794 0.157000 -0.939095
v -0.282613 0.157000 -0.993662
v -0.286144 0.000000 -0.953477
v -0.282613 0.157000 -0.993662
v -0.281713 0.000000 -1.008464
v -0.281713 0.000000 -1.008464
v -0.282613 0.157000 -0.993662
v -0.280345 0.157000 -1.048434
v -0.281713 0.000000 -1.008464
v -0.280345 0.157000 -1.048434
v -0.280235 0.000000 -1.063610
v -0.280235 0.000000 -1.063610
v -0.280345 0.157000 -1.048434
v -0.280997 0.157000 -1.103254
v -0.280235 0.000000 -1.063610
v -0.280997 0.157000 -1.103254
v -0.281713 0.000000 -1.118755
v -0.281713 0.000000 -1.118755
v -0.280997 0.157000 -1.103254
v -0.284567 0.157000 -1.157956
v -0.281713 0.000000 -1.118755
v -0.284567 0.157000 -1.157956
v -0.286144 0.000000 -1.173742
v -0.286144 0.000000 -1.173742
v -0.284567 0.157000 -1.157956
v -0.291049 0.157000 -1.212387
v -0.286144 0.000000 -1.173742
v -0.291049 0.157000 -1.212387
v -0.293518 0.000000 -1.228404
v -0.293518 0.000000 -1.228404
v -0.291049 0.157000 -1.212387
v -0.300417 0.157000 -1.266390
v -0.293518 0.000000 -1.228404
v -0.300417 0.157000 -1.266390
v -0.303810 0.000000 -1.282581
v -0.303810 0.000000 -1.282581
v -0.300417 0.157000 -1.266390
v -0.312648 0.157000 -1.319805
v -0.303810 0.000000 -1.282581
v -0.312648 0.157000 -1.319805
v -0.316988 0.000000 -1.336115
v -0.316988 0.000000 -1.336115
v -0.312648 0.157000 -1.319805
v -0.327708 0.157000 -1.372475
v -0.316988 0.000000 -1.336115
v -0.327708 0.157000 -1.372475
v -0.333019 0.000000 -1.388848
v -0.333019 0.000000 -1.388848
v -0.327708 0.157000 -1.372475
v -0.345547 0.157000 -1.424247
v -0.333019 0.000000 -1.388848
v -0.345547 0.157000 -1.424247
v -0.351849 0.000000 -1.440637
v -0.351849 0.000000 -1.440637
v -0.345547 0.157000 -1.424247
v -0.366123 0.157000 -1.474980
v -0.351849 0.000000 -1.440637
v -0.366123 0.157000 -1.474980
v -0.373432 0.000000 -1.491306
v -0.373432 0.000000 -1.491306
v -0.366123 0.157000 -1.474980
v -0.389368 0.157000 -1.524514
v -0.373432 0.000000 -1.491306
v -0.389368 0.157000 -1.524514
v -0.397694 0.000000 -1.540729
v -0.397694 0.000000 -1.540729
v -0.389368 0.157000 -1.524514
v -0.415220 0.157000 -1.572723
v -0.397694 0.000000 -1.540729
v -0.415220 0.157000 -1.572723
v -0.424572 0.000000 -1.588755
v -0.424572 0.000000 -1.588755
v -0.415220 0.157000 -1.572723
v -0.443598 0.157000 -1.619447
v -0.424572 0.000000 -1.588755
v -0.443598 0.157000 -1.619447
v -0.453983 0.000000 -1.635234
v -0.453983 0.000000 -1.635234
v -0.443598 0.157000 -1.619447
v -0.474425 0.157000 -1.664569
v -0.453983 0.000000 -1.635234
v -0.474425 0.157000 -1.664569
v -0.485842 0.000000 -1.680038
v -0.485842 0.000000 -1.680038
v -0.474425 0.157000 -1.664569
v -0.507612 0.157000 -1.707944
v -0.485842 0.000000 -1.680038
v -0.507612 0.157000 -1.707944
v -0.520056 0.000000 -1.723040
v -0.520056 0.000000 -1.723040
v -0.507612 0.157000 -1.707944
v -0.543060 0.157000 -1.749454
v -0.520056 0.000000 -1.723040
v -0.543060 0.157000 -1.749454
v -0.556524 0.000000 -1.764106
v -0.556524 0.000000 -1.764106
v -0.543060 0.157000 -1.749454
v -0.580668 0.157000 -1.788980
v -0.556524 0.000000 -1.764106
v -0.580668 0.157000 -1.788980
v -0.595140 0.000001 -1.803108
v -0.595140 0.000001 -1.803108
v -0.580668 0.157000 -1.788980
v -0.620326 0.157000 -1.826402
v -0.595140 0.000001 -1.803108
v -0.620326 0.157000 -1.826402
v -0.635790 0.000001 -1.839950
v -0.635790 0.000001 -1.839950
v -0.620326 0.157000 -1.826402
v -0.661921 0.157000 -1.861618
v -0.635790 0.000001 -1.839950
v -0.661921 0.157000 -1.861618
v -0.678354 0.000001 -1.874508
v -0.678354 0.000001 -1.874508
v -0.661921 0.157000 -1.861618
v -0.705331 0.157000 -1.894525
v -0.678354 0.000001 -1.874508
v -0.705331 0.157000 -1.894525
v -0.722708 0.000001 -1.906692
v -0.722708 0.000001 -1.906692
v -0.705331 0.157000 -1.894525
v -0.750430 0.157000 -1.925018
v -0.722708 0.000001 -1.906692
v -0.750430 0.157000 -1.925018
v -0.768722 0.000001 -1.936408
v -0.768722 0.000001 -1.936408
v -0.750430 0.157000 -1.925018
v -0.797091 0.157000 -1.953020
v -0.768722 0.000001 -1.936408
v -0.797091 0.157000 -1.953020
v -0.816262 0.000001 -1.963560
v -0.816262 0.000001 -1.963560
v -0.797091 0.157000 -1.953020
v -0.845168 0.157000 -1.978442
v -0.816262 0.000001 -1.963560
v -0.845168 0.157000 -1.978442
v -0.865188 0.000001 -1.988069
v -0.865188 0.000001 -1.988069
v -0.845168 0.157000 -1.978442
v -0.894534 0.157000 -2.001213
v -0.865188 0.000001 -1.988069
v -0.894534 0.157000 -2.001213
v -0.915354 0.000001 -2.009864
v -0.915354 0.000001 -2.009864
v -0.894534 0.157000 -2.001213
v -0.945046 0.157000 -2.021277
v -0.915354 0.000001 -2.009864
v -0.945046 0.157000 -2.021277
v -0.966613 0.000001 -2.028889
v -0.966613 0.000001 -2.028889
v -0.945046 0.157000 -2.021277
v -0.996549 0.157000 -2.038556
v -0.966613 0.000001 -2.028889
v -0.996549 0.157000 -2.038556
v -1.018815 0.000001 -2.045080
v -1.018815 0.000001 -2.045080
v -0.996549 0.157000 -2.038556
v -1.048892 0.157000 -2.053017
v -1.018815 0.000001 -2.045080
v -1.048892 0.157000 -2.053017
v -1.071811 0.000001 -2.058398
v -1.071811 0.000001 -2.058398
v -1.048892 0.157000 -2.053017
v -1.101942 0.157000 -2.064613
v -1.071811 0.000001 -2.058398
v -1.101942 0.157000 -2.064613
v -1.125442 0.000001 -2.068795
v -1.125442 0.000001 -2.068795
v -1.101942 0.157000 -2.064613
v -1.155519 0.157000 -2.073304
v -1.125442 0.000001 -2.068795
v -1.155519 0.157000 -2.073304
v -1.179554 0.000001 -2.076240
v -1.179554 0.000001 -2.076240
v -1.155519 0.157000 -2.073304
v -1.209489 0.157000 -2.079074
v -1.179554 0.000001 -2.076240
v -1.209489 0.157000 -2.079074
v -1.233987 0.000001 -2.080717
v -1.233987 0.000001 -2.080717
v -1.209489 0.157000 -2.079074
v -1.263694 0.157000 -2.081899
v -1.233987 0.000001 -2.080717
v -1.263694 0.157000 -2.081899
v -1.288577 0.000001 -2.082209
v -1.288577 0.000001 -2.082209
v -1.263694 0.157000 -2.081899
v -1.317962 0.157000 -2.081780
v -1.288577 0.000001 -2.082209
v -1.317962 0.157000 -2.081780
v -1.343167 0.000001 -2.080717
v -1.343167 0.000001 -2.080717
v -1.317962 0.157000 -2.081780
v -1.372144 0.157000 -2.078709
v -1.343167 0.000001 -2.080717
v -1.372144 0.157000 -2.078709
v -1.397601 0.000001 -2.076240
v -1.397601 0.000001 -2.076240
v -1.372144 0.157000 -2.078709
v -1.426090 0.157000 -2.072693
v -1.397601 0.000001 -2.076240
v -1.426090 0.157000 -2.072693
v -1.451712 0.000001 -2.068795
v -1.451712 0.000001 -2.068795
v -1.426090 0.157000 -2.072693
v -1.479635 0.157000 -2.063763
v -1.451712 0.000001 -2.068795
v -1.479635 0.157000 -2.063763
v -1.505343 0.000001 -2.058398
v -1.505343 0.000001 -2.058398
v -1.479635 0.157000 -2.063763
v -1.532623 0.157000 -2.051929
v -1.505343 0.000001 -2.058398
v -1.532623 0.157000 -2.051929
v -1.558339 0.000001 -2.045080
v -1.558339 0.000001 -2.045080
v -1.532623 0.157000 -2.051929
v -1.584911 0.157000 -2.037230
v -1.558339 0.000001 -2.045080
v -1.584911 0.157000 -2.037230
v -1.610548 0.000001 -2.028889
v -1.610548 0.000001 -2.028889
v -1.584911 0.157000 -2.037230
v -1.636335 0.157000 -2.019714
v -1.610548 0.000001 -2.028889
v -1.636335 0.157000 -2.019714
v -1.661800 0.000001 -2.009864
v -1.661800 0.000001 -2.009864
v -1.636335 0.157000 -2.019714
v -1.686753 0.157000 -1.999435
v -1.661800 0.000001 -2.009864
v -1.686753 0.157000 -1.999435
v -1.711966 0.000001 -1.988069
v -1.711966 0.000001 -1.988069
v -1.686753 0.157000 -1.999435
v -1.736017 0.157000 -1.976434
v -1.711966 0.000001 -1.988069
v -1.736017 0.157000 -1.976434
v -1.760892 0.000001 -1.963560
v -1.760892 0.000001 -1.963560
v -1.736017 0.157000 -1.976434
v -1.783991 0.157000 -1.950797
v -1.760892 0.000001 -1.963560
v -1.783991 0.157000 -1.950797
v -1.808434 0.000001 -1.936408
v -1.808434 0.000001 -1.936408
v -1.783991 0.157000 -1.950797
v -1.830520 0.157000 -1.922582
v -1.808434 0.000001 -1.936408
v -1.830520 0.157000 -1.922582
v -1.854445 0.000001 -1.906692
v -1.854445 0.000001 -1.906692
v -1.830520 0.157000 -1.922582
v -1.875486 0.157000 -1.891890
v -1.854445 0.000001 -1.906692
v -1.875486 0.157000 -1.891890
v -1.898798 0.000001 -1.874508
v -1.898798 0.000001 -1.874508
v -1.875486 0.157000 -1.891890
v -1.918747 0.157000 -1.858793
v -1.898798 0.000001 -1.874508
v -1.918747 0.157000 -1.858793
v -1.941367 0.000001 -1.839950
v 0.199124 0.157000 2.126989
v -0.409224 0.157000 1.618995
v -0.229189 0.157000 2.126989
v -0.229189 0.157000 2.126989
v -0.409224 0.157000 1.618995
v -0.437049 0.157000 1.666069
v -0.229189 0.157000 2.126989
v -0.437049 0.157000 1.666069
v -0.467338 0.157000 1.711563
v -0.015031 0.156999 2.259750
v 0.962779 0.157000 2.091765
v 0.199124 0.157000 2.126989
v 0.199124 0.157000 2.126989
v 0.962779 0.157000 2.091765
v 0.911489 0.157000 2.073835
v 0.199124 0.157000 2.126989
v 0.911489 0.157000 2.073835
v 0.861228 0.157000 2.053152
v -0.229189 0.157000 2.126989
v -0.984983 0.157000 2.091860
v -0.015031 0.156999 2.259750
v -0.015031 0.156999 2.259750
v -0.984983 0.157000 2.091860
v -1.037161 0.157000 2.106956
v -0.015031 0.156999 2.259750
v -1.037161 0.157000 2.106956
v -1.090062 0.157000 2.119195
v 2.005016 0.157000 -1.757335
v 2.040899 0.157000 -1.716206
v 2.594573 0.157000 -2.289727
v 2.594573 0.157000 -2.289727
v 2.040899 0.157000 -1.716206
v 2.074535 0.157000 -1.673180
v 2.594573 0.157000 -2.289727
v 2.074535 0.157000 -1.673180
v 2.105829 0.157000 -1.628392
v 2.105829 0.157000 -1.628392
v 2.134696 0.157000 -1.581961
v 2.594573 0.157000 -2.289727
v 2.594573 0.157000 -2.289727
v 2.134696 0.157000 -1.581961
v 2.161048 0.157000 -1.534038
v 2.594573 0.157000 -2.289727
v 2.161048 0.157000 -1.534038
v 2.184808 0.157000 -1.484750
v 2.184808 0.157000 -1.484750
v 2.205904 0.157000 -1.434240
v 2.594573 0.157000 -2.289727
v 2.594573 0.157000 -2.289727
v 2.205904 0.157000 -1.434240
v 2.224289 0.157000 -1.382650
v 2.594573 0.157000 -2.289727
v 2.224289 0.157000 -1.382650
v 2.239885 0.157000 -1.330147
v 2.239885 0.157000 -1.330147
v 2.252676 0.157000 -1.276866
v 2.594573 0.157000 -2.289727
v 2.594573 0.157000 -2.289727
v 2.252676 0.157000 -1.276866
v 2.262608 0.157000 -1.222967
v 2.594573 0.157000 -2.289727
v 2.262608 0.157000 -1.222967
v 2.269655 0.157000 -1.168607
v 2.269655 0.157000 -1.168607
v 2.273788 0.157000 -1.113945
v 2.594573 0.157000 -2.289727
v 2.594573 0.157000 -2.289727
v 2.273788 0.157000 -1.113945
v 2.275014 0.157000 -1.059133
v 2.594573 0.157000 -2.289727
v 2.275014 0.157000 -1.059133
v 2.273316 0.157000 -1.004337
v 2.273316 0.157000 -1.004337
v 2.268697 0.157000 -0.949715
v 2.594573 0.157000 -2.289727
v 2.594573 0.157000 -2.289727
v 2.268697 0.157000 -0.949715
v 2.594573 0.156999 2.289688
v 2.594573 0.156999 2.289688
v 2.268697 0.157000 -0.949715
v 2.261178 0.157000 -0.895411
v 2.594573 0.156999 2.289688
v 2.261178 0.157000 -0.895411
v 2.263126 0.157000 0.964549
v 2.263126 0.157000 0.964549
v 2.261178 0.157000 -0.895411
v 2.253383 0.157000 0.910618
v 2.253383 0.157000 0.910618
v 2.261178 0.157000 -0.895411
v 2.250783 0.157000 -0.841606
v 2.253383 0.157000 0.910618
v 2.250783 0.157000 -0.841606
v 2.240773 0.157000 0.857297
v 2.240773 0.157000 0.857297
v 2.250783 0.157000 -0.841606
v 2.237536 0.157000 -0.788442
v 2.240773 0.157000 0.857297
v 2.237536 0.157000 -0.788442
v 2.225342 0.157000 0.804731
v 2.225342 0.157000 0.804731
v 2.237536 0.157000 -0.788442
v 2.221468 0.157000 -0.736075
v 2.225342 0.157000 0.804731
v 2.221468 0.157000 -0.736075
v 2.207129 0.157000 0.753083
v 2.207129 0.157000 0.753083
v 2.221468 0.157000 -0.736075
v 2.202643 0.157000 -0.684656
v 2.207129 0.157000 0.753083
v 2.202643 0.157000 -0.684656
v 2.186198 0.157000 0.702503
v 2.186198 0.157000 0.702503
v 2.202643 0.157000 -0.684656
v 2.181099 0.157000 -0.634334
v 2.186198 0.157000 0.702503
v 2.181099 0.157000 -0.634334
v 2.162604 0.157000 0.653134
v 2.162604 0.157000 0.653134
v 2.181099 0.157000 -0.634334
v 2.156915 0.157000 -0.585258
v 2.162604 0.157000 0.653134
v 2.156915 0.157000 -0.585258
v 2.136416 0.157000 0.605115
v 2.136416 0.157000 0.605115
v 2.156915 0.157000 -0.585258
v 2.130147 0.157000 -0.537565
v 2.136416 0.157000 0.605115
v 2.130147 0.157000 -0.537565
v 2.107699 0.157000 0.558593
v 2.107699 0.157000 0.558593
v 2.130147 0.157000 -0.537565
v 2.100879 0.157000 -0.491396
v 2.107699 0.157000 0.558593
v 2.100879 0.157000 -0.491396
v 2.076554 0.157000 0.513694
v 2.076554 0.157000 0.513694
v 2.100879 0.157000 -0.491396
v 2.069192 0.157000 -0.446888
v 2.076554 0.157000 0.513694
v 2.069192 0.157000 -0.446888
v 2.043060 0.157000 0.470556
v 2.043060 0.157000 0.470556
v 2.069192 0.157000 -0.446888
v 2.035187 0.157000 -0.404162
v 2.043060 0.157000 0.470556
v 2.035187 0.157000 -0.404162
v 2.007318 0.157000 0.429304
v 2.007318 0.157000 0.429304
v 2.035187 0.157000 -0.404162
v 1.998951 0.157000 -0.363350
v 2.007318 0.157000 0.429304
v 1.998951 0.157000 -0.363350
v 1.969432 0.157000 0.390049
v 1.969432 0.157000 0.390049
v 1.998951 0.157000 -0.363350
v 1.960593 0.157000 -0.324564
v 1.969432 0.157000 0.390049
v 1.960593 0.157000 -0.324564
v 1.929503 0.157000 0.352915
v 1.929503 0.157000 0.352915
v 1.960593 0.157000 -0.324564
v 1.920224 0.157000 -0.287923
v 1.929503 0.157000 0.352915
v 1.920224 0.157000 -0.287923
v 1.887664 0.157000 0.318000
v 1.887664 0.157000 0.318000
v 1.920224 0.157000 -0.287923
v 1.877961 0.157000 -0.253524
v 1.887664 0.157000 0.318000
v 1.877961 0.157000 -0.253524
v 1.844019 0.157000 0.285413
v 1.844019 0.157000 0.285413
v 1.877961 0.157000 -0.253524
v 1.833930 0.157000 -0.221473
v 1.844019 0.157000 0.285413
v 1.833930 0.157000 -0.221473
v 1.798700 0.157000 0.255244
v 1.798700 0.157000 0.255244
v 1.833930 0.157000 -0.221473
v 1.788258 0.157000 -0.191864
v 1.798700 0.157000 0.255244
v 1.788258 0.157000 -0.191864
v 1.751841 0.157000 0.227581
v 1.751841 0.157000 0.227581
v 1.788258 0.157000 -0.191864
v 1.741069 0.157000 -0.164777
v 1.751841 0.157000 0.227581
v 1.741069 0.157000 -0.164777
v 1.703583 0.157000 0.202503
v 1.703583 0.157000 0.202503
v 1.741069 0.157000 -0.164777
v 1.692513 0.157000 -0.140298
v 1.703583 0.157000 0.202503
v 1.692513 0.157000 -0.140298
v 1.654053 0.157000 0.180090
v 1.654053 0.157000 0.180090
v 1.692513 0.157000 -0.140298
v 1.642715 0.157000 -0.118489
v 1.654053 0.157000 0.180090
v 1.642715 0.157000 -0.118489
v 1.603399 0.157000 0.160397
v 1.603399 0.157000 0.160397
v 1.642715 0.157000 -0.118489
v 1.591833 0.157000 -0.099419
v 1.603399 0.157000 0.160397
v 1.591833 0.157000 -0.099419
v 1.551778 0.157000 0.143484
v 1.551778 0.157000 0.143484
v 1.591833 0.157000 -0.099419
v 1.540008 0.157000 -0.083145
v 1.551778 0.157000 0.143484
v 1.540008 0.157000 -0.083145
v 1.499325 0.157000 0.129406
v 1.499325 0.157000 0.129406
v 1.540008 0.157000 -0.083145
v 1.487390 0.157000 -0.069711
v 1.499325 0.157000 0.129406
v 1.487390 0.157000 -0.069711
v 1.446204 0.157000 0.118196
v 1.446204 0.157000 0.118196
v 1.487390 0.157000 -0.069711
v 1.434136 0.157000 -0.059152
v 1.446204 0.157000 0.118196
v 1.434136 0.157000 -0.059152
v 1.392556 0.157000 0.109892
v 1.392556 0.157000 0.109892
v 1.434136 0.157000 -0.059152
v 1.380394 0.157000 -0.051508
v 1.392556 0.157000 0.109892
v 1.380394 0.157000 -0.051508
v 1.338547 0.157000 0.104515
v 1.338547 0.157000 0.104515
v 1.380394 0.157000 -0.051508
v 1.326322 0.157000 -0.046794
v 1.338547 0.157000 0.104515
v 1.326322 0.157000 -0.046794
v 1.284326 0.157000 0.102081
v 1.284326 0.157000 0.102081
v 1.326322 0.157000 -0.046794
v 1.272085 0.157000 -0.045023
v 1.284326 0.157000 0.102081
v 1.272085 0.157000 -0.045023
v 1.230058 0.157000 0.102597
v 1.230058 0.157000 0.102597
v 1.272085 0.157000 -0.045023
v 1.217825 0.157000 -0.046206
v 1.230058 0.157000 0.102597
v 1.217825 0.157000 -0.046206
v 1.175892 0.157000 0.106060
v 1.175892 0.157000 0.106060
v 1.217825 0.157000 -0.046206
v 1.163706 0.157000 -0.050336
v 1.175892 0.157000 0.106060
v 1.163706 0.157000 -0.050336
v 1.121993 0.157000 0.112465
v 1.121993 0.157000 0.112465
v 1.163706 0.157000 -0.050336
v 1.109886 0.157000 -0.057401
v 1.121993 0.157000 0.112465
v 1.109886 0.157000 -0.057401
v 1.068511 0.157000 0.121790
v 1.068511 0.157000 0.121790
v 1.109886 0.157000 -0.057401
v 1.056521 0.157000 -0.067376
v 1.068511 0.157000 0.121790
v 1.056521 0.157000 -0.067376
v 1.015610 0.157000 0.134004
v 1.015610 0.157000 0.134004
v 1.056521 0.157000 -0.067376
v 1.003769 0.157000 -0.080243
v 1.015610 0.157000 0.134004
v 1.003769 0.157000 -0.080243
v 0.963424 0.157000 0.149079
v 0.963424 0.157000 0.149079
v 1.003769 0.157000 -0.080243
v 0.951772 0.157000 -0.095956
v 0.963424 0.157000 0.149079
v 0.951772 0.157000 -0.095956
v 0.912125 0.157000 0.166970
v 0.912125 0.157000 0.166970
v 0.951772 0.157000 -0.095956
v 0.900686 0.157000 -0.114474
v 0.912125 0.157000 0.166970
v 0.900686 0.157000 -0.114474
v 0.861848 0.157000 0.187619
v 0.861848 0.157000 0.187619
v 0.900686 0.157000 -0.114474
v 0.850668 0.157000 -0.135740
v 0.861848 0.157000 0.187619
v 0.850668 0.157000 -0.135740
v 0.812750 0.157000 0.210973
v 0.812750 0.157000 0.210973
v 0.850668 0.157000 -0.135740
v 0.801853 0.157000 -0.159694
v 0.812750 0.157000 0.210973
v 0.801853 0.157000 -0.159694
v 0.764963 0.157000 0.236961
v 0.764963 0.157000 0.236961
v 0.801853 0.157000 -0.159694
v 0.754381 0.157000 -0.186269
v 0.764963 0.157000 0.236961
v 0.754381 0.157000 -0.186269
v 0.718630 0.157000 0.265510
v 0.718630 0.157000 0.265510
v 0.754381 0.157000 -0.186269
v 0.708394 0.157000 -0.215382
v 0.718630 0.157000 0.265510
v 0.708394 0.157000 -0.215382
v 0.673882 0.157000 0.296536
v 0.673882 0.157000 0.296536
v 0.708394 0.157000 -0.215382
v 0.664023 0.157000 -0.246952
v 0.673882 0.157000 0.296536
v 0.664023 0.157000 -0.246952
v 0.630855 0.157000 0.329949
v 0.630855 0.157000 0.329949
v 0.664023 0.157000 -0.246952
v 0.621401 0.157000 -0.280890
v 0.630855 0.157000 0.329949
v 0.621401 0.157000 -0.280890
v 0.589668 0.157000 0.365650
v 0.589668 0.157000 0.365650
v 0.621401 0.157000 -0.280890
v 0.580647 0.157000 -0.317095
v 0.589668 0.157000 0.365650
v 0.580647 0.157000 -0.317095
v 0.550444 0.157000 0.403539
v 0.550444 0.157000 0.403539
v 0.580647 0.157000 -0.317095
v 0.541881 0.157000 -0.355464
v 0.550444 0.157000 0.403539
v 0.541881 0.157000 -0.355464
v 0.513294 0.157000 0.443508
v 0.513294 0.157000 0.443508
v 0.541881 0.157000 -0.355464
v 0.505211 0.157000 -0.395882
v 0.513294 0.157000 0.443508
v 0.505211 0.157000 -0.395882
v -0.534967 0.157000 0.443763
v -0.534967 0.157000 0.443763
v 0.505211 0.157000 -0.395882
v -0.526958 0.157000 -0.396061
v -0.534967 0.157000 0.443763
v -0.526958 0.157000 -0.396061
v -0.563614 0.157000 -0.355635
v 0.505211 0.157000 -0.395882
v 0.470751 0.157000 -0.438234
v -0.526958 0.157000 -0.396061
v -0.526958 0.157000 -0.396061
v 0.470751 0.157000 -0.438234
v -0.492506 0.157000 -0.438421
v -0.492506 0.157000 -0.438421
v 0.470751 0.157000 -0.438234
v 0.438598 0.157000 -0.482401
v -0.492506 0.157000 -0.438421
v 0.438598 0.157000 -0.482401
v -0.460363 0.157000 -0.482592
v -0.460363 0.157000 -0.482592
v 0.438598 0.157000 -0.482401
v 0.408839 0.157000 -0.528248
v -0.460363 0.157000 -0.482592
v 0.408839 0.157000 -0.528248
v -0.430617 0.157000 -0.528447
v -0.430617 0.157000 -0.528447
v 0.408839 0.157000 -0.528248
v 0.381569 0.157000 -0.575648
v -0.430617 0.157000 -0.528447
v 0.381569 0.157000 -0.575648
v -0.403355 0.157000 -0.575851
v -0.403355 0.157000 -0.575851
v 0.381569 0.157000 -0.575648
v 0.356861 0.157000 -0.624462
v -0.403355 0.157000 -0.575851
v 0.356861 0.157000 -0.624462
v -0.378660 0.157000 -0.624668
v -0.378660 0.157000 -0.624668
v 0.356861 0.157000 -0.624462
v 0.334788 0.157000 -0.674546
v -0.378660 0.157000 -0.624668
v 0.334788 0.157000 -0.674546
v -0.356602 0.157000 -0.674756
v -0.356602 0.157000 -0.674756
v 0.334788 0.157000 -0.674546
v 0.315419 0.157000 -0.725758
v -0.356602 0.157000 -0.674756
v 0.315419 0.157000 -0.725758
v -0.337241 0.157000 -0.725973
v -0.337241 0.157000 -0.725973
v 0.315419 0.157000 -0.725758
v 0.298802 0.157000 -0.777947
v -0.337241 0.157000 -0.725973
v 0.298802 0.157000 -0.777947
v -0.320636 0.157000 -0.778165
v -0.320636 0.157000 -0.778165
v 0.298802 0.157000 -0.777947
v 0.284988 0.157000 -0.830963
v -0.320636 0.157000 -0.778165
v 0.284988 0.157000 -0.830963
v -0.306833 0.157000 -0.831185
v -0.306833 0.157000 -0.831185
v 0.284988 0.157000 -0.830963
v 0.274020 0.157000 -0.884656
v -0.306833 0.157000 -0.831185
v 0.274020 0.157000 -0.884656
v -0.295877 0.157000 -0.884878
v -0.295877 0.157000 -0.884878
v 0.274020 0.157000 -0.884656
v 0.265926 0.157000 -0.938873
v -0.295877 0.157000 -0.884878
v 0.265926 0.157000 -0.938873
v -0.287794 0.157000 -0.939095
v -0.287794 0.157000 -0.939095
v 0.265926 0.157000 -0.938873
v 0.260732 0.157000 -0.993439
v -0.287794 0.157000 -0.939095
v 0.260732 0.157000 -0.993439
v -0.282613 0.157000 -0.993662
v -0.282613 0.157000 -0.993662
v 0.260732 0.157000 -0.993439
v 0.258452 0.157000 -1.048212
v -0.282613 0.157000 -0.993662
v 0.258452 0.157000 -1.048212
v -0.280345 0.157000 -1.048434
v -0.280345 0.157000 -1.048434
v 0.258452 0.157000 -1.048212
v 0.259090 0.157000 -1.103040
v -0.280345 0.157000 -1.048434
v 0.259090 0.157000 -1.103040
v -0.280997 0.157000 -1.103254
v -0.280997 0.157000 -1.103254
v 0.259090 0.157000 -1.103040
v 0.262651 0.157000 -1.157741
v -0.280997 0.157000 -1.103254
v 0.262651 0.157000 -1.157741
v -0.284567 0.157000 -1.157956
v -0.284567 0.157000 -1.157956
v 0.262651 0.157000 -1.157741
v 0.269117 0.157000 -1.212173
v -0.284567 0.157000 -1.157956
v 0.269117 0.157000 -1.212173
v -0.291049 0.157000 -1.212387
v -0.291049 0.157000 -1.212387
v 0.269117 0.157000 -1.212173
v 0.278477 0.157000 -1.266175
v -0.291049 0.157000 -1.212387
v 0.278477 0.157000 -1.266175
v -0.300417 0.157000 -1.266390
v -0.300417 0.157000 -1.266390
v 0.278477 0.157000 -1.266175
v 0.290696 0.157000 -1.319591
v -0.300417 0.157000 -1.266390
v 0.290696 0.157000 -1.319591
v -0.312648 0.157000 -1.319805
v -0.312648 0.157000 -1.319805
v 0.290696 0.157000 -1.319591
v 0.305744 0.157000 -1.372268
v -0.312648 0.157000 -1.319805
v 0.305744 0.157000 -1.372268
v -0.327708 0.157000 -1.372475
v -0.327708 0.157000 -1.372475
v 0.305744 0.157000 -1.372268
v 0.323576 0.157000 -1.424048
v -0.327708 0.157000 -1.372475
v 0.323576 0.157000 -1.424048
v -0.345547 0.157000 -1.424247
v -0.345547 0.157000 -1.424247
v 0.323576 0.157000 -1.424048
v 0.344140 0.157000 -1.474781
v -0.345547 0.157000 -1.424247
v 0.344140 0.157000 -1.474781
v -0.366123 0.157000 -1.474980
v -0.366123 0.157000 -1.474980
v 0.344140 0.157000 -1.474781
v 0.367373 0.157000 -1.524331
v -0.366123 0.157000 -1.474980
v 0.367373 0.157000 -1.524331
v -0.389368 0.157000 -1.524514
v -0.389368 0.157000 -1.524514
v 0.367373 0.157000 -1.524331
v 0.393217 0.157000 -1.572540
v -0.389368 0.157000 -1.524514
v 0.393217 0.157000 -1.572540
v -0.415220 0.157000 -1.572723
v -0.415220 0.157000 -1.572723
v 0.393217 0.157000 -1.572540
v 0.421588 0.157000 -1.619273
v -0.415220 0.157000 -1.572723
v 0.421588 0.157000 -1.619273
v -0.443598 0.157000 -1.619447
v -0.443598 0.157000 -1.619447
v 0.421588 0.157000 -1.619273
v 0.452408 0.157000 -1.664402
v -0.443598 0.157000 -1.619447
v 0.452408 0.157000 -1.664402
v -0.474425 0.157000 -1.664569
v -0.474425 0.157000 -1.664569
v 0.452408 0.157000 -1.664402
v 0.485584 0.157000 -1.707785
v -0.474425 0.157000 -1.664569
v 0.485584 0.157000 -1.707785
v -0.507612 0.157000 -1.707944
v -0.507612 0.157000 -1.707944
v 0.485584 0.157000 -1.707785
v 0.521027 0.157000 -1.749303
v -0.507612 0.157000 -1.707944
v 0.521027 0.157000 -1.749303
v -0.543060 0.157000 -1.749454
v -0.543060 0.157000 -1.749454
v 0.521027 0.157000 -1.749303
v 0.558628 0.157000 -1.788837
v -0.543060 0.157000 -1.749454
v 0.558628 0.157000 -1.788837
v -0.580668 0.157000 -1.788980
v -0.580668 0.157000 -1.788980
v 0.558628 0.157000 -1.788837
v 0.598278 0.157000 -1.826275
v -0.580668 0.157000 -1.788980
v 0.598278 0.157000 -1.826275
v -0.620326 0.157000 -1.826402
v -0.620326 0.157000 -1.826402
v 0.598278 0.157000 -1.826275
v 0.639866 0.157000 -1.861491
v -0.620326 0.157000 -1.826402
v 0.639866 0.157000 -1.861491
v -0.661921 0.157000 -1.861618
v -0.661921 0.157000 -1.861618
v 0.639866 0.157000 -1.861491
v 0.683269 0.157000 -1.894406
v -0.661921 0.157000 -1.861618
v 0.683269 0.157000 -1.894406
v -0.705331 0.157000 -1.894525
v -0.705331 0.157000 -1.894525
v 0.683269 0.157000 -1.894406
v 0.728365 0.157000 -1.924915
v -0.705331 0.157000 -1.894525
v 0.728365 0.157000 -1.924915
v -0.750430 0.157000 -1.925018
v -0.750430 0.157000 -1.925018
v 0.728365 0.157000 -1.924915
v 0.775019 0.157000 -1.952925
v -0.750430 0.157000 -1.925018
v 0.775019 0.157000 -1.952925
v -0.797091 0.157000 -1.953020
v -0.797091 0.157000 -1.953020
v 0.775019 0.157000 -1.952925
v 0.823098 0.157000 -1.978354
v -0.797091 0.157000 -1.953020
v 0.823098 0.157000 -1.978354
v -0.845168 0.157000 -1.978442
v -0.845168 0.157000 -1.978442
v 0.823098 0.157000 -1.978354
v 0.872463 0.157000 -2.001141
v -0.845168 0.157000 -1.978442
v 0.872463 0.157000 -2.001141
v -0.894534 0.157000 -2.001213
v -0.894534 0.157000 -2.001213
v 0.872463 0.157000 -2.001141
v 0.922968 0.157000 -2.021206
v -0.894534 0.157000 -2.001213
v 0.922968 0.157000 -2.021206
v -0.945046 0.157000 -2.021277
v -0.945046 0.157000 -2.021277
v 0.922968 0.157000 -2.021206
v 0.974470 0.157000 -2.038501
v -0.945046 0.157000 -2.021277
v 0.974470 0.157000 -2.038501
v -0.996549 0.157000 -2.038556
v -0.996549 0.157000 -2.038556
v 0.974470 0.157000 -2.038501
v 1.026814 0.157000 -2.052969
v -0.996549 0.157000 -2.038556
v 1.026814 0.157000 -2.052969
v -1.048892 0.157000 -2.053017
v -1.048892 0.157000 -2.053017
v 1.026814 0.157000 -2.052969
v 1.079856 0.157000 -2.064573
v -1.048892 0.157000 -2.053017
v 1.079856 0.157000 -2.064573
v -1.101942 0.157000 -2.064613
v -1.101942 0.157000 -2.064613
v 1.079856 0.157000 -2.064573
v 1.133441 0.157000 -2.073280
v -1.101942 0.157000 -2.064613
v 1.133441 0.157000 -2.073280
v -1.155519 0.157000 -2.073304
v -1.155519 0.157000 -2.073304
v 1.133441 0.157000 -2.073280
v -2.535583 0.157000 -2.342992
v -1.155519 0.157000 -2.073304
v -2.535583 0.157000 -2.342992
v -1.209489 0.157000 -2.079074
v -1.209489 0.157000 -2.079074
v -2.535583 0.157000 -2.342992
v -1.263694 0.157000 -2.081899
v -1.263694 0.157000 -2.081899
v -2.535583 0.157000 -2.342992
v -1.317962 0.157000 -2.081780
v -1.317962 0.157000 -2.081780
v -2.535583 0.157000 -2.342992
v -1.372144 0.157000 -2.078709
v -1.372144 0.157000 -2.078709
v -2.535583 0.157000 -2.342992
v -1.426090 0.157000 -2.072693
v -1.426090 0.157000 -2.072693
v -2.535583 0.157000 -2.342992
v -1.479635 0.157000 -2.063763
v -1.479635 0.157000 -2.063763
v -2.535583 0.157000 -2.342992
v -1.532623 0.157000 -2.051929
v -1.532623 0.157000 -2.051929
v -2.535583 0.157000 -2.342992
v -1.584911 0.157000 -2.037230
v -1.584911 0.157000 -2.037230
v -2.535583 0.157000 -2.342992
v -1.636335 0.157000 -2.019714
v -1.636335 0.157000 -2.019714
v -2.535583 0.157000 -2.342992
v -1.686753 0.157000 -1.999435
v -1.686753 0.157000 -1.999435
v -2.535583 0.157000 -2.342992
v -1.736017 0.157000 -1.976434
v -1.736017 0.157000 -1.976434
v -2.535583 0.157000 -2.342992
v -1.783991 0.157000 -1.950797
v -1.783991 0.157000 -1.950797
v -2.535583 0.157000 -2.342992
v -1.830520 0.157000 -1.922582
v -1.830520 0.157000 -1.922582
v -2.535583 0.157000 -2.342992
v -1.875486 0.157000 -1.891890
v -1.875486 0.157000 -1.891890
v -2.535583 0.157000 -2.342992
v -1.918747 0.157000 -1.858793
v -1.918747 0.157000 -1.858793
v -2.535583 0.157000 -2.342992
v -1.960184 0.157000 -1.823386
v -2.535583 0.157000 -2.342992
v 1.133441 0.157000 -2.073280
v 2.594573 0.157000 -2.342992
v 2.594573 0.157000 -2.342992
v 1.133441 0.157000 -2.073280
v 1.187403 0.157000 -2.079058
v 2.594573 0.157000 -2.342992
v 1.187403 0.157000 -2.079058
v 1.241608 0.157000 -2.081899
v 1.241608 0.157000 -2.081899
v 1.295876 0.157000 -2.081780
v 2.594573 0.157000 -2.342992
v 2.594573 0.157000 -2.342992
v 1.295876 0.157000 -2.081780
v 1.350066 0.157000 -2.078725
v 2.594573 0.157000 -2.342992
v 1.350066 0.157000 -2.078725
v 1.404012 0.157000 -2.072716
v 1.404012 0.157000 -2.072716
v 1.457557 0.157000 -2.063795
v 2.594573 0.157000 -2.342992
v 2.594573 0.157000 -2.342992
v 1.457557 0.157000 -2.063795
v 1.510553 0.157000 -2.051969
v 2.594573 0.157000 -2.342992
v 1.510553 0.157000 -2.051969
v 1.562841 0.157000 -2.037286
v 1.562841 0.157000 -2.037286
v 1.614273 0.157000 -2.019777
v 2.594573 0.157000 -2.342992
v 2.594573 0.157000 -2.342992
v 1.614273 0.157000 -2.019777
v 1.664691 0.157000 -1.999498
v 2.594573 0.157000 -2.342992
v 1.664691 0.157000 -1.999498
v 1.713962 0.157000 -1.976513
v 1.713962 0.157000 -1.976513
v 1.761937 0.157000 -1.950885
v 2.594573 0.157000 -2.342992
v 2.594573 0.157000 -2.342992
v 1.761937 0.157000 -1.950885
v 1.808482 0.157000 -1.922677
v 2.594573 0.157000 -2.342992
v 1.808482 0.157000 -1.922677
v 1.853447 0.157000 -1.891985
v 1.853447 0.157000 -1.891985
v 1.896716 0.157000 -1.858896
v 2.594573 0.157000 -2.342992
v 2.594573 0.157000 -2.342992
v 1.896716 0.157000 -1.858896
v 1.938161 0.157000 -1.823505
v 2.594573 0.157000 -2.342992
v 1.938161 0.157000 -1.823505
v 1.977666 0.157000 -1.785908
v -0.534967 0.157000 0.443763
v -0.563614 0.157000 -0.355635
v -0.572103 0.157000 0.403785
v -0.572103 0.157000 0.403785
v -0.563614 0.157000 -0.355635
v -0.602371 0.157000 -0.317261
v -0.572103 0.157000 0.403785
v -0.602371 0.157000 -0.317261
v -0.611316 0.157000 0.365881
v -0.611316 0.157000 0.365881
v -0.602371 0.157000 -0.317261
v -0.643115 0.157000 -0.281044
v -0.611316 0.157000 0.365881
v -0.643115 0.157000 -0.281044
v -0.652490 0.157000 0.330164
v -0.652490 0.157000 0.330164
v -0.643115 0.157000 -0.281044
v -0.685730 0.157000 -0.247099
v -0.652490 0.157000 0.330164
v -0.685730 0.157000 -0.247099
v -0.695506 0.157000 0.296739
v -0.695506 0.157000 0.296739
v -0.685730 0.157000 -0.247099
v -0.730091 0.157000 -0.215516
v -0.695506 0.157000 0.296739
v -0.730091 0.157000 -0.215516
v -0.740241 0.157000 0.265700
v -0.740241 0.157000 0.265700
v -0.730091 0.157000 -0.215516
v -0.776069 0.157000 -0.186392
v -0.740241 0.157000 0.265700
v -0.776069 0.157000 -0.186392
v -0.786563 0.157000 0.237136
v -0.786563 0.157000 0.237136
v -0.776069 0.157000 -0.186392
v -0.823530 0.157000 -0.159809
v -0.786563 0.157000 0.237136
v -0.823530 0.157000 -0.159809
v -0.834341 0.157000 0.211128
v -0.834341 0.157000 0.211128
v -0.823530 0.157000 -0.159809
v -0.872345 0.157000 -0.135843
v -0.834341 0.157000 0.211128
v -0.872345 0.157000 -0.135843
v -0.883432 0.157000 0.187759
v -0.883432 0.157000 0.187759
v -0.872345 0.157000 -0.135843
v -0.922355 0.157000 -0.114565
v -0.883432 0.157000 0.187759
v -0.922355 0.157000 -0.114565
v -0.933701 0.157000 0.167093
v -0.933701 0.157000 0.167093
v -0.922355 0.157000 -0.114565
v -0.973433 0.157000 -0.096036
v -0.933701 0.157000 0.167093
v -0.973433 0.157000 -0.096036
v -0.984999 0.157000 0.149182
v -0.984999 0.157000 0.149182
v -0.973433 0.157000 -0.096036
v -1.025423 0.157000 -0.080310
v -0.984999 0.157000 0.149182
v -1.025423 0.157000 -0.080310
v -1.037169 0.157000 0.134092
v -1.037169 0.157000 0.134092
v -1.025423 0.157000 -0.080310
v -1.078175 0.157000 -0.067432
v -1.037169 0.157000 0.134092
v -1.078175 0.157000 -0.067432
v -1.090070 0.157000 0.121857
v -1.090070 0.157000 0.121857
v -1.078175 0.157000 -0.067432
v -1.131539 0.157000 -0.057437
v -1.090070 0.157000 0.121857
v -1.131539 0.157000 -0.057437
v -1.143553 0.157000 0.112513
v -1.143553 0.157000 0.112513
v -1.131539 0.157000 -0.057437
v -1.185352 0.157000 -0.050360
v -1.143553 0.157000 0.112513
v -1.185352 0.157000 -0.050360
v -1.197452 0.157000 0.106091
v -1.197452 0.157000 0.106091
v -1.185352 0.157000 -0.050360
v -1.239471 0.157000 -0.046218
v -1.197452 0.157000 0.106091
v -1.239471 0.157000 -0.046218
v -1.251610 0.157000 0.102608
v -1.251610 0.157000 0.102608
v -1.239471 0.157000 -0.046218
v -1.293723 0.157000 -0.045023
v -1.251610 0.157000 0.102608
v -1.293723 0.157000 -0.045023
v -1.305878 0.157000 0.102073
v -1.305878 0.157000 0.102073
v -1.293723 0.157000 -0.045023
v -1.347968 0.157000 -0.046778
v -1.305878 0.157000 0.102073
v -1.347968 0.157000 -0.046778
v -1.360099 0.157000 0.104487
v -1.360099 0.157000 0.104487
v -1.347968 0.157000 -0.046778
v -1.402040 0.157000 -0.051480
v -1.360099 0.157000 0.104487
v -1.402040 0.157000 -0.051480
v -1.414108 0.157000 0.109848
v -1.414108 0.157000 0.109848
v -1.402040 0.157000 -0.051480
v -1.455781 0.157000 -0.059112
v -1.414108 0.157000 0.109848
v -1.455781 0.157000 -0.059112
v -1.467756 0.157000 0.118136
v -1.467756 0.157000 0.118136
v -1.455781 0.157000 -0.059112
v -1.509036 0.157000 -0.069652
v -1.467756 0.157000 0.118136
v -1.509036 0.157000 -0.069652
v -1.520885 0.157000 0.129322
v -1.520885 0.157000 0.129322
v -1.509036 0.157000 -0.069652
v -1.561654 0.157000 -0.083074
v -1.520885 0.157000 0.129322
v -1.561654 0.157000 -0.083074
v -1.573346 0.157000 0.143384
v -1.573346 0.157000 0.143384
v -1.561654 0.157000 -0.083074
v -1.613487 0.157000 -0.099336
v -1.573346 0.157000 0.143384
v -1.613487 0.157000 -0.099336
v -1.624974 0.157000 0.160278
v -1.624974 0.157000 0.160278
v -1.613487 0.157000 -0.099336
v -1.664369 0.157000 -0.118390
v -1.624974 0.157000 0.160278
v -1.664369 0.157000 -0.118390
v -1.675628 0.157000 0.179951
v -1.675628 0.157000 0.179951
v -1.664369 0.157000 -0.118390
v -1.714174 0.157000 -0.140183
v -1.675628 0.157000 0.179951
v -1.714174 0.157000 -0.140183
v -1.725166 0.157000 0.202352
v -1.725166 0.157000 0.202352
v -1.714174 0.157000 -0.140183
v -1.762738 0.157000 -0.164654
v -1.725166 0.157000 0.202352
v -1.762738 0.157000 -0.164654
v -1.773439 0.157000 0.227410
v -1.773439 0.157000 0.227410
v -1.762738 0.157000 -0.164654
v -1.809927 0.157000 -0.191725
v -1.773439 0.157000 0.227410
v -1.809927 0.157000 -0.191725
v -1.820299 0.157000 0.255057
v -1.820299 0.157000 0.255057
v -1.809927 0.157000 -0.191725
v -1.855608 0.157000 -0.221322
v -1.820299 0.157000 0.255057
v -1.855608 0.157000 -0.221322
v -1.865626 0.157000 0.285207
v -1.865626 0.157000 0.285207
v -1.855608 0.157000 -0.221322
v -1.899646 0.157000 -0.253361
v -1.865626 0.157000 0.285207
v -1.899646 0.157000 -0.253361
v -1.909279 0.157000 0.317782
v -1.909279 0.157000 0.317782
v -1.899646 0.157000 -0.253361
v -1.941917 0.157000 -0.287744
v -1.909279 0.157000 0.317782
v -1.941917 0.157000 -0.287744
v -1.951133 0.157000 0.352681
v -1.951133 0.157000 0.352681
v -1.941917 0.157000 -0.287744
v -1.982294 0.157000 -0.324378
v -1.951133 0.157000 0.352681
v -1.982294 0.157000 -0.324378
v -1.991070 0.157000 0.389802
v -1.991070 0.157000 0.389802
v -1.982294 0.157000 -0.324378
v -2.020659 0.157000 -0.363152
v -1.991070 0.157000 0.389802
v -2.020659 0.157000 -0.363152
v -2.028972 0.157000 0.429042
v -2.028972 0.157000 0.429042
v -2.020659 0.157000 -0.363152
v -2.056904 0.157000 -0.403951
v -2.028972 0.157000 0.429042
v -2.056904 0.157000 -0.403951
v -2.064729 0.157000 0.470282
v -2.064729 0.157000 0.470282
v -2.056904 0.157000 -0.403951
v -2.090925 0.157000 -0.446666
v -2.064729 0.157000 0.470282
v -2.090925 0.157000 -0.446666
v -2.098239 0.157000 0.513409
v -2.098239 0.157000 0.513409
v -2.090925 0.157000 -0.446666
v -2.122620 0.157000 -0.491166
v -2.098239 0.157000 0.513409
v -2.122620 0.157000 -0.491166
v -2.129400 0.157000 0.558295
v -2.129400 0.157000 0.558295
v -2.122620 0.157000 -0.491166
v -2.151903 0.157000 -0.537327
v -2.129400 0.157000 0.558295
v -2.151903 0.157000 -0.537327
v -2.158125 0.157000 0.604805
v -2.158125 0.157000 0.604805
v -2.151903 0.157000 -0.537327
v -2.178687 0.157000 -0.585008
v -2.158125 0.157000 0.604805
v -2.178687 0.157000 -0.585008
v -2.184336 0.157000 0.652812
v -2.184336 0.157000 0.652812
v -2.178687 0.157000 -0.585008
v -2.202887 0.157000 -0.634080
v -2.184336 0.157000 0.652812
v -2.202887 0.157000 -0.634080
v -2.207954 0.157000 0.702178
v -2.207954 0.157000 0.702178
v -2.202887 0.157000 -0.634080
v -2.224438 0.157000 -0.684394
v -2.207954 0.157000 0.702178
v -2.224438 0.157000 -0.684394
v -2.228901 0.157000 0.752750
v -2.228901 0.157000 0.752750
v -2.224438 0.157000 -0.684394
v -2.243279 0.157000 -0.735805
v -2.228901 0.157000 0.752750
v -2.243279 0.157000 -0.735805
v -2.247129 0.157000 0.804390
v -2.247129 0.157000 0.804390
v -2.243279 0.157000 -0.735805
v -2.259355 0.157000 -0.788169
v -2.247129 0.157000 0.804390
v -2.259355 0.157000 -0.788169
v -2.262576 0.157000 0.856948
v -2.262576 0.157000 0.856948
v -2.259355 0.157000 -0.788169
v -2.272617 0.157000 -0.841328
v -2.262576 0.157000 0.856948
v -2.272617 0.157000 -0.841328
v -2.275210 0.157000 0.910260
v -2.275210 0.157000 0.910260
v -2.272617 0.157000 -0.841328
v -2.283036 0.157000 -0.895133
v -2.275210 0.157000 0.910260
v -2.283036 0.157000 -0.895133
v -2.284976 0.157000 0.964192
v -2.284976 0.157000 0.964192
v -2.283036 0.157000 -0.895133
v -2.290563 0.157000 -0.949421
v -2.284976 0.157000 0.964192
v -2.290563 0.157000 -0.949421
v -2.594565 0.156999 2.342984
v -2.594565 0.156999 2.342984
v -2.290563 0.157000 -0.949421
v -2.594565 0.157000 -2.342992
v -2.594565 0.157000 -2.342992
v -2.290563 0.157000 -0.949421
v -2.295198 0.157000 -1.004043
v -2.594565 0.157000 -2.342992
v -2.295198 0.157000 -1.004043
v -2.296911 0.157000 -1.058839
v -2.296911 0.157000 -1.058839
v -2.295701 0.157000 -1.113652
v -2.594565 0.157000 -2.342992
v -2.594565 0.157000 -2.342992
v -2.295701 0.157000 -1.113652
v -2.291576 0.157000 -1.168313
v -2.594565 0.157000 -2.342992
v -2.291576 0.157000 -1.168313
v -2.284552 0.157000 -1.222673
v -2.284552 0.157000 -1.222673
v -2.274637 0.157000 -1.276573
v -2.594565 0.157000 -2.342992
v -2.594565 0.157000 -2.342992
v -2.274637 0.157000 -1.276573
v -2.261861 0.157000 -1.329861
v -2.594565 0.157000 -2.342992
v -2.261861 0.157000 -1.329861
v -2.246281 0.157000 -1.382364
v -2.246281 0.157000 -1.382364
v -2.227911 0.157000 -1.433954
v -2.594565 0.157000 -2.342992
v -2.594565 0.157000 -2.342992
v -2.227911 0.157000 -1.433954
v -2.206831 0.157000 -1.484472
v -2.594565 0.157000 -2.342992
v -2.206831 0.157000 -1.484472
v -2.183079 0.157000 -1.533768
v -2.183079 0.157000 -1.533768
v -2.156742 0.157000 -1.581699
v -2.594565 0.157000 -2.342992
v -2.594565 0.157000 -2.342992
v -2.156742 0.157000 -1.581699
v -2.127892 0.157000 -1.628138
v -2.594565 0.157000 -2.342992
v -2.127892 0.157000 -1.628138
v -2.096613 0.157000 -1.672934
v -2.096613 0.157000 -1.672934
v -2.062993 0.157000 -1.715968
v -2.594565 0.157000 -2.342992
v -2.594565 0.157000 -2.342992
v -2.062993 0.157000 -1.715968
v -2.027126 0.157000 -1.757113
v -2.594565 0.157000 -2.342992
v -2.027126 0.157000 -1.757113
v -1.989114 0.157000 -1.796250
v -2.018766 0.157000 1.822997
v -2.055120 0.157000 1.782297
v -2.594565 0.156999 2.342984
v -2.594565 0.156999 2.342984
v -2.055120 0.157000 1.782297
v -2.089259 0.157000 1.739676
v -2.594565 0.156999 2.342984
v -2.089259 0.157000 1.739676
v -2.121072 0.157000 1.695261
v -2.121072 0.157000 1.695261
v -2.150481 0.157000 1.649187
v -2.594565 0.156999 2.342984
v -2.594565 0.156999 2.342984
v -2.150481 0.157000 1.649187
v -2.177391 0.157000 1.601573
v -2.594565 0.156999 2.342984
v -2.177391 0.157000 1.601573
v -2.201724 0.157000 1.552571
v -2.201724 0.157000 1.552571
v -2.223409 0.157000 1.502314
v -2.594565 0.156999 2.342984
v -2.594565 0.156999 2.342984
v -2.223409 0.157000 1.502314
v -2.242392 0.157000 1.450955
v -2.594565 0.156999 2.342984
v -2.242392 0.157000 1.450955
v -2.258608 0.157000 1.398635
v -2.258608 0.157000 1.398635
v -2.272020 0.157000 1.345513
v -2.594565 0.156999 2.342984
v -2.594565 0.156999 2.342984
v -2.272020 0.157000 1.345513
v -2.282572 0.157000 1.291732
v -2.594565 0.156999 2.342984
v -2.282572 0.157000 1.291732
v -2.290256 0.157000 1.237468
v -2.290256 0.157000 1.237468
v -2.295033 0.157000 1.182854
v -2.594565 0.156999 2.342984
v -2.594565 0.156999 2.342984
v -2.295033 0.157000 1.182854
v -2.296895 0.157000 1.128057
v -2.594565 0.156999 2.342984
v -2.296895 0.157000 1.128057
v -2.295835 0.157000 1.073253
v -2.295835 0.157000 1.073253
v -2.291859 0.157000 1.018568
v -2.594565 0.156999 2.342984
v -2.594565 0.156999 2.342984
v -2.291859 0.157000 1.018568
v -2.284976 0.157000 0.964192
v 0.513294 0.157000 0.443508
v -0.534967 0.157000 0.443763
v 0.478326 0.157000 0.485436
v 0.478326 0.157000 0.485436
v -0.534967 0.157000 0.443763
v -0.500013 0.157000 0.485702
v 0.478326 0.157000 0.485436
v -0.500013 0.157000 0.485702
v 0.445643 0.157000 0.529202
v 0.445643 0.157000 0.529202
v -0.500013 0.157000 0.485702
v -0.467344 0.157000 0.529480
v 0.445643 0.157000 0.529202
v -0.467344 0.157000 0.529480
v 0.415338 0.157000 0.574684
v 0.415338 0.157000 0.574684
v -0.467344 0.157000 0.529480
v -0.437054 0.157000 0.574970
v 0.415338 0.157000 0.574684
v -0.437054 0.157000 0.574970
v 0.387497 0.157000 0.621742
v 0.387497 0.157000 0.621742
v -0.437054 0.157000 0.574970
v -0.409232 0.157000 0.622039
v 0.387497 0.157000 0.621742
v -0.409232 0.157000 0.622039
v 0.362204 0.157000 0.670250
v 0.362204 0.157000 0.670250
v -0.409232 0.157000 0.622039
v -0.383955 0.157000 0.670555
v 0.362204 0.157000 0.670250
v -0.383955 0.157000 0.670555
v 0.339533 0.157000 0.720060
v 0.339533 0.157000 0.720060
v -0.383955 0.157000 0.670555
v -0.361300 0.157000 0.720373
v 0.339533 0.157000 0.720060
v -0.361300 0.157000 0.720373
v 0.319547 0.157000 0.771034
v 0.319547 0.157000 0.771034
v -0.361300 0.157000 0.720373
v -0.341329 0.157000 0.771351
v 0.319547 0.157000 0.771034
v -0.341329 0.157000 0.771351
v 0.302305 0.157000 0.823018
v 0.302305 0.157000 0.823018
v -0.341329 0.157000 0.771351
v -0.324103 0.157000 0.823343
v 0.302305 0.157000 0.823018
v -0.324103 0.157000 0.823343
v 0.287853 0.157000 0.875862
v 0.287853 0.157000 0.875862
v -0.324103 0.157000 0.823343
v -0.309671 0.157000 0.876187
v 0.287853 0.157000 0.875862
v -0.309671 0.157000 0.876187
v 0.276241 0.157000 0.929412
v 0.276241 0.157000 0.929412
v -0.309671 0.157000 0.876187
v -0.298078 0.157000 0.929746
v 0.276241 0.157000 0.929412
v -0.298078 0.157000 0.929746
v 0.267498 0.157000 0.983518
v 0.267498 0.157000 0.983518
v -0.298078 0.157000 0.929746
v -0.289352 0.157000 0.983852
v 0.267498 0.157000 0.983518
v -0.289352 0.157000 0.983852
v 0.261649 0.157000 1.038029
v 0.261649 0.157000 1.038029
v -0.289352 0.157000 0.983852
v -0.283518 0.157000 1.038362
v 0.261649 0.157000 1.038029
v -0.283518 0.157000 1.038362
v 0.258712 0.157000 1.092770
v 0.258712 0.157000 1.092770
v -0.283518 0.157000 1.038362
v -0.280600 0.157000 1.093103
v 0.258712 0.157000 1.092770
v -0.280600 0.157000 1.093103
v 0.258692 0.157000 1.147590
v 0.258692 0.157000 1.147590
v -0.280600 0.157000 1.093103
v -0.280600 0.157000 1.147931
v 0.258692 0.157000 1.147590
v -0.280600 0.157000 1.147931
v 0.261594 0.157000 1.202339
v 0.261594 0.157000 1.202339
v -0.280600 0.157000 1.147931
v -0.283518 0.157000 1.202672
v 0.261594 0.157000 1.202339
v -0.283518 0.157000 1.202672
v 0.267408 0.157000 1.256850
v 0.267408 0.157000 1.256850
v -0.283518 0.157000 1.202672
v -0.289352 0.157000 1.257183
v 0.267408 0.157000 1.256850
v -0.289352 0.157000 1.257183
v 0.276115 0.157000 1.310963
v 0.276115 0.157000 1.310963
v -0.289352 0.157000 1.257183
v -0.298074 0.157000 1.311297
v 0.276115 0.157000 1.310963
v -0.298074 0.157000 1.311297
v 0.287692 0.157000 1.364522
v 0.287692 0.157000 1.364522
v -0.298074 0.157000 1.311297
v -0.309671 0.157000 1.364847
v 0.287692 0.157000 1.364522
v -0.309671 0.157000 1.364847
v 0.302108 0.157000 1.417382
v 0.302108 0.157000 1.417382
v -0.309671 0.157000 1.364847
v -0.324103 0.157000 1.417699
v 0.302108 0.157000 1.417382
v -0.324103 0.157000 1.417699
v 0.319315 0.157000 1.469376
v 0.319315 0.157000 1.469376
v -0.324103 0.157000 1.417699
v -0.341326 0.157000 1.469686
v 0.319315 0.157000 1.469376
v -0.341326 0.157000 1.469686
v 0.339265 0.157000 1.520355
v 0.339265 0.157000 1.520355
v -0.341326 0.157000 1.469686
v -0.361296 0.157000 1.520665
v 0.339265 0.157000 1.520355
v -0.361296 0.157000 1.520665
v 0.361905 0.157000 1.570183
v 0.361905 0.157000 1.570183
v -0.361296 0.157000 1.520665
v -0.383951 0.157000 1.570485
v 0.361905 0.157000 1.570183
v -0.383951 0.157000 1.570485
v 0.387166 0.157000 1.618709
v 0.387166 0.157000 1.618709
v -0.383951 0.157000 1.570485
v -0.409224 0.157000 1.618995
v 0.387166 0.157000 1.618709
v -0.409224 0.157000 1.618995
v 0.199124 0.157000 2.126989
v -0.467338 0.157000 1.711563
v -0.500007 0.157000 1.755343
v -0.229189 0.157000 2.126989
v -0.229189 0.157000 2.126989
v -0.500007 0.157000 1.755343
v -0.534960 0.157000 1.797282
v -0.229189 0.157000 2.126989
v -0.534960 0.157000 1.797282
v -0.572096 0.157000 1.837260
v -0.572096 0.157000 1.837260
v -0.611308 0.157000 1.875159
v -0.229189 0.157000 2.126989
v -0.229189 0.157000 2.126989
v -0.611308 0.157000 1.875159
v -0.652482 0.157000 1.910875
v -0.229189 0.157000 2.126989
v -0.652482 0.157000 1.910875
v -0.695498 0.157000 1.944305
v -0.695498 0.157000 1.944305
v -0.740233 0.157000 1.975346
v -0.229189 0.157000 2.126989
v -0.229189 0.157000 2.126989
v -0.740233 0.157000 1.975346
v -0.786555 0.157000 2.003911
v -0.229189 0.157000 2.126989
v -0.786555 0.157000 2.003911
v -0.834333 0.157000 2.029912
v -0.834333 0.157000 2.029912
v -0.883424 0.157000 2.053287
v -0.229189 0.157000 2.126989
v -0.229189 0.157000 2.126989
v -0.883424 0.157000 2.053287
v -0.933693 0.157000 2.073955
v -0.229189 0.157000 2.126989
v -0.933693 0.157000 2.073955
v -0.984983 0.157000 2.091860
v -1.090062 0.157000 2.119195
v -1.143537 0.157000 2.128529
v -0.015031 0.156999 2.259750
v -0.015031 0.156999 2.259750
v -1.143537 0.157000 2.128529
v -1.197436 0.157000 2.134958
v -0.015031 0.156999 2.259750
v -1.197436 0.157000 2.134958
v -1.251602 0.157000 2.138442
v -0.015031 0.156999 2.259750
v -1.251602 0.157000 2.138442
v -2.535583 0.156999 2.342984
v -2.535583 0.156999 2.342984
v -1.251602 0.157000 2.138442
v -1.305870 0.157000 2.138974
v -2.535583 0.156999 2.342984
v -1.305870 0.157000 2.138974
v -1.360083 0.157000 2.136561
v -1.360083 0.157000 2.136561
v -1.414100 0.157000 2.131203
v -2.535583 0.156999 2.342984
v -2.535583 0.156999 2.342984
v -1.414100 0.157000 2.131203
v -1.467748 0.157000 2.122917
v -2.535583 0.156999 2.342984
v -1.467748 0.157000 2.122917
v -1.520877 0.157000 2.111726
v -1.520877 0.157000 2.111726
v -1.573330 0.157000 2.097662
v -2.535583 0.156999 2.342984
v -2.535583 0.156999 2.342984
v -1.573330 0.157000 2.097662
v -1.624966 0.157000 2.080772
v -2.535583 0.156999 2.342984
v -1.624966 0.157000 2.080772
v -1.675620 0.157000 2.061097
v -1.675620 0.157000 2.061097
v -1.725150 0.157000 2.038699
v -2.535583 0.156999 2.342984
v -2.535583 0.156999 2.342984
v -1.725150 0.157000 2.038699
v -1.773424 0.157000 2.013642
v -2.535583 0.156999 2.342984
v -1.773424 0.157000 2.013642
v -1.820291 0.157000 1.985998
v -1.820291 0.157000 1.985998
v -1.865618 0.157000 1.955845
v -2.535583 0.156999 2.342984
v -2.535583 0.156999 2.342984
v -1.865618 0.157000 1.955845
v -1.909271 0.157000 1.923272
v -2.535583 0.156999 2.342984
v -1.909271 0.157000 1.923272
v -1.951125 0.157000 1.888374
v -1.951125 0.157000 1.888374
v -1.991062 0.157000 1.851253
v -2.535583 0.156999 2.342984
v -2.535583 0.156999 2.342984
v 2.594573 0.156999 2.342984
v -0.015031 0.156999 2.259750
v -0.015031 0.156999 2.259750
v 2.594573 0.156999 2.342984
v 1.229383 0.157000 2.138426
v -0.015031 0.156999 2.259750
v 1.229383 0.157000 2.138426
v 1.175216 0.157000 2.134926
v 2.006855 0.157000 1.812251
v 1.968945 0.157000 1.851475
v 2.594573 0.156999 2.342984
v 2.594573 0.156999 2.342984
v 1.968945 0.157000 1.851475
v 1.928992 0.157000 1.888580
v 2.594573 0.156999 2.342984
v 1.928992 0.157000 1.888580
v 1.887122 0.157000 1.923471
v 1.887122 0.157000 1.923471
v 1.843461 0.157000 1.956028
v 2.594573 0.156999 2.342984
v 2.594573 0.156999 2.342984
v 1.843461 0.157000 1.956028
v 1.798126 0.157000 1.986164
v 2.594573 0.156999 2.342984
v 1.798126 0.157000 1.986164
v 1.751251 0.157000 2.013801
v 1.751251 0.157000 2.013801
v 1.702970 0.157000 2.038842
v 2.594573 0.156999 2.342984
v 2.594573 0.156999 2.342984
v 1.702970 0.157000 2.038842
v 1.653432 0.157000 2.061224
v 2.594573 0.156999 2.342984
v 1.653432 0.157000 2.061224
v 1.602762 0.157000 2.080875
v 1.602762 0.157000 2.080875
v 1.551126 0.157000 2.097757
v 2.594573 0.156999 2.342984
v 2.594573 0.156999 2.342984
v 1.551126 0.157000 2.097757
v 1.498665 0.157000 2.111806
v 2.594573 0.156999 2.342984
v 1.498665 0.157000 2.111806
v 1.445536 0.157000 2.122973
v 1.445536 0.157000 2.122973
v 1.391888 0.157000 2.131243
v 2.594573 0.156999 2.342984
v 2.594573 0.156999 2.342984
v 1.391888 0.157000 2.131243
v 1.337872 0.157000 2.136585
v 2.594573 0.156999 2.342984
v 1.337872 0.157000 2.136585
v 1.283651 0.157000 2.138982
v 1.283651 0.157000 2.138982
v 1.229383 0.157000 2.138426
v 2.594573 0.156999 2.342984
v 1.175216 0.157000 2.134926
v 1.121325 0.157000 2.128481
v -0.015031 0.156999 2.259750
v -0.015031 0.156999 2.259750
v 1.121325 0.157000 2.128481
v 1.067851 0.157000 2.119123
v -0.015031 0.156999 2.259750
v 1.067851 0.157000 2.119123
v 1.014950 0.157000 2.106877
v 1.014950 0.157000 2.106877
v 0.962779 0.157000 2.091765
v -0.015031 0.156999 2.259750
v 0.861228 0.157000 2.053152
v 0.812145 0.157000 2.029762
v 0.199124 0.157000 2.126989
v 0.199124 0.157000 2.126989
v 0.812145 0.157000 2.029762
v 0.764374 0.157000 2.003745
v 0.199124 0.157000 2.126989
v 0.764374 0.157000 2.003745
v 0.718061 0.157000 1.975164
v 0.718061 0.157000 1.975164
v 0.673336 0.157000 1.944107
v 0.199124 0.157000 2.126989
v 0.199124 0.157000 2.126989
v 0.673336 0.157000 1.944107
v 0.630329 0.157000 1.910668
v 0.199124 0.157000 2.126989
v 0.630329 0.157000 1.910668
v 0.589169 0.157000 1.874936
v 0.589169 0.157000 1.874936
v 0.549968 0.157000 1.837022
v 0.199124 0.157000 2.126989
v 0.199124 0.157000 2.126989
v 0.549968 0.157000 1.837022
v 0.512846 0.157000 1.797028
v 0.199124 0.157000 2.126989
v 0.512846 0.157000 1.797028
v 0.477906 0.157000 1.755073
v 0.477906 0.157000 1.755073
v 0.445250 0.157000 1.711293
v 0.199124 0.157000 2.126989
v 0.199124 0.157000 2.126989
v 0.445250 0.157000 1.711293
v 0.414975 0.157000 1.665791
v 0.199124 0.157000 2.126989
v 0.414975 0.157000 1.665791
v 0.387166 0.157000 1.618709
v 2.263126 0.157000 0.964549
v 2.269993 0.157000 1.018933
v 2.594573 0.156999 2.289688
v 2.594573 0.156999 2.289688
v 2.269993 0.157000 1.018933
v 2.273953 0.157000 1.073610
v 2.594573 0.156999 2.289688
v 2.273953 0.157000 1.073610
v 2.274990 0.157000 1.128422
v 2.274990 0.157000 1.128422
v 2.273112 0.157000 1.183219
v 2.594573 0.156999 2.289688
v 2.594573 0.156999 2.289688
v 2.273112 0.157000 1.183219
v 2.268312 0.157000 1.237825
v 2.594573 0.156999 2.289688
v 2.268312 0.157000 1.237825
v 2.260620 0.157000 1.292089
v 2.260620 0.157000 1.292089
v 2.250036 0.157000 1.345862
v 2.594573 0.156999 2.289688
v 2.594573 0.156999 2.289688
v 2.250036 0.157000 1.345862
v 2.236609 0.157000 1.398992
v 2.594573 0.156999 2.289688
v 2.236609 0.157000 1.398992
v 2.220376 0.157000 1.451296
v 2.220376 0.157000 1.451296
v 2.201378 0.157000 1.502656
v 2.594573 0.156999 2.289688
v 2.594573 0.156999 2.289688
v 2.201378 0.157000 1.502656
v 2.179669 0.157000 1.552904
v 2.594573 0.156999 2.289688
v 2.179669 0.157000 1.552904
v 2.155320 0.157000 1.601899
v 2.155320 0.157000 1.601899
v 2.128394 0.157000 1.649496
v 2.594573 0.156999 2.289688
v 2.594573 0.156999 2.289688
v 2.128394 0.157000 1.649496
v 2.098970 0.157000 1.695562
v 2.594573 0.156999 2.289688
v 2.098970 0.157000 1.695562
v 2.067141 0.157000 1.739969
v 2.067141 0.157000 1.739969
v 2.032987 0.157000 1.782575
v 2.594573 0.156999 2.289688
v -2.055120 0.157000 1.782297
v -2.018766 0.157000 1.822997
v -2.020636 -0.000000 1.821013
v -2.020636 -0.000000 1.821013
v -2.018766 0.157000 1.822997
v -2.018766 0.137375 1.822997
v -2.020636 -0.000000 1.821013
v -2.018766 0.137375 1.822997
v -2.009652 0.137375 1.832538
v -2.009652 0.137375 1.832538
v -2.000420 0.137375 1.841959
v -2.020636 -0.000000 1.821013
v -2.020636 -0.000000 1.821013
v -2.000420 0.137375 1.841959
v -1.982019 -0.000000 1.860023
v -1.982019 -0.000000 1.860023
v -2.000420 0.137375 1.841959
v -1.991062 0.137375 1.851253
v -1.982019 -0.000000 1.860023
v -1.991062 0.137375 1.851253
v -1.991062 0.157000 1.851253
v -1.991062 0.157000 1.851253
v -1.951125 0.157000 1.888374
v -1.982019 -0.000000 1.860023
v -1.982019 -0.000000 1.860023
v -1.951125 0.157000 1.888374
v -1.941367 -0.000001 1.896866
v -1.941367 -0.000001 1.896866
v -1.951125 0.157000 1.888374
v -1.909271 0.157000 1.923272
v -1.941367 -0.000001 1.896866
v -1.909271 0.157000 1.923272
v -1.898798 -0.000001 1.931424
v -1.898798 -0.000001 1.931424
v -1.909271 0.157000 1.923272
v -1.865618 0.157000 1.955845
v -1.898798 -0.000001 1.931424
v -1.865618 0.157000 1.955845
v -1.854445 -0.000001 1.963608
v -1.854445 -0.000001 1.963608
v -1.865618 0.157000 1.955845
v -1.820291 0.157000 1.985998
v -1.854445 -0.000001 1.963608
v -1.820291 0.157000 1.985998
v -1.808434 -0.000001 1.993316
v -1.808434 -0.000001 1.993316
v -1.820291 0.157000 1.985998
v -1.773424 0.157000 2.013642
v -1.808434 -0.000001 1.993316
v -1.773424 0.157000 2.013642
v -1.760892 -0.000001 2.020468
v -1.760892 -0.000001 2.020468
v -1.773424 0.157000 2.013642
v -1.725150 0.157000 2.038699
v -1.760892 -0.000001 2.020468
v -1.725150 0.157000 2.038699
v -1.711966 -0.000001 2.044977
v -1.711966 -0.000001 2.044977
v -1.725150 0.157000 2.038699
v -1.675620 0.157000 2.061097
v -1.711966 -0.000001 2.044977
v -1.675620 0.157000 2.061097
v -1.661800 -0.000001 2.066780
v -1.661800 -0.000001 2.066780
v -1.675620 0.157000 2.061097
v -1.624966 0.157000 2.080772
v -1.661800 -0.000001 2.066780
v -1.624966 0.157000 2.080772
v -1.610548 -0.000001 2.085804
v -1.610548 -0.000001 2.085804
v -1.624966 0.157000 2.080772
v -1.573330 0.157000 2.097662
v -1.610548 -0.000001 2.085804
v -1.573330 0.157000 2.097662
v -1.558339 -0.000001 2.101996
v -1.558339 -0.000001 2.101996
v -1.573330 0.157000 2.097662
v -1.520877 0.157000 2.111726
v -1.558339 -0.000001 2.101996
v -1.520877 0.157000 2.111726
v -1.505343 -0.000001 2.115314
v -1.505343 -0.000001 2.115314
v -1.520877 0.157000 2.111726
v -1.467748 0.157000 2.122917
v -1.505343 -0.000001 2.115314
v -1.467748 0.157000 2.122917
v -1.451712 -0.000001 2.125703
v -1.451712 -0.000001 2.125703
v -1.467748 0.157000 2.122917
v -1.414100 0.157000 2.131203
v -1.451712 -0.000001 2.125703
v -1.414100 0.157000 2.131203
v -1.397601 -0.000001 2.133156
v -1.397601 -0.000001 2.133156
v -1.414100 0.157000 2.131203
v -1.360083 0.157000 2.136561
v -1.397601 -0.000001 2.133156
v -1.360083 0.157000 2.136561
v -1.343167 -0.000001 2.137632
v -1.343167 -0.000001 2.137632
v -1.360083 0.157000 2.136561
v -1.305870 0.157000 2.138974
v -1.343167 -0.000001 2.137632
v -1.305870 0.157000 2.138974
v -1.288577 -0.000001 2.139124
v -1.288577 -0.000001 2.139124
v -1.305870 0.157000 2.138974
v -1.251602 0.157000 2.138442
v -1.288577 -0.000001 2.139124
v -1.251602 0.157000 2.138442
v -1.233987 -0.000001 2.137632
v -1.233987 -0.000001 2.137632
v -1.251602 0.157000 2.138442
v -1.197436 0.157000 2.134958
v -1.233987 -0.000001 2.137632
v -1.197436 0.157000 2.134958
v -1.179554 -0.000001 2.133156
v -1.179554 -0.000001 2.133156
v -1.197436 0.157000 2.134958
v -1.143537 0.157000 2.128529
v -1.179554 -0.000001 2.133156
v -1.143537 0.157000 2.128529
v -1.125442 -0.000001 2.125703
v -1.125442 -0.000001 2.125703
v -1.143537 0.157000 2.128529
v -1.090062 0.157000 2.119195
v -1.125442 -0.000001 2.125703
v -1.090062 0.157000 2.119195
v -1.071811 -0.000001 2.115314
v -1.071811 -0.000001 2.115314
v -1.090062 0.157000 2.119195
v -1.037161 0.157000 2.106956
v -1.071811 -0.000001 2.115314
v -1.037161 0.157000 2.106956
v -1.018815 -0.000001 2.101996
v -1.018815 -0.000001 2.101996
v -1.037161 0.157000 2.106956
v -0.984983 0.157000 2.091860
v -1.018815 -0.000001 2.101996
v -0.984983 0.157000 2.091860
v -0.966613 -0.000001 2.085804
v -0.966613 -0.000001 2.085804
v -0.984983 0.157000 2.091860
v -0.933693 0.157000 2.073955
v -0.966613 -0.000001 2.085804
v -0.933693 0.157000 2.073955
v -0.915354 -0.000001 2.066780
v -0.915354 -0.000001 2.066780
v -0.933693 0.157000 2.073955
v -0.883424 0.157000 2.053287
v -0.915354 -0.000001 2.066780
v -0.883424 0.157000 2.053287
v -0.865188 -0.000001 2.044977
v -0.865188 -0.000001 2.044977
v -0.883424 0.157000 2.053287
v -0.834333 0.157000 2.029912
v -0.865188 -0.000001 2.044977
v -0.834333 0.157000 2.029912
v -0.816262 -0.000001 2.020468
v -0.816262 -0.000001 2.020468
v -0.834333 0.157000 2.029912
v -0.786555 0.157000 2.003911
v -0.816262 -0.000001 2.020468
v -0.786555 0.157000 2.003911
v -0.768722 -0.000001 1.993316
v -0.768722 -0.000001 1.993316
v -0.786555 0.157000 2.003911
v -0.740233 0.157000 1.975346
v -0.768722 -0.000001 1.993316
v -0.740233 0.157000 1.975346
v -0.722708 -0.000001 1.963608
v -0.722708 -0.000001 1.963608
v -0.740233 0.157000 1.975346
v -0.695498 0.157000 1.944305
v -0.722708 -0.000001 1.963608
v -0.695498 0.157000 1.944305
v -0.678354 -0.000001 1.931424
v -0.678354 -0.000001 1.931424
v -0.695498 0.157000 1.944305
v -0.652482 0.157000 1.910875
v -0.678354 -0.000001 1.931424
v -0.652482 0.157000 1.910875
v -0.635790 -0.000001 1.896866
v -0.635790 -0.000001 1.896866
v -0.652482 0.157000 1.910875
v -0.611308 0.157000 1.875159
v -0.635790 -0.000001 1.896866
v -0.611308 0.157000 1.875159
v -0.595140 -0.000000 1.860023
v -0.595140 -0.000000 1.860023
v -0.611308 0.157000 1.875159
v -0.572096 0.157000 1.837260
v -0.595140 -0.000000 1.860023
v -0.572096 0.157000 1.837260
v -0.556524 -0.000000 1.821013
v -0.556524 -0.000000 1.821013
v -0.572096 0.157000 1.837260
v -0.534960 0.157000 1.797282
v -0.556524 -0.000000 1.821013
v -0.534960 0.157000 1.797282
v -0.520056 -0.000000 1.779956
v -0.520056 -0.000000 1.779956
v -0.534960 0.157000 1.797282
v -0.500007 0.157000 1.755343
v -0.520056 -0.000000 1.779956
v -0.500007 0.157000 1.755343
v -0.485842 -0.000000 1.736953
v -0.485842 -0.000000 1.736953
v -0.500007 0.157000 1.755343
v -0.467338 0.157000 1.711563
v -0.485842 -0.000000 1.736953
v -0.467338 0.157000 1.711563
v -0.453983 -0.000000 1.692149
v -0.453983 -0.000000 1.692149
v -0.467338 0.157000 1.711563
v -0.437049 0.157000 1.666069
v -0.453983 -0.000000 1.692149
v -0.437049 0.157000 1.666069
v -0.424572 -0.000000 1.645671
v -0.424572 -0.000000 1.645671
v -0.437049 0.157000 1.666069
v -0.409224 0.157000 1.618995
v -0.424572 -0.000000 1.645671
v -0.409224 0.157000 1.618995
v -0.397694 -0.000000 1.597645
v -0.397694 -0.000000 1.597645
v -0.409224 0.157000 1.618995
v -0.383951 0.157000 1.570485
v -0.397694 -0.000000 1.597645
v -0.383951 0.157000 1.570485
v -0.373432 -0.000000 1.548221
v -0.373432 -0.000000 1.548221
v -0.383951 0.157000 1.570485
v -0.361296 0.157000 1.520665
v -0.373432 -0.000000 1.548221
v -0.361296 0.157000 1.520665
v -0.351849 -0.000000 1.497544
v -0.351849 -0.000000 1.497544
v -0.361296 0.157000 1.520665
v -0.341326 0.157000 1.469686
v -0.351849 -0.000000 1.497544
v -0.341326 0.157000 1.469686
v -0.333019 -0.000000 1.445764
v -0.333019 -0.000000 1.445764
v -0.341326 0.157000 1.469686
v -0.324103 0.157000 1.417699
v -0.333019 -0.000000 1.445764
v -0.324103 0.157000 1.417699
v -0.316988 -0.000000 1.393031
v -0.316988 -0.000000 1.393031
v -0.324103 0.157000 1.417699
v -0.309671 0.157000 1.364847
v -0.316988 -0.000000 1.393031
v -0.309671 0.157000 1.364847
v -0.303810 -0.000000 1.339489
v -0.303810 -0.000000 1.339489
v -0.309671 0.157000 1.364847
v -0.298074 0.157000 1.311297
v -0.303810 -0.000000 1.339489
v -0.298074 0.157000 1.311297
v -0.293518 -0.000000 1.285311
v -0.293518 -0.000000 1.285311
v -0.298074 0.157000 1.311297
v -0.289352 0.157000 1.257183
v -0.293518 -0.000000 1.285311
v -0.289352 0.157000 1.257183
v -0.286144 -0.000000 1.230658
v -0.286144 -0.000000 1.230658
v -0.289352 0.157000 1.257183
v -0.283518 0.157000 1.202672
v -0.286144 -0.000000 1.230658
v -0.283518 0.157000 1.202672
v -0.281713 -0.000000 1.175671
v -0.281713 -0.000000 1.175671
v -0.283518 0.157000 1.202672
v -0.280600 0.157000 1.147931
v -0.281713 -0.000000 1.175671
v -0.280600 0.157000 1.147931
v -0.280235 -0.000000 1.120525
v -0.280235 -0.000000 1.120525
v -0.280600 0.157000 1.147931
v -0.280600 0.157000 1.093103
v -0.280235 -0.000000 1.120525
v -0.280600 0.157000 1.093103
v -0.281713 -0.000000 1.065380
v -0.281713 -0.000000 1.065380
v -0.280600 0.157000 1.093103
v -0.283518 0.157000 1.038362
v -0.281713 -0.000000 1.065380
v -0.283518 0.157000 1.038362
v -0.286144 -0.000000 1.010393
v -0.286144 -0.000000 1.010393
v -0.283518 0.157000 1.038362
v -0.289352 0.157000 0.983852
v -0.286144 -0.000000 1.010393
v -0.289352 0.157000 0.983852
v -0.293518 -0.000000 0.955731
v -0.293518 -0.000000 0.955731
v -0.289352 0.157000 0.983852
v -0.298078 0.157000 0.929746
v -0.293518 -0.000000 0.955731
v -0.298078 0.157000 0.929746
v -0.303810 -0.000000 0.901554
v -0.303810 -0.000000 0.901554
v -0.298078 0.157000 0.929746
v -0.309671 0.157000 0.876187
v -0.303810 -0.000000 0.901554
v -0.309671 0.157000 0.876187
v -0.316988 -0.000000 0.848019
v -0.316988 -0.000000 0.848019
v -0.309671 0.157000 0.876187
v -0.324103 0.157000 0.823343
v -0.316988 -0.000000 0.848019
v -0.324103 0.157000 0.823343
v -0.333019 -0.000000 0.795286
v -0.333019 -0.000000 0.795286
v -0.324103 0.157000 0.823343
v -0.341329 0.157000 0.771351
v -0.333019 -0.000000 0.795286
v -0.341329 0.157000 0.771351
v -0.351849 -0.000000 0.743501
v -0.351849 -0.000000 0.743501
v -0.341329 0.157000 0.771351
v -0.361300 0.157000 0.720373
v -0.351849 -0.000000 0.743501
v -0.361300 0.157000 0.720373
v -0.373432 -0.000000 0.692826
v -0.373432 -0.000000 0.692826
v -0.361300 0.157000 0.720373
v -0.383955 0.157000 0.670555
v -0.373432 -0.000000 0.692826
v -0.383955 0.157000 0.670555
v -0.397694 -0.000000 0.643404
v -0.397694 -0.000000 0.643404
v -0.383955 0.157000 0.670555
v -0.409232 0.157000 0.622039
v -0.397694 -0.000000 0.643404
v -0.409232 0.157000 0.622039
v -0.424572 -0.000000 0.595381
v -0.424572 -0.000000 0.595381
v -0.409232 0.157000 0.622039
v -0.437054 0.157000 0.574970
v -0.424572 -0.000000 0.595381
v -0.437054 0.157000 0.574970
v -0.453983 -0.000000 0.548899
v -0.453983 -0.000000 0.548899
v -0.437054 0.157000 0.574970
v -0.467344 0.157000 0.529480
v -0.453983 -0.000000 0.548899
v -0.467344 0.157000 0.529480
v -0.485842 -0.000000 0.504092
v -0.485842 -0.000000 0.504092
v -0.467344 0.157000 0.529480
v -0.500013 0.157000 0.485702
v -0.485842 -0.000000 0.504092
v -0.500013 0.157000 0.485702
v -0.520056 -0.000000 0.461096
v -0.520056 -0.000000 0.461096
v -0.500013 0.157000 0.485702
v -0.534967 0.157000 0.443763
v -0.520056 -0.000000 0.461096
v -0.534967 0.157000 0.443763
v -0.556524 -0.000000 0.420031
v -0.556524 -0.000000 0.420031
v -0.534967 0.157000 0.443763
v -0.572103 0.157000 0.403785
v -0.556524 -0.000000 0.420031
v -0.572103 0.157000 0.403785
v -0.595140 -0.000000 0.381027
v -0.595140 -0.000000 0.381027
v -0.572103 0.157000 0.403785
v -0.611316 0.157000 0.365881
v -0.595140 -0.000000 0.381027
v -0.611316 0.157000 0.365881
v -0.635790 -0.000000 0.344186
v -0.635790 -0.000000 0.344186
v -0.611316 0.157000 0.365881
v -0.652490 0.157000 0.330164
v -0.635790 -0.000000 0.344186
v -0.652490 0.157000 0.330164
v -0.678354 -0.000000 0.309625
v -0.678354 -0.000000 0.309625
v -0.652490 0.157000 0.330164
v -0.695506 0.157000 0.296739
v -0.678354 -0.000000 0.309625
v -0.695506 0.157000 0.296739
v -0.722708 -0.000000 0.277439
v -0.722708 -0.000000 0.277439
v -0.695506 0.157000 0.296739
v -0.740241 0.157000 0.265700
v -0.722708 -0.000000 0.277439
v -0.740241 0.157000 0.265700
v -0.768722 -0.000000 0.247731
v -0.768722 -0.000000 0.247731
v -0.740241 0.157000 0.265700
v -0.786563 0.157000 0.237136
v -0.768722 -0.000000 0.247731
v -0.786563 0.157000 0.237136
v -0.816262 -0.000000 0.220580
v -0.816262 -0.000000 0.220580
v -0.786563 0.157000 0.237136
v -0.834341 0.157000 0.211128
v -0.816262 -0.000000 0.220580
v -0.834341 0.157000 0.211128
v -0.865188 -0.000000 0.196066
v -0.865188 -0.000000 0.196066
v -0.834341 0.157000 0.211128
v -0.883432 0.157000 0.187759
v -0.865188 -0.000000 0.196066
v -0.883432 0.157000 0.187759
v -0.915354 -0.000000 0.174268
v -0.915354 -0.000000 0.174268
v -0.883432 0.157000 0.187759
v -0.933701 0.157000 0.167093
v -0.915354 -0.000000 0.174268
v -0.933701 0.157000 0.167093
v -0.966613 -0.000000 0.155243
v -0.966613 -0.000000 0.155243
v -0.933701 0.157000 0.167093
v -0.984999 0.157000 0.149182
v -0.966613 -0.000000 0.155243
v -0.984999 0.157000 0.149182
v -1.018815 -0.000000 0.139052
v -1.018815 -0.000000 0.139052
v -0.984999 0.157000 0.149182
v -1.037169 0.157000 0.134092
v -1.018815 -0.000000 0.139052
v -1.037169 0.157000 0.134092
v -1.071811 -0.000000 0.125737
v -1.071811 -0.000000 0.125737
v -1.037169 0.157000 0.134092
v -1.090070 0.157000 0.121857
v -1.071811 -0.000000 0.125737
v -1.090070 0.157000 0.121857
v -1.125442 -0.000000 0.115340
v -1.125442 -0.000000 0.115340
v -1.090070 0.157000 0.121857
v -1.143553 0.157000 0.112513
v -1.125442 -0.000000 0.115340
v -1.143553 0.157000 0.112513
v -1.179554 -0.000000 0.107894
v -1.179554 -0.000000 0.107894
v -1.143553 0.157000 0.112513
v -1.197452 0.157000 0.106091
v -1.179554 -0.000000 0.107894
v -1.197452 0.157000 0.106091
v -1.233987 -0.000000 0.103419
v -1.233987 -0.000000 0.103419
v -1.197452 0.157000 0.106091
v -1.251610 0.157000 0.102608
v -1.233987 -0.000000 0.103419
v -1.251610 0.157000 0.102608
v -1.288577 -0.000000 0.101922
v -1.288577 -0.000000 0.101922
v -1.251610 0.157000 0.102608
v -1.305878 0.157000 0.102073
v -1.288577 -0.000000 0.101922
v -1.305878 0.157000 0.102073
v -1.343167 -0.000000 0.103419
v -1.343167 -0.000000 0.103419
v -1.305878 0.157000 0.102073
v -1.360099 0.157000 0.104487
v -1.343167 -0.000000 0.103419
v -1.360099 0.157000 0.104487
v -1.397601 -0.000000 0.107894
v -1.397601 -0.000000 0.107894
v -1.360099 0.157000 0.104487
v -1.414108 0.157000 0.109848
v -1.397601 -0.000000 0.107894
v -1.414108 0.157000 0.109848
v -1.451712 -0.000000 0.115340
v -1.451712 -0.000000 0.115340
v -1.414108 0.157000 0.109848
v -1.467756 0.157000 0.118136
v -1.451712 -0.000000 0.115340
v -1.467756 0.157000 0.118136
v -1.505343 -0.000000 0.125737
v -1.505343 -0.000000 0.125737
v -1.467756 0.157000 0.118136
v -1.520885 0.157000 0.129322
v -1.505343 -0.000000 0.125737
v -1.520885 0.157000 0.129322
v -1.558339 -0.000000 0.139052
v -1.558339 -0.000000 0.139052
v -1.520885 0.157000 0.129322
v -1.573346 0.157000 0.143384
v -1.558339 -0.000000 0.139052
v -1.573346 0.157000 0.143384
v -1.610548 -0.000000 0.155243
v -1.610548 -0.000000 0.155243
v -1.573346 0.157000 0.143384
v -1.624974 0.157000 0.160278
v -1.610548 -0.000000 0.155243
v -1.624974 0.157000 0.160278
v -1.661800 -0.000000 0.174268
v -1.661800 -0.000000 0.174268
v -1.624974 0.157000 0.160278
v -1.675628 0.157000 0.179951
v -1.661800 -0.000000 0.174268
v -1.675628 0.157000 0.179951
v -1.711966 -0.000000 0.196066
v -1.711966 -0.000000 0.196066
v -1.675628 0.157000 0.179951
v -1.725166 0.157000 0.202352
v -1.711966 -0.000000 0.196066
v -1.725166 0.157000 0.202352
v -1.760892 -0.000000 0.220580
v -1.760892 -0.000000 0.220580
v -1.725166 0.157000 0.202352
v -1.773439 0.157000 0.227410
v -1.760892 -0.000000 0.220580
v -1.773439 0.157000 0.227410
v -1.808434 -0.000000 0.247731
v -1.808434 -0.000000 0.247731
v -1.773439 0.157000 0.227410
v -1.820299 0.157000 0.255057
v -1.808434 -0.000000 0.247731
v -1.820299 0.157000 0.255057
v -1.854445 -0.000000 0.277439
v -1.854445 -0.000000 0.277439
v -1.820299 0.157000 0.255057
v -1.865626 0.157000 0.285207
v -1.854445 -0.000000 0.277439
v -1.865626 0.157000 0.285207
v -1.898798 -0.000000 0.309625
v -1.898798 -0.000000 0.309625
v -1.865626 0.157000 0.285207
v -1.909279 0.157000 0.317782
v -1.898798 -0.000000 0.309625
v -1.909279 0.157000 0.317782
v -1.941367 -0.000000 0.344186
v -1.941367 -0.000000 0.344186
v -1.909279 0.157000 0.317782
v -1.951133 0.157000 0.352681
v -1.941367 -0.000000 0.344186
v -1.951133 0.157000 0.352681
v -1.982019 -0.000000 0.381027
v -1.982019 -0.000000 0.381027
v -1.951133 0.157000 0.352681
v -1.991070 0.157000 0.389802
v -1.982019 -0.000000 0.381027
v -1.991070 0.157000 0.389802
v -2.020636 -0.000000 0.420031
v -2.020636 -0.000000 0.420031
v -1.991070 0.157000 0.389802
v -2.028972 0.157000 0.429042
v -2.020636 -0.000000 0.420031
v -2.028972 0.157000 0.429042
v -2.057100 -0.000000 0.461096
v -2.057100 -0.000000 0.461096
v -2.028972 0.157000 0.429042
v -2.064729 0.157000 0.470282
v -2.057100 -0.000000 0.461096
v -2.064729 0.157000 0.470282
v -2.091317 -0.000000 0.504092
v -2.091317 -0.000000 0.504092
v -2.064729 0.157000 0.470282
v -2.098239 0.157000 0.513409
v -2.091317 -0.000000 0.504092
v -2.098239 0.157000 0.513409
v -2.123170 -0.000000 0.548899
v -2.123170 -0.000000 0.548899
v -2.098239 0.157000 0.513409
v -2.129400 0.157000 0.558295
v -2.123170 -0.000000 0.548899
v -2.129400 0.157000 0.558295
v -2.152586 -0.000000 0.595381
v -2.152586 -0.000000 0.595381
v -2.129400 0.157000 0.558295
v -2.158125 0.157000 0.604805
v -2.152586 -0.000000 0.595381
v -2.158125 0.157000 0.604805
v -2.179465 -0.000000 0.643404
v -2.179465 -0.000000 0.643404
v -2.158125 0.157000 0.604805
v -2.184336 0.157000 0.652812
v -2.179465 -0.000000 0.643404
v -2.184336 0.157000 0.652812
v -2.203727 -0.000000 0.692826
v -2.203727 -0.000000 0.692826
v -2.184336 0.157000 0.652812
v -2.207954 0.157000 0.702178
v -2.203727 -0.000000 0.692826
v -2.207954 0.157000 0.702178
v -2.225302 -0.000000 0.743501
v -2.225302 -0.000000 0.743501
v -2.207954 0.157000 0.702178
v -2.228901 0.157000 0.752750
v -2.225302 -0.000000 0.743501
v -2.228901 0.157000 0.752750
v -2.244136 -0.000000 0.795286
v -2.244136 -0.000000 0.795286
v -2.228901 0.157000 0.752750
v -2.247129 0.157000 0.804390
v -2.244136 -0.000000 0.795286
v -2.247129 0.157000 0.804390
v -2.260164 -0.000000 0.848019
v -2.260164 -0.000000 0.848019
v -2.247129 0.157000 0.804390
v -2.262576 0.157000 0.856948
v -2.260164 -0.000000 0.848019
v -2.262576 0.157000 0.856948
v -2.273348 -0.000000 0.901554
v -2.273348 -0.000000 0.901554
v -2.262576 0.157000 0.856948
v -2.275210 0.157000 0.910260
v -2.273348 -0.000000 0.901554
v -2.275210 0.157000 0.910260
v -2.283641 -0.000000 0.955731
v -2.283641 -0.000000 0.955731
v -2.275210 0.157000 0.910260
v -2.284976 0.157000 0.964192
v -2.283641 -0.000000 0.955731
v -2.284976 0.157000 0.964192
v -2.291010 -0.000000 1.010393
v -2.291010 -0.000000 1.010393
v -2.284976 0.157000 0.964192
v -2.291859 0.157000 1.018568
v -2.291010 -0.000000 1.010393
v -2.291859 0.157000 1.018568
v -2.295442 -0.000000 1.065380
v -2.295442 -0.000000 1.065380
v -2.291859 0.157000 1.018568
v -2.295835 0.157000 1.073253
v -2.295442 -0.000000 1.065380
v -2.295835 0.157000 1.073253
v -2.296919 -0.000000 1.120525
v -2.296919 -0.000000 1.120525
v -2.295835 0.157000 1.073253
v -2.296895 0.157000 1.128057
v -2.296919 -0.000000 1.120525
v -2.296895 0.157000 1.128057
v -2.295442 -0.000000 1.175671
v -2.295442 -0.000000 1.175671
v -2.296895 0.157000 1.128057
v -2.295033 0.157000 1.182854
v -2.295442 -0.000000 1.175671
v -2.295033 0.157000 1.182854
v -2.291010 -0.000000 1.230658
v -2.291010 -0.000000 1.230658
v -2.295033 0.157000 1.182854
v -2.290256 0.157000 1.237468
v -2.291010 -0.000000 1.230658
v -2.290256 0.157000 1.237468
v -2.283641 -0.000000 1.285311
v -2.283641 -0.000000 1.285311
v -2.290256 0.157000 1.237468
v -2.282572 0.157000 1.291732
v -2.283641 -0.000000 1.285311
v -2.282572 0.157000 1.291732
v -2.273348 -0.000000 1.339489
v -2.273348 -0.000000 1.339489
v -2.282572 0.157000 1.291732
v -2.272020 0.157000 1.345513
v -2.273348 -0.000000 1.339489
v -2.272020 0.157000 1.345513
v -2.260164 -0.000000 1.393031
v -2.260164 -0.000000 1.393031
v -2.272020 0.157000 1.345513
v -2.258608 0.157000 1.398635
v -2.260164 -0.000000 1.393031
v -2.258608 0.157000 1.398635
v -2.244136 -0.000000 1.445764
v -2.244136 -0.000000 1.445764
v -2.258608 0.157000 1.398635
v -2.242392 0.157000 1.450955
v -2.244136 -0.000000 1.445764
v -2.242392 0.157000 1.450955
v -2.225302 -0.000000 1.497544
v -2.225302 -0.000000 1.497544
v -2.242392 0.157000 1.450955
v -2.223409 0.157000 1.502314
v -2.225302 -0.000000 1.497544
v -2.223409 0.157000 1.502314
v -2.203727 -0.000000 1.548221
v -2.203727 -0.000000 1.548221
v -2.223409 0.157000 1.502314
v -2.201724 0.157000 1.552571
v -2.203727 -0.000000 1.548221
v -2.201724 0.157000 1.552571
v -2.179465 -0.000000 1.597645
v -2.179465 -0.000000 1.597645
v -2.201724 0.157000 1.552571
v -2.177391 0.157000 1.601573
v -2.179465 -0.000000 1.597645
v -2.177391 0.157000 1.601573
v -2.152586 -0.000000 1.645671
v -2.152586 -0.000000 1.645671
v -2.177391 0.157000 1.601573
v -2.150481 0.157000 1.649187
v -2.152586 -0.000000 1.645671
v -2.150481 0.157000 1.649187
v -2.123170 -0.000000 1.692149
v -2.123170 -0.000000 1.692149
v -2.150481 0.157000 1.649187
v -2.121072 0.157000 1.695261
v -2.123170 -0.000000 1.692149
v -2.121072 0.157000 1.695261
v -2.091317 -0.000000 1.736953
v -2.091317 -0.000000 1.736953
v -2.121072 0.157000 1.695261
v -2.089259 0.157000 1.739676
v -2.091317 -0.000000 1.736953
v -2.089259 0.157000 1.739676
v -2.057100 -0.000000 1.779956
v -2.057100 -0.000000 1.779956
v -2.089259 0.157000 1.739676
v -2.055120 0.157000 1.782297
v -2.057100 -0.000000 1.779956
v -2.055120 0.157000 1.782297
v -2.020636 -0.000000 1.821013
v 2.273545 0.000000 -1.118755
v 0.259812 0.000000 -1.118755
v 2.275022 0.000000 -1.063610
v 2.275022 0.000000 -1.063610
v 0.259812 0.000000 -1.118755
v 0.258335 0.000000 -1.063610
v 2.275022 0.000000 -1.063610
v 0.258335 0.000000 -1.063610
v 2.273545 0.000000 -1.008464
v 2.273545 0.000000 -1.008464
v 0.258335 0.000000 -1.063610
v 0.259812 0.000000 -1.008464
v 2.273545 0.000000 -1.008464
v 0.259812 0.000000 -1.008464
v 2.269113 0.000000 -0.953477
v 2.269113 0.000000 -0.953477
v 0.259812 0.000000 -1.008464
v 0.264247 0.000000 -0.953477
v 2.269113 0.000000 -0.953477
v 0.264247 0.000000 -0.953477
v 2.261735 0.000000 -0.898823
v 2.261735 0.000000 -0.898823
v 0.264247 0.000000 -0.953477
v 0.271618 0.000000 -0.898823
v 2.261735 0.000000 -0.898823
v 0.271618 0.000000 -0.898823
v 2.251443 0.000000 -0.844646
v 2.251443 0.000000 -0.844646
v 0.271618 0.000000 -0.898823
v 0.281909 0.000000 -0.844646
v 2.251443 0.000000 -0.844646
v 0.281909 0.000000 -0.844646
v 2.238266 0.000000 -0.791107
v 2.238266 0.000000 -0.791107
v 0.281909 0.000000 -0.844646
v 0.295091 0.000000 -0.791107
v 2.238266 0.000000 -0.791107
v 0.295091 0.000000 -0.791107
v 2.222238 0.000000 -0.738370
v 2.222238 0.000000 -0.738370
v 0.295091 0.000000 -0.791107
v 0.311119 0.000000 -0.738370
v 2.222238 0.000000 -0.738370
v 0.311119 0.000000 -0.738370
v 2.203405 0.000000 -0.686586
v 2.203405 0.000000 -0.686586
v 0.311119 0.000000 -0.738370
v 0.329953 0.000000 -0.686586
v 2.203405 0.000000 -0.686586
v 0.329953 0.000000 -0.686586
v 2.181822 0.000000 -0.635910
v 2.181822 0.000000 -0.635910
v 0.329953 0.000000 -0.686586
v 0.351530 0.000000 -0.635910
v 2.181822 0.000000 -0.635910
v 0.351530 0.000000 -0.635910
v 2.157560 0.000000 -0.586489
v 2.157560 0.000000 -0.586489
v 0.351530 0.000000 -0.635910
v 0.375794 0.000000 -0.586489
v 2.157560 0.000000 -0.586489
v 0.375794 0.000000 -0.586489
v 2.130689 0.000000 -0.538466
v 2.130689 0.000000 -0.538466
v 0.375794 0.000000 -0.586489
v 0.402671 0.000000 -0.538466
v 2.130689 0.000000 -0.538466
v 0.402671 0.000000 -0.538466
v 2.101272 0.000000 -0.491984
v 2.101272 0.000000 -0.491984
v 0.402671 0.000000 -0.538466
v 0.432084 0.000000 -0.491984
v 2.101272 0.000000 -0.491984
v 0.432084 0.000000 -0.491984
v 2.069412 0.000000 -0.447177
v 2.069412 0.000000 -0.447177
v 0.432084 0.000000 -0.491984
v 0.463942 0.000000 -0.447177
v 2.069412 0.000000 -0.447177
v 0.463942 0.000000 -0.447177
v 2.035203 0.000000 -0.404182
v 2.035203 0.000000 -0.404182
v 0.463942 0.000000 -0.447177
v 0.498159 0.000000 -0.404182
v 2.035203 0.000000 -0.404182
v 0.498159 0.000000 -0.404182
v 1.998731 0.000000 -0.363120
v 1.998731 0.000000 -0.363120
v 0.498159 0.000000 -0.404182
v 0.534625 0.000000 -0.363120
v 1.998731 0.000000 -0.363120
v 0.534625 0.000000 -0.363120
v 1.960114 0.000000 -0.324112
v 1.960114 0.000000 -0.324112
v 0.534625 0.000000 -0.363120
v 0.573240 0.000000 -0.324112
v 1.960114 0.000000 -0.324112
v 0.573240 0.000000 -0.324112
v 1.919469 0.000000 -0.287271
v 1.919469 0.000000 -0.287271
v 0.573240 0.000000 -0.324112
v 0.613893 0.000000 -0.287271
v 1.919469 0.000000 -0.287271
v 0.613893 0.000000 -0.287271
v 1.876900 0.000000 -0.252710
v 1.876900 0.000000 -0.252710
v 0.613893 0.000000 -0.287271
v 0.656455 0.000000 -0.252710
v 1.876900 0.000000 -0.252710
v 0.656455 0.000000 -0.252710
v 1.832548 0.000000 -0.220524
v 1.832548 0.000000 -0.220524
v 0.656455 0.000000 -0.252710
v 0.700811 0.000000 -0.220524
v 1.832548 0.000000 -0.220524
v 0.700811 0.000000 -0.220524
v 1.786537 0.000000 -0.190816
v 1.786537 0.000000 -0.190816
v 0.700811 0.000000 -0.220524
v 0.746825 0.000000 -0.190816
v 1.786537 0.000000 -0.190816
v 0.746825 0.000000 -0.190816
v 1.738994 0.000000 -0.163665
v 1.738994 0.000000 -0.163665
v 0.746825 0.000000 -0.190816
v 0.794365 0.000000 -0.163665
v 1.738994 0.000000 -0.163665
v 0.794365 0.000000 -0.163665
v 1.690069 0.000000 -0.139155
v 1.690069 0.000000 -0.139155
v 0.794365 0.000000 -0.163665
v 0.843290 0.000000 -0.139155
v 1.690069 0.000000 -0.139155
v 0.843290 0.000000 -0.139155
v 1.639910 0.000000 -0.117354
v 1.639910 0.000000 -0.117354
v 0.843290 0.000000 -0.139155
v 0.893457 0.000000 -0.117354
v 1.639910 0.000000 -0.117354
v 0.893457 0.000000 -0.117354
v 1.588643 0.000000 -0.098331
v 1.588643 0.000000 -0.098331
v 0.893457 0.000000 -0.117354
v 0.944708 0.000000 -0.098331
v 1.588643 0.000000 -0.098331
v 0.944708 0.000000 -0.098331
v 1.536441 0.000000 -0.082138
v 1.536441 0.000000 -0.082138
v 0.944708 0.000000 -0.098331
v 0.996918 0.000000 -0.082138
v 1.536441 0.000000 -0.082138
v 0.996918 0.000000 -0.082138
v 1.483446 0.000000 -0.068822
v 1.483446 0.000000 -0.068822
v 0.996918 0.000000 -0.082138
v 1.049913 0.000000 -0.068822
v 1.483446 0.000000 -0.068822
v 1.049913 0.000000 -0.068822
v 1.429806 0.000000 -0.058429
v 1.429806 0.000000 -0.058429
v 1.049913 0.000000 -0.068822
v 1.103545 0.000000 -0.058429
v 1.429806 0.000000 -0.058429
v 1.103545 0.000000 -0.058429
v 1.375703 0.000000 -0.050980
v 1.375703 0.000000 -0.050980
v 1.103545 0.000000 -0.058429
v 1.157656 0.000000 -0.050980
v 1.375703 0.000000 -0.050980
v 1.157656 0.000000 -0.050980
v 1.321270 0.000000 -0.046504
v 1.321270 0.000000 -0.046504
v 1.157656 0.000000 -0.050980
v 1.212089 0.000000 -0.046504
v 1.321270 0.000000 -0.046504
v 1.212089 0.000000 -0.046504
v 1.266680 0.000000 -0.045011
v 0.259812 0.000000 -1.118755
v 2.273545 0.000000 -1.118755
v 0.264247 0.000000 -1.173742
v 0.264247 0.000000 -1.173742
v 2.273545 0.000000 -1.118755
v 2.269113 0.000000 -1.173742
v 0.264247 0.000000 -1.173742
v 2.269113 0.000000 -1.173742
v 0.271618 0.000000 -1.228404
v 0.271618 0.000000 -1.228404
v 2.269113 0.000000 -1.173742
v 2.261735 0.000000 -1.228404
v 0.271618 0.000000 -1.228404
v 2.261735 0.000000 -1.228404
v 0.281909 0.000000 -1.282581
v 0.281909 0.000000 -1.282581
v 2.261735 0.000000 -1.228404
v 2.251443 0.000000 -1.282581
v 0.281909 0.000000 -1.282581
v 2.251443 0.000000 -1.282581
v 0.295091 0.000000 -1.336115
v 0.295091 0.000000 -1.336115
v 2.251443 0.000000 -1.282581
v 2.238266 0.000000 -1.336115
v 0.295091 0.000000 -1.336115
v 2.238266 0.000000 -1.336115
v 0.311119 0.000000 -1.388848
v 0.311119 0.000000 -1.388848
v 2.238266 0.000000 -1.336115
v 2.222238 0.000000 -1.388848
v 0.311119 0.000000 -1.388848
v 2.222238 0.000000 -1.388848
v 0.329953 0.000000 -1.440637
v 0.329953 0.000000 -1.440637
v 2.222238 0.000000 -1.388848
v 2.203405 0.000000 -1.440637
v 0.329953 0.000000 -1.440637
v 2.203405 0.000000 -1.440637
v 0.351530 0.000000 -1.491306
v 0.351530 0.000000 -1.491306
v 2.203405 0.000000 -1.440637
v 2.181822 0.000000 -1.491306
v 0.351530 0.000000 -1.491306
v 2.181822 0.000000 -1.491306
v 0.375794 0.000000 -1.540729
v 0.375794 0.000000 -1.540729
v 2.181822 0.000000 -1.491306
v 2.157560 0.000000 -1.540729
v 0.375794 0.000000 -1.540729
v 2.157560 0.000000 -1.540729
v 0.402671 0.000000 -1.588755
v 0.402671 0.000000 -1.588755
v 2.157560 0.000000 -1.540729
v 2.130689 0.000000 -1.588755
v 0.402671 0.000000 -1.588755
v 2.130689 0.000000 -1.588755
v 0.432084 0.000000 -1.635234
v 0.432084 0.000000 -1.635234
v 2.130689 0.000000 -1.588755
v 2.101272 0.000000 -1.635234
v 0.432084 0.000000 -1.635234
v 2.101272 0.000000 -1.635234
v 0.463942 0.000000 -1.680038
v 0.463942 0.000000 -1.680038
v 2.101272 0.000000 -1.635234
v 2.069412 0.000000 -1.680038
v 0.463942 0.000000 -1.680038
v 2.069412 0.000000 -1.680038
v 0.498159 0.000000 -1.723040
v 0.498159 0.000000 -1.723040
v 2.069412 0.000000 -1.680038
v 2.035203 0.000000 -1.723040
v 0.498159 0.000000 -1.723040
v 2.035203 0.000000 -1.723040
v 0.534625 0.000000 -1.764106
v 0.534625 0.000000 -1.764106
v 2.035203 0.000000 -1.723040
v 1.998731 0.000000 -1.764106
v 0.534625 0.000000 -1.764106
v 1.998731 0.000000 -1.764106
v 0.573240 0.000001 -1.803108
v 0.573240 0.000001 -1.803108
v 1.998731 0.000000 -1.764106
v 1.960114 0.000001 -1.803108
v 0.573240 0.000001 -1.803108
v 1.960114 0.000001 -1.803108
v 0.613893 0.000001 -1.839950
v 0.613893 0.000001 -1.839950
v 1.960114 0.000001 -1.803108
v 1.919469 0.000001 -1.839950
v 0.613893 0.000001 -1.839950
v 1.919469 0.000001 -1.839950
v 0.656455 0.000001 -1.874508
v 0.656455 0.000001 -1.874508
v 1.919469 0.000001 -1.839950
v 1.876900 0.000001 -1.874508
v 0.656455 0.000001 -1.874508
v 1.876900 0.000001 -1.874508
v 0.700811 0.000001 -1.906692
v 0.700811 0.000001 -1.906692
v 1.876900 0.000001 -1.874508
v 1.832548 0.000001 -1.906692
v 0.700811 0.000001 -1.906692
v 1.832548 0.000001 -1.906692
v 0.746825 0.000001 -1.936408
v 0.746825 0.000001 -1.936408
v 1.832548 0.000001 -1.906692
v 1.786537 0.000001 -1.936408
v 0.746825 0.000001 -1.936408
v 1.786537 0.000001 -1.936408
v 0.794365 0.000001 -1.963560
v 0.794365 0.000001 -1.963560
v 1.786537 0.000001 -1.936408
v 1.738994 0.000001 -1.963560
v 0.794365 0.000001 -1.963560
v 1.738994 0.000001 -1.963560
v 0.843290 0.000001 -1.988069
v 0.843290 0.000001 -1.988069
v 1.738994 0.000001 -1.963560
v 1.690069 0.000001 -1.988069
v 0.843290 0.000001 -1.988069
v 1.690069 0.000001 -1.988069
v 0.893457 0.000001 -2.009864
v 0.893457 0.000001 -2.009864
v 1.690069 0.000001 -1.988069
v 1.639910 0.000001 -2.009864
v 0.893457 0.000001 -2.009864
v 1.639910 0.000001 -2.009864
v 0.944708 0.000001 -2.028889
v 0.944708 0.000001 -2.028889
v 1.639910 0.000001 -2.009864
v 1.588643 0.000001 -2.028889
v 0.944708 0.000001 -2.028889
v 1.588643 0.000001 -2.028889
v 0.996918 0.000001 -2.045080
v 0.996918 0.000001 -2.045080
v 1.588643 0.000001 -2.028889
v 1.536441 0.000001 -2.045080
v 0.996918 0.000001 -2.045080
v 1.536441 0.000001 -2.045080
v 1.049913 0.000001 -2.058398
v 1.049913 0.000001 -2.058398
v 1.536441 0.000001 -2.045080
v 1.483446 0.000001 -2.058398
v 1.049913 0.000001 -2.058398
v 1.483446 0.000001 -2.058398
v 1.103545 0.000001 -2.068795
v 1.103545 0.000001 -2.068795
v 1.483446 0.000001 -2.058398
v 1.429806 0.000001 -2.068795
v 1.103545 0.000001 -2.068795
v 1.429806 0.000001 -2.068795
v 1.157656 0.000001 -2.076240
v 1.157656 0.000001 -2.076240
v 1.429806 0.000001 -2.068795
v 1.375703 0.000001 -2.076240
v 1.157656 0.000001 -2.076240
v 1.375703 0.000001 -2.076240
v 1.212089 0.000001 -2.080717
v 1.212089 0.000001 -2.080717
v 1.375703 0.000001 -2.076240
v 1.321270 0.000001 -2.080717
v 1.212089 0.000001 -2.080717
v 1.321270 0.000001 -2.080717
v 1.266680 0.000001 -2.082209
v 2.273545 -0.000000 1.065380
v 0.259812 -0.000000 1.065380
v 2.275022 -0.000000 1.120525
v 2.275022 -0.000000 1.120525
v 0.259812 -0.000000 1.065380
v 0.258335 -0.000000 1.120525
v 2.275022 -0.000000 1.120525
v 0.258335 -0.000000 1.120525
v 2.273545 -0.000000 1.175671
v 2.273545 -0.000000 1.175671
v 0.258335 -0.000000 1.120525
v 0.259812 -0.000000 1.175671
v 2.273545 -0.000000 1.175671
v 0.259812 -0.000000 1.175671
v 2.269113 -0.000000 1.230658
v 2.269113 -0.000000 1.230658
v 0.259812 -0.000000 1.175671
v 0.264247 -0.000000 1.230658
v 2.269113 -0.000000 1.230658
v 0.264247 -0.000000 1.230658
v 2.261735 -0.000000 1.285311
v 2.261735 -0.000000 1.285311
v 0.264247 -0.000000 1.230658
v 0.271618 -0.000000 1.285311
v 2.261735 -0.000000 1.285311
v 0.271618 -0.000000 1.285311
v 2.251443 -0.000000 1.339489
v 2.251443 -0.000000 1.339489
v 0.271618 -0.000000 1.285311
v 0.281909 -0.000000 1.339489
v 2.251443 -0.000000 1.339489
v 0.281909 -0.000000 1.339489
v 2.238266 -0.000000 1.393031
v 2.238266 -0.000000 1.393031
v 0.281909 -0.000000 1.339489
v 0.295091 -0.000000 1.393031
v 2.238266 -0.000000 1.393031
v 0.295091 -0.000000 1.393031
v 2.222238 -0.000000 1.445764
v 2.222238 -0.000000 1.445764
v 0.295091 -0.000000 1.393031
v 0.311119 -0.000000 1.445764
v 2.222238 -0.000000 1.445764
v 0.311119 -0.000000 1.445764
v 2.203405 -0.000000 1.497544
v 2.203405 -0.000000 1.497544
v 0.311119 -0.000000 1.445764
v 0.329953 -0.000000 1.497544
v 2.203405 -0.000000 1.497544
v 0.329953 -0.000000 1.497544
v 2.181822 -0.000000 1.548221
v 2.181822 -0.000000 1.548221
v 0.329953 -0.000000 1.497544
v 0.351530 -0.000000 1.548221
v 2.181822 -0.000000 1.548221
v 0.351530 -0.000000 1.548221
v 2.157560 -0.000000 1.597645
v 2.157560 -0.000000 1.597645
v 0.351530 -0.000000 1.548221
v 0.375794 -0.000000 1.597645
v 2.157560 -0.000000 1.597645
v 0.375794 -0.000000 1.597645
v 2.130689 -0.000000 1.645671
v 2.130689 -0.000000 1.645671
v 0.375794 -0.000000 1.597645
v 0.402671 -0.000000 1.645671
v 2.130689 -0.000000 1.645671
v 0.402671 -0.000000 1.645671
v 2.101272 -0.000000 1.692149
v 2.101272 -0.000000 1.692149
v 0.402671 -0.000000 1.645671
v 0.432084 -0.000000 1.692149
v 2.101272 -0.000000 1.692149
v 0.432084 -0.000000 1.692149
v 2.069412 -0.000000 1.736953
v 2.069412 -0.000000 1.736953
v 0.432084 -0.000000 1.692149
v 0.463942 -0.000000 1.736953
v 2.069412 -0.000000 1.736953
v 0.463942 -0.000000 1.736953
v 2.035203 -0.000000 1.779956
v 2.035203 -0.000000 1.779956
v 0.463942 -0.000000 1.736953
v 0.498159 -0.000000 1.779956
v 2.035203 -0.000000 1.779956
v 0.498159 -0.000000 1.779956
v 1.998731 -0.000000 1.821013
v 1.998731 -0.000000 1.821013
v 0.498159 -0.000000 1.779956
v 0.534625 -0.000000 1.821013
v 1.998731 -0.000000 1.821013
v 0.534625 -0.000000 1.821013
v 1.960114 -0.000000 1.860023
v 1.960114 -0.000000 1.860023
v 0.534625 -0.000000 1.821013
v 0.573240 -0.000000 1.860023
v 1.960114 -0.000000 1.860023
v 0.573240 -0.000000 1.860023
v 1.919469 -0.000001 1.896866
v 1.919469 -0.000001 1.896866
v 0.573240 -0.000000 1.860023
v 0.613893 -0.000001 1.896866
v 1.919469 -0.000001 1.896866
v 0.613893 -0.000001 1.896866
v 1.876900 -0.000001 1.931424
v 1.876900 -0.000001 1.931424
v 0.613893 -0.000001 1.896866
v 0.656455 -0.000001 1.931424
v 1.876900 -0.000001 1.931424
v 0.656455 -0.000001 1.931424
v 1.832548 -0.000001 1.963608
v 1.832548 -0.000001 1.963608
v 0.656455 -0.000001 1.931424
v 0.700811 -0.000001 1.963608
v 1.832548 -0.000001 1.963608
v 0.700811 -0.000001 1.963608
v 1.786537 -0.000001 1.993316
v 1.786537 -0.000001 1.993316
v 0.700811 -0.000001 1.963608
v 0.746825 -0.000001 1.993316
v 1.786537 -0.000001 1.993316
v 0.746825 -0.000001 1.993316
v 1.738994 -0.000001 2.020468
v 1.738994 -0.000001 2.020468
v 0.746825 -0.000001 1.993316
v 0.794365 -0.000001 2.020468
v 1.738994 -0.000001 2.020468
v 0.794365 -0.000001 2.020468
v 1.690069 -0.000001 2.044977
v 1.690069 -0.000001 2.044977
v 0.794365 -0.000001 2.020468
v 0.843290 -0.000001 2.044977
v 1.690069 -0.000001 2.044977
v 0.843290 -0.000001 2.044977
v 1.639910 -0.000001 2.066780
v 1.639910 -0.000001 2.066780
v 0.843290 -0.000001 2.044977
v 0.893457 -0.000001 2.066780
v 1.639910 -0.000001 2.066780
v 0.893457 -0.000001 2.066780
v 1.588643 -0.000001 2.085804
v 1.588643 -0.000001 2.085804
v 0.893457 -0.000001 2.066780
v 0.944708 -0.000001 2.085804
v 1.588643 -0.000001 2.085804
v 0.944708 -0.000001 2.085804
v 1.536441 -0.000001 2.101996
v 1.536441 -0.000001 2.101996
v 0.944708 -0.000001 2.085804
v 0.996918 -0.000001 2.101996
v 1.536441 -0.000001 2.101996
v 0.996918 -0.000001 2.101996
v 1.483446 -0.000001 2.115314
v 1.483446 -0.000001 2.115314
v 0.996918 -0.000001 2.101996
v 1.049913 -0.000001 2.115314
v 1.483446 -0.000001 2.115314
v 1.049913 -0.000001 2.115314
v 1.429806 -0.000001 2.125703
v 1.429806 -0.000001 2.125703
v 1.049913 -0.000001 2.115314
v 1.103545 -0.000001 2.125703
v 1.429806 -0.000001 2.125703
v 1.103545 -0.000001 2.125703
v 1.375703 -0.000001 2.133156
v 1.375703 -0.000001 2.133156
v 1.103545 -0.000001 2.125703
v 1.157656 -0.000001 2.133156
v 1.375703 -0.000001 2.133156
v 1.157656 -0.000001 2.133156
v 1.321270 -0.000001 2.137632
v 1.321270 -0.000001 2.137632
v 1.157656 -0.000001 2.133156
v 1.212089 -0.000001 2.137632
v 1.321270 -0.000001 2.137632
v 1.212089 -0.000001 2.137632
v 1.266680 -0.000001 2.139124
v 0.259812 -0.000000 1.065380
v 2.273545 -0.000000 1.065380
v 0.264247 -0.000000 1.010393
v 0.264247 -0.000000 1.010393
v 2.273545 -0.000000 1.065380
v 2.269113 -0.000000 1.010393
v 0.264247 -0.000000 1.010393
v 2.269113 -0.000000 1.010393
v 0.271618 -0.000000 0.955731
v 0.271618 -0.000000 0.955731
v 2.269113 -0.000000 1.010393
v 2.261735 -0.000000 0.955731
v 0.271618 -0.000000 0.955731
v 2.261735 -0.000000 0.955731
v 0.281909 -0.000000 0.901554
v 0.281909 -0.000000 0.901554
v 2.261735 -0.000000 0.955731
v 2.251443 -0.000000 0.901554
v 0.281909 -0.000000 0.901554
v 2.251443 -0.000000 0.901554
v 0.295091 -0.000000 0.848019
v 0.295091 -0.000000 0.848019
v 2.251443 -0.000000 0.901554
v 2.238266 -0.000000 0.848019
v 0.295091 -0.000000 0.848019
v 2.238266 -0.000000 0.848019
v 0.311119 -0.000000 0.795286
v 0.311119 -0.000000 0.795286
v 2.238266 -0.000000 0.848019
v 2.222238 -0.000000 0.795286
v 0.311119 -0.000000 0.795286
v 2.222238 -0.000000 0.795286
v 0.329953 -0.000000 0.743501
v 0.329953 -0.000000 0.743501
v 2.222238 -0.000000 0.795286
v 2.203405 -0.000000 0.743501
v 0.329953 -0.000000 0.743501
v 2.203405 -0.000000 0.743501
v 0.351530 -0.000000 0.692826
v 0.351530 -0.000000 0.692826
v 2.203405 -0.000000 0.743501
v 2.181822 -0.000000 0.692826
v 0.351530 -0.000000 0.692826
v 2.181822 -0.000000 0.692826
v 0.375794 -0.000000 0.643404
v 0.375794 -0.000000 0.643404
v 2.181822 -0.000000 0.692826
v 2.157560 -0.000000 0.643404
v 0.375794 -0.000000 0.643404
v 2.157560 -0.000000 0.643404
v 0.402671 -0.000000 0.595381
v 0.402671 -0.000000 0.595381
v 2.157560 -0.000000 0.643404
v 2.130689 -0.000000 0.595381
v 0.402671 -0.000000 0.595381
v 2.130689 -0.000000 0.595381
v 0.432084 -0.000000 0.548899
v 0.432084 -0.000000 0.548899
v 2.130689 -0.000000 0.595381
v 2.101272 -0.000000 0.548899
v 0.432084 -0.000000 0.548899
v 2.101272 -0.000000 0.548899
v 0.463942 -0.000000 0.504092
v 0.463942 -0.000000 0.504092
v 2.101272 -0.000000 0.548899
v 2.069412 -0.000000 0.504092
v 0.463942 -0.000000 0.504092
v 2.069412 -0.000000 0.504092
v 0.498159 -0.000000 0.461096
v 0.498159 -0.000000 0.461096
v 2.069412 -0.000000 0.504092
v 2.035203 -0.000000 0.461096
v 0.498159 -0.000000 0.461096
v 2.035203 -0.000000 0.461096
v 0.534625 -0.000000 0.420031
v 0.534625 -0.000000 0.420031
v 2.035203 -0.000000 0.461096
v 1.998731 -0.000000 0.420031
v 0.534625 -0.000000 0.420031
v 1.998731 -0.000000 0.420031
v 0.573240 -0.000000 0.381027
v 0.573240 -0.000000 0.381027
v 1.998731 -0.000000 0.420031
v 1.960114 -0.000000 0.381027
v 0.573240 -0.000000 0.381027
v 1.960114 -0.000000 0.381027
v 0.613893 -0.000000 0.344186
v 0.613893 -0.000000 0.344186
v 1.960114 -0.000000 0.381027
v 1.919469 -0.000000 0.344186
v 0.613893 -0.000000 0.344186
v 1.919469 -0.000000 0.344186
v 0.656455 -0.000000 0.309625
v 0.656455 -0.000000 0.309625
v 1.919469 -0.000000 0.344186
v 1.876900 -0.000000 0.309625
v 0.656455 -0.000000 0.309625
v 1.876900 -0.000000 0.309625
v 0.700811 -0.000000 0.277439
v 0.700811 -0.000000 0.277439
v 1.876900 -0.000000 0.309625
v 1.832548 -0.000000 0.277439
v 0.700811 -0.000000 0.277439
v 1.832548 -0.000000 0.277439
v 0.746825 -0.000000 0.247731
v 0.746825 -0.000000 0.247731
v 1.832548 -0.000000 0.277439
v 1.786537 -0.000000 0.247731
v 0.746825 -0.000000 0.247731
v 1.786537 -0.000000 0.247731
v 0.794365 -0.000000 0.220580
v 0.794365 -0.000000 0.220580
v 1.786537 -0.000000 0.247731
v 1.738994 -0.000000 0.220580
v 0.794365 -0.000000 0.220580
v 1.738994 -0.000000 0.220580
v 0.843290 -0.000000 0.196066
v 0.843290 -0.000000 0.196066
v 1.738994 -0.000000 0.220580
v 1.690069 -0.000000 0.196066
v 0.843290 -0.000000 0.196066
v 1.690069 -0.000000 0.196066
v 0.893457 -0.000000 0.174268
v 0.893457 -0.000000 0.174268
v 1.690069 -0.000000 0.196066
v 1.639910 -0.000000 0.174268
v 0.893457 -0.000000 0.174268
v 1.639910 -0.000000 0.174268
v 0.944708 -0.000000 0.155243
v 0.944708 -0.000000 0.155243
v 1.639910 -0.000000 0.174268
v 1.588643 -0.000000 0.155243
v 0.944708 -0.000000 0.155243
v 1.588643 -0.000000 0.155243
v 0.996918 -0.000000 0.139052
v 0.996918 -0.000000 0.139052
v 1.588643 -0.000000 0.155243
v 1.536441 -0.000000 0.139052
v 0.996918 -0.000000 0.139052
v 1.536441 -0.000000 0.139052
v 1.049913 -0.000000 0.125737
v 1.049913 -0.000000 0.125737
v 1.536441 -0.000000 0.139052
v 1.483446 -0.000000 0.125737
v 1.049913 -0.000000 0.125737
v 1.483446 -0.000000 0.125737
v 1.103545 -0.000000 0.115340
v 1.103545 -0.000000 0.115340
v 1.483446 -0.000000 0.125737
v 1.429806 -0.000000 0.115340
v 1.103545 -0.000000 0.115340
v 1.429806 -0.000000 0.115340
v 1.157656 -0.000000 0.107894
v 1.157656 -0.000000 0.107894
v 1.429806 -0.000000 0.115340
v 1.375703 -0.000000 0.107894
v 1.157656 -0.000000 0.107894
v 1.375703 -0.000000 0.107894
v 1.212089 -0.000000 0.103419
v 1.212089 -0.000000 0.103419
v 1.375703 -0.000000 0.107894
v 1.321270 -0.000000 0.103419
v 1.212089 -0.000000 0.103419
v 1.321270 -0.000000 0.103419
v 1.266680 -0.000000 0.101922
v -0.281713 0.000000 -1.118755
v -2.295442 0.000000 -1.118755
v -0.280235 0.000000 -1.063610
v -0.280235 0.000000 -1.063610
v -2.295442 0.000000 -1.118755
v -2.296919 0.000000 -1.063610
v -0.280235 0.000000 -1.063610
v -2.296919 0.000000 -1.063610
v -0.281713 0.000000 -1.008464
v -0.281713 0.000000 -1.008464
v -2.296919 0.000000 -1.063610
v -2.295442 0.000000 -1.008464
v -0.281713 0.000000 -1.008464
v -2.295442 0.000000 -1.008464
v -0.286144 0.000000 -0.953477
v -0.286144 0.000000 -0.953477
v -2.295442 0.000000 -1.008464
v -2.291010 0.000000 -0.953477
v -0.286144 0.000000 -0.953477
v -2.291010 0.000000 -0.953477
v -0.293518 0.000000 -0.898823
v -0.293518 0.000000 -0.898823
v -2.291010 0.000000 -0.953477
v -2.283641 0.000000 -0.898823
v -0.293518 0.000000 -0.898823
v -2.283641 0.000000 -0.898823
v -0.303810 0.000000 -0.844646
v -0.303810 0.000000 -0.844646
v -2.283641 0.000000 -0.898823
v -2.273348 0.000000 -0.844646
v -0.303810 0.000000 -0.844646
v -2.273348 0.000000 -0.844646
v -0.316988 0.000000 -0.791107
v -0.316988 0.000000 -0.791107
v -2.273348 0.000000 -0.844646
v -2.260164 0.000000 -0.791107
v -0.316988 0.000000 -0.791107
v -2.260164 0.000000 -0.791107
v -0.333019 0.000000 -0.738370
v -0.333019 0.000000 -0.738370
v -2.260164 0.000000 -0.791107
v -2.244136 0.000000 -0.738370
v -0.333019 0.000000 -0.738370
v -2.244136 0.000000 -0.738370
v -0.351849 0.000000 -0.686586
v -0.351849 0.000000 -0.686586
v -2.244136 0.000000 -0.738370
v -2.225302 0.000000 -0.686586
v -0.351849 0.000000 -0.686586
v -2.225302 0.000000 -0.686586
v -0.373432 0.000000 -0.635910
v -0.373432 0.000000 -0.635910
v -2.225302 0.000000 -0.686586
v -2.203727 0.000000 -0.635910
v -0.373432 0.000000 -0.635910
v -2.203727 0.000000 -0.635910
v -0.397694 0.000000 -0.586489
v -0.397694 0.000000 -0.586489
v -2.203727 0.000000 -0.635910
v -2.179465 0.000000 -0.586489
v -0.397694 0.000000 -0.586489
v -2.179465 0.000000 -0.586489
v -0.424572 0.000000 -0.538466
v -0.424572 0.000000 -0.538466
v -2.179465 0.000000 -0.586489
v -2.152586 0.000000 -0.538466
v -0.424572 0.000000 -0.538466
v -2.152586 0.000000 -0.538466
v -0.453983 0.000000 -0.491984
v -0.453983 0.000000 -0.491984
v -2.152586 0.000000 -0.538466
v -2.123170 0.000000 -0.491984
v -0.453983 0.000000 -0.491984
v -2.123170 0.000000 -0.491984
v -0.485842 0.000000 -0.447177
v -0.485842 0.000000 -0.447177
v -2.123170 0.000000 -0.491984
v -2.091317 0.000000 -0.447177
v -0.485842 0.000000 -0.447177
v -2.091317 0.000000 -0.447177
v -0.520056 0.000000 -0.404182
v -0.520056 0.000000 -0.404182
v -2.091317 0.000000 -0.447177
v -2.057100 0.000000 -0.404182
v -0.520056 0.000000 -0.404182
v -2.057100 0.000000 -0.404182
v -0.556524 0.000000 -0.363120
v -0.556524 0.000000 -0.363120
v -2.057100 0.000000 -0.404182
v -2.020636 0.000000 -0.363120
v -0.556524 0.000000 -0.363120
v -2.020636 0.000000 -0.363120
v -0.595140 0.000000 -0.324112
v -0.595140 0.000000 -0.324112
v -2.020636 0.000000 -0.363120
v -1.982019 0.000000 -0.324112
v -0.595140 0.000000 -0.324112
v -1.982019 0.000000 -0.324112
v -0.635790 0.000000 -0.287271
v -0.635790 0.000000 -0.287271
v -1.982019 0.000000 -0.324112
v -1.941367 0.000000 -0.287271
v -0.635790 0.000000 -0.287271
v -1.941367 0.000000 -0.287271
v -0.678354 0.000000 -0.252710
v -0.678354 0.000000 -0.252710
v -1.941367 0.000000 -0.287271
v -1.898798 0.000000 -0.252710
v -0.678354 0.000000 -0.252710
v -1.898798 0.000000 -0.252710
v -0.722708 0.000000 -0.220524
v -0.722708 0.000000 -0.220524
v -1.898798 0.000000 -0.252710
v -1.854445 0.000000 -0.220524
v -0.722708 0.000000 -0.220524
v -1.854445 0.000000 -0.220524
v -0.768722 0.000000 -0.190816
v -0.768722 0.000000 -0.190816
v -1.854445 0.000000 -0.220524
v -1.808434 0.000000 -0.190816
v -0.768722 0.000000 -0.190816
v -1.808434 0.000000 -0.190816
v -0.816262 0.000000 -0.163665
v -0.816262 0.000000 -0.163665
v -1.808434 0.000000 -0.190816
v -1.760892 0.000000 -0.163665
v -0.816262 0.000000 -0.163665
v -1.760892 0.000000 -0.163665
v -0.865188 0.000000 -0.139155
v -0.865188 0.000000 -0.139155
v -1.760892 0.000000 -0.163665
v -1.711966 0.000000 -0.139155
v -0.865188 0.000000 -0.139155
v -1.711966 0.000000 -0.139155
v -0.915354 0.000000 -0.117354
v -0.915354 0.000000 -0.117354
v -1.711966 0.000000 -0.139155
v -1.661800 0.000000 -0.117354
v -0.915354 0.000000 -0.117354
v -1.661800 0.000000 -0.117354
v -0.966613 0.000000 -0.098331
v -0.966613 0.000000 -0.098331
v -1.661800 0.000000 -0.117354
v -1.610548 0.000000 -0.098331
v -0.966613 0.000000 -0.098331
v -1.610548 0.000000 -0.098331
v -1.018815 0.000000 -0.082138
v -1.018815 0.000000 -0.082138
v -1.610548 0.000000 -0.098331
v -1.558339 0.000000 -0.082138
v -1.018815 0.000000 -0.082138
v -1.558339 0.000000 -0.082138
v -1.071811 0.000000 -0.068822
v -1.071811 0.000000 -0.068822
v -1.558339 0.000000 -0.082138
v -1.505343 0.000000 -0.068822
v -1.071811 0.000000 -0.068822
v -1.505343 0.000000 -0.068822
v -1.125442 0.000000 -0.058429
v -1.125442 0.000000 -0.058429
v -1.505343 0.000000 -0.068822
v -1.451712 0.000000 -0.058429
v -1.125442 0.000000 -0.058429
v -1.451712 0.000000 -0.058429
v -1.179554 0.000000 -0.050980
v -1.179554 0.000000 -0.050980
v -1.451712 0.000000 -0.058429
v -1.397601 0.000000 -0.050980
v -1.179554 0.000000 -0.050980
v -1.397601 0.000000 -0.050980
v -1.233987 0.000000 -0.046504
v -1.233987 0.000000 -0.046504
v -1.397601 0.000000 -0.050980
v -1.343167 0.000000 -0.046504
v -1.233987 0.000000 -0.046504
v -1.343167 0.000000 -0.046504
v -1.288577 0.000000 -0.045011
v -2.295442 0.000000 -1.118755
v -0.281713 0.000000 -1.118755
v -2.291010 0.000000 -1.173742
v -2.291010 0.000000 -1.173742
v -0.281713 0.000000 -1.118755
v -0.286144 0.000000 -1.173742
v -2.291010 0.000000 -1.173742
v -0.286144 0.000000 -1.173742
v -2.283641 0.000000 -1.228404
v -2.283641 0.000000 -1.228404
v -0.286144 0.000000 -1.173742
v -0.293518 0.000000 -1.228404
v -2.283641 0.000000 -1.228404
v -0.293518 0.000000 -1.228404
v -2.273348 0.000000 -1.282581
v -2.273348 0.000000 -1.282581
v -0.293518 0.000000 -1.228404
v -0.303810 0.000000 -1.282581
v -2.273348 0.000000 -1.282581
v -0.303810 0.000000 -1.282581
v -2.260164 0.000000 -1.336115
v -2.260164 0.000000 -1.336115
v -0.303810 0.000000 -1.282581
v -0.316988 0.000000 -1.336115
v -2.260164 0.000000 -1.336115
v -0.316988 0.000000 -1.336115
v -2.244136 0.000000 -1.388848
v -2.244136 0.000000 -1.388848
v -0.316988 0.000000 -1.336115
v -0.333019 0.000000 -1.388848
v -2.244136 0.000000 -1.388848
v -0.333019 0.000000 -1.388848
v -2.225302 0.000000 -1.440637
v -2.225302 0.000000 -1.440637
v -0.333019 0.000000 -1.388848
v -0.351849 0.000000 -1.440637
v -2.225302 0.000000 -1.440637
v -0.351849 0.000000 -1.440637
v -2.203727 0.000000 -1.491306
v -2.203727 0.000000 -1.491306
v -0.351849 0.000000 -1.440637
v -0.373432 0.000000 -1.491306
v -2.203727 0.000000 -1.491306
v -0.373432 0.000000 -1.491306
v -2.179465 0.000000 -1.540729
v -2.179465 0.000000 -1.540729
v -0.373432 0.000000 -1.491306
v -0.397694 0.000000 -1.540729
v -2.179465 0.000000 -1.540729
v -0.397694 0.000000 -1.540729
v -2.152586 0.000000 -1.588755
v -2.152586 0.000000 -1.588755
v -0.397694 0.000000 -1.540729
v -0.424572 0.000000 -1.588755
v -2.152586 0.000000 -1.588755
v -0.424572 0.000000 -1.588755
v -2.123170 0.000000 -1.635234
v -2.123170 0.000000 -1.635234
v -0.424572 0.000000 -1.588755
v -0.453983 0.000000 -1.635234
v -2.123170 0.000000 -1.635234
v -0.453983 0.000000 -1.635234
v -2.091317 0.000000 -1.680038
v -2.091317 0.000000 -1.680038
v -0.453983 0.000000 -1.635234
v -0.485842 0.000000 -1.680038
v -2.091317 0.000000 -1.680038
v -0.485842 0.000000 -1.680038
v -2.057100 0.000000 -1.723040
v -2.057100 0.000000 -1.723040
v -0.485842 0.000000 -1.680038
v -0.520056 0.000000 -1.723040
v -2.057100 0.000000 -1.723040
v -0.520056 0.000000 -1.723040
v -2.020636 0.000000 -1.764106
v -2.020636 0.000000 -1.764106
v -0.520056 0.000000 -1.723040
v -0.556524 0.000000 -1.764106
v -2.020636 0.000000 -1.764106
v -0.556524 0.000000 -1.764106
v -1.982019 0.000001 -1.803108
v -1.982019 0.000001 -1.803108
v -0.556524 0.000000 -1.764106
v -0.595140 0.000001 -1.803108
v -1.982019 0.000001 -1.803108
v -0.595140 0.000001 -1.803108
v -1.941367 0.000001 -1.839950
v -1.941367 0.000001 -1.839950
v -0.595140 0.000001 -1.803108
v -0.635790 0.000001 -1.839950
v -1.941367 0.000001 -1.839950
v -0.635790 0.000001 -1.839950
v -1.898798 0.000001 -1.874508
v -1.898798 0.000001 -1.874508
v -0.635790 0.000001 -1.839950
v -0.678354 0.000001 -1.874508
v -1.898798 0.000001 -1.874508
v -0.678354 0.000001 -1.874508
v -1.854445 0.000001 -1.906692
v -1.854445 0.000001 -1.906692
v -0.678354 0.000001 -1.874508
v -0.722708 0.000001 -1.906692
v -1.854445 0.000001 -1.906692
v -0.722708 0.000001 -1.906692
v -1.808434 0.000001 -1.936408
v -1.808434 0.000001 -1.936408
v -0.722708 0.000001 -1.906692
v -0.768722 0.000001 -1.936408
v -1.808434 0.000001 -1.936408
v -0.768722 0.000001 -1.936408
v -1.760892 0.000001 -1.963560
v -1.760892 0.000001 -1.963560
v -0.768722 0.000001 -1.936408
v -0.816262 0.000001 -1.963560
v -1.760892 0.000001 -1.963560
v -0.816262 0.000001 -1.963560
v -1.711966 0.000001 -1.988069
v -1.711966 0.000001 -1.988069
v -0.816262 0.000001 -1.963560
v -0.865188 0.000001 -1.988069
v -1.711966 0.000001 -1.988069
v -0.865188 0.000001 -1.988069
v -1.661800 0.000001 -2.009864
v -1.661800 0.000001 -2.009864
v -0.865188 0.000001 -1.988069
v -0.915354 0.000001 -2.009864
v -1.661800 0.000001 -2.009864
v -0.915354 0.000001 -2.009864
v -1.610548 0.000001 -2.028889
v -1.610548 0.000001 -2.028889
v -0.915354 0.000001 -2.009864
v -0.966613 0.000001 -2.028889
v -1.610548 0.000001 -2.028889
v -0.966613 0.000001 -2.028889
v -1.558339 0.000001 -2.045080
v -1.558339 0.000001 -2.045080
v -0.966613 0.000001 -2.028889
v -1.018815 0.000001 -2.045080
v -1.558339 0.000001 -2.045080
v -1.018815 0.000001 -2.045080
v -1.505343 0.000001 -2.058398
v -1.505343 0.000001 -2.058398
v -1.018815 0.000001 -2.045080
v -1.071811 0.000001 -2.058398
v -1.505343 0.000001 -2.058398
v -1.071811 0.000001 -2.058398
v -1.451712 0.000001 -2.068795
v -1.451712 0.000001 -2.068795
v -1.071811 0.000001 -2.058398
v -1.125442 0.000001 -2.068795
v -1.451712 0.000001 -2.068795
v -1.125442 0.000001 -2.068795
v -1.397601 0.000001 -2.076240
v -1.397601 0.000001 -2.076240
v -1.125442 0.000001 -2.068795
v -1.179554 0.000001 -2.076240
v -1.397601 0.000001 -2.076240
v -1.179554 0.000001 -2.076240
v -1.343167 0.000001 -2.080717
v -1.343167 0.000001 -2.080717
v -1.179554 0.000001 -2.076240
v -1.233987 0.000001 -2.080717
v -1.343167 0.000001 -2.080717
v -1.233987 0.000001 -2.080717
v -1.288577 0.000001 -2.082209
v -0.281713 -0.000000 1.065380
v -2.295442 -0.000000 1.065380
v -0.280235 -0.000000 1.120525
v -0.280235 -0.000000 1.120525
v -2.295442 -0.000000 1.065380
v -2.296919 -0.000000 1.120525
v -0.280235 -0.000000 1.120525
v -2.296919 -0.000000 1.120525
v -0.281713 -0.000000 1.175671
v -0.281713 -0.000000 1.175671
v -2.296919 -0.000000 1.120525
v -2.295442 -0.000000 1.175671
v -0.281713 -0.000000 1.175671
v -2.295442 -0.000000 1.175671
v -0.286144 -0.000000 1.230658
v -0.286144 -0.000000 1.230658
v -2.295442 -0.000000 1.175671
v -2.291010 -0.000000 1.230658
v -0.286144 -0.000000 1.230658
v -2.291010 -0.000000 1.230658
v -0.293518 -0.000000 1.285311
v -0.293518 -0.000000 1.285311
v -2.291010 -0.000000 1.230658
v -2.283641 -0.000000 1.285311
v -0.293518 -0.000000 1.285311
v -2.283641 -0.000000 1.285311
v -0.303810 -0.000000 1.339489
v -0.303810 -0.000000 1.339489
v -2.283641 -0.000000 1.285311
v -2.273348 -0.000000 1.339489
v -0.303810 -0.000000 1.339489
v -2.273348 -0.000000 1.339489
v -0.316988 -0.000000 1.393031
v -0.316988 -0.000000 1.393031
v -2.273348 -0.000000 1.339489
v -2.260164 -0.000000 1.393031
v -0.316988 -0.000000 1.393031
v -2.260164 -0.000000 1.393031
v -0.333019 -0.000000 1.445764
v -0.333019 -0.000000 1.445764
v -2.260164 -0.000000 1.393031
v -2.244136 -0.000000 1.445764
v -0.333019 -0.000000 1.445764
v -2.244136 -0.000000 1.445764
v -0.351849 -0.000000 1.497544
v -0.351849 -0.000000 1.497544
v -2.244136 -0.000000 1.445764
v -2.225302 -0.000000 1.497544
v -0.351849 -0.000000 1.497544
v -2.225302 -0.000000 1.497544
v -0.373432 -0.000000 1.548221
v -0.373432 -0.000000 1.548221
v -2.225302 -0.000000 1.497544
v -2.203727 -0.000000 1.548221
v -0.373432 -0.000000 1.548221
v -2.203727 -0.000000 1.548221
v -0.397694 -0.000000 1.597645
v -0.397694 -0.000000 1.597645
v -2.203727 -0.000000 1.548221
v -2.179465 -0.000000 1.597645
v -0.397694 -0.000000 1.597645
v -2.179465 -0.000000 1.597645
v -0.424572 -0.000000 1.645671
v -0.424572 -0.000000 1.645671
v -2.179465 -0.000000 1.597645
v -2.152586 -0.000000 1.645671
v -0.424572 -0.000000 1.645671
v -2.152586 -0.000000 1.645671
v -0.453983 -0.000000 1.692149
v -0.453983 -0.000000 1.692149
v -2.152586 -0.000000 1.645671
v -2.123170 -0.000000 1.692149
v -0.453983 -0.000000 1.692149
v -2.123170 -0.000000 1.692149
v -0.485842 -0.000000 1.736953
v -0.485842 -0.000000 1.736953
v -2.123170 -0.000000 1.692149
v -2.091317 -0.000000 1.736953
v -0.485842 -0.000000 1.736953
v -2.091317 -0.000000 1.736953
v -0.520056 -0.000000 1.779956
v -0.520056 -0.000000 1.779956
v -2.091317 -0.000000 1.736953
v -2.057100 -0.000000 1.779956
v -0.520056 -0.000000 1.779956
v -2.057100 -0.000000 1.779956
v -0.556524 -0.000000 1.821013
v -0.556524 -0.000000 1.821013
v -2.057100 -0.000000 1.779956
v -2.020636 -0.000000 1.821013
v -0.556524 -0.000000 1.821013
v -2.020636 -0.000000 1.821013
v -0.595140 -0.000000 1.860023
v -0.595140 -0.000000 1.860023
v -2.020636 -0.000000 1.821013
v -1.982019 -0.000000 1.860023
v -0.595140 -0.000000 1.860023
v -1.982019 -0.000000 1.860023
v -0.635790 -0.000001 1.896866
v -0.635790 -0.000001 1.896866
v -1.982019 -0.000000 1.860023
v -1.941367 -0.000001 1.896866
v -0.635790 -0.000001 1.896866
v -1.941367 -0.000001 1.896866
v -0.678354 -0.000001 1.931424
v -0.678354 -0.000001 1.931424
v -1.941367 -0.000001 1.896866
v -1.898798 -0.000001 1.931424
v -0.678354 -0.000001 1.931424
v -1.898798 -0.000001 1.931424
v -0.722708 -0.000001 1.963608
v -0.722708 -0.000001 1.963608
v -1.898798 -0.000001 1.931424
v -1.854445 -0.000001 1.963608
v -0.722708 -0.000001 1.963608
v -1.854445 -0.000001 1.963608
v -0.768722 -0.000001 1.993316
v -0.768722 -0.000001 1.993316
v -1.854445 -0.000001 1.963608
v -1.808434 -0.000001 1.993316
v -0.768722 -0.000001 1.993316
v -1.808434 -0.000001 1.993316
v -0.816262 -0.000001 2.020468
v -0.816262 -0.000001 2.020468
v -1.808434 -0.000001 1.993316
v -1.760892 -0.000001 2.020468
v -0.816262 -0.000001 2.020468
v -1.760892 -0.000001 2.020468
v -0.865188 -0.000001 2.044977
v -0.865188 -0.000001 2.044977
v -1.760892 -0.000001 2.020468
v -1.711966 -0.000001 2.044977
v -0.865188 -0.000001 2.044977
v -1.711966 -0.000001 2.044977
v -0.915354 -0.000001 2.066780
v -0.915354 -0.000001 2.066780
v -1.711966 -0.000001 2.044977
v -1.661800 -0.000001 2.066780
v -0.915354 -0.000001 2.066780
v -1.661800 -0.000001 2.066780
v -0.966613 -0.000001 2.085804
v -0.966613 -0.000001 2.085804
v -1.661800 -0.000001 2.066780
v -1.610548 -0.000001 2.085804
v -0.966613 -0.000001 2.085804
v -1.610548 -0.000001 2.085804
v -1.018815 -0.000001 2.101996
v -1.018815 -0.000001 2.101996
v -1.610548 -0.000001 2.085804
v -1.558339 -0.000001 2.101996
v -1.018815 -0.000001 2.101996
v -1.558339 -0.000001 2.101996
v -1.071811 -0.000001 2.115314
v -1.071811 -0.000001 2.115314
v -1.558339 -0.000001 2.101996
v -1.505343 -0.000001 2.115314
v -1.071811 -0.000001 2.115314
v -1.505343 -0.000001 2.115314
v -1.125442 -0.000001 2.125703
v -1.125442 -0.000001 2.125703
v -1.505343 -0.000001 2.115314
v -1.451712 -0.000001 2.125703
v -1.125442 -0.000001 2.125703
v -1.451712 -0.000001 2.125703
v -1.179554 -0.000001 2.133156
v -1.179554 -0.000001 2.133156
v -1.451712 -0.000001 2.125703
v -1.397601 -0.000001 2.133156
v -1.179554 -0.000001 2.133156
v -1.397601 -0.000001 2.133156
v -1.233987 -0.000001 2.137632
v -1.233987 -0.000001 2.137632
v -1.397601 -0.000001 2.133156
v -1.343167 -0.000001 2.137632
v -1.233987 -0.000001 2.137632
v -1.343167 -0.000001 2.137632
v -1.288577 -0.000001 2.139124
v -2.295442 -0.000000 1.065380
v -0.281713 -0.000000 1.065380
v -2.291010 -0.000000 1.010393
v -2.291010 -0.000000 1.010393
v -0.281713 -0.000000 1.065380
v -0.286144 -0.000000 1.010393
v -2.291010 -0.000000 1.010393
v -0.286144 -0.000000 1.010393
v -2.283641 -0.000000 0.955731
v -2.283641 -0.000000 0.955731
v -0.286144 -0.000000 1.010393
v -0.293518 -0.000000 0.955731
v -2.283641 -0.000000 0.955731
v -0.293518 -0.000000 0.955731
v -2.273348 -0.000000 0.901554
v -2.273348 -0.000000 0.901554
v -0.293518 -0.000000 0.955731
v -0.303810 -0.000000 0.901554
v -2.273348 -0.000000 0.901554
v -0.303810 -0.000000 0.901554
v -2.260164 -0.000000 0.848019
v -2.260164 -0.000000 0.848019
v -0.303810 -0.000000 0.901554
v -0.316988 -0.000000 0.848019
v -2.260164 -0.000000 0.848019
v -0.316988 -0.000000 0.848019
v -2.244136 -0.000000 0.795286
v -2.244136 -0.000000 0.795286
v -0.316988 -0.000000 0.848019
v -0.333019 -0.000000 0.795286
v -2.244136 -0.000000 0.795286
v -0.333019 -0.000000 0.795286
v -2.225302 -0.000000 0.743501
v -2.225302 -0.000000 0.743501
v -0.333019 -0.000000 0.795286
v -0.351849 -0.000000 0.743501
v -2.225302 -0.000000 0.743501
v -0.351849 -0.000000 0.743501
v -2.203727 -0.000000 0.692826
v -2.203727 -0.000000 0.692826
v -0.351849 -0.000000 0.743501
v -0.373432 -0.000000 0.692826
v -2.203727 -0.000000 0.692826
v -0.373432 -0.000000 0.692826
v -2.179465 -0.000000 0.643404
v -2.179465 -0.000000 0.643404
v -0.373432 -0.000000 0.692826
v -0.397694 -0.000000 0.643404
v -2.179465 -0.000000 0.643404
v -0.397694 -0.000000 0.643404
v -2.152586 -0.000000 0.595381
v -2.152586 -0.000000 0.595381
v -0.397694 -0.000000 0.643404
v -0.424572 -0.000000 0.595381
v -2.152586 -0.000000 0.595381
v -0.424572 -0.000000 0.595381
v -2.123170 -0.000000 0.548899
v -2.123170 -0.000000 0.548899
v -0.424572 -0.000000 0.595381
v -0.453983 -0.000000 0.548899
v -2.123170 -0.000000 0.548899
v -0.453983 -0.000000 0.548899
v -2.091317 -0.000000 0.504092
v -2.091317 -0.000000 0.504092
v -0.453983 -0.000000 0.548899
v -0.485842 -0.000000 0.504092
v -2.091317 -0.000000 0.504092
v -0.485842 -0.000000 0.504092
v -2.057100 -0.000000 0.461096
v -2.057100 -0.000000 0.461096
v -0.485842 -0.000000 0.504092
v -0.520056 -0.000000 0.461096
v -2.057100 -0.000000 0.461096
v -0.520056 -0.000000 0.461096
v -2.020636 -0.000000 0.420031
v -2.020636 -0.000000 0.420031
v -0.520056 -0.000000 0.461096
v -0.556524 -0.000000 0.420031
v -2.020636 -0.000000 0.420031
v -0.556524 -0.000000 0.420031
v -1.982019 -0.000000 0.381027
v -1.982019 -0.000000 0.381027
v -0.556524 -0.000000 0.420031
v -0.595140 -0.000000 0.381027
v -1.982019 -0.000000 0.381027
v -0.595140 -0.000000 0.381027
v -1.941367 -0.000000 0.344186
v -1.941367 -0.000000 0.344186
v -0.595140 -0.000000 0.381027
v -0.635790 -0.000000 0.344186
v -1.941367 -0.000000 0.344186
v -0.635790 -0.000000 0.344186
v -1.898798 -0.000000 0.309625
v -1.898798 -0.000000 0.309625
v -0.635790 -0.000000 0.344186
v -0.678354 -0.000000 0.309625
v -1.898798 -0.000000 0.309625
v -0.678354 -0.000000 0.309625
v -1.854445 -0.000000 0.277439
v -1.854445 -0.000000 0.277439
v -0.678354 -0.000000 0.309625
v -0.722708 -0.000000 0.277439
v -1.854445 -0.000000 0.277439
v -0.722708 -0.000000 0.277439
v -1.808434 -0.000000 0.247731
v -1.808434 -0.000000 0.247731
v -0.722708 -0.000000 0.277439
v -0.768722 -0.000000 0.247731
v -1.808434 -0.000000 0.247731
v -0.768722 -0.000000 0.247731
v -1.760892 -0.000000 0.220580
v -1.760892 -0.000000 0.220580
v -0.768722 -0.000000 0.247731
v -0.816262 -0.000000 0.220580
v -1.760892 -0.000000 0.220580
v -0.816262 -0.000000 0.220580
v -1.711966 -0.000000 0.196066
v -1.711966 -0.000000 0.196066
v -0.816262 -0.000000 0.220580
v -0.865188 -0.000000 0.196066
v -1.711966 -0.000000 0.196066
v -0.865188 -0.000000 0.196066
v -1.661800 -0.000000 0.174268
v -1.661800 -0.000000 0.174268
v -0.865188 -0.000000 0.196066
v -0.915354 -0.000000 0.174268
v -1.661800 -0.000000 0.174268
v -0.915354 -0.000000 0.174268
v -1.610548 -0.000000 0.155243
v -1.610548 -0.000000 0.155243
v -0.915354 -0.000000 0.174268
v -0.966613 -0.000000 0.155243
v -1.610548 -0.000000 0.155243
v -0.966613 -0.000000 0.155243
v -1.558339 -0.000000 0.139052
v -1.558339 -0.000000 0.139052
v -0.966613 -0.000000 0.155243
v -1.018815 -0.000000 0.139052
v -1.558339 -0.000000 0.139052
v -1.018815 -0.000000 0.139052
v -1.505343 -0.000000 0.125737
v -1.505343 -0.000000 0.125737
v -1.018815 -0.000000 0.139052
v -1.071811 -0.000000 0.125737
v -1.505343 -0.000000 0.125737
v -1.071811 -0.000000 0.125737
v -1.451712 -0.000000 0.115340
v -1.451712 -0.000000 0.115340
v -1.071811 -0.000000 0.125737
v -1.125442 -0.000000 0.115340
v -1.451712 -0.000000 0.115340
v -1.125442 -0.000000 0.115340
v -1.397601 -0.000000 0.107894
v -1.397601 -0.000000 0.107894
v -1.125442 -0.000000 0.115340
v -1.179554 -0.000000 0.107894
v -1.397601 -0.000000 0.107894
v -1.179554 -0.000000 0.107894
v -1.343167 -0.000000 0.103419
v -1.343167 -0.000000 0.103419
v -1.179554 -0.000000 0.107894
v -1.233987 -0.000000 0.103419
v -1.343167 -0.000000 0.103419
v -1.233987 -0.000000 0.103419
v -1.288577 -0.000000 0.101922
v 2.594573 0.157000 -2.342992
v 2.750000 -0.157000 -2.500000
v -2.535583 0.157000 -2.342992
v -2.535583 0.157000 -2.342992
v 2.750000 -0.157000 -2.500000
v -2.750000 -0.157000 -2.500000
v -2.535583 0.157000 -2.342992
v -2.750000 -0.157000 -2.500000
v -2.594565 0.157000 -2.342992
v 2.594573 0.156999 2.342984
v 2.750000 -0.157000 2.500000
v 2.594573 0.156999 2.289688
v 2.594573 0.156999 2.289688
v 2.750000 -0.157000 2.500000
v 2.750000 -0.157000 -2.500000
v 2.594573 0.156999 2.289688
v 2.750000 -0.157000 -2.500000
v 2.594573 0.157000 -2.289727
v 2.594573 0.157000 -2.289727
v 2.750000 -0.157000 -2.500000
v 2.594573 0.157000 -2.342992
v -2.594565 0.156999 2.342984
v -2.750000 -0.157000 2.500000
v -2.535583 0.156999 2.342984
v -2.535583 0.156999 2.342984
v -2.750000 -0.157000 2.500000
v 2.750000 -0.157000 2.500000
v -2.535583 0.156999 2.342984
v 2.750000 -0.157000 2.500000
v 2.594573 0.156999 2.342984
v -2.750000 -0.157000 -2.500000
v -2.750000 -0.157000 2.500000
v -2.594565 0.157000 -2.342992
v -2.594565 0.157000 -2.342992
v -2.750000 -0.157000 2.500000
v -2.594565 0.156999 2.342984
v 2.014484 -0.157000 2.088685
v 0.163974 -0.157000 2.088685
v 2.013054 -0.157000 2.064748
v 2.013054 -0.157000 2.064748
v 0.163974 -0.157000 2.088685
v 0.165410 -0.157000 2.064748
v 2.013054 -0.157000 2.064748
v 0.165410 -0.157000 2.064748
v 2.014484 -0.157000 2.040818
v 2.014484 -0.157000 2.040818
v 0.165410 -0.157000 2.064748
v 0.163974 -0.157000 2.040818
v 2.014484 -0.157000 2.040818
v 0.163974 -0.157000 2.040818
v 2.018766 -0.157000 2.017229
v 2.018766 -0.157000 2.017229
v 0.163974 -0.157000 2.040818
v 0.159698 -0.157000 2.017229
v 2.018766 -0.157000 2.017229
v 0.159698 -0.157000 2.017229
v 2.025830 -0.157000 1.994339
v 2.025830 -0.157000 1.994339
v 0.159698 -0.157000 2.017229
v 0.152638 -0.157000 1.994339
v 2.025830 -0.157000 1.994339
v 0.152638 -0.157000 1.994339
v 2.035572 -0.157000 1.972473
v 2.035572 -0.157000 1.972473
v 0.152638 -0.157000 1.994339
v 0.142896 -0.157000 1.972473
v 2.035572 -0.157000 1.972473
v 0.142896 -0.157000 1.972473
v 2.047853 -0.157000 1.951956
v 2.047853 -0.157000 1.951956
v 0.142896 -0.157000 1.972473
v 0.130615 -0.157000 1.951956
v 2.047853 -0.157000 1.951956
v 0.130615 -0.157000 1.951956
v 2.062490 -0.157000 1.933082
v 2.062490 -0.157000 1.933082
v 0.130615 -0.157000 1.951956
v 0.115975 -0.157000 1.933082
v 2.062490 -0.157000 1.933082
v 0.115975 -0.157000 1.933082
v 2.079273 -0.157000 1.916129
v 2.079273 -0.157000 1.916129
v 0.115975 -0.157000 1.933082
v 0.099193 -0.157000 1.916129
v 2.079273 -0.157000 1.916129
v 0.099193 -0.157000 1.916129
v 2.079273 -0.157000 0.148373
v 2.079273 -0.157000 0.148373
v 0.099193 -0.157000 1.916129
v 0.099193 -0.157000 0.148373
v 2.079273 -0.157000 0.148373
v 0.099193 -0.157000 0.148373
v 2.062490 -0.157000 0.131419
v 2.062490 -0.157000 0.131419
v 0.099193 -0.157000 0.148373
v 0.115975 -0.157000 0.131419
v 2.062490 -0.157000 0.131419
v 0.115975 -0.157000 0.131419
v 2.047853 -0.157000 0.112545
v 2.047853 -0.157000 0.112545
v 0.115975 -0.157000 0.131419
v 0.130615 -0.157000 0.112545
v 2.047853 -0.157000 0.112545
v 0.130615 -0.157000 0.112545
v 2.035572 -0.157000 0.092025
v 2.035572 -0.157000 0.092025
v 0.130615 -0.157000 0.112545
v 0.142896 -0.157000 0.092025
v 2.035572 -0.157000 0.092025
v 0.142896 -0.157000 0.092025
v 2.025830 -0.157000 0.070161
v 2.025830 -0.157000 0.070161
v 0.142896 -0.157000 0.092025
v 0.152638 -0.157000 0.070161
v 2.025830 -0.157000 0.070161
v 0.152638 -0.157000 0.070161
v 2.018766 -0.157000 0.047267
v 2.018766 -0.157000 0.047267
v 0.152638 -0.157000 0.070161
v 0.159698 -0.157000 0.047267
v 2.018766 -0.157000 0.047267
v 0.159698 -0.157000 0.047267
v 2.014484 -0.157000 0.023682
v 2.014484 -0.157000 0.023682
v 0.159698 -0.157000 0.047267
v 0.163974 -0.157000 0.023682
v 2.014484 -0.157000 0.023682
v 0.163974 -0.157000 0.023682
v 2.013054 -0.157000 -0.000252
v 2.013054 -0.157000 -0.000252
v 0.163974 -0.157000 0.023682
v 0.165410 -0.157000 -0.000252
v 2.013054 -0.157000 -0.000252
v 0.165410 -0.157000 -0.000252
v 2.014484 -0.157000 -0.024182
v 2.014484 -0.157000 -0.024182
v 0.165410 -0.157000 -0.000252
v 0.163974 -0.157000 -0.024182
v 2.014484 -0.157000 -0.024182
v 0.163974 -0.157000 -0.024182
v 2.018766 -0.157000 -0.047767
v 2.018766 -0.157000 -0.047767
v 0.163974 -0.157000 -0.024182
v 0.159698 -0.157000 -0.047767
v 2.018766 -0.157000 -0.047767
v 0.159698 -0.157000 -0.047767
v 2.025830 -0.157000 -0.070661
v 2.025830 -0.157000 -0.070661
v 0.159698 -0.157000 -0.047767
v 0.152638 -0.157000 -0.070661
v 2.025830 -0.157000 -0.070661
v 0.152638 -0.157000 -0.070661
v 2.035572 -0.157000 -0.092526
v 2.035572 -0.157000 -0.092526
v 0.152638 -0.157000 -0.070661
v 0.142896 -0.157000 -0.092526
v 2.035572 -0.157000 -0.092526
v 0.142896 -0.157000 -0.092526
v 2.047853 -0.157000 -0.113045
v 2.047853 -0.157000 -0.113045
v 0.142896 -0.157000 -0.092526
v 0.130615 -0.157000 -0.113045
v 2.047853 -0.157000 -0.113045
v 0.130615 -0.157000 -0.113045
v 2.062490 -0.157000 -0.131919
v 2.062490 -0.157000 -0.131919
v 0.130615 -0.157000 -0.113045
v 0.115975 -0.157000 -0.131919
v 2.062490 -0.157000 -0.131919
v 0.115975 -0.157000 -0.131919
v 2.079273 -0.157000 -0.148873
v 2.079273 -0.157000 -0.148873
v 0.115975 -0.157000 -0.131919
v 0.099193 -0.157000 -0.148873
v 2.079273 -0.157000 -0.148873
v 0.099193 -0.157000 -0.148873
v 2.079273 -0.157000 -1.916629
v 2.079273 -0.157000 -1.916629
v 0.099193 -0.157000 -0.148873
v 0.099193 -0.157000 -1.916629
v 2.079273 -0.157000 -1.916629
v 0.099193 -0.157000 -1.916629
v 2.062490 -0.157000 -1.933582
v 2.062490 -0.157000 -1.933582
v 0.099193 -0.157000 -1.916629
v 0.115975 -0.157000 -1.933582
v 2.062490 -0.157000 -1.933582
v 0.115975 -0.157000 -1.933582
v 2.047853 -0.157000 -1.952456
v 2.047853 -0.157000 -1.952456
v 0.115975 -0.157000 -1.933582
v 0.130615 -0.157000 -1.952456
v 2.047853 -0.157000 -1.952456
v 0.130615 -0.157000 -1.952456
v 2.035572 -0.157000 -1.972973
v 2.035572 -0.157000 -1.972973
v 0.130615 -0.157000 -1.952456
v 0.142896 -0.157000 -1.972973
v 2.035572 -0.157000 -1.972973
v 0.142896 -0.157000 -1.972973
v 2.025830 -0.157000 -1.994839
v 2.025830 -0.157000 -1.994839
v 0.142896 -0.157000 -1.972973
v 0.152638 -0.157000 -1.994839
v 2.025830 -0.157000 -1.994839
v 0.152638 -0.157000 -1.994839
v 2.018766 -0.157000 -2.017730
v 2.018766 -0.157000 -2.017730
v 0.152638 -0.157000 -1.994839
v 0.159698 -0.157000 -2.017730
v 2.018766 -0.157000 -2.017730
v 0.159698 -0.157000 -2.017730
v 2.014484 -0.157000 -2.041318
v 2.014484 -0.157000 -2.041318
v 0.159698 -0.157000 -2.017730
v 0.163974 -0.157000 -2.041318
v 2.014484 -0.157000 -2.041318
v 0.163974 -0.157000 -2.041318
v 2.013054 -0.157000 -2.065248
v 2.013054 -0.157000 -2.065248
v 0.163974 -0.157000 -2.041318
v 0.165410 -0.157000 -2.065248
v 2.013054 -0.157000 -2.065248
v 0.165410 -0.157000 -2.065248
v 2.014484 -0.157000 -2.089185
v 2.014484 -0.157000 -2.089185
v 0.165410 -0.157000 -2.065248
v 0.163974 -0.157000 -2.089185
v 2.014484 -0.157000 -2.089185
v 0.163974 -0.157000 -2.089185
v 2.018766 -0.157000 -2.112766
v 2.018766 -0.157000 -2.112766
v 0.163974 -0.157000 -2.089185
v 0.159698 -0.157000 -2.112766
v 2.018766 -0.157000 -2.112766
v 0.159698 -0.157000 -2.112766
v 2.025830 -0.157000 -2.135656
v 2.025830 -0.157000 -2.135656
v 0.159698 -0.157000 -2.112766
v 0.152638 -0.157000 -2.135656
v 2.025830 -0.157000 -2.135656
v 0.152638 -0.157000 -2.135656
v 2.035572 -0.157000 -2.157522
v 2.035572 -0.157000 -2.157522
v 0.152638 -0.157000 -2.135656
v 0.142896 -0.157000 -2.157522
v 2.035572 -0.157000 -2.157522
v 0.142896 -0.157000 -2.157522
v 2.047853 -0.157000 -2.178047
v 2.047853 -0.157000 -2.178047
v 0.142896 -0.157000 -2.157522
v 0.130615 -0.157000 -2.178047
v 2.047853 -0.157000 -2.178047
v 0.130615 -0.157000 -2.178047
v 2.062490 -0.157000 -2.196921
v 2.062490 -0.157000 -2.196921
v 0.130615 -0.157000 -2.178047
v 0.115975 -0.157000 -2.196921
v 2.062490 -0.157000 -2.196921
v 0.115975 -0.157000 -2.196921
v 2.079273 -0.157000 -2.213874
v 2.079273 -0.157000 -2.213874
v 0.115975 -0.157000 -2.196921
v 0.099193 -0.157000 -2.213874
v 2.079273 -0.157000 -2.213874
v 0.099193 -0.157000 -2.213874
v 2.097957 -0.157000 -2.228661
v 2.097957 -0.157000 -2.228661
v 0.099193 -0.157000 -2.213874
v 0.080508 -0.157000 -2.228661
v 2.097957 -0.157000 -2.228661
v 0.080508 -0.157000 -2.228661
v 2.118267 -0.156999 -2.241066
v 2.118267 -0.156999 -2.241066
v 0.080508 -0.157000 -2.228661
v 0.060196 -0.156999 -2.241066
v 2.118267 -0.156999 -2.241066
v 0.060196 -0.156999 -2.241066
v 2.139913 -0.156999 -2.250900
v 2.139913 -0.156999 -2.250900
v 0.060196 -0.156999 -2.241066
v 0.038551 -0.156999 -2.250900
v 2.139913 -0.156999 -2.250900
v 0.038551 -0.156999 -2.250900
v 2.162572 -0.156999 -2.258043
v 2.162572 -0.156999 -2.258043
v 0.038551 -0.156999 -2.250900
v 0.015892 -0.156999 -2.258043
v 2.162572 -0.156999 -2.258043
v 0.015892 -0.156999 -2.258043
v 2.750000 -0.157000 -2.500000
v 2.750000 -0.157000 -2.500000
v 0.015892 -0.156999 -2.258043
v -0.007455 -0.156999 -2.262361
v 2.750000 -0.157000 -2.500000
v -0.007455 -0.156999 -2.262361
v -0.031149 -0.156999 -2.263806
v 0.163974 -0.157000 2.088685
v 2.014484 -0.157000 2.088685
v 0.159698 -0.157000 2.112266
v 0.159698 -0.157000 2.112266
v 2.014484 -0.157000 2.088685
v 2.018766 -0.157000 2.112266
v 0.159698 -0.157000 2.112266
v 2.018766 -0.157000 2.112266
v 0.152638 -0.157000 2.135164
v 0.152638 -0.157000 2.135164
v 2.018766 -0.157000 2.112266
v 2.025830 -0.157000 2.135164
v 0.152638 -0.157000 2.135164
v 2.025830 -0.157000 2.135164
v 0.142896 -0.157000 2.157022
v 0.142896 -0.157000 2.157022
v 2.025830 -0.157000 2.135164
v 2.035572 -0.157000 2.157022
v 0.142896 -0.157000 2.157022
v 2.035572 -0.157000 2.157022
v 0.130615 -0.157000 2.177547
v 0.130615 -0.157000 2.177547
v 2.035572 -0.157000 2.157022
v 2.047853 -0.157000 2.177547
v 0.130615 -0.157000 2.177547
v 2.047853 -0.157000 2.177547
v 0.115975 -0.157000 2.196421
v 0.115975 -0.157000 2.196421
v 2.047853 -0.157000 2.177547
v 2.062490 -0.157000 2.196421
v 0.115975 -0.157000 2.196421
v 2.062490 -0.157000 2.196421
v 0.099193 -0.157000 2.213367
v 0.099193 -0.157000 2.213367
v 2.062490 -0.157000 2.196421
v 2.079273 -0.157000 2.213367
v 0.099193 -0.157000 2.213367
v 2.079273 -0.157000 2.213367
v 0.080508 -0.157000 2.228177
v 0.080508 -0.157000 2.228177
v 2.079273 -0.157000 2.213367
v 2.097957 -0.157000 2.228177
v 0.080508 -0.157000 2.228177
v 2.097957 -0.157000 2.228177
v 0.060196 -0.157000 2.240566
v 0.060196 -0.157000 2.240566
v 2.097957 -0.157000 2.228177
v 2.118267 -0.157000 2.240566
v 0.060196 -0.157000 2.240566
v 2.118267 -0.157000 2.240566
v 0.038551 -0.157000 2.250416
v 0.038551 -0.157000 2.250416
v 2.118267 -0.157000 2.240566
v 2.139913 -0.157000 2.250416
v 0.038551 -0.157000 2.250416
v 2.139913 -0.157000 2.250416
v 0.015892 -0.157000 2.257519
v 0.015892 -0.157000 2.257519
v 2.139913 -0.157000 2.250416
v 2.162572 -0.157000 2.257519
v 0.015892 -0.157000 2.257519
v 2.162572 -0.157000 2.257519
v 2.750000 -0.157000 2.500000
v 2.750000 -0.157000 2.500000
v 2.162572 -0.157000 2.257519
v 2.185923 -0.157000 2.261853
v 2.750000 -0.157000 2.500000
v 2.185923 -0.157000 2.261853
v 2.209612 -0.157000 2.263321
v 2.209612 -0.157000 2.263321
v 2.233309 -0.157000 2.261853
v 2.750000 -0.157000 2.500000
v 2.750000 -0.157000 2.500000
v 2.233309 -0.157000 2.261853
v 2.256652 -0.157000 2.257519
v 2.750000 -0.157000 2.500000
v 2.256652 -0.157000 2.257519
v 2.279311 -0.157000 2.250416
v 2.279311 -0.157000 2.250416
v 2.300957 -0.157000 2.240566
v 2.750000 -0.157000 2.500000
v 2.750000 -0.157000 2.500000
v 2.300957 -0.157000 2.240566
v 2.321276 -0.157000 2.228177
v 2.750000 -0.157000 2.500000
v 2.321276 -0.157000 2.228177
v 2.339959 -0.157000 2.213367
v 2.339959 -0.157000 2.213367
v 2.356742 -0.157000 2.196421
v 2.750000 -0.157000 2.500000
v 2.750000 -0.157000 2.500000
v 2.356742 -0.157000 2.196421
v 2.371380 -0.157000 2.177547
v 2.750000 -0.157000 2.500000
v 2.371380 -0.157000 2.177547
v 2.383660 -0.157000 2.157022
v 2.383660 -0.157000 2.157022
v 2.393403 -0.157000 2.135164
v 2.750000 -0.157000 2.500000
v 2.750000 -0.157000 2.500000
v 2.393403 -0.157000 2.135164
v 2.400458 -0.157000 2.112266
v 2.750000 -0.157000 2.500000
v 2.400458 -0.157000 2.112266
v 2.404740 -0.157000 2.088685
v 2.404740 -0.157000 2.088685
v 2.406170 -0.157000 2.064748
v 2.750000 -0.157000 2.500000
v 2.750000 -0.157000 2.500000
v 2.406170 -0.157000 2.064748
v 2.404740 -0.157000 2.040818
v 2.750000 -0.157000 2.500000
v 2.404740 -0.157000 2.040818
v 2.400458 -0.157000 2.017229
v 2.400458 -0.157000 2.017229
v 2.393403 -0.157000 1.994339
v 2.750000 -0.157000 2.500000
v 2.750000 -0.157000 2.500000
v 2.393403 -0.157000 1.994339
v 2.383660 -0.157000 1.972473
v 2.750000 -0.157000 2.500000
v 2.383660 -0.157000 1.972473
v 2.383660 -0.157000 0.092025
v 2.383660 -0.157000 0.092025
v 2.383660 -0.157000 1.972473
v 2.371380 -0.157000 1.951956
v 2.383660 -0.157000 0.092025
v 2.371380 -0.157000 1.951956
v 2.371380 -0.157000 0.112545
v 2.371380 -0.157000 0.112545
v 2.371380 -0.157000 1.951956
v 2.356742 -0.157000 0.131419
v 2.356742 -0.157000 0.131419
v 2.371380 -0.157000 1.951956
v 2.356742 -0.157000 1.933082
v 2.356742 -0.157000 0.131419
v 2.356742 -0.157000 1.933082
v 2.339959 -0.157000 0.148373
v 2.339959 -0.157000 0.148373
v 2.356742 -0.157000 1.933082
v 2.339959 -0.157000 1.916129
v 2.339959 -0.157000 0.148373
v 2.339959 -0.157000 1.916129
v 2.321276 -0.157000 0.163161
v 2.321276 -0.157000 0.163161
v 2.339959 -0.157000 1.916129
v 2.321276 -0.157000 1.901343
v 2.321276 -0.157000 0.163161
v 2.321276 -0.157000 1.901343
v 2.300957 -0.157000 0.175563
v 2.300957 -0.157000 0.175563
v 2.321276 -0.157000 1.901343
v 2.300957 -0.157000 1.888937
v 2.300957 -0.157000 0.175563
v 2.300957 -0.157000 1.888937
v 2.279311 -0.157000 0.185403
v 2.279311 -0.157000 0.185403
v 2.300957 -0.157000 1.888937
v 2.279311 -0.157000 1.879095
v 2.279311 -0.157000 0.185403
v 2.279311 -0.157000 1.879095
v 2.256652 -0.157000 0.192540
v 2.256652 -0.157000 0.192540
v 2.279311 -0.157000 1.879095
v 2.256652 -0.157000 1.871960
v 2.256652 -0.157000 0.192540
v 2.256652 -0.157000 1.871960
v 2.233309 -0.157000 0.196860
v 2.233309 -0.157000 0.196860
v 2.256652 -0.157000 1.871960
v 2.233309 -0.157000 1.867643
v 2.233309 -0.157000 0.196860
v 2.233309 -0.157000 1.867643
v 2.209612 -0.157000 0.198305
v 2.209612 -0.157000 0.198305
v 2.233309 -0.157000 1.867643
v 2.209612 -0.157000 1.866190
v 2.209612 -0.157000 0.198305
v 2.209612 -0.157000 1.866190
v 2.185923 -0.157000 1.867643
v 2.209612 -0.157000 0.198305
v 2.185923 -0.157000 1.867643
v 2.185923 -0.157000 0.196860
v 2.185923 -0.157000 0.196860
v 2.185923 -0.157000 1.867643
v 2.162572 -0.157000 1.871960
v 2.185923 -0.157000 0.196860
v 2.162572 -0.157000 1.871960
v 2.162572 -0.157000 0.192540
v 2.162572 -0.157000 0.192540
v 2.162572 -0.157000 1.871960
v 2.139913 -0.157000 1.879095
v 2.162572 -0.157000 0.192540
v 2.139913 -0.157000 1.879095
v 2.139913 -0.157000 0.185403
v 2.139913 -0.157000 0.185403
v 2.139913 -0.157000 1.879095
v 2.118267 -0.157000 1.888937
v 2.139913 -0.157000 0.185403
v 2.118267 -0.157000 1.888937
v 2.118267 -0.157000 0.175563
v 2.118267 -0.157000 0.175563
v 2.118267 -0.157000 1.888937
v 2.097957 -0.157000 1.901343
v 2.118267 -0.157000 0.175563
v 2.097957 -0.157000 1.901343
v 2.097957 -0.157000 0.163161
v 2.097957 -0.157000 0.163161
v 2.097957 -0.157000 1.901343
v 2.079273 -0.157000 1.916129
v 2.097957 -0.157000 0.163161
v 2.079273 -0.157000 1.916129
v 2.079273 -0.157000 0.148373
v -2.467038 -0.157000 -2.089185
v -2.468468 -0.157000 -2.065248
v -2.750000 -0.157000 -2.500000
v -2.750000 -0.157000 -2.500000
v -2.468468 -0.157000 -2.065248
v -2.467038 -0.157000 -2.041318
v -2.750000 -0.157000 -2.500000
v -2.467038 -0.157000 -2.041318
v -2.462756 -0.157000 -2.017730
v -2.462756 -0.157000 -2.017730
v -2.455701 -0.157000 -1.994839
v -2.750000 -0.157000 -2.500000
v -2.750000 -0.157000 -2.500000
v -2.455701 -0.157000 -1.994839
v -2.455701 -0.157000 -0.070661
v -2.750000 -0.157000 -2.500000
v -2.455701 -0.157000 -0.070661
v -2.462756 -0.157000 -0.047767
v -2.455701 -0.157000 -1.994839
v -2.445958 -0.157000 -1.972973
v -2.455701 -0.157000 -0.070661
v -2.455701 -0.157000 -0.070661
v -2.445958 -0.157000 -1.972973
v -2.445958 -0.157000 -0.092526
v -2.445958 -0.157000 -0.092526
v -2.445958 -0.157000 -1.972973
v -2.433678 -0.157000 -1.952456
v -2.445958 -0.157000 -0.092526
v -2.433678 -0.157000 -1.952456
v -2.433678 -0.157000 -0.113045
v -2.433678 -0.157000 -0.113045
v -2.433678 -0.157000 -1.952456
v -2.419040 -0.157000 -1.933582
v -2.433678 -0.157000 -0.113045
v -2.419040 -0.157000 -1.933582
v -2.419040 -0.157000 -0.131919
v -2.419040 -0.157000 -0.131919
v -2.419040 -0.157000 -1.933582
v -2.402250 -0.157000 -1.916629
v -2.419040 -0.157000 -0.131919
v -2.402250 -0.157000 -1.916629
v -2.402250 -0.157000 -0.148873
v -2.402250 -0.157000 -0.148873
v -2.402250 -0.157000 -1.916629
v -2.383566 -0.157000 -1.901843
v -2.402250 -0.157000 -0.148873
v -2.383566 -0.157000 -1.901843
v -2.383566 -0.157000 -0.163661
v -2.383566 -0.157000 -0.163661
v -2.383566 -0.157000 -1.901843
v -2.363256 -0.157000 -1.889437
v -2.383566 -0.157000 -0.163661
v -2.363256 -0.157000 -1.889437
v -2.363256 -0.157000 -0.176063
v -2.363256 -0.157000 -0.176063
v -2.363256 -0.157000 -1.889437
v -2.341609 -0.157000 -1.879596
v -2.363256 -0.157000 -0.176063
v -2.341609 -0.157000 -1.879596
v -2.341609 -0.157000 -0.185903
v -2.341609 -0.157000 -0.185903
v -2.341609 -0.157000 -1.879596
v -2.318950 -0.157000 -1.872460
v -2.341609 -0.157000 -0.185903
v -2.318950 -0.157000 -1.872460
v -2.318950 -0.157000 -0.193039
v -2.318950 -0.157000 -0.193039
v -2.318950 -0.157000 -1.872460
v -2.295607 -0.157000 -1.868142
v -2.318950 -0.157000 -0.193039
v -2.295607 -0.157000 -1.868142
v -2.295607 -0.157000 -0.197360
v -2.295607 -0.157000 -0.197360
v -2.295607 -0.157000 -1.868142
v -2.271910 -0.157000 -1.866690
v -2.295607 -0.157000 -0.197360
v -2.271910 -0.157000 -1.866690
v -2.271910 -0.157000 -0.198810
v -2.271910 -0.157000 -0.198810
v -2.271910 -0.157000 -1.866690
v -2.248221 -0.157000 -0.197360
v -2.248221 -0.157000 -0.197360
v -2.271910 -0.157000 -1.866690
v -2.248221 -0.157000 -1.868142
v -2.248221 -0.157000 -0.197360
v -2.248221 -0.157000 -1.868142
v -2.224870 -0.157000 -0.193039
v -2.224870 -0.157000 -0.193039
v -2.248221 -0.157000 -1.868142
v -2.224870 -0.157000 -1.872460
v -2.224870 -0.157000 -0.193039
v -2.224870 -0.157000 -1.872460
v -2.202211 -0.157000 -0.185903
v -2.202211 -0.157000 -0.185903
v -2.224870 -0.157000 -1.872460
v -2.202211 -0.157000 -1.879596
v -2.202211 -0.157000 -0.185903
v -2.202211 -0.157000 -1.879596
v -2.180565 -0.157000 -0.176063
v -2.180565 -0.157000 -0.176063
v -2.202211 -0.157000 -1.879596
v -2.180565 -0.157000 -1.889437
v -2.180565 -0.157000 -0.176063
v -2.180565 -0.157000 -1.889437
v -2.160254 -0.157000 -0.163661
v -2.160254 -0.157000 -0.163661
v -2.180565 -0.157000 -1.889437
v -2.160254 -0.157000 -1.901843
v -2.160254 -0.157000 -0.163661
v -2.160254 -0.157000 -1.901843
v -2.141571 -0.157000 -0.148873
v -2.141571 -0.157000 -0.148873
v -2.160254 -0.157000 -1.901843
v -2.141571 -0.157000 -1.916629
v -2.141571 -0.157000 -0.148873
v -2.141571 -0.157000 -1.916629
v -0.161490 -0.157000 -1.916629
v -0.161490 -0.157000 -1.916629
v -2.141571 -0.157000 -1.916629
v -0.178277 -0.157000 -1.933582
v -0.178277 -0.157000 -1.933582
v -2.141571 -0.157000 -1.916629
v -2.124788 -0.157000 -1.933582
v -0.178277 -0.157000 -1.933582
v -2.124788 -0.157000 -1.933582
v -0.192912 -0.157000 -1.952456
v -0.192912 -0.157000 -1.952456
v -2.124788 -0.157000 -1.933582
v -2.110151 -0.157000 -1.952456
v -0.192912 -0.157000 -1.952456
v -2.110151 -0.157000 -1.952456
v -0.205193 -0.157000 -1.972973
v -0.205193 -0.157000 -1.972973
v -2.110151 -0.157000 -1.952456
v -2.097870 -0.157000 -1.972973
v -0.205193 -0.157000 -1.972973
v -2.097870 -0.157000 -1.972973
v -0.214934 -0.157000 -1.994839
v -0.214934 -0.157000 -1.994839
v -2.097870 -0.157000 -1.972973
v -2.088127 -0.157000 -1.994839
v -0.214934 -0.157000 -1.994839
v -2.088127 -0.157000 -1.994839
v -0.221994 -0.157000 -2.017730
v -0.221994 -0.157000 -2.017730
v -2.088127 -0.157000 -1.994839
v -2.081064 -0.157000 -2.017730
v -0.221994 -0.157000 -2.017730
v -2.081064 -0.157000 -2.017730
v -0.226276 -0.157000 -2.041318
v -0.226276 -0.157000 -2.041318
v -2.081064 -0.157000 -2.017730
v -2.076790 -0.157000 -2.041318
v -0.226276 -0.157000 -2.041318
v -2.076790 -0.157000 -2.041318
v -0.227706 -0.157000 -2.065248
v -0.227706 -0.157000 -2.065248
v -2.076790 -0.157000 -2.041318
v -2.075352 -0.157000 -2.065248
v -0.227706 -0.157000 -2.065248
v -2.075352 -0.157000 -2.065248
v -0.226276 -0.157000 -2.089185
v -0.226276 -0.157000 -2.089185
v -2.075352 -0.157000 -2.065248
v -2.076790 -0.157000 -2.089185
v -0.226276 -0.157000 -2.089185
v -2.076790 -0.157000 -2.089185
v -0.221994 -0.157000 -2.112766
v -0.221994 -0.157000 -2.112766
v -2.076790 -0.157000 -2.089185
v -2.081064 -0.157000 -2.112766
v -0.221994 -0.157000 -2.112766
v -2.081064 -0.157000 -2.112766
v -0.214934 -0.157000 -2.135656
v -0.214934 -0.157000 -2.135656
v -2.081064 -0.157000 -2.112766
v -2.088127 -0.157000 -2.135656
v -0.214934 -0.157000 -2.135656
v -2.088127 -0.157000 -2.135656
v -0.205193 -0.157000 -2.157522
v -0.205193 -0.157000 -2.157522
v -2.088127 -0.157000 -2.135656
v -2.097870 -0.157000 -2.157522
v -0.205193 -0.157000 -2.157522
v -2.097870 -0.157000 -2.157522
v -0.192912 -0.157000 -2.178047
v -0.192912 -0.157000 -2.178047
v -2.097870 -0.157000 -2.157522
v -2.110151 -0.157000 -2.178047
v -0.192912 -0.157000 -2.178047
v -2.110151 -0.157000 -2.178047
v -0.178277 -0.157000 -2.196921
v -0.178277 -0.157000 -2.196921
v -2.110151 -0.157000 -2.178047
v -2.124788 -0.157000 -2.196921
v -0.178277 -0.157000 -2.196921
v -2.124788 -0.157000 -2.196921
v -0.161490 -0.157000 -2.213874
v -0.161490 -0.157000 -2.213874
v -2.124788 -0.157000 -2.196921
v -2.141571 -0.157000 -2.213874
v -0.161490 -0.157000 -2.213874
v -2.141571 -0.157000 -2.213874
v -0.142805 -0.157000 -2.228661
v -0.142805 -0.157000 -2.228661
v -2.141571 -0.157000 -2.213874
v -2.160254 -0.157000 -2.228661
v -0.142805 -0.157000 -2.228661
v -2.160254 -0.157000 -2.228661
v -0.122493 -0.156999 -2.241066
v -0.122493 -0.156999 -2.241066
v -2.160254 -0.157000 -2.228661
v -2.180565 -0.156999 -2.241066
v -0.122493 -0.156999 -2.241066
v -2.180565 -0.156999 -2.241066
v -0.100848 -0.156999 -2.250900
v -0.100848 -0.156999 -2.250900
v -2.180565 -0.156999 -2.241066
v -2.202211 -0.156999 -2.250900
v -0.100848 -0.156999 -2.250900
v -2.202211 -0.156999 -2.250900
v -2.750000 -0.157000 -2.500000
v -2.750000 -0.157000 -2.500000
v -2.202211 -0.156999 -2.250900
v -2.224870 -0.156999 -2.258043
v -2.750000 -0.157000 -2.500000
v -2.224870 -0.156999 -2.258043
v -2.248221 -0.156999 -2.262361
v -2.248221 -0.156999 -2.262361
v -2.271910 -0.156999 -2.263806
v -2.750000 -0.157000 -2.500000
v -2.750000 -0.157000 -2.500000
v -2.271910 -0.156999 -2.263806
v -2.295607 -0.156999 -2.262361
v -2.750000 -0.157000 -2.500000
v -2.295607 -0.156999 -2.262361
v -2.318950 -0.156999 -2.258043
v -2.318950 -0.156999 -2.258043
v -2.341609 -0.156999 -2.250900
v -2.750000 -0.157000 -2.500000
v -2.750000 -0.157000 -2.500000
v -2.341609 -0.156999 -2.250900
v -2.363256 -0.156999 -2.241066
v -2.750000 -0.157000 -2.500000
v -2.363256 -0.156999 -2.241066
v -2.383566 -0.157000 -2.228661
v -2.383566 -0.157000 -2.228661
v -2.402250 -0.157000 -2.213874
v -2.750000 -0.157000 -2.500000
v -2.750000 -0.157000 -2.500000
v -2.402250 -0.157000 -2.213874
v -2.419040 -0.157000 -2.196921
v -2.750000 -0.157000 -2.500000
v -2.419040 -0.157000 -2.196921
v -2.433678 -0.157000 -2.178047
v -2.433678 -0.157000 -2.178047
v -2.445958 -0.157000 -2.157522
v -2.750000 -0.157000 -2.500000
v -2.750000 -0.157000 -2.500000
v -2.445958 -0.157000 -2.157522
v -2.455701 -0.157000 -2.135656
v -2.750000 -0.157000 -2.500000
v -2.455701 -0.157000 -2.135656
v -2.462756 -0.157000 -2.112766
v -2.462756 -0.157000 -2.112766
v -2.467038 -0.157000 -2.089185
v -2.750000 -0.157000 -2.500000
v -2.141571 -0.157000 -0.148873
v -0.161490 -0.157000 -1.916629
v -0.161490 -0.157000 -0.148873
v -0.161490 -0.157000 -0.148873
v -0.161490 -0.157000 -1.916629
v -0.142805 -0.157000 -1.901843
v -0.161490 -0.157000 -0.148873
v -0.142805 -0.157000 -1.901843
v -0.142805 -0.157000 -0.163661
v -0.142805 -0.157000 -0.163661
v -0.142805 -0.157000 -1.901843
v -0.122493 -0.157000 -1.889437
v -0.142805 -0.157000 -0.163661
v -0.122493 -0.157000 -1.889437
v -0.122493 -0.157000 -0.176063
v -0.122493 -0.157000 -0.176063
v -0.122493 -0.157000 -1.889437
v -0.100848 -0.157000 -1.879596
v -0.122493 -0.157000 -0.176063
v -0.100848 -0.157000 -1.879596
v -0.100848 -0.157000 -0.185903
v -0.100848 -0.157000 -0.185903
v -0.100848 -0.157000 -1.879596
v -0.078189 -0.157000 -1.872460
v -0.100848 -0.157000 -0.185903
v -0.078189 -0.157000 -1.872460
v -0.078189 -0.157000 -0.193039
v -0.078189 -0.157000 -0.193039
v -0.078189 -0.157000 -1.872460
v -0.054842 -0.157000 -1.868142
v -0.078189 -0.157000 -0.193039
v -0.054842 -0.157000 -1.868142
v -0.054842 -0.157000 -0.197360
v -0.054842 -0.157000 -0.197360
v -0.054842 -0.157000 -1.868142
v -0.031149 -0.157000 -1.866690
v -0.054842 -0.157000 -0.197360
v -0.031149 -0.157000 -1.866690
v -0.031149 -0.157000 -0.198810
v -0.031149 -0.157000 -0.198810
v -0.031149 -0.157000 -1.866690
v -0.007455 -0.157000 -0.197360
v -0.007455 -0.157000 -0.197360
v -0.031149 -0.157000 -1.866690
v -0.007455 -0.157000 -1.868142
v -0.007455 -0.157000 -0.197360
v -0.007455 -0.157000 -1.868142
v 0.015892 -0.157000 -0.193039
v 0.015892 -0.157000 -0.193039
v -0.007455 -0.157000 -1.868142
v 0.015892 -0.157000 -1.872460
v 0.015892 -0.157000 -0.193039
v 0.015892 -0.157000 -1.872460
v 0.038551 -0.157000 -0.185903
v 0.038551 -0.157000 -0.185903
v 0.015892 -0.157000 -1.872460
v 0.038551 -0.157000 -1.879596
v 0.038551 -0.157000 -0.185903
v 0.038551 -0.157000 -1.879596
v 0.060196 -0.157000 -0.176063
v 0.060196 -0.157000 -0.176063
v 0.038551 -0.157000 -1.879596
v 0.060196 -0.157000 -1.889437
v 0.060196 -0.157000 -0.176063
v 0.060196 -0.157000 -1.889437
v 0.080508 -0.157000 -0.163661
v 0.080508 -0.157000 -0.163661
v 0.060196 -0.157000 -1.889437
v 0.080508 -0.157000 -1.901843
v 0.080508 -0.157000 -0.163661
v 0.080508 -0.157000 -1.901843
v 0.099193 -0.157000 -0.148873
v 0.099193 -0.157000 -0.148873
v 0.080508 -0.157000 -1.901843
v 0.099193 -0.157000 -1.916629
v 2.750000 -0.157000 -2.500000
v -0.031149 -0.156999 -2.263806
v -2.750000 -0.157000 -2.500000
v -2.750000 -0.157000 -2.500000
v -0.031149 -0.156999 -2.263806
v -0.054842 -0.156999 -2.262361
v -2.750000 -0.157000 -2.500000
v -0.054842 -0.156999 -2.262361
v -0.078189 -0.156999 -2.258043
v -0.078189 -0.156999 -2.258043
v -0.100848 -0.156999 -2.250900
v -2.750000 -0.157000 -2.500000
v 2.383660 -0.157000 0.092025
v 2.393403 -0.157000 0.070161
v 2.750000 -0.157000 2.500000
v 2.750000 -0.157000 2.500000
v 2.393403 -0.157000 0.070161
v 2.400458 -0.157000 0.047267
v 2.750000 -0.157000 2.500000
v 2.400458 -0.157000 0.047267
v 2.404740 -0.157000 0.023682
v 2.404740 -0.157000 0.023682
v 2.406170 -0.157000 -0.000252
v 2.750000 -0.157000 2.500000
v 2.750000 -0.157000 2.500000
v 2.406170 -0.157000 -0.000252
v 2.750000 -0.157000 -2.500000
v 2.750000 -0.157000 -2.500000
v 2.406170 -0.157000 -0.000252
v 2.404740 -0.157000 -0.024182
v 2.750000 -0.157000 -2.500000
v 2.404740 -0.157000 -0.024182
v 2.400458 -0.157000 -0.047767
v 2.400458 -0.157000 -0.047767
v 2.393403 -0.157000 -0.070661
v 2.750000 -0.157000 -2.500000
v 2.750000 -0.157000 -2.500000
v 2.393403 -0.157000 -0.070661
v 2.383660 -0.157000 -0.092526
v 2.750000 -0.157000 -2.500000
v 2.383660 -0.157000 -0.092526
v 2.383660 -0.157000 -1.972973
v 2.383660 -0.157000 -1.972973
v 2.383660 -0.157000 -0.092526
v 2.371380 -0.157000 -1.952456
v 2.371380 -0.157000 -1.952456
v 2.383660 -0.157000 -0.092526
v 2.371380 -0.157000 -0.113045
v 2.371380 -0.157000 -1.952456
v 2.371380 -0.157000 -0.113045
v 2.356742 -0.157000 -1.933582
v 2.356742 -0.157000 -1.933582
v 2.371380 -0.157000 -0.113045
v 2.356742 -0.157000 -0.131919
v 2.356742 -0.157000 -1.933582
v 2.356742 -0.157000 -0.131919
v 2.339959 -0.157000 -1.916629
v 2.339959 -0.157000 -1.916629
v 2.356742 -0.157000 -0.131919
v 2.339959 -0.157000 -0.148873
v 2.339959 -0.157000 -1.916629
v 2.339959 -0.157000 -0.148873
v 2.321276 -0.157000 -1.901843
v 2.321276 -0.157000 -1.901843
v 2.339959 -0.157000 -0.148873
v 2.321276 -0.157000 -0.163661
v 2.321276 -0.157000 -1.901843
v 2.321276 -0.157000 -0.163661
v 2.300957 -0.157000 -1.889437
v 2.300957 -0.157000 -1.889437
v 2.321276 -0.157000 -0.163661
v 2.300957 -0.157000 -0.176063
v 2.300957 -0.157000 -1.889437
v 2.300957 -0.157000 -0.176063
v 2.279311 -0.157000 -1.879596
v 2.279311 -0.157000 -1.879596
v 2.300957 -0.157000 -0.176063
v 2.279311 -0.157000 -0.185903
v 2.279311 -0.157000 -1.879596
v 2.279311 -0.157000 -0.185903
v 2.256652 -0.157000 -1.872460
v 2.256652 -0.157000 -1.872460
v 2.279311 -0.157000 -0.185903
v 2.256652 -0.157000 -0.193039
v 2.256652 -0.157000 -1.872460
v 2.256652 -0.157000 -0.193039
v 2.233309 -0.157000 -1.868142
v 2.233309 -0.157000 -1.868142
v 2.256652 -0.157000 -0.193039
v 2.233309 -0.157000 -0.197360
v 2.233309 -0.157000 -1.868142
v 2.233309 -0.157000 -0.197360
v 2.209612 -0.157000 -1.866690
v 2.209612 -0.157000 -1.866690
v 2.233309 -0.157000 -0.197360
v 2.209612 -0.157000 -0.198810
v 2.209612 -0.157000 -1.866690
v 2.209612 -0.157000 -0.198810
v 2.185923 -0.157000 -0.197360
v 2.209612 -0.157000 -1.866690
v 2.185923 -0.157000 -0.197360
v 2.185923 -0.157000 -1.868142
v 2.185923 -0.157000 -1.868142
v 2.185923 -0.157000 -0.197360
v 2.162572 -0.157000 -0.193039
v 2.185923 -0.157000 -1.868142
v 2.162572 -0.157000 -0.193039
v 2.162572 -0.157000 -1.872460
v 2.162572 -0.157000 -1.872460
v 2.162572 -0.157000 -0.193039
v 2.139913 -0.157000 -0.185903
v 2.162572 -0.157000 -1.872460
v 2.139913 -0.157000 -0.185903
v 2.139913 -0.157000 -1.879596
v 2.139913 -0.157000 -1.879596
v 2.139913 -0.157000 -0.185903
v 2.118267 -0.157000 -0.176063
v 2.139913 -0.157000 -1.879596
v 2.118267 -0.157000 -0.176063
v 2.118267 -0.157000 -1.889437
v 2.118267 -0.157000 -1.889437
v 2.118267 -0.157000 -0.176063
v 2.097957 -0.157000 -0.163661
v 2.118267 -0.157000 -1.889437
v 2.097957 -0.157000 -0.163661
v 2.097957 -0.157000 -1.901843
v 2.097957 -0.157000 -1.901843
v 2.097957 -0.157000 -0.163661
v 2.079273 -0.157000 -0.148873
v 2.097957 -0.157000 -1.901843
v 2.079273 -0.157000 -0.148873
v 2.079273 -0.157000 -1.916629
v -0.226276 -0.157000 2.088685
v -2.076790 -0.157000 2.088685
v -0.227706 -0.157000 2.064748
v -0.227706 -0.157000 2.064748
v -2.076790 -0.157000 2.088685
v -2.075352 -0.157000 2.064748
v -0.227706 -0.157000 2.064748
v -2.075352 -0.157000 2.064748
v -0.226276 -0.157000 2.040818
v -0.226276 -0.157000 2.040818
v -2.075352 -0.157000 2.064748
v -2.076790 -0.157000 2.040818
v -0.226276 -0.157000 2.040818
v -2.076790 -0.157000 2.040818
v -0.221994 -0.157000 2.017229
v -0.221994 -0.157000 2.017229
v -2.076790 -0.157000 2.040818
v -2.081064 -0.157000 2.017229
v -0.221994 -0.157000 2.017229
v -2.081064 -0.157000 2.017229
v -0.214934 -0.157000 1.994339
v -0.214934 -0.157000 1.994339
v -2.081064 -0.157000 2.017229
v -2.088127 -0.157000 1.994339
v -0.214934 -0.157000 1.994339
v -2.088127 -0.157000 1.994339
v -0.205193 -0.157000 1.972473
v -0.205193 -0.157000 1.972473
v -2.088127 -0.157000 1.994339
v -2.097870 -0.157000 1.972473
v -0.205193 -0.157000 1.972473
v -2.097870 -0.157000 1.972473
v -0.192912 -0.157000 1.951956
v -0.192912 -0.157000 1.951956
v -2.097870 -0.157000 1.972473
v -2.110151 -0.157000 1.951956
v -0.192912 -0.157000 1.951956
v -2.110151 -0.157000 1.951956
v -0.178277 -0.157000 1.933082
v -0.178277 -0.157000 1.933082
v -2.110151 -0.157000 1.951956
v -2.124788 -0.157000 1.933082
v -0.178277 -0.157000 1.933082
v -2.124788 -0.157000 1.933082
v -0.161490 -0.157000 1.916129
v -0.161490 -0.157000 1.916129
v -2.124788 -0.157000 1.933082
v -2.141571 -0.157000 1.916129
v -0.161490 -0.157000 1.916129
v -2.141571 -0.157000 1.916129
v -0.161490 -0.157000 0.148373
v -0.161490 -0.157000 0.148373
v -2.141571 -0.157000 1.916129
v -2.141571 -0.157000 0.148373
v -0.161490 -0.157000 0.148373
v -2.141571 -0.157000 0.148373
v -0.178277 -0.157000 0.131419
v -0.178277 -0.157000 0.131419
v -2.141571 -0.157000 0.148373
v -2.124788 -0.157000 0.131419
v -0.178277 -0.157000 0.131419
v -2.124788 -0.157000 0.131419
v -0.192912 -0.157000 0.112545
v -0.192912 -0.157000 0.112545
v -2.124788 -0.157000 0.131419
v -2.110151 -0.157000 0.112545
v -0.192912 -0.157000 0.112545
v -2.110151 -0.157000 0.112545
v -0.205193 -0.157000 0.092025
v -0.205193 -0.157000 0.092025
v -2.110151 -0.157000 0.112545
v -2.097870 -0.157000 0.092025
v -0.205193 -0.157000 0.092025
v -2.097870 -0.157000 0.092025
v -0.214934 -0.157000 0.070161
v -0.214934 -0.157000 0.070161
v -2.097870 -0.157000 0.092025
v -2.088127 -0.157000 0.070161
v -0.214934 -0.157000 0.070161
v -2.088127 -0.157000 0.070161
v -0.221994 -0.157000 0.047267
v -0.221994 -0.157000 0.047267
v -2.088127 -0.157000 0.070161
v -2.081064 -0.157000 0.047267
v -0.221994 -0.157000 0.047267
v -2.081064 -0.157000 0.047267
v -0.226276 -0.157000 0.023682
v -0.226276 -0.157000 0.023682
v -2.081064 -0.157000 0.047267
v -2.076790 -0.157000 0.023682
v -0.226276 -0.157000 0.023682
v -2.076790 -0.157000 0.023682
v -0.227706 -0.157000 -0.000252
v -0.227706 -0.157000 -0.000252
v -2.076790 -0.157000 0.023682
v -2.075352 -0.157000 -0.000252
v -0.227706 -0.157000 -0.000252
v -2.075352 -0.157000 -0.000252
v -0.226276 -0.157000 -0.024182
v -0.226276 -0.157000 -0.024182
v -2.075352 -0.157000 -0.000252
v -2.076790 -0.157000 -0.024182
v -0.226276 -0.157000 -0.024182
v -2.076790 -0.157000 -0.024182
v -0.221994 -0.157000 -0.047767
v -0.221994 -0.157000 -0.047767
v -2.076790 -0.157000 -0.024182
v -2.081064 -0.157000 -0.047767
v -0.221994 -0.157000 -0.047767
v -2.081064 -0.157000 -0.047767
v -0.214934 -0.157000 -0.070661
v -0.214934 -0.157000 -0.070661
v -2.081064 -0.157000 -0.047767
v -2.088127 -0.157000 -0.070661
v -0.214934 -0.157000 -0.070661
v -2.088127 -0.157000 -0.070661
v -0.205193 -0.157000 -0.092526
v -0.205193 -0.157000 -0.092526
v -2.088127 -0.157000 -0.070661
v -2.097870 -0.157000 -0.092526
v -0.205193 -0.157000 -0.092526
v -2.097870 -0.157000 -0.092526
v -0.192912 -0.157000 -0.113045
v -0.192912 -0.157000 -0.113045
v -2.097870 -0.157000 -0.092526
v -2.110151 -0.157000 -0.113045
v -0.192912 -0.157000 -0.113045
v -2.110151 -0.157000 -0.113045
v -0.178277 -0.157000 -0.131919
v -0.178277 -0.157000 -0.131919
v -2.110151 -0.157000 -0.113045
v -2.124788 -0.157000 -0.131919
v -0.178277 -0.157000 -0.131919
v -2.124788 -0.157000 -0.131919
v -0.161490 -0.157000 -0.148873
v -0.161490 -0.157000 -0.148873
v -2.124788 -0.157000 -0.131919
v -2.141571 -0.157000 -0.148873
v -2.076790 -0.157000 2.088685
v -0.226276 -0.157000 2.088685
v -2.081064 -0.157000 2.112266
v -2.081064 -0.157000 2.112266
v -0.226276 -0.157000 2.088685
v -0.221994 -0.157000 2.112266
v -2.081064 -0.157000 2.112266
v -0.221994 -0.157000 2.112266
v -2.088127 -0.157000 2.135164
v -2.088127 -0.157000 2.135164
v -0.221994 -0.157000 2.112266
v -0.214934 -0.157000 2.135164
v -2.088127 -0.157000 2.135164
v -0.214934 -0.157000 2.135164
v -2.097870 -0.157000 2.157022
v -2.097870 -0.157000 2.157022
v -0.214934 -0.157000 2.135164
v -0.205193 -0.157000 2.157022
v -2.097870 -0.157000 2.157022
v -0.205193 -0.157000 2.157022
v -2.110151 -0.157000 2.177547
v -2.110151 -0.157000 2.177547
v -0.205193 -0.157000 2.157022
v -0.192912 -0.157000 2.177547
v -2.110151 -0.157000 2.177547
v -0.192912 -0.157000 2.177547
v -2.124788 -0.157000 2.196421
v -2.124788 -0.157000 2.196421
v -0.192912 -0.157000 2.177547
v -0.178277 -0.157000 2.196421
v -2.124788 -0.157000 2.196421
v -0.178277 -0.157000 2.196421
v -2.141571 -0.157000 2.213367
v -2.141571 -0.157000 2.213367
v -0.178277 -0.157000 2.196421
v -0.161490 -0.157000 2.213367
v -2.141571 -0.157000 2.213367
v -0.161490 -0.157000 2.213367
v -2.160254 -0.157000 2.228177
v -2.160254 -0.157000 2.228177
v -0.161490 -0.157000 2.213367
v -0.142805 -0.157000 2.228177
v -2.160254 -0.157000 2.228177
v -0.142805 -0.157000 2.228177
v -2.180565 -0.157000 2.240566
v -2.180565 -0.157000 2.240566
v -0.142805 -0.157000 2.228177
v -0.122493 -0.157000 2.240566
v -2.180565 -0.157000 2.240566
v -0.122493 -0.157000 2.240566
v -2.202211 -0.157000 2.250416
v -2.202211 -0.157000 2.250416
v -0.122493 -0.157000 2.240566
v -0.100848 -0.157000 2.250416
v -2.202211 -0.157000 2.250416
v -0.100848 -0.157000 2.250416
v -2.750000 -0.157000 2.500000
v -2.750000 -0.157000 2.500000
v -0.100848 -0.157000 2.250416
v -0.078189 -0.157000 2.257519
v -2.750000 -0.157000 2.500000
v -0.078189 -0.157000 2.257519
v -0.054842 -0.157000 2.261853
v -0.054842 -0.157000 2.261853
v -0.031149 -0.157000 2.263321
v -2.750000 -0.157000 2.500000
v -2.750000 -0.157000 2.500000
v -0.031149 -0.157000 2.263321
v 2.750000 -0.157000 2.500000
v 2.750000 -0.157000 2.500000
v -0.031149 -0.157000 2.263321
v -0.007455 -0.157000 2.261853
v 2.750000 -0.157000 2.500000
v -0.007455 -0.157000 2.261853
v 0.015892 -0.157000 2.257519
v 0.099193 -0.157000 0.148373
v 0.099193 -0.157000 1.916129
v 0.080508 -0.157000 0.163161
v 0.080508 -0.157000 0.163161
v 0.099193 -0.157000 1.916129
v 0.080508 -0.157000 1.901343
v 0.080508 -0.157000 0.163161
v 0.080508 -0.157000 1.901343
v 0.060196 -0.157000 0.175563
v 0.060196 -0.157000 0.175563
v 0.080508 -0.157000 1.901343
v 0.060196 -0.157000 1.888937
v 0.060196 -0.157000 0.175563
v 0.060196 -0.157000 1.888937
v 0.038551 -0.157000 0.185403
v 0.038551 -0.157000 0.185403
v 0.060196 -0.157000 1.888937
v 0.038551 -0.157000 1.879095
v 0.038551 -0.157000 0.185403
v 0.038551 -0.157000 1.879095
v 0.015892 -0.157000 0.192540
v 0.015892 -0.157000 0.192540
v 0.038551 -0.157000 1.879095
v 0.015892 -0.157000 1.871960
v 0.015892 -0.157000 0.192540
v 0.015892 -0.157000 1.871960
v -0.007455 -0.157000 0.196860
v -0.007455 -0.157000 0.196860
v 0.015892 -0.157000 1.871960
v -0.007455 -0.157000 1.867643
v -0.007455 -0.157000 0.196860
v -0.007455 -0.157000 1.867643
v -0.031149 -0.157000 0.198305
v -0.031149 -0.157000 0.198305
v -0.007455 -0.157000 1.867643
v -0.031149 -0.157000 1.866190
v -0.031149 -0.157000 0.198305
v -0.031149 -0.157000 1.866190
v -0.054842 -0.157000 1.867643
v -0.031149 -0.157000 0.198305
v -0.054842 -0.157000 1.867643
v -0.054842 -0.157000 0.196860
v -0.054842 -0.157000 0.196860
v -0.054842 -0.157000 1.867643
v -0.078189 -0.157000 1.871960
v -0.054842 -0.157000 0.196860
v -0.078189 -0.157000 1.871960
v -0.078189 -0.157000 0.192540
v -0.078189 -0.157000 0.192540
v -0.078189 -0.157000 1.871960
v -0.100848 -0.157000 1.879095
v -0.078189 -0.157000 0.192540
v -0.100848 -0.157000 1.879095
v -0.100848 -0.157000 0.185403
v -0.100848 -0.157000 0.185403
v -0.100848 -0.157000 1.879095
v -0.122493 -0.157000 1.888937
v -0.100848 -0.157000 0.185403
v -0.122493 -0.157000 1.888937
v -0.122493 -0.157000 0.175563
v -0.122493 -0.157000 0.175563
v -0.122493 -0.157000 1.888937
v -0.142805 -0.157000 1.901343
v -0.122493 -0.157000 0.175563
v -0.142805 -0.157000 1.901343
v -0.142805 -0.157000 0.163161
v -0.142805 -0.157000 0.163161
v -0.142805 -0.157000 1.901343
v -0.161490 -0.157000 1.916129
v -0.142805 -0.157000 0.163161
v -0.161490 -0.157000 1.916129
v -0.161490 -0.157000 0.148373
v -2.467038 -0.157000 0.023682
v -2.750000 -0.157000 2.500000
v -2.468468 -0.157000 -0.000252
v -2.468468 -0.157000 -0.000252
v -2.750000 -0.157000 2.500000
v -2.750000 -0.157000 -2.500000
v -2.468468 -0.157000 -0.000252
v -2.750000 -0.157000 -2.500000
v -2.467038 -0.157000 -0.024182
v -2.467038 -0.157000 -0.024182
v -2.750000 -0.157000 -2.500000
v -2.462756 -0.157000 -0.047767
v -2.467038 -0.157000 0.023682
v -2.462756 -0.157000 0.047267
v -2.750000 -0.157000 2.500000
v -2.750000 -0.157000 2.500000
v -2.462756 -0.157000 0.047267
v -2.455701 -0.157000 0.070161
v -2.750000 -0.157000 2.500000
v -2.455701 -0.157000 0.070161
v -2.455701 -0.157000 1.994339
v -2.455701 -0.157000 1.994339
v -2.455701 -0.157000 0.070161
v -2.445958 -0.157000 1.972473
v -2.445958 -0.157000 1.972473
v -2.455701 -0.157000 0.070161
v -2.445958 -0.157000 0.092025
v -2.445958 -0.157000 1.972473
v -2.445958 -0.157000 0.092025
v -2.433678 -0.157000 0.112545
v -2.445958 -0.157000 1.972473
v -2.433678 -0.157000 0.112545
v -2.433678 -0.157000 1.951956
v -2.433678 -0.157000 1.951956
v -2.433678 -0.157000 0.112545
v -2.419040 -0.157000 0.131419
v -2.433678 -0.157000 1.951956
v -2.419040 -0.157000 0.131419
v -2.419040 -0.157000 1.933082
v -2.419040 -0.157000 1.933082
v -2.419040 -0.157000 0.131419
v -2.402250 -0.157000 0.148373
v -2.419040 -0.157000 1.933082
v -2.402250 -0.157000 0.148373
v -2.402250 -0.157000 1.916129
v -2.402250 -0.157000 1.916129
v -2.402250 -0.157000 0.148373
v -2.383566 -0.157000 0.163161
v -2.402250 -0.157000 1.916129
v -2.383566 -0.157000 0.163161
v -2.383566 -0.157000 1.901343
v -2.383566 -0.157000 1.901343
v -2.383566 -0.157000 0.163161
v -2.363256 -0.157000 0.175563
v -2.383566 -0.157000 1.901343
v -2.363256 -0.157000 0.175563
v -2.363256 -0.157000 1.888937
v -2.363256 -0.157000 1.888937
v -2.363256 -0.157000 0.175563
v -2.341609 -0.157000 0.185403
v -2.363256 -0.157000 1.888937
v -2.341609 -0.157000 0.185403
v -2.341609 -0.157000 1.879095
v -2.341609 -0.157000 1.879095
v -2.341609 -0.157000 0.185403
v -2.318950 -0.157000 0.192540
v -2.341609 -0.157000 1.879095
v -2.318950 -0.157000 0.192540
v -2.318950 -0.157000 1.871960
v -2.318950 -0.157000 1.871960
v -2.318950 -0.157000 0.192540
v -2.295607 -0.157000 0.196860
v -2.318950 -0.157000 1.871960
v -2.295607 -0.157000 0.196860
v -2.295607 -0.157000 1.867643
v -2.295607 -0.157000 1.867643
v -2.295607 -0.157000 0.196860
v -2.271910 -0.157000 0.198305
v -2.295607 -0.157000 1.867643
v -2.271910 -0.157000 0.198305
v -2.271910 -0.157000 1.866190
v -2.271910 -0.157000 1.866190
v -2.271910 -0.157000 0.198305
v -2.248221 -0.157000 1.867643
v -2.248221 -0.157000 1.867643
v -2.271910 -0.157000 0.198305
v -2.248221 -0.157000 0.196860
v -2.248221 -0.157000 1.867643
v -2.248221 -0.157000 0.196860
v -2.224870 -0.157000 1.871960
v -2.224870 -0.157000 1.871960
v -2.248221 -0.157000 0.196860
v -2.224870 -0.157000 0.192540
v -2.224870 -0.157000 1.871960
v -2.224870 -0.157000 0.192540
v -2.202211 -0.157000 1.879095
v -2.202211 -0.157000 1.879095
v -2.224870 -0.157000 0.192540
v -2.202211 -0.157000 0.185403
v -2.202211 -0.157000 1.879095
v -2.202211 -0.157000 0.185403
v -2.180565 -0.157000 1.888937
v -2.180565 -0.157000 1.888937
v -2.202211 -0.157000 0.185403
v -2.180565 -0.157000 0.175563
v -2.180565 -0.157000 1.888937
v -2.180565 -0.157000 0.175563
v -2.160254 -0.157000 1.901343
v -2.160254 -0.157000 1.901343
v -2.180565 -0.157000 0.175563
v -2.160254 -0.157000 0.163161
v -2.160254 -0.157000 1.901343
v -2.160254 -0.157000 0.163161
v -2.141571 -0.157000 1.916129
v -2.141571 -0.157000 1.916129
v -2.160254 -0.157000 0.163161
v -2.141571 -0.157000 0.148373
v 2.383660 -0.157000 -1.972973
v 2.393403 -0.157000 -1.994839
v 2.750000 -0.157000 -2.500000
v 2.750000 -0.157000 -2.500000
v 2.393403 -0.157000 -1.994839
v 2.400458 -0.157000 -2.017730
v 2.750000 -0.157000 -2.500000
v 2.400458 -0.157000 -2.017730
v 2.404740 -0.157000 -2.041318
v 2.404740 -0.157000 -2.041318
v 2.406170 -0.157000 -2.065248
v 2.750000 -0.157000 -2.500000
v 2.750000 -0.157000 -2.500000
v 2.406170 -0.157000 -2.065248
v 2.404740 -0.157000 -2.089185
v 2.750000 -0.157000 -2.500000
v 2.404740 -0.157000 -2.089185
v 2.400458 -0.157000 -2.112766
v 2.400458 -0.157000 -2.112766
v 2.393403 -0.157000 -2.135656
v 2.750000 -0.157000 -2.500000
v 2.750000 -0.157000 -2.500000
v 2.393403 -0.157000 -2.135656
v 2.383660 -0.157000 -2.157522
v 2.750000 -0.157000 -2.500000
v 2.383660 -0.157000 -2.157522
v 2.371380 -0.157000 -2.178047
v 2.371380 -0.157000 -2.178047
v 2.356742 -0.157000 -2.196921
v 2.750000 -0.157000 -2.500000
v 2.750000 -0.157000 -2.500000
v 2.356742 -0.157000 -2.196921
v 2.339959 -0.157000 -2.213874
v 2.750000 -0.157000 -2.500000
v 2.339959 -0.157000 -2.213874
v 2.321276 -0.157000 -2.228661
v 2.321276 -0.157000 -2.228661
v 2.300957 -0.156999 -2.241066
v 2.750000 -0.157000 -2.500000
v 2.750000 -0.157000 -2.500000
v 2.300957 -0.156999 -2.241066
v 2.279311 -0.156999 -2.250900
v 2.750000 -0.157000 -2.500000
v 2.279311 -0.156999 -2.250900
v 2.256652 -0.156999 -2.258043
v 2.256652 -0.156999 -2.258043
v 2.233309 -0.156999 -2.262361
v 2.750000 -0.157000 -2.500000
v 2.750000 -0.157000 -2.500000
v 2.233309 -0.156999 -2.262361
v 2.209612 -0.156999 -2.263806
v 2.750000 -0.157000 -2.500000
v 2.209612 -0.156999 -2.263806
v 2.185923 -0.156999 -2.262361
v 2.185923 -0.156999 -2.262361
v 2.162572 -0.156999 -2.258043
v 2.750000 -0.157000 -2.500000
v -2.467038 -0.157000 2.040818
v -2.468468 -0.157000 2.064748
v -2.750000 -0.157000 2.500000
v -2.750000 -0.157000 2.500000
v -2.468468 -0.157000 2.064748
v -2.467038 -0.157000 2.088685
v -2.750000 -0.157000 2.500000
v -2.467038 -0.157000 2.088685
v -2.462756 -0.157000 2.112266
v -2.462756 -0.157000 2.112266
v -2.455701 -0.157000 2.135164
v -2.750000 -0.157000 2.500000
v -2.750000 -0.157000 2.500000
v -2.455701 -0.157000 2.135164
v -2.445958 -0.157000 2.157022
v -2.750000 -0.157000 2.500000
v -2.445958 -0.157000 2.157022
v -2.433678 -0.157000 2.177547
v -2.433678 -0.157000 2.177547
v -2.419040 -0.157000 2.196421
v -2.750000 -0.157000 2.500000
v -2.750000 -0.157000 2.500000
v -2.419040 -0.157000 2.196421
v -2.402250 -0.157000 2.213367
v -2.750000 -0.157000 2.500000
v -2.402250 -0.157000 2.213367
v -2.383566 -0.157000 2.228177
v -2.383566 -0.157000 2.228177
v -2.363256 -0.157000 2.240566
v -2.750000 -0.157000 2.500000
v -2.750000 -0.157000 2.500000
v -2.363256 -0.157000 2.240566
v -2.341609 -0.157000 2.250416
v -2.750000 -0.157000 2.500000
v -2.341609 -0.157000 2.250416
v -2.318950 -0.157000 2.257519
v -2.318950 -0.157000 2.257519
v -2.295607 -0.157000 2.261853
v -2.750000 -0.157000 2.500000
v -2.750000 -0.157000 2.500000
v -2.295607 -0.157000 2.261853
v -2.271910 -0.157000 2.263321
v -2.750000 -0.157000 2.500000
v -2.271910 -0.157000 2.263321
v -2.248221 -0.157000 2.261853
v -2.248221 -0.157000 2.261853
v -2.224870 -0.157000 2.257519
v -2.750000 -0.157000 2.500000
v -2.750000 -0.157000 2.500000
v -2.224870 -0.157000 2.257519
v -2.202211 -0.157000 2.250416
v -2.455701 -0.157000 1.994339
v -2.462756 -0.157000 2.017229
v -2.750000 -0.157000 2.500000
v -2.750000 -0.157000 2.500000
v -2.462756 -0.157000 2.017229
v -2.467038 -0.157000 2.040818
vn 0.9982 0.0000 -0.0596
vn 0.9982 0.0000 0.0597
vn 0.9839 0.0000 0.1786
vn 0.9555 0.0000 0.2949
vn 0.9134 0.0000 0.4070
vn 0.8580 0.0000 0.5136
vn 0.7902 0.0000 0.6128
vn 0.7107 0.0000 0.7035
vn 0.6206 0.0000 0.7842
vn 0.5213 0.0000 0.8534
vn 0.4139 0.0000 0.9103
vn 0.3003 0.0000 0.9538
vn 0.1818 0.0000 0.9833
vn 0.0609 0.0000 0.9981
vn 0.0612 0.0000 0.9981
vn -0.0612 0.0000 0.9981
vn -0.1819 0.0000 0.9833
vn -0.3003 0.0000 0.9538
vn -0.4139 0.0000 0.9103
vn -0.5211 0.0000 0.8535
vn -0.6206 0.0000 0.7841
vn -0.7107 0.0000 0.7035
vn -0.7902 0.0000 0.6128
vn -0.8580 0.0000 0.5136
vn -0.9134 0.0000 0.4070
vn -0.9556 0.0000 0.2946
vn -0.9840 0.0000 0.1781
vn -0.9840 0.0000 0.1783
vn -0.9982 0.0000 0.0597
vn -0.9982 0.0000 -0.0596
vn -0.9839 0.0000 -0.1787
vn -0.9840 -0.0000 -0.1783
vn -0.9557 0.0000 -0.2945
vn -0.9135 -0.0000 -0.4068
vn -0.8581 0.0000 -0.5134
vn -0.8580 0.0000 -0.5137
vn -0.7902 0.0000 -0.6128
vn -0.7105 0.0000 -0.7037
vn -0.6212 0.0000 -0.7837
vn -0.5206 0.0000 -0.8538
vn -0.4142 0.0000 -0.9102
vn -0.2991 0.0000 -0.9542
vn -0.2995 -0.0000 -0.9541
vn -0.1822 -0.0000 -0.9833
vn -0.0618 0.0000 -0.9981
vn 0.0619 0.0000 -0.9981
vn 0.1820 -0.0000 -0.9833
vn 0.1821 -0.0000 -0.9833
vn 0.2991 0.0000 -0.9542
vn 0.2994 0.0000 -0.9541
vn 0.4142 0.0000 -0.9102
vn 0.5208 0.0000 -0.8537
vn 0.6212 0.0000 -0.7837
vn 0.7105 0.0000 -0.7037
vn 0.7902 0.0000 -0.6129
vn 0.7902 0.0000 -0.6128
vn 0.8581 0.0000 -0.5134
vn 0.8580 -0.0000 -0.5137
vn 0.9134 0.0000 -0.4071
vn 0.9136 0.0000 -0.4067
vn 0.9556 0.0000 -0.2948
vn 0.9839 0.0000 -0.1787
vn 0.0000 -1.0000 -0.0000
vn 0.9982 0.0000 -0.0597
vn 0.9982 0.0000 0.0596
vn 0.9839 0.0000 0.1787
vn 0.9555 0.0000 0.2950
vn 0.8581 0.0000 0.5134
vn 0.8580 0.0000 0.5137
vn 0.7105 0.0000 0.7037
vn 0.4136 0.0000 0.9104
vn 0.4140 -0.0000 0.9103
vn 0.3002 0.0000 0.9539
vn 0.1819 0.0000 0.9833
vn -0.0609 0.0000 0.9981
vn -0.1821 0.0000 0.9833
vn -0.3006 0.0000 0.9537
vn -0.3007 0.0000 0.9537
vn -0.4136 0.0000 0.9105
vn -0.5213 0.0000 0.8534
vn -0.5212 0.0000 0.8534
vn -0.8581 0.0000 0.5134
vn -0.9556 0.0000 0.2945
vn -0.9840 0.0000 0.1784
vn -0.9982 0.0000 0.0596
vn -0.9982 -0.0000 -0.0595
vn -0.9839 -0.0000 -0.1788
vn -0.9839 0.0000 -0.1786
vn -0.9556 -0.0000 -0.2945
vn -0.9134 0.0000 -0.4070
vn -0.8580 0.0000 -0.5136
vn -0.7107 0.0000 -0.7035
vn -0.6206 0.0000 -0.7841
vn -0.5212 0.0000 -0.8534
vn -0.5213 0.0000 -0.8534
vn -0.4139 0.0000 -0.9103
vn -0.3004 0.0000 -0.9538
vn -0.1818 0.0000 -0.9833
vn -0.1821 -0.0000 -0.9833
vn -0.0609 -0.0000 -0.9981
vn -0.0612 0.0000 -0.9981
vn 0.0608 -0.0000 -0.9981
vn 0.0612 0.0000 -0.9981
vn 0.1819 0.0000 -0.9833
vn 0.1824 -0.0000 -0.9832
vn 0.3004 0.0000 -0.9538
vn 0.4139 0.0000 -0.9103
vn 0.5213 0.0000 -0.8534
vn 0.6206 0.0000 -0.7842
vn 0.7108 0.0000 -0.7033
vn 0.8580 0.0000 -0.5136
vn 0.9134 0.0000 -0.4070
vn 0.9555 -0.0000 -0.2950
vn 0.9839 0.0000 -0.1786
vn 0.9556 0.0000 0.2947
vn 0.9135 0.0000 0.4069
vn 0.8579 0.0000 0.5137
vn 0.8581 0.0000 0.5135
vn 0.7903 0.0000 0.6128
vn 0.7106 0.0000 0.7036
vn 0.5212 0.0000 0.8534
vn 0.4141 0.0000 0.9102
vn 0.3007 0.0000 0.9537
vn 0.1822 0.0000 0.9833
vn -0.1822 0.0000 0.9833
vn -0.1818 0.0000 0.9833
vn -0.4141 0.0000 0.9103
vn -0.4142 0.0000 0.9102
vn -0.4141 0.0000 0.9102
vn -0.5209 0.0000 0.8536
vn -0.6206 0.0000 0.7842
vn -0.7902 0.0000 0.6129
vn -0.8580 0.0000 0.5137
vn -0.9556 0.0000 0.2947
vn -0.9839 0.0000 0.1785
vn -0.9839 0.0000 0.1784
vn -0.9982 0.0000 0.0599
vn -0.9982 0.0000 -0.0599
vn -0.9840 0.0000 -0.1784
vn -0.9556 0.0000 -0.2947
vn -0.7902 0.0000 -0.6129
vn -0.6206 0.0000 -0.7842
vn -0.0607 -0.0000 -0.9982
vn 0.0609 -0.0000 -0.9981
vn 0.1822 -0.0000 -0.9833
vn 0.1823 -0.0000 -0.9832
vn 0.5212 0.0000 -0.8534
vn 0.7106 0.0000 -0.7036
vn 0.7903 0.0000 -0.6128
vn 0.9135 0.0000 -0.4069
vn 0.9556 0.0000 -0.2947
vn 0.9556 0.0000 0.2948
vn 0.8581 0.0000 0.5136
vn 0.6206 0.0000 0.7841
vn 0.5212 0.0000 0.8535
vn 0.4138 0.0000 0.9103
vn 0.3004 0.0000 0.9538
vn 0.1820 -0.0000 0.9833
vn 0.0611 -0.0000 0.9981
vn -0.0610 -0.0000 0.9981
vn -0.0611 -0.0000 0.9981
vn -0.1820 -0.0000 0.9833
vn -0.3004 0.0000 0.9538
vn -0.4138 -0.0000 0.9103
vn -0.5210 0.0000 0.8536
vn -0.8581 0.0000 0.5136
vn -0.9555 -0.0000 0.2950
vn -0.9839 0.0000 0.1786
vn -0.9982 -0.0000 0.0600
vn -0.9982 -0.0000 -0.0600
vn -0.9840 -0.0000 -0.1782
vn -0.9555 -0.0000 -0.2948
vn -0.9555 0.0000 -0.2950
vn -0.8581 0.0000 -0.5135
vn -0.5210 0.0000 -0.8536
vn -0.4138 0.0000 -0.9103
vn -0.1820 0.0000 -0.9833
vn 0.4138 0.0000 -0.9103
vn 0.5212 0.0000 -0.8535
vn 0.6206 0.0000 -0.7841
vn 0.7107 0.0000 -0.7035
vn 0.8581 0.0000 -0.5135
vn -0.9839 0.0000 -0.1784
vn -0.9556 0.0000 -0.2946
vn -0.9134 0.0000 -0.4071
vn -0.8579 -0.0000 -0.5138
vn -0.5207 0.0000 -0.8537
vn -0.2996 -0.0000 -0.9541
vn -0.1819 -0.0000 -0.9833
vn 0.0618 0.0000 -0.9981
vn 0.5207 0.0000 -0.8537
vn 0.7104 0.0000 -0.7038
vn 0.8579 -0.0000 -0.5137
vn 0.9556 0.0000 0.2945
vn 0.0610 -0.0000 0.9981
vn -0.5212 0.0000 0.8535
vn -0.9556 0.0000 0.2948
vn -0.9839 0.0000 -0.1789
vn -0.9556 0.0000 -0.2948
vn -0.5212 0.0000 -0.8535
vn 0.9556 -0.0000 -0.2945
vn 0.9556 0.0000 0.2946
vn 0.5208 0.0000 0.8537
vn 0.3006 0.0000 0.9537
vn 0.1821 0.0000 0.9833
vn -0.9555 0.0000 0.2949
vn -0.9840 0.0000 0.1782
vn -0.9839 0.0000 0.1787
vn -0.9982 0.0000 -0.0597
vn -0.9840 -0.0000 -0.1781
vn -0.5211 0.0000 -0.8535
vn -0.0608 -0.0000 -0.9981
vn 0.0607 -0.0000 -0.9982
vn 0.1818 0.0000 -0.9833
vn 0.9556 -0.0000 -0.2946
vn 0.5211 -0.0000 0.8535
vn 0.5211 0.0000 -0.8535
vn 0.8581 0.0000 -0.5136
vn -0.1823 0.0000 0.9832
vn -0.5208 0.0000 -0.8537
vn -0.1825 0.0000 -0.9832
vn -0.0619 0.0000 -0.9981
vn 0.2995 -0.0000 -0.9541
vn 0.7103 0.0000 -0.7038
vn 0.9135 0.0000 -0.4068
vn 0.9557 0.0000 -0.2945
vn 0.0000 0.0000 1.0000
vn 0.5269 0.0000 -0.8499
vn -0.5269 0.0000 -0.8499
vn 0.0000 1.0000 0.0000
vn 0.6702 0.0000 0.7422
vn -0.6702 0.0000 -0.7422
vn -1.0000 0.0000 0.0000
vn -0.6702 0.0000 0.7422
vn 0.6702 0.0000 -0.7422
vn 0.0000 0.0000 -1.0000
vn -0.7535 -0.0013 0.6574
vn -0.7509 -0.0000 0.6605
vn -0.7477 0.0015 0.6640
vn -0.7312 -0.0002 0.6821
vn -0.7222 0.0003 0.6917
vn -0.7133 0.0018 0.7008
vn -0.7106 0.0027 0.7036
vn -0.6999 0.0000 0.7142
vn -0.6894 -0.0023 0.7244
vn -0.6716 0.0024 0.7409
vn -0.6494 -0.0023 0.7605
vn -0.6303 0.0023 0.7764
vn -0.6075 -0.0023 0.7943
vn -0.5873 0.0024 0.8094
vn -0.5638 -0.0023 0.8259
vn -0.5425 0.0024 0.8400
vn -0.5183 -0.0024 0.8552
vn -0.4959 0.0024 0.8684
vn -0.4712 -0.0024 0.8820
vn -0.4479 0.0024 0.8941
vn -0.4228 -0.0024 0.9062
vn -0.3985 0.0023 0.9172
vn -0.3732 -0.0024 0.9278
vn -0.3479 0.0024 0.9375
vn -0.3223 -0.0023 0.9466
vn -0.2962 0.0024 0.9551
vn -0.2704 -0.0023 0.9628
vn -0.2437 0.0024 0.9698
vn -0.2178 -0.0024 0.9760
vn -0.1903 0.0024 0.9817
vn -0.1643 -0.0024 0.9864
vn -0.1363 0.0023 0.9907
vn -0.1104 -0.0023 0.9939
vn -0.0820 0.0024 0.9966
vn -0.0563 -0.0023 0.9984
vn -0.0273 0.0024 0.9996
vn -0.0019 -0.0024 1.0000
vn 0.0273 0.0024 0.9996
vn 0.0523 -0.0023 0.9986
vn 0.0820 0.0024 0.9966
vn 0.1065 -0.0023 0.9943
vn 0.1363 0.0023 0.9907
vn 0.1604 -0.0023 0.9871
vn 0.1903 0.0023 0.9817
vn 0.2137 -0.0023 0.9769
vn 0.2437 0.0023 0.9698
vn 0.2664 -0.0023 0.9639
vn 0.2962 0.0023 0.9551
vn 0.3183 -0.0023 0.9480
vn 0.3480 0.0023 0.9375
vn 0.3692 -0.0023 0.9293
vn 0.3985 0.0023 0.9172
vn 0.4191 -0.0023 0.9079
vn 0.4479 0.0023 0.8941
vn 0.4676 -0.0023 0.8840
vn 0.4960 0.0023 0.8683
vn 0.5147 -0.0022 0.8574
vn 0.5425 0.0023 0.8400
vn 0.5604 -0.0022 0.8282
vn 0.5873 0.0023 0.8094
vn 0.6042 -0.0022 0.7968
vn 0.6303 0.0022 0.7763
vn 0.6462 -0.0022 0.7631
vn 0.6715 0.0022 0.7410
vn 0.6865 -0.0022 0.7271
vn 0.7106 0.0022 0.7036
vn 0.7246 -0.0022 0.6892
vn 0.7477 0.0022 0.6640
vn 0.7606 -0.0022 0.6493
vn 0.7825 0.0022 0.6226
vn 0.7944 -0.0021 0.6074
vn 0.8150 0.0022 0.5795
vn 0.8258 -0.0021 0.5640
vn 0.8450 0.0021 0.5347
vn 0.8548 -0.0021 0.5189
vn 0.8726 0.0021 0.4884
vn 0.8813 -0.0021 0.4725
vn 0.8977 0.0021 0.4407
vn 0.9054 -0.0021 0.4245
vn 0.9200 0.0021 0.3918
vn 0.9268 -0.0020 0.3757
vn 0.9398 0.0021 0.3418
vn 0.9455 -0.0020 0.3256
vn 0.9568 0.0020 0.2908
vn 0.9615 -0.0020 0.2747
vn 0.9710 0.0020 0.2391
vn 0.9748 -0.0020 0.2230
vn 0.9824 0.0020 0.1866
vn 0.9853 -0.0020 0.1708
vn 0.9910 0.0020 0.1336
vn 0.9930 -0.0019 0.1180
vn 0.9968 0.0019 0.0804
vn 0.9979 -0.0019 0.0650
vn 0.9996 0.0019 0.0268
vn 0.9999 -0.0019 0.0116
vn 0.9996 0.0019 -0.0268
vn 0.9991 -0.0019 -0.0416
vn 0.9968 0.0019 -0.0804
vn 0.9955 -0.0018 -0.0947
vn 0.9910 0.0018 -0.1337
vn 0.9890 -0.0018 -0.1477
vn 0.9824 0.0018 -0.1866
vn 0.9798 -0.0018 -0.2001
vn 0.9710 0.0018 -0.2391
vn 0.9677 -0.0017 -0.2521
vn 0.9568 0.0018 -0.2908
vn 0.9529 -0.0017 -0.3034
vn 0.9398 0.0017 -0.3418
vn 0.9353 -0.0017 -0.3538
vn 0.9201 0.0017 -0.3918
vn 0.9151 -0.0017 -0.4033
vn 0.8976 0.0017 -0.4407
vn 0.8922 -0.0016 -0.4516
vn 0.8726 0.0016 -0.4884
vn 0.8668 -0.0016 -0.4987
vn 0.8450 0.0016 -0.5347
vn 0.8388 -0.0016 -0.5445
vn 0.8150 0.0016 -0.5795
vn 0.8085 -0.0015 -0.5885
vn 0.7825 0.0015 -0.6227
vn 0.7757 -0.0015 -0.6311
vn 0.7477 0.0015 -0.6640
vn 0.7406 -0.0015 -0.6719
vn 0.7107 0.0015 -0.7035
vn 0.7035 -0.0014 -0.7107
vn 0.6715 0.0014 -0.7410
vn 0.6641 -0.0014 -0.7476
vn 0.6304 0.0014 -0.7763
vn 0.6229 -0.0013 -0.7823
vn 0.5873 0.0014 -0.8094
vn 0.5797 -0.0013 -0.8148
vn 0.5424 0.0013 -0.8401
vn 0.5349 -0.0013 -0.8449
vn 0.4959 0.0013 -0.8684
vn 0.4885 -0.0012 -0.8726
vn 0.4479 0.0013 -0.8941
vn 0.4405 -0.0012 -0.8977
vn 0.3986 0.0012 -0.9171
vn 0.3913 -0.0011 -0.9203
vn 0.3480 0.0012 -0.9375
vn 0.3408 -0.0011 -0.9401
vn 0.2962 0.0011 -0.9551
vn 0.2893 -0.0011 -0.9572
vn 0.2437 0.0011 -0.9699
vn 0.2370 -0.0010 -0.9715
vn 0.1902 0.0010 -0.9817
vn 0.1837 -0.0010 -0.9830
vn 0.1364 0.0010 -0.9907
vn 0.1301 -0.0010 -0.9915
vn 0.0819 0.0009 -0.9966
vn 0.0761 -0.0009 -0.9971
vn 0.0273 0.0009 -0.9996
vn 0.0218 -0.0008 -0.9998
vn -0.0273 0.0009 -0.9996
vn -0.0326 -0.0008 -0.9995
vn -0.0819 0.0008 -0.9966
vn -0.0868 -0.0008 -0.9962
vn -0.1364 0.0007 -0.9907
vn -0.1408 -0.0007 -0.9900
vn -0.1902 0.0007 -0.9817
vn -0.1945 -0.0007 -0.9809
vn -0.2437 0.0006 -0.9699
vn -0.2474 -0.0006 -0.9689
vn -0.2963 0.0006 -0.9551
vn -0.2996 -0.0005 -0.9541
vn -0.3479 0.0006 -0.9375
vn -0.3510 -0.0005 -0.9364
vn -0.3986 0.0005 -0.9171
vn -0.4012 -0.0004 -0.9160
vn -0.4479 0.0005 -0.8941
vn -0.4502 -0.0004 -0.8930
vn -0.4959 0.0004 -0.8684
vn -0.4978 -0.0003 -0.8673
vn -0.5424 0.0003 -0.8401
vn -0.5440 -0.0003 -0.8391
vn -0.5873 0.0003 -0.8093
vn -0.5885 -0.0002 -0.8085
vn -0.6303 0.0002 -0.7764
vn -0.6313 -0.0002 -0.7756
vn -0.6716 0.0002 -0.7409
vn -0.6721 -0.0001 -0.7405
vn -0.7107 0.0001 -0.7035
vn -0.7110 -0.0000 -0.7032
vn -0.7477 0.0001 -0.6641
vn -0.7478 0.0000 -0.6639
vn -0.7824 -0.0000 -0.6227
vn -0.7825 0.0001 -0.6226
vn -0.8146 -0.0001 -0.5800
vn -0.8150 0.0001 -0.5795
vn -0.8446 -0.0001 -0.5354
vn -0.8450 0.0002 -0.5348
vn -0.8720 -0.0002 -0.4894
vn -0.8727 0.0002 -0.4883
vn -0.8970 -0.0002 -0.4420
vn -0.8977 0.0003 -0.4407
vn -0.9193 -0.0003 -0.3936
vn -0.9200 0.0004 -0.3918
vn -0.9390 -0.0003 -0.3438
vn -0.9398 0.0004 -0.3418
vn -0.9560 -0.0004 -0.2933
vn -0.9568 0.0005 -0.2908
vn -0.9703 -0.0004 -0.2418
vn -0.9710 0.0005 -0.2390
vn -0.9818 -0.0005 -0.1897
vn -0.9824 0.0006 -0.1866
vn -0.9905 -0.0005 -0.1372
vn -0.9910 0.0006 -0.1338
vn -0.9964 -0.0006 -0.0843
vn -0.9968 0.0007 -0.0803
vn -0.9995 -0.0006 -0.0310
vn -0.9996 0.0007 -0.0268
vn -0.9997 -0.0007 0.0224
vn -0.9996 0.0007 0.0268
vn -0.9971 -0.0007 0.0757
vn -0.9968 0.0008 0.0803
vn -0.9917 -0.0008 0.1286
vn -0.9910 0.0009 0.1338
vn -0.9834 -0.0008 0.1812
vn -0.9824 0.0009 0.1866
vn -0.9724 -0.0009 0.2334
vn -0.9710 0.0009 0.2390
vn -0.9586 -0.0009 0.2848
vn -0.9568 0.0010 0.2908
vn -0.9420 -0.0009 0.3357
vn -0.9398 0.0010 0.3418
vn -0.9228 -0.0010 0.3854
vn -0.9200 0.0011 0.3919
vn -0.9008 -0.0010 0.4342
vn -0.8977 0.0012 0.4407
vn -0.8763 -0.0011 0.4818
vn -0.8727 0.0011 0.4883
vn -0.8492 -0.0012 0.5280
vn -0.8450 0.0012 0.5348
vn -0.8197 -0.0012 0.5728
vn -0.8150 0.0013 0.5795
vn -0.7878 -0.0012 0.6159
vn -0.7826 0.0013 0.6226
vn -0.7191 -0.0016 -0.6950
vn -0.7332 0.0000 -0.6800
vn -0.7418 0.0011 -0.6706
vn -0.7476 0.0027 -0.6641
vn -0.7506 0.0017 -0.6607
vn -0.7589 0.0002 -0.6512
vn -0.7637 -0.0000 -0.6456
vn -0.7802 -0.0006 -0.6255
vn -0.7826 0.0006 -0.6226
vn -0.8128 -0.0006 -0.5826
vn -0.8150 0.0006 -0.5795
vn -0.8428 -0.0007 -0.5383
vn -0.8450 0.0007 -0.5348
vn -0.8704 -0.0007 -0.4924
vn -0.8727 0.0008 -0.4883
vn -0.8955 -0.0007 -0.4450
vn -0.8977 0.0008 -0.4407
vn -0.9180 -0.0008 -0.3966
vn -0.9200 0.0009 -0.3918
vn -0.9379 -0.0008 -0.3469
vn -0.9398 0.0009 -0.3418
vn -0.9551 -0.0009 -0.2964
vn -0.9568 0.0009 -0.2908
vn -0.9695 -0.0009 -0.2450
vn -0.9710 0.0010 -0.2390
vn -0.9812 -0.0009 -0.1931
vn -0.9824 0.0011 -0.1866
vn -0.9901 -0.0010 -0.1403
vn -0.9910 0.0010 -0.1338
vn -0.9962 -0.0011 -0.0876
vn -0.9968 0.0011 -0.0803
vn -0.9994 -0.0011 -0.0342
vn -0.9996 0.0011 -0.0268
vn -0.9998 -0.0012 0.0189
vn -0.9996 0.0012 0.0268
vn -0.9974 -0.0012 0.0722
vn -0.9968 0.0012 0.0803
vn -0.9921 -0.0013 0.1253
vn -0.9910 0.0013 0.1338
vn -0.9841 -0.0013 0.1778
vn -0.9824 0.0014 0.1866
vn -0.9732 -0.0013 0.2302
vn -0.9710 0.0014 0.2390
vn -0.9595 -0.0013 0.2817
vn -0.9568 0.0014 0.2908
vn -0.9431 -0.0014 0.3326
vn -0.9398 0.0014 0.3418
vn -0.9240 -0.0014 0.3824
vn -0.9200 0.0015 0.3918
vn -0.9023 -0.0014 0.4312
vn -0.8977 0.0015 0.4407
vn -0.8779 -0.0015 0.4788
vn -0.8727 0.0016 0.4883
vn -0.8509 -0.0015 0.5253
vn -0.8450 0.0016 0.5348
vn -0.8217 -0.0016 0.5700
vn -0.8150 0.0016 0.5795
vn -0.7899 -0.0016 0.6133
vn -0.7825 0.0016 0.6226
vn -0.7558 -0.0016 0.6548
vn -0.7477 0.0017 0.6641
vn -0.7195 -0.0017 0.6945
vn -0.7106 0.0017 0.7036
vn -0.6810 -0.0017 0.7323
vn -0.6716 0.0017 0.7409
vn -0.6407 -0.0017 0.7678
vn -0.6303 0.0018 0.7764
vn -0.5983 -0.0017 0.8013
vn -0.5873 0.0018 0.8093
vn -0.5541 -0.0018 0.8324
vn -0.5424 0.0018 0.8401
vn -0.5084 -0.0018 0.8611
vn -0.4959 0.0019 0.8684
vn -0.4611 -0.0018 0.8873
vn -0.4480 0.0019 0.8940
vn -0.4123 -0.0019 0.9111
vn -0.3986 0.0019 0.9171
vn -0.3624 -0.0019 0.9320
vn -0.3479 0.0019 0.9375
vn -0.3114 -0.0019 0.9503
vn -0.2962 0.0020 0.9551
vn -0.2592 -0.0019 0.9658
vn -0.2437 0.0020 0.9699
vn -0.2065 -0.0020 0.9784
vn -0.1903 0.0020 0.9817
vn -0.1530 -0.0020 0.9882
vn -0.1363 0.0020 0.9907
vn -0.0991 -0.0020 0.9951
vn -0.0819 0.0021 0.9966
vn -0.0448 -0.0020 0.9990
vn -0.0274 0.0021 0.9996
vn 0.0095 -0.0021 1.0000
vn 0.0274 0.0021 0.9996
vn 0.0638 -0.0021 0.9980
vn 0.0819 0.0021 0.9966
vn 0.1180 -0.0021 0.9930
vn 0.1363 0.0021 0.9907
vn 0.1718 -0.0021 0.9851
vn 0.1903 0.0021 0.9817
vn 0.2250 -0.0022 0.9744
vn 0.2437 0.0022 0.9699
vn 0.2775 -0.0022 0.9607
vn 0.2962 0.0022 0.9551
vn 0.3293 -0.0022 0.9442
vn 0.3480 0.0022 0.9375
vn 0.3799 -0.0022 0.9250
vn 0.3985 0.0022 0.9172
vn 0.4295 -0.0022 0.9030
vn 0.4480 0.0022 0.8940
vn 0.4777 -0.0022 0.8785
vn 0.4959 0.0023 0.8684
vn 0.5246 -0.0022 0.8514
vn 0.5424 0.0023 0.8401
vn 0.5698 -0.0022 0.8218
vn 0.6133 -0.0022 0.7898
vn 0.6304 0.0023 0.7763
vn 0.6550 -0.0022 0.7556
vn 0.6715 0.0023 0.7410
vn 0.6947 -0.0023 0.7192
vn 0.7106 0.0023 0.7036
vn 0.7325 -0.0023 0.6808
vn 0.7477 0.0023 0.6640
vn 0.7680 -0.0023 0.6405
vn 0.7825 0.0023 0.6227
vn 0.8012 -0.0023 0.5983
vn 0.8150 0.0023 0.5795
vn 0.8322 -0.0023 0.5545
vn 0.8450 0.0023 0.5347
vn 0.8607 -0.0023 0.5092
vn 0.8726 0.0023 0.4884
vn 0.8867 -0.0023 0.4623
vn 0.8976 0.0023 0.4407
vn 0.9102 -0.0023 0.4143
vn 0.9201 0.0024 0.3918
vn 0.9310 -0.0023 0.3650
vn 0.9398 0.0023 0.3418
vn 0.9492 -0.0023 0.3148
vn 0.9568 0.0023 0.2908
vn 0.9646 -0.0023 0.2638
vn 0.9710 0.0024 0.2391
vn 0.9773 -0.0023 0.2119
vn 0.9824 0.0024 0.1866
vn 0.9872 -0.0023 0.1595
vn 0.9910 0.0024 0.1336
vn 0.9943 -0.0023 0.1067
vn 0.9968 0.0023 0.0804
vn 0.9986 -0.0023 0.0536
vn 0.9996 0.0023 0.0268
vn 1.0000 -0.0023 0.0004
vn 0.9996 0.0023 -0.0268
vn 0.9986 -0.0023 -0.0529
vn 0.9968 0.0023 -0.0804
vn 0.9944 -0.0023 -0.1061
vn 0.9910 0.0023 -0.1337
vn 0.9873 -0.0023 -0.1589
vn 0.9824 0.0024 -0.1866
vn 0.9774 -0.0023 -0.2113
vn 0.9710 0.0024 -0.2391
vn 0.9648 -0.0023 -0.2631
vn 0.9568 0.0023 -0.2908
vn 0.9494 -0.0023 -0.3142
vn 0.9398 0.0023 -0.3418
vn 0.9312 -0.0023 -0.3644
vn 0.9201 0.0023 -0.3918
vn 0.9104 -0.0023 -0.4137
vn 0.8977 0.0023 -0.4407
vn 0.8870 -0.0023 -0.4618
vn 0.8726 0.0023 -0.4884
vn 0.8610 -0.0023 -0.5086
vn 0.8450 0.0023 -0.5347
vn 0.8326 -0.0023 -0.5539
vn 0.8150 0.0023 -0.5795
vn 0.8016 -0.0023 -0.5979
vn 0.7825 0.0023 -0.6226
vn 0.7684 -0.0023 -0.6399
vn 0.7477 0.0023 -0.6641
vn 0.7329 -0.0023 -0.6803
vn 0.7107 0.0023 -0.7035
vn 0.6952 -0.0023 -0.7188
vn 0.6715 0.0023 -0.7410
vn 0.6556 -0.0022 -0.7551
vn 0.6303 0.0023 -0.7763
vn 0.6138 -0.0022 -0.7895
vn 0.5873 0.0022 -0.8094
vn 0.5704 -0.0022 -0.8214
vn 0.5424 0.0022 -0.8401
vn 0.5252 -0.0022 -0.8510
vn 0.4960 0.0022 -0.8683
vn 0.4783 -0.0022 -0.8782
vn 0.4479 0.0022 -0.8941
vn 0.4302 -0.0021 -0.9027
vn 0.3986 0.0022 -0.9171
vn 0.3806 -0.0021 -0.9248
vn 0.3480 0.0022 -0.9375
vn 0.3300 -0.0021 -0.9440
vn 0.2962 0.0022 -0.9551
vn 0.2782 -0.0021 -0.9605
vn 0.2437 0.0022 -0.9698
vn 0.2255 -0.0021 -0.9742
vn 0.1902 0.0021 -0.9817
vn 0.1724 -0.0021 -0.9850
vn 0.1364 0.0021 -0.9906
vn 0.1187 -0.0021 -0.9929
vn 0.0820 0.0021 -0.9966
vn 0.0645 -0.0021 -0.9979
vn 0.0273 0.0020 -0.9996
vn 0.0102 -0.0020 -0.9999
vn -0.0273 0.0020 -0.9996
vn -0.0442 -0.0020 -0.9990
vn -0.0820 0.0020 -0.9966
vn -0.0984 -0.0020 -0.9951
vn -0.1365 0.0020 -0.9906
vn -0.1524 -0.0019 -0.9883
vn -0.1902 0.0020 -0.9818
vn -0.2057 -0.0019 -0.9786
vn -0.2437 0.0020 -0.9698
vn -0.2587 -0.0019 -0.9660
vn -0.2962 0.0019 -0.9551
vn -0.3107 -0.0019 -0.9505
vn -0.3479 0.0019 -0.9375
vn -0.3616 -0.0018 -0.9323
vn -0.3986 0.0019 -0.9171
vn -0.4117 -0.0018 -0.9113
vn -0.4479 0.0019 -0.8941
vn -0.4604 -0.0018 -0.8877
vn -0.4959 0.0018 -0.8684
vn -0.5079 -0.0017 -0.8614
vn -0.5424 0.0018 -0.8401
vn -0.5536 -0.0017 -0.8328
vn -0.5873 0.0017 -0.8094
vn -0.5978 -0.0017 -0.8017
vn -0.6303 0.0017 -0.7764
vn -0.6402 -0.0017 -0.7682
vn -0.6716 0.0016 -0.7409
vn -0.6805 -0.0016 -0.7327
vn -0.7107 0.0017 -0.7035
vn 0.6496 -0.0024 0.7603
vn 0.6604 -0.0000 0.7509
vn 0.6715 0.0026 0.7410
vn 0.6744 0.0018 0.7383
vn 0.6840 0.0002 0.7295
vn 0.6938 -0.0001 0.7201
vn 0.7106 0.0016 0.7036
vn 0.7140 0.0000 0.7002
vn 0.7173 -0.0014 0.6967
vn 0.7478 0.0013 0.6640
vn 0.7538 -0.0013 0.6571
vn 0.7825 0.0013 0.6226
vn 0.7880 -0.0013 0.6156
vn 0.8150 0.0013 0.5794
vn 0.8199 -0.0012 0.5725
vn 0.8450 0.0012 0.5348
vn 0.8494 -0.0012 0.5277
vn 0.8726 0.0012 0.4884
vn 0.8764 -0.0012 0.4816
vn 0.8977 0.0011 0.4407
vn 0.9009 -0.0011 0.4341
vn 0.9201 0.0011 0.3918
vn 0.9229 -0.0011 0.3851
vn 0.9398 0.0011 0.3418
vn 0.9421 -0.0010 0.3354
vn 0.9568 0.0011 0.2908
vn 0.9587 -0.0010 0.2845
vn 0.9710 0.0010 0.2391
vn 0.9724 -0.0009 0.2331
vn 0.9824 0.0009 0.1866
vn 0.9835 -0.0009 0.1809
vn 0.9910 0.0009 0.1336
vn 0.9918 -0.0009 0.1281
vn 0.9968 0.0008 0.0803
vn 0.9972 -0.0008 0.0752
vn 0.9996 0.0008 0.0268
vn 0.9998 -0.0007 0.0221
vn 0.9996 0.0008 -0.0268
vn 0.9995 -0.0007 -0.0312
vn 0.9968 0.0007 -0.0803
vn 0.9964 -0.0007 -0.0846
vn 0.9910 0.0006 -0.1336
vn 0.9905 -0.0006 -0.1373
vn 0.9824 0.0006 -0.1866
vn 0.9818 -0.0006 -0.1901
vn 0.9710 0.0005 -0.2391
vn 0.9703 -0.0005 -0.2421
vn 0.9568 0.0005 -0.2908
vn 0.9560 -0.0004 -0.2935
vn 0.9398 0.0005 -0.3418
vn 0.9389 -0.0004 -0.3441
vn 0.9201 0.0004 -0.3917
vn 0.9192 -0.0003 -0.3937
vn 0.8977 0.0003 -0.4407
vn 0.8969 -0.0003 -0.4423
vn 0.8726 0.0003 -0.4884
vn 0.8719 -0.0002 -0.4898
vn 0.8450 0.0002 -0.5348
vn 0.8444 -0.0002 -0.5357
vn 0.8150 0.0002 -0.5794
vn 0.8145 -0.0001 -0.5801
vn 0.7825 0.0001 -0.6227
vn 0.7822 -0.0001 -0.6230
vn 0.7477 0.0000 -0.6640
vn 0.7479 0.0002 -0.6638
vn 0.7476 -0.0000 -0.6641
vn 0.7108 -0.0000 -0.7034
vn 0.7107 0.0001 -0.7035
vn 0.6719 -0.0001 -0.7406
vn 0.6715 0.0001 -0.7410
vn 0.6310 -0.0001 -0.7758
vn 0.6303 0.0002 -0.7764
vn 0.5883 -0.0002 -0.8086
vn 0.5873 0.0002 -0.8093
vn 0.5438 -0.0002 -0.8392
vn 0.5424 0.0003 -0.8401
vn 0.4976 -0.0003 -0.8674
vn 0.4959 0.0004 -0.8684
vn 0.4500 -0.0003 -0.8930
vn 0.4479 0.0004 -0.8941
vn 0.4009 -0.0004 -0.9161
vn 0.3986 0.0005 -0.9171
vn 0.3507 -0.0004 -0.9365
vn 0.3480 0.0005 -0.9375
vn 0.2994 -0.0005 -0.9541
vn 0.2962 0.0006 -0.9551
vn 0.2472 -0.0006 -0.9690
vn 0.2437 0.0006 -0.9699
vn 0.1941 -0.0006 -0.9810
vn 0.1902 0.0007 -0.9817
vn 0.1406 -0.0007 -0.9901
vn 0.1364 0.0007 -0.9907
vn 0.0866 -0.0007 -0.9962
vn 0.0819 0.0008 -0.9966
vn 0.0323 -0.0008 -0.9995
vn 0.0273 0.0008 -0.9996
vn -0.0220 -0.0008 -0.9998
vn -0.0763 -0.0008 -0.9971
vn -0.0819 0.0009 -0.9966
vn -0.1304 -0.0009 -0.9915
vn -0.1364 0.0010 -0.9907
vn -0.1841 -0.0009 -0.9829
vn -0.1902 0.0010 -0.9817
vn -0.2372 -0.0010 -0.9715
vn -0.2437 0.0010 -0.9699
vn -0.2895 -0.0010 -0.9572
vn -0.2963 0.0011 -0.9551
vn -0.3410 -0.0011 -0.9401
vn -0.3479 0.0011 -0.9375
vn -0.3915 -0.0011 -0.9202
vn -0.3986 0.0012 -0.9171
vn -0.4407 -0.0012 -0.8977
vn -0.4479 0.0012 -0.8941
vn -0.4887 -0.0012 -0.8725
vn -0.4959 0.0013 -0.8684
vn -0.5351 -0.0012 -0.8448
vn -0.5424 0.0013 -0.8401
vn -0.5800 -0.0013 -0.8146
vn -0.5873 0.0013 -0.8094
vn -0.6231 -0.0013 -0.7822
vn -0.6303 0.0014 -0.7763
vn -0.6644 -0.0014 -0.7474
vn -0.6715 0.0014 -0.7410
vn -0.7036 -0.0014 -0.7106
vn -0.7107 0.0015 -0.7035
vn -0.7408 -0.0014 -0.6717
vn -0.7477 0.0015 -0.6640
vn -0.7758 -0.0015 -0.6310
vn -0.7825 0.0015 -0.6227
vn -0.8086 -0.0015 -0.5884
vn -0.8150 0.0015 -0.5795
vn -0.8389 -0.0015 -0.5442
vn -0.8450 0.0016 -0.5347
vn -0.8669 -0.0016 -0.4985
vn -0.8726 0.0016 -0.4884
vn -0.8923 -0.0016 -0.4514
vn -0.8977 0.0017 -0.4407
vn -0.9152 -0.0016 -0.4030
vn -0.9200 0.0017 -0.3918
vn -0.9354 -0.0017 -0.3536
vn -0.9398 0.0017 -0.3417
vn -0.9529 -0.0017 -0.3032
vn -0.9568 0.0017 -0.2908
vn -0.9677 -0.0017 -0.2519
vn -0.9710 0.0018 -0.2390
vn -0.9798 -0.0017 -0.1999
vn -0.9824 0.0018 -0.1866
vn -0.9891 -0.0018 -0.1474
vn -0.9910 0.0018 -0.1337
vn -0.9955 -0.0018 -0.0945
vn -0.9968 0.0019 -0.0803
vn -0.9991 -0.0018 -0.0414
vn -0.9996 0.0019 -0.0268
vn -0.9999 -0.0019 0.0119
vn -0.9996 0.0019 0.0268
vn -0.9979 -0.0019 0.0651
vn -0.9968 0.0019 0.0803
vn -0.9930 -0.0019 0.1183
vn -0.9910 0.0019 0.1337
vn -0.9853 -0.0019 0.1709
vn -0.9824 0.0020 0.1866
vn -0.9748 -0.0020 0.2232
vn -0.9710 0.0020 0.2390
vn -0.9615 -0.0020 0.2749
vn -0.9568 0.0020 0.2909
vn -0.9454 -0.0020 0.3258
vn -0.9398 0.0021 0.3417
vn -0.9267 -0.0020 0.3758
vn -0.9200 0.0021 0.3919
vn -0.9053 -0.0020 0.4248
vn -0.8977 0.0021 0.4407
vn -0.8813 -0.0021 0.4726
vn -0.8726 0.0021 0.4884
vn -0.8547 -0.0021 0.5191
vn -0.8450 0.0021 0.5347
vn -0.8257 -0.0021 0.5641
vn -0.8150 0.0022 0.5795
vn -0.7942 -0.0021 0.6076
vn -0.7825 0.0022 0.6226
vn -0.7604 -0.0022 0.6494
vn -0.7477 0.0022 0.6640
vn -0.7245 -0.0022 0.6893
vn -0.7106 0.0022 0.7036
vn -0.6863 -0.0022 0.7273
vn -0.6716 0.0022 0.7409
vn -0.6462 -0.0022 0.7632
vn -0.6303 0.0022 0.7764
vn -0.6041 -0.0022 0.7969
vn -0.5873 0.0023 0.8094
vn -0.5601 -0.0022 0.8284
vn -0.5425 0.0023 0.8400
vn -0.5146 -0.0023 0.8575
vn -0.4959 0.0023 0.8683
vn -0.4675 -0.0023 0.8840
vn -0.4479 0.0023 0.8941
vn -0.4189 -0.0023 0.9080
vn -0.3692 -0.0023 0.9294
vn -0.3480 0.0023 0.9375
vn -0.3181 -0.0023 0.9481
vn -0.2962 0.0023 0.9551
vn -0.2663 -0.0023 0.9639
vn -0.2437 0.0023 0.9698
vn -0.2135 -0.0023 0.9769
vn -0.1903 0.0023 0.9817
vn -0.1601 -0.0023 0.9871
vn -0.1063 -0.0023 0.9943
vn -0.0521 -0.0023 0.9986
vn 0.0022 -0.0023 1.0000
vn 0.0566 -0.0023 0.9984
vn 0.1108 -0.0023 0.9938
vn 0.1648 -0.0023 0.9863
vn 0.1903 0.0024 0.9817
vn 0.2180 -0.0023 0.9760
vn 0.2437 0.0024 0.9698
vn 0.2706 -0.0023 0.9627
vn 0.2962 0.0024 0.9551
vn 0.3224 -0.0024 0.9466
vn 0.3480 0.0024 0.9375
vn 0.3732 -0.0023 0.9278
vn 0.3985 0.0024 0.9172
vn 0.4231 -0.0023 0.9061
vn 0.4479 0.0024 0.8941
vn 0.4713 -0.0024 0.8820
vn 0.4959 0.0024 0.8684
vn 0.5181 -0.0023 0.8553
vn 0.5638 -0.0023 0.8259
vn 0.5873 0.0024 0.8094
vn 0.6076 -0.0023 0.7942
vn 0.6303 0.0024 0.7764
vn 0.7458 -0.0005 -0.6662
vn 0.7280 -0.0000 -0.6856
vn 0.7231 0.0001 -0.6908
vn 0.7142 0.0016 -0.6999
vn 0.7107 0.0027 -0.7035
vn 0.7050 0.0012 -0.7092
vn 0.6958 -0.0000 -0.7183
vn 0.6808 -0.0017 -0.7325
vn 0.6715 0.0017 -0.7410
vn 0.6404 -0.0017 -0.7680
vn 0.6303 0.0017 -0.7764
vn 0.5980 -0.0017 -0.8015
vn 0.5873 0.0018 -0.8094
vn 0.5539 -0.0018 -0.8326
vn 0.5424 0.0018 -0.8401
vn 0.5080 -0.0018 -0.8613
vn 0.4959 0.0018 -0.8684
vn 0.4607 -0.0018 -0.8876
vn 0.4479 0.0019 -0.8941
vn 0.4120 -0.0018 -0.9112
vn 0.3986 0.0019 -0.9171
vn 0.3621 -0.0019 -0.9321
vn 0.3480 0.0019 -0.9375
vn 0.3109 -0.0019 -0.9504
vn 0.2962 0.0019 -0.9551
vn 0.2590 -0.0019 -0.9659
vn 0.2437 0.0020 -0.9698
vn 0.2061 -0.0020 -0.9785
vn 0.1902 0.0020 -0.9817
vn 0.1526 -0.0019 -0.9883
vn 0.1365 0.0020 -0.9906
vn 0.0987 -0.0020 -0.9951
vn 0.0820 0.0020 -0.9966
vn 0.0445 -0.0020 -0.9990
vn -0.0098 -0.0020 -0.9999
vn -0.0273 0.0021 -0.9996
vn -0.0642 -0.0021 -0.9979
vn -0.0820 0.0021 -0.9966
vn -0.1184 -0.0021 -0.9930
vn -0.1364 0.0021 -0.9906
vn -0.1720 -0.0021 -0.9851
vn -0.1902 0.0022 -0.9817
vn -0.2254 -0.0021 -0.9743
vn -0.2437 0.0022 -0.9698
vn -0.2779 -0.0021 -0.9606
vn -0.2962 0.0022 -0.9551
vn -0.3296 -0.0021 -0.9441
vn -0.3479 0.0022 -0.9375
vn -0.3803 -0.0021 -0.9249
vn -0.3986 0.0022 -0.9171
vn -0.4299 -0.0021 -0.9029
vn -0.4479 0.0022 -0.8941
vn -0.4780 -0.0022 -0.8784
vn -0.4960 0.0023 -0.8683
vn -0.5249 -0.0022 -0.8512
vn -0.5424 0.0023 -0.8401
vn -0.5701 -0.0022 -0.8216
vn -0.5873 0.0023 -0.8094
vn -0.6136 -0.0022 -0.7896
vn -0.6303 0.0023 -0.7763
vn -0.6553 -0.0023 -0.7554
vn -0.6716 0.0023 -0.7409
vn -0.6950 -0.0022 -0.7190
vn -0.7107 0.0023 -0.7035
vn -0.7327 -0.0022 -0.6806
vn -0.7477 0.0023 -0.6641
vn -0.7682 -0.0023 -0.6402
vn -0.7825 0.0023 -0.6226
vn -0.8015 -0.0023 -0.5980
vn -0.8150 0.0023 -0.5795
vn -0.8324 -0.0023 -0.5542
vn -0.8450 0.0023 -0.5347
vn -0.8609 -0.0023 -0.5088
vn -0.8726 0.0023 -0.4884
vn -0.8869 -0.0023 -0.4620
vn -0.8977 0.0023 -0.4407
vn -0.9103 -0.0023 -0.4140
vn -0.9200 0.0023 -0.3918
vn -0.9311 -0.0023 -0.3647
vn -0.9398 0.0024 -0.3418
vn -0.9493 -0.0023 -0.3145
vn -0.9568 0.0023 -0.2909
vn -0.9647 -0.0023 -0.2634
vn -0.9710 0.0023 -0.2390
vn -0.9773 -0.0023 -0.2117
vn -0.9824 0.0024 -0.1866
vn -0.9873 -0.0023 -0.1591
vn -0.9910 0.0023 -0.1337
vn -0.9943 -0.0023 -0.1064
vn -0.9968 0.0024 -0.0803
vn -0.9986 -0.0023 -0.0532
vn -0.9996 0.0024 -0.0268
vn -1.0000 -0.0023 -0.0000
vn -0.9996 0.0024 0.0268
vn -0.9986 -0.0023 0.0532
vn -0.9968 0.0024 0.0803
vn -0.9943 -0.0023 0.1064
vn -0.9910 0.0024 0.1337
vn -0.9872 -0.0023 0.1592
vn -0.9824 0.0024 0.1866
vn -0.9774 -0.0023 0.2116
vn -0.9710 0.0024 0.2390
vn -0.9647 -0.0023 0.2635
vn -0.9568 0.0024 0.2909
vn -0.9493 -0.0023 0.3145
vn -0.9398 0.0024 0.3417
vn -0.9311 -0.0023 0.3647
vn -0.9200 0.0023 0.3918
vn -0.9103 -0.0023 0.4140
vn -0.8977 0.0023 0.4407
vn -0.8869 -0.0023 0.4620
vn -0.8726 0.0023 0.4884
vn -0.8609 -0.0023 0.5088
vn -0.8450 0.0023 0.5347
vn -0.8324 -0.0023 0.5542
vn -0.8150 0.0023 0.5795
vn -0.8014 -0.0023 0.5981
vn -0.7825 0.0023 0.6227
vn -0.7682 -0.0023 0.6402
vn -0.7477 0.0023 0.6640
vn -0.7327 -0.0023 0.6806
vn -0.7106 0.0023 0.7036
vn -0.6950 -0.0022 0.7190
vn -0.6715 0.0023 0.7410
vn -0.6553 -0.0022 0.7554
vn -0.6303 0.0023 0.7763
vn -0.6136 -0.0022 0.7896
vn -0.5701 -0.0022 0.8216
vn -0.5424 0.0022 0.8401
vn -0.5249 -0.0022 0.8512
vn -0.4959 0.0022 0.8684
vn -0.4781 -0.0022 0.8783
vn -0.4480 0.0022 0.8940
vn -0.4298 -0.0022 0.9029
vn -0.3985 0.0022 0.9172
vn -0.3802 -0.0022 0.9249
vn -0.3480 0.0022 0.9375
vn -0.3296 -0.0022 0.9441
vn -0.2962 0.0022 0.9551
vn -0.2779 -0.0021 0.9606
vn -0.2437 0.0022 0.9699
vn -0.2253 -0.0021 0.9743
vn -0.1903 0.0021 0.9817
vn -0.1721 -0.0021 0.9851
vn -0.1363 0.0021 0.9907
vn -0.1183 -0.0021 0.9930
vn -0.0642 -0.0021 0.9979
vn -0.0099 -0.0020 0.9999
vn 0.0445 -0.0020 0.9990
vn 0.0988 -0.0020 0.9951
vn 0.1363 0.0020 0.9907
vn 0.1527 -0.0020 0.9883
vn 0.1903 0.0020 0.9817
vn 0.2060 -0.0020 0.9785
vn 0.2437 0.0020 0.9699
vn 0.2589 -0.0019 0.9659
vn 0.2962 0.0020 0.9551
vn 0.3110 -0.0019 0.9504
vn 0.3480 0.0019 0.9375
vn 0.3620 -0.0019 0.9322
vn 0.3985 0.0019 0.9172
vn 0.4120 -0.0018 0.9112
vn 0.4480 0.0019 0.8940
vn 0.4607 -0.0018 0.8876
vn 0.4959 0.0019 0.8684
vn 0.5082 -0.0018 0.8613
vn 0.5424 0.0018 0.8401
vn 0.5538 -0.0018 0.8326
vn 0.5873 0.0018 0.8093
vn 0.5981 -0.0017 0.8014
vn 0.6303 0.0017 0.7764
vn 0.6404 -0.0017 0.7680
vn 0.6715 0.0017 0.7410
vn 0.6808 -0.0017 0.7325
vn 0.7193 -0.0017 0.6947
vn 0.7478 0.0016 0.6640
vn 0.7555 -0.0016 0.6551
vn 0.7825 0.0016 0.6227
vn 0.7896 -0.0016 0.6136
vn 0.8150 0.0016 0.5794
vn 0.8215 -0.0015 0.5703
vn 0.8450 0.0015 0.5348
vn 0.8508 -0.0015 0.5255
vn 0.8726 0.0015 0.4884
vn 0.8777 -0.0015 0.4792
vn 0.8977 0.0014 0.4407
vn 0.9021 -0.0014 0.4316
vn 0.9201 0.0014 0.3917
vn 0.9239 -0.0014 0.3827
vn 0.9398 0.0014 0.3418
vn 0.9430 -0.0013 0.3329
vn 0.9568 0.0014 0.2908
vn 0.9594 -0.0013 0.2820
vn 0.9710 0.0013 0.2391
vn 0.9730 -0.0012 0.2306
vn 0.9824 0.0013 0.1866
vn 0.9840 -0.0012 0.1782
vn 0.9910 0.0012 0.1336
vn 0.9921 -0.0012 0.1256
vn 0.9968 0.0012 0.0803
vn 0.9974 -0.0011 0.0725
vn 0.9996 0.0012 0.0268
vn 0.9998 -0.0011 0.0193
vn 0.9996 0.0011 -0.0268
vn 0.9994 -0.0010 -0.0340
vn 0.9968 0.0011 -0.0803
vn 0.9962 -0.0010 -0.0871
vn 0.9910 0.0010 -0.1336
vn 0.9901 -0.0010 -0.1402
vn 0.9824 0.0009 -0.1866
vn 0.9813 -0.0009 -0.1925
vn 0.9710 0.0010 -0.2391
vn 0.9696 -0.0009 -0.2448
vn 0.9568 0.0009 -0.2908
vn 0.9552 -0.0008 -0.2961
vn 0.9398 0.0009 -0.3418
vn 0.9380 -0.0008 -0.3467
vn 0.9201 0.0008 -0.3917
vn 0.9182 -0.0007 -0.3962
vn 0.8977 0.0008 -0.4407
vn 0.8957 -0.0007 -0.4448
vn 0.8726 0.0007 -0.4884
vn 0.8706 -0.0007 -0.4920
vn 0.8450 0.0006 -0.5348
vn 0.8429 -0.0006 -0.5380
vn 0.8150 0.0006 -0.5794
vn 0.8130 -0.0006 -0.5823
vn 0.7825 0.0005 -0.6226
vn 0.7805 -0.0005 -0.6252
vn 0.7477 0.0005 -0.6640
vn 0.0000 0.4472 -0.8944
vn 0.8962 0.4436 0.0000
vn 0.0000 0.4473 0.8944
vn -0.8962 0.4436 0.0000
vn 0.0000 -1.0000 -0.0001
usemtl DefaultMaterial.001
s 1
f 1//1 2//1 3//1
f 4//1 5//1 6//1
f 7//2 8//2 9//2
f 10//2 11//2 12//2
f 13//3 14//3 15//3
f 16//3 17//3 18//3
f 19//4 20//4 21//4
f 22//4 23//4 24//4
f 25//5 26//5 27//5
f 28//5 29//5 30//5
f 31//6 32//6 33//6
f 34//6 35//6 36//6
f 37//7 38//7 39//7
f 40//7 41//7 42//7
f 43//8 44//8 45//8
f 46//8 47//8 48//8
f 49//9 50//9 51//9
f 52//9 53//9 54//9
f 55//10 56//10 57//10
f 58//10 59//10 60//10
f 61//11 62//11 63//11
f 64//11 65//11 66//11
f 67//12 68//12 69//12
f 70//12 71//12 72//12
f 73//13 74//13 75//13
f 76//13 77//13 78//13
f 79//14 80//14 81//14
f 82//15 83//15 84//15
f 85//16 86//16 87//16
f 88//16 89//16 90//16
f 91//17 92//17 93//17
f 94//17 95//17 96//17
f 97//18 98//18 99//18
f 100//18 101//18 102//18
f 103//19 104//19 105//19
f 106//19 107//19 108//19
f 109//20 110//20 111//20
f 112//20 113//20 114//20
f 115//21 116//21 117//21
f 118//21 119//21 120//21
f 121//22 122//22 123//22
f 124//22 125//22 126//22
f 127//23 128//23 129//23
f 130//23 131//23 132//23
f 133//24 134//24 135//24
f 136//24 137//24 138//24
f 139//25 140//25 141//25
f 142//25 143//25 144//25
f 145//26 146//26 147//26
f 148//26 149//26 150//26
f 151//27 152//27 153//27
f 154//28 155//28 156//28
f 157//29 158//29 159//29
f 160//29 161//29 162//29
f 163//30 164//30 165//30
f 166//30 167//30 168//30
f 169//31 170//31 171//31
f 172//32 173//32 174//32
f 175//33 176//33 177//33
f 178//33 179//33 180//33
f 181//34 182//34 183//34
f 184//34 185//34 186//34
f 187//35 188//35 189//35
f 190//36 191//36 192//36
f 193//37 194//37 195//37
f 196//37 197//37 198//37
f 199//38 200//38 201//38
f 202//38 203//38 204//38
f 205//39 206//39 207//39
f 208//39 209//39 210//39
f 211//40 212//40 213//40
f 214//40 215//40 216//40
f 217//41 218//41 219//41
f 220//41 221//41 222//41
f 223//42 224//42 225//42
f 226//43 227//43 228//43
f 229//44 230//44 231//44
f 232//44 233//44 234//44
f 235//45 236//45 237//45
f 238//45 239//45 240//45
f 241//46 242//46 243//46
f 244//46 245//46 246//46
f 247//47 248//47 249//47
f 250//47 251//47 252//48
f 253//49 254//49 255//49
f 256//50 257//50 258//50
f 259//51 260//51 261//51
f 262//51 263//51 264//51
f 265//52 266//52 267//52
f 268//52 269//52 270//52
f 271//53 272//53 273//53
f 274//53 275//53 276//53
f 277//54 278//54 279//54
f 280//54 281//54 282//54
f 283//55 284//55 285//55
f 286//56 287//56 288//56
f 289//57 290//57 291//57
f 292//58 293//58 294//58
f 295//59 296//59 297//59
f 298//60 299//60 300//60
f 301//61 302//61 303//61
f 304//61 305//61 306//61
f 307//62 308//62 309//62
f 310//62 311//62 312//62
f 313//63 314//63 315//63
f 316//63 317//63 318//63
f 319//63 320//63 321//63
f 322//63 323//63 324//63
f 325//63 326//63 327//63
f 328//63 329//63 330//63
f 331//63 332//63 333//63
f 334//63 335//63 336//63
f 337//63 338//63 339//63
f 340//63 341//63 342//63
f 343//63 344//63 345//63
f 346//63 347//63 348//63
f 349//63 350//63 351//63
f 352//63 353//63 354//63
f 355//63 356//63 357//63
f 358//63 359//63 360//63
f 361//63 362//63 363//63
f 364//63 365//63 366//63
f 367//63 368//63 369//63
f 370//63 371//63 372//63
f 373//63 374//63 375//63
f 376//63 377//63 378//63
f 379//63 380//63 381//63
f 382//63 383//63 384//63
f 385//63 386//63 387//63
f 388//63 389//63 390//63
f 391//63 392//63 393//63
f 394//63 395//63 396//63
f 397//63 398//63 399//63
f 400//63 401//63 402//63
f 403//63 404//63 405//63
f 406//63 407//63 408//63
f 409//63 410//63 411//63
f 412//63 413//63 414//63
f 415//63 416//63 417//63
f 418//63 419//63 420//63
f 421//63 422//63 423//63
f 424//63 425//63 426//63
f 427//63 428//63 429//63
f 430//63 431//63 432//63
f 433//63 434//63 435//63
f 436//63 437//63 438//63
f 439//63 440//63 441//63
f 442//63 443//63 444//63
f 445//63 446//63 447//63
f 448//63 449//63 450//63
f 451//63 452//63 453//63
f 454//63 455//63 456//63
f 457//63 458//63 459//63
f 460//63 461//63 462//63
f 463//64 464//64 465//64
f 466//64 467//64 468//64
f 469//65 470//65 471//65
f 472//65 473//65 474//65
f 475//66 476//66 477//66
f 478//66 479//66 480//66
f 481//4 482//4 483//4
f 484//67 485//67 486//67
f 487//5 488//5 489//5
f 490//5 491//5 492//5
f 493//68 494//68 495//68
f 496//69 497//69 498//69
f 499//7 500//7 501//7
f 502//7 503//7 504//7
f 505//70 506//70 507//70
f 508//70 509//70 510//70
f 511//9 512//9 513//9
f 514//9 515//9 516//9
f 517//10 518//10 519//10
f 520//10 521//10 522//10
f 523//71 524//71 525//71
f 526//72 527//72 528//72
f 529//73 530//73 531//73
f 532//73 533//73 534//73
f 535//74 536//74 537//74
f 538//74 539//74 540//74
f 541//14 542//14 543//14
f 544//14 545//14 546//14
f 547//75 548//75 549//75
f 550//75 551//75 552//75
f 553//76 554//76 555//76
f 556//76 557//76 558//76
f 559//77 560//77 561//77
f 562//78 563//78 564//78
f 565//79 566//79 567//79
f 568//19 569//19 570//19
f 571//80 572//80 573//80
f 574//81 575//81 576//81
f 577//21 578//21 579//21
f 580//21 581//21 582//21
f 583//22 584//22 585//22
f 586//22 587//22 588//22
f 589//23 590//23 591//23
f 592//23 593//23 594//23
f 595//82 596//82 597//82
f 598//82 599//82 600//82
f 601//25 602//25 603//25
f 604//25 605//25 606//25
f 607//83 608//83 609//83
f 610//83 611//83 612//83
f 613//84 614//84 615//84
f 616//84 617//84 618//84
f 619//85 620//85 621//85
f 622//85 623//85 624//85
f 625//30 626//30 627//30
f 628//86 629//86 630//86
f 631//87 632//87 633//87
f 634//88 635//88 636//88
f 637//89 638//89 639//89
f 640//89 641//89 642//89
f 643//90 644//90 645//90
f 646//90 647//90 648//90
f 649//91 650//91 651//91
f 652//91 653//91 654//91
f 655//37 656//37 657//37
f 658//37 659//37 660//37
f 661//92 662//92 663//92
f 664//92 665//92 666//92
f 667//93 668//93 669//93
f 670//93 671//93 672//93
f 673//94 674//94 675//94
f 676//95 677//95 678//95
f 679//96 680//96 681//96
f 682//96 683//96 684//96
f 685//97 686//97 687//97
f 688//97 689//97 690//97
f 691//98 692//98 693//98
f 694//99 695//99 696//99
f 697//100 698//100 699//100
f 700//101 701//101 702//101
f 703//102 704//102 705//102
f 706//103 707//103 708//103
f 709//104 710//104 711//104
f 712//105 713//105 714//105
f 715//106 716//106 717//106
f 718//106 719//106 720//106
f 721//107 722//107 723//107
f 724//107 725//107 726//107
f 727//108 728//108 729//108
f 730//108 731//108 732//108
f 733//109 734//109 735//109
f 736//109 737//109 738//109
f 739//54 740//54 741//54
f 742//110 743//110 744//110
f 745//56 746//56 747//56
f 748//56 749//56 750//56
f 751//111 752//111 753//111
f 754//111 755//111 756//111
f 757//112 758//112 759//112
f 760//112 761//112 762//112
f 763//113 764//113 765//113
f 766//113 767//113 768//113
f 769//114 770//114 771//114
f 772//114 773//114 774//114
f 775//63 776//63 777//63
f 778//63 779//63 780//63
f 781//63 782//63 783//63
f 784//63 785//63 786//63
f 787//63 788//63 789//63
f 790//63 791//63 792//63
f 793//63 794//63 795//63
f 796//63 797//63 798//63
f 799//63 800//63 801//63
f 802//63 803//63 804//63
f 805//63 806//63 807//63
f 808//63 809//63 810//63
f 811//63 812//63 813//63
f 814//63 815//63 816//63
f 817//63 818//63 819//63
f 820//63 821//63 822//63
f 823//63 824//63 825//63
f 826//63 827//63 828//63
f 829//63 830//63 831//63
f 832//63 833//63 834//63
f 835//63 836//63 837//63
f 838//63 839//63 840//63
f 841//63 842//63 843//63
f 844//63 845//63 846//63
f 847//63 848//63 849//63
f 850//63 851//63 852//63
f 853//63 854//63 855//63
f 856//63 857//63 858//63
f 859//63 860//63 861//63
f 862//63 863//63 864//63
f 865//63 866//63 867//63
f 868//63 869//63 870//63
f 871//63 872//63 873//63
f 874//63 875//63 876//63
f 877//63 878//63 879//63
f 880//63 881//63 882//63
f 883//63 884//63 885//63
f 886//63 887//63 888//63
f 889//63 890//63 891//63
f 892//63 893//63 894//63
f 895//63 896//63 897//63
f 898//63 899//63 900//63
f 901//63 902//63 903//63
f 904//63 905//63 906//63
f 907//63 908//63 909//63
f 910//63 911//63 912//63
f 913//63 914//63 915//63
f 916//63 917//63 918//63
f 919//63 920//63 921//63
f 922//63 923//63 924//63
f 925//64 926//64 927//64
f 928//64 929//64 930//64
f 931//2 932//2 933//2
f 934//2 935//2 936//2
f 937//3 938//3 939//3
f 940//3 941//3 942//3
f 943//115 944//115 945//115
f 946//115 947//115 948//115
f 949//116 950//116 951//116
f 952//116 953//116 954//116
f 955//117 956//117 957//117
f 958//118 959//118 960//118
f 961//119 962//119 963//119
f 964//119 965//119 966//119
f 967//120 968//120 969//120
f 970//120 971//120 972//120
f 973//9 974//9 975//9
f 976//9 977//9 978//9
f 979//121 980//121 981//121
f 982//121 983//121 984//121
f 985//71 986//71 987//71
f 988//122 989//122 990//11
f 991//123 992//123 993//123
f 994//73 995//73 996//73
f 997//13 998//13 999//13
f 1000//124 1001//124 1002//124
f 1003//14 1004//14 1005//14
f 1006//14 1007//14 1008//14
f 1009//75 1010//75 1011//75
f 1012//75 1013//75 1014//75
f 1015//125 1016//125 1017//125
f 1018//126 1019//126 1020//126
f 1021//78 1022//78 1023//78
f 1024//78 1025//78 1026//78
f 1027//127 1028//127 1029//127
f 1030//128 1031//128 1032//129
f 1033//130 1034//130 1035//130
f 1036//81 1037//81 1038//81
f 1039//131 1040//131 1041//131
f 1042//131 1043//131 1044//131
f 1045//22 1046//22 1047//22
f 1048//22 1049//22 1050//22
f 1051//132 1052//132 1053//132
f 1054//132 1055//132 1056//132
f 1057//133 1058//133 1059//133
f 1060//82 1061//82 1062//82
f 1063//25 1064//25 1065//25
f 1066//25 1067//25 1068//25
f 1069//134 1070//134 1071//134
f 1072//134 1073//134 1074//134
f 1075//135 1076//135 1077//135
f 1078//136 1079//136 1080//136
f 1081//137 1082//137 1083//137
f 1084//137 1085//137 1086//137
f 1087//138 1088//138 1089//138
f 1090//138 1091//138 1092//138
f 1093//139 1094//139 1095//139
f 1096//139 1097//139 1098//139
f 1099//140 1100//140 1101//140
f 1102//140 1103//140 1104//140
f 1105//90 1106//90 1107//90
f 1108//90 1109//90 1110//90
f 1111//91 1112//91 1113//91
f 1114//91 1115//91 1116//91
f 1117//141 1118//141 1119//141
f 1120//141 1121//141 1122//141
f 1123//92 1124//92 1125//92
f 1126//92 1127//92 1128//92
f 1129//142 1130//142 1131//142
f 1132//142 1133//142 1134//142
f 1135//94 1136//94 1137//94
f 1138//94 1139//94 1140//94
f 1141//96 1142//96 1143//96
f 1144//96 1145//96 1146//96
f 1147//97 1148//97 1149//97
f 1150//97 1151//97 1152//97
f 1153//44 1154//44 1155//44
f 1156//98 1157//98 1158//98
f 1159//101 1160//101 1161//101
f 1162//143 1163//143 1164//143
f 1165//144 1166//144 1167//144
f 1168//102 1169//102 1170//102
f 1171//145 1172//145 1173//145
f 1174//146 1175//146 1176//146
f 1177//106 1178//106 1179//106
f 1180//106 1181//106 1182//106
f 1183//107 1184//107 1185//107
f 1186//107 1187//107 1188//107
f 1189//147 1190//147 1191//147
f 1192//147 1193//147 1194//147
f 1195//109 1196//109 1197//109
f 1198//109 1199//109 1200//109
f 1201//148 1202//148 1203//148
f 1204//148 1205//148 1206//148
f 1207//149 1208//149 1209//149
f 1210//149 1211//149 1212//149
f 1213//111 1214//111 1215//111
f 1216//111 1217//111 1218//111
f 1219//150 1220//150 1221//150
f 1222//150 1223//150 1224//150
f 1225//151 1226//151 1227//151
f 1228//151 1229//151 1230//151
f 1231//114 1232//114 1233//114
f 1234//114 1235//114 1236//114
f 1237//63 1238//63 1239//63
f 1240//63 1241//63 1242//63
f 1243//63 1244//63 1245//63
f 1246//63 1247//63 1248//63
f 1249//63 1250//63 1251//63
f 1252//63 1253//63 1254//63
f 1255//63 1256//63 1257//63
f 1258//63 1259//63 1260//63
f 1261//63 1262//63 1263//63
f 1264//63 1265//63 1266//63
f 1267//63 1268//63 1269//63
f 1270//63 1271//63 1272//63
f 1273//63 1274//63 1275//63
f 1276//63 1277//63 1278//63
f 1279//63 1280//63 1281//63
f 1282//63 1283//63 1284//63
f 1285//63 1286//63 1287//63
f 1288//63 1289//63 1290//63
f 1291//63 1292//63 1293//63
f 1294//63 1295//63 1296//63
f 1297//63 1298//63 1299//63
f 1300//63 1301//63 1302//63
f 1303//63 1304//63 1305//63
f 1306//63 1307//63 1308//63
f 1309//63 1310//63 1311//63
f 1312//63 1313//63 1314//63
f 1315//63 1316//63 1317//63
f 1318//63 1319//63 1320//63
f 1321//63 1322//63 1323//63
f 1324//63 1325//63 1326//63
f 1327//63 1328//63 1329//63
f 1330//63 1331//63 1332//63
f 1333//63 1334//63 1335//63
f 1336//63 1337//63 1338//63
f 1339//63 1340//63 1341//63
f 1342//63 1343//63 1344//63
f 1345//63 1346//63 1347//63
f 1348//63 1349//63 1350//63
f 1351//63 1352//63 1353//63
f 1354//63 1355//63 1356//63
f 1357//63 1358//63 1359//63
f 1360//63 1361//63 1362//63
f 1363//63 1364//63 1365//63
f 1366//63 1367//63 1368//63
f 1369//63 1370//63 1371//63
f 1372//63 1373//63 1374//63
f 1375//63 1376//63 1377//63
f 1378//63 1379//63 1380//63
f 1381//63 1382//63 1383//63
f 1384//63 1385//63 1386//63
f 1387//1 1388//1 1389//1
f 1390//1 1391//1 1392//1
f 1393//2 1394//2 1395//2
f 1396//2 1397//2 1398//2
f 1399//3 1400//3 1401//3
f 1402//3 1403//3 1404//3
f 1405//152 1406//152 1407//152
f 1408//152 1409//152 1410//152
f 1411//5 1412//5 1413//5
f 1414//5 1415//5 1416//5
f 1417//153 1418//153 1419//153
f 1420//153 1421//153 1422//153
f 1423//7 1424//7 1425//7
f 1426//7 1427//7 1428//7
f 1429//8 1430//8 1431//8
f 1432//8 1433//8 1434//8
f 1435//154 1436//154 1437//154
f 1438//154 1439//154 1440//154
f 1441//155 1442//155 1443//155
f 1444//155 1445//155 1446//155
f 1447//156 1448//156 1449//156
f 1450//156 1451//156 1452//156
f 1453//157 1454//157 1455//157
f 1456//157 1457//157 1458//157
f 1459//158 1460//158 1461//158
f 1462//158 1463//158 1464//158
f 1465//159 1466//159 1467//159
f 1468//159 1469//159 1470//159
f 1471//160 1472//160 1473//160
f 1474//161 1475//161 1476//161
f 1477//162 1478//162 1479//162
f 1480//162 1481//162 1482//162
f 1483//163 1484//163 1485//163
f 1486//163 1487//163 1488//163
f 1489//164 1490//164 1491//164
f 1492//164 1493//164 1494//164
f 1495//165 1496//165 1497//165
f 1498//165 1499//165 1500//165
f 1501//21 1502//21 1503//21
f 1504//21 1505//21 1506//21
f 1507//22 1508//22 1509//22
f 1510//22 1511//22 1512//22
f 1513//23 1514//23 1515//23
f 1516//23 1517//23 1518//23
f 1519//166 1520//166 1521//166
f 1522//166 1523//166 1524//166
f 1525//25 1526//25 1527//25
f 1528//25 1529//25 1530//25
f 1531//83 1532//83 1533//83
f 1534//167 1535//167 1536//167
f 1537//168 1538//168 1539//168
f 1540//168 1541//168 1542//28
f 1543//29 1544//29 1545//29
f 1546//169 1547//169 1548//169
f 1549//170 1550//170 1551//170
f 1552//170 1553//170 1554//170
f 1555//171 1556//171 1557//171
f 1558//171 1559//171 1560//171
f 1561//172 1562//172 1563//172
f 1564//173 1565//173 1566//173
f 1567//90 1568//90 1569//90
f 1570//90 1571//90 1572//90
f 1573//174 1574//174 1575//174
f 1576//174 1577//174 1578//174
f 1579//37 1580//37 1581//37
f 1582//37 1583//37 1584//37
f 1585//92 1586//92 1587//92
f 1588//92 1589//92 1590//92
f 1591//93 1592//93 1593//93
f 1594//93 1595//93 1596//93
f 1597//175 1598//175 1599//175
f 1600//175 1601//175 1602//175
f 1603//176 1604//176 1605//176
f 1606//176 1607//176 1608//176
f 1609//97 1610//97 1611//97
f 1612//97 1613//97 1614//97
f 1615//177 1616//177 1617//177
f 1618//177 1619//177 1620//177
f 1621//100 1622//100 1623//100
f 1624//100 1625//100 1626//100
f 1627//144 1628//144 1629//144
f 1630//144 1631//144 1632//144
f 1633//104 1634//104 1635//104
f 1636//104 1637//104 1638//104
f 1639//106 1640//106 1641//106
f 1642//106 1643//106 1644//106
f 1645//178 1646//178 1647//178
f 1648//178 1649//178 1650//178
f 1651//179 1652//179 1653//179
f 1654//179 1655//179 1656//179
f 1657//180 1658//180 1659//180
f 1660//180 1661//180 1662//180
f 1663//181 1664//181 1665//181
f 1666//181 1667//181 1668//181
f 1669//56 1670//56 1671//56
f 1672//56 1673//56 1674//56
f 1675//182 1676//182 1677//182
f 1678//182 1679//182 1680//182
f 1681//112 1682//112 1683//112
f 1684//112 1685//112 1686//112
f 1687//61 1688//61 1689//61
f 1690//61 1691//61 1692//61
f 1693//114 1694//114 1695//114
f 1696//114 1697//114 1698//114
f 1699//63 1700//63 1701//63
f 1702//63 1703//63 1704//63
f 1705//63 1706//63 1707//63
f 1708//63 1709//63 1710//63
f 1711//63 1712//63 1713//63
f 1714//63 1715//63 1716//63
f 1717//63 1718//63 1719//63
f 1720//63 1721//63 1722//63
f 1723//63 1724//63 1725//63
f 1726//63 1727//63 1728//63
f 1729//63 1730//63 1731//63
f 1732//63 1733//63 1734//63
f 1735//63 1736//63 1737//63
f 1738//63 1739//63 1740//63
f 1741//63 1742//63 1743//63
f 1744//63 1745//63 1746//63
f 1747//63 1748//63 1749//63
f 1750//63 1751//63 1752//63
f 1753//63 1754//63 1755//63
f 1756//63 1757//63 1758//63
f 1759//63 1760//63 1761//63
f 1762//63 1763//63 1764//63
f 1765//63 1766//63 1767//63
f 1768//63 1769//63 1770//63
f 1771//63 1772//63 1773//63
f 1774//63 1775//63 1776//63
f 1777//63 1778//63 1779//63
f 1780//63 1781//63 1782//63
f 1783//63 1784//63 1785//63
f 1786//63 1787//63 1788//63
f 1789//63 1790//63 1791//63
f 1792//63 1793//63 1794//63
f 1795//63 1796//63 1797//63
f 1798//63 1799//63 1800//63
f 1801//63 1802//63 1803//63
f 1804//63 1805//63 1806//63
f 1807//63 1808//63 1809//63
f 1810//63 1811//63 1812//63
f 1813//63 1814//63 1815//63
f 1816//63 1817//63 1818//63
f 1819//63 1820//63 1821//63
f 1822//63 1823//63 1824//63
f 1825//63 1826//63 1827//63
f 1828//63 1829//63 1830//63
f 1831//63 1832//63 1833//63
f 1834//63 1835//63 1836//63
f 1837//63 1838//63 1839//63
f 1840//63 1841//63 1842//63
f 1843//63 1844//63 1845//63
f 1846//63 1847//63 1848//63
f 1849//64 1850//64 1851//64
f 1852//64 1853//64 1854//64
f 1855//2 1856//2 1857//2
f 1858//2 1859//2 1860//2
f 1861//3 1862//3 1863//3
f 1864//3 1865//3 1866//3
f 1867//115 1868//115 1869//115
f 1870//115 1871//115 1872//115
f 1873//116 1874//116 1875//116
f 1876//116 1877//116 1878//116
f 1879//6 1880//6 1881//6
f 1882//6 1883//6 1884//6
f 1885//119 1886//119 1887//119
f 1888//119 1889//119 1890//119
f 1891//120 1892//120 1893//120
f 1894//120 1895//120 1896//120
f 1897//9 1898//9 1899//9
f 1900//9 1901//9 1902//9
f 1903//121 1904//121 1905//121
f 1906//121 1907//121 1908//121
f 1909//11 1910//11 1911//11
f 1912//11 1913//11 1914//11
f 1915//12 1916//12 1917//12
f 1918//12 1919//12 1920//12
f 1921//74 1922//74 1923//74
f 1924//13 1925//13 1926//13
f 1927//14 1928//14 1929//14
f 1930//15 1931//15 1932//15
f 1933//16 1934//16 1935//16
f 1936//16 1937//16 1938//16
f 1939//126 1940//126 1941//126
f 1942//17 1943//17 1944//17
f 1945//18 1946//18 1947//18
f 1948//163 1949//163 1950//163
f 1951//19 1952//19 1953//19
f 1954//19 1955//19 1956//19
f 1957//81 1958//81 1959//81
f 1960//130 1961//130 1962//130
f 1963//131 1964//131 1965//131
f 1966//131 1967//131 1968//131
f 1969//22 1970//22 1971//22
f 1972//22 1973//22 1974//22
f 1975//132 1976//132 1977//132
f 1978//132 1979//132 1980//132
f 1981//24 1982//24 1983//24
f 1984//24 1985//24 1986//24
f 1987//25 1988//25 1989//25
f 1990//25 1991//25 1992//25
f 1993//134 1994//134 1995//134
f 1996//134 1997//134 1998//134
f 1999//84 2000//84 2001//84
f 2002//84 2003//84 2004//84
f 2005//137 2006//137 2007//137
f 2008//137 2009//137 2010//137
f 2011//138 2012//138 2013//138
f 2014//138 2015//138 2016//138
f 2017//139 2018//139 2019//139
f 2020//183 2021//183 2022//183
f 2023//140 2024//140 2025//140
f 2026//184 2027//184 2028//184
f 2029//185 2030//185 2031//185
f 2032//185 2033//185 2034//185
f 2035//186 2036//186 2037//186
f 2038//36 2039//36 2040//36
f 2041//141 2042//141 2043//141
f 2044//141 2045//141 2046//141
f 2047//38 2048//38 2049//38
f 2050//38 2051//38 2052//38
f 2053//39 2054//39 2055//39
f 2056//39 2057//39 2058//39
f 2059//187 2060//187 2061//187
f 2062//187 2063//187 2064//187
f 2065//41 2066//41 2067//41
f 2068//41 2069//41 2070//41
f 2071//188 2072//188 2073//188
f 2074//43 2075//43 2076//43
f 2077//189 2078//189 2079//189
f 2080//189 2081//189 2082//189
f 2083//45 2084//45 2085//45
f 2086//45 2087//45 2088//45
f 2089//190 2090//190 2091//190
f 2092//190 2093//190 2094//190
f 2095//145 2096//145 2097//145
f 2098//145 2099//145 2100//145
f 2101//49 2102//49 2103//49
f 2104//49 2105//49 2106//49
f 2107//51 2108//51 2109//51
f 2110//51 2111//51 2112//51
f 2113//191 2114//191 2115//191
f 2116//191 2117//191 2118//191
f 2119//53 2120//53 2121//53
f 2122//53 2123//53 2124//53
f 2125//192 2126//192 2127//192
f 2128//192 2129//192 2130//192
f 2131//56 2132//56 2133//56
f 2134//149 2135//149 2136//149
f 2137//182 2138//182 2139//182
f 2140//193 2141//193 2142//193
f 2143//59 2144//59 2145//59
f 2146//59 2147//59 2148//59
f 2149//151 2150//151 2151//151
f 2152//151 2153//151 2154//151
f 2155//114 2156//114 2157//114
f 2158//114 2159//114 2160//114
f 2161//63 2162//63 2163//63
f 2164//63 2165//63 2166//63
f 2167//63 2168//63 2169//63
f 2170//63 2171//63 2172//63
f 2173//63 2174//63 2175//63
f 2176//63 2177//63 2178//63
f 2179//63 2180//63 2181//63
f 2182//63 2183//63 2184//63
f 2185//63 2186//63 2187//63
f 2188//63 2189//63 2190//63
f 2191//63 2192//63 2193//63
f 2194//63 2195//63 2196//63
f 2197//63 2198//63 2199//63
f 2200//63 2201//63 2202//63
f 2203//63 2204//63 2205//63
f 2206//63 2207//63 2208//63
f 2209//63 2210//63 2211//63
f 2212//63 2213//63 2214//63
f 2215//63 2216//63 2217//63
f 2218//63 2219//63 2220//63
f 2221//63 2222//63 2223//63
f 2224//63 2225//63 2226//63
f 2227//63 2228//63 2229//63
f 2230//63 2231//63 2232//63
f 2233//63 2234//63 2235//63
f 2236//63 2237//63 2238//63
f 2239//63 2240//63 2241//63
f 2242//63 2243//63 2244//63
f 2245//63 2246//63 2247//63
f 2248//63 2249//63 2250//63
f 2251//63 2252//63 2253//63
f 2254//63 2255//63 2256//63
f 2257//63 2258//63 2259//63
f 2260//63 2261//63 2262//63
f 2263//63 2264//63 2265//63
f 2266//63 2267//63 2268//63
f 2269//63 2270//63 2271//63
f 2272//63 2273//63 2274//63
f 2275//63 2276//63 2277//63
f 2278//63 2279//63 2280//63
f 2281//63 2282//63 2283//63
f 2284//63 2285//63 2286//63
f 2287//63 2288//63 2289//63
f 2290//63 2291//63 2292//63
f 2293//63 2294//63 2295//63
f 2296//63 2297//63 2298//63
f 2299//63 2300//63 2301//63
f 2302//63 2303//63 2304//63
f 2305//63 2306//63 2307//63
f 2308//63 2309//63 2310//63
f 2311//1 2312//1 2313//1
f 2314//1 2315//1 2316//1
f 2317//2 2318//2 2319//2
f 2320//2 2321//2 2322//2
f 2323//3 2324//3 2325//3
f 2326//3 2327//3 2328//3
f 2329//67 2330//67 2331//67
f 2332//194 2333//194 2334//194
f 2335//5 2336//5 2337//5
f 2338//5 2339//5 2340//5
f 2341//153 2342//153 2343//153
f 2344//153 2345//153 2346//153
f 2347//7 2348//7 2349//7
f 2350//7 2351//7 2352//7
f 2353//70 2354//70 2355//70
f 2356//70 2357//70 2358//70
f 2359//154 2360//154 2361//154
f 2362//154 2363//154 2364//154
f 2365//155 2366//155 2367//155
f 2368//155 2369//155 2370//155
f 2371//156 2372//156 2373//156
f 2374//156 2375//156 2376//156
f 2377//157 2378//157 2379//157
f 2380//157 2381//157 2382//157
f 2383//158 2384//158 2385//158
f 2386//158 2387//158 2388//158
f 2389//195 2390//195 2391//195
f 2392//159 2393//159 2394//159
f 2395//161 2396//161 2397//161
f 2398//161 2399//161 2400//161
f 2401//162 2402//162 2403//162
f 2404//17 2405//17 2406//17
f 2407//163 2408//163 2409//163
f 2410//163 2411//163 2412//163
f 2413//164 2414//164 2415//164
f 2416//164 2417//164 2418//164
f 2419//196 2420//196 2421//196
f 2422//196 2423//196 2424//196
f 2425//21 2426//21 2427//21
f 2428//21 2429//21 2430//21
f 2431//22 2432//22 2433//22
f 2434//22 2435//22 2436//22
f 2437//23 2438//23 2439//23
f 2440//23 2441//23 2442//23
f 2443//166 2444//166 2445//166
f 2446//166 2447//166 2448//166
f 2449//25 2450//25 2451//25
f 2452//25 2453//25 2454//25
f 2455//197 2456//197 2457//197
f 2458//197 2459//197 2460//197
f 2461//28 2462//28 2463//28
f 2464//28 2465//28 2466//28
f 2467//169 2468//169 2469//169
f 2470//169 2471//169 2472//169
f 2473//30 2474//30 2475//30
f 2476//30 2477//30 2478//30
f 2479//198 2480//198 2481//198
f 2482//198 2483//198 2484//87
f 2485//199 2486//199 2487//199
f 2488//199 2489//199 2490//199
f 2491//90 2492//90 2493//90
f 2494//90 2495//90 2496//90
f 2497//174 2498//174 2499//174
f 2500//174 2501//174 2502//174
f 2503//37 2504//37 2505//37
f 2506//37 2507//37 2508//37
f 2509//92 2510//92 2511//92
f 2512//92 2513//92 2514//92
f 2515//93 2516//93 2517//93
f 2518//93 2519//93 2520//93
f 2521//200 2522//200 2523//200
f 2524//200 2525//200 2526//200
f 2527//176 2528//176 2529//176
f 2530//176 2531//176 2532//176
f 2533//97 2534//97 2535//97
f 2536//97 2537//97 2538//97
f 2539//189 2540//189 2541//189
f 2542//189 2543//189 2544//189
f 2545//100 2546//100 2547//100
f 2548//100 2549//100 2550//100
f 2551//144 2552//144 2553//144
f 2554//144 2555//144 2556//144
f 2557//47 2558//47 2559//47
f 2560//47 2561//47 2562//47
f 2563//106 2564//106 2565//106
f 2566//106 2567//106 2568//106
f 2569//178 2570//178 2571//178
f 2572//178 2573//178 2574//178
f 2575//179 2576//179 2577//179
f 2578//179 2579//179 2580//179
f 2581//180 2582//180 2583//180
f 2584//180 2585//180 2586//180
f 2587//54 2588//54 2589//54
f 2590//54 2591//54 2592//54
f 2593//56 2594//56 2595//56
f 2596//56 2597//56 2598//56
f 2599//182 2600//182 2601//182
f 2602//182 2603//182 2604//182
f 2605//112 2606//112 2607//112
f 2608//112 2609//112 2610//112
f 2611//113 2612//113 2613//113
f 2614//201 2615//201 2616//201
f 2617//114 2618//114 2619//114
f 2620//114 2621//114 2622//114
f 2623//63 2624//63 2625//63
f 2626//63 2627//63 2628//63
f 2629//63 2630//63 2631//63
f 2632//63 2633//63 2634//63
f 2635//63 2636//63 2637//63
f 2638//63 2639//63 2640//63
f 2641//63 2642//63 2643//63
f 2644//63 2645//63 2646//63
f 2647//63 2648//63 2649//63
f 2650//63 2651//63 2652//63
f 2653//63 2654//63 2655//63
f 2656//63 2657//63 2658//63
f 2659//63 2660//63 2661//63
f 2662//63 2663//63 2664//63
f 2665//63 2666//63 2667//63
f 2668//63 2669//63 2670//63
f 2671//63 2672//63 2673//63
f 2674//63 2675//63 2676//63
f 2677//63 2678//63 2679//63
f 2680//63 2681//63 2682//63
f 2683//63 2684//63 2685//63
f 2686//63 2687//63 2688//63
f 2689//63 2690//63 2691//63
f 2692//63 2693//63 2694//63
f 2695//63 2696//63 2697//63
f 2698//63 2699//63 2700//63
f 2701//63 2702//63 2703//63
f 2704//63 2705//63 2706//63
f 2707//63 2708//63 2709//63
f 2710//63 2711//63 2712//63
f 2713//63 2714//63 2715//63
f 2716//63 2717//63 2718//63
f 2719//63 2720//63 2721//63
f 2722//63 2723//63 2724//63
f 2725//63 2726//63 2727//63
f 2728//63 2729//63 2730//63
f 2731//63 2732//63 2733//63
f 2734//63 2735//63 2736//63
f 2737//63 2738//63 2739//63
f 2740//63 2741//63 2742//63
f 2743//63 2744//63 2745//63
f 2746//63 2747//63 2748//63
f 2749//63 2750//63 2751//63
f 2752//63 2753//63 2754//63
f 2755//63 2756//63 2757//63
f 2758//63 2759//63 2760//63
f 2761//63 2762//63 2763//63
f 2764//63 2765//63 2766//63
f 2767//63 2768//63 2769//63
f 2770//63 2771//63 2772//63
f 2773//64 2774//64 2775//64
f 2776//64 2777//64 2778//64
f 2779//65 2780//65 2781//65
f 2782//65 2783//65 2784//65
f 2785//66 2786//66 2787//66
f 2788//66 2789//66 2790//66
f 2791//202 2792//202 2793//202
f 2794//194 2795//194 2796//194
f 2797//5 2798//5 2799//5
f 2800//5 2801//5 2802//5
f 2803//68 2804//68 2805//68
f 2806//69 2807//69 2808//69
f 2809//7 2810//7 2811//7
f 2812//7 2813//7 2814//7
f 2815//8 2816//8 2817//8
f 2818//8 2819//8 2820//8
f 2821//9 2822//9 2823//9
f 2824//9 2825//9 2826//9
f 2827//203 2828//203 2829//203
f 2830//10 2831//10 2832//10
f 2833//71 2834//71 2835//71
f 2836//11 2837//11 2838//11
f 2839//123 2840//123 2841//123
f 2842//204 2843//204 2844//204
f 2845//13 2846//13 2847//13
f 2848//205 2849//205 2850//205
f 2851//14 2852//14 2853//14
f 2854//14 2855//14 2856//14
f 2857//75 2858//75 2859//75
f 2860//16 2861//16 2862//16
f 2863//17 2864//17 2865//17
f 2866//17 2867//17 2868//17
f 2869//77 2870//77 2871//77
f 2872//78 2873//78 2874//78
f 2875//79 2876//79 2877//79
f 2878//19 2879//19 2880//19
f 2881//20 2882//20 2883//20
f 2884//20 2885//20 2886//20
f 2887//21 2888//21 2889//21
f 2890//21 2891//21 2892//21
f 2893//22 2894//22 2895//22
f 2896//22 2897//22 2898//22
f 2899//23 2900//23 2901//23
f 2902//23 2903//23 2904//23
f 2905//82 2906//82 2907//82
f 2908//82 2909//82 2910//82
f 2911//25 2912//25 2913//25
f 2914//25 2915//25 2916//25
f 2917//206 2918//206 2919//206
f 2920//206 2921//206 2922//206
f 2923//207 2924//207 2925//207
f 2926//208 2927//208 2928//208
f 2929//85 2930//85 2931//85
f 2932//85 2933//85 2934//85
f 2935//209 2936//209 2937//209
f 2938//170 2939//170 2940//170
f 2941//210 2942//210 2943//210
f 2944//210 2945//210 2946//32
f 2947//173 2948//173 2949//173
f 2950//173 2951//173 2952//173
f 2953//90 2954//90 2955//90
f 2956//90 2957//90 2958//90
f 2959//91 2960//91 2961//91
f 2962//91 2963//91 2964//91
f 2965//37 2966//37 2967//37
f 2968//37 2969//37 2970//37
f 2971//92 2972//92 2973//92
f 2974//92 2975//92 2976//92
f 2977//93 2978//93 2979//93
f 2980//93 2981//93 2982//93
f 2983//211 2984//211 2985//211
f 2986//211 2987//211 2988//211
f 2989//96 2990//96 2991//96
f 2992//96 2993//96 2994//96
f 2995//97 2996//97 2997//97
f 2998//97 2999//97 3000//97
f 3001//189 3002//189 3003//189
f 3004//189 3005//189 3006//189
f 3007//212 3008//212 3009//212
f 3010//101 3011//101 3012//101
f 3013//144 3014//144 3015//144
f 3016//213 3017//213 3018//213
f 3019//48 3020//48 3021//48
f 3022//214 3023//214 3024//214
f 3025//106 3026//106 3027//106
f 3028//106 3029//106 3030//106
f 3031//107 3032//107 3033//107
f 3034//107 3035//107 3036//107
f 3037//108 3038//108 3039//108
f 3040//108 3041//108 3042//108
f 3043//109 3044//109 3045//109
f 3046//109 3047//109 3048//109
f 3049//181 3050//181 3051//181
f 3052//181 3053//181 3054//181
f 3055//56 3056//56 3057//56
f 3058//56 3059//56 3060//56
f 3061//111 3062//111 3063//111
f 3064//111 3065//111 3066//111
f 3067//112 3068//112 3069//112
f 3070//112 3071//112 3072//112
f 3073//215 3074//215 3075//215
f 3076//201 3077//201 3078//201
f 3079//114 3080//114 3081//114
f 3082//114 3083//114 3084//114
f 3085//63 3086//63 3087//63
f 3088//63 3089//63 3090//63
f 3091//63 3092//63 3093//63
f 3094//63 3095//63 3096//63
f 3097//63 3098//63 3099//63
f 3100//63 3101//63 3102//63
f 3103//63 3104//63 3105//63
f 3106//63 3107//63 3108//63
f 3109//63 3110//63 3111//63
f 3112//63 3113//63 3114//63
f 3115//63 3116//63 3117//63
f 3118//63 3119//63 3120//63
f 3121//63 3122//63 3123//63
f 3124//63 3125//63 3126//63
f 3127//63 3128//63 3129//63
f 3130//63 3131//63 3132//63
f 3133//63 3134//63 3135//63
f 3136//63 3137//63 3138//63
f 3139//63 3140//63 3141//63
f 3142//63 3143//63 3144//63
f 3145//63 3146//63 3147//63
f 3148//63 3149//63 3150//63
f 3151//63 3152//63 3153//63
f 3154//63 3155//63 3156//63
f 3157//63 3158//63 3159//63
f 3160//63 3161//63 3162//63
f 3163//63 3164//63 3165//63
f 3166//63 3167//63 3168//63
f 3169//63 3170//63 3171//63
f 3172//63 3173//63 3174//63
f 3175//63 3176//63 3177//63
f 3178//63 3179//63 3180//63
f 3181//63 3182//63 3183//63
f 3184//63 3185//63 3186//63
f 3187//63 3188//63 3189//63
f 3190//63 3191//63 3192//63
f 3193//63 3194//63 3195//63
f 3196//63 3197//63 3198//63
f 3199//63 3200//63 3201//63
f 3202//63 3203//63 3204//63
f 3205//63 3206//63 3207//63
f 3208//63 3209//63 3210//63
f 3211//63 3212//63 3213//63
f 3214//63 3215//63 3216//63
f 3217//63 3218//63 3219//63
f 3220//63 3221//63 3222//63
f 3223//63 3224//63 3225//63
f 3226//63 3227//63 3228//63
f 3229//63 3230//63 3231//63
f 3232//63 3233//63 3234//63
f 3235//64 3236//64 3237//64
f 3238//64 3239//64 3240//64
f 3241//2 3242//2 3243//2
f 3244//2 3245//2 3246//2
f 3247//3 3248//3 3249//3
f 3250//3 3251//3 3252//3
f 3253//115 3254//115 3255//115
f 3256//115 3257//115 3258//115
f 3259//116 3260//116 3261//116
f 3262//116 3263//116 3264//116
f 3265//6 3266//6 3267//6
f 3268//6 3269//6 3270//6
f 3271//119 3272//119 3273//119
f 3274//119 3275//119 3276//119
f 3277//120 3278//120 3279//120
f 3280//120 3281//120 3282//120
f 3283//154 3284//154 3285//154
f 3286//154 3287//154 3288//154
f 3289//216 3290//216 3291//216
f 3292//216 3293//216 3294//216
f 3295//11 3296//11 3297//11
f 3298//11 3299//11 3300//11
f 3301//157 3302//157 3303//157
f 3304//157 3305//157 3306//157
f 3307//158 3308//158 3309//158
f 3310//158 3311//158 3312//158
f 3313//159 3314//159 3315//159
f 3316//159 3317//159 3318//159
f 3319//161 3320//161 3321//161
f 3322//161 3323//161 3324//161
f 3325//162 3326//162 3327//162
f 3328//162 3329//162 3330//162
f 3331//163 3332//163 3333//163
f 3334//163 3335//163 3336//163
f 3337//19 3338//19 3339//19
f 3340//19 3341//19 3342//19
f 3343//20 3344//20 3345//20
f 3346//20 3347//20 3348//20
f 3349//21 3350//21 3351//21
f 3352//21 3353//21 3354//21
f 3355//22 3356//22 3357//22
f 3358//22 3359//22 3360//22
f 3361//132 3362//132 3363//132
f 3364//132 3365//132 3366//132
f 3367//166 3368//166 3369//166
f 3370//166 3371//166 3372//166
f 3373//25 3374//25 3375//25
f 3376//25 3377//25 3378//25
f 3379//134 3380//134 3381//134
f 3382//134 3383//134 3384//134
f 3385//84 3386//84 3387//84
f 3388//84 3389//84 3390//84
f 3391//137 3392//137 3393//137
f 3394//137 3395//137 3396//137
f 3397//138 3398//138 3399//138
f 3400//138 3401//138 3402//138
f 3403//139 3404//139 3405//139
f 3406//139 3407//139 3408//139
f 3409//140 3410//140 3411//140
f 3412//140 3413//140 3414//140
f 3415//90 3416//90 3417//90
f 3418//90 3419//90 3420//90
f 3421//174 3422//174 3423//174
f 3424//174 3425//174 3426//174
f 3427//141 3428//141 3429//141
f 3430//141 3431//141 3432//141
f 3433//92 3434//92 3435//92
f 3436//92 3437//92 3438//92
f 3439//93 3440//93 3441//93
f 3442//93 3443//93 3444//93
f 3445//211 3446//211 3447//211
f 3448//211 3449//211 3450//211
f 3451//96 3452//96 3453//96
f 3454//96 3455//96 3456//96
f 3457//97 3458//97 3459//97
f 3460//97 3461//97 3462//97
f 3463//189 3464//189 3465//189
f 3466//189 3467//189 3468//189
f 3469//100 3470//100 3471//100
f 3472//100 3473//100 3474//100
f 3475//144 3476//144 3477//144
f 3478//144 3479//144 3480//144
f 3481//104 3482//104 3483//104
f 3484//104 3485//104 3486//104
f 3487//106 3488//106 3489//106
f 3490//106 3491//106 3492//106
f 3493//107 3494//107 3495//107
f 3496//107 3497//107 3498//107
f 3499//217 3500//217 3501//217
f 3502//217 3503//217 3504//217
f 3505//180 3506//180 3507//180
f 3508//180 3509//180 3510//180
f 3511//148 3512//148 3513//148
f 3514//148 3515//148 3516//148
f 3517//149 3518//149 3519//149
f 3520//149 3521//149 3522//149
f 3523//218 3524//218 3525//218
f 3526//218 3527//218 3528//218
f 3529//112 3530//112 3531//112
f 3532//112 3533//112 3534//112
f 3535//151 3536//151 3537//151
f 3538//151 3539//151 3540//151
f 3541//114 3542//114 3543//114
f 3544//114 3545//114 3546//114
f 3547//63 3548//63 3549//63
f 3550//63 3551//63 3552//63
f 3553//63 3554//63 3555//63
f 3556//63 3557//63 3558//63
f 3559//63 3560//63 3561//63
f 3562//63 3563//63 3564//63
f 3565//63 3566//63 3567//63
f 3568//63 3569//63 3570//63
f 3571//63 3572//63 3573//63
f 3574//63 3575//63 3576//63
f 3577//63 3578//63 3579//63
f 3580//63 3581//63 3582//63
f 3583//63 3584//63 3585//63
f 3586//63 3587//63 3588//63
f 3589//63 3590//63 3591//63
f 3592//63 3593//63 3594//63
f 3595//63 3596//63 3597//63
f 3598//63 3599//63 3600//63
f 3601//63 3602//63 3603//63
f 3604//63 3605//63 3606//63
f 3607//63 3608//63 3609//63
f 3610//63 3611//63 3612//63
f 3613//63 3614//63 3615//63
f 3616//63 3617//63 3618//63
f 3619//63 3620//63 3621//63
f 3622//63 3623//63 3624//63
f 3625//63 3626//63 3627//63
f 3628//63 3629//63 3630//63
f 3631//63 3632//63 3633//63
f 3634//63 3635//63 3636//63
f 3637//63 3638//63 3639//63
f 3640//63 3641//63 3642//63
f 3643//63 3644//63 3645//63
f 3646//63 3647//63 3648//63
f 3649//63 3650//63 3651//63
f 3652//63 3653//63 3654//63
f 3655//63 3656//63 3657//63
f 3658//63 3659//63 3660//63
f 3661//63 3662//63 3663//63
f 3664//63 3665//63 3666//63
f 3667//63 3668//63 3669//63
f 3670//63 3671//63 3672//63
f 3673//63 3674//63 3675//63
f 3676//63 3677//63 3678//63
f 3679//63 3680//63 3681//63
f 3682//63 3683//63 3684//63
f 3685//63 3686//63 3687//63
f 3688//63 3689//63 3690//63
f 3691//63 3692//63 3693//63
f 3694//63 3695//63 3696//63
f 3697//1 3698//1 3699//1
f 3700//1 3701//1 3702//1
f 3703//2 3704//2 3705//2
f 3706//2 3707//2 3708//2
f 3709//3 3710//3 3711//3
f 3712//3 3713//3 3714//3
f 3715//4 3716//4 3717//4
f 3718//202 3719//202 3720//202
f 3721//5 3722//5 3723//5
f 3724//5 3725//5 3726//5
f 3727//6 3728//6 3729//6
f 3730//6 3731//6 3732//6
f 3733//7 3734//7 3735//7
f 3736//7 3737//7 3738//7
f 3739//70 3740//70 3741//70
f 3742//70 3743//70 3744//70
f 3745//9 3746//9 3747//9
f 3748//9 3749//9 3750//9
f 3751//203 3752//203 3753//203
f 3754//10 3755//10 3756//10
f 3757//11 3758//11 3759//11
f 3760//11 3761//11 3762//11
f 3763//12 3764//12 3765//12
f 3766//12 3767//12 3768//12
f 3769//74 3770//74 3771//74
f 3772//74 3773//74 3774//74
f 3775//15 3776//15 3777//15
f 3778//15 3779//15 3780//15
f 3781//16 3782//16 3783//16
f 3784//16 3785//16 3786//16
f 3787//219 3788//219 3789//219
f 3790//126 3791//126 3792//126
f 3793//18 3794//18 3795//18
f 3796//18 3797//18 3798//18
f 3799//19 3800//19 3801//19
f 3802//19 3803//19 3804//19
f 3805//80 3806//80 3807//80
f 3808//81 3809//81 3810//81
f 3811//131 3812//131 3813//131
f 3814//131 3815//131 3816//131
f 3817//22 3818//22 3819//22
f 3820//22 3821//22 3822//22
f 3823//23 3824//23 3825//23
f 3826//23 3827//23 3828//23
f 3829//24 3830//24 3831//24
f 3832//24 3833//24 3834//24
f 3835//25 3836//25 3837//25
f 3838//25 3839//25 3840//25
f 3841//206 3842//206 3843//206
f 3844//206 3845//206 3846//206
f 3847//168 3848//168 3849//168
f 3850//168 3851//168 3852//168
f 3853//169 3854//169 3855//169
f 3856//169 3857//169 3858//169
f 3859//170 3860//170 3861//170
f 3862//170 3863//170 3864//170
f 3865//32 3866//32 3867//32
f 3868//139 3869//139 3870//139
f 3871//199 3872//199 3873//199
f 3874//199 3875//199 3876//199
f 3877//185 3878//185 3879//185
f 3880//185 3881//185 3882//185
f 3883//35 3884//35 3885//35
f 3886//36 3887//36 3888//36
f 3889//37 3890//37 3891//37
f 3892//37 3893//37 3894//37
f 3895//38 3896//38 3897//38
f 3898//38 3899//38 3900//38
f 3901//39 3902//39 3903//39
f 3904//39 3905//39 3906//39
f 3907//220 3908//220 3909//220
f 3910//220 3911//220 3912//220
f 3913//41 3914//41 3915//41
f 3916//41 3917//41 3918//41
f 3919//42 3920//42 3921//42
f 3922//43 3923//43 3924//43
f 3925//221 3926//221 3927//221
f 3928//99 3929//99 3930//99
f 3931//222 3932//222 3933//222
f 3934//222 3935//222 3936//222
f 3937//190 3938//190 3939//190
f 3940//190 3941//190 3942//190
f 3943//145 3944//145 3945//145
f 3946//145 3947//145 3948//145
f 3949//223 3950//223 3951//223
f 3952//49 3953//49 3954//49
f 3955//51 3956//51 3957//51
f 3958//51 3959//51 3960//51
f 3961//52 3962//52 3963//52
f 3964//52 3965//52 3966//52
f 3967//53 3968//53 3969//53
f 3970//53 3971//53 3972//53
f 3973//224 3974//224 3975//224
f 3976//224 3977//224 3978//224
f 3979//56 3980//56 3981//56
f 3982//56 3983//56 3984//56
f 3985//57 3986//57 3987//57
f 3988//58 3989//58 3990//58
f 3991//59 3992//59 3993//59
f 3994//225 3995//225 3996//225
f 3997//226 3998//226 3999//226
f 4000//226 4001//226 4002//226
f 4003//62 4004//62 4005//62
f 4006//62 4007//62 4008//62
f 4009//63 4010//63 4011//63
f 4012//63 4013//63 4014//63
f 4015//63 4016//63 4017//63
f 4018//63 4019//63 4020//63
f 4021//63 4022//63 4023//63
f 4024//63 4025//63 4026//63
f 4027//63 4028//63 4029//63
f 4030//63 4031//63 4032//63
f 4033//63 4034//63 4035//63
f 4036//63 4037//63 4038//63
f 4039//63 4040//63 4041//63
f 4042//63 4043//63 4044//63
f 4045//63 4046//63 4047//63
f 4048//63 4049//63 4050//63
f 4051//63 4052//63 4053//63
f 4054//63 4055//63 4056//63
f 4057//63 4058//63 4059//63
f 4060//63 4061//63 4062//63
f 4063//63 4064//63 4065//63
f 4066//63 4067//63 4068//63
f 4069//63 4070//63 4071//63
f 4072//63 4073//63 4074//63
f 4075//63 4076//63 4077//63
f 4078//63 4079//63 4080//63
f 4081//63 4082//63 4083//63
f 4084//63 4085//63 4086//63
f 4087//63 4088//63 4089//63
f 4090//63 4091//63 4092//63
f 4093//63 4094//63 4095//63
f 4096//63 4097//63 4098//63
f 4099//63 4100//63 4101//63
f 4102//63 4103//63 4104//63
f 4105//63 4106//63 4107//63
f 4108//63 4109//63 4110//63
f 4111//63 4112//63 4113//63
f 4114//63 4115//63 4116//63
f 4117//63 4118//63 4119//63
f 4120//63 4121//63 4122//63
f 4123//63 4124//63 4125//63
f 4126//63 4127//63 4128//63
f 4129//63 4130//63 4131//63
f 4132//63 4133//63 4134//63
f 4135//63 4136//63 4137//63
f 4138//63 4139//63 4140//63
f 4141//63 4142//63 4143//63
f 4144//63 4145//63 4146//63
f 4147//63 4148//63 4149//63
f 4150//63 4151//63 4152//63
f 4153//63 4154//63 4155//63
f 4156//63 4157//63 4158//63
f 4159//227 4160//227 4161//227
f 4162//227 4163//227 4164//227
f 4165//228 4166//228 4167//228
f 4168//228 4169//228 4170//228
f 4171//229 4172//229 4173//229
f 4174//229 4175//229 4176//229
f 4177//230 4178//230 4179//230
f 4180//231 4181//231 4182//231
f 4183//231 4184//231 4185//231
f 4186//232 4187//232 4188//232
f 4189//232 4190//232 4191//232
f 4192//233 4193//233 4194//233
f 4195//233 4196//233 4197//233
f 4198//230 4199//230 4200//230
f 4201//230 4202//230 4203//230
f 4204//230 4205//230 4206//230
f 4207//230 4208//230 4209//230
f 4210//233 4211//233 4212//233
f 4213//233 4214//233 4215//233
f 4216//234 4217//234 4218//234
f 4219//234 4220//234 4221//234
f 4222//235 4223//235 4224//235
f 4225//235 4226//235 4227//235
f 4228//230 4229//230 4230//230
f 4231//230 4232//230 4233//230
f 4234//230 4235//230 4236//230
f 4237//230 4238//230 4239//230
f 4240//235 4241//235 4242//235
f 4243//235 4244//235 4245//235
f 4246//234 4247//234 4248//234
f 4249//234 4250//234 4251//234
f 4252//227 4253//227 4254//227
f 4255//227 4256//227 4257//227
f 4258//230 4259//230 4260//230
f 4261//230 4262//230 4263//230
f 4264//230 4265//230 4266//230
f 4267//230 4268//230 4269//230
f 4270//236 4271//236 4272//236
f 4273//236 4274//236 4275//236
f 4276//232 4277//232 4278//232
f 4279//232 4280//232 4281//232
f 4282//231 4283//231 4284//231
f 4285//231 4286//231 4287//231
f 4288//230 4289//230 4290//230
f 4291//230 4292//230 4293//230
f 4294//230 4295//230 4296//230
f 4297//230 4298//230 4299//230
f 4300//237 4301//237 4302//237
f 4303//238 4304//238 4305//238
f 4306//239 4307//239 4308//239
f 4309//240 4310//240 4311//240
f 4312//241 4313//241 4314//241
f 4315//242 4316//242 4317//242
f 4318//243 4319//243 4320//243
f 4321//244 4322//244 4323//244
f 4324//245 4325//245 4326//245
f 4327//246 4328//246 4329//246
f 4330//247 4331//247 4332//247
f 4333//248 4334//248 4335//248
f 4336//249 4337//249 4338//249
f 4339//250 4340//250 4341//250
f 4342//251 4343//251 4344//251
f 4345//252 4346//252 4347//252
f 4348//253 4349//253 4350//253
f 4351//254 4352//254 4353//254
f 4354//255 4355//255 4356//255
f 4357//256 4358//256 4359//256
f 4360//257 4361//257 4362//257
f 4363//258 4364//258 4365//258
f 4366//259 4367//259 4368//259
f 4369//260 4370//260 4371//260
f 4372//261 4373//261 4374//261
f 4375//262 4376//262 4377//262
f 4378//263 4379//263 4380//263
f 4381//264 4382//264 4383//264
f 4384//265 4385//265 4386//265
f 4387//266 4388//266 4389//266
f 4390//267 4391//267 4392//267
f 4393//268 4394//268 4395//268
f 4396//269 4397//269 4398//269
f 4399//270 4400//270 4401//270
f 4402//271 4403//271 4404//271
f 4405//272 4406//272 4407//272
f 4408//273 4409//273 4410//273
f 4411//274 4412//274 4413//274
f 4414//275 4415//275 4416//275
f 4417//276 4418//276 4419//276
f 4420//277 4421//277 4422//277
f 4423//278 4424//278 4425//278
f 4426//279 4427//279 4428//279
f 4429//280 4430//280 4431//280
f 4432//281 4433//281 4434//281
f 4435//282 4436//282 4437//282
f 4438//283 4439//283 4440//283
f 4441//284 4442//284 4443//284
f 4444//285 4445//285 4446//285
f 4447//286 4448//286 4449//286
f 4450//287 4451//287 4452//287
f 4453//288 4454//288 4455//288
f 4456//289 4457//289 4458//289
f 4459//290 4460//290 4461//290
f 4462//291 4463//291 4464//291
f 4465//292 4466//292 4467//292
f 4468//293 4469//293 4470//293
f 4471//294 4472//294 4473//294
f 4474//295 4475//295 4476//295
f 4477//296 4478//296 4479//296
f 4480//297 4481//297 4482//297
f 4483//298 4484//298 4485//298
f 4486//299 4487//299 4488//299
f 4489//300 4490//300 4491//300
f 4492//301 4493//301 4494//301
f 4495//302 4496//302 4497//302
f 4498//303 4499//303 4500//303
f 4501//304 4502//304 4503//304
f 4504//305 4505//305 4506//305
f 4507//306 4508//306 4509//306
f 4510//307 4511//307 4512//307
f 4513//308 4514//308 4515//308
f 4516//309 4517//309 4518//309
f 4519//310 4520//310 4521//310
f 4522//311 4523//311 4524//311
f 4525//312 4526//312 4527//312
f 4528//313 4529//313 4530//313
f 4531//314 4532//314 4533//314
f 4534//315 4535//315 4536//315
f 4537//316 4538//316 4539//316
f 4540//317 4541//317 4542//317
f 4543//318 4544//318 4545//318
f 4546//319 4547//319 4548//319
f 4549//320 4550//320 4551//320
f 4552//321 4553//321 4554//321
f 4555//322 4556//322 4557//322
f 4558//323 4559//323 4560//323
f 4561//324 4562//324 4563//324
f 4564//325 4565//325 4566//325
f 4567//326 4568//326 4569//326
f 4570//327 4571//327 4572//327
f 4573//328 4574//328 4575//328
f 4576//329 4577//329 4578//329
f 4579//330 4580//330 4581//330
f 4582//331 4583//331 4584//331
f 4585//332 4586//332 4587//332
f 4588//333 4589//333 4590//333
f 4591//334 4592//334 4593//334
f 4594//335 4595//335 4596//335
f 4597//336 4598//336 4599//336
f 4600//337 4601//337 4602//337
f 4603//338 4604//338 4605//338
f 4606//339 4607//339 4608//339
f 4609//340 4610//340 4611//340
f 4612//341 4613//341 4614//341
f 4615//342 4616//342 4617//342
f 4618//343 4619//343 4620//343
f 4621//344 4622//344 4623//344
f 4624//345 4625//345 4626//345
f 4627//346 4628//346 4629//346
f 4630//347 4631//347 4632//347
f 4633//348 4634//348 4635//348
f 4636//349 4637//349 4638//349
f 4639//350 4640//350 4641//350
f 4642//351 4643//351 4644//351
f 4645//352 4646//352 4647//352
f 4648//353 4649//353 4650//353
f 4651//354 4652//354 4653//354
f 4654//355 4655//355 4656//355
f 4657//356 4658//356 4659//356
f 4660//357 4661//357 4662//357
f 4663//358 4664//358 4665//358
f 4666//359 4667//359 4668//359
f 4669//360 4670//360 4671//360
f 4672//361 4673//361 4674//361
f 4675//362 4676//362 4677//362
f 4678//363 4679//363 4680//363
f 4681//364 4682//364 4683//364
f 4684//365 4685//365 4686//365
f 4687//366 4688//366 4689//366
f 4690//367 4691//367 4692//367
f 4693//368 4694//368 4695//368
f 4696//369 4697//369 4698//369
f 4699//370 4700//370 4701//370
f 4702//371 4703//371 4704//371
f 4705//372 4706//372 4707//372
f 4708//373 4709//373 4710//373
f 4711//374 4712//374 4713//374
f 4714//375 4715//375 4716//375
f 4717//376 4718//376 4719//376
f 4720//377 4721//377 4722//377
f 4723//378 4724//378 4725//378
f 4726//379 4727//379 4728//379
f 4729//380 4730//380 4731//380
f 4732//381 4733//381 4734//381
f 4735//382 4736//382 4737//382
f 4738//383 4739//383 4740//383
f 4741//384 4742//384 4743//384
f 4744//385 4745//385 4746//385
f 4747//386 4748//386 4749//386
f 4750//387 4751//387 4752//387
f 4753//388 4754//388 4755//388
f 4756//389 4757//389 4758//389
f 4759//390 4760//390 4761//390
f 4762//391 4763//391 4764//391
f 4765//392 4766//392 4767//392
f 4768//393 4769//393 4770//393
f 4771//394 4772//394 4773//394
f 4774//395 4775//395 4776//395
f 4777//396 4778//396 4779//396
f 4780//397 4781//397 4782//397
f 4783//398 4784//398 4785//398
f 4786//399 4787//399 4788//399
f 4789//400 4790//400 4791//400
f 4792//401 4793//401 4794//401
f 4795//402 4796//402 4797//402
f 4798//403 4799//403 4800//403
f 4801//404 4802//404 4803//404
f 4804//405 4805//405 4806//405
f 4807//406 4808//406 4809//406
f 4810//407 4811//407 4812//407
f 4813//408 4814//408 4815//408
f 4816//409 4817//409 4818//409
f 4819//410 4820//410 4821//410
f 4822//411 4823//411 4824//411
f 4825//412 4826//412 4827//412
f 4828//413 4829//413 4830//413
f 4831//414 4832//414 4833//414
f 4834//415 4835//415 4836//415
f 4837//416 4838//416 4839//416
f 4840//417 4841//417 4842//417
f 4843//418 4844//418 4845//418
f 4846//419 4847//419 4848//419
f 4849//420 4850//420 4851//420
f 4852//421 4853//421 4854//421
f 4855//422 4856//422 4857//422
f 4858//423 4859//423 4860//423
f 4861//424 4862//424 4863//424
f 4864//425 4865//425 4866//425
f 4867//426 4868//426 4869//426
f 4870//427 4871//427 4872//427
f 4873//428 4874//428 4875//428
f 4876//429 4877//429 4878//429
f 4879//430 4880//430 4881//430
f 4882//431 4883//431 4884//431
f 4885//432 4886//432 4887//432
f 4888//433 4889//433 4890//433
f 4891//434 4892//434 4893//434
f 4894//435 4895//435 4896//435
f 4897//436 4898//436 4899//436
f 4900//437 4901//437 4902//437
f 4903//438 4904//438 4905//438
f 4906//439 4907//439 4908//439
f 4909//440 4910//440 4911//440
f 4912//441 4913//441 4914//441
f 4915//442 4916//442 4917//442
f 4918//443 4919//443 4920//443
f 4921//444 4922//444 4923//444
f 4924//445 4925//445 4926//445
f 4927//446 4928//446 4929//446
f 4930//447 4931//447 4932//447
f 4933//448 4934//448 4935//448
f 4936//449 4937//449 4938//449
f 4939//450 4940//450 4941//450
f 4942//451 4943//451 4944//451
f 4945//452 4946//452 4947//452
f 4948//453 4949//453 4950//453
f 4951//454 4952//454 4953//454
f 4954//455 4955//455 4956//455
f 4957//456 4958//456 4959//456
f 4960//457 4961//457 4962//457
f 4963//458 4964//458 4965//458
f 4966//459 4967//459 4968//459
f 4969//460 4970//460 4971//460
f 4972//461 4973//461 4974//461
f 4975//462 4976//462 4977//462
f 4978//463 4979//463 4980//463
f 4981//464 4982//464 4983//464
f 4984//465 4985//465 4986//465
f 4987//466 4988//466 4989//466
f 4990//467 4991//467 4992//467
f 4993//468 4994//468 4995//468
f 4996//469 4997//469 4998//469
f 4999//470 5000//470 5001//470
f 5002//471 5003//471 5004//471
f 5005//472 5006//472 5007//472
f 5008//473 5009//473 5010//473
f 5011//474 5012//474 5013//474
f 5014//475 5015//475 5016//475
f 5017//476 5018//476 5019//476
f 5020//477 5021//477 5022//477
f 5023//478 5024//478 5025//478
f 5026//479 5027//479 5028//479
f 5029//480 5030//480 5031//480
f 5032//481 5033//481 5034//481
f 5035//482 5036//482 5037//482
f 5038//483 5039//483 5040//483
f 5041//484 5042//484 5043//484
f 5044//485 5045//485 5046//485
f 5047//486 5048//486 5049//486
f 5050//487 5051//487 5052//487
f 5053//488 5054//488 5055//488
f 5056//489 5057//489 5058//489
f 5059//490 5060//490 5061//490
f 5062//491 5063//491 5064//491
f 5065//492 5066//492 5067//492
f 5068//493 5069//493 5070//493
f 5071//494 5072//494 5073//494
f 5074//495 5075//495 5076//495
f 5077//496 5078//496 5079//496
f 5080//497 5081//497 5082//497
f 5083//498 5084//498 5085//498
f 5086//499 5087//499 5088//499
f 5089//500 5090//500 5091//500
f 5092//501 5093//501 5094//501
f 5095//502 5096//502 5097//502
f 5098//503 5099//503 5100//503
f 5101//504 5102//504 5103//504
f 5104//505 5105//505 5106//505
f 5107//506 5108//506 5109//506
f 5110//507 5111//507 5112//507
f 5113//508 5114//508 5115//508
f 5116//509 5117//509 5118//509
f 5119//510 5120//510 5121//510
f 5122//511 5123//511 5124//511
f 5125//512 5126//512 5127//512
f 5128//513 5129//513 5130//513
f 5131//514 5132//514 5133//514
f 5134//515 5135//515 5136//515
f 5137//516 5138//516 5139//516
f 5140//517 5141//517 5142//517
f 5143//518 5144//518 5145//518
f 5146//519 5147//519 5148//519
f 5149//520 5150//520 5151//520
f 5152//521 5153//521 5154//521
f 5155//522 5156//522 5157//522
f 5158//523 5159//523 5160//523
f 5161//524 5162//524 5163//524
f 5164//525 5165//525 5166//525
f 5167//526 5168//526 5169//526
f 5170//527 5171//527 5172//527
f 5173//528 5174//528 5175//528
f 5176//529 5177//529 5178//529
f 5179//530 5180//530 5181//530
f 5182//531 5183//531 5184//531
f 5185//532 5186//532 5187//532
f 5188//533 5189//533 5190//533
f 5191//534 5192//534 5193//534
f 5194//535 5195//535 5196//535
f 5197//536 5198//536 5199//536
f 5200//537 5201//537 5202//537
f 5203//538 5204//538 5205//538
f 5206//539 5207//539 5208//539
f 5209//540 5210//540 5211//540
f 5212//541 5213//541 5214//541
f 5215//542 5216//542 5217//542
f 5218//543 5219//543 5220//543
f 5221//544 5222//544 5223//544
f 5224//545 5225//545 5226//545
f 5227//546 5228//546 5229//546
f 5230//547 5231//547 5232//547
f 5233//548 5234//548 5235//548
f 5236//549 5237//549 5238//549
f 5239//550 5240//550 5241//550
f 5242//551 5243//551 5244//551
f 5245//552 5246//552 5247//552
f 5248//553 5249//553 5250//553
f 5251//554 5252//554 5253//554
f 5254//555 5255//555 5256//555
f 5257//556 5258//556 5259//556
f 5260//557 5261//557 5262//557
f 5263//558 5264//558 5265//558
f 5266//559 5267//559 5268//559
f 5269//560 5270//560 5271//560
f 5272//561 5273//561 5274//561
f 5275//562 5276//562 5277//562
f 5278//563 5279//563 5280//563
f 5281//564 5282//564 5283//564
f 5284//565 5285//565 5286//565
f 5287//566 5288//566 5289//566
f 5290//567 5291//567 5292//567
f 5293//568 5294//568 5295//568
f 5296//569 5297//569 5298//569
f 5299//570 5300//570 5301//570
f 5302//571 5303//571 5304//571
f 5305//572 5306//572 5307//572
f 5308//573 5309//573 5310//573
f 5311//574 5312//574 5313//574
f 5314//575 5315//575 5316//575
f 5317//576 5318//576 5319//576
f 5320//577 5321//577 5322//577
f 5323//578 5324//578 5325//578
f 5326//579 5327//579 5328//579
f 5329//580 5330//580 5331//580
f 5332//581 5333//581 5334//581
f 5335//582 5336//582 5337//582
f 5338//583 5339//583 5340//583
f 5341//584 5342//584 5343//584
f 5344//585 5345//585 5346//585
f 5347//586 5348//586 5349//586
f 5350//587 5351//587 5352//587
f 5353//296 5354//296 5355//296
f 5356//588 5357//588 5358//588
f 5359//589 5360//589 5361//589
f 5362//590 5363//590 5364//590
f 5365//591 5366//591 5367//591
f 5368//592 5369//592 5370//592
f 5371//593 5372//593 5373//593
f 5374//594 5375//594 5376//594
f 5377//595 5378//595 5379//595
f 5380//596 5381//596 5382//596
f 5383//597 5384//597 5385//597
f 5386//598 5387//598 5388//598
f 5389//599 5390//599 5391//599
f 5392//600 5393//600 5394//600
f 5395//601 5396//601 5397//601
f 5398//602 5399//602 5400//602
f 5401//603 5402//603 5403//603
f 5404//604 5405//604 5406//604
f 5407//605 5408//605 5409//605
f 5410//606 5411//606 5412//606
f 5413//607 5414//607 5415//607
f 5416//608 5417//608 5418//608
f 5419//609 5420//609 5421//609
f 5422//610 5423//610 5424//610
f 5425//611 5426//611 5427//611
f 5428//612 5429//612 5430//612
f 5431//613 5432//613 5433//613
f 5434//614 5435//614 5436//614
f 5437//615 5438//615 5439//615
f 5440//616 5441//616 5442//616
f 5443//617 5444//617 5445//617
f 5446//618 5447//618 5448//618
f 5449//619 5450//619 5451//619
f 5452//620 5453//620 5454//620
f 5455//621 5456//621 5457//621
f 5458//622 5459//622 5460//622
f 5461//623 5462//623 5463//623
f 5464//624 5465//624 5466//624
f 5467//625 5468//625 5469//625
f 5470//626 5471//626 5472//626
f 5473//627 5474//627 5475//627
f 5476//628 5477//628 5478//628
f 5479//629 5480//629 5481//629
f 5482//630 5483//630 5484//630
f 5485//631 5486//631 5487//631
f 5488//632 5489//632 5490//632
f 5491//633 5492//633 5493//633
f 5494//634 5495//634 5496//634
f 5497//635 5498//635 5499//635
f 5500//636 5501//636 5502//636
f 5503//637 5504//637 5505//637
f 5506//638 5507//638 5508//638
f 5509//639 5510//639 5511//639
f 5512//640 5513//640 5514//640
f 5515//641 5516//641 5517//641
f 5518//642 5519//642 5520//642
f 5521//643 5522//643 5523//643
f 5524//644 5525//644 5526//644
f 5527//645 5528//645 5529//645
f 5530//646 5531//646 5532//646
f 5533//647 5534//647 5535//647
f 5536//648 5537//648 5538//648
f 5539//649 5540//649 5541//649
f 5542//650 5543//650 5544//650
f 5545//651 5546//651 5547//651
f 5548//652 5549//652 5550//652
f 5551//653 5552//653 5553//653
f 5554//654 5555//654 5556//654
f 5557//655 5558//655 5559//655
f 5560//656 5561//656 5562//656
f 5563//657 5564//657 5565//657
f 5566//658 5567//658 5568//658
f 5569//659 5570//659 5571//659
f 5572//660 5573//660 5574//660
f 5575//661 5576//661 5577//661
f 5578//662 5579//662 5580//662
f 5581//663 5582//663 5583//663
f 5584//664 5585//664 5586//664
f 5587//665 5588//665 5589//665
f 5590//666 5591//666 5592//666
f 5593//667 5594//667 5595//667
f 5596//668 5597//668 5598//668
f 5599//669 5600//669 5601//669
f 5602//670 5603//670 5604//670
f 5605//671 5606//671 5607//671
f 5608//672 5609//672 5610//672
f 5611//673 5612//673 5613//673
f 5614//674 5615//674 5616//674
f 5617//675 5618//675 5619//675
f 5620//676 5621//676 5622//676
f 5623//677 5624//677 5625//677
f 5626//678 5627//678 5628//678
f 5629//679 5630//679 5631//679
f 5632//680 5633//680 5634//680
f 5635//681 5636//681 5637//681
f 5638//682 5639//682 5640//682
f 5641//683 5642//683 5643//683
f 5644//684 5645//684 5646//684
f 5647//685 5648//685 5649//685
f 5650//686 5651//686 5652//686
f 5653//687 5654//687 5655//687
f 5656//688 5657//688 5658//688
f 5659//689 5660//689 5661//689
f 5662//690 5663//690 5664//690
f 5665//691 5666//691 5667//691
f 5668//692 5669//692 5670//692
f 5671//693 5672//693 5673//693
f 5674//694 5675//694 5676//694
f 5677//695 5678//695 5679//695
f 5680//696 5681//696 5682//696
f 5683//697 5684//697 5685//697
f 5686//698 5687//698 5688//698
f 5689//699 5690//699 5691//699
f 5692//700 5693//700 5694//700
f 5695//701 5696//701 5697//701
f 5698//702 5699//702 5700//702
f 5701//703 5702//703 5703//703
f 5704//704 5705//704 5706//704
f 5707//705 5708//705 5709//705
f 5710//706 5711//706 5712//706
f 5713//707 5714//707 5715//707
f 5716//708 5717//708 5718//708
f 5719//709 5720//709 5721//709
f 5722//710 5723//710 5724//710
f 5725//711 5726//711 5727//711
f 5728//712 5729//712 5730//712
f 5731//713 5732//713 5733//713
f 5734//714 5735//714 5736//714
f 5737//715 5738//715 5739//715
f 5740//716 5741//716 5742//716
f 5743//717 5744//717 5745//717
f 5746//718 5747//718 5748//718
f 5749//719 5750//719 5751//719
f 5752//720 5753//720 5754//720
f 5755//721 5756//721 5757//721
f 5758//722 5759//722 5760//722
f 5761//723 5762//723 5763//723
f 5764//724 5765//724 5766//724
f 5767//725 5768//725 5769//725
f 5770//726 5771//726 5772//726
f 5773//727 5774//727 5775//727
f 5776//728 5777//728 5778//728
f 5779//729 5780//729 5781//729
f 5782//730 5783//730 5784//730
f 5785//731 5786//731 5787//731
f 5788//732 5789//732 5790//732
f 5791//733 5792//733 5793//733
f 5794//734 5795//734 5796//734
f 5797//735 5798//735 5799//735
f 5800//736 5801//736 5802//736
f 5803//737 5804//737 5805//737
f 5806//738 5807//738 5808//738
f 5809//739 5810//739 5811//739
f 5812//740 5813//740 5814//740
f 5815//741 5816//741 5817//741
f 5818//742 5819//742 5820//742
f 5821//743 5822//743 5823//743
f 5824//744 5825//744 5826//744
f 5827//745 5828//745 5829//745
f 5830//746 5831//746 5832//746
f 5833//747 5834//747 5835//747
f 5836//748 5837//748 5838//748
f 5839//749 5840//749 5841//749
f 5842//750 5843//750 5844//750
f 5845//751 5846//751 5847//751
f 5848//752 5849//752 5850//752
f 5851//753 5852//753 5853//753
f 5854//754 5855//754 5856//754
f 5857//755 5858//755 5859//755
f 5860//756 5861//756 5862//756
f 5863//757 5864//757 5865//757
f 5866//758 5867//758 5868//758
f 5869//759 5870//759 5871//759
f 5872//760 5873//760 5874//760
f 5875//761 5876//761 5877//761
f 5878//762 5879//762 5880//762
f 5881//763 5882//763 5883//763
f 5884//764 5885//764 5886//764
f 5887//765 5888//765 5889//765
f 5890//766 5891//766 5892//766
f 5893//767 5894//767 5895//767
f 5896//768 5897//768 5898//768
f 5899//769 5900//769 5901//769
f 5902//770 5903//770 5904//770
f 5905//771 5906//771 5907//771
f 5908//772 5909//772 5910//772
f 5911//773 5912//773 5913//773
f 5914//774 5915//774 5916//775
f 5917//776 5918//776 5919//776
f 5920//777 5921//777 5922//777
f 5923//778 5924//778 5925//778
f 5926//779 5927//779 5928//779
f 5929//780 5930//780 5931//780
f 5932//781 5933//781 5934//781
f 5935//782 5936//782 5937//782
f 5938//783 5939//783 5940//783
f 5941//784 5942//784 5943//784
f 5944//785 5945//785 5946//785
f 5947//786 5948//786 5949//786
f 5950//787 5951//787 5952//787
f 5953//788 5954//788 5955//788
f 5956//789 5957//789 5958//789
f 5959//790 5960//790 5961//790
f 5962//791 5963//791 5964//791
f 5965//792 5966//792 5967//792
f 5968//793 5969//793 5970//793
f 5971//794 5972//794 5973//794
f 5974//795 5975//795 5976//795
f 5977//796 5978//796 5979//796
f 5980//797 5981//797 5982//797
f 5983//798 5984//798 5985//798
f 5986//799 5987//799 5988//799
f 5989//800 5990//800 5991//800
f 5992//801 5993//801 5994//801
f 5995//802 5996//802 5997//802
f 5998//803 5999//803 6000//803
f 6001//804 6002//804 6003//804
f 6004//805 6005//805 6006//805
f 6007//806 6008//806 6009//806
f 6010//390 6011//390 6012//390
f 6013//807 6014//807 6015//807
f 6016//808 6017//808 6018//808
f 6019//809 6020//809 6021//809
f 6022//810 6023//810 6024//810
f 6025//811 6026//811 6027//811
f 6028//812 6029//812 6030//812
f 6031//813 6032//813 6033//813
f 6034//814 6035//814 6036//814
f 6037//815 6038//815 6039//815
f 6040//816 6041//816 6042//816
f 6043//817 6044//817 6045//817
f 6046//818 6047//818 6048//818
f 6049//819 6050//819 6051//819
f 6052//820 6053//820 6054//820
f 6055//821 6056//821 6057//821
f 6058//822 6059//822 6060//822
f 6061//823 6062//823 6063//823
f 6064//824 6065//824 6066//824
f 6067//825 6068//825 6069//825
f 6070//826 6071//826 6072//826
f 6073//827 6074//827 6075//827
f 6076//828 6077//828 6078//828
f 6079//829 6080//829 6081//829
f 6082//830 6083//830 6084//830
f 6085//831 6086//831 6087//831
f 6088//832 6089//832 6090//832
f 6091//833 6092//833 6093//833
f 6094//834 6095//834 6096//834
f 6097//835 6098//835 6099//835
f 6100//836 6101//836 6102//836
f 6103//837 6104//837 6105//837
f 6106//838 6107//838 6108//838
f 6109//839 6110//839 6111//839
f 6112//840 6113//840 6114//840
f 6115//841 6116//841 6117//841
f 6118//842 6119//842 6120//842
f 6121//843 6122//843 6123//843
f 6124//844 6125//844 6126//844
f 6127//845 6128//845 6129//845
f 6130//846 6131//846 6132//846
f 6133//847 6134//847 6135//847
f 6136//848 6137//848 6138//848
f 6139//849 6140//849 6141//849
f 6142//850 6143//850 6144//850
f 6145//851 6146//851 6147//851
f 6148//852 6149//852 6150//852
f 6151//853 6152//853 6153//853
f 6154//854 6155//854 6156//854
f 6157//855 6158//855 6159//855
f 6160//856 6161//856 6162//856
f 6163//857 6164//857 6165//857
f 6166//858 6167//858 6168//858
f 6169//859 6170//859 6171//859
f 6172//860 6173//860 6174//860
f 6175//861 6176//861 6177//861
f 6178//862 6179//862 6180//862
f 6181//863 6182//863 6183//863
f 6184//864 6185//864 6186//864
f 6187//865 6188//865 6189//865
f 6190//866 6191//866 6192//866
f 6193//867 6194//867 6195//867
f 6196//868 6197//868 6198//868
f 6199//869 6200//869 6201//869
f 6202//870 6203//870 6204//870
f 6205//871 6206//871 6207//871
f 6208//872 6209//872 6210//872
f 6211//873 6212//873 6213//873
f 6214//874 6215//874 6216//874
f 6217//875 6218//875 6219//875
f 6220//876 6221//876 6222//876
f 6223//877 6224//877 6225//877
f 6226//878 6227//878 6228//878
f 6229//879 6230//879 6231//879
f 6232//880 6233//880 6234//880
f 6235//881 6236//881 6237//881
f 6238//882 6239//882 6240//882
f 6241//883 6242//883 6243//883
f 6244//884 6245//884 6246//884
f 6247//885 6248//885 6249//885
f 6250//886 6251//886 6252//886
f 6253//887 6254//887 6255//887
f 6256//888 6257//888 6258//888
f 6259//889 6260//889 6261//889
f 6262//890 6263//890 6264//890
f 6265//891 6266//891 6267//891
f 6268//892 6269//892 6270//892
f 6271//893 6272//893 6273//893
f 6274//894 6275//894 6276//894
f 6277//895 6278//895 6279//895
f 6280//896 6281//896 6282//896
f 6283//897 6284//897 6285//897
f 6286//898 6287//898 6288//898
f 6289//899 6290//899 6291//899
f 6292//900 6293//900 6294//900
f 6295//901 6296//901 6297//901
f 6298//902 6299//902 6300//902
f 6301//903 6302//903 6303//903
f 6304//904 6305//904 6306//904
f 6307//905 6308//905 6309//905
f 6310//258 6311//258 6312//258
f 6313//906 6314//906 6315//906
f 6316//907 6317//907 6318//907
f 6319//908 6320//908 6321//908
f 6322//909 6323//909 6324//909
f 6325//910 6326//910 6327//910
f 6328//911 6329//911 6330//911
f 6331//912 6332//912 6333//912
f 6334//913 6335//913 6336//913
f 6337//914 6338//914 6339//914
f 6340//268 6341//268 6342//268
f 6343//915 6344//915 6345//915
f 6346//270 6347//270 6348//270
f 6349//916 6350//916 6351//916
f 6352//272 6353//272 6354//272
f 6355//917 6356//917 6357//917
f 6358//274 6359//274 6360//274
f 6361//918 6362//918 6363//918
f 6364//276 6365//276 6366//276
f 6367//919 6368//919 6369//919
f 6370//278 6371//278 6372//278
f 6373//920 6374//920 6375//920
f 6376//921 6377//921 6378//921
f 6379//922 6380//922 6381//922
f 6382//923 6383//923 6384//923
f 6385//924 6386//924 6387//924
f 6388//925 6389//925 6390//925
f 6391//926 6392//926 6393//926
f 6394//927 6395//927 6396//927
f 6397//928 6398//928 6399//928
f 6400//929 6401//929 6402//929
f 6403//930 6404//930 6405//930
f 6406//931 6407//931 6408//931
f 6409//932 6410//932 6411//932
f 6412//933 6413//933 6414//933
f 6415//934 6416//934 6417//934
f 6418//294 6419//294 6420//294
f 6421//935 6422//935 6423//935
f 6424//936 6425//936 6426//936
f 6427//937 6428//937 6429//937
f 6430//938 6431//938 6432//938
f 6433//230 6434//230 6435//230
f 6436//230 6437//230 6438//230
f 6439//230 6440//230 6441//230
f 6442//230 6443//230 6444//230
f 6445//230 6446//230 6447//230
f 6448//230 6449//230 6450//230
f 6451//230 6452//230 6453//230
f 6454//230 6455//230 6456//230
f 6457//230 6458//230 6459//230
f 6460//230 6461//230 6462//230
f 6463//230 6464//230 6465//230
f 6466//230 6467//230 6468//230
f 6469//230 6470//230 6471//230
f 6472//230 6473//230 6474//230
f 6475//230 6476//230 6477//230
f 6478//230 6479//230 6480//230
f 6481//230 6482//230 6483//230
f 6484//230 6485//230 6486//230
f 6487//230 6488//230 6489//230
f 6490//230 6491//230 6492//230
f 6493//230 6494//230 6495//230
f 6496//230 6497//230 6498//230
f 6499//230 6500//230 6501//230
f 6502//230 6503//230 6504//230
f 6505//230 6506//230 6507//230
f 6508//230 6509//230 6510//230
f 6511//230 6512//230 6513//230
f 6514//230 6515//230 6516//230
f 6517//230 6518//230 6519//230
f 6520//230 6521//230 6522//230
f 6523//230 6524//230 6525//230
f 6526//230 6527//230 6528//230
f 6529//230 6530//230 6531//230
f 6532//230 6533//230 6534//230
f 6535//230 6536//230 6537//230
f 6538//230 6539//230 6540//230
f 6541//230 6542//230 6543//230
f 6544//230 6545//230 6546//230
f 6547//230 6548//230 6549//230
f 6550//230 6551//230 6552//230
f 6553//230 6554//230 6555//230
f 6556//230 6557//230 6558//230
f 6559//230 6560//230 6561//230
f 6562//230 6563//230 6564//230
f 6565//230 6566//230 6567//230
f 6568//230 6569//230 6570//230
f 6571//230 6572//230 6573//230
f 6574//230 6575//230 6576//230
f 6577//230 6578//230 6579//230
f 6580//230 6581//230 6582//230
f 6583//230 6584//230 6585//230
f 6586//230 6587//230 6588//230
f 6589//230 6590//230 6591//230
f 6592//230 6593//230 6594//230
f 6595//230 6596//230 6597//230
f 6598//230 6599//230 6600//230
f 6601//230 6602//230 6603//230
f 6604//230 6605//230 6606//230
f 6607//230 6608//230 6609//230
f 6610//230 6611//230 6612//230
f 6613//230 6614//230 6615//230
f 6616//230 6617//230 6618//230
f 6619//230 6620//230 6621//230
f 6622//230 6623//230 6624//230
f 6625//230 6626//230 6627//230
f 6628//230 6629//230 6630//230
f 6631//230 6632//230 6633//230
f 6634//230 6635//230 6636//230
f 6637//230 6638//230 6639//230
f 6640//230 6641//230 6642//230
f 6643//230 6644//230 6645//230
f 6646//230 6647//230 6648//230
f 6649//230 6650//230 6651//230
f 6652//230 6653//230 6654//230
f 6655//230 6656//230 6657//230
f 6658//230 6659//230 6660//230
f 6661//230 6662//230 6663//230
f 6664//230 6665//230 6666//230
f 6667//230 6668//230 6669//230
f 6670//230 6671//230 6672//230
f 6673//230 6674//230 6675//230
f 6676//230 6677//230 6678//230
f 6679//230 6680//230 6681//230
f 6682//230 6683//230 6684//230
f 6685//230 6686//230 6687//230
f 6688//230 6689//230 6690//230
f 6691//230 6692//230 6693//230
f 6694//230 6695//230 6696//230
f 6697//230 6698//230 6699//230
f 6700//230 6701//230 6702//230
f 6703//230 6704//230 6705//230
f 6706//230 6707//230 6708//230
f 6709//230 6710//230 6711//230
f 6712//230 6713//230 6714//230
f 6715//230 6716//230 6717//230
f 6718//230 6719//230 6720//230
f 6721//230 6722//230 6723//230
f 6724//230 6725//230 6726//230
f 6727//230 6728//230 6729//230
f 6730//230 6731//230 6732//230
f 6733//230 6734//230 6735//230
f 6736//230 6737//230 6738//230
f 6739//230 6740//230 6741//230
f 6742//230 6743//230 6744//230
f 6745//230 6746//230 6747//230
f 6748//230 6749//230 6750//230
f 6751//230 6752//230 6753//230
f 6754//230 6755//230 6756//230
f 6757//230 6758//230 6759//230
f 6760//230 6761//230 6762//230
f 6763//230 6764//230 6765//230
f 6766//230 6767//230 6768//230
f 6769//230 6770//230 6771//230
f 6772//230 6773//230 6774//230
f 6775//230 6776//230 6777//230
f 6778//230 6779//230 6780//230
f 6781//230 6782//230 6783//230
f 6784//230 6785//230 6786//230
f 6787//230 6788//230 6789//230
f 6790//230 6791//230 6792//230
f 6793//230 6794//230 6795//230
f 6796//230 6797//230 6798//230
f 6799//230 6800//230 6801//230
f 6802//230 6803//230 6804//230
f 6805//230 6806//230 6807//230
f 6808//230 6809//230 6810//230
f 6811//230 6812//230 6813//230
f 6814//230 6815//230 6816//230
f 6817//230 6818//230 6819//230
f 6820//230 6821//230 6822//230
f 6823//230 6824//230 6825//230
f 6826//230 6827//230 6828//230
f 6829//230 6830//230 6831//230
f 6832//230 6833//230 6834//230
f 6835//230 6836//230 6837//230
f 6838//230 6839//230 6840//230
f 6841//230 6842//230 6843//230
f 6844//230 6845//230 6846//230
f 6847//230 6848//230 6849//230
f 6850//230 6851//230 6852//230
f 6853//230 6854//230 6855//230
f 6856//230 6857//230 6858//230
f 6859//230 6860//230 6861//230
f 6862//230 6863//230 6864//230
f 6865//230 6866//230 6867//230
f 6868//230 6869//230 6870//230
f 6871//230 6872//230 6873//230
f 6874//230 6875//230 6876//230
f 6877//230 6878//230 6879//230
f 6880//230 6881//230 6882//230
f 6883//230 6884//230 6885//230
f 6886//230 6887//230 6888//230
f 6889//230 6890//230 6891//230
f 6892//230 6893//230 6894//230
f 6895//230 6896//230 6897//230
f 6898//230 6899//230 6900//230
f 6901//230 6902//230 6903//230
f 6904//230 6905//230 6906//230
f 6907//230 6908//230 6909//230
f 6910//230 6911//230 6912//230
f 6913//230 6914//230 6915//230
f 6916//230 6917//230 6918//230
f 6919//230 6920//230 6921//230
f 6922//230 6923//230 6924//230
f 6925//230 6926//230 6927//230
f 6928//230 6929//230 6930//230
f 6931//230 6932//230 6933//230
f 6934//230 6935//230 6936//230
f 6937//230 6938//230 6939//230
f 6940//230 6941//230 6942//230
f 6943//230 6944//230 6945//230
f 6946//230 6947//230 6948//230
f 6949//230 6950//230 6951//230
f 6952//230 6953//230 6954//230
f 6955//230 6956//230 6957//230
f 6958//230 6959//230 6960//230
f 6961//230 6962//230 6963//230
f 6964//230 6965//230 6966//230
f 6967//230 6968//230 6969//230
f 6970//230 6971//230 6972//230
f 6973//230 6974//230 6975//230
f 6976//230 6977//230 6978//230
f 6979//230 6980//230 6981//230
f 6982//230 6983//230 6984//230
f 6985//230 6986//230 6987//230
f 6988//230 6989//230 6990//230
f 6991//230 6992//230 6993//230
f 6994//230 6995//230 6996//230
f 6997//230 6998//230 6999//230
f 7000//230 7001//230 7002//230
f 7003//230 7004//230 7005//230
f 7006//230 7007//230 7008//230
f 7009//230 7010//230 7011//230
f 7012//230 7013//230 7014//230
f 7015//230 7016//230 7017//230
f 7018//230 7019//230 7020//230
f 7021//230 7022//230 7023//230
f 7024//230 7025//230 7026//230
f 7027//230 7028//230 7029//230
f 7030//230 7031//230 7032//230
f 7033//230 7034//230 7035//230
f 7036//230 7037//230 7038//230
f 7039//230 7040//230 7041//230
f 7042//230 7043//230 7044//230
f 7045//230 7046//230 7047//230
f 7048//230 7049//230 7050//230
f 7051//230 7052//230 7053//230
f 7054//230 7055//230 7056//230
f 7057//230 7058//230 7059//230
f 7060//230 7061//230 7062//230
f 7063//230 7064//230 7065//230
f 7066//230 7067//230 7068//230
f 7069//230 7070//230 7071//230
f 7072//230 7073//230 7074//230
f 7075//230 7076//230 7077//230
f 7078//230 7079//230 7080//230
f 7081//230 7082//230 7083//230
f 7084//230 7085//230 7086//230
f 7087//230 7088//230 7089//230
f 7090//230 7091//230 7092//230
f 7093//230 7094//230 7095//230
f 7096//230 7097//230 7098//230
f 7099//230 7100//230 7101//230
f 7102//230 7103//230 7104//230
f 7105//230 7106//230 7107//230
f 7108//230 7109//230 7110//230
f 7111//230 7112//230 7113//230
f 7114//230 7115//230 7116//230
f 7117//230 7118//230 7119//230
f 7120//230 7121//230 7122//230
f 7123//230 7124//230 7125//230
f 7126//230 7127//230 7128//230
f 7129//230 7130//230 7131//230
f 7132//230 7133//230 7134//230
f 7135//230 7136//230 7137//230
f 7138//230 7139//230 7140//230
f 7141//230 7142//230 7143//230
f 7144//230 7145//230 7146//230
f 7147//230 7148//230 7149//230
f 7150//230 7151//230 7152//230
f 7153//230 7154//230 7155//230
f 7156//230 7157//230 7158//230
f 7159//230 7160//230 7161//230
f 7162//230 7163//230 7164//230
f 7165//230 7166//230 7167//230
f 7168//230 7169//230 7170//230
f 7171//230 7172//230 7173//230
f 7174//230 7175//230 7176//230
f 7177//230 7178//230 7179//230
f 7180//230 7181//230 7182//230
f 7183//230 7184//230 7185//230
f 7186//230 7187//230 7188//230
f 7189//230 7190//230 7191//230
f 7192//230 7193//230 7194//230
f 7195//230 7196//230 7197//230
f 7198//230 7199//230 7200//230
f 7201//230 7202//230 7203//230
f 7204//230 7205//230 7206//230
f 7207//230 7208//230 7209//230
f 7210//230 7211//230 7212//230
f 7213//230 7214//230 7215//230
f 7216//230 7217//230 7218//230
f 7219//230 7220//230 7221//230
f 7222//230 7223//230 7224//230
f 7225//230 7226//230 7227//230
f 7228//230 7229//230 7230//230
f 7231//230 7232//230 7233//230
f 7234//230 7235//230 7236//230
f 7237//230 7238//230 7239//230
f 7240//230 7241//230 7242//230
f 7243//230 7244//230 7245//230
f 7246//230 7247//230 7248//230
f 7249//230 7250//230 7251//230
f 7252//230 7253//230 7254//230
f 7255//230 7256//230 7257//230
f 7258//230 7259//230 7260//230
f 7261//230 7262//230 7263//230
f 7264//230 7265//230 7266//230
f 7267//230 7268//230 7269//230
f 7270//230 7271//230 7272//230
f 7273//230 7274//230 7275//230
f 7276//230 7277//230 7278//230
f 7279//230 7280//230 7281//230
f 7282//230 7283//230 7284//230
f 7285//230 7286//230 7287//230
f 7288//230 7289//230 7290//230
f 7291//230 7292//230 7293//230
f 7294//230 7295//230 7296//230
f 7297//230 7298//230 7299//230
f 7300//230 7301//230 7302//230
f 7303//230 7304//230 7305//230
f 7306//230 7307//230 7308//230
f 7309//230 7310//230 7311//230
f 7312//230 7313//230 7314//230
f 7315//230 7316//230 7317//230
f 7318//230 7319//230 7320//230
f 7321//230 7322//230 7323//230
f 7324//230 7325//230 7326//230
f 7327//230 7328//230 7329//230
f 7330//230 7331//230 7332//230
f 7333//230 7334//230 7335//230
f 7336//230 7337//230 7338//230
f 7339//230 7340//230 7341//230
f 7342//230 7343//230 7344//230
f 7345//230 7346//230 7347//230
f 7348//230 7349//230 7350//230
f 7351//230 7352//230 7353//230
f 7354//230 7355//230 7356//230
f 7357//230 7358//230 7359//230
f 7360//230 7361//230 7362//230
f 7363//230 7364//230 7365//230
f 7366//230 7367//230 7368//230
f 7369//230 7370//230 7371//230
f 7372//230 7373//230 7374//230
f 7375//230 7376//230 7377//230
f 7378//230 7379//230 7380//230
f 7381//230 7382//230 7383//230
f 7384//230 7385//230 7386//230
f 7387//230 7388//230 7389//230
f 7390//230 7391//230 7392//230
f 7393//230 7394//230 7395//230
f 7396//230 7397//230 7398//230
f 7399//230 7400//230 7401//230
f 7402//230 7403//230 7404//230
f 7405//230 7406//230 7407//230
f 7408//230 7409//230 7410//230
f 7411//230 7412//230 7413//230
f 7414//230 7415//230 7416//230
f 7417//230 7418//230 7419//230
f 7420//230 7421//230 7422//230
f 7423//230 7424//230 7425//230
f 7426//230 7427//230 7428//230
f 7429//230 7430//230 7431//230
f 7432//230 7433//230 7434//230
f 7435//230 7436//230 7437//230
f 7438//230 7439//230 7440//230
f 7441//230 7442//230 7443//230
f 7444//230 7445//230 7446//230
f 7447//230 7448//230 7449//230
f 7450//230 7451//230 7452//230
f 7453//230 7454//230 7455//230
f 7456//230 7457//230 7458//230
f 7459//230 7460//230 7461//230
f 7462//230 7463//230 7464//230
f 7465//230 7466//230 7467//230
f 7468//230 7469//230 7470//230
f 7471//230 7472//230 7473//230
f 7474//230 7475//230 7476//230
f 7477//230 7478//230 7479//230
f 7480//230 7481//230 7482//230
f 7483//230 7484//230 7485//230
f 7486//230 7487//230 7488//230
f 7489//230 7490//230 7491//230
f 7492//230 7493//230 7494//230
f 7495//230 7496//230 7497//230
f 7498//230 7499//230 7500//230
f 7501//230 7502//230 7503//230
f 7504//230 7505//230 7506//230
f 7507//230 7508//230 7509//230
f 7510//230 7511//230 7512//230
f 7513//230 7514//230 7515//230
f 7516//230 7517//230 7518//230
f 7519//230 7520//230 7521//230
f 7522//230 7523//230 7524//230
f 7525//230 7526//230 7527//230
f 7528//230 7529//230 7530//230
f 7531//230 7532//230 7533//230
f 7534//230 7535//230 7536//230
f 7537//230 7538//230 7539//230
f 7540//230 7541//230 7542//230
f 7543//230 7544//230 7545//230
f 7546//230 7547//230 7548//230
f 7549//230 7550//230 7551//230
f 7552//230 7553//230 7554//230
f 7555//230 7556//230 7557//230
f 7558//230 7559//230 7560//230
f 7561//230 7562//230 7563//230
f 7564//230 7565//230 7566//230
f 7567//230 7568//230 7569//230
f 7570//230 7571//230 7572//230
f 7573//230 7574//230 7575//230
f 7576//230 7577//230 7578//230
f 7579//230 7580//230 7581//230
f 7582//230 7583//230 7584//230
f 7585//230 7586//230 7587//230
f 7588//230 7589//230 7590//230
f 7591//230 7592//230 7593//230
f 7594//230 7595//230 7596//230
f 7597//230 7598//230 7599//230
f 7600//230 7601//230 7602//230
f 7603//230 7604//230 7605//230
f 7606//230 7607//230 7608//230
f 7609//230 7610//230 7611//230
f 7612//230 7613//230 7614//230
f 7615//230 7616//230 7617//230
f 7618//230 7619//230 7620//230
f 7621//230 7622//230 7623//230
f 7624//230 7625//230 7626//230
f 7627//230 7628//230 7629//230
f 7630//230 7631//230 7632//230
f 7633//230 7634//230 7635//230
f 7636//230 7637//230 7638//230
f 7639//230 7640//230 7641//230
f 7642//230 7643//230 7644//230
f 7645//230 7646//230 7647//230
f 7648//230 7649//230 7650//230
f 7651//230 7652//230 7653//230
f 7654//230 7655//230 7656//230
f 7657//230 7658//230 7659//230
f 7660//230 7661//230 7662//230
f 7663//230 7664//230 7665//230
f 7666//230 7667//230 7668//230
f 7669//230 7670//230 7671//230
f 7672//230 7673//230 7674//230
f 7675//230 7676//230 7677//230
f 7678//230 7679//230 7680//230
f 7681//230 7682//230 7683//230
f 7684//230 7685//230 7686//230
f 7687//230 7688//230 7689//230
f 7690//230 7691//230 7692//230
f 7693//230 7694//230 7695//230
f 7696//230 7697//230 7698//230
f 7699//230 7700//230 7701//230
f 7702//230 7703//230 7704//230
f 7705//230 7706//230 7707//230
f 7708//230 7709//230 7710//230
f 7711//230 7712//230 7713//230
f 7714//230 7715//230 7716//230
f 7717//230 7718//230 7719//230
f 7720//230 7721//230 7722//230
f 7723//230 7724//230 7725//230
f 7726//230 7727//230 7728//230
f 7729//230 7730//230 7731//230
f 7732//230 7733//230 7734//230
f 7735//230 7736//230 7737//230
f 7738//230 7739//230 7740//230
f 7741//230 7742//230 7743//230
f 7744//230 7745//230 7746//230
f 7747//230 7748//230 7749//230
f 7750//230 7751//230 7752//230
f 7753//230 7754//230 7755//230
f 7756//230 7757//230 7758//230
f 7759//230 7760//230 7761//230
f 7762//230 7763//230 7764//230
f 7765//230 7766//230 7767//230
f 7768//230 7769//230 7770//230
f 7771//230 7772//230 7773//230
f 7774//230 7775//230 7776//230
f 7777//230 7778//230 7779//230
f 7780//230 7781//230 7782//230
f 7783//230 7784//230 7785//230
f 7786//230 7787//230 7788//230
f 7789//230 7790//230 7791//230
f 7792//230 7793//230 7794//230
f 7795//230 7796//230 7797//230
f 7798//230 7799//230 7800//230
f 7801//230 7802//230 7803//230
f 7804//230 7805//230 7806//230
f 7807//230 7808//230 7809//230
f 7810//230 7811//230 7812//230
f 7813//230 7814//230 7815//230
f 7816//230 7817//230 7818//230
f 7819//230 7820//230 7821//230
f 7822//230 7823//230 7824//230
f 7825//230 7826//230 7827//230
f 7828//230 7829//230 7830//230
f 7831//230 7832//230 7833//230
f 7834//230 7835//230 7836//230
f 7837//230 7838//230 7839//230
f 7840//230 7841//230 7842//230
f 7843//230 7844//230 7845//230
f 7846//230 7847//230 7848//230
f 7849//230 7850//230 7851//230
f 7852//230 7853//230 7854//230
f 7855//230 7856//230 7857//230
f 7858//230 7859//230 7860//230
f 7861//230 7862//230 7863//230
f 7864//230 7865//230 7866//230
f 7867//230 7868//230 7869//230
f 7870//939 7871//939 7872//939
f 7873//940 7874//940 7875//940
f 7876//941 7877//941 7878//941
f 7879//942 7880//942 7881//942
f 7882//943 7883//943 7884//943
f 7885//944 7886//944 7887//944
f 7888//945 7889//945 7890//945
f 7891//946 7892//946 7893//946
f 7894//947 7895//947 7896//947
f 7897//948 7898//948 7899//948
f 7900//949 7901//949 7902//949
f 7903//950 7904//950 7905//950
f 7906//951 7907//951 7908//951
f 7909//952 7910//952 7911//952
f 7912//953 7913//953 7914//953
f 7915//954 7916//954 7917//954
f 7918//955 7919//955 7920//955
f 7921//956 7922//956 7923//956
f 7924//957 7925//957 7926//957
f 7927//958 7928//958 7929//958
f 7930//959 7931//959 7932//959
f 7933//960 7934//960 7935//960
f 7936//961 7937//961 7938//961
f 7939//962 7940//962 7941//962
f 7942//963 7943//963 7944//963
f 7945//964 7946//964 7947//964
f 7948//965 7949//965 7950//965
f 7951//966 7952//966 7953//966
f 7954//967 7955//967 7956//967
f 7957//968 7958//968 7959//968
f 7960//969 7961//969 7962//969
f 7963//970 7964//970 7965//970
f 7966//971 7967//971 7968//971
f 7969//972 7970//972 7971//972
f 7972//679 7973//679 7974//679
f 7975//973 7976//973 7977//973
f 7978//974 7979//974 7980//974
f 7981//975 7982//975 7983//975
f 7984//976 7985//976 7986//976
f 7987//977 7988//977 7989//977
f 7990//978 7991//978 7992//978
f 7993//979 7994//979 7995//979
f 7996//980 7997//980 7998//980
f 7999//981 8000//981 8001//981
f 8002//982 8003//982 8004//982
f 8005//983 8006//983 8007//983
f 8008//984 8009//984 8010//984
f 8011//985 8012//985 8013//985
f 8014//986 8015//986 8016//986
f 8017//987 8018//987 8019//987
f 8020//988 8021//988 8022//988
f 8023//989 8024//989 8025//989
f 8026//990 8027//990 8028//990
f 8029//991 8030//991 8031//991
f 8032//992 8033//992 8034//992
f 8035//993 8036//993 8037//993
f 8038//994 8039//994 8040//994
f 8041//995 8042//995 8043//995
f 8044//996 8045//996 8046//996
f 8047//997 8048//997 8049//997
f 8050//998 8051//998 8052//998
f 8053//999 8054//999 8055//999
f 8056//1000 8057//1000 8058//1000
f 8059//1001 8060//1001 8061//1001
f 8062//1002 8063//1002 8064//1002
f 8065//1003 8066//1003 8067//1003
f 8068//1004 8069//1004 8070//1004
f 8071//1005 8072//1005 8073//1005
f 8074//1006 8075//1006 8076//1006
f 8077//1007 8078//1007 8079//1007
f 8080//1008 8081//1008 8082//1008
f 8083//1009 8084//1009 8085//1009
f 8086//1010 8087//1010 8088//1010
f 8089//1011 8090//1011 8091//1011
f 8092//1012 8093//1012 8094//1012
f 8095//1013 8096//1013 8097//1013
f 8098//1014 8099//1014 8100//1014
f 8101//1015 8102//1015 8103//1015
f 8104//1016 8105//1016 8106//1016
f 8107//1017 8108//1017 8109//1017
f 8110//1018 8111//1018 8112//1018
f 8113//1019 8114//1019 8115//1019
f 8116//1020 8117//1020 8118//1020
f 8119//1021 8120//1021 8121//1021
f 8122//1022 8123//1022 8124//1022
f 8125//1023 8126//1023 8127//1023
f 8128//1024 8129//1024 8130//1024
f 8131//1025 8132//1025 8133//1025
f 8134//1026 8135//1026 8136//1026
f 8137//1027 8138//1027 8139//1027
f 8140//1028 8141//1028 8142//1028
f 8143//1029 8144//1029 8145//1029
f 8146//1030 8147//1030 8148//1030
f 8149//1031 8150//1031 8151//1031
f 8152//1032 8153//1032 8154//1032
f 8155//1033 8156//1033 8157//1033
f 8158//1034 8159//1034 8160//1034
f 8161//1035 8162//1035 8163//1035
f 8164//1036 8165//1036 8166//1036
f 8167//1037 8168//1037 8169//1037
f 8170//1038 8171//1038 8172//1038
f 8173//1039 8174//1039 8175//1039
f 8176//1040 8177//1040 8178//1040
f 8179//1041 8180//1041 8181//1041
f 8182//1042 8183//1042 8184//1042
f 8185//1043 8186//1043 8187//1043
f 8188//1044 8189//1044 8190//1044
f 8191//1045 8192//1045 8193//1045
f 8194//1046 8195//1046 8196//1046
f 8197//1047 8198//1047 8199//1047
f 8200//1048 8201//1048 8202//1048
f 8203//1049 8204//1049 8205//1049
f 8206//1050 8207//1050 8208//1050
f 8209//1051 8210//1051 8211//1051
f 8212//1052 8213//1052 8214//1052
f 8215//1053 8216//1053 8217//1053
f 8218//1054 8219//1054 8220//1054
f 8221//1055 8222//1055 8223//1055
f 8224//1056 8225//1056 8226//1056
f 8227//1057 8228//1057 8229//1057
f 8230//1058 8231//1058 8232//1058
f 8233//1059 8234//1059 8235//1059
f 8236//1060 8237//1060 8238//1060
f 8239//1061 8240//1061 8241//1061
f 8242//1062 8243//1062 8244//1062
f 8245//1063 8246//1063 8247//1063
f 8248//1064 8249//1064 8250//1064
f 8251//1065 8252//1065 8253//1065
f 8254//898 8255//898 8256//898
f 8257//1066 8258//1066 8259//1066
f 8260//1067 8261//1067 8262//1067
f 8263//1068 8264//1068 8265//1068
f 8266//1069 8267//1069 8268//1069
f 8269//1070 8270//1070 8271//1070
f 8272//1071 8273//1071 8274//1071
f 8275//1072 8276//1072 8277//1072
f 8278//1073 8279//1073 8280//1073
f 8281//1074 8282//1074 8283//1074
f 8284//1075 8285//1075 8286//1075
f 8287//1076 8288//1076 8289//1076
f 8290//1077 8291//1077 8292//1077
f 8293//1078 8294//1078 8295//1078
f 8296//1079 8297//1079 8298//1079
f 8299//1080 8300//1080 8301//1080
f 8302//1081 8303//1081 8304//1081
f 8305//1082 8306//1082 8307//1082
f 8308//1083 8309//1083 8310//1083
f 8311//1084 8312//1084 8313//1084
f 8314//562 8315//562 8316//562
f 8317//1085 8318//1085 8319//1085
f 8320//564 8321//564 8322//564
f 8323//1086 8324//1086 8325//1086
f 8326//566 8327//566 8328//566
f 8329//1087 8330//1087 8331//1087
f 8332//568 8333//568 8334//568
f 8335//1088 8336//1088 8337//1088
f 8338//1089 8339//1089 8340//1089
f 8341//1090 8342//1090 8343//1090
f 8344//1091 8345//1091 8346//1091
f 8347//1092 8348//1092 8349//1092
f 8350//1093 8351//1093 8352//1093
f 8353//1094 8354//1094 8355//1094
f 8356//1095 8357//1095 8358//1095
f 8359//1096 8360//1096 8361//1096
f 8362//1097 8363//1097 8364//1097
f 8365//1098 8366//1098 8367//1098
f 8368//1099 8369//1099 8370//1099
f 8371//1100 8372//1100 8373//1100
f 8374//1101 8375//1101 8376//1101
f 8377//1102 8378//1102 8379//1102
f 8380//1103 8381//1103 8382//1103
f 8383//1104 8384//1104 8385//1104
f 8386//1105 8387//1105 8388//1105
f 8389//1106 8390//1106 8391//1106
f 8392//1107 8393//1107 8394//1107
f 8395//1108 8396//1108 8397//1108
f 8398//1109 8399//1109 8400//1109
f 8401//1110 8402//1110 8403//1110
f 8404//1111 8405//1111 8406//1111
f 8407//1112 8408//1112 8409//1112
f 8410//716 8411//716 8412//716
f 8413//1113 8414//1113 8415//1113
f 8416//1114 8417//1114 8418//1114
f 8419//1115 8420//1115 8421//1115
f 8422//1116 8423//1116 8424//1116
f 8425//1117 8426//1117 8427//1117
f 8428//1118 8429//1118 8430//1118
f 8431//1119 8432//1119 8433//1119
f 8434//1120 8435//1120 8436//1120
f 8437//1121 8438//1121 8439//1121
f 8440//1122 8441//1122 8442//1122
f 8443//1123 8444//1123 8445//1123
f 8446//1124 8447//1124 8448//1124
f 8449//1125 8450//1125 8451//1125
f 8452//1126 8453//1126 8454//1126
f 8455//1127 8456//1127 8457//1127
f 8458//1128 8459//1128 8460//1128
f 8461//1129 8462//1129 8463//1129
f 8464//1130 8465//1130 8466//1130
f 8467//1131 8468//1131 8469//1131
f 8470//1132 8471//1132 8472//1132
f 8473//1133 8474//1133 8475//1133
f 8476//1134 8477//1134 8478//1134
f 8479//1135 8480//1135 8481//1135
f 8482//1136 8483//1136 8484//1136
f 8485//1137 8486//1137 8487//1137
f 8488//1138 8489//1138 8490//1138
f 8491//1139 8492//1139 8493//1139
f 8494//1140 8495//1140 8496//1140
f 8497//1141 8498//1141 8499//1141
f 8500//1142 8501//1142 8502//1142
f 8503//1143 8504//1143 8505//1143
f 8506//1144 8507//1144 8508//1144
f 8509//1145 8510//1145 8511//1145
f 8512//1146 8513//1146 8514//1146
f 8515//1147 8516//1147 8517//1147
f 8518//1148 8519//1148 8520//1148
f 8521//1149 8522//1149 8523//1149
f 8524//1150 8525//1150 8526//1150
f 8527//1151 8528//1151 8529//1151
f 8530//1152 8531//1152 8532//1152
f 8533//1153 8534//1153 8535//1153
f 8536//1154 8537//1154 8538//1154
f 8539//1155 8540//1155 8541//1155
f 8542//1156 8543//1156 8544//1156
f 8545//1157 8546//1157 8547//1157
f 8548//1158 8549//1158 8550//1158
f 8551//1159 8552//1159 8553//1159
f 8554//1160 8555//1160 8556//1160
f 8557//1161 8558//1161 8559//1161
f 8560//1162 8561//1162 8562//1162
f 8563//1163 8564//1163 8565//1163
f 8566//1164 8567//1164 8568//1164
f 8569//1165 8570//1165 8571//1165
f 8572//1166 8573//1166 8574//1166
f 8575//1167 8576//1167 8577//1167
f 8578//1168 8579//1168 8580//1168
f 8581//230 8582//230 8583//230
f 8584//230 8585//230 8586//230
f 8587//230 8588//230 8589//230
f 8590//230 8591//230 8592//230
f 8593//230 8594//230 8595//230
f 8596//230 8597//230 8598//230
f 8599//230 8600//230 8601//230
f 8602//230 8603//230 8604//230
f 8605//230 8606//230 8607//230
f 8608//230 8609//230 8610//230
f 8611//230 8612//230 8613//230
f 8614//230 8615//230 8616//230
f 8617//230 8618//230 8619//230
f 8620//230 8621//230 8622//230
f 8623//230 8624//230 8625//230
f 8626//230 8627//230 8628//230
f 8629//230 8630//230 8631//230
f 8632//230 8633//230 8634//230
f 8635//230 8636//230 8637//230
f 8638//230 8639//230 8640//230
f 8641//230 8642//230 8643//230
f 8644//230 8645//230 8646//230
f 8647//230 8648//230 8649//230
f 8650//230 8651//230 8652//230
f 8653//230 8654//230 8655//230
f 8656//230 8657//230 8658//230
f 8659//230 8660//230 8661//230
f 8662//230 8663//230 8664//230
f 8665//230 8666//230 8667//230
f 8668//230 8669//230 8670//230
f 8671//230 8672//230 8673//230
f 8674//230 8675//230 8676//230
f 8677//230 8678//230 8679//230
f 8680//230 8681//230 8682//230
f 8683//230 8684//230 8685//230
f 8686//230 8687//230 8688//230
f 8689//230 8690//230 8691//230
f 8692//230 8693//230 8694//230
f 8695//230 8696//230 8697//230
f 8698//230 8699//230 8700//230
f 8701//230 8702//230 8703//230
f 8704//230 8705//230 8706//230
f 8707//230 8708//230 8709//230
f 8710//230 8711//230 8712//230
f 8713//230 8714//230 8715//230
f 8716//230 8717//230 8718//230
f 8719//230 8720//230 8721//230
f 8722//230 8723//230 8724//230
f 8725//230 8726//230 8727//230
f 8728//230 8729//230 8730//230
f 8731//230 8732//230 8733//230
f 8734//230 8735//230 8736//230
f 8737//230 8738//230 8739//230
f 8740//230 8741//230 8742//230
f 8743//230 8744//230 8745//230
f 8746//230 8747//230 8748//230
f 8749//230 8750//230 8751//230
f 8752//230 8753//230 8754//230
f 8755//230 8756//230 8757//230
f 8758//230 8759//230 8760//230
f 8761//230 8762//230 8763//230
f 8764//230 8765//230 8766//230
f 8767//230 8768//230 8769//230
f 8770//230 8771//230 8772//230
f 8773//230 8774//230 8775//230
f 8776//230 8777//230 8778//230
f 8779//230 8780//230 8781//230
f 8782//230 8783//230 8784//230
f 8785//230 8786//230 8787//230
f 8788//230 8789//230 8790//230
f 8791//230 8792//230 8793//230
f 8794//230 8795//230 8796//230
f 8797//230 8798//230 8799//230
f 8800//230 8801//230 8802//230
f 8803//230 8804//230 8805//230
f 8806//230 8807//230 8808//230
f 8809//230 8810//230 8811//230
f 8812//230 8813//230 8814//230
f 8815//230 8816//230 8817//230
f 8818//230 8819//230 8820//230
f 8821//230 8822//230 8823//230
f 8824//230 8825//230 8826//230
f 8827//230 8828//230 8829//230
f 8830//230 8831//230 8832//230
f 8833//230 8834//230 8835//230
f 8836//230 8837//230 8838//230
f 8839//230 8840//230 8841//230
f 8842//230 8843//230 8844//230
f 8845//230 8846//230 8847//230
f 8848//230 8849//230 8850//230
f 8851//230 8852//230 8853//230
f 8854//230 8855//230 8856//230
f 8857//230 8858//230 8859//230
f 8860//230 8861//230 8862//230
f 8863//230 8864//230 8865//230
f 8866//230 8867//230 8868//230
f 8869//230 8870//230 8871//230
f 8872//230 8873//230 8874//230
f 8875//230 8876//230 8877//230
f 8878//230 8879//230 8880//230
f 8881//230 8882//230 8883//230
f 8884//230 8885//230 8886//230
f 8887//230 8888//230 8889//230
f 8890//230 8891//230 8892//230
f 8893//230 8894//230 8895//230
f 8896//230 8897//230 8898//230
f 8899//230 8900//230 8901//230
f 8902//230 8903//230 8904//230
f 8905//230 8906//230 8907//230
f 8908//230 8909//230 8910//230
f 8911//230 8912//230 8913//230
f 8914//230 8915//230 8916//230
f 8917//230 8918//230 8919//230
f 8920//230 8921//230 8922//230
f 8923//230 8924//230 8925//230
f 8926//230 8927//230 8928//230
f 8929//230 8930//230 8931//230
f 8932//230 8933//230 8934//230
f 8935//230 8936//230 8937//230
f 8938//230 8939//230 8940//230
f 8941//230 8942//230 8943//230
f 8944//230 8945//230 8946//230
f 8947//230 8948//230 8949//230
f 8950//230 8951//230 8952//230
f 8953//230 8954//230 8955//230
f 8956//230 8957//230 8958//230
f 8959//230 8960//230 8961//230
f 8962//230 8963//230 8964//230
f 8965//230 8966//230 8967//230
f 8968//230 8969//230 8970//230
f 8971//230 8972//230 8973//230
f 8974//230 8975//230 8976//230
f 8977//230 8978//230 8979//230
f 8980//230 8981//230 8982//230
f 8983//230 8984//230 8985//230
f 8986//230 8987//230 8988//230
f 8989//230 8990//230 8991//230
f 8992//230 8993//230 8994//230
f 8995//230 8996//230 8997//230
f 8998//230 8999//230 9000//230
f 9001//230 9002//230 9003//230
f 9004//230 9005//230 9006//230
f 9007//230 9008//230 9009//230
f 9010//230 9011//230 9012//230
f 9013//230 9014//230 9015//230
f 9016//230 9017//230 9018//230
f 9019//230 9020//230 9021//230
f 9022//230 9023//230 9024//230
f 9025//230 9026//230 9027//230
f 9028//230 9029//230 9030//230
f 9031//230 9032//230 9033//230
f 9034//230 9035//230 9036//230
f 9037//230 9038//230 9039//230
f 9040//230 9041//230 9042//230
f 9043//230 9044//230 9045//230
f 9046//230 9047//230 9048//230
f 9049//230 9050//230 9051//230
f 9052//230 9053//230 9054//230
f 9055//230 9056//230 9057//230
f 9058//230 9059//230 9060//230
f 9061//230 9062//230 9063//230
f 9064//230 9065//230 9066//230
f 9067//230 9068//230 9069//230
f 9070//230 9071//230 9072//230
f 9073//230 9074//230 9075//230
f 9076//230 9077//230 9078//230
f 9079//230 9080//230 9081//230
f 9082//230 9083//230 9084//230
f 9085//230 9086//230 9087//230
f 9088//230 9089//230 9090//230
f 9091//230 9092//230 9093//230
f 9094//230 9095//230 9096//230
f 9097//230 9098//230 9099//230
f 9100//230 9101//230 9102//230
f 9103//230 9104//230 9105//230
f 9106//230 9107//230 9108//230
f 9109//230 9110//230 9111//230
f 9112//230 9113//230 9114//230
f 9115//230 9116//230 9117//230
f 9118//230 9119//230 9120//230
f 9121//230 9122//230 9123//230
f 9124//230 9125//230 9126//230
f 9127//230 9128//230 9129//230
f 9130//230 9131//230 9132//230
f 9133//230 9134//230 9135//230
f 9136//230 9137//230 9138//230
f 9139//230 9140//230 9141//230
f 9142//230 9143//230 9144//230
f 9145//230 9146//230 9147//230
f 9148//230 9149//230 9150//230
f 9151//230 9152//230 9153//230
f 9154//230 9155//230 9156//230
f 9157//230 9158//230 9159//230
f 9160//230 9161//230 9162//230
f 9163//230 9164//230 9165//230
f 9166//230 9167//230 9168//230
f 9169//230 9170//230 9171//230
f 9172//230 9173//230 9174//230
f 9175//230 9176//230 9177//230
f 9178//230 9179//230 9180//230
f 9181//230 9182//230 9183//230
f 9184//230 9185//230 9186//230
f 9187//230 9188//230 9189//230
f 9190//230 9191//230 9192//230
f 9193//230 9194//230 9195//230
f 9196//230 9197//230 9198//230
f 9199//230 9200//230 9201//230
f 9202//230 9203//230 9204//230
f 9205//230 9206//230 9207//230
f 9208//230 9209//230 9210//230
f 9211//230 9212//230 9213//230
f 9214//230 9215//230 9216//230
f 9217//230 9218//230 9219//230
f 9220//230 9221//230 9222//230
f 9223//230 9224//230 9225//230
f 9226//230 9227//230 9228//230
f 9229//230 9230//230 9231//230
f 9232//230 9233//230 9234//230
f 9235//230 9236//230 9237//230
f 9238//230 9239//230 9240//230
f 9241//230 9242//230 9243//230
f 9244//230 9245//230 9246//230
f 9247//230 9248//230 9249//230
f 9250//230 9251//230 9252//230
f 9253//230 9254//230 9255//230
f 9256//230 9257//230 9258//230
f 9259//230 9260//230 9261//230
f 9262//230 9263//230 9264//230
f 9265//230 9266//230 9267//230
f 9268//230 9269//230 9270//230
f 9271//230 9272//230 9273//230
f 9274//230 9275//230 9276//230
f 9277//230 9278//230 9279//230
f 9280//230 9281//230 9282//230
f 9283//230 9284//230 9285//230
f 9286//230 9287//230 9288//230
f 9289//230 9290//230 9291//230
f 9292//230 9293//230 9294//230
f 9295//230 9296//230 9297//230
f 9298//230 9299//230 9300//230
f 9301//230 9302//230 9303//230
f 9304//230 9305//230 9306//230
f 9307//230 9308//230 9309//230
f 9310//230 9311//230 9312//230
f 9313//230 9314//230 9315//230
f 9316//230 9317//230 9318//230
f 9319//230 9320//230 9321//230
f 9322//230 9323//230 9324//230
f 9325//230 9326//230 9327//230
f 9328//230 9329//230 9330//230
f 9331//230 9332//230 9333//230
f 9334//230 9335//230 9336//230
f 9337//230 9338//230 9339//230
f 9340//230 9341//230 9342//230
f 9343//230 9344//230 9345//230
f 9346//230 9347//230 9348//230
f 9349//230 9350//230 9351//230
f 9352//230 9353//230 9354//230
f 9355//230 9356//230 9357//230
f 9358//230 9359//230 9360//230
f 9361//230 9362//230 9363//230
f 9364//230 9365//230 9366//230
f 9367//230 9368//230 9369//230
f 9370//230 9371//230 9372//230
f 9373//230 9374//230 9375//230
f 9376//230 9377//230 9378//230
f 9379//230 9380//230 9381//230
f 9382//230 9383//230 9384//230
f 9385//230 9386//230 9387//230
f 9388//230 9389//230 9390//230
f 9391//230 9392//230 9393//230
f 9394//230 9395//230 9396//230
f 9397//230 9398//230 9399//230
f 9400//230 9401//230 9402//230
f 9403//230 9404//230 9405//230
f 9406//230 9407//230 9408//230
f 9409//230 9410//230 9411//230
f 9412//230 9413//230 9414//230
f 9415//230 9416//230 9417//230
f 9418//230 9419//230 9420//230
f 9421//230 9422//230 9423//230
f 9424//230 9425//230 9426//230
f 9427//230 9428//230 9429//230
f 9430//230 9431//230 9432//230
f 9433//230 9434//230 9435//230
f 9436//230 9437//230 9438//230
f 9439//230 9440//230 9441//230
f 9442//230 9443//230 9444//230
f 9445//230 9446//230 9447//230
f 9448//230 9449//230 9450//230
f 9451//230 9452//230 9453//230
f 9454//230 9455//230 9456//230
f 9457//230 9458//230 9459//230
f 9460//230 9461//230 9462//230
f 9463//230 9464//230 9465//230
f 9466//230 9467//230 9468//230
f 9469//230 9470//230 9471//230
f 9472//230 9473//230 9474//230
f 9475//230 9476//230 9477//230
f 9478//230 9479//230 9480//230
f 9481//230 9482//230 9483//230
f 9484//230 9485//230 9486//230
f 9487//230 9488//230 9489//230
f 9490//230 9491//230 9492//230
f 9493//230 9494//230 9495//230
f 9496//230 9497//230 9498//230
f 9499//230 9500//230 9501//230
f 9502//230 9503//230 9504//230
f 9505//230 9506//230 9507//230
f 9508//230 9509//230 9510//230
f 9511//230 9512//230 9513//230
f 9514//230 9515//230 9516//230
f 9517//230 9518//230 9519//230
f 9520//230 9521//230 9522//230
f 9523//230 9524//230 9525//230
f 9526//230 9527//230 9528//230
f 9529//230 9530//230 9531//230
f 9532//230 9533//230 9534//230
f 9535//230 9536//230 9537//230
f 9538//230 9539//230 9540//230
f 9541//230 9542//230 9543//230
f 9544//230 9545//230 9546//230
f 9547//230 9548//230 9549//230
f 9550//230 9551//230 9552//230
f 9553//230 9554//230 9555//230
f 9556//230 9557//230 9558//230
f 9559//230 9560//230 9561//230
f 9562//230 9563//230 9564//230
f 9565//230 9566//230 9567//230
f 9568//230 9569//230 9570//230
f 9571//230 9572//230 9573//230
f 9574//230 9575//230 9576//230
f 9577//230 9578//230 9579//230
f 9580//230 9581//230 9582//230
f 9583//230 9584//230 9585//230
f 9586//230 9587//230 9588//230
f 9589//230 9590//230 9591//230
f 9592//230 9593//230 9594//230
f 9595//230 9596//230 9597//230
f 9598//230 9599//230 9600//230
f 9601//230 9602//230 9603//230
f 9604//230 9605//230 9606//230
f 9607//230 9608//230 9609//230
f 9610//230 9611//230 9612//230
f 9613//230 9614//230 9615//230
f 9616//230 9617//230 9618//230
f 9619//230 9620//230 9621//230
f 9622//230 9623//230 9624//230
f 9625//230 9626//230 9627//230
f 9628//230 9629//230 9630//230
f 9631//230 9632//230 9633//230
f 9634//230 9635//230 9636//230
f 9637//230 9638//230 9639//230
f 9640//230 9641//230 9642//230
f 9643//230 9644//230 9645//230
f 9646//230 9647//230 9648//230
f 9649//230 9650//230 9651//230
f 9652//230 9653//230 9654//230
f 9655//230 9656//230 9657//230
f 9658//230 9659//230 9660//230
f 9661//230 9662//230 9663//230
f 9664//230 9665//230 9666//230
f 9667//230 9668//230 9669//230
f 9670//230 9671//230 9672//230
f 9673//230 9674//230 9675//230
f 9676//230 9677//230 9678//230
f 9679//230 9680//230 9681//230
f 9682//230 9683//230 9684//230
f 9685//230 9686//230 9687//230
f 9688//230 9689//230 9690//230
f 9691//230 9692//230 9693//230
f 9694//230 9695//230 9696//230
f 9697//230 9698//230 9699//230
f 9700//230 9701//230 9702//230
f 9703//230 9704//230 9705//230
f 9706//230 9707//230 9708//230
f 9709//230 9710//230 9711//230
f 9712//230 9713//230 9714//230
f 9715//230 9716//230 9717//230
f 9718//230 9719//230 9720//230
f 9721//230 9722//230 9723//230
f 9724//230 9725//230 9726//230
f 9727//230 9728//230 9729//230
f 9730//230 9731//230 9732//230
f 9733//230 9734//230 9735//230
f 9736//230 9737//230 9738//230
f 9739//230 9740//230 9741//230
f 9742//230 9743//230 9744//230
f 9745//230 9746//230 9747//230
f 9748//230 9749//230 9750//230
f 9751//230 9752//230 9753//230
f 9754//230 9755//230 9756//230
f 9757//230 9758//230 9759//230
f 9760//230 9761//230 9762//230
f 9763//230 9764//230 9765//230
f 9766//230 9767//230 9768//230
f 9769//230 9770//230 9771//230
f 9772//230 9773//230 9774//230
f 9775//230 9776//230 9777//230
f 9778//230 9779//230 9780//230
f 9781//230 9782//230 9783//230
f 9784//230 9785//230 9786//230
f 9787//230 9788//230 9789//230
f 9790//230 9791//230 9792//230
f 9793//230 9794//230 9795//230
f 9796//230 9797//230 9798//230
f 9799//230 9800//230 9801//230
f 9802//230 9803//230 9804//230
f 9805//230 9806//230 9807//230
f 9808//230 9809//230 9810//230
f 9811//230 9812//230 9813//230
f 9814//230 9815//230 9816//230
f 9817//230 9818//230 9819//230
f 9820//230 9821//230 9822//230
f 9823//230 9824//230 9825//230
f 9826//230 9827//230 9828//230
f 9829//230 9830//230 9831//230
f 9832//230 9833//230 9834//230
f 9835//230 9836//230 9837//230
f 9838//230 9839//230 9840//230
f 9841//230 9842//230 9843//230
f 9844//230 9845//230 9846//230
f 9847//230 9848//230 9849//230
f 9850//230 9851//230 9852//230
f 9853//230 9854//230 9855//230
f 9856//230 9857//230 9858//230
f 9859//230 9860//230 9861//230
f 9862//230 9863//230 9864//230
f 9865//230 9866//230 9867//230
f 9868//230 9869//230 9870//230
f 9871//230 9872//230 9873//230
f 9874//230 9875//230 9876//230
f 9877//230 9878//230 9879//230
f 9880//230 9881//230 9882//230
f 9883//230 9884//230 9885//230
f 9886//230 9887//230 9888//230
f 9889//230 9890//230 9891//230
f 9892//230 9893//230 9894//230
f 9895//230 9896//230 9897//230
f 9898//230 9899//230 9900//230
f 9901//230 9902//230 9903//230
f 9904//230 9905//230 9906//230
f 9907//230 9908//230 9909//230
f 9910//230 9911//230 9912//230
f 9913//230 9914//230 9915//230
f 9916//230 9917//230 9918//230
f 9919//230 9920//230 9921//230
f 9922//230 9923//230 9924//230
f 9925//230 9926//230 9927//230
f 9928//230 9929//230 9930//230
f 9931//230 9932//230 9933//230
f 9934//230 9935//230 9936//230
f 9937//230 9938//230 9939//230
f 9940//230 9941//230 9942//230
f 9943//230 9944//230 9945//230
f 9946//230 9947//230 9948//230
f 9949//1169 9950//1169 9951//1169
f 9952//1169 9953//1169 9954//1169
f 9955//1169 9956//1169 9957//1169
f 9958//1170 9959//1170 9960//1170
f 9961//1170 9962//1170 9963//1170
f 9964//1170 9965//1170 9966//1170
f 9967//1170 9968//1170 9969//1170
f 9970//1171 9971//1171 9972//1171
f 9973//1171 9974//1171 9975//1171
f 9976//1171 9977//1171 9978//1171
f 9979//1172 9980//1172 9981//1172
f 9982//1172 9983//1172 9984//1172
f 9985//63 9986//63 9987//63
f 9988//63 9989//63 9990//63
f 9991//63 9992//63 9993//63
f 9994//63 9995//63 9996//63
f 9997//63 9998//63 9999//63
f 10000//63 10001//63 10002//63
f 10003//63 10004//63 10005//63
f 10006//63 10007//63 10008//63
f 10009//63 10010//63 10011//63
f 10012//63 10013//63 10014//63
f 10015//63 10016//63 10017//63
f 10018//63 10019//63 10020//63
f 10021//63 10022//63 10023//63
f 10024//63 10025//63 10026//63
f 10027//63 10028//63 10029//63
f 10030//63 10031//63 10032//63
f 10033//63 10034//63 10035//63
f 10036//63 10037//63 10038//63
f 10039//63 10040//63 10041//63
f 10042//63 10043//63 10044//63
f 10045//63 10046//63 10047//63
f 10048//63 10049//63 10050//63
f 10051//63 10052//63 10053//63
f 10054//63 10055//63 10056//63
f 10057//63 10058//63 10059//63
f 10060//63 10061//63 10062//63
f 10063//63 10064//63 10065//63
f 10066//63 10067//63 10068//63
f 10069//63 10070//63 10071//63
f 10072//63 10073//63 10074//63
f 10075//63 10076//63 10077//63
f 10078//63 10079//63 10080//63
f 10081//63 10082//63 10083//63
f 10084//63 10085//63 10086//63
f 10087//63 10088//63 10089//63
f 10090//63 10091//63 10092//63
f 10093//63 10094//63 10095//63
f 10096//63 10097//63 10098//63
f 10099//63 10100//63 10101//63
f 10102//63 10103//63 10104//63
f 10105//63 10106//63 10107//63
f 10108//63 10109//63 10110//63
f 10111//63 10112//63 10113//63
f 10114//63 10115//63 10116//63
f 10117//63 10118//63 10119//63
f 10120//63 10121//63 10122//63
f 10123//63 10124//63 10125//63
f 10126//63 10127//63 10128//63
f 10129//63 10130//63 10131//63
f 10132//63 10133//63 10134//63
f 10135//63 10136//63 10137//63
f 10138//63 10139//63 10140//63
f 10141//63 10142//63 10143//63
f 10144//63 10145//63 10146//63
f 10147//63 10148//63 10149//63
f 10150//63 10151//63 10152//63
f 10153//63 10154//63 10155//63
f 10156//63 10157//63 10158//63
f 10159//63 10160//63 10161//63
f 10162//63 10163//63 10164//63
f 10165//63 10166//63 10167//63
f 10168//63 10169//63 10170//63
f 10171//63 10172//63 10173//63
f 10174//63 10175//63 10176//63
f 10177//63 10178//63 10179//63
f 10180//63 10181//63 10182//63
f 10183//63 10184//63 10185//63
f 10186//63 10187//63 10188//63
f 10189//63 10190//63 10191//63
f 10192//63 10193//63 10194//63
f 10195//63 10196//63 10197//63
f 10198//63 10199//63 10200//63
f 10201//63 10202//63 10203//63
f 10204//63 10205//63 10206//63
f 10207//63 10208//63 10209//63
f 10210//63 10211//63 10212//63
f 10213//63 10214//63 10215//63
f 10216//63 10217//63 10218//63
f 10219//1173 10220//1173 10221//1173
f 10222//1173 10223//1173 10224//1173
f 10225//63 10226//63 10227//63
f 10228//63 10229//63 10230//63
f 10231//63 10232//63 10233//63
f 10234//63 10235//63 10236//63
f 10237//63 10238//63 10239//63
f 10240//63 10241//63 10242//63
f 10243//63 10244//63 10245//63
f 10246//63 10247//63 10248//63
f 10249//63 10250//63 10251//63
f 10252//63 10253//63 10254//63
f 10255//63 10256//63 10257//63
f 10258//63 10259//63 10260//63
f 10261//63 10262//63 10263//63
f 10264//63 10265//63 10266//63
f 10267//63 10268//63 10269//63
f 10270//63 10271//63 10272//63
f 10273//63 10274//63 10275//63
f 10276//63 10277//63 10278//63
f 10279//63 10280//63 10281//63
f 10282//63 10283//63 10284//63
f 10285//63 10286//63 10287//63
f 10288//63 10289//63 10290//63
f 10291//63 10292//63 10293//63
f 10294//63 10295//63 10296//63
f 10297//63 10298//63 10299//63
f 10300//63 10301//63 10302//63
f 10303//63 10304//63 10305//63
f 10306//63 10307//63 10308//63
f 10309//63 10310//63 10311//63
f 10312//63 10313//63 10314//63
f 10315//63 10316//63 10317//63
f 10318//63 10319//63 10320//63
f 10321//63 10322//63 10323//63
f 10324//63 10325//63 10326//63
f 10327//63 10328//63 10329//63
f 10330//63 10331//63 10332//63
f 10333//63 10334//63 10335//63
f 10336//63 10337//63 10338//63
f 10339//63 10340//63 10341//63
f 10342//63 10343//63 10344//63
f 10345//63 10346//63 10347//63
f 10348//63 10349//63 10350//63
f 10351//63 10352//63 10353//63
f 10354//63 10355//63 10356//63
f 10357//63 10358//63 10359//63
f 10360//63 10361//63 10362//63
f 10363//63 10364//63 10365//63
f 10366//63 10367//63 10368//63
f 10369//63 10370//63 10371//63
f 10372//63 10373//63 10374//63
f 10375//63 10376//63 10377//63
f 10378//63 10379//63 10380//63
f 10381//63 10382//63 10383//63
f 10384//63 10385//63 10386//63
f 10387//63 10388//63 10389//63
f 10390//63 10391//63 10392//63
f 10393//63 10394//63 10395//63
f 10396//63 10397//63 10398//63
f 10399//63 10400//63 10401//63
f 10402//63 10403//63 10404//63
f 10405//63 10406//63 10407//63
f 10408//63 10409//63 10410//63
f 10411//63 10412//63 10413//63
f 10414//63 10415//63 10416//63
f 10417//63 10418//63 10419//63
f 10420//63 10421//63 10422//63
f 10423//63 10424//63 10425//63
f 10426//63 10427//63 10428//63
f 10429//63 10430//63 10431//63
f 10432//63 10433//63 10434//63
f 10435//63 10436//63 10437//63
f 10438//63 10439//63 10440//63
f 10441//63 10442//63 10443//63
f 10444//63 10445//63 10446//63
f 10447//63 10448//63 10449//63
f 10450//63 10451//63 10452//63
f 10453//63 10454//63 10455//63
f 10456//63 10457//63 10458//63
f 10459//63 10460//63 10461//63
f 10462//63 10463//63 10464//63
f 10465//63 10466//63 10467//63
f 10468//63 10469//63 10470//63
f 10471//63 10472//63 10473//63
f 10474//63 10475//63 10476//63
f 10477//63 10478//63 10479//63
f 10480//63 10481//63 10482//63
f 10483//63 10484//63 10485//63
f 10486//63 10487//63 10488//63
f 10489//63 10490//63 10491//63
f 10492//63 10493//63 10494//63
f 10495//63 10496//63 10497//63
f 10498//63 10499//63 10500//63
f 10501//63 10502//63 10503//63
f 10504//63 10505//63 10506//63
f 10507//63 10508//63 10509//63
f 10510//63 10511//63 10512//63
f 10513//63 10514//63 10515//63
f 10516//63 10517//63 10518//63
f 10519//63 10520//63 10521//63
f 10522//63 10523//63 10524//63
f 10525//63 10526//63 10527//63
f 10528//63 10529//63 10530//63
f 10531//63 10532//63 10533//63
f 10534//63 10535//63 10536//63
f 10537//63 10538//63 10539//63
f 10540//63 10541//63 10542//63
f 10543//63 10544//63 10545//63
f 10546//63 10547//63 10548//63
f 10549//63 10550//63 10551//63
f 10552//63 10553//63 10554//63
f 10555//63 10556//63 10557//63
f 10558//63 10559//63 10560//63
f 10561//63 10562//63 10563//63
f 10564//63 10565//63 10566//63
f 10567//63 10568//63 10569//63
f 10570//63 10571//63 10572//63
f 10573//63 10574//63 10575//63
f 10576//63 10577//63 10578//63
f 10579//63 10580//63 10581//63
f 10582//63 10583//63 10584//63
f 10585//63 10586//63 10587//63
f 10588//63 10589//63 10590//63
f 10591//63 10592//63 10593//63
f 10594//63 10595//63 10596//63
f 10597//63 10598//63 10599//63
f 10600//63 10601//63 10602//63
f 10603//63 10604//63 10605//63
f 10606//63 10607//63 10608//63
f 10609//63 10610//63 10611//63
f 10612//63 10613//63 10614//63
f 10615//63 10616//63 10617//63
f 10618//63 10619//63 10620//63
f 10621//63 10622//63 10623//63
f 10624//63 10625//63 10626//63
f 10627//63 10628//63 10629//63
f 10630//63 10631//63 10632//63
f 10633//63 10634//63 10635//63
f 10636//63 10637//63 10638//63
f 10639//63 10640//63 10641//63
f 10642//63 10643//63 10644//63
f 10645//63 10646//63 10647//63
f 10648//63 10649//63 10650//63
f 10651//63 10652//63 10653//63
f 10654//63 10655//63 10656//63
f 10657//63 10658//63 10659//63
f 10660//63 10661//63 10662//63
f 10663//63 10664//63 10665//63
f 10666//1173 10667//1173 10668//1173
f 10669//1173 10670//1173 10671//1173
f 10672//63 10673//63 10674//63
f 10675//63 10676//63 10677//63
f 10678//63 10679//63 10680//63
f 10681//63 10682//63 10683//63
f 10684//63 10685//63 10686//63
f 10687//63 10688//63 10689//63
f 10690//63 10691//63 10692//63
f 10693//63 10694//63 10695//63
f 10696//63 10697//63 10698//63
f 10699//63 10700//63 10701//63
f 10702//63 10703//63 10704//63
f 10705//63 10706//63 10707//63
f 10708//63 10709//63 10710//63
f 10711//63 10712//63 10713//63
f 10714//63 10715//63 10716//63
f 10717//63 10718//63 10719//63
f 10720//63 10721//63 10722//63
f 10723//63 10724//63 10725//63
f 10726//63 10727//63 10728//63
f 10729//63 10730//63 10731//63
f 10732//63 10733//63 10734//63
f 10735//63 10736//63 10737//63
f 10738//63 10739//63 10740//63
f 10741//63 10742//63 10743//63
f 10744//63 10745//63 10746//63
f 10747//63 10748//63 10749//63
f 10750//63 10751//63 10752//63
f 10753//63 10754//63 10755//63
f 10756//63 10757//63 10758//63
f 10759//63 10760//63 10761//63
f 10762//63 10763//63 10764//63
f 10765//63 10766//63 10767//63
f 10768//63 10769//63 10770//63
f 10771//63 10772//63 10773//63
f 10774//63 10775//63 10776//63
f 10777//63 10778//63 10779//63
f 10780//63 10781//63 10782//63
f 10783//63 10784//63 10785//63
f 10786//63 10787//63 10788//63
f 10789//63 10790//63 10791//63
f 10792//63 10793//63 10794//63
f 10795//63 10796//63 10797//63
f 10798//63 10799//63 10800//63
f 10801//63 10802//63 10803//63
f 10804//63 10805//63 10806//63
f 10807//63 10808//63 10809//63
f 10810//63 10811//63 10812//63
f 10813//63 10814//63 10815//63
f 10816//63 10817//63 10818//63
f 10819//63 10820//63 10821//63
f 10822//63 10823//63 10824//63
f 10825//63 10826//63 10827//63
f 10828//63 10829//63 10830//63
f 10831//63 10832//63 10833//63
f 10834//63 10835//63 10836//63
f 10837//63 10838//63 10839//63
f 10840//63 10841//63 10842//63
f 10843//63 10844//63 10845//63
f 10846//63 10847//63 10848//63
f 10849//63 10850//63 10851//63
f 10852//63 10853//63 10854//63
f 10855//63 10856//63 10857//63
f 10858//63 10859//63 10860//63
f 10861//63 10862//63 10863//63
f 10864//63 10865//63 10866//63
f 10867//63 10868//63 10869//63
f 10870//63 10871//63 10872//63
f 10873//63 10874//63 10875//63
f 10876//63 10877//63 10878//63
f 10879//63 10880//63 10881//63
f 10882//63 10883//63 10884//63
f 10885//63 10886//63 10887//63
f 10888//63 10889//63 10890//63
f 10891//63 10892//63 10893//63
f 10894//63 10895//63 10896//63
f 10897//63 10898//63 10899//63
f 10900//63 10901//63 10902//63
f 10903//63 10904//63 10905//63
f 10906//63 10907//63 10908//63
f 10909//63 10910//63 10911//63
f 10912//63 10913//63 10914//63
f 10915//63 10916//63 10917//63
f 10918//63 10919//63 10920//63
f 10921//63 10922//63 10923//63
f 10924//63 10925//63 10926//63
f 10927//63 10928//63 10929//63
f 10930//63 10931//63 10932//63
f 10933//63 10934//63 10935//63
f 10936//63 10937//63 10938//63
f 10939//63 10940//63 10941//63
f 10942//63 10943//63 10944//63
f 10945//63 10946//63 10947//63
f 10948//63 10949//63 10950//63
f 10951//63 10952//63 10953//63
f 10954//63 10955//63 10956//63
f 10957//63 10958//63 10959//63
f 10960//63 10961//63 10962//63
f 10963//63 10964//63 10965//63
f 10966//63 10967//63 10968//63
f 10969//63 10970//63 10971//63
f 10972//63 10973//63 10974//63
f 10975//63 10976//63 10977//63
f 10978//63 10979//63 10980//63
f 10981//63 10982//63 10983//63
f 10984//63 10985//63 10986//63
f 10987//63 10988//63 10989//63
f 10990//63 10991//63 10992//63
f 10993//63 10994//63 10995//63
f 10996//63 10997//63 10998//63
f 10999//63 11000//63 11001//63
f 11002//63 11003//63 11004//63
f 11005//63 11006//63 11007//63
f 11008//63 11009//63 11010//63
f 11011//63 11012//63 11013//63
f 11014//63 11015//63 11016//63
f 11017//63 11018//63 11019//63
f 11020//63 11021//63 11022//63
f 11023//63 11024//63 11025//63
f 11026//63 11027//63 11028//63
f 11029//63 11030//63 11031//63
f 11032//63 11033//63 11034//63
f 11035//63 11036//63 11037//63
f 11038//63 11039//63 11040//63
f 11041//63 11042//63 11043//63
f 11044//63 11045//63 11046//63
f 11047//63 11048//63 11049//63
f 11050//63 11051//63 11052//63
f 11053//63 11054//63 11055//63
f 11056//63 11057//63 11058//63
f 11059//63 11060//63 11061//63
f 11062//63 11063//63 11064//63
f 11065//63 11066//63 11067//63
f 11068//63 11069//63 11070//63
f 11071//63 11072//63 11073//63
f 11074//63 11075//63 11076//63
f 11077//63 11078//63 11079//63
f 11080//63 11081//63 11082//63
f 11083//63 11084//63 11085//63
f 11086//63 11087//63 11088//63
f 11089//63 11090//63 11091//63
f 11092//63 11093//63 11094//63
f 11095//63 11096//63 11097//63
f 11098//63 11099//63 11100//63
f 11101//63 11102//63 11103//63
f 11104//63 11105//63 11106//63
f 11107//63 11108//63 11109//63
f 11110//63 11111//63 11112//63
f 11113//63 11114//63 11115//63
f 11116//63 11117//63 11118//63
f 11119//63 11120//63 11121//63
f 11122//63 11123//63 11124//63
f 11125//63 11126//63 11127//63
f 11128//63 11129//63 11130//63
f 11131//63 11132//63 11133//63
f 11134//63 11135//63 11136//63
f 11137//63 11138//63 11139//63
f 11140//63 11141//63 11142//63
f 11143//63 11144//63 11145//63
f 11146//63 11147//63 11148//63
f 11149//63 11150//63 11151//63
f 11152//63 11153//63 11154//63
f 11155//63 11156//63 11157//63
f 11158//63 11159//63 11160//63
f 11161//63 11162//63 11163//63
f 11164//63 11165//63 11166//63
f 11167//63 11168//63 11169//63
f 11170//63 11171//63 11172//63
f 11173//63 11174//63 11175//63
f 11176//63 11177//63 11178//63
f 11179//63 11180//63 11181//63
f 11182//63 11183//63 11184//63
f 11185//63 11186//63 11187//63
f 11188//63 11189//63 11190//63
f 11191//63 11192//63 11193//63
f 11194//63 11195//63 11196//63
f 11197//63 11198//63 11199//63
f 11200//63 11201//63 11202//63
f 11203//63 11204//63 11205//63
f 11206//63 11207//63 11208//63
f 11209//63 11210//63 11211//63
f 11212//63 11213//63 11214//63
f 11215//63 11216//63 11217//63
f 11218//63 11219//63 11220//63
f 11221//63 11222//63 11223//63
f 11224//63 11225//63 11226//63
f 11227//63 11228//63 11229//63
f 11230//63 11231//63 11232//63
f 11233//63 11234//63 11235//63
f 11236//63 11237//63 11238//63
f 11239//63 11240//63 11241//63
f 11242//63 11243//63 11244//63
f 11245//63 11246//63 11247//63
f 11248//63 11249//63 11250//63
f 11251//63 11252//63 11253//63
f 11254//63 11255//63 11256//63
f 11257//63 11258//63 11259//63
f 11260//63 11261//63 11262//63
f 11263//63 11264//63 11265//63
f 11266//63 11267//63 11268//63
f 11269//63 11270//63 11271//63
f 11272//63 11273//63 11274//63
f 11275//63 11276//63 11277//63
f 11278//63 11279//63 11280//63
f 11281//63 11282//63 11283//63
f 11284//63 11285//63 11286//63
f 11287//63 11288//63 11289//63
f 11290//63 11291//63 11292//63
f 11293//63 11294//63 11295//63
f 11296//63 11297//63 11298//63
f 11299//63 11300//63 11301//63
f 11302//63 11303//63 11304//63
f 11305//63 11306//63 11307//63
f 11308//63 11309//63 11310//63
f 11311//63 11312//63 11313//63
f 11314//63 11315//63 11316//63
f 11317//63 11318//63 11319//63
f 11320//63 11321//63 11322//63
f 11323//63 11324//63 11325//63
f 11326//63 11327//63 11328//63
f 11329//63 11330//63 11331//63
f 11332//63 11333//63 11334//63
f 11335//63 11336//63 11337//63
f 11338//63 11339//63 11340//63
f 11341//63 11342//63 11343//63
f 11344//63 11345//63 11346//63
f 11347//63 11348//63 11349//63
f 11350//63 11351//63 11352//63
f 11353//63 11354//63 11355//63
f 11356//63 11357//63 11358//63
f 11359//63 11360//63 11361//63
f 11362//63 11363//63 11364//63
f 11365//63 11366//63 11367//63
f 11368//63 11369//63 11370//63
f 11371//63 11372//63 11373//63
f 11374//63 11375//63 11376//63
f 11377//63 11378//63 11379//63
f 11380//63 11381//63 11382//63
f 11383//63 11384//63 11385//63
f 11386//63 11387//63 11388//63
f 11389//63 11390//63 11391//63
f 11392//63 11393//63 11394//63
f 11395//63 11396//63 11397//63
f 11398//63 11399//63 11400//63
f 11401//63 11402//63 11403//63
f 11404//63 11405//63 11406//63
f 11407//63 11408//63 11409//63
f 11410//63 11411//63 11412//63
f 11413//63 11414//63 11415//63
f 11416//63 11417//63 11418//63
f 11419//63 11420//63 11421//63
f 11422//63 11423//63 11424//63
f 11425//63 11426//63 11427//63
f 11428//63 11429//63 11430//63
f 11431//63 11432//63 11433//63
f 11434//63 11435//63 11436//63
f 11437//63 11438//63 11439//63
f 11440//63 11441//63 11442//63
f 11443//63 11444//63 11445//63
f 11446//63 11447//63 11448//63
