# Blender v2.79 (sub 0) OBJ File: ''
# www.blender.org
mtllib SOIAF_Infantry_Tray 5.5.mtl
o <STL_BINARY>
v -2.422974 -0.078500 -1.893957
v -2.422974 -0.157000 -1.893957
v -2.424404 -0.078500 -1.918080
v -2.424404 -0.078500 -1.918080
v -2.422974 -0.157000 -1.893957
v -2.424404 -0.157000 -1.918080
v -2.424404 -0.078500 -1.918080
v -2.424404 -0.157000 -1.918080
v -2.422974 -0.078500 -1.942210
v -2.422974 -0.078500 -1.942210
v -2.424404 -0.157000 -1.918080
v -2.422974 -0.157000 -1.942210
v -2.422974 -0.078500 -1.942210
v -2.422974 -0.157000 -1.942210
v -2.418692 -0.078500 -1.965981
v -2.418692 -0.078500 -1.965981
v -2.422974 -0.157000 -1.942210
v -2.418692 -0.157000 -1.965981
v -2.418692 -0.078500 -1.965981
v -2.418692 -0.157000 -1.965981
v -2.411628 -0.078500 -1.989055
v -2.411628 -0.078500 -1.989055
v -2.418692 -0.157000 -1.965981
v -2.411628 -0.157000 -1.989055
v -2.411628 -0.078500 -1.989055
v -2.411628 -0.157000 -1.989055
v -2.401885 -0.078500 -2.011097
v -2.401885 -0.078500 -2.011097
v -2.411628 -0.157000 -1.989055
v -2.401885 -0.157000 -2.011097
v -2.401885 -0.078500 -2.011097
v -2.401885 -0.157000 -2.011097
v -2.389612 -0.078500 -2.031779
v -2.389612 -0.078500 -2.031779
v -2.401885 -0.157000 -2.011097
v -2.389612 -0.157000 -2.031779
v -2.389612 -0.078500 -2.031779
v -2.389612 -0.157000 -2.031779
v -2.374975 -0.078500 -2.050805
v -2.374975 -0.078500 -2.050805
v -2.389612 -0.157000 -2.031779
v -2.374975 -0.157000 -2.050805
v -2.374975 -0.078500 -2.050805
v -2.374975 -0.157000 -2.050805
v -2.358192 -0.078500 -2.067895
v -2.358192 -0.078500 -2.067895
v -2.374975 -0.157000 -2.050805
v -2.358192 -0.157000 -2.067895
v -2.358192 -0.078500 -2.067895
v -2.358192 -0.157000 -2.067895
v -2.339508 -0.078500 -2.082800
v -2.339508 -0.078500 -2.082800
v -2.358192 -0.157000 -2.067895
v -2.339508 -0.157000 -2.082800
v -2.339508 -0.078500 -2.082800
v -2.339508 -0.157000 -2.082800
v -2.319190 -0.078500 -2.095314
v -2.319190 -0.078500 -2.095314
v -2.339508 -0.157000 -2.082800
v -2.319190 -0.157000 -2.095314
v -2.319190 -0.078500 -2.095314
v -2.319190 -0.157000 -2.095314
v -2.297544 -0.078500 -2.105227
v -2.297544 -0.078500 -2.105227
v -2.319190 -0.157000 -2.095314
v -2.297544 -0.157000 -2.105227
v -2.297544 -0.078500 -2.105227
v -2.297544 -0.157000 -2.105227
v -2.274884 -0.078500 -2.112419
v -2.274884 -0.078500 -2.112419
v -2.297544 -0.157000 -2.105227
v -2.274884 -0.157000 -2.112419
v -2.274884 -0.078500 -2.112419
v -2.274884 -0.157000 -2.112419
v -2.251540 -0.078500 -2.116772
v -2.251540 -0.078500 -2.116772
v -2.274884 -0.157000 -2.112419
v -2.251540 -0.157000 -2.116772
v -2.251540 -0.078500 -2.116772
v -2.251540 -0.157000 -2.116772
v -2.227852 -0.078500 -2.118236
v -2.227852 -0.078500 -2.118236
v -2.251540 -0.157000 -2.116772
v -2.227852 -0.157000 -2.118236
v -2.227852 -0.078500 -2.118236
v -2.227852 -0.157000 -2.118236
v -2.204155 -0.078500 -2.116772
v -2.204155 -0.078500 -2.116772
v -2.227852 -0.157000 -2.118236
v -2.204155 -0.157000 -2.116772
v -2.204155 -0.078500 -2.116772
v -2.204155 -0.157000 -2.116772
v -2.180811 -0.078500 -2.112419
v -2.180811 -0.078500 -2.112419
v -2.204155 -0.157000 -2.116772
v -2.180811 -0.157000 -2.112419
v -2.180811 -0.078500 -2.112419
v -2.180811 -0.157000 -2.112419
v -2.158144 -0.078500 -2.105227
v -2.158144 -0.078500 -2.105227
v -2.180811 -0.157000 -2.112419
v -2.158144 -0.157000 -2.105227
v -2.158144 -0.078500 -2.105227
v -2.158144 -0.157000 -2.105227
v -2.136505 -0.078500 -2.095314
v -2.136505 -0.078500 -2.095314
v -2.158144 -0.157000 -2.105227
v -2.136505 -0.157000 -2.095314
v -2.136505 -0.078500 -2.095314
v -2.136505 -0.157000 -2.095314
v -2.116187 -0.078500 -2.082800
v -2.116187 -0.078500 -2.082800
v -2.136505 -0.157000 -2.095314
v -2.116187 -0.157000 -2.082800
v -2.116187 -0.078500 -2.082800
v -2.116187 -0.157000 -2.082800
v -2.097503 -0.078500 -2.067895
v -2.097503 -0.078500 -2.067895
v -2.116187 -0.157000 -2.082800
v -2.097503 -0.157000 -2.067895
v -2.097503 -0.078500 -2.067895
v -2.097503 -0.157000 -2.067895
v -2.080720 -0.078500 -2.050805
v -2.080720 -0.078500 -2.050805
v -2.097503 -0.157000 -2.067895
v -2.080720 -0.157000 -2.050805
v -2.080720 -0.078500 -2.050805
v -2.080720 -0.157000 -2.050805
v -2.066083 -0.078500 -2.031779
v -2.066083 -0.078500 -2.031779
v -2.080720 -0.157000 -2.050805
v -2.066083 -0.157000 -2.031779
v -2.066083 -0.078500 -2.031779
v -2.066083 -0.157000 -2.031779
v -2.053802 -0.078500 -2.011097
v -2.053802 -0.078500 -2.011097
v -2.066083 -0.157000 -2.031779
v -2.053802 -0.157000 -2.011097
v -2.053802 -0.078500 -2.011097
v -2.053802 -0.157000 -2.011097
v -2.044060 -0.078500 -1.989055
v -2.044060 -0.078500 -1.989055
v -2.053802 -0.157000 -2.011097
v -2.044060 -0.157000 -1.989055
v -2.044060 -0.078500 -1.989055
v -2.044060 -0.157000 -1.989055
v -2.037004 -0.078500 -1.965981
v -2.037004 -0.078500 -1.965981
v -2.044060 -0.157000 -1.989055
v -2.037004 -0.157000 -1.965981
v -2.037004 -0.078500 -1.965981
v -2.037004 -0.157000 -1.965981
v -2.032722 -0.078500 -1.942210
v -2.032722 -0.078500 -1.942210
v -2.037004 -0.157000 -1.965981
v -2.032722 -0.157000 -1.942210
v -2.032722 -0.078500 -1.942210
v -2.032722 -0.157000 -1.942210
v -2.031292 -0.078500 -1.918080
v -2.031292 -0.078500 -1.918080
v -2.032722 -0.157000 -1.942210
v -2.031292 -0.157000 -1.918080
v -2.031292 -0.078500 -1.918080
v -2.031292 -0.157000 -1.918080
v -2.032722 -0.078500 -1.893957
v -2.032722 -0.078500 -1.893957
v -2.031292 -0.157000 -1.918080
v -2.032722 -0.157000 -1.893957
v -2.032722 -0.078500 -1.893957
v -2.032722 -0.157000 -1.893957
v -2.037004 -0.078500 -1.870179
v -2.037004 -0.078500 -1.870179
v -2.032722 -0.157000 -1.893957
v -2.037004 -0.157000 -1.870179
v -2.037004 -0.078500 -1.870179
v -2.037004 -0.157000 -1.870179
v -2.044060 -0.078500 -1.847105
v -2.044060 -0.078500 -1.847105
v -2.037004 -0.157000 -1.870179
v -2.044060 -0.157000 -1.847105
v -2.044060 -0.078500 -1.847105
v -2.044060 -0.157000 -1.847105
v -2.053802 -0.078500 -1.825063
v -2.053802 -0.078500 -1.825063
v -2.044060 -0.157000 -1.847105
v -2.053802 -0.157000 -1.825063
v -2.053802 -0.078500 -1.825063
v -2.053802 -0.157000 -1.825063
v -2.066083 -0.078500 -1.804380
v -2.066083 -0.078500 -1.804380
v -2.053802 -0.157000 -1.825063
v -2.066083 -0.157000 -1.804380
v -2.066083 -0.078500 -1.804380
v -2.066083 -0.157000 -1.804380
v -2.080720 -0.078500 -1.785355
v -2.080720 -0.078500 -1.785355
v -2.066083 -0.157000 -1.804380
v -2.080720 -0.157000 -1.785355
v -2.080720 -0.078500 -1.785355
v -2.080720 -0.157000 -1.785355
v -2.097503 -0.078500 -1.768265
v -2.097503 -0.078500 -1.768265
v -2.080720 -0.157000 -1.785355
v -2.097503 -0.157000 -1.768265
v -2.097503 -0.078500 -1.768265
v -2.097503 -0.157000 -1.768265
v -2.116187 -0.078500 -1.753359
v -2.116187 -0.078500 -1.753359
v -2.097503 -0.157000 -1.768265
v -2.116187 -0.157000 -1.753359
v -2.116187 -0.078500 -1.753359
v -2.116187 -0.157000 -1.753359
v -2.136505 -0.078500 -1.740854
v -2.136505 -0.078500 -1.740854
v -2.116187 -0.157000 -1.753359
v -2.136505 -0.157000 -1.740854
v -2.136505 -0.078500 -1.740854
v -2.136505 -0.157000 -1.740854
v -2.158144 -0.078500 -1.730933
v -2.158144 -0.078500 -1.730933
v -2.136505 -0.157000 -1.740854
v -2.158144 -0.157000 -1.730933
v -2.158144 -0.078500 -1.730933
v -2.158144 -0.157000 -1.730933
v -2.180811 -0.078500 -1.723740
v -2.180811 -0.078500 -1.723740
v -2.158144 -0.157000 -1.730933
v -2.180811 -0.157000 -1.723740
v -2.180811 -0.078500 -1.723740
v -2.180811 -0.157000 -1.723740
v -2.204155 -0.078500 -1.719388
v -2.204155 -0.078500 -1.719388
v -2.180811 -0.157000 -1.723740
v -2.204155 -0.157000 -1.719388
v -2.204155 -0.078500 -1.719388
v -2.204155 -0.157000 -1.719388
v -2.227852 -0.078500 -1.717924
v -2.227852 -0.078500 -1.717924
v -2.204155 -0.157000 -1.719388
v -2.227852 -0.157000 -1.717924
v -2.227852 -0.078500 -1.717924
v -2.227852 -0.157000 -1.717924
v -2.251540 -0.078500 -1.719388
v -2.251540 -0.078500 -1.719388
v -2.227852 -0.157000 -1.717924
v -2.251540 -0.157000 -1.719388
v -2.251540 -0.078500 -1.719388
v -2.251540 -0.157000 -1.719388
v -2.274884 -0.078500 -1.723740
v -2.274884 -0.078500 -1.723740
v -2.251540 -0.157000 -1.719388
v -2.274884 -0.157000 -1.723740
v -2.274884 -0.078500 -1.723740
v -2.274884 -0.157000 -1.723740
v -2.297544 -0.078500 -1.730933
v -2.297544 -0.078500 -1.730933
v -2.274884 -0.157000 -1.723740
v -2.297544 -0.157000 -1.730933
v -2.297544 -0.078500 -1.730933
v -2.297544 -0.157000 -1.730933
v -2.319190 -0.078500 -1.740854
v -2.319190 -0.078500 -1.740854
v -2.297544 -0.157000 -1.730933
v -2.319190 -0.157000 -1.740854
v -2.319190 -0.078500 -1.740854
v -2.319190 -0.157000 -1.740854
v -2.339508 -0.078500 -1.753359
v -2.339508 -0.078500 -1.753359
v -2.319190 -0.157000 -1.740854
v -2.339508 -0.157000 -1.753359
v -2.339508 -0.078500 -1.753359
v -2.339508 -0.157000 -1.753359
v -2.358192 -0.078500 -1.768265
v -2.358192 -0.078500 -1.768265
v -2.339508 -0.157000 -1.753359
v -2.358192 -0.157000 -1.768265
v -2.358192 -0.078500 -1.768265
v -2.358192 -0.157000 -1.768265
v -2.374975 -0.078500 -1.785355
v -2.374975 -0.078500 -1.785355
v -2.358192 -0.157000 -1.768265
v -2.374975 -0.157000 -1.785355
v -2.374975 -0.078500 -1.785355
v -2.374975 -0.157000 -1.785355
v -2.389612 -0.078500 -1.804380
v -2.389612 -0.078500 -1.804380
v -2.374975 -0.157000 -1.785355
v -2.389612 -0.157000 -1.804380
v -2.389612 -0.078500 -1.804380
v -2.389612 -0.157000 -1.804380
v -2.401885 -0.078500 -1.825063
v -2.401885 -0.078500 -1.825063
v -2.389612 -0.157000 -1.804380
v -2.401885 -0.157000 -1.825063
v -2.401885 -0.078500 -1.825063
v -2.401885 -0.157000 -1.825063
v -2.411628 -0.078500 -1.847105
v -2.411628 -0.078500 -1.847105
v -2.401885 -0.157000 -1.825063
v -2.411628 -0.157000 -1.847105
v -2.411628 -0.078500 -1.847105
v -2.411628 -0.157000 -1.847105
v -2.418692 -0.078500 -1.870179
v -2.418692 -0.078500 -1.870179
v -2.411628 -0.157000 -1.847105
v -2.418692 -0.157000 -1.870179
v -2.418692 -0.078500 -1.870179
v -2.418692 -0.157000 -1.870179
v -2.422974 -0.078500 -1.893957
v -2.422974 -0.078500 -1.893957
v -2.418692 -0.157000 -1.870179
v -2.422974 -0.157000 -1.893957
v -2.422974 -0.078500 -1.942210
v -2.032722 -0.078500 -1.942210
v -2.424404 -0.078500 -1.918080
v -2.424404 -0.078500 -1.918080
v -2.032722 -0.078500 -1.942210
v -2.031292 -0.078500 -1.918080
v -2.424404 -0.078500 -1.918080
v -2.031292 -0.078500 -1.918080
v -2.422974 -0.078500 -1.893957
v -2.422974 -0.078500 -1.893957
v -2.031292 -0.078500 -1.918080
v -2.032722 -0.078500 -1.893957
v -2.422974 -0.078500 -1.893957
v -2.032722 -0.078500 -1.893957
v -2.418692 -0.078500 -1.870179
v -2.418692 -0.078500 -1.870179
v -2.032722 -0.078500 -1.893957
v -2.037004 -0.078500 -1.870179
v -2.418692 -0.078500 -1.870179
v -2.037004 -0.078500 -1.870179
v -2.411628 -0.078500 -1.847105
v -2.411628 -0.078500 -1.847105
v -2.037004 -0.078500 -1.870179
v -2.044060 -0.078500 -1.847105
v -2.411628 -0.078500 -1.847105
v -2.044060 -0.078500 -1.847105
v -2.401885 -0.078500 -1.825063
v -2.401885 -0.078500 -1.825063
v -2.044060 -0.078500 -1.847105
v -2.053802 -0.078500 -1.825063
v -2.401885 -0.078500 -1.825063
v -2.053802 -0.078500 -1.825063
v -2.389612 -0.078500 -1.804380
v -2.389612 -0.078500 -1.804380
v -2.053802 -0.078500 -1.825063
v -2.066083 -0.078500 -1.804380
v -2.389612 -0.078500 -1.804380
v -2.066083 -0.078500 -1.804380
v -2.374975 -0.078500 -1.785355
v -2.374975 -0.078500 -1.785355
v -2.066083 -0.078500 -1.804380
v -2.080720 -0.078500 -1.785355
v -2.374975 -0.078500 -1.785355
v -2.080720 -0.078500 -1.785355
v -2.358192 -0.078500 -1.768265
v -2.358192 -0.078500 -1.768265
v -2.080720 -0.078500 -1.785355
v -2.097503 -0.078500 -1.768265
v -2.358192 -0.078500 -1.768265
v -2.097503 -0.078500 -1.768265
v -2.339508 -0.078500 -1.753359
v -2.339508 -0.078500 -1.753359
v -2.097503 -0.078500 -1.768265
v -2.116187 -0.078500 -1.753359
v -2.339508 -0.078500 -1.753359
v -2.116187 -0.078500 -1.753359
v -2.319190 -0.078500 -1.740854
v -2.319190 -0.078500 -1.740854
v -2.116187 -0.078500 -1.753359
v -2.136505 -0.078500 -1.740854
v -2.319190 -0.078500 -1.740854
v -2.136505 -0.078500 -1.740854
v -2.297544 -0.078500 -1.730933
v -2.297544 -0.078500 -1.730933
v -2.136505 -0.078500 -1.740854
v -2.158144 -0.078500 -1.730933
v -2.297544 -0.078500 -1.730933
v -2.158144 -0.078500 -1.730933
v -2.274884 -0.078500 -1.723740
v -2.274884 -0.078500 -1.723740
v -2.158144 -0.078500 -1.730933
v -2.180811 -0.078500 -1.723740
v -2.274884 -0.078500 -1.723740
v -2.180811 -0.078500 -1.723740
v -2.251540 -0.078500 -1.719388
v -2.251540 -0.078500 -1.719388
v -2.180811 -0.078500 -1.723740
v -2.204155 -0.078500 -1.719388
v -2.251540 -0.078500 -1.719388
v -2.204155 -0.078500 -1.719388
v -2.227852 -0.078500 -1.717924
v -2.032722 -0.078500 -1.942210
v -2.422974 -0.078500 -1.942210
v -2.037004 -0.078500 -1.965981
v -2.037004 -0.078500 -1.965981
v -2.422974 -0.078500 -1.942210
v -2.418692 -0.078500 -1.965981
v -2.037004 -0.078500 -1.965981
v -2.418692 -0.078500 -1.965981
v -2.044060 -0.078500 -1.989055
v -2.044060 -0.078500 -1.989055
v -2.418692 -0.078500 -1.965981
v -2.411628 -0.078500 -1.989055
v -2.044060 -0.078500 -1.989055
v -2.411628 -0.078500 -1.989055
v -2.053802 -0.078500 -2.011097
v -2.053802 -0.078500 -2.011097
v -2.411628 -0.078500 -1.989055
v -2.401885 -0.078500 -2.011097
v -2.053802 -0.078500 -2.011097
v -2.401885 -0.078500 -2.011097
v -2.066083 -0.078500 -2.031779
v -2.066083 -0.078500 -2.031779
v -2.401885 -0.078500 -2.011097
v -2.389612 -0.078500 -2.031779
v -2.066083 -0.078500 -2.031779
v -2.389612 -0.078500 -2.031779
v -2.080720 -0.078500 -2.050805
v -2.080720 -0.078500 -2.050805
v -2.389612 -0.078500 -2.031779
v -2.374975 -0.078500 -2.050805
v -2.080720 -0.078500 -2.050805
v -2.374975 -0.078500 -2.050805
v -2.097503 -0.078500 -2.067895
v -2.097503 -0.078500 -2.067895
v -2.374975 -0.078500 -2.050805
v -2.358192 -0.078500 -2.067895
v -2.097503 -0.078500 -2.067895
v -2.358192 -0.078500 -2.067895
v -2.116187 -0.078500 -2.082800
v -2.116187 -0.078500 -2.082800
v -2.358192 -0.078500 -2.067895
v -2.339508 -0.078500 -2.082800
v -2.116187 -0.078500 -2.082800
v -2.339508 -0.078500 -2.082800
v -2.136505 -0.078500 -2.095314
v -2.136505 -0.078500 -2.095314
v -2.339508 -0.078500 -2.082800
v -2.319190 -0.078500 -2.095314
v -2.136505 -0.078500 -2.095314
v -2.319190 -0.078500 -2.095314
v -2.158144 -0.078500 -2.105227
v -2.158144 -0.078500 -2.105227
v -2.319190 -0.078500 -2.095314
v -2.297544 -0.078500 -2.105227
v -2.158144 -0.078500 -2.105227
v -2.297544 -0.078500 -2.105227
v -2.180811 -0.078500 -2.112419
v -2.180811 -0.078500 -2.112419
v -2.297544 -0.078500 -2.105227
v -2.274884 -0.078500 -2.112419
v -2.180811 -0.078500 -2.112419
v -2.274884 -0.078500 -2.112419
v -2.204155 -0.078500 -2.116772
v -2.204155 -0.078500 -2.116772
v -2.274884 -0.078500 -2.112419
v -2.251540 -0.078500 -2.116772
v -2.204155 -0.078500 -2.116772
v -2.251540 -0.078500 -2.116772
v -2.227852 -0.078500 -2.118236
v 1.901304 -0.078500 1.949003
v 1.901304 -0.157000 1.949003
v 1.899867 -0.078500 1.924872
v 1.899867 -0.078500 1.924872
v 1.901304 -0.157000 1.949003
v 1.899867 -0.157000 1.924872
v 1.899867 -0.078500 1.924872
v 1.899867 -0.157000 1.924872
v 1.901304 -0.078500 1.900750
v 1.901304 -0.078500 1.900750
v 1.899867 -0.157000 1.924872
v 1.901304 -0.157000 1.900750
v 1.901304 -0.078500 1.900750
v 1.901304 -0.157000 1.900750
v 1.905579 -0.078500 1.876972
v 1.905579 -0.078500 1.876972
v 1.901304 -0.157000 1.900750
v 1.905579 -0.157000 1.876972
v 1.905579 -0.078500 1.876972
v 1.905579 -0.157000 1.876972
v 1.912642 -0.078500 1.853897
v 1.912642 -0.078500 1.853897
v 1.905579 -0.157000 1.876972
v 1.912642 -0.157000 1.853897
v 1.912642 -0.078500 1.853897
v 1.912642 -0.157000 1.853897
v 1.922385 -0.078500 1.831855
v 1.922385 -0.078500 1.831855
v 1.912642 -0.157000 1.853897
v 1.922385 -0.157000 1.831855
v 1.922385 -0.078500 1.831855
v 1.922385 -0.157000 1.831855
v 1.934666 -0.078500 1.811173
v 1.934666 -0.078500 1.811173
v 1.922385 -0.157000 1.831855
v 1.934666 -0.157000 1.811173
v 1.934666 -0.078500 1.811173
v 1.934666 -0.157000 1.811173
v 1.949303 -0.078500 1.792147
v 1.949303 -0.078500 1.792147
v 1.934666 -0.157000 1.811173
v 1.949303 -0.157000 1.792147
v 1.949303 -0.078500 1.792147
v 1.949303 -0.157000 1.792147
v 1.966086 -0.078500 1.775058
v 1.966086 -0.078500 1.775058
v 1.949303 -0.157000 1.792147
v 1.966086 -0.157000 1.775058
v 1.966086 -0.078500 1.775058
v 1.966086 -0.157000 1.775058
v 1.984770 -0.078500 1.760152
v 1.984770 -0.078500 1.760152
v 1.966086 -0.157000 1.775058
v 1.984770 -0.157000 1.760152
v 1.984770 -0.078500 1.760152
v 1.984770 -0.157000 1.760152
v 2.005080 -0.078500 1.747647
v 2.005080 -0.078500 1.747647
v 1.984770 -0.157000 1.760152
v 2.005080 -0.157000 1.747647
v 2.005080 -0.078500 1.747647
v 2.005080 -0.157000 1.747647
v 2.026727 -0.078500 1.737726
v 2.026727 -0.078500 1.737726
v 2.005080 -0.157000 1.747647
v 2.026727 -0.157000 1.737726
v 2.026727 -0.078500 1.737726
v 2.026727 -0.157000 1.737726
v 2.049387 -0.078500 1.730533
v 2.049387 -0.078500 1.730533
v 2.026727 -0.157000 1.737726
v 2.049387 -0.157000 1.730533
v 2.049387 -0.078500 1.730533
v 2.049387 -0.157000 1.730533
v 2.072730 -0.078500 1.726181
v 2.072730 -0.078500 1.726181
v 2.049387 -0.157000 1.730533
v 2.072730 -0.157000 1.726181
v 2.072730 -0.078500 1.726181
v 2.072730 -0.157000 1.726181
v 2.096427 -0.078500 1.724716
v 2.096427 -0.078500 1.724716
v 2.072730 -0.157000 1.726181
v 2.096427 -0.157000 1.724716
v 2.096427 -0.078500 1.724716
v 2.096427 -0.157000 1.724716
v 2.120116 -0.078500 1.726181
v 2.120116 -0.078500 1.726181
v 2.096427 -0.157000 1.724716
v 2.120116 -0.157000 1.726181
v 2.120116 -0.078500 1.726181
v 2.120116 -0.157000 1.726181
v 2.143467 -0.078500 1.730533
v 2.143467 -0.078500 1.730533
v 2.120116 -0.157000 1.726181
v 2.143467 -0.157000 1.730533
v 2.143467 -0.078500 1.730533
v 2.143467 -0.157000 1.730533
v 2.166127 -0.078500 1.737726
v 2.166127 -0.078500 1.737726
v 2.143467 -0.157000 1.730533
v 2.166127 -0.157000 1.737726
v 2.166127 -0.078500 1.737726
v 2.166127 -0.157000 1.737726
v 2.187773 -0.078500 1.747647
v 2.187773 -0.078500 1.747647
v 2.166127 -0.157000 1.737726
v 2.187773 -0.157000 1.747647
v 2.187773 -0.078500 1.747647
v 2.187773 -0.157000 1.747647
v 2.208083 -0.078500 1.760152
v 2.208083 -0.078500 1.760152
v 2.187773 -0.157000 1.747647
v 2.208083 -0.157000 1.760152
v 2.208083 -0.078500 1.760152
v 2.208083 -0.157000 1.760152
v 2.226767 -0.078500 1.775058
v 2.226767 -0.078500 1.775058
v 2.208083 -0.157000 1.760152
v 2.226767 -0.157000 1.775058
v 2.226767 -0.078500 1.775058
v 2.226767 -0.157000 1.775058
v 2.243550 -0.078500 1.792147
v 2.243550 -0.078500 1.792147
v 2.226767 -0.157000 1.775058
v 2.243550 -0.157000 1.792147
v 2.243550 -0.078500 1.792147
v 2.243550 -0.157000 1.792147
v 2.258195 -0.078500 1.811173
v 2.258195 -0.078500 1.811173
v 2.243550 -0.157000 1.792147
v 2.258195 -0.157000 1.811173
v 2.258195 -0.078500 1.811173
v 2.258195 -0.157000 1.811173
v 2.270468 -0.078500 1.831855
v 2.270468 -0.078500 1.831855
v 2.258195 -0.157000 1.811173
v 2.270468 -0.157000 1.831855
v 2.270468 -0.078500 1.831855
v 2.270468 -0.157000 1.831855
v 2.280211 -0.078500 1.853897
v 2.280211 -0.078500 1.853897
v 2.270468 -0.157000 1.831855
v 2.280211 -0.157000 1.853897
v 2.280211 -0.078500 1.853897
v 2.280211 -0.157000 1.853897
v 2.287274 -0.078500 1.876972
v 2.287274 -0.078500 1.876972
v 2.280211 -0.157000 1.853897
v 2.287274 -0.157000 1.876972
v 2.287274 -0.078500 1.876972
v 2.287274 -0.157000 1.876972
v 2.291549 -0.078500 1.900750
v 2.291549 -0.078500 1.900750
v 2.287274 -0.157000 1.876972
v 2.291549 -0.157000 1.900750
v 2.291549 -0.078500 1.900750
v 2.291549 -0.157000 1.900750
v 2.292987 -0.078500 1.924872
v 2.292987 -0.078500 1.924872
v 2.291549 -0.157000 1.900750
v 2.292987 -0.157000 1.924872
v 2.292987 -0.078500 1.924872
v 2.292987 -0.157000 1.924872
v 2.291549 -0.078500 1.949003
v 2.291549 -0.078500 1.949003
v 2.292987 -0.157000 1.924872
v 2.291549 -0.157000 1.949003
v 2.291549 -0.078500 1.949003
v 2.291549 -0.157000 1.949003
v 2.287274 -0.078500 1.972773
v 2.287274 -0.078500 1.972773
v 2.291549 -0.157000 1.949003
v 2.287274 -0.157000 1.972773
v 2.287274 -0.078500 1.972773
v 2.287274 -0.157000 1.972773
v 2.280211 -0.078500 1.995856
v 2.280211 -0.078500 1.995856
v 2.287274 -0.157000 1.972773
v 2.280211 -0.157000 1.995856
v 2.280211 -0.078500 1.995856
v 2.280211 -0.157000 1.995856
v 2.270468 -0.078500 2.017890
v 2.270468 -0.078500 2.017890
v 2.280211 -0.157000 1.995856
v 2.270468 -0.157000 2.017890
v 2.270468 -0.078500 2.017890
v 2.270468 -0.157000 2.017890
v 2.258195 -0.078500 2.038572
v 2.258195 -0.078500 2.038572
v 2.270468 -0.157000 2.017890
v 2.258195 -0.157000 2.038572
v 2.258195 -0.078500 2.038572
v 2.258195 -0.157000 2.038572
v 2.243550 -0.078500 2.057598
v 2.243550 -0.078500 2.057598
v 2.258195 -0.157000 2.038572
v 2.243550 -0.157000 2.057598
v 2.243550 -0.078500 2.057598
v 2.243550 -0.157000 2.057598
v 2.226767 -0.078500 2.074696
v 2.226767 -0.078500 2.074696
v 2.243550 -0.157000 2.057598
v 2.226767 -0.157000 2.074696
v 2.226767 -0.078500 2.074696
v 2.226767 -0.157000 2.074696
v 2.208083 -0.078500 2.089593
v 2.208083 -0.078500 2.089593
v 2.226767 -0.157000 2.074696
v 2.208083 -0.157000 2.089593
v 2.208083 -0.078500 2.089593
v 2.208083 -0.157000 2.089593
v 2.187773 -0.078500 2.102106
v 2.187773 -0.078500 2.102106
v 2.208083 -0.157000 2.089593
v 2.187773 -0.157000 2.102106
v 2.187773 -0.078500 2.102106
v 2.187773 -0.157000 2.102106
v 2.166127 -0.078500 2.112019
v 2.166127 -0.078500 2.112019
v 2.187773 -0.157000 2.102106
v 2.166127 -0.157000 2.112019
v 2.166127 -0.078500 2.112019
v 2.166127 -0.157000 2.112019
v 2.143467 -0.078500 2.119212
v 2.143467 -0.078500 2.119212
v 2.166127 -0.157000 2.112019
v 2.143467 -0.157000 2.119212
v 2.143467 -0.078500 2.119212
v 2.143467 -0.157000 2.119212
v 2.120116 -0.078500 2.123572
v 2.120116 -0.078500 2.123572
v 2.143467 -0.157000 2.119212
v 2.120116 -0.157000 2.123572
v 2.120116 -0.078500 2.123572
v 2.120116 -0.157000 2.123572
v 2.096427 -0.078500 2.125028
v 2.096427 -0.078500 2.125028
v 2.120116 -0.157000 2.123572
v 2.096427 -0.157000 2.125028
v 2.096427 -0.078500 2.125028
v 2.096427 -0.157000 2.125028
v 2.072730 -0.078500 2.123572
v 2.072730 -0.078500 2.123572
v 2.096427 -0.157000 2.125028
v 2.072730 -0.157000 2.123572
v 2.072730 -0.078500 2.123572
v 2.072730 -0.157000 2.123572
v 2.049387 -0.078500 2.119212
v 2.049387 -0.078500 2.119212
v 2.072730 -0.157000 2.123572
v 2.049387 -0.157000 2.119212
v 2.049387 -0.078500 2.119212
v 2.049387 -0.157000 2.119212
v 2.026727 -0.078500 2.112019
v 2.026727 -0.078500 2.112019
v 2.049387 -0.157000 2.119212
v 2.026727 -0.157000 2.112019
v 2.026727 -0.078500 2.112019
v 2.026727 -0.157000 2.112019
v 2.005080 -0.078500 2.102106
v 2.005080 -0.078500 2.102106
v 2.026727 -0.157000 2.112019
v 2.005080 -0.157000 2.102106
v 2.005080 -0.078500 2.102106
v 2.005080 -0.157000 2.102106
v 1.984770 -0.078500 2.089593
v 1.984770 -0.078500 2.089593
v 2.005080 -0.157000 2.102106
v 1.984770 -0.157000 2.089593
v 1.984770 -0.078500 2.089593
v 1.984770 -0.157000 2.089593
v 1.966086 -0.078500 2.074696
v 1.966086 -0.078500 2.074696
v 1.984770 -0.157000 2.089593
v 1.966086 -0.157000 2.074696
v 1.966086 -0.078500 2.074696
v 1.966086 -0.157000 2.074696
v 1.949303 -0.078500 2.057598
v 1.949303 -0.078500 2.057598
v 1.966086 -0.157000 2.074696
v 1.949303 -0.157000 2.057598
v 1.949303 -0.078500 2.057598
v 1.949303 -0.157000 2.057598
v 1.934666 -0.078500 2.038572
v 1.934666 -0.078500 2.038572
v 1.949303 -0.157000 2.057598
v 1.934666 -0.157000 2.038572
v 1.934666 -0.078500 2.038572
v 1.934666 -0.157000 2.038572
v 1.922385 -0.078500 2.017890
v 1.922385 -0.078500 2.017890
v 1.934666 -0.157000 2.038572
v 1.922385 -0.157000 2.017890
v 1.922385 -0.078500 2.017890
v 1.922385 -0.157000 2.017890
v 1.912642 -0.078500 1.995856
v 1.912642 -0.078500 1.995856
v 1.922385 -0.157000 2.017890
v 1.912642 -0.157000 1.995856
v 1.912642 -0.078500 1.995856
v 1.912642 -0.157000 1.995856
v 1.905579 -0.078500 1.972773
v 1.905579 -0.078500 1.972773
v 1.912642 -0.157000 1.995856
v 1.905579 -0.157000 1.972773
v 1.905579 -0.078500 1.972773
v 1.905579 -0.157000 1.972773
v 1.901304 -0.078500 1.949003
v 1.901304 -0.078500 1.949003
v 1.905579 -0.157000 1.972773
v 1.901304 -0.157000 1.949003
v 1.901304 -0.078500 1.900750
v 2.291549 -0.078500 1.900750
v 1.899867 -0.078500 1.924872
v 1.899867 -0.078500 1.924872
v 2.291549 -0.078500 1.900750
v 2.292987 -0.078500 1.924872
v 1.899867 -0.078500 1.924872
v 2.292987 -0.078500 1.924872
v 1.901304 -0.078500 1.949003
v 1.901304 -0.078500 1.949003
v 2.292987 -0.078500 1.924872
v 2.291549 -0.078500 1.949003
v 1.901304 -0.078500 1.949003
v 2.291549 -0.078500 1.949003
v 1.905579 -0.078500 1.972773
v 1.905579 -0.078500 1.972773
v 2.291549 -0.078500 1.949003
v 2.287274 -0.078500 1.972773
v 1.905579 -0.078500 1.972773
v 2.287274 -0.078500 1.972773
v 1.912642 -0.078500 1.995856
v 1.912642 -0.078500 1.995856
v 2.287274 -0.078500 1.972773
v 2.280211 -0.078500 1.995856
v 1.912642 -0.078500 1.995856
v 2.280211 -0.078500 1.995856
v 1.922385 -0.078500 2.017890
v 1.922385 -0.078500 2.017890
v 2.280211 -0.078500 1.995856
v 2.270468 -0.078500 2.017890
v 1.922385 -0.078500 2.017890
v 2.270468 -0.078500 2.017890
v 1.934666 -0.078500 2.038572
v 1.934666 -0.078500 2.038572
v 2.270468 -0.078500 2.017890
v 2.258195 -0.078500 2.038572
v 1.934666 -0.078500 2.038572
v 2.258195 -0.078500 2.038572
v 1.949303 -0.078500 2.057598
v 1.949303 -0.078500 2.057598
v 2.258195 -0.078500 2.038572
v 2.243550 -0.078500 2.057598
v 1.949303 -0.078500 2.057598
v 2.243550 -0.078500 2.057598
v 1.966086 -0.078500 2.074696
v 1.966086 -0.078500 2.074696
v 2.243550 -0.078500 2.057598
v 2.226767 -0.078500 2.074696
v 1.966086 -0.078500 2.074696
v 2.226767 -0.078500 2.074696
v 1.984770 -0.078500 2.089593
v 1.984770 -0.078500 2.089593
v 2.226767 -0.078500 2.074696
v 2.208083 -0.078500 2.089593
v 1.984770 -0.078500 2.089593
v 2.208083 -0.078500 2.089593
v 2.005080 -0.078500 2.102106
v 2.005080 -0.078500 2.102106
v 2.208083 -0.078500 2.089593
v 2.187773 -0.078500 2.102106
v 2.005080 -0.078500 2.102106
v 2.187773 -0.078500 2.102106
v 2.026727 -0.078500 2.112019
v 2.026727 -0.078500 2.112019
v 2.187773 -0.078500 2.102106
v 2.166127 -0.078500 2.112019
v 2.026727 -0.078500 2.112019
v 2.166127 -0.078500 2.112019
v 2.049387 -0.078500 2.119212
v 2.049387 -0.078500 2.119212
v 2.166127 -0.078500 2.112019
v 2.143467 -0.078500 2.119212
v 2.049387 -0.078500 2.119212
v 2.143467 -0.078500 2.119212
v 2.072730 -0.078500 2.123572
v 2.072730 -0.078500 2.123572
v 2.143467 -0.078500 2.119212
v 2.120116 -0.078500 2.123572
v 2.072730 -0.078500 2.123572
v 2.120116 -0.078500 2.123572
v 2.096427 -0.078500 2.125028
v 2.291549 -0.078500 1.900750
v 1.901304 -0.078500 1.900750
v 2.287274 -0.078500 1.876972
v 2.287274 -0.078500 1.876972
v 1.901304 -0.078500 1.900750
v 1.905579 -0.078500 1.876972
v 2.287274 -0.078500 1.876972
v 1.905579 -0.078500 1.876972
v 2.280211 -0.078500 1.853897
v 2.280211 -0.078500 1.853897
v 1.905579 -0.078500 1.876972
v 1.912642 -0.078500 1.853897
v 2.280211 -0.078500 1.853897
v 1.912642 -0.078500 1.853897
v 2.270468 -0.078500 1.831855
v 2.270468 -0.078500 1.831855
v 1.912642 -0.078500 1.853897
v 1.922385 -0.078500 1.831855
v 2.270468 -0.078500 1.831855
v 1.922385 -0.078500 1.831855
v 2.258195 -0.078500 1.811173
v 2.258195 -0.078500 1.811173
v 1.922385 -0.078500 1.831855
v 1.934666 -0.078500 1.811173
v 2.258195 -0.078500 1.811173
v 1.934666 -0.078500 1.811173
v 2.243550 -0.078500 1.792147
v 2.243550 -0.078500 1.792147
v 1.934666 -0.078500 1.811173
v 1.949303 -0.078500 1.792147
v 2.243550 -0.078500 1.792147
v 1.949303 -0.078500 1.792147
v 2.226767 -0.078500 1.775058
v 2.226767 -0.078500 1.775058
v 1.949303 -0.078500 1.792147
v 1.966086 -0.078500 1.775058
v 2.226767 -0.078500 1.775058
v 1.966086 -0.078500 1.775058
v 2.208083 -0.078500 1.760152
v 2.208083 -0.078500 1.760152
v 1.966086 -0.078500 1.775058
v 1.984770 -0.078500 1.760152
v 2.208083 -0.078500 1.760152
v 1.984770 -0.078500 1.760152
v 2.187773 -0.078500 1.747647
v 2.187773 -0.078500 1.747647
v 1.984770 -0.078500 1.760152
v 2.005080 -0.078500 1.747647
v 2.187773 -0.078500 1.747647
v 2.005080 -0.078500 1.747647
v 2.166127 -0.078500 1.737726
v 2.166127 -0.078500 1.737726
v 2.005080 -0.078500 1.747647
v 2.026727 -0.078500 1.737726
v 2.166127 -0.078500 1.737726
v 2.026727 -0.078500 1.737726
v 2.143467 -0.078500 1.730533
v 2.143467 -0.078500 1.730533
v 2.026727 -0.078500 1.737726
v 2.049387 -0.078500 1.730533
v 2.143467 -0.078500 1.730533
v 2.049387 -0.078500 1.730533
v 2.120116 -0.078500 1.726181
v 2.120116 -0.078500 1.726181
v 2.049387 -0.078500 1.730533
v 2.072730 -0.078500 1.726181
v 2.120116 -0.078500 1.726181
v 2.072730 -0.078500 1.726181
v 2.096427 -0.078500 1.724716
v -0.260835 -0.078500 1.949003
v -0.260835 -0.157000 1.949003
v -0.262268 -0.078500 1.924872
v -0.262268 -0.078500 1.924872
v -0.260835 -0.157000 1.949003
v -0.262268 -0.157000 1.924872
v -0.262268 -0.078500 1.924872
v -0.262268 -0.157000 1.924872
v -0.260835 -0.078500 1.900750
v -0.260835 -0.078500 1.900750
v -0.262268 -0.157000 1.924872
v -0.260835 -0.157000 1.900750
v -0.260835 -0.078500 1.900750
v -0.260835 -0.157000 1.900750
v -0.256556 -0.078500 1.876972
v -0.256556 -0.078500 1.876972
v -0.260835 -0.157000 1.900750
v -0.256556 -0.157000 1.876972
v -0.256556 -0.078500 1.876972
v -0.256556 -0.157000 1.876972
v -0.249495 -0.078500 1.853897
v -0.249495 -0.078500 1.853897
v -0.256556 -0.157000 1.876972
v -0.249495 -0.157000 1.853897
v -0.249495 -0.078500 1.853897
v -0.249495 -0.157000 1.853897
v -0.239752 -0.078500 1.831855
v -0.239752 -0.078500 1.831855
v -0.249495 -0.157000 1.853897
v -0.239752 -0.157000 1.831855
v -0.239752 -0.078500 1.831855
v -0.239752 -0.157000 1.831855
v -0.227474 -0.078500 1.811173
v -0.227474 -0.078500 1.811173
v -0.239752 -0.157000 1.831855
v -0.227474 -0.157000 1.811173
v -0.227474 -0.078500 1.811173
v -0.227474 -0.157000 1.811173
v -0.212835 -0.078500 1.792147
v -0.212835 -0.078500 1.792147
v -0.227474 -0.157000 1.811173
v -0.212835 -0.157000 1.792147
v -0.212835 -0.078500 1.792147
v -0.212835 -0.157000 1.792147
v -0.196052 -0.078500 1.775058
v -0.196052 -0.078500 1.775058
v -0.212835 -0.157000 1.792147
v -0.196052 -0.157000 1.775058
v -0.196052 -0.078500 1.775058
v -0.196052 -0.157000 1.775058
v -0.177368 -0.078500 1.760152
v -0.177368 -0.078500 1.760152
v -0.196052 -0.157000 1.775058
v -0.177368 -0.157000 1.760152
v -0.177368 -0.078500 1.760152
v -0.177368 -0.157000 1.760152
v -0.157055 -0.078500 1.747647
v -0.157055 -0.078500 1.747647
v -0.177368 -0.157000 1.760152
v -0.157055 -0.157000 1.747647
v -0.157055 -0.078500 1.747647
v -0.157055 -0.157000 1.747647
v -0.135411 -0.078500 1.737726
v -0.135411 -0.078500 1.737726
v -0.157055 -0.157000 1.747647
v -0.135411 -0.157000 1.737726
v -0.135411 -0.078500 1.737726
v -0.135411 -0.157000 1.737726
v -0.112748 -0.078500 1.730533
v -0.112748 -0.078500 1.730533
v -0.135411 -0.157000 1.737726
v -0.112748 -0.157000 1.730533
v -0.112748 -0.078500 1.730533
v -0.112748 -0.157000 1.730533
v -0.089405 -0.078500 1.726181
v -0.089405 -0.078500 1.726181
v -0.112748 -0.157000 1.730533
v -0.089405 -0.157000 1.726181
v -0.089405 -0.078500 1.726181
v -0.089405 -0.157000 1.726181
v -0.065711 -0.078500 1.724716
v -0.065711 -0.078500 1.724716
v -0.089405 -0.157000 1.726181
v -0.065711 -0.157000 1.724716
v -0.065711 -0.078500 1.724716
v -0.065711 -0.157000 1.724716
v -0.042018 -0.078500 1.726181
v -0.042018 -0.078500 1.726181
v -0.065711 -0.157000 1.724716
v -0.042018 -0.157000 1.726181
v -0.042018 -0.078500 1.726181
v -0.042018 -0.157000 1.726181
v -0.018671 -0.078500 1.730533
v -0.018671 -0.078500 1.730533
v -0.042018 -0.157000 1.726181
v -0.018671 -0.157000 1.730533
v -0.018671 -0.078500 1.730533
v -0.018671 -0.157000 1.730533
v 0.003992 -0.078500 1.737726
v 0.003992 -0.078500 1.737726
v -0.018671 -0.157000 1.730533
v 0.003992 -0.157000 1.737726
v 0.003992 -0.078500 1.737726
v 0.003992 -0.157000 1.737726
v 0.025633 -0.078500 1.747647
v 0.025633 -0.078500 1.747647
v 0.003992 -0.157000 1.737726
v 0.025633 -0.157000 1.747647
v 0.025633 -0.078500 1.747647
v 0.025633 -0.157000 1.747647
v 0.045949 -0.078500 1.760152
v 0.045949 -0.078500 1.760152
v 0.025633 -0.157000 1.747647
v 0.045949 -0.157000 1.760152
v 0.045949 -0.078500 1.760152
v 0.045949 -0.157000 1.760152
v 0.064630 -0.078500 1.775058
v 0.064630 -0.078500 1.775058
v 0.045949 -0.157000 1.760152
v 0.064630 -0.157000 1.775058
v 0.064630 -0.078500 1.775058
v 0.064630 -0.157000 1.775058
v 0.081416 -0.078500 1.792147
v 0.081416 -0.078500 1.792147
v 0.064630 -0.157000 1.775058
v 0.081416 -0.157000 1.792147
v 0.081416 -0.078500 1.792147
v 0.081416 -0.157000 1.792147
v 0.096056 -0.078500 1.811173
v 0.096056 -0.078500 1.811173
v 0.081416 -0.157000 1.792147
v 0.096056 -0.157000 1.811173
v 0.096056 -0.078500 1.811173
v 0.096056 -0.157000 1.811173
v 0.108333 -0.078500 1.831855
v 0.108333 -0.078500 1.831855
v 0.096056 -0.157000 1.811173
v 0.108333 -0.157000 1.831855
v 0.108333 -0.078500 1.831855
v 0.108333 -0.157000 1.831855
v 0.118074 -0.078500 1.853897
v 0.118074 -0.078500 1.853897
v 0.108333 -0.157000 1.831855
v 0.118074 -0.157000 1.853897
v 0.118074 -0.078500 1.853897
v 0.118074 -0.157000 1.853897
v 0.125135 -0.078500 1.876972
v 0.125135 -0.078500 1.876972
v 0.118074 -0.157000 1.853897
v 0.125135 -0.157000 1.876972
v 0.125135 -0.078500 1.876972
v 0.125135 -0.157000 1.876972
v 0.129416 -0.078500 1.900750
v 0.129416 -0.078500 1.900750
v 0.125135 -0.157000 1.876972
v 0.129416 -0.157000 1.900750
v 0.129416 -0.078500 1.900750
v 0.129416 -0.157000 1.900750
v 0.130847 -0.078500 1.924872
v 0.130847 -0.078500 1.924872
v 0.129416 -0.157000 1.900750
v 0.130847 -0.157000 1.924872
v 0.130847 -0.078500 1.924872
v 0.130847 -0.157000 1.924872
v 0.129416 -0.078500 1.949003
v 0.129416 -0.078500 1.949003
v 0.130847 -0.157000 1.924872
v 0.129416 -0.157000 1.949003
v 0.129416 -0.078500 1.949003
v 0.129416 -0.157000 1.949003
v 0.125135 -0.078500 1.972773
v 0.125135 -0.078500 1.972773
v 0.129416 -0.157000 1.949003
v 0.125135 -0.157000 1.972773
v 0.125135 -0.078500 1.972773
v 0.125135 -0.157000 1.972773
v 0.118074 -0.078500 1.995856
v 0.118074 -0.078500 1.995856
v 0.125135 -0.157000 1.972773
v 0.118074 -0.157000 1.995856
v 0.118074 -0.078500 1.995856
v 0.118074 -0.157000 1.995856
v 0.108333 -0.078500 2.017890
v 0.108333 -0.078500 2.017890
v 0.118074 -0.157000 1.995856
v 0.108333 -0.157000 2.017890
v 0.108333 -0.078500 2.017890
v 0.108333 -0.157000 2.017890
v 0.096056 -0.078500 2.038572
v 0.096056 -0.078500 2.038572
v 0.108333 -0.157000 2.017890
v 0.096056 -0.157000 2.038572
v 0.096056 -0.078500 2.038572
v 0.096056 -0.157000 2.038572
v 0.081416 -0.078500 2.057598
v 0.081416 -0.078500 2.057598
v 0.096056 -0.157000 2.038572
v 0.081416 -0.157000 2.057598
v 0.081416 -0.078500 2.057598
v 0.081416 -0.157000 2.057598
v 0.064630 -0.078500 2.074696
v 0.064630 -0.078500 2.074696
v 0.081416 -0.157000 2.057598
v 0.064630 -0.157000 2.074696
v 0.064630 -0.078500 2.074696
v 0.064630 -0.157000 2.074696
v 0.045949 -0.078500 2.089593
v 0.045949 -0.078500 2.089593
v 0.064630 -0.157000 2.074696
v 0.045949 -0.157000 2.089593
v 0.045949 -0.078500 2.089593
v 0.045949 -0.157000 2.089593
v 0.025633 -0.078500 2.102106
v 0.025633 -0.078500 2.102106
v 0.045949 -0.157000 2.089593
v 0.025633 -0.157000 2.102106
v 0.025633 -0.078500 2.102106
v 0.025633 -0.157000 2.102106
v 0.003992 -0.078500 2.112019
v 0.003992 -0.078500 2.112019
v 0.025633 -0.157000 2.102106
v 0.003992 -0.157000 2.112019
v 0.003992 -0.078500 2.112019
v 0.003992 -0.157000 2.112019
v -0.018671 -0.078500 2.119212
v -0.018671 -0.078500 2.119212
v 0.003992 -0.157000 2.112019
v -0.018671 -0.157000 2.119212
v -0.018671 -0.078500 2.119212
v -0.018671 -0.157000 2.119212
v -0.042018 -0.078500 2.123572
v -0.042018 -0.078500 2.123572
v -0.018671 -0.157000 2.119212
v -0.042018 -0.157000 2.123572
v -0.042018 -0.078500 2.123572
v -0.042018 -0.157000 2.123572
v -0.065711 -0.078500 2.125028
v -0.065711 -0.078500 2.125028
v -0.042018 -0.157000 2.123572
v -0.065711 -0.157000 2.125028
v -0.065711 -0.078500 2.125028
v -0.065711 -0.157000 2.125028
v -0.089405 -0.078500 2.123572
v -0.089405 -0.078500 2.123572
v -0.065711 -0.157000 2.125028
v -0.089405 -0.157000 2.123572
v -0.089405 -0.078500 2.123572
v -0.089405 -0.157000 2.123572
v -0.112748 -0.078500 2.119212
v -0.112748 -0.078500 2.119212
v -0.089405 -0.157000 2.123572
v -0.112748 -0.157000 2.119212
v -0.112748 -0.078500 2.119212
v -0.112748 -0.157000 2.119212
v -0.135411 -0.078500 2.112019
v -0.135411 -0.078500 2.112019
v -0.112748 -0.157000 2.119212
v -0.135411 -0.157000 2.112019
v -0.135411 -0.078500 2.112019
v -0.135411 -0.157000 2.112019
v -0.157055 -0.078500 2.102106
v -0.157055 -0.078500 2.102106
v -0.135411 -0.157000 2.112019
v -0.157055 -0.157000 2.102106
v -0.157055 -0.078500 2.102106
v -0.157055 -0.157000 2.102106
v -0.177368 -0.078500 2.089593
v -0.177368 -0.078500 2.089593
v -0.157055 -0.157000 2.102106
v -0.177368 -0.157000 2.089593
v -0.177368 -0.078500 2.089593
v -0.177368 -0.157000 2.089593
v -0.196052 -0.078500 2.074696
v -0.196052 -0.078500 2.074696
v -0.177368 -0.157000 2.089593
v -0.196052 -0.157000 2.074696
v -0.196052 -0.078500 2.074696
v -0.196052 -0.157000 2.074696
v -0.212835 -0.078500 2.057598
v -0.212835 -0.078500 2.057598
v -0.196052 -0.157000 2.074696
v -0.212835 -0.157000 2.057598
v -0.212835 -0.078500 2.057598
v -0.212835 -0.157000 2.057598
v -0.227474 -0.078500 2.038572
v -0.227474 -0.078500 2.038572
v -0.212835 -0.157000 2.057598
v -0.227474 -0.157000 2.038572
v -0.227474 -0.078500 2.038572
v -0.227474 -0.157000 2.038572
v -0.239752 -0.078500 2.017890
v -0.239752 -0.078500 2.017890
v -0.227474 -0.157000 2.038572
v -0.239752 -0.157000 2.017890
v -0.239752 -0.078500 2.017890
v -0.239752 -0.157000 2.017890
v -0.249495 -0.078500 1.995856
v -0.249495 -0.078500 1.995856
v -0.239752 -0.157000 2.017890
v -0.249495 -0.157000 1.995856
v -0.249495 -0.078500 1.995856
v -0.249495 -0.157000 1.995856
v -0.256556 -0.078500 1.972773
v -0.256556 -0.078500 1.972773
v -0.249495 -0.157000 1.995856
v -0.256556 -0.157000 1.972773
v -0.256556 -0.078500 1.972773
v -0.256556 -0.157000 1.972773
v -0.260835 -0.078500 1.949003
v -0.260835 -0.078500 1.949003
v -0.256556 -0.157000 1.972773
v -0.260835 -0.157000 1.949003
v -0.260835 -0.078500 1.900750
v 0.129416 -0.078500 1.900750
v -0.262268 -0.078500 1.924872
v -0.262268 -0.078500 1.924872
v 0.129416 -0.078500 1.900750
v 0.130847 -0.078500 1.924872
v -0.262268 -0.078500 1.924872
v 0.130847 -0.078500 1.924872
v -0.260835 -0.078500 1.949003
v -0.260835 -0.078500 1.949003
v 0.130847 -0.078500 1.924872
v 0.129416 -0.078500 1.949003
v -0.260835 -0.078500 1.949003
v 0.129416 -0.078500 1.949003
v -0.256556 -0.078500 1.972773
v -0.256556 -0.078500 1.972773
v 0.129416 -0.078500 1.949003
v 0.125135 -0.078500 1.972773
v -0.256556 -0.078500 1.972773
v 0.125135 -0.078500 1.972773
v -0.249495 -0.078500 1.995856
v -0.249495 -0.078500 1.995856
v 0.125135 -0.078500 1.972773
v 0.118074 -0.078500 1.995856
v -0.249495 -0.078500 1.995856
v 0.118074 -0.078500 1.995856
v -0.239752 -0.078500 2.017890
v -0.239752 -0.078500 2.017890
v 0.118074 -0.078500 1.995856
v 0.108333 -0.078500 2.017890
v -0.239752 -0.078500 2.017890
v 0.108333 -0.078500 2.017890
v -0.227474 -0.078500 2.038572
v -0.227474 -0.078500 2.038572
v 0.108333 -0.078500 2.017890
v 0.096056 -0.078500 2.038572
v -0.227474 -0.078500 2.038572
v 0.096056 -0.078500 2.038572
v -0.212835 -0.078500 2.057598
v -0.212835 -0.078500 2.057598
v 0.096056 -0.078500 2.038572
v 0.081416 -0.078500 2.057598
v -0.212835 -0.078500 2.057598
v 0.081416 -0.078500 2.057598
v -0.196052 -0.078500 2.074696
v -0.196052 -0.078500 2.074696
v 0.081416 -0.078500 2.057598
v 0.064630 -0.078500 2.074696
v -0.196052 -0.078500 2.074696
v 0.064630 -0.078500 2.074696
v -0.177368 -0.078500 2.089593
v -0.177368 -0.078500 2.089593
v 0.064630 -0.078500 2.074696
v 0.045949 -0.078500 2.089593
v -0.177368 -0.078500 2.089593
v 0.045949 -0.078500 2.089593
v -0.157055 -0.078500 2.102106
v -0.157055 -0.078500 2.102106
v 0.045949 -0.078500 2.089593
v 0.025633 -0.078500 2.102106
v -0.157055 -0.078500 2.102106
v 0.025633 -0.078500 2.102106
v -0.135411 -0.078500 2.112019
v -0.135411 -0.078500 2.112019
v 0.025633 -0.078500 2.102106
v 0.003992 -0.078500 2.112019
v -0.135411 -0.078500 2.112019
v 0.003992 -0.078500 2.112019
v -0.112748 -0.078500 2.119212
v -0.112748 -0.078500 2.119212
v 0.003992 -0.078500 2.112019
v -0.018671 -0.078500 2.119212
v -0.112748 -0.078500 2.119212
v -0.018671 -0.078500 2.119212
v -0.089405 -0.078500 2.123572
v -0.089405 -0.078500 2.123572
v -0.018671 -0.078500 2.119212
v -0.042018 -0.078500 2.123572
v -0.089405 -0.078500 2.123572
v -0.042018 -0.078500 2.123572
v -0.065711 -0.078500 2.125028
v 0.129416 -0.078500 1.900750
v -0.260835 -0.078500 1.900750
v 0.125135 -0.078500 1.876972
v 0.125135 -0.078500 1.876972
v -0.260835 -0.078500 1.900750
v -0.256556 -0.078500 1.876972
v 0.125135 -0.078500 1.876972
v -0.256556 -0.078500 1.876972
v 0.118074 -0.078500 1.853897
v 0.118074 -0.078500 1.853897
v -0.256556 -0.078500 1.876972
v -0.249495 -0.078500 1.853897
v 0.118074 -0.078500 1.853897
v -0.249495 -0.078500 1.853897
v 0.108333 -0.078500 1.831855
v 0.108333 -0.078500 1.831855
v -0.249495 -0.078500 1.853897
v -0.239752 -0.078500 1.831855
v 0.108333 -0.078500 1.831855
v -0.239752 -0.078500 1.831855
v 0.096056 -0.078500 1.811173
v 0.096056 -0.078500 1.811173
v -0.239752 -0.078500 1.831855
v -0.227474 -0.078500 1.811173
v 0.096056 -0.078500 1.811173
v -0.227474 -0.078500 1.811173
v 0.081416 -0.078500 1.792147
v 0.081416 -0.078500 1.792147
v -0.227474 -0.078500 1.811173
v -0.212835 -0.078500 1.792147
v 0.081416 -0.078500 1.792147
v -0.212835 -0.078500 1.792147
v 0.064630 -0.078500 1.775058
v 0.064630 -0.078500 1.775058
v -0.212835 -0.078500 1.792147
v -0.196052 -0.078500 1.775058
v 0.064630 -0.078500 1.775058
v -0.196052 -0.078500 1.775058
v 0.045949 -0.078500 1.760152
v 0.045949 -0.078500 1.760152
v -0.196052 -0.078500 1.775058
v -0.177368 -0.078500 1.760152
v 0.045949 -0.078500 1.760152
v -0.177368 -0.078500 1.760152
v 0.025633 -0.078500 1.747647
v 0.025633 -0.078500 1.747647
v -0.177368 -0.078500 1.760152
v -0.157055 -0.078500 1.747647
v 0.025633 -0.078500 1.747647
v -0.157055 -0.078500 1.747647
v 0.003992 -0.078500 1.737726
v 0.003992 -0.078500 1.737726
v -0.157055 -0.078500 1.747647
v -0.135411 -0.078500 1.737726
v 0.003992 -0.078500 1.737726
v -0.135411 -0.078500 1.737726
v -0.018671 -0.078500 1.730533
v -0.018671 -0.078500 1.730533
v -0.135411 -0.078500 1.737726
v -0.112748 -0.078500 1.730533
v -0.018671 -0.078500 1.730533
v -0.112748 -0.078500 1.730533
v -0.042018 -0.078500 1.726181
v -0.042018 -0.078500 1.726181
v -0.112748 -0.078500 1.730533
v -0.089405 -0.078500 1.726181
v -0.042018 -0.078500 1.726181
v -0.089405 -0.078500 1.726181
v -0.065711 -0.078500 1.724716
v -0.260835 -0.078500 -1.893957
v -0.260835 -0.157000 -1.893957
v -0.262268 -0.078500 -1.918080
v -0.262268 -0.078500 -1.918080
v -0.260835 -0.157000 -1.893957
v -0.262268 -0.157000 -1.918080
v -0.262268 -0.078500 -1.918080
v -0.262268 -0.157000 -1.918080
v -0.260835 -0.078500 -1.942210
v -0.260835 -0.078500 -1.942210
v -0.262268 -0.157000 -1.918080
v -0.260835 -0.157000 -1.942210
v -0.260835 -0.078500 -1.942210
v -0.260835 -0.157000 -1.942210
v -0.256556 -0.078500 -1.965981
v -0.256556 -0.078500 -1.965981
v -0.260835 -0.157000 -1.942210
v -0.256556 -0.157000 -1.965981
v -0.256556 -0.078500 -1.965981
v -0.256556 -0.157000 -1.965981
v -0.249495 -0.078500 -1.989055
v -0.249495 -0.078500 -1.989055
v -0.256556 -0.157000 -1.965981
v -0.249495 -0.157000 -1.989055
v -0.249495 -0.078500 -1.989055
v -0.249495 -0.157000 -1.989055
v -0.239752 -0.078500 -2.011097
v -0.239752 -0.078500 -2.011097
v -0.249495 -0.157000 -1.989055
v -0.239752 -0.157000 -2.011097
v -0.239752 -0.078500 -2.011097
v -0.239752 -0.157000 -2.011097
v -0.227474 -0.078500 -2.031779
v -0.227474 -0.078500 -2.031779
v -0.239752 -0.157000 -2.011097
v -0.227474 -0.157000 -2.031779
v -0.227474 -0.078500 -2.031779
v -0.227474 -0.157000 -2.031779
v -0.212835 -0.078500 -2.050805
v -0.212835 -0.078500 -2.050805
v -0.227474 -0.157000 -2.031779
v -0.212835 -0.157000 -2.050805
v -0.212835 -0.078500 -2.050805
v -0.212835 -0.157000 -2.050805
v -0.196052 -0.078500 -2.067895
v -0.196052 -0.078500 -2.067895
v -0.212835 -0.157000 -2.050805
v -0.196052 -0.157000 -2.067895
v -0.196052 -0.078500 -2.067895
v -0.196052 -0.157000 -2.067895
v -0.177368 -0.078500 -2.082800
v -0.177368 -0.078500 -2.082800
v -0.196052 -0.157000 -2.067895
v -0.177368 -0.157000 -2.082800
v -0.177368 -0.078500 -2.082800
v -0.177368 -0.157000 -2.082800
v -0.157055 -0.078500 -2.095314
v -0.157055 -0.078500 -2.095314
v -0.177368 -0.157000 -2.082800
v -0.157055 -0.157000 -2.095314
v -0.157055 -0.078500 -2.095314
v -0.157055 -0.157000 -2.095314
v -0.135411 -0.078500 -2.105227
v -0.135411 -0.078500 -2.105227
v -0.157055 -0.157000 -2.095314
v -0.135411 -0.157000 -2.105227
v -0.135411 -0.078500 -2.105227
v -0.135411 -0.157000 -2.105227
v -0.112748 -0.078500 -2.112419
v -0.112748 -0.078500 -2.112419
v -0.135411 -0.157000 -2.105227
v -0.112748 -0.157000 -2.112419
v -0.112748 -0.078500 -2.112419
v -0.112748 -0.157000 -2.112419
v -0.089405 -0.078500 -2.116772
v -0.089405 -0.078500 -2.116772
v -0.112748 -0.157000 -2.112419
v -0.089405 -0.157000 -2.116772
v -0.089405 -0.078500 -2.116772
v -0.089405 -0.157000 -2.116772
v -0.065711 -0.078500 -2.118236
v -0.065711 -0.078500 -2.118236
v -0.089405 -0.157000 -2.116772
v -0.065711 -0.157000 -2.118236
v -0.065711 -0.078500 -2.118236
v -0.065711 -0.157000 -2.118236
v -0.042018 -0.078500 -2.116772
v -0.042018 -0.078500 -2.116772
v -0.065711 -0.157000 -2.118236
v -0.042018 -0.157000 -2.116772
v -0.042018 -0.078500 -2.116772
v -0.042018 -0.157000 -2.116772
v -0.018671 -0.078500 -2.112419
v -0.018671 -0.078500 -2.112419
v -0.042018 -0.157000 -2.116772
v -0.018671 -0.157000 -2.112419
v -0.018671 -0.078500 -2.112419
v -0.018671 -0.157000 -2.112419
v 0.003992 -0.078500 -2.105227
v 0.003992 -0.078500 -2.105227
v -0.018671 -0.157000 -2.112419
v 0.003992 -0.157000 -2.105227
v 0.003992 -0.078500 -2.105227
v 0.003992 -0.157000 -2.105227
v 0.025633 -0.078500 -2.095314
v 0.025633 -0.078500 -2.095314
v 0.003992 -0.157000 -2.105227
v 0.025633 -0.157000 -2.095314
v 0.025633 -0.078500 -2.095314
v 0.025633 -0.157000 -2.095314
v 0.045949 -0.078500 -2.082800
v 0.045949 -0.078500 -2.082800
v 0.025633 -0.157000 -2.095314
v 0.045949 -0.157000 -2.082800
v 0.045949 -0.078500 -2.082800
v 0.045949 -0.157000 -2.082800
v 0.064630 -0.078500 -2.067895
v 0.064630 -0.078500 -2.067895
v 0.045949 -0.157000 -2.082800
v 0.064630 -0.157000 -2.067895
v 0.064630 -0.078500 -2.067895
v 0.064630 -0.157000 -2.067895
v 0.081416 -0.078500 -2.050805
v 0.081416 -0.078500 -2.050805
v 0.064630 -0.157000 -2.067895
v 0.081416 -0.157000 -2.050805
v 0.081416 -0.078500 -2.050805
v 0.081416 -0.157000 -2.050805
v 0.096056 -0.078500 -2.031779
v 0.096056 -0.078500 -2.031779
v 0.081416 -0.157000 -2.050805
v 0.096056 -0.157000 -2.031779
v 0.096056 -0.078500 -2.031779
v 0.096056 -0.157000 -2.031779
v 0.108333 -0.078500 -2.011097
v 0.108333 -0.078500 -2.011097
v 0.096056 -0.157000 -2.031779
v 0.108333 -0.157000 -2.011097
v 0.108333 -0.078500 -2.011097
v 0.108333 -0.157000 -2.011097
v 0.118074 -0.078500 -1.989055
v 0.118074 -0.078500 -1.989055
v 0.108333 -0.157000 -2.011097
v 0.118074 -0.157000 -1.989055
v 0.118074 -0.078500 -1.989055
v 0.118074 -0.157000 -1.989055
v 0.125135 -0.078500 -1.965981
v 0.125135 -0.078500 -1.965981
v 0.118074 -0.157000 -1.989055
v 0.125135 -0.157000 -1.965981
v 0.125135 -0.078500 -1.965981
v 0.125135 -0.157000 -1.965981
v 0.129416 -0.078500 -1.942210
v 0.129416 -0.078500 -1.942210
v 0.125135 -0.157000 -1.965981
v 0.129416 -0.157000 -1.942210
v 0.129416 -0.078500 -1.942210
v 0.129416 -0.157000 -1.942210
v 0.130847 -0.078500 -1.918080
v 0.130847 -0.078500 -1.918080
v 0.129416 -0.157000 -1.942210
v 0.130847 -0.157000 -1.918080
v 0.130847 -0.078500 -1.918080
v 0.130847 -0.157000 -1.918080
v 0.129416 -0.078500 -1.893957
v 0.129416 -0.078500 -1.893957
v 0.130847 -0.157000 -1.918080
v 0.129416 -0.157000 -1.893957
v 0.129416 -0.078500 -1.893957
v 0.129416 -0.157000 -1.893957
v 0.125135 -0.078500 -1.870179
v 0.125135 -0.078500 -1.870179
v 0.129416 -0.157000 -1.893957
v 0.125135 -0.157000 -1.870179
v 0.125135 -0.078500 -1.870179
v 0.125135 -0.157000 -1.870179
v 0.118074 -0.078500 -1.847105
v 0.118074 -0.078500 -1.847105
v 0.125135 -0.157000 -1.870179
v 0.118074 -0.157000 -1.847105
v 0.118074 -0.078500 -1.847105
v 0.118074 -0.157000 -1.847105
v 0.108333 -0.078500 -1.825063
v 0.108333 -0.078500 -1.825063
v 0.118074 -0.157000 -1.847105
v 0.108333 -0.157000 -1.825063
v 0.108333 -0.078500 -1.825063
v 0.108333 -0.157000 -1.825063
v 0.096056 -0.078500 -1.804380
v 0.096056 -0.078500 -1.804380
v 0.108333 -0.157000 -1.825063
v 0.096056 -0.157000 -1.804380
v 0.096056 -0.078500 -1.804380
v 0.096056 -0.157000 -1.804380
v 0.081416 -0.078500 -1.785355
v 0.081416 -0.078500 -1.785355
v 0.096056 -0.157000 -1.804380
v 0.081416 -0.157000 -1.785355
v 0.081416 -0.078500 -1.785355
v 0.081416 -0.157000 -1.785355
v 0.064630 -0.078500 -1.768265
v 0.064630 -0.078500 -1.768265
v 0.081416 -0.157000 -1.785355
v 0.064630 -0.157000 -1.768265
v 0.064630 -0.078500 -1.768265
v 0.064630 -0.157000 -1.768265
v 0.045949 -0.078500 -1.753359
v 0.045949 -0.078500 -1.753359
v 0.064630 -0.157000 -1.768265
v 0.045949 -0.157000 -1.753359
v 0.045949 -0.078500 -1.753359
v 0.045949 -0.157000 -1.753359
v 0.025633 -0.078500 -1.740854
v 0.025633 -0.078500 -1.740854
v 0.045949 -0.157000 -1.753359
v 0.025633 -0.157000 -1.740854
v 0.025633 -0.078500 -1.740854
v 0.025633 -0.157000 -1.740854
v 0.003992 -0.078500 -1.730933
v 0.003992 -0.078500 -1.730933
v 0.025633 -0.157000 -1.740854
v 0.003992 -0.157000 -1.730933
v 0.003992 -0.078500 -1.730933
v 0.003992 -0.157000 -1.730933
v -0.018671 -0.078500 -1.723740
v -0.018671 -0.078500 -1.723740
v 0.003992 -0.157000 -1.730933
v -0.018671 -0.157000 -1.723740
v -0.018671 -0.078500 -1.723740
v -0.018671 -0.157000 -1.723740
v -0.042018 -0.078500 -1.719388
v -0.042018 -0.078500 -1.719388
v -0.018671 -0.157000 -1.723740
v -0.042018 -0.157000 -1.719388
v -0.042018 -0.078500 -1.719388
v -0.042018 -0.157000 -1.719388
v -0.065711 -0.078500 -1.717924
v -0.065711 -0.078500 -1.717924
v -0.042018 -0.157000 -1.719388
v -0.065711 -0.157000 -1.717924
v -0.065711 -0.078500 -1.717924
v -0.065711 -0.157000 -1.717924
v -0.089405 -0.078500 -1.719388
v -0.089405 -0.078500 -1.719388
v -0.065711 -0.157000 -1.717924
v -0.089405 -0.157000 -1.719388
v -0.089405 -0.078500 -1.719388
v -0.089405 -0.157000 -1.719388
v -0.112748 -0.078500 -1.723740
v -0.112748 -0.078500 -1.723740
v -0.089405 -0.157000 -1.719388
v -0.112748 -0.157000 -1.723740
v -0.112748 -0.078500 -1.723740
v -0.112748 -0.157000 -1.723740
v -0.135411 -0.078500 -1.730933
v -0.135411 -0.078500 -1.730933
v -0.112748 -0.157000 -1.723740
v -0.135411 -0.157000 -1.730933
v -0.135411 -0.078500 -1.730933
v -0.135411 -0.157000 -1.730933
v -0.157055 -0.078500 -1.740854
v -0.157055 -0.078500 -1.740854
v -0.135411 -0.157000 -1.730933
v -0.157055 -0.157000 -1.740854
v -0.157055 -0.078500 -1.740854
v -0.157055 -0.157000 -1.740854
v -0.177368 -0.078500 -1.753359
v -0.177368 -0.078500 -1.753359
v -0.157055 -0.157000 -1.740854
v -0.177368 -0.157000 -1.753359
v -0.177368 -0.078500 -1.753359
v -0.177368 -0.157000 -1.753359
v -0.196052 -0.078500 -1.768265
v -0.196052 -0.078500 -1.768265
v -0.177368 -0.157000 -1.753359
v -0.196052 -0.157000 -1.768265
v -0.196052 -0.078500 -1.768265
v -0.196052 -0.157000 -1.768265
v -0.212835 -0.078500 -1.785355
v -0.212835 -0.078500 -1.785355
v -0.196052 -0.157000 -1.768265
v -0.212835 -0.157000 -1.785355
v -0.212835 -0.078500 -1.785355
v -0.212835 -0.157000 -1.785355
v -0.227474 -0.078500 -1.804380
v -0.227474 -0.078500 -1.804380
v -0.212835 -0.157000 -1.785355
v -0.227474 -0.157000 -1.804380
v -0.227474 -0.078500 -1.804380
v -0.227474 -0.157000 -1.804380
v -0.239752 -0.078500 -1.825063
v -0.239752 -0.078500 -1.825063
v -0.227474 -0.157000 -1.804380
v -0.239752 -0.157000 -1.825063
v -0.239752 -0.078500 -1.825063
v -0.239752 -0.157000 -1.825063
v -0.249495 -0.078500 -1.847105
v -0.249495 -0.078500 -1.847105
v -0.239752 -0.157000 -1.825063
v -0.249495 -0.157000 -1.847105
v -0.249495 -0.078500 -1.847105
v -0.249495 -0.157000 -1.847105
v -0.256556 -0.078500 -1.870179
v -0.256556 -0.078500 -1.870179
v -0.249495 -0.157000 -1.847105
v -0.256556 -0.157000 -1.870179
v -0.256556 -0.078500 -1.870179
v -0.256556 -0.157000 -1.870179
v -0.260835 -0.078500 -1.893957
v -0.260835 -0.078500 -1.893957
v -0.256556 -0.157000 -1.870179
v -0.260835 -0.157000 -1.893957
v -0.260835 -0.078500 -1.942210
v 0.129416 -0.078500 -1.942210
v -0.262268 -0.078500 -1.918080
v -0.262268 -0.078500 -1.918080
v 0.129416 -0.078500 -1.942210
v 0.130847 -0.078500 -1.918080
v -0.262268 -0.078500 -1.918080
v 0.130847 -0.078500 -1.918080
v -0.260835 -0.078500 -1.893957
v -0.260835 -0.078500 -1.893957
v 0.130847 -0.078500 -1.918080
v 0.129416 -0.078500 -1.893957
v -0.260835 -0.078500 -1.893957
v 0.129416 -0.078500 -1.893957
v -0.256556 -0.078500 -1.870179
v -0.256556 -0.078500 -1.870179
v 0.129416 -0.078500 -1.893957
v 0.125135 -0.078500 -1.870179
v -0.256556 -0.078500 -1.870179
v 0.125135 -0.078500 -1.870179
v -0.249495 -0.078500 -1.847105
v -0.249495 -0.078500 -1.847105
v 0.125135 -0.078500 -1.870179
v 0.118074 -0.078500 -1.847105
v -0.249495 -0.078500 -1.847105
v 0.118074 -0.078500 -1.847105
v -0.239752 -0.078500 -1.825063
v -0.239752 -0.078500 -1.825063
v 0.118074 -0.078500 -1.847105
v 0.108333 -0.078500 -1.825063
v -0.239752 -0.078500 -1.825063
v 0.108333 -0.078500 -1.825063
v -0.227474 -0.078500 -1.804380
v -0.227474 -0.078500 -1.804380
v 0.108333 -0.078500 -1.825063
v 0.096056 -0.078500 -1.804380
v -0.227474 -0.078500 -1.804380
v 0.096056 -0.078500 -1.804380
v -0.212835 -0.078500 -1.785355
v -0.212835 -0.078500 -1.785355
v 0.096056 -0.078500 -1.804380
v 0.081416 -0.078500 -1.785355
v -0.212835 -0.078500 -1.785355
v 0.081416 -0.078500 -1.785355
v -0.196052 -0.078500 -1.768265
v -0.196052 -0.078500 -1.768265
v 0.081416 -0.078500 -1.785355
v 0.064630 -0.078500 -1.768265
v -0.196052 -0.078500 -1.768265
v 0.064630 -0.078500 -1.768265
v -0.177368 -0.078500 -1.753359
v -0.177368 -0.078500 -1.753359
v 0.064630 -0.078500 -1.768265
v 0.045949 -0.078500 -1.753359
v -0.177368 -0.078500 -1.753359
v 0.045949 -0.078500 -1.753359
v -0.157055 -0.078500 -1.740854
v -0.157055 -0.078500 -1.740854
v 0.045949 -0.078500 -1.753359
v 0.025633 -0.078500 -1.740854
v -0.157055 -0.078500 -1.740854
v 0.025633 -0.078500 -1.740854
v -0.135411 -0.078500 -1.730933
v -0.135411 -0.078500 -1.730933
v 0.025633 -0.078500 -1.740854
v 0.003992 -0.078500 -1.730933
v -0.135411 -0.078500 -1.730933
v 0.003992 -0.078500 -1.730933
v -0.112748 -0.078500 -1.723740
v -0.112748 -0.078500 -1.723740
v 0.003992 -0.078500 -1.730933
v -0.018671 -0.078500 -1.723740
v -0.112748 -0.078500 -1.723740
v -0.018671 -0.078500 -1.723740
v -0.089405 -0.078500 -1.719388
v -0.089405 -0.078500 -1.719388
v -0.018671 -0.078500 -1.723740
v -0.042018 -0.078500 -1.719388
v -0.089405 -0.078500 -1.719388
v -0.042018 -0.078500 -1.719388
v -0.065711 -0.078500 -1.717924
v 0.129416 -0.078500 -1.942210
v -0.260835 -0.078500 -1.942210
v 0.125135 -0.078500 -1.965981
v 0.125135 -0.078500 -1.965981
v -0.260835 -0.078500 -1.942210
v -0.256556 -0.078500 -1.965981
v 0.125135 -0.078500 -1.965981
v -0.256556 -0.078500 -1.965981
v 0.118074 -0.078500 -1.989055
v 0.118074 -0.078500 -1.989055
v -0.256556 -0.078500 -1.965981
v -0.249495 -0.078500 -1.989055
v 0.118074 -0.078500 -1.989055
v -0.249495 -0.078500 -1.989055
v 0.108333 -0.078500 -2.011097
v 0.108333 -0.078500 -2.011097
v -0.249495 -0.078500 -1.989055
v -0.239752 -0.078500 -2.011097
v 0.108333 -0.078500 -2.011097
v -0.239752 -0.078500 -2.011097
v 0.096056 -0.078500 -2.031779
v 0.096056 -0.078500 -2.031779
v -0.239752 -0.078500 -2.011097
v -0.227474 -0.078500 -2.031779
v 0.096056 -0.078500 -2.031779
v -0.227474 -0.078500 -2.031779
v 0.081416 -0.078500 -2.050805
v 0.081416 -0.078500 -2.050805
v -0.227474 -0.078500 -2.031779
v -0.212835 -0.078500 -2.050805
v 0.081416 -0.078500 -2.050805
v -0.212835 -0.078500 -2.050805
v 0.064630 -0.078500 -2.067895
v 0.064630 -0.078500 -2.067895
v -0.212835 -0.078500 -2.050805
v -0.196052 -0.078500 -2.067895
v 0.064630 -0.078500 -2.067895
v -0.196052 -0.078500 -2.067895
v 0.045949 -0.078500 -2.082800
v 0.045949 -0.078500 -2.082800
v -0.196052 -0.078500 -2.067895
v -0.177368 -0.078500 -2.082800
v 0.045949 -0.078500 -2.082800
v -0.177368 -0.078500 -2.082800
v 0.025633 -0.078500 -2.095314
v 0.025633 -0.078500 -2.095314
v -0.177368 -0.078500 -2.082800
v -0.157055 -0.078500 -2.095314
v 0.025633 -0.078500 -2.095314
v -0.157055 -0.078500 -2.095314
v 0.003992 -0.078500 -2.105227
v 0.003992 -0.078500 -2.105227
v -0.157055 -0.078500 -2.095314
v -0.135411 -0.078500 -2.105227
v 0.003992 -0.078500 -2.105227
v -0.135411 -0.078500 -2.105227
v -0.018671 -0.078500 -2.112419
v -0.018671 -0.078500 -2.112419
v -0.135411 -0.078500 -2.105227
v -0.112748 -0.078500 -2.112419
v -0.018671 -0.078500 -2.112419
v -0.112748 -0.078500 -2.112419
v -0.042018 -0.078500 -2.116772
v -0.042018 -0.078500 -2.116772
v -0.112748 -0.078500 -2.112419
v -0.089405 -0.078500 -2.116772
v -0.042018 -0.078500 -2.116772
v -0.089405 -0.078500 -2.116772
v -0.065711 -0.078500 -2.118236
v -2.422974 -0.078500 0.027523
v -2.422974 -0.157000 0.027523
v -2.424404 -0.078500 0.003396
v -2.424404 -0.078500 0.003396
v -2.422974 -0.157000 0.027523
v -2.424404 -0.157000 0.003396
v -2.424404 -0.078500 0.003396
v -2.424404 -0.157000 0.003396
v -2.422974 -0.078500 -0.020730
v -2.422974 -0.078500 -0.020730
v -2.424404 -0.157000 0.003396
v -2.422974 -0.157000 -0.020730
v -2.422974 -0.078500 -0.020730
v -2.422974 -0.157000 -0.020730
v -2.418692 -0.078500 -0.044504
v -2.418692 -0.078500 -0.044504
v -2.422974 -0.157000 -0.020730
v -2.418692 -0.157000 -0.044504
v -2.418692 -0.078500 -0.044504
v -2.418692 -0.157000 -0.044504
v -2.411628 -0.078500 -0.067578
v -2.411628 -0.078500 -0.067578
v -2.418692 -0.157000 -0.044504
v -2.411628 -0.157000 -0.067578
v -2.411628 -0.078500 -0.067578
v -2.411628 -0.157000 -0.067578
v -2.401885 -0.078500 -0.089619
v -2.401885 -0.078500 -0.089619
v -2.411628 -0.157000 -0.067578
v -2.401885 -0.157000 -0.089619
v -2.401885 -0.078500 -0.089619
v -2.401885 -0.157000 -0.089619
v -2.389612 -0.078500 -0.110303
v -2.389612 -0.078500 -0.110303
v -2.401885 -0.157000 -0.089619
v -2.389612 -0.157000 -0.110303
v -2.389612 -0.078500 -0.110303
v -2.389612 -0.157000 -0.110303
v -2.374975 -0.078500 -0.129330
v -2.374975 -0.078500 -0.129330
v -2.389612 -0.157000 -0.110303
v -2.374975 -0.157000 -0.129330
v -2.374975 -0.078500 -0.129330
v -2.374975 -0.157000 -0.129330
v -2.358192 -0.078500 -0.146419
v -2.358192 -0.078500 -0.146419
v -2.374975 -0.157000 -0.129330
v -2.358192 -0.157000 -0.146419
v -2.358192 -0.078500 -0.146419
v -2.358192 -0.157000 -0.146419
v -2.339508 -0.078500 -0.161327
v -2.339508 -0.078500 -0.161327
v -2.358192 -0.157000 -0.146419
v -2.339508 -0.157000 -0.161327
v -2.339508 -0.078500 -0.161327
v -2.339508 -0.157000 -0.161327
v -2.319190 -0.078500 -0.173832
v -2.319190 -0.078500 -0.173832
v -2.339508 -0.157000 -0.161327
v -2.319190 -0.157000 -0.173832
v -2.319190 -0.078500 -0.173832
v -2.319190 -0.157000 -0.173832
v -2.297544 -0.078500 -0.183751
v -2.297544 -0.078500 -0.183751
v -2.319190 -0.157000 -0.173832
v -2.297544 -0.157000 -0.183751
v -2.297544 -0.078500 -0.183751
v -2.297544 -0.157000 -0.183751
v -2.274884 -0.078500 -0.190941
v -2.274884 -0.078500 -0.190941
v -2.297544 -0.157000 -0.183751
v -2.274884 -0.157000 -0.190941
v -2.274884 -0.078500 -0.190941
v -2.274884 -0.157000 -0.190941
v -2.251540 -0.078500 -0.195296
v -2.251540 -0.078500 -0.195296
v -2.274884 -0.157000 -0.190941
v -2.251540 -0.157000 -0.195296
v -2.251540 -0.078500 -0.195296
v -2.251540 -0.157000 -0.195296
v -2.227852 -0.078500 -0.196757
v -2.227852 -0.078500 -0.196757
v -2.251540 -0.157000 -0.195296
v -2.227852 -0.157000 -0.196757
v -2.227852 -0.078500 -0.196757
v -2.227852 -0.157000 -0.196757
v -2.204155 -0.078500 -0.195296
v -2.204155 -0.078500 -0.195296
v -2.227852 -0.157000 -0.196757
v -2.204155 -0.157000 -0.195296
v -2.204155 -0.078500 -0.195296
v -2.204155 -0.157000 -0.195296
v -2.180811 -0.078500 -0.190941
v -2.180811 -0.078500 -0.190941
v -2.204155 -0.157000 -0.195296
v -2.180811 -0.157000 -0.190941
v -2.180811 -0.078500 -0.190941
v -2.180811 -0.157000 -0.190941
v -2.158144 -0.078500 -0.183751
v -2.158144 -0.078500 -0.183751
v -2.180811 -0.157000 -0.190941
v -2.158144 -0.157000 -0.183751
v -2.158144 -0.078500 -0.183751
v -2.158144 -0.157000 -0.183751
v -2.136505 -0.078500 -0.173832
v -2.136505 -0.078500 -0.173832
v -2.158144 -0.157000 -0.183751
v -2.136505 -0.157000 -0.173832
v -2.136505 -0.078500 -0.173832
v -2.136505 -0.157000 -0.173832
v -2.116187 -0.078500 -0.161327
v -2.116187 -0.078500 -0.161327
v -2.136505 -0.157000 -0.173832
v -2.116187 -0.157000 -0.161327
v -2.116187 -0.078500 -0.161327
v -2.116187 -0.157000 -0.161327
v -2.097503 -0.078500 -0.146419
v -2.097503 -0.078500 -0.146419
v -2.116187 -0.157000 -0.161327
v -2.097503 -0.157000 -0.146419
v -2.097503 -0.078500 -0.146419
v -2.097503 -0.157000 -0.146419
v -2.080720 -0.078500 -0.129330
v -2.080720 -0.078500 -0.129330
v -2.097503 -0.157000 -0.146419
v -2.080720 -0.157000 -0.129330
v -2.080720 -0.078500 -0.129330
v -2.080720 -0.157000 -0.129330
v -2.066083 -0.078500 -0.110303
v -2.066083 -0.078500 -0.110303
v -2.080720 -0.157000 -0.129330
v -2.066083 -0.157000 -0.110303
v -2.066083 -0.078500 -0.110303
v -2.066083 -0.157000 -0.110303
v -2.053802 -0.078500 -0.089619
v -2.053802 -0.078500 -0.089619
v -2.066083 -0.157000 -0.110303
v -2.053802 -0.157000 -0.089619
v -2.053802 -0.078500 -0.089619
v -2.053802 -0.157000 -0.089619
v -2.044060 -0.078500 -0.067578
v -2.044060 -0.078500 -0.067578
v -2.053802 -0.157000 -0.089619
v -2.044060 -0.157000 -0.067578
v -2.044060 -0.078500 -0.067578
v -2.044060 -0.157000 -0.067578
v -2.037004 -0.078500 -0.044504
v -2.037004 -0.078500 -0.044504
v -2.044060 -0.157000 -0.067578
v -2.037004 -0.157000 -0.044504
v -2.037004 -0.078500 -0.044504
v -2.037004 -0.157000 -0.044504
v -2.032722 -0.078500 -0.020730
v -2.032722 -0.078500 -0.020730
v -2.037004 -0.157000 -0.044504
v -2.032722 -0.157000 -0.020730
v -2.032722 -0.078500 -0.020730
v -2.032722 -0.157000 -0.020730
v -2.031292 -0.078500 0.003396
v -2.031292 -0.078500 0.003396
v -2.032722 -0.157000 -0.020730
v -2.031292 -0.157000 0.003396
v -2.031292 -0.078500 0.003396
v -2.031292 -0.157000 0.003396
v -2.032722 -0.078500 0.027523
v -2.032722 -0.078500 0.027523
v -2.031292 -0.157000 0.003396
v -2.032722 -0.157000 0.027523
v -2.032722 -0.078500 0.027523
v -2.032722 -0.157000 0.027523
v -2.037004 -0.078500 0.051297
v -2.037004 -0.078500 0.051297
v -2.032722 -0.157000 0.027523
v -2.037004 -0.157000 0.051297
v -2.037004 -0.078500 0.051297
v -2.037004 -0.157000 0.051297
v -2.044060 -0.078500 0.074375
v -2.044060 -0.078500 0.074375
v -2.037004 -0.157000 0.051297
v -2.044060 -0.157000 0.074375
v -2.044060 -0.078500 0.074375
v -2.044060 -0.157000 0.074375
v -2.053802 -0.078500 0.096412
v -2.053802 -0.078500 0.096412
v -2.044060 -0.157000 0.074375
v -2.053802 -0.157000 0.096412
v -2.053802 -0.078500 0.096412
v -2.053802 -0.157000 0.096412
v -2.066083 -0.078500 0.117096
v -2.066083 -0.078500 0.117096
v -2.053802 -0.157000 0.096412
v -2.066083 -0.157000 0.117096
v -2.066083 -0.078500 0.117096
v -2.066083 -0.157000 0.117096
v -2.080720 -0.078500 0.136122
v -2.080720 -0.078500 0.136122
v -2.066083 -0.157000 0.117096
v -2.080720 -0.157000 0.136122
v -2.080720 -0.078500 0.136122
v -2.080720 -0.157000 0.136122
v -2.097503 -0.078500 0.153215
v -2.097503 -0.078500 0.153215
v -2.080720 -0.157000 0.136122
v -2.097503 -0.157000 0.153215
v -2.097503 -0.078500 0.153215
v -2.097503 -0.157000 0.153215
v -2.116187 -0.078500 0.168119
v -2.116187 -0.078500 0.168119
v -2.097503 -0.157000 0.153215
v -2.116187 -0.157000 0.168119
v -2.116187 -0.078500 0.168119
v -2.116187 -0.157000 0.168119
v -2.136505 -0.078500 0.180624
v -2.136505 -0.078500 0.180624
v -2.116187 -0.157000 0.168119
v -2.136505 -0.157000 0.180624
v -2.136505 -0.078500 0.180624
v -2.136505 -0.157000 0.180624
v -2.158144 -0.078500 0.190545
v -2.158144 -0.078500 0.190545
v -2.136505 -0.157000 0.180624
v -2.158144 -0.157000 0.190545
v -2.158144 -0.078500 0.190545
v -2.158144 -0.157000 0.190545
v -2.180811 -0.078500 0.197734
v -2.180811 -0.078500 0.197734
v -2.158144 -0.157000 0.190545
v -2.180811 -0.157000 0.197734
v -2.180811 -0.078500 0.197734
v -2.180811 -0.157000 0.197734
v -2.204155 -0.078500 0.202093
v -2.204155 -0.078500 0.202093
v -2.180811 -0.157000 0.197734
v -2.204155 -0.157000 0.202093
v -2.204155 -0.078500 0.202093
v -2.204155 -0.157000 0.202093
v -2.227852 -0.078500 0.203550
v -2.227852 -0.078500 0.203550
v -2.204155 -0.157000 0.202093
v -2.227852 -0.157000 0.203550
v -2.227852 -0.078500 0.203550
v -2.227852 -0.157000 0.203550
v -2.251540 -0.078500 0.202093
v -2.251540 -0.078500 0.202093
v -2.227852 -0.157000 0.203550
v -2.251540 -0.157000 0.202093
v -2.251540 -0.078500 0.202093
v -2.251540 -0.157000 0.202093
v -2.274884 -0.078500 0.197734
v -2.274884 -0.078500 0.197734
v -2.251540 -0.157000 0.202093
v -2.274884 -0.157000 0.197734
v -2.274884 -0.078500 0.197734
v -2.274884 -0.157000 0.197734
v -2.297544 -0.078500 0.190545
v -2.297544 -0.078500 0.190545
v -2.274884 -0.157000 0.197734
v -2.297544 -0.157000 0.190545
v -2.297544 -0.078500 0.190545
v -2.297544 -0.157000 0.190545
v -2.319190 -0.078500 0.180624
v -2.319190 -0.078500 0.180624
v -2.297544 -0.157000 0.190545
v -2.319190 -0.157000 0.180624
v -2.319190 -0.078500 0.180624
v -2.319190 -0.157000 0.180624
v -2.339508 -0.078500 0.168119
v -2.339508 -0.078500 0.168119
v -2.319190 -0.157000 0.180624
v -2.339508 -0.157000 0.168119
v -2.339508 -0.078500 0.168119
v -2.339508 -0.157000 0.168119
v -2.358192 -0.078500 0.153215
v -2.358192 -0.078500 0.153215
v -2.339508 -0.157000 0.168119
v -2.358192 -0.157000 0.153215
v -2.358192 -0.078500 0.153215
v -2.358192 -0.157000 0.153215
v -2.374975 -0.078500 0.136122
v -2.374975 -0.078500 0.136122
v -2.358192 -0.157000 0.153215
v -2.374975 -0.157000 0.136122
v -2.374975 -0.078500 0.136122
v -2.374975 -0.157000 0.136122
v -2.389612 -0.078500 0.117096
v -2.389612 -0.078500 0.117096
v -2.374975 -0.157000 0.136122
v -2.389612 -0.157000 0.117096
v -2.389612 -0.078500 0.117096
v -2.389612 -0.157000 0.117096
v -2.401885 -0.078500 0.096412
v -2.401885 -0.078500 0.096412
v -2.389612 -0.157000 0.117096
v -2.401885 -0.157000 0.096412
v -2.401885 -0.078500 0.096412
v -2.401885 -0.157000 0.096412
v -2.411628 -0.078500 0.074375
v -2.411628 -0.078500 0.074375
v -2.401885 -0.157000 0.096412
v -2.411628 -0.157000 0.074375
v -2.411628 -0.078500 0.074375
v -2.411628 -0.157000 0.074375
v -2.418692 -0.078500 0.051297
v -2.418692 -0.078500 0.051297
v -2.411628 -0.157000 0.074375
v -2.418692 -0.157000 0.051297
v -2.418692 -0.078500 0.051297
v -2.418692 -0.157000 0.051297
v -2.422974 -0.078500 0.027523
v -2.422974 -0.078500 0.027523
v -2.418692 -0.157000 0.051297
v -2.422974 -0.157000 0.027523
v -2.422974 -0.078500 -0.020730
v -2.032722 -0.078500 -0.020730
v -2.424404 -0.078500 0.003396
v -2.424404 -0.078500 0.003396
v -2.032722 -0.078500 -0.020730
v -2.031292 -0.078500 0.003396
v -2.424404 -0.078500 0.003396
v -2.031292 -0.078500 0.003396
v -2.422974 -0.078500 0.027523
v -2.422974 -0.078500 0.027523
v -2.031292 -0.078500 0.003396
v -2.032722 -0.078500 0.027523
v -2.422974 -0.078500 0.027523
v -2.032722 -0.078500 0.027523
v -2.418692 -0.078500 0.051297
v -2.418692 -0.078500 0.051297
v -2.032722 -0.078500 0.027523
v -2.037004 -0.078500 0.051297
v -2.418692 -0.078500 0.051297
v -2.037004 -0.078500 0.051297
v -2.411628 -0.078500 0.074375
v -2.411628 -0.078500 0.074375
v -2.037004 -0.078500 0.051297
v -2.044060 -0.078500 0.074375
v -2.411628 -0.078500 0.074375
v -2.044060 -0.078500 0.074375
v -2.401885 -0.078500 0.096412
v -2.401885 -0.078500 0.096412
v -2.044060 -0.078500 0.074375
v -2.053802 -0.078500 0.096412
v -2.401885 -0.078500 0.096412
v -2.053802 -0.078500 0.096412
v -2.389612 -0.078500 0.117096
v -2.389612 -0.078500 0.117096
v -2.053802 -0.078500 0.096412
v -2.066083 -0.078500 0.117096
v -2.389612 -0.078500 0.117096
v -2.066083 -0.078500 0.117096
v -2.374975 -0.078500 0.136122
v -2.374975 -0.078500 0.136122
v -2.066083 -0.078500 0.117096
v -2.080720 -0.078500 0.136122
v -2.374975 -0.078500 0.136122
v -2.080720 -0.078500 0.136122
v -2.358192 -0.078500 0.153215
v -2.358192 -0.078500 0.153215
v -2.080720 -0.078500 0.136122
v -2.097503 -0.078500 0.153215
v -2.358192 -0.078500 0.153215
v -2.097503 -0.078500 0.153215
v -2.339508 -0.078500 0.168119
v -2.339508 -0.078500 0.168119
v -2.097503 -0.078500 0.153215
v -2.116187 -0.078500 0.168119
v -2.339508 -0.078500 0.168119
v -2.116187 -0.078500 0.168119
v -2.319190 -0.078500 0.180624
v -2.319190 -0.078500 0.180624
v -2.116187 -0.078500 0.168119
v -2.136505 -0.078500 0.180624
v -2.319190 -0.078500 0.180624
v -2.136505 -0.078500 0.180624
v -2.297544 -0.078500 0.190545
v -2.297544 -0.078500 0.190545
v -2.136505 -0.078500 0.180624
v -2.158144 -0.078500 0.190545
v -2.297544 -0.078500 0.190545
v -2.158144 -0.078500 0.190545
v -2.274884 -0.078500 0.197734
v -2.274884 -0.078500 0.197734
v -2.158144 -0.078500 0.190545
v -2.180811 -0.078500 0.197734
v -2.274884 -0.078500 0.197734
v -2.180811 -0.078500 0.197734
v -2.251540 -0.078500 0.202093
v -2.251540 -0.078500 0.202093
v -2.180811 -0.078500 0.197734
v -2.204155 -0.078500 0.202093
v -2.251540 -0.078500 0.202093
v -2.204155 -0.078500 0.202093
v -2.227852 -0.078500 0.203550
v -2.032722 -0.078500 -0.020730
v -2.422974 -0.078500 -0.020730
v -2.037004 -0.078500 -0.044504
v -2.037004 -0.078500 -0.044504
v -2.422974 -0.078500 -0.020730
v -2.418692 -0.078500 -0.044504
v -2.037004 -0.078500 -0.044504
v -2.418692 -0.078500 -0.044504
v -2.044060 -0.078500 -0.067578
v -2.044060 -0.078500 -0.067578
v -2.418692 -0.078500 -0.044504
v -2.411628 -0.078500 -0.067578
v -2.044060 -0.078500 -0.067578
v -2.411628 -0.078500 -0.067578
v -2.053802 -0.078500 -0.089619
v -2.053802 -0.078500 -0.089619
v -2.411628 -0.078500 -0.067578
v -2.401885 -0.078500 -0.089619
v -2.053802 -0.078500 -0.089619
v -2.401885 -0.078500 -0.089619
v -2.066083 -0.078500 -0.110303
v -2.066083 -0.078500 -0.110303
v -2.401885 -0.078500 -0.089619
v -2.389612 -0.078500 -0.110303
v -2.066083 -0.078500 -0.110303
v -2.389612 -0.078500 -0.110303
v -2.080720 -0.078500 -0.129330
v -2.080720 -0.078500 -0.129330
v -2.389612 -0.078500 -0.110303
v -2.374975 -0.078500 -0.129330
v -2.080720 -0.078500 -0.129330
v -2.374975 -0.078500 -0.129330
v -2.097503 -0.078500 -0.146419
v -2.097503 -0.078500 -0.146419
v -2.374975 -0.078500 -0.129330
v -2.358192 -0.078500 -0.146419
v -2.097503 -0.078500 -0.146419
v -2.358192 -0.078500 -0.146419
v -2.116187 -0.078500 -0.161327
v -2.116187 -0.078500 -0.161327
v -2.358192 -0.078500 -0.146419
v -2.339508 -0.078500 -0.161327
v -2.116187 -0.078500 -0.161327
v -2.339508 -0.078500 -0.161327
v -2.136505 -0.078500 -0.173832
v -2.136505 -0.078500 -0.173832
v -2.339508 -0.078500 -0.161327
v -2.319190 -0.078500 -0.173832
v -2.136505 -0.078500 -0.173832
v -2.319190 -0.078500 -0.173832
v -2.158144 -0.078500 -0.183751
v -2.158144 -0.078500 -0.183751
v -2.319190 -0.078500 -0.173832
v -2.297544 -0.078500 -0.183751
v -2.158144 -0.078500 -0.183751
v -2.297544 -0.078500 -0.183751
v -2.180811 -0.078500 -0.190941
v -2.180811 -0.078500 -0.190941
v -2.297544 -0.078500 -0.183751
v -2.274884 -0.078500 -0.190941
v -2.180811 -0.078500 -0.190941
v -2.274884 -0.078500 -0.190941
v -2.204155 -0.078500 -0.195296
v -2.204155 -0.078500 -0.195296
v -2.274884 -0.078500 -0.190941
v -2.251540 -0.078500 -0.195296
v -2.204155 -0.078500 -0.195296
v -2.251540 -0.078500 -0.195296
v -2.227852 -0.078500 -0.196757
v 1.901304 -0.078500 0.027523
v 1.901304 -0.157000 0.027523
v 1.899867 -0.078500 0.003396
v 1.899867 -0.078500 0.003396
v 1.901304 -0.157000 0.027523
v 1.899867 -0.157000 0.003396
v 1.899867 -0.078500 0.003396
v 1.899867 -0.157000 0.003396
v 1.901304 -0.078500 -0.020730
v 1.901304 -0.078500 -0.020730
v 1.899867 -0.157000 0.003396
v 1.901304 -0.157000 -0.020730
v 1.901304 -0.078500 -0.020730
v 1.901304 -0.157000 -0.020730
v 1.905579 -0.078500 -0.044504
v 1.905579 -0.078500 -0.044504
v 1.901304 -0.157000 -0.020730
v 1.905579 -0.157000 -0.044504
v 1.905579 -0.078500 -0.044504
v 1.905579 -0.157000 -0.044504
v 1.912642 -0.078500 -0.067578
v 1.912642 -0.078500 -0.067578
v 1.905579 -0.157000 -0.044504
v 1.912642 -0.157000 -0.067578
v 1.912642 -0.078500 -0.067578
v 1.912642 -0.157000 -0.067578
v 1.922385 -0.078500 -0.089619
v 1.922385 -0.078500 -0.089619
v 1.912642 -0.157000 -0.067578
v 1.922385 -0.157000 -0.089619
v 1.922385 -0.078500 -0.089619
v 1.922385 -0.157000 -0.089619
v 1.934666 -0.078500 -0.110303
v 1.934666 -0.078500 -0.110303
v 1.922385 -0.157000 -0.089619
v 1.934666 -0.157000 -0.110303
v 1.934666 -0.078500 -0.110303
v 1.934666 -0.157000 -0.110303
v 1.949303 -0.078500 -0.129330
v 1.949303 -0.078500 -0.129330
v 1.934666 -0.157000 -0.110303
v 1.949303 -0.157000 -0.129330
v 1.949303 -0.078500 -0.129330
v 1.949303 -0.157000 -0.129330
v 1.966086 -0.078500 -0.146419
v 1.966086 -0.078500 -0.146419
v 1.949303 -0.157000 -0.129330
v 1.966086 -0.157000 -0.146419
v 1.966086 -0.078500 -0.146419
v 1.966086 -0.157000 -0.146419
v 1.984770 -0.078500 -0.161327
v 1.984770 -0.078500 -0.161327
v 1.966086 -0.157000 -0.146419
v 1.984770 -0.157000 -0.161327
v 1.984770 -0.078500 -0.161327
v 1.984770 -0.157000 -0.161327
v 2.005080 -0.078500 -0.173832
v 2.005080 -0.078500 -0.173832
v 1.984770 -0.157000 -0.161327
v 2.005080 -0.157000 -0.173832
v 2.005080 -0.078500 -0.173832
v 2.005080 -0.157000 -0.173832
v 2.026727 -0.078500 -0.183751
v 2.026727 -0.078500 -0.183751
v 2.005080 -0.157000 -0.173832
v 2.026727 -0.157000 -0.183751
v 2.026727 -0.078500 -0.183751
v 2.026727 -0.157000 -0.183751
v 2.049387 -0.078500 -0.190941
v 2.049387 -0.078500 -0.190941
v 2.026727 -0.157000 -0.183751
v 2.049387 -0.157000 -0.190941
v 2.049387 -0.078500 -0.190941
v 2.049387 -0.157000 -0.190941
v 2.072730 -0.078500 -0.195296
v 2.072730 -0.078500 -0.195296
v 2.049387 -0.157000 -0.190941
v 2.072730 -0.157000 -0.195296
v 2.072730 -0.078500 -0.195296
v 2.072730 -0.157000 -0.195296
v 2.096427 -0.078500 -0.196757
v 2.096427 -0.078500 -0.196757
v 2.072730 -0.157000 -0.195296
v 2.096427 -0.157000 -0.196757
v 2.096427 -0.078500 -0.196757
v 2.096427 -0.157000 -0.196757
v 2.120116 -0.078500 -0.195296
v 2.120116 -0.078500 -0.195296
v 2.096427 -0.157000 -0.196757
v 2.120116 -0.157000 -0.195296
v 2.120116 -0.078500 -0.195296
v 2.120116 -0.157000 -0.195296
v 2.143467 -0.078500 -0.190941
v 2.143467 -0.078500 -0.190941
v 2.120116 -0.157000 -0.195296
v 2.143467 -0.157000 -0.190941
v 2.143467 -0.078500 -0.190941
v 2.143467 -0.157000 -0.190941
v 2.166127 -0.078500 -0.183751
v 2.166127 -0.078500 -0.183751
v 2.143467 -0.157000 -0.190941
v 2.166127 -0.157000 -0.183751
v 2.166127 -0.078500 -0.183751
v 2.166127 -0.157000 -0.183751
v 2.187773 -0.078500 -0.173832
v 2.187773 -0.078500 -0.173832
v 2.166127 -0.157000 -0.183751
v 2.187773 -0.157000 -0.173832
v 2.187773 -0.078500 -0.173832
v 2.187773 -0.157000 -0.173832
v 2.208083 -0.078500 -0.161327
v 2.208083 -0.078500 -0.161327
v 2.187773 -0.157000 -0.173832
v 2.208083 -0.157000 -0.161327
v 2.208083 -0.078500 -0.161327
v 2.208083 -0.157000 -0.161327
v 2.226767 -0.078500 -0.146419
v 2.226767 -0.078500 -0.146419
v 2.208083 -0.157000 -0.161327
v 2.226767 -0.157000 -0.146419
v 2.226767 -0.078500 -0.146419
v 2.226767 -0.157000 -0.146419
v 2.243550 -0.078500 -0.129330
v 2.243550 -0.078500 -0.129330
v 2.226767 -0.157000 -0.146419
v 2.243550 -0.157000 -0.129330
v 2.243550 -0.078500 -0.129330
v 2.243550 -0.157000 -0.129330
v 2.258195 -0.078500 -0.110303
v 2.258195 -0.078500 -0.110303
v 2.243550 -0.157000 -0.129330
v 2.258195 -0.157000 -0.110303
v 2.258195 -0.078500 -0.110303
v 2.258195 -0.157000 -0.110303
v 2.270468 -0.078500 -0.089619
v 2.270468 -0.078500 -0.089619
v 2.258195 -0.157000 -0.110303
v 2.270468 -0.157000 -0.089619
v 2.270468 -0.078500 -0.089619
v 2.270468 -0.157000 -0.089619
v 2.280211 -0.078500 -0.067578
v 2.280211 -0.078500 -0.067578
v 2.270468 -0.157000 -0.089619
v 2.280211 -0.157000 -0.067578
v 2.280211 -0.078500 -0.067578
v 2.280211 -0.157000 -0.067578
v 2.287274 -0.078500 -0.044504
v 2.287274 -0.078500 -0.044504
v 2.280211 -0.157000 -0.067578
v 2.287274 -0.157000 -0.044504
v 2.287274 -0.078500 -0.044504
v 2.287274 -0.157000 -0.044504
v 2.291549 -0.078500 -0.020730
v 2.291549 -0.078500 -0.020730
v 2.287274 -0.157000 -0.044504
v 2.291549 -0.157000 -0.020730
v 2.291549 -0.078500 -0.020730
v 2.291549 -0.157000 -0.020730
v 2.292987 -0.078500 0.003396
v 2.292987 -0.078500 0.003396
v 2.291549 -0.157000 -0.020730
v 2.292987 -0.157000 0.003396
v 2.292987 -0.078500 0.003396
v 2.292987 -0.157000 0.003396
v 2.291549 -0.078500 0.027523
v 2.291549 -0.078500 0.027523
v 2.292987 -0.157000 0.003396
v 2.291549 -0.157000 0.027523
v 2.291549 -0.078500 0.027523
v 2.291549 -0.157000 0.027523
v 2.287274 -0.078500 0.051297
v 2.287274 -0.078500 0.051297
v 2.291549 -0.157000 0.027523
v 2.287274 -0.157000 0.051297
v 2.287274 -0.078500 0.051297
v 2.287274 -0.157000 0.051297
v 2.280211 -0.078500 0.074375
v 2.280211 -0.078500 0.074375
v 2.287274 -0.157000 0.051297
v 2.280211 -0.157000 0.074375
v 2.280211 -0.078500 0.074375
v 2.280211 -0.157000 0.074375
v 2.270468 -0.078500 0.096412
v 2.270468 -0.078500 0.096412
v 2.280211 -0.157000 0.074375
v 2.270468 -0.157000 0.096412
v 2.270468 -0.078500 0.096412
v 2.270468 -0.157000 0.096412
v 2.258195 -0.078500 0.117096
v 2.258195 -0.078500 0.117096
v 2.270468 -0.157000 0.096412
v 2.258195 -0.157000 0.117096
v 2.258195 -0.078500 0.117096
v 2.258195 -0.157000 0.117096
v 2.243550 -0.078500 0.136122
v 2.243550 -0.078500 0.136122
v 2.258195 -0.157000 0.117096
v 2.243550 -0.157000 0.136122
v 2.243550 -0.078500 0.136122
v 2.243550 -0.157000 0.136122
v 2.226767 -0.078500 0.153215
v 2.226767 -0.078500 0.153215
v 2.243550 -0.157000 0.136122
v 2.226767 -0.157000 0.153215
v 2.226767 -0.078500 0.153215
v 2.226767 -0.157000 0.153215
v 2.208083 -0.078500 0.168119
v 2.208083 -0.078500 0.168119
v 2.226767 -0.157000 0.153215
v 2.208083 -0.157000 0.168119
v 2.208083 -0.078500 0.168119
v 2.208083 -0.157000 0.168119
v 2.187773 -0.078500 0.180624
v 2.187773 -0.078500 0.180624
v 2.208083 -0.157000 0.168119
v 2.187773 -0.157000 0.180624
v 2.187773 -0.078500 0.180624
v 2.187773 -0.157000 0.180624
v 2.166127 -0.078500 0.190545
v 2.166127 -0.078500 0.190545
v 2.187773 -0.157000 0.180624
v 2.166127 -0.157000 0.190545
v 2.166127 -0.078500 0.190545
v 2.166127 -0.157000 0.190545
v 2.143467 -0.078500 0.197734
v 2.143467 -0.078500 0.197734
v 2.166127 -0.157000 0.190545
v 2.143467 -0.157000 0.197734
v 2.143467 -0.078500 0.197734
v 2.143467 -0.157000 0.197734
v 2.120116 -0.078500 0.202093
v 2.120116 -0.078500 0.202093
v 2.143467 -0.157000 0.197734
v 2.120116 -0.157000 0.202093
v 2.120116 -0.078500 0.202093
v 2.120116 -0.157000 0.202093
v 2.096427 -0.078500 0.203550
v 2.096427 -0.078500 0.203550
v 2.120116 -0.157000 0.202093
v 2.096427 -0.157000 0.203550
v 2.096427 -0.078500 0.203550
v 2.096427 -0.157000 0.203550
v 2.072730 -0.078500 0.202093
v 2.072730 -0.078500 0.202093
v 2.096427 -0.157000 0.203550
v 2.072730 -0.157000 0.202093
v 2.072730 -0.078500 0.202093
v 2.072730 -0.157000 0.202093
v 2.049387 -0.078500 0.197734
v 2.049387 -0.078500 0.197734
v 2.072730 -0.157000 0.202093
v 2.049387 -0.157000 0.197734
v 2.049387 -0.078500 0.197734
v 2.049387 -0.157000 0.197734
v 2.026727 -0.078500 0.190545
v 2.026727 -0.078500 0.190545
v 2.049387 -0.157000 0.197734
v 2.026727 -0.157000 0.190545
v 2.026727 -0.078500 0.190545
v 2.026727 -0.157000 0.190545
v 2.005080 -0.078500 0.180624
v 2.005080 -0.078500 0.180624
v 2.026727 -0.157000 0.190545
v 2.005080 -0.157000 0.180624
v 2.005080 -0.078500 0.180624
v 2.005080 -0.157000 0.180624
v 1.984770 -0.078500 0.168119
v 1.984770 -0.078500 0.168119
v 2.005080 -0.157000 0.180624
v 1.984770 -0.157000 0.168119
v 1.984770 -0.078500 0.168119
v 1.984770 -0.157000 0.168119
v 1.966086 -0.078500 0.153215
v 1.966086 -0.078500 0.153215
v 1.984770 -0.157000 0.168119
v 1.966086 -0.157000 0.153215
v 1.966086 -0.078500 0.153215
v 1.966086 -0.157000 0.153215
v 1.949303 -0.078500 0.136122
v 1.949303 -0.078500 0.136122
v 1.966086 -0.157000 0.153215
v 1.949303 -0.157000 0.136122
v 1.949303 -0.078500 0.136122
v 1.949303 -0.157000 0.136122
v 1.934666 -0.078500 0.117096
v 1.934666 -0.078500 0.117096
v 1.949303 -0.157000 0.136122
v 1.934666 -0.157000 0.117096
v 1.934666 -0.078500 0.117096
v 1.934666 -0.157000 0.117096
v 1.922385 -0.078500 0.096412
v 1.922385 -0.078500 0.096412
v 1.934666 -0.157000 0.117096
v 1.922385 -0.157000 0.096412
v 1.922385 -0.078500 0.096412
v 1.922385 -0.157000 0.096412
v 1.912642 -0.078500 0.074375
v 1.912642 -0.078500 0.074375
v 1.922385 -0.157000 0.096412
v 1.912642 -0.157000 0.074375
v 1.912642 -0.078500 0.074375
v 1.912642 -0.157000 0.074375
v 1.905579 -0.078500 0.051297
v 1.905579 -0.078500 0.051297
v 1.912642 -0.157000 0.074375
v 1.905579 -0.157000 0.051297
v 1.905579 -0.078500 0.051297
v 1.905579 -0.157000 0.051297
v 1.901304 -0.078500 0.027523
v 1.901304 -0.078500 0.027523
v 1.905579 -0.157000 0.051297
v 1.901304 -0.157000 0.027523
v 1.901304 -0.078500 -0.020730
v 2.291549 -0.078500 -0.020730
v 1.899867 -0.078500 0.003396
v 1.899867 -0.078500 0.003396
v 2.291549 -0.078500 -0.020730
v 2.292987 -0.078500 0.003396
v 1.899867 -0.078500 0.003396
v 2.292987 -0.078500 0.003396
v 1.901304 -0.078500 0.027523
v 1.901304 -0.078500 0.027523
v 2.292987 -0.078500 0.003396
v 2.291549 -0.078500 0.027523
v 1.901304 -0.078500 0.027523
v 2.291549 -0.078500 0.027523
v 1.905579 -0.078500 0.051297
v 1.905579 -0.078500 0.051297
v 2.291549 -0.078500 0.027523
v 2.287274 -0.078500 0.051297
v 1.905579 -0.078500 0.051297
v 2.287274 -0.078500 0.051297
v 1.912642 -0.078500 0.074375
v 1.912642 -0.078500 0.074375
v 2.287274 -0.078500 0.051297
v 2.280211 -0.078500 0.074375
v 1.912642 -0.078500 0.074375
v 2.280211 -0.078500 0.074375
v 1.922385 -0.078500 0.096412
v 1.922385 -0.078500 0.096412
v 2.280211 -0.078500 0.074375
v 2.270468 -0.078500 0.096412
v 1.922385 -0.078500 0.096412
v 2.270468 -0.078500 0.096412
v 1.934666 -0.078500 0.117096
v 1.934666 -0.078500 0.117096
v 2.270468 -0.078500 0.096412
v 2.258195 -0.078500 0.117096
v 1.934666 -0.078500 0.117096
v 2.258195 -0.078500 0.117096
v 1.949303 -0.078500 0.136122
v 1.949303 -0.078500 0.136122
v 2.258195 -0.078500 0.117096
v 2.243550 -0.078500 0.136122
v 1.949303 -0.078500 0.136122
v 2.243550 -0.078500 0.136122
v 1.966086 -0.078500 0.153215
v 1.966086 -0.078500 0.153215
v 2.243550 -0.078500 0.136122
v 2.226767 -0.078500 0.153215
v 1.966086 -0.078500 0.153215
v 2.226767 -0.078500 0.153215
v 1.984770 -0.078500 0.168119
v 1.984770 -0.078500 0.168119
v 2.226767 -0.078500 0.153215
v 2.208083 -0.078500 0.168119
v 1.984770 -0.078500 0.168119
v 2.208083 -0.078500 0.168119
v 2.005080 -0.078500 0.180624
v 2.005080 -0.078500 0.180624
v 2.208083 -0.078500 0.168119
v 2.187773 -0.078500 0.180624
v 2.005080 -0.078500 0.180624
v 2.187773 -0.078500 0.180624
v 2.026727 -0.078500 0.190545
v 2.026727 -0.078500 0.190545
v 2.187773 -0.078500 0.180624
v 2.166127 -0.078500 0.190545
v 2.026727 -0.078500 0.190545
v 2.166127 -0.078500 0.190545
v 2.049387 -0.078500 0.197734
v 2.049387 -0.078500 0.197734
v 2.166127 -0.078500 0.190545
v 2.143467 -0.078500 0.197734
v 2.049387 -0.078500 0.197734
v 2.143467 -0.078500 0.197734
v 2.072730 -0.078500 0.202093
v 2.072730 -0.078500 0.202093
v 2.143467 -0.078500 0.197734
v 2.120116 -0.078500 0.202093
v 2.072730 -0.078500 0.202093
v 2.120116 -0.078500 0.202093
v 2.096427 -0.078500 0.203550
v 2.291549 -0.078500 -0.020730
v 1.901304 -0.078500 -0.020730
v 2.287274 -0.078500 -0.044504
v 2.287274 -0.078500 -0.044504
v 1.901304 -0.078500 -0.020730
v 1.905579 -0.078500 -0.044504
v 2.287274 -0.078500 -0.044504
v 1.905579 -0.078500 -0.044504
v 2.280211 -0.078500 -0.067578
v 2.280211 -0.078500 -0.067578
v 1.905579 -0.078500 -0.044504
v 1.912642 -0.078500 -0.067578
v 2.280211 -0.078500 -0.067578
v 1.912642 -0.078500 -0.067578
v 2.270468 -0.078500 -0.089619
v 2.270468 -0.078500 -0.089619
v 1.912642 -0.078500 -0.067578
v 1.922385 -0.078500 -0.089619
v 2.270468 -0.078500 -0.089619
v 1.922385 -0.078500 -0.089619
v 2.258195 -0.078500 -0.110303
v 2.258195 -0.078500 -0.110303
v 1.922385 -0.078500 -0.089619
v 1.934666 -0.078500 -0.110303
v 2.258195 -0.078500 -0.110303
v 1.934666 -0.078500 -0.110303
v 2.243550 -0.078500 -0.129330
v 2.243550 -0.078500 -0.129330
v 1.934666 -0.078500 -0.110303
v 1.949303 -0.078500 -0.129330
v 2.243550 -0.078500 -0.129330
v 1.949303 -0.078500 -0.129330
v 2.226767 -0.078500 -0.146419
v 2.226767 -0.078500 -0.146419
v 1.949303 -0.078500 -0.129330
v 1.966086 -0.078500 -0.146419
v 2.226767 -0.078500 -0.146419
v 1.966086 -0.078500 -0.146419
v 2.208083 -0.078500 -0.161327
v 2.208083 -0.078500 -0.161327
v 1.966086 -0.078500 -0.146419
v 1.984770 -0.078500 -0.161327
v 2.208083 -0.078500 -0.161327
v 1.984770 -0.078500 -0.161327
v 2.187773 -0.078500 -0.173832
v 2.187773 -0.078500 -0.173832
v 1.984770 -0.078500 -0.161327
v 2.005080 -0.078500 -0.173832
v 2.187773 -0.078500 -0.173832
v 2.005080 -0.078500 -0.173832
v 2.166127 -0.078500 -0.183751
v 2.166127 -0.078500 -0.183751
v 2.005080 -0.078500 -0.173832
v 2.026727 -0.078500 -0.183751
v 2.166127 -0.078500 -0.183751
v 2.026727 -0.078500 -0.183751
v 2.143467 -0.078500 -0.190941
v 2.143467 -0.078500 -0.190941
v 2.026727 -0.078500 -0.183751
v 2.049387 -0.078500 -0.190941
v 2.143467 -0.078500 -0.190941
v 2.049387 -0.078500 -0.190941
v 2.120116 -0.078500 -0.195296
v 2.120116 -0.078500 -0.195296
v 2.049387 -0.078500 -0.190941
v 2.072730 -0.078500 -0.195296
v 2.120116 -0.078500 -0.195296
v 2.072730 -0.078500 -0.195296
v 2.096427 -0.078500 -0.196757
v -0.260835 -0.078500 0.027523
v -0.260835 -0.157000 0.027523
v -0.262268 -0.078500 0.003396
v -0.262268 -0.078500 0.003396
v -0.260835 -0.157000 0.027523
v -0.262268 -0.157000 0.003396
v -0.262268 -0.078500 0.003396
v -0.262268 -0.157000 0.003396
v -0.260835 -0.078500 -0.020730
v -0.260835 -0.078500 -0.020730
v -0.262268 -0.157000 0.003396
v -0.260835 -0.157000 -0.020730
v -0.260835 -0.078500 -0.020730
v -0.260835 -0.157000 -0.020730
v -0.256556 -0.078500 -0.044504
v -0.256556 -0.078500 -0.044504
v -0.260835 -0.157000 -0.020730
v -0.256556 -0.157000 -0.044504
v -0.256556 -0.078500 -0.044504
v -0.256556 -0.157000 -0.044504
v -0.249495 -0.078500 -0.067578
v -0.249495 -0.078500 -0.067578
v -0.256556 -0.157000 -0.044504
v -0.249495 -0.157000 -0.067578
v -0.249495 -0.078500 -0.067578
v -0.249495 -0.157000 -0.067578
v -0.239752 -0.078500 -0.089619
v -0.239752 -0.078500 -0.089619
v -0.249495 -0.157000 -0.067578
v -0.239752 -0.157000 -0.089619
v -0.239752 -0.078500 -0.089619
v -0.239752 -0.157000 -0.089619
v -0.227474 -0.078500 -0.110303
v -0.227474 -0.078500 -0.110303
v -0.239752 -0.157000 -0.089619
v -0.227474 -0.157000 -0.110303
v -0.227474 -0.078500 -0.110303
v -0.227474 -0.157000 -0.110303
v -0.212835 -0.078500 -0.129330
v -0.212835 -0.078500 -0.129330
v -0.227474 -0.157000 -0.110303
v -0.212835 -0.157000 -0.129330
v -0.212835 -0.078500 -0.129330
v -0.212835 -0.157000 -0.129330
v -0.196052 -0.078500 -0.146419
v -0.196052 -0.078500 -0.146419
v -0.212835 -0.157000 -0.129330
v -0.196052 -0.157000 -0.146419
v -0.196052 -0.078500 -0.146419
v -0.196052 -0.157000 -0.146419
v -0.177368 -0.078500 -0.161327
v -0.177368 -0.078500 -0.161327
v -0.196052 -0.157000 -0.146419
v -0.177368 -0.157000 -0.161327
v -0.177368 -0.078500 -0.161327
v -0.177368 -0.157000 -0.161327
v -0.157055 -0.078500 -0.173832
v -0.157055 -0.078500 -0.173832
v -0.177368 -0.157000 -0.161327
v -0.157055 -0.157000 -0.173832
v -0.157055 -0.078500 -0.173832
v -0.157055 -0.157000 -0.173832
v -0.135411 -0.078500 -0.183751
v -0.135411 -0.078500 -0.183751
v -0.157055 -0.157000 -0.173832
v -0.135411 -0.157000 -0.183751
v -0.135411 -0.078500 -0.183751
v -0.135411 -0.157000 -0.183751
v -0.112748 -0.078500 -0.190941
v -0.112748 -0.078500 -0.190941
v -0.135411 -0.157000 -0.183751
v -0.112748 -0.157000 -0.190941
v -0.112748 -0.078500 -0.190941
v -0.112748 -0.157000 -0.190941
v -0.089405 -0.078500 -0.195296
v -0.089405 -0.078500 -0.195296
v -0.112748 -0.157000 -0.190941
v -0.089405 -0.157000 -0.195296
v -0.089405 -0.078500 -0.195296
v -0.089405 -0.157000 -0.195296
v -0.065711 -0.078500 -0.196757
v -0.065711 -0.078500 -0.196757
v -0.089405 -0.157000 -0.195296
v -0.065711 -0.157000 -0.196757
v -0.065711 -0.078500 -0.196757
v -0.065711 -0.157000 -0.196757
v -0.042018 -0.078500 -0.195296
v -0.042018 -0.078500 -0.195296
v -0.065711 -0.157000 -0.196757
v -0.042018 -0.157000 -0.195296
v -0.042018 -0.078500 -0.195296
v -0.042018 -0.157000 -0.195296
v -0.018671 -0.078500 -0.190941
v -0.018671 -0.078500 -0.190941
v -0.042018 -0.157000 -0.195296
v -0.018671 -0.157000 -0.190941
v -0.018671 -0.078500 -0.190941
v -0.018671 -0.157000 -0.190941
v 0.003992 -0.078500 -0.183751
v 0.003992 -0.078500 -0.183751
v -0.018671 -0.157000 -0.190941
v 0.003992 -0.157000 -0.183751
v 0.003992 -0.078500 -0.183751
v 0.003992 -0.157000 -0.183751
v 0.025633 -0.078500 -0.173832
v 0.025633 -0.078500 -0.173832
v 0.003992 -0.157000 -0.183751
v 0.025633 -0.157000 -0.173832
v 0.025633 -0.078500 -0.173832
v 0.025633 -0.157000 -0.173832
v 0.045949 -0.078500 -0.161327
v 0.045949 -0.078500 -0.161327
v 0.025633 -0.157000 -0.173832
v 0.045949 -0.157000 -0.161327
v 0.045949 -0.078500 -0.161327
v 0.045949 -0.157000 -0.161327
v 0.064630 -0.078500 -0.146419
v 0.064630 -0.078500 -0.146419
v 0.045949 -0.157000 -0.161327
v 0.064630 -0.157000 -0.146419
v 0.064630 -0.078500 -0.146419
v 0.064630 -0.157000 -0.146419
v 0.081416 -0.078500 -0.129330
v 0.081416 -0.078500 -0.129330
v 0.064630 -0.157000 -0.146419
v 0.081416 -0.157000 -0.129330
v 0.081416 -0.078500 -0.129330
v 0.081416 -0.157000 -0.129330
v 0.096056 -0.078500 -0.110303
v 0.096056 -0.078500 -0.110303
v 0.081416 -0.157000 -0.129330
v 0.096056 -0.157000 -0.110303
v 0.096056 -0.078500 -0.110303
v 0.096056 -0.157000 -0.110303
v 0.108333 -0.078500 -0.089619
v 0.108333 -0.078500 -0.089619
v 0.096056 -0.157000 -0.110303
v 0.108333 -0.157000 -0.089619
v 0.108333 -0.078500 -0.089619
v 0.108333 -0.157000 -0.089619
v 0.118074 -0.078500 -0.067578
v 0.118074 -0.078500 -0.067578
v 0.108333 -0.157000 -0.089619
v 0.118074 -0.157000 -0.067578
v 0.118074 -0.078500 -0.067578
v 0.118074 -0.157000 -0.067578
v 0.125135 -0.078500 -0.044504
v 0.125135 -0.078500 -0.044504
v 0.118074 -0.157000 -0.067578
v 0.125135 -0.157000 -0.044504
v 0.125135 -0.078500 -0.044504
v 0.125135 -0.157000 -0.044504
v 0.129416 -0.078500 -0.020730
v 0.129416 -0.078500 -0.020730
v 0.125135 -0.157000 -0.044504
v 0.129416 -0.157000 -0.020730
v 0.129416 -0.078500 -0.020730
v 0.129416 -0.157000 -0.020730
v 0.130847 -0.078500 0.003396
v 0.130847 -0.078500 0.003396
v 0.129416 -0.157000 -0.020730
v 0.130847 -0.157000 0.003396
v 0.130847 -0.078500 0.003396
v 0.130847 -0.157000 0.003396
v 0.129416 -0.078500 0.027523
v 0.129416 -0.078500 0.027523
v 0.130847 -0.157000 0.003396
v 0.129416 -0.157000 0.027523
v 0.129416 -0.078500 0.027523
v 0.129416 -0.157000 0.027523
v 0.125135 -0.078500 0.051297
v 0.125135 -0.078500 0.051297
v 0.129416 -0.157000 0.027523
v 0.125135 -0.157000 0.051297
v 0.125135 -0.078500 0.051297
v 0.125135 -0.157000 0.051297
v 0.118074 -0.078500 0.074375
v 0.118074 -0.078500 0.074375
v 0.125135 -0.157000 0.051297
v 0.118074 -0.157000 0.074375
v 0.118074 -0.078500 0.074375
v 0.118074 -0.157000 0.074375
v 0.108333 -0.078500 0.096412
v 0.108333 -0.078500 0.096412
v 0.118074 -0.157000 0.074375
v 0.108333 -0.157000 0.096412
v 0.108333 -0.078500 0.096412
v 0.108333 -0.157000 0.096412
v 0.096056 -0.078500 0.117096
v 0.096056 -0.078500 0.117096
v 0.108333 -0.157000 0.096412
v 0.096056 -0.157000 0.117096
v 0.096056 -0.078500 0.117096
v 0.096056 -0.157000 0.117096
v 0.081416 -0.078500 0.136122
v 0.081416 -0.078500 0.136122
v 0.096056 -0.157000 0.117096
v 0.081416 -0.157000 0.136122
v 0.081416 -0.078500 0.136122
v 0.081416 -0.157000 0.136122
v 0.064630 -0.078500 0.153215
v 0.064630 -0.078500 0.153215
v 0.081416 -0.157000 0.136122
v 0.064630 -0.157000 0.153215
v 0.064630 -0.078500 0.153215
v 0.064630 -0.157000 0.153215
v 0.045949 -0.078500 0.168119
v 0.045949 -0.078500 0.168119
v 0.064630 -0.157000 0.153215
v 0.045949 -0.157000 0.168119
v 0.045949 -0.078500 0.168119
v 0.045949 -0.157000 0.168119
v 0.025633 -0.078500 0.180624
v 0.025633 -0.078500 0.180624
v 0.045949 -0.157000 0.168119
v 0.025633 -0.157000 0.180624
v 0.025633 -0.078500 0.180624
v 0.025633 -0.157000 0.180624
v 0.003992 -0.078500 0.190545
v 0.003992 -0.078500 0.190545
v 0.025633 -0.157000 0.180624
v 0.003992 -0.157000 0.190545
v 0.003992 -0.078500 0.190545
v 0.003992 -0.157000 0.190545
v -0.018671 -0.078500 0.197734
v -0.018671 -0.078500 0.197734
v 0.003992 -0.157000 0.190545
v -0.018671 -0.157000 0.197734
v -0.018671 -0.078500 0.197734
v -0.018671 -0.157000 0.197734
v -0.042018 -0.078500 0.202093
v -0.042018 -0.078500 0.202093
v -0.018671 -0.157000 0.197734
v -0.042018 -0.157000 0.202093
v -0.042018 -0.078500 0.202093
v -0.042018 -0.157000 0.202093
v -0.065711 -0.078500 0.203550
v -0.065711 -0.078500 0.203550
v -0.042018 -0.157000 0.202093
v -0.065711 -0.157000 0.203550
v -0.065711 -0.078500 0.203550
v -0.065711 -0.157000 0.203550
v -0.089405 -0.078500 0.202093
v -0.089405 -0.078500 0.202093
v -0.065711 -0.157000 0.203550
v -0.089405 -0.157000 0.202093
v -0.089405 -0.078500 0.202093
v -0.089405 -0.157000 0.202093
v -0.112748 -0.078500 0.197734
v -0.112748 -0.078500 0.197734
v -0.089405 -0.157000 0.202093
v -0.112748 -0.157000 0.197734
v -0.112748 -0.078500 0.197734
v -0.112748 -0.157000 0.197734
v -0.135411 -0.078500 0.190545
v -0.135411 -0.078500 0.190545
v -0.112748 -0.157000 0.197734
v -0.135411 -0.157000 0.190545
v -0.135411 -0.078500 0.190545
v -0.135411 -0.157000 0.190545
v -0.157055 -0.078500 0.180624
v -0.157055 -0.078500 0.180624
v -0.135411 -0.157000 0.190545
v -0.157055 -0.157000 0.180624
v -0.157055 -0.078500 0.180624
v -0.157055 -0.157000 0.180624
v -0.177368 -0.078500 0.168119
v -0.177368 -0.078500 0.168119
v -0.157055 -0.157000 0.180624
v -0.177368 -0.157000 0.168119
v -0.177368 -0.078500 0.168119
v -0.177368 -0.157000 0.168119
v -0.196052 -0.078500 0.153215
v -0.196052 -0.078500 0.153215
v -0.177368 -0.157000 0.168119
v -0.196052 -0.157000 0.153215
v -0.196052 -0.078500 0.153215
v -0.196052 -0.157000 0.153215
v -0.212835 -0.078500 0.136122
v -0.212835 -0.078500 0.136122
v -0.196052 -0.157000 0.153215
v -0.212835 -0.157000 0.136122
v -0.212835 -0.078500 0.136122
v -0.212835 -0.157000 0.136122
v -0.227474 -0.078500 0.117096
v -0.227474 -0.078500 0.117096
v -0.212835 -0.157000 0.136122
v -0.227474 -0.157000 0.117096
v -0.227474 -0.078500 0.117096
v -0.227474 -0.157000 0.117096
v -0.239752 -0.078500 0.096412
v -0.239752 -0.078500 0.096412
v -0.227474 -0.157000 0.117096
v -0.239752 -0.157000 0.096412
v -0.239752 -0.078500 0.096412
v -0.239752 -0.157000 0.096412
v -0.249495 -0.078500 0.074375
v -0.249495 -0.078500 0.074375
v -0.239752 -0.157000 0.096412
v -0.249495 -0.157000 0.074375
v -0.249495 -0.078500 0.074375
v -0.249495 -0.157000 0.074375
v -0.256556 -0.078500 0.051297
v -0.256556 -0.078500 0.051297
v -0.249495 -0.157000 0.074375
v -0.256556 -0.157000 0.051297
v -0.256556 -0.078500 0.051297
v -0.256556 -0.157000 0.051297
v -0.260835 -0.078500 0.027523
v -0.260835 -0.078500 0.027523
v -0.256556 -0.157000 0.051297
v -0.260835 -0.157000 0.027523
v -0.260835 -0.078500 -0.020730
v 0.129416 -0.078500 -0.020730
v -0.262268 -0.078500 0.003396
v -0.262268 -0.078500 0.003396
v 0.129416 -0.078500 -0.020730
v 0.130847 -0.078500 0.003396
v -0.262268 -0.078500 0.003396
v 0.130847 -0.078500 0.003396
v -0.260835 -0.078500 0.027523
v -0.260835 -0.078500 0.027523
v 0.130847 -0.078500 0.003396
v 0.129416 -0.078500 0.027523
v -0.260835 -0.078500 0.027523
v 0.129416 -0.078500 0.027523
v -0.256556 -0.078500 0.051297
v -0.256556 -0.078500 0.051297
v 0.129416 -0.078500 0.027523
v 0.125135 -0.078500 0.051297
v -0.256556 -0.078500 0.051297
v 0.125135 -0.078500 0.051297
v -0.249495 -0.078500 0.074375
v -0.249495 -0.078500 0.074375
v 0.125135 -0.078500 0.051297
v 0.118074 -0.078500 0.074375
v -0.249495 -0.078500 0.074375
v 0.118074 -0.078500 0.074375
v -0.239752 -0.078500 0.096412
v -0.239752 -0.078500 0.096412
v 0.118074 -0.078500 0.074375
v 0.108333 -0.078500 0.096412
v -0.239752 -0.078500 0.096412
v 0.108333 -0.078500 0.096412
v -0.227474 -0.078500 0.117096
v -0.227474 -0.078500 0.117096
v 0.108333 -0.078500 0.096412
v 0.096056 -0.078500 0.117096
v -0.227474 -0.078500 0.117096
v 0.096056 -0.078500 0.117096
v -0.212835 -0.078500 0.136122
v -0.212835 -0.078500 0.136122
v 0.096056 -0.078500 0.117096
v 0.081416 -0.078500 0.136122
v -0.212835 -0.078500 0.136122
v 0.081416 -0.078500 0.136122
v -0.196052 -0.078500 0.153215
v -0.196052 -0.078500 0.153215
v 0.081416 -0.078500 0.136122
v 0.064630 -0.078500 0.153215
v -0.196052 -0.078500 0.153215
v 0.064630 -0.078500 0.153215
v -0.177368 -0.078500 0.168119
v -0.177368 -0.078500 0.168119
v 0.064630 -0.078500 0.153215
v 0.045949 -0.078500 0.168119
v -0.177368 -0.078500 0.168119
v 0.045949 -0.078500 0.168119
v -0.157055 -0.078500 0.180624
v -0.157055 -0.078500 0.180624
v 0.045949 -0.078500 0.168119
v 0.025633 -0.078500 0.180624
v -0.157055 -0.078500 0.180624
v 0.025633 -0.078500 0.180624
v -0.135411 -0.078500 0.190545
v -0.135411 -0.078500 0.190545
v 0.025633 -0.078500 0.180624
v 0.003992 -0.078500 0.190545
v -0.135411 -0.078500 0.190545
v 0.003992 -0.078500 0.190545
v -0.112748 -0.078500 0.197734
v -0.112748 -0.078500 0.197734
v 0.003992 -0.078500 0.190545
v -0.018671 -0.078500 0.197734
v -0.112748 -0.078500 0.197734
v -0.018671 -0.078500 0.197734
v -0.089405 -0.078500 0.202093
v -0.089405 -0.078500 0.202093
v -0.018671 -0.078500 0.197734
v -0.042018 -0.078500 0.202093
v -0.089405 -0.078500 0.202093
v -0.042018 -0.078500 0.202093
v -0.065711 -0.078500 0.203550
v 0.129416 -0.078500 -0.020730
v -0.260835 -0.078500 -0.020730
v 0.125135 -0.078500 -0.044504
v 0.125135 -0.078500 -0.044504
v -0.260835 -0.078500 -0.020730
v -0.256556 -0.078500 -0.044504
v 0.125135 -0.078500 -0.044504
v -0.256556 -0.078500 -0.044504
v 0.118074 -0.078500 -0.067578
v 0.118074 -0.078500 -0.067578
v -0.256556 -0.078500 -0.044504
v -0.249495 -0.078500 -0.067578
v 0.118074 -0.078500 -0.067578
v -0.249495 -0.078500 -0.067578
v 0.108333 -0.078500 -0.089619
v 0.108333 -0.078500 -0.089619
v -0.249495 -0.078500 -0.067578
v -0.239752 -0.078500 -0.089619
v 0.108333 -0.078500 -0.089619
v -0.239752 -0.078500 -0.089619
v 0.096056 -0.078500 -0.110303
v 0.096056 -0.078500 -0.110303
v -0.239752 -0.078500 -0.089619
v -0.227474 -0.078500 -0.110303
v 0.096056 -0.078500 -0.110303
v -0.227474 -0.078500 -0.110303
v 0.081416 -0.078500 -0.129330
v 0.081416 -0.078500 -0.129330
v -0.227474 -0.078500 -0.110303
v -0.212835 -0.078500 -0.129330
v 0.081416 -0.078500 -0.129330
v -0.212835 -0.078500 -0.129330
v 0.064630 -0.078500 -0.146419
v 0.064630 -0.078500 -0.146419
v -0.212835 -0.078500 -0.129330
v -0.196052 -0.078500 -0.146419
v 0.064630 -0.078500 -0.146419
v -0.196052 -0.078500 -0.146419
v 0.045949 -0.078500 -0.161327
v 0.045949 -0.078500 -0.161327
v -0.196052 -0.078500 -0.146419
v -0.177368 -0.078500 -0.161327
v 0.045949 -0.078500 -0.161327
v -0.177368 -0.078500 -0.161327
v 0.025633 -0.078500 -0.173832
v 0.025633 -0.078500 -0.173832
v -0.177368 -0.078500 -0.161327
v -0.157055 -0.078500 -0.173832
v 0.025633 -0.078500 -0.173832
v -0.157055 -0.078500 -0.173832
v 0.003992 -0.078500 -0.183751
v 0.003992 -0.078500 -0.183751
v -0.157055 -0.078500 -0.173832
v -0.135411 -0.078500 -0.183751
v 0.003992 -0.078500 -0.183751
v -0.135411 -0.078500 -0.183751
v -0.018671 -0.078500 -0.190941
v -0.018671 -0.078500 -0.190941
v -0.135411 -0.078500 -0.183751
v -0.112748 -0.078500 -0.190941
v -0.018671 -0.078500 -0.190941
v -0.112748 -0.078500 -0.190941
v -0.042018 -0.078500 -0.195296
v -0.042018 -0.078500 -0.195296
v -0.112748 -0.078500 -0.190941
v -0.089405 -0.078500 -0.195296
v -0.042018 -0.078500 -0.195296
v -0.089405 -0.078500 -0.195296
v -0.065711 -0.078500 -0.196757
v 1.901304 -0.078500 -1.893957
v 1.901304 -0.157000 -1.893957
v 1.899867 -0.078500 -1.918080
v 1.899867 -0.078500 -1.918080
v 1.901304 -0.157000 -1.893957
v 1.899867 -0.157000 -1.918080
v 1.899867 -0.078500 -1.918080
v 1.899867 -0.157000 -1.918080
v 1.901304 -0.078500 -1.942210
v 1.901304 -0.078500 -1.942210
v 1.899867 -0.157000 -1.918080
v 1.901304 -0.157000 -1.942210
v 1.901304 -0.078500 -1.942210
v 1.901304 -0.157000 -1.942210
v 1.905579 -0.078500 -1.965981
v 1.905579 -0.078500 -1.965981
v 1.901304 -0.157000 -1.942210
v 1.905579 -0.157000 -1.965981
v 1.905579 -0.078500 -1.965981
v 1.905579 -0.157000 -1.965981
v 1.912642 -0.078500 -1.989055
v 1.912642 -0.078500 -1.989055
v 1.905579 -0.157000 -1.965981
v 1.912642 -0.157000 -1.989055
v 1.912642 -0.078500 -1.989055
v 1.912642 -0.157000 -1.989055
v 1.922385 -0.078500 -2.011097
v 1.922385 -0.078500 -2.011097
v 1.912642 -0.157000 -1.989055
v 1.922385 -0.157000 -2.011097
v 1.922385 -0.078500 -2.011097
v 1.922385 -0.157000 -2.011097
v 1.934666 -0.078500 -2.031779
v 1.934666 -0.078500 -2.031779
v 1.922385 -0.157000 -2.011097
v 1.934666 -0.157000 -2.031779
v 1.934666 -0.078500 -2.031779
v 1.934666 -0.157000 -2.031779
v 1.949303 -0.078500 -2.050805
v 1.949303 -0.078500 -2.050805
v 1.934666 -0.157000 -2.031779
v 1.949303 -0.157000 -2.050805
v 1.949303 -0.078500 -2.050805
v 1.949303 -0.157000 -2.050805
v 1.966086 -0.078500 -2.067895
v 1.966086 -0.078500 -2.067895
v 1.949303 -0.157000 -2.050805
v 1.966086 -0.157000 -2.067895
v 1.966086 -0.078500 -2.067895
v 1.966086 -0.157000 -2.067895
v 1.984770 -0.078500 -2.082800
v 1.984770 -0.078500 -2.082800
v 1.966086 -0.157000 -2.067895
v 1.984770 -0.157000 -2.082800
v 1.984770 -0.078500 -2.082800
v 1.984770 -0.157000 -2.082800
v 2.005080 -0.078500 -2.095314
v 2.005080 -0.078500 -2.095314
v 1.984770 -0.157000 -2.082800
v 2.005080 -0.157000 -2.095314
v 2.005080 -0.078500 -2.095314
v 2.005080 -0.157000 -2.095314
v 2.026727 -0.078500 -2.105227
v 2.026727 -0.078500 -2.105227
v 2.005080 -0.157000 -2.095314
v 2.026727 -0.157000 -2.105227
v 2.026727 -0.078500 -2.105227
v 2.026727 -0.157000 -2.105227
v 2.049387 -0.078500 -2.112419
v 2.049387 -0.078500 -2.112419
v 2.026727 -0.157000 -2.105227
v 2.049387 -0.157000 -2.112419
v 2.049387 -0.078500 -2.112419
v 2.049387 -0.157000 -2.112419
v 2.072730 -0.078500 -2.116772
v 2.072730 -0.078500 -2.116772
v 2.049387 -0.157000 -2.112419
v 2.072730 -0.157000 -2.116772
v 2.072730 -0.078500 -2.116772
v 2.072730 -0.157000 -2.116772
v 2.096427 -0.078500 -2.118236
v 2.096427 -0.078500 -2.118236
v 2.072730 -0.157000 -2.116772
v 2.096427 -0.157000 -2.118236
v 2.096427 -0.078500 -2.118236
v 2.096427 -0.157000 -2.118236
v 2.120116 -0.078500 -2.116772
v 2.120116 -0.078500 -2.116772
v 2.096427 -0.157000 -2.118236
v 2.120116 -0.157000 -2.116772
v 2.120116 -0.078500 -2.116772
v 2.120116 -0.157000 -2.116772
v 2.143467 -0.078500 -2.112419
v 2.143467 -0.078500 -2.112419
v 2.120116 -0.157000 -2.116772
v 2.143467 -0.157000 -2.112419
v 2.143467 -0.078500 -2.112419
v 2.143467 -0.157000 -2.112419
v 2.166127 -0.078500 -2.105227
v 2.166127 -0.078500 -2.105227
v 2.143467 -0.157000 -2.112419
v 2.166127 -0.157000 -2.105227
v 2.166127 -0.078500 -2.105227
v 2.166127 -0.157000 -2.105227
v 2.187773 -0.078500 -2.095314
v 2.187773 -0.078500 -2.095314
v 2.166127 -0.157000 -2.105227
v 2.187773 -0.157000 -2.095314
v 2.187773 -0.078500 -2.095314
v 2.187773 -0.157000 -2.095314
v 2.208083 -0.078500 -2.082800
v 2.208083 -0.078500 -2.082800
v 2.187773 -0.157000 -2.095314
v 2.208083 -0.157000 -2.082800
v 2.208083 -0.078500 -2.082800
v 2.208083 -0.157000 -2.082800
v 2.226767 -0.078500 -2.067895
v 2.226767 -0.078500 -2.067895
v 2.208083 -0.157000 -2.082800
v 2.226767 -0.157000 -2.067895
v 2.226767 -0.078500 -2.067895
v 2.226767 -0.157000 -2.067895
v 2.243550 -0.078500 -2.050805
v 2.243550 -0.078500 -2.050805
v 2.226767 -0.157000 -2.067895
v 2.243550 -0.157000 -2.050805
v 2.243550 -0.078500 -2.050805
v 2.243550 -0.157000 -2.050805
v 2.258195 -0.078500 -2.031779
v 2.258195 -0.078500 -2.031779
v 2.243550 -0.157000 -2.050805
v 2.258195 -0.157000 -2.031779
v 2.258195 -0.078500 -2.031779
v 2.258195 -0.157000 -2.031779
v 2.270468 -0.078500 -2.011097
v 2.270468 -0.078500 -2.011097
v 2.258195 -0.157000 -2.031779
v 2.270468 -0.157000 -2.011097
v 2.270468 -0.078500 -2.011097
v 2.270468 -0.157000 -2.011097
v 2.280211 -0.078500 -1.989055
v 2.280211 -0.078500 -1.989055
v 2.270468 -0.157000 -2.011097
v 2.280211 -0.157000 -1.989055
v 2.280211 -0.078500 -1.989055
v 2.280211 -0.157000 -1.989055
v 2.287274 -0.078500 -1.965981
v 2.287274 -0.078500 -1.965981
v 2.280211 -0.157000 -1.989055
v 2.287274 -0.157000 -1.965981
v 2.287274 -0.078500 -1.965981
v 2.287274 -0.157000 -1.965981
v 2.291549 -0.078500 -1.942210
v 2.291549 -0.078500 -1.942210
v 2.287274 -0.157000 -1.965981
v 2.291549 -0.157000 -1.942210
v 2.291549 -0.078500 -1.942210
v 2.291549 -0.157000 -1.942210
v 2.292987 -0.078500 -1.918080
v 2.292987 -0.078500 -1.918080
v 2.291549 -0.157000 -1.942210
v 2.292987 -0.157000 -1.918080
v 2.292987 -0.078500 -1.918080
v 2.292987 -0.157000 -1.918080
v 2.291549 -0.078500 -1.893957
v 2.291549 -0.078500 -1.893957
v 2.292987 -0.157000 -1.918080
v 2.291549 -0.157000 -1.893957
v 2.291549 -0.078500 -1.893957
v 2.291549 -0.157000 -1.893957
v 2.287274 -0.078500 -1.870179
v 2.287274 -0.078500 -1.870179
v 2.291549 -0.157000 -1.893957
v 2.287274 -0.157000 -1.870179
v 2.287274 -0.078500 -1.870179
v 2.287274 -0.157000 -1.870179
v 2.280211 -0.078500 -1.847105
v 2.280211 -0.078500 -1.847105
v 2.287274 -0.157000 -1.870179
v 2.280211 -0.157000 -1.847105
v 2.280211 -0.078500 -1.847105
v 2.280211 -0.157000 -1.847105
v 2.270468 -0.078500 -1.825063
v 2.270468 -0.078500 -1.825063
v 2.280211 -0.157000 -1.847105
v 2.270468 -0.157000 -1.825063
v 2.270468 -0.078500 -1.825063
v 2.270468 -0.157000 -1.825063
v 2.258195 -0.078500 -1.804380
v 2.258195 -0.078500 -1.804380
v 2.270468 -0.157000 -1.825063
v 2.258195 -0.157000 -1.804380
v 2.258195 -0.078500 -1.804380
v 2.258195 -0.157000 -1.804380
v 2.243550 -0.078500 -1.785355
v 2.243550 -0.078500 -1.785355
v 2.258195 -0.157000 -1.804380
v 2.243550 -0.157000 -1.785355
v 2.243550 -0.078500 -1.785355
v 2.243550 -0.157000 -1.785355
v 2.226767 -0.078500 -1.768265
v 2.226767 -0.078500 -1.768265
v 2.243550 -0.157000 -1.785355
v 2.226767 -0.157000 -1.768265
v 2.226767 -0.078500 -1.768265
v 2.226767 -0.157000 -1.768265
v 2.208083 -0.078500 -1.753359
v 2.208083 -0.078500 -1.753359
v 2.226767 -0.157000 -1.768265
v 2.208083 -0.157000 -1.753359
v 2.208083 -0.078500 -1.753359
v 2.208083 -0.157000 -1.753359
v 2.187773 -0.078500 -1.740854
v 2.187773 -0.078500 -1.740854
v 2.208083 -0.157000 -1.753359
v 2.187773 -0.157000 -1.740854
v 2.187773 -0.078500 -1.740854
v 2.187773 -0.157000 -1.740854
v 2.166127 -0.078500 -1.730933
v 2.166127 -0.078500 -1.730933
v 2.187773 -0.157000 -1.740854
v 2.166127 -0.157000 -1.730933
v 2.166127 -0.078500 -1.730933
v 2.166127 -0.157000 -1.730933
v 2.143467 -0.078500 -1.723740
v 2.143467 -0.078500 -1.723740
v 2.166127 -0.157000 -1.730933
v 2.143467 -0.157000 -1.723740
v 2.143467 -0.078500 -1.723740
v 2.143467 -0.157000 -1.723740
v 2.120116 -0.078500 -1.719388
v 2.120116 -0.078500 -1.719388
v 2.143467 -0.157000 -1.723740
v 2.120116 -0.157000 -1.719388
v 2.120116 -0.078500 -1.719388
v 2.120116 -0.157000 -1.719388
v 2.096427 -0.078500 -1.717924
v 2.096427 -0.078500 -1.717924
v 2.120116 -0.157000 -1.719388
v 2.096427 -0.157000 -1.717924
v 2.096427 -0.078500 -1.717924
v 2.096427 -0.157000 -1.717924
v 2.072730 -0.078500 -1.719388
v 2.072730 -0.078500 -1.719388
v 2.096427 -0.157000 -1.717924
v 2.072730 -0.157000 -1.719388
v 2.072730 -0.078500 -1.719388
v 2.072730 -0.157000 -1.719388
v 2.049387 -0.078500 -1.723740
v 2.049387 -0.078500 -1.723740
v 2.072730 -0.157000 -1.719388
v 2.049387 -0.157000 -1.723740
v 2.049387 -0.078500 -1.723740
v 2.049387 -0.157000 -1.723740
v 2.026727 -0.078500 -1.730933
v 2.026727 -0.078500 -1.730933
v 2.049387 -0.157000 -1.723740
v 2.026727 -0.157000 -1.730933
v 2.026727 -0.078500 -1.730933
v 2.026727 -0.157000 -1.730933
v 2.005080 -0.078500 -1.740854
v 2.005080 -0.078500 -1.740854
v 2.026727 -0.157000 -1.730933
v 2.005080 -0.157000 -1.740854
v 2.005080 -0.078500 -1.740854
v 2.005080 -0.157000 -1.740854
v 1.984770 -0.078500 -1.753359
v 1.984770 -0.078500 -1.753359
v 2.005080 -0.157000 -1.740854
v 1.984770 -0.157000 -1.753359
v 1.984770 -0.078500 -1.753359
v 1.984770 -0.157000 -1.753359
v 1.966086 -0.078500 -1.768265
v 1.966086 -0.078500 -1.768265
v 1.984770 -0.157000 -1.753359
v 1.966086 -0.157000 -1.768265
v 1.966086 -0.078500 -1.768265
v 1.966086 -0.157000 -1.768265
v 1.949303 -0.078500 -1.785355
v 1.949303 -0.078500 -1.785355
v 1.966086 -0.157000 -1.768265
v 1.949303 -0.157000 -1.785355
v 1.949303 -0.078500 -1.785355
v 1.949303 -0.157000 -1.785355
v 1.934666 -0.078500 -1.804380
v 1.934666 -0.078500 -1.804380
v 1.949303 -0.157000 -1.785355
v 1.934666 -0.157000 -1.804380
v 1.934666 -0.078500 -1.804380
v 1.934666 -0.157000 -1.804380
v 1.922385 -0.078500 -1.825063
v 1.922385 -0.078500 -1.825063
v 1.934666 -0.157000 -1.804380
v 1.922385 -0.157000 -1.825063
v 1.922385 -0.078500 -1.825063
v 1.922385 -0.157000 -1.825063
v 1.912642 -0.078500 -1.847105
v 1.912642 -0.078500 -1.847105
v 1.922385 -0.157000 -1.825063
v 1.912642 -0.157000 -1.847105
v 1.912642 -0.078500 -1.847105
v 1.912642 -0.157000 -1.847105
v 1.905579 -0.078500 -1.870179
v 1.905579 -0.078500 -1.870179
v 1.912642 -0.157000 -1.847105
v 1.905579 -0.157000 -1.870179
v 1.905579 -0.078500 -1.870179
v 1.905579 -0.157000 -1.870179
v 1.901304 -0.078500 -1.893957
v 1.901304 -0.078500 -1.893957
v 1.905579 -0.157000 -1.870179
v 1.901304 -0.157000 -1.893957
v 1.901304 -0.078500 -1.942210
v 2.291549 -0.078500 -1.942210
v 1.899867 -0.078500 -1.918080
v 1.899867 -0.078500 -1.918080
v 2.291549 -0.078500 -1.942210
v 2.292987 -0.078500 -1.918080
v 1.899867 -0.078500 -1.918080
v 2.292987 -0.078500 -1.918080
v 1.901304 -0.078500 -1.893957
v 1.901304 -0.078500 -1.893957
v 2.292987 -0.078500 -1.918080
v 2.291549 -0.078500 -1.893957
v 1.901304 -0.078500 -1.893957
v 2.291549 -0.078500 -1.893957
v 1.905579 -0.078500 -1.870179
v 1.905579 -0.078500 -1.870179
v 2.291549 -0.078500 -1.893957
v 2.287274 -0.078500 -1.870179
v 1.905579 -0.078500 -1.870179
v 2.287274 -0.078500 -1.870179
v 1.912642 -0.078500 -1.847105
v 1.912642 -0.078500 -1.847105
v 2.287274 -0.078500 -1.870179
v 2.280211 -0.078500 -1.847105
v 1.912642 -0.078500 -1.847105
v 2.280211 -0.078500 -1.847105
v 1.922385 -0.078500 -1.825063
v 1.922385 -0.078500 -1.825063
v 2.280211 -0.078500 -1.847105
v 2.270468 -0.078500 -1.825063
v 1.922385 -0.078500 -1.825063
v 2.270468 -0.078500 -1.825063
v 1.934666 -0.078500 -1.804380
v 1.934666 -0.078500 -1.804380
v 2.270468 -0.078500 -1.825063
v 2.258195 -0.078500 -1.804380
v 1.934666 -0.078500 -1.804380
v 2.258195 -0.078500 -1.804380
v 1.949303 -0.078500 -1.785355
v 1.949303 -0.078500 -1.785355
v 2.258195 -0.078500 -1.804380
v 2.243550 -0.078500 -1.785355
v 1.949303 -0.078500 -1.785355
v 2.243550 -0.078500 -1.785355
v 1.966086 -0.078500 -1.768265
v 1.966086 -0.078500 -1.768265
v 2.243550 -0.078500 -1.785355
v 2.226767 -0.078500 -1.768265
v 1.966086 -0.078500 -1.768265
v 2.226767 -0.078500 -1.768265
v 1.984770 -0.078500 -1.753359
v 1.984770 -0.078500 -1.753359
v 2.226767 -0.078500 -1.768265
v 2.208083 -0.078500 -1.753359
v 1.984770 -0.078500 -1.753359
v 2.208083 -0.078500 -1.753359
v 2.005080 -0.078500 -1.740854
v 2.005080 -0.078500 -1.740854
v 2.208083 -0.078500 -1.753359
v 2.187773 -0.078500 -1.740854
v 2.005080 -0.078500 -1.740854
v 2.187773 -0.078500 -1.740854
v 2.026727 -0.078500 -1.730933
v 2.026727 -0.078500 -1.730933
v 2.187773 -0.078500 -1.740854
v 2.166127 -0.078500 -1.730933
v 2.026727 -0.078500 -1.730933
v 2.166127 -0.078500 -1.730933
v 2.049387 -0.078500 -1.723740
v 2.049387 -0.078500 -1.723740
v 2.166127 -0.078500 -1.730933
v 2.143467 -0.078500 -1.723740
v 2.049387 -0.078500 -1.723740
v 2.143467 -0.078500 -1.723740
v 2.072730 -0.078500 -1.719388
v 2.072730 -0.078500 -1.719388
v 2.143467 -0.078500 -1.723740
v 2.120116 -0.078500 -1.719388
v 2.072730 -0.078500 -1.719388
v 2.120116 -0.078500 -1.719388
v 2.096427 -0.078500 -1.717924
v 2.291549 -0.078500 -1.942210
v 1.901304 -0.078500 -1.942210
v 2.287274 -0.078500 -1.965981
v 2.287274 -0.078500 -1.965981
v 1.901304 -0.078500 -1.942210
v 1.905579 -0.078500 -1.965981
v 2.287274 -0.078500 -1.965981
v 1.905579 -0.078500 -1.965981
v 2.280211 -0.078500 -1.989055
v 2.280211 -0.078500 -1.989055
v 1.905579 -0.078500 -1.965981
v 1.912642 -0.078500 -1.989055
v 2.280211 -0.078500 -1.989055
v 1.912642 -0.078500 -1.989055
v 2.270468 -0.078500 -2.011097
v 2.270468 -0.078500 -2.011097
v 1.912642 -0.078500 -1.989055
v 1.922385 -0.078500 -2.011097
v 2.270468 -0.078500 -2.011097
v 1.922385 -0.078500 -2.011097
v 2.258195 -0.078500 -2.031779
v 2.258195 -0.078500 -2.031779
v 1.922385 -0.078500 -2.011097
v 1.934666 -0.078500 -2.031779
v 2.258195 -0.078500 -2.031779
v 1.934666 -0.078500 -2.031779
v 2.243550 -0.078500 -2.050805
v 2.243550 -0.078500 -2.050805
v 1.934666 -0.078500 -2.031779
v 1.949303 -0.078500 -2.050805
v 2.243550 -0.078500 -2.050805
v 1.949303 -0.078500 -2.050805
v 2.226767 -0.078500 -2.067895
v 2.226767 -0.078500 -2.067895
v 1.949303 -0.078500 -2.050805
v 1.966086 -0.078500 -2.067895
v 2.226767 -0.078500 -2.067895
v 1.966086 -0.078500 -2.067895
v 2.208083 -0.078500 -2.082800
v 2.208083 -0.078500 -2.082800
v 1.966086 -0.078500 -2.067895
v 1.984770 -0.078500 -2.082800
v 2.208083 -0.078500 -2.082800
v 1.984770 -0.078500 -2.082800
v 2.187773 -0.078500 -2.095314
v 2.187773 -0.078500 -2.095314
v 1.984770 -0.078500 -2.082800
v 2.005080 -0.078500 -2.095314
v 2.187773 -0.078500 -2.095314
v 2.005080 -0.078500 -2.095314
v 2.166127 -0.078500 -2.105227
v 2.166127 -0.078500 -2.105227
v 2.005080 -0.078500 -2.095314
v 2.026727 -0.078500 -2.105227
v 2.166127 -0.078500 -2.105227
v 2.026727 -0.078500 -2.105227
v 2.143467 -0.078500 -2.112419
v 2.143467 -0.078500 -2.112419
v 2.026727 -0.078500 -2.105227
v 2.049387 -0.078500 -2.112419
v 2.143467 -0.078500 -2.112419
v 2.049387 -0.078500 -2.112419
v 2.120116 -0.078500 -2.116772
v 2.120116 -0.078500 -2.116772
v 2.049387 -0.078500 -2.112419
v 2.072730 -0.078500 -2.116772
v 2.120116 -0.078500 -2.116772
v 2.072730 -0.078500 -2.116772
v 2.096427 -0.078500 -2.118236
v -2.422974 -0.078500 1.949003
v -2.422974 -0.157000 1.949003
v -2.424404 -0.078500 1.924872
v -2.424404 -0.078500 1.924872
v -2.422974 -0.157000 1.949003
v -2.424404 -0.157000 1.924872
v -2.424404 -0.078500 1.924872
v -2.424404 -0.157000 1.924872
v -2.422974 -0.078500 1.900750
v -2.422974 -0.078500 1.900750
v -2.424404 -0.157000 1.924872
v -2.422974 -0.157000 1.900750
v -2.422974 -0.078500 1.900750
v -2.422974 -0.157000 1.900750
v -2.418692 -0.078500 1.876972
v -2.418692 -0.078500 1.876972
v -2.422974 -0.157000 1.900750
v -2.418692 -0.157000 1.876972
v -2.418692 -0.078500 1.876972
v -2.418692 -0.157000 1.876972
v -2.411628 -0.078500 1.853897
v -2.411628 -0.078500 1.853897
v -2.418692 -0.157000 1.876972
v -2.411628 -0.157000 1.853897
v -2.411628 -0.078500 1.853897
v -2.411628 -0.157000 1.853897
v -2.401885 -0.078500 1.831855
v -2.401885 -0.078500 1.831855
v -2.411628 -0.157000 1.853897
v -2.401885 -0.157000 1.831855
v -2.401885 -0.078500 1.831855
v -2.401885 -0.157000 1.831855
v -2.389612 -0.078500 1.811173
v -2.389612 -0.078500 1.811173
v -2.401885 -0.157000 1.831855
v -2.389612 -0.157000 1.811173
v -2.389612 -0.078500 1.811173
v -2.389612 -0.157000 1.811173
v -2.374975 -0.078500 1.792147
v -2.374975 -0.078500 1.792147
v -2.389612 -0.157000 1.811173
v -2.374975 -0.157000 1.792147
v -2.374975 -0.078500 1.792147
v -2.374975 -0.157000 1.792147
v -2.358192 -0.078500 1.775058
v -2.358192 -0.078500 1.775058
v -2.374975 -0.157000 1.792147
v -2.358192 -0.157000 1.775058
v -2.358192 -0.078500 1.775058
v -2.358192 -0.157000 1.775058
v -2.339508 -0.078500 1.760152
v -2.339508 -0.078500 1.760152
v -2.358192 -0.157000 1.775058
v -2.339508 -0.157000 1.760152
v -2.339508 -0.078500 1.760152
v -2.339508 -0.157000 1.760152
v -2.319190 -0.078500 1.747647
v -2.319190 -0.078500 1.747647
v -2.339508 -0.157000 1.760152
v -2.319190 -0.157000 1.747647
v -2.319190 -0.078500 1.747647
v -2.319190 -0.157000 1.747647
v -2.297544 -0.078500 1.737726
v -2.297544 -0.078500 1.737726
v -2.319190 -0.157000 1.747647
v -2.297544 -0.157000 1.737726
v -2.297544 -0.078500 1.737726
v -2.297544 -0.157000 1.737726
v -2.274884 -0.078500 1.730533
v -2.274884 -0.078500 1.730533
v -2.297544 -0.157000 1.737726
v -2.274884 -0.157000 1.730533
v -2.274884 -0.078500 1.730533
v -2.274884 -0.157000 1.730533
v -2.251540 -0.078500 1.726181
v -2.251540 -0.078500 1.726181
v -2.274884 -0.157000 1.730533
v -2.251540 -0.157000 1.726181
v -2.251540 -0.078500 1.726181
v -2.251540 -0.157000 1.726181
v -2.227852 -0.078500 1.724716
v -2.227852 -0.078500 1.724716
v -2.251540 -0.157000 1.726181
v -2.227852 -0.157000 1.724716
v -2.227852 -0.078500 1.724716
v -2.227852 -0.157000 1.724716
v -2.204155 -0.078500 1.726181
v -2.204155 -0.078500 1.726181
v -2.227852 -0.157000 1.724716
v -2.204155 -0.157000 1.726181
v -2.204155 -0.078500 1.726181
v -2.204155 -0.157000 1.726181
v -2.180811 -0.078500 1.730533
v -2.180811 -0.078500 1.730533
v -2.204155 -0.157000 1.726181
v -2.180811 -0.157000 1.730533
v -2.180811 -0.078500 1.730533
v -2.180811 -0.157000 1.730533
v -2.158144 -0.078500 1.737726
v -2.158144 -0.078500 1.737726
v -2.180811 -0.157000 1.730533
v -2.158144 -0.157000 1.737726
v -2.158144 -0.078500 1.737726
v -2.158144 -0.157000 1.737726
v -2.136505 -0.078500 1.747647
v -2.136505 -0.078500 1.747647
v -2.158144 -0.157000 1.737726
v -2.136505 -0.157000 1.747647
v -2.136505 -0.078500 1.747647
v -2.136505 -0.157000 1.747647
v -2.116187 -0.078500 1.760152
v -2.116187 -0.078500 1.760152
v -2.136505 -0.157000 1.747647
v -2.116187 -0.157000 1.760152
v -2.116187 -0.078500 1.760152
v -2.116187 -0.157000 1.760152
v -2.097503 -0.078500 1.775058
v -2.097503 -0.078500 1.775058
v -2.116187 -0.157000 1.760152
v -2.097503 -0.157000 1.775058
v -2.097503 -0.078500 1.775058
v -2.097503 -0.157000 1.775058
v -2.080720 -0.078500 1.792147
v -2.080720 -0.078500 1.792147
v -2.097503 -0.157000 1.775058
v -2.080720 -0.157000 1.792147
v -2.080720 -0.078500 1.792147
v -2.080720 -0.157000 1.792147
v -2.066083 -0.078500 1.811173
v -2.066083 -0.078500 1.811173
v -2.080720 -0.157000 1.792147
v -2.066083 -0.157000 1.811173
v -2.066083 -0.078500 1.811173
v -2.066083 -0.157000 1.811173
v -2.053802 -0.078500 1.831855
v -2.053802 -0.078500 1.831855
v -2.066083 -0.157000 1.811173
v -2.053802 -0.157000 1.831855
v -2.053802 -0.078500 1.831855
v -2.053802 -0.157000 1.831855
v -2.044060 -0.078500 1.853897
v -2.044060 -0.078500 1.853897
v -2.053802 -0.157000 1.831855
v -2.044060 -0.157000 1.853897
v -2.044060 -0.078500 1.853897
v -2.044060 -0.157000 1.853897
v -2.037004 -0.078500 1.876972
v -2.037004 -0.078500 1.876972
v -2.044060 -0.157000 1.853897
v -2.037004 -0.157000 1.876972
v -2.037004 -0.078500 1.876972
v -2.037004 -0.157000 1.876972
v -2.032722 -0.078500 1.900750
v -2.032722 -0.078500 1.900750
v -2.037004 -0.157000 1.876972
v -2.032722 -0.157000 1.900750
v -2.032722 -0.078500 1.900750
v -2.032722 -0.157000 1.900750
v -2.031292 -0.078500 1.924872
v -2.031292 -0.078500 1.924872
v -2.032722 -0.157000 1.900750
v -2.031292 -0.157000 1.924872
v -2.031292 -0.078500 1.924872
v -2.031292 -0.157000 1.924872
v -2.032722 -0.078500 1.949003
v -2.032722 -0.078500 1.949003
v -2.031292 -0.157000 1.924872
v -2.032722 -0.157000 1.949003
v -2.032722 -0.078500 1.949003
v -2.032722 -0.157000 1.949003
v -2.037004 -0.078500 1.972773
v -2.037004 -0.078500 1.972773
v -2.032722 -0.157000 1.949003
v -2.037004 -0.157000 1.972773
v -2.037004 -0.078500 1.972773
v -2.037004 -0.157000 1.972773
v -2.044060 -0.078500 1.995856
v -2.044060 -0.078500 1.995856
v -2.037004 -0.157000 1.972773
v -2.044060 -0.157000 1.995856
v -2.044060 -0.078500 1.995856
v -2.044060 -0.157000 1.995856
v -2.053802 -0.078500 2.017890
v -2.053802 -0.078500 2.017890
v -2.044060 -0.157000 1.995856
v -2.053802 -0.157000 2.017890
v -2.053802 -0.078500 2.017890
v -2.053802 -0.157000 2.017890
v -2.066083 -0.078500 2.038572
v -2.066083 -0.078500 2.038572
v -2.053802 -0.157000 2.017890
v -2.066083 -0.157000 2.038572
v -2.066083 -0.078500 2.038572
v -2.066083 -0.157000 2.038572
v -2.080720 -0.078500 2.057598
v -2.080720 -0.078500 2.057598
v -2.066083 -0.157000 2.038572
v -2.080720 -0.157000 2.057598
v -2.080720 -0.078500 2.057598
v -2.080720 -0.157000 2.057598
v -2.097503 -0.078500 2.074696
v -2.097503 -0.078500 2.074696
v -2.080720 -0.157000 2.057598
v -2.097503 -0.157000 2.074696
v -2.097503 -0.078500 2.074696
v -2.097503 -0.157000 2.074696
v -2.116187 -0.078500 2.089593
v -2.116187 -0.078500 2.089593
v -2.097503 -0.157000 2.074696
v -2.116187 -0.157000 2.089593
v -2.116187 -0.078500 2.089593
v -2.116187 -0.157000 2.089593
v -2.136505 -0.078500 2.102106
v -2.136505 -0.078500 2.102106
v -2.116187 -0.157000 2.089593
v -2.136505 -0.157000 2.102106
v -2.136505 -0.078500 2.102106
v -2.136505 -0.157000 2.102106
v -2.158144 -0.078500 2.112019
v -2.158144 -0.078500 2.112019
v -2.136505 -0.157000 2.102106
v -2.158144 -0.157000 2.112019
v -2.158144 -0.078500 2.112019
v -2.158144 -0.157000 2.112019
v -2.180811 -0.078500 2.119212
v -2.180811 -0.078500 2.119212
v -2.158144 -0.157000 2.112019
v -2.180811 -0.157000 2.119212
v -2.180811 -0.078500 2.119212
v -2.180811 -0.157000 2.119212
v -2.204155 -0.078500 2.123572
v -2.204155 -0.078500 2.123572
v -2.180811 -0.157000 2.119212
v -2.204155 -0.157000 2.123572
v -2.204155 -0.078500 2.123572
v -2.204155 -0.157000 2.123572
v -2.227852 -0.078500 2.125028
v -2.227852 -0.078500 2.125028
v -2.204155 -0.157000 2.123572
v -2.227852 -0.157000 2.125028
v -2.227852 -0.078500 2.125028
v -2.227852 -0.157000 2.125028
v -2.251540 -0.078500 2.123572
v -2.251540 -0.078500 2.123572
v -2.227852 -0.157000 2.125028
v -2.251540 -0.157000 2.123572
v -2.251540 -0.078500 2.123572
v -2.251540 -0.157000 2.123572
v -2.274884 -0.078500 2.119212
v -2.274884 -0.078500 2.119212
v -2.251540 -0.157000 2.123572
v -2.274884 -0.157000 2.119212
v -2.274884 -0.078500 2.119212
v -2.274884 -0.157000 2.119212
v -2.297544 -0.078500 2.112019
v -2.297544 -0.078500 2.112019
v -2.274884 -0.157000 2.119212
v -2.297544 -0.157000 2.112019
v -2.297544 -0.078500 2.112019
v -2.297544 -0.157000 2.112019
v -2.319190 -0.078500 2.102106
v -2.319190 -0.078500 2.102106
v -2.297544 -0.157000 2.112019
v -2.319190 -0.157000 2.102106
v -2.319190 -0.078500 2.102106
v -2.319190 -0.157000 2.102106
v -2.339508 -0.078500 2.089593
v -2.339508 -0.078500 2.089593
v -2.319190 -0.157000 2.102106
v -2.339508 -0.157000 2.089593
v -2.339508 -0.078500 2.089593
v -2.339508 -0.157000 2.089593
v -2.358192 -0.078500 2.074696
v -2.358192 -0.078500 2.074696
v -2.339508 -0.157000 2.089593
v -2.358192 -0.157000 2.074696
v -2.358192 -0.078500 2.074696
v -2.358192 -0.157000 2.074696
v -2.374975 -0.078500 2.057598
v -2.374975 -0.078500 2.057598
v -2.358192 -0.157000 2.074696
v -2.374975 -0.157000 2.057598
v -2.374975 -0.078500 2.057598
v -2.374975 -0.157000 2.057598
v -2.389612 -0.078500 2.038572
v -2.389612 -0.078500 2.038572
v -2.374975 -0.157000 2.057598
v -2.389612 -0.157000 2.038572
v -2.389612 -0.078500 2.038572
v -2.389612 -0.157000 2.038572
v -2.401885 -0.078500 2.017890
v -2.401885 -0.078500 2.017890
v -2.389612 -0.157000 2.038572
v -2.401885 -0.157000 2.017890
v -2.401885 -0.078500 2.017890
v -2.401885 -0.157000 2.017890
v -2.411628 -0.078500 1.995856
v -2.411628 -0.078500 1.995856
v -2.401885 -0.157000 2.017890
v -2.411628 -0.157000 1.995856
v -2.411628 -0.078500 1.995856
v -2.411628 -0.157000 1.995856
v -2.418692 -0.078500 1.972773
v -2.418692 -0.078500 1.972773
v -2.411628 -0.157000 1.995856
v -2.418692 -0.157000 1.972773
v -2.418692 -0.078500 1.972773
v -2.418692 -0.157000 1.972773
v -2.422974 -0.078500 1.949003
v -2.422974 -0.078500 1.949003
v -2.418692 -0.157000 1.972773
v -2.422974 -0.157000 1.949003
v -2.422974 -0.078500 1.900750
v -2.032722 -0.078500 1.900750
v -2.424404 -0.078500 1.924872
v -2.424404 -0.078500 1.924872
v -2.032722 -0.078500 1.900750
v -2.031292 -0.078500 1.924872
v -2.424404 -0.078500 1.924872
v -2.031292 -0.078500 1.924872
v -2.422974 -0.078500 1.949003
v -2.422974 -0.078500 1.949003
v -2.031292 -0.078500 1.924872
v -2.032722 -0.078500 1.949003
v -2.422974 -0.078500 1.949003
v -2.032722 -0.078500 1.949003
v -2.418692 -0.078500 1.972773
v -2.418692 -0.078500 1.972773
v -2.032722 -0.078500 1.949003
v -2.037004 -0.078500 1.972773
v -2.418692 -0.078500 1.972773
v -2.037004 -0.078500 1.972773
v -2.411628 -0.078500 1.995856
v -2.411628 -0.078500 1.995856
v -2.037004 -0.078500 1.972773
v -2.044060 -0.078500 1.995856
v -2.411628 -0.078500 1.995856
v -2.044060 -0.078500 1.995856
v -2.401885 -0.078500 2.017890
v -2.401885 -0.078500 2.017890
v -2.044060 -0.078500 1.995856
v -2.053802 -0.078500 2.017890
v -2.401885 -0.078500 2.017890
v -2.053802 -0.078500 2.017890
v -2.389612 -0.078500 2.038572
v -2.389612 -0.078500 2.038572
v -2.053802 -0.078500 2.017890
v -2.066083 -0.078500 2.038572
v -2.389612 -0.078500 2.038572
v -2.066083 -0.078500 2.038572
v -2.374975 -0.078500 2.057598
v -2.374975 -0.078500 2.057598
v -2.066083 -0.078500 2.038572
v -2.080720 -0.078500 2.057598
v -2.374975 -0.078500 2.057598
v -2.080720 -0.078500 2.057598
v -2.358192 -0.078500 2.074696
v -2.358192 -0.078500 2.074696
v -2.080720 -0.078500 2.057598
v -2.097503 -0.078500 2.074696
v -2.358192 -0.078500 2.074696
v -2.097503 -0.078500 2.074696
v -2.339508 -0.078500 2.089593
v -2.339508 -0.078500 2.089593
v -2.097503 -0.078500 2.074696
v -2.116187 -0.078500 2.089593
v -2.339508 -0.078500 2.089593
v -2.116187 -0.078500 2.089593
v -2.319190 -0.078500 2.102106
v -2.319190 -0.078500 2.102106
v -2.116187 -0.078500 2.089593
v -2.136505 -0.078500 2.102106
v -2.319190 -0.078500 2.102106
v -2.136505 -0.078500 2.102106
v -2.297544 -0.078500 2.112019
v -2.297544 -0.078500 2.112019
v -2.136505 -0.078500 2.102106
v -2.158144 -0.078500 2.112019
v -2.297544 -0.078500 2.112019
v -2.158144 -0.078500 2.112019
v -2.274884 -0.078500 2.119212
v -2.274884 -0.078500 2.119212
v -2.158144 -0.078500 2.112019
v -2.180811 -0.078500 2.119212
v -2.274884 -0.078500 2.119212
v -2.180811 -0.078500 2.119212
v -2.251540 -0.078500 2.123572
v -2.251540 -0.078500 2.123572
v -2.180811 -0.078500 2.119212
v -2.204155 -0.078500 2.123572
v -2.251540 -0.078500 2.123572
v -2.204155 -0.078500 2.123572
v -2.227852 -0.078500 2.125028
v -2.032722 -0.078500 1.900750
v -2.422974 -0.078500 1.900750
v -2.037004 -0.078500 1.876972
v -2.037004 -0.078500 1.876972
v -2.422974 -0.078500 1.900750
v -2.418692 -0.078500 1.876972
v -2.037004 -0.078500 1.876972
v -2.418692 -0.078500 1.876972
v -2.044060 -0.078500 1.853897
v -2.044060 -0.078500 1.853897
v -2.418692 -0.078500 1.876972
v -2.411628 -0.078500 1.853897
v -2.044060 -0.078500 1.853897
v -2.411628 -0.078500 1.853897
v -2.053802 -0.078500 1.831855
v -2.053802 -0.078500 1.831855
v -2.411628 -0.078500 1.853897
v -2.401885 -0.078500 1.831855
v -2.053802 -0.078500 1.831855
v -2.401885 -0.078500 1.831855
v -2.066083 -0.078500 1.811173
v -2.066083 -0.078500 1.811173
v -2.401885 -0.078500 1.831855
v -2.389612 -0.078500 1.811173
v -2.066083 -0.078500 1.811173
v -2.389612 -0.078500 1.811173
v -2.080720 -0.078500 1.792147
v -2.080720 -0.078500 1.792147
v -2.389612 -0.078500 1.811173
v -2.374975 -0.078500 1.792147
v -2.080720 -0.078500 1.792147
v -2.374975 -0.078500 1.792147
v -2.097503 -0.078500 1.775058
v -2.097503 -0.078500 1.775058
v -2.374975 -0.078500 1.792147
v -2.358192 -0.078500 1.775058
v -2.097503 -0.078500 1.775058
v -2.358192 -0.078500 1.775058
v -2.116187 -0.078500 1.760152
v -2.116187 -0.078500 1.760152
v -2.358192 -0.078500 1.775058
v -2.339508 -0.078500 1.760152
v -2.116187 -0.078500 1.760152
v -2.339508 -0.078500 1.760152
v -2.136505 -0.078500 1.747647
v -2.136505 -0.078500 1.747647
v -2.339508 -0.078500 1.760152
v -2.319190 -0.078500 1.747647
v -2.136505 -0.078500 1.747647
v -2.319190 -0.078500 1.747647
v -2.158144 -0.078500 1.737726
v -2.158144 -0.078500 1.737726
v -2.319190 -0.078500 1.747647
v -2.297544 -0.078500 1.737726
v -2.158144 -0.078500 1.737726
v -2.297544 -0.078500 1.737726
v -2.180811 -0.078500 1.730533
v -2.180811 -0.078500 1.730533
v -2.297544 -0.078500 1.737726
v -2.274884 -0.078500 1.730533
v -2.180811 -0.078500 1.730533
v -2.274884 -0.078500 1.730533
v -2.204155 -0.078500 1.726181
v -2.204155 -0.078500 1.726181
v -2.274884 -0.078500 1.730533
v -2.251540 -0.078500 1.726181
v -2.204155 -0.078500 1.726181
v -2.251540 -0.078500 1.726181
v -2.227852 -0.078500 1.724716
v -0.226487 0.157000 -2.020938
v 0.231138 0.157000 -2.020938
v -0.226487 0.137375 -2.020938
v -0.226487 0.137375 -2.020938
v 0.231138 0.157000 -2.020938
v 0.231138 0.137375 -2.020938
v 0.231138 0.157000 -2.020938
v 0.002325 0.157000 -2.184499
v 0.231138 0.137375 -2.020938
v 0.231138 0.137375 -2.020938
v 0.002325 0.157000 -2.184499
v 0.002325 0.137376 -2.184499
v 0.002325 0.157000 -2.184499
v -0.226487 0.157000 -2.020938
v 0.002325 0.137376 -2.184499
v 0.002325 0.137376 -2.184499
v -0.226487 0.157000 -2.020938
v -0.226487 0.137375 -2.020938
v 0.002325 0.137376 -2.184499
v -0.226487 0.137375 -2.020938
v 0.231138 0.137375 -2.020938
v -0.226487 0.157000 -2.020938
v -0.201269 0.157000 -1.846529
v 0.231138 0.157000 -2.020938
v 0.231138 0.157000 -2.020938
v -0.201269 0.157000 -1.846529
v 0.185289 0.157000 -1.826583
v 0.231138 0.157000 -2.020938
v 0.185289 0.157000 -1.826583
v 0.213979 0.157000 -1.857906
v 0.002325 0.157000 -2.184499
v -0.487129 0.157000 -2.019082
v -0.226487 0.157000 -2.020938
v -0.226487 0.157000 -2.020938
v -0.487129 0.157000 -2.019082
v -0.446864 0.157000 -2.006697
v -0.226487 0.157000 -2.020938
v -0.446864 0.157000 -2.006697
v -0.407534 0.157000 -1.991503
v 0.231138 0.157000 -2.020938
v 0.504083 0.157000 -2.022954
v 0.002325 0.157000 -2.184499
v 0.002325 0.157000 -2.184499
v 0.504083 0.157000 -2.022954
v 0.545316 0.157000 -2.031411
v 0.002325 0.157000 -2.184499
v 0.545316 0.157000 -2.031411
v 0.587026 0.157000 -2.036956
v -2.252735 0.157000 -1.946379
v -2.216247 0.157000 -1.967717
v -2.594564 0.157000 -2.241728
v -2.594564 0.157000 -2.241728
v -2.216247 0.157000 -1.967717
v -2.178391 0.157000 -1.986439
v -2.594564 0.157000 -2.241728
v -2.178391 0.157000 -1.986439
v -2.139373 0.157000 -2.002456
v -2.139373 0.157000 -2.002456
v -2.099349 0.157000 -2.015690
v -2.594564 0.157000 -2.241728
v -2.594564 0.157000 -2.241728
v -2.099349 0.157000 -2.015690
v -2.058532 0.157000 -2.026083
v -2.594564 0.157000 -2.241728
v -2.058532 0.157000 -2.026083
v -2.017102 0.157000 -2.033579
v -2.017102 0.157000 -2.033579
v -1.975271 0.157000 -2.038148
v -2.594564 0.157000 -2.241728
v -2.594564 0.157000 -2.241728
v -1.975271 0.157000 -2.038148
v -1.933220 0.157000 -2.039764
v -2.594564 0.157000 -2.241728
v -1.933220 0.157000 -2.039764
v -1.891161 0.157000 -2.038420
v -1.891161 0.157000 -2.038420
v -1.849299 0.157000 -2.034131
v -2.594564 0.157000 -2.241728
v -2.594564 0.157000 -2.241728
v -1.849299 0.157000 -2.034131
v -0.737422 0.157000 -2.032291
v -2.594564 0.157000 -2.241728
v -0.737422 0.157000 -2.032291
v -0.695666 0.157000 -2.037460
v -1.849299 0.157000 -2.034131
v -1.807821 0.157000 -2.026907
v -0.737422 0.157000 -2.032291
v -0.737422 0.157000 -2.032291
v -1.807821 0.157000 -2.026907
v -0.778730 0.157000 -2.024210
v -0.778730 0.157000 -2.024210
v -1.807821 0.157000 -2.026907
v -1.766941 0.157000 -2.016778
v -0.778730 0.157000 -2.024210
v -1.766941 0.157000 -2.016778
v -0.819389 0.157000 -2.013241
v -0.819389 0.157000 -2.013241
v -1.766941 0.157000 -2.016778
v -1.726839 0.157000 -2.003808
v -0.819389 0.157000 -2.013241
v -1.726839 0.157000 -2.003808
v -0.859216 0.157000 -1.999440
v -0.859216 0.157000 -1.999440
v -1.726839 0.157000 -2.003808
v -1.687711 0.157000 -1.988055
v -0.859216 0.157000 -1.999440
v -1.687711 0.157000 -1.988055
v -0.898006 0.157000 -1.982886
v -0.898006 0.157000 -1.982886
v -1.687711 0.157000 -1.988055
v -1.649745 0.157000 -1.969581
v -0.898006 0.157000 -1.982886
v -1.649745 0.157000 -1.969581
v -0.935579 0.157000 -1.963636
v -0.935579 0.157000 -1.963636
v -1.649745 0.157000 -1.969581
v -1.613124 0.157000 -1.948483
v -0.935579 0.157000 -1.963636
v -1.613124 0.157000 -1.948483
v -0.971768 0.157000 -1.941794
v -0.971768 0.157000 -1.941794
v -1.613124 0.157000 -1.948483
v -1.578018 0.157000 -1.924864
v -0.971768 0.157000 -1.941794
v -1.578018 0.157000 -1.924864
v -1.006378 0.157000 -1.917464
v -1.006378 0.157000 -1.917464
v -1.578018 0.157000 -1.924864
v -1.544594 0.157000 -1.898838
v -1.006378 0.157000 -1.917464
v -1.544594 0.157000 -1.898838
v -1.039268 0.157000 -1.890757
v -1.039268 0.157000 -1.890757
v -1.544594 0.157000 -1.898838
v -1.513017 0.157000 -1.870523
v -1.039268 0.157000 -1.890757
v -1.513017 0.157000 -1.870523
v -1.070264 0.157000 -1.861802
v -1.070264 0.157000 -1.861802
v -1.513017 0.157000 -1.870523
v -1.483427 0.157000 -1.840056
v -1.070264 0.157000 -1.861802
v -1.483427 0.157000 -1.840056
v -1.099233 0.157000 -1.830743
v -1.099233 0.157000 -1.830743
v -1.483427 0.157000 -1.840056
v -1.455983 0.157000 -1.807581
v -1.099233 0.157000 -1.830743
v -1.455983 0.157000 -1.807581
v -1.126018 0.157000 -1.797716
v -1.126018 0.157000 -1.797716
v -1.455983 0.157000 -1.807581
v -1.430801 0.157000 -1.773257
v -1.126018 0.157000 -1.797716
v -1.430801 0.157000 -1.773257
v -1.150508 0.157000 -1.762896
v -1.150508 0.157000 -1.762896
v -1.430801 0.157000 -1.773257
v -1.408000 0.157000 -1.737238
v -1.150508 0.157000 -1.762896
v -1.408000 0.157000 -1.737238
v -1.172579 0.157000 -1.726429
v -1.172579 0.157000 -1.726429
v -1.408000 0.157000 -1.737238
v -1.387697 0.157000 -1.699714
v -1.172579 0.157000 -1.726429
v -1.387697 0.157000 -1.699714
v -1.192127 0.157000 -1.688505
v -1.192127 0.157000 -1.688505
v -1.387697 0.157000 -1.699714
v -1.369987 0.157000 -1.660846
v -1.192127 0.157000 -1.688505
v -1.369987 0.157000 -1.660846
v -1.209059 0.157000 -1.649293
v -1.209059 0.157000 -1.649293
v -1.369987 0.157000 -1.660846
v -1.354957 0.157000 -1.620826
v -1.209059 0.157000 -1.649293
v -1.354957 0.157000 -1.620826
v -1.223296 0.157000 -1.608985
v -1.223296 0.157000 -1.608985
v -1.354957 0.157000 -1.620826
v -1.342676 0.157000 -1.579846
v -1.223296 0.157000 -1.608985
v -1.342676 0.157000 -1.579846
v -1.234759 0.157000 -1.567781
v -1.234759 0.157000 -1.567781
v -1.342676 0.157000 -1.579846
v -1.333193 0.157000 -1.538106
v -1.234759 0.157000 -1.567781
v -1.333193 0.157000 -1.538106
v -1.243418 0.157000 -1.525865
v -1.243418 0.157000 -1.525865
v -1.333193 0.157000 -1.538106
v -1.326569 0.157000 -1.495790
v -1.243418 0.157000 -1.525865
v -1.326569 0.157000 -1.495790
v -1.249209 0.157000 -1.483436
v -1.249209 0.157000 -1.483436
v -1.326569 0.157000 -1.495790
v -1.322829 0.157000 -1.453113
v -1.249209 0.157000 -1.483436
v -1.322829 0.157000 -1.453113
v -1.252108 0.157000 -1.440704
v -1.252108 0.157000 -1.440704
v -1.322829 0.157000 -1.453113
v -1.321981 0.157000 -1.410277
v -1.252108 0.157000 -1.440704
v -1.321981 0.157000 -1.410277
v -1.252108 0.157000 -1.397876
v -1.252108 0.157000 -1.397876
v -1.321981 0.157000 -1.410277
v -1.324047 0.157000 -1.367481
v -1.252108 0.157000 -1.397876
v -1.324047 0.157000 -1.367481
v -1.249209 0.157000 -1.355144
v -1.249209 0.157000 -1.355144
v -1.324047 0.157000 -1.367481
v -1.329005 0.157000 -1.324932
v -1.249209 0.157000 -1.355144
v -1.329005 0.157000 -1.324932
v -1.243418 0.157000 -1.312715
v -1.243418 0.157000 -1.312715
v -1.329005 0.157000 -1.324932
v -1.336838 0.157000 -1.282832
v -1.243418 0.157000 -1.312715
v -1.336838 0.157000 -1.282832
v -1.234759 0.157000 -1.270799
v -1.234759 0.157000 -1.270799
v -1.336838 0.157000 -1.282832
v -1.347508 0.157000 -1.241388
v -1.234759 0.157000 -1.270799
v -1.347508 0.157000 -1.241388
v -1.223296 0.157000 -1.229587
v -1.223296 0.157000 -1.229587
v -1.347508 0.157000 -1.241388
v -1.360951 0.157000 -1.200792
v -1.223296 0.157000 -1.229587
v -1.360951 0.157000 -1.200792
v -1.209059 0.157000 -1.189287
v -1.209059 0.157000 -1.189287
v -1.360951 0.157000 -1.200792
v -1.377121 0.157000 -1.161236
v -1.209059 0.157000 -1.189287
v -1.377121 0.157000 -1.161236
v -1.192127 0.157000 -1.150075
v -1.192127 0.157000 -1.150075
v -1.377121 0.157000 -1.161236
v -1.395931 0.157000 -1.122904
v -1.192127 0.157000 -1.150075
v -1.395931 0.157000 -1.122904
v -1.172579 0.157000 -1.112151
v -1.172579 0.157000 -1.112151
v -1.395931 0.157000 -1.122904
v -1.417295 0.157000 -1.085997
v -1.172579 0.157000 -1.112151
v -1.417295 0.157000 -1.085997
v -1.150508 0.157000 -1.075684
v -1.150508 0.157000 -1.075684
v -1.417295 0.157000 -1.085997
v -1.441109 0.157000 -1.050673
v -1.150508 0.157000 -1.075684
v -1.441109 0.157000 -1.050673
v -1.126018 0.157000 -1.040856
v -1.126018 0.157000 -1.040856
v -1.441109 0.157000 -1.050673
v -1.467257 0.157000 -1.017102
v -1.126018 0.157000 -1.040856
v -1.467257 0.157000 -1.017102
v -1.099233 0.157000 -1.007837
v -1.099233 0.157000 -1.007837
v -1.467257 0.157000 -1.017102
v -1.495621 0.157000 -0.985458
v -1.099233 0.157000 -1.007837
v -1.495621 0.157000 -0.985458
v -1.070264 0.157000 -0.976778
v -1.070264 0.157000 -0.976778
v -1.495621 0.157000 -0.985458
v -1.526060 0.157000 -0.955880
v -1.070264 0.157000 -0.976778
v -1.526060 0.157000 -0.955880
v -1.039268 0.157000 -0.947823
v -1.039268 0.157000 -0.947823
v -1.526060 0.157000 -0.955880
v -1.558439 0.157000 -0.928501
v -1.039268 0.157000 -0.947823
v -1.558439 0.157000 -0.928501
v -1.551336 0.157000 -0.503322
v -1.551336 0.157000 -0.503322
v -1.558439 0.157000 -0.928501
v -1.585113 0.157000 -0.528853
v -1.585113 0.157000 -0.528853
v -1.558439 0.157000 -0.928501
v -1.592585 0.157000 -0.903474
v -1.585113 0.157000 -0.528853
v -1.592585 0.157000 -0.903474
v -1.620533 0.157000 -0.551954
v -1.620533 0.157000 -0.551954
v -1.592585 0.157000 -0.903474
v -1.628351 0.157000 -0.880904
v -1.620533 0.157000 -0.551954
v -1.628351 0.157000 -0.880904
v -1.657437 0.157000 -0.572510
v -1.657437 0.157000 -0.572510
v -1.628351 0.157000 -0.880904
v -1.665562 0.157000 -0.860902
v -1.657437 0.157000 -0.572510
v -1.665562 0.157000 -0.860902
v -1.695646 0.157000 -0.590428
v -1.695646 0.157000 -0.590428
v -1.665562 0.157000 -0.860902
v -1.704038 0.157000 -0.843564
v -1.695646 0.157000 -0.590428
v -1.704038 0.157000 -0.843564
v -1.734971 0.157000 -0.605616
v -1.734971 0.157000 -0.605616
v -1.704038 0.157000 -0.843564
v -1.743598 0.157000 -0.828971
v -1.734971 0.157000 -0.605616
v -1.743598 0.157000 -0.828971
v -1.775238 0.157000 -0.618005
v -1.775238 0.157000 -0.618005
v -1.743598 0.157000 -0.828971
v -1.784054 0.157000 -0.817194
v -1.775238 0.157000 -0.618005
v -1.784054 0.157000 -0.817194
v -1.816244 0.157000 -0.627536
v -1.816244 0.157000 -0.627536
v -1.784054 0.157000 -0.817194
v -1.825209 0.157000 -0.808281
v -1.816244 0.157000 -0.627536
v -1.825209 0.157000 -0.808281
v -1.857808 0.157000 -0.634166
v -1.857808 0.157000 -0.634166
v -1.825209 0.157000 -0.808281
v -1.866875 0.157000 -0.802280
v -1.857808 0.157000 -0.634166
v -1.866875 0.157000 -0.802280
v -1.899710 0.157000 -0.637857
v -1.899710 0.157000 -0.637857
v -1.866875 0.157000 -0.802280
v -1.908840 0.157000 -0.799233
v -1.899710 0.157000 -0.637857
v -1.908840 0.157000 -0.799233
v -1.941768 0.157000 -0.638597
v -1.941768 0.157000 -0.638597
v -1.908840 0.157000 -0.799233
v -1.950914 0.157000 -0.799137
v -1.941768 0.157000 -0.638597
v -1.950914 0.157000 -0.799137
v -1.983772 0.157000 -0.636380
v -1.983772 0.157000 -0.636380
v -1.950914 0.157000 -0.799137
v -1.992902 0.157000 -0.801992
v -1.983772 0.157000 -0.636380
v -1.992902 0.157000 -0.801992
v -2.025532 0.157000 -0.631215
v -2.025532 0.157000 -0.631215
v -1.992902 0.157000 -0.801992
v -2.034592 0.157000 -0.807801
v -2.025532 0.157000 -0.631215
v -2.034592 0.157000 -0.807801
v -2.066837 0.157000 -0.623133
v -2.066837 0.157000 -0.623133
v -2.034592 0.157000 -0.807801
v -2.075786 0.157000 -0.816522
v -2.066837 0.157000 -0.623133
v -2.075786 0.157000 -0.816522
v -2.107497 0.157000 -0.612165
v -2.107497 0.157000 -0.612165
v -2.075786 0.157000 -0.816522
v -2.116297 0.157000 -0.828115
v -2.107497 0.157000 -0.612165
v -2.116297 0.157000 -0.828115
v -2.147325 0.157000 -0.598366
v -2.147325 0.157000 -0.598366
v -2.116297 0.157000 -0.828115
v -2.155912 0.157000 -0.842532
v -2.147325 0.157000 -0.598366
v -2.155912 0.157000 -0.842532
v -2.186115 0.157000 -0.581805
v -2.186115 0.157000 -0.581805
v -2.155912 0.157000 -0.842532
v -2.194475 0.157000 -0.859694
v -2.186115 0.157000 -0.581805
v -2.194475 0.157000 -0.859694
v -2.223687 0.157000 -0.562559
v -2.223687 0.157000 -0.562559
v -2.194475 0.157000 -0.859694
v -2.231764 0.157000 -0.879520
v -2.223687 0.157000 -0.562559
v -2.231764 0.157000 -0.879520
v -2.259877 0.157000 -0.540718
v -2.259877 0.157000 -0.540718
v -2.231764 0.157000 -0.879520
v -2.267632 0.157000 -0.901930
v -2.259877 0.157000 -0.540718
v -2.267632 0.157000 -0.901930
v -2.294495 0.157000 -0.516383
v -2.294495 0.157000 -0.516383
v -2.267632 0.157000 -0.901930
v -2.301896 0.157000 -0.926805
v -2.294495 0.157000 -0.516383
v -2.301896 0.157000 -0.926805
v -2.327377 0.157000 -0.489679
v -2.327377 0.157000 -0.489679
v -2.301896 0.157000 -0.926805
v -2.334385 0.157000 -0.954023
v -2.327377 0.157000 -0.489679
v -2.334385 0.157000 -0.954023
v -2.358381 0.157000 -0.460724
v -2.358381 0.157000 -0.460724
v -2.334385 0.157000 -0.954023
v -2.364957 0.157000 -0.983466
v -2.358381 0.157000 -0.460724
v -2.364957 0.157000 -0.983466
v -2.387342 0.157000 -0.429665
v -2.387342 0.157000 -0.429665
v -2.364957 0.157000 -0.983466
v -2.393463 0.157000 -1.014982
v -2.387342 0.157000 -0.429665
v -2.393463 0.157000 -1.014982
v -2.414127 0.157000 -0.396643
v -2.414127 0.157000 -0.396643
v -2.393463 0.157000 -1.014982
v -2.419760 0.157000 -1.048425
v -2.414127 0.157000 -0.396643
v -2.419760 0.157000 -1.048425
v -2.438617 0.157000 -0.361816
v -2.438617 0.157000 -0.361816
v -2.419760 0.157000 -1.048425
v -2.443732 0.157000 -1.083644
v -2.438617 0.157000 -0.361816
v -2.443732 0.157000 -1.083644
v -2.460687 0.157000 -0.325353
v -2.460687 0.157000 -0.325353
v -2.443732 0.157000 -1.083644
v -2.465252 0.157000 -1.120456
v -2.460687 0.157000 -0.325353
v -2.465252 0.157000 -1.120456
v -2.480236 0.157000 -0.287427
v -2.480236 0.157000 -0.287427
v -2.465252 0.157000 -1.120456
v -2.484235 0.157000 -1.158700
v -2.480236 0.157000 -0.287427
v -2.484235 0.157000 -1.158700
v -2.497168 0.157000 -0.248217
v -2.497168 0.157000 -0.248217
v -2.484235 0.157000 -1.158700
v -2.500578 0.157000 -1.198184
v -2.497168 0.157000 -0.248217
v -2.500578 0.157000 -1.198184
v -2.511405 0.157000 -0.207910
v -2.511405 0.157000 -0.207910
v -2.500578 0.157000 -1.198184
v -2.514202 0.157000 -1.238716
v -2.511405 0.157000 -0.207910
v -2.514202 0.157000 -1.238716
v -2.522876 0.157000 -0.166702
v -2.522876 0.157000 -0.166702
v -2.514202 0.157000 -1.238716
v -2.525053 0.157000 -1.280112
v -2.522876 0.157000 -0.166702
v -2.525053 0.157000 -1.280112
v -2.531527 0.157000 -0.124786
v -2.531527 0.157000 -0.124786
v -2.525053 0.157000 -1.280112
v -2.533074 0.157000 -1.322180
v -2.531527 0.157000 -0.124786
v -2.533074 0.157000 -1.322180
v -2.537317 0.157000 -0.082358
v -2.537317 0.157000 -0.082358
v -2.533074 0.157000 -1.322180
v -2.538213 0.157000 -1.364704
v -2.537317 0.157000 -0.082358
v -2.538213 0.157000 -1.364704
v -2.540217 0.157000 -0.039629
v -2.540217 0.157000 -0.039629
v -2.538213 0.157000 -1.364704
v -2.540468 0.157000 -1.407485
v -2.540217 0.157000 -0.039629
v -2.540468 0.157000 -1.407485
v -2.594564 0.157000 -2.189227
v -2.594564 0.157000 -2.189227
v -2.540468 0.157000 -1.407485
v -2.539816 0.157000 -1.450329
v -2.594564 0.157000 -2.189227
v -2.539816 0.157000 -1.450329
v -2.536264 0.157000 -1.493021
v -2.536264 0.157000 -1.493021
v -2.529822 0.157000 -1.535362
v -2.594564 0.157000 -2.189227
v -2.594564 0.157000 -2.189227
v -2.529822 0.157000 -1.535362
v -2.520535 0.157000 -1.577150
v -2.594564 0.157000 -2.189227
v -2.520535 0.157000 -1.577150
v -2.508427 0.157000 -1.618186
v -2.508427 0.157000 -1.618186
v -2.493569 0.157000 -1.658270
v -2.594564 0.157000 -2.189227
v -2.594564 0.157000 -2.189227
v -2.493569 0.157000 -1.658270
v -2.476032 0.157000 -1.697218
v -2.594564 0.157000 -2.189227
v -2.476032 0.157000 -1.697218
v -2.455895 0.157000 -1.734845
v -2.455895 0.157000 -1.734845
v -2.433266 0.157000 -1.770961
v -2.594564 0.157000 -2.189227
v -2.594564 0.157000 -2.189227
v -2.433266 0.157000 -1.770961
v -2.408226 0.157000 -1.805397
v -2.594564 0.157000 -2.189227
v -2.408226 0.157000 -1.805397
v -2.380930 0.157000 -1.838000
v -2.380930 0.157000 -1.838000
v -2.351475 0.157000 -1.868603
v -2.594564 0.157000 -2.189227
v -2.594564 0.157000 -2.189227
v -2.351475 0.157000 -1.868603
v -2.320023 0.157000 -1.897062
v -2.594564 0.157000 -2.189227
v -2.320023 0.157000 -1.897062
v -2.286716 0.157000 -1.923248
v -2.540217 0.157000 -0.039629
v -2.594564 0.157000 -2.189227
v -2.540217 0.157000 0.003204
v -2.540217 0.157000 0.003204
v -2.594564 0.157000 -2.189227
v -2.594564 0.157000 2.189219
v -2.540217 0.157000 0.003204
v -2.594564 0.157000 2.189219
v -2.540060 0.157000 1.357112
v -2.540060 0.157000 1.357112
v -2.594564 0.157000 2.189219
v -2.540350 0.157000 1.399948
v -2.540350 0.157000 1.399948
v -2.594564 0.157000 2.189219
v -2.537742 0.157000 1.442704
v -2.537742 0.157000 1.442704
v -2.594564 0.157000 2.189219
v -2.532234 0.157000 1.485180
v -2.532234 0.157000 1.485180
v -2.594564 0.157000 2.189219
v -2.523874 0.157000 1.527161
v -2.523874 0.157000 1.527161
v -2.594564 0.157000 2.189219
v -2.512685 0.157000 1.568461
v -2.512685 0.157000 1.568461
v -2.594564 0.157000 2.189219
v -2.498724 0.157000 1.608873
v -2.498724 0.157000 1.608873
v -2.594564 0.157000 2.189219
v -2.482051 0.157000 1.648205
v -2.482051 0.157000 1.648205
v -2.594564 0.157000 2.189219
v -2.462762 0.157000 1.686273
v -2.462762 0.157000 1.686273
v -2.594564 0.157000 2.189219
v -2.440935 0.157000 1.722900
v -2.440935 0.157000 1.722900
v -2.594564 0.157000 2.189219
v -2.416680 0.157000 1.757904
v -2.416680 0.157000 1.757904
v -2.594564 0.157000 2.189219
v -2.390108 0.157000 1.791115
v -2.390108 0.157000 1.791115
v -2.594564 0.157000 2.189219
v -2.361351 0.157000 1.822382
v -2.361351 0.157000 1.822382
v -2.594564 0.157000 2.189219
v -2.330543 0.157000 1.851561
v -2.330543 0.157000 1.851561
v -2.594564 0.157000 2.189219
v -2.297834 0.157000 1.878492
v -2.297834 0.157000 1.878492
v -2.594564 0.157000 2.189219
v -2.263373 0.157000 1.903070
v -2.540217 0.157000 0.003204
v -2.540060 0.157000 1.357112
v -2.537317 0.157000 0.045937
v -2.537317 0.157000 0.045937
v -2.540060 0.157000 1.357112
v -2.536862 0.157000 1.314395
v -2.537317 0.157000 0.045937
v -2.536862 0.157000 1.314395
v -2.531527 0.157000 0.088362
v -2.531527 0.157000 0.088362
v -2.536862 0.157000 1.314395
v -2.530772 0.157000 1.272007
v -2.531527 0.157000 0.088362
v -2.530772 0.157000 1.272007
v -2.522876 0.157000 0.130278
v -2.522876 0.157000 0.130278
v -2.530772 0.157000 1.272007
v -2.521839 0.157000 1.230147
v -2.522876 0.157000 0.130278
v -2.521839 0.157000 1.230147
v -2.511405 0.157000 0.171490
v -2.511405 0.157000 0.171490
v -2.521839 0.157000 1.230147
v -2.510077 0.157000 1.189015
v -2.511405 0.157000 0.171490
v -2.510077 0.157000 1.189015
v -2.497168 0.157000 0.211793
v -2.497168 0.157000 0.211793
v -2.510077 0.157000 1.189015
v -2.495565 0.157000 1.148803
v -2.497168 0.157000 0.211793
v -2.495565 0.157000 1.148803
v -2.480236 0.157000 0.251003
v -2.480236 0.157000 0.251003
v -2.495565 0.157000 1.148803
v -2.478358 0.157000 1.109711
v -2.480236 0.157000 0.251003
v -2.478358 0.157000 1.109711
v -2.460687 0.157000 0.288928
v -2.460687 0.157000 0.288928
v -2.478358 0.157000 1.109711
v -2.458543 0.157000 1.071923
v -2.460687 0.157000 0.288928
v -2.458543 0.157000 1.071923
v -2.438617 0.157000 0.325393
v -2.438617 0.157000 0.325393
v -2.458543 0.157000 1.071923
v -2.436221 0.157000 1.035616
v -2.438617 0.157000 0.325393
v -2.436221 0.157000 1.035616
v -2.414127 0.157000 0.360219
v -2.414127 0.157000 0.360219
v -2.436221 0.157000 1.035616
v -2.411487 0.157000 1.000956
v -2.414127 0.157000 0.360219
v -2.411487 0.157000 1.000956
v -2.387342 0.157000 0.393240
v -2.387342 0.157000 0.393240
v -2.411487 0.157000 1.000956
v -2.384458 0.157000 0.968129
v -2.387342 0.157000 0.393240
v -2.384458 0.157000 0.968129
v -2.358381 0.157000 0.424300
v -2.358381 0.157000 0.424300
v -2.384458 0.157000 0.968129
v -2.355277 0.157000 0.937270
v -2.358381 0.157000 0.424300
v -2.355277 0.157000 0.937270
v -2.327377 0.157000 0.453254
v -2.327377 0.157000 0.453254
v -2.355277 0.157000 0.937270
v -2.324069 0.157000 0.908539
v -2.327377 0.157000 0.453254
v -2.324069 0.157000 0.908539
v -2.294495 0.157000 0.479959
v -2.294495 0.157000 0.479959
v -2.324069 0.157000 0.908539
v -2.290991 0.157000 0.882064
v -2.294495 0.157000 0.479959
v -2.290991 0.157000 0.882064
v -2.259877 0.157000 0.504294
v -2.259877 0.157000 0.504294
v -2.290991 0.157000 0.882064
v -2.256200 0.157000 0.857982
v -2.259877 0.157000 0.504294
v -2.256200 0.157000 0.857982
v -2.223687 0.157000 0.526134
v -2.223687 0.157000 0.526134
v -2.256200 0.157000 0.857982
v -2.219861 0.157000 0.836404
v -2.223687 0.157000 0.526134
v -2.219861 0.157000 0.836404
v -2.186115 0.157000 0.545381
v -2.186115 0.157000 0.545381
v -2.219861 0.157000 0.836404
v -2.182139 0.157000 0.817426
v -2.186115 0.157000 0.545381
v -2.182139 0.157000 0.817426
v -2.147325 0.157000 0.561946
v -2.147325 0.157000 0.561946
v -2.182139 0.157000 0.817426
v -2.143231 0.157000 0.801144
v -2.147325 0.157000 0.561946
v -2.143231 0.157000 0.801144
v -2.107497 0.157000 0.575741
v -2.107497 0.157000 0.575741
v -2.143231 0.157000 0.801144
v -2.103302 0.157000 0.787640
v -2.107497 0.157000 0.575741
v -2.103302 0.157000 0.787640
v -2.066837 0.157000 0.586709
v -2.066837 0.157000 0.586709
v -2.103302 0.157000 0.787640
v -2.062563 0.157000 0.776967
v -2.066837 0.157000 0.586709
v -2.062563 0.157000 0.776967
v -2.025532 0.157000 0.594791
v -2.025532 0.157000 0.594791
v -2.062563 0.157000 0.776967
v -2.021188 0.157000 0.769186
v -2.025532 0.157000 0.594791
v -2.021188 0.157000 0.769186
v -1.983772 0.157000 0.599955
v -1.983772 0.157000 0.599955
v -2.021188 0.157000 0.769186
v -1.979388 0.157000 0.764329
v -1.983772 0.157000 0.599955
v -1.979388 0.157000 0.764329
v -1.941768 0.157000 0.602173
v -1.941768 0.157000 0.602173
v -1.979388 0.157000 0.764329
v -1.937361 0.157000 0.762420
v -1.941768 0.157000 0.602173
v -1.937361 0.157000 0.762420
v -1.899710 0.157000 0.601432
v -1.899710 0.157000 0.601432
v -1.937361 0.157000 0.762420
v -1.895310 0.157000 0.763469
v -1.899710 0.157000 0.601432
v -1.895310 0.157000 0.763469
v -1.857808 0.157000 0.597741
v -1.857808 0.157000 0.597741
v -1.895310 0.157000 0.763469
v -1.853424 0.157000 0.767472
v -1.857808 0.157000 0.597741
v -1.853424 0.157000 0.767472
v -1.816244 0.157000 0.591113
v -1.816244 0.157000 0.591113
v -1.853424 0.157000 0.767472
v -1.811907 0.157000 0.774405
v -1.816244 0.157000 0.591113
v -1.811907 0.157000 0.774405
v -1.775238 0.157000 0.581581
v -1.775238 0.157000 0.581581
v -1.811907 0.157000 0.774405
v -1.770964 0.157000 0.784241
v -1.775238 0.157000 0.581581
v -1.770964 0.157000 0.784241
v -1.734971 0.157000 0.569191
v -1.734971 0.157000 0.569191
v -1.770964 0.157000 0.784241
v -1.730775 0.157000 0.796931
v -1.734971 0.157000 0.569191
v -1.730775 0.157000 0.796931
v -1.695646 0.157000 0.554004
v -1.695646 0.157000 0.554004
v -1.730775 0.157000 0.796931
v -1.691553 0.157000 0.812417
v -1.695646 0.157000 0.554004
v -1.691553 0.157000 0.812417
v -1.657437 0.157000 0.536090
v -1.657437 0.157000 0.536090
v -1.691553 0.157000 0.812417
v -1.653470 0.157000 0.830619
v -1.657437 0.157000 0.536090
v -1.653470 0.157000 0.830619
v -1.620533 0.157000 0.515531
v -1.620533 0.157000 0.515531
v -1.653470 0.157000 0.830619
v -1.616706 0.157000 0.851445
v -1.620533 0.157000 0.515531
v -1.616706 0.157000 0.851445
v -1.585113 0.157000 0.492432
v -1.585113 0.157000 0.492432
v -1.616706 0.157000 0.851445
v -1.581444 0.157000 0.874815
v -1.585113 0.157000 0.492432
v -1.581444 0.157000 0.874815
v -1.551336 0.157000 0.466897
v -1.551336 0.157000 0.466897
v -1.581444 0.157000 0.874815
v -1.547855 0.157000 0.900610
v -1.551336 0.157000 0.466897
v -1.547855 0.157000 0.900610
v -1.011085 0.157000 0.476364
v -1.011085 0.157000 0.476364
v -1.547855 0.157000 0.900610
v -1.006378 0.157000 0.884696
v -1.011085 0.157000 0.476364
v -1.006378 0.157000 0.884696
v -0.976702 0.157000 0.501039
v -0.976702 0.157000 0.501039
v -1.006378 0.157000 0.884696
v -0.971768 0.157000 0.860358
v -0.976702 0.157000 0.501039
v -0.971768 0.157000 0.860358
v -0.940725 0.157000 0.523232
v -0.940725 0.157000 0.523232
v -0.971768 0.157000 0.860358
v -0.935579 0.157000 0.838516
v -0.940725 0.157000 0.523232
v -0.935579 0.157000 0.838516
v -0.903333 0.157000 0.542851
v -0.903333 0.157000 0.542851
v -0.935579 0.157000 0.838516
v -0.898006 0.157000 0.819274
v -0.903333 0.157000 0.542851
v -0.898006 0.157000 0.819274
v -0.864700 0.157000 0.559792
v -0.864700 0.157000 0.559792
v -0.898006 0.157000 0.819274
v -0.859216 0.157000 0.802712
v -0.864700 0.157000 0.559792
v -0.859216 0.157000 0.802712
v -0.825014 0.157000 0.573979
v -0.825014 0.157000 0.573979
v -0.859216 0.157000 0.802712
v -0.819389 0.157000 0.788912
v -0.825014 0.157000 0.573979
v -0.819389 0.157000 0.788912
v -0.784459 0.157000 0.585348
v -0.784459 0.157000 0.585348
v -0.819389 0.157000 0.788912
v -0.778730 0.157000 0.777944
v -0.784459 0.157000 0.585348
v -0.778730 0.157000 0.777944
v -0.743230 0.157000 0.593839
v -0.743230 0.157000 0.593839
v -0.778730 0.157000 0.777944
v -0.737422 0.157000 0.769862
v -0.743230 0.157000 0.593839
v -0.737422 0.157000 0.769862
v -0.701524 0.157000 0.599411
v -0.701524 0.157000 0.599411
v -0.737422 0.157000 0.769862
v -0.695666 0.157000 0.764698
v -0.701524 0.157000 0.599411
v -0.695666 0.157000 0.764698
v -0.659541 0.157000 0.602041
v -0.659541 0.157000 0.602041
v -0.695666 0.157000 0.764698
v -0.653659 0.157000 0.762480
v -0.659541 0.157000 0.602041
v -0.653659 0.157000 0.762480
v -0.617478 0.157000 0.601717
v -0.617478 0.157000 0.601717
v -0.653659 0.157000 0.762480
v -0.611602 0.157000 0.763221
v -0.617478 0.157000 0.601717
v -0.611602 0.157000 0.763221
v -0.575539 0.157000 0.598434
v -0.575539 0.157000 0.598434
v -0.611602 0.157000 0.763221
v -0.569694 0.157000 0.766912
v -0.575539 0.157000 0.598434
v -0.569694 0.157000 0.766912
v -0.533921 0.157000 0.592218
v -0.533921 0.157000 0.592218
v -0.569694 0.157000 0.766912
v -0.528138 0.157000 0.773541
v -0.533921 0.157000 0.592218
v -0.528138 0.157000 0.773541
v -0.492823 0.157000 0.583090
v -0.492823 0.157000 0.583090
v -0.528138 0.157000 0.773541
v -0.487129 0.157000 0.783072
v -0.492823 0.157000 0.583090
v -0.487129 0.157000 0.783072
v -0.452442 0.157000 0.571097
v -0.452442 0.157000 0.571097
v -0.487129 0.157000 0.783072
v -0.446864 0.157000 0.795461
v -0.452442 0.157000 0.571097
v -0.446864 0.157000 0.795461
v -0.412970 0.157000 0.556294
v -0.412970 0.157000 0.556294
v -0.446864 0.157000 0.795461
v -0.407534 0.157000 0.810649
v -0.412970 0.157000 0.556294
v -0.407534 0.157000 0.810649
v -0.374595 0.157000 0.538756
v -0.374595 0.157000 0.538756
v -0.407534 0.157000 0.810649
v -0.369326 0.157000 0.828571
v -0.374595 0.157000 0.538756
v -0.369326 0.157000 0.828571
v -0.337500 0.157000 0.518561
v -0.337500 0.157000 0.518561
v -0.369326 0.157000 0.828571
v -0.332424 0.157000 0.849125
v -0.337500 0.157000 0.518561
v -0.332424 0.157000 0.849125
v -0.301860 0.157000 0.495811
v -0.301860 0.157000 0.495811
v -0.332424 0.157000 0.849125
v -0.297002 0.157000 0.872223
v -0.301860 0.157000 0.495811
v -0.297002 0.157000 0.872223
v -0.267848 0.157000 0.470608
v -0.267848 0.157000 0.470608
v -0.297002 0.157000 0.872223
v -0.263230 0.157000 0.897754
v -0.267848 0.157000 0.470608
v -0.263230 0.157000 0.897754
v 0.262847 0.157000 0.465091
v 0.262847 0.157000 0.465091
v -0.263230 0.157000 0.897754
v 0.276516 0.157000 0.888681
v 0.262847 0.157000 0.465091
v 0.276516 0.157000 0.888681
v 0.296502 0.157000 0.490788
v 0.296502 0.157000 0.490788
v 0.276516 0.157000 0.888681
v 0.310874 0.157000 0.863966
v 0.296502 0.157000 0.490788
v 0.310874 0.157000 0.863966
v 0.331819 0.157000 0.514053
v 0.331819 0.157000 0.514053
v 0.310874 0.157000 0.863966
v 0.346824 0.157000 0.841740
v 0.331819 0.157000 0.514053
v 0.346824 0.157000 0.841740
v 0.368627 0.157000 0.534786
v 0.368627 0.157000 0.534786
v 0.346824 0.157000 0.841740
v 0.384198 0.157000 0.822082
v 0.368627 0.157000 0.534786
v 0.384198 0.157000 0.822082
v 0.406751 0.157000 0.552883
v 0.406751 0.157000 0.552883
v 0.384198 0.157000 0.822082
v 0.422814 0.157000 0.805097
v 0.406751 0.157000 0.552883
v 0.422814 0.157000 0.805097
v 0.446012 0.157000 0.568259
v 0.446012 0.157000 0.568259
v 0.422814 0.157000 0.805097
v 0.462487 0.157000 0.790866
v 0.446012 0.157000 0.568259
v 0.462487 0.157000 0.790866
v 0.486220 0.157000 0.580836
v 0.486220 0.157000 0.580836
v 0.462487 0.157000 0.790866
v 0.503033 0.157000 0.779457
v 0.486220 0.157000 0.580836
v 0.503033 0.157000 0.779457
v 0.527182 0.157000 0.590564
v 0.527182 0.157000 0.590564
v 0.503033 0.157000 0.779457
v 0.544251 0.157000 0.770923
v 0.527182 0.157000 0.590564
v 0.544251 0.157000 0.770923
v 0.568711 0.157000 0.597385
v 0.568711 0.157000 0.597385
v 0.544251 0.157000 0.770923
v 0.585953 0.157000 0.765306
v 0.568711 0.157000 0.597385
v 0.585953 0.157000 0.765306
v 0.610601 0.157000 0.601276
v 0.610601 0.157000 0.601276
v 0.585953 0.157000 0.765306
v 0.627933 0.157000 0.762632
v 0.610601 0.157000 0.601276
v 0.627933 0.157000 0.762632
v 0.652653 0.157000 0.602217
v 0.652653 0.157000 0.602217
v 0.627933 0.157000 0.762632
v 0.669997 0.157000 0.762912
v 0.652653 0.157000 0.602217
v 0.669997 0.157000 0.762912
v 0.694669 0.157000 0.600199
v 0.694669 0.157000 0.600199
v 0.669997 0.157000 0.762912
v 0.711939 0.157000 0.766147
v 0.694669 0.157000 0.600199
v 0.711939 0.157000 0.766147
v 0.736449 0.157000 0.595232
v 0.736449 0.157000 0.595232
v 0.711939 0.157000 0.766147
v 0.753562 0.157000 0.772324
v 0.736449 0.157000 0.595232
v 0.753562 0.157000 0.772324
v 0.777793 0.157000 0.587346
v 0.777793 0.157000 0.587346
v 0.753562 0.157000 0.772324
v 0.794670 0.157000 0.781407
v 0.777793 0.157000 0.587346
v 0.794670 0.157000 0.781407
v 0.818501 0.157000 0.576570
v 0.818501 0.157000 0.576570
v 0.794670 0.157000 0.781407
v 0.835063 0.157000 0.793356
v 0.818501 0.157000 0.576570
v 0.835063 0.157000 0.793356
v 0.858383 0.157000 0.562963
v 0.858383 0.157000 0.562963
v 0.835063 0.157000 0.793356
v 0.874553 0.157000 0.808113
v 0.858383 0.157000 0.562963
v 0.874553 0.157000 0.808113
v 0.897252 0.157000 0.546583
v 0.897252 0.157000 0.546583
v 0.874553 0.157000 0.808113
v 0.912942 0.157000 0.825611
v 0.897252 0.157000 0.546583
v 0.912942 0.157000 0.825611
v 0.934919 0.157000 0.527511
v 0.934919 0.157000 0.527511
v 0.912942 0.157000 0.825611
v 0.950059 0.157000 0.845765
v 0.934919 0.157000 0.527511
v 0.950059 0.157000 0.845765
v 0.971202 0.157000 0.505843
v 0.971202 0.157000 0.505843
v 0.950059 0.157000 0.845765
v 0.985722 0.157000 0.868479
v 0.971202 0.157000 0.505843
v 0.985722 0.157000 0.868479
v 1.005931 0.157000 0.481676
v 1.005931 0.157000 0.481676
v 0.985722 0.157000 0.868479
v 1.019759 0.157000 0.893641
v 1.005931 0.157000 0.481676
v 1.019759 0.157000 0.893641
v 1.038938 0.157000 0.455124
v 1.038938 0.157000 0.455124
v 1.019759 0.157000 0.893641
v 1.536950 0.157000 0.453254
v 1.038938 0.157000 0.455124
v 1.536950 0.157000 0.453254
v 1.070068 0.157000 0.426322
v 1.070068 0.157000 0.426322
v 1.536950 0.157000 0.453254
v 1.505953 0.157000 0.424300
v 1.070068 0.157000 0.426322
v 1.505953 0.157000 0.424300
v 1.099170 0.157000 0.395394
v 1.099170 0.157000 0.395394
v 1.505953 0.157000 0.424300
v 1.476992 0.157000 0.393240
v 1.099170 0.157000 0.395394
v 1.476992 0.157000 0.393240
v 1.126112 0.157000 0.362501
v 1.126112 0.157000 0.362501
v 1.476992 0.157000 0.393240
v 1.450200 0.157000 0.360219
v 1.126112 0.157000 0.362501
v 1.450200 0.157000 0.360219
v 1.150760 0.157000 0.327790
v 1.150760 0.157000 0.327790
v 1.450200 0.157000 0.360219
v 1.425709 0.157000 0.325393
v 1.150760 0.157000 0.327790
v 1.425709 0.157000 0.325393
v 1.173003 0.157000 0.291434
v 1.173003 0.157000 0.291434
v 1.425709 0.157000 0.325393
v 1.403639 0.157000 0.288928
v 1.173003 0.157000 0.291434
v 1.403639 0.157000 0.288928
v 1.192716 0.157000 0.253601
v 1.192716 0.157000 0.253601
v 1.403639 0.157000 0.288928
v 1.384091 0.157000 0.251003
v 1.192716 0.157000 0.253601
v 1.384091 0.157000 0.251003
v 1.209829 0.157000 0.214471
v 1.209829 0.157000 0.214471
v 1.384091 0.157000 0.251003
v 1.367159 0.157000 0.211793
v 1.209829 0.157000 0.214471
v 1.367159 0.157000 0.211793
v 1.224254 0.157000 0.174232
v 1.224254 0.157000 0.174232
v 1.367159 0.157000 0.211793
v 1.352929 0.157000 0.171490
v 1.224254 0.157000 0.174232
v 1.352929 0.157000 0.171490
v 1.235906 0.157000 0.133077
v 1.235906 0.157000 0.133077
v 1.352929 0.157000 0.171490
v 1.341458 0.157000 0.130278
v 1.235906 0.157000 0.133077
v 1.341458 0.157000 0.130278
v 1.244746 0.157000 0.091200
v 1.244746 0.157000 0.091200
v 1.341458 0.157000 0.130278
v 1.332800 0.157000 0.088362
v 1.244746 0.157000 0.091200
v 1.332800 0.157000 0.088362
v 1.250733 0.157000 0.048803
v 1.250733 0.157000 0.048803
v 1.332800 0.157000 0.088362
v 1.327009 0.157000 0.045937
v 1.250733 0.157000 0.048803
v 1.327009 0.157000 0.045937
v 1.253829 0.157000 0.006087
v 1.253829 0.157000 0.006087
v 1.327009 0.157000 0.045937
v 1.324110 0.157000 0.003204
v 1.253829 0.157000 0.006087
v 1.324110 0.157000 0.003204
v 1.254025 0.157000 -0.036746
v 1.254025 0.157000 -0.036746
v 1.324110 0.157000 0.003204
v 1.324110 0.157000 -0.039629
v 1.254025 0.157000 -0.036746
v 1.324110 0.157000 -0.039629
v 1.251322 0.157000 -0.079487
v 1.251322 0.157000 -0.079487
v 1.324110 0.157000 -0.039629
v 1.327009 0.157000 -0.082358
v 1.251322 0.157000 -0.079487
v 1.327009 0.157000 -0.082358
v 1.245720 0.157000 -0.121940
v 1.245720 0.157000 -0.121940
v 1.327009 0.157000 -0.082358
v 1.332800 0.157000 -0.124786
v 1.245720 0.157000 -0.121940
v 1.332800 0.157000 -0.124786
v 1.237266 0.157000 -0.163900
v 1.237266 0.157000 -0.163900
v 1.332800 0.157000 -0.124786
v 1.341458 0.157000 -0.166702
v 1.237266 0.157000 -0.163900
v 1.341458 0.157000 -0.166702
v 1.225983 0.157000 -0.205164
v 1.225983 0.157000 -0.205164
v 1.341458 0.157000 -0.166702
v 1.352929 0.157000 -0.207910
v 1.225983 0.157000 -0.205164
v 1.352929 0.157000 -0.207910
v 1.211935 0.157000 -0.245535
v 1.211935 0.157000 -0.245535
v 1.352929 0.157000 -0.207910
v 1.367159 0.157000 -0.248217
v 1.211935 0.157000 -0.245535
v 1.367159 0.157000 -0.248217
v 1.195183 0.157000 -0.284825
v 1.195183 0.157000 -0.284825
v 1.367159 0.157000 -0.248217
v 1.384091 0.157000 -0.287427
v 1.195183 0.157000 -0.284825
v 1.384091 0.157000 -0.287427
v 1.175800 0.157000 -0.322843
v 1.175800 0.157000 -0.322843
v 1.384091 0.157000 -0.287427
v 1.403639 0.157000 -0.325353
v 1.175800 0.157000 -0.322843
v 1.403639 0.157000 -0.325353
v 1.153902 0.157000 -0.359410
v 1.153902 0.157000 -0.359410
v 1.403639 0.157000 -0.325353
v 1.425709 0.157000 -0.361816
v 1.153902 0.157000 -0.359410
v 1.425709 0.157000 -0.361816
v 1.129569 0.157000 -0.394349
v 1.129569 0.157000 -0.394349
v 1.425709 0.157000 -0.361816
v 1.450200 0.157000 -0.396643
v 1.129569 0.157000 -0.394349
v 1.450200 0.157000 -0.396643
v 1.102934 0.157000 -0.427499
v 1.102934 0.157000 -0.427499
v 1.450200 0.157000 -0.396643
v 1.476992 0.157000 -0.429665
v 1.102934 0.157000 -0.427499
v 1.476992 0.157000 -0.429665
v 1.074114 0.157000 -0.458699
v 1.074114 0.157000 -0.458699
v 1.476992 0.157000 -0.429665
v 1.505953 0.157000 -0.460724
v 1.074114 0.157000 -0.458699
v 1.505953 0.157000 -0.460724
v 1.043244 0.157000 -0.487798
v 1.043244 0.157000 -0.487798
v 1.505953 0.157000 -0.460724
v 1.536950 0.157000 -0.489679
v 1.043244 0.157000 -0.487798
v 1.536950 0.157000 -0.489679
v 1.010480 0.157000 -0.514658
v 1.010480 0.157000 -0.514658
v 1.536950 0.157000 -0.489679
v 1.560686 0.157000 -0.928173
v 1.010480 0.157000 -0.514658
v 1.560686 0.157000 -0.928173
v 1.029117 0.157000 -0.937654
v 1.029117 0.157000 -0.937654
v 1.560686 0.157000 -0.928173
v 1.528291 0.157000 -0.955512
v 1.029117 0.157000 -0.937654
v 1.528291 0.157000 -0.955512
v 1.060836 0.157000 -0.965793
v 1.060836 0.157000 -0.965793
v 1.528291 0.157000 -0.955512
v 1.497837 0.157000 -0.985050
v 1.060836 0.157000 -0.965793
v 1.497837 0.157000 -0.985050
v 1.090567 0.157000 -0.996084
v 1.090567 0.157000 -0.996084
v 1.497837 0.157000 -0.985050
v 1.469450 0.157000 -1.016662
v 1.090567 0.157000 -0.996084
v 1.469450 0.157000 -1.016662
v 1.118176 0.157000 -1.028399
v 1.118176 0.157000 -1.028399
v 1.469450 0.157000 -1.016662
v 1.443278 0.157000 -1.050201
v 1.118176 0.157000 -1.028399
v 1.443278 0.157000 -1.050201
v 1.143531 0.157000 -1.062578
v 1.143531 0.157000 -1.062578
v 1.443278 0.157000 -1.050201
v 1.419439 0.157000 -1.085492
v 1.143531 0.157000 -1.062578
v 1.419439 0.157000 -1.085492
v 1.166513 0.157000 -1.098454
v 1.166513 0.157000 -1.098454
v 1.419439 0.157000 -1.085492
v 1.398045 0.157000 -1.122376
v 1.166513 0.157000 -1.098454
v 1.398045 0.157000 -1.122376
v 1.187004 0.157000 -1.135858
v 1.187004 0.157000 -1.135858
v 1.398045 0.157000 -1.122376
v 1.379196 0.157000 -1.160668
v 1.187004 0.157000 -1.135858
v 1.379196 0.157000 -1.160668
v 1.204918 0.157000 -1.174613
v 1.204918 0.157000 -1.174613
v 1.379196 0.157000 -1.160668
v 1.362994 0.157000 -1.200200
v 1.204918 0.157000 -1.174613
v 1.362994 0.157000 -1.200200
v 1.220161 0.157000 -1.214530
v 1.220161 0.157000 -1.214530
v 1.362994 0.157000 -1.200200
v 1.349512 0.157000 -1.240780
v 1.220161 0.157000 -1.214530
v 1.349512 0.157000 -1.240780
v 1.232669 0.157000 -1.255430
v 1.232669 0.157000 -1.255430
v 1.349512 0.157000 -1.240780
v 1.338803 0.157000 -1.282200
v 1.232669 0.157000 -1.255430
v 1.338803 0.157000 -1.282200
v 1.242365 0.157000 -1.297106
v 1.242365 0.157000 -1.297106
v 1.338803 0.157000 -1.282200
v 1.330938 0.157000 -1.324284
v 1.242365 0.157000 -1.297106
v 1.330938 0.157000 -1.324284
v 1.249224 0.157000 -1.339366
v 1.249224 0.157000 -1.339366
v 1.330938 0.157000 -1.324284
v 1.325933 0.157000 -1.366817
v 1.249224 0.157000 -1.339366
v 1.325933 0.157000 -1.366817
v 1.253200 0.157000 -1.382010
v 1.253200 0.157000 -1.382010
v 1.325933 0.157000 -1.366817
v 1.323827 0.157000 -1.409597
v 1.253200 0.157000 -1.382010
v 1.323827 0.157000 -1.409597
v 1.254276 0.157000 -1.424830
v 1.254276 0.157000 -1.424830
v 1.323827 0.157000 -1.409597
v 1.324620 0.157000 -1.452425
v 1.254276 0.157000 -1.424830
v 1.324620 0.157000 -1.452425
v 1.252446 0.157000 -1.467619
v 1.252446 0.157000 -1.467619
v 1.324620 0.157000 -1.452425
v 1.328313 0.157000 -1.495093
v 1.252446 0.157000 -1.467619
v 1.328313 0.157000 -1.495093
v 1.247724 0.157000 -1.510183
v 1.247724 0.157000 -1.510183
v 1.328313 0.157000 -1.495093
v 1.334890 0.157000 -1.537402
v 1.247724 0.157000 -1.510183
v 1.334890 0.157000 -1.537402
v 1.240126 0.157000 -1.552315
v 1.240126 0.157000 -1.552315
v 1.334890 0.157000 -1.537402
v 1.344318 0.157000 -1.579150
v 1.240126 0.157000 -1.552315
v 1.344318 0.157000 -1.579150
v 1.229699 0.157000 -1.593807
v 1.229699 0.157000 -1.593807
v 1.344318 0.157000 -1.579150
v 1.356552 0.157000 -1.620130
v 1.229699 0.157000 -1.593807
v 1.356552 0.157000 -1.620130
v 1.216484 0.157000 -1.634467
v 1.216484 0.157000 -1.634467
v 1.356552 0.157000 -1.620130
v 1.371535 0.157000 -1.660158
v 1.216484 0.157000 -1.634467
v 1.371535 0.157000 -1.660158
v 1.200542 0.157000 -1.674111
v 1.200542 0.157000 -1.674111
v 1.371535 0.157000 -1.660158
v 1.389198 0.157000 -1.699042
v 1.200542 0.157000 -1.674111
v 1.389198 0.157000 -1.699042
v 1.181952 0.157000 -1.712531
v 1.181952 0.157000 -1.712531
v 1.389198 0.157000 -1.699042
v 1.409445 0.157000 -1.736582
v 1.181952 0.157000 -1.712531
v 1.409445 0.157000 -1.736582
v 1.160809 0.157000 -1.749559
v 1.160809 0.157000 -1.749559
v 1.409445 0.157000 -1.736582
v 1.432191 0.157000 -1.772617
v 1.160809 0.157000 -1.749559
v 1.432191 0.157000 -1.772617
v 1.137198 0.157000 -1.785010
v 1.137198 0.157000 -1.785010
v 1.432191 0.157000 -1.772617
v 1.457326 0.157000 -1.806965
v 1.137198 0.157000 -1.785010
v 1.457326 0.157000 -1.806965
v 1.111247 0.157000 -1.818718
v 1.111247 0.157000 -1.818718
v 1.457326 0.157000 -1.806965
v 1.484724 0.157000 -1.839464
v 1.111247 0.157000 -1.818718
v 1.484724 0.157000 -1.839464
v 1.083079 0.157000 -1.850529
v 1.083079 0.157000 -1.850529
v 1.484724 0.157000 -1.839464
v 1.514266 0.157000 -1.869963
v 1.083079 0.157000 -1.850529
v 1.514266 0.157000 -1.869963
v 1.052814 0.157000 -1.880276
v 1.052814 0.157000 -1.880276
v 1.514266 0.157000 -1.869963
v 1.545797 0.157000 -1.898318
v 1.052814 0.157000 -1.880276
v 1.545797 0.157000 -1.898318
v 1.020615 0.157000 -1.907831
v 1.020615 0.157000 -1.907831
v 1.545797 0.157000 -1.898318
v 1.579181 0.157000 -1.924384
v 1.020615 0.157000 -1.907831
v 1.579181 0.157000 -1.924384
v 0.986618 0.157000 -1.933057
v 0.986618 0.157000 -1.933057
v 1.579181 0.157000 -1.924384
v 1.614247 0.157000 -1.948051
v 0.986618 0.157000 -1.933057
v 1.614247 0.157000 -1.948051
v 0.950994 0.157000 -1.955836
v 0.950994 0.157000 -1.955836
v 1.614247 0.157000 -1.948051
v 1.650830 0.157000 -1.969189
v 0.950994 0.157000 -1.955836
v 1.650830 0.157000 -1.969189
v 0.913917 0.157000 -1.976062
v 0.913917 0.157000 -1.976062
v 1.650830 0.157000 -1.969189
v 1.688763 0.157000 -1.987711
v 0.913917 0.157000 -1.976062
v 1.688763 0.157000 -1.987711
v 0.875551 0.157000 -1.993623
v 0.875551 0.157000 -1.993623
v 1.688763 0.157000 -1.987711
v 1.727860 0.157000 -2.003512
v 0.875551 0.157000 -1.993623
v 1.727860 0.157000 -2.003512
v 0.836085 0.157000 -2.008457
v 0.836085 0.157000 -2.008457
v 1.727860 0.157000 -2.003512
v 1.767931 0.157000 -2.016546
v 0.836085 0.157000 -2.008457
v 1.767931 0.157000 -2.016546
v 0.795715 0.157000 -2.020474
v 0.795715 0.157000 -2.020474
v 1.767931 0.157000 -2.016546
v 1.808796 0.157000 -2.026723
v 0.795715 0.157000 -2.020474
v 1.808796 0.157000 -2.026723
v 0.754627 0.157000 -2.029635
v 0.754627 0.157000 -2.029635
v 1.808796 0.157000 -2.026723
v 1.850250 0.157000 -2.034003
v 0.754627 0.157000 -2.029635
v 1.850250 0.157000 -2.034003
v 2.533805 0.157000 -2.241728
v 2.533805 0.157000 -2.241728
v 1.850250 0.157000 -2.034003
v 1.892096 0.157000 -2.038364
v 2.533805 0.157000 -2.241728
v 1.892096 0.157000 -2.038364
v 1.934139 0.157000 -2.039764
v -1.006378 0.157000 0.884696
v -1.547855 0.157000 0.900610
v -1.039268 0.157000 0.911395
v -1.039268 0.157000 0.911395
v -1.547855 0.157000 0.900610
v -1.516089 0.157000 0.928693
v -1.039268 0.157000 0.911395
v -1.516089 0.157000 0.928693
v -1.070264 0.157000 0.940350
v -1.070264 0.157000 0.940350
v -1.516089 0.157000 0.928693
v -1.486303 0.157000 0.958944
v -1.070264 0.157000 0.940350
v -1.486303 0.157000 0.958944
v -1.099233 0.157000 0.971409
v -1.099233 0.157000 0.971409
v -1.486303 0.157000 0.958944
v -1.458638 0.157000 0.991227
v -1.099233 0.157000 0.971409
v -1.458638 0.157000 0.991227
v -1.126018 0.157000 1.004436
v -1.126018 0.157000 1.004436
v -1.458638 0.157000 0.991227
v -1.433229 0.157000 1.025358
v -1.126018 0.157000 1.004436
v -1.433229 0.157000 1.025358
v -1.150508 0.157000 1.039264
v -1.150508 0.157000 1.039264
v -1.433229 0.157000 1.025358
v -1.410192 0.157000 1.061210
v -1.150508 0.157000 1.039264
v -1.410192 0.157000 1.061210
v -1.172579 0.157000 1.075724
v -1.172579 0.157000 1.075724
v -1.410192 0.157000 1.061210
v -1.389638 0.157000 1.098590
v -1.172579 0.157000 1.075724
v -1.389638 0.157000 1.098590
v -1.192127 0.157000 1.113647
v -1.192127 0.157000 1.113647
v -1.389638 0.157000 1.098590
v -1.371669 0.157000 1.137322
v -1.192127 0.157000 1.113647
v -1.371669 0.157000 1.137322
v -1.209059 0.157000 1.152859
v -1.209059 0.157000 1.152859
v -1.371669 0.157000 1.137322
v -1.356355 0.157000 1.177230
v -1.209059 0.157000 1.152859
v -1.356355 0.157000 1.177230
v -1.223296 0.157000 1.193167
v -1.223296 0.157000 1.193167
v -1.356355 0.157000 1.177230
v -1.343792 0.157000 1.218114
v -1.223296 0.157000 1.193167
v -1.343792 0.157000 1.218114
v -1.234759 0.157000 1.234371
v -1.234759 0.157000 1.234371
v -1.343792 0.157000 1.218114
v -1.334025 0.157000 1.259782
v -1.234759 0.157000 1.234371
v -1.334025 0.157000 1.259782
v -1.243418 0.157000 1.276288
v -1.243418 0.157000 1.276288
v -1.334025 0.157000 1.259782
v -1.327111 0.157000 1.302034
v -1.243418 0.157000 1.276288
v -1.327111 0.157000 1.302034
v -1.249209 0.157000 1.318724
v -1.249209 0.157000 1.318724
v -1.327111 0.157000 1.302034
v -1.323073 0.157000 1.344679
v -1.249209 0.157000 1.318724
v -1.323073 0.157000 1.344679
v -1.252108 0.157000 1.361448
v -1.252108 0.157000 1.361448
v -1.323073 0.157000 1.344679
v -1.321933 0.157000 1.387499
v -1.252108 0.157000 1.361448
v -1.321933 0.157000 1.387499
v -1.252108 0.157000 1.404284
v -1.252108 0.157000 1.404284
v -1.321933 0.157000 1.387499
v -1.323709 0.157000 1.430303
v -1.252108 0.157000 1.404284
v -1.323709 0.157000 1.430303
v -1.249209 0.157000 1.447017
v -1.249209 0.157000 1.447017
v -1.323709 0.157000 1.430303
v -1.328368 0.157000 1.472875
v -1.249209 0.157000 1.447017
v -1.328368 0.157000 1.472875
v -1.243418 0.157000 1.489437
v -1.243418 0.157000 1.489437
v -1.328368 0.157000 1.472875
v -1.335903 0.157000 1.515023
v -1.243418 0.157000 1.489437
v -1.335903 0.157000 1.515023
v -1.234759 0.157000 1.531353
v -1.234759 0.157000 1.531353
v -1.335903 0.157000 1.515023
v -1.346274 0.157000 1.556540
v -1.234759 0.157000 1.531353
v -1.346274 0.157000 1.556540
v -1.223296 0.157000 1.572565
v -1.223296 0.157000 1.572565
v -1.346274 0.157000 1.556540
v -1.359443 0.157000 1.597232
v -1.223296 0.157000 1.572565
v -1.359443 0.157000 1.597232
v -1.209059 0.157000 1.612873
v -1.209059 0.157000 1.612873
v -1.359443 0.157000 1.597232
v -1.375330 0.157000 1.636900
v -1.209059 0.157000 1.612873
v -1.375330 0.157000 1.636900
v -1.192127 0.157000 1.652077
v -1.192127 0.157000 1.652077
v -1.375330 0.157000 1.636900
v -1.393865 0.157000 1.675352
v -1.192127 0.157000 1.652077
v -1.393865 0.157000 1.675352
v -1.172579 0.157000 1.690009
v -1.172579 0.157000 1.690009
v -1.393865 0.157000 1.675352
v -1.414969 0.157000 1.712411
v -1.172579 0.157000 1.690009
v -1.414969 0.157000 1.712411
v -1.150508 0.157000 1.726469
v -1.150508 0.157000 1.726469
v -1.414969 0.157000 1.712411
v -1.438532 0.157000 1.747903
v -1.150508 0.157000 1.726469
v -1.438532 0.157000 1.747903
v -1.126018 0.157000 1.761296
v -1.126018 0.157000 1.761296
v -1.438532 0.157000 1.747903
v -1.464445 0.157000 1.781658
v -1.126018 0.157000 1.761296
v -1.464445 0.157000 1.781658
v -1.099233 0.157000 1.794315
v -1.099233 0.157000 1.794315
v -1.464445 0.157000 1.781658
v -1.492573 0.157000 1.813501
v -1.099233 0.157000 1.794315
v -1.492573 0.157000 1.813501
v -1.070264 0.157000 1.825383
v -1.070264 0.157000 1.825383
v -1.492573 0.157000 1.813501
v -1.522799 0.157000 1.843304
v -1.070264 0.157000 1.825383
v -1.522799 0.157000 1.843304
v -1.039268 0.157000 1.854329
v -1.039268 0.157000 1.854329
v -1.522799 0.157000 1.843304
v -1.554974 0.157000 1.870907
v -1.039268 0.157000 1.854329
v -1.554974 0.157000 1.870907
v -1.006378 0.157000 1.881036
v -1.006378 0.157000 1.881036
v -1.554974 0.157000 1.870907
v -1.588948 0.157000 1.896182
v -1.006378 0.157000 1.881036
v -1.588948 0.157000 1.896182
v -0.971768 0.157000 1.905375
v -0.971768 0.157000 1.905375
v -1.588948 0.157000 1.896182
v -1.624540 0.157000 1.919008
v -0.971768 0.157000 1.905375
v -1.624540 0.157000 1.919008
v -0.935579 0.157000 1.927209
v -0.935579 0.157000 1.927209
v -1.624540 0.157000 1.919008
v -1.661602 0.157000 1.939282
v -0.935579 0.157000 1.927209
v -1.661602 0.157000 1.939282
v -0.898006 0.157000 1.946459
v -0.898006 0.157000 1.946459
v -1.661602 0.157000 1.939282
v -1.699952 0.157000 1.956900
v -0.898006 0.157000 1.946459
v -1.699952 0.157000 1.956900
v -0.859216 0.157000 1.963020
v -0.859216 0.157000 1.963020
v -1.699952 0.157000 1.956900
v -1.739394 0.157000 1.971789
v -0.859216 0.157000 1.963020
v -1.739394 0.157000 1.971789
v -0.819389 0.157000 1.976822
v -0.819389 0.157000 1.976822
v -1.739394 0.157000 1.971789
v -1.779764 0.157000 1.983862
v -0.819389 0.157000 1.976822
v -1.779764 0.157000 1.983862
v -0.778730 0.157000 1.987783
v -0.778730 0.157000 1.987783
v -1.779764 0.157000 1.983862
v -1.820848 0.157000 1.993071
v -0.778730 0.157000 1.987783
v -1.820848 0.157000 1.993071
v -0.737422 0.157000 1.995872
v -0.737422 0.157000 1.995872
v -1.820848 0.157000 1.993071
v -2.594564 0.157000 2.241720
v -0.737422 0.157000 1.995872
v -2.594564 0.157000 2.241720
v -0.695666 0.157000 2.001032
v -0.695666 0.157000 2.001032
v -2.594564 0.157000 2.241720
v -0.653659 0.157000 2.003248
v -0.653659 0.157000 2.003248
v -2.594564 0.157000 2.241720
v -0.611602 0.157000 2.002512
v -0.611602 0.157000 2.002512
v -2.594564 0.157000 2.241720
v 2.533805 0.157000 2.241720
v -0.611602 0.157000 2.002512
v 2.533805 0.157000 2.241720
v 0.598942 0.157000 2.001568
v 0.598942 0.157000 2.001568
v 2.533805 0.157000 2.241720
v 0.640970 0.157000 2.003328
v 0.640970 0.157000 2.003328
v 2.533805 0.157000 2.241720
v 0.683018 0.157000 2.002136
v 0.683018 0.157000 2.002136
v 2.533805 0.157000 2.241720
v 0.724880 0.157000 1.997984
v 0.724880 0.157000 1.997984
v 2.533805 0.157000 2.241720
v 0.766365 0.157000 1.990903
v 0.766365 0.157000 1.990903
v 2.533805 0.157000 2.241720
v 1.821013 0.157000 1.992759
v 0.766365 0.157000 1.990903
v 1.821013 0.157000 1.992759
v 1.779968 0.157000 1.983438
v -1.820848 0.157000 1.993071
v -1.862459 0.157000 1.999376
v -2.594564 0.157000 2.241720
v -2.594564 0.157000 2.241720
v -1.862459 0.157000 1.999376
v -1.904400 0.157000 2.002744
v -2.594564 0.157000 2.241720
v -1.904400 0.157000 2.002744
v -1.946467 0.157000 2.003152
v -1.946467 0.157000 2.003152
v -1.988463 0.157000 2.000600
v -2.594564 0.157000 2.241720
v -2.594564 0.157000 2.241720
v -1.988463 0.157000 2.000600
v -2.030184 0.157000 1.995111
v -2.594564 0.157000 2.241720
v -2.030184 0.157000 1.995111
v -2.071441 0.157000 1.986695
v -2.071441 0.157000 1.986695
v -2.112023 0.157000 1.975406
v -2.594564 0.157000 2.241720
v -2.594564 0.157000 2.241720
v -2.112023 0.157000 1.975406
v -2.151740 0.157000 1.961292
v -2.594564 0.157000 2.241720
v -2.151740 0.157000 1.961292
v -2.190413 0.157000 1.944426
v -2.190413 0.157000 1.944426
v -2.227852 0.157000 1.924872
v -2.594564 0.157000 2.241720
v 2.190609 0.157000 1.945203
v 2.151905 0.157000 1.961948
v 2.533805 0.157000 2.241720
v 2.533805 0.157000 2.241720
v 2.151905 0.157000 1.961948
v 2.112156 0.157000 1.975942
v 2.533805 0.157000 2.241720
v 2.112156 0.157000 1.975942
v 2.071551 0.157000 1.987111
v 2.071551 0.157000 1.987111
v 2.030286 0.157000 1.995399
v 2.533805 0.157000 2.241720
v 2.533805 0.157000 2.241720
v 2.030286 0.157000 1.995399
v 1.988565 0.157000 2.000768
v 2.533805 0.157000 2.241720
v 1.988565 0.157000 2.000768
v 1.946569 0.157000 2.003192
v 1.946569 0.157000 2.003192
v 1.904518 0.157000 2.002664
v 2.533805 0.157000 2.241720
v 2.533805 0.157000 2.241720
v 1.904518 0.157000 2.002664
v 1.862601 0.157000 1.999176
v 2.533805 0.157000 2.241720
v 1.862601 0.157000 1.999176
v 1.821013 0.157000 1.992759
v 0.766365 0.157000 1.990903
v 1.779968 0.157000 1.983438
v 0.807273 0.157000 1.980926
v 0.807273 0.157000 1.980926
v 1.779968 0.157000 1.983438
v 1.739646 0.157000 1.971253
v 0.807273 0.157000 1.980926
v 1.739646 0.157000 1.971253
v 0.847407 0.157000 1.968101
v 0.847407 0.157000 1.968101
v 1.739646 0.157000 1.971253
v 1.700251 0.157000 1.956260
v 0.847407 0.157000 1.968101
v 1.700251 0.157000 1.956260
v 0.886574 0.157000 1.952483
v 0.886574 0.157000 1.952483
v 1.700251 0.157000 1.956260
v 1.661963 0.157000 1.938538
v 0.886574 0.157000 1.952483
v 1.661963 0.157000 1.938538
v 0.924594 0.157000 1.934153
v 0.924594 0.157000 1.934153
v 1.661963 0.157000 1.938538
v 1.624964 0.157000 1.918176
v 0.924594 0.157000 1.934153
v 1.624964 0.157000 1.918176
v 0.961279 0.157000 1.913191
v 0.961279 0.157000 1.913191
v 1.624964 0.157000 1.918176
v 1.589442 0.157000 1.895254
v 0.961279 0.157000 1.913191
v 1.589442 0.157000 1.895254
v 0.996455 0.157000 1.889709
v 0.996455 0.157000 1.889709
v 1.589442 0.157000 1.895254
v 1.555547 0.157000 1.869899
v 0.996455 0.157000 1.889709
v 1.555547 0.157000 1.869899
v 1.029958 0.157000 1.863810
v 1.029958 0.157000 1.863810
v 1.555547 0.157000 1.869899
v 1.523459 0.157000 1.842216
v 1.029958 0.157000 1.863810
v 1.523459 0.157000 1.842216
v 1.061621 0.157000 1.835616
v 1.061621 0.157000 1.835616
v 1.523459 0.157000 1.842216
v 1.493311 0.157000 1.812349
v 1.061621 0.157000 1.835616
v 1.493311 0.157000 1.812349
v 1.091305 0.157000 1.805269
v 1.091305 0.157000 1.805269
v 1.493311 0.157000 1.812349
v 1.465270 0.157000 1.780434
v 1.091305 0.157000 1.805269
v 1.465270 0.157000 1.780434
v 1.118860 0.157000 1.772897
v 1.118860 0.157000 1.772897
v 1.465270 0.157000 1.780434
v 1.439443 0.157000 1.746631
v 1.118860 0.157000 1.772897
v 1.439443 0.157000 1.746631
v 1.144152 0.157000 1.738678
v 1.144152 0.157000 1.738678
v 1.439443 0.157000 1.746631
v 1.415982 0.157000 1.711091
v 1.144152 0.157000 1.738678
v 1.415982 0.157000 1.711091
v 1.167071 0.157000 1.702762
v 1.167071 0.157000 1.702762
v 1.415982 0.157000 1.711091
v 1.394980 0.157000 1.673983
v 1.167071 0.157000 1.702762
v 1.394980 0.157000 1.673983
v 1.187499 0.157000 1.665318
v 1.187499 0.157000 1.665318
v 1.394980 0.157000 1.673983
v 1.376540 0.157000 1.635491
v 1.187499 0.157000 1.665318
v 1.376540 0.157000 1.635491
v 1.205343 0.157000 1.626531
v 1.205343 0.157000 1.626531
v 1.376540 0.157000 1.635491
v 1.360755 0.157000 1.595800
v 1.205343 0.157000 1.626531
v 1.360755 0.157000 1.595800
v 1.220522 0.157000 1.586583
v 1.220522 0.157000 1.586583
v 1.360755 0.157000 1.595800
v 1.347689 0.157000 1.555092
v 1.220522 0.157000 1.586583
v 1.347689 0.157000 1.555092
v 1.232952 0.157000 1.545667
v 1.232952 0.157000 1.545667
v 1.347689 0.157000 1.555092
v 1.337420 0.157000 1.513559
v 1.232952 0.157000 1.545667
v 1.337420 0.157000 1.513559
v 1.242577 0.157000 1.503974
v 1.242577 0.157000 1.503974
v 1.337420 0.157000 1.513559
v 1.329987 0.157000 1.471403
v 1.242577 0.157000 1.503974
v 1.329987 0.157000 1.471403
v 1.249358 0.157000 1.461698
v 1.249358 0.157000 1.461698
v 1.329987 0.157000 1.471403
v 1.325422 0.157000 1.428831
v 1.249358 0.157000 1.461698
v 1.325422 0.157000 1.428831
v 1.253263 0.157000 1.419046
v 1.253263 0.157000 1.419046
v 1.325422 0.157000 1.428831
v 1.323756 0.157000 1.386043
v 1.253263 0.157000 1.419046
v 1.323756 0.157000 1.386043
v 1.254261 0.157000 1.376226
v 1.254261 0.157000 1.376226
v 1.323756 0.157000 1.386043
v 1.324990 0.157000 1.343230
v 1.254261 0.157000 1.376226
v 1.324990 0.157000 1.343230
v 1.252359 0.157000 1.333437
v 1.252359 0.157000 1.333437
v 1.324990 0.157000 1.343230
v 1.329123 0.157000 1.300610
v 1.252359 0.157000 1.333437
v 1.329123 0.157000 1.300610
v 1.247566 0.157000 1.290889
v 1.247566 0.157000 1.290889
v 1.329123 0.157000 1.300610
v 1.336139 0.157000 1.258382
v 1.247566 0.157000 1.290889
v 1.336139 0.157000 1.258382
v 1.239898 0.157000 1.248773
v 1.239898 0.157000 1.248773
v 1.336139 0.157000 1.258382
v 1.345992 0.157000 1.216754
v 1.239898 0.157000 1.248773
v 1.345992 0.157000 1.216754
v 1.229393 0.157000 1.207297
v 1.229393 0.157000 1.207297
v 1.345992 0.157000 1.216754
v 1.358642 0.157000 1.175910
v 1.229393 0.157000 1.207297
v 1.358642 0.157000 1.175910
v 1.216107 0.157000 1.166653
v 1.216107 0.157000 1.166653
v 1.358642 0.157000 1.175910
v 1.374034 0.157000 1.136050
v 1.216107 0.157000 1.166653
v 1.374034 0.157000 1.136050
v 1.200094 0.157000 1.127041
v 1.200094 0.157000 1.127041
v 1.374034 0.157000 1.136050
v 1.392081 0.157000 1.097366
v 1.200094 0.157000 1.127041
v 1.392081 0.157000 1.097366
v 1.181441 0.157000 1.088653
v 1.181441 0.157000 1.088653
v 1.392081 0.157000 1.097366
v 1.412714 0.157000 1.060042
v 1.181441 0.157000 1.088653
v 1.412714 0.157000 1.060042
v 1.160235 0.157000 1.051665
v 1.160235 0.157000 1.051665
v 1.412714 0.157000 1.060042
v 1.435821 0.157000 1.024262
v 1.160235 0.157000 1.051665
v 1.435821 0.157000 1.024262
v 1.136562 0.157000 1.016254
v 1.136562 0.157000 1.016254
v 1.435821 0.157000 1.024262
v 1.461294 0.157000 0.990187
v 1.136562 0.157000 1.016254
v 1.461294 0.157000 0.990187
v 1.110555 0.157000 0.982594
v 1.110555 0.157000 0.982594
v 1.461294 0.157000 0.990187
v 1.489022 0.157000 0.957984
v 1.110555 0.157000 0.982594
v 1.489022 0.157000 0.957984
v 1.082325 0.157000 0.950839
v 1.082325 0.157000 0.950839
v 1.489022 0.157000 0.957984
v 1.518863 0.157000 0.927805
v 1.082325 0.157000 0.950839
v 1.518863 0.157000 0.927805
v 1.052012 0.157000 0.921140
v 1.052012 0.157000 0.921140
v 1.518863 0.157000 0.927805
v 1.550676 0.157000 0.899794
v 1.052012 0.157000 0.921140
v 1.550676 0.157000 0.899794
v 1.019759 0.157000 0.893641
v 1.019759 0.157000 0.893641
v 1.550676 0.157000 0.899794
v 1.569839 0.157000 0.479959
v 1.019759 0.157000 0.893641
v 1.569839 0.157000 0.479959
v 1.536950 0.157000 0.453254
v 1.550676 0.157000 0.899794
v 1.584312 0.157000 0.874079
v 1.569839 0.157000 0.479959
v 1.569839 0.157000 0.479959
v 1.584312 0.157000 0.874079
v 1.604449 0.157000 0.504294
v 1.604449 0.157000 0.504294
v 1.584312 0.157000 0.874079
v 1.619606 0.157000 0.850797
v 1.604449 0.157000 0.504294
v 1.619606 0.157000 0.850797
v 1.640639 0.157000 0.526134
v 1.640639 0.157000 0.526134
v 1.619606 0.157000 0.850797
v 1.656392 0.157000 0.830043
v 1.640639 0.157000 0.526134
v 1.656392 0.157000 0.830043
v 1.678211 0.157000 0.545381
v 1.678211 0.157000 0.545381
v 1.656392 0.157000 0.830043
v 1.694507 0.157000 0.811929
v 1.678211 0.157000 0.545381
v 1.694507 0.157000 0.811929
v 1.717010 0.157000 0.561946
v 1.717010 0.157000 0.561946
v 1.694507 0.157000 0.811929
v 1.733745 0.157000 0.796526
v 1.717010 0.157000 0.561946
v 1.733745 0.157000 0.796526
v 1.756829 0.157000 0.575741
v 1.756829 0.157000 0.575741
v 1.733745 0.157000 0.796526
v 1.773942 0.157000 0.783921
v 1.756829 0.157000 0.575741
v 1.773942 0.157000 0.783921
v 1.797489 0.157000 0.586709
v 1.797489 0.157000 0.586709
v 1.773942 0.157000 0.783921
v 1.814893 0.157000 0.774169
v 1.797489 0.157000 0.586709
v 1.814893 0.157000 0.774169
v 1.838794 0.157000 0.594791
v 1.838794 0.157000 0.594791
v 1.814893 0.157000 0.774169
v 1.856409 0.157000 0.767320
v 1.838794 0.157000 0.594791
v 1.856409 0.157000 0.767320
v 1.880554 0.157000 0.599955
v 1.880554 0.157000 0.599955
v 1.856409 0.157000 0.767320
v 1.898295 0.157000 0.763401
v 1.880554 0.157000 0.599955
v 1.898295 0.157000 0.763401
v 1.922558 0.157000 0.602173
v 1.922558 0.157000 0.602173
v 1.898295 0.157000 0.763401
v 1.940338 0.157000 0.762432
v 1.922558 0.157000 0.602173
v 1.940338 0.157000 0.762432
v 1.964617 0.157000 0.601432
v 1.964617 0.157000 0.601432
v 1.940338 0.157000 0.762432
v 1.982350 0.157000 0.764422
v 1.964617 0.157000 0.601432
v 1.982350 0.157000 0.764422
v 2.006526 0.157000 0.597741
v 2.006526 0.157000 0.597741
v 1.982350 0.157000 0.764422
v 2.024134 0.157000 0.769354
v 2.006526 0.157000 0.597741
v 2.024134 0.157000 0.769354
v 2.048082 0.157000 0.591113
v 2.048082 0.157000 0.591113
v 2.024134 0.157000 0.769354
v 2.065470 0.157000 0.777211
v 2.048082 0.157000 0.591113
v 2.065470 0.157000 0.777211
v 2.089088 0.157000 0.581581
v 2.089088 0.157000 0.581581
v 2.065470 0.157000 0.777211
v 2.106185 0.157000 0.787956
v 2.089088 0.157000 0.581581
v 2.106185 0.157000 0.787956
v 2.129355 0.157000 0.569191
v 2.129355 0.157000 0.569191
v 2.106185 0.157000 0.787956
v 2.146075 0.157000 0.801528
v 2.129355 0.157000 0.569191
v 2.146075 0.157000 0.801528
v 2.168680 0.157000 0.554004
v 2.168680 0.157000 0.554004
v 2.146075 0.157000 0.801528
v 2.184944 0.157000 0.817882
v 2.168680 0.157000 0.554004
v 2.184944 0.157000 0.817882
v 2.206889 0.157000 0.536090
v 2.206889 0.157000 0.536090
v 2.184944 0.157000 0.817882
v 2.222619 0.157000 0.836916
v 2.206889 0.157000 0.536090
v 2.222619 0.157000 0.836916
v 2.243794 0.157000 0.515531
v 2.243794 0.157000 0.515531
v 2.222619 0.157000 0.836916
v 2.258918 0.157000 0.858558
v 2.243794 0.157000 0.515531
v 2.258918 0.157000 0.858558
v 2.279213 0.157000 0.492432
v 2.279213 0.157000 0.492432
v 2.258918 0.157000 0.858558
v 2.293654 0.157000 0.882696
v 2.279213 0.157000 0.492432
v 2.293654 0.157000 0.882696
v 2.312991 0.157000 0.466897
v 2.312991 0.157000 0.466897
v 2.293654 0.157000 0.882696
v 2.326678 0.157000 0.909211
v 2.312991 0.157000 0.466897
v 2.326678 0.157000 0.909211
v 2.344953 0.157000 0.439051
v 2.344953 0.157000 0.439051
v 2.326678 0.157000 0.909211
v 2.357831 0.157000 0.937990
v 2.344953 0.157000 0.439051
v 2.357831 0.157000 0.937990
v 2.374951 0.157000 0.409024
v 2.374951 0.157000 0.409024
v 2.357831 0.157000 0.937990
v 2.386957 0.157000 0.968881
v 2.374951 0.157000 0.409024
v 2.386957 0.157000 0.968881
v 2.402844 0.157000 0.376964
v 2.402844 0.157000 0.376964
v 2.386957 0.157000 0.968881
v 2.413914 0.157000 1.001756
v 2.402844 0.157000 0.376964
v 2.413914 0.157000 1.001756
v 2.428497 0.157000 0.343022
v 2.428497 0.157000 0.343022
v 2.413914 0.157000 1.001756
v 2.438593 0.157000 1.036432
v 2.428497 0.157000 0.343022
v 2.438593 0.157000 1.036432
v 2.451793 0.157000 0.307354
v 2.451793 0.157000 0.307354
v 2.438593 0.157000 1.036432
v 2.460852 0.157000 1.072763
v 2.451793 0.157000 0.307354
v 2.460852 0.157000 1.072763
v 2.472615 0.157000 0.270137
v 2.472615 0.157000 0.270137
v 2.460852 0.157000 1.072763
v 2.480605 0.157000 1.110583
v 2.472615 0.157000 0.270137
v 2.480605 0.157000 1.110583
v 2.490859 0.157000 0.231548
v 2.490859 0.157000 0.231548
v 2.480605 0.157000 1.110583
v 2.497741 0.157000 1.149691
v 2.490859 0.157000 0.231548
v 2.497741 0.157000 1.149691
v 2.506455 0.157000 0.191766
v 2.506455 0.157000 0.191766
v 2.497741 0.157000 1.149691
v 2.512191 0.157000 1.189911
v 2.506455 0.157000 0.191766
v 2.512191 0.157000 1.189911
v 2.519317 0.157000 0.150982
v 2.519317 0.157000 0.150982
v 2.512191 0.157000 1.189911
v 2.523882 0.157000 1.231043
v 2.519317 0.157000 0.150982
v 2.523882 0.157000 1.231043
v 2.529382 0.157000 0.109394
v 2.529382 0.157000 0.109394
v 2.523882 0.157000 1.231043
v 2.532768 0.157000 1.272911
v 2.529382 0.157000 0.109394
v 2.532768 0.157000 1.272911
v 2.536602 0.157000 0.067197
v 2.536602 0.157000 0.067197
v 2.532768 0.157000 1.272911
v 2.538787 0.157000 1.315292
v 2.536602 0.157000 0.067197
v 2.538787 0.157000 1.315292
v 2.540955 0.157000 0.024597
v 2.540955 0.157000 0.024597
v 2.538787 0.157000 1.315292
v 2.541914 0.157000 1.358000
v 2.540955 0.157000 0.024597
v 2.541914 0.157000 1.358000
v 2.594564 0.157000 2.241720
v 2.594564 0.157000 2.241720
v 2.541914 0.157000 1.358000
v 2.542150 0.157000 1.400828
v 2.594564 0.157000 2.241720
v 2.542150 0.157000 1.400828
v 2.539486 0.157000 1.443568
v 2.539486 0.157000 1.443568
v 2.533931 0.157000 1.486021
v 2.594564 0.157000 2.241720
v 2.594564 0.157000 2.241720
v 2.533931 0.157000 1.486021
v 2.525508 0.157000 1.527985
v 2.594564 0.157000 2.241720
v 2.525508 0.157000 1.527985
v 2.514265 0.157000 1.569245
v 2.514265 0.157000 1.569245
v 2.500256 0.157000 1.609625
v 2.594564 0.157000 2.241720
v 2.594564 0.157000 2.241720
v 2.500256 0.157000 1.609625
v 2.483544 0.157000 1.648933
v 2.594564 0.157000 2.241720
v 2.483544 0.157000 1.648933
v 2.464207 0.157000 1.686961
v 2.464207 0.157000 1.686961
v 2.442341 0.157000 1.723548
v 2.594564 0.157000 2.241720
v 2.594564 0.157000 2.241720
v 2.442341 0.157000 1.723548
v 2.418055 0.157000 1.758504
v 2.594564 0.157000 2.241720
v 2.418055 0.157000 1.758504
v 2.391451 0.157000 1.791683
v 2.391451 0.157000 1.791683
v 2.362663 0.157000 1.822902
v 2.594564 0.157000 2.241720
v 2.594564 0.157000 2.241720
v 2.362663 0.157000 1.822902
v 2.331832 0.157000 1.852033
v 2.594564 0.157000 2.241720
v 2.331832 0.157000 1.852033
v 2.299099 0.157000 1.878924
v 2.299099 0.157000 1.878924
v 2.264623 0.157000 1.903446
v 2.594564 0.157000 2.241720
v 2.594564 0.157000 2.241720
v 2.264623 0.157000 1.903446
v 2.228575 0.157000 1.925497
v 2.540955 0.157000 0.024597
v 2.594564 0.157000 2.241720
v 2.542409 0.157000 -0.018212
v 2.542409 0.157000 -0.018212
v 2.594564 0.157000 2.241720
v 2.594564 0.157000 -2.241728
v 2.542409 0.157000 -0.018212
v 2.594564 0.157000 -2.241728
v 2.540955 0.157000 -0.061021
v 2.540955 0.157000 -0.061021
v 2.594564 0.157000 -2.241728
v 2.542299 0.157000 -1.407693
v 2.540955 0.157000 -0.061021
v 2.542299 0.157000 -1.407693
v 2.540067 0.157000 -1.364913
v 2.253505 0.157000 -1.947051
v 2.288500 0.157000 -1.923280
v 2.594564 0.157000 -2.241728
v 2.594564 0.157000 -2.241728
v 2.288500 0.157000 -1.923280
v 2.321798 0.157000 -1.897102
v 2.594564 0.157000 -2.241728
v 2.321798 0.157000 -1.897102
v 2.353250 0.157000 -1.868659
v 2.353250 0.157000 -1.868659
v 2.382699 0.157000 -1.838064
v 2.594564 0.157000 -2.241728
v 2.594564 0.157000 -2.241728
v 2.382699 0.157000 -1.838064
v 2.410002 0.157000 -1.805476
v 2.594564 0.157000 -2.241728
v 2.410002 0.157000 -1.805476
v 2.435026 0.157000 -1.771049
v 2.435026 0.157000 -1.771049
v 2.457663 0.157000 -1.734941
v 2.594564 0.157000 -2.241728
v 2.594564 0.157000 -2.241728
v 2.457663 0.157000 -1.734941
v 2.477800 0.157000 -1.697338
v 2.594564 0.157000 -2.241728
v 2.477800 0.157000 -1.697338
v 2.495345 0.157000 -1.658406
v 2.495345 0.157000 -1.658406
v 2.510211 0.157000 -1.618330
v 2.594564 0.157000 -2.241728
v 2.594564 0.157000 -2.241728
v 2.510211 0.157000 -1.618330
v 2.522318 0.157000 -1.577310
v 2.594564 0.157000 -2.241728
v 2.522318 0.157000 -1.577310
v 2.531621 0.157000 -1.535529
v 2.531621 0.157000 -1.535529
v 2.538064 0.157000 -1.493205
v 2.594564 0.157000 -2.241728
v 2.594564 0.157000 -2.241728
v 2.538064 0.157000 -1.493205
v 2.541631 0.157000 -1.450521
v 2.594564 0.157000 -2.241728
v 2.541631 0.157000 -1.450521
v 2.542299 0.157000 -1.407693
v 2.540955 0.157000 -0.061021
v 2.540067 0.157000 -1.364913
v 2.536602 0.157000 -0.103622
v 2.536602 0.157000 -0.103622
v 2.540067 0.157000 -1.364913
v 2.534929 0.157000 -1.322396
v 2.536602 0.157000 -0.103622
v 2.534929 0.157000 -1.322396
v 2.529382 0.157000 -0.145818
v 2.529382 0.157000 -0.145818
v 2.534929 0.157000 -1.322396
v 2.526938 0.157000 -1.280344
v 2.529382 0.157000 -0.145818
v 2.526938 0.157000 -1.280344
v 2.519317 0.157000 -0.187406
v 2.519317 0.157000 -0.187406
v 2.526938 0.157000 -1.280344
v 2.516103 0.157000 -1.238956
v 2.519317 0.157000 -0.187406
v 2.516103 0.157000 -1.238956
v 2.506455 0.157000 -0.228189
v 2.506455 0.157000 -0.228189
v 2.516103 0.157000 -1.238956
v 2.502495 0.157000 -1.198424
v 2.506455 0.157000 -0.228189
v 2.502495 0.157000 -1.198424
v 2.490859 0.157000 -0.267972
v 2.490859 0.157000 -0.267972
v 2.502495 0.157000 -1.198424
v 2.486176 0.157000 -1.158940
v 2.490859 0.157000 -0.267972
v 2.486176 0.157000 -1.158940
v 2.472615 0.157000 -0.306562
v 2.472615 0.157000 -0.306562
v 2.486176 0.157000 -1.158940
v 2.467217 0.157000 -1.120704
v 2.472615 0.157000 -0.306562
v 2.467217 0.157000 -1.120704
v 2.451793 0.157000 -0.343778
v 2.451793 0.157000 -0.343778
v 2.467217 0.157000 -1.120704
v 2.445712 0.157000 -1.083884
v 2.451793 0.157000 -0.343778
v 2.445712 0.157000 -1.083884
v 2.428497 0.157000 -0.379446
v 2.428497 0.157000 -0.379446
v 2.445712 0.157000 -1.083884
v 2.421764 0.157000 -1.048665
v 2.428497 0.157000 -0.379446
v 2.421764 0.157000 -1.048665
v 2.402844 0.157000 -0.413388
v 2.402844 0.157000 -0.413388
v 2.421764 0.157000 -1.048665
v 2.395490 0.157000 -1.015222
v 2.402844 0.157000 -0.413388
v 2.395490 0.157000 -1.015222
v 2.374951 0.157000 -0.445449
v 2.374951 0.157000 -0.445449
v 2.395490 0.157000 -1.015222
v 2.367008 0.157000 -0.983698
v 2.374951 0.157000 -0.445449
v 2.367008 0.157000 -0.983698
v 2.344953 0.157000 -0.475476
v 2.344953 0.157000 -0.475476
v 2.367008 0.157000 -0.983698
v 2.336460 0.157000 -0.954247
v 2.344953 0.157000 -0.475476
v 2.336460 0.157000 -0.954247
v 2.312991 0.157000 -0.503322
v 2.312991 0.157000 -0.503322
v 2.336460 0.157000 -0.954247
v 2.303986 0.157000 -0.927013
v 2.312991 0.157000 -0.503322
v 2.303986 0.157000 -0.927013
v 2.279213 0.157000 -0.528853
v 2.279213 0.157000 -0.528853
v 2.303986 0.157000 -0.927013
v 2.269753 0.157000 -0.902122
v 2.279213 0.157000 -0.528853
v 2.269753 0.157000 -0.902122
v 2.243794 0.157000 -0.551954
v 2.243794 0.157000 -0.551954
v 2.269753 0.157000 -0.902122
v 2.233909 0.157000 -0.879704
v 2.243794 0.157000 -0.551954
v 2.233909 0.157000 -0.879704
v 2.206889 0.157000 -0.572510
v 2.206889 0.157000 -0.572510
v 2.233909 0.157000 -0.879704
v 2.196628 0.157000 -0.859854
v 2.206889 0.157000 -0.572510
v 2.196628 0.157000 -0.859854
v 2.168680 0.157000 -0.590428
v 2.168680 0.157000 -0.590428
v 2.196628 0.157000 -0.859854
v 2.158097 0.157000 -0.842668
v 2.168680 0.157000 -0.590428
v 2.158097 0.157000 -0.842668
v 2.129355 0.157000 -0.605616
v 2.129355 0.157000 -0.605616
v 2.158097 0.157000 -0.842668
v 2.118489 0.157000 -0.828235
v 2.129355 0.157000 -0.605616
v 2.118489 0.157000 -0.828235
v 2.089088 0.157000 -0.618005
v 2.089088 0.157000 -0.618005
v 2.118489 0.157000 -0.828235
v 2.078002 0.157000 -0.816618
v 2.089088 0.157000 -0.618005
v 2.078002 0.157000 -0.816618
v 2.048082 0.157000 -0.627536
v 2.048082 0.157000 -0.627536
v 2.078002 0.157000 -0.816618
v 2.036823 0.157000 -0.807873
v 2.048082 0.157000 -0.627536
v 2.036823 0.157000 -0.807873
v 2.006526 0.157000 -0.634166
v 2.006526 0.157000 -0.634166
v 2.036823 0.157000 -0.807873
v 1.995149 0.157000 -0.802040
v 2.006526 0.157000 -0.634166
v 1.995149 0.157000 -0.802040
v 1.964617 0.157000 -0.637857
v 1.964617 0.157000 -0.637857
v 1.995149 0.157000 -0.802040
v 1.953177 0.157000 -0.799149
v 1.964617 0.157000 -0.637857
v 1.953177 0.157000 -0.799149
v 1.922558 0.157000 -0.638597
v 1.922558 0.157000 -0.638597
v 1.953177 0.157000 -0.799149
v 1.911110 0.157000 -0.799217
v 1.922558 0.157000 -0.638597
v 1.911110 0.157000 -0.799217
v 1.880554 0.157000 -0.636380
v 1.880554 0.157000 -0.636380
v 1.911110 0.157000 -0.799217
v 1.869146 0.157000 -0.802232
v 1.880554 0.157000 -0.636380
v 1.869146 0.157000 -0.802232
v 1.838794 0.157000 -0.631215
v 1.838794 0.157000 -0.631215
v 1.869146 0.157000 -0.802232
v 1.827488 0.157000 -0.808201
v 1.838794 0.157000 -0.631215
v 1.827488 0.157000 -0.808201
v 1.797489 0.157000 -0.623133
v 1.797489 0.157000 -0.623133
v 1.827488 0.157000 -0.808201
v 1.786340 0.157000 -0.817074
v 1.797489 0.157000 -0.623133
v 1.786340 0.157000 -0.817074
v 1.756829 0.157000 -0.612165
v 1.756829 0.157000 -0.612165
v 1.786340 0.157000 -0.817074
v 1.745884 0.157000 -0.828819
v 1.756829 0.157000 -0.612165
v 1.745884 0.157000 -0.828819
v 1.717010 0.157000 -0.598366
v 1.717010 0.157000 -0.598366
v 1.745884 0.157000 -0.828819
v 1.706324 0.157000 -0.843380
v 1.717010 0.157000 -0.598366
v 1.706324 0.157000 -0.843380
v 1.678211 0.157000 -0.581805
v 1.678211 0.157000 -0.581805
v 1.706324 0.157000 -0.843380
v 1.667840 0.157000 -0.860678
v 1.678211 0.157000 -0.581805
v 1.667840 0.157000 -0.860678
v 1.640639 0.157000 -0.562559
v 1.640639 0.157000 -0.562559
v 1.667840 0.157000 -0.860678
v 1.630621 0.157000 -0.880648
v 1.640639 0.157000 -0.562559
v 1.630621 0.157000 -0.880648
v 1.604449 0.157000 -0.540718
v 1.604449 0.157000 -0.540718
v 1.630621 0.157000 -0.880648
v 1.594848 0.157000 -0.903178
v 1.604449 0.157000 -0.540718
v 1.594848 0.157000 -0.903178
v 1.569839 0.157000 -0.516383
v 1.569839 0.157000 -0.516383
v 1.594848 0.157000 -0.903178
v 1.560686 0.157000 -0.928173
v 1.569839 0.157000 -0.516383
v 1.560686 0.157000 -0.928173
v 1.536950 0.157000 -0.489679
v 1.934139 0.157000 -2.039764
v 1.976182 0.157000 -2.038212
v 2.533805 0.157000 -2.241728
v 2.533805 0.157000 -2.241728
v 1.976182 0.157000 -2.038212
v 2.018013 0.157000 -2.033707
v 2.533805 0.157000 -2.241728
v 2.018013 0.157000 -2.033707
v 2.059436 0.157000 -2.026274
v 2.059436 0.157000 -2.026274
v 2.100269 0.157000 -2.015954
v 2.533805 0.157000 -2.241728
v 2.533805 0.157000 -2.241728
v 2.100269 0.157000 -2.015954
v 2.140293 0.157000 -2.002784
v 2.533805 0.157000 -2.241728
v 2.140293 0.157000 -2.002784
v 2.179334 0.157000 -1.986839
v 2.179334 0.157000 -1.986839
v 2.217205 0.157000 -1.968181
v 2.533805 0.157000 -2.241728
v -2.594564 0.157000 -2.241728
v 0.002325 0.157000 -2.184499
v 2.533805 0.157000 -2.241728
v 2.533805 0.157000 -2.241728
v 0.002325 0.157000 -2.184499
v 0.713012 0.157000 -2.035884
v 2.533805 0.157000 -2.241728
v 0.713012 0.157000 -2.035884
v 0.754627 0.157000 -2.029635
v -1.323371 0.157000 0.024597
v -1.252281 0.157000 -0.002784
v -1.321918 0.157000 -0.018212
v -1.321918 0.157000 -0.018212
v -1.252281 0.157000 -0.002784
v -1.251872 0.157000 -0.045613
v -1.321918 0.157000 -0.018212
v -1.251872 0.157000 -0.045613
v -1.323371 0.157000 -0.061021
v -1.323371 0.157000 -0.061021
v -1.251872 0.157000 -0.045613
v -1.248572 0.157000 -0.088314
v -1.323371 0.157000 -0.061021
v -1.248572 0.157000 -0.088314
v -1.327724 0.157000 -0.103622
v -1.327724 0.157000 -0.103622
v -1.248572 0.157000 -0.088314
v -1.242381 0.157000 -0.130683
v -1.327724 0.157000 -0.103622
v -1.242381 0.157000 -0.130683
v -1.334945 0.157000 -0.145818
v -1.334945 0.157000 -0.145818
v -1.242381 0.157000 -0.130683
v -1.233329 0.157000 -0.172511
v -1.334945 0.157000 -0.145818
v -1.233329 0.157000 -0.172511
v -1.345010 0.157000 -0.187406
v -1.345010 0.157000 -0.187406
v -1.233329 0.157000 -0.172511
v -1.221465 0.157000 -0.213606
v -1.345010 0.157000 -0.187406
v -1.221465 0.157000 -0.213606
v -1.357872 0.157000 -0.228189
v -1.357872 0.157000 -0.228189
v -1.221465 0.157000 -0.213606
v -1.206851 0.157000 -0.253769
v -1.357872 0.157000 -0.228189
v -1.206851 0.157000 -0.253769
v -1.373468 0.157000 -0.267972
v -1.373468 0.157000 -0.267972
v -1.206851 0.157000 -0.253769
v -1.189550 0.157000 -0.292811
v -1.373468 0.157000 -0.267972
v -1.189550 0.157000 -0.292811
v -1.391712 0.157000 -0.306562
v -1.391712 0.157000 -0.306562
v -1.189550 0.157000 -0.292811
v -1.169640 0.157000 -0.330544
v -1.391712 0.157000 -0.306562
v -1.169640 0.157000 -0.330544
v -1.412541 0.157000 -0.343778
v -1.412541 0.157000 -0.343778
v -1.169640 0.157000 -0.330544
v -1.147224 0.157000 -0.366788
v -1.412541 0.157000 -0.343778
v -1.147224 0.157000 -0.366788
v -1.435829 0.157000 -0.379446
v -1.435829 0.157000 -0.379446
v -1.147224 0.157000 -0.366788
v -1.122411 0.157000 -0.401371
v -1.435829 0.157000 -0.379446
v -1.122411 0.157000 -0.401371
v -1.461483 0.157000 -0.413388
v -1.461483 0.157000 -0.413388
v -1.122411 0.157000 -0.401371
v -1.095312 0.157000 -0.434128
v -1.461483 0.157000 -0.413388
v -1.095312 0.157000 -0.434128
v -1.489383 0.157000 -0.445449
v -1.489383 0.157000 -0.445449
v -1.095312 0.157000 -0.434128
v -1.066053 0.157000 -0.464903
v -1.489383 0.157000 -0.445449
v -1.066053 0.157000 -0.464903
v -1.519381 0.157000 -0.475476
v -1.519381 0.157000 -0.475476
v -1.066053 0.157000 -0.464903
v -1.034782 0.157000 -0.493549
v -1.519381 0.157000 -0.475476
v -1.034782 0.157000 -0.493549
v -1.551336 0.157000 -0.503322
v -1.551336 0.157000 -0.503322
v -1.034782 0.157000 -0.493549
v -1.006378 0.157000 -0.921116
v -1.551336 0.157000 -0.503322
v -1.006378 0.157000 -0.921116
v -1.039268 0.157000 -0.947823
v -1.252281 0.157000 -0.002784
v -1.323371 0.157000 0.024597
v -1.249782 0.157000 0.039973
v -1.249782 0.157000 0.039973
v -1.323371 0.157000 0.024597
v -1.327724 0.157000 0.067197
v -1.249782 0.157000 0.039973
v -1.327724 0.157000 0.067197
v -1.244400 0.157000 0.082453
v -1.244400 0.157000 0.082453
v -1.327724 0.157000 0.067197
v -1.334945 0.157000 0.109394
v -1.244400 0.157000 0.082453
v -1.334945 0.157000 0.109394
v -1.236150 0.157000 0.124453
v -1.236150 0.157000 0.124453
v -1.334945 0.157000 0.109394
v -1.345010 0.157000 0.150982
v -1.236150 0.157000 0.124453
v -1.345010 0.157000 0.150982
v -1.225064 0.157000 0.165773
v -1.225064 0.157000 0.165773
v -1.345010 0.157000 0.150982
v -1.357872 0.157000 0.191766
v -1.225064 0.157000 0.165773
v -1.357872 0.157000 0.191766
v -1.211212 0.157000 0.206221
v -1.211212 0.157000 0.206221
v -1.357872 0.157000 0.191766
v -1.373468 0.157000 0.231548
v -1.211212 0.157000 0.206221
v -1.373468 0.157000 0.231548
v -1.194657 0.157000 0.245595
v -1.194657 0.157000 0.245595
v -1.373468 0.157000 0.231548
v -1.391712 0.157000 0.270137
v -1.194657 0.157000 0.245595
v -1.391712 0.157000 0.270137
v -1.175470 0.157000 0.283712
v -1.175470 0.157000 0.283712
v -1.391712 0.157000 0.270137
v -1.412541 0.157000 0.307354
v -1.175470 0.157000 0.283712
v -1.412541 0.157000 0.307354
v -1.153745 0.157000 0.320388
v -1.153745 0.157000 0.320388
v -1.412541 0.157000 0.307354
v -1.435829 0.157000 0.343022
v -1.153745 0.157000 0.320388
v -1.435829 0.157000 0.343022
v -1.129585 0.157000 0.355456
v -1.129585 0.157000 0.355456
v -1.435829 0.157000 0.343022
v -1.461483 0.157000 0.376964
v -1.129585 0.157000 0.355456
v -1.461483 0.157000 0.376964
v -1.103114 0.157000 0.388737
v -1.103114 0.157000 0.388737
v -1.461483 0.157000 0.376964
v -1.489383 0.157000 0.409024
v -1.103114 0.157000 0.388737
v -1.489383 0.157000 0.409024
v -1.074444 0.157000 0.420081
v -1.074444 0.157000 0.420081
v -1.489383 0.157000 0.409024
v -1.519381 0.157000 0.439051
v -1.074444 0.157000 0.420081
v -1.519381 0.157000 0.439051
v -1.043723 0.157000 0.449339
v -1.043723 0.157000 0.449339
v -1.519381 0.157000 0.439051
v -1.551336 0.157000 0.466897
v -1.043723 0.157000 0.449339
v -1.551336 0.157000 0.466897
v -1.011085 0.157000 0.476364
v -0.689802 0.157000 -0.636868
v -0.695666 0.157000 -0.801120
v -0.731606 0.157000 -0.632116
v -0.731606 0.157000 -0.632116
v -0.695666 0.157000 -0.801120
v -0.737422 0.157000 -0.806289
v -0.731606 0.157000 -0.632116
v -0.737422 0.157000 -0.806289
v -0.772988 0.157000 -0.624438
v -0.772988 0.157000 -0.624438
v -0.737422 0.157000 -0.806289
v -0.778730 0.157000 -0.814369
v -0.772988 0.157000 -0.624438
v -0.778730 0.157000 -0.814369
v -0.813755 0.157000 -0.613870
v -0.813755 0.157000 -0.613870
v -0.778730 0.157000 -0.814369
v -0.819389 0.157000 -0.825338
v -0.813755 0.157000 -0.613870
v -0.819389 0.157000 -0.825338
v -0.853700 0.157000 -0.600464
v -0.853700 0.157000 -0.600464
v -0.819389 0.157000 -0.825338
v -0.859216 0.157000 -0.839132
v -0.853700 0.157000 -0.600464
v -0.859216 0.157000 -0.839132
v -0.892648 0.157000 -0.584283
v -0.892648 0.157000 -0.584283
v -0.859216 0.157000 -0.839132
v -0.898006 0.157000 -0.855694
v -0.892648 0.157000 -0.584283
v -0.898006 0.157000 -0.855694
v -0.930409 0.157000 -0.565409
v -0.930409 0.157000 -0.565409
v -0.898006 0.157000 -0.855694
v -0.935579 0.157000 -0.874943
v -0.930409 0.157000 -0.565409
v -0.935579 0.157000 -0.874943
v -0.966795 0.157000 -0.543924
v -0.966795 0.157000 -0.543924
v -0.935579 0.157000 -0.874943
v -0.971768 0.157000 -0.896786
v -0.966795 0.157000 -0.543924
v -0.971768 0.157000 -0.896786
v -1.001641 0.157000 -0.519934
v -1.001641 0.157000 -0.519934
v -0.971768 0.157000 -0.896786
v -1.006378 0.157000 -0.921116
v -1.001641 0.157000 -0.519934
v -1.006378 0.157000 -0.921116
v -1.034782 0.157000 -0.493549
v -0.695666 0.157000 -0.801120
v -0.689802 0.157000 -0.636868
v -0.653659 0.157000 -0.798905
v -0.653659 0.157000 -0.798905
v -0.689802 0.157000 -0.636868
v -0.647776 0.157000 -0.638669
v -0.653659 0.157000 -0.798905
v -0.647776 0.157000 -0.638669
v -0.611602 0.157000 -0.799645
v -0.611602 0.157000 -0.799645
v -0.647776 0.157000 -0.638669
v -0.605728 0.157000 -0.637517
v -0.611602 0.157000 -0.799645
v -0.605728 0.157000 -0.637517
v -0.569694 0.157000 -0.803336
v -0.569694 0.157000 -0.803336
v -0.605728 0.157000 -0.637517
v -0.563857 0.157000 -0.633413
v -0.569694 0.157000 -0.803336
v -0.563857 0.157000 -0.633413
v -0.528138 0.157000 -0.809961
v -0.528138 0.157000 -0.809961
v -0.563857 0.157000 -0.633413
v -0.522365 0.157000 -0.626379
v -0.528138 0.157000 -0.809961
v -0.522365 0.157000 -0.626379
v -0.487129 0.157000 -0.819498
v -0.487129 0.157000 -0.819498
v -0.522365 0.157000 -0.626379
v -0.481450 0.157000 -0.616444
v -0.487129 0.157000 -0.819498
v -0.481450 0.157000 -0.616444
v -0.446864 0.157000 -0.831883
v -0.446864 0.157000 -0.831883
v -0.481450 0.157000 -0.616444
v -0.441303 0.157000 -0.603658
v -0.446864 0.157000 -0.831883
v -0.441303 0.157000 -0.603658
v -0.407534 0.157000 -0.847077
v -0.407534 0.157000 -0.847077
v -0.441303 0.157000 -0.603658
v -0.402119 0.157000 -0.588086
v -0.407534 0.157000 -0.847077
v -0.402119 0.157000 -0.588086
v -0.369326 0.157000 -0.864991
v -0.369326 0.157000 -0.864991
v -0.402119 0.157000 -0.588086
v -0.364084 0.157000 -0.569796
v -0.369326 0.157000 -0.864991
v -0.364084 0.157000 -0.569796
v -0.332424 0.157000 -0.885545
v -0.332424 0.157000 -0.885545
v -0.364084 0.157000 -0.569796
v -0.327377 0.157000 -0.548876
v -0.332424 0.157000 -0.885545
v -0.327377 0.157000 -0.548876
v -0.297002 0.157000 -0.908643
v -0.297002 0.157000 -0.908643
v -0.327377 0.157000 -0.548876
v -0.292177 0.157000 -0.525426
v -0.297002 0.157000 -0.908643
v -0.292177 0.157000 -0.525426
v -0.263230 0.157000 -0.934181
v -0.263230 0.157000 -0.934181
v -0.292177 0.157000 -0.525426
v -0.258649 0.157000 -0.499562
v -0.263230 0.157000 -0.934181
v -0.258649 0.157000 -0.499562
v 0.267277 0.157000 -0.505114
v 0.267277 0.157000 -0.505114
v -0.258649 0.157000 -0.499562
v 0.235188 0.157000 -0.477421
v 0.235188 0.157000 -0.477421
v -0.258649 0.157000 -0.499562
v -0.226952 0.157000 -0.471405
v 0.235188 0.157000 -0.477421
v -0.226952 0.157000 -0.471405
v 0.205051 0.157000 -0.447538
v 0.205051 0.157000 -0.447538
v -0.226952 0.157000 -0.471405
v -0.197240 0.157000 -0.441085
v 0.205051 0.157000 -0.447538
v -0.197240 0.157000 -0.441085
v 0.177014 0.157000 -0.415610
v 0.177014 0.157000 -0.415610
v -0.197240 0.157000 -0.441085
v -0.169651 0.157000 -0.408752
v 0.177014 0.157000 -0.415610
v -0.169651 0.157000 -0.408752
v 0.151206 0.157000 -0.381788
v 0.151206 0.157000 -0.381788
v -0.169651 0.157000 -0.408752
v -0.144318 0.157000 -0.374558
v 0.151206 0.157000 -0.381788
v -0.144318 0.157000 -0.374558
v 0.127749 0.157000 -0.346232
v 0.127749 0.157000 -0.346232
v -0.144318 0.157000 -0.374558
v -0.121365 0.157000 -0.338663
v 0.127749 0.157000 -0.346232
v -0.121365 0.157000 -0.338663
v 0.106756 0.157000 -0.309112
v 0.106756 0.157000 -0.309112
v -0.121365 0.157000 -0.338663
v -0.100899 0.157000 -0.301246
v 0.106756 0.157000 -0.309112
v -0.100899 0.157000 -0.301246
v 0.088331 0.157000 -0.270610
v 0.088331 0.157000 -0.270610
v -0.100899 0.157000 -0.301246
v -0.083012 0.157000 -0.262476
v 0.088331 0.157000 -0.270610
v -0.083012 0.157000 -0.262476
v 0.072555 0.157000 -0.230904
v 0.072555 0.157000 -0.230904
v -0.083012 0.157000 -0.262476
v -0.067799 0.157000 -0.222541
v 0.072555 0.157000 -0.230904
v -0.067799 0.157000 -0.222541
v 0.059508 0.157000 -0.190181
v 0.059508 0.157000 -0.190181
v -0.067799 0.157000 -0.222541
v -0.055325 0.157000 -0.181634
v 0.059508 0.157000 -0.190181
v -0.055325 0.157000 -0.181634
v 0.049252 0.157000 -0.148640
v 0.049252 0.157000 -0.148640
v -0.055325 0.157000 -0.181634
v -0.045654 0.157000 -0.139950
v 0.049252 0.157000 -0.148640
v -0.045654 0.157000 -0.139950
v 0.041837 0.157000 -0.106480
v 0.041837 0.157000 -0.106480
v -0.045654 0.157000 -0.139950
v -0.038830 0.157000 -0.097685
v 0.041837 0.157000 -0.106480
v -0.038830 0.157000 -0.097685
v 0.037293 0.157000 -0.063895
v 0.037293 0.157000 -0.063895
v -0.038830 0.157000 -0.097685
v -0.034887 0.157000 -0.055040
v 0.037293 0.157000 -0.063895
v -0.034887 0.157000 -0.055040
v 0.035646 0.157000 -0.021098
v 0.035646 0.157000 -0.021098
v -0.034887 0.157000 -0.055040
v -0.033841 0.157000 -0.012220
v 0.035646 0.157000 -0.021098
v -0.033841 0.157000 -0.012220
v 0.036900 0.157000 0.021719
v 0.036900 0.157000 0.021719
v -0.033841 0.157000 -0.012220
v -0.035697 0.157000 0.030569
v 0.036900 0.157000 0.021719
v -0.035697 0.157000 0.030569
v 0.041055 0.157000 0.064339
v 0.041055 0.157000 0.064339
v -0.035697 0.157000 0.030569
v -0.040450 0.157000 0.073130
v 0.041055 0.157000 0.064339
v -0.040450 0.157000 0.073130
v 0.048088 0.157000 0.106571
v 0.048088 0.157000 0.106571
v -0.040450 0.157000 0.073130
v -0.048076 0.157000 0.115251
v 0.048088 0.157000 0.106571
v -0.048076 0.157000 0.115251
v 0.057963 0.157000 0.148208
v 0.057963 0.157000 0.148208
v -0.048076 0.157000 0.115251
v -0.058537 0.157000 0.156738
v 0.057963 0.157000 0.148208
v -0.058537 0.157000 0.156738
v 0.070637 0.157000 0.189048
v 0.070637 0.157000 0.189048
v -0.058537 0.157000 0.156738
v -0.071781 0.157000 0.197394
v 0.070637 0.157000 0.189048
v -0.071781 0.157000 0.197394
v 0.086047 0.157000 0.228902
v 0.086047 0.157000 0.228902
v -0.071781 0.157000 0.197394
v -0.087749 0.157000 0.237021
v 0.086047 0.157000 0.228902
v -0.087749 0.157000 0.237021
v 0.104122 0.157000 0.267580
v 0.104122 0.157000 0.267580
v -0.087749 0.157000 0.237021
v -0.106367 0.157000 0.275430
v 0.104122 0.157000 0.267580
v -0.106367 0.157000 0.275430
v 0.124773 0.157000 0.304896
v 0.124773 0.157000 0.304896
v -0.106367 0.157000 0.275430
v -0.127540 0.157000 0.312438
v 0.124773 0.157000 0.304896
v -0.127540 0.157000 0.312438
v 0.147904 0.157000 0.340672
v 0.147904 0.157000 0.340672
v -0.127540 0.157000 0.312438
v -0.151170 0.157000 0.347873
v 0.147904 0.157000 0.340672
v -0.151170 0.157000 0.347873
v 0.173405 0.157000 0.374738
v 0.173405 0.157000 0.374738
v -0.151170 0.157000 0.347873
v -0.177144 0.157000 0.381563
v 0.173405 0.157000 0.374738
v -0.177144 0.157000 0.381563
v 0.201152 0.157000 0.406931
v 0.201152 0.157000 0.406931
v -0.177144 0.157000 0.381563
v -0.205342 0.157000 0.413352
v 0.201152 0.157000 0.406931
v -0.205342 0.157000 0.413352
v 0.231012 0.157000 0.437094
v 0.231012 0.157000 0.437094
v -0.205342 0.157000 0.413352
v -0.235624 0.157000 0.443079
v 0.231012 0.157000 0.437094
v -0.235624 0.157000 0.443079
v 0.262847 0.157000 0.465091
v 0.262847 0.157000 0.465091
v -0.235624 0.157000 0.443079
v -0.267848 0.157000 0.470608
v -0.035264 0.157000 1.425671
v 0.036263 0.157000 1.410917
v -0.033810 0.157000 1.382866
v -0.033810 0.157000 1.382866
v 0.036263 0.157000 1.410917
v 0.035811 0.157000 1.368089
v -0.033810 0.157000 1.382866
v 0.035811 0.157000 1.368089
v -0.035264 0.157000 1.340054
v -0.035264 0.157000 1.340054
v 0.035811 0.157000 1.368089
v 0.038264 0.157000 1.325325
v -0.035264 0.157000 1.340054
v 0.038264 0.157000 1.325325
v -0.039612 0.157000 1.297458
v -0.039612 0.157000 1.297458
v 0.038264 0.157000 1.325325
v 0.043610 0.157000 1.282840
v -0.039612 0.157000 1.297458
v 0.043610 0.157000 1.282840
v -0.046838 0.157000 1.255262
v -0.046838 0.157000 1.255262
v 0.043610 0.157000 1.282840
v 0.051819 0.157000 1.240828
v -0.046838 0.157000 1.255262
v 0.051819 0.157000 1.240828
v -0.056901 0.157000 1.213673
v -0.056901 0.157000 1.213673
v 0.051819 0.157000 1.240828
v 0.062853 0.157000 1.199496
v -0.056901 0.157000 1.213673
v 0.062853 0.157000 1.199496
v -0.069764 0.157000 1.172885
v -0.069764 0.157000 1.172885
v 0.062853 0.157000 1.199496
v 0.076667 0.157000 1.159036
v -0.069764 0.157000 1.172885
v 0.076667 0.157000 1.159036
v -0.085355 0.157000 1.133105
v -0.085355 0.157000 1.133105
v 0.076667 0.157000 1.159036
v 0.093186 0.157000 1.119648
v -0.085355 0.157000 1.133105
v 0.093186 0.157000 1.119648
v -0.103608 0.157000 1.094517
v -0.103608 0.157000 1.094517
v 0.093186 0.157000 1.119648
v 0.112331 0.157000 1.081508
v -0.103608 0.157000 1.094517
v 0.112331 0.157000 1.081508
v -0.124427 0.157000 1.057298
v -0.124427 0.157000 1.057298
v 0.112331 0.157000 1.081508
v 0.134019 0.157000 1.044808
v -0.124427 0.157000 1.057298
v 0.134019 0.157000 1.044808
v -0.147723 0.157000 1.021630
v -0.147723 0.157000 1.021630
v 0.134019 0.157000 1.044808
v 0.158140 0.157000 1.009717
v -0.147723 0.157000 1.021630
v 0.158140 0.157000 1.009717
v -0.173378 0.157000 0.987691
v -0.173378 0.157000 0.987691
v 0.158140 0.157000 1.009717
v 0.184582 0.157000 0.976402
v -0.173378 0.157000 0.987691
v 0.184582 0.157000 0.976402
v -0.201269 0.157000 0.955632
v -0.201269 0.157000 0.955632
v 0.184582 0.157000 0.976402
v 0.213216 0.157000 0.945031
v -0.201269 0.157000 0.955632
v 0.213216 0.157000 0.945031
v -0.231268 0.157000 0.925605
v -0.231268 0.157000 0.925605
v 0.213216 0.157000 0.945031
v 0.243910 0.157000 0.915740
v -0.231268 0.157000 0.925605
v 0.243910 0.157000 0.915740
v -0.263230 0.157000 0.897754
v -0.263230 0.157000 0.897754
v 0.243910 0.157000 0.915740
v 0.276516 0.157000 0.888681
v 0.036263 0.157000 1.410917
v -0.035264 0.157000 1.425671
v 0.039612 0.157000 1.453609
v 0.039612 0.157000 1.453609
v -0.035264 0.157000 1.425671
v -0.039612 0.157000 1.468275
v 0.039612 0.157000 1.453609
v -0.039612 0.157000 1.468275
v 0.045847 0.157000 1.495974
v 0.045847 0.157000 1.495974
v -0.039612 0.157000 1.468275
v -0.046838 0.157000 1.510471
v 0.045847 0.157000 1.495974
v -0.046838 0.157000 1.510471
v 0.054940 0.157000 1.537794
v 0.054940 0.157000 1.537794
v -0.046838 0.157000 1.510471
v -0.056901 0.157000 1.552059
v 0.054940 0.157000 1.537794
v -0.056901 0.157000 1.552059
v 0.066840 0.157000 1.578878
v 0.066840 0.157000 1.578878
v -0.056901 0.157000 1.552059
v -0.069764 0.157000 1.592839
v 0.066840 0.157000 1.578878
v -0.069764 0.157000 1.592839
v 0.081499 0.157000 1.619026
v 0.081499 0.157000 1.619026
v -0.069764 0.157000 1.592839
v -0.085355 0.157000 1.632627
v 0.081499 0.157000 1.619026
v -0.085355 0.157000 1.632627
v 0.098839 0.157000 1.658046
v 0.098839 0.157000 1.658046
v -0.085355 0.157000 1.632627
v -0.103608 0.157000 1.671215
v 0.098839 0.157000 1.658046
v -0.103608 0.157000 1.671215
v 0.118786 0.157000 1.695761
v 0.118786 0.157000 1.695761
v -0.103608 0.157000 1.671215
v -0.124427 0.157000 1.708435
v 0.118786 0.157000 1.695761
v -0.124427 0.157000 1.708435
v 0.141241 0.157000 1.731981
v 0.141241 0.157000 1.731981
v -0.124427 0.157000 1.708435
v -0.147723 0.157000 1.744102
v 0.141241 0.157000 1.731981
v -0.147723 0.157000 1.744102
v 0.166093 0.157000 1.766537
v 0.166093 0.157000 1.766537
v -0.147723 0.157000 1.744102
v -0.173378 0.157000 1.778042
v 0.166093 0.157000 1.766537
v -0.173378 0.157000 1.778042
v 0.193226 0.157000 1.799260
v 0.193226 0.157000 1.799260
v -0.173378 0.157000 1.778042
v -0.201269 0.157000 1.810101
v 0.193226 0.157000 1.799260
v -0.201269 0.157000 1.810101
v 0.222513 0.157000 1.830007
v 0.222513 0.157000 1.830007
v -0.201269 0.157000 1.810101
v -0.231268 0.157000 1.840128
v 0.222513 0.157000 1.830007
v -0.231268 0.157000 1.840128
v 0.253817 0.157000 1.858618
v 0.253817 0.157000 1.858618
v -0.231268 0.157000 1.840128
v -0.263230 0.157000 1.867971
v 0.253817 0.157000 1.858618
v -0.263230 0.157000 1.867971
v 0.286980 0.157000 1.884964
v 0.286980 0.157000 1.884964
v -0.263230 0.157000 1.867971
v -0.297002 0.157000 1.893509
v 0.286980 0.157000 1.884964
v -0.297002 0.157000 1.893509
v 0.321854 0.157000 1.908919
v 0.321854 0.157000 1.908919
v -0.297002 0.157000 1.893509
v -0.332424 0.157000 1.916608
v 0.321854 0.157000 1.908919
v -0.332424 0.157000 1.916608
v 0.358264 0.157000 1.930369
v 0.358264 0.157000 1.930369
v -0.332424 0.157000 1.916608
v -0.369326 0.157000 1.937170
v 0.358264 0.157000 1.930369
v -0.369326 0.157000 1.937170
v 0.396043 0.157000 1.949203
v 0.396043 0.157000 1.949203
v -0.369326 0.157000 1.937170
v -0.407534 0.157000 1.955083
v 0.396043 0.157000 1.949203
v -0.407534 0.157000 1.955083
v 0.435004 0.157000 1.965340
v 0.435004 0.157000 1.965340
v -0.407534 0.157000 1.955083
v -0.446864 0.157000 1.970269
v 0.435004 0.157000 1.965340
v -0.446864 0.157000 1.970269
v 0.474968 0.157000 1.978702
v 0.474968 0.157000 1.978702
v -0.446864 0.157000 1.970269
v -0.487129 0.157000 1.982662
v 0.474968 0.157000 1.978702
v -0.487129 0.157000 1.982662
v 0.515742 0.157000 1.989231
v 0.515742 0.157000 1.989231
v -0.487129 0.157000 1.982662
v -0.528138 0.157000 1.992191
v 0.515742 0.157000 1.989231
v -0.528138 0.157000 1.992191
v 0.557133 0.157000 1.996864
v 0.557133 0.157000 1.996864
v -0.528138 0.157000 1.992191
v -0.569694 0.157000 1.998816
v 0.557133 0.157000 1.996864
v -0.569694 0.157000 1.998816
v 0.598942 0.157000 2.001568
v 0.598942 0.157000 2.001568
v -0.569694 0.157000 1.998816
v -0.611602 0.157000 2.002512
v 0.192503 0.157000 -1.003708
v -0.201269 0.157000 -0.992051
v 0.221739 0.157000 -0.972913
v 0.221739 0.157000 -0.972913
v -0.201269 0.157000 -0.992051
v -0.231268 0.157000 -0.962024
v 0.221739 0.157000 -0.972913
v -0.231268 0.157000 -0.962024
v 0.252988 0.157000 -0.944238
v 0.252988 0.157000 -0.944238
v -0.231268 0.157000 -0.962024
v -0.263230 0.157000 -0.934181
v 0.252988 0.157000 -0.944238
v -0.263230 0.157000 -0.934181
v 0.267277 0.157000 -0.505114
v -0.201269 0.157000 -0.992051
v 0.192503 0.157000 -1.003708
v -0.173378 0.157000 -1.024110
v -0.173378 0.157000 -1.024110
v 0.192503 0.157000 -1.003708
v 0.165426 0.157000 -1.036480
v -0.173378 0.157000 -1.024110
v 0.165426 0.157000 -1.036480
v -0.147723 0.157000 -1.058058
v -0.147723 0.157000 -1.058058
v 0.165426 0.157000 -1.036480
v 0.140631 0.157000 -1.071083
v -0.147723 0.157000 -1.058058
v 0.140631 0.157000 -1.071083
v -0.124427 0.157000 -1.093725
v -0.124427 0.157000 -1.093725
v 0.140631 0.157000 -1.071083
v 0.118243 0.157000 -1.107351
v -0.124427 0.157000 -1.093725
v 0.118243 0.157000 -1.107351
v -0.103608 0.157000 -1.130937
v -0.103608 0.157000 -1.130937
v 0.118243 0.157000 -1.107351
v 0.098363 0.157000 -1.145098
v -0.103608 0.157000 -1.130937
v 0.098363 0.157000 -1.145098
v -0.085355 0.157000 -1.169533
v -0.085355 0.157000 -1.169533
v 0.098363 0.157000 -1.145098
v 0.081090 0.157000 -1.184150
v -0.085355 0.157000 -1.169533
v 0.081090 0.157000 -1.184150
v -0.069764 0.157000 -1.209313
v -0.069764 0.157000 -1.209313
v 0.081090 0.157000 -1.184150
v 0.066501 0.157000 -1.224322
v -0.069764 0.157000 -1.209313
v 0.066501 0.157000 -1.224322
v -0.056901 0.157000 -1.250093
v -0.056901 0.157000 -1.250093
v 0.066501 0.157000 -1.224322
v 0.054669 0.157000 -1.265431
v -0.056901 0.157000 -1.250093
v 0.054669 0.157000 -1.265431
v -0.046838 0.157000 -1.291681
v -0.046838 0.157000 -1.291681
v 0.054669 0.157000 -1.265431
v 0.045651 0.157000 -1.307267
v -0.046838 0.157000 -1.291681
v 0.045651 0.157000 -1.307267
v -0.039612 0.157000 -1.333877
v -0.039612 0.157000 -1.333877
v 0.045651 0.157000 -1.307267
v 0.039490 0.157000 -1.349639
v -0.039612 0.157000 -1.333877
v 0.039490 0.157000 -1.349639
v -0.035264 0.157000 -1.376482
v -0.035264 0.157000 -1.376482
v 0.039490 0.157000 -1.349639
v 0.036216 0.157000 -1.392339
v -0.035264 0.157000 -1.376482
v 0.036216 0.157000 -1.392339
v -0.033810 0.157000 -1.419286
v -0.033810 0.157000 -1.419286
v 0.036216 0.157000 -1.392339
v 0.035838 0.157000 -1.435167
v -0.033810 0.157000 -1.419286
v 0.035838 0.157000 -1.435167
v -0.035264 0.157000 -1.462098
v -0.035264 0.157000 -1.462098
v 0.035838 0.157000 -1.435167
v 0.038366 0.157000 -1.477924
v -0.035264 0.157000 -1.462098
v 0.038366 0.157000 -1.477924
v -0.039612 0.157000 -1.504702
v -0.039612 0.157000 -1.504702
v 0.038366 0.157000 -1.477924
v 0.043783 0.157000 -1.520400
v -0.039612 0.157000 -1.504702
v 0.043783 0.157000 -1.520400
v -0.046838 0.157000 -1.546899
v -0.046838 0.157000 -1.546899
v 0.043783 0.157000 -1.520400
v 0.052066 0.157000 -1.562396
v -0.046838 0.157000 -1.546899
v 0.052066 0.157000 -1.562396
v -0.056901 0.157000 -1.588487
v -0.056901 0.157000 -1.588487
v 0.052066 0.157000 -1.562396
v 0.063176 0.157000 -1.603704
v -0.056901 0.157000 -1.588487
v 0.063176 0.157000 -1.603704
v -0.069764 0.157000 -1.629267
v -0.069764 0.157000 -1.629267
v 0.063176 0.157000 -1.603704
v 0.077057 0.157000 -1.644140
v -0.069764 0.157000 -1.629267
v 0.077057 0.157000 -1.644140
v -0.085355 0.157000 -1.669047
v -0.085355 0.157000 -1.669047
v 0.077057 0.157000 -1.644140
v 0.093642 0.157000 -1.683504
v -0.085355 0.157000 -1.669047
v 0.093642 0.157000 -1.683504
v -0.103608 0.157000 -1.707643
v -0.103608 0.157000 -1.707643
v 0.093642 0.157000 -1.683504
v 0.112858 0.157000 -1.721604
v -0.103608 0.157000 -1.707643
v 0.112858 0.157000 -1.721604
v -0.124427 0.157000 -1.744854
v -0.124427 0.157000 -1.744854
v 0.112858 0.157000 -1.721604
v 0.134609 0.157000 -1.758272
v -0.124427 0.157000 -1.744854
v 0.134609 0.157000 -1.758272
v -0.147723 0.157000 -1.780522
v -0.147723 0.157000 -1.780522
v 0.134609 0.157000 -1.758272
v 0.158789 0.157000 -1.793315
v -0.147723 0.157000 -1.780522
v 0.158789 0.157000 -1.793315
v -0.173378 0.157000 -1.814469
v -0.173378 0.157000 -1.814469
v 0.158789 0.157000 -1.793315
v 0.185289 0.157000 -1.826583
v -0.173378 0.157000 -1.814469
v 0.185289 0.157000 -1.826583
v -0.201269 0.157000 -1.846529
v 0.213979 0.157000 -1.857906
v 0.244724 0.157000 -1.887133
v 0.231138 0.157000 -2.020938
v 0.231138 0.157000 -2.020938
v 0.244724 0.157000 -1.887133
v 0.277377 0.157000 -1.914143
v 0.231138 0.157000 -2.020938
v 0.277377 0.157000 -1.914143
v 0.311778 0.157000 -1.938786
v 0.311778 0.157000 -1.938786
v 0.347768 0.157000 -1.960956
v 0.231138 0.157000 -2.020938
v 0.231138 0.157000 -2.020938
v 0.347768 0.157000 -1.960956
v 0.385177 0.157000 -1.980542
v 0.231138 0.157000 -2.020938
v 0.385177 0.157000 -1.980542
v 0.423820 0.157000 -1.997456
v 0.423820 0.157000 -1.997456
v 0.463521 0.157000 -2.011617
v 0.231138 0.157000 -2.020938
v 0.231138 0.157000 -2.020938
v 0.463521 0.157000 -2.011617
v 0.504083 0.157000 -2.022954
v 0.587026 0.157000 -2.036956
v 0.629014 0.157000 -2.039556
v 0.002325 0.157000 -2.184499
v 0.002325 0.157000 -2.184499
v 0.629014 0.157000 -2.039556
v 0.671074 0.157000 -2.039196
v 0.002325 0.157000 -2.184499
v 0.671074 0.157000 -2.039196
v 0.713012 0.157000 -2.035884
v 1.029117 0.157000 -0.937654
v 0.995567 0.157000 -0.911811
v 1.010480 0.157000 -0.514658
v 1.010480 0.157000 -0.514658
v 0.995567 0.157000 -0.911811
v 0.975972 0.157000 -0.539152
v 0.975972 0.157000 -0.539152
v 0.995567 0.157000 -0.911811
v 0.960352 0.157000 -0.888393
v 0.975972 0.157000 -0.539152
v 0.960352 0.157000 -0.888393
v 0.939892 0.157000 -0.561166
v 0.939892 0.157000 -0.561166
v 0.960352 0.157000 -0.888393
v 0.923628 0.157000 -0.867503
v 0.939892 0.157000 -0.561166
v 0.923628 0.157000 -0.867503
v 0.902406 0.157000 -0.580592
v 0.902406 0.157000 -0.580592
v 0.923628 0.157000 -0.867503
v 0.885584 0.157000 -0.849237
v 0.902406 0.157000 -0.580592
v 0.885584 0.157000 -0.849237
v 0.863687 0.157000 -0.597337
v 0.863687 0.157000 -0.597337
v 0.885584 0.157000 -0.849237
v 0.846385 0.157000 -0.833691
v 0.863687 0.157000 -0.597337
v 0.846385 0.157000 -0.833691
v 0.823930 0.157000 -0.611324
v 0.823930 0.157000 -0.611324
v 0.846385 0.157000 -0.833691
v 0.806228 0.157000 -0.820938
v 0.823930 0.157000 -0.611324
v 0.806228 0.157000 -0.820938
v 0.783317 0.157000 -0.622485
v 0.783317 0.157000 -0.622485
v 0.806228 0.157000 -0.820938
v 0.765308 0.157000 -0.811033
v 0.783317 0.157000 -0.622485
v 0.765308 0.157000 -0.811033
v 0.742048 0.157000 -0.630763
v 0.742048 0.157000 -0.630763
v 0.765308 0.157000 -0.811033
v 0.723811 0.157000 -0.804032
v 0.742048 0.157000 -0.630763
v 0.723811 0.157000 -0.804032
v 0.700314 0.157000 -0.636124
v 0.700314 0.157000 -0.636124
v 0.723811 0.157000 -0.804032
v 0.681940 0.157000 -0.799954
v 0.700314 0.157000 -0.636124
v 0.681940 0.157000 -0.799954
v 0.658317 0.157000 -0.638541
v 0.658317 0.157000 -0.638541
v 0.681940 0.157000 -0.799954
v 0.639889 0.157000 -0.798833
v 0.658317 0.157000 -0.638541
v 0.639889 0.157000 -0.798833
v 0.616259 0.157000 -0.638001
v 0.616259 0.157000 -0.638001
v 0.639889 0.157000 -0.798833
v 0.597864 0.157000 -0.800672
v 0.616259 0.157000 -0.638001
v 0.597864 0.157000 -0.800672
v 0.574336 0.157000 -0.634506
v 0.574336 0.157000 -0.634506
v 0.597864 0.157000 -0.800672
v 0.556064 0.157000 -0.805457
v 0.574336 0.157000 -0.634506
v 0.556064 0.157000 -0.805457
v 0.532748 0.157000 -0.628077
v 0.532748 0.157000 -0.628077
v 0.556064 0.157000 -0.805457
v 0.514689 0.157000 -0.813161
v 0.532748 0.157000 -0.628077
v 0.514689 0.157000 -0.813161
v 0.491695 0.157000 -0.618738
v 0.491695 0.157000 -0.618738
v 0.514689 0.157000 -0.813161
v 0.473930 0.157000 -0.823754
v 0.491695 0.157000 -0.618738
v 0.473930 0.157000 -0.823754
v 0.451374 0.157000 -0.606541
v 0.451374 0.157000 -0.606541
v 0.473930 0.157000 -0.823754
v 0.433990 0.157000 -0.837196
v 0.451374 0.157000 -0.606541
v 0.433990 0.157000 -0.837196
v 0.411976 0.157000 -0.591537
v 0.411976 0.157000 -0.591537
v 0.433990 0.157000 -0.837196
v 0.395056 0.157000 -0.853405
v 0.411976 0.157000 -0.591537
v 0.395056 0.157000 -0.853405
v 0.373686 0.157000 -0.573804
v 0.373686 0.157000 -0.573804
v 0.395056 0.157000 -0.853405
v 0.357313 0.157000 -0.872303
v 0.373686 0.157000 -0.573804
v 0.357313 0.157000 -0.872303
v 0.336694 0.157000 -0.553419
v 0.336694 0.157000 -0.553419
v 0.357313 0.157000 -0.872303
v 0.320938 0.157000 -0.893817
v 0.336694 0.157000 -0.553419
v 0.320938 0.157000 -0.893817
v 0.301164 0.157000 -0.530486
v 0.301164 0.157000 -0.530486
v 0.320938 0.157000 -0.893817
v 0.286107 0.157000 -0.917836
v 0.301164 0.157000 -0.530486
v 0.286107 0.157000 -0.917836
v 0.267277 0.157000 -0.505114
v 0.267277 0.157000 -0.505114
v 0.286107 0.157000 -0.917836
v 0.252988 0.157000 -0.944238
v -2.594564 0.157000 -2.241728
v -0.695666 0.157000 -2.037460
v 0.002325 0.157000 -2.184499
v 0.002325 0.157000 -2.184499
v -0.695666 0.157000 -2.037460
v -0.653659 0.157000 -2.039676
v 0.002325 0.157000 -2.184499
v -0.653659 0.157000 -2.039676
v -0.611602 0.157000 -2.038932
v -0.611602 0.157000 -2.038932
v -0.569694 0.157000 -2.035244
v 0.002325 0.157000 -2.184499
v 0.002325 0.157000 -2.184499
v -0.569694 0.157000 -2.035244
v -0.528138 0.157000 -2.028611
v 0.002325 0.157000 -2.184499
v -0.528138 0.157000 -2.028611
v -0.487129 0.157000 -2.019082
v -0.407534 0.157000 -1.991503
v -0.369326 0.157000 -1.973589
v -0.226487 0.157000 -2.020938
v -0.226487 0.157000 -2.020938
v -0.369326 0.157000 -1.973589
v -0.332424 0.157000 -1.953035
v -0.226487 0.157000 -2.020938
v -0.332424 0.157000 -1.953035
v -0.297002 0.157000 -1.929929
v -0.297002 0.157000 -1.929929
v -0.263230 0.157000 -1.904398
v -0.226487 0.157000 -2.020938
v -0.226487 0.157000 -2.020938
v -0.263230 0.157000 -1.904398
v -0.231268 0.157000 -1.876556
v -0.226487 0.157000 -2.020938
v -0.231268 0.157000 -1.876556
v -0.201269 0.157000 -1.846529
v -2.286716 0.137375 -1.923248
v -2.286716 0.157000 -1.923248
v -2.294495 0.000001 -1.917464
v -2.294495 0.000001 -1.917464
v -2.286716 0.157000 -1.923248
v -2.320023 0.157000 -1.897062
v -2.294495 0.000001 -1.917464
v -2.320023 0.157000 -1.897062
v -2.327377 0.000001 -1.890757
v -2.327377 0.000001 -1.890757
v -2.320023 0.157000 -1.897062
v -2.351475 0.157000 -1.868603
v -2.327377 0.000001 -1.890757
v -2.351475 0.157000 -1.868603
v -2.358381 0.000001 -1.861802
v -2.358381 0.000001 -1.861802
v -2.351475 0.157000 -1.868603
v -2.380930 0.157000 -1.838000
v -2.358381 0.000001 -1.861802
v -2.380930 0.157000 -1.838000
v -2.387342 0.000000 -1.830743
v -2.387342 0.000000 -1.830743
v -2.380930 0.157000 -1.838000
v -2.408226 0.157000 -1.805397
v -2.387342 0.000000 -1.830743
v -2.408226 0.157000 -1.805397
v -2.414127 0.000000 -1.797716
v -2.414127 0.000000 -1.797716
v -2.408226 0.157000 -1.805397
v -2.433266 0.157000 -1.770961
v -2.414127 0.000000 -1.797716
v -2.433266 0.157000 -1.770961
v -2.438617 0.000000 -1.762896
v -2.438617 0.000000 -1.762896
v -2.433266 0.157000 -1.770961
v -2.455895 0.157000 -1.734845
v -2.438617 0.000000 -1.762896
v -2.455895 0.157000 -1.734845
v -2.460687 0.000000 -1.726429
v -2.460687 0.000000 -1.726429
v -2.455895 0.157000 -1.734845
v -2.476032 0.157000 -1.697218
v -2.460687 0.000000 -1.726429
v -2.476032 0.157000 -1.697218
v -2.480236 0.000000 -1.688505
v -2.480236 0.000000 -1.688505
v -2.476032 0.157000 -1.697218
v -2.493569 0.157000 -1.658270
v -2.480236 0.000000 -1.688505
v -2.493569 0.157000 -1.658270
v -2.497168 0.000000 -1.649293
v -2.497168 0.000000 -1.649293
v -2.493569 0.157000 -1.658270
v -2.508427 0.157000 -1.618186
v -2.497168 0.000000 -1.649293
v -2.508427 0.157000 -1.618186
v -2.511405 0.000000 -1.608985
v -2.511405 0.000000 -1.608985
v -2.508427 0.157000 -1.618186
v -2.520535 0.157000 -1.577150
v -2.511405 0.000000 -1.608985
v -2.520535 0.157000 -1.577150
v -2.522876 0.000000 -1.567781
v -2.522876 0.000000 -1.567781
v -2.520535 0.157000 -1.577150
v -2.529822 0.157000 -1.535362
v -2.522876 0.000000 -1.567781
v -2.529822 0.157000 -1.535362
v -2.531527 0.000000 -1.525865
v -2.531527 0.000000 -1.525865
v -2.529822 0.157000 -1.535362
v -2.536264 0.157000 -1.493021
v -2.531527 0.000000 -1.525865
v -2.536264 0.157000 -1.493021
v -2.537317 0.000000 -1.483436
v -2.537317 0.000000 -1.483436
v -2.536264 0.157000 -1.493021
v -2.539816 0.157000 -1.450329
v -2.537317 0.000000 -1.483436
v -2.539816 0.157000 -1.450329
v -2.540217 0.000000 -1.440704
v -2.540217 0.000000 -1.440704
v -2.539816 0.157000 -1.450329
v -2.540468 0.157000 -1.407485
v -2.540217 0.000000 -1.440704
v -2.540468 0.157000 -1.407485
v -2.540217 0.000000 -1.397876
v -2.540217 0.000000 -1.397876
v -2.540468 0.157000 -1.407485
v -2.538213 0.157000 -1.364704
v -2.540217 0.000000 -1.397876
v -2.538213 0.157000 -1.364704
v -2.537317 0.000000 -1.355144
v -2.537317 0.000000 -1.355144
v -2.538213 0.157000 -1.364704
v -2.533074 0.157000 -1.322180
v -2.537317 0.000000 -1.355144
v -2.533074 0.157000 -1.322180
v -2.531527 0.000000 -1.312715
v -2.531527 0.000000 -1.312715
v -2.533074 0.157000 -1.322180
v -2.525053 0.157000 -1.280112
v -2.531527 0.000000 -1.312715
v -2.525053 0.157000 -1.280112
v -2.522876 0.000000 -1.270799
v -2.522876 0.000000 -1.270799
v -2.525053 0.157000 -1.280112
v -2.514202 0.157000 -1.238716
v -2.522876 0.000000 -1.270799
v -2.514202 0.157000 -1.238716
v -2.511405 0.000000 -1.229587
v -2.511405 0.000000 -1.229587
v -2.514202 0.157000 -1.238716
v -2.500578 0.157000 -1.198184
v -2.511405 0.000000 -1.229587
v -2.500578 0.157000 -1.198184
v -2.497168 0.000000 -1.189287
v -2.497168 0.000000 -1.189287
v -2.500578 0.157000 -1.198184
v -2.484235 0.157000 -1.158700
v -2.497168 0.000000 -1.189287
v -2.484235 0.157000 -1.158700
v -2.480236 0.000000 -1.150075
v -2.480236 0.000000 -1.150075
v -2.484235 0.157000 -1.158700
v -2.465252 0.157000 -1.120456
v -2.480236 0.000000 -1.150075
v -2.465252 0.157000 -1.120456
v -2.460687 0.000000 -1.112151
v -2.460687 0.000000 -1.112151
v -2.465252 0.157000 -1.120456
v -2.443732 0.157000 -1.083644
v -2.460687 0.000000 -1.112151
v -2.443732 0.157000 -1.083644
v -2.438617 0.000000 -1.075684
v -2.438617 0.000000 -1.075684
v -2.443732 0.157000 -1.083644
v -2.419760 0.157000 -1.048425
v -2.438617 0.000000 -1.075684
v -2.419760 0.157000 -1.048425
v -2.414127 0.000000 -1.040856
v -2.414127 0.000000 -1.040856
v -2.419760 0.157000 -1.048425
v -2.393463 0.157000 -1.014982
v -2.414127 0.000000 -1.040856
v -2.393463 0.157000 -1.014982
v -2.387342 0.000000 -1.007837
v -2.387342 0.000000 -1.007837
v -2.393463 0.157000 -1.014982
v -2.364957 0.157000 -0.983466
v -2.387342 0.000000 -1.007837
v -2.364957 0.157000 -0.983466
v -2.358381 0.000000 -0.976778
v -2.358381 0.000000 -0.976778
v -2.364957 0.157000 -0.983466
v -2.334385 0.157000 -0.954023
v -2.358381 0.000000 -0.976778
v -2.334385 0.157000 -0.954023
v -2.327377 0.000000 -0.947823
v -2.327377 0.000000 -0.947823
v -2.334385 0.157000 -0.954023
v -2.301896 0.157000 -0.926805
v -2.327377 0.000000 -0.947823
v -2.301896 0.157000 -0.926805
v -2.294495 0.000000 -0.921116
v -2.294495 0.000000 -0.921116
v -2.301896 0.157000 -0.926805
v -2.267632 0.157000 -0.901930
v -2.294495 0.000000 -0.921116
v -2.267632 0.157000 -0.901930
v -2.259877 0.000000 -0.896786
v -2.259877 0.000000 -0.896786
v -2.267632 0.157000 -0.901930
v -2.231764 0.157000 -0.879520
v -2.259877 0.000000 -0.896786
v -2.231764 0.157000 -0.879520
v -2.223687 0.000000 -0.874943
v -2.223687 0.000000 -0.874943
v -2.231764 0.157000 -0.879520
v -2.194475 0.157000 -0.859694
v -2.223687 0.000000 -0.874943
v -2.194475 0.157000 -0.859694
v -2.186115 0.000000 -0.855694
v -2.186115 0.000000 -0.855694
v -2.194475 0.157000 -0.859694
v -2.155912 0.157000 -0.842532
v -2.186115 0.000000 -0.855694
v -2.155912 0.157000 -0.842532
v -2.147325 0.000000 -0.839132
v -2.147325 0.000000 -0.839132
v -2.155912 0.157000 -0.842532
v -2.116297 0.157000 -0.828115
v -2.147325 0.000000 -0.839132
v -2.116297 0.157000 -0.828115
v -2.107497 0.000000 -0.825338
v -2.107497 0.000000 -0.825338
v -2.116297 0.157000 -0.828115
v -2.075786 0.157000 -0.816522
v -2.107497 0.000000 -0.825338
v -2.075786 0.157000 -0.816522
v -2.066837 0.000000 -0.814369
v -2.066837 0.000000 -0.814369
v -2.075786 0.157000 -0.816522
v -2.034592 0.157000 -0.807801
v -2.066837 0.000000 -0.814369
v -2.034592 0.157000 -0.807801
v -2.025532 0.000000 -0.806289
v -2.025532 0.000000 -0.806289
v -2.034592 0.157000 -0.807801
v -1.992902 0.157000 -0.801992
v -2.025532 0.000000 -0.806289
v -1.992902 0.157000 -0.801992
v -1.983772 0.000000 -0.801120
v -1.983772 0.000000 -0.801120
v -1.992902 0.157000 -0.801992
v -1.950914 0.157000 -0.799137
v -1.983772 0.000000 -0.801120
v -1.950914 0.157000 -0.799137
v -1.941768 0.000000 -0.798905
v -1.941768 0.000000 -0.798905
v -1.950914 0.157000 -0.799137
v -1.908840 0.157000 -0.799233
v -1.941768 0.000000 -0.798905
v -1.908840 0.157000 -0.799233
v -1.899710 0.000000 -0.799645
v -1.899710 0.000000 -0.799645
v -1.908840 0.157000 -0.799233
v -1.866875 0.157000 -0.802280
v -1.899710 0.000000 -0.799645
v -1.866875 0.157000 -0.802280
v -1.857808 0.000000 -0.803336
v -1.857808 0.000000 -0.803336
v -1.866875 0.157000 -0.802280
v -1.825209 0.157000 -0.808281
v -1.857808 0.000000 -0.803336
v -1.825209 0.157000 -0.808281
v -1.816244 0.000000 -0.809961
v -1.816244 0.000000 -0.809961
v -1.825209 0.157000 -0.808281
v -1.784054 0.157000 -0.817194
v -1.816244 0.000000 -0.809961
v -1.784054 0.157000 -0.817194
v -1.775238 0.000000 -0.819498
v -1.775238 0.000000 -0.819498
v -1.784054 0.157000 -0.817194
v -1.743598 0.157000 -0.828971
v -1.775238 0.000000 -0.819498
v -1.743598 0.157000 -0.828971
v -1.734971 0.000000 -0.831883
v -1.734971 0.000000 -0.831883
v -1.743598 0.157000 -0.828971
v -1.704038 0.157000 -0.843564
v -1.734971 0.000000 -0.831883
v -1.704038 0.157000 -0.843564
v -1.695646 0.000000 -0.847077
v -1.695646 0.000000 -0.847077
v -1.704038 0.157000 -0.843564
v -1.665562 0.157000 -0.860902
v -1.695646 0.000000 -0.847077
v -1.665562 0.157000 -0.860902
v -1.657437 0.000000 -0.864991
v -1.657437 0.000000 -0.864991
v -1.665562 0.157000 -0.860902
v -1.628351 0.157000 -0.880904
v -1.657437 0.000000 -0.864991
v -1.628351 0.157000 -0.880904
v -1.620533 0.000000 -0.885545
v -1.620533 0.000000 -0.885545
v -1.628351 0.157000 -0.880904
v -1.592585 0.157000 -0.903474
v -1.620533 0.000000 -0.885545
v -1.592585 0.157000 -0.903474
v -1.585113 0.000000 -0.908643
v -1.585113 0.000000 -0.908643
v -1.592585 0.157000 -0.903474
v -1.558439 0.157000 -0.928501
v -1.585113 0.000000 -0.908643
v -1.558439 0.157000 -0.928501
v -1.551336 0.000000 -0.934181
v -1.551336 0.000000 -0.934181
v -1.558439 0.157000 -0.928501
v -1.526060 0.157000 -0.955880
v -1.551336 0.000000 -0.934181
v -1.526060 0.157000 -0.955880
v -1.519381 0.000000 -0.962024
v -1.519381 0.000000 -0.962024
v -1.526060 0.157000 -0.955880
v -1.495621 0.157000 -0.985458
v -1.519381 0.000000 -0.962024
v -1.495621 0.157000 -0.985458
v -1.489383 0.000000 -0.992051
v -1.489383 0.000000 -0.992051
v -1.495621 0.157000 -0.985458
v -1.467257 0.157000 -1.017102
v -1.489383 0.000000 -0.992051
v -1.467257 0.157000 -1.017102
v -1.461483 0.000000 -1.024110
v -1.461483 0.000000 -1.024110
v -1.467257 0.157000 -1.017102
v -1.441109 0.157000 -1.050673
v -1.461483 0.000000 -1.024110
v -1.441109 0.157000 -1.050673
v -1.435829 0.000000 -1.058058
v -1.435829 0.000000 -1.058058
v -1.441109 0.157000 -1.050673
v -1.417295 0.157000 -1.085997
v -1.435829 0.000000 -1.058058
v -1.417295 0.157000 -1.085997
v -1.412541 0.000000 -1.093725
v -1.412541 0.000000 -1.093725
v -1.417295 0.157000 -1.085997
v -1.395931 0.157000 -1.122904
v -1.412541 0.000000 -1.093725
v -1.395931 0.157000 -1.122904
v -1.391712 0.000000 -1.130937
v -1.391712 0.000000 -1.130937
v -1.395931 0.157000 -1.122904
v -1.377121 0.157000 -1.161236
v -1.391712 0.000000 -1.130937
v -1.377121 0.157000 -1.161236
v -1.373468 0.000000 -1.169533
v -1.373468 0.000000 -1.169533
v -1.377121 0.157000 -1.161236
v -1.360951 0.157000 -1.200792
v -1.373468 0.000000 -1.169533
v -1.360951 0.157000 -1.200792
v -1.357872 0.000000 -1.209313
v -1.357872 0.000000 -1.209313
v -1.360951 0.157000 -1.200792
v -1.347508 0.157000 -1.241388
v -1.357872 0.000000 -1.209313
v -1.347508 0.157000 -1.241388
v -1.345010 0.000000 -1.250093
v -1.345010 0.000000 -1.250093
v -1.347508 0.157000 -1.241388
v -1.336838 0.157000 -1.282832
v -1.345010 0.000000 -1.250093
v -1.336838 0.157000 -1.282832
v -1.334945 0.000000 -1.291681
v -1.334945 0.000000 -1.291681
v -1.336838 0.157000 -1.282832
v -1.329005 0.157000 -1.324932
v -1.334945 0.000000 -1.291681
v -1.329005 0.157000 -1.324932
v -1.327724 0.000000 -1.333877
v -1.327724 0.000000 -1.333877
v -1.329005 0.157000 -1.324932
v -1.324047 0.157000 -1.367481
v -1.327724 0.000000 -1.333877
v -1.324047 0.157000 -1.367481
v -1.323371 0.000000 -1.376482
v -1.323371 0.000000 -1.376482
v -1.324047 0.157000 -1.367481
v -1.321981 0.157000 -1.410277
v -1.323371 0.000000 -1.376482
v -1.321981 0.157000 -1.410277
v -1.321918 0.000000 -1.419286
v -1.321918 0.000000 -1.419286
v -1.321981 0.157000 -1.410277
v -1.322829 0.157000 -1.453113
v -1.321918 0.000000 -1.419286
v -1.322829 0.157000 -1.453113
v -1.323371 0.000000 -1.462098
v -1.323371 0.000000 -1.462098
v -1.322829 0.157000 -1.453113
v -1.326569 0.157000 -1.495790
v -1.323371 0.000000 -1.462098
v -1.326569 0.157000 -1.495790
v -1.327724 0.000000 -1.504702
v -1.327724 0.000000 -1.504702
v -1.326569 0.157000 -1.495790
v -1.333193 0.157000 -1.538106
v -1.327724 0.000000 -1.504702
v -1.333193 0.157000 -1.538106
v -1.334945 0.000000 -1.546899
v -1.334945 0.000000 -1.546899
v -1.333193 0.157000 -1.538106
v -1.342676 0.157000 -1.579846
v -1.334945 0.000000 -1.546899
v -1.342676 0.157000 -1.579846
v -1.345010 0.000000 -1.588487
v -1.345010 0.000000 -1.588487
v -1.342676 0.157000 -1.579846
v -1.354957 0.157000 -1.620826
v -1.345010 0.000000 -1.588487
v -1.354957 0.157000 -1.620826
v -1.357872 0.000000 -1.629267
v -1.357872 0.000000 -1.629267
v -1.354957 0.157000 -1.620826
v -1.369987 0.157000 -1.660846
v -1.357872 0.000000 -1.629267
v -1.369987 0.157000 -1.660846
v -1.373468 0.000000 -1.669047
v -1.373468 0.000000 -1.669047
v -1.369987 0.157000 -1.660846
v -1.387697 0.157000 -1.699714
v -1.373468 0.000000 -1.669047
v -1.387697 0.157000 -1.699714
v -1.391712 0.000000 -1.707643
v -1.391712 0.000000 -1.707643
v -1.387697 0.157000 -1.699714
v -1.408000 0.157000 -1.737238
v -1.391712 0.000000 -1.707643
v -1.408000 0.157000 -1.737238
v -1.412541 0.000000 -1.744854
v -1.412541 0.000000 -1.744854
v -1.408000 0.157000 -1.737238
v -1.430801 0.157000 -1.773257
v -1.412541 0.000000 -1.744854
v -1.430801 0.157000 -1.773257
v -1.435829 0.000000 -1.780522
v -1.435829 0.000000 -1.780522
v -1.430801 0.157000 -1.773257
v -1.455983 0.157000 -1.807581
v -1.435829 0.000000 -1.780522
v -1.455983 0.157000 -1.807581
v -1.461483 0.000000 -1.814469
v -1.461483 0.000000 -1.814469
v -1.455983 0.157000 -1.807581
v -1.483427 0.157000 -1.840056
v -1.461483 0.000000 -1.814469
v -1.483427 0.157000 -1.840056
v -1.489383 0.000001 -1.846529
v -1.489383 0.000001 -1.846529
v -1.483427 0.157000 -1.840056
v -1.513017 0.157000 -1.870523
v -1.489383 0.000001 -1.846529
v -1.513017 0.157000 -1.870523
v -1.519381 0.000001 -1.876556
v -1.519381 0.000001 -1.876556
v -1.513017 0.157000 -1.870523
v -1.544594 0.157000 -1.898838
v -1.519381 0.000001 -1.876556
v -1.544594 0.157000 -1.898838
v -1.551336 0.000001 -1.904398
v -1.551336 0.000001 -1.904398
v -1.544594 0.157000 -1.898838
v -1.578018 0.157000 -1.924864
v -1.551336 0.000001 -1.904398
v -1.578018 0.157000 -1.924864
v -1.585113 0.000001 -1.929929
v -1.585113 0.000001 -1.929929
v -1.578018 0.157000 -1.924864
v -1.613124 0.157000 -1.948483
v -1.585113 0.000001 -1.929929
v -1.613124 0.157000 -1.948483
v -1.620533 0.000001 -1.953035
v -1.620533 0.000001 -1.953035
v -1.613124 0.157000 -1.948483
v -1.649745 0.157000 -1.969581
v -1.620533 0.000001 -1.953035
v -1.649745 0.157000 -1.969581
v -1.657437 0.000001 -1.973589
v -1.657437 0.000001 -1.973589
v -1.649745 0.157000 -1.969581
v -1.687711 0.157000 -1.988055
v -1.657437 0.000001 -1.973589
v -1.687711 0.157000 -1.988055
v -1.695646 0.000001 -1.991503
v -1.695646 0.000001 -1.991503
v -1.687711 0.157000 -1.988055
v -1.726839 0.157000 -2.003808
v -1.695646 0.000001 -1.991503
v -1.726839 0.157000 -2.003808
v -1.734971 0.000001 -2.006697
v -1.734971 0.000001 -2.006697
v -1.726839 0.157000 -2.003808
v -1.766941 0.157000 -2.016778
v -1.734971 0.000001 -2.006697
v -1.766941 0.157000 -2.016778
v -1.775238 0.000001 -2.019082
v -1.775238 0.000001 -2.019082
v -1.766941 0.157000 -2.016778
v -1.807821 0.157000 -2.026907
v -1.775238 0.000001 -2.019082
v -1.807821 0.157000 -2.026907
v -1.816244 0.000001 -2.028611
v -1.816244 0.000001 -2.028611
v -1.807821 0.157000 -2.026907
v -1.849299 0.157000 -2.034131
v -1.816244 0.000001 -2.028611
v -1.849299 0.157000 -2.034131
v -1.857808 0.000001 -2.035244
v -1.857808 0.000001 -2.035244
v -1.849299 0.157000 -2.034131
v -1.891161 0.157000 -2.038420
v -1.857808 0.000001 -2.035244
v -1.891161 0.157000 -2.038420
v -1.899710 0.000001 -2.038932
v -1.899710 0.000001 -2.038932
v -1.891161 0.157000 -2.038420
v -1.933220 0.157000 -2.039764
v -1.899710 0.000001 -2.038932
v -1.933220 0.157000 -2.039764
v -1.941768 0.000001 -2.039676
v -1.941768 0.000001 -2.039676
v -1.933220 0.157000 -2.039764
v -1.975271 0.157000 -2.038148
v -1.941768 0.000001 -2.039676
v -1.975271 0.157000 -2.038148
v -1.983772 0.000001 -2.037460
v -1.983772 0.000001 -2.037460
v -1.975271 0.157000 -2.038148
v -2.017102 0.157000 -2.033579
v -1.983772 0.000001 -2.037460
v -2.017102 0.157000 -2.033579
v -2.025532 0.000001 -2.032291
v -2.025532 0.000001 -2.032291
v -2.017102 0.157000 -2.033579
v -2.058532 0.157000 -2.026083
v -2.025532 0.000001 -2.032291
v -2.058532 0.157000 -2.026083
v -2.066837 0.000001 -2.024210
v -2.066837 0.000001 -2.024210
v -2.058532 0.157000 -2.026083
v -2.099349 0.157000 -2.015690
v -2.066837 0.000001 -2.024210
v -2.099349 0.157000 -2.015690
v -2.107497 0.000001 -2.013241
v -2.107497 0.000001 -2.013241
v -2.099349 0.157000 -2.015690
v -2.139373 0.157000 -2.002456
v -2.107497 0.000001 -2.013241
v -2.139373 0.157000 -2.002456
v -2.147325 0.000001 -1.999440
v -2.147325 0.000001 -1.999440
v -2.139373 0.157000 -2.002456
v -2.178391 0.157000 -1.986439
v -2.147325 0.000001 -1.999440
v -2.178391 0.157000 -1.986439
v -2.186115 0.000001 -1.982886
v -2.186115 0.000001 -1.982886
v -2.178391 0.157000 -1.986439
v -2.216247 0.157000 -1.967717
v -2.186115 0.000001 -1.982886
v -2.216247 0.157000 -1.967717
v -2.223687 0.000001 -1.963636
v -2.223687 0.000001 -1.963636
v -2.216247 0.157000 -1.967717
v -2.252735 0.157000 -1.946379
v -2.223687 0.000001 -1.963636
v -2.252735 0.157000 -1.946379
v -2.252735 0.137375 -1.946379
v -2.223687 0.000001 -1.963636
v -2.252735 0.137375 -1.946379
v -2.259877 0.000001 -1.941794
v -2.259877 0.000001 -1.941794
v -2.252735 0.137375 -1.946379
v -2.264230 0.137375 -1.938922
v -2.259877 0.000001 -1.941794
v -2.264230 0.137375 -1.938922
v -2.275560 0.137375 -1.931217
v -2.259877 0.000001 -1.941794
v -2.275560 0.137375 -1.931217
v -2.294495 0.000001 -1.917464
v -2.294495 0.000001 -1.917464
v -2.275560 0.137375 -1.931217
v -2.286716 0.137375 -1.923248
v -2.227852 0.137374 1.924872
v -2.227852 0.157000 1.924872
v -2.223687 -0.000001 1.927209
v -2.223687 -0.000001 1.927209
v -2.227852 0.157000 1.924872
v -2.190413 0.157000 1.944426
v -2.223687 -0.000001 1.927209
v -2.190413 0.157000 1.944426
v -2.186115 -0.000001 1.946459
v -2.186115 -0.000001 1.946459
v -2.190413 0.157000 1.944426
v -2.151740 0.157000 1.961292
v -2.186115 -0.000001 1.946459
v -2.151740 0.157000 1.961292
v -2.147325 -0.000001 1.963020
v -2.147325 -0.000001 1.963020
v -2.151740 0.157000 1.961292
v -2.112023 0.157000 1.975406
v -2.147325 -0.000001 1.963020
v -2.112023 0.157000 1.975406
v -2.107497 -0.000001 1.976822
v -2.107497 -0.000001 1.976822
v -2.112023 0.157000 1.975406
v -2.071441 0.157000 1.986695
v -2.107497 -0.000001 1.976822
v -2.071441 0.157000 1.986695
v -2.066837 -0.000001 1.987783
v -2.066837 -0.000001 1.987783
v -2.071441 0.157000 1.986695
v -2.030184 0.157000 1.995111
v -2.066837 -0.000001 1.987783
v -2.030184 0.157000 1.995111
v -2.025532 -0.000001 1.995872
v -2.025532 -0.000001 1.995872
v -2.030184 0.157000 1.995111
v -1.988463 0.157000 2.000600
v -2.025532 -0.000001 1.995872
v -1.988463 0.157000 2.000600
v -1.983772 -0.000001 2.001032
v -1.983772 -0.000001 2.001032
v -1.988463 0.157000 2.000600
v -1.946467 0.157000 2.003152
v -1.983772 -0.000001 2.001032
v -1.946467 0.157000 2.003152
v -1.941768 -0.000001 2.003248
v -1.941768 -0.000001 2.003248
v -1.946467 0.157000 2.003152
v -1.904400 0.157000 2.002744
v -1.941768 -0.000001 2.003248
v -1.904400 0.157000 2.002744
v -1.899710 -0.000001 2.002512
v -1.899710 -0.000001 2.002512
v -1.904400 0.157000 2.002744
v -1.862459 0.157000 1.999376
v -1.899710 -0.000001 2.002512
v -1.862459 0.157000 1.999376
v -1.857808 -0.000001 1.998816
v -1.857808 -0.000001 1.998816
v -1.862459 0.157000 1.999376
v -1.820848 0.157000 1.993071
v -1.857808 -0.000001 1.998816
v -1.820848 0.157000 1.993071
v -1.816244 -0.000001 1.992191
v -1.816244 -0.000001 1.992191
v -1.820848 0.157000 1.993071
v -1.779764 0.157000 1.983862
v -1.816244 -0.000001 1.992191
v -1.779764 0.157000 1.983862
v -1.775238 -0.000001 1.982662
v -1.775238 -0.000001 1.982662
v -1.779764 0.157000 1.983862
v -1.739394 0.157000 1.971789
v -1.775238 -0.000001 1.982662
v -1.739394 0.157000 1.971789
v -1.734971 -0.000001 1.970269
v -1.734971 -0.000001 1.970269
v -1.739394 0.157000 1.971789
v -1.699952 0.157000 1.956900
v -1.734971 -0.000001 1.970269
v -1.699952 0.157000 1.956900
v -1.695646 -0.000001 1.955083
v -1.695646 -0.000001 1.955083
v -1.699952 0.157000 1.956900
v -1.661602 0.157000 1.939282
v -1.695646 -0.000001 1.955083
v -1.661602 0.157000 1.939282
v -1.657437 -0.000001 1.937170
v -1.657437 -0.000001 1.937170
v -1.661602 0.157000 1.939282
v -1.624540 0.157000 1.919008
v -1.657437 -0.000001 1.937170
v -1.624540 0.157000 1.919008
v -1.620533 -0.000001 1.916608
v -1.620533 -0.000001 1.916608
v -1.624540 0.157000 1.919008
v -1.588948 0.157000 1.896182
v -1.620533 -0.000001 1.916608
v -1.588948 0.157000 1.896182
v -1.585113 -0.000001 1.893509
v -1.585113 -0.000001 1.893509
v -1.588948 0.157000 1.896182
v -1.554974 0.157000 1.870907
v -1.585113 -0.000001 1.893509
v -1.554974 0.157000 1.870907
v -1.551336 -0.000000 1.867971
v -1.551336 -0.000000 1.867971
v -1.554974 0.157000 1.870907
v -1.522799 0.157000 1.843304
v -1.551336 -0.000000 1.867971
v -1.522799 0.157000 1.843304
v -1.519381 -0.000000 1.840128
v -1.519381 -0.000000 1.840128
v -1.522799 0.157000 1.843304
v -1.492573 0.157000 1.813501
v -1.519381 -0.000000 1.840128
v -1.492573 0.157000 1.813501
v -1.489383 -0.000000 1.810101
v -1.489383 -0.000000 1.810101
v -1.492573 0.157000 1.813501
v -1.464445 0.157000 1.781658
v -1.489383 -0.000000 1.810101
v -1.464445 0.157000 1.781658
v -1.461483 -0.000000 1.778042
v -1.461483 -0.000000 1.778042
v -1.464445 0.157000 1.781658
v -1.438532 0.157000 1.747903
v -1.461483 -0.000000 1.778042
v -1.438532 0.157000 1.747903
v -1.435829 -0.000000 1.744102
v -1.435829 -0.000000 1.744102
v -1.438532 0.157000 1.747903
v -1.414969 0.157000 1.712411
v -1.435829 -0.000000 1.744102
v -1.414969 0.157000 1.712411
v -1.412541 -0.000000 1.708435
v -1.412541 -0.000000 1.708435
v -1.414969 0.157000 1.712411
v -1.393865 0.157000 1.675352
v -1.412541 -0.000000 1.708435
v -1.393865 0.157000 1.675352
v -1.391712 -0.000000 1.671215
v -1.391712 -0.000000 1.671215
v -1.393865 0.157000 1.675352
v -1.375330 0.157000 1.636900
v -1.391712 -0.000000 1.671215
v -1.375330 0.157000 1.636900
v -1.373468 -0.000000 1.632627
v -1.373468 -0.000000 1.632627
v -1.375330 0.157000 1.636900
v -1.359443 0.157000 1.597232
v -1.373468 -0.000000 1.632627
v -1.359443 0.157000 1.597232
v -1.357872 -0.000000 1.592839
v -1.357872 -0.000000 1.592839
v -1.359443 0.157000 1.597232
v -1.346274 0.157000 1.556540
v -1.357872 -0.000000 1.592839
v -1.346274 0.157000 1.556540
v -1.345010 -0.000000 1.552059
v -1.345010 -0.000000 1.552059
v -1.346274 0.157000 1.556540
v -1.335903 0.157000 1.515023
v -1.345010 -0.000000 1.552059
v -1.335903 0.157000 1.515023
v -1.334945 -0.000000 1.510471
v -1.334945 -0.000000 1.510471
v -1.335903 0.157000 1.515023
v -1.328368 0.157000 1.472875
v -1.334945 -0.000000 1.510471
v -1.328368 0.157000 1.472875
v -1.327724 -0.000000 1.468275
v -1.327724 -0.000000 1.468275
v -1.328368 0.157000 1.472875
v -1.323709 0.157000 1.430303
v -1.327724 -0.000000 1.468275
v -1.323709 0.157000 1.430303
v -1.323371 -0.000000 1.425671
v -1.323371 -0.000000 1.425671
v -1.323709 0.157000 1.430303
v -1.321933 0.157000 1.387499
v -1.323371 -0.000000 1.425671
v -1.321933 0.157000 1.387499
v -1.321918 -0.000000 1.382866
v -1.321918 -0.000000 1.382866
v -1.321933 0.157000 1.387499
v -1.323073 0.157000 1.344679
v -1.321918 -0.000000 1.382866
v -1.323073 0.157000 1.344679
v -1.323371 -0.000000 1.340054
v -1.323371 -0.000000 1.340054
v -1.323073 0.157000 1.344679
v -1.327111 0.157000 1.302034
v -1.323371 -0.000000 1.340054
v -1.327111 0.157000 1.302034
v -1.327724 -0.000000 1.297458
v -1.327724 -0.000000 1.297458
v -1.327111 0.157000 1.302034
v -1.334025 0.157000 1.259782
v -1.327724 -0.000000 1.297458
v -1.334025 0.157000 1.259782
v -1.334945 -0.000000 1.255262
v -1.334945 -0.000000 1.255262
v -1.334025 0.157000 1.259782
v -1.343792 0.157000 1.218114
v -1.334945 -0.000000 1.255262
v -1.343792 0.157000 1.218114
v -1.345010 -0.000000 1.213673
v -1.345010 -0.000000 1.213673
v -1.343792 0.157000 1.218114
v -1.356355 0.157000 1.177230
v -1.345010 -0.000000 1.213673
v -1.356355 0.157000 1.177230
v -1.357872 -0.000000 1.172885
v -1.357872 -0.000000 1.172885
v -1.356355 0.157000 1.177230
v -1.371669 0.157000 1.137322
v -1.357872 -0.000000 1.172885
v -1.371669 0.157000 1.137322
v -1.373468 -0.000000 1.133105
v -1.373468 -0.000000 1.133105
v -1.371669 0.157000 1.137322
v -1.389638 0.157000 1.098590
v -1.373468 -0.000000 1.133105
v -1.389638 0.157000 1.098590
v -1.391712 -0.000000 1.094517
v -1.391712 -0.000000 1.094517
v -1.389638 0.157000 1.098590
v -1.410192 0.157000 1.061210
v -1.391712 -0.000000 1.094517
v -1.410192 0.157000 1.061210
v -1.412541 -0.000000 1.057298
v -1.412541 -0.000000 1.057298
v -1.410192 0.157000 1.061210
v -1.433229 0.157000 1.025358
v -1.412541 -0.000000 1.057298
v -1.433229 0.157000 1.025358
v -1.435829 -0.000000 1.021630
v -1.435829 -0.000000 1.021630
v -1.433229 0.157000 1.025358
v -1.458638 0.157000 0.991227
v -1.435829 -0.000000 1.021630
v -1.458638 0.157000 0.991227
v -1.461483 -0.000000 0.987691
v -1.461483 -0.000000 0.987691
v -1.458638 0.157000 0.991227
v -1.486303 0.157000 0.958944
v -1.461483 -0.000000 0.987691
v -1.486303 0.157000 0.958944
v -1.489383 -0.000000 0.955632
v -1.489383 -0.000000 0.955632
v -1.486303 0.157000 0.958944
v -1.516089 0.157000 0.928693
v -1.489383 -0.000000 0.955632
v -1.516089 0.157000 0.928693
v -1.519381 -0.000000 0.925605
v -1.519381 -0.000000 0.925605
v -1.516089 0.157000 0.928693
v -1.547855 0.157000 0.900610
v -1.519381 -0.000000 0.925605
v -1.547855 0.157000 0.900610
v -1.551336 -0.000000 0.897754
v -1.551336 -0.000000 0.897754
v -1.547855 0.157000 0.900610
v -1.581444 0.157000 0.874815
v -1.551336 -0.000000 0.897754
v -1.581444 0.157000 0.874815
v -1.585113 -0.000000 0.872223
v -1.585113 -0.000000 0.872223
v -1.581444 0.157000 0.874815
v -1.616706 0.157000 0.851445
v -1.585113 -0.000000 0.872223
v -1.616706 0.157000 0.851445
v -1.620533 -0.000000 0.849125
v -1.620533 -0.000000 0.849125
v -1.616706 0.157000 0.851445
v -1.653470 0.157000 0.830619
v -1.620533 -0.000000 0.849125
v -1.653470 0.157000 0.830619
v -1.657437 -0.000000 0.828571
v -1.657437 -0.000000 0.828571
v -1.653470 0.157000 0.830619
v -1.691553 0.157000 0.812417
v -1.657437 -0.000000 0.828571
v -1.691553 0.157000 0.812417
v -1.695646 -0.000000 0.810649
v -1.695646 -0.000000 0.810649
v -1.691553 0.157000 0.812417
v -1.730775 0.157000 0.796931
v -1.695646 -0.000000 0.810649
v -1.730775 0.157000 0.796931
v -1.734971 -0.000000 0.795461
v -1.734971 -0.000000 0.795461
v -1.730775 0.157000 0.796931
v -1.770964 0.157000 0.784241
v -1.734971 -0.000000 0.795461
v -1.770964 0.157000 0.784241
v -1.775238 -0.000000 0.783072
v -1.775238 -0.000000 0.783072
v -1.770964 0.157000 0.784241
v -1.811907 0.157000 0.774405
v -1.775238 -0.000000 0.783072
v -1.811907 0.157000 0.774405
v -1.816244 -0.000000 0.773541
v -1.816244 -0.000000 0.773541
v -1.811907 0.157000 0.774405
v -1.853424 0.157000 0.767472
v -1.816244 -0.000000 0.773541
v -1.853424 0.157000 0.767472
v -1.857808 -0.000000 0.766912
v -1.857808 -0.000000 0.766912
v -1.853424 0.157000 0.767472
v -1.895310 0.157000 0.763469
v -1.857808 -0.000000 0.766912
v -1.895310 0.157000 0.763469
v -1.899710 -0.000000 0.763221
v -1.899710 -0.000000 0.763221
v -1.895310 0.157000 0.763469
v -1.937361 0.157000 0.762420
v -1.899710 -0.000000 0.763221
v -1.937361 0.157000 0.762420
v -1.941768 -0.000000 0.762480
v -1.941768 -0.000000 0.762480
v -1.937361 0.157000 0.762420
v -1.979388 0.157000 0.764329
v -1.941768 -0.000000 0.762480
v -1.979388 0.157000 0.764329
v -1.983772 -0.000000 0.764698
v -1.983772 -0.000000 0.764698
v -1.979388 0.157000 0.764329
v -2.021188 0.157000 0.769186
v -1.983772 -0.000000 0.764698
v -2.021188 0.157000 0.769186
v -2.025532 -0.000000 0.769862
v -2.025532 -0.000000 0.769862
v -2.021188 0.157000 0.769186
v -2.062563 0.157000 0.776967
v -2.025532 -0.000000 0.769862
v -2.062563 0.157000 0.776967
v -2.066837 -0.000000 0.777944
v -2.066837 -0.000000 0.777944
v -2.062563 0.157000 0.776967
v -2.103302 0.157000 0.787640
v -2.066837 -0.000000 0.777944
v -2.103302 0.157000 0.787640
v -2.107497 -0.000000 0.788912
v -2.107497 -0.000000 0.788912
v -2.103302 0.157000 0.787640
v -2.143231 0.157000 0.801144
v -2.107497 -0.000000 0.788912
v -2.143231 0.157000 0.801144
v -2.147325 -0.000000 0.802712
v -2.147325 -0.000000 0.802712
v -2.143231 0.157000 0.801144
v -2.182139 0.157000 0.817426
v -2.147325 -0.000000 0.802712
v -2.182139 0.157000 0.817426
v -2.186115 -0.000000 0.819274
v -2.186115 -0.000000 0.819274
v -2.182139 0.157000 0.817426
v -2.219861 0.157000 0.836404
v -2.186115 -0.000000 0.819274
v -2.219861 0.157000 0.836404
v -2.223687 -0.000000 0.838516
v -2.223687 -0.000000 0.838516
v -2.219861 0.157000 0.836404
v -2.256200 0.157000 0.857982
v -2.223687 -0.000000 0.838516
v -2.256200 0.157000 0.857982
v -2.259877 -0.000000 0.860358
v -2.259877 -0.000000 0.860358
v -2.256200 0.157000 0.857982
v -2.290991 0.157000 0.882064
v -2.259877 -0.000000 0.860358
v -2.290991 0.157000 0.882064
v -2.294495 -0.000000 0.884696
v -2.294495 -0.000000 0.884696
v -2.290991 0.157000 0.882064
v -2.324069 0.157000 0.908539
v -2.294495 -0.000000 0.884696
v -2.324069 0.157000 0.908539
v -2.327377 -0.000000 0.911395
v -2.327377 -0.000000 0.911395
v -2.324069 0.157000 0.908539
v -2.355277 0.157000 0.937270
v -2.327377 -0.000000 0.911395
v -2.355277 0.157000 0.937270
v -2.358381 -0.000000 0.940350
v -2.358381 -0.000000 0.940350
v -2.355277 0.157000 0.937270
v -2.384458 0.157000 0.968129
v -2.358381 -0.000000 0.940350
v -2.384458 0.157000 0.968129
v -2.387342 -0.000000 0.971409
v -2.387342 -0.000000 0.971409
v -2.384458 0.157000 0.968129
v -2.411487 0.157000 1.000956
v -2.387342 -0.000000 0.971409
v -2.411487 0.157000 1.000956
v -2.414127 -0.000000 1.004436
v -2.414127 -0.000000 1.004436
v -2.411487 0.157000 1.000956
v -2.436221 0.157000 1.035616
v -2.414127 -0.000000 1.004436
v -2.436221 0.157000 1.035616
v -2.438617 -0.000000 1.039264
v -2.438617 -0.000000 1.039264
v -2.436221 0.157000 1.035616
v -2.458543 0.157000 1.071923
v -2.438617 -0.000000 1.039264
v -2.458543 0.157000 1.071923
v -2.460687 -0.000000 1.075724
v -2.460687 -0.000000 1.075724
v -2.458543 0.157000 1.071923
v -2.478358 0.157000 1.109711
v -2.460687 -0.000000 1.075724
v -2.478358 0.157000 1.109711
v -2.480236 -0.000000 1.113647
v -2.480236 -0.000000 1.113647
v -2.478358 0.157000 1.109711
v -2.495565 0.157000 1.148803
v -2.480236 -0.000000 1.113647
v -2.495565 0.157000 1.148803
v -2.497168 -0.000000 1.152859
v -2.497168 -0.000000 1.152859
v -2.495565 0.157000 1.148803
v -2.510077 0.157000 1.189015
v -2.497168 -0.000000 1.152859
v -2.510077 0.157000 1.189015
v -2.511405 -0.000000 1.193167
v -2.511405 -0.000000 1.193167
v -2.510077 0.157000 1.189015
v -2.521839 0.157000 1.230147
v -2.511405 -0.000000 1.193167
v -2.521839 0.157000 1.230147
v -2.522876 -0.000000 1.234371
v -2.522876 -0.000000 1.234371
v -2.521839 0.157000 1.230147
v -2.530772 0.157000 1.272007
v -2.522876 -0.000000 1.234371
v -2.530772 0.157000 1.272007
v -2.531527 -0.000000 1.276288
v -2.531527 -0.000000 1.276288
v -2.530772 0.157000 1.272007
v -2.536862 0.157000 1.314395
v -2.531527 -0.000000 1.276288
v -2.536862 0.157000 1.314395
v -2.537317 -0.000000 1.318724
v -2.537317 -0.000000 1.318724
v -2.536862 0.157000 1.314395
v -2.540060 0.157000 1.357112
v -2.537317 -0.000000 1.318724
v -2.540060 0.157000 1.357112
v -2.540217 -0.000000 1.361448
v -2.540217 -0.000000 1.361448
v -2.540060 0.157000 1.357112
v -2.540350 0.157000 1.399948
v -2.540217 -0.000000 1.361448
v -2.540350 0.157000 1.399948
v -2.540217 -0.000000 1.404284
v -2.540217 -0.000000 1.404284
v -2.540350 0.157000 1.399948
v -2.537742 0.157000 1.442704
v -2.540217 -0.000000 1.404284
v -2.537742 0.157000 1.442704
v -2.537317 -0.000000 1.447017
v -2.537317 -0.000000 1.447017
v -2.537742 0.157000 1.442704
v -2.532234 0.157000 1.485180
v -2.537317 -0.000000 1.447017
v -2.532234 0.157000 1.485180
v -2.531527 -0.000000 1.489437
v -2.531527 -0.000000 1.489437
v -2.532234 0.157000 1.485180
v -2.523874 0.157000 1.527161
v -2.531527 -0.000000 1.489437
v -2.523874 0.157000 1.527161
v -2.522876 -0.000000 1.531353
v -2.522876 -0.000000 1.531353
v -2.523874 0.157000 1.527161
v -2.512685 0.157000 1.568461
v -2.522876 -0.000000 1.531353
v -2.512685 0.157000 1.568461
v -2.511405 -0.000000 1.572565
v -2.511405 -0.000000 1.572565
v -2.512685 0.157000 1.568461
v -2.498724 0.157000 1.608873
v -2.511405 -0.000000 1.572565
v -2.498724 0.157000 1.608873
v -2.497168 -0.000000 1.612873
v -2.497168 -0.000000 1.612873
v -2.498724 0.157000 1.608873
v -2.482051 0.157000 1.648205
v -2.497168 -0.000000 1.612873
v -2.482051 0.157000 1.648205
v -2.480236 -0.000000 1.652077
v -2.480236 -0.000000 1.652077
v -2.482051 0.157000 1.648205
v -2.462762 0.157000 1.686273
v -2.480236 -0.000000 1.652077
v -2.462762 0.157000 1.686273
v -2.460687 -0.000000 1.690009
v -2.460687 -0.000000 1.690009
v -2.462762 0.157000 1.686273
v -2.440935 0.157000 1.722900
v -2.460687 -0.000000 1.690009
v -2.440935 0.157000 1.722900
v -2.438617 -0.000000 1.726469
v -2.438617 -0.000000 1.726469
v -2.440935 0.157000 1.722900
v -2.416680 0.157000 1.757904
v -2.438617 -0.000000 1.726469
v -2.416680 0.157000 1.757904
v -2.414127 -0.000000 1.761296
v -2.414127 -0.000000 1.761296
v -2.416680 0.157000 1.757904
v -2.390108 0.157000 1.791115
v -2.414127 -0.000000 1.761296
v -2.390108 0.157000 1.791115
v -2.387342 -0.000000 1.794315
v -2.387342 -0.000000 1.794315
v -2.390108 0.157000 1.791115
v -2.361351 0.157000 1.822382
v -2.387342 -0.000000 1.794315
v -2.361351 0.157000 1.822382
v -2.358381 -0.000000 1.825383
v -2.358381 -0.000000 1.825383
v -2.361351 0.157000 1.822382
v -2.330543 0.157000 1.851561
v -2.358381 -0.000000 1.825383
v -2.330543 0.157000 1.851561
v -2.327377 -0.000000 1.854329
v -2.327377 -0.000000 1.854329
v -2.330543 0.157000 1.851561
v -2.297834 0.157000 1.878492
v -2.327377 -0.000000 1.854329
v -2.297834 0.157000 1.878492
v -2.294495 -0.000000 1.881036
v -2.294495 -0.000000 1.881036
v -2.297834 0.157000 1.878492
v -2.263373 0.157000 1.903070
v -2.294495 -0.000000 1.881036
v -2.263373 0.157000 1.903070
v -2.263373 0.137374 1.903070
v -2.294495 -0.000000 1.881036
v -2.263373 0.137374 1.903070
v -2.259877 -0.000001 1.905375
v -2.259877 -0.000001 1.905375
v -2.263373 0.137374 1.903070
v -2.251698 0.137374 1.910615
v -2.259877 -0.000001 1.905375
v -2.251698 0.137374 1.910615
v -2.239849 0.137374 1.917880
v -2.259877 -0.000001 1.905375
v -2.239849 0.137374 1.917880
v -2.223687 -0.000001 1.927209
v -2.223687 -0.000001 1.927209
v -2.239849 0.137374 1.917880
v -2.227852 0.137374 1.924872
v 1.252846 -0.000000 1.425671
v 1.253263 0.157000 1.419046
v 1.254300 -0.000000 1.382866
v 1.254300 -0.000000 1.382866
v 1.253263 0.157000 1.419046
v 1.254261 0.157000 1.376226
v 1.254300 -0.000000 1.382866
v 1.254261 0.157000 1.376226
v 1.252846 -0.000000 1.340054
v 1.252846 -0.000000 1.340054
v 1.254261 0.157000 1.376226
v 1.252359 0.157000 1.333437
v 1.252846 -0.000000 1.340054
v 1.252359 0.157000 1.333437
v 1.248501 -0.000000 1.297458
v 1.248501 -0.000000 1.297458
v 1.252359 0.157000 1.333437
v 1.247566 0.157000 1.290889
v 1.248501 -0.000000 1.297458
v 1.247566 0.157000 1.290889
v 1.241273 -0.000000 1.255262
v 1.241273 -0.000000 1.255262
v 1.247566 0.157000 1.290889
v 1.239898 0.157000 1.248773
v 1.241273 -0.000000 1.255262
v 1.239898 0.157000 1.248773
v 1.231208 -0.000000 1.213673
v 1.231208 -0.000000 1.213673
v 1.239898 0.157000 1.248773
v 1.229393 0.157000 1.207297
v 1.231208 -0.000000 1.213673
v 1.229393 0.157000 1.207297
v 1.218346 -0.000000 1.172885
v 1.218346 -0.000000 1.172885
v 1.229393 0.157000 1.207297
v 1.216107 0.157000 1.166653
v 1.218346 -0.000000 1.172885
v 1.216107 0.157000 1.166653
v 1.202750 -0.000000 1.133105
v 1.202750 -0.000000 1.133105
v 1.216107 0.157000 1.166653
v 1.200094 0.157000 1.127041
v 1.202750 -0.000000 1.133105
v 1.200094 0.157000 1.127041
v 1.184506 -0.000000 1.094517
v 1.184506 -0.000000 1.094517
v 1.200094 0.157000 1.127041
v 1.181441 0.157000 1.088653
v 1.184506 -0.000000 1.094517
v 1.181441 0.157000 1.088653
v 1.163677 -0.000000 1.057298
v 1.163677 -0.000000 1.057298
v 1.181441 0.157000 1.088653
v 1.160235 0.157000 1.051665
v 1.163677 -0.000000 1.057298
v 1.160235 0.157000 1.051665
v 1.140388 -0.000000 1.021630
v 1.140388 -0.000000 1.021630
v 1.160235 0.157000 1.051665
v 1.136562 0.157000 1.016254
v 1.140388 -0.000000 1.021630
v 1.136562 0.157000 1.016254
v 1.114735 -0.000000 0.987691
v 1.114735 -0.000000 0.987691
v 1.136562 0.157000 1.016254
v 1.110555 0.157000 0.982594
v 1.114735 -0.000000 0.987691
v 1.110555 0.157000 0.982594
v 1.086843 -0.000000 0.955632
v 1.086843 -0.000000 0.955632
v 1.110555 0.157000 0.982594
v 1.082325 0.157000 0.950839
v 1.086843 -0.000000 0.955632
v 1.082325 0.157000 0.950839
v 1.056836 -0.000000 0.925605
v 1.056836 -0.000000 0.925605
v 1.082325 0.157000 0.950839
v 1.052012 0.157000 0.921140
v 1.056836 -0.000000 0.925605
v 1.052012 0.157000 0.921140
v 1.024882 -0.000000 0.897754
v 1.024882 -0.000000 0.897754
v 1.052012 0.157000 0.921140
v 1.019759 0.157000 0.893641
v 1.024882 -0.000000 0.897754
v 1.019759 0.157000 0.893641
v 0.991104 -0.000000 0.872223
v 0.991104 -0.000000 0.872223
v 1.019759 0.157000 0.893641
v 0.985722 0.157000 0.868479
v 0.991104 -0.000000 0.872223
v 0.985722 0.157000 0.868479
v 0.955685 -0.000000 0.849125
v 0.955685 -0.000000 0.849125
v 0.985722 0.157000 0.868479
v 0.950059 0.157000 0.845765
v 0.955685 -0.000000 0.849125
v 0.950059 0.157000 0.845765
v 0.918788 -0.000000 0.828571
v 0.918788 -0.000000 0.828571
v 0.950059 0.157000 0.845765
v 0.912942 0.157000 0.825611
v 0.918788 -0.000000 0.828571
v 0.912942 0.157000 0.825611
v 0.880579 -0.000000 0.810649
v 0.880579 -0.000000 0.810649
v 0.912942 0.157000 0.825611
v 0.874553 0.157000 0.808113
v 0.880579 -0.000000 0.810649
v 0.874553 0.157000 0.808113
v 0.841247 -0.000000 0.795461
v 0.841247 -0.000000 0.795461
v 0.874553 0.157000 0.808113
v 0.835063 0.157000 0.793356
v 0.841247 -0.000000 0.795461
v 0.835063 0.157000 0.793356
v 0.800979 -0.000000 0.783072
v 0.800979 -0.000000 0.783072
v 0.835063 0.157000 0.793356
v 0.794670 0.157000 0.781407
v 0.800979 -0.000000 0.783072
v 0.794670 0.157000 0.781407
v 0.759973 -0.000000 0.773541
v 0.759973 -0.000000 0.773541
v 0.794670 0.157000 0.781407
v 0.753562 0.157000 0.772324
v 0.759973 -0.000000 0.773541
v 0.753562 0.157000 0.772324
v 0.718414 -0.000000 0.766912
v 0.718414 -0.000000 0.766912
v 0.753562 0.157000 0.772324
v 0.711939 0.157000 0.766147
v 0.718414 -0.000000 0.766912
v 0.711939 0.157000 0.766147
v 0.676507 -0.000000 0.763221
v 0.676507 -0.000000 0.763221
v 0.711939 0.157000 0.766147
v 0.669997 0.157000 0.762912
v 0.676507 -0.000000 0.763221
v 0.669997 0.157000 0.762912
v 0.634452 -0.000000 0.762480
v 0.634452 -0.000000 0.762480
v 0.669997 0.157000 0.762912
v 0.627933 0.157000 0.762632
v 0.634452 -0.000000 0.762480
v 0.627933 0.157000 0.762632
v 0.592443 -0.000000 0.764698
v 0.592443 -0.000000 0.764698
v 0.627933 0.157000 0.762632
v 0.585953 0.157000 0.765306
v 0.592443 -0.000000 0.764698
v 0.585953 0.157000 0.765306
v 0.550687 -0.000000 0.769862
v 0.550687 -0.000000 0.769862
v 0.585953 0.157000 0.765306
v 0.544251 0.157000 0.770923
v 0.550687 -0.000000 0.769862
v 0.544251 0.157000 0.770923
v 0.509377 -0.000000 0.777944
v 0.509377 -0.000000 0.777944
v 0.544251 0.157000 0.770923
v 0.503033 0.157000 0.779457
v 0.509377 -0.000000 0.777944
v 0.503033 0.157000 0.779457
v 0.468718 -0.000000 0.788912
v 0.468718 -0.000000 0.788912
v 0.503033 0.157000 0.779457
v 0.462487 0.157000 0.790866
v 0.468718 -0.000000 0.788912
v 0.462487 0.157000 0.790866
v 0.428895 -0.000000 0.802712
v 0.428895 -0.000000 0.802712
v 0.462487 0.157000 0.790866
v 0.422814 0.157000 0.805097
v 0.428895 -0.000000 0.802712
v 0.422814 0.157000 0.805097
v 0.390107 -0.000000 0.819274
v 0.390107 -0.000000 0.819274
v 0.422814 0.157000 0.805097
v 0.384198 0.157000 0.822082
v 0.390107 -0.000000 0.819274
v 0.384198 0.157000 0.822082
v 0.352529 -0.000000 0.838516
v 0.352529 -0.000000 0.838516
v 0.384198 0.157000 0.822082
v 0.346824 0.157000 0.841740
v 0.352529 -0.000000 0.838516
v 0.346824 0.157000 0.841740
v 0.316346 -0.000000 0.860358
v 0.316346 -0.000000 0.860358
v 0.346824 0.157000 0.841740
v 0.310874 0.157000 0.863966
v 0.316346 -0.000000 0.860358
v 0.310874 0.157000 0.863966
v 0.281729 -0.000000 0.884696
v 0.281729 -0.000000 0.884696
v 0.310874 0.157000 0.863966
v 0.276516 0.157000 0.888681
v 0.281729 -0.000000 0.884696
v 0.276516 0.157000 0.888681
v 0.248840 -0.000000 0.911395
v 0.248840 -0.000000 0.911395
v 0.276516 0.157000 0.888681
v 0.243910 0.157000 0.915740
v 0.248840 -0.000000 0.911395
v 0.243910 0.157000 0.915740
v 0.217843 -0.000000 0.940350
v 0.217843 -0.000000 0.940350
v 0.243910 0.157000 0.915740
v 0.213216 0.157000 0.945031
v 0.217843 -0.000000 0.940350
v 0.213216 0.157000 0.945031
v 0.188878 -0.000000 0.971409
v 0.188878 -0.000000 0.971409
v 0.213216 0.157000 0.945031
v 0.184582 0.157000 0.976402
v 0.188878 -0.000000 0.971409
v 0.184582 0.157000 0.976402
v 0.162088 -0.000000 1.004436
v 0.162088 -0.000000 1.004436
v 0.184582 0.157000 0.976402
v 0.158140 0.157000 1.009717
v 0.162088 -0.000000 1.004436
v 0.158140 0.157000 1.009717
v 0.137601 -0.000000 1.039264
v 0.137601 -0.000000 1.039264
v 0.158140 0.157000 1.009717
v 0.134019 0.157000 1.044808
v 0.137601 -0.000000 1.039264
v 0.134019 0.157000 1.044808
v 0.115531 -0.000000 1.075724
v 0.115531 -0.000000 1.075724
v 0.134019 0.157000 1.044808
v 0.112331 0.157000 1.081508
v 0.115531 -0.000000 1.075724
v 0.112331 0.157000 1.081508
v 0.095981 -0.000000 1.113647
v 0.095981 -0.000000 1.113647
v 0.112331 0.157000 1.081508
v 0.093186 0.157000 1.119648
v 0.095981 -0.000000 1.113647
v 0.093186 0.157000 1.119648
v 0.079050 -0.000000 1.152859
v 0.079050 -0.000000 1.152859
v 0.093186 0.157000 1.119648
v 0.076667 0.157000 1.159036
v 0.079050 -0.000000 1.152859
v 0.076667 0.157000 1.159036
v 0.064815 -0.000000 1.193167
v 0.064815 -0.000000 1.193167
v 0.076667 0.157000 1.159036
v 0.062853 0.157000 1.199496
v 0.064815 -0.000000 1.193167
v 0.062853 0.157000 1.199496
v 0.053344 -0.000000 1.234371
v 0.053344 -0.000000 1.234371
v 0.062853 0.157000 1.199496
v 0.051819 0.157000 1.240828
v 0.053344 -0.000000 1.234371
v 0.051819 0.157000 1.240828
v 0.044695 -0.000000 1.276288
v 0.044695 -0.000000 1.276288
v 0.051819 0.157000 1.240828
v 0.043610 0.157000 1.282840
v 0.044695 -0.000000 1.276288
v 0.043610 0.157000 1.282840
v 0.038905 -0.000000 1.318724
v 0.038905 -0.000000 1.318724
v 0.043610 0.157000 1.282840
v 0.038264 0.157000 1.325325
v 0.038905 -0.000000 1.318724
v 0.038264 0.157000 1.325325
v 0.036004 -0.000000 1.361448
v 0.036004 -0.000000 1.361448
v 0.038264 0.157000 1.325325
v 0.035811 0.157000 1.368089
v 0.036004 -0.000000 1.361448
v 0.035811 0.157000 1.368089
v 0.036004 -0.000000 1.404284
v 0.036004 -0.000000 1.404284
v 0.035811 0.157000 1.368089
v 0.036263 0.157000 1.410917
v 0.036004 -0.000000 1.404284
v 0.036263 0.157000 1.410917
v 0.038905 -0.000000 1.447017
v 0.038905 -0.000000 1.447017
v 0.036263 0.157000 1.410917
v 0.039612 0.157000 1.453609
v 0.038905 -0.000000 1.447017
v 0.039612 0.157000 1.453609
v 0.044695 -0.000000 1.489437
v 0.044695 -0.000000 1.489437
v 0.039612 0.157000 1.453609
v 0.045847 0.157000 1.495974
v 0.044695 -0.000000 1.489437
v 0.045847 0.157000 1.495974
v 0.053344 -0.000000 1.531353
v 0.053344 -0.000000 1.531353
v 0.045847 0.157000 1.495974
v 0.054940 0.157000 1.537794
v 0.053344 -0.000000 1.531353
v 0.054940 0.157000 1.537794
v 0.064815 -0.000000 1.572565
v 0.064815 -0.000000 1.572565
v 0.054940 0.157000 1.537794
v 0.066840 0.157000 1.578878
v 0.064815 -0.000000 1.572565
v 0.066840 0.157000 1.578878
v 0.079050 -0.000000 1.612873
v 0.079050 -0.000000 1.612873
v 0.066840 0.157000 1.578878
v 0.081499 0.157000 1.619026
v 0.079050 -0.000000 1.612873
v 0.081499 0.157000 1.619026
v 0.095981 -0.000000 1.652077
v 0.095981 -0.000000 1.652077
v 0.081499 0.157000 1.619026
v 0.098839 0.157000 1.658046
v 0.095981 -0.000000 1.652077
v 0.098839 0.157000 1.658046
v 0.115531 -0.000000 1.690009
v 0.115531 -0.000000 1.690009
v 0.098839 0.157000 1.658046
v 0.118786 0.157000 1.695761
v 0.115531 -0.000000 1.690009
v 0.118786 0.157000 1.695761
v 0.137601 -0.000000 1.726469
v 0.137601 -0.000000 1.726469
v 0.118786 0.157000 1.695761
v 0.141241 0.157000 1.731981
v 0.137601 -0.000000 1.726469
v 0.141241 0.157000 1.731981
v 0.162088 -0.000000 1.761296
v 0.162088 -0.000000 1.761296
v 0.141241 0.157000 1.731981
v 0.166093 0.157000 1.766537
v 0.162088 -0.000000 1.761296
v 0.166093 0.157000 1.766537
v 0.188878 -0.000000 1.794315
v 0.188878 -0.000000 1.794315
v 0.166093 0.157000 1.766537
v 0.193226 0.157000 1.799260
v 0.188878 -0.000000 1.794315
v 0.193226 0.157000 1.799260
v 0.217843 -0.000000 1.825383
v 0.217843 -0.000000 1.825383
v 0.193226 0.157000 1.799260
v 0.222513 0.157000 1.830007
v 0.217843 -0.000000 1.825383
v 0.222513 0.157000 1.830007
v 0.248840 -0.000000 1.854329
v 0.248840 -0.000000 1.854329
v 0.222513 0.157000 1.830007
v 0.253817 0.157000 1.858618
v 0.248840 -0.000000 1.854329
v 0.253817 0.157000 1.858618
v 0.281729 -0.000000 1.881036
v 0.281729 -0.000000 1.881036
v 0.253817 0.157000 1.858618
v 0.286980 0.157000 1.884964
v 0.281729 -0.000000 1.881036
v 0.286980 0.157000 1.884964
v 0.316346 -0.000001 1.905375
v 0.316346 -0.000001 1.905375
v 0.286980 0.157000 1.884964
v 0.321854 0.157000 1.908919
v 0.316346 -0.000001 1.905375
v 0.321854 0.157000 1.908919
v 0.352529 -0.000001 1.927209
v 0.352529 -0.000001 1.927209
v 0.321854 0.157000 1.908919
v 0.358264 0.157000 1.930369
v 0.352529 -0.000001 1.927209
v 0.358264 0.157000 1.930369
v 0.390107 -0.000001 1.946459
v 0.390107 -0.000001 1.946459
v 0.358264 0.157000 1.930369
v 0.396043 0.157000 1.949203
v 0.390107 -0.000001 1.946459
v 0.396043 0.157000 1.949203
v 0.428895 -0.000001 1.963020
v 0.428895 -0.000001 1.963020
v 0.396043 0.157000 1.949203
v 0.435004 0.157000 1.965340
v 0.428895 -0.000001 1.963020
v 0.435004 0.157000 1.965340
v 0.468718 -0.000001 1.976822
v 0.468718 -0.000001 1.976822
v 0.435004 0.157000 1.965340
v 0.474968 0.157000 1.978702
v 0.468718 -0.000001 1.976822
v 0.474968 0.157000 1.978702
v 0.509377 -0.000001 1.987783
v 0.509377 -0.000001 1.987783
v 0.474968 0.157000 1.978702
v 0.515742 0.157000 1.989231
v 0.509377 -0.000001 1.987783
v 0.515742 0.157000 1.989231
v 0.550687 -0.000001 1.995872
v 0.550687 -0.000001 1.995872
v 0.515742 0.157000 1.989231
v 0.557133 0.157000 1.996864
v 0.550687 -0.000001 1.995872
v 0.557133 0.157000 1.996864
v 0.592443 -0.000001 2.001032
v 0.592443 -0.000001 2.001032
v 0.557133 0.157000 1.996864
v 0.598942 0.157000 2.001568
v 0.592443 -0.000001 2.001032
v 0.598942 0.157000 2.001568
v 0.634452 -0.000001 2.003248
v 0.634452 -0.000001 2.003248
v 0.598942 0.157000 2.001568
v 0.640970 0.157000 2.003328
v 0.634452 -0.000001 2.003248
v 0.640970 0.157000 2.003328
v 0.676507 -0.000001 2.002512
v 0.676507 -0.000001 2.002512
v 0.640970 0.157000 2.003328
v 0.683018 0.157000 2.002136
v 0.676507 -0.000001 2.002512
v 0.683018 0.157000 2.002136
v 0.718414 -0.000001 1.998816
v 0.718414 -0.000001 1.998816
v 0.683018 0.157000 2.002136
v 0.724880 0.157000 1.997984
v 0.718414 -0.000001 1.998816
v 0.724880 0.157000 1.997984
v 0.759973 -0.000001 1.992191
v 0.759973 -0.000001 1.992191
v 0.724880 0.157000 1.997984
v 0.766365 0.157000 1.990903
v 0.759973 -0.000001 1.992191
v 0.766365 0.157000 1.990903
v 0.800979 -0.000001 1.982662
v 0.800979 -0.000001 1.982662
v 0.766365 0.157000 1.990903
v 0.807273 0.157000 1.980926
v 0.800979 -0.000001 1.982662
v 0.807273 0.157000 1.980926
v 0.841247 -0.000001 1.970269
v 0.841247 -0.000001 1.970269
v 0.807273 0.157000 1.980926
v 0.847407 0.157000 1.968101
v 0.841247 -0.000001 1.970269
v 0.847407 0.157000 1.968101
v 0.880579 -0.000001 1.955083
v 0.880579 -0.000001 1.955083
v 0.847407 0.157000 1.968101
v 0.886574 0.157000 1.952483
v 0.880579 -0.000001 1.955083
v 0.886574 0.157000 1.952483
v 0.918788 -0.000001 1.937170
v 0.918788 -0.000001 1.937170
v 0.886574 0.157000 1.952483
v 0.924594 0.157000 1.934153
v 0.918788 -0.000001 1.937170
v 0.924594 0.157000 1.934153
v 0.955685 -0.000001 1.916608
v 0.955685 -0.000001 1.916608
v 0.924594 0.157000 1.934153
v 0.961279 0.157000 1.913191
v 0.955685 -0.000001 1.916608
v 0.961279 0.157000 1.913191
v 0.991104 -0.000001 1.893509
v 0.991104 -0.000001 1.893509
v 0.961279 0.157000 1.913191
v 0.996455 0.157000 1.889709
v 0.991104 -0.000001 1.893509
v 0.996455 0.157000 1.889709
v 1.024882 -0.000000 1.867971
v 1.024882 -0.000000 1.867971
v 0.996455 0.157000 1.889709
v 1.029958 0.157000 1.863810
v 1.024882 -0.000000 1.867971
v 1.029958 0.157000 1.863810
v 1.056836 -0.000000 1.840128
v 1.056836 -0.000000 1.840128
v 1.029958 0.157000 1.863810
v 1.061621 0.157000 1.835616
v 1.056836 -0.000000 1.840128
v 1.061621 0.157000 1.835616
v 1.086843 -0.000000 1.810101
v 1.086843 -0.000000 1.810101
v 1.061621 0.157000 1.835616
v 1.091305 0.157000 1.805269
v 1.086843 -0.000000 1.810101
v 1.091305 0.157000 1.805269
v 1.114735 -0.000000 1.778042
v 1.114735 -0.000000 1.778042
v 1.091305 0.157000 1.805269
v 1.118860 0.157000 1.772897
v 1.114735 -0.000000 1.778042
v 1.118860 0.157000 1.772897
v 1.140388 -0.000000 1.744102
v 1.140388 -0.000000 1.744102
v 1.118860 0.157000 1.772897
v 1.144152 0.157000 1.738678
v 1.140388 -0.000000 1.744102
v 1.144152 0.157000 1.738678
v 1.163677 -0.000000 1.708435
v 1.163677 -0.000000 1.708435
v 1.144152 0.157000 1.738678
v 1.167071 0.157000 1.702762
v 1.163677 -0.000000 1.708435
v 1.167071 0.157000 1.702762
v 1.184506 -0.000000 1.671215
v 1.184506 -0.000000 1.671215
v 1.167071 0.157000 1.702762
v 1.187499 0.157000 1.665318
v 1.184506 -0.000000 1.671215
v 1.187499 0.157000 1.665318
v 1.202750 -0.000000 1.632627
v 1.202750 -0.000000 1.632627
v 1.187499 0.157000 1.665318
v 1.205343 0.157000 1.626531
v 1.202750 -0.000000 1.632627
v 1.205343 0.157000 1.626531
v 1.218346 -0.000000 1.592839
v 1.218346 -0.000000 1.592839
v 1.205343 0.157000 1.626531
v 1.220522 0.157000 1.586583
v 1.218346 -0.000000 1.592839
v 1.220522 0.157000 1.586583
v 1.231208 -0.000000 1.552059
v 1.231208 -0.000000 1.552059
v 1.220522 0.157000 1.586583
v 1.232952 0.157000 1.545667
v 1.231208 -0.000000 1.552059
v 1.232952 0.157000 1.545667
v 1.241273 -0.000000 1.510471
v 1.241273 -0.000000 1.510471
v 1.232952 0.157000 1.545667
v 1.242577 0.157000 1.503974
v 1.241273 -0.000000 1.510471
v 1.242577 0.157000 1.503974
v 1.248501 -0.000000 1.468275
v 1.248501 -0.000000 1.468275
v 1.242577 0.157000 1.503974
v 1.249358 0.157000 1.461698
v 1.248501 -0.000000 1.468275
v 1.249358 0.157000 1.461698
v 1.252846 -0.000000 1.425671
v 1.252846 -0.000000 1.425671
v 1.249358 0.157000 1.461698
v 1.253263 0.157000 1.419046
v 0.736449 0.157000 0.595232
v 0.718414 -0.000000 0.597741
v 0.694669 0.157000 0.600199
v 0.694669 0.157000 0.600199
v 0.718414 -0.000000 0.597741
v 0.676507 -0.000000 0.601432
v 0.694669 0.157000 0.600199
v 0.676507 -0.000000 0.601432
v 0.652653 0.157000 0.602217
v 0.652653 0.157000 0.602217
v 0.676507 -0.000000 0.601432
v 0.634452 -0.000000 0.602173
v 0.652653 0.157000 0.602217
v 0.634452 -0.000000 0.602173
v 0.610601 0.157000 0.601276
v 0.610601 0.157000 0.601276
v 0.634452 -0.000000 0.602173
v 0.592443 -0.000000 0.599955
v 0.610601 0.157000 0.601276
v 0.592443 -0.000000 0.599955
v 0.568711 0.157000 0.597385
v 0.568711 0.157000 0.597385
v 0.592443 -0.000000 0.599955
v 0.550687 -0.000000 0.594791
v 0.568711 0.157000 0.597385
v 0.550687 -0.000000 0.594791
v 0.527182 0.157000 0.590564
v 0.527182 0.157000 0.590564
v 0.550687 -0.000000 0.594791
v 0.509377 -0.000000 0.586709
v 0.527182 0.157000 0.590564
v 0.509377 -0.000000 0.586709
v 0.486220 0.157000 0.580836
v 0.486220 0.157000 0.580836
v 0.509377 -0.000000 0.586709
v 0.468718 -0.000000 0.575741
v 0.486220 0.157000 0.580836
v 0.468718 -0.000000 0.575741
v 0.446012 0.157000 0.568259
v 0.446012 0.157000 0.568259
v 0.468718 -0.000000 0.575741
v 0.428895 -0.000000 0.561946
v 0.446012 0.157000 0.568259
v 0.428895 -0.000000 0.561946
v 0.406751 0.157000 0.552883
v 0.406751 0.157000 0.552883
v 0.428895 -0.000000 0.561946
v 0.390107 -0.000000 0.545381
v 0.406751 0.157000 0.552883
v 0.390107 -0.000000 0.545381
v 0.368627 0.157000 0.534786
v 0.368627 0.157000 0.534786
v 0.390107 -0.000000 0.545381
v 0.352529 -0.000000 0.526134
v 0.368627 0.157000 0.534786
v 0.352529 -0.000000 0.526134
v 0.331819 0.157000 0.514053
v 0.331819 0.157000 0.514053
v 0.352529 -0.000000 0.526134
v 0.316346 -0.000000 0.504294
v 0.331819 0.157000 0.514053
v 0.316346 -0.000000 0.504294
v 0.296502 0.157000 0.490788
v 0.296502 0.157000 0.490788
v 0.316346 -0.000000 0.504294
v 0.281729 -0.000000 0.479959
v 0.296502 0.157000 0.490788
v 0.281729 -0.000000 0.479959
v 0.262847 0.157000 0.465091
v 0.262847 0.157000 0.465091
v 0.281729 -0.000000 0.479959
v 0.248840 -0.000000 0.453254
v 0.262847 0.157000 0.465091
v 0.248840 -0.000000 0.453254
v 0.231012 0.157000 0.437094
v 0.231012 0.157000 0.437094
v 0.248840 -0.000000 0.453254
v 0.217843 -0.000000 0.424300
v 0.231012 0.157000 0.437094
v 0.217843 -0.000000 0.424300
v 0.201152 0.157000 0.406931
v 0.201152 0.157000 0.406931
v 0.217843 -0.000000 0.424300
v 0.188878 -0.000000 0.393240
v 0.201152 0.157000 0.406931
v 0.188878 -0.000000 0.393240
v 0.173405 0.157000 0.374738
v 0.173405 0.157000 0.374738
v 0.188878 -0.000000 0.393240
v 0.162088 -0.000000 0.360219
v 0.173405 0.157000 0.374738
v 0.162088 -0.000000 0.360219
v 0.147904 0.157000 0.340672
v 0.147904 0.157000 0.340672
v 0.162088 -0.000000 0.360219
v 0.137601 -0.000000 0.325392
v 0.147904 0.157000 0.340672
v 0.137601 -0.000000 0.325392
v 0.124773 0.157000 0.304896
v 0.124773 0.157000 0.304896
v 0.137601 -0.000000 0.325392
v 0.115531 -0.000000 0.288928
v 0.124773 0.157000 0.304896
v 0.115531 -0.000000 0.288928
v 0.104122 0.157000 0.267580
v 0.104122 0.157000 0.267580
v 0.115531 -0.000000 0.288928
v 0.095981 -0.000000 0.251003
v 0.104122 0.157000 0.267580
v 0.095981 -0.000000 0.251003
v 0.086047 0.157000 0.228902
v 0.086047 0.157000 0.228902
v 0.095981 -0.000000 0.251003
v 0.079050 -0.000000 0.211792
v 0.086047 0.157000 0.228902
v 0.079050 -0.000000 0.211792
v 0.070637 0.157000 0.189048
v 0.070637 0.157000 0.189048
v 0.079050 -0.000000 0.211792
v 0.064815 -0.000000 0.171490
v 0.070637 0.157000 0.189048
v 0.064815 -0.000000 0.171490
v 0.057963 0.157000 0.148208
v 0.057963 0.157000 0.148208
v 0.064815 -0.000000 0.171490
v 0.053344 -0.000000 0.130278
v 0.057963 0.157000 0.148208
v 0.053344 -0.000000 0.130278
v 0.048088 0.157000 0.106571
v 0.048088 0.157000 0.106571
v 0.053344 -0.000000 0.130278
v 0.044695 0.000000 0.088362
v 0.048088 0.157000 0.106571
v 0.044695 0.000000 0.088362
v 0.041055 0.157000 0.064339
v 0.041055 0.157000 0.064339
v 0.044695 0.000000 0.088362
v 0.038905 0.000000 0.045937
v 0.041055 0.157000 0.064339
v 0.038905 0.000000 0.045937
v 0.036900 0.157000 0.021719
v 0.036900 0.157000 0.021719
v 0.038905 0.000000 0.045937
v 0.036004 0.000000 0.003204
v 0.036900 0.157000 0.021719
v 0.036004 0.000000 0.003204
v 0.035646 0.157000 -0.021098
v 0.035646 0.157000 -0.021098
v 0.036004 0.000000 0.003204
v 0.036004 0.000000 -0.039629
v 0.035646 0.157000 -0.021098
v 0.036004 0.000000 -0.039629
v 0.037293 0.157000 -0.063895
v 0.037293 0.157000 -0.063895
v 0.036004 0.000000 -0.039629
v 0.038905 0.000000 -0.082358
v 0.037293 0.157000 -0.063895
v 0.038905 0.000000 -0.082358
v 0.041837 0.157000 -0.106480
v 0.041837 0.157000 -0.106480
v 0.038905 0.000000 -0.082358
v 0.044695 0.000000 -0.124786
v 0.041837 0.157000 -0.106480
v 0.044695 0.000000 -0.124786
v 0.049252 0.157000 -0.148640
v 0.049252 0.157000 -0.148640
v 0.044695 0.000000 -0.124786
v 0.053344 0.000000 -0.166702
v 0.049252 0.157000 -0.148640
v 0.053344 0.000000 -0.166702
v 0.059508 0.157000 -0.190181
v 0.059508 0.157000 -0.190181
v 0.053344 0.000000 -0.166702
v 0.064815 0.000000 -0.207910
v 0.059508 0.157000 -0.190181
v 0.064815 0.000000 -0.207910
v 0.072555 0.157000 -0.230904
v 0.072555 0.157000 -0.230904
v 0.064815 0.000000 -0.207910
v 0.079050 0.000000 -0.248217
v 0.072555 0.157000 -0.230904
v 0.079050 0.000000 -0.248217
v 0.088331 0.157000 -0.270610
v 0.088331 0.157000 -0.270610
v 0.079050 0.000000 -0.248217
v 0.095981 0.000000 -0.287427
v 0.088331 0.157000 -0.270610
v 0.095981 0.000000 -0.287427
v 0.106756 0.157000 -0.309112
v 0.106756 0.157000 -0.309112
v 0.095981 0.000000 -0.287427
v 0.115531 0.000000 -0.325353
v 0.106756 0.157000 -0.309112
v 0.115531 0.000000 -0.325353
v 0.127749 0.157000 -0.346232
v 0.127749 0.157000 -0.346232
v 0.115531 0.000000 -0.325353
v 0.137601 0.000000 -0.361816
v 0.127749 0.157000 -0.346232
v 0.137601 0.000000 -0.361816
v 0.151206 0.157000 -0.381788
v 0.151206 0.157000 -0.381788
v 0.137601 0.000000 -0.361816
v 0.162088 0.000000 -0.396643
v 0.151206 0.157000 -0.381788
v 0.162088 0.000000 -0.396643
v 0.177014 0.157000 -0.415610
v 0.177014 0.157000 -0.415610
v 0.162088 0.000000 -0.396643
v 0.188878 0.000000 -0.429665
v 0.177014 0.157000 -0.415610
v 0.188878 0.000000 -0.429665
v 0.205051 0.157000 -0.447538
v 0.205051 0.157000 -0.447538
v 0.188878 0.000000 -0.429665
v 0.217843 0.000000 -0.460724
v 0.205051 0.157000 -0.447538
v 0.217843 0.000000 -0.460724
v 0.235188 0.157000 -0.477421
v 0.235188 0.157000 -0.477421
v 0.217843 0.000000 -0.460724
v 0.248840 0.000000 -0.489679
v 0.235188 0.157000 -0.477421
v 0.248840 0.000000 -0.489679
v 0.267277 0.157000 -0.505114
v 0.267277 0.157000 -0.505114
v 0.248840 0.000000 -0.489679
v 0.281729 0.000000 -0.516384
v 0.267277 0.157000 -0.505114
v 0.281729 0.000000 -0.516384
v 0.301164 0.157000 -0.530486
v 0.301164 0.157000 -0.530486
v 0.281729 0.000000 -0.516384
v 0.316346 0.000000 -0.540718
v 0.301164 0.157000 -0.530486
v 0.316346 0.000000 -0.540718
v 0.336694 0.157000 -0.553419
v 0.336694 0.157000 -0.553419
v 0.316346 0.000000 -0.540718
v 0.352529 0.000000 -0.562559
v 0.336694 0.157000 -0.553419
v 0.352529 0.000000 -0.562559
v 0.373686 0.157000 -0.573804
v 0.373686 0.157000 -0.573804
v 0.352529 0.000000 -0.562559
v 0.390107 0.000000 -0.581805
v 0.373686 0.157000 -0.573804
v 0.390107 0.000000 -0.581805
v 0.411976 0.157000 -0.591537
v 0.411976 0.157000 -0.591537
v 0.390107 0.000000 -0.581805
v 0.428895 0.000000 -0.598366
v 0.411976 0.157000 -0.591537
v 0.428895 0.000000 -0.598366
v 0.451374 0.157000 -0.606541
v 0.451374 0.157000 -0.606541
v 0.428895 0.000000 -0.598366
v 0.468718 0.000000 -0.612165
v 0.451374 0.157000 -0.606541
v 0.468718 0.000000 -0.612165
v 0.491695 0.157000 -0.618738
v 0.491695 0.157000 -0.618738
v 0.468718 0.000000 -0.612165
v 0.509377 0.000000 -0.623133
v 0.491695 0.157000 -0.618738
v 0.509377 0.000000 -0.623133
v 0.532748 0.157000 -0.628077
v 0.532748 0.157000 -0.628077
v 0.509377 0.000000 -0.623133
v 0.550687 0.000000 -0.631215
v 0.532748 0.157000 -0.628077
v 0.550687 0.000000 -0.631215
v 0.574336 0.157000 -0.634506
v 0.574336 0.157000 -0.634506
v 0.550687 0.000000 -0.631215
v 0.592443 0.000000 -0.636380
v 0.574336 0.157000 -0.634506
v 0.592443 0.000000 -0.636380
v 0.616259 0.157000 -0.638001
v 0.616259 0.157000 -0.638001
v 0.592443 0.000000 -0.636380
v 0.634452 0.000000 -0.638597
v 0.616259 0.157000 -0.638001
v 0.634452 0.000000 -0.638597
v 0.658317 0.157000 -0.638541
v 0.658317 0.157000 -0.638541
v 0.634452 0.000000 -0.638597
v 0.676507 0.000000 -0.637857
v 0.658317 0.157000 -0.638541
v 0.676507 0.000000 -0.637857
v 0.700314 0.157000 -0.636124
v 0.700314 0.157000 -0.636124
v 0.676507 0.000000 -0.637857
v 0.718414 0.000000 -0.634166
v 0.700314 0.157000 -0.636124
v 0.718414 0.000000 -0.634166
v 0.742048 0.157000 -0.630763
v 0.742048 0.157000 -0.630763
v 0.718414 0.000000 -0.634166
v 0.759973 0.000000 -0.627536
v 0.742048 0.157000 -0.630763
v 0.759973 0.000000 -0.627536
v 0.783317 0.157000 -0.622485
v 0.783317 0.157000 -0.622485
v 0.759973 0.000000 -0.627536
v 0.800979 0.000000 -0.618005
v 0.783317 0.157000 -0.622485
v 0.800979 0.000000 -0.618005
v 0.823930 0.157000 -0.611324
v 0.823930 0.157000 -0.611324
v 0.800979 0.000000 -0.618005
v 0.841247 0.000000 -0.605616
v 0.823930 0.157000 -0.611324
v 0.841247 0.000000 -0.605616
v 0.863687 0.157000 -0.597337
v 0.863687 0.157000 -0.597337
v 0.841247 0.000000 -0.605616
v 0.880579 0.000000 -0.590428
v 0.863687 0.157000 -0.597337
v 0.880579 0.000000 -0.590428
v 0.902406 0.157000 -0.580592
v 0.902406 0.157000 -0.580592
v 0.880579 0.000000 -0.590428
v 0.918788 0.000000 -0.572510
v 0.902406 0.157000 -0.580592
v 0.918788 0.000000 -0.572510
v 0.939892 0.157000 -0.561166
v 0.939892 0.157000 -0.561166
v 0.918788 0.000000 -0.572510
v 0.955685 0.000000 -0.551954
v 0.939892 0.157000 -0.561166
v 0.955685 0.000000 -0.551954
v 0.975972 0.157000 -0.539152
v 0.975972 0.157000 -0.539152
v 0.955685 0.000000 -0.551954
v 0.991104 0.000000 -0.528853
v 0.975972 0.157000 -0.539152
v 0.991104 0.000000 -0.528853
v 1.010480 0.157000 -0.514658
v 1.010480 0.157000 -0.514658
v 0.991104 0.000000 -0.528853
v 1.024882 0.000000 -0.503322
v 1.010480 0.157000 -0.514658
v 1.024882 0.000000 -0.503322
v 1.043244 0.157000 -0.487798
v 1.043244 0.157000 -0.487798
v 1.024882 0.000000 -0.503322
v 1.056836 0.000000 -0.475476
v 1.043244 0.157000 -0.487798
v 1.056836 0.000000 -0.475476
v 1.074114 0.157000 -0.458699
v 1.074114 0.157000 -0.458699
v 1.056836 0.000000 -0.475476
v 1.086843 0.000000 -0.445449
v 1.074114 0.157000 -0.458699
v 1.086843 0.000000 -0.445449
v 1.102934 0.157000 -0.427499
v 1.102934 0.157000 -0.427499
v 1.086843 0.000000 -0.445449
v 1.114735 0.000000 -0.413388
v 1.102934 0.157000 -0.427499
v 1.114735 0.000000 -0.413388
v 1.129569 0.157000 -0.394349
v 1.129569 0.157000 -0.394349
v 1.114735 0.000000 -0.413388
v 1.140388 0.000000 -0.379446
v 1.129569 0.157000 -0.394349
v 1.140388 0.000000 -0.379446
v 1.153902 0.157000 -0.359410
v 1.153902 0.157000 -0.359410
v 1.140388 0.000000 -0.379446
v 1.163677 0.000000 -0.343778
v 1.153902 0.157000 -0.359410
v 1.163677 0.000000 -0.343778
v 1.175800 0.157000 -0.322843
v 1.175800 0.157000 -0.322843
v 1.163677 0.000000 -0.343778
v 1.184506 0.000000 -0.306562
v 1.175800 0.157000 -0.322843
v 1.184506 0.000000 -0.306562
v 1.195183 0.157000 -0.284825
v 1.195183 0.157000 -0.284825
v 1.184506 0.000000 -0.306562
v 1.202750 0.000000 -0.267972
v 1.195183 0.157000 -0.284825
v 1.202750 0.000000 -0.267972
v 1.211935 0.157000 -0.245535
v 1.211935 0.157000 -0.245535
v 1.202750 0.000000 -0.267972
v 1.218346 0.000000 -0.228189
v 1.211935 0.157000 -0.245535
v 1.218346 0.000000 -0.228189
v 1.225983 0.157000 -0.205164
v 1.225983 0.157000 -0.205164
v 1.218346 0.000000 -0.228189
v 1.231208 0.000000 -0.187406
v 1.225983 0.157000 -0.205164
v 1.231208 0.000000 -0.187406
v 1.237266 0.157000 -0.163900
v 1.237266 0.157000 -0.163900
v 1.231208 0.000000 -0.187406
v 1.241273 0.000000 -0.145819
v 1.237266 0.157000 -0.163900
v 1.241273 0.000000 -0.145819
v 1.245720 0.157000 -0.121940
v 1.245720 0.157000 -0.121940
v 1.241273 0.000000 -0.145819
v 1.248501 0.000000 -0.103622
v 1.245720 0.157000 -0.121940
v 1.248501 0.000000 -0.103622
v 1.251322 0.157000 -0.079487
v 1.251322 0.157000 -0.079487
v 1.248501 0.000000 -0.103622
v 1.252846 0.000000 -0.061021
v 1.251322 0.157000 -0.079487
v 1.252846 0.000000 -0.061021
v 1.254025 0.157000 -0.036746
v 1.254025 0.157000 -0.036746
v 1.252846 0.000000 -0.061021
v 1.254300 0.000000 -0.018212
v 1.254025 0.157000 -0.036746
v 1.254300 0.000000 -0.018212
v 1.253829 0.157000 0.006087
v 1.253829 0.157000 0.006087
v 1.254300 0.000000 -0.018212
v 1.252846 0.000000 0.024597
v 1.253829 0.157000 0.006087
v 1.252846 0.000000 0.024597
v 1.250733 0.157000 0.048803
v 1.250733 0.157000 0.048803
v 1.252846 0.000000 0.024597
v 1.248501 0.000000 0.067198
v 1.250733 0.157000 0.048803
v 1.248501 0.000000 0.067198
v 1.244746 0.157000 0.091200
v 1.244746 0.157000 0.091200
v 1.248501 0.000000 0.067198
v 1.241273 0.000000 0.109394
v 1.244746 0.157000 0.091200
v 1.241273 0.000000 0.109394
v 1.235906 0.157000 0.133077
v 1.235906 0.157000 0.133077
v 1.241273 0.000000 0.109394
v 1.231208 -0.000000 0.150982
v 1.235906 0.157000 0.133077
v 1.231208 -0.000000 0.150982
v 1.224254 0.157000 0.174232
v 1.224254 0.157000 0.174232
v 1.231208 -0.000000 0.150982
v 1.218346 -0.000000 0.191766
v 1.224254 0.157000 0.174232
v 1.218346 -0.000000 0.191766
v 1.209829 0.157000 0.214471
v 1.209829 0.157000 0.214471
v 1.218346 -0.000000 0.191766
v 1.202750 -0.000000 0.231548
v 1.209829 0.157000 0.214471
v 1.202750 -0.000000 0.231548
v 1.192716 0.157000 0.253601
v 1.192716 0.157000 0.253601
v 1.202750 -0.000000 0.231548
v 1.184506 -0.000000 0.270137
v 1.192716 0.157000 0.253601
v 1.184506 -0.000000 0.270137
v 1.173003 0.157000 0.291434
v 1.173003 0.157000 0.291434
v 1.184506 -0.000000 0.270137
v 1.163677 -0.000000 0.307354
v 1.173003 0.157000 0.291434
v 1.163677 -0.000000 0.307354
v 1.150760 0.157000 0.327790
v 1.150760 0.157000 0.327790
v 1.163677 -0.000000 0.307354
v 1.140388 -0.000000 0.343022
v 1.150760 0.157000 0.327790
v 1.140388 -0.000000 0.343022
v 1.126112 0.157000 0.362501
v 1.126112 0.157000 0.362501
v 1.140388 -0.000000 0.343022
v 1.114735 -0.000000 0.376964
v 1.126112 0.157000 0.362501
v 1.114735 -0.000000 0.376964
v 1.099170 0.157000 0.395394
v 1.099170 0.157000 0.395394
v 1.114735 -0.000000 0.376964
v 1.086843 -0.000000 0.409024
v 1.099170 0.157000 0.395394
v 1.086843 -0.000000 0.409024
v 1.070068 0.157000 0.426322
v 1.070068 0.157000 0.426322
v 1.086843 -0.000000 0.409024
v 1.056836 -0.000000 0.439051
v 1.070068 0.157000 0.426322
v 1.056836 -0.000000 0.439051
v 1.038938 0.157000 0.455124
v 1.038938 0.157000 0.455124
v 1.056836 -0.000000 0.439051
v 1.024882 -0.000000 0.466897
v 1.038938 0.157000 0.455124
v 1.024882 -0.000000 0.466897
v 1.005931 0.157000 0.481676
v 1.005931 0.157000 0.481676
v 1.024882 -0.000000 0.466897
v 0.991104 -0.000000 0.492432
v 1.005931 0.157000 0.481676
v 0.991104 -0.000000 0.492432
v 0.971202 0.157000 0.505843
v 0.971202 0.157000 0.505843
v 0.991104 -0.000000 0.492432
v 0.955685 -0.000000 0.515531
v 0.971202 0.157000 0.505843
v 0.955685 -0.000000 0.515531
v 0.934919 0.157000 0.527511
v 0.934919 0.157000 0.527511
v 0.955685 -0.000000 0.515531
v 0.918788 -0.000000 0.536090
v 0.934919 0.157000 0.527511
v 0.918788 -0.000000 0.536090
v 0.897252 0.157000 0.546583
v 0.897252 0.157000 0.546583
v 0.918788 -0.000000 0.536090
v 0.880579 -0.000000 0.554004
v 0.897252 0.157000 0.546583
v 0.880579 -0.000000 0.554004
v 0.858383 0.157000 0.562963
v 0.858383 0.157000 0.562963
v 0.880579 -0.000000 0.554004
v 0.841247 -0.000000 0.569191
v 0.858383 0.157000 0.562963
v 0.841247 -0.000000 0.569191
v 0.818501 0.157000 0.576570
v 0.818501 0.157000 0.576570
v 0.841247 -0.000000 0.569191
v 0.800979 -0.000000 0.581581
v 0.818501 0.157000 0.576570
v 0.800979 -0.000000 0.581581
v 0.777793 0.157000 0.587346
v 0.777793 0.157000 0.587346
v 0.800979 -0.000000 0.581581
v 0.759973 -0.000000 0.591113
v 0.777793 0.157000 0.587346
v 0.759973 -0.000000 0.591113
v 0.736449 0.157000 0.595232
v 0.736449 0.157000 0.595232
v 0.759973 -0.000000 0.591113
v 0.718414 -0.000000 0.597741
v -0.772988 0.157000 -0.624438
v -0.737422 0.000000 -0.631215
v -0.731606 0.157000 -0.632116
v -0.731606 0.157000 -0.632116
v -0.737422 0.000000 -0.631215
v -0.695666 0.000000 -0.636380
v -0.731606 0.157000 -0.632116
v -0.695666 0.000000 -0.636380
v -0.689802 0.157000 -0.636868
v -0.689802 0.157000 -0.636868
v -0.695666 0.000000 -0.636380
v -0.653659 0.000000 -0.638597
v -0.689802 0.157000 -0.636868
v -0.653659 0.000000 -0.638597
v -0.647776 0.157000 -0.638669
v -0.647776 0.157000 -0.638669
v -0.653659 0.000000 -0.638597
v -0.611602 0.000000 -0.637857
v -0.647776 0.157000 -0.638669
v -0.611602 0.000000 -0.637857
v -0.605728 0.157000 -0.637517
v -0.605728 0.157000 -0.637517
v -0.611602 0.000000 -0.637857
v -0.569694 0.000000 -0.634166
v -0.605728 0.157000 -0.637517
v -0.569694 0.000000 -0.634166
v -0.563857 0.157000 -0.633413
v -0.563857 0.157000 -0.633413
v -0.569694 0.000000 -0.634166
v -0.528138 0.000000 -0.627536
v -0.563857 0.157000 -0.633413
v -0.528138 0.000000 -0.627536
v -0.522365 0.157000 -0.626379
v -0.522365 0.157000 -0.626379
v -0.528138 0.000000 -0.627536
v -0.487129 0.000000 -0.618005
v -0.522365 0.157000 -0.626379
v -0.487129 0.000000 -0.618005
v -0.481450 0.157000 -0.616444
v -0.481450 0.157000 -0.616444
v -0.487129 0.000000 -0.618005
v -0.446864 0.000000 -0.605616
v -0.481450 0.157000 -0.616444
v -0.446864 0.000000 -0.605616
v -0.441303 0.157000 -0.603658
v -0.441303 0.157000 -0.603658
v -0.446864 0.000000 -0.605616
v -0.407534 0.000000 -0.590428
v -0.441303 0.157000 -0.603658
v -0.407534 0.000000 -0.590428
v -0.402119 0.157000 -0.588086
v -0.402119 0.157000 -0.588086
v -0.407534 0.000000 -0.590428
v -0.369326 0.000000 -0.572510
v -0.402119 0.157000 -0.588086
v -0.369326 0.000000 -0.572510
v -0.364084 0.157000 -0.569796
v -0.364084 0.157000 -0.569796
v -0.369326 0.000000 -0.572510
v -0.332424 0.000000 -0.551954
v -0.364084 0.157000 -0.569796
v -0.332424 0.000000 -0.551954
v -0.327377 0.157000 -0.548876
v -0.327377 0.157000 -0.548876
v -0.332424 0.000000 -0.551954
v -0.297002 0.000000 -0.528853
v -0.327377 0.157000 -0.548876
v -0.297002 0.000000 -0.528853
v -0.292177 0.157000 -0.525426
v -0.292177 0.157000 -0.525426
v -0.297002 0.000000 -0.528853
v -0.263230 0.000000 -0.503322
v -0.292177 0.157000 -0.525426
v -0.263230 0.000000 -0.503322
v -0.258649 0.157000 -0.499562
v -0.258649 0.157000 -0.499562
v -0.263230 0.000000 -0.503322
v -0.231268 0.000000 -0.475476
v -0.258649 0.157000 -0.499562
v -0.231268 0.000000 -0.475476
v -0.226952 0.157000 -0.471405
v -0.226952 0.157000 -0.471405
v -0.231268 0.000000 -0.475476
v -0.201269 0.000000 -0.445449
v -0.226952 0.157000 -0.471405
v -0.201269 0.000000 -0.445449
v -0.197240 0.157000 -0.441085
v -0.197240 0.157000 -0.441085
v -0.201269 0.000000 -0.445449
v -0.173378 0.000000 -0.413388
v -0.197240 0.157000 -0.441085
v -0.173378 0.000000 -0.413388
v -0.169651 0.157000 -0.408752
v -0.169651 0.157000 -0.408752
v -0.173378 0.000000 -0.413388
v -0.147723 0.000000 -0.379446
v -0.169651 0.157000 -0.408752
v -0.147723 0.000000 -0.379446
v -0.144318 0.157000 -0.374558
v -0.144318 0.157000 -0.374558
v -0.147723 0.000000 -0.379446
v -0.124427 0.000000 -0.343778
v -0.144318 0.157000 -0.374558
v -0.124427 0.000000 -0.343778
v -0.121365 0.157000 -0.338663
v -0.121365 0.157000 -0.338663
v -0.124427 0.000000 -0.343778
v -0.103608 0.000000 -0.306562
v -0.121365 0.157000 -0.338663
v -0.103608 0.000000 -0.306562
v -0.100899 0.157000 -0.301246
v -0.100899 0.157000 -0.301246
v -0.103608 0.000000 -0.306562
v -0.085355 0.000000 -0.267972
v -0.100899 0.157000 -0.301246
v -0.085355 0.000000 -0.267972
v -0.083012 0.157000 -0.262476
v -0.083012 0.157000 -0.262476
v -0.085355 0.000000 -0.267972
v -0.069764 0.000000 -0.228189
v -0.083012 0.157000 -0.262476
v -0.069764 0.000000 -0.228189
v -0.067799 0.157000 -0.222541
v -0.067799 0.157000 -0.222541
v -0.069764 0.000000 -0.228189
v -0.056901 0.000000 -0.187406
v -0.067799 0.157000 -0.222541
v -0.056901 0.000000 -0.187406
v -0.055325 0.157000 -0.181634
v -0.055325 0.157000 -0.181634
v -0.056901 0.000000 -0.187406
v -0.046838 0.000000 -0.145819
v -0.055325 0.157000 -0.181634
v -0.046838 0.000000 -0.145819
v -0.045654 0.157000 -0.139950
v -0.045654 0.157000 -0.139950
v -0.046838 0.000000 -0.145819
v -0.039612 0.000000 -0.103622
v -0.045654 0.157000 -0.139950
v -0.039612 0.000000 -0.103622
v -0.038830 0.157000 -0.097685
v -0.038830 0.157000 -0.097685
v -0.039612 0.000000 -0.103622
v -0.035264 0.000000 -0.061021
v -0.038830 0.157000 -0.097685
v -0.035264 0.000000 -0.061021
v -0.034887 0.157000 -0.055040
v -0.034887 0.157000 -0.055040
v -0.035264 0.000000 -0.061021
v -0.033810 0.000000 -0.018212
v -0.034887 0.157000 -0.055040
v -0.033810 0.000000 -0.018212
v -0.033841 0.157000 -0.012220
v -0.033841 0.157000 -0.012220
v -0.033810 0.000000 -0.018212
v -0.035264 0.000000 0.024597
v -0.033841 0.157000 -0.012220
v -0.035264 0.000000 0.024597
v -0.035697 0.157000 0.030569
v -0.035697 0.157000 0.030569
v -0.035264 0.000000 0.024597
v -0.039612 0.000000 0.067198
v -0.035697 0.157000 0.030569
v -0.039612 0.000000 0.067198
v -0.040450 0.157000 0.073130
v -0.040450 0.157000 0.073130
v -0.039612 0.000000 0.067198
v -0.046838 0.000000 0.109394
v -0.040450 0.157000 0.073130
v -0.046838 0.000000 0.109394
v -0.048076 0.157000 0.115251
v -0.048076 0.157000 0.115251
v -0.046838 0.000000 0.109394
v -0.056901 -0.000000 0.150982
v -0.048076 0.157000 0.115251
v -0.056901 -0.000000 0.150982
v -0.058537 0.157000 0.156738
v -0.058537 0.157000 0.156738
v -0.056901 -0.000000 0.150982
v -0.069764 -0.000000 0.191766
v -0.058537 0.157000 0.156738
v -0.069764 -0.000000 0.191766
v -0.071781 0.157000 0.197394
v -0.071781 0.157000 0.197394
v -0.069764 -0.000000 0.191766
v -0.085355 -0.000000 0.231548
v -0.071781 0.157000 0.197394
v -0.085355 -0.000000 0.231548
v -0.087749 0.157000 0.237021
v -0.087749 0.157000 0.237021
v -0.085355 -0.000000 0.231548
v -0.103608 -0.000000 0.270137
v -0.087749 0.157000 0.237021
v -0.103608 -0.000000 0.270137
v -0.106367 0.157000 0.275430
v -0.106367 0.157000 0.275430
v -0.103608 -0.000000 0.270137
v -0.124427 -0.000000 0.307354
v -0.106367 0.157000 0.275430
v -0.124427 -0.000000 0.307354
v -0.127540 0.157000 0.312438
v -0.127540 0.157000 0.312438
v -0.124427 -0.000000 0.307354
v -0.147723 -0.000000 0.343022
v -0.127540 0.157000 0.312438
v -0.147723 -0.000000 0.343022
v -0.151170 0.157000 0.347873
v -0.151170 0.157000 0.347873
v -0.147723 -0.000000 0.343022
v -0.173378 -0.000000 0.376964
v -0.151170 0.157000 0.347873
v -0.173378 -0.000000 0.376964
v -0.177144 0.157000 0.381563
v -0.177144 0.157000 0.381563
v -0.173378 -0.000000 0.376964
v -0.201269 -0.000000 0.409024
v -0.177144 0.157000 0.381563
v -0.201269 -0.000000 0.409024
v -0.205342 0.157000 0.413352
v -0.205342 0.157000 0.413352
v -0.201269 -0.000000 0.409024
v -0.231268 -0.000000 0.439051
v -0.205342 0.157000 0.413352
v -0.231268 -0.000000 0.439051
v -0.235624 0.157000 0.443079
v -0.235624 0.157000 0.443079
v -0.231268 -0.000000 0.439051
v -0.263230 -0.000000 0.466897
v -0.235624 0.157000 0.443079
v -0.263230 -0.000000 0.466897
v -0.267848 0.157000 0.470608
v -0.267848 0.157000 0.470608
v -0.263230 -0.000000 0.466897
v -0.297002 -0.000000 0.492432
v -0.267848 0.157000 0.470608
v -0.297002 -0.000000 0.492432
v -0.301860 0.157000 0.495811
v -0.301860 0.157000 0.495811
v -0.297002 -0.000000 0.492432
v -0.332424 -0.000000 0.515531
v -0.301860 0.157000 0.495811
v -0.332424 -0.000000 0.515531
v -0.337500 0.157000 0.518561
v -0.337500 0.157000 0.518561
v -0.332424 -0.000000 0.515531
v -0.369326 -0.000000 0.536090
v -0.337500 0.157000 0.518561
v -0.369326 -0.000000 0.536090
v -0.374595 0.157000 0.538756
v -0.374595 0.157000 0.538756
v -0.369326 -0.000000 0.536090
v -0.407534 -0.000000 0.554004
v -0.374595 0.157000 0.538756
v -0.407534 -0.000000 0.554004
v -0.412970 0.157000 0.556294
v -0.412970 0.157000 0.556294
v -0.407534 -0.000000 0.554004
v -0.446864 -0.000000 0.569191
v -0.412970 0.157000 0.556294
v -0.446864 -0.000000 0.569191
v -0.452442 0.157000 0.571097
v -0.452442 0.157000 0.571097
v -0.446864 -0.000000 0.569191
v -0.487129 -0.000000 0.581581
v -0.452442 0.157000 0.571097
v -0.487129 -0.000000 0.581581
v -0.492823 0.157000 0.583090
v -0.492823 0.157000 0.583090
v -0.487129 -0.000000 0.581581
v -0.528138 -0.000000 0.591113
v -0.492823 0.157000 0.583090
v -0.528138 -0.000000 0.591113
v -0.533921 0.157000 0.592218
v -0.533921 0.157000 0.592218
v -0.528138 -0.000000 0.591113
v -0.569694 -0.000000 0.597741
v -0.533921 0.157000 0.592218
v -0.569694 -0.000000 0.597741
v -0.575539 0.157000 0.598434
v -0.575539 0.157000 0.598434
v -0.569694 -0.000000 0.597741
v -0.611602 -0.000000 0.601432
v -0.575539 0.157000 0.598434
v -0.611602 -0.000000 0.601432
v -0.617478 0.157000 0.601717
v -0.617478 0.157000 0.601717
v -0.611602 -0.000000 0.601432
v -0.653659 -0.000000 0.602173
v -0.617478 0.157000 0.601717
v -0.653659 -0.000000 0.602173
v -0.659541 0.157000 0.602041
v -0.659541 0.157000 0.602041
v -0.653659 -0.000000 0.602173
v -0.695666 -0.000000 0.599955
v -0.659541 0.157000 0.602041
v -0.695666 -0.000000 0.599955
v -0.701524 0.157000 0.599411
v -0.701524 0.157000 0.599411
v -0.695666 -0.000000 0.599955
v -0.737422 -0.000000 0.594791
v -0.701524 0.157000 0.599411
v -0.737422 -0.000000 0.594791
v -0.743230 0.157000 0.593839
v -0.743230 0.157000 0.593839
v -0.737422 -0.000000 0.594791
v -0.778730 -0.000000 0.586709
v -0.743230 0.157000 0.593839
v -0.778730 -0.000000 0.586709
v -0.784459 0.157000 0.585348
v -0.784459 0.157000 0.585348
v -0.778730 -0.000000 0.586709
v -0.819389 -0.000000 0.575741
v -0.784459 0.157000 0.585348
v -0.819389 -0.000000 0.575741
v -0.825014 0.157000 0.573979
v -0.825014 0.157000 0.573979
v -0.819389 -0.000000 0.575741
v -0.859216 -0.000000 0.561946
v -0.825014 0.157000 0.573979
v -0.859216 -0.000000 0.561946
v -0.864700 0.157000 0.559792
v -0.864700 0.157000 0.559792
v -0.859216 -0.000000 0.561946
v -0.898006 -0.000000 0.545381
v -0.864700 0.157000 0.559792
v -0.898006 -0.000000 0.545381
v -0.903333 0.157000 0.542851
v -0.903333 0.157000 0.542851
v -0.898006 -0.000000 0.545381
v -0.935579 -0.000000 0.526134
v -0.903333 0.157000 0.542851
v -0.935579 -0.000000 0.526134
v -0.940725 0.157000 0.523232
v -0.940725 0.157000 0.523232
v -0.935579 -0.000000 0.526134
v -0.971768 -0.000000 0.504294
v -0.940725 0.157000 0.523232
v -0.971768 -0.000000 0.504294
v -0.976702 0.157000 0.501039
v -0.976702 0.157000 0.501039
v -0.971768 -0.000000 0.504294
v -1.006378 -0.000000 0.479959
v -0.976702 0.157000 0.501039
v -1.006378 -0.000000 0.479959
v -1.011085 0.157000 0.476364
v -1.011085 0.157000 0.476364
v -1.006378 -0.000000 0.479959
v -1.039268 -0.000000 0.453254
v -1.011085 0.157000 0.476364
v -1.039268 -0.000000 0.453254
v -1.043723 0.157000 0.449339
v -1.043723 0.157000 0.449339
v -1.039268 -0.000000 0.453254
v -1.070264 -0.000000 0.424300
v -1.043723 0.157000 0.449339
v -1.070264 -0.000000 0.424300
v -1.074444 0.157000 0.420081
v -1.074444 0.157000 0.420081
v -1.070264 -0.000000 0.424300
v -1.099233 -0.000000 0.393240
v -1.074444 0.157000 0.420081
v -1.099233 -0.000000 0.393240
v -1.103114 0.157000 0.388737
v -1.103114 0.157000 0.388737
v -1.099233 -0.000000 0.393240
v -1.126018 -0.000000 0.360219
v -1.103114 0.157000 0.388737
v -1.126018 -0.000000 0.360219
v -1.129585 0.157000 0.355456
v -1.129585 0.157000 0.355456
v -1.126018 -0.000000 0.360219
v -1.150508 -0.000000 0.325392
v -1.129585 0.157000 0.355456
v -1.150508 -0.000000 0.325392
v -1.153745 0.157000 0.320388
v -1.153745 0.157000 0.320388
v -1.150508 -0.000000 0.325392
v -1.172579 -0.000000 0.288928
v -1.153745 0.157000 0.320388
v -1.172579 -0.000000 0.288928
v -1.175470 0.157000 0.283712
v -1.175470 0.157000 0.283712
v -1.172579 -0.000000 0.288928
v -1.192127 -0.000000 0.251003
v -1.175470 0.157000 0.283712
v -1.192127 -0.000000 0.251003
v -1.194657 0.157000 0.245595
v -1.194657 0.157000 0.245595
v -1.192127 -0.000000 0.251003
v -1.209059 -0.000000 0.211792
v -1.194657 0.157000 0.245595
v -1.209059 -0.000000 0.211792
v -1.211212 0.157000 0.206221
v -1.211212 0.157000 0.206221
v -1.209059 -0.000000 0.211792
v -1.223296 -0.000000 0.171490
v -1.211212 0.157000 0.206221
v -1.223296 -0.000000 0.171490
v -1.225064 0.157000 0.165773
v -1.225064 0.157000 0.165773
v -1.223296 -0.000000 0.171490
v -1.234759 -0.000000 0.130278
v -1.225064 0.157000 0.165773
v -1.234759 -0.000000 0.130278
v -1.236150 0.157000 0.124453
v -1.236150 0.157000 0.124453
v -1.234759 -0.000000 0.130278
v -1.243418 0.000000 0.088362
v -1.236150 0.157000 0.124453
v -1.243418 0.000000 0.088362
v -1.244400 0.157000 0.082453
v -1.244400 0.157000 0.082453
v -1.243418 0.000000 0.088362
v -1.249209 0.000000 0.045937
v -1.244400 0.157000 0.082453
v -1.249209 0.000000 0.045937
v -1.249782 0.157000 0.039973
v -1.249782 0.157000 0.039973
v -1.249209 0.000000 0.045937
v -1.252108 0.000000 0.003204
v -1.249782 0.157000 0.039973
v -1.252108 0.000000 0.003204
v -1.252281 0.157000 -0.002784
v -1.252281 0.157000 -0.002784
v -1.252108 0.000000 0.003204
v -1.252108 0.000000 -0.039629
v -1.252281 0.157000 -0.002784
v -1.252108 0.000000 -0.039629
v -1.251872 0.157000 -0.045613
v -1.251872 0.157000 -0.045613
v -1.252108 0.000000 -0.039629
v -1.249209 0.000000 -0.082358
v -1.251872 0.157000 -0.045613
v -1.249209 0.000000 -0.082358
v -1.248572 0.157000 -0.088314
v -1.248572 0.157000 -0.088314
v -1.249209 0.000000 -0.082358
v -1.243418 0.000000 -0.124786
v -1.248572 0.157000 -0.088314
v -1.243418 0.000000 -0.124786
v -1.242381 0.157000 -0.130683
v -1.242381 0.157000 -0.130683
v -1.243418 0.000000 -0.124786
v -1.234759 0.000000 -0.166702
v -1.242381 0.157000 -0.130683
v -1.234759 0.000000 -0.166702
v -1.233329 0.157000 -0.172511
v -1.233329 0.157000 -0.172511
v -1.234759 0.000000 -0.166702
v -1.223296 0.000000 -0.207910
v -1.233329 0.157000 -0.172511
v -1.223296 0.000000 -0.207910
v -1.221465 0.157000 -0.213606
v -1.221465 0.157000 -0.213606
v -1.223296 0.000000 -0.207910
v -1.209059 0.000000 -0.248217
v -1.221465 0.157000 -0.213606
v -1.209059 0.000000 -0.248217
v -1.206851 0.157000 -0.253769
v -1.206851 0.157000 -0.253769
v -1.209059 0.000000 -0.248217
v -1.192127 0.000000 -0.287427
v -1.206851 0.157000 -0.253769
v -1.192127 0.000000 -0.287427
v -1.189550 0.157000 -0.292811
v -1.189550 0.157000 -0.292811
v -1.192127 0.000000 -0.287427
v -1.172579 0.000000 -0.325353
v -1.189550 0.157000 -0.292811
v -1.172579 0.000000 -0.325353
v -1.169640 0.157000 -0.330544
v -1.169640 0.157000 -0.330544
v -1.172579 0.000000 -0.325353
v -1.150508 0.000000 -0.361816
v -1.169640 0.157000 -0.330544
v -1.150508 0.000000 -0.361816
v -1.147224 0.157000 -0.366788
v -1.147224 0.157000 -0.366788
v -1.150508 0.000000 -0.361816
v -1.126018 0.000000 -0.396643
v -1.147224 0.157000 -0.366788
v -1.126018 0.000000 -0.396643
v -1.122411 0.157000 -0.401371
v -1.122411 0.157000 -0.401371
v -1.126018 0.000000 -0.396643
v -1.099233 0.000000 -0.429665
v -1.122411 0.157000 -0.401371
v -1.099233 0.000000 -0.429665
v -1.095312 0.157000 -0.434128
v -1.095312 0.157000 -0.434128
v -1.099233 0.000000 -0.429665
v -1.070264 0.000000 -0.460724
v -1.095312 0.157000 -0.434128
v -1.070264 0.000000 -0.460724
v -1.066053 0.157000 -0.464903
v -1.066053 0.157000 -0.464903
v -1.070264 0.000000 -0.460724
v -1.039268 0.000000 -0.489679
v -1.066053 0.157000 -0.464903
v -1.039268 0.000000 -0.489679
v -1.034782 0.157000 -0.493549
v -1.034782 0.157000 -0.493549
v -1.039268 0.000000 -0.489679
v -1.006378 0.000000 -0.516384
v -1.034782 0.157000 -0.493549
v -1.006378 0.000000 -0.516384
v -1.001641 0.157000 -0.519934
v -1.001641 0.157000 -0.519934
v -1.006378 0.000000 -0.516384
v -0.971768 0.000000 -0.540718
v -1.001641 0.157000 -0.519934
v -0.971768 0.000000 -0.540718
v -0.966795 0.157000 -0.543924
v -0.966795 0.157000 -0.543924
v -0.971768 0.000000 -0.540718
v -0.935579 0.000000 -0.562559
v -0.966795 0.157000 -0.543924
v -0.935579 0.000000 -0.562559
v -0.930409 0.157000 -0.565409
v -0.930409 0.157000 -0.565409
v -0.935579 0.000000 -0.562559
v -0.898006 0.000000 -0.581805
v -0.930409 0.157000 -0.565409
v -0.898006 0.000000 -0.581805
v -0.892648 0.157000 -0.584283
v -0.892648 0.157000 -0.584283
v -0.898006 0.000000 -0.581805
v -0.859216 0.000000 -0.598366
v -0.892648 0.157000 -0.584283
v -0.859216 0.000000 -0.598366
v -0.853700 0.157000 -0.600464
v -0.853700 0.157000 -0.600464
v -0.859216 0.000000 -0.598366
v -0.819389 0.000000 -0.612165
v -0.853700 0.157000 -0.600464
v -0.819389 0.000000 -0.612165
v -0.813755 0.157000 -0.613870
v -0.813755 0.157000 -0.613870
v -0.819389 0.000000 -0.612165
v -0.778730 0.000000 -0.623133
v -0.813755 0.157000 -0.613870
v -0.778730 0.000000 -0.623133
v -0.772988 0.157000 -0.624438
v -0.772988 0.157000 -0.624438
v -0.778730 0.000000 -0.623133
v -0.737422 0.000000 -0.631215
v -2.286716 0.137375 -1.923248
v -2.275560 0.137375 -1.931217
v -2.594564 0.137376 -2.189227
v -2.594564 0.137376 -2.189227
v -2.275560 0.137375 -1.931217
v -2.264230 0.137375 -1.938922
v -2.594564 0.137376 -2.189227
v -2.264230 0.137375 -1.938922
v -2.252735 0.137375 -1.946379
v -2.252735 0.137375 -1.946379
v -2.594564 0.137376 -2.241728
v -2.594564 0.137376 -2.189227
v -2.252735 0.157000 -1.946379
v -2.594564 0.157000 -2.241728
v -2.252735 0.137375 -1.946379
v -2.252735 0.137375 -1.946379
v -2.594564 0.157000 -2.241728
v -2.594564 0.137376 -2.241728
v 2.594564 0.137374 2.241720
v 2.228575 0.137374 1.925497
v 2.533805 0.137374 2.241720
v 2.533805 0.137374 2.241720
v 2.228575 0.137374 1.925497
v 2.216066 0.137374 1.932369
v 2.533805 0.137374 2.241720
v 2.216066 0.137374 1.932369
v 2.203408 0.137374 1.938930
v 2.203408 0.137374 1.938930
v 2.190609 0.137374 1.945203
v 2.533805 0.137374 2.241720
v 2.228575 0.137374 1.925497
v 2.594564 0.137374 2.241720
v 2.228575 0.157000 1.925497
v 2.228575 0.157000 1.925497
v 2.594564 0.137374 2.241720
v 2.594564 0.157000 2.241720
v 2.190609 0.157000 1.945203
v 2.533805 0.157000 2.241720
v 2.190609 0.137374 1.945203
v 2.190609 0.137374 1.945203
v 2.533805 0.157000 2.241720
v 2.533805 0.137374 2.241720
v -2.227852 0.137374 1.924872
v -2.594564 0.137374 2.241720
v -2.227852 0.157000 1.924872
v -2.227852 0.157000 1.924872
v -2.594564 0.137374 2.241720
v -2.594564 0.157000 2.241720
v -2.594564 0.137374 2.241720
v -2.227852 0.137374 1.924872
v -2.594564 0.137374 2.189219
v -2.594564 0.137374 2.189219
v -2.227852 0.137374 1.924872
v -2.239849 0.137374 1.917880
v -2.594564 0.137374 2.189219
v -2.239849 0.137374 1.917880
v -2.251698 0.137374 1.910615
v -2.251698 0.137374 1.910615
v -2.263373 0.137374 1.903070
v -2.594564 0.137374 2.189219
v -2.263373 0.157000 1.903070
v -2.594564 0.157000 2.189219
v -2.263373 0.137374 1.903070
v -2.263373 0.137374 1.903070
v -2.594564 0.157000 2.189219
v -2.594564 0.137374 2.189219
v 2.217205 0.137375 -1.968181
v 2.533805 0.137376 -2.241728
v 2.217205 0.157000 -1.968181
v 2.217205 0.157000 -1.968181
v 2.533805 0.137376 -2.241728
v 2.533805 0.157000 -2.241728
v 2.253505 0.157000 -1.947051
v 2.594564 0.157000 -2.241728
v 2.253505 0.137375 -1.947051
v 2.253505 0.137375 -1.947051
v 2.594564 0.157000 -2.241728
v 2.594564 0.137376 -2.241728
v 2.594564 0.157000 -2.241728
v 2.533805 0.157000 -2.241728
v 2.594564 0.137376 -2.241728
v 2.594564 0.137376 -2.241728
v 2.533805 0.157000 -2.241728
v 2.533805 0.137376 -2.241728
v 2.217205 0.137375 -1.968181
v 2.229462 0.137375 -1.961420
v 2.533805 0.137376 -2.241728
v 2.533805 0.137376 -2.241728
v 2.229462 0.137375 -1.961420
v 2.241562 0.137375 -1.954371
v 2.533805 0.137376 -2.241728
v 2.241562 0.137375 -1.954371
v 2.253505 0.137375 -1.947051
v 2.253505 0.137375 -1.947051
v 2.594564 0.137376 -2.241728
v 2.533805 0.137376 -2.241728
v -2.594564 0.157000 -2.241728
v -2.594564 0.157000 -2.189227
v -2.594564 0.137376 -2.241728
v -2.594564 0.137376 -2.241728
v -2.594564 0.157000 -2.189227
v -2.594564 0.137376 -2.189227
v -2.286716 0.137375 -1.923248
v -2.594564 0.137376 -2.189227
v -2.286716 0.157000 -1.923248
v -2.286716 0.157000 -1.923248
v -2.594564 0.137376 -2.189227
v -2.594564 0.157000 -2.189227
v 2.533805 0.157000 2.241720
v 2.594564 0.157000 2.241720
v 2.533805 0.137374 2.241720
v 2.533805 0.137374 2.241720
v 2.594564 0.157000 2.241720
v 2.594564 0.137374 2.241720
v -2.594564 0.157000 2.189219
v -2.594564 0.157000 2.241720
v -2.594564 0.137374 2.189219
v -2.594564 0.137374 2.189219
v -2.594564 0.157000 2.241720
v -2.594564 0.137374 2.241720
v 0.252988 0.157000 -0.944238
v 0.248840 0.000000 -0.947823
v 0.221739 0.157000 -0.972913
v 0.221739 0.157000 -0.972913
v 0.248840 0.000000 -0.947823
v 0.217843 0.000000 -0.976778
v 0.221739 0.157000 -0.972913
v 0.217843 0.000000 -0.976778
v 0.192503 0.157000 -1.003708
v 0.192503 0.157000 -1.003708
v 0.217843 0.000000 -0.976778
v 0.188878 0.000000 -1.007837
v 0.192503 0.157000 -1.003708
v 0.188878 0.000000 -1.007837
v 0.165426 0.157000 -1.036480
v 0.165426 0.157000 -1.036480
v 0.188878 0.000000 -1.007837
v 0.162088 0.000000 -1.040856
v 0.165426 0.157000 -1.036480
v 0.162088 0.000000 -1.040856
v 0.140631 0.157000 -1.071083
v 0.140631 0.157000 -1.071083
v 0.162088 0.000000 -1.040856
v 0.137601 0.000000 -1.075684
v 0.140631 0.157000 -1.071083
v 0.137601 0.000000 -1.075684
v 0.118243 0.157000 -1.107351
v 0.118243 0.157000 -1.107351
v 0.137601 0.000000 -1.075684
v 0.115531 0.000000 -1.112151
v 0.118243 0.157000 -1.107351
v 0.115531 0.000000 -1.112151
v 0.098363 0.157000 -1.145098
v 0.098363 0.157000 -1.145098
v 0.115531 0.000000 -1.112151
v 0.095981 0.000000 -1.150075
v 0.098363 0.157000 -1.145098
v 0.095981 0.000000 -1.150075
v 0.081090 0.157000 -1.184150
v 0.081090 0.157000 -1.184150
v 0.095981 0.000000 -1.150075
v 0.079050 0.000000 -1.189287
v 0.081090 0.157000 -1.184150
v 0.079050 0.000000 -1.189287
v 0.066501 0.157000 -1.224322
v 0.066501 0.157000 -1.224322
v 0.079050 0.000000 -1.189287
v 0.064815 0.000000 -1.229587
v 0.066501 0.157000 -1.224322
v 0.064815 0.000000 -1.229587
v 0.054669 0.157000 -1.265431
v 0.054669 0.157000 -1.265431
v 0.064815 0.000000 -1.229587
v 0.053344 0.000000 -1.270799
v 0.054669 0.157000 -1.265431
v 0.053344 0.000000 -1.270799
v 0.045651 0.157000 -1.307267
v 0.045651 0.157000 -1.307267
v 0.053344 0.000000 -1.270799
v 0.044695 0.000000 -1.312715
v 0.045651 0.157000 -1.307267
v 0.044695 0.000000 -1.312715
v 0.039490 0.157000 -1.349639
v 0.039490 0.157000 -1.349639
v 0.044695 0.000000 -1.312715
v 0.038905 0.000000 -1.355144
v 0.039490 0.157000 -1.349639
v 0.038905 0.000000 -1.355144
v 0.036216 0.157000 -1.392339
v 0.036216 0.157000 -1.392339
v 0.038905 0.000000 -1.355144
v 0.036004 0.000000 -1.397876
v 0.036216 0.157000 -1.392339
v 0.036004 0.000000 -1.397876
v 0.035838 0.157000 -1.435167
v 0.035838 0.157000 -1.435167
v 0.036004 0.000000 -1.397876
v 0.036004 0.000000 -1.440704
v 0.035838 0.157000 -1.435167
v 0.036004 0.000000 -1.440704
v 0.038366 0.157000 -1.477924
v 0.038366 0.157000 -1.477924
v 0.036004 0.000000 -1.440704
v 0.038905 0.000000 -1.483436
v 0.038366 0.157000 -1.477924
v 0.038905 0.000000 -1.483436
v 0.043783 0.157000 -1.520400
v 0.043783 0.157000 -1.520400
v 0.038905 0.000000 -1.483436
v 0.044695 0.000000 -1.525865
v 0.043783 0.157000 -1.520400
v 0.044695 0.000000 -1.525865
v 0.052066 0.157000 -1.562396
v 0.052066 0.157000 -1.562396
v 0.044695 0.000000 -1.525865
v 0.053344 0.000000 -1.567781
v 0.052066 0.157000 -1.562396
v 0.053344 0.000000 -1.567781
v 0.063176 0.157000 -1.603704
v 0.063176 0.157000 -1.603704
v 0.053344 0.000000 -1.567781
v 0.064815 0.000000 -1.608985
v 0.063176 0.157000 -1.603704
v 0.064815 0.000000 -1.608985
v 0.077057 0.157000 -1.644140
v 0.077057 0.157000 -1.644140
v 0.064815 0.000000 -1.608985
v 0.079050 0.000000 -1.649293
v 0.077057 0.157000 -1.644140
v 0.079050 0.000000 -1.649293
v 0.093642 0.157000 -1.683504
v 0.093642 0.157000 -1.683504
v 0.079050 0.000000 -1.649293
v 0.095981 0.000000 -1.688505
v 0.093642 0.157000 -1.683504
v 0.095981 0.000000 -1.688505
v 0.112858 0.157000 -1.721604
v 0.112858 0.157000 -1.721604
v 0.095981 0.000000 -1.688505
v 0.115531 0.000000 -1.726429
v 0.112858 0.157000 -1.721604
v 0.115531 0.000000 -1.726429
v 0.134609 0.157000 -1.758272
v 0.134609 0.157000 -1.758272
v 0.115531 0.000000 -1.726429
v 0.137601 0.000000 -1.762896
v 0.134609 0.157000 -1.758272
v 0.137601 0.000000 -1.762896
v 0.158789 0.157000 -1.793315
v 0.158789 0.157000 -1.793315
v 0.137601 0.000000 -1.762896
v 0.162088 0.000000 -1.797716
v 0.158789 0.157000 -1.793315
v 0.162088 0.000000 -1.797716
v 0.185289 0.157000 -1.826583
v 0.185289 0.157000 -1.826583
v 0.162088 0.000000 -1.797716
v 0.188878 0.000000 -1.830743
v 0.185289 0.157000 -1.826583
v 0.188878 0.000000 -1.830743
v 0.213979 0.157000 -1.857906
v 0.213979 0.157000 -1.857906
v 0.188878 0.000000 -1.830743
v 0.217843 0.000001 -1.861802
v 0.213979 0.157000 -1.857906
v 0.217843 0.000001 -1.861802
v 0.244724 0.157000 -1.887133
v 0.244724 0.157000 -1.887133
v 0.217843 0.000001 -1.861802
v 0.248840 0.000001 -1.890757
v 0.244724 0.157000 -1.887133
v 0.248840 0.000001 -1.890757
v 0.277377 0.157000 -1.914143
v 0.277377 0.157000 -1.914143
v 0.248840 0.000001 -1.890757
v 0.281729 0.000001 -1.917464
v 0.277377 0.157000 -1.914143
v 0.281729 0.000001 -1.917464
v 0.311778 0.157000 -1.938786
v 0.311778 0.157000 -1.938786
v 0.281729 0.000001 -1.917464
v 0.316346 0.000001 -1.941794
v 0.311778 0.157000 -1.938786
v 0.316346 0.000001 -1.941794
v 0.347768 0.157000 -1.960956
v 0.347768 0.157000 -1.960956
v 0.316346 0.000001 -1.941794
v 0.352529 0.000001 -1.963636
v 0.347768 0.157000 -1.960956
v 0.352529 0.000001 -1.963636
v 0.385177 0.157000 -1.980542
v 0.385177 0.157000 -1.980542
v 0.352529 0.000001 -1.963636
v 0.390107 0.000001 -1.982886
v 0.385177 0.157000 -1.980542
v 0.390107 0.000001 -1.982886
v 0.423820 0.157000 -1.997456
v 0.423820 0.157000 -1.997456
v 0.390107 0.000001 -1.982886
v 0.428895 0.000001 -1.999440
v 0.423820 0.157000 -1.997456
v 0.428895 0.000001 -1.999440
v 0.463521 0.157000 -2.011617
v 0.463521 0.157000 -2.011617
v 0.428895 0.000001 -1.999440
v 0.468718 0.000001 -2.013241
v 0.463521 0.157000 -2.011617
v 0.468718 0.000001 -2.013241
v 0.504083 0.157000 -2.022954
v 0.504083 0.157000 -2.022954
v 0.468718 0.000001 -2.013241
v 0.509377 0.000001 -2.024210
v 0.504083 0.157000 -2.022954
v 0.509377 0.000001 -2.024210
v 0.545316 0.157000 -2.031411
v 0.545316 0.157000 -2.031411
v 0.509377 0.000001 -2.024210
v 0.550687 0.000001 -2.032291
v 0.545316 0.157000 -2.031411
v 0.550687 0.000001 -2.032291
v 0.587026 0.157000 -2.036956
v 0.587026 0.157000 -2.036956
v 0.550687 0.000001 -2.032291
v 0.592443 0.000001 -2.037460
v 0.587026 0.157000 -2.036956
v 0.592443 0.000001 -2.037460
v 0.629014 0.157000 -2.039556
v 0.629014 0.157000 -2.039556
v 0.592443 0.000001 -2.037460
v 0.634452 0.000001 -2.039676
v 0.629014 0.157000 -2.039556
v 0.634452 0.000001 -2.039676
v 0.671074 0.157000 -2.039196
v 0.671074 0.157000 -2.039196
v 0.634452 0.000001 -2.039676
v 0.676507 0.000001 -2.038932
v 0.671074 0.157000 -2.039196
v 0.676507 0.000001 -2.038932
v 0.713012 0.157000 -2.035884
v 0.713012 0.157000 -2.035884
v 0.676507 0.000001 -2.038932
v 0.718414 0.000001 -2.035244
v 0.713012 0.157000 -2.035884
v 0.718414 0.000001 -2.035244
v 0.754627 0.157000 -2.029635
v 0.754627 0.157000 -2.029635
v 0.718414 0.000001 -2.035244
v 0.759973 0.000001 -2.028611
v 0.754627 0.157000 -2.029635
v 0.759973 0.000001 -2.028611
v 0.795715 0.157000 -2.020474
v 0.795715 0.157000 -2.020474
v 0.759973 0.000001 -2.028611
v 0.800979 0.000001 -2.019082
v 0.795715 0.157000 -2.020474
v 0.800979 0.000001 -2.019082
v 0.836085 0.157000 -2.008457
v 0.836085 0.157000 -2.008457
v 0.800979 0.000001 -2.019082
v 0.841247 0.000001 -2.006697
v 0.836085 0.157000 -2.008457
v 0.841247 0.000001 -2.006697
v 0.875551 0.157000 -1.993623
v 0.875551 0.157000 -1.993623
v 0.841247 0.000001 -2.006697
v 0.880579 0.000001 -1.991503
v 0.875551 0.157000 -1.993623
v 0.880579 0.000001 -1.991503
v 0.913917 0.157000 -1.976062
v 0.913917 0.157000 -1.976062
v 0.880579 0.000001 -1.991503
v 0.918788 0.000001 -1.973589
v 0.913917 0.157000 -1.976062
v 0.918788 0.000001 -1.973589
v 0.950994 0.157000 -1.955836
v 0.950994 0.157000 -1.955836
v 0.918788 0.000001 -1.973589
v 0.955685 0.000001 -1.953035
v 0.950994 0.157000 -1.955836
v 0.955685 0.000001 -1.953035
v 0.986618 0.157000 -1.933057
v 0.986618 0.157000 -1.933057
v 0.955685 0.000001 -1.953035
v 0.991104 0.000001 -1.929929
v 0.986618 0.157000 -1.933057
v 0.991104 0.000001 -1.929929
v 1.020615 0.157000 -1.907831
v 1.020615 0.157000 -1.907831
v 0.991104 0.000001 -1.929929
v 1.024882 0.000001 -1.904398
v 1.020615 0.157000 -1.907831
v 1.024882 0.000001 -1.904398
v 1.052814 0.157000 -1.880276
v 1.052814 0.157000 -1.880276
v 1.024882 0.000001 -1.904398
v 1.056836 0.000001 -1.876556
v 1.052814 0.157000 -1.880276
v 1.056836 0.000001 -1.876556
v 1.083079 0.157000 -1.850529
v 1.083079 0.157000 -1.850529
v 1.056836 0.000001 -1.876556
v 1.086843 0.000001 -1.846529
v 1.083079 0.157000 -1.850529
v 1.086843 0.000001 -1.846529
v 1.111247 0.157000 -1.818718
v 1.111247 0.157000 -1.818718
v 1.086843 0.000001 -1.846529
v 1.114735 0.000000 -1.814469
v 1.111247 0.157000 -1.818718
v 1.114735 0.000000 -1.814469
v 1.137198 0.157000 -1.785010
v 1.137198 0.157000 -1.785010
v 1.114735 0.000000 -1.814469
v 1.140388 0.000000 -1.780522
v 1.137198 0.157000 -1.785010
v 1.140388 0.000000 -1.780522
v 1.160809 0.157000 -1.749559
v 1.160809 0.157000 -1.749559
v 1.140388 0.000000 -1.780522
v 1.163677 0.000000 -1.744854
v 1.160809 0.157000 -1.749559
v 1.163677 0.000000 -1.744854
v 1.181952 0.157000 -1.712531
v 1.181952 0.157000 -1.712531
v 1.163677 0.000000 -1.744854
v 1.184506 0.000000 -1.707643
v 1.181952 0.157000 -1.712531
v 1.184506 0.000000 -1.707643
v 1.200542 0.157000 -1.674111
v 1.200542 0.157000 -1.674111
v 1.184506 0.000000 -1.707643
v 1.202750 0.000000 -1.669047
v 1.200542 0.157000 -1.674111
v 1.202750 0.000000 -1.669047
v 1.216484 0.157000 -1.634467
v 1.216484 0.157000 -1.634467
v 1.202750 0.000000 -1.669047
v 1.218346 0.000000 -1.629267
v 1.216484 0.157000 -1.634467
v 1.218346 0.000000 -1.629267
v 1.229699 0.157000 -1.593807
v 1.229699 0.157000 -1.593807
v 1.218346 0.000000 -1.629267
v 1.231208 0.000000 -1.588487
v 1.229699 0.157000 -1.593807
v 1.231208 0.000000 -1.588487
v 1.240126 0.157000 -1.552315
v 1.240126 0.157000 -1.552315
v 1.231208 0.000000 -1.588487
v 1.241273 0.000000 -1.546899
v 1.240126 0.157000 -1.552315
v 1.241273 0.000000 -1.546899
v 1.247724 0.157000 -1.510183
v 1.247724 0.157000 -1.510183
v 1.241273 0.000000 -1.546899
v 1.248501 0.000000 -1.504702
v 1.247724 0.157000 -1.510183
v 1.248501 0.000000 -1.504702
v 1.252446 0.157000 -1.467619
v 1.252446 0.157000 -1.467619
v 1.248501 0.000000 -1.504702
v 1.252846 0.000000 -1.462098
v 1.252446 0.157000 -1.467619
v 1.252846 0.000000 -1.462098
v 1.254276 0.157000 -1.424830
v 1.254276 0.157000 -1.424830
v 1.252846 0.000000 -1.462098
v 1.254300 0.000000 -1.419286
v 1.254276 0.157000 -1.424830
v 1.254300 0.000000 -1.419286
v 1.253200 0.157000 -1.382010
v 1.253200 0.157000 -1.382010
v 1.254300 0.000000 -1.419286
v 1.252846 0.000000 -1.376482
v 1.253200 0.157000 -1.382010
v 1.252846 0.000000 -1.376482
v 1.249224 0.157000 -1.339366
v 1.249224 0.157000 -1.339366
v 1.252846 0.000000 -1.376482
v 1.248501 0.000000 -1.333877
v 1.249224 0.157000 -1.339366
v 1.248501 0.000000 -1.333877
v 1.242365 0.157000 -1.297106
v 1.242365 0.157000 -1.297106
v 1.248501 0.000000 -1.333877
v 1.241273 0.000000 -1.291681
v 1.242365 0.157000 -1.297106
v 1.241273 0.000000 -1.291681
v 1.232669 0.157000 -1.255430
v 1.232669 0.157000 -1.255430
v 1.241273 0.000000 -1.291681
v 1.231208 0.000000 -1.250093
v 1.232669 0.157000 -1.255430
v 1.231208 0.000000 -1.250093
v 1.220161 0.157000 -1.214530
v 1.220161 0.157000 -1.214530
v 1.231208 0.000000 -1.250093
v 1.218346 0.000000 -1.209313
v 1.220161 0.157000 -1.214530
v 1.218346 0.000000 -1.209313
v 1.204918 0.157000 -1.174613
v 1.204918 0.157000 -1.174613
v 1.218346 0.000000 -1.209313
v 1.202750 0.000000 -1.169533
v 1.204918 0.157000 -1.174613
v 1.202750 0.000000 -1.169533
v 1.187004 0.157000 -1.135858
v 1.187004 0.157000 -1.135858
v 1.202750 0.000000 -1.169533
v 1.184506 0.000000 -1.130937
v 1.187004 0.157000 -1.135858
v 1.184506 0.000000 -1.130937
v 1.166513 0.157000 -1.098454
v 1.166513 0.157000 -1.098454
v 1.184506 0.000000 -1.130937
v 1.163677 0.000000 -1.093725
v 1.166513 0.157000 -1.098454
v 1.163677 0.000000 -1.093725
v 1.143531 0.157000 -1.062578
v 1.143531 0.157000 -1.062578
v 1.163677 0.000000 -1.093725
v 1.140388 0.000000 -1.058058
v 1.143531 0.157000 -1.062578
v 1.140388 0.000000 -1.058058
v 1.118176 0.157000 -1.028399
v 1.118176 0.157000 -1.028399
v 1.140388 0.000000 -1.058058
v 1.114735 0.000000 -1.024110
v 1.118176 0.157000 -1.028399
v 1.114735 0.000000 -1.024110
v 1.090567 0.157000 -0.996084
v 1.090567 0.157000 -0.996084
v 1.114735 0.000000 -1.024110
v 1.086843 0.000000 -0.992051
v 1.090567 0.157000 -0.996084
v 1.086843 0.000000 -0.992051
v 1.060836 0.157000 -0.965793
v 1.060836 0.157000 -0.965793
v 1.086843 0.000000 -0.992051
v 1.056836 0.000000 -0.962024
v 1.060836 0.157000 -0.965793
v 1.056836 0.000000 -0.962024
v 1.029117 0.157000 -0.937654
v 1.029117 0.157000 -0.937654
v 1.056836 0.000000 -0.962024
v 1.024882 0.000000 -0.934181
v 1.029117 0.157000 -0.937654
v 1.024882 0.000000 -0.934181
v 0.995567 0.157000 -0.911811
v 0.995567 0.157000 -0.911811
v 1.024882 0.000000 -0.934181
v 0.991104 0.000000 -0.908643
v 0.995567 0.157000 -0.911811
v 0.991104 0.000000 -0.908643
v 0.960352 0.157000 -0.888393
v 0.960352 0.157000 -0.888393
v 0.991104 0.000000 -0.908643
v 0.955685 0.000000 -0.885545
v 0.960352 0.157000 -0.888393
v 0.955685 0.000000 -0.885545
v 0.923628 0.157000 -0.867503
v 0.923628 0.157000 -0.867503
v 0.955685 0.000000 -0.885545
v 0.918788 0.000000 -0.864991
v 0.923628 0.157000 -0.867503
v 0.918788 0.000000 -0.864991
v 0.885584 0.157000 -0.849237
v 0.885584 0.157000 -0.849237
v 0.918788 0.000000 -0.864991
v 0.880579 0.000000 -0.847077
v 0.885584 0.157000 -0.849237
v 0.880579 0.000000 -0.847077
v 0.846385 0.157000 -0.833691
v 0.846385 0.157000 -0.833691
v 0.880579 0.000000 -0.847077
v 0.841247 0.000000 -0.831883
v 0.846385 0.157000 -0.833691
v 0.841247 0.000000 -0.831883
v 0.806228 0.157000 -0.820938
v 0.806228 0.157000 -0.820938
v 0.841247 0.000000 -0.831883
v 0.800979 0.000000 -0.819498
v 0.806228 0.157000 -0.820938
v 0.800979 0.000000 -0.819498
v 0.765308 0.157000 -0.811033
v 0.765308 0.157000 -0.811033
v 0.800979 0.000000 -0.819498
v 0.759973 0.000000 -0.809961
v 0.765308 0.157000 -0.811033
v 0.759973 0.000000 -0.809961
v 0.723811 0.157000 -0.804032
v 0.723811 0.157000 -0.804032
v 0.759973 0.000000 -0.809961
v 0.718414 0.000000 -0.803336
v 0.723811 0.157000 -0.804032
v 0.718414 0.000000 -0.803336
v 0.681940 0.157000 -0.799954
v 0.681940 0.157000 -0.799954
v 0.718414 0.000000 -0.803336
v 0.676507 0.000000 -0.799645
v 0.681940 0.157000 -0.799954
v 0.676507 0.000000 -0.799645
v 0.639889 0.157000 -0.798833
v 0.639889 0.157000 -0.798833
v 0.676507 0.000000 -0.799645
v 0.634452 0.000000 -0.798905
v 0.639889 0.157000 -0.798833
v 0.634452 0.000000 -0.798905
v 0.597864 0.157000 -0.800672
v 0.597864 0.157000 -0.800672
v 0.634452 0.000000 -0.798905
v 0.592443 0.000000 -0.801120
v 0.597864 0.157000 -0.800672
v 0.592443 0.000000 -0.801120
v 0.556064 0.157000 -0.805457
v 0.556064 0.157000 -0.805457
v 0.592443 0.000000 -0.801120
v 0.550687 0.000000 -0.806289
v 0.556064 0.157000 -0.805457
v 0.550687 0.000000 -0.806289
v 0.514689 0.157000 -0.813161
v 0.514689 0.157000 -0.813161
v 0.550687 0.000000 -0.806289
v 0.509377 0.000000 -0.814369
v 0.514689 0.157000 -0.813161
v 0.509377 0.000000 -0.814369
v 0.473930 0.157000 -0.823754
v 0.473930 0.157000 -0.823754
v 0.509377 0.000000 -0.814369
v 0.468718 0.000000 -0.825338
v 0.473930 0.157000 -0.823754
v 0.468718 0.000000 -0.825338
v 0.433990 0.157000 -0.837196
v 0.433990 0.157000 -0.837196
v 0.468718 0.000000 -0.825338
v 0.428895 0.000000 -0.839132
v 0.433990 0.157000 -0.837196
v 0.428895 0.000000 -0.839132
v 0.395056 0.157000 -0.853405
v 0.395056 0.157000 -0.853405
v 0.428895 0.000000 -0.839132
v 0.390107 0.000000 -0.855694
v 0.395056 0.157000 -0.853405
v 0.390107 0.000000 -0.855694
v 0.357313 0.157000 -0.872303
v 0.357313 0.157000 -0.872303
v 0.390107 0.000000 -0.855694
v 0.352529 0.000000 -0.874943
v 0.357313 0.157000 -0.872303
v 0.352529 0.000000 -0.874943
v 0.320938 0.157000 -0.893817
v 0.320938 0.157000 -0.893817
v 0.352529 0.000000 -0.874943
v 0.316346 0.000000 -0.896786
v 0.320938 0.157000 -0.893817
v 0.316346 0.000000 -0.896786
v 0.286107 0.157000 -0.917836
v 0.286107 0.157000 -0.917836
v 0.316346 0.000000 -0.896786
v 0.281729 0.000000 -0.921116
v 0.286107 0.157000 -0.917836
v 0.281729 0.000000 -0.921116
v 0.252988 0.157000 -0.944238
v 0.252988 0.157000 -0.944238
v 0.281729 0.000000 -0.921116
v 0.248840 0.000000 -0.947823
v -0.035264 -0.000000 1.425671
v -0.035264 0.157000 1.425671
v -0.033810 -0.000000 1.382866
v -0.033810 -0.000000 1.382866
v -0.035264 0.157000 1.425671
v -0.033810 0.157000 1.382866
v -0.033810 -0.000000 1.382866
v -0.033810 0.157000 1.382866
v -0.035264 -0.000000 1.340054
v -0.035264 -0.000000 1.340054
v -0.033810 0.157000 1.382866
v -0.035264 0.157000 1.340054
v -0.035264 -0.000000 1.340054
v -0.035264 0.157000 1.340054
v -0.039612 -0.000000 1.297458
v -0.039612 -0.000000 1.297458
v -0.035264 0.157000 1.340054
v -0.039612 0.157000 1.297458
v -0.039612 -0.000000 1.297458
v -0.039612 0.157000 1.297458
v -0.046838 -0.000000 1.255262
v -0.046838 -0.000000 1.255262
v -0.039612 0.157000 1.297458
v -0.046838 0.157000 1.255262
v -0.046838 -0.000000 1.255262
v -0.046838 0.157000 1.255262
v -0.056901 -0.000000 1.213673
v -0.056901 -0.000000 1.213673
v -0.046838 0.157000 1.255262
v -0.056901 0.157000 1.213673
v -0.056901 -0.000000 1.213673
v -0.056901 0.157000 1.213673
v -0.069764 -0.000000 1.172885
v -0.069764 -0.000000 1.172885
v -0.056901 0.157000 1.213673
v -0.069764 0.157000 1.172885
v -0.069764 -0.000000 1.172885
v -0.069764 0.157000 1.172885
v -0.085355 -0.000000 1.133105
v -0.085355 -0.000000 1.133105
v -0.069764 0.157000 1.172885
v -0.085355 0.157000 1.133105
v -0.085355 -0.000000 1.133105
v -0.085355 0.157000 1.133105
v -0.103608 -0.000000 1.094517
v -0.103608 -0.000000 1.094517
v -0.085355 0.157000 1.133105
v -0.103608 0.157000 1.094517
v -0.103608 -0.000000 1.094517
v -0.103608 0.157000 1.094517
v -0.124427 -0.000000 1.057298
v -0.124427 -0.000000 1.057298
v -0.103608 0.157000 1.094517
v -0.124427 0.157000 1.057298
v -0.124427 -0.000000 1.057298
v -0.124427 0.157000 1.057298
v -0.147723 -0.000000 1.021630
v -0.147723 -0.000000 1.021630
v -0.124427 0.157000 1.057298
v -0.147723 0.157000 1.021630
v -0.147723 -0.000000 1.021630
v -0.147723 0.157000 1.021630
v -0.173378 -0.000000 0.987691
v -0.173378 -0.000000 0.987691
v -0.147723 0.157000 1.021630
v -0.173378 0.157000 0.987691
v -0.173378 -0.000000 0.987691
v -0.173378 0.157000 0.987691
v -0.201269 -0.000000 0.955632
v -0.201269 -0.000000 0.955632
v -0.173378 0.157000 0.987691
v -0.201269 0.157000 0.955632
v -0.201269 -0.000000 0.955632
v -0.201269 0.157000 0.955632
v -0.231268 -0.000000 0.925605
v -0.231268 -0.000000 0.925605
v -0.201269 0.157000 0.955632
v -0.231268 0.157000 0.925605
v -0.231268 -0.000000 0.925605
v -0.231268 0.157000 0.925605
v -0.263230 -0.000000 0.897754
v -0.263230 -0.000000 0.897754
v -0.231268 0.157000 0.925605
v -0.263230 0.157000 0.897754
v -0.263230 -0.000000 0.897754
v -0.263230 0.157000 0.897754
v -0.297002 -0.000000 0.872223
v -0.297002 -0.000000 0.872223
v -0.263230 0.157000 0.897754
v -0.297002 0.157000 0.872223
v -0.297002 -0.000000 0.872223
v -0.297002 0.157000 0.872223
v -0.332424 -0.000000 0.849125
v -0.332424 -0.000000 0.849125
v -0.297002 0.157000 0.872223
v -0.332424 0.157000 0.849125
v -0.332424 -0.000000 0.849125
v -0.332424 0.157000 0.849125
v -0.369326 -0.000000 0.828571
v -0.369326 -0.000000 0.828571
v -0.332424 0.157000 0.849125
v -0.369326 0.157000 0.828571
v -0.369326 -0.000000 0.828571
v -0.369326 0.157000 0.828571
v -0.407534 -0.000000 0.810649
v -0.407534 -0.000000 0.810649
v -0.369326 0.157000 0.828571
v -0.407534 0.157000 0.810649
v -0.407534 -0.000000 0.810649
v -0.407534 0.157000 0.810649
v -0.446864 -0.000000 0.795461
v -0.446864 -0.000000 0.795461
v -0.407534 0.157000 0.810649
v -0.446864 0.157000 0.795461
v -0.446864 -0.000000 0.795461
v -0.446864 0.157000 0.795461
v -0.487129 -0.000000 0.783072
v -0.487129 -0.000000 0.783072
v -0.446864 0.157000 0.795461
v -0.487129 0.157000 0.783072
v -0.487129 -0.000000 0.783072
v -0.487129 0.157000 0.783072
v -0.528138 -0.000000 0.773541
v -0.528138 -0.000000 0.773541
v -0.487129 0.157000 0.783072
v -0.528138 0.157000 0.773541
v -0.528138 -0.000000 0.773541
v -0.528138 0.157000 0.773541
v -0.569694 -0.000000 0.766912
v -0.569694 -0.000000 0.766912
v -0.528138 0.157000 0.773541
v -0.569694 0.157000 0.766912
v -0.569694 -0.000000 0.766912
v -0.569694 0.157000 0.766912
v -0.611602 -0.000000 0.763221
v -0.611602 -0.000000 0.763221
v -0.569694 0.157000 0.766912
v -0.611602 0.157000 0.763221
v -0.611602 -0.000000 0.763221
v -0.611602 0.157000 0.763221
v -0.653659 -0.000000 0.762480
v -0.653659 -0.000000 0.762480
v -0.611602 0.157000 0.763221
v -0.653659 0.157000 0.762480
v -0.653659 -0.000000 0.762480
v -0.653659 0.157000 0.762480
v -0.695666 -0.000000 0.764698
v -0.695666 -0.000000 0.764698
v -0.653659 0.157000 0.762480
v -0.695666 0.157000 0.764698
v -0.695666 -0.000000 0.764698
v -0.695666 0.157000 0.764698
v -0.737422 -0.000000 0.769862
v -0.737422 -0.000000 0.769862
v -0.695666 0.157000 0.764698
v -0.737422 0.157000 0.769862
v -0.737422 -0.000000 0.769862
v -0.737422 0.157000 0.769862
v -0.778730 -0.000000 0.777944
v -0.778730 -0.000000 0.777944
v -0.737422 0.157000 0.769862
v -0.778730 0.157000 0.777944
v -0.778730 -0.000000 0.777944
v -0.778730 0.157000 0.777944
v -0.819389 -0.000000 0.788912
v -0.819389 -0.000000 0.788912
v -0.778730 0.157000 0.777944
v -0.819389 0.157000 0.788912
v -0.819389 -0.000000 0.788912
v -0.819389 0.157000 0.788912
v -0.859216 -0.000000 0.802712
v -0.859216 -0.000000 0.802712
v -0.819389 0.157000 0.788912
v -0.859216 0.157000 0.802712
v -0.859216 -0.000000 0.802712
v -0.859216 0.157000 0.802712
v -0.898006 -0.000000 0.819274
v -0.898006 -0.000000 0.819274
v -0.859216 0.157000 0.802712
v -0.898006 0.157000 0.819274
v -0.898006 -0.000000 0.819274
v -0.898006 0.157000 0.819274
v -0.935579 -0.000000 0.838516
v -0.935579 -0.000000 0.838516
v -0.898006 0.157000 0.819274
v -0.935579 0.157000 0.838516
v -0.935579 -0.000000 0.838516
v -0.935579 0.157000 0.838516
v -0.971768 -0.000000 0.860358
v -0.971768 -0.000000 0.860358
v -0.935579 0.157000 0.838516
v -0.971768 0.157000 0.860358
v -0.971768 -0.000000 0.860358
v -0.971768 0.157000 0.860358
v -1.006378 -0.000000 0.884696
v -1.006378 -0.000000 0.884696
v -0.971768 0.157000 0.860358
v -1.006378 0.157000 0.884696
v -1.006378 -0.000000 0.884696
v -1.006378 0.157000 0.884696
v -1.039268 -0.000000 0.911395
v -1.039268 -0.000000 0.911395
v -1.006378 0.157000 0.884696
v -1.039268 0.157000 0.911395
v -1.039268 -0.000000 0.911395
v -1.039268 0.157000 0.911395
v -1.070264 -0.000000 0.940350
v -1.070264 -0.000000 0.940350
v -1.039268 0.157000 0.911395
v -1.070264 0.157000 0.940350
v -1.070264 -0.000000 0.940350
v -1.070264 0.157000 0.940350
v -1.099233 -0.000000 0.971409
v -1.099233 -0.000000 0.971409
v -1.070264 0.157000 0.940350
v -1.099233 0.157000 0.971409
v -1.099233 -0.000000 0.971409
v -1.099233 0.157000 0.971409
v -1.126018 -0.000000 1.004436
v -1.126018 -0.000000 1.004436
v -1.099233 0.157000 0.971409
v -1.126018 0.157000 1.004436
v -1.126018 -0.000000 1.004436
v -1.126018 0.157000 1.004436
v -1.150508 -0.000000 1.039264
v -1.150508 -0.000000 1.039264
v -1.126018 0.157000 1.004436
v -1.150508 0.157000 1.039264
v -1.150508 -0.000000 1.039264
v -1.150508 0.157000 1.039264
v -1.172579 -0.000000 1.075724
v -1.172579 -0.000000 1.075724
v -1.150508 0.157000 1.039264
v -1.172579 0.157000 1.075724
v -1.172579 -0.000000 1.075724
v -1.172579 0.157000 1.075724
v -1.192127 -0.000000 1.113647
v -1.192127 -0.000000 1.113647
v -1.172579 0.157000 1.075724
v -1.192127 0.157000 1.113647
v -1.192127 -0.000000 1.113647
v -1.192127 0.157000 1.113647
v -1.209059 -0.000000 1.152859
v -1.209059 -0.000000 1.152859
v -1.192127 0.157000 1.113647
v -1.209059 0.157000 1.152859
v -1.209059 -0.000000 1.152859
v -1.209059 0.157000 1.152859
v -1.223296 -0.000000 1.193167
v -1.223296 -0.000000 1.193167
v -1.209059 0.157000 1.152859
v -1.223296 0.157000 1.193167
v -1.223296 -0.000000 1.193167
v -1.223296 0.157000 1.193167
v -1.234759 -0.000000 1.234371
v -1.234759 -0.000000 1.234371
v -1.223296 0.157000 1.193167
v -1.234759 0.157000 1.234371
v -1.234759 -0.000000 1.234371
v -1.234759 0.157000 1.234371
v -1.243418 -0.000000 1.276288
v -1.243418 -0.000000 1.276288
v -1.234759 0.157000 1.234371
v -1.243418 0.157000 1.276288
v -1.243418 -0.000000 1.276288
v -1.243418 0.157000 1.276288
v -1.249209 -0.000000 1.318724
v -1.249209 -0.000000 1.318724
v -1.243418 0.157000 1.276288
v -1.249209 0.157000 1.318724
v -1.249209 -0.000000 1.318724
v -1.249209 0.157000 1.318724
v -1.252108 -0.000000 1.361448
v -1.252108 -0.000000 1.361448
v -1.249209 0.157000 1.318724
v -1.252108 0.157000 1.361448
v -1.252108 -0.000000 1.361448
v -1.252108 0.157000 1.361448
v -1.252108 -0.000000 1.404284
v -1.252108 -0.000000 1.404284
v -1.252108 0.157000 1.361448
v -1.252108 0.157000 1.404284
v -1.252108 -0.000000 1.404284
v -1.252108 0.157000 1.404284
v -1.249209 -0.000000 1.447017
v -1.249209 -0.000000 1.447017
v -1.252108 0.157000 1.404284
v -1.249209 0.157000 1.447017
v -1.249209 -0.000000 1.447017
v -1.249209 0.157000 1.447017
v -1.243418 -0.000000 1.489437
v -1.243418 -0.000000 1.489437
v -1.249209 0.157000 1.447017
v -1.243418 0.157000 1.489437
v -1.243418 -0.000000 1.489437
v -1.243418 0.157000 1.489437
v -1.234759 -0.000000 1.531353
v -1.234759 -0.000000 1.531353
v -1.243418 0.157000 1.489437
v -1.234759 0.157000 1.531353
v -1.234759 -0.000000 1.531353
v -1.234759 0.157000 1.531353
v -1.223296 -0.000000 1.572565
v -1.223296 -0.000000 1.572565
v -1.234759 0.157000 1.531353
v -1.223296 0.157000 1.572565
v -1.223296 -0.000000 1.572565
v -1.223296 0.157000 1.572565
v -1.209059 -0.000000 1.612873
v -1.209059 -0.000000 1.612873
v -1.223296 0.157000 1.572565
v -1.209059 0.157000 1.612873
v -1.209059 -0.000000 1.612873
v -1.209059 0.157000 1.612873
v -1.192127 -0.000000 1.652077
v -1.192127 -0.000000 1.652077
v -1.209059 0.157000 1.612873
v -1.192127 0.157000 1.652077
v -1.192127 -0.000000 1.652077
v -1.192127 0.157000 1.652077
v -1.172579 -0.000000 1.690009
v -1.172579 -0.000000 1.690009
v -1.192127 0.157000 1.652077
v -1.172579 0.157000 1.690009
v -1.172579 -0.000000 1.690009
v -1.172579 0.157000 1.690009
v -1.150508 -0.000000 1.726469
v -1.150508 -0.000000 1.726469
v -1.172579 0.157000 1.690009
v -1.150508 0.157000 1.726469
v -1.150508 -0.000000 1.726469
v -1.150508 0.157000 1.726469
v -1.126018 -0.000000 1.761296
v -1.126018 -0.000000 1.761296
v -1.150508 0.157000 1.726469
v -1.126018 0.157000 1.761296
v -1.126018 -0.000000 1.761296
v -1.126018 0.157000 1.761296
v -1.099233 -0.000000 1.794315
v -1.099233 -0.000000 1.794315
v -1.126018 0.157000 1.761296
v -1.099233 0.157000 1.794315
v -1.099233 -0.000000 1.794315
v -1.099233 0.157000 1.794315
v -1.070264 -0.000000 1.825383
v -1.070264 -0.000000 1.825383
v -1.099233 0.157000 1.794315
v -1.070264 0.157000 1.825383
v -1.070264 -0.000000 1.825383
v -1.070264 0.157000 1.825383
v -1.039268 -0.000000 1.854329
v -1.039268 -0.000000 1.854329
v -1.070264 0.157000 1.825383
v -1.039268 0.157000 1.854329
v -1.039268 -0.000000 1.854329
v -1.039268 0.157000 1.854329
v -1.006378 -0.000000 1.881036
v -1.006378 -0.000000 1.881036
v -1.039268 0.157000 1.854329
v -1.006378 0.157000 1.881036
v -1.006378 -0.000000 1.881036
v -1.006378 0.157000 1.881036
v -0.971768 -0.000001 1.905375
v -0.971768 -0.000001 1.905375
v -1.006378 0.157000 1.881036
v -0.971768 0.157000 1.905375
v -0.971768 -0.000001 1.905375
v -0.971768 0.157000 1.905375
v -0.935579 -0.000001 1.927209
v -0.935579 -0.000001 1.927209
v -0.971768 0.157000 1.905375
v -0.935579 0.157000 1.927209
v -0.935579 -0.000001 1.927209
v -0.935579 0.157000 1.927209
v -0.898006 -0.000001 1.946459
v -0.898006 -0.000001 1.946459
v -0.935579 0.157000 1.927209
v -0.898006 0.157000 1.946459
v -0.898006 -0.000001 1.946459
v -0.898006 0.157000 1.946459
v -0.859216 -0.000001 1.963020
v -0.859216 -0.000001 1.963020
v -0.898006 0.157000 1.946459
v -0.859216 0.157000 1.963020
v -0.859216 -0.000001 1.963020
v -0.859216 0.157000 1.963020
v -0.819389 -0.000001 1.976822
v -0.819389 -0.000001 1.976822
v -0.859216 0.157000 1.963020
v -0.819389 0.157000 1.976822
v -0.819389 -0.000001 1.976822
v -0.819389 0.157000 1.976822
v -0.778730 -0.000001 1.987783
v -0.778730 -0.000001 1.987783
v -0.819389 0.157000 1.976822
v -0.778730 0.157000 1.987783
v -0.778730 -0.000001 1.987783
v -0.778730 0.157000 1.987783
v -0.737422 -0.000001 1.995872
v -0.737422 -0.000001 1.995872
v -0.778730 0.157000 1.987783
v -0.737422 0.157000 1.995872
v -0.737422 -0.000001 1.995872
v -0.737422 0.157000 1.995872
v -0.695666 -0.000001 2.001032
v -0.695666 -0.000001 2.001032
v -0.737422 0.157000 1.995872
v -0.695666 0.157000 2.001032
v -0.695666 -0.000001 2.001032
v -0.695666 0.157000 2.001032
v -0.653659 -0.000001 2.003248
v -0.653659 -0.000001 2.003248
v -0.695666 0.157000 2.001032
v -0.653659 0.157000 2.003248
v -0.653659 -0.000001 2.003248
v -0.653659 0.157000 2.003248
v -0.611602 -0.000001 2.002512
v -0.611602 -0.000001 2.002512
v -0.653659 0.157000 2.003248
v -0.611602 0.157000 2.002512
v -0.611602 -0.000001 2.002512
v -0.611602 0.157000 2.002512
v -0.569694 -0.000001 1.998816
v -0.569694 -0.000001 1.998816
v -0.611602 0.157000 2.002512
v -0.569694 0.157000 1.998816
v -0.569694 -0.000001 1.998816
v -0.569694 0.157000 1.998816
v -0.528138 -0.000001 1.992191
v -0.528138 -0.000001 1.992191
v -0.569694 0.157000 1.998816
v -0.528138 0.157000 1.992191
v -0.528138 -0.000001 1.992191
v -0.528138 0.157000 1.992191
v -0.487129 -0.000001 1.982662
v -0.487129 -0.000001 1.982662
v -0.528138 0.157000 1.992191
v -0.487129 0.157000 1.982662
v -0.487129 -0.000001 1.982662
v -0.487129 0.157000 1.982662
v -0.446864 -0.000001 1.970269
v -0.446864 -0.000001 1.970269
v -0.487129 0.157000 1.982662
v -0.446864 0.157000 1.970269
v -0.446864 -0.000001 1.970269
v -0.446864 0.157000 1.970269
v -0.407534 -0.000001 1.955083
v -0.407534 -0.000001 1.955083
v -0.446864 0.157000 1.970269
v -0.407534 0.157000 1.955083
v -0.407534 -0.000001 1.955083
v -0.407534 0.157000 1.955083
v -0.369326 -0.000001 1.937170
v -0.369326 -0.000001 1.937170
v -0.407534 0.157000 1.955083
v -0.369326 0.157000 1.937170
v -0.369326 -0.000001 1.937170
v -0.369326 0.157000 1.937170
v -0.332424 -0.000001 1.916608
v -0.332424 -0.000001 1.916608
v -0.369326 0.157000 1.937170
v -0.332424 0.157000 1.916608
v -0.332424 -0.000001 1.916608
v -0.332424 0.157000 1.916608
v -0.297002 -0.000001 1.893509
v -0.297002 -0.000001 1.893509
v -0.332424 0.157000 1.916608
v -0.297002 0.157000 1.893509
v -0.297002 -0.000001 1.893509
v -0.297002 0.157000 1.893509
v -0.263230 -0.000000 1.867971
v -0.263230 -0.000000 1.867971
v -0.297002 0.157000 1.893509
v -0.263230 0.157000 1.867971
v -0.263230 -0.000000 1.867971
v -0.263230 0.157000 1.867971
v -0.231268 -0.000000 1.840128
v -0.231268 -0.000000 1.840128
v -0.263230 0.157000 1.867971
v -0.231268 0.157000 1.840128
v -0.231268 -0.000000 1.840128
v -0.231268 0.157000 1.840128
v -0.201269 -0.000000 1.810101
v -0.201269 -0.000000 1.810101
v -0.231268 0.157000 1.840128
v -0.201269 0.157000 1.810101
v -0.201269 -0.000000 1.810101
v -0.201269 0.157000 1.810101
v -0.173378 -0.000000 1.778042
v -0.173378 -0.000000 1.778042
v -0.201269 0.157000 1.810101
v -0.173378 0.157000 1.778042
v -0.173378 -0.000000 1.778042
v -0.173378 0.157000 1.778042
v -0.147723 -0.000000 1.744102
v -0.147723 -0.000000 1.744102
v -0.173378 0.157000 1.778042
v -0.147723 0.157000 1.744102
v -0.147723 -0.000000 1.744102
v -0.147723 0.157000 1.744102
v -0.124427 -0.000000 1.708435
v -0.124427 -0.000000 1.708435
v -0.147723 0.157000 1.744102
v -0.124427 0.157000 1.708435
v -0.124427 -0.000000 1.708435
v -0.124427 0.157000 1.708435
v -0.103608 -0.000000 1.671215
v -0.103608 -0.000000 1.671215
v -0.124427 0.157000 1.708435
v -0.103608 0.157000 1.671215
v -0.103608 -0.000000 1.671215
v -0.103608 0.157000 1.671215
v -0.085355 -0.000000 1.632627
v -0.085355 -0.000000 1.632627
v -0.103608 0.157000 1.671215
v -0.085355 0.157000 1.632627
v -0.085355 -0.000000 1.632627
v -0.085355 0.157000 1.632627
v -0.069764 -0.000000 1.592839
v -0.069764 -0.000000 1.592839
v -0.085355 0.157000 1.632627
v -0.069764 0.157000 1.592839
v -0.069764 -0.000000 1.592839
v -0.069764 0.157000 1.592839
v -0.056901 -0.000000 1.552059
v -0.056901 -0.000000 1.552059
v -0.069764 0.157000 1.592839
v -0.056901 0.157000 1.552059
v -0.056901 -0.000000 1.552059
v -0.056901 0.157000 1.552059
v -0.046838 -0.000000 1.510471
v -0.046838 -0.000000 1.510471
v -0.056901 0.157000 1.552059
v -0.046838 0.157000 1.510471
v -0.046838 -0.000000 1.510471
v -0.046838 0.157000 1.510471
v -0.039612 -0.000000 1.468275
v -0.039612 -0.000000 1.468275
v -0.046838 0.157000 1.510471
v -0.039612 0.157000 1.468275
v -0.039612 -0.000000 1.468275
v -0.039612 0.157000 1.468275
v -0.035264 -0.000000 1.425671
v -0.035264 -0.000000 1.425671
v -0.039612 0.157000 1.468275
v -0.035264 0.157000 1.425671
v -0.035264 -0.000000 1.340054
v -1.252108 -0.000000 1.361448
v -0.033810 -0.000000 1.382866
v -0.033810 -0.000000 1.382866
v -1.252108 -0.000000 1.361448
v -1.252108 -0.000000 1.404284
v -0.033810 -0.000000 1.382866
v -1.252108 -0.000000 1.404284
v -0.035264 -0.000000 1.425671
v -0.035264 -0.000000 1.425671
v -1.252108 -0.000000 1.404284
v -1.249209 -0.000000 1.447017
v -0.035264 -0.000000 1.425671
v -1.249209 -0.000000 1.447017
v -0.039612 -0.000000 1.468275
v -0.039612 -0.000000 1.468275
v -1.249209 -0.000000 1.447017
v -1.243418 -0.000000 1.489437
v -0.039612 -0.000000 1.468275
v -1.243418 -0.000000 1.489437
v -0.046838 -0.000000 1.510471
v -0.046838 -0.000000 1.510471
v -1.243418 -0.000000 1.489437
v -1.234759 -0.000000 1.531353
v -0.046838 -0.000000 1.510471
v -1.234759 -0.000000 1.531353
v -0.056901 -0.000000 1.552059
v -0.056901 -0.000000 1.552059
v -1.234759 -0.000000 1.531353
v -1.223296 -0.000000 1.572565
v -0.056901 -0.000000 1.552059
v -1.223296 -0.000000 1.572565
v -0.069764 -0.000000 1.592839
v -0.069764 -0.000000 1.592839
v -1.223296 -0.000000 1.572565
v -1.209059 -0.000000 1.612873
v -0.069764 -0.000000 1.592839
v -1.209059 -0.000000 1.612873
v -0.085355 -0.000000 1.632627
v -0.085355 -0.000000 1.632627
v -1.209059 -0.000000 1.612873
v -1.192127 -0.000000 1.652077
v -0.085355 -0.000000 1.632627
v -1.192127 -0.000000 1.652077
v -0.103608 -0.000000 1.671215
v -0.103608 -0.000000 1.671215
v -1.192127 -0.000000 1.652077
v -1.172579 -0.000000 1.690009
v -0.103608 -0.000000 1.671215
v -1.172579 -0.000000 1.690009
v -0.124427 -0.000000 1.708435
v -0.124427 -0.000000 1.708435
v -1.172579 -0.000000 1.690009
v -1.150508 -0.000000 1.726469
v -0.124427 -0.000000 1.708435
v -1.150508 -0.000000 1.726469
v -0.147723 -0.000000 1.744102
v -0.147723 -0.000000 1.744102
v -1.150508 -0.000000 1.726469
v -1.126018 -0.000000 1.761296
v -0.147723 -0.000000 1.744102
v -1.126018 -0.000000 1.761296
v -0.173378 -0.000000 1.778042
v -0.173378 -0.000000 1.778042
v -1.126018 -0.000000 1.761296
v -1.099233 -0.000000 1.794315
v -0.173378 -0.000000 1.778042
v -1.099233 -0.000000 1.794315
v -0.201269 -0.000000 1.810101
v -0.201269 -0.000000 1.810101
v -1.099233 -0.000000 1.794315
v -1.070264 -0.000000 1.825383
v -0.201269 -0.000000 1.810101
v -1.070264 -0.000000 1.825383
v -0.231268 -0.000000 1.840128
v -0.231268 -0.000000 1.840128
v -1.070264 -0.000000 1.825383
v -1.039268 -0.000000 1.854329
v -0.231268 -0.000000 1.840128
v -1.039268 -0.000000 1.854329
v -0.263230 -0.000000 1.867971
v -0.263230 -0.000000 1.867971
v -1.039268 -0.000000 1.854329
v -1.006378 -0.000000 1.881036
v -0.263230 -0.000000 1.867971
v -1.006378 -0.000000 1.881036
v -0.297002 -0.000001 1.893509
v -0.297002 -0.000001 1.893509
v -1.006378 -0.000000 1.881036
v -0.971768 -0.000001 1.905375
v -0.297002 -0.000001 1.893509
v -0.971768 -0.000001 1.905375
v -0.332424 -0.000001 1.916608
v -0.332424 -0.000001 1.916608
v -0.971768 -0.000001 1.905375
v -0.935579 -0.000001 1.927209
v -0.332424 -0.000001 1.916608
v -0.935579 -0.000001 1.927209
v -0.369326 -0.000001 1.937170
v -0.369326 -0.000001 1.937170
v -0.935579 -0.000001 1.927209
v -0.898006 -0.000001 1.946459
v -0.369326 -0.000001 1.937170
v -0.898006 -0.000001 1.946459
v -0.407534 -0.000001 1.955083
v -0.407534 -0.000001 1.955083
v -0.898006 -0.000001 1.946459
v -0.859216 -0.000001 1.963020
v -0.407534 -0.000001 1.955083
v -0.859216 -0.000001 1.963020
v -0.446864 -0.000001 1.970269
v -0.446864 -0.000001 1.970269
v -0.859216 -0.000001 1.963020
v -0.819389 -0.000001 1.976822
v -0.446864 -0.000001 1.970269
v -0.819389 -0.000001 1.976822
v -0.487129 -0.000001 1.982662
v -0.487129 -0.000001 1.982662
v -0.819389 -0.000001 1.976822
v -0.778730 -0.000001 1.987783
v -0.487129 -0.000001 1.982662
v -0.778730 -0.000001 1.987783
v -0.528138 -0.000001 1.992191
v -0.528138 -0.000001 1.992191
v -0.778730 -0.000001 1.987783
v -0.737422 -0.000001 1.995872
v -0.528138 -0.000001 1.992191
v -0.737422 -0.000001 1.995872
v -0.569694 -0.000001 1.998816
v -0.569694 -0.000001 1.998816
v -0.737422 -0.000001 1.995872
v -0.695666 -0.000001 2.001032
v -0.569694 -0.000001 1.998816
v -0.695666 -0.000001 2.001032
v -0.611602 -0.000001 2.002512
v -0.611602 -0.000001 2.002512
v -0.695666 -0.000001 2.001032
v -0.653659 -0.000001 2.003248
v -1.252108 -0.000000 1.361448
v -0.035264 -0.000000 1.340054
v -1.249209 -0.000000 1.318724
v -1.249209 -0.000000 1.318724
v -0.035264 -0.000000 1.340054
v -0.039612 -0.000000 1.297458
v -1.249209 -0.000000 1.318724
v -0.039612 -0.000000 1.297458
v -1.243418 -0.000000 1.276288
v -1.243418 -0.000000 1.276288
v -0.039612 -0.000000 1.297458
v -0.046838 -0.000000 1.255262
v -1.243418 -0.000000 1.276288
v -0.046838 -0.000000 1.255262
v -1.234759 -0.000000 1.234371
v -1.234759 -0.000000 1.234371
v -0.046838 -0.000000 1.255262
v -0.056901 -0.000000 1.213673
v -1.234759 -0.000000 1.234371
v -0.056901 -0.000000 1.213673
v -1.223296 -0.000000 1.193167
v -1.223296 -0.000000 1.193167
v -0.056901 -0.000000 1.213673
v -0.069764 -0.000000 1.172885
v -1.223296 -0.000000 1.193167
v -0.069764 -0.000000 1.172885
v -1.209059 -0.000000 1.152859
v -1.209059 -0.000000 1.152859
v -0.069764 -0.000000 1.172885
v -0.085355 -0.000000 1.133105
v -1.209059 -0.000000 1.152859
v -0.085355 -0.000000 1.133105
v -1.192127 -0.000000 1.113647
v -1.192127 -0.000000 1.113647
v -0.085355 -0.000000 1.133105
v -0.103608 -0.000000 1.094517
v -1.192127 -0.000000 1.113647
v -0.103608 -0.000000 1.094517
v -1.172579 -0.000000 1.075724
v -1.172579 -0.000000 1.075724
v -0.103608 -0.000000 1.094517
v -0.124427 -0.000000 1.057298
v -1.172579 -0.000000 1.075724
v -0.124427 -0.000000 1.057298
v -1.150508 -0.000000 1.039264
v -1.150508 -0.000000 1.039264
v -0.124427 -0.000000 1.057298
v -0.147723 -0.000000 1.021630
v -1.150508 -0.000000 1.039264
v -0.147723 -0.000000 1.021630
v -1.126018 -0.000000 1.004436
v -1.126018 -0.000000 1.004436
v -0.147723 -0.000000 1.021630
v -0.173378 -0.000000 0.987691
v -1.126018 -0.000000 1.004436
v -0.173378 -0.000000 0.987691
v -1.099233 -0.000000 0.971409
v -1.099233 -0.000000 0.971409
v -0.173378 -0.000000 0.987691
v -0.201269 -0.000000 0.955632
v -1.099233 -0.000000 0.971409
v -0.201269 -0.000000 0.955632
v -1.070264 -0.000000 0.940350
v -1.070264 -0.000000 0.940350
v -0.201269 -0.000000 0.955632
v -0.231268 -0.000000 0.925605
v -1.070264 -0.000000 0.940350
v -0.231268 -0.000000 0.925605
v -1.039268 -0.000000 0.911395
v -1.039268 -0.000000 0.911395
v -0.231268 -0.000000 0.925605
v -0.263230 -0.000000 0.897754
v -1.039268 -0.000000 0.911395
v -0.263230 -0.000000 0.897754
v -1.006378 -0.000000 0.884696
v -1.006378 -0.000000 0.884696
v -0.263230 -0.000000 0.897754
v -0.297002 -0.000000 0.872223
v -1.006378 -0.000000 0.884696
v -0.297002 -0.000000 0.872223
v -0.971768 -0.000000 0.860358
v -0.971768 -0.000000 0.860358
v -0.297002 -0.000000 0.872223
v -0.332424 -0.000000 0.849125
v -0.971768 -0.000000 0.860358
v -0.332424 -0.000000 0.849125
v -0.935579 -0.000000 0.838516
v -0.935579 -0.000000 0.838516
v -0.332424 -0.000000 0.849125
v -0.369326 -0.000000 0.828571
v -0.935579 -0.000000 0.838516
v -0.369326 -0.000000 0.828571
v -0.898006 -0.000000 0.819274
v -0.898006 -0.000000 0.819274
v -0.369326 -0.000000 0.828571
v -0.407534 -0.000000 0.810649
v -0.898006 -0.000000 0.819274
v -0.407534 -0.000000 0.810649
v -0.859216 -0.000000 0.802712
v -0.859216 -0.000000 0.802712
v -0.407534 -0.000000 0.810649
v -0.446864 -0.000000 0.795461
v -0.859216 -0.000000 0.802712
v -0.446864 -0.000000 0.795461
v -0.819389 -0.000000 0.788912
v -0.819389 -0.000000 0.788912
v -0.446864 -0.000000 0.795461
v -0.487129 -0.000000 0.783072
v -0.819389 -0.000000 0.788912
v -0.487129 -0.000000 0.783072
v -0.778730 -0.000000 0.777944
v -0.778730 -0.000000 0.777944
v -0.487129 -0.000000 0.783072
v -0.528138 -0.000000 0.773541
v -0.778730 -0.000000 0.777944
v -0.528138 -0.000000 0.773541
v -0.737422 -0.000000 0.769862
v -0.737422 -0.000000 0.769862
v -0.528138 -0.000000 0.773541
v -0.569694 -0.000000 0.766912
v -0.737422 -0.000000 0.769862
v -0.569694 -0.000000 0.766912
v -0.695666 -0.000000 0.764698
v -0.695666 -0.000000 0.764698
v -0.569694 -0.000000 0.766912
v -0.611602 -0.000000 0.763221
v -0.695666 -0.000000 0.764698
v -0.611602 -0.000000 0.763221
v -0.653659 -0.000000 0.762480
v 1.252846 0.000000 -0.061021
v 0.036004 0.000000 -0.039629
v 1.254300 0.000000 -0.018212
v 1.254300 0.000000 -0.018212
v 0.036004 0.000000 -0.039629
v 0.036004 0.000000 0.003204
v 1.254300 0.000000 -0.018212
v 0.036004 0.000000 0.003204
v 1.252846 0.000000 0.024597
v 1.252846 0.000000 0.024597
v 0.036004 0.000000 0.003204
v 0.038905 0.000000 0.045937
v 1.252846 0.000000 0.024597
v 0.038905 0.000000 0.045937
v 1.248501 0.000000 0.067198
v 1.248501 0.000000 0.067198
v 0.038905 0.000000 0.045937
v 0.044695 0.000000 0.088362
v 1.248501 0.000000 0.067198
v 0.044695 0.000000 0.088362
v 1.241273 0.000000 0.109394
v 1.241273 0.000000 0.109394
v 0.044695 0.000000 0.088362
v 0.053344 -0.000000 0.130278
v 1.241273 0.000000 0.109394
v 0.053344 -0.000000 0.130278
v 1.231208 -0.000000 0.150982
v 1.231208 -0.000000 0.150982
v 0.053344 -0.000000 0.130278
v 0.064815 -0.000000 0.171490
v 1.231208 -0.000000 0.150982
v 0.064815 -0.000000 0.171490
v 1.218346 -0.000000 0.191766
v 1.218346 -0.000000 0.191766
v 0.064815 -0.000000 0.171490
v 0.079050 -0.000000 0.211792
v 1.218346 -0.000000 0.191766
v 0.079050 -0.000000 0.211792
v 1.202750 -0.000000 0.231548
v 1.202750 -0.000000 0.231548
v 0.079050 -0.000000 0.211792
v 0.095981 -0.000000 0.251003
v 1.202750 -0.000000 0.231548
v 0.095981 -0.000000 0.251003
v 1.184506 -0.000000 0.270137
v 1.184506 -0.000000 0.270137
v 0.095981 -0.000000 0.251003
v 0.115531 -0.000000 0.288928
v 1.184506 -0.000000 0.270137
v 0.115531 -0.000000 0.288928
v 1.163677 -0.000000 0.307354
v 1.163677 -0.000000 0.307354
v 0.115531 -0.000000 0.288928
v 0.137601 -0.000000 0.325392
v 1.163677 -0.000000 0.307354
v 0.137601 -0.000000 0.325392
v 1.140388 -0.000000 0.343022
v 1.140388 -0.000000 0.343022
v 0.137601 -0.000000 0.325392
v 0.162088 -0.000000 0.360219
v 1.140388 -0.000000 0.343022
v 0.162088 -0.000000 0.360219
v 1.114735 -0.000000 0.376964
v 1.114735 -0.000000 0.376964
v 0.162088 -0.000000 0.360219
v 0.188878 -0.000000 0.393240
v 1.114735 -0.000000 0.376964
v 0.188878 -0.000000 0.393240
v 1.086843 -0.000000 0.409024
v 1.086843 -0.000000 0.409024
v 0.188878 -0.000000 0.393240
v 0.217843 -0.000000 0.424300
v 1.086843 -0.000000 0.409024
v 0.217843 -0.000000 0.424300
v 1.056836 -0.000000 0.439051
v 1.056836 -0.000000 0.439051
v 0.217843 -0.000000 0.424300
v 0.248840 -0.000000 0.453254
v 1.056836 -0.000000 0.439051
v 0.248840 -0.000000 0.453254
v 1.024882 -0.000000 0.466897
v 1.024882 -0.000000 0.466897
v 0.248840 -0.000000 0.453254
v 0.281729 -0.000000 0.479959
v 1.024882 -0.000000 0.466897
v 0.281729 -0.000000 0.479959
v 0.991104 -0.000000 0.492432
v 0.991104 -0.000000 0.492432
v 0.281729 -0.000000 0.479959
v 0.316346 -0.000000 0.504294
v 0.991104 -0.000000 0.492432
v 0.316346 -0.000000 0.504294
v 0.955685 -0.000000 0.515531
v 0.955685 -0.000000 0.515531
v 0.316346 -0.000000 0.504294
v 0.352529 -0.000000 0.526134
v 0.955685 -0.000000 0.515531
v 0.352529 -0.000000 0.526134
v 0.918788 -0.000000 0.536090
v 0.918788 -0.000000 0.536090
v 0.352529 -0.000000 0.526134
v 0.390107 -0.000000 0.545381
v 0.918788 -0.000000 0.536090
v 0.390107 -0.000000 0.545381
v 0.880579 -0.000000 0.554004
v 0.880579 -0.000000 0.554004
v 0.390107 -0.000000 0.545381
v 0.428895 -0.000000 0.561946
v 0.880579 -0.000000 0.554004
v 0.428895 -0.000000 0.561946
v 0.841247 -0.000000 0.569191
v 0.841247 -0.000000 0.569191
v 0.428895 -0.000000 0.561946
v 0.468718 -0.000000 0.575741
v 0.841247 -0.000000 0.569191
v 0.468718 -0.000000 0.575741
v 0.800979 -0.000000 0.581581
v 0.800979 -0.000000 0.581581
v 0.468718 -0.000000 0.575741
v 0.509377 -0.000000 0.586709
v 0.800979 -0.000000 0.581581
v 0.509377 -0.000000 0.586709
v 0.759973 -0.000000 0.591113
v 0.759973 -0.000000 0.591113
v 0.509377 -0.000000 0.586709
v 0.550687 -0.000000 0.594791
v 0.759973 -0.000000 0.591113
v 0.550687 -0.000000 0.594791
v 0.718414 -0.000000 0.597741
v 0.718414 -0.000000 0.597741
v 0.550687 -0.000000 0.594791
v 0.592443 -0.000000 0.599955
v 0.718414 -0.000000 0.597741
v 0.592443 -0.000000 0.599955
v 0.676507 -0.000000 0.601432
v 0.676507 -0.000000 0.601432
v 0.592443 -0.000000 0.599955
v 0.634452 -0.000000 0.602173
v 0.036004 0.000000 -0.039629
v 1.252846 0.000000 -0.061021
v 0.038905 0.000000 -0.082358
v 0.038905 0.000000 -0.082358
v 1.252846 0.000000 -0.061021
v 1.248501 0.000000 -0.103622
v 0.038905 0.000000 -0.082358
v 1.248501 0.000000 -0.103622
v 0.044695 0.000000 -0.124786
v 0.044695 0.000000 -0.124786
v 1.248501 0.000000 -0.103622
v 1.241273 0.000000 -0.145819
v 0.044695 0.000000 -0.124786
v 1.241273 0.000000 -0.145819
v 0.053344 0.000000 -0.166702
v 0.053344 0.000000 -0.166702
v 1.241273 0.000000 -0.145819
v 1.231208 0.000000 -0.187406
v 0.053344 0.000000 -0.166702
v 1.231208 0.000000 -0.187406
v 0.064815 0.000000 -0.207910
v 0.064815 0.000000 -0.207910
v 1.231208 0.000000 -0.187406
v 1.218346 0.000000 -0.228189
v 0.064815 0.000000 -0.207910
v 1.218346 0.000000 -0.228189
v 0.079050 0.000000 -0.248217
v 0.079050 0.000000 -0.248217
v 1.218346 0.000000 -0.228189
v 1.202750 0.000000 -0.267972
v 0.079050 0.000000 -0.248217
v 1.202750 0.000000 -0.267972
v 0.095981 0.000000 -0.287427
v 0.095981 0.000000 -0.287427
v 1.202750 0.000000 -0.267972
v 1.184506 0.000000 -0.306562
v 0.095981 0.000000 -0.287427
v 1.184506 0.000000 -0.306562
v 0.115531 0.000000 -0.325353
v 0.115531 0.000000 -0.325353
v 1.184506 0.000000 -0.306562
v 1.163677 0.000000 -0.343778
v 0.115531 0.000000 -0.325353
v 1.163677 0.000000 -0.343778
v 0.137601 0.000000 -0.361816
v 0.137601 0.000000 -0.361816
v 1.163677 0.000000 -0.343778
v 1.140388 0.000000 -0.379446
v 0.137601 0.000000 -0.361816
v 1.140388 0.000000 -0.379446
v 0.162088 0.000000 -0.396643
v 0.162088 0.000000 -0.396643
v 1.140388 0.000000 -0.379446
v 1.114735 0.000000 -0.413388
v 0.162088 0.000000 -0.396643
v 1.114735 0.000000 -0.413388
v 0.188878 0.000000 -0.429665
v 0.188878 0.000000 -0.429665
v 1.114735 0.000000 -0.413388
v 1.086843 0.000000 -0.445449
v 0.188878 0.000000 -0.429665
v 1.086843 0.000000 -0.445449
v 0.217843 0.000000 -0.460724
v 0.217843 0.000000 -0.460724
v 1.086843 0.000000 -0.445449
v 1.056836 0.000000 -0.475476
v 0.217843 0.000000 -0.460724
v 1.056836 0.000000 -0.475476
v 0.248840 0.000000 -0.489679
v 0.248840 0.000000 -0.489679
v 1.056836 0.000000 -0.475476
v 1.024882 0.000000 -0.503322
v 0.248840 0.000000 -0.489679
v 1.024882 0.000000 -0.503322
v 0.281729 0.000000 -0.516384
v 0.281729 0.000000 -0.516384
v 1.024882 0.000000 -0.503322
v 0.991104 0.000000 -0.528853
v 0.281729 0.000000 -0.516384
v 0.991104 0.000000 -0.528853
v 0.316346 0.000000 -0.540718
v 0.316346 0.000000 -0.540718
v 0.991104 0.000000 -0.528853
v 0.955685 0.000000 -0.551954
v 0.316346 0.000000 -0.540718
v 0.955685 0.000000 -0.551954
v 0.352529 0.000000 -0.562559
v 0.352529 0.000000 -0.562559
v 0.955685 0.000000 -0.551954
v 0.918788 0.000000 -0.572510
v 0.352529 0.000000 -0.562559
v 0.918788 0.000000 -0.572510
v 0.390107 0.000000 -0.581805
v 0.390107 0.000000 -0.581805
v 0.918788 0.000000 -0.572510
v 0.880579 0.000000 -0.590428
v 0.390107 0.000000 -0.581805
v 0.880579 0.000000 -0.590428
v 0.428895 0.000000 -0.598366
v 0.428895 0.000000 -0.598366
v 0.880579 0.000000 -0.590428
v 0.841247 0.000000 -0.605616
v 0.428895 0.000000 -0.598366
v 0.841247 0.000000 -0.605616
v 0.468718 0.000000 -0.612165
v 0.468718 0.000000 -0.612165
v 0.841247 0.000000 -0.605616
v 0.800979 0.000000 -0.618005
v 0.468718 0.000000 -0.612165
v 0.800979 0.000000 -0.618005
v 0.509377 0.000000 -0.623133
v 0.509377 0.000000 -0.623133
v 0.800979 0.000000 -0.618005
v 0.759973 0.000000 -0.627536
v 0.509377 0.000000 -0.623133
v 0.759973 0.000000 -0.627536
v 0.550687 0.000000 -0.631215
v 0.550687 0.000000 -0.631215
v 0.759973 0.000000 -0.627536
v 0.718414 0.000000 -0.634166
v 0.550687 0.000000 -0.631215
v 0.718414 0.000000 -0.634166
v 0.592443 0.000000 -0.636380
v 0.592443 0.000000 -0.636380
v 0.718414 0.000000 -0.634166
v 0.676507 0.000000 -0.637857
v 0.592443 0.000000 -0.636380
v 0.676507 0.000000 -0.637857
v 0.634452 0.000000 -0.638597
v -0.035264 0.000000 -1.376482
v -0.035264 0.157000 -1.376482
v -0.033810 0.000000 -1.419286
v -0.033810 0.000000 -1.419286
v -0.035264 0.157000 -1.376482
v -0.033810 0.157000 -1.419286
v -0.033810 0.000000 -1.419286
v -0.033810 0.157000 -1.419286
v -0.035264 0.000000 -1.462098
v -0.035264 0.000000 -1.462098
v -0.033810 0.157000 -1.419286
v -0.035264 0.157000 -1.462098
v -0.035264 0.000000 -1.462098
v -0.035264 0.157000 -1.462098
v -0.039612 0.000000 -1.504702
v -0.039612 0.000000 -1.504702
v -0.035264 0.157000 -1.462098
v -0.039612 0.157000 -1.504702
v -0.039612 0.000000 -1.504702
v -0.039612 0.157000 -1.504702
v -0.046838 0.000000 -1.546899
v -0.046838 0.000000 -1.546899
v -0.039612 0.157000 -1.504702
v -0.046838 0.157000 -1.546899
v -0.046838 0.000000 -1.546899
v -0.046838 0.157000 -1.546899
v -0.056901 0.000000 -1.588487
v -0.056901 0.000000 -1.588487
v -0.046838 0.157000 -1.546899
v -0.056901 0.157000 -1.588487
v -0.056901 0.000000 -1.588487
v -0.056901 0.157000 -1.588487
v -0.069764 0.000000 -1.629267
v -0.069764 0.000000 -1.629267
v -0.056901 0.157000 -1.588487
v -0.069764 0.157000 -1.629267
v -0.069764 0.000000 -1.629267
v -0.069764 0.157000 -1.629267
v -0.085355 0.000000 -1.669047
v -0.085355 0.000000 -1.669047
v -0.069764 0.157000 -1.629267
v -0.085355 0.157000 -1.669047
v -0.085355 0.000000 -1.669047
v -0.085355 0.157000 -1.669047
v -0.103608 0.000000 -1.707643
v -0.103608 0.000000 -1.707643
v -0.085355 0.157000 -1.669047
v -0.103608 0.157000 -1.707643
v -0.103608 0.000000 -1.707643
v -0.103608 0.157000 -1.707643
v -0.124427 0.000000 -1.744854
v -0.124427 0.000000 -1.744854
v -0.103608 0.157000 -1.707643
v -0.124427 0.157000 -1.744854
v -0.124427 0.000000 -1.744854
v -0.124427 0.157000 -1.744854
v -0.147723 0.000000 -1.780522
v -0.147723 0.000000 -1.780522
v -0.124427 0.157000 -1.744854
v -0.147723 0.157000 -1.780522
v -0.147723 0.000000 -1.780522
v -0.147723 0.157000 -1.780522
v -0.173378 0.000000 -1.814469
v -0.173378 0.000000 -1.814469
v -0.147723 0.157000 -1.780522
v -0.173378 0.157000 -1.814469
v -0.173378 0.000000 -1.814469
v -0.173378 0.157000 -1.814469
v -0.201269 0.000001 -1.846529
v -0.201269 0.000001 -1.846529
v -0.173378 0.157000 -1.814469
v -0.201269 0.157000 -1.846529
v -0.201269 0.000001 -1.846529
v -0.201269 0.157000 -1.846529
v -0.231268 0.000001 -1.876556
v -0.231268 0.000001 -1.876556
v -0.201269 0.157000 -1.846529
v -0.231268 0.157000 -1.876556
v -0.231268 0.000001 -1.876556
v -0.231268 0.157000 -1.876556
v -0.263230 0.000001 -1.904398
v -0.263230 0.000001 -1.904398
v -0.231268 0.157000 -1.876556
v -0.263230 0.157000 -1.904398
v -0.263230 0.000001 -1.904398
v -0.263230 0.157000 -1.904398
v -0.297002 0.000001 -1.929929
v -0.297002 0.000001 -1.929929
v -0.263230 0.157000 -1.904398
v -0.297002 0.157000 -1.929929
v -0.297002 0.000001 -1.929929
v -0.297002 0.157000 -1.929929
v -0.332424 0.000001 -1.953035
v -0.332424 0.000001 -1.953035
v -0.297002 0.157000 -1.929929
v -0.332424 0.157000 -1.953035
v -0.332424 0.000001 -1.953035
v -0.332424 0.157000 -1.953035
v -0.369326 0.000001 -1.973589
v -0.369326 0.000001 -1.973589
v -0.332424 0.157000 -1.953035
v -0.369326 0.157000 -1.973589
v -0.369326 0.000001 -1.973589
v -0.369326 0.157000 -1.973589
v -0.407534 0.000001 -1.991503
v -0.407534 0.000001 -1.991503
v -0.369326 0.157000 -1.973589
v -0.407534 0.157000 -1.991503
v -0.407534 0.000001 -1.991503
v -0.407534 0.157000 -1.991503
v -0.446864 0.000001 -2.006697
v -0.446864 0.000001 -2.006697
v -0.407534 0.157000 -1.991503
v -0.446864 0.157000 -2.006697
v -0.446864 0.000001 -2.006697
v -0.446864 0.157000 -2.006697
v -0.487129 0.000001 -2.019082
v -0.487129 0.000001 -2.019082
v -0.446864 0.157000 -2.006697
v -0.487129 0.157000 -2.019082
v -0.487129 0.000001 -2.019082
v -0.487129 0.157000 -2.019082
v -0.528138 0.000001 -2.028611
v -0.528138 0.000001 -2.028611
v -0.487129 0.157000 -2.019082
v -0.528138 0.157000 -2.028611
v -0.528138 0.000001 -2.028611
v -0.528138 0.157000 -2.028611
v -0.569694 0.000001 -2.035244
v -0.569694 0.000001 -2.035244
v -0.528138 0.157000 -2.028611
v -0.569694 0.157000 -2.035244
v -0.569694 0.000001 -2.035244
v -0.569694 0.157000 -2.035244
v -0.611602 0.000001 -2.038932
v -0.611602 0.000001 -2.038932
v -0.569694 0.157000 -2.035244
v -0.611602 0.157000 -2.038932
v -0.611602 0.000001 -2.038932
v -0.611602 0.157000 -2.038932
v -0.653659 0.000001 -2.039676
v -0.653659 0.000001 -2.039676
v -0.611602 0.157000 -2.038932
v -0.653659 0.157000 -2.039676
v -0.653659 0.000001 -2.039676
v -0.653659 0.157000 -2.039676
v -0.695666 0.000001 -2.037460
v -0.695666 0.000001 -2.037460
v -0.653659 0.157000 -2.039676
v -0.695666 0.157000 -2.037460
v -0.695666 0.000001 -2.037460
v -0.695666 0.157000 -2.037460
v -0.737422 0.000001 -2.032291
v -0.737422 0.000001 -2.032291
v -0.695666 0.157000 -2.037460
v -0.737422 0.157000 -2.032291
v -0.737422 0.000001 -2.032291
v -0.737422 0.157000 -2.032291
v -0.778730 0.000001 -2.024210
v -0.778730 0.000001 -2.024210
v -0.737422 0.157000 -2.032291
v -0.778730 0.157000 -2.024210
v -0.778730 0.000001 -2.024210
v -0.778730 0.157000 -2.024210
v -0.819389 0.000001 -2.013241
v -0.819389 0.000001 -2.013241
v -0.778730 0.157000 -2.024210
v -0.819389 0.157000 -2.013241
v -0.819389 0.000001 -2.013241
v -0.819389 0.157000 -2.013241
v -0.859216 0.000001 -1.999440
v -0.859216 0.000001 -1.999440
v -0.819389 0.157000 -2.013241
v -0.859216 0.157000 -1.999440
v -0.859216 0.000001 -1.999440
v -0.859216 0.157000 -1.999440
v -0.898006 0.000001 -1.982886
v -0.898006 0.000001 -1.982886
v -0.859216 0.157000 -1.999440
v -0.898006 0.157000 -1.982886
v -0.898006 0.000001 -1.982886
v -0.898006 0.157000 -1.982886
v -0.935579 0.000001 -1.963636
v -0.935579 0.000001 -1.963636
v -0.898006 0.157000 -1.982886
v -0.935579 0.157000 -1.963636
v -0.935579 0.000001 -1.963636
v -0.935579 0.157000 -1.963636
v -0.971768 0.000001 -1.941794
v -0.971768 0.000001 -1.941794
v -0.935579 0.157000 -1.963636
v -0.971768 0.157000 -1.941794
v -0.971768 0.000001 -1.941794
v -0.971768 0.157000 -1.941794
v -1.006378 0.000001 -1.917464
v -1.006378 0.000001 -1.917464
v -0.971768 0.157000 -1.941794
v -1.006378 0.157000 -1.917464
v -1.006378 0.000001 -1.917464
v -1.006378 0.157000 -1.917464
v -1.039268 0.000001 -1.890757
v -1.039268 0.000001 -1.890757
v -1.006378 0.157000 -1.917464
v -1.039268 0.157000 -1.890757
v -1.039268 0.000001 -1.890757
v -1.039268 0.157000 -1.890757
v -1.070264 0.000001 -1.861802
v -1.070264 0.000001 -1.861802
v -1.039268 0.157000 -1.890757
v -1.070264 0.157000 -1.861802
v -1.070264 0.000001 -1.861802
v -1.070264 0.157000 -1.861802
v -1.099233 0.000000 -1.830743
v -1.099233 0.000000 -1.830743
v -1.070264 0.157000 -1.861802
v -1.099233 0.157000 -1.830743
v -1.099233 0.000000 -1.830743
v -1.099233 0.157000 -1.830743
v -1.126018 0.000000 -1.797716
v -1.126018 0.000000 -1.797716
v -1.099233 0.157000 -1.830743
v -1.126018 0.157000 -1.797716
v -1.126018 0.000000 -1.797716
v -1.126018 0.157000 -1.797716
v -1.150508 0.000000 -1.762896
v -1.150508 0.000000 -1.762896
v -1.126018 0.157000 -1.797716
v -1.150508 0.157000 -1.762896
v -1.150508 0.000000 -1.762896
v -1.150508 0.157000 -1.762896
v -1.172579 0.000000 -1.726429
v -1.172579 0.000000 -1.726429
v -1.150508 0.157000 -1.762896
v -1.172579 0.157000 -1.726429
v -1.172579 0.000000 -1.726429
v -1.172579 0.157000 -1.726429
v -1.192127 0.000000 -1.688505
v -1.192127 0.000000 -1.688505
v -1.172579 0.157000 -1.726429
v -1.192127 0.157000 -1.688505
v -1.192127 0.000000 -1.688505
v -1.192127 0.157000 -1.688505
v -1.209059 0.000000 -1.649293
v -1.209059 0.000000 -1.649293
v -1.192127 0.157000 -1.688505
v -1.209059 0.157000 -1.649293
v -1.209059 0.000000 -1.649293
v -1.209059 0.157000 -1.649293
v -1.223296 0.000000 -1.608985
v -1.223296 0.000000 -1.608985
v -1.209059 0.157000 -1.649293
v -1.223296 0.157000 -1.608985
v -1.223296 0.000000 -1.608985
v -1.223296 0.157000 -1.608985
v -1.234759 0.000000 -1.567781
v -1.234759 0.000000 -1.567781
v -1.223296 0.157000 -1.608985
v -1.234759 0.157000 -1.567781
v -1.234759 0.000000 -1.567781
v -1.234759 0.157000 -1.567781
v -1.243418 0.000000 -1.525865
v -1.243418 0.000000 -1.525865
v -1.234759 0.157000 -1.567781
v -1.243418 0.157000 -1.525865
v -1.243418 0.000000 -1.525865
v -1.243418 0.157000 -1.525865
v -1.249209 0.000000 -1.483436
v -1.249209 0.000000 -1.483436
v -1.243418 0.157000 -1.525865
v -1.249209 0.157000 -1.483436
v -1.249209 0.000000 -1.483436
v -1.249209 0.157000 -1.483436
v -1.252108 0.000000 -1.440704
v -1.252108 0.000000 -1.440704
v -1.249209 0.157000 -1.483436
v -1.252108 0.157000 -1.440704
v -1.252108 0.000000 -1.440704
v -1.252108 0.157000 -1.440704
v -1.252108 0.000000 -1.397876
v -1.252108 0.000000 -1.397876
v -1.252108 0.157000 -1.440704
v -1.252108 0.157000 -1.397876
v -1.252108 0.000000 -1.397876
v -1.252108 0.157000 -1.397876
v -1.249209 0.000000 -1.355144
v -1.249209 0.000000 -1.355144
v -1.252108 0.157000 -1.397876
v -1.249209 0.157000 -1.355144
v -1.249209 0.000000 -1.355144
v -1.249209 0.157000 -1.355144
v -1.243418 0.000000 -1.312715
v -1.243418 0.000000 -1.312715
v -1.249209 0.157000 -1.355144
v -1.243418 0.157000 -1.312715
v -1.243418 0.000000 -1.312715
v -1.243418 0.157000 -1.312715
v -1.234759 0.000000 -1.270799
v -1.234759 0.000000 -1.270799
v -1.243418 0.157000 -1.312715
v -1.234759 0.157000 -1.270799
v -1.234759 0.000000 -1.270799
v -1.234759 0.157000 -1.270799
v -1.223296 0.000000 -1.229587
v -1.223296 0.000000 -1.229587
v -1.234759 0.157000 -1.270799
v -1.223296 0.157000 -1.229587
v -1.223296 0.000000 -1.229587
v -1.223296 0.157000 -1.229587
v -1.209059 0.000000 -1.189287
v -1.209059 0.000000 -1.189287
v -1.223296 0.157000 -1.229587
v -1.209059 0.157000 -1.189287
v -1.209059 0.000000 -1.189287
v -1.209059 0.157000 -1.189287
v -1.192127 0.000000 -1.150075
v -1.192127 0.000000 -1.150075
v -1.209059 0.157000 -1.189287
v -1.192127 0.157000 -1.150075
v -1.192127 0.000000 -1.150075
v -1.192127 0.157000 -1.150075
v -1.172579 0.000000 -1.112151
v -1.172579 0.000000 -1.112151
v -1.192127 0.157000 -1.150075
v -1.172579 0.157000 -1.112151
v -1.172579 0.000000 -1.112151
v -1.172579 0.157000 -1.112151
v -1.150508 0.000000 -1.075684
v -1.150508 0.000000 -1.075684
v -1.172579 0.157000 -1.112151
v -1.150508 0.157000 -1.075684
v -1.150508 0.000000 -1.075684
v -1.150508 0.157000 -1.075684
v -1.126018 0.000000 -1.040856
v -1.126018 0.000000 -1.040856
v -1.150508 0.157000 -1.075684
v -1.126018 0.157000 -1.040856
v -1.126018 0.000000 -1.040856
v -1.126018 0.157000 -1.040856
v -1.099233 0.000000 -1.007837
v -1.099233 0.000000 -1.007837
v -1.126018 0.157000 -1.040856
v -1.099233 0.157000 -1.007837
v -1.099233 0.000000 -1.007837
v -1.099233 0.157000 -1.007837
v -1.070264 0.000000 -0.976778
v -1.070264 0.000000 -0.976778
v -1.099233 0.157000 -1.007837
v -1.070264 0.157000 -0.976778
v -1.070264 0.000000 -0.976778
v -1.070264 0.157000 -0.976778
v -1.039268 0.000000 -0.947823
v -1.039268 0.000000 -0.947823
v -1.070264 0.157000 -0.976778
v -1.039268 0.157000 -0.947823
v -1.039268 0.000000 -0.947823
v -1.039268 0.157000 -0.947823
v -1.006378 0.000000 -0.921116
v -1.006378 0.000000 -0.921116
v -1.039268 0.157000 -0.947823
v -1.006378 0.157000 -0.921116
v -1.006378 0.000000 -0.921116
v -1.006378 0.157000 -0.921116
v -0.971768 0.000000 -0.896786
v -0.971768 0.000000 -0.896786
v -1.006378 0.157000 -0.921116
v -0.971768 0.157000 -0.896786
v -0.971768 0.000000 -0.896786
v -0.971768 0.157000 -0.896786
v -0.935579 0.000000 -0.874943
v -0.935579 0.000000 -0.874943
v -0.971768 0.157000 -0.896786
v -0.935579 0.157000 -0.874943
v -0.935579 0.000000 -0.874943
v -0.935579 0.157000 -0.874943
v -0.898006 0.000000 -0.855694
v -0.898006 0.000000 -0.855694
v -0.935579 0.157000 -0.874943
v -0.898006 0.157000 -0.855694
v -0.898006 0.000000 -0.855694
v -0.898006 0.157000 -0.855694
v -0.859216 0.000000 -0.839132
v -0.859216 0.000000 -0.839132
v -0.898006 0.157000 -0.855694
v -0.859216 0.157000 -0.839132
v -0.859216 0.000000 -0.839132
v -0.859216 0.157000 -0.839132
v -0.819389 0.000000 -0.825338
v -0.819389 0.000000 -0.825338
v -0.859216 0.157000 -0.839132
v -0.819389 0.157000 -0.825338
v -0.819389 0.000000 -0.825338
v -0.819389 0.157000 -0.825338
v -0.778730 0.000000 -0.814369
v -0.778730 0.000000 -0.814369
v -0.819389 0.157000 -0.825338
v -0.778730 0.157000 -0.814369
v -0.778730 0.000000 -0.814369
v -0.778730 0.157000 -0.814369
v -0.737422 0.000000 -0.806289
v -0.737422 0.000000 -0.806289
v -0.778730 0.157000 -0.814369
v -0.737422 0.157000 -0.806289
v -0.737422 0.000000 -0.806289
v -0.737422 0.157000 -0.806289
v -0.695666 0.000000 -0.801120
v -0.695666 0.000000 -0.801120
v -0.737422 0.157000 -0.806289
v -0.695666 0.157000 -0.801120
v -0.695666 0.000000 -0.801120
v -0.695666 0.157000 -0.801120
v -0.653659 0.000000 -0.798905
v -0.653659 0.000000 -0.798905
v -0.695666 0.157000 -0.801120
v -0.653659 0.157000 -0.798905
v -0.653659 0.000000 -0.798905
v -0.653659 0.157000 -0.798905
v -0.611602 0.000000 -0.799645
v -0.611602 0.000000 -0.799645
v -0.653659 0.157000 -0.798905
v -0.611602 0.157000 -0.799645
v -0.611602 0.000000 -0.799645
v -0.611602 0.157000 -0.799645
v -0.569694 0.000000 -0.803336
v -0.569694 0.000000 -0.803336
v -0.611602 0.157000 -0.799645
v -0.569694 0.157000 -0.803336
v -0.569694 0.000000 -0.803336
v -0.569694 0.157000 -0.803336
v -0.528138 0.000000 -0.809961
v -0.528138 0.000000 -0.809961
v -0.569694 0.157000 -0.803336
v -0.528138 0.157000 -0.809961
v -0.528138 0.000000 -0.809961
v -0.528138 0.157000 -0.809961
v -0.487129 0.000000 -0.819498
v -0.487129 0.000000 -0.819498
v -0.528138 0.157000 -0.809961
v -0.487129 0.157000 -0.819498
v -0.487129 0.000000 -0.819498
v -0.487129 0.157000 -0.819498
v -0.446864 0.000000 -0.831883
v -0.446864 0.000000 -0.831883
v -0.487129 0.157000 -0.819498
v -0.446864 0.157000 -0.831883
v -0.446864 0.000000 -0.831883
v -0.446864 0.157000 -0.831883
v -0.407534 0.000000 -0.847077
v -0.407534 0.000000 -0.847077
v -0.446864 0.157000 -0.831883
v -0.407534 0.157000 -0.847077
v -0.407534 0.000000 -0.847077
v -0.407534 0.157000 -0.847077
v -0.369326 0.000000 -0.864991
v -0.369326 0.000000 -0.864991
v -0.407534 0.157000 -0.847077
v -0.369326 0.157000 -0.864991
v -0.369326 0.000000 -0.864991
v -0.369326 0.157000 -0.864991
v -0.332424 0.000000 -0.885545
v -0.332424 0.000000 -0.885545
v -0.369326 0.157000 -0.864991
v -0.332424 0.157000 -0.885545
v -0.332424 0.000000 -0.885545
v -0.332424 0.157000 -0.885545
v -0.297002 0.000000 -0.908643
v -0.297002 0.000000 -0.908643
v -0.332424 0.157000 -0.885545
v -0.297002 0.157000 -0.908643
v -0.297002 0.000000 -0.908643
v -0.297002 0.157000 -0.908643
v -0.263230 0.000000 -0.934181
v -0.263230 0.000000 -0.934181
v -0.297002 0.157000 -0.908643
v -0.263230 0.157000 -0.934181
v -0.263230 0.000000 -0.934181
v -0.263230 0.157000 -0.934181
v -0.231268 0.000000 -0.962024
v -0.231268 0.000000 -0.962024
v -0.263230 0.157000 -0.934181
v -0.231268 0.157000 -0.962024
v -0.231268 0.000000 -0.962024
v -0.231268 0.157000 -0.962024
v -0.201269 0.000000 -0.992051
v -0.201269 0.000000 -0.992051
v -0.231268 0.157000 -0.962024
v -0.201269 0.157000 -0.992051
v -0.201269 0.000000 -0.992051
v -0.201269 0.157000 -0.992051
v -0.173378 0.000000 -1.024110
v -0.173378 0.000000 -1.024110
v -0.201269 0.157000 -0.992051
v -0.173378 0.157000 -1.024110
v -0.173378 0.000000 -1.024110
v -0.173378 0.157000 -1.024110
v -0.147723 0.000000 -1.058058
v -0.147723 0.000000 -1.058058
v -0.173378 0.157000 -1.024110
v -0.147723 0.157000 -1.058058
v -0.147723 0.000000 -1.058058
v -0.147723 0.157000 -1.058058
v -0.124427 0.000000 -1.093725
v -0.124427 0.000000 -1.093725
v -0.147723 0.157000 -1.058058
v -0.124427 0.157000 -1.093725
v -0.124427 0.000000 -1.093725
v -0.124427 0.157000 -1.093725
v -0.103608 0.000000 -1.130937
v -0.103608 0.000000 -1.130937
v -0.124427 0.157000 -1.093725
v -0.103608 0.157000 -1.130937
v -0.103608 0.000000 -1.130937
v -0.103608 0.157000 -1.130937
v -0.085355 0.000000 -1.169533
v -0.085355 0.000000 -1.169533
v -0.103608 0.157000 -1.130937
v -0.085355 0.157000 -1.169533
v -0.085355 0.000000 -1.169533
v -0.085355 0.157000 -1.169533
v -0.069764 0.000000 -1.209313
v -0.069764 0.000000 -1.209313
v -0.085355 0.157000 -1.169533
v -0.069764 0.157000 -1.209313
v -0.069764 0.000000 -1.209313
v -0.069764 0.157000 -1.209313
v -0.056901 0.000000 -1.250093
v -0.056901 0.000000 -1.250093
v -0.069764 0.157000 -1.209313
v -0.056901 0.157000 -1.250093
v -0.056901 0.000000 -1.250093
v -0.056901 0.157000 -1.250093
v -0.046838 0.000000 -1.291681
v -0.046838 0.000000 -1.291681
v -0.056901 0.157000 -1.250093
v -0.046838 0.157000 -1.291681
v -0.046838 0.000000 -1.291681
v -0.046838 0.157000 -1.291681
v -0.039612 0.000000 -1.333877
v -0.039612 0.000000 -1.333877
v -0.046838 0.157000 -1.291681
v -0.039612 0.157000 -1.333877
v -0.039612 0.000000 -1.333877
v -0.039612 0.157000 -1.333877
v -0.035264 0.000000 -1.376482
v -0.035264 0.000000 -1.376482
v -0.039612 0.157000 -1.333877
v -0.035264 0.157000 -1.376482
v -0.035264 0.000000 -1.462098
v -1.252108 0.000000 -1.440704
v -0.033810 0.000000 -1.419286
v -0.033810 0.000000 -1.419286
v -1.252108 0.000000 -1.440704
v -1.252108 0.000000 -1.397876
v -0.033810 0.000000 -1.419286
v -1.252108 0.000000 -1.397876
v -0.035264 0.000000 -1.376482
v -0.035264 0.000000 -1.376482
v -1.252108 0.000000 -1.397876
v -1.249209 0.000000 -1.355144
v -0.035264 0.000000 -1.376482
v -1.249209 0.000000 -1.355144
v -0.039612 0.000000 -1.333877
v -0.039612 0.000000 -1.333877
v -1.249209 0.000000 -1.355144
v -1.243418 0.000000 -1.312715
v -0.039612 0.000000 -1.333877
v -1.243418 0.000000 -1.312715
v -0.046838 0.000000 -1.291681
v -0.046838 0.000000 -1.291681
v -1.243418 0.000000 -1.312715
v -1.234759 0.000000 -1.270799
v -0.046838 0.000000 -1.291681
v -1.234759 0.000000 -1.270799
v -0.056901 0.000000 -1.250093
v -0.056901 0.000000 -1.250093
v -1.234759 0.000000 -1.270799
v -1.223296 0.000000 -1.229587
v -0.056901 0.000000 -1.250093
v -1.223296 0.000000 -1.229587
v -0.069764 0.000000 -1.209313
v -0.069764 0.000000 -1.209313
v -1.223296 0.000000 -1.229587
v -1.209059 0.000000 -1.189287
v -0.069764 0.000000 -1.209313
v -1.209059 0.000000 -1.189287
v -0.085355 0.000000 -1.169533
v -0.085355 0.000000 -1.169533
v -1.209059 0.000000 -1.189287
v -1.192127 0.000000 -1.150075
v -0.085355 0.000000 -1.169533
v -1.192127 0.000000 -1.150075
v -0.103608 0.000000 -1.130937
v -0.103608 0.000000 -1.130937
v -1.192127 0.000000 -1.150075
v -1.172579 0.000000 -1.112151
v -0.103608 0.000000 -1.130937
v -1.172579 0.000000 -1.112151
v -0.124427 0.000000 -1.093725
v -0.124427 0.000000 -1.093725
v -1.172579 0.000000 -1.112151
v -1.150508 0.000000 -1.075684
v -0.124427 0.000000 -1.093725
v -1.150508 0.000000 -1.075684
v -0.147723 0.000000 -1.058058
v -0.147723 0.000000 -1.058058
v -1.150508 0.000000 -1.075684
v -1.126018 0.000000 -1.040856
v -0.147723 0.000000 -1.058058
v -1.126018 0.000000 -1.040856
v -0.173378 0.000000 -1.024110
v -0.173378 0.000000 -1.024110
v -1.126018 0.000000 -1.040856
v -1.099233 0.000000 -1.007837
v -0.173378 0.000000 -1.024110
v -1.099233 0.000000 -1.007837
v -0.201269 0.000000 -0.992051
v -0.201269 0.000000 -0.992051
v -1.099233 0.000000 -1.007837
v -1.070264 0.000000 -0.976778
v -0.201269 0.000000 -0.992051
v -1.070264 0.000000 -0.976778
v -0.231268 0.000000 -0.962024
v -0.231268 0.000000 -0.962024
v -1.070264 0.000000 -0.976778
v -1.039268 0.000000 -0.947823
v -0.231268 0.000000 -0.962024
v -1.039268 0.000000 -0.947823
v -0.263230 0.000000 -0.934181
v -0.263230 0.000000 -0.934181
v -1.039268 0.000000 -0.947823
v -1.006378 0.000000 -0.921116
v -0.263230 0.000000 -0.934181
v -1.006378 0.000000 -0.921116
v -0.297002 0.000000 -0.908643
v -0.297002 0.000000 -0.908643
v -1.006378 0.000000 -0.921116
v -0.971768 0.000000 -0.896786
v -0.297002 0.000000 -0.908643
v -0.971768 0.000000 -0.896786
v -0.332424 0.000000 -0.885545
v -0.332424 0.000000 -0.885545
v -0.971768 0.000000 -0.896786
v -0.935579 0.000000 -0.874943
v -0.332424 0.000000 -0.885545
v -0.935579 0.000000 -0.874943
v -0.369326 0.000000 -0.864991
v -0.369326 0.000000 -0.864991
v -0.935579 0.000000 -0.874943
v -0.898006 0.000000 -0.855694
v -0.369326 0.000000 -0.864991
v -0.898006 0.000000 -0.855694
v -0.407534 0.000000 -0.847077
v -0.407534 0.000000 -0.847077
v -0.898006 0.000000 -0.855694
v -0.859216 0.000000 -0.839132
v -0.407534 0.000000 -0.847077
v -0.859216 0.000000 -0.839132
v -0.446864 0.000000 -0.831883
v -0.446864 0.000000 -0.831883
v -0.859216 0.000000 -0.839132
v -0.819389 0.000000 -0.825338
v -0.446864 0.000000 -0.831883
v -0.819389 0.000000 -0.825338
v -0.487129 0.000000 -0.819498
v -0.487129 0.000000 -0.819498
v -0.819389 0.000000 -0.825338
v -0.778730 0.000000 -0.814369
v -0.487129 0.000000 -0.819498
v -0.778730 0.000000 -0.814369
v -0.528138 0.000000 -0.809961
v -0.528138 0.000000 -0.809961
v -0.778730 0.000000 -0.814369
v -0.737422 0.000000 -0.806289
v -0.528138 0.000000 -0.809961
v -0.737422 0.000000 -0.806289
v -0.569694 0.000000 -0.803336
v -0.569694 0.000000 -0.803336
v -0.737422 0.000000 -0.806289
v -0.695666 0.000000 -0.801120
v -0.569694 0.000000 -0.803336
v -0.695666 0.000000 -0.801120
v -0.611602 0.000000 -0.799645
v -0.611602 0.000000 -0.799645
v -0.695666 0.000000 -0.801120
v -0.653659 0.000000 -0.798905
v -1.252108 0.000000 -1.440704
v -0.035264 0.000000 -1.462098
v -1.249209 0.000000 -1.483436
v -1.249209 0.000000 -1.483436
v -0.035264 0.000000 -1.462098
v -0.039612 0.000000 -1.504702
v -1.249209 0.000000 -1.483436
v -0.039612 0.000000 -1.504702
v -1.243418 0.000000 -1.525865
v -1.243418 0.000000 -1.525865
v -0.039612 0.000000 -1.504702
v -0.046838 0.000000 -1.546899
v -1.243418 0.000000 -1.525865
v -0.046838 0.000000 -1.546899
v -1.234759 0.000000 -1.567781
v -1.234759 0.000000 -1.567781
v -0.046838 0.000000 -1.546899
v -0.056901 0.000000 -1.588487
v -1.234759 0.000000 -1.567781
v -0.056901 0.000000 -1.588487
v -1.223296 0.000000 -1.608985
v -1.223296 0.000000 -1.608985
v -0.056901 0.000000 -1.588487
v -0.069764 0.000000 -1.629267
v -1.223296 0.000000 -1.608985
v -0.069764 0.000000 -1.629267
v -1.209059 0.000000 -1.649293
v -1.209059 0.000000 -1.649293
v -0.069764 0.000000 -1.629267
v -0.085355 0.000000 -1.669047
v -1.209059 0.000000 -1.649293
v -0.085355 0.000000 -1.669047
v -1.192127 0.000000 -1.688505
v -1.192127 0.000000 -1.688505
v -0.085355 0.000000 -1.669047
v -0.103608 0.000000 -1.707643
v -1.192127 0.000000 -1.688505
v -0.103608 0.000000 -1.707643
v -1.172579 0.000000 -1.726429
v -1.172579 0.000000 -1.726429
v -0.103608 0.000000 -1.707643
v -0.124427 0.000000 -1.744854
v -1.172579 0.000000 -1.726429
v -0.124427 0.000000 -1.744854
v -1.150508 0.000000 -1.762896
v -1.150508 0.000000 -1.762896
v -0.124427 0.000000 -1.744854
v -0.147723 0.000000 -1.780522
v -1.150508 0.000000 -1.762896
v -0.147723 0.000000 -1.780522
v -1.126018 0.000000 -1.797716
v -1.126018 0.000000 -1.797716
v -0.147723 0.000000 -1.780522
v -0.173378 0.000000 -1.814469
v -1.126018 0.000000 -1.797716
v -0.173378 0.000000 -1.814469
v -1.099233 0.000000 -1.830743
v -1.099233 0.000000 -1.830743
v -0.173378 0.000000 -1.814469
v -0.201269 0.000001 -1.846529
v -1.099233 0.000000 -1.830743
v -0.201269 0.000001 -1.846529
v -1.070264 0.000001 -1.861802
v -1.070264 0.000001 -1.861802
v -0.201269 0.000001 -1.846529
v -0.231268 0.000001 -1.876556
v -1.070264 0.000001 -1.861802
v -0.231268 0.000001 -1.876556
v -1.039268 0.000001 -1.890757
v -1.039268 0.000001 -1.890757
v -0.231268 0.000001 -1.876556
v -0.263230 0.000001 -1.904398
v -1.039268 0.000001 -1.890757
v -0.263230 0.000001 -1.904398
v -1.006378 0.000001 -1.917464
v -1.006378 0.000001 -1.917464
v -0.263230 0.000001 -1.904398
v -0.297002 0.000001 -1.929929
v -1.006378 0.000001 -1.917464
v -0.297002 0.000001 -1.929929
v -0.971768 0.000001 -1.941794
v -0.971768 0.000001 -1.941794
v -0.297002 0.000001 -1.929929
v -0.332424 0.000001 -1.953035
v -0.971768 0.000001 -1.941794
v -0.332424 0.000001 -1.953035
v -0.935579 0.000001 -1.963636
v -0.935579 0.000001 -1.963636
v -0.332424 0.000001 -1.953035
v -0.369326 0.000001 -1.973589
v -0.935579 0.000001 -1.963636
v -0.369326 0.000001 -1.973589
v -0.898006 0.000001 -1.982886
v -0.898006 0.000001 -1.982886
v -0.369326 0.000001 -1.973589
v -0.407534 0.000001 -1.991503
v -0.898006 0.000001 -1.982886
v -0.407534 0.000001 -1.991503
v -0.859216 0.000001 -1.999440
v -0.859216 0.000001 -1.999440
v -0.407534 0.000001 -1.991503
v -0.446864 0.000001 -2.006697
v -0.859216 0.000001 -1.999440
v -0.446864 0.000001 -2.006697
v -0.819389 0.000001 -2.013241
v -0.819389 0.000001 -2.013241
v -0.446864 0.000001 -2.006697
v -0.487129 0.000001 -2.019082
v -0.819389 0.000001 -2.013241
v -0.487129 0.000001 -2.019082
v -0.778730 0.000001 -2.024210
v -0.778730 0.000001 -2.024210
v -0.487129 0.000001 -2.019082
v -0.528138 0.000001 -2.028611
v -0.778730 0.000001 -2.024210
v -0.528138 0.000001 -2.028611
v -0.737422 0.000001 -2.032291
v -0.737422 0.000001 -2.032291
v -0.528138 0.000001 -2.028611
v -0.569694 0.000001 -2.035244
v -0.737422 0.000001 -2.032291
v -0.569694 0.000001 -2.035244
v -0.695666 0.000001 -2.037460
v -0.695666 0.000001 -2.037460
v -0.569694 0.000001 -2.035244
v -0.611602 0.000001 -2.038932
v -0.695666 0.000001 -2.037460
v -0.611602 0.000001 -2.038932
v -0.653659 0.000001 -2.039676
v 1.252846 0.000000 -1.462098
v 0.036004 0.000000 -1.440704
v 1.254300 0.000000 -1.419286
v 1.254300 0.000000 -1.419286
v 0.036004 0.000000 -1.440704
v 0.036004 0.000000 -1.397876
v 1.254300 0.000000 -1.419286
v 0.036004 0.000000 -1.397876
v 1.252846 0.000000 -1.376482
v 1.252846 0.000000 -1.376482
v 0.036004 0.000000 -1.397876
v 0.038905 0.000000 -1.355144
v 1.252846 0.000000 -1.376482
v 0.038905 0.000000 -1.355144
v 1.248501 0.000000 -1.333877
v 1.248501 0.000000 -1.333877
v 0.038905 0.000000 -1.355144
v 0.044695 0.000000 -1.312715
v 1.248501 0.000000 -1.333877
v 0.044695 0.000000 -1.312715
v 1.241273 0.000000 -1.291681
v 1.241273 0.000000 -1.291681
v 0.044695 0.000000 -1.312715
v 0.053344 0.000000 -1.270799
v 1.241273 0.000000 -1.291681
v 0.053344 0.000000 -1.270799
v 1.231208 0.000000 -1.250093
v 1.231208 0.000000 -1.250093
v 0.053344 0.000000 -1.270799
v 0.064815 0.000000 -1.229587
v 1.231208 0.000000 -1.250093
v 0.064815 0.000000 -1.229587
v 1.218346 0.000000 -1.209313
v 1.218346 0.000000 -1.209313
v 0.064815 0.000000 -1.229587
v 0.079050 0.000000 -1.189287
v 1.218346 0.000000 -1.209313
v 0.079050 0.000000 -1.189287
v 1.202750 0.000000 -1.169533
v 1.202750 0.000000 -1.169533
v 0.079050 0.000000 -1.189287
v 0.095981 0.000000 -1.150075
v 1.202750 0.000000 -1.169533
v 0.095981 0.000000 -1.150075
v 1.184506 0.000000 -1.130937
v 1.184506 0.000000 -1.130937
v 0.095981 0.000000 -1.150075
v 0.115531 0.000000 -1.112151
v 1.184506 0.000000 -1.130937
v 0.115531 0.000000 -1.112151
v 1.163677 0.000000 -1.093725
v 1.163677 0.000000 -1.093725
v 0.115531 0.000000 -1.112151
v 0.137601 0.000000 -1.075684
v 1.163677 0.000000 -1.093725
v 0.137601 0.000000 -1.075684
v 1.140388 0.000000 -1.058058
v 1.140388 0.000000 -1.058058
v 0.137601 0.000000 -1.075684
v 0.162088 0.000000 -1.040856
v 1.140388 0.000000 -1.058058
v 0.162088 0.000000 -1.040856
v 1.114735 0.000000 -1.024110
v 1.114735 0.000000 -1.024110
v 0.162088 0.000000 -1.040856
v 0.188878 0.000000 -1.007837
v 1.114735 0.000000 -1.024110
v 0.188878 0.000000 -1.007837
v 1.086843 0.000000 -0.992051
v 1.086843 0.000000 -0.992051
v 0.188878 0.000000 -1.007837
v 0.217843 0.000000 -0.976778
v 1.086843 0.000000 -0.992051
v 0.217843 0.000000 -0.976778
v 1.056836 0.000000 -0.962024
v 1.056836 0.000000 -0.962024
v 0.217843 0.000000 -0.976778
v 0.248840 0.000000 -0.947823
v 1.056836 0.000000 -0.962024
v 0.248840 0.000000 -0.947823
v 1.024882 0.000000 -0.934181
v 1.024882 0.000000 -0.934181
v 0.248840 0.000000 -0.947823
v 0.281729 0.000000 -0.921116
v 1.024882 0.000000 -0.934181
v 0.281729 0.000000 -0.921116
v 0.991104 0.000000 -0.908643
v 0.991104 0.000000 -0.908643
v 0.281729 0.000000 -0.921116
v 0.316346 0.000000 -0.896786
v 0.991104 0.000000 -0.908643
v 0.316346 0.000000 -0.896786
v 0.955685 0.000000 -0.885545
v 0.955685 0.000000 -0.885545
v 0.316346 0.000000 -0.896786
v 0.352529 0.000000 -0.874943
v 0.955685 0.000000 -0.885545
v 0.352529 0.000000 -0.874943
v 0.918788 0.000000 -0.864991
v 0.918788 0.000000 -0.864991
v 0.352529 0.000000 -0.874943
v 0.390107 0.000000 -0.855694
v 0.918788 0.000000 -0.864991
v 0.390107 0.000000 -0.855694
v 0.880579 0.000000 -0.847077
v 0.880579 0.000000 -0.847077
v 0.390107 0.000000 -0.855694
v 0.428895 0.000000 -0.839132
v 0.880579 0.000000 -0.847077
v 0.428895 0.000000 -0.839132
v 0.841247 0.000000 -0.831883
v 0.841247 0.000000 -0.831883
v 0.428895 0.000000 -0.839132
v 0.468718 0.000000 -0.825338
v 0.841247 0.000000 -0.831883
v 0.468718 0.000000 -0.825338
v 0.800979 0.000000 -0.819498
v 0.800979 0.000000 -0.819498
v 0.468718 0.000000 -0.825338
v 0.509377 0.000000 -0.814369
v 0.800979 0.000000 -0.819498
v 0.509377 0.000000 -0.814369
v 0.759973 0.000000 -0.809961
v 0.759973 0.000000 -0.809961
v 0.509377 0.000000 -0.814369
v 0.550687 0.000000 -0.806289
v 0.759973 0.000000 -0.809961
v 0.550687 0.000000 -0.806289
v 0.718414 0.000000 -0.803336
v 0.718414 0.000000 -0.803336
v 0.550687 0.000000 -0.806289
v 0.592443 0.000000 -0.801120
v 0.718414 0.000000 -0.803336
v 0.592443 0.000000 -0.801120
v 0.676507 0.000000 -0.799645
v 0.676507 0.000000 -0.799645
v 0.592443 0.000000 -0.801120
v 0.634452 0.000000 -0.798905
v 0.036004 0.000000 -1.440704
v 1.252846 0.000000 -1.462098
v 0.038905 0.000000 -1.483436
v 0.038905 0.000000 -1.483436
v 1.252846 0.000000 -1.462098
v 1.248501 0.000000 -1.504702
v 0.038905 0.000000 -1.483436
v 1.248501 0.000000 -1.504702
v 0.044695 0.000000 -1.525865
v 0.044695 0.000000 -1.525865
v 1.248501 0.000000 -1.504702
v 1.241273 0.000000 -1.546899
v 0.044695 0.000000 -1.525865
v 1.241273 0.000000 -1.546899
v 0.053344 0.000000 -1.567781
v 0.053344 0.000000 -1.567781
v 1.241273 0.000000 -1.546899
v 1.231208 0.000000 -1.588487
v 0.053344 0.000000 -1.567781
v 1.231208 0.000000 -1.588487
v 0.064815 0.000000 -1.608985
v 0.064815 0.000000 -1.608985
v 1.231208 0.000000 -1.588487
v 1.218346 0.000000 -1.629267
v 0.064815 0.000000 -1.608985
v 1.218346 0.000000 -1.629267
v 0.079050 0.000000 -1.649293
v 0.079050 0.000000 -1.649293
v 1.218346 0.000000 -1.629267
v 1.202750 0.000000 -1.669047
v 0.079050 0.000000 -1.649293
v 1.202750 0.000000 -1.669047
v 0.095981 0.000000 -1.688505
v 0.095981 0.000000 -1.688505
v 1.202750 0.000000 -1.669047
v 1.184506 0.000000 -1.707643
v 0.095981 0.000000 -1.688505
v 1.184506 0.000000 -1.707643
v 0.115531 0.000000 -1.726429
v 0.115531 0.000000 -1.726429
v 1.184506 0.000000 -1.707643
v 1.163677 0.000000 -1.744854
v 0.115531 0.000000 -1.726429
v 1.163677 0.000000 -1.744854
v 0.137601 0.000000 -1.762896
v 0.137601 0.000000 -1.762896
v 1.163677 0.000000 -1.744854
v 1.140388 0.000000 -1.780522
v 0.137601 0.000000 -1.762896
v 1.140388 0.000000 -1.780522
v 0.162088 0.000000 -1.797716
v 0.162088 0.000000 -1.797716
v 1.140388 0.000000 -1.780522
v 1.114735 0.000000 -1.814469
v 0.162088 0.000000 -1.797716
v 1.114735 0.000000 -1.814469
v 0.188878 0.000000 -1.830743
v 0.188878 0.000000 -1.830743
v 1.114735 0.000000 -1.814469
v 1.086843 0.000001 -1.846529
v 0.188878 0.000000 -1.830743
v 1.086843 0.000001 -1.846529
v 0.217843 0.000001 -1.861802
v 0.217843 0.000001 -1.861802
v 1.086843 0.000001 -1.846529
v 1.056836 0.000001 -1.876556
v 0.217843 0.000001 -1.861802
v 1.056836 0.000001 -1.876556
v 0.248840 0.000001 -1.890757
v 0.248840 0.000001 -1.890757
v 1.056836 0.000001 -1.876556
v 1.024882 0.000001 -1.904398
v 0.248840 0.000001 -1.890757
v 1.024882 0.000001 -1.904398
v 0.281729 0.000001 -1.917464
v 0.281729 0.000001 -1.917464
v 1.024882 0.000001 -1.904398
v 0.991104 0.000001 -1.929929
v 0.281729 0.000001 -1.917464
v 0.991104 0.000001 -1.929929
v 0.316346 0.000001 -1.941794
v 0.316346 0.000001 -1.941794
v 0.991104 0.000001 -1.929929
v 0.955685 0.000001 -1.953035
v 0.316346 0.000001 -1.941794
v 0.955685 0.000001 -1.953035
v 0.352529 0.000001 -1.963636
v 0.352529 0.000001 -1.963636
v 0.955685 0.000001 -1.953035
v 0.918788 0.000001 -1.973589
v 0.352529 0.000001 -1.963636
v 0.918788 0.000001 -1.973589
v 0.390107 0.000001 -1.982886
v 0.390107 0.000001 -1.982886
v 0.918788 0.000001 -1.973589
v 0.880579 0.000001 -1.991503
v 0.390107 0.000001 -1.982886
v 0.880579 0.000001 -1.991503
v 0.428895 0.000001 -1.999440
v 0.428895 0.000001 -1.999440
v 0.880579 0.000001 -1.991503
v 0.841247 0.000001 -2.006697
v 0.428895 0.000001 -1.999440
v 0.841247 0.000001 -2.006697
v 0.468718 0.000001 -2.013241
v 0.468718 0.000001 -2.013241
v 0.841247 0.000001 -2.006697
v 0.800979 0.000001 -2.019082
v 0.468718 0.000001 -2.013241
v 0.800979 0.000001 -2.019082
v 0.509377 0.000001 -2.024210
v 0.509377 0.000001 -2.024210
v 0.800979 0.000001 -2.019082
v 0.759973 0.000001 -2.028611
v 0.509377 0.000001 -2.024210
v 0.759973 0.000001 -2.028611
v 0.550687 0.000001 -2.032291
v 0.550687 0.000001 -2.032291
v 0.759973 0.000001 -2.028611
v 0.718414 0.000001 -2.035244
v 0.550687 0.000001 -2.032291
v 0.718414 0.000001 -2.035244
v 0.592443 0.000001 -2.037460
v 0.592443 0.000001 -2.037460
v 0.718414 0.000001 -2.035244
v 0.676507 0.000001 -2.038932
v 0.592443 0.000001 -2.037460
v 0.676507 0.000001 -2.038932
v 0.634452 0.000001 -2.039676
v -0.035264 0.000000 -0.061021
v -1.252108 0.000000 -0.039629
v -0.033810 0.000000 -0.018212
v -0.033810 0.000000 -0.018212
v -1.252108 0.000000 -0.039629
v -1.252108 0.000000 0.003204
v -0.033810 0.000000 -0.018212
v -1.252108 0.000000 0.003204
v -0.035264 0.000000 0.024597
v -0.035264 0.000000 0.024597
v -1.252108 0.000000 0.003204
v -1.249209 0.000000 0.045937
v -0.035264 0.000000 0.024597
v -1.249209 0.000000 0.045937
v -0.039612 0.000000 0.067198
v -0.039612 0.000000 0.067198
v -1.249209 0.000000 0.045937
v -1.243418 0.000000 0.088362
v -0.039612 0.000000 0.067198
v -1.243418 0.000000 0.088362
v -0.046838 0.000000 0.109394
v -0.046838 0.000000 0.109394
v -1.243418 0.000000 0.088362
v -1.234759 -0.000000 0.130278
v -0.046838 0.000000 0.109394
v -1.234759 -0.000000 0.130278
v -0.056901 -0.000000 0.150982
v -0.056901 -0.000000 0.150982
v -1.234759 -0.000000 0.130278
v -1.223296 -0.000000 0.171490
v -0.056901 -0.000000 0.150982
v -1.223296 -0.000000 0.171490
v -0.069764 -0.000000 0.191766
v -0.069764 -0.000000 0.191766
v -1.223296 -0.000000 0.171490
v -1.209059 -0.000000 0.211792
v -0.069764 -0.000000 0.191766
v -1.209059 -0.000000 0.211792
v -0.085355 -0.000000 0.231548
v -0.085355 -0.000000 0.231548
v -1.209059 -0.000000 0.211792
v -1.192127 -0.000000 0.251003
v -0.085355 -0.000000 0.231548
v -1.192127 -0.000000 0.251003
v -0.103608 -0.000000 0.270137
v -0.103608 -0.000000 0.270137
v -1.192127 -0.000000 0.251003
v -1.172579 -0.000000 0.288928
v -0.103608 -0.000000 0.270137
v -1.172579 -0.000000 0.288928
v -0.124427 -0.000000 0.307354
v -0.124427 -0.000000 0.307354
v -1.172579 -0.000000 0.288928
v -1.150508 -0.000000 0.325392
v -0.124427 -0.000000 0.307354
v -1.150508 -0.000000 0.325392
v -0.147723 -0.000000 0.343022
v -0.147723 -0.000000 0.343022
v -1.150508 -0.000000 0.325392
v -1.126018 -0.000000 0.360219
v -0.147723 -0.000000 0.343022
v -1.126018 -0.000000 0.360219
v -0.173378 -0.000000 0.376964
v -0.173378 -0.000000 0.376964
v -1.126018 -0.000000 0.360219
v -1.099233 -0.000000 0.393240
v -0.173378 -0.000000 0.376964
v -1.099233 -0.000000 0.393240
v -0.201269 -0.000000 0.409024
v -0.201269 -0.000000 0.409024
v -1.099233 -0.000000 0.393240
v -1.070264 -0.000000 0.424300
v -0.201269 -0.000000 0.409024
v -1.070264 -0.000000 0.424300
v -0.231268 -0.000000 0.439051
v -0.231268 -0.000000 0.439051
v -1.070264 -0.000000 0.424300
v -1.039268 -0.000000 0.453254
v -0.231268 -0.000000 0.439051
v -1.039268 -0.000000 0.453254
v -0.263230 -0.000000 0.466897
v -0.263230 -0.000000 0.466897
v -1.039268 -0.000000 0.453254
v -1.006378 -0.000000 0.479959
v -0.263230 -0.000000 0.466897
v -1.006378 -0.000000 0.479959
v -0.297002 -0.000000 0.492432
v -0.297002 -0.000000 0.492432
v -1.006378 -0.000000 0.479959
v -0.971768 -0.000000 0.504294
v -0.297002 -0.000000 0.492432
v -0.971768 -0.000000 0.504294
v -0.332424 -0.000000 0.515531
v -0.332424 -0.000000 0.515531
v -0.971768 -0.000000 0.504294
v -0.935579 -0.000000 0.526134
v -0.332424 -0.000000 0.515531
v -0.935579 -0.000000 0.526134
v -0.369326 -0.000000 0.536090
v -0.369326 -0.000000 0.536090
v -0.935579 -0.000000 0.526134
v -0.898006 -0.000000 0.545381
v -0.369326 -0.000000 0.536090
v -0.898006 -0.000000 0.545381
v -0.407534 -0.000000 0.554004
v -0.407534 -0.000000 0.554004
v -0.898006 -0.000000 0.545381
v -0.859216 -0.000000 0.561946
v -0.407534 -0.000000 0.554004
v -0.859216 -0.000000 0.561946
v -0.446864 -0.000000 0.569191
v -0.446864 -0.000000 0.569191
v -0.859216 -0.000000 0.561946
v -0.819389 -0.000000 0.575741
v -0.446864 -0.000000 0.569191
v -0.819389 -0.000000 0.575741
v -0.487129 -0.000000 0.581581
v -0.487129 -0.000000 0.581581
v -0.819389 -0.000000 0.575741
v -0.778730 -0.000000 0.586709
v -0.487129 -0.000000 0.581581
v -0.778730 -0.000000 0.586709
v -0.528138 -0.000000 0.591113
v -0.528138 -0.000000 0.591113
v -0.778730 -0.000000 0.586709
v -0.737422 -0.000000 0.594791
v -0.528138 -0.000000 0.591113
v -0.737422 -0.000000 0.594791
v -0.569694 -0.000000 0.597741
v -0.569694 -0.000000 0.597741
v -0.737422 -0.000000 0.594791
v -0.695666 -0.000000 0.599955
v -0.569694 -0.000000 0.597741
v -0.695666 -0.000000 0.599955
v -0.611602 -0.000000 0.601432
v -0.611602 -0.000000 0.601432
v -0.695666 -0.000000 0.599955
v -0.653659 -0.000000 0.602173
v -1.252108 0.000000 -0.039629
v -0.035264 0.000000 -0.061021
v -1.249209 0.000000 -0.082358
v -1.249209 0.000000 -0.082358
v -0.035264 0.000000 -0.061021
v -0.039612 0.000000 -0.103622
v -1.249209 0.000000 -0.082358
v -0.039612 0.000000 -0.103622
v -1.243418 0.000000 -0.124786
v -1.243418 0.000000 -0.124786
v -0.039612 0.000000 -0.103622
v -0.046838 0.000000 -0.145819
v -1.243418 0.000000 -0.124786
v -0.046838 0.000000 -0.145819
v -1.234759 0.000000 -0.166702
v -1.234759 0.000000 -0.166702
v -0.046838 0.000000 -0.145819
v -0.056901 0.000000 -0.187406
v -1.234759 0.000000 -0.166702
v -0.056901 0.000000 -0.187406
v -1.223296 0.000000 -0.207910
v -1.223296 0.000000 -0.207910
v -0.056901 0.000000 -0.187406
v -0.069764 0.000000 -0.228189
v -1.223296 0.000000 -0.207910
v -0.069764 0.000000 -0.228189
v -1.209059 0.000000 -0.248217
v -1.209059 0.000000 -0.248217
v -0.069764 0.000000 -0.228189
v -0.085355 0.000000 -0.267972
v -1.209059 0.000000 -0.248217
v -0.085355 0.000000 -0.267972
v -1.192127 0.000000 -0.287427
v -1.192127 0.000000 -0.287427
v -0.085355 0.000000 -0.267972
v -0.103608 0.000000 -0.306562
v -1.192127 0.000000 -0.287427
v -0.103608 0.000000 -0.306562
v -1.172579 0.000000 -0.325353
v -1.172579 0.000000 -0.325353
v -0.103608 0.000000 -0.306562
v -0.124427 0.000000 -0.343778
v -1.172579 0.000000 -0.325353
v -0.124427 0.000000 -0.343778
v -1.150508 0.000000 -0.361816
v -1.150508 0.000000 -0.361816
v -0.124427 0.000000 -0.343778
v -0.147723 0.000000 -0.379446
v -1.150508 0.000000 -0.361816
v -0.147723 0.000000 -0.379446
v -1.126018 0.000000 -0.396643
v -1.126018 0.000000 -0.396643
v -0.147723 0.000000 -0.379446
v -0.173378 0.000000 -0.413388
v -1.126018 0.000000 -0.396643
v -0.173378 0.000000 -0.413388
v -1.099233 0.000000 -0.429665
v -1.099233 0.000000 -0.429665
v -0.173378 0.000000 -0.413388
v -0.201269 0.000000 -0.445449
v -1.099233 0.000000 -0.429665
v -0.201269 0.000000 -0.445449
v -1.070264 0.000000 -0.460724
v -1.070264 0.000000 -0.460724
v -0.201269 0.000000 -0.445449
v -0.231268 0.000000 -0.475476
v -1.070264 0.000000 -0.460724
v -0.231268 0.000000 -0.475476
v -1.039268 0.000000 -0.489679
v -1.039268 0.000000 -0.489679
v -0.231268 0.000000 -0.475476
v -0.263230 0.000000 -0.503322
v -1.039268 0.000000 -0.489679
v -0.263230 0.000000 -0.503322
v -1.006378 0.000000 -0.516384
v -1.006378 0.000000 -0.516384
v -0.263230 0.000000 -0.503322
v -0.297002 0.000000 -0.528853
v -1.006378 0.000000 -0.516384
v -0.297002 0.000000 -0.528853
v -0.971768 0.000000 -0.540718
v -0.971768 0.000000 -0.540718
v -0.297002 0.000000 -0.528853
v -0.332424 0.000000 -0.551954
v -0.971768 0.000000 -0.540718
v -0.332424 0.000000 -0.551954
v -0.935579 0.000000 -0.562559
v -0.935579 0.000000 -0.562559
v -0.332424 0.000000 -0.551954
v -0.369326 0.000000 -0.572510
v -0.935579 0.000000 -0.562559
v -0.369326 0.000000 -0.572510
v -0.898006 0.000000 -0.581805
v -0.898006 0.000000 -0.581805
v -0.369326 0.000000 -0.572510
v -0.407534 0.000000 -0.590428
v -0.898006 0.000000 -0.581805
v -0.407534 0.000000 -0.590428
v -0.859216 0.000000 -0.598366
v -0.859216 0.000000 -0.598366
v -0.407534 0.000000 -0.590428
v -0.446864 0.000000 -0.605616
v -0.859216 0.000000 -0.598366
v -0.446864 0.000000 -0.605616
v -0.819389 0.000000 -0.612165
v -0.819389 0.000000 -0.612165
v -0.446864 0.000000 -0.605616
v -0.487129 0.000000 -0.618005
v -0.819389 0.000000 -0.612165
v -0.487129 0.000000 -0.618005
v -0.778730 0.000000 -0.623133
v -0.778730 0.000000 -0.623133
v -0.487129 0.000000 -0.618005
v -0.528138 0.000000 -0.627536
v -0.778730 0.000000 -0.623133
v -0.528138 0.000000 -0.627536
v -0.737422 0.000000 -0.631215
v -0.737422 0.000000 -0.631215
v -0.528138 0.000000 -0.627536
v -0.569694 0.000000 -0.634166
v -0.737422 0.000000 -0.631215
v -0.569694 0.000000 -0.634166
v -0.695666 0.000000 -0.636380
v -0.695666 0.000000 -0.636380
v -0.569694 0.000000 -0.634166
v -0.611602 0.000000 -0.637857
v -0.695666 0.000000 -0.636380
v -0.611602 0.000000 -0.637857
v -0.653659 0.000000 -0.638597
v 1.252846 -0.000000 1.340054
v 0.036004 -0.000000 1.361448
v 1.254300 -0.000000 1.382866
v 1.254300 -0.000000 1.382866
v 0.036004 -0.000000 1.361448
v 0.036004 -0.000000 1.404284
v 1.254300 -0.000000 1.382866
v 0.036004 -0.000000 1.404284
v 1.252846 -0.000000 1.425671
v 1.252846 -0.000000 1.425671
v 0.036004 -0.000000 1.404284
v 0.038905 -0.000000 1.447017
v 1.252846 -0.000000 1.425671
v 0.038905 -0.000000 1.447017
v 1.248501 -0.000000 1.468275
v 1.248501 -0.000000 1.468275
v 0.038905 -0.000000 1.447017
v 0.044695 -0.000000 1.489437
v 1.248501 -0.000000 1.468275
v 0.044695 -0.000000 1.489437
v 1.241273 -0.000000 1.510471
v 1.241273 -0.000000 1.510471
v 0.044695 -0.000000 1.489437
v 0.053344 -0.000000 1.531353
v 1.241273 -0.000000 1.510471
v 0.053344 -0.000000 1.531353
v 1.231208 -0.000000 1.552059
v 1.231208 -0.000000 1.552059
v 0.053344 -0.000000 1.531353
v 0.064815 -0.000000 1.572565
v 1.231208 -0.000000 1.552059
v 0.064815 -0.000000 1.572565
v 1.218346 -0.000000 1.592839
v 1.218346 -0.000000 1.592839
v 0.064815 -0.000000 1.572565
v 0.079050 -0.000000 1.612873
v 1.218346 -0.000000 1.592839
v 0.079050 -0.000000 1.612873
v 1.202750 -0.000000 1.632627
v 1.202750 -0.000000 1.632627
v 0.079050 -0.000000 1.612873
v 0.095981 -0.000000 1.652077
v 1.202750 -0.000000 1.632627
v 0.095981 -0.000000 1.652077
v 1.184506 -0.000000 1.671215
v 1.184506 -0.000000 1.671215
v 0.095981 -0.000000 1.652077
v 0.115531 -0.000000 1.690009
v 1.184506 -0.000000 1.671215
v 0.115531 -0.000000 1.690009
v 1.163677 -0.000000 1.708435
v 1.163677 -0.000000 1.708435
v 0.115531 -0.000000 1.690009
v 0.137601 -0.000000 1.726469
v 1.163677 -0.000000 1.708435
v 0.137601 -0.000000 1.726469
v 1.140388 -0.000000 1.744102
v 1.140388 -0.000000 1.744102
v 0.137601 -0.000000 1.726469
v 0.162088 -0.000000 1.761296
v 1.140388 -0.000000 1.744102
v 0.162088 -0.000000 1.761296
v 1.114735 -0.000000 1.778042
v 1.114735 -0.000000 1.778042
v 0.162088 -0.000000 1.761296
v 0.188878 -0.000000 1.794315
v 1.114735 -0.000000 1.778042
v 0.188878 -0.000000 1.794315
v 1.086843 -0.000000 1.810101
v 1.086843 -0.000000 1.810101
v 0.188878 -0.000000 1.794315
v 0.217843 -0.000000 1.825383
v 1.086843 -0.000000 1.810101
v 0.217843 -0.000000 1.825383
v 1.056836 -0.000000 1.840128
v 1.056836 -0.000000 1.840128
v 0.217843 -0.000000 1.825383
v 0.248840 -0.000000 1.854329
v 1.056836 -0.000000 1.840128
v 0.248840 -0.000000 1.854329
v 1.024882 -0.000000 1.867971
v 1.024882 -0.000000 1.867971
v 0.248840 -0.000000 1.854329
v 0.281729 -0.000000 1.881036
v 1.024882 -0.000000 1.867971
v 0.281729 -0.000000 1.881036
v 0.991104 -0.000001 1.893509
v 0.991104 -0.000001 1.893509
v 0.281729 -0.000000 1.881036
v 0.316346 -0.000001 1.905375
v 0.991104 -0.000001 1.893509
v 0.316346 -0.000001 1.905375
v 0.955685 -0.000001 1.916608
v 0.955685 -0.000001 1.916608
v 0.316346 -0.000001 1.905375
v 0.352529 -0.000001 1.927209
v 0.955685 -0.000001 1.916608
v 0.352529 -0.000001 1.927209
v 0.918788 -0.000001 1.937170
v 0.918788 -0.000001 1.937170
v 0.352529 -0.000001 1.927209
v 0.390107 -0.000001 1.946459
v 0.918788 -0.000001 1.937170
v 0.390107 -0.000001 1.946459
v 0.880579 -0.000001 1.955083
v 0.880579 -0.000001 1.955083
v 0.390107 -0.000001 1.946459
v 0.428895 -0.000001 1.963020
v 0.880579 -0.000001 1.955083
v 0.428895 -0.000001 1.963020
v 0.841247 -0.000001 1.970269
v 0.841247 -0.000001 1.970269
v 0.428895 -0.000001 1.963020
v 0.468718 -0.000001 1.976822
v 0.841247 -0.000001 1.970269
v 0.468718 -0.000001 1.976822
v 0.800979 -0.000001 1.982662
v 0.800979 -0.000001 1.982662
v 0.468718 -0.000001 1.976822
v 0.509377 -0.000001 1.987783
v 0.800979 -0.000001 1.982662
v 0.509377 -0.000001 1.987783
v 0.759973 -0.000001 1.992191
v 0.759973 -0.000001 1.992191
v 0.509377 -0.000001 1.987783
v 0.550687 -0.000001 1.995872
v 0.759973 -0.000001 1.992191
v 0.550687 -0.000001 1.995872
v 0.718414 -0.000001 1.998816
v 0.718414 -0.000001 1.998816
v 0.550687 -0.000001 1.995872
v 0.592443 -0.000001 2.001032
v 0.718414 -0.000001 1.998816
v 0.592443 -0.000001 2.001032
v 0.676507 -0.000001 2.002512
v 0.676507 -0.000001 2.002512
v 0.592443 -0.000001 2.001032
v 0.634452 -0.000001 2.003248
v 0.036004 -0.000000 1.361448
v 1.252846 -0.000000 1.340054
v 0.038905 -0.000000 1.318724
v 0.038905 -0.000000 1.318724
v 1.252846 -0.000000 1.340054
v 1.248501 -0.000000 1.297458
v 0.038905 -0.000000 1.318724
v 1.248501 -0.000000 1.297458
v 0.044695 -0.000000 1.276288
v 0.044695 -0.000000 1.276288
v 1.248501 -0.000000 1.297458
v 1.241273 -0.000000 1.255262
v 0.044695 -0.000000 1.276288
v 1.241273 -0.000000 1.255262
v 0.053344 -0.000000 1.234371
v 0.053344 -0.000000 1.234371
v 1.241273 -0.000000 1.255262
v 1.231208 -0.000000 1.213673
v 0.053344 -0.000000 1.234371
v 1.231208 -0.000000 1.213673
v 0.064815 -0.000000 1.193167
v 0.064815 -0.000000 1.193167
v 1.231208 -0.000000 1.213673
v 1.218346 -0.000000 1.172885
v 0.064815 -0.000000 1.193167
v 1.218346 -0.000000 1.172885
v 0.079050 -0.000000 1.152859
v 0.079050 -0.000000 1.152859
v 1.218346 -0.000000 1.172885
v 1.202750 -0.000000 1.133105
v 0.079050 -0.000000 1.152859
v 1.202750 -0.000000 1.133105
v 0.095981 -0.000000 1.113647
v 0.095981 -0.000000 1.113647
v 1.202750 -0.000000 1.133105
v 1.184506 -0.000000 1.094517
v 0.095981 -0.000000 1.113647
v 1.184506 -0.000000 1.094517
v 0.115531 -0.000000 1.075724
v 0.115531 -0.000000 1.075724
v 1.184506 -0.000000 1.094517
v 1.163677 -0.000000 1.057298
v 0.115531 -0.000000 1.075724
v 1.163677 -0.000000 1.057298
v 0.137601 -0.000000 1.039264
v 0.137601 -0.000000 1.039264
v 1.163677 -0.000000 1.057298
v 1.140388 -0.000000 1.021630
v 0.137601 -0.000000 1.039264
v 1.140388 -0.000000 1.021630
v 0.162088 -0.000000 1.004436
v 0.162088 -0.000000 1.004436
v 1.140388 -0.000000 1.021630
v 1.114735 -0.000000 0.987691
v 0.162088 -0.000000 1.004436
v 1.114735 -0.000000 0.987691
v 0.188878 -0.000000 0.971409
v 0.188878 -0.000000 0.971409
v 1.114735 -0.000000 0.987691
v 1.086843 -0.000000 0.955632
v 0.188878 -0.000000 0.971409
v 1.086843 -0.000000 0.955632
v 0.217843 -0.000000 0.940350
v 0.217843 -0.000000 0.940350
v 1.086843 -0.000000 0.955632
v 1.056836 -0.000000 0.925605
v 0.217843 -0.000000 0.940350
v 1.056836 -0.000000 0.925605
v 0.248840 -0.000000 0.911395
v 0.248840 -0.000000 0.911395
v 1.056836 -0.000000 0.925605
v 1.024882 -0.000000 0.897754
v 0.248840 -0.000000 0.911395
v 1.024882 -0.000000 0.897754
v 0.281729 -0.000000 0.884696
v 0.281729 -0.000000 0.884696
v 1.024882 -0.000000 0.897754
v 0.991104 -0.000000 0.872223
v 0.281729 -0.000000 0.884696
v 0.991104 -0.000000 0.872223
v 0.316346 -0.000000 0.860358
v 0.316346 -0.000000 0.860358
v 0.991104 -0.000000 0.872223
v 0.955685 -0.000000 0.849125
v 0.316346 -0.000000 0.860358
v 0.955685 -0.000000 0.849125
v 0.352529 -0.000000 0.838516
v 0.352529 -0.000000 0.838516
v 0.955685 -0.000000 0.849125
v 0.918788 -0.000000 0.828571
v 0.352529 -0.000000 0.838516
v 0.918788 -0.000000 0.828571
v 0.390107 -0.000000 0.819274
v 0.390107 -0.000000 0.819274
v 0.918788 -0.000000 0.828571
v 0.880579 -0.000000 0.810649
v 0.390107 -0.000000 0.819274
v 0.880579 -0.000000 0.810649
v 0.428895 -0.000000 0.802712
v 0.428895 -0.000000 0.802712
v 0.880579 -0.000000 0.810649
v 0.841247 -0.000000 0.795461
v 0.428895 -0.000000 0.802712
v 0.841247 -0.000000 0.795461
v 0.468718 -0.000000 0.788912
v 0.468718 -0.000000 0.788912
v 0.841247 -0.000000 0.795461
v 0.800979 -0.000000 0.783072
v 0.468718 -0.000000 0.788912
v 0.800979 -0.000000 0.783072
v 0.509377 -0.000000 0.777944
v 0.509377 -0.000000 0.777944
v 0.800979 -0.000000 0.783072
v 0.759973 -0.000000 0.773541
v 0.509377 -0.000000 0.777944
v 0.759973 -0.000000 0.773541
v 0.550687 -0.000000 0.769862
v 0.550687 -0.000000 0.769862
v 0.759973 -0.000000 0.773541
v 0.718414 -0.000000 0.766912
v 0.550687 -0.000000 0.769862
v 0.718414 -0.000000 0.766912
v 0.592443 -0.000000 0.764698
v 0.592443 -0.000000 0.764698
v 0.718414 -0.000000 0.766912
v 0.676507 -0.000000 0.763221
v 0.592443 -0.000000 0.764698
v 0.676507 -0.000000 0.763221
v 0.634452 -0.000000 0.762480
v -1.323371 -0.000000 1.340054
v -2.540217 -0.000000 1.361448
v -1.321918 -0.000000 1.382866
v -1.321918 -0.000000 1.382866
v -2.540217 -0.000000 1.361448
v -2.540217 -0.000000 1.404284
v -1.321918 -0.000000 1.382866
v -2.540217 -0.000000 1.404284
v -1.323371 -0.000000 1.425671
v -1.323371 -0.000000 1.425671
v -2.540217 -0.000000 1.404284
v -2.537317 -0.000000 1.447017
v -1.323371 -0.000000 1.425671
v -2.537317 -0.000000 1.447017
v -1.327724 -0.000000 1.468275
v -1.327724 -0.000000 1.468275
v -2.537317 -0.000000 1.447017
v -2.531527 -0.000000 1.489437
v -1.327724 -0.000000 1.468275
v -2.531527 -0.000000 1.489437
v -1.334945 -0.000000 1.510471
v -1.334945 -0.000000 1.510471
v -2.531527 -0.000000 1.489437
v -2.522876 -0.000000 1.531353
v -1.334945 -0.000000 1.510471
v -2.522876 -0.000000 1.531353
v -1.345010 -0.000000 1.552059
v -1.345010 -0.000000 1.552059
v -2.522876 -0.000000 1.531353
v -2.511405 -0.000000 1.572565
v -1.345010 -0.000000 1.552059
v -2.511405 -0.000000 1.572565
v -1.357872 -0.000000 1.592839
v -1.357872 -0.000000 1.592839
v -2.511405 -0.000000 1.572565
v -2.497168 -0.000000 1.612873
v -1.357872 -0.000000 1.592839
v -2.497168 -0.000000 1.612873
v -1.373468 -0.000000 1.632627
v -1.373468 -0.000000 1.632627
v -2.497168 -0.000000 1.612873
v -2.480236 -0.000000 1.652077
v -1.373468 -0.000000 1.632627
v -2.480236 -0.000000 1.652077
v -1.391712 -0.000000 1.671215
v -1.391712 -0.000000 1.671215
v -2.480236 -0.000000 1.652077
v -2.460687 -0.000000 1.690009
v -1.391712 -0.000000 1.671215
v -2.460687 -0.000000 1.690009
v -1.412541 -0.000000 1.708435
v -1.412541 -0.000000 1.708435
v -2.460687 -0.000000 1.690009
v -2.438617 -0.000000 1.726469
v -1.412541 -0.000000 1.708435
v -2.438617 -0.000000 1.726469
v -1.435829 -0.000000 1.744102
v -1.435829 -0.000000 1.744102
v -2.438617 -0.000000 1.726469
v -2.414127 -0.000000 1.761296
v -1.435829 -0.000000 1.744102
v -2.414127 -0.000000 1.761296
v -1.461483 -0.000000 1.778042
v -1.461483 -0.000000 1.778042
v -2.414127 -0.000000 1.761296
v -2.387342 -0.000000 1.794315
v -1.461483 -0.000000 1.778042
v -2.387342 -0.000000 1.794315
v -1.489383 -0.000000 1.810101
v -1.489383 -0.000000 1.810101
v -2.387342 -0.000000 1.794315
v -2.358381 -0.000000 1.825383
v -1.489383 -0.000000 1.810101
v -2.358381 -0.000000 1.825383
v -1.519381 -0.000000 1.840128
v -1.519381 -0.000000 1.840128
v -2.358381 -0.000000 1.825383
v -2.327377 -0.000000 1.854329
v -1.519381 -0.000000 1.840128
v -2.327377 -0.000000 1.854329
v -1.551336 -0.000000 1.867971
v -1.551336 -0.000000 1.867971
v -2.327377 -0.000000 1.854329
v -2.294495 -0.000000 1.881036
v -1.551336 -0.000000 1.867971
v -2.294495 -0.000000 1.881036
v -1.585113 -0.000001 1.893509
v -1.585113 -0.000001 1.893509
v -2.294495 -0.000000 1.881036
v -2.259877 -0.000001 1.905375
v -1.585113 -0.000001 1.893509
v -2.259877 -0.000001 1.905375
v -1.620533 -0.000001 1.916608
v -1.620533 -0.000001 1.916608
v -2.259877 -0.000001 1.905375
v -2.223687 -0.000001 1.927209
v -1.620533 -0.000001 1.916608
v -2.223687 -0.000001 1.927209
v -1.657437 -0.000001 1.937170
v -1.657437 -0.000001 1.937170
v -2.223687 -0.000001 1.927209
v -2.186115 -0.000001 1.946459
v -1.657437 -0.000001 1.937170
v -2.186115 -0.000001 1.946459
v -1.695646 -0.000001 1.955083
v -1.695646 -0.000001 1.955083
v -2.186115 -0.000001 1.946459
v -2.147325 -0.000001 1.963020
v -1.695646 -0.000001 1.955083
v -2.147325 -0.000001 1.963020
v -1.734971 -0.000001 1.970269
v -1.734971 -0.000001 1.970269
v -2.147325 -0.000001 1.963020
v -2.107497 -0.000001 1.976822
v -1.734971 -0.000001 1.970269
v -2.107497 -0.000001 1.976822
v -1.775238 -0.000001 1.982662
v -1.775238 -0.000001 1.982662
v -2.107497 -0.000001 1.976822
v -2.066837 -0.000001 1.987783
v -1.775238 -0.000001 1.982662
v -2.066837 -0.000001 1.987783
v -1.816244 -0.000001 1.992191
v -1.816244 -0.000001 1.992191
v -2.066837 -0.000001 1.987783
v -2.025532 -0.000001 1.995872
v -1.816244 -0.000001 1.992191
v -2.025532 -0.000001 1.995872
v -1.857808 -0.000001 1.998816
v -1.857808 -0.000001 1.998816
v -2.025532 -0.000001 1.995872
v -1.983772 -0.000001 2.001032
v -1.857808 -0.000001 1.998816
v -1.983772 -0.000001 2.001032
v -1.899710 -0.000001 2.002512
v -1.899710 -0.000001 2.002512
v -1.983772 -0.000001 2.001032
v -1.941768 -0.000001 2.003248
v -2.540217 -0.000000 1.361448
v -1.323371 -0.000000 1.340054
v -2.537317 -0.000000 1.318724
v -2.537317 -0.000000 1.318724
v -1.323371 -0.000000 1.340054
v -1.327724 -0.000000 1.297458
v -2.537317 -0.000000 1.318724
v -1.327724 -0.000000 1.297458
v -2.531527 -0.000000 1.276288
v -2.531527 -0.000000 1.276288
v -1.327724 -0.000000 1.297458
v -1.334945 -0.000000 1.255262
v -2.531527 -0.000000 1.276288
v -1.334945 -0.000000 1.255262
v -2.522876 -0.000000 1.234371
v -2.522876 -0.000000 1.234371
v -1.334945 -0.000000 1.255262
v -1.345010 -0.000000 1.213673
v -2.522876 -0.000000 1.234371
v -1.345010 -0.000000 1.213673
v -2.511405 -0.000000 1.193167
v -2.511405 -0.000000 1.193167
v -1.345010 -0.000000 1.213673
v -1.357872 -0.000000 1.172885
v -2.511405 -0.000000 1.193167
v -1.357872 -0.000000 1.172885
v -2.497168 -0.000000 1.152859
v -2.497168 -0.000000 1.152859
v -1.357872 -0.000000 1.172885
v -1.373468 -0.000000 1.133105
v -2.497168 -0.000000 1.152859
v -1.373468 -0.000000 1.133105
v -2.480236 -0.000000 1.113647
v -2.480236 -0.000000 1.113647
v -1.373468 -0.000000 1.133105
v -1.391712 -0.000000 1.094517
v -2.480236 -0.000000 1.113647
v -1.391712 -0.000000 1.094517
v -2.460687 -0.000000 1.075724
v -2.460687 -0.000000 1.075724
v -1.391712 -0.000000 1.094517
v -1.412541 -0.000000 1.057298
v -2.460687 -0.000000 1.075724
v -1.412541 -0.000000 1.057298
v -2.438617 -0.000000 1.039264
v -2.438617 -0.000000 1.039264
v -1.412541 -0.000000 1.057298
v -1.435829 -0.000000 1.021630
v -2.438617 -0.000000 1.039264
v -1.435829 -0.000000 1.021630
v -2.414127 -0.000000 1.004436
v -2.414127 -0.000000 1.004436
v -1.435829 -0.000000 1.021630
v -1.461483 -0.000000 0.987691
v -2.414127 -0.000000 1.004436
v -1.461483 -0.000000 0.987691
v -2.387342 -0.000000 0.971409
v -2.387342 -0.000000 0.971409
v -1.461483 -0.000000 0.987691
v -1.489383 -0.000000 0.955632
v -2.387342 -0.000000 0.971409
v -1.489383 -0.000000 0.955632
v -2.358381 -0.000000 0.940350
v -2.358381 -0.000000 0.940350
v -1.489383 -0.000000 0.955632
v -1.519381 -0.000000 0.925605
v -2.358381 -0.000000 0.940350
v -1.519381 -0.000000 0.925605
v -2.327377 -0.000000 0.911395
v -2.327377 -0.000000 0.911395
v -1.519381 -0.000000 0.925605
v -1.551336 -0.000000 0.897754
v -2.327377 -0.000000 0.911395
v -1.551336 -0.000000 0.897754
v -2.294495 -0.000000 0.884696
v -2.294495 -0.000000 0.884696
v -1.551336 -0.000000 0.897754
v -1.585113 -0.000000 0.872223
v -2.294495 -0.000000 0.884696
v -1.585113 -0.000000 0.872223
v -2.259877 -0.000000 0.860358
v -2.259877 -0.000000 0.860358
v -1.585113 -0.000000 0.872223
v -1.620533 -0.000000 0.849125
v -2.259877 -0.000000 0.860358
v -1.620533 -0.000000 0.849125
v -2.223687 -0.000000 0.838516
v -2.223687 -0.000000 0.838516
v -1.620533 -0.000000 0.849125
v -1.657437 -0.000000 0.828571
v -2.223687 -0.000000 0.838516
v -1.657437 -0.000000 0.828571
v -2.186115 -0.000000 0.819274
v -2.186115 -0.000000 0.819274
v -1.657437 -0.000000 0.828571
v -1.695646 -0.000000 0.810649
v -2.186115 -0.000000 0.819274
v -1.695646 -0.000000 0.810649
v -2.147325 -0.000000 0.802712
v -2.147325 -0.000000 0.802712
v -1.695646 -0.000000 0.810649
v -1.734971 -0.000000 0.795461
v -2.147325 -0.000000 0.802712
v -1.734971 -0.000000 0.795461
v -2.107497 -0.000000 0.788912
v -2.107497 -0.000000 0.788912
v -1.734971 -0.000000 0.795461
v -1.775238 -0.000000 0.783072
v -2.107497 -0.000000 0.788912
v -1.775238 -0.000000 0.783072
v -2.066837 -0.000000 0.777944
v -2.066837 -0.000000 0.777944
v -1.775238 -0.000000 0.783072
v -1.816244 -0.000000 0.773541
v -2.066837 -0.000000 0.777944
v -1.816244 -0.000000 0.773541
v -2.025532 -0.000000 0.769862
v -2.025532 -0.000000 0.769862
v -1.816244 -0.000000 0.773541
v -1.857808 -0.000000 0.766912
v -2.025532 -0.000000 0.769862
v -1.857808 -0.000000 0.766912
v -1.983772 -0.000000 0.764698
v -1.983772 -0.000000 0.764698
v -1.857808 -0.000000 0.766912
v -1.899710 -0.000000 0.763221
v -1.983772 -0.000000 0.764698
v -1.899710 -0.000000 0.763221
v -1.941768 -0.000000 0.762480
v 2.540955 0.000000 0.024597
v 2.540955 0.157000 0.024597
v 2.542409 0.000000 -0.018212
v 2.542409 0.000000 -0.018212
v 2.540955 0.157000 0.024597
v 2.542409 0.157000 -0.018212
v 2.542409 0.000000 -0.018212
v 2.542409 0.157000 -0.018212
v 2.540955 0.000000 -0.061021
v 2.540955 0.000000 -0.061021
v 2.542409 0.157000 -0.018212
v 2.540955 0.157000 -0.061021
v 2.540955 0.000000 -0.061021
v 2.540955 0.157000 -0.061021
v 2.536602 0.000000 -0.103622
v 2.536602 0.000000 -0.103622
v 2.540955 0.157000 -0.061021
v 2.536602 0.157000 -0.103622
v 2.536602 0.000000 -0.103622
v 2.536602 0.157000 -0.103622
v 2.529382 0.000000 -0.145819
v 2.529382 0.000000 -0.145819
v 2.536602 0.157000 -0.103622
v 2.529382 0.157000 -0.145818
v 2.529382 0.000000 -0.145819
v 2.529382 0.157000 -0.145818
v 2.519317 0.000000 -0.187406
v 2.519317 0.000000 -0.187406
v 2.529382 0.157000 -0.145818
v 2.519317 0.157000 -0.187406
v 2.519317 0.000000 -0.187406
v 2.519317 0.157000 -0.187406
v 2.506455 0.000000 -0.228189
v 2.506455 0.000000 -0.228189
v 2.519317 0.157000 -0.187406
v 2.506455 0.157000 -0.228189
v 2.506455 0.000000 -0.228189
v 2.506455 0.157000 -0.228189
v 2.490859 0.000000 -0.267972
v 2.490859 0.000000 -0.267972
v 2.506455 0.157000 -0.228189
v 2.490859 0.157000 -0.267972
v 2.490859 0.000000 -0.267972
v 2.490859 0.157000 -0.267972
v 2.472615 0.000000 -0.306562
v 2.472615 0.000000 -0.306562
v 2.490859 0.157000 -0.267972
v 2.472615 0.157000 -0.306562
v 2.472615 0.000000 -0.306562
v 2.472615 0.157000 -0.306562
v 2.451793 0.000000 -0.343778
v 2.451793 0.000000 -0.343778
v 2.472615 0.157000 -0.306562
v 2.451793 0.157000 -0.343778
v 2.451793 0.000000 -0.343778
v 2.451793 0.157000 -0.343778
v 2.428497 0.000000 -0.379446
v 2.428497 0.000000 -0.379446
v 2.451793 0.157000 -0.343778
v 2.428497 0.157000 -0.379446
v 2.428497 0.000000 -0.379446
v 2.428497 0.157000 -0.379446
v 2.402844 0.000000 -0.413388
v 2.402844 0.000000 -0.413388
v 2.428497 0.157000 -0.379446
v 2.402844 0.157000 -0.413388
v 2.402844 0.000000 -0.413388
v 2.402844 0.157000 -0.413388
v 2.374951 0.000000 -0.445449
v 2.374951 0.000000 -0.445449
v 2.402844 0.157000 -0.413388
v 2.374951 0.157000 -0.445449
v 2.374951 0.000000 -0.445449
v 2.374951 0.157000 -0.445449
v 2.344953 0.000000 -0.475476
v 2.344953 0.000000 -0.475476
v 2.374951 0.157000 -0.445449
v 2.344953 0.157000 -0.475476
v 2.344953 0.000000 -0.475476
v 2.344953 0.157000 -0.475476
v 2.312991 0.000000 -0.503322
v 2.312991 0.000000 -0.503322
v 2.344953 0.157000 -0.475476
v 2.312991 0.157000 -0.503322
v 2.312991 0.000000 -0.503322
v 2.312991 0.157000 -0.503322
v 2.279213 0.000000 -0.528853
v 2.279213 0.000000 -0.528853
v 2.312991 0.157000 -0.503322
v 2.279213 0.157000 -0.528853
v 2.279213 0.000000 -0.528853
v 2.279213 0.157000 -0.528853
v 2.243794 0.000000 -0.551954
v 2.243794 0.000000 -0.551954
v 2.279213 0.157000 -0.528853
v 2.243794 0.157000 -0.551954
v 2.243794 0.000000 -0.551954
v 2.243794 0.157000 -0.551954
v 2.206889 0.000000 -0.572510
v 2.206889 0.000000 -0.572510
v 2.243794 0.157000 -0.551954
v 2.206889 0.157000 -0.572510
v 2.206889 0.000000 -0.572510
v 2.206889 0.157000 -0.572510
v 2.168680 0.000000 -0.590428
v 2.168680 0.000000 -0.590428
v 2.206889 0.157000 -0.572510
v 2.168680 0.157000 -0.590428
v 2.168680 0.000000 -0.590428
v 2.168680 0.157000 -0.590428
v 2.129355 0.000000 -0.605616
v 2.129355 0.000000 -0.605616
v 2.168680 0.157000 -0.590428
v 2.129355 0.157000 -0.605616
v 2.129355 0.000000 -0.605616
v 2.129355 0.157000 -0.605616
v 2.089088 0.000000 -0.618005
v 2.089088 0.000000 -0.618005
v 2.129355 0.157000 -0.605616
v 2.089088 0.157000 -0.618005
v 2.089088 0.000000 -0.618005
v 2.089088 0.157000 -0.618005
v 2.048082 0.000000 -0.627536
v 2.048082 0.000000 -0.627536
v 2.089088 0.157000 -0.618005
v 2.048082 0.157000 -0.627536
v 2.048082 0.000000 -0.627536
v 2.048082 0.157000 -0.627536
v 2.006526 0.000000 -0.634166
v 2.006526 0.000000 -0.634166
v 2.048082 0.157000 -0.627536
v 2.006526 0.157000 -0.634166
v 2.006526 0.000000 -0.634166
v 2.006526 0.157000 -0.634166
v 1.964617 0.000000 -0.637857
v 1.964617 0.000000 -0.637857
v 2.006526 0.157000 -0.634166
v 1.964617 0.157000 -0.637857
v 1.964617 0.000000 -0.637857
v 1.964617 0.157000 -0.637857
v 1.922558 0.000000 -0.638597
v 1.922558 0.000000 -0.638597
v 1.964617 0.157000 -0.637857
v 1.922558 0.157000 -0.638597
v 1.922558 0.000000 -0.638597
v 1.922558 0.157000 -0.638597
v 1.880554 0.000000 -0.636380
v 1.880554 0.000000 -0.636380
v 1.922558 0.157000 -0.638597
v 1.880554 0.157000 -0.636380
v 1.880554 0.000000 -0.636380
v 1.880554 0.157000 -0.636380
v 1.838794 0.000000 -0.631215
v 1.838794 0.000000 -0.631215
v 1.880554 0.157000 -0.636380
v 1.838794 0.157000 -0.631215
v 1.838794 0.000000 -0.631215
v 1.838794 0.157000 -0.631215
v 1.797489 0.000000 -0.623133
v 1.797489 0.000000 -0.623133
v 1.838794 0.157000 -0.631215
v 1.797489 0.157000 -0.623133
v 1.797489 0.000000 -0.623133
v 1.797489 0.157000 -0.623133
v 1.756829 0.000000 -0.612165
v 1.756829 0.000000 -0.612165
v 1.797489 0.157000 -0.623133
v 1.756829 0.157000 -0.612165
v 1.756829 0.000000 -0.612165
v 1.756829 0.157000 -0.612165
v 1.717010 0.000000 -0.598366
v 1.717010 0.000000 -0.598366
v 1.756829 0.157000 -0.612165
v 1.717010 0.157000 -0.598366
v 1.717010 0.000000 -0.598366
v 1.717010 0.157000 -0.598366
v 1.678211 0.000000 -0.581805
v 1.678211 0.000000 -0.581805
v 1.717010 0.157000 -0.598366
v 1.678211 0.157000 -0.581805
v 1.678211 0.000000 -0.581805
v 1.678211 0.157000 -0.581805
v 1.640639 0.000000 -0.562559
v 1.640639 0.000000 -0.562559
v 1.678211 0.157000 -0.581805
v 1.640639 0.157000 -0.562559
v 1.640639 0.000000 -0.562559
v 1.640639 0.157000 -0.562559
v 1.604449 0.000000 -0.540718
v 1.604449 0.000000 -0.540718
v 1.640639 0.157000 -0.562559
v 1.604449 0.157000 -0.540718
v 1.604449 0.000000 -0.540718
v 1.604449 0.157000 -0.540718
v 1.569839 0.000000 -0.516384
v 1.569839 0.000000 -0.516384
v 1.604449 0.157000 -0.540718
v 1.569839 0.157000 -0.516383
v 1.569839 0.000000 -0.516384
v 1.569839 0.157000 -0.516383
v 1.536950 0.000000 -0.489679
v 1.536950 0.000000 -0.489679
v 1.569839 0.157000 -0.516383
v 1.536950 0.157000 -0.489679
v 1.536950 0.000000 -0.489679
v 1.536950 0.157000 -0.489679
v 1.505953 0.000000 -0.460724
v 1.505953 0.000000 -0.460724
v 1.536950 0.157000 -0.489679
v 1.505953 0.157000 -0.460724
v 1.505953 0.000000 -0.460724
v 1.505953 0.157000 -0.460724
v 1.476992 0.000000 -0.429665
v 1.476992 0.000000 -0.429665
v 1.505953 0.157000 -0.460724
v 1.476992 0.157000 -0.429665
v 1.476992 0.000000 -0.429665
v 1.476992 0.157000 -0.429665
v 1.450200 0.000000 -0.396643
v 1.450200 0.000000 -0.396643
v 1.476992 0.157000 -0.429665
v 1.450200 0.157000 -0.396643
v 1.450200 0.000000 -0.396643
v 1.450200 0.157000 -0.396643
v 1.425709 0.000000 -0.361816
v 1.425709 0.000000 -0.361816
v 1.450200 0.157000 -0.396643
v 1.425709 0.157000 -0.361816
v 1.425709 0.000000 -0.361816
v 1.425709 0.157000 -0.361816
v 1.403639 0.000000 -0.325353
v 1.403639 0.000000 -0.325353
v 1.425709 0.157000 -0.361816
v 1.403639 0.157000 -0.325353
v 1.403639 0.000000 -0.325353
v 1.403639 0.157000 -0.325353
v 1.384091 0.000000 -0.287427
v 1.384091 0.000000 -0.287427
v 1.403639 0.157000 -0.325353
v 1.384091 0.157000 -0.287427
v 1.384091 0.000000 -0.287427
v 1.384091 0.157000 -0.287427
v 1.367159 0.000000 -0.248217
v 1.367159 0.000000 -0.248217
v 1.384091 0.157000 -0.287427
v 1.367159 0.157000 -0.248217
v 1.367159 0.000000 -0.248217
v 1.367159 0.157000 -0.248217
v 1.352929 0.000000 -0.207910
v 1.352929 0.000000 -0.207910
v 1.367159 0.157000 -0.248217
v 1.352929 0.157000 -0.207910
v 1.352929 0.000000 -0.207910
v 1.352929 0.157000 -0.207910
v 1.341458 0.000000 -0.166702
v 1.341458 0.000000 -0.166702
v 1.352929 0.157000 -0.207910
v 1.341458 0.157000 -0.166702
v 1.341458 0.000000 -0.166702
v 1.341458 0.157000 -0.166702
v 1.332800 0.000000 -0.124786
v 1.332800 0.000000 -0.124786
v 1.341458 0.157000 -0.166702
v 1.332800 0.157000 -0.124786
v 1.332800 0.000000 -0.124786
v 1.332800 0.157000 -0.124786
v 1.327009 0.000000 -0.082358
v 1.327009 0.000000 -0.082358
v 1.332800 0.157000 -0.124786
v 1.327009 0.157000 -0.082358
v 1.327009 0.000000 -0.082358
v 1.327009 0.157000 -0.082358
v 1.324110 0.000000 -0.039629
v 1.324110 0.000000 -0.039629
v 1.327009 0.157000 -0.082358
v 1.324110 0.157000 -0.039629
v 1.324110 0.000000 -0.039629
v 1.324110 0.157000 -0.039629
v 1.324110 0.000000 0.003204
v 1.324110 0.000000 0.003204
v 1.324110 0.157000 -0.039629
v 1.324110 0.157000 0.003204
v 1.324110 0.000000 0.003204
v 1.324110 0.157000 0.003204
v 1.327009 0.000000 0.045937
v 1.327009 0.000000 0.045937
v 1.324110 0.157000 0.003204
v 1.327009 0.157000 0.045937
v 1.327009 0.000000 0.045937
v 1.327009 0.157000 0.045937
v 1.332800 0.000000 0.088362
v 1.332800 0.000000 0.088362
v 1.327009 0.157000 0.045937
v 1.332800 0.157000 0.088362
v 1.332800 0.000000 0.088362
v 1.332800 0.157000 0.088362
v 1.341458 -0.000000 0.130278
v 1.341458 -0.000000 0.130278
v 1.332800 0.157000 0.088362
v 1.341458 0.157000 0.130278
v 1.341458 -0.000000 0.130278
v 1.341458 0.157000 0.130278
v 1.352929 -0.000000 0.171490
v 1.352929 -0.000000 0.171490
v 1.341458 0.157000 0.130278
v 1.352929 0.157000 0.171490
v 1.352929 -0.000000 0.171490
v 1.352929 0.157000 0.171490
v 1.367159 -0.000000 0.211792
v 1.367159 -0.000000 0.211792
v 1.352929 0.157000 0.171490
v 1.367159 0.157000 0.211793
v 1.367159 -0.000000 0.211792
v 1.367159 0.157000 0.211793
v 1.384091 -0.000000 0.251003
v 1.384091 -0.000000 0.251003
v 1.367159 0.157000 0.211793
v 1.384091 0.157000 0.251003
v 1.384091 -0.000000 0.251003
v 1.384091 0.157000 0.251003
v 1.403639 -0.000000 0.288928
v 1.403639 -0.000000 0.288928
v 1.384091 0.157000 0.251003
v 1.403639 0.157000 0.288928
v 1.403639 -0.000000 0.288928
v 1.403639 0.157000 0.288928
v 1.425709 -0.000000 0.325392
v 1.425709 -0.000000 0.325392
v 1.403639 0.157000 0.288928
v 1.425709 0.157000 0.325393
v 1.425709 -0.000000 0.325392
v 1.425709 0.157000 0.325393
v 1.450200 -0.000000 0.360219
v 1.450200 -0.000000 0.360219
v 1.425709 0.157000 0.325393
v 1.450200 0.157000 0.360219
v 1.450200 -0.000000 0.360219
v 1.450200 0.157000 0.360219
v 1.476992 -0.000000 0.393240
v 1.476992 -0.000000 0.393240
v 1.450200 0.157000 0.360219
v 1.476992 0.157000 0.393240
v 1.476992 -0.000000 0.393240
v 1.476992 0.157000 0.393240
v 1.505953 -0.000000 0.424300
v 1.505953 -0.000000 0.424300
v 1.476992 0.157000 0.393240
v 1.505953 0.157000 0.424300
v 1.505953 -0.000000 0.424300
v 1.505953 0.157000 0.424300
v 1.536950 -0.000000 0.453254
v 1.536950 -0.000000 0.453254
v 1.505953 0.157000 0.424300
v 1.536950 0.157000 0.453254
v 1.536950 -0.000000 0.453254
v 1.536950 0.157000 0.453254
v 1.569839 -0.000000 0.479959
v 1.569839 -0.000000 0.479959
v 1.536950 0.157000 0.453254
v 1.569839 0.157000 0.479959
v 1.569839 -0.000000 0.479959
v 1.569839 0.157000 0.479959
v 1.604449 -0.000000 0.504294
v 1.604449 -0.000000 0.504294
v 1.569839 0.157000 0.479959
v 1.604449 0.157000 0.504294
v 1.604449 -0.000000 0.504294
v 1.604449 0.157000 0.504294
v 1.640639 -0.000000 0.526134
v 1.640639 -0.000000 0.526134
v 1.604449 0.157000 0.504294
v 1.640639 0.157000 0.526134
v 1.640639 -0.000000 0.526134
v 1.640639 0.157000 0.526134
v 1.678211 -0.000000 0.545381
v 1.678211 -0.000000 0.545381
v 1.640639 0.157000 0.526134
v 1.678211 0.157000 0.545381
v 1.678211 -0.000000 0.545381
v 1.678211 0.157000 0.545381
v 1.717010 -0.000000 0.561946
v 1.717010 -0.000000 0.561946
v 1.678211 0.157000 0.545381
v 1.717010 0.157000 0.561946
v 1.717010 -0.000000 0.561946
v 1.717010 0.157000 0.561946
v 1.756829 -0.000000 0.575741
v 1.756829 -0.000000 0.575741
v 1.717010 0.157000 0.561946
v 1.756829 0.157000 0.575741
v 1.756829 -0.000000 0.575741
v 1.756829 0.157000 0.575741
v 1.797489 -0.000000 0.586709
v 1.797489 -0.000000 0.586709
v 1.756829 0.157000 0.575741
v 1.797489 0.157000 0.586709
v 1.797489 -0.000000 0.586709
v 1.797489 0.157000 0.586709
v 1.838794 -0.000000 0.594791
v 1.838794 -0.000000 0.594791
v 1.797489 0.157000 0.586709
v 1.838794 0.157000 0.594791
v 1.838794 -0.000000 0.594791
v 1.838794 0.157000 0.594791
v 1.880554 -0.000000 0.599955
v 1.880554 -0.000000 0.599955
v 1.838794 0.157000 0.594791
v 1.880554 0.157000 0.599955
v 1.880554 -0.000000 0.599955
v 1.880554 0.157000 0.599955
v 1.922558 -0.000000 0.602173
v 1.922558 -0.000000 0.602173
v 1.880554 0.157000 0.599955
v 1.922558 0.157000 0.602173
v 1.922558 -0.000000 0.602173
v 1.922558 0.157000 0.602173
v 1.964617 -0.000000 0.601432
v 1.964617 -0.000000 0.601432
v 1.922558 0.157000 0.602173
v 1.964617 0.157000 0.601432
v 1.964617 -0.000000 0.601432
v 1.964617 0.157000 0.601432
v 2.006526 -0.000000 0.597741
v 2.006526 -0.000000 0.597741
v 1.964617 0.157000 0.601432
v 2.006526 0.157000 0.597741
v 2.006526 -0.000000 0.597741
v 2.006526 0.157000 0.597741
v 2.048082 -0.000000 0.591113
v 2.048082 -0.000000 0.591113
v 2.006526 0.157000 0.597741
v 2.048082 0.157000 0.591113
v 2.048082 -0.000000 0.591113
v 2.048082 0.157000 0.591113
v 2.089088 -0.000000 0.581581
v 2.089088 -0.000000 0.581581
v 2.048082 0.157000 0.591113
v 2.089088 0.157000 0.581581
v 2.089088 -0.000000 0.581581
v 2.089088 0.157000 0.581581
v 2.129355 -0.000000 0.569191
v 2.129355 -0.000000 0.569191
v 2.089088 0.157000 0.581581
v 2.129355 0.157000 0.569191
v 2.129355 -0.000000 0.569191
v 2.129355 0.157000 0.569191
v 2.168680 -0.000000 0.554004
v 2.168680 -0.000000 0.554004
v 2.129355 0.157000 0.569191
v 2.168680 0.157000 0.554004
v 2.168680 -0.000000 0.554004
v 2.168680 0.157000 0.554004
v 2.206889 -0.000000 0.536090
v 2.206889 -0.000000 0.536090
v 2.168680 0.157000 0.554004
v 2.206889 0.157000 0.536090
v 2.206889 -0.000000 0.536090
v 2.206889 0.157000 0.536090
v 2.243794 -0.000000 0.515531
v 2.243794 -0.000000 0.515531
v 2.206889 0.157000 0.536090
v 2.243794 0.157000 0.515531
v 2.243794 -0.000000 0.515531
v 2.243794 0.157000 0.515531
v 2.279213 -0.000000 0.492432
v 2.279213 -0.000000 0.492432
v 2.243794 0.157000 0.515531
v 2.279213 0.157000 0.492432
v 2.279213 -0.000000 0.492432
v 2.279213 0.157000 0.492432
v 2.312991 -0.000000 0.466897
v 2.312991 -0.000000 0.466897
v 2.279213 0.157000 0.492432
v 2.312991 0.157000 0.466897
v 2.312991 -0.000000 0.466897
v 2.312991 0.157000 0.466897
v 2.344953 -0.000000 0.439051
v 2.344953 -0.000000 0.439051
v 2.312991 0.157000 0.466897
v 2.344953 0.157000 0.439051
v 2.344953 -0.000000 0.439051
v 2.344953 0.157000 0.439051
v 2.374951 -0.000000 0.409024
v 2.374951 -0.000000 0.409024
v 2.344953 0.157000 0.439051
v 2.374951 0.157000 0.409024
v 2.374951 -0.000000 0.409024
v 2.374951 0.157000 0.409024
v 2.402844 -0.000000 0.376964
v 2.402844 -0.000000 0.376964
v 2.374951 0.157000 0.409024
v 2.402844 0.157000 0.376964
v 2.402844 -0.000000 0.376964
v 2.402844 0.157000 0.376964
v 2.428497 -0.000000 0.343022
v 2.428497 -0.000000 0.343022
v 2.402844 0.157000 0.376964
v 2.428497 0.157000 0.343022
v 2.428497 -0.000000 0.343022
v 2.428497 0.157000 0.343022
v 2.451793 -0.000000 0.307354
v 2.451793 -0.000000 0.307354
v 2.428497 0.157000 0.343022
v 2.451793 0.157000 0.307354
v 2.451793 -0.000000 0.307354
v 2.451793 0.157000 0.307354
v 2.472615 -0.000000 0.270137
v 2.472615 -0.000000 0.270137
v 2.451793 0.157000 0.307354
v 2.472615 0.157000 0.270137
v 2.472615 -0.000000 0.270137
v 2.472615 0.157000 0.270137
v 2.490859 -0.000000 0.231548
v 2.490859 -0.000000 0.231548
v 2.472615 0.157000 0.270137
v 2.490859 0.157000 0.231548
v 2.490859 -0.000000 0.231548
v 2.490859 0.157000 0.231548
v 2.506455 -0.000000 0.191766
v 2.506455 -0.000000 0.191766
v 2.490859 0.157000 0.231548
v 2.506455 0.157000 0.191766
v 2.506455 -0.000000 0.191766
v 2.506455 0.157000 0.191766
v 2.519317 -0.000000 0.150982
v 2.519317 -0.000000 0.150982
v 2.506455 0.157000 0.191766
v 2.519317 0.157000 0.150982
v 2.519317 -0.000000 0.150982
v 2.519317 0.157000 0.150982
v 2.529382 0.000000 0.109394
v 2.529382 0.000000 0.109394
v 2.519317 0.157000 0.150982
v 2.529382 0.157000 0.109394
v 2.529382 0.000000 0.109394
v 2.529382 0.157000 0.109394
v 2.536602 0.000000 0.067198
v 2.536602 0.000000 0.067198
v 2.529382 0.157000 0.109394
v 2.536602 0.157000 0.067197
v 2.536602 0.000000 0.067198
v 2.536602 0.157000 0.067197
v 2.540955 0.000000 0.024597
v 2.540955 0.000000 0.024597
v 2.536602 0.157000 0.067197
v 2.540955 0.157000 0.024597
v 2.540955 0.000000 -0.061021
v 1.324110 0.000000 -0.039629
v 2.542409 0.000000 -0.018212
v 2.542409 0.000000 -0.018212
v 1.324110 0.000000 -0.039629
v 1.324110 0.000000 0.003204
v 2.542409 0.000000 -0.018212
v 1.324110 0.000000 0.003204
v 2.540955 0.000000 0.024597
v 2.540955 0.000000 0.024597
v 1.324110 0.000000 0.003204
v 1.327009 0.000000 0.045937
v 2.540955 0.000000 0.024597
v 1.327009 0.000000 0.045937
v 2.536602 0.000000 0.067198
v 2.536602 0.000000 0.067198
v 1.327009 0.000000 0.045937
v 1.332800 0.000000 0.088362
v 2.536602 0.000000 0.067198
v 1.332800 0.000000 0.088362
v 2.529382 0.000000 0.109394
v 2.529382 0.000000 0.109394
v 1.332800 0.000000 0.088362
v 1.341458 -0.000000 0.130278
v 2.529382 0.000000 0.109394
v 1.341458 -0.000000 0.130278
v 2.519317 -0.000000 0.150982
v 2.519317 -0.000000 0.150982
v 1.341458 -0.000000 0.130278
v 1.352929 -0.000000 0.171490
v 2.519317 -0.000000 0.150982
v 1.352929 -0.000000 0.171490
v 2.506455 -0.000000 0.191766
v 2.506455 -0.000000 0.191766
v 1.352929 -0.000000 0.171490
v 1.367159 -0.000000 0.211792
v 2.506455 -0.000000 0.191766
v 1.367159 -0.000000 0.211792
v 2.490859 -0.000000 0.231548
v 2.490859 -0.000000 0.231548
v 1.367159 -0.000000 0.211792
v 1.384091 -0.000000 0.251003
v 2.490859 -0.000000 0.231548
v 1.384091 -0.000000 0.251003
v 2.472615 -0.000000 0.270137
v 2.472615 -0.000000 0.270137
v 1.384091 -0.000000 0.251003
v 1.403639 -0.000000 0.288928
v 2.472615 -0.000000 0.270137
v 1.403639 -0.000000 0.288928
v 2.451793 -0.000000 0.307354
v 2.451793 -0.000000 0.307354
v 1.403639 -0.000000 0.288928
v 1.425709 -0.000000 0.325392
v 2.451793 -0.000000 0.307354
v 1.425709 -0.000000 0.325392
v 2.428497 -0.000000 0.343022
v 2.428497 -0.000000 0.343022
v 1.425709 -0.000000 0.325392
v 1.450200 -0.000000 0.360219
v 2.428497 -0.000000 0.343022
v 1.450200 -0.000000 0.360219
v 2.402844 -0.000000 0.376964
v 2.402844 -0.000000 0.376964
v 1.450200 -0.000000 0.360219
v 1.476992 -0.000000 0.393240
v 2.402844 -0.000000 0.376964
v 1.476992 -0.000000 0.393240
v 2.374951 -0.000000 0.409024
v 2.374951 -0.000000 0.409024
v 1.476992 -0.000000 0.393240
v 1.505953 -0.000000 0.424300
v 2.374951 -0.000000 0.409024
v 1.505953 -0.000000 0.424300
v 2.344953 -0.000000 0.439051
v 2.344953 -0.000000 0.439051
v 1.505953 -0.000000 0.424300
v 1.536950 -0.000000 0.453254
v 2.344953 -0.000000 0.439051
v 1.536950 -0.000000 0.453254
v 2.312991 -0.000000 0.466897
v 2.312991 -0.000000 0.466897
v 1.536950 -0.000000 0.453254
v 1.569839 -0.000000 0.479959
v 2.312991 -0.000000 0.466897
v 1.569839 -0.000000 0.479959
v 2.279213 -0.000000 0.492432
v 2.279213 -0.000000 0.492432
v 1.569839 -0.000000 0.479959
v 1.604449 -0.000000 0.504294
v 2.279213 -0.000000 0.492432
v 1.604449 -0.000000 0.504294
v 2.243794 -0.000000 0.515531
v 2.243794 -0.000000 0.515531
v 1.604449 -0.000000 0.504294
v 1.640639 -0.000000 0.526134
v 2.243794 -0.000000 0.515531
v 1.640639 -0.000000 0.526134
v 2.206889 -0.000000 0.536090
v 2.206889 -0.000000 0.536090
v 1.640639 -0.000000 0.526134
v 1.678211 -0.000000 0.545381
v 2.206889 -0.000000 0.536090
v 1.678211 -0.000000 0.545381
v 2.168680 -0.000000 0.554004
v 2.168680 -0.000000 0.554004
v 1.678211 -0.000000 0.545381
v 1.717010 -0.000000 0.561946
v 2.168680 -0.000000 0.554004
v 1.717010 -0.000000 0.561946
v 2.129355 -0.000000 0.569191
v 2.129355 -0.000000 0.569191
v 1.717010 -0.000000 0.561946
v 1.756829 -0.000000 0.575741
v 2.129355 -0.000000 0.569191
v 1.756829 -0.000000 0.575741
v 2.089088 -0.000000 0.581581
v 2.089088 -0.000000 0.581581
v 1.756829 -0.000000 0.575741
v 1.797489 -0.000000 0.586709
v 2.089088 -0.000000 0.581581
v 1.797489 -0.000000 0.586709
v 2.048082 -0.000000 0.591113
v 2.048082 -0.000000 0.591113
v 1.797489 -0.000000 0.586709
v 1.838794 -0.000000 0.594791
v 2.048082 -0.000000 0.591113
v 1.838794 -0.000000 0.594791
v 2.006526 -0.000000 0.597741
v 2.006526 -0.000000 0.597741
v 1.838794 -0.000000 0.594791
v 1.880554 -0.000000 0.599955
v 2.006526 -0.000000 0.597741
v 1.880554 -0.000000 0.599955
v 1.964617 -0.000000 0.601432
v 1.964617 -0.000000 0.601432
v 1.880554 -0.000000 0.599955
v 1.922558 -0.000000 0.602173
v 1.324110 0.000000 -0.039629
v 2.540955 0.000000 -0.061021
v 1.327009 0.000000 -0.082358
v 1.327009 0.000000 -0.082358
v 2.540955 0.000000 -0.061021
v 2.536602 0.000000 -0.103622
v 1.327009 0.000000 -0.082358
v 2.536602 0.000000 -0.103622
v 1.332800 0.000000 -0.124786
v 1.332800 0.000000 -0.124786
v 2.536602 0.000000 -0.103622
v 2.529382 0.000000 -0.145819
v 1.332800 0.000000 -0.124786
v 2.529382 0.000000 -0.145819
v 1.341458 0.000000 -0.166702
v 1.341458 0.000000 -0.166702
v 2.529382 0.000000 -0.145819
v 2.519317 0.000000 -0.187406
v 1.341458 0.000000 -0.166702
v 2.519317 0.000000 -0.187406
v 1.352929 0.000000 -0.207910
v 1.352929 0.000000 -0.207910
v 2.519317 0.000000 -0.187406
v 2.506455 0.000000 -0.228189
v 1.352929 0.000000 -0.207910
v 2.506455 0.000000 -0.228189
v 1.367159 0.000000 -0.248217
v 1.367159 0.000000 -0.248217
v 2.506455 0.000000 -0.228189
v 2.490859 0.000000 -0.267972
v 1.367159 0.000000 -0.248217
v 2.490859 0.000000 -0.267972
v 1.384091 0.000000 -0.287427
v 1.384091 0.000000 -0.287427
v 2.490859 0.000000 -0.267972
v 2.472615 0.000000 -0.306562
v 1.384091 0.000000 -0.287427
v 2.472615 0.000000 -0.306562
v 1.403639 0.000000 -0.325353
v 1.403639 0.000000 -0.325353
v 2.472615 0.000000 -0.306562
v 2.451793 0.000000 -0.343778
v 1.403639 0.000000 -0.325353
v 2.451793 0.000000 -0.343778
v 1.425709 0.000000 -0.361816
v 1.425709 0.000000 -0.361816
v 2.451793 0.000000 -0.343778
v 2.428497 0.000000 -0.379446
v 1.425709 0.000000 -0.361816
v 2.428497 0.000000 -0.379446
v 1.450200 0.000000 -0.396643
v 1.450200 0.000000 -0.396643
v 2.428497 0.000000 -0.379446
v 2.402844 0.000000 -0.413388
v 1.450200 0.000000 -0.396643
v 2.402844 0.000000 -0.413388
v 1.476992 0.000000 -0.429665
v 1.476992 0.000000 -0.429665
v 2.402844 0.000000 -0.413388
v 2.374951 0.000000 -0.445449
v 1.476992 0.000000 -0.429665
v 2.374951 0.000000 -0.445449
v 1.505953 0.000000 -0.460724
v 1.505953 0.000000 -0.460724
v 2.374951 0.000000 -0.445449
v 2.344953 0.000000 -0.475476
v 1.505953 0.000000 -0.460724
v 2.344953 0.000000 -0.475476
v 1.536950 0.000000 -0.489679
v 1.536950 0.000000 -0.489679
v 2.344953 0.000000 -0.475476
v 2.312991 0.000000 -0.503322
v 1.536950 0.000000 -0.489679
v 2.312991 0.000000 -0.503322
v 1.569839 0.000000 -0.516384
v 1.569839 0.000000 -0.516384
v 2.312991 0.000000 -0.503322
v 2.279213 0.000000 -0.528853
v 1.569839 0.000000 -0.516384
v 2.279213 0.000000 -0.528853
v 1.604449 0.000000 -0.540718
v 1.604449 0.000000 -0.540718
v 2.279213 0.000000 -0.528853
v 2.243794 0.000000 -0.551954
v 1.604449 0.000000 -0.540718
v 2.243794 0.000000 -0.551954
v 1.640639 0.000000 -0.562559
v 1.640639 0.000000 -0.562559
v 2.243794 0.000000 -0.551954
v 2.206889 0.000000 -0.572510
v 1.640639 0.000000 -0.562559
v 2.206889 0.000000 -0.572510
v 1.678211 0.000000 -0.581805
v 1.678211 0.000000 -0.581805
v 2.206889 0.000000 -0.572510
v 2.168680 0.000000 -0.590428
v 1.678211 0.000000 -0.581805
v 2.168680 0.000000 -0.590428
v 1.717010 0.000000 -0.598366
v 1.717010 0.000000 -0.598366
v 2.168680 0.000000 -0.590428
v 2.129355 0.000000 -0.605616
v 1.717010 0.000000 -0.598366
v 2.129355 0.000000 -0.605616
v 1.756829 0.000000 -0.612165
v 1.756829 0.000000 -0.612165
v 2.129355 0.000000 -0.605616
v 2.089088 0.000000 -0.618005
v 1.756829 0.000000 -0.612165
v 2.089088 0.000000 -0.618005
v 1.797489 0.000000 -0.623133
v 1.797489 0.000000 -0.623133
v 2.089088 0.000000 -0.618005
v 2.048082 0.000000 -0.627536
v 1.797489 0.000000 -0.623133
v 2.048082 0.000000 -0.627536
v 1.838794 0.000000 -0.631215
v 1.838794 0.000000 -0.631215
v 2.048082 0.000000 -0.627536
v 2.006526 0.000000 -0.634166
v 1.838794 0.000000 -0.631215
v 2.006526 0.000000 -0.634166
v 1.880554 0.000000 -0.636380
v 1.880554 0.000000 -0.636380
v 2.006526 0.000000 -0.634166
v 1.964617 0.000000 -0.637857
v 1.880554 0.000000 -0.636380
v 1.964617 0.000000 -0.637857
v 1.922558 0.000000 -0.638597
v -1.323371 0.000000 -1.462098
v -2.540217 0.000000 -1.440704
v -1.321918 0.000000 -1.419286
v -1.321918 0.000000 -1.419286
v -2.540217 0.000000 -1.440704
v -2.540217 0.000000 -1.397876
v -1.321918 0.000000 -1.419286
v -2.540217 0.000000 -1.397876
v -1.323371 0.000000 -1.376482
v -1.323371 0.000000 -1.376482
v -2.540217 0.000000 -1.397876
v -2.537317 0.000000 -1.355144
v -1.323371 0.000000 -1.376482
v -2.537317 0.000000 -1.355144
v -1.327724 0.000000 -1.333877
v -1.327724 0.000000 -1.333877
v -2.537317 0.000000 -1.355144
v -2.531527 0.000000 -1.312715
v -1.327724 0.000000 -1.333877
v -2.531527 0.000000 -1.312715
v -1.334945 0.000000 -1.291681
v -1.334945 0.000000 -1.291681
v -2.531527 0.000000 -1.312715
v -2.522876 0.000000 -1.270799
v -1.334945 0.000000 -1.291681
v -2.522876 0.000000 -1.270799
v -1.345010 0.000000 -1.250093
v -1.345010 0.000000 -1.250093
v -2.522876 0.000000 -1.270799
v -2.511405 0.000000 -1.229587
v -1.345010 0.000000 -1.250093
v -2.511405 0.000000 -1.229587
v -1.357872 0.000000 -1.209313
v -1.357872 0.000000 -1.209313
v -2.511405 0.000000 -1.229587
v -2.497168 0.000000 -1.189287
v -1.357872 0.000000 -1.209313
v -2.497168 0.000000 -1.189287
v -1.373468 0.000000 -1.169533
v -1.373468 0.000000 -1.169533
v -2.497168 0.000000 -1.189287
v -2.480236 0.000000 -1.150075
v -1.373468 0.000000 -1.169533
v -2.480236 0.000000 -1.150075
v -1.391712 0.000000 -1.130937
v -1.391712 0.000000 -1.130937
v -2.480236 0.000000 -1.150075
v -2.460687 0.000000 -1.112151
v -1.391712 0.000000 -1.130937
v -2.460687 0.000000 -1.112151
v -1.412541 0.000000 -1.093725
v -1.412541 0.000000 -1.093725
v -2.460687 0.000000 -1.112151
v -2.438617 0.000000 -1.075684
v -1.412541 0.000000 -1.093725
v -2.438617 0.000000 -1.075684
v -1.435829 0.000000 -1.058058
v -1.435829 0.000000 -1.058058
v -2.438617 0.000000 -1.075684
v -2.414127 0.000000 -1.040856
v -1.435829 0.000000 -1.058058
v -2.414127 0.000000 -1.040856
v -1.461483 0.000000 -1.024110
v -1.461483 0.000000 -1.024110
v -2.414127 0.000000 -1.040856
v -2.387342 0.000000 -1.007837
v -1.461483 0.000000 -1.024110
v -2.387342 0.000000 -1.007837
v -1.489383 0.000000 -0.992051
v -1.489383 0.000000 -0.992051
v -2.387342 0.000000 -1.007837
v -2.358381 0.000000 -0.976778
v -1.489383 0.000000 -0.992051
v -2.358381 0.000000 -0.976778
v -1.519381 0.000000 -0.962024
v -1.519381 0.000000 -0.962024
v -2.358381 0.000000 -0.976778
v -2.327377 0.000000 -0.947823
v -1.519381 0.000000 -0.962024
v -2.327377 0.000000 -0.947823
v -1.551336 0.000000 -0.934181
v -1.551336 0.000000 -0.934181
v -2.327377 0.000000 -0.947823
v -2.294495 0.000000 -0.921116
v -1.551336 0.000000 -0.934181
v -2.294495 0.000000 -0.921116
v -1.585113 0.000000 -0.908643
v -1.585113 0.000000 -0.908643
v -2.294495 0.000000 -0.921116
v -2.259877 0.000000 -0.896786
v -1.585113 0.000000 -0.908643
v -2.259877 0.000000 -0.896786
v -1.620533 0.000000 -0.885545
v -1.620533 0.000000 -0.885545
v -2.259877 0.000000 -0.896786
v -2.223687 0.000000 -0.874943
v -1.620533 0.000000 -0.885545
v -2.223687 0.000000 -0.874943
v -1.657437 0.000000 -0.864991
v -1.657437 0.000000 -0.864991
v -2.223687 0.000000 -0.874943
v -2.186115 0.000000 -0.855694
v -1.657437 0.000000 -0.864991
v -2.186115 0.000000 -0.855694
v -1.695646 0.000000 -0.847077
v -1.695646 0.000000 -0.847077
v -2.186115 0.000000 -0.855694
v -2.147325 0.000000 -0.839132
v -1.695646 0.000000 -0.847077
v -2.147325 0.000000 -0.839132
v -1.734971 0.000000 -0.831883
v -1.734971 0.000000 -0.831883
v -2.147325 0.000000 -0.839132
v -2.107497 0.000000 -0.825338
v -1.734971 0.000000 -0.831883
v -2.107497 0.000000 -0.825338
v -1.775238 0.000000 -0.819498
v -1.775238 0.000000 -0.819498
v -2.107497 0.000000 -0.825338
v -2.066837 0.000000 -0.814369
v -1.775238 0.000000 -0.819498
v -2.066837 0.000000 -0.814369
v -1.816244 0.000000 -0.809961
v -1.816244 0.000000 -0.809961
v -2.066837 0.000000 -0.814369
v -2.025532 0.000000 -0.806289
v -1.816244 0.000000 -0.809961
v -2.025532 0.000000 -0.806289
v -1.857808 0.000000 -0.803336
v -1.857808 0.000000 -0.803336
v -2.025532 0.000000 -0.806289
v -1.983772 0.000000 -0.801120
v -1.857808 0.000000 -0.803336
v -1.983772 0.000000 -0.801120
v -1.899710 0.000000 -0.799645
v -1.899710 0.000000 -0.799645
v -1.983772 0.000000 -0.801120
v -1.941768 0.000000 -0.798905
v -2.540217 0.000000 -1.440704
v -1.323371 0.000000 -1.462098
v -2.537317 0.000000 -1.483436
v -2.537317 0.000000 -1.483436
v -1.323371 0.000000 -1.462098
v -1.327724 0.000000 -1.504702
v -2.537317 0.000000 -1.483436
v -1.327724 0.000000 -1.504702
v -2.531527 0.000000 -1.525865
v -2.531527 0.000000 -1.525865
v -1.327724 0.000000 -1.504702
v -1.334945 0.000000 -1.546899
v -2.531527 0.000000 -1.525865
v -1.334945 0.000000 -1.546899
v -2.522876 0.000000 -1.567781
v -2.522876 0.000000 -1.567781
v -1.334945 0.000000 -1.546899
v -1.345010 0.000000 -1.588487
v -2.522876 0.000000 -1.567781
v -1.345010 0.000000 -1.588487
v -2.511405 0.000000 -1.608985
v -2.511405 0.000000 -1.608985
v -1.345010 0.000000 -1.588487
v -1.357872 0.000000 -1.629267
v -2.511405 0.000000 -1.608985
v -1.357872 0.000000 -1.629267
v -2.497168 0.000000 -1.649293
v -2.497168 0.000000 -1.649293
v -1.357872 0.000000 -1.629267
v -1.373468 0.000000 -1.669047
v -2.497168 0.000000 -1.649293
v -1.373468 0.000000 -1.669047
v -2.480236 0.000000 -1.688505
v -2.480236 0.000000 -1.688505
v -1.373468 0.000000 -1.669047
v -1.391712 0.000000 -1.707643
v -2.480236 0.000000 -1.688505
v -1.391712 0.000000 -1.707643
v -2.460687 0.000000 -1.726429
v -2.460687 0.000000 -1.726429
v -1.391712 0.000000 -1.707643
v -1.412541 0.000000 -1.744854
v -2.460687 0.000000 -1.726429
v -1.412541 0.000000 -1.744854
v -2.438617 0.000000 -1.762896
v -2.438617 0.000000 -1.762896
v -1.412541 0.000000 -1.744854
v -1.435829 0.000000 -1.780522
v -2.438617 0.000000 -1.762896
v -1.435829 0.000000 -1.780522
v -2.414127 0.000000 -1.797716
v -2.414127 0.000000 -1.797716
v -1.435829 0.000000 -1.780522
v -1.461483 0.000000 -1.814469
v -2.414127 0.000000 -1.797716
v -1.461483 0.000000 -1.814469
v -2.387342 0.000000 -1.830743
v -2.387342 0.000000 -1.830743
v -1.461483 0.000000 -1.814469
v -1.489383 0.000001 -1.846529
v -2.387342 0.000000 -1.830743
v -1.489383 0.000001 -1.846529
v -2.358381 0.000001 -1.861802
v -2.358381 0.000001 -1.861802
v -1.489383 0.000001 -1.846529
v -1.519381 0.000001 -1.876556
v -2.358381 0.000001 -1.861802
v -1.519381 0.000001 -1.876556
v -2.327377 0.000001 -1.890757
v -2.327377 0.000001 -1.890757
v -1.519381 0.000001 -1.876556
v -1.551336 0.000001 -1.904398
v -2.327377 0.000001 -1.890757
v -1.551336 0.000001 -1.904398
v -2.294495 0.000001 -1.917464
v -2.294495 0.000001 -1.917464
v -1.551336 0.000001 -1.904398
v -1.585113 0.000001 -1.929929
v -2.294495 0.000001 -1.917464
v -1.585113 0.000001 -1.929929
v -2.259877 0.000001 -1.941794
v -2.259877 0.000001 -1.941794
v -1.585113 0.000001 -1.929929
v -1.620533 0.000001 -1.953035
v -2.259877 0.000001 -1.941794
v -1.620533 0.000001 -1.953035
v -2.223687 0.000001 -1.963636
v -2.223687 0.000001 -1.963636
v -1.620533 0.000001 -1.953035
v -1.657437 0.000001 -1.973589
v -2.223687 0.000001 -1.963636
v -1.657437 0.000001 -1.973589
v -2.186115 0.000001 -1.982886
v -2.186115 0.000001 -1.982886
v -1.657437 0.000001 -1.973589
v -1.695646 0.000001 -1.991503
v -2.186115 0.000001 -1.982886
v -1.695646 0.000001 -1.991503
v -2.147325 0.000001 -1.999440
v -2.147325 0.000001 -1.999440
v -1.695646 0.000001 -1.991503
v -1.734971 0.000001 -2.006697
v -2.147325 0.000001 -1.999440
v -1.734971 0.000001 -2.006697
v -2.107497 0.000001 -2.013241
v -2.107497 0.000001 -2.013241
v -1.734971 0.000001 -2.006697
v -1.775238 0.000001 -2.019082
v -2.107497 0.000001 -2.013241
v -1.775238 0.000001 -2.019082
v -2.066837 0.000001 -2.024210
v -2.066837 0.000001 -2.024210
v -1.775238 0.000001 -2.019082
v -1.816244 0.000001 -2.028611
v -2.066837 0.000001 -2.024210
v -1.816244 0.000001 -2.028611
v -2.025532 0.000001 -2.032291
v -2.025532 0.000001 -2.032291
v -1.816244 0.000001 -2.028611
v -1.857808 0.000001 -2.035244
v -2.025532 0.000001 -2.032291
v -1.857808 0.000001 -2.035244
v -1.983772 0.000001 -2.037460
v -1.983772 0.000001 -2.037460
v -1.857808 0.000001 -2.035244
v -1.899710 0.000001 -2.038932
v -1.983772 0.000001 -2.037460
v -1.899710 0.000001 -2.038932
v -1.941768 0.000001 -2.039676
v 2.217205 0.137375 -1.968181
v 2.217205 0.157000 -1.968181
v 2.206889 0.000001 -1.973589
v 2.206889 0.000001 -1.973589
v 2.217205 0.157000 -1.968181
v 2.179334 0.157000 -1.986839
v 2.206889 0.000001 -1.973589
v 2.179334 0.157000 -1.986839
v 2.168680 0.000001 -1.991503
v 2.168680 0.000001 -1.991503
v 2.179334 0.157000 -1.986839
v 2.140293 0.157000 -2.002784
v 2.168680 0.000001 -1.991503
v 2.140293 0.157000 -2.002784
v 2.129355 0.000001 -2.006697
v 2.129355 0.000001 -2.006697
v 2.140293 0.157000 -2.002784
v 2.100269 0.157000 -2.015954
v 2.129355 0.000001 -2.006697
v 2.100269 0.157000 -2.015954
v 2.089088 0.000001 -2.019082
v 2.089088 0.000001 -2.019082
v 2.100269 0.157000 -2.015954
v 2.059436 0.157000 -2.026274
v 2.089088 0.000001 -2.019082
v 2.059436 0.157000 -2.026274
v 2.048082 0.000001 -2.028611
v 2.048082 0.000001 -2.028611
v 2.059436 0.157000 -2.026274
v 2.018013 0.157000 -2.033707
v 2.048082 0.000001 -2.028611
v 2.018013 0.157000 -2.033707
v 2.006526 0.000001 -2.035244
v 2.006526 0.000001 -2.035244
v 2.018013 0.157000 -2.033707
v 1.976182 0.157000 -2.038212
v 2.006526 0.000001 -2.035244
v 1.976182 0.157000 -2.038212
v 1.964617 0.000001 -2.038932
v 1.964617 0.000001 -2.038932
v 1.976182 0.157000 -2.038212
v 1.934139 0.157000 -2.039764
v 1.964617 0.000001 -2.038932
v 1.934139 0.157000 -2.039764
v 1.922558 0.000001 -2.039676
v 1.922558 0.000001 -2.039676
v 1.934139 0.157000 -2.039764
v 1.892096 0.157000 -2.038364
v 1.922558 0.000001 -2.039676
v 1.892096 0.157000 -2.038364
v 1.880554 0.000001 -2.037460
v 1.880554 0.000001 -2.037460
v 1.892096 0.157000 -2.038364
v 1.850250 0.157000 -2.034003
v 1.880554 0.000001 -2.037460
v 1.850250 0.157000 -2.034003
v 1.838794 0.000001 -2.032291
v 1.838794 0.000001 -2.032291
v 1.850250 0.157000 -2.034003
v 1.808796 0.157000 -2.026723
v 1.838794 0.000001 -2.032291
v 1.808796 0.157000 -2.026723
v 1.797489 0.000001 -2.024210
v 1.797489 0.000001 -2.024210
v 1.808796 0.157000 -2.026723
v 1.767931 0.157000 -2.016546
v 1.797489 0.000001 -2.024210
v 1.767931 0.157000 -2.016546
v 1.756829 0.000001 -2.013241
v 1.756829 0.000001 -2.013241
v 1.767931 0.157000 -2.016546
v 1.727860 0.157000 -2.003512
v 1.756829 0.000001 -2.013241
v 1.727860 0.157000 -2.003512
v 1.717010 0.000001 -1.999440
v 1.717010 0.000001 -1.999440
v 1.727860 0.157000 -2.003512
v 1.688763 0.157000 -1.987711
v 1.717010 0.000001 -1.999440
v 1.688763 0.157000 -1.987711
v 1.678211 0.000001 -1.982886
v 1.678211 0.000001 -1.982886
v 1.688763 0.157000 -1.987711
v 1.650830 0.157000 -1.969189
v 1.678211 0.000001 -1.982886
v 1.650830 0.157000 -1.969189
v 1.640639 0.000001 -1.963636
v 1.640639 0.000001 -1.963636
v 1.650830 0.157000 -1.969189
v 1.614247 0.157000 -1.948051
v 1.640639 0.000001 -1.963636
v 1.614247 0.157000 -1.948051
v 1.604449 0.000001 -1.941794
v 1.604449 0.000001 -1.941794
v 1.614247 0.157000 -1.948051
v 1.579181 0.157000 -1.924384
v 1.604449 0.000001 -1.941794
v 1.579181 0.157000 -1.924384
v 1.569839 0.000001 -1.917464
v 1.569839 0.000001 -1.917464
v 1.579181 0.157000 -1.924384
v 1.545797 0.157000 -1.898318
v 1.569839 0.000001 -1.917464
v 1.545797 0.157000 -1.898318
v 1.536950 0.000001 -1.890757
v 1.536950 0.000001 -1.890757
v 1.545797 0.157000 -1.898318
v 1.514266 0.157000 -1.869963
v 1.536950 0.000001 -1.890757
v 1.514266 0.157000 -1.869963
v 1.505953 0.000001 -1.861802
v 1.505953 0.000001 -1.861802
v 1.514266 0.157000 -1.869963
v 1.484724 0.157000 -1.839464
v 1.505953 0.000001 -1.861802
v 1.484724 0.157000 -1.839464
v 1.476992 0.000000 -1.830743
v 1.476992 0.000000 -1.830743
v 1.484724 0.157000 -1.839464
v 1.457326 0.157000 -1.806965
v 1.476992 0.000000 -1.830743
v 1.457326 0.157000 -1.806965
v 1.450200 0.000000 -1.797716
v 1.450200 0.000000 -1.797716
v 1.457326 0.157000 -1.806965
v 1.432191 0.157000 -1.772617
v 1.450200 0.000000 -1.797716
v 1.432191 0.157000 -1.772617
v 1.425709 0.000000 -1.762896
v 1.425709 0.000000 -1.762896
v 1.432191 0.157000 -1.772617
v 1.409445 0.157000 -1.736582
v 1.425709 0.000000 -1.762896
v 1.409445 0.157000 -1.736582
v 1.403639 0.000000 -1.726429
v 1.403639 0.000000 -1.726429
v 1.409445 0.157000 -1.736582
v 1.389198 0.157000 -1.699042
v 1.403639 0.000000 -1.726429
v 1.389198 0.157000 -1.699042
v 1.384091 0.000000 -1.688505
v 1.384091 0.000000 -1.688505
v 1.389198 0.157000 -1.699042
v 1.371535 0.157000 -1.660158
v 1.384091 0.000000 -1.688505
v 1.371535 0.157000 -1.660158
v 1.367159 0.000000 -1.649293
v 1.367159 0.000000 -1.649293
v 1.371535 0.157000 -1.660158
v 1.356552 0.157000 -1.620130
v 1.367159 0.000000 -1.649293
v 1.356552 0.157000 -1.620130
v 1.352929 0.000000 -1.608985
v 1.352929 0.000000 -1.608985
v 1.356552 0.157000 -1.620130
v 1.344318 0.157000 -1.579150
v 1.352929 0.000000 -1.608985
v 1.344318 0.157000 -1.579150
v 1.341458 0.000000 -1.567781
v 1.341458 0.000000 -1.567781
v 1.344318 0.157000 -1.579150
v 1.334890 0.157000 -1.537402
v 1.341458 0.000000 -1.567781
v 1.334890 0.157000 -1.537402
v 1.332800 0.000000 -1.525865
v 1.332800 0.000000 -1.525865
v 1.334890 0.157000 -1.537402
v 1.328313 0.157000 -1.495093
v 1.332800 0.000000 -1.525865
v 1.328313 0.157000 -1.495093
v 1.327009 0.000000 -1.483436
v 1.327009 0.000000 -1.483436
v 1.328313 0.157000 -1.495093
v 1.324620 0.157000 -1.452425
v 1.327009 0.000000 -1.483436
v 1.324620 0.157000 -1.452425
v 1.324110 0.000000 -1.440704
v 1.324110 0.000000 -1.440704
v 1.324620 0.157000 -1.452425
v 1.323827 0.157000 -1.409597
v 1.324110 0.000000 -1.440704
v 1.323827 0.157000 -1.409597
v 1.324110 0.000000 -1.397876
v 1.324110 0.000000 -1.397876
v 1.323827 0.157000 -1.409597
v 1.325933 0.157000 -1.366817
v 1.324110 0.000000 -1.397876
v 1.325933 0.157000 -1.366817
v 1.327009 0.000000 -1.355144
v 1.327009 0.000000 -1.355144
v 1.325933 0.157000 -1.366817
v 1.330938 0.157000 -1.324284
v 1.327009 0.000000 -1.355144
v 1.330938 0.157000 -1.324284
v 1.332800 0.000000 -1.312715
v 1.332800 0.000000 -1.312715
v 1.330938 0.157000 -1.324284
v 1.338803 0.157000 -1.282200
v 1.332800 0.000000 -1.312715
v 1.338803 0.157000 -1.282200
v 1.341458 0.000000 -1.270799
v 1.341458 0.000000 -1.270799
v 1.338803 0.157000 -1.282200
v 1.349512 0.157000 -1.240780
v 1.341458 0.000000 -1.270799
v 1.349512 0.157000 -1.240780
v 1.352929 0.000000 -1.229587
v 1.352929 0.000000 -1.229587
v 1.349512 0.157000 -1.240780
v 1.362994 0.157000 -1.200200
v 1.352929 0.000000 -1.229587
v 1.362994 0.157000 -1.200200
v 1.367159 0.000000 -1.189287
v 1.367159 0.000000 -1.189287
v 1.362994 0.157000 -1.200200
v 1.379196 0.157000 -1.160668
v 1.367159 0.000000 -1.189287
v 1.379196 0.157000 -1.160668
v 1.384091 0.000000 -1.150075
v 1.384091 0.000000 -1.150075
v 1.379196 0.157000 -1.160668
v 1.398045 0.157000 -1.122376
v 1.384091 0.000000 -1.150075
v 1.398045 0.157000 -1.122376
v 1.403639 0.000000 -1.112151
v 1.403639 0.000000 -1.112151
v 1.398045 0.157000 -1.122376
v 1.419439 0.157000 -1.085492
v 1.403639 0.000000 -1.112151
v 1.419439 0.157000 -1.085492
v 1.425709 0.000000 -1.075684
v 1.425709 0.000000 -1.075684
v 1.419439 0.157000 -1.085492
v 1.443278 0.157000 -1.050201
v 1.425709 0.000000 -1.075684
v 1.443278 0.157000 -1.050201
v 1.450200 0.000000 -1.040856
v 1.450200 0.000000 -1.040856
v 1.443278 0.157000 -1.050201
v 1.469450 0.157000 -1.016662
v 1.450200 0.000000 -1.040856
v 1.469450 0.157000 -1.016662
v 1.476992 0.000000 -1.007837
v 1.476992 0.000000 -1.007837
v 1.469450 0.157000 -1.016662
v 1.497837 0.157000 -0.985050
v 1.476992 0.000000 -1.007837
v 1.497837 0.157000 -0.985050
v 1.505953 0.000000 -0.976778
v 1.505953 0.000000 -0.976778
v 1.497837 0.157000 -0.985050
v 1.528291 0.157000 -0.955512
v 1.505953 0.000000 -0.976778
v 1.528291 0.157000 -0.955512
v 1.536950 0.000000 -0.947823
v 1.536950 0.000000 -0.947823
v 1.528291 0.157000 -0.955512
v 1.560686 0.157000 -0.928173
v 1.536950 0.000000 -0.947823
v 1.560686 0.157000 -0.928173
v 1.569839 0.000000 -0.921116
v 1.569839 0.000000 -0.921116
v 1.560686 0.157000 -0.928173
v 1.594848 0.157000 -0.903178
v 1.569839 0.000000 -0.921116
v 1.594848 0.157000 -0.903178
v 1.604449 0.000000 -0.896786
v 1.604449 0.000000 -0.896786
v 1.594848 0.157000 -0.903178
v 1.630621 0.157000 -0.880648
v 1.604449 0.000000 -0.896786
v 1.630621 0.157000 -0.880648
v 1.640639 0.000000 -0.874943
v 1.640639 0.000000 -0.874943
v 1.630621 0.157000 -0.880648
v 1.667840 0.157000 -0.860678
v 1.640639 0.000000 -0.874943
v 1.667840 0.157000 -0.860678
v 1.678211 0.000000 -0.855694
v 1.678211 0.000000 -0.855694
v 1.667840 0.157000 -0.860678
v 1.706324 0.157000 -0.843380
v 1.678211 0.000000 -0.855694
v 1.706324 0.157000 -0.843380
v 1.717010 0.000000 -0.839132
v 1.717010 0.000000 -0.839132
v 1.706324 0.157000 -0.843380
v 1.745884 0.157000 -0.828819
v 1.717010 0.000000 -0.839132
v 1.745884 0.157000 -0.828819
v 1.756829 0.000000 -0.825338
v 1.756829 0.000000 -0.825338
v 1.745884 0.157000 -0.828819
v 1.786340 0.157000 -0.817074
v 1.756829 0.000000 -0.825338
v 1.786340 0.157000 -0.817074
v 1.797489 0.000000 -0.814369
v 1.797489 0.000000 -0.814369
v 1.786340 0.157000 -0.817074
v 1.827488 0.157000 -0.808201
v 1.797489 0.000000 -0.814369
v 1.827488 0.157000 -0.808201
v 1.838794 0.000000 -0.806289
v 1.838794 0.000000 -0.806289
v 1.827488 0.157000 -0.808201
v 1.869146 0.157000 -0.802232
v 1.838794 0.000000 -0.806289
v 1.869146 0.157000 -0.802232
v 1.880554 0.000000 -0.801120
v 1.880554 0.000000 -0.801120
v 1.869146 0.157000 -0.802232
v 1.911110 0.157000 -0.799217
v 1.880554 0.000000 -0.801120
v 1.911110 0.157000 -0.799217
v 1.922558 0.000000 -0.798905
v 1.922558 0.000000 -0.798905
v 1.911110 0.157000 -0.799217
v 1.953177 0.157000 -0.799149
v 1.922558 0.000000 -0.798905
v 1.953177 0.157000 -0.799149
v 1.964617 0.000000 -0.799645
v 1.964617 0.000000 -0.799645
v 1.953177 0.157000 -0.799149
v 1.995149 0.157000 -0.802040
v 1.964617 0.000000 -0.799645
v 1.995149 0.157000 -0.802040
v 2.006526 0.000000 -0.803336
v 2.006526 0.000000 -0.803336
v 1.995149 0.157000 -0.802040
v 2.036823 0.157000 -0.807873
v 2.006526 0.000000 -0.803336
v 2.036823 0.157000 -0.807873
v 2.048082 0.000000 -0.809961
v 2.048082 0.000000 -0.809961
v 2.036823 0.157000 -0.807873
v 2.078002 0.157000 -0.816618
v 2.048082 0.000000 -0.809961
v 2.078002 0.157000 -0.816618
v 2.089088 0.000000 -0.819498
v 2.089088 0.000000 -0.819498
v 2.078002 0.157000 -0.816618
v 2.118489 0.157000 -0.828235
v 2.089088 0.000000 -0.819498
v 2.118489 0.157000 -0.828235
v 2.129355 0.000000 -0.831883
v 2.129355 0.000000 -0.831883
v 2.118489 0.157000 -0.828235
v 2.158097 0.157000 -0.842668
v 2.129355 0.000000 -0.831883
v 2.158097 0.157000 -0.842668
v 2.168680 0.000000 -0.847077
v 2.168680 0.000000 -0.847077
v 2.158097 0.157000 -0.842668
v 2.196628 0.157000 -0.859854
v 2.168680 0.000000 -0.847077
v 2.196628 0.157000 -0.859854
v 2.206889 0.000000 -0.864991
v 2.206889 0.000000 -0.864991
v 2.196628 0.157000 -0.859854
v 2.233909 0.157000 -0.879704
v 2.206889 0.000000 -0.864991
v 2.233909 0.157000 -0.879704
v 2.243794 0.000000 -0.885545
v 2.243794 0.000000 -0.885545
v 2.233909 0.157000 -0.879704
v 2.269753 0.157000 -0.902122
v 2.243794 0.000000 -0.885545
v 2.269753 0.157000 -0.902122
v 2.279213 0.000000 -0.908643
v 2.279213 0.000000 -0.908643
v 2.269753 0.157000 -0.902122
v 2.303986 0.157000 -0.927013
v 2.279213 0.000000 -0.908643
v 2.303986 0.157000 -0.927013
v 2.312991 0.000000 -0.934181
v 2.312991 0.000000 -0.934181
v 2.303986 0.157000 -0.927013
v 2.336460 0.157000 -0.954247
v 2.312991 0.000000 -0.934181
v 2.336460 0.157000 -0.954247
v 2.344953 0.000000 -0.962024
v 2.344953 0.000000 -0.962024
v 2.336460 0.157000 -0.954247
v 2.367008 0.157000 -0.983698
v 2.344953 0.000000 -0.962024
v 2.367008 0.157000 -0.983698
v 2.374951 0.000000 -0.992051
v 2.374951 0.000000 -0.992051
v 2.367008 0.157000 -0.983698
v 2.395490 0.157000 -1.015222
v 2.374951 0.000000 -0.992051
v 2.395490 0.157000 -1.015222
v 2.402844 0.000000 -1.024110
v 2.402844 0.000000 -1.024110
v 2.395490 0.157000 -1.015222
v 2.421764 0.157000 -1.048665
v 2.402844 0.000000 -1.024110
v 2.421764 0.157000 -1.048665
v 2.428497 0.000000 -1.058058
v 2.428497 0.000000 -1.058058
v 2.421764 0.157000 -1.048665
v 2.445712 0.157000 -1.083884
v 2.428497 0.000000 -1.058058
v 2.445712 0.157000 -1.083884
v 2.451793 0.000000 -1.093725
v 2.451793 0.000000 -1.093725
v 2.445712 0.157000 -1.083884
v 2.467217 0.157000 -1.120704
v 2.451793 0.000000 -1.093725
v 2.467217 0.157000 -1.120704
v 2.472615 0.000000 -1.130937
v 2.472615 0.000000 -1.130937
v 2.467217 0.157000 -1.120704
v 2.486176 0.157000 -1.158940
v 2.472615 0.000000 -1.130937
v 2.486176 0.157000 -1.158940
v 2.490859 0.000000 -1.169533
v 2.490859 0.000000 -1.169533
v 2.486176 0.157000 -1.158940
v 2.502495 0.157000 -1.198424
v 2.490859 0.000000 -1.169533
v 2.502495 0.157000 -1.198424
v 2.506455 0.000000 -1.209313
v 2.506455 0.000000 -1.209313
v 2.502495 0.157000 -1.198424
v 2.516103 0.157000 -1.238956
v 2.506455 0.000000 -1.209313
v 2.516103 0.157000 -1.238956
v 2.519317 0.000000 -1.250093
v 2.519317 0.000000 -1.250093
v 2.516103 0.157000 -1.238956
v 2.526938 0.157000 -1.280344
v 2.519317 0.000000 -1.250093
v 2.526938 0.157000 -1.280344
v 2.529382 0.000000 -1.291681
v 2.529382 0.000000 -1.291681
v 2.526938 0.157000 -1.280344
v 2.534929 0.157000 -1.322396
v 2.529382 0.000000 -1.291681
v 2.534929 0.157000 -1.322396
v 2.536602 0.000000 -1.333877
v 2.536602 0.000000 -1.333877
v 2.534929 0.157000 -1.322396
v 2.540067 0.157000 -1.364913
v 2.536602 0.000000 -1.333877
v 2.540067 0.157000 -1.364913
v 2.540955 0.000000 -1.376482
v 2.540955 0.000000 -1.376482
v 2.540067 0.157000 -1.364913
v 2.542299 0.157000 -1.407693
v 2.540955 0.000000 -1.376482
v 2.542299 0.157000 -1.407693
v 2.542409 0.000000 -1.419286
v 2.542409 0.000000 -1.419286
v 2.542299 0.157000 -1.407693
v 2.541631 0.157000 -1.450521
v 2.542409 0.000000 -1.419286
v 2.541631 0.157000 -1.450521
v 2.540955 0.000000 -1.462098
v 2.540955 0.000000 -1.462098
v 2.541631 0.157000 -1.450521
v 2.538064 0.157000 -1.493205
v 2.540955 0.000000 -1.462098
v 2.538064 0.157000 -1.493205
v 2.536602 0.000000 -1.504702
v 2.536602 0.000000 -1.504702
v 2.538064 0.157000 -1.493205
v 2.531621 0.157000 -1.535529
v 2.536602 0.000000 -1.504702
v 2.531621 0.157000 -1.535529
v 2.529382 0.000000 -1.546899
v 2.529382 0.000000 -1.546899
v 2.531621 0.157000 -1.535529
v 2.522318 0.157000 -1.577310
v 2.529382 0.000000 -1.546899
v 2.522318 0.157000 -1.577310
v 2.519317 0.000000 -1.588487
v 2.519317 0.000000 -1.588487
v 2.522318 0.157000 -1.577310
v 2.510211 0.157000 -1.618330
v 2.519317 0.000000 -1.588487
v 2.510211 0.157000 -1.618330
v 2.506455 0.000000 -1.629267
v 2.506455 0.000000 -1.629267
v 2.510211 0.157000 -1.618330
v 2.495345 0.157000 -1.658406
v 2.506455 0.000000 -1.629267
v 2.495345 0.157000 -1.658406
v 2.490859 0.000000 -1.669047
v 2.490859 0.000000 -1.669047
v 2.495345 0.157000 -1.658406
v 2.477800 0.157000 -1.697338
v 2.490859 0.000000 -1.669047
v 2.477800 0.157000 -1.697338
v 2.472615 0.000000 -1.707643
v 2.472615 0.000000 -1.707643
v 2.477800 0.157000 -1.697338
v 2.457663 0.157000 -1.734941
v 2.472615 0.000000 -1.707643
v 2.457663 0.157000 -1.734941
v 2.451793 0.000000 -1.744854
v 2.451793 0.000000 -1.744854
v 2.457663 0.157000 -1.734941
v 2.435026 0.157000 -1.771049
v 2.451793 0.000000 -1.744854
v 2.435026 0.157000 -1.771049
v 2.428497 0.000000 -1.780522
v 2.428497 0.000000 -1.780522
v 2.435026 0.157000 -1.771049
v 2.410002 0.157000 -1.805476
v 2.428497 0.000000 -1.780522
v 2.410002 0.157000 -1.805476
v 2.402844 0.000000 -1.814469
v 2.402844 0.000000 -1.814469
v 2.410002 0.157000 -1.805476
v 2.382699 0.157000 -1.838064
v 2.402844 0.000000 -1.814469
v 2.382699 0.157000 -1.838064
v 2.374951 0.000001 -1.846529
v 2.374951 0.000001 -1.846529
v 2.382699 0.157000 -1.838064
v 2.353250 0.157000 -1.868659
v 2.374951 0.000001 -1.846529
v 2.353250 0.157000 -1.868659
v 2.344953 0.000001 -1.876556
v 2.344953 0.000001 -1.876556
v 2.353250 0.157000 -1.868659
v 2.321798 0.157000 -1.897102
v 2.344953 0.000001 -1.876556
v 2.321798 0.157000 -1.897102
v 2.312991 0.000001 -1.904398
v 2.312991 0.000001 -1.904398
v 2.321798 0.157000 -1.897102
v 2.288500 0.157000 -1.923280
v 2.312991 0.000001 -1.904398
v 2.288500 0.157000 -1.923280
v 2.279213 0.000001 -1.929929
v 2.279213 0.000001 -1.929929
v 2.288500 0.157000 -1.923280
v 2.253505 0.157000 -1.947051
v 2.279213 0.000001 -1.929929
v 2.253505 0.157000 -1.947051
v 2.253505 0.137375 -1.947051
v 2.279213 0.000001 -1.929929
v 2.253505 0.137375 -1.947051
v 2.243794 0.000001 -1.953035
v 2.243794 0.000001 -1.953035
v 2.253505 0.137375 -1.947051
v 2.241562 0.137375 -1.954371
v 2.243794 0.000001 -1.953035
v 2.241562 0.137375 -1.954371
v 2.229462 0.137375 -1.961420
v 2.243794 0.000001 -1.953035
v 2.229462 0.137375 -1.961420
v 2.206889 0.000001 -1.973589
v 2.206889 0.000001 -1.973589
v 2.229462 0.137375 -1.961420
v 2.217205 0.137375 -1.968181
v 2.540955 0.000000 -1.462098
v 1.324110 0.000000 -1.440704
v 2.542409 0.000000 -1.419286
v 2.542409 0.000000 -1.419286
v 1.324110 0.000000 -1.440704
v 1.324110 0.000000 -1.397876
v 2.542409 0.000000 -1.419286
v 1.324110 0.000000 -1.397876
v 2.540955 0.000000 -1.376482
v 2.540955 0.000000 -1.376482
v 1.324110 0.000000 -1.397876
v 1.327009 0.000000 -1.355144
v 2.540955 0.000000 -1.376482
v 1.327009 0.000000 -1.355144
v 2.536602 0.000000 -1.333877
v 2.536602 0.000000 -1.333877
v 1.327009 0.000000 -1.355144
v 1.332800 0.000000 -1.312715
v 2.536602 0.000000 -1.333877
v 1.332800 0.000000 -1.312715
v 2.529382 0.000000 -1.291681
v 2.529382 0.000000 -1.291681
v 1.332800 0.000000 -1.312715
v 1.341458 0.000000 -1.270799
v 2.529382 0.000000 -1.291681
v 1.341458 0.000000 -1.270799
v 2.519317 0.000000 -1.250093
v 2.519317 0.000000 -1.250093
v 1.341458 0.000000 -1.270799
v 1.352929 0.000000 -1.229587
v 2.519317 0.000000 -1.250093
v 1.352929 0.000000 -1.229587
v 2.506455 0.000000 -1.209313
v 2.506455 0.000000 -1.209313
v 1.352929 0.000000 -1.229587
v 1.367159 0.000000 -1.189287
v 2.506455 0.000000 -1.209313
v 1.367159 0.000000 -1.189287
v 2.490859 0.000000 -1.169533
v 2.490859 0.000000 -1.169533
v 1.367159 0.000000 -1.189287
v 1.384091 0.000000 -1.150075
v 2.490859 0.000000 -1.169533
v 1.384091 0.000000 -1.150075
v 2.472615 0.000000 -1.130937
v 2.472615 0.000000 -1.130937
v 1.384091 0.000000 -1.150075
v 1.403639 0.000000 -1.112151
v 2.472615 0.000000 -1.130937
v 1.403639 0.000000 -1.112151
v 2.451793 0.000000 -1.093725
v 2.451793 0.000000 -1.093725
v 1.403639 0.000000 -1.112151
v 1.425709 0.000000 -1.075684
v 2.451793 0.000000 -1.093725
v 1.425709 0.000000 -1.075684
v 2.428497 0.000000 -1.058058
v 2.428497 0.000000 -1.058058
v 1.425709 0.000000 -1.075684
v 1.450200 0.000000 -1.040856
v 2.428497 0.000000 -1.058058
v 1.450200 0.000000 -1.040856
v 2.402844 0.000000 -1.024110
v 2.402844 0.000000 -1.024110
v 1.450200 0.000000 -1.040856
v 1.476992 0.000000 -1.007837
v 2.402844 0.000000 -1.024110
v 1.476992 0.000000 -1.007837
v 2.374951 0.000000 -0.992051
v 2.374951 0.000000 -0.992051
v 1.476992 0.000000 -1.007837
v 1.505953 0.000000 -0.976778
v 2.374951 0.000000 -0.992051
v 1.505953 0.000000 -0.976778
v 2.344953 0.000000 -0.962024
v 2.344953 0.000000 -0.962024
v 1.505953 0.000000 -0.976778
v 1.536950 0.000000 -0.947823
v 2.344953 0.000000 -0.962024
v 1.536950 0.000000 -0.947823
v 2.312991 0.000000 -0.934181
v 2.312991 0.000000 -0.934181
v 1.536950 0.000000 -0.947823
v 1.569839 0.000000 -0.921116
v 2.312991 0.000000 -0.934181
v 1.569839 0.000000 -0.921116
v 2.279213 0.000000 -0.908643
v 2.279213 0.000000 -0.908643
v 1.569839 0.000000 -0.921116
v 1.604449 0.000000 -0.896786
v 2.279213 0.000000 -0.908643
v 1.604449 0.000000 -0.896786
v 2.243794 0.000000 -0.885545
v 2.243794 0.000000 -0.885545
v 1.604449 0.000000 -0.896786
v 1.640639 0.000000 -0.874943
v 2.243794 0.000000 -0.885545
v 1.640639 0.000000 -0.874943
v 2.206889 0.000000 -0.864991
v 2.206889 0.000000 -0.864991
v 1.640639 0.000000 -0.874943
v 1.678211 0.000000 -0.855694
v 2.206889 0.000000 -0.864991
v 1.678211 0.000000 -0.855694
v 2.168680 0.000000 -0.847077
v 2.168680 0.000000 -0.847077
v 1.678211 0.000000 -0.855694
v 1.717010 0.000000 -0.839132
v 2.168680 0.000000 -0.847077
v 1.717010 0.000000 -0.839132
v 2.129355 0.000000 -0.831883
v 2.129355 0.000000 -0.831883
v 1.717010 0.000000 -0.839132
v 1.756829 0.000000 -0.825338
v 2.129355 0.000000 -0.831883
v 1.756829 0.000000 -0.825338
v 2.089088 0.000000 -0.819498
v 2.089088 0.000000 -0.819498
v 1.756829 0.000000 -0.825338
v 1.797489 0.000000 -0.814369
v 2.089088 0.000000 -0.819498
v 1.797489 0.000000 -0.814369
v 2.048082 0.000000 -0.809961
v 2.048082 0.000000 -0.809961
v 1.797489 0.000000 -0.814369
v 1.838794 0.000000 -0.806289
v 2.048082 0.000000 -0.809961
v 1.838794 0.000000 -0.806289
v 2.006526 0.000000 -0.803336
v 2.006526 0.000000 -0.803336
v 1.838794 0.000000 -0.806289
v 1.880554 0.000000 -0.801120
v 2.006526 0.000000 -0.803336
v 1.880554 0.000000 -0.801120
v 1.964617 0.000000 -0.799645
v 1.964617 0.000000 -0.799645
v 1.880554 0.000000 -0.801120
v 1.922558 0.000000 -0.798905
v 1.324110 0.000000 -1.440704
v 2.540955 0.000000 -1.462098
v 1.327009 0.000000 -1.483436
v 1.327009 0.000000 -1.483436
v 2.540955 0.000000 -1.462098
v 2.536602 0.000000 -1.504702
v 1.327009 0.000000 -1.483436
v 2.536602 0.000000 -1.504702
v 1.332800 0.000000 -1.525865
v 1.332800 0.000000 -1.525865
v 2.536602 0.000000 -1.504702
v 2.529382 0.000000 -1.546899
v 1.332800 0.000000 -1.525865
v 2.529382 0.000000 -1.546899
v 1.341458 0.000000 -1.567781
v 1.341458 0.000000 -1.567781
v 2.529382 0.000000 -1.546899
v 2.519317 0.000000 -1.588487
v 1.341458 0.000000 -1.567781
v 2.519317 0.000000 -1.588487
v 1.352929 0.000000 -1.608985
v 1.352929 0.000000 -1.608985
v 2.519317 0.000000 -1.588487
v 2.506455 0.000000 -1.629267
v 1.352929 0.000000 -1.608985
v 2.506455 0.000000 -1.629267
v 1.367159 0.000000 -1.649293
v 1.367159 0.000000 -1.649293
v 2.506455 0.000000 -1.629267
v 2.490859 0.000000 -1.669047
v 1.367159 0.000000 -1.649293
v 2.490859 0.000000 -1.669047
v 1.384091 0.000000 -1.688505
v 1.384091 0.000000 -1.688505
v 2.490859 0.000000 -1.669047
v 2.472615 0.000000 -1.707643
v 1.384091 0.000000 -1.688505
v 2.472615 0.000000 -1.707643
v 1.403639 0.000000 -1.726429
v 1.403639 0.000000 -1.726429
v 2.472615 0.000000 -1.707643
v 2.451793 0.000000 -1.744854
v 1.403639 0.000000 -1.726429
v 2.451793 0.000000 -1.744854
v 1.425709 0.000000 -1.762896
v 1.425709 0.000000 -1.762896
v 2.451793 0.000000 -1.744854
v 2.428497 0.000000 -1.780522
v 1.425709 0.000000 -1.762896
v 2.428497 0.000000 -1.780522
v 1.450200 0.000000 -1.797716
v 1.450200 0.000000 -1.797716
v 2.428497 0.000000 -1.780522
v 2.402844 0.000000 -1.814469
v 1.450200 0.000000 -1.797716
v 2.402844 0.000000 -1.814469
v 1.476992 0.000000 -1.830743
v 1.476992 0.000000 -1.830743
v 2.402844 0.000000 -1.814469
v 2.374951 0.000001 -1.846529
v 1.476992 0.000000 -1.830743
v 2.374951 0.000001 -1.846529
v 1.505953 0.000001 -1.861802
v 1.505953 0.000001 -1.861802
v 2.374951 0.000001 -1.846529
v 2.344953 0.000001 -1.876556
v 1.505953 0.000001 -1.861802
v 2.344953 0.000001 -1.876556
v 1.536950 0.000001 -1.890757
v 1.536950 0.000001 -1.890757
v 2.344953 0.000001 -1.876556
v 2.312991 0.000001 -1.904398
v 1.536950 0.000001 -1.890757
v 2.312991 0.000001 -1.904398
v 1.569839 0.000001 -1.917464
v 1.569839 0.000001 -1.917464
v 2.312991 0.000001 -1.904398
v 2.279213 0.000001 -1.929929
v 1.569839 0.000001 -1.917464
v 2.279213 0.000001 -1.929929
v 1.604449 0.000001 -1.941794
v 1.604449 0.000001 -1.941794
v 2.279213 0.000001 -1.929929
v 2.243794 0.000001 -1.953035
v 1.604449 0.000001 -1.941794
v 2.243794 0.000001 -1.953035
v 1.640639 0.000001 -1.963636
v 1.640639 0.000001 -1.963636
v 2.243794 0.000001 -1.953035
v 2.206889 0.000001 -1.973589
v 1.640639 0.000001 -1.963636
v 2.206889 0.000001 -1.973589
v 1.678211 0.000001 -1.982886
v 1.678211 0.000001 -1.982886
v 2.206889 0.000001 -1.973589
v 2.168680 0.000001 -1.991503
v 1.678211 0.000001 -1.982886
v 2.168680 0.000001 -1.991503
v 1.717010 0.000001 -1.999440
v 1.717010 0.000001 -1.999440
v 2.168680 0.000001 -1.991503
v 2.129355 0.000001 -2.006697
v 1.717010 0.000001 -1.999440
v 2.129355 0.000001 -2.006697
v 1.756829 0.000001 -2.013241
v 1.756829 0.000001 -2.013241
v 2.129355 0.000001 -2.006697
v 2.089088 0.000001 -2.019082
v 1.756829 0.000001 -2.013241
v 2.089088 0.000001 -2.019082
v 1.797489 0.000001 -2.024210
v 1.797489 0.000001 -2.024210
v 2.089088 0.000001 -2.019082
v 2.048082 0.000001 -2.028611
v 1.797489 0.000001 -2.024210
v 2.048082 0.000001 -2.028611
v 1.838794 0.000001 -2.032291
v 1.838794 0.000001 -2.032291
v 2.048082 0.000001 -2.028611
v 2.006526 0.000001 -2.035244
v 1.838794 0.000001 -2.032291
v 2.006526 0.000001 -2.035244
v 1.880554 0.000001 -2.037460
v 1.880554 0.000001 -2.037460
v 2.006526 0.000001 -2.035244
v 1.964617 0.000001 -2.038932
v 1.880554 0.000001 -2.037460
v 1.964617 0.000001 -2.038932
v 1.922558 0.000001 -2.039676
v -1.323371 0.000000 0.024597
v -1.323371 0.157000 0.024597
v -1.321918 0.000000 -0.018212
v -1.321918 0.000000 -0.018212
v -1.323371 0.157000 0.024597
v -1.321918 0.157000 -0.018212
v -1.321918 0.000000 -0.018212
v -1.321918 0.157000 -0.018212
v -1.323371 0.000000 -0.061021
v -1.323371 0.000000 -0.061021
v -1.321918 0.157000 -0.018212
v -1.323371 0.157000 -0.061021
v -1.323371 0.000000 -0.061021
v -1.323371 0.157000 -0.061021
v -1.327724 0.000000 -0.103622
v -1.327724 0.000000 -0.103622
v -1.323371 0.157000 -0.061021
v -1.327724 0.157000 -0.103622
v -1.327724 0.000000 -0.103622
v -1.327724 0.157000 -0.103622
v -1.334945 0.000000 -0.145819
v -1.334945 0.000000 -0.145819
v -1.327724 0.157000 -0.103622
v -1.334945 0.157000 -0.145818
v -1.334945 0.000000 -0.145819
v -1.334945 0.157000 -0.145818
v -1.345010 0.000000 -0.187406
v -1.345010 0.000000 -0.187406
v -1.334945 0.157000 -0.145818
v -1.345010 0.157000 -0.187406
v -1.345010 0.000000 -0.187406
v -1.345010 0.157000 -0.187406
v -1.357872 0.000000 -0.228189
v -1.357872 0.000000 -0.228189
v -1.345010 0.157000 -0.187406
v -1.357872 0.157000 -0.228189
v -1.357872 0.000000 -0.228189
v -1.357872 0.157000 -0.228189
v -1.373468 0.000000 -0.267972
v -1.373468 0.000000 -0.267972
v -1.357872 0.157000 -0.228189
v -1.373468 0.157000 -0.267972
v -1.373468 0.000000 -0.267972
v -1.373468 0.157000 -0.267972
v -1.391712 0.000000 -0.306562
v -1.391712 0.000000 -0.306562
v -1.373468 0.157000 -0.267972
v -1.391712 0.157000 -0.306562
v -1.391712 0.000000 -0.306562
v -1.391712 0.157000 -0.306562
v -1.412541 0.000000 -0.343778
v -1.412541 0.000000 -0.343778
v -1.391712 0.157000 -0.306562
v -1.412541 0.157000 -0.343778
v -1.412541 0.000000 -0.343778
v -1.412541 0.157000 -0.343778
v -1.435829 0.000000 -0.379446
v -1.435829 0.000000 -0.379446
v -1.412541 0.157000 -0.343778
v -1.435829 0.157000 -0.379446
v -1.435829 0.000000 -0.379446
v -1.435829 0.157000 -0.379446
v -1.461483 0.000000 -0.413388
v -1.461483 0.000000 -0.413388
v -1.435829 0.157000 -0.379446
v -1.461483 0.157000 -0.413388
v -1.461483 0.000000 -0.413388
v -1.461483 0.157000 -0.413388
v -1.489383 0.000000 -0.445449
v -1.489383 0.000000 -0.445449
v -1.461483 0.157000 -0.413388
v -1.489383 0.157000 -0.445449
v -1.489383 0.000000 -0.445449
v -1.489383 0.157000 -0.445449
v -1.519381 0.000000 -0.475476
v -1.519381 0.000000 -0.475476
v -1.489383 0.157000 -0.445449
v -1.519381 0.157000 -0.475476
v -1.519381 0.000000 -0.475476
v -1.519381 0.157000 -0.475476
v -1.551336 0.000000 -0.503322
v -1.551336 0.000000 -0.503322
v -1.519381 0.157000 -0.475476
v -1.551336 0.157000 -0.503322
v -1.551336 0.000000 -0.503322
v -1.551336 0.157000 -0.503322
v -1.585113 0.000000 -0.528853
v -1.585113 0.000000 -0.528853
v -1.551336 0.157000 -0.503322
v -1.585113 0.157000 -0.528853
v -1.585113 0.000000 -0.528853
v -1.585113 0.157000 -0.528853
v -1.620533 0.000000 -0.551954
v -1.620533 0.000000 -0.551954
v -1.585113 0.157000 -0.528853
v -1.620533 0.157000 -0.551954
v -1.620533 0.000000 -0.551954
v -1.620533 0.157000 -0.551954
v -1.657437 0.000000 -0.572510
v -1.657437 0.000000 -0.572510
v -1.620533 0.157000 -0.551954
v -1.657437 0.157000 -0.572510
v -1.657437 0.000000 -0.572510
v -1.657437 0.157000 -0.572510
v -1.695646 0.000000 -0.590428
v -1.695646 0.000000 -0.590428
v -1.657437 0.157000 -0.572510
v -1.695646 0.157000 -0.590428
v -1.695646 0.000000 -0.590428
v -1.695646 0.157000 -0.590428
v -1.734971 0.000000 -0.605616
v -1.734971 0.000000 -0.605616
v -1.695646 0.157000 -0.590428
v -1.734971 0.157000 -0.605616
v -1.734971 0.000000 -0.605616
v -1.734971 0.157000 -0.605616
v -1.775238 0.000000 -0.618005
v -1.775238 0.000000 -0.618005
v -1.734971 0.157000 -0.605616
v -1.775238 0.157000 -0.618005
v -1.775238 0.000000 -0.618005
v -1.775238 0.157000 -0.618005
v -1.816244 0.000000 -0.627536
v -1.816244 0.000000 -0.627536
v -1.775238 0.157000 -0.618005
v -1.816244 0.157000 -0.627536
v -1.816244 0.000000 -0.627536
v -1.816244 0.157000 -0.627536
v -1.857808 0.000000 -0.634166
v -1.857808 0.000000 -0.634166
v -1.816244 0.157000 -0.627536
v -1.857808 0.157000 -0.634166
v -1.857808 0.000000 -0.634166
v -1.857808 0.157000 -0.634166
v -1.899710 0.000000 -0.637857
v -1.899710 0.000000 -0.637857
v -1.857808 0.157000 -0.634166
v -1.899710 0.157000 -0.637857
v -1.899710 0.000000 -0.637857
v -1.899710 0.157000 -0.637857
v -1.941768 0.000000 -0.638597
v -1.941768 0.000000 -0.638597
v -1.899710 0.157000 -0.637857
v -1.941768 0.157000 -0.638597
v -1.941768 0.000000 -0.638597
v -1.941768 0.157000 -0.638597
v -1.983772 0.000000 -0.636380
v -1.983772 0.000000 -0.636380
v -1.941768 0.157000 -0.638597
v -1.983772 0.157000 -0.636380
v -1.983772 0.000000 -0.636380
v -1.983772 0.157000 -0.636380
v -2.025532 0.000000 -0.631215
v -2.025532 0.000000 -0.631215
v -1.983772 0.157000 -0.636380
v -2.025532 0.157000 -0.631215
v -2.025532 0.000000 -0.631215
v -2.025532 0.157000 -0.631215
v -2.066837 0.000000 -0.623133
v -2.066837 0.000000 -0.623133
v -2.025532 0.157000 -0.631215
v -2.066837 0.157000 -0.623133
v -2.066837 0.000000 -0.623133
v -2.066837 0.157000 -0.623133
v -2.107497 0.000000 -0.612165
v -2.107497 0.000000 -0.612165
v -2.066837 0.157000 -0.623133
v -2.107497 0.157000 -0.612165
v -2.107497 0.000000 -0.612165
v -2.107497 0.157000 -0.612165
v -2.147325 0.000000 -0.598366
v -2.147325 0.000000 -0.598366
v -2.107497 0.157000 -0.612165
v -2.147325 0.157000 -0.598366
v -2.147325 0.000000 -0.598366
v -2.147325 0.157000 -0.598366
v -2.186115 0.000000 -0.581805
v -2.186115 0.000000 -0.581805
v -2.147325 0.157000 -0.598366
v -2.186115 0.157000 -0.581805
v -2.186115 0.000000 -0.581805
v -2.186115 0.157000 -0.581805
v -2.223687 0.000000 -0.562559
v -2.223687 0.000000 -0.562559
v -2.186115 0.157000 -0.581805
v -2.223687 0.157000 -0.562559
v -2.223687 0.000000 -0.562559
v -2.223687 0.157000 -0.562559
v -2.259877 0.000000 -0.540718
v -2.259877 0.000000 -0.540718
v -2.223687 0.157000 -0.562559
v -2.259877 0.157000 -0.540718
v -2.259877 0.000000 -0.540718
v -2.259877 0.157000 -0.540718
v -2.294495 0.000000 -0.516384
v -2.294495 0.000000 -0.516384
v -2.259877 0.157000 -0.540718
v -2.294495 0.157000 -0.516383
v -2.294495 0.000000 -0.516384
v -2.294495 0.157000 -0.516383
v -2.327377 0.000000 -0.489679
v -2.327377 0.000000 -0.489679
v -2.294495 0.157000 -0.516383
v -2.327377 0.157000 -0.489679
v -2.327377 0.000000 -0.489679
v -2.327377 0.157000 -0.489679
v -2.358381 0.000000 -0.460724
v -2.358381 0.000000 -0.460724
v -2.327377 0.157000 -0.489679
v -2.358381 0.157000 -0.460724
v -2.358381 0.000000 -0.460724
v -2.358381 0.157000 -0.460724
v -2.387342 0.000000 -0.429665
v -2.387342 0.000000 -0.429665
v -2.358381 0.157000 -0.460724
v -2.387342 0.157000 -0.429665
v -2.387342 0.000000 -0.429665
v -2.387342 0.157000 -0.429665
v -2.414127 0.000000 -0.396643
v -2.414127 0.000000 -0.396643
v -2.387342 0.157000 -0.429665
v -2.414127 0.157000 -0.396643
v -2.414127 0.000000 -0.396643
v -2.414127 0.157000 -0.396643
v -2.438617 0.000000 -0.361816
v -2.438617 0.000000 -0.361816
v -2.414127 0.157000 -0.396643
v -2.438617 0.157000 -0.361816
v -2.438617 0.000000 -0.361816
v -2.438617 0.157000 -0.361816
v -2.460687 0.000000 -0.325353
v -2.460687 0.000000 -0.325353
v -2.438617 0.157000 -0.361816
v -2.460687 0.157000 -0.325353
v -2.460687 0.000000 -0.325353
v -2.460687 0.157000 -0.325353
v -2.480236 0.000000 -0.287427
v -2.480236 0.000000 -0.287427
v -2.460687 0.157000 -0.325353
v -2.480236 0.157000 -0.287427
v -2.480236 0.000000 -0.287427
v -2.480236 0.157000 -0.287427
v -2.497168 0.000000 -0.248217
v -2.497168 0.000000 -0.248217
v -2.480236 0.157000 -0.287427
v -2.497168 0.157000 -0.248217
v -2.497168 0.000000 -0.248217
v -2.497168 0.157000 -0.248217
v -2.511405 0.000000 -0.207910
v -2.511405 0.000000 -0.207910
v -2.497168 0.157000 -0.248217
v -2.511405 0.157000 -0.207910
v -2.511405 0.000000 -0.207910
v -2.511405 0.157000 -0.207910
v -2.522876 0.000000 -0.166702
v -2.522876 0.000000 -0.166702
v -2.511405 0.157000 -0.207910
v -2.522876 0.157000 -0.166702
v -2.522876 0.000000 -0.166702
v -2.522876 0.157000 -0.166702
v -2.531527 0.000000 -0.124786
v -2.531527 0.000000 -0.124786
v -2.522876 0.157000 -0.166702
v -2.531527 0.157000 -0.124786
v -2.531527 0.000000 -0.124786
v -2.531527 0.157000 -0.124786
v -2.537317 0.000000 -0.082358
v -2.537317 0.000000 -0.082358
v -2.531527 0.157000 -0.124786
v -2.537317 0.157000 -0.082358
v -2.537317 0.000000 -0.082358
v -2.537317 0.157000 -0.082358
v -2.540217 0.000000 -0.039629
v -2.540217 0.000000 -0.039629
v -2.537317 0.157000 -0.082358
v -2.540217 0.157000 -0.039629
v -2.540217 0.000000 -0.039629
v -2.540217 0.157000 -0.039629
v -2.540217 0.000000 0.003204
v -2.540217 0.000000 0.003204
v -2.540217 0.157000 -0.039629
v -2.540217 0.157000 0.003204
v -2.540217 0.000000 0.003204
v -2.540217 0.157000 0.003204
v -2.537317 0.000000 0.045937
v -2.537317 0.000000 0.045937
v -2.540217 0.157000 0.003204
v -2.537317 0.157000 0.045937
v -2.537317 0.000000 0.045937
v -2.537317 0.157000 0.045937
v -2.531527 0.000000 0.088362
v -2.531527 0.000000 0.088362
v -2.537317 0.157000 0.045937
v -2.531527 0.157000 0.088362
v -2.531527 0.000000 0.088362
v -2.531527 0.157000 0.088362
v -2.522876 -0.000000 0.130278
v -2.522876 -0.000000 0.130278
v -2.531527 0.157000 0.088362
v -2.522876 0.157000 0.130278
v -2.522876 -0.000000 0.130278
v -2.522876 0.157000 0.130278
v -2.511405 -0.000000 0.171490
v -2.511405 -0.000000 0.171490
v -2.522876 0.157000 0.130278
v -2.511405 0.157000 0.171490
v -2.511405 -0.000000 0.171490
v -2.511405 0.157000 0.171490
v -2.497168 -0.000000 0.211792
v -2.497168 -0.000000 0.211792
v -2.511405 0.157000 0.171490
v -2.497168 0.157000 0.211793
v -2.497168 -0.000000 0.211792
v -2.497168 0.157000 0.211793
v -2.480236 -0.000000 0.251003
v -2.480236 -0.000000 0.251003
v -2.497168 0.157000 0.211793
v -2.480236 0.157000 0.251003
v -2.480236 -0.000000 0.251003
v -2.480236 0.157000 0.251003
v -2.460687 -0.000000 0.288928
v -2.460687 -0.000000 0.288928
v -2.480236 0.157000 0.251003
v -2.460687 0.157000 0.288928
v -2.460687 -0.000000 0.288928
v -2.460687 0.157000 0.288928
v -2.438617 -0.000000 0.325392
v -2.438617 -0.000000 0.325392
v -2.460687 0.157000 0.288928
v -2.438617 0.157000 0.325393
v -2.438617 -0.000000 0.325392
v -2.438617 0.157000 0.325393
v -2.414127 -0.000000 0.360219
v -2.414127 -0.000000 0.360219
v -2.438617 0.157000 0.325393
v -2.414127 0.157000 0.360219
v -2.414127 -0.000000 0.360219
v -2.414127 0.157000 0.360219
v -2.387342 -0.000000 0.393240
v -2.387342 -0.000000 0.393240
v -2.414127 0.157000 0.360219
v -2.387342 0.157000 0.393240
v -2.387342 -0.000000 0.393240
v -2.387342 0.157000 0.393240
v -2.358381 -0.000000 0.424300
v -2.358381 -0.000000 0.424300
v -2.387342 0.157000 0.393240
v -2.358381 0.157000 0.424300
v -2.358381 -0.000000 0.424300
v -2.358381 0.157000 0.424300
v -2.327377 -0.000000 0.453254
v -2.327377 -0.000000 0.453254
v -2.358381 0.157000 0.424300
v -2.327377 0.157000 0.453254
v -2.327377 -0.000000 0.453254
v -2.327377 0.157000 0.453254
v -2.294495 -0.000000 0.479959
v -2.294495 -0.000000 0.479959
v -2.327377 0.157000 0.453254
v -2.294495 0.157000 0.479959
v -2.294495 -0.000000 0.479959
v -2.294495 0.157000 0.479959
v -2.259877 -0.000000 0.504294
v -2.259877 -0.000000 0.504294
v -2.294495 0.157000 0.479959
v -2.259877 0.157000 0.504294
v -2.259877 -0.000000 0.504294
v -2.259877 0.157000 0.504294
v -2.223687 -0.000000 0.526134
v -2.223687 -0.000000 0.526134
v -2.259877 0.157000 0.504294
v -2.223687 0.157000 0.526134
v -2.223687 -0.000000 0.526134
v -2.223687 0.157000 0.526134
v -2.186115 -0.000000 0.545381
v -2.186115 -0.000000 0.545381
v -2.223687 0.157000 0.526134
v -2.186115 0.157000 0.545381
v -2.186115 -0.000000 0.545381
v -2.186115 0.157000 0.545381
v -2.147325 -0.000000 0.561946
v -2.147325 -0.000000 0.561946
v -2.186115 0.157000 0.545381
v -2.147325 0.157000 0.561946
v -2.147325 -0.000000 0.561946
v -2.147325 0.157000 0.561946
v -2.107497 -0.000000 0.575741
v -2.107497 -0.000000 0.575741
v -2.147325 0.157000 0.561946
v -2.107497 0.157000 0.575741
v -2.107497 -0.000000 0.575741
v -2.107497 0.157000 0.575741
v -2.066837 -0.000000 0.586709
v -2.066837 -0.000000 0.586709
v -2.107497 0.157000 0.575741
v -2.066837 0.157000 0.586709
v -2.066837 -0.000000 0.586709
v -2.066837 0.157000 0.586709
v -2.025532 -0.000000 0.594791
v -2.025532 -0.000000 0.594791
v -2.066837 0.157000 0.586709
v -2.025532 0.157000 0.594791
v -2.025532 -0.000000 0.594791
v -2.025532 0.157000 0.594791
v -1.983772 -0.000000 0.599955
v -1.983772 -0.000000 0.599955
v -2.025532 0.157000 0.594791
v -1.983772 0.157000 0.599955
v -1.983772 -0.000000 0.599955
v -1.983772 0.157000 0.599955
v -1.941768 -0.000000 0.602173
v -1.941768 -0.000000 0.602173
v -1.983772 0.157000 0.599955
v -1.941768 0.157000 0.602173
v -1.941768 -0.000000 0.602173
v -1.941768 0.157000 0.602173
v -1.899710 -0.000000 0.601432
v -1.899710 -0.000000 0.601432
v -1.941768 0.157000 0.602173
v -1.899710 0.157000 0.601432
v -1.899710 -0.000000 0.601432
v -1.899710 0.157000 0.601432
v -1.857808 -0.000000 0.597741
v -1.857808 -0.000000 0.597741
v -1.899710 0.157000 0.601432
v -1.857808 0.157000 0.597741
v -1.857808 -0.000000 0.597741
v -1.857808 0.157000 0.597741
v -1.816244 -0.000000 0.591113
v -1.816244 -0.000000 0.591113
v -1.857808 0.157000 0.597741
v -1.816244 0.157000 0.591113
v -1.816244 -0.000000 0.591113
v -1.816244 0.157000 0.591113
v -1.775238 -0.000000 0.581581
v -1.775238 -0.000000 0.581581
v -1.816244 0.157000 0.591113
v -1.775238 0.157000 0.581581
v -1.775238 -0.000000 0.581581
v -1.775238 0.157000 0.581581
v -1.734971 -0.000000 0.569191
v -1.734971 -0.000000 0.569191
v -1.775238 0.157000 0.581581
v -1.734971 0.157000 0.569191
v -1.734971 -0.000000 0.569191
v -1.734971 0.157000 0.569191
v -1.695646 -0.000000 0.554004
v -1.695646 -0.000000 0.554004
v -1.734971 0.157000 0.569191
v -1.695646 0.157000 0.554004
v -1.695646 -0.000000 0.554004
v -1.695646 0.157000 0.554004
v -1.657437 -0.000000 0.536090
v -1.657437 -0.000000 0.536090
v -1.695646 0.157000 0.554004
v -1.657437 0.157000 0.536090
v -1.657437 -0.000000 0.536090
v -1.657437 0.157000 0.536090
v -1.620533 -0.000000 0.515531
v -1.620533 -0.000000 0.515531
v -1.657437 0.157000 0.536090
v -1.620533 0.157000 0.515531
v -1.620533 -0.000000 0.515531
v -1.620533 0.157000 0.515531
v -1.585113 -0.000000 0.492432
v -1.585113 -0.000000 0.492432
v -1.620533 0.157000 0.515531
v -1.585113 0.157000 0.492432
v -1.585113 -0.000000 0.492432
v -1.585113 0.157000 0.492432
v -1.551336 -0.000000 0.466897
v -1.551336 -0.000000 0.466897
v -1.585113 0.157000 0.492432
v -1.551336 0.157000 0.466897
v -1.551336 -0.000000 0.466897
v -1.551336 0.157000 0.466897
v -1.519381 -0.000000 0.439051
v -1.519381 -0.000000 0.439051
v -1.551336 0.157000 0.466897
v -1.519381 0.157000 0.439051
v -1.519381 -0.000000 0.439051
v -1.519381 0.157000 0.439051
v -1.489383 -0.000000 0.409024
v -1.489383 -0.000000 0.409024
v -1.519381 0.157000 0.439051
v -1.489383 0.157000 0.409024
v -1.489383 -0.000000 0.409024
v -1.489383 0.157000 0.409024
v -1.461483 -0.000000 0.376964
v -1.461483 -0.000000 0.376964
v -1.489383 0.157000 0.409024
v -1.461483 0.157000 0.376964
v -1.461483 -0.000000 0.376964
v -1.461483 0.157000 0.376964
v -1.435829 -0.000000 0.343022
v -1.435829 -0.000000 0.343022
v -1.461483 0.157000 0.376964
v -1.435829 0.157000 0.343022
v -1.435829 -0.000000 0.343022
v -1.435829 0.157000 0.343022
v -1.412541 -0.000000 0.307354
v -1.412541 -0.000000 0.307354
v -1.435829 0.157000 0.343022
v -1.412541 0.157000 0.307354
v -1.412541 -0.000000 0.307354
v -1.412541 0.157000 0.307354
v -1.391712 -0.000000 0.270137
v -1.391712 -0.000000 0.270137
v -1.412541 0.157000 0.307354
v -1.391712 0.157000 0.270137
v -1.391712 -0.000000 0.270137
v -1.391712 0.157000 0.270137
v -1.373468 -0.000000 0.231548
v -1.373468 -0.000000 0.231548
v -1.391712 0.157000 0.270137
v -1.373468 0.157000 0.231548
v -1.373468 -0.000000 0.231548
v -1.373468 0.157000 0.231548
v -1.357872 -0.000000 0.191766
v -1.357872 -0.000000 0.191766
v -1.373468 0.157000 0.231548
v -1.357872 0.157000 0.191766
v -1.357872 -0.000000 0.191766
v -1.357872 0.157000 0.191766
v -1.345010 -0.000000 0.150982
v -1.345010 -0.000000 0.150982
v -1.357872 0.157000 0.191766
v -1.345010 0.157000 0.150982
v -1.345010 -0.000000 0.150982
v -1.345010 0.157000 0.150982
v -1.334945 0.000000 0.109394
v -1.334945 0.000000 0.109394
v -1.345010 0.157000 0.150982
v -1.334945 0.157000 0.109394
v -1.334945 0.000000 0.109394
v -1.334945 0.157000 0.109394
v -1.327724 0.000000 0.067198
v -1.327724 0.000000 0.067198
v -1.334945 0.157000 0.109394
v -1.327724 0.157000 0.067197
v -1.327724 0.000000 0.067198
v -1.327724 0.157000 0.067197
v -1.323371 0.000000 0.024597
v -1.323371 0.000000 0.024597
v -1.327724 0.157000 0.067197
v -1.323371 0.157000 0.024597
v -1.323371 0.000000 -0.061021
v -2.540217 0.000000 -0.039629
v -1.321918 0.000000 -0.018212
v -1.321918 0.000000 -0.018212
v -2.540217 0.000000 -0.039629
v -2.540217 0.000000 0.003204
v -1.321918 0.000000 -0.018212
v -2.540217 0.000000 0.003204
v -1.323371 0.000000 0.024597
v -1.323371 0.000000 0.024597
v -2.540217 0.000000 0.003204
v -2.537317 0.000000 0.045937
v -1.323371 0.000000 0.024597
v -2.537317 0.000000 0.045937
v -1.327724 0.000000 0.067198
v -1.327724 0.000000 0.067198
v -2.537317 0.000000 0.045937
v -2.531527 0.000000 0.088362
v -1.327724 0.000000 0.067198
v -2.531527 0.000000 0.088362
v -1.334945 0.000000 0.109394
v -1.334945 0.000000 0.109394
v -2.531527 0.000000 0.088362
v -2.522876 -0.000000 0.130278
v -1.334945 0.000000 0.109394
v -2.522876 -0.000000 0.130278
v -1.345010 -0.000000 0.150982
v -1.345010 -0.000000 0.150982
v -2.522876 -0.000000 0.130278
v -2.511405 -0.000000 0.171490
v -1.345010 -0.000000 0.150982
v -2.511405 -0.000000 0.171490
v -1.357872 -0.000000 0.191766
v -1.357872 -0.000000 0.191766
v -2.511405 -0.000000 0.171490
v -2.497168 -0.000000 0.211792
v -1.357872 -0.000000 0.191766
v -2.497168 -0.000000 0.211792
v -1.373468 -0.000000 0.231548
v -1.373468 -0.000000 0.231548
v -2.497168 -0.000000 0.211792
v -2.480236 -0.000000 0.251003
v -1.373468 -0.000000 0.231548
v -2.480236 -0.000000 0.251003
v -1.391712 -0.000000 0.270137
v -1.391712 -0.000000 0.270137
v -2.480236 -0.000000 0.251003
v -2.460687 -0.000000 0.288928
v -1.391712 -0.000000 0.270137
v -2.460687 -0.000000 0.288928
v -1.412541 -0.000000 0.307354
v -1.412541 -0.000000 0.307354
v -2.460687 -0.000000 0.288928
v -2.438617 -0.000000 0.325392
v -1.412541 -0.000000 0.307354
v -2.438617 -0.000000 0.325392
v -1.435829 -0.000000 0.343022
v -1.435829 -0.000000 0.343022
v -2.438617 -0.000000 0.325392
v -2.414127 -0.000000 0.360219
v -1.435829 -0.000000 0.343022
v -2.414127 -0.000000 0.360219
v -1.461483 -0.000000 0.376964
v -1.461483 -0.000000 0.376964
v -2.414127 -0.000000 0.360219
v -2.387342 -0.000000 0.393240
v -1.461483 -0.000000 0.376964
v -2.387342 -0.000000 0.393240
v -1.489383 -0.000000 0.409024
v -1.489383 -0.000000 0.409024
v -2.387342 -0.000000 0.393240
v -2.358381 -0.000000 0.424300
v -1.489383 -0.000000 0.409024
v -2.358381 -0.000000 0.424300
v -1.519381 -0.000000 0.439051
v -1.519381 -0.000000 0.439051
v -2.358381 -0.000000 0.424300
v -2.327377 -0.000000 0.453254
v -1.519381 -0.000000 0.439051
v -2.327377 -0.000000 0.453254
v -1.551336 -0.000000 0.466897
v -1.551336 -0.000000 0.466897
v -2.327377 -0.000000 0.453254
v -2.294495 -0.000000 0.479959
v -1.551336 -0.000000 0.466897
v -2.294495 -0.000000 0.479959
v -1.585113 -0.000000 0.492432
v -1.585113 -0.000000 0.492432
v -2.294495 -0.000000 0.479959
v -2.259877 -0.000000 0.504294
v -1.585113 -0.000000 0.492432
v -2.259877 -0.000000 0.504294
v -1.620533 -0.000000 0.515531
v -1.620533 -0.000000 0.515531
v -2.259877 -0.000000 0.504294
v -2.223687 -0.000000 0.526134
v -1.620533 -0.000000 0.515531
v -2.223687 -0.000000 0.526134
v -1.657437 -0.000000 0.536090
v -1.657437 -0.000000 0.536090
v -2.223687 -0.000000 0.526134
v -2.186115 -0.000000 0.545381
v -1.657437 -0.000000 0.536090
v -2.186115 -0.000000 0.545381
v -1.695646 -0.000000 0.554004
v -1.695646 -0.000000 0.554004
v -2.186115 -0.000000 0.545381
v -2.147325 -0.000000 0.561946
v -1.695646 -0.000000 0.554004
v -2.147325 -0.000000 0.561946
v -1.734971 -0.000000 0.569191
v -1.734971 -0.000000 0.569191
v -2.147325 -0.000000 0.561946
v -2.107497 -0.000000 0.575741
v -1.734971 -0.000000 0.569191
v -2.107497 -0.000000 0.575741
v -1.775238 -0.000000 0.581581
v -1.775238 -0.000000 0.581581
v -2.107497 -0.000000 0.575741
v -2.066837 -0.000000 0.586709
v -1.775238 -0.000000 0.581581
v -2.066837 -0.000000 0.586709
v -1.816244 -0.000000 0.591113
v -1.816244 -0.000000 0.591113
v -2.066837 -0.000000 0.586709
v -2.025532 -0.000000 0.594791
v -1.816244 -0.000000 0.591113
v -2.025532 -0.000000 0.594791
v -1.857808 -0.000000 0.597741
v -1.857808 -0.000000 0.597741
v -2.025532 -0.000000 0.594791
v -1.983772 -0.000000 0.599955
v -1.857808 -0.000000 0.597741
v -1.983772 -0.000000 0.599955
v -1.899710 -0.000000 0.601432
v -1.899710 -0.000000 0.601432
v -1.983772 -0.000000 0.599955
v -1.941768 -0.000000 0.602173
v -2.540217 0.000000 -0.039629
v -1.323371 0.000000 -0.061021
v -2.537317 0.000000 -0.082358
v -2.537317 0.000000 -0.082358
v -1.323371 0.000000 -0.061021
v -1.327724 0.000000 -0.103622
v -2.537317 0.000000 -0.082358
v -1.327724 0.000000 -0.103622
v -2.531527 0.000000 -0.124786
v -2.531527 0.000000 -0.124786
v -1.327724 0.000000 -0.103622
v -1.334945 0.000000 -0.145819
v -2.531527 0.000000 -0.124786
v -1.334945 0.000000 -0.145819
v -2.522876 0.000000 -0.166702
v -2.522876 0.000000 -0.166702
v -1.334945 0.000000 -0.145819
v -1.345010 0.000000 -0.187406
v -2.522876 0.000000 -0.166702
v -1.345010 0.000000 -0.187406
v -2.511405 0.000000 -0.207910
v -2.511405 0.000000 -0.207910
v -1.345010 0.000000 -0.187406
v -1.357872 0.000000 -0.228189
v -2.511405 0.000000 -0.207910
v -1.357872 0.000000 -0.228189
v -2.497168 0.000000 -0.248217
v -2.497168 0.000000 -0.248217
v -1.357872 0.000000 -0.228189
v -1.373468 0.000000 -0.267972
v -2.497168 0.000000 -0.248217
v -1.373468 0.000000 -0.267972
v -2.480236 0.000000 -0.287427
v -2.480236 0.000000 -0.287427
v -1.373468 0.000000 -0.267972
v -1.391712 0.000000 -0.306562
v -2.480236 0.000000 -0.287427
v -1.391712 0.000000 -0.306562
v -2.460687 0.000000 -0.325353
v -2.460687 0.000000 -0.325353
v -1.391712 0.000000 -0.306562
v -1.412541 0.000000 -0.343778
v -2.460687 0.000000 -0.325353
v -1.412541 0.000000 -0.343778
v -2.438617 0.000000 -0.361816
v -2.438617 0.000000 -0.361816
v -1.412541 0.000000 -0.343778
v -1.435829 0.000000 -0.379446
v -2.438617 0.000000 -0.361816
v -1.435829 0.000000 -0.379446
v -2.414127 0.000000 -0.396643
v -2.414127 0.000000 -0.396643
v -1.435829 0.000000 -0.379446
v -1.461483 0.000000 -0.413388
v -2.414127 0.000000 -0.396643
v -1.461483 0.000000 -0.413388
v -2.387342 0.000000 -0.429665
v -2.387342 0.000000 -0.429665
v -1.461483 0.000000 -0.413388
v -1.489383 0.000000 -0.445449
v -2.387342 0.000000 -0.429665
v -1.489383 0.000000 -0.445449
v -2.358381 0.000000 -0.460724
v -2.358381 0.000000 -0.460724
v -1.489383 0.000000 -0.445449
v -1.519381 0.000000 -0.475476
v -2.358381 0.000000 -0.460724
v -1.519381 0.000000 -0.475476
v -2.327377 0.000000 -0.489679
v -2.327377 0.000000 -0.489679
v -1.519381 0.000000 -0.475476
v -1.551336 0.000000 -0.503322
v -2.327377 0.000000 -0.489679
v -1.551336 0.000000 -0.503322
v -2.294495 0.000000 -0.516384
v -2.294495 0.000000 -0.516384
v -1.551336 0.000000 -0.503322
v -1.585113 0.000000 -0.528853
v -2.294495 0.000000 -0.516384
v -1.585113 0.000000 -0.528853
v -2.259877 0.000000 -0.540718
v -2.259877 0.000000 -0.540718
v -1.585113 0.000000 -0.528853
v -1.620533 0.000000 -0.551954
v -2.259877 0.000000 -0.540718
v -1.620533 0.000000 -0.551954
v -2.223687 0.000000 -0.562559
v -2.223687 0.000000 -0.562559
v -1.620533 0.000000 -0.551954
v -1.657437 0.000000 -0.572510
v -2.223687 0.000000 -0.562559
v -1.657437 0.000000 -0.572510
v -2.186115 0.000000 -0.581805
v -2.186115 0.000000 -0.581805
v -1.657437 0.000000 -0.572510
v -1.695646 0.000000 -0.590428
v -2.186115 0.000000 -0.581805
v -1.695646 0.000000 -0.590428
v -2.147325 0.000000 -0.598366
v -2.147325 0.000000 -0.598366
v -1.695646 0.000000 -0.590428
v -1.734971 0.000000 -0.605616
v -2.147325 0.000000 -0.598366
v -1.734971 0.000000 -0.605616
v -2.107497 0.000000 -0.612165
v -2.107497 0.000000 -0.612165
v -1.734971 0.000000 -0.605616
v -1.775238 0.000000 -0.618005
v -2.107497 0.000000 -0.612165
v -1.775238 0.000000 -0.618005
v -2.066837 0.000000 -0.623133
v -2.066837 0.000000 -0.623133
v -1.775238 0.000000 -0.618005
v -1.816244 0.000000 -0.627536
v -2.066837 0.000000 -0.623133
v -1.816244 0.000000 -0.627536
v -2.025532 0.000000 -0.631215
v -2.025532 0.000000 -0.631215
v -1.816244 0.000000 -0.627536
v -1.857808 0.000000 -0.634166
v -2.025532 0.000000 -0.631215
v -1.857808 0.000000 -0.634166
v -1.983772 0.000000 -0.636380
v -1.983772 0.000000 -0.636380
v -1.857808 0.000000 -0.634166
v -1.899710 0.000000 -0.637857
v -1.983772 0.000000 -0.636380
v -1.899710 0.000000 -0.637857
v -1.941768 0.000000 -0.638597
v 2.228575 0.137374 1.925497
v 2.228575 0.157000 1.925497
v 2.243794 -0.000001 1.916608
v 2.243794 -0.000001 1.916608
v 2.228575 0.157000 1.925497
v 2.264623 0.157000 1.903446
v 2.243794 -0.000001 1.916608
v 2.264623 0.157000 1.903446
v 2.279213 -0.000001 1.893509
v 2.279213 -0.000001 1.893509
v 2.264623 0.157000 1.903446
v 2.299099 0.157000 1.878924
v 2.279213 -0.000001 1.893509
v 2.299099 0.157000 1.878924
v 2.312991 -0.000000 1.867971
v 2.312991 -0.000000 1.867971
v 2.299099 0.157000 1.878924
v 2.331832 0.157000 1.852033
v 2.312991 -0.000000 1.867971
v 2.331832 0.157000 1.852033
v 2.344953 -0.000000 1.840128
v 2.344953 -0.000000 1.840128
v 2.331832 0.157000 1.852033
v 2.362663 0.157000 1.822902
v 2.344953 -0.000000 1.840128
v 2.362663 0.157000 1.822902
v 2.374951 -0.000000 1.810101
v 2.374951 -0.000000 1.810101
v 2.362663 0.157000 1.822902
v 2.391451 0.157000 1.791683
v 2.374951 -0.000000 1.810101
v 2.391451 0.157000 1.791683
v 2.402844 -0.000000 1.778042
v 2.402844 -0.000000 1.778042
v 2.391451 0.157000 1.791683
v 2.418055 0.157000 1.758504
v 2.402844 -0.000000 1.778042
v 2.418055 0.157000 1.758504
v 2.428497 -0.000000 1.744102
v 2.428497 -0.000000 1.744102
v 2.418055 0.157000 1.758504
v 2.442341 0.157000 1.723548
v 2.428497 -0.000000 1.744102
v 2.442341 0.157000 1.723548
v 2.451793 -0.000000 1.708435
v 2.451793 -0.000000 1.708435
v 2.442341 0.157000 1.723548
v 2.464207 0.157000 1.686961
v 2.451793 -0.000000 1.708435
v 2.464207 0.157000 1.686961
v 2.472615 -0.000000 1.671215
v 2.472615 -0.000000 1.671215
v 2.464207 0.157000 1.686961
v 2.483544 0.157000 1.648933
v 2.472615 -0.000000 1.671215
v 2.483544 0.157000 1.648933
v 2.490859 -0.000000 1.632627
v 2.490859 -0.000000 1.632627
v 2.483544 0.157000 1.648933
v 2.500256 0.157000 1.609625
v 2.490859 -0.000000 1.632627
v 2.500256 0.157000 1.609625
v 2.506455 -0.000000 1.592839
v 2.506455 -0.000000 1.592839
v 2.500256 0.157000 1.609625
v 2.514265 0.157000 1.569245
v 2.506455 -0.000000 1.592839
v 2.514265 0.157000 1.569245
v 2.519317 -0.000000 1.552059
v 2.519317 -0.000000 1.552059
v 2.514265 0.157000 1.569245
v 2.525508 0.157000 1.527985
v 2.519317 -0.000000 1.552059
v 2.525508 0.157000 1.527985
v 2.529382 -0.000000 1.510471
v 2.529382 -0.000000 1.510471
v 2.525508 0.157000 1.527985
v 2.533931 0.157000 1.486021
v 2.529382 -0.000000 1.510471
v 2.533931 0.157000 1.486021
v 2.536602 -0.000000 1.468275
v 2.536602 -0.000000 1.468275
v 2.533931 0.157000 1.486021
v 2.539486 0.157000 1.443568
v 2.536602 -0.000000 1.468275
v 2.539486 0.157000 1.443568
v 2.540955 -0.000000 1.425671
v 2.540955 -0.000000 1.425671
v 2.539486 0.157000 1.443568
v 2.542150 0.157000 1.400828
v 2.540955 -0.000000 1.425671
v 2.542150 0.157000 1.400828
v 2.542409 -0.000000 1.382866
v 2.542409 -0.000000 1.382866
v 2.542150 0.157000 1.400828
v 2.541914 0.157000 1.358000
v 2.542409 -0.000000 1.382866
v 2.541914 0.157000 1.358000
v 2.540955 -0.000000 1.340054
v 2.540955 -0.000000 1.340054
v 2.541914 0.157000 1.358000
v 2.538787 0.157000 1.315292
v 2.540955 -0.000000 1.340054
v 2.538787 0.157000 1.315292
v 2.536602 -0.000000 1.297458
v 2.536602 -0.000000 1.297458
v 2.538787 0.157000 1.315292
v 2.532768 0.157000 1.272911
v 2.536602 -0.000000 1.297458
v 2.532768 0.157000 1.272911
v 2.529382 -0.000000 1.255262
v 2.529382 -0.000000 1.255262
v 2.532768 0.157000 1.272911
v 2.523882 0.157000 1.231043
v 2.529382 -0.000000 1.255262
v 2.523882 0.157000 1.231043
v 2.519317 -0.000000 1.213673
v 2.519317 -0.000000 1.213673
v 2.523882 0.157000 1.231043
v 2.512191 0.157000 1.189911
v 2.519317 -0.000000 1.213673
v 2.512191 0.157000 1.189911
v 2.506455 -0.000000 1.172885
v 2.506455 -0.000000 1.172885
v 2.512191 0.157000 1.189911
v 2.497741 0.157000 1.149691
v 2.506455 -0.000000 1.172885
v 2.497741 0.157000 1.149691
v 2.490859 -0.000000 1.133105
v 2.490859 -0.000000 1.133105
v 2.497741 0.157000 1.149691
v 2.480605 0.157000 1.110583
v 2.490859 -0.000000 1.133105
v 2.480605 0.157000 1.110583
v 2.472615 -0.000000 1.094517
v 2.472615 -0.000000 1.094517
v 2.480605 0.157000 1.110583
v 2.460852 0.157000 1.072763
v 2.472615 -0.000000 1.094517
v 2.460852 0.157000 1.072763
v 2.451793 -0.000000 1.057298
v 2.451793 -0.000000 1.057298
v 2.460852 0.157000 1.072763
v 2.438593 0.157000 1.036432
v 2.451793 -0.000000 1.057298
v 2.438593 0.157000 1.036432
v 2.428497 -0.000000 1.021630
v 2.428497 -0.000000 1.021630
v 2.438593 0.157000 1.036432
v 2.413914 0.157000 1.001756
v 2.428497 -0.000000 1.021630
v 2.413914 0.157000 1.001756
v 2.402844 -0.000000 0.987691
v 2.402844 -0.000000 0.987691
v 2.413914 0.157000 1.001756
v 2.386957 0.157000 0.968881
v 2.402844 -0.000000 0.987691
v 2.386957 0.157000 0.968881
v 2.374951 -0.000000 0.955632
v 2.374951 -0.000000 0.955632
v 2.386957 0.157000 0.968881
v 2.357831 0.157000 0.937990
v 2.374951 -0.000000 0.955632
v 2.357831 0.157000 0.937990
v 2.344953 -0.000000 0.925605
v 2.344953 -0.000000 0.925605
v 2.357831 0.157000 0.937990
v 2.326678 0.157000 0.909211
v 2.344953 -0.000000 0.925605
v 2.326678 0.157000 0.909211
v 2.312991 -0.000000 0.897754
v 2.312991 -0.000000 0.897754
v 2.326678 0.157000 0.909211
v 2.293654 0.157000 0.882696
v 2.312991 -0.000000 0.897754
v 2.293654 0.157000 0.882696
v 2.279213 -0.000000 0.872223
v 2.279213 -0.000000 0.872223
v 2.293654 0.157000 0.882696
v 2.258918 0.157000 0.858558
v 2.279213 -0.000000 0.872223
v 2.258918 0.157000 0.858558
v 2.243794 -0.000000 0.849125
v 2.243794 -0.000000 0.849125
v 2.258918 0.157000 0.858558
v 2.222619 0.157000 0.836916
v 2.243794 -0.000000 0.849125
v 2.222619 0.157000 0.836916
v 2.206889 -0.000000 0.828571
v 2.206889 -0.000000 0.828571
v 2.222619 0.157000 0.836916
v 2.184944 0.157000 0.817882
v 2.206889 -0.000000 0.828571
v 2.184944 0.157000 0.817882
v 2.168680 -0.000000 0.810649
v 2.168680 -0.000000 0.810649
v 2.184944 0.157000 0.817882
v 2.146075 0.157000 0.801528
v 2.168680 -0.000000 0.810649
v 2.146075 0.157000 0.801528
v 2.129355 -0.000000 0.795461
v 2.129355 -0.000000 0.795461
v 2.146075 0.157000 0.801528
v 2.106185 0.157000 0.787956
v 2.129355 -0.000000 0.795461
v 2.106185 0.157000 0.787956
v 2.089088 -0.000000 0.783072
v 2.089088 -0.000000 0.783072
v 2.106185 0.157000 0.787956
v 2.065470 0.157000 0.777211
v 2.089088 -0.000000 0.783072
v 2.065470 0.157000 0.777211
v 2.048082 -0.000000 0.773541
v 2.048082 -0.000000 0.773541
v 2.065470 0.157000 0.777211
v 2.024134 0.157000 0.769354
v 2.048082 -0.000000 0.773541
v 2.024134 0.157000 0.769354
v 2.006526 -0.000000 0.766912
v 2.006526 -0.000000 0.766912
v 2.024134 0.157000 0.769354
v 1.982350 0.157000 0.764422
v 2.006526 -0.000000 0.766912
v 1.982350 0.157000 0.764422
v 1.964617 -0.000000 0.763221
v 1.964617 -0.000000 0.763221
v 1.982350 0.157000 0.764422
v 1.940338 0.157000 0.762432
v 1.964617 -0.000000 0.763221
v 1.940338 0.157000 0.762432
v 1.922558 -0.000000 0.762480
v 1.922558 -0.000000 0.762480
v 1.940338 0.157000 0.762432
v 1.898295 0.157000 0.763401
v 1.922558 -0.000000 0.762480
v 1.898295 0.157000 0.763401
v 1.880554 -0.000000 0.764698
v 1.880554 -0.000000 0.764698
v 1.898295 0.157000 0.763401
v 1.856409 0.157000 0.767320
v 1.880554 -0.000000 0.764698
v 1.856409 0.157000 0.767320
v 1.838794 -0.000000 0.769862
v 1.838794 -0.000000 0.769862
v 1.856409 0.157000 0.767320
v 1.814893 0.157000 0.774169
v 1.838794 -0.000000 0.769862
v 1.814893 0.157000 0.774169
v 1.797489 -0.000000 0.777944
v 1.797489 -0.000000 0.777944
v 1.814893 0.157000 0.774169
v 1.773942 0.157000 0.783921
v 1.797489 -0.000000 0.777944
v 1.773942 0.157000 0.783921
v 1.756829 -0.000000 0.788912
v 1.756829 -0.000000 0.788912
v 1.773942 0.157000 0.783921
v 1.733745 0.157000 0.796526
v 1.756829 -0.000000 0.788912
v 1.733745 0.157000 0.796526
v 1.717010 -0.000000 0.802712
v 1.717010 -0.000000 0.802712
v 1.733745 0.157000 0.796526
v 1.694507 0.157000 0.811929
v 1.717010 -0.000000 0.802712
v 1.694507 0.157000 0.811929
v 1.678211 -0.000000 0.819274
v 1.678211 -0.000000 0.819274
v 1.694507 0.157000 0.811929
v 1.656392 0.157000 0.830043
v 1.678211 -0.000000 0.819274
v 1.656392 0.157000 0.830043
v 1.640639 -0.000000 0.838516
v 1.640639 -0.000000 0.838516
v 1.656392 0.157000 0.830043
v 1.619606 0.157000 0.850797
v 1.640639 -0.000000 0.838516
v 1.619606 0.157000 0.850797
v 1.604449 -0.000000 0.860358
v 1.604449 -0.000000 0.860358
v 1.619606 0.157000 0.850797
v 1.584312 0.157000 0.874079
v 1.604449 -0.000000 0.860358
v 1.584312 0.157000 0.874079
v 1.569839 -0.000000 0.884696
v 1.569839 -0.000000 0.884696
v 1.584312 0.157000 0.874079
v 1.550676 0.157000 0.899794
v 1.569839 -0.000000 0.884696
v 1.550676 0.157000 0.899794
v 1.536950 -0.000000 0.911395
v 1.536950 -0.000000 0.911395
v 1.550676 0.157000 0.899794
v 1.518863 0.157000 0.927805
v 1.536950 -0.000000 0.911395
v 1.518863 0.157000 0.927805
v 1.505953 -0.000000 0.940350
v 1.505953 -0.000000 0.940350
v 1.518863 0.157000 0.927805
v 1.489022 0.157000 0.957984
v 1.505953 -0.000000 0.940350
v 1.489022 0.157000 0.957984
v 1.476992 -0.000000 0.971409
v 1.476992 -0.000000 0.971409
v 1.489022 0.157000 0.957984
v 1.461294 0.157000 0.990187
v 1.476992 -0.000000 0.971409
v 1.461294 0.157000 0.990187
v 1.450200 -0.000000 1.004436
v 1.450200 -0.000000 1.004436
v 1.461294 0.157000 0.990187
v 1.435821 0.157000 1.024262
v 1.450200 -0.000000 1.004436
v 1.435821 0.157000 1.024262
v 1.425709 -0.000000 1.039264
v 1.425709 -0.000000 1.039264
v 1.435821 0.157000 1.024262
v 1.412714 0.157000 1.060042
v 1.425709 -0.000000 1.039264
v 1.412714 0.157000 1.060042
v 1.403639 -0.000000 1.075724
v 1.403639 -0.000000 1.075724
v 1.412714 0.157000 1.060042
v 1.392081 0.157000 1.097366
v 1.403639 -0.000000 1.075724
v 1.392081 0.157000 1.097366
v 1.384091 -0.000000 1.113647
v 1.384091 -0.000000 1.113647
v 1.392081 0.157000 1.097366
v 1.374034 0.157000 1.136050
v 1.384091 -0.000000 1.113647
v 1.374034 0.157000 1.136050
v 1.367159 -0.000000 1.152859
v 1.367159 -0.000000 1.152859
v 1.374034 0.157000 1.136050
v 1.358642 0.157000 1.175910
v 1.367159 -0.000000 1.152859
v 1.358642 0.157000 1.175910
v 1.352929 -0.000000 1.193167
v 1.352929 -0.000000 1.193167
v 1.358642 0.157000 1.175910
v 1.345992 0.157000 1.216754
v 1.352929 -0.000000 1.193167
v 1.345992 0.157000 1.216754
v 1.341458 -0.000000 1.234371
v 1.341458 -0.000000 1.234371
v 1.345992 0.157000 1.216754
v 1.336139 0.157000 1.258382
v 1.341458 -0.000000 1.234371
v 1.336139 0.157000 1.258382
v 1.332800 -0.000000 1.276288
v 1.332800 -0.000000 1.276288
v 1.336139 0.157000 1.258382
v 1.329123 0.157000 1.300610
v 1.332800 -0.000000 1.276288
v 1.329123 0.157000 1.300610
v 1.327009 -0.000000 1.318724
v 1.327009 -0.000000 1.318724
v 1.329123 0.157000 1.300610
v 1.324990 0.157000 1.343230
v 1.327009 -0.000000 1.318724
v 1.324990 0.157000 1.343230
v 1.324110 -0.000000 1.361448
v 1.324110 -0.000000 1.361448
v 1.324990 0.157000 1.343230
v 1.323756 0.157000 1.386043
v 1.324110 -0.000000 1.361448
v 1.323756 0.157000 1.386043
v 1.324110 -0.000000 1.404284
v 1.324110 -0.000000 1.404284
v 1.323756 0.157000 1.386043
v 1.325422 0.157000 1.428831
v 1.324110 -0.000000 1.404284
v 1.325422 0.157000 1.428831
v 1.327009 -0.000000 1.447017
v 1.327009 -0.000000 1.447017
v 1.325422 0.157000 1.428831
v 1.329987 0.157000 1.471403
v 1.327009 -0.000000 1.447017
v 1.329987 0.157000 1.471403
v 1.332800 -0.000000 1.489437
v 1.332800 -0.000000 1.489437
v 1.329987 0.157000 1.471403
v 1.337420 0.157000 1.513559
v 1.332800 -0.000000 1.489437
v 1.337420 0.157000 1.513559
v 1.341458 -0.000000 1.531353
v 1.341458 -0.000000 1.531353
v 1.337420 0.157000 1.513559
v 1.347689 0.157000 1.555092
v 1.341458 -0.000000 1.531353
v 1.347689 0.157000 1.555092
v 1.352929 -0.000000 1.572565
v 1.352929 -0.000000 1.572565
v 1.347689 0.157000 1.555092
v 1.360755 0.157000 1.595800
v 1.352929 -0.000000 1.572565
v 1.360755 0.157000 1.595800
v 1.367159 -0.000000 1.612873
v 1.367159 -0.000000 1.612873
v 1.360755 0.157000 1.595800
v 1.376540 0.157000 1.635491
v 1.367159 -0.000000 1.612873
v 1.376540 0.157000 1.635491
v 1.384091 -0.000000 1.652077
v 1.384091 -0.000000 1.652077
v 1.376540 0.157000 1.635491
v 1.394980 0.157000 1.673983
v 1.384091 -0.000000 1.652077
v 1.394980 0.157000 1.673983
v 1.403639 -0.000000 1.690009
v 1.403639 -0.000000 1.690009
v 1.394980 0.157000 1.673983
v 1.415982 0.157000 1.711091
v 1.403639 -0.000000 1.690009
v 1.415982 0.157000 1.711091
v 1.425709 -0.000000 1.726469
v 1.425709 -0.000000 1.726469
v 1.415982 0.157000 1.711091
v 1.439443 0.157000 1.746631
v 1.425709 -0.000000 1.726469
v 1.439443 0.157000 1.746631
v 1.450200 -0.000000 1.761296
v 1.450200 -0.000000 1.761296
v 1.439443 0.157000 1.746631
v 1.465270 0.157000 1.780434
v 1.450200 -0.000000 1.761296
v 1.465270 0.157000 1.780434
v 1.476992 -0.000000 1.794315
v 1.476992 -0.000000 1.794315
v 1.465270 0.157000 1.780434
v 1.493311 0.157000 1.812349
v 1.476992 -0.000000 1.794315
v 1.493311 0.157000 1.812349
v 1.505953 -0.000000 1.825383
v 1.505953 -0.000000 1.825383
v 1.493311 0.157000 1.812349
v 1.523459 0.157000 1.842216
v 1.505953 -0.000000 1.825383
v 1.523459 0.157000 1.842216
v 1.536950 -0.000000 1.854329
v 1.536950 -0.000000 1.854329
v 1.523459 0.157000 1.842216
v 1.555547 0.157000 1.869899
v 1.536950 -0.000000 1.854329
v 1.555547 0.157000 1.869899
v 1.569839 -0.000000 1.881036
v 1.569839 -0.000000 1.881036
v 1.555547 0.157000 1.869899
v 1.589442 0.157000 1.895254
v 1.569839 -0.000000 1.881036
v 1.589442 0.157000 1.895254
v 1.604449 -0.000001 1.905375
v 1.604449 -0.000001 1.905375
v 1.589442 0.157000 1.895254
v 1.624964 0.157000 1.918176
v 1.604449 -0.000001 1.905375
v 1.624964 0.157000 1.918176
v 1.640639 -0.000001 1.927209
v 1.640639 -0.000001 1.927209
v 1.624964 0.157000 1.918176
v 1.661963 0.157000 1.938538
v 1.640639 -0.000001 1.927209
v 1.661963 0.157000 1.938538
v 1.678211 -0.000001 1.946459
v 1.678211 -0.000001 1.946459
v 1.661963 0.157000 1.938538
v 1.700251 0.157000 1.956260
v 1.678211 -0.000001 1.946459
v 1.700251 0.157000 1.956260
v 1.717010 -0.000001 1.963020
v 1.717010 -0.000001 1.963020
v 1.700251 0.157000 1.956260
v 1.739646 0.157000 1.971253
v 1.717010 -0.000001 1.963020
v 1.739646 0.157000 1.971253
v 1.756829 -0.000001 1.976822
v 1.756829 -0.000001 1.976822
v 1.739646 0.157000 1.971253
v 1.779968 0.157000 1.983438
v 1.756829 -0.000001 1.976822
v 1.779968 0.157000 1.983438
v 1.797489 -0.000001 1.987783
v 1.797489 -0.000001 1.987783
v 1.779968 0.157000 1.983438
v 1.821013 0.157000 1.992759
v 1.797489 -0.000001 1.987783
v 1.821013 0.157000 1.992759
v 1.838794 -0.000001 1.995872
v 1.838794 -0.000001 1.995872
v 1.821013 0.157000 1.992759
v 1.862601 0.157000 1.999176
v 1.838794 -0.000001 1.995872
v 1.862601 0.157000 1.999176
v 1.880554 -0.000001 2.001032
v 1.880554 -0.000001 2.001032
v 1.862601 0.157000 1.999176
v 1.904518 0.157000 2.002664
v 1.880554 -0.000001 2.001032
v 1.904518 0.157000 2.002664
v 1.922558 -0.000001 2.003248
v 1.922558 -0.000001 2.003248
v 1.904518 0.157000 2.002664
v 1.946569 0.157000 2.003192
v 1.922558 -0.000001 2.003248
v 1.946569 0.157000 2.003192
v 1.964617 -0.000001 2.002512
v 1.964617 -0.000001 2.002512
v 1.946569 0.157000 2.003192
v 1.988565 0.157000 2.000768
v 1.964617 -0.000001 2.002512
v 1.988565 0.157000 2.000768
v 2.006526 -0.000001 1.998816
v 2.006526 -0.000001 1.998816
v 1.988565 0.157000 2.000768
v 2.030286 0.157000 1.995399
v 2.006526 -0.000001 1.998816
v 2.030286 0.157000 1.995399
v 2.048082 -0.000001 1.992191
v 2.048082 -0.000001 1.992191
v 2.030286 0.157000 1.995399
v 2.071551 0.157000 1.987111
v 2.048082 -0.000001 1.992191
v 2.071551 0.157000 1.987111
v 2.089088 -0.000001 1.982662
v 2.089088 -0.000001 1.982662
v 2.071551 0.157000 1.987111
v 2.112156 0.157000 1.975942
v 2.089088 -0.000001 1.982662
v 2.112156 0.157000 1.975942
v 2.129355 -0.000001 1.970269
v 2.129355 -0.000001 1.970269
v 2.112156 0.157000 1.975942
v 2.151905 0.157000 1.961948
v 2.129355 -0.000001 1.970269
v 2.151905 0.157000 1.961948
v 2.168680 -0.000001 1.955083
v 2.168680 -0.000001 1.955083
v 2.151905 0.157000 1.961948
v 2.190609 0.157000 1.945203
v 2.168680 -0.000001 1.955083
v 2.190609 0.157000 1.945203
v 2.190609 0.137374 1.945203
v 2.168680 -0.000001 1.955083
v 2.190609 0.137374 1.945203
v 2.206889 -0.000001 1.937170
v 2.206889 -0.000001 1.937170
v 2.190609 0.137374 1.945203
v 2.203408 0.137374 1.938930
v 2.206889 -0.000001 1.937170
v 2.203408 0.137374 1.938930
v 2.216066 0.137374 1.932369
v 2.216066 0.137374 1.932369
v 2.228575 0.137374 1.925497
v 2.206889 -0.000001 1.937170
v 2.206889 -0.000001 1.937170
v 2.228575 0.137374 1.925497
v 2.243794 -0.000001 1.916608
v 2.540955 -0.000000 1.340054
v 1.324110 -0.000000 1.361448
v 2.542409 -0.000000 1.382866
v 2.542409 -0.000000 1.382866
v 1.324110 -0.000000 1.361448
v 1.324110 -0.000000 1.404284
v 2.542409 -0.000000 1.382866
v 1.324110 -0.000000 1.404284
v 2.540955 -0.000000 1.425671
v 2.540955 -0.000000 1.425671
v 1.324110 -0.000000 1.404284
v 1.327009 -0.000000 1.447017
v 2.540955 -0.000000 1.425671
v 1.327009 -0.000000 1.447017
v 2.536602 -0.000000 1.468275
v 2.536602 -0.000000 1.468275
v 1.327009 -0.000000 1.447017
v 1.332800 -0.000000 1.489437
v 2.536602 -0.000000 1.468275
v 1.332800 -0.000000 1.489437
v 2.529382 -0.000000 1.510471
v 2.529382 -0.000000 1.510471
v 1.332800 -0.000000 1.489437
v 1.341458 -0.000000 1.531353
v 2.529382 -0.000000 1.510471
v 1.341458 -0.000000 1.531353
v 2.519317 -0.000000 1.552059
v 2.519317 -0.000000 1.552059
v 1.341458 -0.000000 1.531353
v 1.352929 -0.000000 1.572565
v 2.519317 -0.000000 1.552059
v 1.352929 -0.000000 1.572565
v 2.506455 -0.000000 1.592839
v 2.506455 -0.000000 1.592839
v 1.352929 -0.000000 1.572565
v 1.367159 -0.000000 1.612873
v 2.506455 -0.000000 1.592839
v 1.367159 -0.000000 1.612873
v 2.490859 -0.000000 1.632627
v 2.490859 -0.000000 1.632627
v 1.367159 -0.000000 1.612873
v 1.384091 -0.000000 1.652077
v 2.490859 -0.000000 1.632627
v 1.384091 -0.000000 1.652077
v 2.472615 -0.000000 1.671215
v 2.472615 -0.000000 1.671215
v 1.384091 -0.000000 1.652077
v 1.403639 -0.000000 1.690009
v 2.472615 -0.000000 1.671215
v 1.403639 -0.000000 1.690009
v 2.451793 -0.000000 1.708435
v 2.451793 -0.000000 1.708435
v 1.403639 -0.000000 1.690009
v 1.425709 -0.000000 1.726469
v 2.451793 -0.000000 1.708435
v 1.425709 -0.000000 1.726469
v 2.428497 -0.000000 1.744102
v 2.428497 -0.000000 1.744102
v 1.425709 -0.000000 1.726469
v 1.450200 -0.000000 1.761296
v 2.428497 -0.000000 1.744102
v 1.450200 -0.000000 1.761296
v 2.402844 -0.000000 1.778042
v 2.402844 -0.000000 1.778042
v 1.450200 -0.000000 1.761296
v 1.476992 -0.000000 1.794315
v 2.402844 -0.000000 1.778042
v 1.476992 -0.000000 1.794315
v 2.374951 -0.000000 1.810101
v 2.374951 -0.000000 1.810101
v 1.476992 -0.000000 1.794315
v 1.505953 -0.000000 1.825383
v 2.374951 -0.000000 1.810101
v 1.505953 -0.000000 1.825383
v 2.344953 -0.000000 1.840128
v 2.344953 -0.000000 1.840128
v 1.505953 -0.000000 1.825383
v 1.536950 -0.000000 1.854329
v 2.344953 -0.000000 1.840128
v 1.536950 -0.000000 1.854329
v 2.312991 -0.000000 1.867971
v 2.312991 -0.000000 1.867971
v 1.536950 -0.000000 1.854329
v 1.569839 -0.000000 1.881036
v 2.312991 -0.000000 1.867971
v 1.569839 -0.000000 1.881036
v 2.279213 -0.000001 1.893509
v 2.279213 -0.000001 1.893509
v 1.569839 -0.000000 1.881036
v 1.604449 -0.000001 1.905375
v 2.279213 -0.000001 1.893509
v 1.604449 -0.000001 1.905375
v 2.243794 -0.000001 1.916608
v 2.243794 -0.000001 1.916608
v 1.604449 -0.000001 1.905375
v 1.640639 -0.000001 1.927209
v 2.243794 -0.000001 1.916608
v 1.640639 -0.000001 1.927209
v 2.206889 -0.000001 1.937170
v 2.206889 -0.000001 1.937170
v 1.640639 -0.000001 1.927209
v 1.678211 -0.000001 1.946459
v 2.206889 -0.000001 1.937170
v 1.678211 -0.000001 1.946459
v 2.168680 -0.000001 1.955083
v 2.168680 -0.000001 1.955083
v 1.678211 -0.000001 1.946459
v 1.717010 -0.000001 1.963020
v 2.168680 -0.000001 1.955083
v 1.717010 -0.000001 1.963020
v 2.129355 -0.000001 1.970269
v 2.129355 -0.000001 1.970269
v 1.717010 -0.000001 1.963020
v 1.756829 -0.000001 1.976822
v 2.129355 -0.000001 1.970269
v 1.756829 -0.000001 1.976822
v 2.089088 -0.000001 1.982662
v 2.089088 -0.000001 1.982662
v 1.756829 -0.000001 1.976822
v 1.797489 -0.000001 1.987783
v 2.089088 -0.000001 1.982662
v 1.797489 -0.000001 1.987783
v 2.048082 -0.000001 1.992191
v 2.048082 -0.000001 1.992191
v 1.797489 -0.000001 1.987783
v 1.838794 -0.000001 1.995872
v 2.048082 -0.000001 1.992191
v 1.838794 -0.000001 1.995872
v 2.006526 -0.000001 1.998816
v 2.006526 -0.000001 1.998816
v 1.838794 -0.000001 1.995872
v 1.880554 -0.000001 2.001032
v 2.006526 -0.000001 1.998816
v 1.880554 -0.000001 2.001032
v 1.964617 -0.000001 2.002512
v 1.964617 -0.000001 2.002512
v 1.880554 -0.000001 2.001032
v 1.922558 -0.000001 2.003248
v 1.324110 -0.000000 1.361448
v 2.540955 -0.000000 1.340054
v 1.327009 -0.000000 1.318724
v 1.327009 -0.000000 1.318724
v 2.540955 -0.000000 1.340054
v 2.536602 -0.000000 1.297458
v 1.327009 -0.000000 1.318724
v 2.536602 -0.000000 1.297458
v 1.332800 -0.000000 1.276288
v 1.332800 -0.000000 1.276288
v 2.536602 -0.000000 1.297458
v 2.529382 -0.000000 1.255262
v 1.332800 -0.000000 1.276288
v 2.529382 -0.000000 1.255262
v 1.341458 -0.000000 1.234371
v 1.341458 -0.000000 1.234371
v 2.529382 -0.000000 1.255262
v 2.519317 -0.000000 1.213673
v 1.341458 -0.000000 1.234371
v 2.519317 -0.000000 1.213673
v 1.352929 -0.000000 1.193167
v 1.352929 -0.000000 1.193167
v 2.519317 -0.000000 1.213673
v 2.506455 -0.000000 1.172885
v 1.352929 -0.000000 1.193167
v 2.506455 -0.000000 1.172885
v 1.367159 -0.000000 1.152859
v 1.367159 -0.000000 1.152859
v 2.506455 -0.000000 1.172885
v 2.490859 -0.000000 1.133105
v 1.367159 -0.000000 1.152859
v 2.490859 -0.000000 1.133105
v 1.384091 -0.000000 1.113647
v 1.384091 -0.000000 1.113647
v 2.490859 -0.000000 1.133105
v 2.472615 -0.000000 1.094517
v 1.384091 -0.000000 1.113647
v 2.472615 -0.000000 1.094517
v 1.403639 -0.000000 1.075724
v 1.403639 -0.000000 1.075724
v 2.472615 -0.000000 1.094517
v 2.451793 -0.000000 1.057298
v 1.403639 -0.000000 1.075724
v 2.451793 -0.000000 1.057298
v 1.425709 -0.000000 1.039264
v 1.425709 -0.000000 1.039264
v 2.451793 -0.000000 1.057298
v 2.428497 -0.000000 1.021630
v 1.425709 -0.000000 1.039264
v 2.428497 -0.000000 1.021630
v 1.450200 -0.000000 1.004436
v 1.450200 -0.000000 1.004436
v 2.428497 -0.000000 1.021630
v 2.402844 -0.000000 0.987691
v 1.450200 -0.000000 1.004436
v 2.402844 -0.000000 0.987691
v 1.476992 -0.000000 0.971409
v 1.476992 -0.000000 0.971409
v 2.402844 -0.000000 0.987691
v 2.374951 -0.000000 0.955632
v 1.476992 -0.000000 0.971409
v 2.374951 -0.000000 0.955632
v 1.505953 -0.000000 0.940350
v 1.505953 -0.000000 0.940350
v 2.374951 -0.000000 0.955632
v 2.344953 -0.000000 0.925605
v 1.505953 -0.000000 0.940350
v 2.344953 -0.000000 0.925605
v 1.536950 -0.000000 0.911395
v 1.536950 -0.000000 0.911395
v 2.344953 -0.000000 0.925605
v 2.312991 -0.000000 0.897754
v 1.536950 -0.000000 0.911395
v 2.312991 -0.000000 0.897754
v 1.569839 -0.000000 0.884696
v 1.569839 -0.000000 0.884696
v 2.312991 -0.000000 0.897754
v 2.279213 -0.000000 0.872223
v 1.569839 -0.000000 0.884696
v 2.279213 -0.000000 0.872223
v 1.604449 -0.000000 0.860358
v 1.604449 -0.000000 0.860358
v 2.279213 -0.000000 0.872223
v 2.243794 -0.000000 0.849125
v 1.604449 -0.000000 0.860358
v 2.243794 -0.000000 0.849125
v 1.640639 -0.000000 0.838516
v 1.640639 -0.000000 0.838516
v 2.243794 -0.000000 0.849125
v 2.206889 -0.000000 0.828571
v 1.640639 -0.000000 0.838516
v 2.206889 -0.000000 0.828571
v 1.678211 -0.000000 0.819274
v 1.678211 -0.000000 0.819274
v 2.206889 -0.000000 0.828571
v 2.168680 -0.000000 0.810649
v 1.678211 -0.000000 0.819274
v 2.168680 -0.000000 0.810649
v 1.717010 -0.000000 0.802712
v 1.717010 -0.000000 0.802712
v 2.168680 -0.000000 0.810649
v 2.129355 -0.000000 0.795461
v 1.717010 -0.000000 0.802712
v 2.129355 -0.000000 0.795461
v 1.756829 -0.000000 0.788912
v 1.756829 -0.000000 0.788912
v 2.129355 -0.000000 0.795461
v 2.089088 -0.000000 0.783072
v 1.756829 -0.000000 0.788912
v 2.089088 -0.000000 0.783072
v 1.797489 -0.000000 0.777944
v 1.797489 -0.000000 0.777944
v 2.089088 -0.000000 0.783072
v 2.048082 -0.000000 0.773541
v 1.797489 -0.000000 0.777944
v 2.048082 -0.000000 0.773541
v 1.838794 -0.000000 0.769862
v 1.838794 -0.000000 0.769862
v 2.048082 -0.000000 0.773541
v 2.006526 -0.000000 0.766912
v 1.838794 -0.000000 0.769862
v 2.006526 -0.000000 0.766912
v 1.880554 -0.000000 0.764698
v 1.880554 -0.000000 0.764698
v 2.006526 -0.000000 0.766912
v 1.964617 -0.000000 0.763221
v 1.880554 -0.000000 0.764698
v 1.964617 -0.000000 0.763221
v 1.922558 -0.000000 0.762480
v 2.750000 -0.157000 2.400000
v 2.750000 -0.157000 -2.400000
v 2.594564 0.157000 2.241720
v 2.594564 0.157000 2.241720
v 2.750000 -0.157000 -2.400000
v 2.594564 0.157000 -2.241728
v -2.594564 0.157000 2.241720
v -2.750000 -0.157000 2.400000
v 2.533805 0.157000 2.241720
v 2.533805 0.157000 2.241720
v -2.750000 -0.157000 2.400000
v 2.750000 -0.157000 2.400000
v 2.533805 0.157000 2.241720
v 2.750000 -0.157000 2.400000
v 2.594564 0.157000 2.241720
v -2.594564 0.157000 -2.241728
v -2.750000 -0.157000 -2.400000
v -2.594564 0.157000 -2.189227
v -2.594564 0.157000 -2.189227
v -2.750000 -0.157000 -2.400000
v -2.750000 -0.157000 2.400000
v -2.594564 0.157000 -2.189227
v -2.750000 -0.157000 2.400000
v -2.594564 0.157000 2.189219
v -2.594564 0.157000 2.189219
v -2.750000 -0.157000 2.400000
v -2.594564 0.157000 2.241720
v 2.594564 0.157000 -2.241728
v 2.750000 -0.157000 -2.400000
v 2.533805 0.157000 -2.241728
v 2.533805 0.157000 -2.241728
v 2.750000 -0.157000 -2.400000
v -2.750000 -0.157000 -2.400000
v 2.533805 0.157000 -2.241728
v -2.750000 -0.157000 -2.400000
v -2.594564 0.157000 -2.241728
v -2.422974 -0.157000 -1.942210
v -2.424404 -0.157000 -1.918080
v -2.750000 -0.157000 -2.400000
v -2.750000 -0.157000 -2.400000
v -2.424404 -0.157000 -1.918080
v -2.422974 -0.157000 -1.893957
v -2.750000 -0.157000 -2.400000
v -2.422974 -0.157000 -1.893957
v -2.418692 -0.157000 -1.870179
v -2.418692 -0.157000 -1.870179
v -2.411628 -0.157000 -1.847105
v -2.750000 -0.157000 -2.400000
v -2.750000 -0.157000 -2.400000
v -2.411628 -0.157000 -1.847105
v -2.411628 -0.157000 -0.067578
v -2.750000 -0.157000 -2.400000
v -2.411628 -0.157000 -0.067578
v -2.418692 -0.157000 -0.044504
v -2.411628 -0.157000 -1.847105
v -2.401885 -0.157000 -1.825063
v -2.411628 -0.157000 -0.067578
v -2.411628 -0.157000 -0.067578
v -2.401885 -0.157000 -1.825063
v -2.401885 -0.157000 -0.089619
v -2.401885 -0.157000 -0.089619
v -2.401885 -0.157000 -1.825063
v -2.389612 -0.157000 -1.804380
v -2.401885 -0.157000 -0.089619
v -2.389612 -0.157000 -1.804380
v -2.389612 -0.157000 -0.110303
v -2.389612 -0.157000 -0.110303
v -2.389612 -0.157000 -1.804380
v -2.374975 -0.157000 -1.785355
v -2.389612 -0.157000 -0.110303
v -2.374975 -0.157000 -1.785355
v -2.374975 -0.157000 -0.129330
v -2.374975 -0.157000 -0.129330
v -2.374975 -0.157000 -1.785355
v -2.358192 -0.157000 -1.768265
v -2.374975 -0.157000 -0.129330
v -2.358192 -0.157000 -1.768265
v -2.358192 -0.157000 -0.146419
v -2.358192 -0.157000 -0.146419
v -2.358192 -0.157000 -1.768265
v -2.339508 -0.157000 -1.753359
v -2.358192 -0.157000 -0.146419
v -2.339508 -0.157000 -1.753359
v -2.339508 -0.157000 -0.161327
v -2.339508 -0.157000 -0.161327
v -2.339508 -0.157000 -1.753359
v -2.319190 -0.157000 -1.740854
v -2.339508 -0.157000 -0.161327
v -2.319190 -0.157000 -1.740854
v -2.319190 -0.157000 -0.173832
v -2.319190 -0.157000 -0.173832
v -2.319190 -0.157000 -1.740854
v -2.297544 -0.157000 -1.730933
v -2.319190 -0.157000 -0.173832
v -2.297544 -0.157000 -1.730933
v -2.297544 -0.157000 -0.183751
v -2.297544 -0.157000 -0.183751
v -2.297544 -0.157000 -1.730933
v -2.274884 -0.157000 -1.723740
v -2.297544 -0.157000 -0.183751
v -2.274884 -0.157000 -1.723740
v -2.274884 -0.157000 -0.190941
v -2.274884 -0.157000 -0.190941
v -2.274884 -0.157000 -1.723740
v -2.251540 -0.157000 -1.719388
v -2.274884 -0.157000 -0.190941
v -2.251540 -0.157000 -1.719388
v -2.251540 -0.157000 -0.195296
v -2.251540 -0.157000 -0.195296
v -2.251540 -0.157000 -1.719388
v -2.227852 -0.157000 -1.717924
v -2.251540 -0.157000 -0.195296
v -2.227852 -0.157000 -1.717924
v -2.227852 -0.157000 -0.196757
v -2.227852 -0.157000 -0.196757
v -2.227852 -0.157000 -1.717924
v -2.204155 -0.157000 -0.195296
v -2.204155 -0.157000 -0.195296
v -2.227852 -0.157000 -1.717924
v -2.204155 -0.157000 -1.719388
v -2.204155 -0.157000 -0.195296
v -2.204155 -0.157000 -1.719388
v -2.180811 -0.157000 -0.190941
v -2.180811 -0.157000 -0.190941
v -2.204155 -0.157000 -1.719388
v -2.180811 -0.157000 -1.723740
v -2.180811 -0.157000 -0.190941
v -2.180811 -0.157000 -1.723740
v -2.158144 -0.157000 -0.183751
v -2.158144 -0.157000 -0.183751
v -2.180811 -0.157000 -1.723740
v -2.158144 -0.157000 -1.730933
v -2.158144 -0.157000 -0.183751
v -2.158144 -0.157000 -1.730933
v -2.136505 -0.157000 -0.173832
v -2.136505 -0.157000 -0.173832
v -2.158144 -0.157000 -1.730933
v -2.136505 -0.157000 -1.740854
v -2.136505 -0.157000 -0.173832
v -2.136505 -0.157000 -1.740854
v -2.116187 -0.157000 -0.161327
v -2.116187 -0.157000 -0.161327
v -2.136505 -0.157000 -1.740854
v -2.116187 -0.157000 -1.753359
v -2.116187 -0.157000 -0.161327
v -2.116187 -0.157000 -1.753359
v -2.097503 -0.157000 -0.146419
v -2.097503 -0.157000 -0.146419
v -2.116187 -0.157000 -1.753359
v -2.097503 -0.157000 -1.768265
v -2.097503 -0.157000 -0.146419
v -2.097503 -0.157000 -1.768265
v -0.196052 -0.157000 -1.768265
v -0.196052 -0.157000 -1.768265
v -2.097503 -0.157000 -1.768265
v -0.212835 -0.157000 -1.785355
v -0.212835 -0.157000 -1.785355
v -2.097503 -0.157000 -1.768265
v -2.080720 -0.157000 -1.785355
v -0.212835 -0.157000 -1.785355
v -2.080720 -0.157000 -1.785355
v -0.227474 -0.157000 -1.804380
v -0.227474 -0.157000 -1.804380
v -2.080720 -0.157000 -1.785355
v -2.066083 -0.157000 -1.804380
v -0.227474 -0.157000 -1.804380
v -2.066083 -0.157000 -1.804380
v -0.239752 -0.157000 -1.825063
v -0.239752 -0.157000 -1.825063
v -2.066083 -0.157000 -1.804380
v -2.053802 -0.157000 -1.825063
v -0.239752 -0.157000 -1.825063
v -2.053802 -0.157000 -1.825063
v -0.249495 -0.157000 -1.847105
v -0.249495 -0.157000 -1.847105
v -2.053802 -0.157000 -1.825063
v -2.044060 -0.157000 -1.847105
v -0.249495 -0.157000 -1.847105
v -2.044060 -0.157000 -1.847105
v -0.256556 -0.157000 -1.870179
v -0.256556 -0.157000 -1.870179
v -2.044060 -0.157000 -1.847105
v -2.037004 -0.157000 -1.870179
v -0.256556 -0.157000 -1.870179
v -2.037004 -0.157000 -1.870179
v -0.260835 -0.157000 -1.893957
v -0.260835 -0.157000 -1.893957
v -2.037004 -0.157000 -1.870179
v -2.032722 -0.157000 -1.893957
v -0.260835 -0.157000 -1.893957
v -2.032722 -0.157000 -1.893957
v -0.262268 -0.157000 -1.918080
v -0.262268 -0.157000 -1.918080
v -2.032722 -0.157000 -1.893957
v -2.031292 -0.157000 -1.918080
v -0.262268 -0.157000 -1.918080
v -2.031292 -0.157000 -1.918080
v -0.260835 -0.157000 -1.942210
v -0.260835 -0.157000 -1.942210
v -2.031292 -0.157000 -1.918080
v -2.032722 -0.157000 -1.942210
v -0.260835 -0.157000 -1.942210
v -2.032722 -0.157000 -1.942210
v -0.256556 -0.157000 -1.965981
v -0.256556 -0.157000 -1.965981
v -2.032722 -0.157000 -1.942210
v -2.037004 -0.157000 -1.965981
v -0.256556 -0.157000 -1.965981
v -2.037004 -0.157000 -1.965981
v -0.249495 -0.157000 -1.989055
v -0.249495 -0.157000 -1.989055
v -2.037004 -0.157000 -1.965981
v -2.044060 -0.157000 -1.989055
v -0.249495 -0.157000 -1.989055
v -2.044060 -0.157000 -1.989055
v -0.239752 -0.157000 -2.011097
v -0.239752 -0.157000 -2.011097
v -2.044060 -0.157000 -1.989055
v -2.053802 -0.157000 -2.011097
v -0.239752 -0.157000 -2.011097
v -2.053802 -0.157000 -2.011097
v -0.227474 -0.157000 -2.031779
v -0.227474 -0.157000 -2.031779
v -2.053802 -0.157000 -2.011097
v -2.066083 -0.157000 -2.031779
v -0.227474 -0.157000 -2.031779
v -2.066083 -0.157000 -2.031779
v -0.212835 -0.157000 -2.050805
v -0.212835 -0.157000 -2.050805
v -2.066083 -0.157000 -2.031779
v -2.080720 -0.157000 -2.050805
v -0.212835 -0.157000 -2.050805
v -2.080720 -0.157000 -2.050805
v -0.196052 -0.157000 -2.067895
v -0.196052 -0.157000 -2.067895
v -2.080720 -0.157000 -2.050805
v -2.097503 -0.157000 -2.067895
v -0.196052 -0.157000 -2.067895
v -2.097503 -0.157000 -2.067895
v -0.177368 -0.157000 -2.082800
v -0.177368 -0.157000 -2.082800
v -2.097503 -0.157000 -2.067895
v -2.116187 -0.157000 -2.082800
v -0.177368 -0.157000 -2.082800
v -2.116187 -0.157000 -2.082800
v -0.157055 -0.157000 -2.095314
v -0.157055 -0.157000 -2.095314
v -2.116187 -0.157000 -2.082800
v -2.136505 -0.157000 -2.095314
v -0.157055 -0.157000 -2.095314
v -2.136505 -0.157000 -2.095314
v -0.135411 -0.157000 -2.105227
v -0.135411 -0.157000 -2.105227
v -2.136505 -0.157000 -2.095314
v -2.158144 -0.157000 -2.105227
v -0.135411 -0.157000 -2.105227
v -2.158144 -0.157000 -2.105227
v -2.750000 -0.157000 -2.400000
v -2.750000 -0.157000 -2.400000
v -2.158144 -0.157000 -2.105227
v -2.180811 -0.157000 -2.112419
v -2.750000 -0.157000 -2.400000
v -2.180811 -0.157000 -2.112419
v -2.204155 -0.157000 -2.116772
v -2.204155 -0.157000 -2.116772
v -2.227852 -0.157000 -2.118236
v -2.750000 -0.157000 -2.400000
v -2.750000 -0.157000 -2.400000
v -2.227852 -0.157000 -2.118236
v -2.251540 -0.157000 -2.116772
v -2.750000 -0.157000 -2.400000
v -2.251540 -0.157000 -2.116772
v -2.274884 -0.157000 -2.112419
v -2.274884 -0.157000 -2.112419
v -2.297544 -0.157000 -2.105227
v -2.750000 -0.157000 -2.400000
v -2.750000 -0.157000 -2.400000
v -2.297544 -0.157000 -2.105227
v -2.319190 -0.157000 -2.095314
v -2.750000 -0.157000 -2.400000
v -2.319190 -0.157000 -2.095314
v -2.339508 -0.157000 -2.082800
v -2.339508 -0.157000 -2.082800
v -2.358192 -0.157000 -2.067895
v -2.750000 -0.157000 -2.400000
v -2.750000 -0.157000 -2.400000
v -2.358192 -0.157000 -2.067895
v -2.374975 -0.157000 -2.050805
v -2.750000 -0.157000 -2.400000
v -2.374975 -0.157000 -2.050805
v -2.389612 -0.157000 -2.031779
v -2.389612 -0.157000 -2.031779
v -2.401885 -0.157000 -2.011097
v -2.750000 -0.157000 -2.400000
v -2.750000 -0.157000 -2.400000
v -2.401885 -0.157000 -2.011097
v -2.411628 -0.157000 -1.989055
v -2.750000 -0.157000 -2.400000
v -2.411628 -0.157000 -1.989055
v -2.418692 -0.157000 -1.965981
v -2.418692 -0.157000 -1.965981
v -2.422974 -0.157000 -1.942210
v -2.750000 -0.157000 -2.400000
v 1.901304 -0.157000 1.949003
v 0.129416 -0.157000 1.949003
v 1.899867 -0.157000 1.924872
v 1.899867 -0.157000 1.924872
v 0.129416 -0.157000 1.949003
v 0.130847 -0.157000 1.924872
v 1.899867 -0.157000 1.924872
v 0.130847 -0.157000 1.924872
v 1.901304 -0.157000 1.900750
v 1.901304 -0.157000 1.900750
v 0.130847 -0.157000 1.924872
v 0.129416 -0.157000 1.900750
v 1.901304 -0.157000 1.900750
v 0.129416 -0.157000 1.900750
v 1.905579 -0.157000 1.876972
v 1.905579 -0.157000 1.876972
v 0.129416 -0.157000 1.900750
v 0.125135 -0.157000 1.876972
v 1.905579 -0.157000 1.876972
v 0.125135 -0.157000 1.876972
v 1.912642 -0.157000 1.853897
v 1.912642 -0.157000 1.853897
v 0.125135 -0.157000 1.876972
v 0.118074 -0.157000 1.853897
v 1.912642 -0.157000 1.853897
v 0.118074 -0.157000 1.853897
v 1.922385 -0.157000 1.831855
v 1.922385 -0.157000 1.831855
v 0.118074 -0.157000 1.853897
v 0.108333 -0.157000 1.831855
v 1.922385 -0.157000 1.831855
v 0.108333 -0.157000 1.831855
v 1.934666 -0.157000 1.811173
v 1.934666 -0.157000 1.811173
v 0.108333 -0.157000 1.831855
v 0.096056 -0.157000 1.811173
v 1.934666 -0.157000 1.811173
v 0.096056 -0.157000 1.811173
v 1.949303 -0.157000 1.792147
v 1.949303 -0.157000 1.792147
v 0.096056 -0.157000 1.811173
v 0.081416 -0.157000 1.792147
v 1.949303 -0.157000 1.792147
v 0.081416 -0.157000 1.792147
v 1.966086 -0.157000 1.775058
v 1.966086 -0.157000 1.775058
v 0.081416 -0.157000 1.792147
v 0.064630 -0.157000 1.775058
v 1.966086 -0.157000 1.775058
v 0.064630 -0.157000 1.775058
v 1.966086 -0.157000 0.153215
v 1.966086 -0.157000 0.153215
v 0.064630 -0.157000 1.775058
v 0.064630 -0.157000 0.153215
v 1.966086 -0.157000 0.153215
v 0.064630 -0.157000 0.153215
v 1.949303 -0.157000 0.136122
v 1.949303 -0.157000 0.136122
v 0.064630 -0.157000 0.153215
v 0.081416 -0.157000 0.136122
v 1.949303 -0.157000 0.136122
v 0.081416 -0.157000 0.136122
v 1.934666 -0.157000 0.117096
v 1.934666 -0.157000 0.117096
v 0.081416 -0.157000 0.136122
v 0.096056 -0.157000 0.117096
v 1.934666 -0.157000 0.117096
v 0.096056 -0.157000 0.117096
v 1.922385 -0.157000 0.096412
v 1.922385 -0.157000 0.096412
v 0.096056 -0.157000 0.117096
v 0.108333 -0.157000 0.096412
v 1.922385 -0.157000 0.096412
v 0.108333 -0.157000 0.096412
v 1.912642 -0.157000 0.074375
v 1.912642 -0.157000 0.074375
v 0.108333 -0.157000 0.096412
v 0.118074 -0.157000 0.074375
v 1.912642 -0.157000 0.074375
v 0.118074 -0.157000 0.074375
v 1.905579 -0.157000 0.051297
v 1.905579 -0.157000 0.051297
v 0.118074 -0.157000 0.074375
v 0.125135 -0.157000 0.051297
v 1.905579 -0.157000 0.051297
v 0.125135 -0.157000 0.051297
v 1.901304 -0.157000 0.027523
v 1.901304 -0.157000 0.027523
v 0.125135 -0.157000 0.051297
v 0.129416 -0.157000 0.027523
v 1.901304 -0.157000 0.027523
v 0.129416 -0.157000 0.027523
v 1.899867 -0.157000 0.003396
v 1.899867 -0.157000 0.003396
v 0.129416 -0.157000 0.027523
v 0.130847 -0.157000 0.003396
v 1.899867 -0.157000 0.003396
v 0.130847 -0.157000 0.003396
v 1.901304 -0.157000 -0.020730
v 1.901304 -0.157000 -0.020730
v 0.130847 -0.157000 0.003396
v 0.129416 -0.157000 -0.020730
v 1.901304 -0.157000 -0.020730
v 0.129416 -0.157000 -0.020730
v 1.905579 -0.157000 -0.044504
v 1.905579 -0.157000 -0.044504
v 0.129416 -0.157000 -0.020730
v 0.125135 -0.157000 -0.044504
v 1.905579 -0.157000 -0.044504
v 0.125135 -0.157000 -0.044504
v 1.912642 -0.157000 -0.067578
v 1.912642 -0.157000 -0.067578
v 0.125135 -0.157000 -0.044504
v 0.118074 -0.157000 -0.067578
v 1.912642 -0.157000 -0.067578
v 0.118074 -0.157000 -0.067578
v 1.922385 -0.157000 -0.089619
v 1.922385 -0.157000 -0.089619
v 0.118074 -0.157000 -0.067578
v 0.108333 -0.157000 -0.089619
v 1.922385 -0.157000 -0.089619
v 0.108333 -0.157000 -0.089619
v 1.934666 -0.157000 -0.110303
v 1.934666 -0.157000 -0.110303
v 0.108333 -0.157000 -0.089619
v 0.096056 -0.157000 -0.110303
v 1.934666 -0.157000 -0.110303
v 0.096056 -0.157000 -0.110303
v 1.949303 -0.157000 -0.129330
v 1.949303 -0.157000 -0.129330
v 0.096056 -0.157000 -0.110303
v 0.081416 -0.157000 -0.129330
v 1.949303 -0.157000 -0.129330
v 0.081416 -0.157000 -0.129330
v 1.966086 -0.157000 -0.146419
v 1.966086 -0.157000 -0.146419
v 0.081416 -0.157000 -0.129330
v 0.064630 -0.157000 -0.146419
v 1.966086 -0.157000 -0.146419
v 0.064630 -0.157000 -0.146419
v 1.966086 -0.157000 -1.768265
v 1.966086 -0.157000 -1.768265
v 0.064630 -0.157000 -0.146419
v 0.064630 -0.157000 -1.768265
v 1.966086 -0.157000 -1.768265
v 0.064630 -0.157000 -1.768265
v 1.949303 -0.157000 -1.785355
v 1.949303 -0.157000 -1.785355
v 0.064630 -0.157000 -1.768265
v 0.081416 -0.157000 -1.785355
v 1.949303 -0.157000 -1.785355
v 0.081416 -0.157000 -1.785355
v 1.934666 -0.157000 -1.804380
v 1.934666 -0.157000 -1.804380
v 0.081416 -0.157000 -1.785355
v 0.096056 -0.157000 -1.804380
v 1.934666 -0.157000 -1.804380
v 0.096056 -0.157000 -1.804380
v 1.922385 -0.157000 -1.825063
v 1.922385 -0.157000 -1.825063
v 0.096056 -0.157000 -1.804380
v 0.108333 -0.157000 -1.825063
v 1.922385 -0.157000 -1.825063
v 0.108333 -0.157000 -1.825063
v 1.912642 -0.157000 -1.847105
v 1.912642 -0.157000 -1.847105
v 0.108333 -0.157000 -1.825063
v 0.118074 -0.157000 -1.847105
v 1.912642 -0.157000 -1.847105
v 0.118074 -0.157000 -1.847105
v 1.905579 -0.157000 -1.870179
v 1.905579 -0.157000 -1.870179
v 0.118074 -0.157000 -1.847105
v 0.125135 -0.157000 -1.870179
v 1.905579 -0.157000 -1.870179
v 0.125135 -0.157000 -1.870179
v 1.901304 -0.157000 -1.893957
v 1.901304 -0.157000 -1.893957
v 0.125135 -0.157000 -1.870179
v 0.129416 -0.157000 -1.893957
v 1.901304 -0.157000 -1.893957
v 0.129416 -0.157000 -1.893957
v 1.899867 -0.157000 -1.918080
v 1.899867 -0.157000 -1.918080
v 0.129416 -0.157000 -1.893957
v 0.130847 -0.157000 -1.918080
v 1.899867 -0.157000 -1.918080
v 0.130847 -0.157000 -1.918080
v 1.901304 -0.157000 -1.942210
v 1.901304 -0.157000 -1.942210
v 0.130847 -0.157000 -1.918080
v 0.129416 -0.157000 -1.942210
v 1.901304 -0.157000 -1.942210
v 0.129416 -0.157000 -1.942210
v 1.905579 -0.157000 -1.965981
v 1.905579 -0.157000 -1.965981
v 0.129416 -0.157000 -1.942210
v 0.125135 -0.157000 -1.965981
v 1.905579 -0.157000 -1.965981
v 0.125135 -0.157000 -1.965981
v 1.912642 -0.157000 -1.989055
v 1.912642 -0.157000 -1.989055
v 0.125135 -0.157000 -1.965981
v 0.118074 -0.157000 -1.989055
v 1.912642 -0.157000 -1.989055
v 0.118074 -0.157000 -1.989055
v 1.922385 -0.157000 -2.011097
v 1.922385 -0.157000 -2.011097
v 0.118074 -0.157000 -1.989055
v 0.108333 -0.157000 -2.011097
v 1.922385 -0.157000 -2.011097
v 0.108333 -0.157000 -2.011097
v 1.934666 -0.157000 -2.031779
v 1.934666 -0.157000 -2.031779
v 0.108333 -0.157000 -2.011097
v 0.096056 -0.157000 -2.031779
v 1.934666 -0.157000 -2.031779
v 0.096056 -0.157000 -2.031779
v 1.949303 -0.157000 -2.050805
v 1.949303 -0.157000 -2.050805
v 0.096056 -0.157000 -2.031779
v 0.081416 -0.157000 -2.050805
v 1.949303 -0.157000 -2.050805
v 0.081416 -0.157000 -2.050805
v 1.966086 -0.157000 -2.067895
v 1.966086 -0.157000 -2.067895
v 0.081416 -0.157000 -2.050805
v 0.064630 -0.157000 -2.067895
v 1.966086 -0.157000 -2.067895
v 0.064630 -0.157000 -2.067895
v 1.984770 -0.157000 -2.082800
v 1.984770 -0.157000 -2.082800
v 0.064630 -0.157000 -2.067895
v 0.045949 -0.157000 -2.082800
v 1.984770 -0.157000 -2.082800
v 0.045949 -0.157000 -2.082800
v 2.005080 -0.157000 -2.095314
v 2.005080 -0.157000 -2.095314
v 0.045949 -0.157000 -2.082800
v 0.025633 -0.157000 -2.095314
v 2.005080 -0.157000 -2.095314
v 0.025633 -0.157000 -2.095314
v 2.026727 -0.157000 -2.105227
v 2.026727 -0.157000 -2.105227
v 0.025633 -0.157000 -2.095314
v 0.003992 -0.157000 -2.105227
v 2.026727 -0.157000 -2.105227
v 0.003992 -0.157000 -2.105227
v 2.049387 -0.157000 -2.112419
v 2.049387 -0.157000 -2.112419
v 0.003992 -0.157000 -2.105227
v -0.018671 -0.157000 -2.112419
v 2.049387 -0.157000 -2.112419
v -0.018671 -0.157000 -2.112419
v 2.750000 -0.157000 -2.400000
v 2.750000 -0.157000 -2.400000
v -0.018671 -0.157000 -2.112419
v -0.042018 -0.157000 -2.116772
v 2.750000 -0.157000 -2.400000
v -0.042018 -0.157000 -2.116772
v -0.065711 -0.157000 -2.118236
v 0.129416 -0.157000 1.949003
v 1.901304 -0.157000 1.949003
v 0.125135 -0.157000 1.972773
v 0.125135 -0.157000 1.972773
v 1.901304 -0.157000 1.949003
v 1.905579 -0.157000 1.972773
v 0.125135 -0.157000 1.972773
v 1.905579 -0.157000 1.972773
v 0.118074 -0.157000 1.995856
v 0.118074 -0.157000 1.995856
v 1.905579 -0.157000 1.972773
v 1.912642 -0.157000 1.995856
v 0.118074 -0.157000 1.995856
v 1.912642 -0.157000 1.995856
v 0.108333 -0.157000 2.017890
v 0.108333 -0.157000 2.017890
v 1.912642 -0.157000 1.995856
v 1.922385 -0.157000 2.017890
v 0.108333 -0.157000 2.017890
v 1.922385 -0.157000 2.017890
v 0.096056 -0.157000 2.038572
v 0.096056 -0.157000 2.038572
v 1.922385 -0.157000 2.017890
v 1.934666 -0.157000 2.038572
v 0.096056 -0.157000 2.038572
v 1.934666 -0.157000 2.038572
v 0.081416 -0.157000 2.057598
v 0.081416 -0.157000 2.057598
v 1.934666 -0.157000 2.038572
v 1.949303 -0.157000 2.057598
v 0.081416 -0.157000 2.057598
v 1.949303 -0.157000 2.057598
v 0.064630 -0.157000 2.074696
v 0.064630 -0.157000 2.074696
v 1.949303 -0.157000 2.057598
v 1.966086 -0.157000 2.074696
v 0.064630 -0.157000 2.074696
v 1.966086 -0.157000 2.074696
v 0.045949 -0.157000 2.089593
v 0.045949 -0.157000 2.089593
v 1.966086 -0.157000 2.074696
v 1.984770 -0.157000 2.089593
v 0.045949 -0.157000 2.089593
v 1.984770 -0.157000 2.089593
v 0.025633 -0.157000 2.102106
v 0.025633 -0.157000 2.102106
v 1.984770 -0.157000 2.089593
v 2.005080 -0.157000 2.102106
v 0.025633 -0.157000 2.102106
v 2.005080 -0.157000 2.102106
v 0.003992 -0.157000 2.112019
v 0.003992 -0.157000 2.112019
v 2.005080 -0.157000 2.102106
v 2.026727 -0.157000 2.112019
v 0.003992 -0.157000 2.112019
v 2.026727 -0.157000 2.112019
v -0.018671 -0.157000 2.119212
v -0.018671 -0.157000 2.119212
v 2.026727 -0.157000 2.112019
v 2.049387 -0.157000 2.119212
v -0.018671 -0.157000 2.119212
v 2.049387 -0.157000 2.119212
v 2.750000 -0.157000 2.400000
v 2.750000 -0.157000 2.400000
v 2.049387 -0.157000 2.119212
v 2.072730 -0.157000 2.123572
v 2.750000 -0.157000 2.400000
v 2.072730 -0.157000 2.123572
v 2.096427 -0.157000 2.125028
v 2.096427 -0.157000 2.125028
v 2.120116 -0.157000 2.123572
v 2.750000 -0.157000 2.400000
v 2.750000 -0.157000 2.400000
v 2.120116 -0.157000 2.123572
v 2.143467 -0.157000 2.119212
v 2.750000 -0.157000 2.400000
v 2.143467 -0.157000 2.119212
v 2.166127 -0.157000 2.112019
v 2.166127 -0.157000 2.112019
v 2.187773 -0.157000 2.102106
v 2.750000 -0.157000 2.400000
v 2.750000 -0.157000 2.400000
v 2.187773 -0.157000 2.102106
v 2.208083 -0.157000 2.089593
v 2.750000 -0.157000 2.400000
v 2.208083 -0.157000 2.089593
v 2.226767 -0.157000 2.074696
v 2.226767 -0.157000 2.074696
v 2.243550 -0.157000 2.057598
v 2.750000 -0.157000 2.400000
v 2.750000 -0.157000 2.400000
v 2.243550 -0.157000 2.057598
v 2.258195 -0.157000 2.038572
v 2.750000 -0.157000 2.400000
v 2.258195 -0.157000 2.038572
v 2.270468 -0.157000 2.017890
v 2.270468 -0.157000 2.017890
v 2.280211 -0.157000 1.995856
v 2.750000 -0.157000 2.400000
v 2.750000 -0.157000 2.400000
v 2.280211 -0.157000 1.995856
v 2.287274 -0.157000 1.972773
v 2.750000 -0.157000 2.400000
v 2.287274 -0.157000 1.972773
v 2.291549 -0.157000 1.949003
v 2.291549 -0.157000 1.949003
v 2.292987 -0.157000 1.924872
v 2.750000 -0.157000 2.400000
v 2.750000 -0.157000 2.400000
v 2.292987 -0.157000 1.924872
v 2.291549 -0.157000 1.900750
v 2.750000 -0.157000 2.400000
v 2.291549 -0.157000 1.900750
v 2.287274 -0.157000 1.876972
v 2.287274 -0.157000 1.876972
v 2.280211 -0.157000 1.853897
v 2.750000 -0.157000 2.400000
v 2.750000 -0.157000 2.400000
v 2.280211 -0.157000 1.853897
v 2.270468 -0.157000 1.831855
v 2.750000 -0.157000 2.400000
v 2.270468 -0.157000 1.831855
v 2.270468 -0.157000 0.096412
v 2.270468 -0.157000 0.096412
v 2.270468 -0.157000 1.831855
v 2.258195 -0.157000 1.811173
v 2.270468 -0.157000 0.096412
v 2.258195 -0.157000 1.811173
v 2.258195 -0.157000 0.117096
v 2.258195 -0.157000 0.117096
v 2.258195 -0.157000 1.811173
v 2.243550 -0.157000 1.792147
v 2.258195 -0.157000 0.117096
v 2.243550 -0.157000 1.792147
v 2.243550 -0.157000 0.136122
v 2.243550 -0.157000 0.136122
v 2.243550 -0.157000 1.792147
v 2.226767 -0.157000 0.153215
v 2.226767 -0.157000 0.153215
v 2.243550 -0.157000 1.792147
v 2.226767 -0.157000 1.775058
v 2.226767 -0.157000 0.153215
v 2.226767 -0.157000 1.775058
v 2.208083 -0.157000 0.168119
v 2.208083 -0.157000 0.168119
v 2.226767 -0.157000 1.775058
v 2.208083 -0.157000 1.760152
v 2.208083 -0.157000 0.168119
v 2.208083 -0.157000 1.760152
v 2.187773 -0.157000 0.180624
v 2.187773 -0.157000 0.180624
v 2.208083 -0.157000 1.760152
v 2.187773 -0.157000 1.747647
v 2.187773 -0.157000 0.180624
v 2.187773 -0.157000 1.747647
v 2.166127 -0.157000 0.190545
v 2.166127 -0.157000 0.190545
v 2.187773 -0.157000 1.747647
v 2.166127 -0.157000 1.737726
v 2.166127 -0.157000 0.190545
v 2.166127 -0.157000 1.737726
v 2.143467 -0.157000 0.197734
v 2.143467 -0.157000 0.197734
v 2.166127 -0.157000 1.737726
v 2.143467 -0.157000 1.730533
v 2.143467 -0.157000 0.197734
v 2.143467 -0.157000 1.730533
v 2.120116 -0.157000 0.202093
v 2.120116 -0.157000 0.202093
v 2.143467 -0.157000 1.730533
v 2.120116 -0.157000 1.726181
v 2.120116 -0.157000 0.202093
v 2.120116 -0.157000 1.726181
v 2.096427 -0.157000 0.203550
v 2.096427 -0.157000 0.203550
v 2.120116 -0.157000 1.726181
v 2.096427 -0.157000 1.724716
v 2.096427 -0.157000 0.203550
v 2.096427 -0.157000 1.724716
v 2.072730 -0.157000 1.726181
v 2.096427 -0.157000 0.203550
v 2.072730 -0.157000 1.726181
v 2.072730 -0.157000 0.202093
v 2.072730 -0.157000 0.202093
v 2.072730 -0.157000 1.726181
v 2.049387 -0.157000 1.730533
v 2.072730 -0.157000 0.202093
v 2.049387 -0.157000 1.730533
v 2.049387 -0.157000 0.197734
v 2.049387 -0.157000 0.197734
v 2.049387 -0.157000 1.730533
v 2.026727 -0.157000 1.737726
v 2.049387 -0.157000 0.197734
v 2.026727 -0.157000 1.737726
v 2.026727 -0.157000 0.190545
v 2.026727 -0.157000 0.190545
v 2.026727 -0.157000 1.737726
v 2.005080 -0.157000 1.747647
v 2.026727 -0.157000 0.190545
v 2.005080 -0.157000 1.747647
v 2.005080 -0.157000 0.180624
v 2.005080 -0.157000 0.180624
v 2.005080 -0.157000 1.747647
v 1.984770 -0.157000 1.760152
v 2.005080 -0.157000 0.180624
v 1.984770 -0.157000 1.760152
v 1.984770 -0.157000 0.168119
v 1.984770 -0.157000 0.168119
v 1.984770 -0.157000 1.760152
v 1.966086 -0.157000 1.775058
v 1.984770 -0.157000 0.168119
v 1.966086 -0.157000 1.775058
v 1.966086 -0.157000 0.153215
v -0.260835 -0.157000 1.949003
v -2.032722 -0.157000 1.949003
v -0.262268 -0.157000 1.924872
v -0.262268 -0.157000 1.924872
v -2.032722 -0.157000 1.949003
v -2.031292 -0.157000 1.924872
v -0.262268 -0.157000 1.924872
v -2.031292 -0.157000 1.924872
v -0.260835 -0.157000 1.900750
v -0.260835 -0.157000 1.900750
v -2.031292 -0.157000 1.924872
v -2.032722 -0.157000 1.900750
v -0.260835 -0.157000 1.900750
v -2.032722 -0.157000 1.900750
v -0.256556 -0.157000 1.876972
v -0.256556 -0.157000 1.876972
v -2.032722 -0.157000 1.900750
v -2.037004 -0.157000 1.876972
v -0.256556 -0.157000 1.876972
v -2.037004 -0.157000 1.876972
v -0.249495 -0.157000 1.853897
v -0.249495 -0.157000 1.853897
v -2.037004 -0.157000 1.876972
v -2.044060 -0.157000 1.853897
v -0.249495 -0.157000 1.853897
v -2.044060 -0.157000 1.853897
v -0.239752 -0.157000 1.831855
v -0.239752 -0.157000 1.831855
v -2.044060 -0.157000 1.853897
v -2.053802 -0.157000 1.831855
v -0.239752 -0.157000 1.831855
v -2.053802 -0.157000 1.831855
v -0.227474 -0.157000 1.811173
v -0.227474 -0.157000 1.811173
v -2.053802 -0.157000 1.831855
v -2.066083 -0.157000 1.811173
v -0.227474 -0.157000 1.811173
v -2.066083 -0.157000 1.811173
v -0.212835 -0.157000 1.792147
v -0.212835 -0.157000 1.792147
v -2.066083 -0.157000 1.811173
v -2.080720 -0.157000 1.792147
v -0.212835 -0.157000 1.792147
v -2.080720 -0.157000 1.792147
v -0.196052 -0.157000 1.775058
v -0.196052 -0.157000 1.775058
v -2.080720 -0.157000 1.792147
v -2.097503 -0.157000 1.775058
v -0.196052 -0.157000 1.775058
v -2.097503 -0.157000 1.775058
v -0.196052 -0.157000 0.153215
v -0.196052 -0.157000 0.153215
v -2.097503 -0.157000 1.775058
v -2.097503 -0.157000 0.153215
v -0.196052 -0.157000 0.153215
v -2.097503 -0.157000 0.153215
v -0.212835 -0.157000 0.136122
v -0.212835 -0.157000 0.136122
v -2.097503 -0.157000 0.153215
v -2.080720 -0.157000 0.136122
v -0.212835 -0.157000 0.136122
v -2.080720 -0.157000 0.136122
v -0.227474 -0.157000 0.117096
v -0.227474 -0.157000 0.117096
v -2.080720 -0.157000 0.136122
v -2.066083 -0.157000 0.117096
v -0.227474 -0.157000 0.117096
v -2.066083 -0.157000 0.117096
v -0.239752 -0.157000 0.096412
v -0.239752 -0.157000 0.096412
v -2.066083 -0.157000 0.117096
v -2.053802 -0.157000 0.096412
v -0.239752 -0.157000 0.096412
v -2.053802 -0.157000 0.096412
v -0.249495 -0.157000 0.074375
v -0.249495 -0.157000 0.074375
v -2.053802 -0.157000 0.096412
v -2.044060 -0.157000 0.074375
v -0.249495 -0.157000 0.074375
v -2.044060 -0.157000 0.074375
v -0.256556 -0.157000 0.051297
v -0.256556 -0.157000 0.051297
v -2.044060 -0.157000 0.074375
v -2.037004 -0.157000 0.051297
v -0.256556 -0.157000 0.051297
v -2.037004 -0.157000 0.051297
v -0.260835 -0.157000 0.027523
v -0.260835 -0.157000 0.027523
v -2.037004 -0.157000 0.051297
v -2.032722 -0.157000 0.027523
v -0.260835 -0.157000 0.027523
v -2.032722 -0.157000 0.027523
v -0.262268 -0.157000 0.003396
v -0.262268 -0.157000 0.003396
v -2.032722 -0.157000 0.027523
v -2.031292 -0.157000 0.003396
v -0.262268 -0.157000 0.003396
v -2.031292 -0.157000 0.003396
v -0.260835 -0.157000 -0.020730
v -0.260835 -0.157000 -0.020730
v -2.031292 -0.157000 0.003396
v -2.032722 -0.157000 -0.020730
v -0.260835 -0.157000 -0.020730
v -2.032722 -0.157000 -0.020730
v -0.256556 -0.157000 -0.044504
v -0.256556 -0.157000 -0.044504
v -2.032722 -0.157000 -0.020730
v -2.037004 -0.157000 -0.044504
v -0.256556 -0.157000 -0.044504
v -2.037004 -0.157000 -0.044504
v -0.249495 -0.157000 -0.067578
v -0.249495 -0.157000 -0.067578
v -2.037004 -0.157000 -0.044504
v -2.044060 -0.157000 -0.067578
v -0.249495 -0.157000 -0.067578
v -2.044060 -0.157000 -0.067578
v -0.239752 -0.157000 -0.089619
v -0.239752 -0.157000 -0.089619
v -2.044060 -0.157000 -0.067578
v -2.053802 -0.157000 -0.089619
v -0.239752 -0.157000 -0.089619
v -2.053802 -0.157000 -0.089619
v -0.227474 -0.157000 -0.110303
v -0.227474 -0.157000 -0.110303
v -2.053802 -0.157000 -0.089619
v -2.066083 -0.157000 -0.110303
v -0.227474 -0.157000 -0.110303
v -2.066083 -0.157000 -0.110303
v -0.212835 -0.157000 -0.129330
v -0.212835 -0.157000 -0.129330
v -2.066083 -0.157000 -0.110303
v -2.080720 -0.157000 -0.129330
v -0.212835 -0.157000 -0.129330
v -2.080720 -0.157000 -0.129330
v -0.196052 -0.157000 -0.146419
v -0.196052 -0.157000 -0.146419
v -2.080720 -0.157000 -0.129330
v -2.097503 -0.157000 -0.146419
v -0.196052 -0.157000 -0.146419
v -2.097503 -0.157000 -0.146419
v -0.196052 -0.157000 -1.768265
v -2.032722 -0.157000 1.949003
v -0.260835 -0.157000 1.949003
v -2.037004 -0.157000 1.972773
v -2.037004 -0.157000 1.972773
v -0.260835 -0.157000 1.949003
v -0.256556 -0.157000 1.972773
v -2.037004 -0.157000 1.972773
v -0.256556 -0.157000 1.972773
v -2.044060 -0.157000 1.995856
v -2.044060 -0.157000 1.995856
v -0.256556 -0.157000 1.972773
v -0.249495 -0.157000 1.995856
v -2.044060 -0.157000 1.995856
v -0.249495 -0.157000 1.995856
v -2.053802 -0.157000 2.017890
v -2.053802 -0.157000 2.017890
v -0.249495 -0.157000 1.995856
v -0.239752 -0.157000 2.017890
v -2.053802 -0.157000 2.017890
v -0.239752 -0.157000 2.017890
v -2.066083 -0.157000 2.038572
v -2.066083 -0.157000 2.038572
v -0.239752 -0.157000 2.017890
v -0.227474 -0.157000 2.038572
v -2.066083 -0.157000 2.038572
v -0.227474 -0.157000 2.038572
v -2.080720 -0.157000 2.057598
v -2.080720 -0.157000 2.057598
v -0.227474 -0.157000 2.038572
v -0.212835 -0.157000 2.057598
v -2.080720 -0.157000 2.057598
v -0.212835 -0.157000 2.057598
v -2.097503 -0.157000 2.074696
v -2.097503 -0.157000 2.074696
v -0.212835 -0.157000 2.057598
v -0.196052 -0.157000 2.074696
v -2.097503 -0.157000 2.074696
v -0.196052 -0.157000 2.074696
v -2.116187 -0.157000 2.089593
v -2.116187 -0.157000 2.089593
v -0.196052 -0.157000 2.074696
v -0.177368 -0.157000 2.089593
v -2.116187 -0.157000 2.089593
v -0.177368 -0.157000 2.089593
v -2.136505 -0.157000 2.102106
v -2.136505 -0.157000 2.102106
v -0.177368 -0.157000 2.089593
v -0.157055 -0.157000 2.102106
v -2.136505 -0.157000 2.102106
v -0.157055 -0.157000 2.102106
v -2.158144 -0.157000 2.112019
v -2.158144 -0.157000 2.112019
v -0.157055 -0.157000 2.102106
v -0.135411 -0.157000 2.112019
v -2.158144 -0.157000 2.112019
v -0.135411 -0.157000 2.112019
v -2.750000 -0.157000 2.400000
v -2.750000 -0.157000 2.400000
v -0.135411 -0.157000 2.112019
v -0.112748 -0.157000 2.119212
v -2.750000 -0.157000 2.400000
v -0.112748 -0.157000 2.119212
v -0.089405 -0.157000 2.123572
v -0.089405 -0.157000 2.123572
v -0.065711 -0.157000 2.125028
v -2.750000 -0.157000 2.400000
v -2.750000 -0.157000 2.400000
v -0.065711 -0.157000 2.125028
v 2.750000 -0.157000 2.400000
v 2.750000 -0.157000 2.400000
v -0.065711 -0.157000 2.125028
v -0.042018 -0.157000 2.123572
v 2.750000 -0.157000 2.400000
v -0.042018 -0.157000 2.123572
v -0.018671 -0.157000 2.119212
v 0.064630 -0.157000 0.153215
v 0.064630 -0.157000 1.775058
v 0.045949 -0.157000 0.168119
v 0.045949 -0.157000 0.168119
v 0.064630 -0.157000 1.775058
v 0.045949 -0.157000 1.760152
v 0.045949 -0.157000 0.168119
v 0.045949 -0.157000 1.760152
v 0.025633 -0.157000 0.180624
v 0.025633 -0.157000 0.180624
v 0.045949 -0.157000 1.760152
v 0.025633 -0.157000 1.747647
v 0.025633 -0.157000 0.180624
v 0.025633 -0.157000 1.747647
v 0.003992 -0.157000 0.190545
v 0.003992 -0.157000 0.190545
v 0.025633 -0.157000 1.747647
v 0.003992 -0.157000 1.737726
v 0.003992 -0.157000 0.190545
v 0.003992 -0.157000 1.737726
v -0.018671 -0.157000 0.197734
v -0.018671 -0.157000 0.197734
v 0.003992 -0.157000 1.737726
v -0.018671 -0.157000 1.730533
v -0.018671 -0.157000 0.197734
v -0.018671 -0.157000 1.730533
v -0.042018 -0.157000 0.202093
v -0.042018 -0.157000 0.202093
v -0.018671 -0.157000 1.730533
v -0.042018 -0.157000 1.726181
v -0.042018 -0.157000 0.202093
v -0.042018 -0.157000 1.726181
v -0.065711 -0.157000 0.203550
v -0.065711 -0.157000 0.203550
v -0.042018 -0.157000 1.726181
v -0.065711 -0.157000 1.724716
v -0.065711 -0.157000 0.203550
v -0.065711 -0.157000 1.724716
v -0.089405 -0.157000 1.726181
v -0.065711 -0.157000 0.203550
v -0.089405 -0.157000 1.726181
v -0.089405 -0.157000 0.202093
v -0.089405 -0.157000 0.202093
v -0.089405 -0.157000 1.726181
v -0.112748 -0.157000 1.730533
v -0.089405 -0.157000 0.202093
v -0.112748 -0.157000 1.730533
v -0.112748 -0.157000 0.197734
v -0.112748 -0.157000 0.197734
v -0.112748 -0.157000 1.730533
v -0.135411 -0.157000 1.737726
v -0.112748 -0.157000 0.197734
v -0.135411 -0.157000 1.737726
v -0.135411 -0.157000 0.190545
v -0.135411 -0.157000 0.190545
v -0.135411 -0.157000 1.737726
v -0.157055 -0.157000 1.747647
v -0.135411 -0.157000 0.190545
v -0.157055 -0.157000 1.747647
v -0.157055 -0.157000 0.180624
v -0.157055 -0.157000 0.180624
v -0.157055 -0.157000 1.747647
v -0.177368 -0.157000 1.760152
v -0.157055 -0.157000 0.180624
v -0.177368 -0.157000 1.760152
v -0.177368 -0.157000 0.168119
v -0.177368 -0.157000 0.168119
v -0.177368 -0.157000 1.760152
v -0.196052 -0.157000 1.775058
v -0.177368 -0.157000 0.168119
v -0.196052 -0.157000 1.775058
v -0.196052 -0.157000 0.153215
v -0.196052 -0.157000 -1.768265
v -0.177368 -0.157000 -1.753359
v -0.196052 -0.157000 -0.146419
v -0.196052 -0.157000 -0.146419
v -0.177368 -0.157000 -1.753359
v -0.177368 -0.157000 -0.161327
v -0.177368 -0.157000 -0.161327
v -0.177368 -0.157000 -1.753359
v -0.157055 -0.157000 -1.740854
v -0.177368 -0.157000 -0.161327
v -0.157055 -0.157000 -1.740854
v -0.157055 -0.157000 -0.173832
v -0.157055 -0.157000 -0.173832
v -0.157055 -0.157000 -1.740854
v -0.135411 -0.157000 -1.730933
v -0.157055 -0.157000 -0.173832
v -0.135411 -0.157000 -1.730933
v -0.135411 -0.157000 -0.183751
v -0.135411 -0.157000 -0.183751
v -0.135411 -0.157000 -1.730933
v -0.112748 -0.157000 -1.723740
v -0.135411 -0.157000 -0.183751
v -0.112748 -0.157000 -1.723740
v -0.112748 -0.157000 -0.190941
v -0.112748 -0.157000 -0.190941
v -0.112748 -0.157000 -1.723740
v -0.089405 -0.157000 -1.719388
v -0.112748 -0.157000 -0.190941
v -0.089405 -0.157000 -1.719388
v -0.089405 -0.157000 -0.195296
v -0.089405 -0.157000 -0.195296
v -0.089405 -0.157000 -1.719388
v -0.065711 -0.157000 -1.717924
v -0.089405 -0.157000 -0.195296
v -0.065711 -0.157000 -1.717924
v -0.065711 -0.157000 -0.196757
v -0.065711 -0.157000 -0.196757
v -0.065711 -0.157000 -1.717924
v -0.042018 -0.157000 -0.195296
v -0.042018 -0.157000 -0.195296
v -0.065711 -0.157000 -1.717924
v -0.042018 -0.157000 -1.719388
v -0.042018 -0.157000 -0.195296
v -0.042018 -0.157000 -1.719388
v -0.018671 -0.157000 -0.190941
v -0.018671 -0.157000 -0.190941
v -0.042018 -0.157000 -1.719388
v -0.018671 -0.157000 -1.723740
v -0.018671 -0.157000 -0.190941
v -0.018671 -0.157000 -1.723740
v 0.003992 -0.157000 -0.183751
v 0.003992 -0.157000 -0.183751
v -0.018671 -0.157000 -1.723740
v 0.003992 -0.157000 -1.730933
v 0.003992 -0.157000 -0.183751
v 0.003992 -0.157000 -1.730933
v 0.025633 -0.157000 -0.173832
v 0.025633 -0.157000 -0.173832
v 0.003992 -0.157000 -1.730933
v 0.025633 -0.157000 -1.740854
v 0.025633 -0.157000 -0.173832
v 0.025633 -0.157000 -1.740854
v 0.045949 -0.157000 -0.161327
v 0.045949 -0.157000 -0.161327
v 0.025633 -0.157000 -1.740854
v 0.045949 -0.157000 -1.753359
v 0.045949 -0.157000 -0.161327
v 0.045949 -0.157000 -1.753359
v 0.064630 -0.157000 -0.146419
v 0.064630 -0.157000 -0.146419
v 0.045949 -0.157000 -1.753359
v 0.064630 -0.157000 -1.768265
v 2.750000 -0.157000 -2.400000
v -0.065711 -0.157000 -2.118236
v -2.750000 -0.157000 -2.400000
v -2.750000 -0.157000 -2.400000
v -0.065711 -0.157000 -2.118236
v -0.089405 -0.157000 -2.116772
v -2.750000 -0.157000 -2.400000
v -0.089405 -0.157000 -2.116772
v -0.112748 -0.157000 -2.112419
v -0.112748 -0.157000 -2.112419
v -0.135411 -0.157000 -2.105227
v -2.750000 -0.157000 -2.400000
v -2.422974 -0.157000 0.027523
v -2.750000 -0.157000 2.400000
v -2.424404 -0.157000 0.003396
v -2.424404 -0.157000 0.003396
v -2.750000 -0.157000 2.400000
v -2.750000 -0.157000 -2.400000
v -2.424404 -0.157000 0.003396
v -2.750000 -0.157000 -2.400000
v -2.422974 -0.157000 -0.020730
v -2.422974 -0.157000 -0.020730
v -2.750000 -0.157000 -2.400000
v -2.418692 -0.157000 -0.044504
v -2.422974 -0.157000 0.027523
v -2.418692 -0.157000 0.051297
v -2.750000 -0.157000 2.400000
v -2.750000 -0.157000 2.400000
v -2.418692 -0.157000 0.051297
v -2.411628 -0.157000 0.074375
v -2.750000 -0.157000 2.400000
v -2.411628 -0.157000 0.074375
v -2.411628 -0.157000 1.853897
v -2.411628 -0.157000 1.853897
v -2.411628 -0.157000 0.074375
v -2.401885 -0.157000 1.831855
v -2.401885 -0.157000 1.831855
v -2.411628 -0.157000 0.074375
v -2.401885 -0.157000 0.096412
v -2.401885 -0.157000 1.831855
v -2.401885 -0.157000 0.096412
v -2.389612 -0.157000 1.811173
v -2.389612 -0.157000 1.811173
v -2.401885 -0.157000 0.096412
v -2.389612 -0.157000 0.117096
v -2.389612 -0.157000 1.811173
v -2.389612 -0.157000 0.117096
v -2.374975 -0.157000 0.136122
v -2.389612 -0.157000 1.811173
v -2.374975 -0.157000 0.136122
v -2.374975 -0.157000 1.792147
v -2.374975 -0.157000 1.792147
v -2.374975 -0.157000 0.136122
v -2.358192 -0.157000 0.153215
v -2.374975 -0.157000 1.792147
v -2.358192 -0.157000 0.153215
v -2.358192 -0.157000 1.775058
v -2.358192 -0.157000 1.775058
v -2.358192 -0.157000 0.153215
v -2.339508 -0.157000 0.168119
v -2.358192 -0.157000 1.775058
v -2.339508 -0.157000 0.168119
v -2.339508 -0.157000 1.760152
v -2.339508 -0.157000 1.760152
v -2.339508 -0.157000 0.168119
v -2.319190 -0.157000 0.180624
v -2.339508 -0.157000 1.760152
v -2.319190 -0.157000 0.180624
v -2.319190 -0.157000 1.747647
v -2.319190 -0.157000 1.747647
v -2.319190 -0.157000 0.180624
v -2.297544 -0.157000 0.190545
v -2.319190 -0.157000 1.747647
v -2.297544 -0.157000 0.190545
v -2.297544 -0.157000 1.737726
v -2.297544 -0.157000 1.737726
v -2.297544 -0.157000 0.190545
v -2.274884 -0.157000 0.197734
v -2.297544 -0.157000 1.737726
v -2.274884 -0.157000 0.197734
v -2.274884 -0.157000 1.730533
v -2.274884 -0.157000 1.730533
v -2.274884 -0.157000 0.197734
v -2.251540 -0.157000 0.202093
v -2.274884 -0.157000 1.730533
v -2.251540 -0.157000 0.202093
v -2.251540 -0.157000 1.726181
v -2.251540 -0.157000 1.726181
v -2.251540 -0.157000 0.202093
v -2.227852 -0.157000 0.203550
v -2.251540 -0.157000 1.726181
v -2.227852 -0.157000 0.203550
v -2.227852 -0.157000 1.724716
v -2.227852 -0.157000 1.724716
v -2.227852 -0.157000 0.203550
v -2.204155 -0.157000 1.726181
v -2.204155 -0.157000 1.726181
v -2.227852 -0.157000 0.203550
v -2.204155 -0.157000 0.202093
v -2.204155 -0.157000 1.726181
v -2.204155 -0.157000 0.202093
v -2.180811 -0.157000 1.730533
v -2.180811 -0.157000 1.730533
v -2.204155 -0.157000 0.202093
v -2.180811 -0.157000 0.197734
v -2.180811 -0.157000 1.730533
v -2.180811 -0.157000 0.197734
v -2.158144 -0.157000 1.737726
v -2.158144 -0.157000 1.737726
v -2.180811 -0.157000 0.197734
v -2.158144 -0.157000 0.190545
v -2.158144 -0.157000 1.737726
v -2.158144 -0.157000 0.190545
v -2.136505 -0.157000 1.747647
v -2.136505 -0.157000 1.747647
v -2.158144 -0.157000 0.190545
v -2.136505 -0.157000 0.180624
v -2.136505 -0.157000 1.747647
v -2.136505 -0.157000 0.180624
v -2.116187 -0.157000 1.760152
v -2.116187 -0.157000 1.760152
v -2.136505 -0.157000 0.180624
v -2.116187 -0.157000 0.168119
v -2.116187 -0.157000 1.760152
v -2.116187 -0.157000 0.168119
v -2.097503 -0.157000 1.775058
v -2.097503 -0.157000 1.775058
v -2.116187 -0.157000 0.168119
v -2.097503 -0.157000 0.153215
v 2.270468 -0.157000 0.096412
v 2.280211 -0.157000 0.074375
v 2.750000 -0.157000 2.400000
v 2.750000 -0.157000 2.400000
v 2.280211 -0.157000 0.074375
v 2.287274 -0.157000 0.051297
v 2.750000 -0.157000 2.400000
v 2.287274 -0.157000 0.051297
v 2.291549 -0.157000 0.027523
v 2.291549 -0.157000 0.027523
v 2.292987 -0.157000 0.003396
v 2.750000 -0.157000 2.400000
v 2.750000 -0.157000 2.400000
v 2.292987 -0.157000 0.003396
v 2.750000 -0.157000 -2.400000
v 2.750000 -0.157000 -2.400000
v 2.292987 -0.157000 0.003396
v 2.291549 -0.157000 -0.020730
v 2.750000 -0.157000 -2.400000
v 2.291549 -0.157000 -0.020730
v 2.287274 -0.157000 -0.044504
v 2.287274 -0.157000 -0.044504
v 2.280211 -0.157000 -0.067578
v 2.750000 -0.157000 -2.400000
v 2.750000 -0.157000 -2.400000
v 2.280211 -0.157000 -0.067578
v 2.270468 -0.157000 -0.089619
v 2.750000 -0.157000 -2.400000
v 2.270468 -0.157000 -0.089619
v 2.270468 -0.157000 -1.825063
v 2.270468 -0.157000 -1.825063
v 2.270468 -0.157000 -0.089619
v 2.258195 -0.157000 -1.804380
v 2.258195 -0.157000 -1.804380
v 2.270468 -0.157000 -0.089619
v 2.258195 -0.157000 -0.110303
v 2.258195 -0.157000 -1.804380
v 2.258195 -0.157000 -0.110303
v 2.243550 -0.157000 -1.785355
v 2.243550 -0.157000 -1.785355
v 2.258195 -0.157000 -0.110303
v 2.243550 -0.157000 -0.129330
v 2.243550 -0.157000 -1.785355
v 2.243550 -0.157000 -0.129330
v 2.226767 -0.157000 -1.768265
v 2.226767 -0.157000 -1.768265
v 2.243550 -0.157000 -0.129330
v 2.226767 -0.157000 -0.146419
v 2.226767 -0.157000 -1.768265
v 2.226767 -0.157000 -0.146419
v 2.208083 -0.157000 -1.753359
v 2.208083 -0.157000 -1.753359
v 2.226767 -0.157000 -0.146419
v 2.208083 -0.157000 -0.161327
v 2.208083 -0.157000 -1.753359
v 2.208083 -0.157000 -0.161327
v 2.187773 -0.157000 -1.740854
v 2.187773 -0.157000 -1.740854
v 2.208083 -0.157000 -0.161327
v 2.187773 -0.157000 -0.173832
v 2.187773 -0.157000 -1.740854
v 2.187773 -0.157000 -0.173832
v 2.166127 -0.157000 -1.730933
v 2.166127 -0.157000 -1.730933
v 2.187773 -0.157000 -0.173832
v 2.166127 -0.157000 -0.183751
v 2.166127 -0.157000 -1.730933
v 2.166127 -0.157000 -0.183751
v 2.143467 -0.157000 -1.723740
v 2.143467 -0.157000 -1.723740
v 2.166127 -0.157000 -0.183751
v 2.143467 -0.157000 -0.190941
v 2.143467 -0.157000 -1.723740
v 2.143467 -0.157000 -0.190941
v 2.120116 -0.157000 -1.719388
v 2.120116 -0.157000 -1.719388
v 2.143467 -0.157000 -0.190941
v 2.120116 -0.157000 -0.195296
v 2.120116 -0.157000 -1.719388
v 2.120116 -0.157000 -0.195296
v 2.096427 -0.157000 -1.717924
v 2.096427 -0.157000 -1.717924
v 2.120116 -0.157000 -0.195296
v 2.096427 -0.157000 -0.196757
v 2.096427 -0.157000 -1.717924
v 2.096427 -0.157000 -0.196757
v 2.072730 -0.157000 -0.195296
v 2.096427 -0.157000 -1.717924
v 2.072730 -0.157000 -0.195296
v 2.072730 -0.157000 -1.719388
v 2.072730 -0.157000 -1.719388
v 2.072730 -0.157000 -0.195296
v 2.049387 -0.157000 -0.190941
v 2.072730 -0.157000 -1.719388
v 2.049387 -0.157000 -0.190941
v 2.049387 -0.157000 -1.723740
v 2.049387 -0.157000 -1.723740
v 2.049387 -0.157000 -0.190941
v 2.026727 -0.157000 -0.183751
v 2.049387 -0.157000 -1.723740
v 2.026727 -0.157000 -0.183751
v 2.026727 -0.157000 -1.730933
v 2.026727 -0.157000 -1.730933
v 2.026727 -0.157000 -0.183751
v 2.005080 -0.157000 -0.173832
v 2.026727 -0.157000 -1.730933
v 2.005080 -0.157000 -0.173832
v 2.005080 -0.157000 -1.740854
v 2.005080 -0.157000 -1.740854
v 2.005080 -0.157000 -0.173832
v 1.984770 -0.157000 -0.161327
v 2.005080 -0.157000 -1.740854
v 1.984770 -0.157000 -0.161327
v 1.984770 -0.157000 -1.753359
v 1.984770 -0.157000 -1.753359
v 1.984770 -0.157000 -0.161327
v 1.966086 -0.157000 -0.146419
v 1.984770 -0.157000 -1.753359
v 1.966086 -0.157000 -0.146419
v 1.966086 -0.157000 -1.768265
v 2.270468 -0.157000 -1.825063
v 2.280211 -0.157000 -1.847105
v 2.750000 -0.157000 -2.400000
v 2.750000 -0.157000 -2.400000
v 2.280211 -0.157000 -1.847105
v 2.287274 -0.157000 -1.870179
v 2.750000 -0.157000 -2.400000
v 2.287274 -0.157000 -1.870179
v 2.291549 -0.157000 -1.893957
v 2.291549 -0.157000 -1.893957
v 2.292987 -0.157000 -1.918080
v 2.750000 -0.157000 -2.400000
v 2.750000 -0.157000 -2.400000
v 2.292987 -0.157000 -1.918080
v 2.291549 -0.157000 -1.942210
v 2.750000 -0.157000 -2.400000
v 2.291549 -0.157000 -1.942210
v 2.287274 -0.157000 -1.965981
v 2.287274 -0.157000 -1.965981
v 2.280211 -0.157000 -1.989055
v 2.750000 -0.157000 -2.400000
v 2.750000 -0.157000 -2.400000
v 2.280211 -0.157000 -1.989055
v 2.270468 -0.157000 -2.011097
v 2.750000 -0.157000 -2.400000
v 2.270468 -0.157000 -2.011097
v 2.258195 -0.157000 -2.031779
v 2.258195 -0.157000 -2.031779
v 2.243550 -0.157000 -2.050805
v 2.750000 -0.157000 -2.400000
v 2.750000 -0.157000 -2.400000
v 2.243550 -0.157000 -2.050805
v 2.226767 -0.157000 -2.067895
v 2.750000 -0.157000 -2.400000
v 2.226767 -0.157000 -2.067895
v 2.208083 -0.157000 -2.082800
v 2.208083 -0.157000 -2.082800
v 2.187773 -0.157000 -2.095314
v 2.750000 -0.157000 -2.400000
v 2.750000 -0.157000 -2.400000
v 2.187773 -0.157000 -2.095314
v 2.166127 -0.157000 -2.105227
v 2.750000 -0.157000 -2.400000
v 2.166127 -0.157000 -2.105227
v 2.143467 -0.157000 -2.112419
v 2.143467 -0.157000 -2.112419
v 2.120116 -0.157000 -2.116772
v 2.750000 -0.157000 -2.400000
v 2.750000 -0.157000 -2.400000
v 2.120116 -0.157000 -2.116772
v 2.096427 -0.157000 -2.118236
v 2.750000 -0.157000 -2.400000
v 2.096427 -0.157000 -2.118236
v 2.072730 -0.157000 -2.116772
v 2.072730 -0.157000 -2.116772
v 2.049387 -0.157000 -2.112419
v 2.750000 -0.157000 -2.400000
v -2.422974 -0.157000 1.900750
v -2.424404 -0.157000 1.924872
v -2.750000 -0.157000 2.400000
v -2.750000 -0.157000 2.400000
v -2.424404 -0.157000 1.924872
v -2.422974 -0.157000 1.949003
v -2.750000 -0.157000 2.400000
v -2.422974 -0.157000 1.949003
v -2.418692 -0.157000 1.972773
v -2.418692 -0.157000 1.972773
v -2.411628 -0.157000 1.995856
v -2.750000 -0.157000 2.400000
v -2.750000 -0.157000 2.400000
v -2.411628 -0.157000 1.995856
v -2.401885 -0.157000 2.017890
v -2.750000 -0.157000 2.400000
v -2.401885 -0.157000 2.017890
v -2.389612 -0.157000 2.038572
v -2.389612 -0.157000 2.038572
v -2.374975 -0.157000 2.057598
v -2.750000 -0.157000 2.400000
v -2.750000 -0.157000 2.400000
v -2.374975 -0.157000 2.057598
v -2.358192 -0.157000 2.074696
v -2.750000 -0.157000 2.400000
v -2.358192 -0.157000 2.074696
v -2.339508 -0.157000 2.089593
v -2.339508 -0.157000 2.089593
v -2.319190 -0.157000 2.102106
v -2.750000 -0.157000 2.400000
v -2.750000 -0.157000 2.400000
v -2.319190 -0.157000 2.102106
v -2.297544 -0.157000 2.112019
v -2.750000 -0.157000 2.400000
v -2.297544 -0.157000 2.112019
v -2.274884 -0.157000 2.119212
v -2.274884 -0.157000 2.119212
v -2.251540 -0.157000 2.123572
v -2.750000 -0.157000 2.400000
v -2.750000 -0.157000 2.400000
v -2.251540 -0.157000 2.123572
v -2.227852 -0.157000 2.125028
v -2.750000 -0.157000 2.400000
v -2.227852 -0.157000 2.125028
v -2.204155 -0.157000 2.123572
v -2.204155 -0.157000 2.123572
v -2.180811 -0.157000 2.119212
v -2.750000 -0.157000 2.400000
v -2.750000 -0.157000 2.400000
v -2.180811 -0.157000 2.119212
v -2.158144 -0.157000 2.112019
v -2.411628 -0.157000 1.853897
v -2.418692 -0.157000 1.876972
v -2.750000 -0.157000 2.400000
v -2.750000 -0.157000 2.400000
v -2.418692 -0.157000 1.876972
v -2.422974 -0.157000 1.900750
vn 0.9982 0.0000 -0.0592
vn 0.9982 -0.0000 -0.0595
vn 0.9982 0.0000 0.0592
vn 0.9842 0.0000 0.1773
vn 0.9562 0.0000 0.2927
vn 0.9146 0.0000 0.4043
vn 0.8600 0.0000 0.5103
vn 0.7926 0.0000 0.6098
vn 0.7135 0.0000 0.7007
vn 0.6236 0.0000 0.7817
vn 0.5244 0.0000 0.8515
vn 0.5240 0.0000 0.8517
vn 0.4164 0.0000 0.9092
vn 0.4167 -0.0000 0.9091
vn 0.3025 0.0000 0.9531
vn 0.1833 0.0000 0.9831
vn 0.0617 0.0000 0.9981
vn -0.0617 0.0000 0.9981
vn -0.1833 0.0000 0.9831
vn -0.3024 0.0000 0.9532
vn -0.3025 0.0000 0.9532
vn -0.4168 0.0000 0.9090
vn -0.4169 0.0000 0.9089
vn -0.5244 0.0000 0.8515
vn -0.5241 -0.0000 0.8517
vn -0.6236 0.0000 0.7817
vn -0.7135 0.0000 0.7007
vn -0.7926 0.0000 0.6098
vn -0.8598 0.0000 0.5106
vn -0.8598 0.0000 0.5105
vn -0.9146 0.0000 0.4043
vn -0.9563 0.0000 0.2924
vn -0.9842 0.0000 0.1773
vn -0.9982 0.0000 0.0592
vn -0.9982 0.0000 -0.0592
vn -0.9842 0.0000 -0.1772
vn -0.9561 -0.0000 -0.2929
vn -0.9562 0.0000 -0.2929
vn -0.9146 0.0000 -0.4043
vn -0.8600 -0.0000 -0.5103
vn -0.8598 0.0000 -0.5106
vn -0.7926 0.0000 -0.6098
vn -0.7135 0.0000 -0.7007
vn -0.6236 0.0000 -0.7817
vn -0.5242 0.0000 -0.8516
vn -0.5241 0.0000 -0.8516
vn -0.4168 0.0000 -0.9090
vn -0.3025 0.0000 -0.9532
vn -0.1833 0.0000 -0.9831
vn -0.0613 -0.0000 -0.9981
vn -0.0617 0.0000 -0.9981
vn 0.0611 -0.0000 -0.9981
vn 0.0612 -0.0000 -0.9981
vn 0.1833 0.0000 -0.9831
vn 0.3022 -0.0000 -0.9532
vn 0.3025 0.0000 -0.9531
vn 0.4166 0.0000 -0.9091
vn 0.5241 0.0000 -0.8516
vn 0.5242 0.0000 -0.8516
vn 0.6236 0.0000 -0.7817
vn 0.7135 0.0000 -0.7007
vn 0.7926 0.0000 -0.6098
vn 0.8600 0.0000 -0.5103
vn 0.9146 0.0000 -0.4043
vn 0.9562 0.0000 -0.2927
vn 0.9842 0.0000 -0.1772
vn 0.0000 -1.0000 0.0000
vn 0.9982 0.0000 -0.0591
vn 0.9982 0.0000 0.0595
vn 0.9842 0.0000 0.1769
vn 0.8598 0.0000 0.5106
vn 0.5243 0.0000 0.8515
vn 0.4166 0.0000 0.9091
vn -0.0612 0.0000 0.9981
vn -0.0613 0.0000 0.9981
vn -0.1837 0.0000 0.9830
vn -0.1838 0.0000 0.9830
vn -0.3025 0.0000 0.9531
vn -0.4166 0.0000 0.9091
vn -0.4167 0.0000 0.9091
vn -0.5243 0.0000 0.8515
vn -0.7927 0.0000 0.6096
vn -0.7924 0.0000 0.6100
vn -0.8600 0.0000 0.5103
vn -0.9562 0.0000 0.2927
vn -0.9842 0.0000 0.1769
vn -0.9982 0.0000 0.0595
vn -0.9982 0.0000 -0.0595
vn -0.9982 -0.0000 -0.0591
vn -0.9841 -0.0000 -0.1775
vn -0.9562 0.0000 -0.2926
vn -0.9146 0.0000 -0.4044
vn -0.7924 0.0000 -0.6100
vn -0.7133 -0.0000 -0.7008
vn -0.6238 -0.0000 -0.7816
vn -0.6237 -0.0000 -0.7817
vn -0.4164 0.0000 -0.9092
vn -0.4167 -0.0000 -0.9091
vn -0.3025 0.0000 -0.9531
vn -0.1836 0.0000 -0.9830
vn -0.0614 0.0000 -0.9981
vn 0.0613 0.0000 -0.9981
vn 0.1836 0.0000 -0.9830
vn 0.4164 0.0000 -0.9092
vn 0.5245 0.0000 -0.8514
vn 0.6234 0.0000 -0.7819
vn 0.6237 0.0000 -0.7817
vn 0.7137 0.0000 -0.7005
vn 0.8598 0.0000 -0.5106
vn 0.9146 0.0000 -0.4044
vn 0.9562 0.0000 -0.2926
vn 0.9842 0.0000 -0.1770
vn 0.9982 0.0000 -0.0593
vn 0.9982 0.0000 0.0593
vn 0.9842 0.0000 0.1771
vn 0.9562 0.0000 0.2926
vn 0.8599 0.0000 0.5105
vn 0.7925 0.0000 0.6098
vn 0.5243 0.0000 0.8516
vn 0.5242 0.0000 0.8516
vn -0.4167 0.0000 0.9090
vn -0.5242 0.0000 0.8516
vn -0.6237 0.0000 0.7817
vn -0.7134 0.0000 0.7007
vn -0.7925 0.0000 0.6098
vn -0.8599 0.0000 0.5105
vn -0.9147 0.0000 0.4042
vn -0.9562 0.0000 0.2926
vn -0.9842 0.0000 0.1772
vn -0.9842 0.0000 -0.1773
vn -0.9563 0.0000 -0.2925
vn -0.8599 0.0000 -0.5105
vn -0.7925 0.0000 -0.6098
vn -0.7136 0.0000 -0.7006
vn -0.6239 -0.0000 -0.7815
vn -0.5240 -0.0000 -0.8517
vn 0.3025 0.0000 -0.9532
vn 0.6238 -0.0000 -0.7816
vn 0.7925 0.0000 -0.6098
vn 0.8599 0.0000 -0.5105
vn 0.9563 0.0000 -0.2925
vn 0.9842 0.0000 -0.1771
vn 0.5241 0.0000 0.8517
vn 0.4167 0.0000 0.9090
vn 0.3022 0.0000 0.9532
vn 0.3022 0.0000 0.9533
vn 0.1836 0.0000 0.9830
vn -0.1836 0.0000 0.9830
vn -0.4165 0.0000 0.9092
vn -0.5240 0.0000 0.8517
vn -0.7134 0.0000 0.7008
vn -0.9147 0.0000 -0.4042
vn -0.7134 0.0000 -0.7007
vn -0.4167 0.0000 -0.9090
vn -0.1837 -0.0000 -0.9830
vn 0.4167 0.0000 -0.9091
vn 0.5243 0.0000 -0.8516
vn 0.6237 0.0000 0.7817
vn 0.5241 0.0000 0.8516
vn 0.3024 0.0000 0.9532
vn 0.1834 0.0000 0.9830
vn 0.0616 0.0000 0.9981
vn -0.0615 -0.0000 0.9981
vn -0.1834 0.0000 0.9830
vn -0.3023 0.0000 0.9532
vn -0.5241 0.0000 0.8516
vn -0.9563 0.0000 -0.2924
vn -0.6236 0.0000 -0.7818
vn -0.3023 0.0000 -0.9532
vn 0.0614 0.0000 -0.9981
vn 0.3024 0.0000 -0.9532
vn 0.6236 0.0000 -0.7818
vn 0.7136 0.0000 -0.7006
vn 0.9842 -0.0000 -0.1769
vn 0.0615 0.0000 0.9981
vn -0.0616 0.0000 0.9981
vn -0.9841 -0.0000 0.1775
vn -0.9841 -0.0000 0.1774
vn -0.9983 -0.0000 0.0590
vn -0.9562 0.0000 -0.2927
vn -0.7926 0.0000 -0.6097
vn -0.5243 0.0000 -0.8515
vn -0.4166 0.0000 -0.9091
vn -0.3024 0.0000 -0.9532
vn -0.1835 0.0000 -0.9830
vn 0.5243 0.0000 -0.8515
vn 0.8599 0.0000 0.5104
vn -0.6238 -0.0000 0.7816
vn -0.8599 0.0000 0.5104
vn -0.8599 -0.0000 -0.5104
vn 0.8599 0.0000 -0.5104
vn 0.9842 0.0000 0.1770
vn 0.5245 0.0000 0.8514
vn -0.5243 -0.0000 0.8516
vn -0.9982 -0.0000 0.0591
vn -0.9842 0.0000 -0.1769
vn -0.9563 -0.0000 -0.2922
vn -0.3022 0.0000 -0.9532
vn -0.1832 0.0000 -0.9831
vn -0.0612 0.0000 -0.9981
vn 0.0617 0.0000 -0.9981
vn 0.8601 0.0000 -0.5101
vn 0.0612 0.0000 0.9981
vn 0.0614 0.0000 0.9981
vn -0.9563 0.0000 -0.2923
vn -0.8598 0.0000 -0.5105
vn -0.5244 0.0000 -0.8515
vn -0.4165 0.0000 -0.9091
vn -0.4169 -0.0000 -0.9089
vn 0.5241 -0.0000 -0.8517
vn 0.9842 0.0000 -0.1773
vn 0.0000 0.0000 -1.0000
vn -0.5815 0.0000 0.8135
vn 0.5815 0.0000 0.8135
vn 0.0000 1.0000 0.0000
vn 0.5969 -0.0000 0.8023
vn 0.6181 -0.0017 0.7861
vn 0.6305 0.0016 0.7762
vn 0.6709 -0.0017 0.7415
vn 0.6825 0.0016 0.7308
vn 0.7205 -0.0017 0.6935
vn 0.7314 0.0017 0.6820
vn 0.7668 -0.0016 0.6419
vn 0.7767 0.0016 0.6299
vn 0.8088 -0.0016 0.5881
vn 0.8179 0.0017 0.5753
vn 0.8474 -0.0016 0.5309
vn 0.8553 0.0016 0.5180
vn 0.8817 -0.0016 0.4719
vn 0.8889 0.0016 0.4582
vn 0.9118 -0.0016 0.4106
vn 0.9181 0.0016 0.3964
vn 0.9377 -0.0016 0.3476
vn 0.9429 0.0016 0.3330
vn 0.9591 -0.0016 0.2830
vn 0.9634 0.0016 0.2682
vn 0.9762 -0.0016 0.2169
vn 0.9794 0.0016 0.2021
vn 0.9886 -0.0016 0.1504
vn 0.9908 0.0016 0.1352
vn 0.9966 -0.0016 0.0829
vn 0.9977 0.0016 0.0677
vn 0.9999 -0.0016 0.0152
vn 1.0000 0.0016 0.0000
vn 0.9986 -0.0016 -0.0526
vn 0.9977 0.0016 -0.0677
vn 0.9927 -0.0016 -0.1204
vn 0.9908 0.0016 -0.1352
vn 0.9823 -0.0016 -0.1873
vn 0.9794 0.0016 -0.2021
vn 0.9673 -0.0016 -0.2536
vn 0.9634 0.0016 -0.2682
vn 0.9479 -0.0016 -0.3186
vn 0.9429 0.0016 -0.3331
vn 0.9240 -0.0016 -0.3824
vn 0.9181 0.0016 -0.3964
vn 0.8957 -0.0016 -0.4446
vn 0.8889 0.0016 -0.4582
vn 0.8633 -0.0016 -0.5047
vn 0.8555 0.0016 -0.5178
vn 0.8267 -0.0016 -0.5627
vn 0.8180 0.0016 -0.5752
vn 0.7861 -0.0016 -0.6181
vn 0.7766 0.0016 -0.6300
vn 0.7416 -0.0016 -0.6708
vn 0.7314 0.0016 -0.6820
vn 0.6937 -0.0016 -0.7203
vn 0.6825 0.0016 -0.7308
vn 0.6422 -0.0016 -0.7665
vn 0.6304 0.0016 -0.7762
vn 0.5875 -0.0016 -0.8092
vn 0.5750 0.0016 -0.8181
vn 0.5299 -0.0016 -0.8481
vn 0.5167 0.0016 -0.8561
vn 0.4694 -0.0016 -0.8830
vn 0.4560 0.0016 -0.8900
vn 0.4066 -0.0016 -0.9136
vn 0.3927 0.0016 -0.9197
vn 0.3417 -0.0016 -0.9398
vn 0.3273 0.0016 -0.9449
vn 0.2751 -0.0016 -0.9614
vn 0.2605 0.0016 -0.9655
vn 0.2071 -0.0016 -0.9783
vn 0.1920 0.0016 -0.9814
vn 0.1380 -0.0016 -0.9904
vn 0.1228 0.0016 -0.9924
vn 0.0679 -0.0016 -0.9977
vn 0.0527 0.0016 -0.9986
vn -0.0023 -0.0016 -1.0000
vn -0.0176 0.0016 -0.9998
vn -0.0724 -0.0016 -0.9974
vn -0.0878 0.0016 -0.9961
vn -0.1425 -0.0016 -0.9898
vn -0.1574 0.0016 -0.9875
vn -0.2117 -0.0016 -0.9773
vn -0.2261 0.0016 -0.9741
vn -0.2795 -0.0016 -0.9601
vn -0.2940 0.0016 -0.9558
vn -0.3461 -0.0016 -0.9382
vn -0.3604 0.0016 -0.9328
vn -0.4108 -0.0016 -0.9117
vn -0.4245 0.0016 -0.9054
vn -0.4735 -0.0016 -0.8808
vn -0.4869 0.0016 -0.8735
vn -0.5337 -0.0016 -0.8457
vn -0.5462 0.0016 -0.8376
vn -0.5911 -0.0016 -0.8066
vn -0.6031 0.0016 -0.7977
vn -0.6457 -0.0016 -0.7636
vn -0.6569 0.0016 -0.7540
vn -0.6969 -0.0016 -0.7172
vn -0.7074 0.0016 -0.7068
vn -0.7446 -0.0016 -0.6675
vn -0.7543 0.0016 -0.6565
vn -0.7889 -0.0016 -0.6145
vn -0.7978 0.0015 -0.6029
vn -0.8292 -0.0016 -0.5590
vn -0.8373 0.0016 -0.5467
vn -0.8655 -0.0015 -0.5010
vn -0.8726 0.0015 -0.4884
vn -0.8977 -0.0016 -0.4405
vn -0.9041 0.0015 -0.4274
vn -0.9256 -0.0015 -0.3784
vn -0.9310 0.0015 -0.3650
vn -0.9493 -0.0016 -0.3144
vn -0.9537 0.0015 -0.3008
vn -0.9684 -0.0016 -0.2493
vn -0.9719 0.0015 -0.2352
vn -0.9831 -0.0015 -0.1829
vn -0.9857 0.0016 -0.1687
vn -0.9933 -0.0015 -0.1157
vn -0.9948 0.0015 -0.1016
vn -0.9988 -0.0015 -0.0482
vn -0.9994 0.0015 -0.0339
vn -0.9998 -0.0015 0.0198
vn -0.9994 0.0015 0.0339
vn -0.9962 -0.0016 0.0873
vn -0.9948 0.0015 0.1016
vn -0.9880 -0.0015 0.1546
vn -0.9857 0.0016 0.1687
vn -0.9753 -0.0016 0.2211
vn -0.9719 0.0015 0.2352
vn -0.9579 -0.0016 0.2871
vn -0.9537 0.0015 0.3008
vn -0.9362 -0.0015 0.3516
vn -0.9310 0.0016 0.3650
vn -0.9100 -0.0015 0.4146
vn -0.9041 0.0015 0.4274
vn -0.8795 -0.0015 0.4759
vn -0.8728 0.0015 0.4880
vn -0.8449 -0.0015 0.5349
vn -0.8373 0.0015 0.5467
vn -0.8063 -0.0015 0.5915
vn -0.7978 0.0015 0.6029
vn -0.7638 -0.0016 0.6455
vn -0.7543 0.0015 0.6565
vn -0.7174 -0.0015 0.6967
vn -0.7074 0.0015 0.7068
vn -0.6676 -0.0015 0.7445
vn -0.6569 0.0015 0.7539
vn -0.6144 -0.0016 0.7890
vn -0.6030 0.0015 0.7978
vn -0.5582 -0.0015 0.8297
vn -0.5464 0.0015 0.8375
vn -0.4992 -0.0016 0.8665
vn -0.4866 0.0015 0.8736
vn -0.4376 -0.0015 0.8992
vn -0.4245 0.0016 0.9054
vn -0.3735 -0.0015 0.9276
vn -0.3601 0.0016 0.9329
vn -0.3077 -0.0016 0.9515
vn -0.2940 0.0015 0.9558
vn -0.2405 -0.0015 0.9706
vn -0.2263 0.0016 0.9740
vn -0.1716 -0.0015 0.9852
vn -0.1576 0.0015 0.9875
vn -0.1019 -0.0015 0.9948
vn -0.0877 0.0015 0.9961
vn -0.0319 -0.0015 0.9995
vn -0.0177 0.0015 0.9998
vn 0.0384 -0.0015 0.9993
vn 0.0527 0.0015 0.9986
vn 0.1086 -0.0015 0.9941
vn 0.1225 0.0015 0.9925
vn 0.1781 -0.0015 0.9840
vn 0.1920 0.0015 0.9814
vn 0.2468 -0.0015 0.9691
vn 0.2605 0.0015 0.9655
vn 0.3139 -0.0015 0.9494
vn 0.3274 0.0016 0.9449
vn 0.3798 -0.0015 0.9251
vn 0.3925 0.0015 0.9197
vn 0.4433 -0.0015 0.8964
vn 0.4560 0.0015 0.8900
vn 0.5048 -0.0015 0.8632
vn 0.5107 0.0000 0.8597
vn 0.5167 0.0017 0.8561
vn 0.5442 -0.0003 0.8389
vn 0.5623 0.0005 0.8269
vn 0.5750 0.0027 0.8181
vn 0.5812 0.0014 0.8137
vn 0.4898 0.0000 -0.8718
vn 0.4630 -0.0009 -0.8864
vn 0.4560 0.0010 -0.8900
vn 0.3997 -0.0009 -0.9166
vn 0.3927 0.0009 -0.9197
vn 0.3348 -0.0010 -0.9423
vn 0.3274 0.0009 -0.9449
vn 0.2680 -0.0010 -0.9634
vn 0.2606 0.0009 -0.9654
vn 0.1999 -0.0009 -0.9798
vn 0.1922 0.0009 -0.9814
vn 0.1304 -0.0009 -0.9915
vn 0.1226 0.0009 -0.9925
vn 0.0607 -0.0009 -0.9982
vn 0.0527 0.0010 -0.9986
vn -0.0097 -0.0009 -1.0000
vn -0.0175 0.0010 -0.9998
vn -0.0801 -0.0009 -0.9968
vn -0.0879 0.0009 -0.9961
vn -0.1498 -0.0009 -0.9887
vn -0.1577 0.0010 -0.9875
vn -0.2187 -0.0009 -0.9758
vn -0.2263 0.0009 -0.9740
vn -0.2865 -0.0009 -0.9581
vn -0.2942 0.0010 -0.9558
vn -0.3532 -0.0009 -0.9356
vn -0.3602 0.0009 -0.9329
vn -0.4175 -0.0009 -0.9087
vn -0.4245 0.0009 -0.9054
vn -0.4799 -0.0009 -0.8773
vn -0.4867 0.0009 -0.8736
vn -0.5398 -0.0009 -0.8418
vn -0.5462 0.0009 -0.8376
vn -0.5969 -0.0009 -0.8023
vn -0.6031 0.0009 -0.7977
vn -0.6511 -0.0009 -0.7590
vn -0.6569 0.0010 -0.7540
vn -0.7021 -0.0009 -0.7121
vn -0.7075 0.0009 -0.7068
vn -0.7495 -0.0009 -0.6620
vn -0.7543 0.0009 -0.6565
vn -0.7932 -0.0009 -0.6089
vn -0.7978 0.0009 -0.6030
vn -0.8331 -0.0010 -0.5531
vn -0.8373 0.0009 -0.5467
vn -0.8690 -0.0009 -0.4948
vn -0.8726 0.0009 -0.4884
vn -0.9008 -0.0009 -0.4342
vn -0.9040 0.0009 -0.4274
vn -0.9283 -0.0009 -0.3718
vn -0.9310 0.0009 -0.3649
vn -0.9514 -0.0009 -0.3079
vn -0.9537 0.0009 -0.3008
vn -0.9702 -0.0009 -0.2424
vn -0.9719 0.0009 -0.2352
vn -0.9844 -0.0009 -0.1760
vn -0.9857 0.0009 -0.1687
vn -0.9941 -0.0009 -0.1088
vn -0.9948 0.0009 -0.1016
vn -0.9992 -0.0009 -0.0411
vn -0.9994 0.0009 -0.0339
vn -0.9996 -0.0009 0.0266
vn -0.9994 0.0009 0.0339
vn -0.9955 -0.0009 0.0943
vn -0.9948 0.0009 0.1017
vn -0.9869 -0.0009 0.1615
vn -0.9857 0.0009 0.1687
vn -0.9736 -0.0009 0.2282
vn -0.9719 0.0009 0.2352
vn -0.9559 -0.0009 0.2937
vn -0.9537 0.0009 0.3007
vn -0.9336 -0.0009 0.3582
vn -0.9310 0.0009 0.3650
vn -0.9071 -0.0009 0.4209
vn -0.9040 0.0009 0.4274
vn -0.8763 -0.0009 0.4818
vn -0.8726 0.0009 0.4884
vn -0.8413 -0.0009 0.5406
vn -0.8373 0.0009 0.5467
vn -0.8021 -0.0009 0.5972
vn -0.7978 0.0009 0.6030
vn -0.7590 -0.0009 0.6511
vn -0.7543 0.0009 0.6565
vn -0.7126 -0.0008 0.7016
vn -0.7074 0.0009 0.7068
vn -0.6623 -0.0008 0.7492
vn -0.6570 0.0009 0.7539
vn -0.6091 -0.0009 0.7931
vn -0.6030 0.0009 0.7978
vn -0.5524 -0.0009 0.8336
vn -0.5462 0.0009 0.8376
vn -0.4932 -0.0009 0.8699
vn -0.4866 0.0009 0.8736
vn -0.4312 -0.0009 0.9022
vn -0.4247 0.0009 0.9054
vn -0.3672 -0.0009 0.9301
vn -0.3603 0.0009 0.9328
vn -0.3011 -0.0009 0.9536
vn -0.2941 0.0009 0.9558
vn -0.2336 -0.0009 0.9723
vn -0.2264 0.0009 0.9740
vn -0.1647 -0.0009 0.9863
vn -0.1575 0.0009 0.9875
vn -0.0951 -0.0009 0.9955
vn -0.0877 0.0009 0.9961
vn -0.0249 -0.0009 0.9997
vn -0.0176 0.0009 0.9998
vn 0.0454 -0.0009 0.9990
vn 0.0527 0.0009 0.9986
vn 0.1154 -0.0009 0.9933
vn 0.1227 0.0009 0.9924
vn 0.1848 -0.0009 0.9828
vn 0.1920 0.0009 0.9814
vn 0.2534 -0.0009 0.9674
vn 0.2604 0.0009 0.9655
vn 0.3204 -0.0009 0.9473
vn 0.3274 0.0009 0.9449
vn 0.3860 -0.0009 0.9225
vn 0.3927 0.0009 0.9197
vn 0.4494 -0.0009 0.8933
vn 0.4558 0.0009 0.8901
vn 0.5106 -0.0009 0.8598
vn 0.5167 0.0009 0.8561
vn 0.5691 -0.0009 0.8222
vn 0.5751 0.0009 0.8181
vn 0.6249 -0.0009 0.7807
vn 0.6303 0.0008 0.7763
vn 0.6773 -0.0009 0.7357
vn 0.6825 0.0008 0.7308
vn 0.7266 -0.0009 0.6871
vn 0.7314 0.0008 0.6820
vn 0.7720 -0.0009 0.6356
vn 0.7764 0.0008 0.6302
vn 0.8140 -0.0008 0.5809
vn 0.8180 0.0009 0.5752
vn 0.8519 -0.0008 0.5237
vn 0.8555 0.0008 0.5178
vn 0.8856 -0.0009 0.4644
vn 0.8889 0.0009 0.4582
vn 0.9153 -0.0008 0.4029
vn 0.9181 0.0009 0.3964
vn 0.9406 -0.0008 0.3395
vn 0.9429 0.0008 0.3330
vn 0.9615 -0.0009 0.2749
vn 0.9634 0.0009 0.2682
vn 0.9779 -0.0008 0.2090
vn 0.9794 0.0008 0.2021
vn 0.9898 -0.0009 0.1422
vn 0.9908 0.0009 0.1352
vn 0.9972 -0.0008 0.0747
vn 0.9977 0.0009 0.0677
vn 1.0000 -0.0008 0.0068
vn 1.0000 0.0009 0.0000
vn 0.9981 -0.0008 -0.0609
vn 0.9977 0.0008 -0.0677
vn 0.9917 -0.0009 -0.1286
vn 0.9908 0.0008 -0.1352
vn 0.9807 -0.0009 -0.1953
vn 0.9794 0.0008 -0.2021
vn 0.9652 -0.0008 -0.2615
vn 0.9634 0.0008 -0.2682
vn 0.9452 -0.0008 -0.3265
vn 0.9429 0.0009 -0.3330
vn 0.9207 -0.0008 -0.3903
vn 0.9180 0.0008 -0.3965
vn 0.8920 -0.0008 -0.4520
vn 0.8889 0.0008 -0.4581
vn 0.8590 -0.0008 -0.5119
vn 0.8555 0.0009 -0.5178
vn 0.8220 -0.0008 -0.5696
vn 0.8180 0.0009 -0.5752
vn 0.7808 -0.0008 -0.6247
vn 0.7766 0.0008 -0.6300
vn 0.7360 -0.0008 -0.6769
vn 0.7315 0.0008 -0.6819
vn 0.6877 -0.0009 -0.7260
vn 0.6824 0.0009 -0.7309
vn 0.6356 -0.0008 -0.7720
vn 0.6305 0.0008 -0.7762
vn 0.5807 -0.0008 -0.8141
vn 0.5779 0.0000 -0.8161
vn 0.5751 0.0009 -0.8181
vn 0.5423 -0.0003 -0.8402
vn 0.5230 0.0014 -0.8523
vn 0.5170 0.0026 -0.8560
vn 0.5035 0.0006 -0.8640
vn -0.9994 0.0012 -0.0339
vn -0.9997 -0.0011 -0.0238
vn -0.9994 0.0012 0.0339
vn -0.9990 -0.0012 0.0444
vn -0.9948 0.0012 0.1015
vn -0.9937 -0.0012 0.1119
vn -0.9856 0.0012 0.1688
vn -0.9838 -0.0012 0.1791
vn -0.9719 0.0012 0.2352
vn -0.9694 -0.0012 0.2455
vn -0.9537 0.0012 0.3007
vn -0.9505 -0.0012 0.3107
vn -0.9310 0.0012 0.3650
vn -0.9271 -0.0012 0.3748
vn -0.9040 0.0012 0.4274
vn -0.8994 -0.0012 0.4370
vn -0.8726 0.0012 0.4884
vn -0.8675 -0.0012 0.4974
vn -0.8373 0.0013 0.5467
vn -0.8313 -0.0012 0.5558
vn -0.7978 0.0012 0.6030
vn -0.7913 -0.0012 0.6114
vn -0.7544 0.0012 0.6564
vn -0.7474 -0.0012 0.6644
vn -0.7074 0.0012 0.7069
vn -0.6998 -0.0012 0.7143
vn -0.6567 0.0012 0.7542
vn -0.6488 -0.0012 0.7610
vn -0.6030 0.0012 0.7978
vn -0.5945 -0.0012 0.8041
vn -0.5462 0.0013 0.8376
vn -0.5372 -0.0012 0.8435
vn -0.4867 0.0013 0.8736
vn -0.4772 -0.0012 0.8788
vn -0.4247 0.0013 0.9054
vn -0.4147 -0.0012 0.9099
vn -0.3602 0.0012 0.9329
vn -0.3500 -0.0012 0.9367
vn -0.2941 0.0012 0.9558
vn -0.2837 -0.0012 0.9589
vn -0.2264 0.0012 0.9740
vn -0.2158 -0.0012 0.9764
vn -0.1575 0.0012 0.9875
vn -0.1468 -0.0012 0.9892
vn -0.0877 0.0012 0.9961
vn -0.0769 -0.0012 0.9970
vn -0.0176 0.0012 0.9998
vn -0.0067 -0.0012 1.0000
vn 0.0527 0.0012 0.9986
vn 0.0636 -0.0012 0.9980
vn 0.1227 0.0012 0.9924
vn 0.1335 -0.0012 0.9911
vn 0.1920 0.0012 0.9814
vn 0.2028 -0.0012 0.9792
vn 0.2604 0.0012 0.9655
vn 0.2709 -0.0012 0.9626
vn 0.3274 0.0012 0.9449
vn 0.3376 -0.0012 0.9413
vn 0.3927 0.0012 0.9197
vn 0.4026 -0.0012 0.9154
vn 0.4558 0.0012 0.8901
vn 0.4655 -0.0013 0.8850
vn 0.5168 0.0012 0.8561
vn 0.5261 -0.0012 0.8504
vn 0.5751 0.0012 0.8181
vn 0.5839 -0.0012 0.8118
vn 0.6303 0.0012 0.7764
vn 0.6386 -0.0012 0.7695
vn 0.6826 0.0012 0.7308
vn 0.6904 -0.0012 0.7235
vn 0.7313 0.0012 0.6820
vn 0.7386 -0.0012 0.6742
vn 0.7766 0.0012 0.6300
vn 0.7833 -0.0012 0.6217
vn 0.8180 0.0012 0.5752
vn 0.8241 -0.0012 0.5665
vn 0.8555 0.0012 0.5178
vn 0.8609 -0.0012 0.5088
vn 0.8888 0.0012 0.4582
vn 0.8937 -0.0012 0.4486
vn 0.9181 0.0012 0.3964
vn 0.9222 -0.0012 0.3867
vn 0.9429 0.0012 0.3330
vn 0.9464 -0.0012 0.3231
vn 0.9634 0.0012 0.2682
vn 0.9662 -0.0012 0.2579
vn 0.9794 0.0012 0.2021
vn 0.9814 -0.0012 0.1918
vn 0.9908 0.0012 0.1352
vn 0.9922 -0.0012 0.1249
vn 0.9977 0.0012 0.0677
vn 0.9984 -0.0012 0.0573
vn 1.0000 0.0012 0.0000
vn 0.9999 -0.0012 -0.0106
vn 0.9977 0.0012 -0.0677
vn 0.9969 -0.0012 -0.0782
vn 0.9908 0.0012 -0.1353
vn 0.9893 -0.0012 -0.1456
vn 0.9794 0.0012 -0.2021
vn 0.9772 -0.0012 -0.2125
vn 0.9634 0.0012 -0.2681
vn 0.9605 -0.0012 -0.2782
vn 0.9429 0.0012 -0.3330
vn 0.9393 -0.0012 -0.3430
vn 0.9180 0.0012 -0.3965
vn 0.9138 -0.0012 -0.4061
vn 0.8889 0.0012 -0.4581
vn 0.8840 -0.0012 -0.4675
vn 0.8555 0.0012 -0.5178
vn 0.8499 -0.0012 -0.5269
vn 0.8180 0.0012 -0.5752
vn 0.8118 -0.0012 -0.5839
vn 0.7765 0.0012 -0.6301
vn 0.7698 -0.0012 -0.6383
vn 0.7314 0.0012 -0.6819
vn 0.7241 -0.0012 -0.6897
vn 0.6825 0.0012 -0.7309
vn 0.6746 -0.0012 -0.7381
vn 0.6304 0.0012 -0.7763
vn 0.6220 -0.0012 -0.7830
vn 0.5752 0.0012 -0.8180
vn 0.5662 -0.0013 -0.8243
vn 0.5167 0.0012 -0.8562
vn 0.5076 -0.0012 -0.8616
vn 0.4559 0.0013 -0.8900
vn 0.4462 -0.0012 -0.8949
vn 0.3927 0.0012 -0.9197
vn 0.3827 -0.0012 -0.9239
vn 0.3271 0.0012 -0.9450
vn 0.3171 -0.0013 -0.9484
vn 0.2603 0.0012 -0.9655
vn 0.2497 -0.0013 -0.9683
vn 0.1917 0.0011 -0.9815
vn 0.1813 -0.0012 -0.9834
vn 0.1226 0.0012 -0.9924
vn 0.1118 -0.0012 -0.9937
vn 0.0527 0.0012 -0.9986
vn 0.0419 -0.0012 -0.9991
vn -0.0175 0.0012 -0.9998
vn -0.0283 -0.0012 -0.9996
vn -0.0879 0.0013 -0.9961
vn -0.0987 -0.0012 -0.9951
vn -0.1574 0.0012 -0.9875
vn -0.1682 -0.0012 -0.9857
vn -0.2264 0.0012 -0.9740
vn -0.2369 -0.0012 -0.9715
vn -0.2942 0.0012 -0.9558
vn -0.3044 -0.0012 -0.9525
vn -0.3602 0.0012 -0.9329
vn -0.3704 -0.0012 -0.9289
vn -0.4245 0.0012 -0.9054
vn -0.4343 -0.0012 -0.9008
vn -0.4868 0.0012 -0.8735
vn -0.4961 -0.0012 -0.8682
vn -0.5462 0.0012 -0.8376
vn -0.5552 -0.0012 -0.8317
vn -0.6031 0.0012 -0.7977
vn -0.6116 -0.0012 -0.7912
vn -0.6569 0.0013 -0.7540
vn -0.6650 -0.0012 -0.7468
vn -0.7074 0.0012 -0.7069
vn -0.7149 -0.0012 -0.6992
vn -0.7544 0.0012 -0.6564
vn -0.7615 -0.0012 -0.6482
vn -0.7978 0.0012 -0.6030
vn -0.8042 -0.0013 -0.5944
vn -0.8373 0.0012 -0.5467
vn -0.8430 -0.0012 -0.5379
vn -0.8726 0.0012 -0.4884
vn -0.8779 -0.0013 -0.4789
vn -0.9040 0.0012 -0.4274
vn -0.9085 -0.0012 -0.4179
vn -0.9310 0.0012 -0.3649
vn -0.9350 -0.0012 -0.3548
vn -0.9537 0.0012 -0.3008
vn -0.9568 -0.0012 -0.2907
vn -0.9719 0.0012 -0.2352
vn -0.9744 -0.0012 -0.2249
vn -0.9856 0.0012 -0.1688
vn -0.9874 -0.0012 -0.1584
vn -0.9948 0.0012 -0.1015
vn -0.9959 -0.0013 -0.0908
vn -0.1181 -0.0023 -0.9930
vn -0.0877 0.0023 -0.9961
vn -0.0480 -0.0023 -0.9988
vn -0.0176 0.0023 -0.9998
vn 0.0224 -0.0023 -0.9997
vn 0.0527 0.0023 -0.9986
vn 0.0925 -0.0023 -0.9957
vn 0.1227 0.0023 -0.9924
vn 0.1621 -0.0023 -0.9868
vn 0.1920 0.0023 -0.9814
vn 0.2310 -0.0023 -0.9729
vn 0.2605 0.0023 -0.9655
vn 0.2985 -0.0023 -0.9544
vn 0.3273 0.0023 -0.9449
vn 0.3647 -0.0023 -0.9311
vn 0.3927 0.0023 -0.9196
vn 0.4288 -0.0023 -0.9034
vn 0.4559 0.0023 -0.8900
vn 0.4908 -0.0023 -0.8713
vn 0.5168 0.0023 -0.8561
vn 0.5501 -0.0023 -0.8351
vn 0.5751 0.0023 -0.8181
vn 0.6069 -0.0023 -0.7948
vn 0.6303 0.0023 -0.7763
vn 0.6604 -0.0023 -0.7509
vn 0.6826 0.0023 -0.7308
vn 0.7107 -0.0023 -0.7035
vn 0.7313 0.0023 -0.6820
vn 0.7575 -0.0023 -0.6529
vn 0.7766 0.0023 -0.6300
vn 0.8006 -0.0023 -0.5993
vn 0.8180 0.0023 -0.5752
vn 0.8398 -0.0023 -0.5430
vn 0.8555 0.0023 -0.5178
vn 0.8750 -0.0023 -0.4842
vn 0.8889 0.0023 -0.4582
vn 0.9060 -0.0023 -0.4234
vn 0.9181 0.0023 -0.3964
vn 0.9327 -0.0023 -0.3606
vn 0.9429 0.0023 -0.3330
vn 0.9551 -0.0023 -0.2964
vn 0.9634 0.0023 -0.2681
vn 0.9730 -0.0023 -0.2308
vn 0.9794 0.0023 -0.2021
vn 0.9864 -0.0023 -0.1643
vn 0.9908 0.0023 -0.1352
vn 0.9953 -0.0023 -0.0970
vn 0.9977 0.0023 -0.0677
vn 0.9996 -0.0023 -0.0293
vn 1.0000 0.0023 0.0000
vn 0.9993 -0.0023 0.0385
vn 0.9977 0.0023 0.0677
vn 0.9944 -0.0023 0.1061
vn 0.9908 0.0023 0.1352
vn 0.9849 -0.0023 0.1732
vn 0.9794 0.0023 0.2021
vn 0.9708 -0.0023 0.2397
vn 0.9634 0.0023 0.2682
vn 0.9523 -0.0023 0.3051
vn 0.9429 0.0023 0.3330
vn 0.9293 -0.0023 0.3692
vn 0.9181 0.0023 0.3964
vn 0.9020 -0.0023 0.4317
vn 0.8889 0.0023 0.4582
vn 0.8704 -0.0023 0.4923
vn 0.8555 0.0023 0.5178
vn 0.8347 -0.0023 0.5507
vn 0.8180 0.0023 0.5752
vn 0.7950 -0.0023 0.6066
vn 0.7766 0.0023 0.6300
vn 0.7514 -0.0023 0.6598
vn 0.7313 0.0023 0.6820
vn 0.7041 -0.0023 0.7101
vn 0.6826 0.0023 0.7308
vn 0.6533 -0.0023 0.7571
vn 0.6303 0.0023 0.7763
vn 0.5993 -0.0023 0.8005
vn 0.5751 0.0023 0.8181
vn 0.5423 -0.0023 0.8402
vn 0.5168 0.0023 0.8561
vn 0.4826 -0.0023 0.8758
vn 0.4559 0.0023 0.8900
vn 0.4202 -0.0023 0.9074
vn 0.3927 0.0023 0.9197
vn 0.3559 -0.0023 0.9345
vn 0.3274 0.0023 0.9449
vn 0.2895 -0.0023 0.9572
vn 0.2604 0.0023 0.9655
vn 0.2218 -0.0023 0.9751
vn 0.1920 0.0023 0.9814
vn 0.1528 -0.0023 0.9883
vn 0.1227 0.0023 0.9924
vn 0.0831 -0.0023 0.9965
vn 0.0527 0.0023 0.9986
vn 0.0129 -0.0023 0.9999
vn -0.0176 0.0023 0.9998
vn -0.0575 -0.0023 0.9983
vn -0.0877 0.0023 0.9961
vn -0.1274 -0.0023 0.9918
vn -0.1575 0.0023 0.9875
vn -0.1967 -0.0023 0.9805
vn -0.2264 0.0023 0.9740
vn -0.2650 -0.0023 0.9643
vn -0.2941 0.0023 0.9558
vn -0.3319 -0.0023 0.9433
vn -0.3602 0.0023 0.9329
vn -0.3969 -0.0023 0.9178
vn -0.4246 0.0023 0.9054
vn -0.4601 -0.0023 0.8879
vn -0.4867 0.0023 0.8736
vn -0.5208 -0.0023 0.8537
vn -0.5463 0.0023 0.8376
vn -0.5788 -0.0023 0.8155
vn -0.6030 0.0023 0.7977
vn -0.6340 -0.0023 0.7733
vn -0.6570 0.0023 0.7539
vn -0.6859 -0.0023 0.7277
vn -0.7074 0.0023 0.7069
vn -0.7346 -0.0023 0.6785
vn -0.7544 0.0023 0.6564
vn -0.7795 -0.0023 0.6264
vn -0.7978 0.0023 0.6030
vn -0.8206 -0.0023 0.5715
vn -0.8373 0.0023 0.5467
vn -0.8579 -0.0023 0.5138
vn -0.8726 0.0023 0.4884
vn -0.8909 -0.0023 0.4542
vn -0.9041 0.0023 0.4274
vn -0.9199 -0.0022 0.3922
vn -0.9310 0.0023 0.3650
vn -0.9444 -0.0023 0.3286
vn -0.9537 0.0023 0.3008
vn -0.9646 -0.0023 0.2638
vn -0.9719 0.0023 0.2352
vn -0.9802 -0.0023 0.1978
vn -0.9856 0.0022 0.1688
vn -0.9914 -0.0023 0.1308
vn -0.9948 0.0023 0.1015
vn -0.9980 -0.0023 0.0631
vn -0.9994 0.0023 0.0339
vn -1.0000 -0.0023 -0.0046
vn -0.9994 0.0023 -0.0339
vn -0.9974 -0.0023 -0.0723
vn -0.9948 0.0023 -0.1015
vn -0.9902 -0.0023 -0.1398
vn -0.9856 0.0022 -0.1688
vn -0.9784 -0.0023 -0.2065
vn -0.9719 0.0023 -0.2352
vn -0.9622 -0.0023 -0.2724
vn -0.9537 0.0023 -0.3008
vn -0.9415 -0.0023 -0.3370
vn -0.9310 0.0023 -0.3650
vn -0.9162 -0.0023 -0.4007
vn -0.9041 0.0023 -0.4274
vn -0.8868 -0.0023 -0.4621
vn -0.8726 0.0023 -0.4884
vn -0.8530 -0.0022 -0.5219
vn -0.8373 0.0023 -0.5467
vn -0.8154 -0.0023 -0.5790
vn -0.7978 0.0023 -0.6029
vn -0.7736 -0.0023 -0.6337
vn -0.7544 0.0023 -0.6564
vn -0.7283 -0.0023 -0.6853
vn -0.7074 0.0023 -0.7069
vn -0.6791 -0.0023 -0.7340
vn -0.6570 0.0023 -0.7539
vn -0.6268 -0.0023 -0.7792
vn -0.6031 0.0023 -0.7977
vn -0.5712 -0.0023 -0.8208
vn -0.5462 0.0023 -0.8376
vn -0.5127 -0.0023 -0.8586
vn -0.4868 0.0023 -0.8735
vn -0.4517 -0.0023 -0.8922
vn -0.4245 0.0023 -0.9054
vn -0.3883 -0.0023 -0.9215
vn -0.3602 0.0023 -0.9329
vn -0.3229 -0.0023 -0.9464
vn -0.2941 0.0023 -0.9558
vn -0.2559 -0.0023 -0.9667
vn -0.2264 0.0023 -0.9740
vn -0.1874 -0.0023 -0.9823
vn -0.1575 0.0023 -0.9875
vn 0.1824 -0.0011 0.9832
vn 0.1227 0.0011 0.9924
vn 0.1129 -0.0011 0.9936
vn 0.0527 0.0011 0.9986
vn 0.0428 -0.0011 0.9991
vn -0.0176 0.0011 0.9998
vn -0.0274 -0.0011 0.9996
vn -0.0877 0.0011 0.9961
vn -0.0975 -0.0011 0.9952
vn -0.1575 0.0011 0.9875
vn -0.1671 -0.0011 0.9859
vn -0.2264 0.0011 0.9740
vn -0.2360 -0.0011 0.9718
vn -0.2941 0.0011 0.9558
vn -0.3035 -0.0011 0.9528
vn -0.3602 0.0011 0.9329
vn -0.3693 -0.0011 0.9293
vn -0.4246 0.0011 0.9054
vn -0.4334 -0.0011 0.9012
vn -0.4866 0.0011 0.8736
vn -0.4952 -0.0011 0.8688
vn -0.5463 0.0011 0.8376
vn -0.5544 -0.0011 0.8322
vn -0.6031 0.0011 0.7977
vn -0.6108 -0.0011 0.7918
vn -0.6569 0.0011 0.7540
vn -0.6641 -0.0011 0.7476
vn -0.7074 0.0011 0.7068
vn -0.7142 -0.0011 0.6999
vn -0.7545 0.0011 0.6564
vn -0.7607 -0.0011 0.6491
vn -0.7978 0.0011 0.6030
vn -0.8035 -0.0011 0.5953
vn -0.8372 0.0011 0.5468
vn -0.8425 -0.0011 0.5387
vn -0.8727 0.0011 0.4882
vn -0.8773 -0.0011 0.4799
vn -0.9040 0.0011 0.4276
vn -0.9080 -0.0011 0.4189
vn -0.9311 0.0011 0.3649
vn -0.9345 -0.0011 0.3560
vn -0.9537 0.0011 0.3008
vn -0.9565 -0.0011 0.2917
vn -0.9719 0.0011 0.2352
vn -0.9741 -0.0011 0.2260
vn -0.9857 0.0011 0.1688
vn -0.9872 -0.0011 0.1594
vn -0.9948 0.0011 0.1015
vn -0.9958 -0.0011 0.0921
vn -0.9994 0.0011 0.0340
vn -0.9997 -0.0011 0.0244
vn -0.9994 0.0011 -0.0340
vn -0.9991 -0.0011 -0.0433
vn -0.9948 0.0011 -0.1015
vn -0.9938 -0.0011 -0.1110
vn -0.9857 0.0011 -0.1688
vn -0.9840 -0.0011 -0.1782
vn -0.9719 0.0011 -0.2352
vn -0.9697 -0.0011 -0.2445
vn -0.9537 0.0011 -0.3008
vn -0.9508 -0.0011 -0.3097
vn -0.9311 0.0011 -0.3649
vn -0.9275 -0.0011 -0.3738
vn -0.9040 0.0011 -0.4276
vn -0.8999 -0.0011 -0.4362
vn -0.8727 0.0011 -0.4882
vn -0.8680 -0.0011 -0.4966
vn -0.8372 0.0011 -0.5468
vn -0.8320 -0.0011 -0.5548
vn -0.7978 0.0011 -0.6030
vn -0.7920 -0.0011 -0.6106
vn -0.7544 0.0011 -0.6564
vn -0.7481 -0.0011 -0.6636
vn -0.7074 0.0011 -0.7068
vn -0.7005 -0.0011 -0.7136
vn -0.6569 0.0011 -0.7540
vn -0.6495 -0.0011 -0.7603
vn -0.6031 0.0011 -0.7977
vn -0.5954 -0.0011 -0.8035
vn -0.5462 0.0011 -0.8376
vn -0.5380 -0.0011 -0.8429
vn -0.4867 0.0011 -0.8736
vn -0.4782 -0.0011 -0.8783
vn -0.4245 0.0011 -0.9054
vn -0.4157 -0.0011 -0.9095
vn -0.3602 0.0011 -0.9329
vn -0.3511 -0.0011 -0.9363
vn -0.2941 0.0012 -0.9558
vn -0.2847 -0.0011 -0.9586
vn -0.2168 -0.0011 -0.9762
vn -0.1575 0.0011 -0.9875
vn -0.1477 -0.0011 -0.9890
vn -0.0877 0.0011 -0.9961
vn -0.0780 -0.0011 -0.9970
vn -0.0176 0.0012 -0.9998
vn -0.0077 -0.0011 -1.0000
vn 0.0527 0.0011 -0.9986
vn 0.0625 -0.0011 -0.9980
vn 0.1227 0.0011 -0.9924
vn 0.1324 -0.0011 -0.9912
vn 0.1920 0.0011 -0.9814
vn 0.2017 -0.0011 -0.9794
vn 0.2605 0.0011 -0.9655
vn 0.2699 -0.0011 -0.9629
vn 0.3273 0.0011 -0.9449
vn 0.3366 -0.0012 -0.9416
vn 0.3927 0.0011 -0.9197
vn 0.4016 -0.0011 -0.9158
vn 0.4559 0.0011 -0.8900
vn 0.4646 -0.0011 -0.8855
vn 0.5167 0.0011 -0.8562
vn 0.5250 -0.0011 -0.8511
vn 0.5752 0.0011 -0.8180
vn 0.5830 -0.0011 -0.8124
vn 0.6303 0.0011 -0.7763
vn 0.6378 -0.0011 -0.7702
vn 0.6826 0.0011 -0.7308
vn 0.6897 -0.0011 -0.7241
vn 0.7313 0.0011 -0.6821
vn 0.7379 -0.0011 -0.6749
vn 0.7766 0.0011 -0.6300
vn 0.7826 -0.0011 -0.6225
vn 0.8180 0.0011 -0.5752
vn 0.8235 -0.0011 -0.5674
vn 0.8555 0.0011 -0.5178
vn 0.8604 -0.0011 -0.5096
vn 0.8889 0.0012 -0.4582
vn 0.8932 -0.0011 -0.4496
vn 0.9181 0.0011 -0.3964
vn 0.9218 -0.0011 -0.3876
vn 0.9429 0.0011 -0.3331
vn 0.9461 -0.0011 -0.3240
vn 0.9634 0.0011 -0.2680
vn 0.9658 -0.0011 -0.2591
vn 0.9794 0.0010 -0.2018
vn 0.9812 -0.0011 -0.1927
vn 0.9908 0.0011 -0.1352
vn 0.9921 -0.0012 -0.1257
vn 0.9977 0.0011 -0.0677
vn 0.9983 -0.0011 -0.0583
vn 1.0000 0.0011 0.0000
vn 1.0000 -0.0011 0.0095
vn 0.9977 0.0011 0.0677
vn 0.9970 -0.0011 0.0774
vn 0.9908 0.0011 0.1352
vn 0.9895 -0.0011 0.1446
vn 0.9793 0.0011 0.2023
vn 0.9774 -0.0011 0.2115
vn 0.9634 0.0011 0.2680
vn 0.9608 -0.0011 0.2774
vn 0.9429 0.0011 0.3330
vn 0.9397 -0.0011 0.3419
vn 0.9181 0.0011 0.3964
vn 0.9143 -0.0011 0.4051
vn 0.8889 0.0011 0.4582
vn 0.8844 -0.0011 0.4667
vn 0.8555 0.0011 0.5178
vn 0.8505 -0.0011 0.5260
vn 0.8180 0.0011 0.5752
vn 0.8125 -0.0011 0.5830
vn 0.7766 0.0011 0.6299
vn 0.7705 -0.0011 0.6374
vn 0.7313 0.0011 0.6821
vn 0.7247 -0.0011 0.6890
vn 0.6826 0.0011 0.7308
vn 0.6755 -0.0011 0.7374
vn 0.6303 0.0011 0.7763
vn 0.6228 -0.0011 0.7823
vn 0.5752 0.0011 0.8180
vn 0.5671 -0.0011 0.8237
vn 0.5167 0.0011 0.8562
vn 0.5084 -0.0011 0.8611
vn 0.4559 0.0011 0.8900
vn 0.4471 -0.0011 0.8945
vn 0.3926 0.0011 0.9197
vn 0.3837 -0.0011 0.9235
vn 0.3274 0.0011 0.9449
vn 0.3182 -0.0011 0.9480
vn 0.2605 0.0011 0.9655
vn 0.2509 -0.0011 0.9680
vn 0.1920 0.0011 0.9814
vn -0.6538 0.0000 0.7567
vn 0.6538 0.0000 -0.7567
vn -0.6538 0.0000 -0.7567
vn 0.6538 0.0000 0.7567
vn 0.0000 0.0000 1.0000
vn 1.0000 0.0000 0.0000
vn 0.6761 -0.0010 -0.7368
vn 0.6826 0.0010 -0.7308
vn 0.7252 -0.0010 -0.6885
vn 0.7313 0.0010 -0.6820
vn 0.7709 -0.0011 -0.6370
vn 0.7766 0.0011 -0.6301
vn 0.8129 -0.0010 -0.5824
vn 0.8509 -0.0010 -0.5253
vn 0.8848 -0.0010 -0.4660
vn 0.8888 0.0010 -0.4582
vn 0.9145 -0.0011 -0.4045
vn 0.9181 0.0010 -0.3964
vn 0.9399 -0.0010 -0.3413
vn 0.9429 0.0010 -0.3331
vn 0.9610 -0.0010 -0.2766
vn 0.9634 0.0010 -0.2681
vn 0.9775 -0.0010 -0.2107
vn 0.9794 0.0011 -0.2021
vn 0.9896 -0.0010 -0.1439
vn 0.9908 0.0010 -0.1352
vn 0.9971 -0.0010 -0.0765
vn 0.9977 0.0010 -0.0677
vn 1.0000 -0.0010 -0.0088
vn 0.9983 -0.0010 0.0590
vn 0.9977 0.0010 0.0677
vn 0.9920 -0.0010 0.1265
vn 0.9908 0.0010 0.1352
vn 0.9811 -0.0010 0.1935
vn 0.9794 0.0010 0.2021
vn 0.9657 -0.0010 0.2597
vn 0.9634 0.0010 0.2682
vn 0.9458 -0.0010 0.3247
vn 0.9429 0.0010 0.3330
vn 0.9215 -0.0010 0.3883
vn 0.8929 -0.0010 0.4503
vn 0.8888 0.0011 0.4582
vn 0.8601 -0.0010 0.5102
vn 0.8231 -0.0010 0.5679
vn 0.8180 0.0011 0.5753
vn 0.7822 -0.0010 0.6231
vn 0.7766 0.0011 0.6300
vn 0.7374 -0.0010 0.6754
vn 0.7313 0.0011 0.6820
vn 0.6890 -0.0010 0.7248
vn 0.6826 0.0010 0.7308
vn 0.6374 -0.0011 0.7705
vn 0.6304 0.0011 0.7763
vn 0.5823 -0.0011 0.8129
vn 0.5750 0.0011 0.8181
vn 0.5245 -0.0011 0.8514
vn 0.5168 0.0011 0.8561
vn 0.4638 -0.0011 0.8859
vn 0.4559 0.0010 0.8900
vn 0.4010 -0.0011 0.9161
vn 0.3928 0.0011 0.9196
vn 0.3360 -0.0010 0.9419
vn 0.3275 0.0011 0.9449
vn 0.2692 -0.0011 0.9631
vn 0.2009 -0.0011 0.9796
vn 0.1318 -0.0011 0.9913
vn 0.1228 0.0011 0.9924
vn 0.0618 -0.0011 0.9981
vn -0.0086 -0.0011 1.0000
vn -0.0177 0.0011 0.9998
vn -0.0787 -0.0010 0.9969
vn -0.0877 0.0010 0.9961
vn -0.1485 -0.0011 0.9889
vn -0.1576 0.0011 0.9875
vn -0.2176 -0.0010 0.9760
vn -0.2263 0.0010 0.9740
vn -0.2853 -0.0011 0.9584
vn -0.2940 0.0010 0.9558
vn -0.3518 -0.0011 0.9361
vn -0.3599 0.0010 0.9330
vn -0.4162 -0.0011 0.9093
vn -0.4245 0.0011 0.9054
vn -0.4789 -0.0010 0.8779
vn -0.4866 0.0010 0.8736
vn -0.5387 -0.0011 0.8425
vn -0.5464 0.0011 0.8375
vn -0.5959 -0.0010 0.8031
vn -0.6030 0.0011 0.7978
vn -0.6502 -0.0011 0.7598
vn -0.6569 0.0010 0.7539
vn -0.7010 -0.0011 0.7132
vn -0.7074 0.0011 0.7069
vn -0.7487 -0.0011 0.6629
vn -0.7544 0.0010 0.6564
vn -0.7924 -0.0011 0.6101
vn -0.7978 0.0010 0.6029
vn -0.8323 -0.0011 0.5543
vn -0.8373 0.0011 0.5467
vn -0.8684 -0.0010 0.4959
vn -0.8726 0.0010 0.4884
vn -0.9002 -0.0011 0.4356
vn -0.9041 0.0011 0.4274
vn -0.9278 -0.0010 0.3731
vn -0.9310 0.0010 0.3650
vn -0.9510 -0.0010 0.3091
vn -0.9537 0.0010 0.3008
vn -0.9698 -0.0011 0.2437
vn -0.9719 0.0010 0.2352
vn -0.9841 -0.0011 0.1775
vn -0.9856 0.0010 0.1688
vn -0.9939 -0.0011 0.1103
vn -0.9948 0.0010 0.1015
vn -0.9991 -0.0010 0.0427
vn -0.9994 0.0010 0.0339
vn -0.9997 -0.0010 -0.0251
vn -0.9994 0.0011 -0.0339
vn -0.9957 -0.0010 -0.0928
vn -0.9948 0.0010 -0.1015
vn -0.9871 -0.0011 -0.1602
vn -0.9856 0.0010 -0.1688
vn -0.9740 -0.0011 -0.2266
vn -0.9563 -0.0010 -0.2925
vn -0.9537 0.0010 -0.3008
vn -0.9342 -0.0011 -0.3567
vn -0.9310 0.0010 -0.3650
vn -0.9077 -0.0010 -0.4196
vn -0.9041 0.0010 -0.4274
vn -0.8770 -0.0011 -0.4805
vn -0.8726 0.0011 -0.4884
vn -0.8420 -0.0010 -0.5394
vn -0.8373 0.0010 -0.5467
vn -0.8031 -0.0011 -0.5958
vn -0.7978 0.0010 -0.6029
vn -0.7603 -0.0011 -0.6496
vn -0.7544 0.0010 -0.6564
vn -0.7137 -0.0011 -0.7005
vn -0.7074 0.0011 -0.7069
vn -0.6636 -0.0011 -0.7481
vn -0.6102 -0.0011 -0.7922
vn -0.6031 0.0010 -0.7977
vn -0.5537 -0.0011 -0.8327
vn -0.5462 0.0010 -0.8376
vn -0.4944 -0.0011 -0.8692
vn -0.4867 0.0010 -0.8736
vn -0.4328 -0.0011 -0.9015
vn -0.3687 -0.0010 -0.9296
vn -0.3603 0.0011 -0.9328
vn -0.3027 -0.0011 -0.9531
vn -0.2940 0.0011 -0.9558
vn -0.2353 -0.0011 -0.9719
vn -0.2262 0.0011 -0.9741
vn -0.1667 -0.0010 -0.9860
vn -0.1574 0.0010 -0.9875
vn -0.0970 -0.0011 -0.9953
vn -0.0267 -0.0010 -0.9996
vn -0.0176 0.0011 -0.9998
vn 0.0437 -0.0011 -0.9990
vn 0.1137 -0.0011 -0.9935
vn 0.1225 0.0011 -0.9925
vn 0.1831 -0.0011 -0.9831
vn 0.2515 -0.0011 -0.9678
vn 0.3190 -0.0010 -0.9478
vn 0.3273 0.0010 -0.9449
vn 0.3844 -0.0011 -0.9232
vn 0.3927 0.0010 -0.9197
vn 0.4477 -0.0011 -0.8942
vn 0.5091 -0.0010 -0.8607
vn 0.5168 0.0011 -0.8561
vn 0.5677 -0.0010 -0.8232
vn 0.5750 0.0011 -0.8181
vn 0.6234 -0.0010 -0.7819
vn 0.6304 0.0011 -0.7763
vn -0.9994 0.0000 -0.0340
vn -0.9994 0.0000 0.0340
vn -0.9948 0.0000 0.1015
vn -0.9857 0.0000 0.1688
vn -0.9719 0.0000 0.2352
vn -0.9537 0.0000 0.3008
vn -0.9310 0.0000 0.3649
vn -0.9040 0.0000 0.4276
vn -0.8727 0.0000 0.4882
vn -0.8372 0.0000 0.5468
vn -0.7977 0.0000 0.6030
vn -0.7544 0.0000 0.6564
vn -0.7074 0.0000 0.7068
vn -0.6570 0.0000 0.7539
vn -0.6030 0.0000 0.7977
vn -0.5462 0.0000 0.8376
vn -0.4866 0.0000 0.8736
vn -0.4247 0.0000 0.9053
vn -0.3602 0.0000 0.9329
vn -0.2941 0.0000 0.9558
vn -0.2264 0.0000 0.9740
vn -0.1575 0.0000 0.9875
vn -0.0877 0.0000 0.9961
vn -0.0176 0.0000 0.9998
vn 0.0527 0.0000 0.9986
vn 0.1227 0.0000 0.9924
vn 0.1920 0.0000 0.9814
vn 0.2605 0.0000 0.9655
vn 0.3274 0.0000 0.9449
vn 0.3927 0.0000 0.9197
vn 0.4558 0.0000 0.8901
vn 0.5167 0.0000 0.8561
vn 0.5748 0.0000 0.8183
vn 0.5752 0.0000 0.8180
vn 0.6302 0.0000 0.7764
vn 0.6826 0.0000 0.7308
vn 0.7313 0.0000 0.6821
vn 0.7767 0.0000 0.6299
vn 0.8180 0.0000 0.5752
vn 0.8555 0.0000 0.5178
vn 0.8889 0.0000 0.4582
vn 0.9181 0.0000 0.3964
vn 0.9429 0.0000 0.3330
vn 0.9634 0.0000 0.2680
vn 0.9793 0.0000 0.2023
vn 0.9908 0.0000 0.1352
vn 0.9977 0.0000 0.0677
vn 0.9977 0.0000 -0.0677
vn 0.9908 0.0000 -0.1353
vn 0.9793 0.0000 -0.2023
vn 0.9634 0.0000 -0.2680
vn 0.9429 0.0000 -0.3330
vn 0.9180 0.0000 -0.3965
vn 0.8889 0.0000 -0.4581
vn 0.8555 0.0000 -0.5178
vn 0.8180 0.0000 -0.5752
vn 0.7766 0.0000 -0.6300
vn 0.7314 0.0000 -0.6820
vn 0.6825 0.0000 -0.7309
vn 0.6304 0.0000 -0.7763
vn 0.5752 0.0000 -0.8180
vn 0.5166 0.0000 -0.8562
vn 0.4560 0.0000 -0.8900
vn 0.3927 0.0000 -0.9197
vn 0.3274 0.0000 -0.9449
vn 0.2603 0.0000 -0.9655
vn 0.1922 0.0000 -0.9814
vn 0.1918 -0.0000 -0.9814
vn 0.1227 0.0000 -0.9924
vn 0.1226 0.0000 -0.9925
vn 0.0527 0.0000 -0.9986
vn -0.0178 -0.0000 -0.9998
vn -0.0180 -0.0000 -0.9998
vn -0.0879 0.0000 -0.9961
vn -0.1578 -0.0000 -0.9875
vn -0.1574 0.0000 -0.9875
vn -0.2263 0.0000 -0.9741
vn -0.2263 0.0000 -0.9740
vn -0.2942 0.0000 -0.9558
vn -0.3602 0.0000 -0.9329
vn -0.4245 0.0000 -0.9054
vn -0.4867 0.0000 -0.8735
vn -0.5462 0.0000 -0.8376
vn -0.6032 0.0000 -0.7976
vn -0.6568 0.0000 -0.7540
vn -0.7075 0.0000 -0.7068
vn -0.7074 0.0000 -0.7068
vn -0.7544 0.0000 -0.6564
vn -0.7977 0.0000 -0.6030
vn -0.8372 0.0000 -0.5468
vn -0.8728 0.0000 -0.4882
vn -0.8727 0.0000 -0.4882
vn -0.9040 0.0000 -0.4276
vn -0.9311 0.0000 -0.3648
vn -0.9537 0.0000 -0.3008
vn -0.9719 0.0000 -0.2352
vn -0.9857 0.0000 -0.1688
vn -0.9948 0.0000 -0.1015
vn -0.9040 0.0000 0.4275
vn -0.8727 0.0000 0.4883
vn -0.7978 0.0000 0.6029
vn -0.6568 0.0000 0.7540
vn -0.5463 0.0000 0.8376
vn -0.5464 0.0000 0.8376
vn -0.4245 0.0000 0.9054
vn -0.3600 0.0000 0.9329
vn -0.2940 0.0000 0.9558
vn -0.2263 0.0000 0.9740
vn -0.2263 0.0000 0.9741
vn -0.1576 0.0000 0.9875
vn -0.0177 0.0000 0.9998
vn 0.1225 0.0000 0.9925
vn 0.1228 0.0000 0.9924
vn 0.3929 0.0000 0.9196
vn 0.3928 -0.0000 0.9196
vn 0.4560 0.0000 0.8900
vn 0.4557 0.0000 0.8901
vn 0.5167 0.0000 0.8562
vn 0.5751 0.0000 0.8181
vn 0.6304 0.0000 0.7763
vn 0.8179 0.0000 0.5753
vn 0.9908 0.0000 -0.1352
vn 0.9794 -0.0000 -0.2020
vn 0.9429 0.0000 -0.3331
vn 0.9181 0.0000 -0.3964
vn 0.8889 0.0000 -0.4582
vn 0.7313 0.0000 -0.6821
vn 0.6826 0.0000 -0.7308
vn 0.5751 0.0000 -0.8181
vn 0.5167 0.0000 -0.8562
vn 0.5167 0.0000 -0.8561
vn 0.3273 0.0000 -0.9449
vn 0.2605 0.0000 -0.9655
vn 0.1920 0.0000 -0.9814
vn 0.1228 0.0000 -0.9924
vn -0.0176 0.0000 -0.9998
vn -0.0877 0.0000 -0.9961
vn -0.0878 0.0000 -0.9961
vn -0.2265 0.0000 -0.9740
vn -0.2262 -0.0000 -0.9741
vn -0.2940 0.0000 -0.9558
vn -0.3604 0.0000 -0.9328
vn -0.4869 -0.0000 -0.8735
vn -0.7978 0.0000 -0.6029
vn -0.8727 0.0000 -0.4883
vn -0.9040 0.0000 -0.4275
vn -0.9310 0.0000 -0.3649
vn -0.9994 -0.0000 -0.0339
vn -0.9994 0.0000 0.0339
vn -0.9948 0.0000 0.1016
vn -0.9857 0.0000 0.1687
vn -0.9310 0.0000 0.3650
vn -0.9041 0.0000 0.4274
vn -0.7978 0.0000 0.6030
vn -0.7545 0.0000 0.6564
vn -0.6569 0.0000 0.7540
vn -0.4246 0.0000 0.9054
vn -0.3603 0.0000 0.9328
vn 0.2604 0.0000 0.9655
vn 0.3926 0.0000 0.9197
vn 0.4559 0.0000 0.8900
vn 0.6303 -0.0000 0.7763
vn 0.7314 0.0000 0.6820
vn 0.7765 0.0000 0.6301
vn 0.9429 0.0000 0.3332
vn 0.9634 0.0000 0.2682
vn 0.9634 0.0000 -0.2682
vn 0.9430 0.0000 -0.3329
vn 0.7765 -0.0000 -0.6301
vn 0.6303 0.0000 -0.7763
vn 0.4559 0.0000 -0.8900
vn 0.2604 0.0000 -0.9655
vn -0.1575 0.0000 -0.9875
vn -0.2264 0.0000 -0.9740
vn -0.2941 0.0000 -0.9558
vn -0.3603 0.0000 -0.9328
vn -0.3603 0.0000 -0.9329
vn -0.4867 0.0000 -0.8736
vn -0.6031 0.0000 -0.7977
vn -0.6569 0.0000 -0.7540
vn -0.7978 0.0000 -0.6030
vn -0.9041 0.0000 -0.4274
vn -0.9310 0.0000 -0.3650
vn -0.9857 -0.0000 -0.1687
vn -0.9948 0.0000 -0.1016
vn -0.4642 0.0000 0.8857
vn -0.4420 -0.0019 0.8970
vn -0.4245 0.0019 0.9054
vn -0.3781 -0.0018 0.9258
vn -0.3604 0.0019 0.9328
vn -0.3126 -0.0019 0.9499
vn -0.2940 0.0019 0.9558
vn -0.2451 -0.0019 0.9695
vn -0.2263 0.0019 0.9740
vn -0.1766 -0.0019 0.9843
vn -0.1576 0.0019 0.9875
vn -0.1071 -0.0019 0.9942
vn -0.0877 0.0019 0.9961
vn -0.0369 -0.0019 0.9993
vn -0.0177 0.0019 0.9998
vn 0.0338 -0.0018 0.9994
vn 0.0527 0.0019 0.9986
vn 0.1033 -0.0019 0.9946
vn 0.1228 0.0019 0.9924
vn 0.1730 -0.0019 0.9849
vn 0.1920 0.0019 0.9814
vn 0.2416 -0.0019 0.9704
vn 0.2605 0.0019 0.9655
vn 0.3093 -0.0019 0.9510
vn 0.3275 0.0019 0.9449
vn 0.3747 -0.0018 0.9271
vn 0.3924 0.0019 0.9198
vn 0.4388 -0.0019 0.8986
vn 0.4560 0.0019 0.8900
vn 0.5003 -0.0019 0.8658
vn 0.5167 0.0019 0.8562
vn 0.5594 -0.0019 0.8289
vn 0.5751 0.0018 0.8181
vn 0.6154 -0.0019 0.7882
vn 0.6304 0.0019 0.7763
vn 0.6683 -0.0019 0.7439
vn 0.6826 0.0018 0.7308
vn 0.7183 -0.0019 0.6957
vn 0.7314 0.0019 0.6820
vn 0.7646 -0.0018 0.6445
vn 0.7766 0.0019 0.6300
vn 0.8070 -0.0018 0.5905
vn 0.8179 0.0019 0.5753
vn 0.8456 -0.0019 0.5338
vn 0.8553 0.0019 0.5182
vn 0.8801 -0.0018 0.4747
vn 0.8889 0.0018 0.4582
vn 0.9105 -0.0019 0.4136
vn 0.9181 0.0018 0.3964
vn 0.9365 -0.0018 0.3506
vn 0.9430 0.0019 0.3329
vn 0.9582 -0.0018 0.2860
vn 0.9634 0.0019 0.2682
vn 0.9754 -0.0018 0.2203
vn 0.9794 0.0019 0.2020
vn 0.9794 0.0018 0.2020
vn 0.9881 -0.0019 0.1536
vn 0.9908 0.0018 0.1352
vn 0.9963 -0.0019 0.0862
vn 0.9977 0.0018 0.0677
vn 0.9998 -0.0019 0.0185
vn 1.0000 0.0018 0.0000
vn 0.9988 -0.0019 -0.0492
vn 0.9977 0.0018 -0.0677
vn 0.9931 -0.0019 -0.1169
vn 0.9908 0.0018 -0.1352
vn 0.9830 -0.0019 -0.1837
vn 0.9793 0.0019 -0.2023
vn 0.9682 -0.0018 -0.2503
vn 0.9634 0.0019 -0.2682
vn 0.9490 -0.0018 -0.3153
vn 0.9429 0.0019 -0.3329
vn 0.9253 -0.0018 -0.3792
vn 0.9181 0.0019 -0.3964
vn 0.8973 -0.0018 -0.4413
vn 0.8889 0.0018 -0.4582
vn 0.8650 -0.0019 -0.5018
vn 0.8555 0.0018 -0.5178
vn 0.8287 -0.0019 -0.5597
vn 0.8180 0.0018 -0.5752
vn 0.7881 -0.0018 -0.6156
vn 0.7765 0.0019 -0.6301
vn 0.7440 -0.0018 -0.6682
vn 0.7314 0.0019 -0.6820
vn 0.6962 -0.0018 -0.7178
vn 0.6826 0.0019 -0.7308
vn 0.6449 -0.0019 -0.7642
vn 0.6304 0.0019 -0.7763
vn 0.5905 -0.0018 -0.8071
vn 0.5751 0.0019 -0.8181
vn 0.5329 -0.0019 -0.8462
vn 0.5167 0.0019 -0.8561
vn 0.4728 -0.0019 -0.8812
vn 0.4560 0.0019 -0.8900
vn 0.4100 -0.0019 -0.9121
vn 0.3930 0.0019 -0.9195
vn 0.3454 -0.0019 -0.9384
vn 0.3273 0.0019 -0.9449
vn 0.2788 -0.0019 -0.9603
vn 0.2605 0.0019 -0.9655
vn 0.2108 -0.0019 -0.9775
vn 0.1920 0.0019 -0.9814
vn 0.1418 -0.0018 -0.9899
vn 0.1228 0.0019 -0.9924
vn 0.0717 -0.0019 -0.9974
vn 0.0527 0.0019 -0.9986
vn 0.0016 -0.0019 -1.0000
vn -0.0176 0.0019 -0.9998
vn -0.0687 -0.0019 -0.9976
vn -0.0877 0.0019 -0.9961
vn -0.1386 -0.0019 -0.9903
vn -0.1574 0.0018 -0.9875
vn -0.2077 -0.0019 -0.9782
vn -0.2262 0.0019 -0.9741
vn -0.2758 -0.0018 -0.9612
vn -0.2940 0.0019 -0.9558
vn -0.3424 -0.0019 -0.9396
vn -0.3604 0.0019 -0.9328
vn -0.4073 -0.0018 -0.9133
vn -0.4245 0.0019 -0.9054
vn -0.4700 -0.0018 -0.8827
vn -0.4866 0.0019 -0.8736
vn -0.5303 -0.0018 -0.8478
vn -0.5462 0.0019 -0.8376
vn -0.5881 -0.0018 -0.8088
vn -0.6031 0.0018 -0.7977
vn -0.6426 -0.0019 -0.7662
vn -0.6568 0.0018 -0.7540
vn -0.6941 -0.0019 -0.7199
vn -0.7074 0.0018 -0.7068
vn -0.7420 -0.0019 -0.6704
vn -0.7544 0.0018 -0.6564
vn -0.7864 -0.0019 -0.6178
vn -0.7978 0.0019 -0.6029
vn -0.8269 -0.0018 -0.5623
vn -0.8372 0.0018 -0.5468
vn -0.8635 -0.0018 -0.5043
vn -0.8727 0.0018 -0.4883
vn -0.8959 -0.0018 -0.4442
vn -0.9041 0.0019 -0.4274
vn -0.9242 -0.0018 -0.3820
vn -0.9310 0.0018 -0.3650
vn -0.9480 -0.0018 -0.3183
vn -0.9537 0.0018 -0.3008
vn -0.9675 -0.0018 -0.2528
vn -0.9719 0.0019 -0.2352
vn -0.9824 -0.0018 -0.1867
vn -0.9857 0.0018 -0.1687
vn -0.9928 -0.0018 -0.1200
vn -0.9948 0.0019 -0.1016
vn -0.9986 -0.0019 -0.0526
vn -0.9994 0.0018 -0.0339
vn -0.9999 -0.0019 0.0156
vn -0.9994 0.0018 0.0339
vn -0.9965 -0.0018 0.0833
vn -0.9948 0.0018 0.1016
vn -0.9886 -0.0018 0.1505
vn -0.9857 0.0018 0.1687
vn -0.9761 -0.0018 0.2173
vn -0.9719 0.0018 0.2352
vn -0.9591 -0.0018 0.2831
vn -0.9537 0.0019 0.3008
vn -0.9376 -0.0018 0.3478
vn -0.9310 0.0019 0.3650
vn -0.9117 -0.0018 0.4109
vn -0.9041 0.0018 0.4274
vn -0.8815 -0.0019 0.4721
vn -0.8727 0.0018 0.4883
vn -0.8473 -0.0019 0.5312
vn -0.8372 0.0018 0.5468
vn -0.8089 -0.0018 0.5880
vn -0.7978 0.0018 0.6029
vn -0.7665 -0.0018 0.6422
vn -0.7544 0.0018 0.6564
vn -0.7205 -0.0018 0.6935
vn -0.7074 0.0018 0.7068
vn -0.6711 -0.0018 0.7414
vn -0.6568 0.0018 0.7540
vn -0.6180 -0.0019 0.7861
vn -0.6030 0.0019 0.7978
vn -0.5619 -0.0018 0.8272
vn -0.5544 0.0000 0.8323
vn -0.5458 0.0021 0.8379
vn -0.5230 -0.0002 0.8523
vn -0.5029 0.0003 0.8643
vn -0.4866 0.0026 0.8736
vn -0.4834 0.0019 0.8754
vn -0.8729 -0.0000 0.4880
vn -0.8728 0.0000 0.4881
vn -0.8373 -0.0000 0.5467
vn -0.7544 0.0000 0.6565
vn 0.6304 -0.0000 0.7762
vn 0.6825 -0.0000 0.7309
vn 0.7766 0.0000 0.6299
vn 0.9794 0.0000 0.2021
vn 0.9794 0.0000 -0.2021
vn 0.6304 0.0000 -0.7762
vn -0.6570 0.0000 -0.7539
vn -0.7543 0.0000 -0.6565
vn -0.8373 0.0000 -0.5467
vn -0.8726 0.0000 -0.4884
vn -0.5044 0.0000 -0.8635
vn -0.5218 -0.0023 -0.8531
vn -0.5796 -0.0023 -0.8149
vn -0.6348 -0.0023 -0.7727
vn -0.6568 0.0023 -0.7540
vn -0.6868 -0.0023 -0.7269
vn -0.7074 0.0023 -0.7068
vn -0.7351 -0.0023 -0.6779
vn -0.7802 -0.0023 -0.6256
vn -0.7977 0.0023 -0.6030
vn -0.8212 -0.0023 -0.5706
vn -0.8372 0.0022 -0.5468
vn -0.8584 -0.0023 -0.5130
vn -0.8727 0.0022 -0.4882
vn -0.8914 -0.0023 -0.4532
vn -0.9040 0.0023 -0.4274
vn -0.9203 -0.0022 -0.3913
vn -0.9310 0.0023 -0.3649
vn -0.9448 -0.0023 -0.3278
vn -0.9537 0.0022 -0.3008
vn -0.9648 -0.0023 -0.2629
vn -0.9804 -0.0022 -0.1968
vn -0.9857 0.0023 -0.1687
vn -0.9915 -0.0022 -0.1298
vn -0.9948 0.0023 -0.1016
vn -0.9981 -0.0022 -0.0622
vn -0.9994 0.0022 -0.0339
vn -1.0000 -0.0023 0.0055
vn -0.9994 0.0022 0.0339
vn -0.9973 -0.0023 0.0730
vn -0.9948 0.0023 0.1017
vn -0.9901 -0.0022 0.1406
vn -0.9857 0.0023 0.1687
vn -0.9783 -0.0023 0.2073
vn -0.9719 0.0022 0.2352
vn -0.9619 -0.0023 0.2734
vn -0.9537 0.0022 0.3007
vn -0.9411 -0.0023 0.3381
vn -0.9159 -0.0022 0.4013
vn -0.9040 0.0023 0.4274
vn -0.8864 -0.0023 0.4629
vn -0.8727 0.0023 0.4882
vn -0.8527 -0.0023 0.5224
vn -0.8372 0.0023 0.5468
vn -0.8149 -0.0023 0.5796
vn -0.7977 0.0022 0.6030
vn -0.7731 -0.0023 0.6343
vn -0.7276 -0.0023 0.6860
vn -0.7074 0.0023 0.7068
vn -0.6786 -0.0023 0.7345
vn -0.6569 0.0023 0.7539
vn -0.6261 -0.0023 0.7798
vn -0.6030 0.0022 0.7978
vn -0.5707 -0.0023 0.8212
vn -0.5462 0.0023 0.8376
vn -0.5121 -0.0023 0.8589
vn -0.4866 0.0023 0.8736
vn -0.4509 -0.0023 0.8926
vn -0.4247 0.0023 0.9054
vn -0.3875 -0.0023 0.9219
vn -0.3603 0.0023 0.9328
vn -0.3221 -0.0023 0.9467
vn -0.2552 -0.0023 0.9669
vn -0.1867 -0.0023 0.9824
vn -0.1172 -0.0023 0.9931
vn -0.0473 -0.0023 0.9989
vn 0.0230 -0.0023 0.9997
vn 0.0932 -0.0023 0.9956
vn 0.1628 -0.0023 0.9867
vn 0.2316 -0.0023 0.9728
vn 0.2992 -0.0023 0.9542
vn 0.3275 0.0023 0.9449
vn 0.3654 -0.0023 0.9308
vn 0.3926 0.0023 0.9197
vn 0.4292 -0.0023 0.9032
vn 0.4558 0.0023 0.8901
vn 0.4914 -0.0023 0.8709
vn 0.5167 0.0023 0.8561
vn 0.5506 -0.0023 0.8347
vn 0.5752 0.0023 0.8180
vn 0.6073 -0.0023 0.7944
vn 0.6302 0.0023 0.7764
vn 0.6608 -0.0023 0.7505
vn 0.7111 -0.0023 0.7031
vn 0.7314 0.0023 0.6820
vn 0.7578 -0.0023 0.6525
vn 0.8009 -0.0023 0.5987
vn 0.8400 -0.0023 0.5425
vn 0.8752 -0.0023 0.4838
vn 0.9062 -0.0023 0.4228
vn 0.9181 0.0022 0.3964
vn 0.9329 -0.0023 0.3602
vn 0.9430 0.0023 0.3329
vn 0.9552 -0.0022 0.2958
vn 0.9731 -0.0023 0.2303
vn 0.9793 0.0022 0.2023
vn 0.9865 -0.0023 0.1639
vn 0.9953 -0.0023 0.0965
vn 0.9996 -0.0023 0.0288
vn 0.9992 -0.0023 -0.0389
vn 0.9977 0.0022 -0.0677
vn 0.9943 -0.0022 -0.1063
vn 0.9908 0.0022 -0.1353
vn 0.9848 -0.0023 -0.1736
vn 0.9793 0.0023 -0.2023
vn 0.9708 -0.0022 -0.2400
vn 0.9634 0.0023 -0.2682
vn 0.9522 -0.0022 -0.3056
vn 0.9428 0.0023 -0.3333
vn 0.9292 -0.0023 -0.3695
vn 0.9180 0.0023 -0.3965
vn 0.9018 -0.0023 -0.4321
vn 0.8889 0.0023 -0.4581
vn 0.8703 -0.0023 -0.4926
vn 0.8346 -0.0023 -0.5509
vn 0.7946 -0.0023 -0.6071
vn 0.7765 0.0023 -0.6301
vn 0.7512 -0.0023 -0.6600
vn 0.7315 0.0023 -0.6819
vn 0.7038 -0.0023 -0.7104
vn 0.6825 0.0023 -0.7309
vn 0.6532 -0.0023 -0.7572
vn 0.6304 0.0023 -0.7763
vn 0.5990 -0.0023 -0.8008
vn 0.5750 0.0023 -0.8182
vn 0.5422 -0.0023 -0.8402
vn 0.5166 0.0023 -0.8562
vn 0.4821 -0.0023 -0.8761
vn 0.4560 0.0023 -0.8900
vn 0.4200 -0.0023 -0.9075
vn 0.3929 0.0023 -0.9196
vn 0.3557 -0.0023 -0.9346
vn 0.3272 0.0023 -0.9450
vn 0.2893 -0.0023 -0.9572
vn 0.2606 0.0023 -0.9654
vn 0.2215 -0.0023 -0.9752
vn 0.1919 0.0023 -0.9814
vn 0.1525 -0.0023 -0.9883
vn 0.1226 0.0023 -0.9924
vn 0.0826 -0.0023 -0.9966
vn 0.0126 -0.0023 -0.9999
vn -0.0178 0.0023 -0.9998
vn -0.0576 -0.0023 -0.9983
vn -0.0879 0.0023 -0.9961
vn -0.1276 -0.0023 -0.9918
vn -0.1574 0.0023 -0.9875
vn -0.1969 -0.0023 -0.9804
vn -0.2652 -0.0023 -0.9642
vn -0.2942 0.0023 -0.9558
vn -0.3321 -0.0023 -0.9433
vn -0.3971 -0.0023 -0.9178
vn -0.4107 0.0000 -0.9117
vn -0.4245 0.0026 -0.9054
vn -0.4401 0.0004 -0.8980
vn -0.4606 -0.0003 -0.8876
vn -0.4815 0.0015 -0.8764
vn -0.4867 0.0026 -0.8736
vn 0.8962 0.4436 0.0000
vn 0.0000 0.4501 0.8930
vn -0.8962 0.4436 0.0000
vn 0.0000 0.4501 -0.8930
usemtl DefaultMaterial
s 1
f 1//1 2//1 3//1
f 4//2 5//2 6//2
f 7//3 8//3 9//3
f 10//3 11//3 12//3
f 13//4 14//4 15//4
f 16//4 17//4 18//4
f 19//5 20//5 21//5
f 22//5 23//5 24//5
f 25//6 26//6 27//6
f 28//6 29//6 30//6
f 31//7 32//7 33//7
f 34//7 35//7 36//7
f 37//8 38//8 39//8
f 40//8 41//8 42//8
f 43//9 44//9 45//9
f 46//9 47//9 48//9
f 49//10 50//10 51//10
f 52//10 53//10 54//10
f 55//11 56//11 57//11
f 58//12 59//12 60//12
f 61//13 62//13 63//13
f 64//14 65//14 66//14
f 67//15 68//15 69//15
f 70//15 71//15 72//15
f 73//16 74//16 75//16
f 76//16 77//16 78//16
f 79//17 80//17 81//17
f 82//17 83//17 84//17
f 85//18 86//18 87//18
f 88//18 89//18 90//18
f 91//19 92//19 93//19
f 94//19 95//19 96//19
f 97//20 98//20 99//20
f 100//21 101//21 102//21
f 103//22 104//22 105//22
f 106//23 107//23 108//23
f 109//24 110//24 111//24
f 112//25 113//25 114//25
f 115//26 116//26 117//26
f 118//26 119//26 120//26
f 121//27 122//27 123//27
f 124//27 125//27 126//27
f 127//28 128//28 129//28
f 130//28 131//28 132//28
f 133//29 134//29 135//29
f 136//30 137//30 138//30
f 139//31 140//31 141//31
f 142//31 143//31 144//31
f 145//32 146//32 147//32
f 148//32 149//32 150//32
f 151//33 152//33 153//33
f 154//33 155//33 156//33
f 157//34 158//34 159//34
f 160//34 161//34 162//34
f 163//35 164//35 165//35
f 166//35 167//35 168//35
f 169//36 170//36 171//36
f 172//36 173//36 174//36
f 175//37 176//37 177//37
f 178//38 179//38 180//38
f 181//39 182//39 183//39
f 184//39 185//39 186//39
f 187//40 188//40 189//40
f 190//41 191//41 192//41
f 193//42 194//42 195//42
f 196//42 197//42 198//42
f 199//43 200//43 201//43
f 202//43 203//43 204//43
f 205//44 206//44 207//44
f 208//44 209//44 210//44
f 211//45 212//45 213//45
f 214//46 215//46 216//46
f 217//47 218//47 219//47
f 220//47 221//47 222//47
f 223//48 224//48 225//48
f 226//48 227//48 228//48
f 229//49 230//49 231//49
f 232//49 233//49 234//49
f 235//50 236//50 237//50
f 238//51 239//51 240//51
f 241//52 242//52 243//52
f 244//53 245//53 246//53
f 247//54 248//54 249//54
f 250//54 251//54 252//54
f 253//55 254//55 255//55
f 256//56 257//56 258//56
f 259//57 260//57 261//57
f 262//57 263//57 264//57
f 265//58 266//58 267//58
f 268//59 269//59 270//59
f 271//60 272//60 273//60
f 274//60 275//60 276//60
f 277//61 278//61 279//61
f 280//61 281//61 282//61
f 283//62 284//62 285//62
f 286//62 287//62 288//62
f 289//63 290//63 291//63
f 292//63 293//63 294//63
f 295//64 296//64 297//64
f 298//64 299//64 300//64
f 301//65 302//65 303//65
f 304//65 305//65 306//65
f 307//66 308//66 309//66
f 310//66 311//66 312//66
f 313//67 314//67 315//67
f 316//67 317//67 318//67
f 319//67 320//67 321//67
f 322//67 323//67 324//67
f 325//67 326//67 327//67
f 328//67 329//67 330//67
f 331//67 332//67 333//67
f 334//67 335//67 336//67
f 337//67 338//67 339//67
f 340//67 341//67 342//67
f 343//67 344//67 345//67
f 346//67 347//67 348//67
f 349//67 350//67 351//67
f 352//67 353//67 354//67
f 355//67 356//67 357//67
f 358//67 359//67 360//67
f 361//67 362//67 363//67
f 364//67 365//67 366//67
f 367//67 368//67 369//67
f 370//67 371//67 372//67
f 373//67 374//67 375//67
f 376//67 377//67 378//67
f 379//67 380//67 381//67
f 382//67 383//67 384//67
f 385//67 386//67 387//67
f 388//67 389//67 390//67
f 391//67 392//67 393//67
f 394//67 395//67 396//67
f 397//67 398//67 399//67
f 400//67 401//67 402//67
f 403//67 404//67 405//67
f 406//67 407//67 408//67
f 409//67 410//67 411//67
f 412//67 413//67 414//67
f 415//67 416//67 417//67
f 418//67 419//67 420//67
f 421//67 422//67 423//67
f 424//67 425//67 426//67
f 427//67 428//67 429//67
f 430//67 431//67 432//67
f 433//67 434//67 435//67
f 436//67 437//67 438//67
f 439//67 440//67 441//67
f 442//67 443//67 444//67
f 445//67 446//67 447//67
f 448//67 449//67 450//67
f 451//67 452//67 453//67
f 454//67 455//67 456//67
f 457//67 458//67 459//67
f 460//67 461//67 462//67
f 463//2 464//2 465//2
f 466//68 467//68 468//68
f 469//69 470//69 471//69
f 472//69 473//69 474//69
f 475//70 476//70 477//70
f 478//70 479//70 480//70
f 481//5 482//5 483//5
f 484//5 485//5 486//5
f 487//6 488//6 489//6
f 490//6 491//6 492//6
f 493//71 494//71 495//71
f 496//71 497//71 498//71
f 499//8 500//8 501//8
f 502//8 503//8 504//8
f 505//9 506//9 507//9
f 508//9 509//9 510//9
f 511//10 512//10 513//10
f 514//10 515//10 516//10
f 517//72 518//72 519//72
f 520//72 521//72 522//72
f 523//14 524//14 525//14
f 526//73 527//73 528//73
f 529//15 530//15 531//15
f 532//15 533//15 534//15
f 535//16 536//16 537//16
f 538//16 539//16 540//16
f 541//17 542//17 543//17
f 544//17 545//17 546//17
f 547//74 548//74 549//74
f 550//75 551//75 552//75
f 553//76 554//76 555//76
f 556//77 557//77 558//77
f 559//78 560//78 561//78
f 562//78 563//78 564//78
f 565//79 566//79 567//79
f 568//80 569//80 570//80
f 571//81 572//81 573//81
f 574//81 575//81 576//81
f 577//26 578//26 579//26
f 580//26 581//26 582//26
f 583//27 584//27 585//27
f 586//27 587//27 588//27
f 589//82 590//82 591//82
f 592//83 593//83 594//83
f 595//84 596//84 597//84
f 598//84 599//84 600//84
f 601//31 602//31 603//31
f 604//31 605//31 606//31
f 607//32 608//32 609//32
f 610//85 611//85 612//85
f 613//86 614//86 615//86
f 616//86 617//86 618//86
f 619//87 620//87 621//87
f 622//87 623//87 624//87
f 625//88 626//88 627//88
f 628//89 629//89 630//89
f 631//90 632//90 633//90
f 634//90 635//90 636//90
f 637//91 638//91 639//91
f 640//91 641//91 642//91
f 643//92 644//92 645//92
f 646//92 647//92 648//92
f 649//40 650//40 651//40
f 652//40 653//40 654//40
f 655//93 656//93 657//93
f 658//93 659//93 660//93
f 661//94 662//94 663//94
f 664//94 665//94 666//94
f 667//95 668//95 669//95
f 670//96 671//96 672//96
f 673//46 674//46 675//46
f 676//46 677//46 678//46
f 679//97 680//97 681//97
f 682//98 683//98 684//98
f 685//99 686//99 687//99
f 688//99 689//99 690//99
f 691//100 692//100 693//100
f 694//100 695//100 696//100
f 697//101 698//101 699//101
f 700//50 701//50 702//50
f 703//102 704//102 705//102
f 706//102 707//102 708//102
f 709//103 710//103 711//103
f 712//103 713//103 714//103
f 715//56 716//56 717//56
f 718//56 719//56 720//56
f 721//104 722//104 723//104
f 724//104 725//104 726//104
f 727//105 728//105 729//105
f 730//105 731//105 732//105
f 733//106 734//106 735//106
f 736//107 737//107 738//107
f 739//108 740//108 741//108
f 742//108 743//108 744//108
f 745//62 746//62 747//62
f 748//62 749//62 750//62
f 751//109 752//109 753//109
f 754//109 755//109 756//109
f 757//110 758//110 759//110
f 760//110 761//110 762//110
f 763//111 764//111 765//111
f 766//111 767//111 768//111
f 769//112 770//112 771//112
f 772//112 773//112 774//112
f 775//67 776//67 777//67
f 778//67 779//67 780//67
f 781//67 782//67 783//67
f 784//67 785//67 786//67
f 787//67 788//67 789//67
f 790//67 791//67 792//67
f 793//67 794//67 795//67
f 796//67 797//67 798//67
f 799//67 800//67 801//67
f 802//67 803//67 804//67
f 805//67 806//67 807//67
f 808//67 809//67 810//67
f 811//67 812//67 813//67
f 814//67 815//67 816//67
f 817//67 818//67 819//67
f 820//67 821//67 822//67
f 823//67 824//67 825//67
f 826//67 827//67 828//67
f 829//67 830//67 831//67
f 832//67 833//67 834//67
f 835//67 836//67 837//67
f 838//67 839//67 840//67
f 841//67 842//67 843//67
f 844//67 845//67 846//67
f 847//67 848//67 849//67
f 850//67 851//67 852//67
f 853//67 854//67 855//67
f 856//67 857//67 858//67
f 859//67 860//67 861//67
f 862//67 863//67 864//67
f 865//67 866//67 867//67
f 868//67 869//67 870//67
f 871//67 872//67 873//67
f 874//67 875//67 876//67
f 877//67 878//67 879//67
f 880//67 881//67 882//67
f 883//67 884//67 885//67
f 886//67 887//67 888//67
f 889//67 890//67 891//67
f 892//67 893//67 894//67
f 895//67 896//67 897//67
f 898//67 899//67 900//67
f 901//67 902//67 903//67
f 904//67 905//67 906//67
f 907//67 908//67 909//67
f 910//67 911//67 912//67
f 913//67 914//67 915//67
f 916//67 917//67 918//67
f 919//67 920//67 921//67
f 922//67 923//67 924//67
f 925//113 926//113 927//113
f 928//113 929//113 930//113
f 931//114 932//114 933//114
f 934//114 935//114 936//114
f 937//115 938//115 939//115
f 940//115 941//115 942//115
f 943//116 944//116 945//116
f 946//116 947//116 948//116
f 949//6 950//6 951//6
f 952//6 953//6 954//6
f 955//117 956//117 957//117
f 958//117 959//117 960//117
f 961//118 962//118 963//118
f 964//118 965//118 966//118
f 967//9 968//9 969//9
f 970//9 971//9 972//9
f 973//10 974//10 975//10
f 976//10 977//10 978//10
f 979//119 980//119 981//119
f 982//120 983//120 984//120
f 985//14 986//14 987//14
f 988//14 989//14 990//14
f 991//15 992//15 993//15
f 994//15 995//15 996//15
f 997//16 998//16 999//16
f 1000//16 1001//16 1002//16
f 1003//17 1004//17 1005//17
f 1006//17 1007//17 1008//17
f 1009//18 1010//18 1011//18
f 1012//18 1013//18 1014//18
f 1015//19 1016//19 1017//19
f 1018//19 1019//19 1020//19
f 1021//78 1022//78 1023//78
f 1024//78 1025//78 1026//78
f 1027//121 1028//121 1029//121
f 1030//121 1031//121 1032//121
f 1033//122 1034//122 1035//122
f 1036//122 1037//122 1038//122
f 1039//123 1040//123 1041//123
f 1042//123 1043//123 1044//123
f 1045//124 1046//124 1047//124
f 1048//124 1049//124 1050//124
f 1051//125 1052//125 1053//125
f 1054//125 1055//125 1056//125
f 1057//126 1058//126 1059//126
f 1060//126 1061//126 1062//126
f 1063//127 1064//127 1065//127
f 1066//127 1067//127 1068//127
f 1069//128 1070//128 1071//128
f 1072//128 1073//128 1074//128
f 1075//129 1076//129 1077//129
f 1078//129 1079//129 1080//129
f 1081//34 1082//34 1083//34
f 1084//34 1085//34 1086//34
f 1087//35 1088//35 1089//35
f 1090//35 1091//35 1092//35
f 1093//130 1094//130 1095//130
f 1096//130 1097//130 1098//130
f 1099//131 1100//131 1101//131
f 1102//131 1103//131 1104//131
f 1105//39 1106//39 1107//39
f 1108//39 1109//39 1110//39
f 1111//132 1112//132 1113//132
f 1114//132 1115//132 1116//132
f 1117//133 1118//133 1119//133
f 1120//133 1121//133 1122//133
f 1123//134 1124//134 1125//134
f 1126//134 1127//134 1128//134
f 1129//135 1130//135 1131//135
f 1132//135 1133//135 1134//135
f 1135//136 1136//136 1137//136
f 1138//136 1139//136 1140//136
f 1141//47 1142//47 1143//47
f 1144//47 1145//47 1146//47
f 1147//48 1148//48 1149//48
f 1150//99 1151//99 1152//99
f 1153//100 1154//100 1155//100
f 1156//100 1157//100 1158//100
f 1159//101 1160//101 1161//101
f 1162//50 1163//50 1164//50
f 1165//102 1166//102 1167//102
f 1168//102 1169//102 1170//102
f 1171//103 1172//103 1173//103
f 1174//103 1175//103 1176//103
f 1177//56 1178//56 1179//56
f 1180//137 1181//137 1182//137
f 1183//104 1184//104 1185//104
f 1186//104 1187//104 1188//104
f 1189//59 1190//59 1191//59
f 1192//105 1193//105 1194//105
f 1195//138 1196//138 1197//138
f 1198//106 1199//106 1200//106
f 1201//108 1202//108 1203//108
f 1204//108 1205//108 1206//108
f 1207//139 1208//139 1209//139
f 1210//139 1211//139 1212//139
f 1213//140 1214//140 1215//140
f 1216//140 1217//140 1218//140
f 1219//110 1220//110 1221//110
f 1222//110 1223//110 1224//110
f 1225//141 1226//141 1227//141
f 1228//141 1229//141 1230//141
f 1231//142 1232//142 1233//142
f 1234//142 1235//142 1236//142
f 1237//67 1238//67 1239//67
f 1240//67 1241//67 1242//67
f 1243//67 1244//67 1245//67
f 1246//67 1247//67 1248//67
f 1249//67 1250//67 1251//67
f 1252//67 1253//67 1254//67
f 1255//67 1256//67 1257//67
f 1258//67 1259//67 1260//67
f 1261//67 1262//67 1263//67
f 1264//67 1265//67 1266//67
f 1267//67 1268//67 1269//67
f 1270//67 1271//67 1272//67
f 1273//67 1274//67 1275//67
f 1276//67 1277//67 1278//67
f 1279//67 1280//67 1281//67
f 1282//67 1283//67 1284//67
f 1285//67 1286//67 1287//67
f 1288//67 1289//67 1290//67
f 1291//67 1292//67 1293//67
f 1294//67 1295//67 1296//67
f 1297//67 1298//67 1299//67
f 1300//67 1301//67 1302//67
f 1303//67 1304//67 1305//67
f 1306//67 1307//67 1308//67
f 1309//67 1310//67 1311//67
f 1312//67 1313//67 1314//67
f 1315//67 1316//67 1317//67
f 1318//67 1319//67 1320//67
f 1321//67 1322//67 1323//67
f 1324//67 1325//67 1326//67
f 1327//67 1328//67 1329//67
f 1330//67 1331//67 1332//67
f 1333//67 1334//67 1335//67
f 1336//67 1337//67 1338//67
f 1339//67 1340//67 1341//67
f 1342//67 1343//67 1344//67
f 1345//67 1346//67 1347//67
f 1348//67 1349//67 1350//67
f 1351//67 1352//67 1353//67
f 1354//67 1355//67 1356//67
f 1357//67 1358//67 1359//67
f 1360//67 1361//67 1362//67
f 1363//67 1364//67 1365//67
f 1366//67 1367//67 1368//67
f 1369//67 1370//67 1371//67
f 1372//67 1373//67 1374//67
f 1375//67 1376//67 1377//67
f 1378//67 1379//67 1380//67
f 1381//67 1382//67 1383//67
f 1384//67 1385//67 1386//67
f 1387//113 1388//113 1389//113
f 1390//113 1391//113 1392//113
f 1393//114 1394//114 1395//114
f 1396//114 1397//114 1398//114
f 1399//115 1400//115 1401//115
f 1402//115 1403//115 1404//115
f 1405//116 1406//116 1407//116
f 1408//116 1409//116 1410//116
f 1411//6 1412//6 1413//6
f 1414//6 1415//6 1416//6
f 1417//117 1418//117 1419//117
f 1420//117 1421//117 1422//117
f 1423//118 1424//118 1425//118
f 1426//118 1427//118 1428//118
f 1429//9 1430//9 1431//9
f 1432//9 1433//9 1434//9
f 1435//10 1436//10 1437//10
f 1438//10 1439//10 1440//10
f 1441//143 1442//143 1443//143
f 1444//120 1445//120 1446//120
f 1447//144 1448//144 1449//144
f 1450//13 1451//13 1452//13
f 1453//145 1454//145 1455//145
f 1456//146 1457//146 1458//146
f 1459//16 1460//16 1461//16
f 1462//147 1463//147 1464//147
f 1465//17 1466//17 1467//17
f 1468//17 1469//17 1470//17
f 1471//18 1472//18 1473//18
f 1474//75 1475//75 1476//75
f 1477//19 1478//19 1479//19
f 1480//148 1481//148 1482//148
f 1483//21 1484//21 1485//21
f 1486//78 1487//78 1488//78
f 1489//22 1490//22 1491//22
f 1492//149 1493//149 1494//149
f 1495//150 1496//150 1497//150
f 1498//150 1499//150 1500//150
f 1501//123 1502//123 1503//123
f 1504//123 1505//123 1506//123
f 1507//151 1508//151 1509//151
f 1510//124 1511//124 1512//124
f 1513//125 1514//125 1515//125
f 1516//125 1517//125 1518//125
f 1519//126 1520//126 1521//126
f 1522//126 1523//126 1524//126
f 1525//127 1526//127 1527//127
f 1528//127 1529//127 1530//127
f 1531//128 1532//128 1533//128
f 1534//128 1535//128 1536//128
f 1537//33 1538//33 1539//33
f 1540//33 1541//33 1542//33
f 1543//34 1544//34 1545//34
f 1546//34 1547//34 1548//34
f 1549//35 1550//35 1551//35
f 1552//35 1553//35 1554//35
f 1555//36 1556//36 1557//36
f 1558//36 1559//36 1560//36
f 1561//91 1562//91 1563//91
f 1564//91 1565//91 1566//91
f 1567//152 1568//152 1569//152
f 1570//152 1571//152 1572//152
f 1573//132 1574//132 1575//132
f 1576//132 1577//132 1578//132
f 1579//133 1580//133 1581//133
f 1582//133 1583//133 1584//133
f 1585//153 1586//153 1587//153
f 1588//153 1589//153 1590//153
f 1591//96 1592//96 1593//96
f 1594//96 1595//96 1596//96
f 1597//45 1598//45 1599//45
f 1600//45 1601//45 1602//45
f 1603//154 1604//154 1605//154
f 1606//154 1607//154 1608//154
f 1609//99 1610//99 1611//99
f 1612//99 1613//99 1614//99
f 1615//100 1616//100 1617//100
f 1618//155 1619//155 1620//155
f 1621//50 1622//50 1623//50
f 1624//51 1625//51 1626//51
f 1627//102 1628//102 1629//102
f 1630//53 1631//53 1632//53
f 1633//103 1634//103 1635//103
f 1636//54 1637//54 1638//54
f 1639//56 1640//56 1641//56
f 1642//56 1643//56 1644//56
f 1645//156 1646//156 1647//156
f 1648//156 1649//156 1650//156
f 1651//59 1652//59 1653//59
f 1654//157 1655//157 1656//157
f 1657//60 1658//60 1659//60
f 1660//60 1661//60 1662//60
f 1663//61 1664//61 1665//61
f 1666//61 1667//61 1668//61
f 1669//139 1670//139 1671//139
f 1672//139 1673//139 1674//139
f 1675//140 1676//140 1677//140
f 1678//140 1679//140 1680//140
f 1681//64 1682//64 1683//64
f 1684//64 1685//64 1686//64
f 1687//111 1688//111 1689//111
f 1690//111 1691//111 1692//111
f 1693//142 1694//142 1695//142
f 1696//142 1697//142 1698//142
f 1699//67 1700//67 1701//67
f 1702//67 1703//67 1704//67
f 1705//67 1706//67 1707//67
f 1708//67 1709//67 1710//67
f 1711//67 1712//67 1713//67
f 1714//67 1715//67 1716//67
f 1717//67 1718//67 1719//67
f 1720//67 1721//67 1722//67
f 1723//67 1724//67 1725//67
f 1726//67 1727//67 1728//67
f 1729//67 1730//67 1731//67
f 1732//67 1733//67 1734//67
f 1735//67 1736//67 1737//67
f 1738//67 1739//67 1740//67
f 1741//67 1742//67 1743//67
f 1744//67 1745//67 1746//67
f 1747//67 1748//67 1749//67
f 1750//67 1751//67 1752//67
f 1753//67 1754//67 1755//67
f 1756//67 1757//67 1758//67
f 1759//67 1760//67 1761//67
f 1762//67 1763//67 1764//67
f 1765//67 1766//67 1767//67
f 1768//67 1769//67 1770//67
f 1771//67 1772//67 1773//67
f 1774//67 1775//67 1776//67
f 1777//67 1778//67 1779//67
f 1780//67 1781//67 1782//67
f 1783//67 1784//67 1785//67
f 1786//67 1787//67 1788//67
f 1789//67 1790//67 1791//67
f 1792//67 1793//67 1794//67
f 1795//67 1796//67 1797//67
f 1798//67 1799//67 1800//67
f 1801//67 1802//67 1803//67
f 1804//67 1805//67 1806//67
f 1807//67 1808//67 1809//67
f 1810//67 1811//67 1812//67
f 1813//67 1814//67 1815//67
f 1816//67 1817//67 1818//67
f 1819//67 1820//67 1821//67
f 1822//67 1823//67 1824//67
f 1825//67 1826//67 1827//67
f 1828//67 1829//67 1830//67
f 1831//67 1832//67 1833//67
f 1834//67 1835//67 1836//67
f 1837//67 1838//67 1839//67
f 1840//67 1841//67 1842//67
f 1843//67 1844//67 1845//67
f 1846//67 1847//67 1848//67
f 1849//1 1850//1 1851//1
f 1852//1 1853//1 1854//1
f 1855//3 1856//3 1857//3
f 1858//3 1859//3 1860//3
f 1861//70 1862//70 1863//70
f 1864//4 1865//4 1866//4
f 1867//5 1868//5 1869//5
f 1870//5 1871//5 1872//5
f 1873//6 1874//6 1875//6
f 1876//6 1877//6 1878//6
f 1879//7 1880//7 1881//7
f 1882//7 1883//7 1884//7
f 1885//8 1886//8 1887//8
f 1888//8 1889//8 1890//8
f 1891//9 1892//9 1893//9
f 1894//9 1895//9 1896//9
f 1897//158 1898//158 1899//158
f 1900//158 1901//158 1902//158
f 1903//159 1904//159 1905//159
f 1906//159 1907//159 1908//159
f 1909//73 1910//73 1911//73
f 1912//73 1913//73 1914//73
f 1915//160 1916//160 1917//160
f 1918//160 1919//160 1920//160
f 1921//161 1922//161 1923//161
f 1924//161 1925//161 1926//161
f 1927//162 1928//162 1929//162
f 1930//162 1931//162 1932//162
f 1933//163 1934//163 1935//163
f 1936//163 1937//163 1938//163
f 1939//164 1940//164 1941//164
f 1942//164 1943//164 1944//164
f 1945//165 1946//165 1947//165
f 1948//165 1949//165 1950//165
f 1951//121 1952//121 1953//121
f 1954//121 1955//121 1956//121
f 1957//166 1958//166 1959//166
f 1960//166 1961//166 1962//166
f 1963//123 1964//123 1965//123
f 1966//123 1967//123 1968//123
f 1969//27 1970//27 1971//27
f 1972//27 1973//27 1974//27
f 1975//28 1976//28 1977//28
f 1978//28 1979//28 1980//28
f 1981//126 1982//126 1983//126
f 1984//126 1985//126 1986//126
f 1987//31 1988//31 1989//31
f 1990//31 1991//31 1992//31
f 1993//85 1994//85 1995//85
f 1996//85 1997//85 1998//85
f 1999//33 2000//33 2001//33
f 2002//33 2003//33 2004//33
f 2005//34 2006//34 2007//34
f 2008//34 2009//34 2010//34
f 2011//35 2012//35 2013//35
f 2014//35 2015//35 2016//35
f 2017//130 2018//130 2019//130
f 2020//130 2021//130 2022//130
f 2023//167 2024//167 2025//167
f 2026//167 2027//167 2028//167
f 2029//92 2030//92 2031//92
f 2032//92 2033//92 2034//92
f 2035//132 2036//132 2037//132
f 2038//132 2039//132 2040//132
f 2041//42 2042//42 2043//42
f 2044//42 2045//42 2046//42
f 2047//134 2048//134 2049//134
f 2050//134 2051//134 2052//134
f 2053//168 2054//168 2055//168
f 2056//168 2057//168 2058//168
f 2059//46 2060//46 2061//46
f 2062//46 2063//46 2064//46
f 2065//154 2066//154 2067//154
f 2068//154 2069//154 2070//154
f 2071//169 2072//169 2073//169
f 2074//169 2075//169 2076//169
f 2077//100 2078//100 2079//100
f 2080//100 2081//100 2082//100
f 2083//101 2084//101 2085//101
f 2086//101 2087//101 2088//101
f 2089//170 2090//170 2091//170
f 2092//170 2093//170 2094//170
f 2095//103 2096//103 2097//103
f 2098//103 2099//103 2100//103
f 2101//171 2102//171 2103//171
f 2104//171 2105//171 2106//171
f 2107//57 2108//57 2109//57
f 2110//57 2111//57 2112//57
f 2113//58 2114//58 2115//58
f 2116//58 2117//58 2118//58
f 2119//172 2120//172 2121//172
f 2122//172 2123//172 2124//172
f 2125//173 2126//173 2127//173
f 2128//173 2129//173 2130//173
f 2131//62 2132//62 2133//62
f 2134//62 2135//62 2136//62
f 2137//63 2138//63 2139//63
f 2140//63 2141//63 2142//63
f 2143//110 2144//110 2145//110
f 2146//110 2147//110 2148//110
f 2149//65 2150//65 2151//65
f 2152//65 2153//65 2154//65
f 2155//174 2156//174 2157//174
f 2158//174 2159//174 2160//174
f 2161//67 2162//67 2163//67
f 2164//67 2165//67 2166//67
f 2167//67 2168//67 2169//67
f 2170//67 2171//67 2172//67
f 2173//67 2174//67 2175//67
f 2176//67 2177//67 2178//67
f 2179//67 2180//67 2181//67
f 2182//67 2183//67 2184//67
f 2185//67 2186//67 2187//67
f 2188//67 2189//67 2190//67
f 2191//67 2192//67 2193//67
f 2194//67 2195//67 2196//67
f 2197//67 2198//67 2199//67
f 2200//67 2201//67 2202//67
f 2203//67 2204//67 2205//67
f 2206//67 2207//67 2208//67
f 2209//67 2210//67 2211//67
f 2212//67 2213//67 2214//67
f 2215//67 2216//67 2217//67
f 2218//67 2219//67 2220//67
f 2221//67 2222//67 2223//67
f 2224//67 2225//67 2226//67
f 2227//67 2228//67 2229//67
f 2230//67 2231//67 2232//67
f 2233//67 2234//67 2235//67
f 2236//67 2237//67 2238//67
f 2239//67 2240//67 2241//67
f 2242//67 2243//67 2244//67
f 2245//67 2246//67 2247//67
f 2248//67 2249//67 2250//67
f 2251//67 2252//67 2253//67
f 2254//67 2255//67 2256//67
f 2257//67 2258//67 2259//67
f 2260//67 2261//67 2262//67
f 2263//67 2264//67 2265//67
f 2266//67 2267//67 2268//67
f 2269//67 2270//67 2271//67
f 2272//67 2273//67 2274//67
f 2275//67 2276//67 2277//67
f 2278//67 2279//67 2280//67
f 2281//67 2282//67 2283//67
f 2284//67 2285//67 2286//67
f 2287//67 2288//67 2289//67
f 2290//67 2291//67 2292//67
f 2293//67 2294//67 2295//67
f 2296//67 2297//67 2298//67
f 2299//67 2300//67 2301//67
f 2302//67 2303//67 2304//67
f 2305//67 2306//67 2307//67
f 2308//67 2309//67 2310//67
f 2311//68 2312//68 2313//68
f 2314//2 2315//2 2316//2
f 2317//69 2318//69 2319//69
f 2320//69 2321//69 2322//69
f 2323//70 2324//70 2325//70
f 2326//70 2327//70 2328//70
f 2329//5 2330//5 2331//5
f 2332//5 2333//5 2334//5
f 2335//6 2336//6 2337//6
f 2338//6 2339//6 2340//6
f 2341//117 2342//117 2343//117
f 2344//117 2345//117 2346//117
f 2347//8 2348//8 2349//8
f 2350//8 2351//8 2352//8
f 2353//9 2354//9 2355//9
f 2356//9 2357//9 2358//9
f 2359//158 2360//158 2361//158
f 2362//158 2363//158 2364//158
f 2365//72 2366//72 2367//72
f 2368//72 2369//72 2370//72
f 2371//73 2372//73 2373//73
f 2374//73 2375//73 2376//73
f 2377//160 2378//160 2379//160
f 2380//160 2381//160 2382//160
f 2383//161 2384//161 2385//161
f 2386//161 2387//161 2388//161
f 2389//175 2390//175 2391//175
f 2392//175 2393//175 2394//175
f 2395//176 2396//176 2397//176
f 2398//176 2399//176 2400//176
f 2401//164 2402//164 2403//164
f 2404//164 2405//164 2406//164
f 2407//20 2408//20 2409//20
f 2410//20 2411//20 2412//20
f 2413//79 2414//79 2415//79
f 2416//79 2417//79 2418//79
f 2419//81 2420//81 2421//81
f 2422//81 2423//81 2424//81
f 2425//123 2426//123 2427//123
f 2428//123 2429//123 2430//123
f 2431//27 2432//27 2433//27
f 2434//27 2435//27 2436//27
f 2437//83 2438//83 2439//83
f 2440//83 2441//83 2442//83
f 2443//84 2444//84 2445//84
f 2446//84 2447//84 2448//84
f 2449//31 2450//31 2451//31
f 2452//31 2453//31 2454//31
f 2455//85 2456//85 2457//85
f 2458//32 2459//32 2460//32
f 2461//33 2462//33 2463//33
f 2464//177 2465//177 2466//178
f 2467//179 2468//179 2469//179
f 2470//87 2471//87 2472//87
f 2473//88 2474//88 2475//88
f 2476//35 2477//35 2478//35
f 2479//130 2480//130 2481//130
f 2482//130 2483//130 2484//130
f 2485//180 2486//180 2487//180
f 2488//180 2489//180 2490//180
f 2491//92 2492//92 2493//92
f 2494//92 2495//92 2496//92
f 2497//40 2498//40 2499//40
f 2500//40 2501//40 2502//40
f 2503//181 2504//181 2505//181
f 2506//93 2507//93 2508//93
f 2509//134 2510//134 2511//134
f 2512//134 2513//134 2514//134
f 2515//168 2516//168 2517//168
f 2518//168 2519//168 2520//168
f 2521//182 2522//182 2523//182
f 2524//136 2525//136 2526//136
f 2527//183 2528//183 2529//183
f 2530//183 2531//183 2532//183
f 2533//184 2534//184 2535//184
f 2536//184 2537//184 2538//184
f 2539//185 2540//185 2541//185
f 2542//185 2543//185 2544//185
f 2545//101 2546//101 2547//101
f 2548//101 2549//101 2550//101
f 2551//170 2552//170 2553//170
f 2554//170 2555//170 2556//170
f 2557//103 2558//103 2559//103
f 2560//103 2561//103 2562//103
f 2563//171 2564//171 2565//171
f 2566//171 2567//171 2568//171
f 2569//57 2570//57 2571//57
f 2572//57 2573//57 2574//57
f 2575//186 2576//186 2577//186
f 2578//186 2579//186 2580//186
f 2581//172 2582//172 2583//172
f 2584//172 2585//172 2586//172
f 2587//173 2588//173 2589//173
f 2590//173 2591//173 2592//173
f 2593//62 2594//62 2595//62
f 2596//62 2597//62 2598//62
f 2599//140 2600//140 2601//140
f 2602//140 2603//140 2604//140
f 2605//110 2606//110 2607//110
f 2608//110 2609//110 2610//110
f 2611//65 2612//65 2613//65
f 2614//65 2615//65 2616//65
f 2617//174 2618//174 2619//174
f 2620//174 2621//174 2622//174
f 2623//67 2624//67 2625//67
f 2626//67 2627//67 2628//67
f 2629//67 2630//67 2631//67
f 2632//67 2633//67 2634//67
f 2635//67 2636//67 2637//67
f 2638//67 2639//67 2640//67
f 2641//67 2642//67 2643//67
f 2644//67 2645//67 2646//67
f 2647//67 2648//67 2649//67
f 2650//67 2651//67 2652//67
f 2653//67 2654//67 2655//67
f 2656//67 2657//67 2658//67
f 2659//67 2660//67 2661//67
f 2662//67 2663//67 2664//67
f 2665//67 2666//67 2667//67
f 2668//67 2669//67 2670//67
f 2671//67 2672//67 2673//67
f 2674//67 2675//67 2676//67
f 2677//67 2678//67 2679//67
f 2680//67 2681//67 2682//67
f 2683//67 2684//67 2685//67
f 2686//67 2687//67 2688//67
f 2689//67 2690//67 2691//67
f 2692//67 2693//67 2694//67
f 2695//67 2696//67 2697//67
f 2698//67 2699//67 2700//67
f 2701//67 2702//67 2703//67
f 2704//67 2705//67 2706//67
f 2707//67 2708//67 2709//67
f 2710//67 2711//67 2712//67
f 2713//67 2714//67 2715//67
f 2716//67 2717//67 2718//67
f 2719//67 2720//67 2721//67
f 2722//67 2723//67 2724//67
f 2725//67 2726//67 2727//67
f 2728//67 2729//67 2730//67
f 2731//67 2732//67 2733//67
f 2734//67 2735//67 2736//67
f 2737//67 2738//67 2739//67
f 2740//67 2741//67 2742//67
f 2743//67 2744//67 2745//67
f 2746//67 2747//67 2748//67
f 2749//67 2750//67 2751//67
f 2752//67 2753//67 2754//67
f 2755//67 2756//67 2757//67
f 2758//67 2759//67 2760//67
f 2761//67 2762//67 2763//67
f 2764//67 2765//67 2766//67
f 2767//67 2768//67 2769//67
f 2770//67 2771//67 2772//67
f 2773//113 2774//113 2775//113
f 2776//113 2777//113 2778//113
f 2779//114 2780//114 2781//114
f 2782//114 2783//114 2784//114
f 2785//115 2786//115 2787//115
f 2788//115 2789//115 2790//115
f 2791//116 2792//116 2793//116
f 2794//116 2795//116 2796//116
f 2797//6 2798//6 2799//6
f 2800//6 2801//6 2802//6
f 2803//187 2804//187 2805//187
f 2806//187 2807//187 2808//187
f 2809//8 2810//8 2811//8
f 2812//8 2813//8 2814//8
f 2815//9 2816//9 2817//9
f 2818//9 2819//9 2820//9
f 2821//158 2822//158 2823//158
f 2824//158 2825//158 2826//158
f 2827//119 2828//119 2829//119
f 2830//119 2831//119 2832//119
f 2833//73 2834//73 2835//73
f 2836//73 2837//73 2838//73
f 2839//160 2840//160 2841//160
f 2842//160 2843//160 2844//160
f 2845//161 2846//161 2847//161
f 2848//161 2849//161 2850//161
f 2851//175 2852//175 2853//175
f 2854//175 2855//175 2856//175
f 2857//163 2858//163 2859//163
f 2860//163 2861//163 2862//163
f 2863//164 2864//164 2865//164
f 2866//164 2867//164 2868//164
f 2869//20 2870//20 2871//20
f 2872//20 2873//20 2874//20
f 2875//80 2876//80 2877//80
f 2878//80 2879//80 2880//80
f 2881//122 2882//122 2883//122
f 2884//122 2885//122 2886//122
f 2887//188 2888//188 2889//188
f 2890//188 2891//188 2892//188
f 2893//151 2894//151 2895//151
f 2896//151 2897//151 2898//151
f 2899//28 2900//28 2901//28
f 2902//28 2903//28 2904//28
f 2905//189 2906//189 2907//189
f 2908//189 2909//189 2910//189
f 2911//127 2912//127 2913//127
f 2914//127 2915//127 2916//127
f 2917//128 2918//128 2919//128
f 2920//128 2921//128 2922//128
f 2923//129 2924//129 2925//129
f 2926//129 2927//129 2928//129
f 2929//34 2930//34 2931//34
f 2932//34 2933//34 2934//34
f 2935//35 2936//35 2937//35
f 2938//35 2939//35 2940//35
f 2941//36 2942//36 2943//36
f 2944//36 2945//36 2946//36
f 2947//91 2948//91 2949//91
f 2950//91 2951//91 2952//91
f 2953//39 2954//39 2955//39
f 2956//39 2957//39 2958//39
f 2959//190 2960//190 2961//190
f 2962//190 2963//190 2964//190
f 2965//42 2966//42 2967//42
f 2968//42 2969//42 2970//42
f 2971//43 2972//43 2973//43
f 2974//43 2975//43 2976//43
f 2977//96 2978//96 2979//96
f 2980//96 2981//96 2982//96
f 2983//45 2984//45 2985//45
f 2986//45 2987//45 2988//45
f 2989//154 2990//154 2991//154
f 2992//154 2993//154 2994//154
f 2995//184 2996//184 2997//184
f 2998//184 2999//184 3000//184
f 3001//185 3002//185 3003//185
f 3004//185 3005//185 3006//185
f 3007//101 3008//101 3009//101
f 3010//101 3011//101 3012//101
f 3013//170 3014//170 3015//170
f 3016//170 3017//170 3018//170
f 3019//103 3020//103 3021//103
f 3022//103 3023//103 3024//103
f 3025//171 3026//171 3027//171
f 3028//171 3029//171 3030//171
f 3031//57 3032//57 3033//57
f 3034//57 3035//57 3036//57
f 3037//157 3038//157 3039//157
f 3040//157 3041//157 3042//157
f 3043//172 3044//172 3045//172
f 3046//172 3047//172 3048//172
f 3049//173 3050//173 3051//173
f 3052//173 3053//173 3054//173
f 3055//62 3056//62 3057//62
f 3058//62 3059//62 3060//62
f 3061//191 3062//191 3063//191
f 3064//191 3065//191 3066//191
f 3067//110 3068//110 3069//110
f 3070//110 3071//110 3072//110
f 3073//111 3074//111 3075//111
f 3076//111 3077//111 3078//111
f 3079//142 3080//142 3081//142
f 3082//142 3083//142 3084//142
f 3085//67 3086//67 3087//67
f 3088//67 3089//67 3090//67
f 3091//67 3092//67 3093//67
f 3094//67 3095//67 3096//67
f 3097//67 3098//67 3099//67
f 3100//67 3101//67 3102//67
f 3103//67 3104//67 3105//67
f 3106//67 3107//67 3108//67
f 3109//67 3110//67 3111//67
f 3112//67 3113//67 3114//67
f 3115//67 3116//67 3117//67
f 3118//67 3119//67 3120//67
f 3121//67 3122//67 3123//67
f 3124//67 3125//67 3126//67
f 3127//67 3128//67 3129//67
f 3130//67 3131//67 3132//67
f 3133//67 3134//67 3135//67
f 3136//67 3137//67 3138//67
f 3139//67 3140//67 3141//67
f 3142//67 3143//67 3144//67
f 3145//67 3146//67 3147//67
f 3148//67 3149//67 3150//67
f 3151//67 3152//67 3153//67
f 3154//67 3155//67 3156//67
f 3157//67 3158//67 3159//67
f 3160//67 3161//67 3162//67
f 3163//67 3164//67 3165//67
f 3166//67 3167//67 3168//67
f 3169//67 3170//67 3171//67
f 3172//67 3173//67 3174//67
f 3175//67 3176//67 3177//67
f 3178//67 3179//67 3180//67
f 3181//67 3182//67 3183//67
f 3184//67 3185//67 3186//67
f 3187//67 3188//67 3189//67
f 3190//67 3191//67 3192//67
f 3193//67 3194//67 3195//67
f 3196//67 3197//67 3198//67
f 3199//67 3200//67 3201//67
f 3202//67 3203//67 3204//67
f 3205//67 3206//67 3207//67
f 3208//67 3209//67 3210//67
f 3211//67 3212//67 3213//67
f 3214//67 3215//67 3216//67
f 3217//67 3218//67 3219//67
f 3220//67 3221//67 3222//67
f 3223//67 3224//67 3225//67
f 3226//67 3227//67 3228//67
f 3229//67 3230//67 3231//67
f 3232//67 3233//67 3234//67
f 3235//1 3236//1 3237//1
f 3238//1 3239//1 3240//1
f 3241//69 3242//69 3243//69
f 3244//69 3245//69 3246//69
f 3247//192 3248//192 3249//192
f 3250//192 3251//192 3252//192
f 3253//5 3254//5 3255//5
f 3256//5 3257//5 3258//5
f 3259//6 3260//6 3261//6
f 3262//6 3263//6 3264//6
f 3265//71 3266//71 3267//71
f 3268//71 3269//71 3270//71
f 3271//8 3272//8 3273//8
f 3274//8 3275//8 3276//8
f 3277//9 3278//9 3279//9
f 3280//9 3281//9 3282//9
f 3283//10 3284//10 3285//10
f 3286//10 3287//10 3288//10
f 3289//193 3290//193 3291//193
f 3292//193 3293//193 3294//193
f 3295//13 3296//13 3297//13
f 3298//14 3299//14 3300//14
f 3301//15 3302//15 3303//15
f 3304//15 3305//15 3306//15
f 3307//16 3308//16 3309//16
f 3310//16 3311//16 3312//16
f 3313//17 3314//17 3315//17
f 3316//17 3317//17 3318//17
f 3319//18 3320//18 3321//18
f 3322//18 3323//18 3324//75
f 3325//148 3326//148 3327//148
f 3328//148 3329//148 3330//148
f 3331//78 3332//78 3333//78
f 3334//78 3335//78 3336//78
f 3337//80 3338//80 3339//80
f 3340//80 3341//80 3342//80
f 3343//166 3344//166 3345//166
f 3346//194 3347//194 3348//194
f 3349//26 3350//26 3351//26
f 3352//26 3353//26 3354//26
f 3355//27 3356//27 3357//27
f 3358//27 3359//27 3360//27
f 3361//82 3362//82 3363//82
f 3364//83 3365//83 3366//83
f 3367//84 3368//84 3369//84
f 3370//84 3371//84 3372//84
f 3373//31 3374//31 3375//31
f 3376//31 3377//31 3378//31
f 3379//85 3380//85 3381//85
f 3382//32 3383//32 3384//32
f 3385//33 3386//33 3387//33
f 3388//177 3389//177 3390//177
f 3391//195 3392//195 3393//195
f 3394//195 3395//195 3396//195
f 3397//88 3398//88 3399//88
f 3400//88 3401//88 3402//88
f 3403//196 3404//196 3405//196
f 3406//196 3407//196 3408//196
f 3409//167 3410//167 3411//167
f 3412//197 3413//197 3414//197
f 3415//39 3416//39 3417//39
f 3418//39 3419//39 3420//39
f 3421//40 3422//40 3423//40
f 3424//41 3425//41 3426//41
f 3427//93 3428//93 3429//93
f 3430//93 3431//93 3432//93
f 3433//43 3434//43 3435//43
f 3436//43 3437//43 3438//43
f 3439//44 3440//44 3441//44
f 3442//44 3443//44 3444//44
f 3445//136 3446//136 3447//136
f 3448//182 3449//182 3450//182
f 3451//183 3452//183 3453//183
f 3454//183 3455//183 3456//183
f 3457//99 3458//99 3459//99
f 3460//198 3461//198 3462//198
f 3463//100 3464//100 3465//100
f 3466//199 3467//199 3468//199
f 3469//50 3470//50 3471//50
f 3472//200 3473//200 3474//200
f 3475//201 3476//201 3477//201
f 3478//201 3479//201 3480//201
f 3481//54 3482//54 3483//54
f 3484//54 3485//54 3486//54
f 3487//55 3488//55 3489//55
f 3490//56 3491//56 3492//56
f 3493//57 3494//57 3495//57
f 3496//57 3497//57 3498//57
f 3499//186 3500//186 3501//186
f 3502//186 3503//186 3504//186
f 3505//60 3506//60 3507//60
f 3508//60 3509//60 3510//60
f 3511//61 3512//61 3513//61
f 3514//61 3515//61 3516//61
f 3517//62 3518//62 3519//62
f 3520//62 3521//62 3522//62
f 3523//109 3524//109 3525//109
f 3526//202 3527//202 3528//202
f 3529//64 3530//64 3531//64
f 3532//64 3533//64 3534//64
f 3535//65 3536//65 3537//65
f 3538//65 3539//65 3540//65
f 3541//174 3542//174 3543//174
f 3544//174 3545//174 3546//174
f 3547//67 3548//67 3549//67
f 3550//67 3551//67 3552//67
f 3553//67 3554//67 3555//67
f 3556//67 3557//67 3558//67
f 3559//67 3560//67 3561//67
f 3562//67 3563//67 3564//67
f 3565//67 3566//67 3567//67
f 3568//67 3569//67 3570//67
f 3571//67 3572//67 3573//67
f 3574//67 3575//67 3576//67
f 3577//67 3578//67 3579//67
f 3580//67 3581//67 3582//67
f 3583//67 3584//67 3585//67
f 3586//67 3587//67 3588//67
f 3589//67 3590//67 3591//67
f 3592//67 3593//67 3594//67
f 3595//67 3596//67 3597//67
f 3598//67 3599//67 3600//67
f 3601//67 3602//67 3603//67
f 3604//67 3605//67 3606//67
f 3607//67 3608//67 3609//67
f 3610//67 3611//67 3612//67
f 3613//67 3614//67 3615//67
f 3616//67 3617//67 3618//67
f 3619//67 3620//67 3621//67
f 3622//67 3623//67 3624//67
f 3625//67 3626//67 3627//67
f 3628//67 3629//67 3630//67
f 3631//67 3632//67 3633//67
f 3634//67 3635//67 3636//67
f 3637//67 3638//67 3639//67
f 3640//67 3641//67 3642//67
f 3643//67 3644//67 3645//67
f 3646//67 3647//67 3648//67
f 3649//67 3650//67 3651//67
f 3652//67 3653//67 3654//67
f 3655//67 3656//67 3657//67
f 3658//67 3659//67 3660//67
f 3661//67 3662//67 3663//67
f 3664//67 3665//67 3666//67
f 3667//67 3668//67 3669//67
f 3670//67 3671//67 3672//67
f 3673//67 3674//67 3675//67
f 3676//67 3677//67 3678//67
f 3679//67 3680//67 3681//67
f 3682//67 3683//67 3684//67
f 3685//67 3686//67 3687//67
f 3688//67 3689//67 3690//67
f 3691//67 3692//67 3693//67
f 3694//67 3695//67 3696//67
f 3697//1 3698//1 3699//1
f 3700//1 3701//1 3702//1
f 3703//3 3704//3 3705//3
f 3706//3 3707//3 3708//3
f 3709//70 3710//70 3711//70
f 3712//70 3713//70 3714//70
f 3715//5 3716//5 3717//5
f 3718//5 3719//5 3720//5
f 3721//6 3722//6 3723//6
f 3724//6 3725//6 3726//6
f 3727//7 3728//7 3729//7
f 3730//7 3731//7 3732//7
f 3733//8 3734//8 3735//8
f 3736//8 3737//8 3738//8
f 3739//9 3740//9 3741//9
f 3742//9 3743//9 3744//9
f 3745//10 3746//10 3747//10
f 3748//10 3749//10 3750//10
f 3751//120 3752//120 3753//120
f 3754//159 3755//159 3756//159
f 3757//14 3758//14 3759//14
f 3760//73 3761//73 3762//73
f 3763//15 3764//15 3765//15
f 3766//15 3767//15 3768//15
f 3769//16 3770//16 3771//16
f 3772//16 3773//16 3774//16
f 3775//203 3776//203 3777//203
f 3778//204 3779//204 3780//204
f 3781//18 3782//18 3783//18
f 3784//18 3785//18 3786//18
f 3787//19 3788//19 3789//19
f 3790//19 3791//19 3792//19
f 3793//21 3794//21 3795//21
f 3796//21 3797//21 3798//21
f 3799//22 3800//22 3801//22
f 3802//22 3803//22 3804//22
f 3805//166 3806//166 3807//166
f 3808//122 3809//122 3810//122
f 3811//26 3812//26 3813//26
f 3814//26 3815//26 3816//26
f 3817//27 3818//27 3819//27
f 3820//27 3821//27 3822//27
f 3823//28 3824//28 3825//28
f 3826//28 3827//28 3828//28
f 3829//29 3830//29 3831//29
f 3832//29 3833//29 3834//29
f 3835//31 3836//31 3837//31
f 3838//31 3839//31 3840//31
f 3841//32 3842//32 3843//32
f 3844//85 3845//85 3846//85
f 3847//129 3848//129 3849//129
f 3850//129 3851//129 3852//129
f 3853//34 3854//34 3855//34
f 3856//34 3857//34 3858//34
f 3859//35 3860//35 3861//35
f 3862//35 3863//35 3864//35
f 3865//130 3866//130 3867//130
f 3868//130 3869//130 3870//130
f 3871//205 3872//205 3873//205
f 3874//205 3875//205 3876//205
f 3877//92 3878//92 3879//92
f 3880//92 3881//92 3882//92
f 3883//41 3884//41 3885//41
f 3886//206 3887//206 3888//206
f 3889//42 3890//42 3891//42
f 3892//42 3893//42 3894//42
f 3895//94 3896//94 3897//94
f 3898//94 3899//94 3900//94
f 3901//95 3902//95 3903//95
f 3904//96 3905//96 3906//96
f 3907//207 3908//207 3909//207
f 3910//207 3911//207 3912//207
f 3913//208 3914//208 3915//208
f 3916//209 3917//209 3918//209
f 3919//184 3920//184 3921//184
f 3922//48 3923//48 3924//48
f 3925//100 3926//100 3927//100
f 3928//100 3929//100 3930//100
f 3931//50 3932//50 3933//50
f 3934//50 3935//50 3936//50
f 3937//102 3938//102 3939//102
f 3940//170 3941//170 3942//170
f 3943//103 3944//103 3945//103
f 3946//103 3947//103 3948//103
f 3949//56 3950//56 3951//56
f 3952//56 3953//56 3954//56
f 3955//104 3956//104 3957//104
f 3958//104 3959//104 3960//104
f 3961//58 3962//58 3963//58
f 3964//210 3965//210 3966//210
f 3967//106 3968//106 3969//106
f 3970//107 3971//107 3972//107
f 3973//108 3974//108 3975//108
f 3976//108 3977//108 3978//108
f 3979//62 3980//62 3981//62
f 3982//62 3983//62 3984//62
f 3985//63 3986//63 3987//63
f 3988//63 3989//63 3990//63
f 3991//110 3992//110 3993//110
f 3994//110 3995//110 3996//110
f 3997//111 3998//111 3999//111
f 4000//111 4001//111 4002//111
f 4003//211 4004//211 4005//211
f 4006//211 4007//211 4008//211
f 4009//67 4010//67 4011//67
f 4012//67 4013//67 4014//67
f 4015//67 4016//67 4017//67
f 4018//67 4019//67 4020//67
f 4021//67 4022//67 4023//67
f 4024//67 4025//67 4026//67
f 4027//67 4028//67 4029//67
f 4030//67 4031//67 4032//67
f 4033//67 4034//67 4035//67
f 4036//67 4037//67 4038//67
f 4039//67 4040//67 4041//67
f 4042//67 4043//67 4044//67
f 4045//67 4046//67 4047//67
f 4048//67 4049//67 4050//67
f 4051//67 4052//67 4053//67
f 4054//67 4055//67 4056//67
f 4057//67 4058//67 4059//67
f 4060//67 4061//67 4062//67
f 4063//67 4064//67 4065//67
f 4066//67 4067//67 4068//67
f 4069//67 4070//67 4071//67
f 4072//67 4073//67 4074//67
f 4075//67 4076//67 4077//67
f 4078//67 4079//67 4080//67
f 4081//67 4082//67 4083//67
f 4084//67 4085//67 4086//67
f 4087//67 4088//67 4089//67
f 4090//67 4091//67 4092//67
f 4093//67 4094//67 4095//67
f 4096//67 4097//67 4098//67
f 4099//67 4100//67 4101//67
f 4102//67 4103//67 4104//67
f 4105//67 4106//67 4107//67
f 4108//67 4109//67 4110//67
f 4111//67 4112//67 4113//67
f 4114//67 4115//67 4116//67
f 4117//67 4118//67 4119//67
f 4120//67 4121//67 4122//67
f 4123//67 4124//67 4125//67
f 4126//67 4127//67 4128//67
f 4129//67 4130//67 4131//67
f 4132//67 4133//67 4134//67
f 4135//67 4136//67 4137//67
f 4138//67 4139//67 4140//67
f 4141//67 4142//67 4143//67
f 4144//67 4145//67 4146//67
f 4147//67 4148//67 4149//67
f 4150//67 4151//67 4152//67
f 4153//67 4154//67 4155//67
f 4156//67 4157//67 4158//67
f 4159//212 4160//212 4161//212
f 4162//212 4163//212 4164//212
f 4165//213 4166//213 4167//213
f 4168//213 4169//213 4170//213
f 4171//214 4172//214 4173//214
f 4174//214 4175//214 4176//214
f 4177//215 4178//215 4179//215
f 4180//215 4181//215 4182//215
f 4183//215 4184//215 4185//215
f 4186//215 4187//215 4188//215
f 4189//215 4190//215 4191//215
f 4192//215 4193//215 4194//215
f 4195//215 4196//215 4197//215
f 4198//215 4199//215 4200//215
f 4201//215 4202//215 4203//215
f 4204//215 4205//215 4206//215
f 4207//215 4208//215 4209//215
f 4210//215 4211//215 4212//215
f 4213//215 4214//215 4215//215
f 4216//215 4217//215 4218//215
f 4219//215 4220//215 4221//215
f 4222//215 4223//215 4224//215
f 4225//215 4226//215 4227//215
f 4228//215 4229//215 4230//215
f 4231//215 4232//215 4233//215
f 4234//215 4235//215 4236//215
f 4237//215 4238//215 4239//215
f 4240//215 4241//215 4242//215
f 4243//215 4244//215 4245//215
f 4246//215 4247//215 4248//215
f 4249//215 4250//215 4251//215
f 4252//215 4253//215 4254//215
f 4255//215 4256//215 4257//215
f 4258//215 4259//215 4260//215
f 4261//215 4262//215 4263//215
f 4264//215 4265//215 4266//215
f 4267//215 4268//215 4269//215
f 4270//215 4271//215 4272//215
f 4273//215 4274//215 4275//215
f 4276//215 4277//215 4278//215
f 4279//215 4280//215 4281//215
f 4282//215 4283//215 4284//215
f 4285//215 4286//215 4287//215
f 4288//215 4289//215 4290//215
f 4291//215 4292//215 4293//215
f 4294//215 4295//215 4296//215
f 4297//215 4298//215 4299//215
f 4300//215 4301//215 4302//215
f 4303//215 4304//215 4305//215
f 4306//215 4307//215 4308//215
f 4309//215 4310//215 4311//215
f 4312//215 4313//215 4314//215
f 4315//215 4316//215 4317//215
f 4318//215 4319//215 4320//215
f 4321//215 4322//215 4323//215
f 4324//215 4325//215 4326//215
f 4327//215 4328//215 4329//215
f 4330//215 4331//215 4332//215
f 4333//215 4334//215 4335//215
f 4336//215 4337//215 4338//215
f 4339//215 4340//215 4341//215
f 4342//215 4343//215 4344//215
f 4345//215 4346//215 4347//215
f 4348//215 4349//215 4350//215
f 4351//215 4352//215 4353//215
f 4354//215 4355//215 4356//215
f 4357//215 4358//215 4359//215
f 4360//215 4361//215 4362//215
f 4363//215 4364//215 4365//215
f 4366//215 4367//215 4368//215
f 4369//215 4370//215 4371//215
f 4372//215 4373//215 4374//215
f 4375//215 4376//215 4377//215
f 4378//215 4379//215 4380//215
f 4381//215 4382//215 4383//215
f 4384//215 4385//215 4386//215
f 4387//215 4388//215 4389//215
f 4390//215 4391//215 4392//215
f 4393//215 4394//215 4395//215
f 4396//215 4397//215 4398//215
f 4399//215 4400//215 4401//215
f 4402//215 4403//215 4404//215
f 4405//215 4406//215 4407//215
f 4408//215 4409//215 4410//215
f 4411//215 4412//215 4413//215
f 4414//215 4415//215 4416//215
f 4417//215 4418//215 4419//215
f 4420//215 4421//215 4422//215
f 4423//215 4424//215 4425//215
f 4426//215 4427//215 4428//215
f 4429//215 4430//215 4431//215
f 4432//215 4433//215 4434//215
f 4435//215 4436//215 4437//215
f 4438//215 4439//215 4440//215
f 4441//215 4442//215 4443//215
f 4444//215 4445//215 4446//215
f 4447//215 4448//215 4449//215
f 4450//215 4451//215 4452//215
f 4453//215 4454//215 4455//215
f 4456//215 4457//215 4458//215
f 4459//215 4460//215 4461//215
f 4462//215 4463//215 4464//215
f 4465//215 4466//215 4467//215
f 4468//215 4469//215 4470//215
f 4471//215 4472//215 4473//215
f 4474//215 4475//215 4476//215
f 4477//215 4478//215 4479//215
f 4480//215 4481//215 4482//215
f 4483//215 4484//215 4485//215
f 4486//215 4487//215 4488//215
f 4489//215 4490//215 4491//215
f 4492//215 4493//215 4494//215
f 4495//215 4496//215 4497//215
f 4498//215 4499//215 4500//215
f 4501//215 4502//215 4503//215
f 4504//215 4505//215 4506//215
f 4507//215 4508//215 4509//215
f 4510//215 4511//215 4512//215
f 4513//215 4514//215 4515//215
f 4516//215 4517//215 4518//215
f 4519//215 4520//215 4521//215
f 4522//215 4523//215 4524//215
f 4525//215 4526//215 4527//215
f 4528//215 4529//215 4530//215
f 4531//215 4532//215 4533//215
f 4534//215 4535//215 4536//215
f 4537//215 4538//215 4539//215
f 4540//215 4541//215 4542//215
f 4543//215 4544//215 4545//215
f 4546//215 4547//215 4548//215
f 4549//215 4550//215 4551//215
f 4552//215 4553//215 4554//215
f 4555//215 4556//215 4557//215
f 4558//215 4559//215 4560//215
f 4561//215 4562//215 4563//215
f 4564//215 4565//215 4566//215
f 4567//215 4568//215 4569//215
f 4570//215 4571//215 4572//215
f 4573//215 4574//215 4575//215
f 4576//215 4577//215 4578//215
f 4579//215 4580//215 4581//215
f 4582//215 4583//215 4584//215
f 4585//215 4586//215 4587//215
f 4588//215 4589//215 4590//215
f 4591//215 4592//215 4593//215
f 4594//215 4595//215 4596//215
f 4597//215 4598//215 4599//215
f 4600//215 4601//215 4602//215
f 4603//215 4604//215 4605//215
f 4606//215 4607//215 4608//215
f 4609//215 4610//215 4611//215
f 4612//215 4613//215 4614//215
f 4615//215 4616//215 4617//215
f 4618//215 4619//215 4620//215
f 4621//215 4622//215 4623//215
f 4624//215 4625//215 4626//215
f 4627//215 4628//215 4629//215
f 4630//215 4631//215 4632//215
f 4633//215 4634//215 4635//215
f 4636//215 4637//215 4638//215
f 4639//215 4640//215 4641//215
f 4642//215 4643//215 4644//215
f 4645//215 4646//215 4647//215
f 4648//215 4649//215 4650//215
f 4651//215 4652//215 4653//215
f 4654//215 4655//215 4656//215
f 4657//215 4658//215 4659//215
f 4660//215 4661//215 4662//215
f 4663//215 4664//215 4665//215
f 4666//215 4667//215 4668//215
f 4669//215 4670//215 4671//215
f 4672//215 4673//215 4674//215
f 4675//215 4676//215 4677//215
f 4678//215 4679//215 4680//215
f 4681//215 4682//215 4683//215
f 4684//215 4685//215 4686//215
f 4687//215 4688//215 4689//215
f 4690//215 4691//215 4692//215
f 4693//215 4694//215 4695//215
f 4696//215 4697//215 4698//215
f 4699//215 4700//215 4701//215
f 4702//215 4703//215 4704//215
f 4705//215 4706//215 4707//215
f 4708//215 4709//215 4710//215
f 4711//215 4712//215 4713//215
f 4714//215 4715//215 4716//215
f 4717//215 4718//215 4719//215
f 4720//215 4721//215 4722//215
f 4723//215 4724//215 4725//215
f 4726//215 4727//215 4728//215
f 4729//215 4730//215 4731//215
f 4732//215 4733//215 4734//215
f 4735//215 4736//215 4737//215
f 4738//215 4739//215 4740//215
f 4741//215 4742//215 4743//215
f 4744//215 4745//215 4746//215
f 4747//215 4748//215 4749//215
f 4750//215 4751//215 4752//215
f 4753//215 4754//215 4755//215
f 4756//215 4757//215 4758//215
f 4759//215 4760//215 4761//215
f 4762//215 4763//215 4764//215
f 4765//215 4766//215 4767//215
f 4768//215 4769//215 4770//215
f 4771//215 4772//215 4773//215
f 4774//215 4775//215 4776//215
f 4777//215 4778//215 4779//215
f 4780//215 4781//215 4782//215
f 4783//215 4784//215 4785//215
f 4786//215 4787//215 4788//215
f 4789//215 4790//215 4791//215
f 4792//215 4793//215 4794//215
f 4795//215 4796//215 4797//215
f 4798//215 4799//215 4800//215
f 4801//215 4802//215 4803//215
f 4804//215 4805//215 4806//215
f 4807//215 4808//215 4809//215
f 4810//215 4811//215 4812//215
f 4813//215 4814//215 4815//215
f 4816//215 4817//215 4818//215
f 4819//215 4820//215 4821//215
f 4822//215 4823//215 4824//215
f 4825//215 4826//215 4827//215
f 4828//215 4829//215 4830//215
f 4831//215 4832//215 4833//215
f 4834//215 4835//215 4836//215
f 4837//215 4838//215 4839//215
f 4840//215 4841//215 4842//215
f 4843//215 4844//215 4845//215
f 4846//215 4847//215 4848//215
f 4849//215 4850//215 4851//215
f 4852//215 4853//215 4854//215
f 4855//215 4856//215 4857//215
f 4858//215 4859//215 4860//215
f 4861//215 4862//215 4863//215
f 4864//215 4865//215 4866//215
f 4867//215 4868//215 4869//215
f 4870//215 4871//215 4872//215
f 4873//215 4874//215 4875//215
f 4876//215 4877//215 4878//215
f 4879//215 4880//215 4881//215
f 4882//215 4883//215 4884//215
f 4885//215 4886//215 4887//215
f 4888//215 4889//215 4890//215
f 4891//215 4892//215 4893//215
f 4894//215 4895//215 4896//215
f 4897//215 4898//215 4899//215
f 4900//215 4901//215 4902//215
f 4903//215 4904//215 4905//215
f 4906//215 4907//215 4908//215
f 4909//215 4910//215 4911//215
f 4912//215 4913//215 4914//215
f 4915//215 4916//215 4917//215
f 4918//215 4919//215 4920//215
f 4921//215 4922//215 4923//215
f 4924//215 4925//215 4926//215
f 4927//215 4928//215 4929//215
f 4930//215 4931//215 4932//215
f 4933//215 4934//215 4935//215
f 4936//215 4937//215 4938//215
f 4939//215 4940//215 4941//215
f 4942//215 4943//215 4944//215
f 4945//215 4946//215 4947//215
f 4948//215 4949//215 4950//215
f 4951//215 4952//215 4953//215
f 4954//215 4955//215 4956//215
f 4957//215 4958//215 4959//215
f 4960//215 4961//215 4962//215
f 4963//215 4964//215 4965//215
f 4966//215 4967//215 4968//215
f 4969//215 4970//215 4971//215
f 4972//215 4973//215 4974//215
f 4975//215 4976//215 4977//215
f 4978//215 4979//215 4980//215
f 4981//215 4982//215 4983//215
f 4984//215 4985//215 4986//215
f 4987//215 4988//215 4989//215
f 4990//215 4991//215 4992//215
f 4993//215 4994//215 4995//215
f 4996//215 4997//215 4998//215
f 4999//215 5000//215 5001//215
f 5002//215 5003//215 5004//215
f 5005//215 5006//215 5007//215
f 5008//215 5009//215 5010//215
f 5011//215 5012//215 5013//215
f 5014//215 5015//215 5016//215
f 5017//215 5018//215 5019//215
f 5020//215 5021//215 5022//215
f 5023//215 5024//215 5025//215
f 5026//215 5027//215 5028//215
f 5029//215 5030//215 5031//215
f 5032//215 5033//215 5034//215
f 5035//215 5036//215 5037//215
f 5038//215 5039//215 5040//215
f 5041//215 5042//215 5043//215
f 5044//215 5045//215 5046//215
f 5047//215 5048//215 5049//215
f 5050//215 5051//215 5052//215
f 5053//215 5054//215 5055//215
f 5056//215 5057//215 5058//215
f 5059//215 5060//215 5061//215
f 5062//215 5063//215 5064//215
f 5065//215 5066//215 5067//215
f 5068//215 5069//215 5070//215
f 5071//215 5072//215 5073//215
f 5074//215 5075//215 5076//215
f 5077//215 5078//215 5079//215
f 5080//215 5081//215 5082//215
f 5083//215 5084//215 5085//215
f 5086//215 5087//215 5088//215
f 5089//215 5090//215 5091//215
f 5092//215 5093//215 5094//215
f 5095//215 5096//215 5097//215
f 5098//215 5099//215 5100//215
f 5101//215 5102//215 5103//215
f 5104//215 5105//215 5106//215
f 5107//215 5108//215 5109//215
f 5110//215 5111//215 5112//215
f 5113//215 5114//215 5115//215
f 5116//215 5117//215 5118//215
f 5119//215 5120//215 5121//215
f 5122//215 5123//215 5124//215
f 5125//215 5126//215 5127//215
f 5128//215 5129//215 5130//215
f 5131//215 5132//215 5133//215
f 5134//215 5135//215 5136//215
f 5137//215 5138//215 5139//215
f 5140//215 5141//215 5142//215
f 5143//215 5144//215 5145//215
f 5146//215 5147//215 5148//215
f 5149//215 5150//215 5151//215
f 5152//215 5153//215 5154//215
f 5155//215 5156//215 5157//215
f 5158//215 5159//215 5160//215
f 5161//215 5162//215 5163//215
f 5164//215 5165//215 5166//215
f 5167//215 5168//215 5169//215
f 5170//215 5171//215 5172//215
f 5173//215 5174//215 5175//215
f 5176//215 5177//215 5178//215
f 5179//215 5180//215 5181//215
f 5182//215 5183//215 5184//215
f 5185//215 5186//215 5187//215
f 5188//215 5189//215 5190//215
f 5191//215 5192//215 5193//215
f 5194//215 5195//215 5196//215
f 5197//215 5198//215 5199//215
f 5200//215 5201//215 5202//215
f 5203//215 5204//215 5205//215
f 5206//215 5207//215 5208//215
f 5209//215 5210//215 5211//215
f 5212//215 5213//215 5214//215
f 5215//215 5216//215 5217//215
f 5218//215 5219//215 5220//215
f 5221//215 5222//215 5223//215
f 5224//215 5225//215 5226//215
f 5227//215 5228//215 5229//215
f 5230//215 5231//215 5232//215
f 5233//215 5234//215 5235//215
f 5236//215 5237//215 5238//215
f 5239//215 5240//215 5241//215
f 5242//215 5243//215 5244//215
f 5245//215 5246//215 5247//215
f 5248//215 5249//215 5250//215
f 5251//215 5252//215 5253//215
f 5254//215 5255//215 5256//215
f 5257//215 5258//215 5259//215
f 5260//215 5261//215 5262//215
f 5263//215 5264//215 5265//215
f 5266//215 5267//215 5268//215
f 5269//215 5270//215 5271//215
f 5272//215 5273//215 5274//215
f 5275//215 5276//215 5277//215
f 5278//215 5279//215 5280//215
f 5281//215 5282//215 5283//215
f 5284//215 5285//215 5286//215
f 5287//215 5288//215 5289//215
f 5290//215 5291//215 5292//215
f 5293//215 5294//215 5295//215
f 5296//215 5297//215 5298//215
f 5299//215 5300//215 5301//215
f 5302//215 5303//215 5304//215
f 5305//215 5306//215 5307//215
f 5308//215 5309//215 5310//215
f 5311//215 5312//215 5313//215
f 5314//215 5315//215 5316//215
f 5317//215 5318//215 5319//215
f 5320//215 5321//215 5322//215
f 5323//215 5324//215 5325//215
f 5326//215 5327//215 5328//215
f 5329//215 5330//215 5331//215
f 5332//215 5333//215 5334//215
f 5335//215 5336//215 5337//215
f 5338//215 5339//215 5340//215
f 5341//215 5342//215 5343//215
f 5344//215 5345//215 5346//215
f 5347//215 5348//215 5349//215
f 5350//215 5351//215 5352//215
f 5353//215 5354//215 5355//215
f 5356//215 5357//215 5358//215
f 5359//215 5360//215 5361//215
f 5362//215 5363//215 5364//215
f 5365//215 5366//215 5367//215
f 5368//215 5369//215 5370//215
f 5371//215 5372//215 5373//215
f 5374//215 5375//215 5376//215
f 5377//215 5378//215 5379//215
f 5380//215 5381//215 5382//215
f 5383//215 5384//215 5385//215
f 5386//215 5387//215 5388//215
f 5389//215 5390//215 5391//215
f 5392//215 5393//215 5394//215
f 5395//215 5396//215 5397//215
f 5398//215 5399//215 5400//215
f 5401//215 5402//215 5403//215
f 5404//215 5405//215 5406//215
f 5407//215 5408//215 5409//215
f 5410//215 5411//215 5412//215
f 5413//215 5414//215 5415//215
f 5416//215 5417//215 5418//215
f 5419//215 5420//215 5421//215
f 5422//215 5423//215 5424//215
f 5425//215 5426//215 5427//215
f 5428//215 5429//215 5430//215
f 5431//215 5432//215 5433//215
f 5434//215 5435//215 5436//215
f 5437//215 5438//215 5439//215
f 5440//215 5441//215 5442//215
f 5443//215 5444//215 5445//215
f 5446//215 5447//215 5448//215
f 5449//215 5450//215 5451//215
f 5452//215 5453//215 5454//215
f 5455//215 5456//215 5457//215
f 5458//215 5459//215 5460//215
f 5461//215 5462//215 5463//215
f 5464//215 5465//215 5466//215
f 5467//215 5468//215 5469//215
f 5470//215 5471//215 5472//215
f 5473//215 5474//215 5475//215
f 5476//215 5477//215 5478//215
f 5479//215 5480//215 5481//215
f 5482//215 5483//215 5484//215
f 5485//215 5486//215 5487//215
f 5488//215 5489//215 5490//215
f 5491//215 5492//215 5493//215
f 5494//215 5495//215 5496//215
f 5497//215 5498//215 5499//215
f 5500//215 5501//215 5502//215
f 5503//215 5504//215 5505//215
f 5506//215 5507//215 5508//215
f 5509//215 5510//215 5511//215
f 5512//215 5513//215 5514//215
f 5515//215 5516//215 5517//215
f 5518//215 5519//215 5520//215
f 5521//215 5522//215 5523//215
f 5524//215 5525//215 5526//215
f 5527//215 5528//215 5529//215
f 5530//215 5531//215 5532//215
f 5533//215 5534//215 5535//215
f 5536//215 5537//215 5538//215
f 5539//215 5540//215 5541//215
f 5542//215 5543//215 5544//215
f 5545//215 5546//215 5547//215
f 5548//215 5549//215 5550//215
f 5551//215 5552//215 5553//215
f 5554//215 5555//215 5556//215
f 5557//215 5558//215 5559//215
f 5560//215 5561//215 5562//215
f 5563//215 5564//215 5565//215
f 5566//215 5567//215 5568//215
f 5569//215 5570//215 5571//215
f 5572//215 5573//215 5574//215
f 5575//215 5576//215 5577//215
f 5578//215 5579//215 5580//215
f 5581//215 5582//215 5583//215
f 5584//215 5585//215 5586//215
f 5587//215 5588//215 5589//215
f 5590//215 5591//215 5592//215
f 5593//215 5594//215 5595//215
f 5596//215 5597//215 5598//215
f 5599//215 5600//215 5601//215
f 5602//215 5603//215 5604//215
f 5605//215 5606//215 5607//215
f 5608//215 5609//215 5610//215
f 5611//215 5612//215 5613//215
f 5614//215 5615//215 5616//215
f 5617//215 5618//215 5619//215
f 5620//215 5621//215 5622//215
f 5623//215 5624//215 5625//215
f 5626//215 5627//215 5628//215
f 5629//215 5630//215 5631//215
f 5632//215 5633//215 5634//215
f 5635//215 5636//215 5637//215
f 5638//215 5639//215 5640//215
f 5641//215 5642//215 5643//215
f 5644//215 5645//215 5646//215
f 5647//215 5648//215 5649//215
f 5650//215 5651//215 5652//215
f 5653//215 5654//215 5655//215
f 5656//215 5657//215 5658//215
f 5659//215 5660//215 5661//215
f 5662//215 5663//215 5664//215
f 5665//215 5666//215 5667//215
f 5668//215 5669//215 5670//215
f 5671//215 5672//215 5673//215
f 5674//215 5675//215 5676//215
f 5677//215 5678//215 5679//215
f 5680//215 5681//215 5682//215
f 5683//215 5684//215 5685//215
f 5686//215 5687//215 5688//215
f 5689//215 5690//215 5691//215
f 5692//215 5693//215 5694//215
f 5695//215 5696//215 5697//215
f 5698//215 5699//215 5700//215
f 5701//215 5702//215 5703//215
f 5704//215 5705//215 5706//215
f 5707//215 5708//215 5709//215
f 5710//215 5711//215 5712//215
f 5713//215 5714//215 5715//215
f 5716//215 5717//215 5718//215
f 5719//215 5720//215 5721//215
f 5722//215 5723//215 5724//215
f 5725//215 5726//215 5727//215
f 5728//215 5729//215 5730//215
f 5731//215 5732//215 5733//215
f 5734//215 5735//215 5736//215
f 5737//215 5738//215 5739//215
f 5740//215 5741//215 5742//215
f 5743//215 5744//215 5745//215
f 5746//215 5747//215 5748//215
f 5749//215 5750//215 5751//215
f 5752//215 5753//215 5754//215
f 5755//215 5756//215 5757//215
f 5758//215 5759//215 5760//215
f 5761//215 5762//215 5763//215
f 5764//215 5765//215 5766//215
f 5767//215 5768//215 5769//215
f 5770//215 5771//215 5772//215
f 5773//215 5774//215 5775//215
f 5776//215 5777//215 5778//215
f 5779//215 5780//215 5781//215
f 5782//215 5783//215 5784//215
f 5785//215 5786//215 5787//215
f 5788//215 5789//215 5790//215
f 5791//215 5792//215 5793//215
f 5794//215 5795//215 5796//215
f 5797//215 5798//215 5799//215
f 5800//215 5801//215 5802//215
f 5803//215 5804//215 5805//215
f 5806//215 5807//215 5808//215
f 5809//215 5810//215 5811//215
f 5812//215 5813//215 5814//215
f 5815//215 5816//215 5817//215
f 5818//215 5819//215 5820//215
f 5821//215 5822//215 5823//215
f 5824//215 5825//215 5826//215
f 5827//215 5828//215 5829//215
f 5830//215 5831//215 5832//215
f 5833//215 5834//215 5835//215
f 5836//215 5837//215 5838//215
f 5839//215 5840//215 5841//215
f 5842//215 5843//215 5844//215
f 5845//215 5846//215 5847//215
f 5848//215 5849//215 5850//215
f 5851//215 5852//215 5853//215
f 5854//215 5855//215 5856//215
f 5857//215 5858//215 5859//215
f 5860//215 5861//215 5862//215
f 5863//215 5864//215 5865//215
f 5866//215 5867//215 5868//215
f 5869//215 5870//215 5871//215
f 5872//215 5873//215 5874//215
f 5875//215 5876//215 5877//215
f 5878//215 5879//215 5880//215
f 5881//215 5882//215 5883//215
f 5884//215 5885//215 5886//215
f 5887//215 5888//215 5889//215
f 5890//215 5891//215 5892//215
f 5893//215 5894//215 5895//215
f 5896//215 5897//215 5898//215
f 5899//215 5900//215 5901//215
f 5902//215 5903//215 5904//215
f 5905//215 5906//215 5907//215
f 5908//215 5909//215 5910//215
f 5911//215 5912//215 5913//215
f 5914//215 5915//215 5916//215
f 5917//215 5918//215 5919//215
f 5920//215 5921//215 5922//215
f 5923//215 5924//215 5925//215
f 5926//215 5927//215 5928//215
f 5929//215 5930//215 5931//215
f 5932//215 5933//215 5934//215
f 5935//215 5936//215 5937//215
f 5938//215 5939//215 5940//215
f 5941//215 5942//215 5943//215
f 5944//215 5945//215 5946//215
f 5947//215 5948//215 5949//215
f 5950//215 5951//215 5952//215
f 5953//215 5954//215 5955//215
f 5956//215 5957//215 5958//215
f 5959//215 5960//215 5961//215
f 5962//215 5963//215 5964//215
f 5965//215 5966//215 5967//215
f 5968//215 5969//215 5970//215
f 5971//215 5972//215 5973//215
f 5974//215 5975//215 5976//215
f 5977//215 5978//215 5979//215
f 5980//215 5981//215 5982//215
f 5983//215 5984//215 5985//215
f 5986//215 5987//215 5988//215
f 5989//215 5990//215 5991//215
f 5992//215 5993//215 5994//215
f 5995//215 5996//215 5997//215
f 5998//215 5999//215 6000//215
f 6001//215 6002//215 6003//215
f 6004//215 6005//215 6006//215
f 6007//215 6008//215 6009//215
f 6010//215 6011//215 6012//215
f 6013//215 6014//215 6015//215
f 6016//215 6017//215 6018//215
f 6019//215 6020//215 6021//215
f 6022//215 6023//215 6024//215
f 6025//215 6026//215 6027//215
f 6028//215 6029//215 6030//215
f 6031//215 6032//215 6033//215
f 6034//215 6035//215 6036//215
f 6037//215 6038//215 6039//215
f 6040//215 6041//215 6042//215
f 6043//215 6044//215 6045//215
f 6046//215 6047//215 6048//215
f 6049//215 6050//215 6051//215
f 6052//215 6053//215 6054//215
f 6055//215 6056//215 6057//215
f 6058//215 6059//215 6060//215
f 6061//215 6062//215 6063//215
f 6064//215 6065//215 6066//215
f 6067//215 6068//215 6069//215
f 6070//215 6071//215 6072//215
f 6073//215 6074//215 6075//215
f 6076//215 6077//215 6078//215
f 6079//215 6080//215 6081//215
f 6082//215 6083//215 6084//215
f 6085//215 6086//215 6087//215
f 6088//215 6089//215 6090//215
f 6091//215 6092//215 6093//215
f 6094//215 6095//215 6096//215
f 6097//215 6098//215 6099//215
f 6100//215 6101//215 6102//215
f 6103//215 6104//215 6105//215
f 6106//215 6107//215 6108//215
f 6109//215 6110//215 6111//215
f 6112//215 6113//215 6114//215
f 6115//215 6116//215 6117//215
f 6118//215 6119//215 6120//215
f 6121//215 6122//215 6123//215
f 6124//215 6125//215 6126//215
f 6127//215 6128//215 6129//215
f 6130//215 6131//215 6132//215
f 6133//215 6134//215 6135//215
f 6136//215 6137//215 6138//215
f 6139//215 6140//215 6141//215
f 6142//215 6143//215 6144//215
f 6145//215 6146//215 6147//215
f 6148//215 6149//215 6150//215
f 6151//215 6152//215 6153//215
f 6154//215 6155//215 6156//215
f 6157//215 6158//215 6159//215
f 6160//215 6161//215 6162//215
f 6163//215 6164//215 6165//215
f 6166//215 6167//215 6168//215
f 6169//215 6170//215 6171//215
f 6172//215 6173//215 6174//215
f 6175//215 6176//215 6177//215
f 6178//215 6179//215 6180//215
f 6181//215 6182//215 6183//215
f 6184//215 6185//215 6186//215
f 6187//215 6188//215 6189//215
f 6190//215 6191//215 6192//215
f 6193//215 6194//215 6195//215
f 6196//215 6197//215 6198//215
f 6199//215 6200//215 6201//215
f 6202//215 6203//215 6204//215
f 6205//215 6206//215 6207//215
f 6208//215 6209//215 6210//215
f 6211//215 6212//215 6213//215
f 6214//215 6215//215 6216//215
f 6217//215 6218//215 6219//215
f 6220//215 6221//215 6222//215
f 6223//215 6224//215 6225//215
f 6226//215 6227//215 6228//215
f 6229//215 6230//215 6231//215
f 6232//215 6233//215 6234//215
f 6235//215 6236//215 6237//215
f 6238//215 6239//215 6240//215
f 6241//215 6242//215 6243//215
f 6244//215 6245//215 6246//215
f 6247//215 6248//215 6249//215
f 6250//215 6251//215 6252//215
f 6253//215 6254//215 6255//215
f 6256//215 6257//215 6258//215
f 6259//215 6260//215 6261//215
f 6262//215 6263//215 6264//215
f 6265//215 6266//215 6267//215
f 6268//215 6269//215 6270//215
f 6271//215 6272//215 6273//215
f 6274//215 6275//215 6276//215
f 6277//215 6278//215 6279//215
f 6280//215 6281//215 6282//215
f 6283//215 6284//215 6285//215
f 6286//215 6287//215 6288//215
f 6289//215 6290//215 6291//215
f 6292//215 6293//215 6294//215
f 6295//215 6296//215 6297//215
f 6298//215 6299//215 6300//215
f 6301//215 6302//215 6303//215
f 6304//215 6305//215 6306//215
f 6307//215 6308//215 6309//215
f 6310//215 6311//215 6312//215
f 6313//215 6314//215 6315//215
f 6316//215 6317//215 6318//215
f 6319//215 6320//215 6321//215
f 6322//215 6323//215 6324//215
f 6325//215 6326//215 6327//215
f 6328//215 6329//215 6330//215
f 6331//215 6332//215 6333//215
f 6334//215 6335//215 6336//215
f 6337//215 6338//215 6339//215
f 6340//215 6341//215 6342//215
f 6343//215 6344//215 6345//215
f 6346//215 6347//215 6348//215
f 6349//215 6350//215 6351//215
f 6352//215 6353//215 6354//215
f 6355//215 6356//215 6357//215
f 6358//215 6359//215 6360//215
f 6361//215 6362//215 6363//215
f 6364//215 6365//215 6366//215
f 6367//215 6368//215 6369//215
f 6370//215 6371//215 6372//215
f 6373//215 6374//215 6375//215
f 6376//215 6377//215 6378//215
f 6379//215 6380//215 6381//215
f 6382//215 6383//215 6384//215
f 6385//215 6386//215 6387//215
f 6388//215 6389//215 6390//215
f 6391//215 6392//215 6393//215
f 6394//215 6395//215 6396//215
f 6397//215 6398//215 6399//215
f 6400//215 6401//215 6402//215
f 6403//215 6404//215 6405//215
f 6406//215 6407//215 6408//215
f 6409//215 6410//215 6411//215
f 6412//215 6413//215 6414//215
f 6415//215 6416//215 6417//215
f 6418//215 6419//215 6420//215
f 6421//215 6422//215 6423//215
f 6424//215 6425//215 6426//215
f 6427//215 6428//215 6429//215
f 6430//215 6431//215 6432//215
f 6433//215 6434//215 6435//215
f 6436//215 6437//215 6438//215
f 6439//215 6440//215 6441//215
f 6442//215 6443//215 6444//215
f 6445//215 6446//215 6447//215
f 6448//215 6449//215 6450//215
f 6451//215 6452//215 6453//215
f 6454//215 6455//215 6456//215
f 6457//215 6458//215 6459//215
f 6460//215 6461//215 6462//215
f 6463//215 6464//215 6465//215
f 6466//215 6467//215 6468//215
f 6469//215 6470//215 6471//215
f 6472//215 6473//215 6474//215
f 6475//215 6476//215 6477//215
f 6478//215 6479//215 6480//215
f 6481//215 6482//215 6483//215
f 6484//215 6485//215 6486//215
f 6487//215 6488//215 6489//215
f 6490//215 6491//215 6492//215
f 6493//215 6494//215 6495//215
f 6496//215 6497//215 6498//215
f 6499//215 6500//215 6501//215
f 6502//215 6503//215 6504//215
f 6505//215 6506//215 6507//215
f 6508//215 6509//215 6510//215
f 6511//215 6512//215 6513//215
f 6514//215 6515//215 6516//215
f 6517//215 6518//215 6519//215
f 6520//215 6521//215 6522//215
f 6523//215 6524//215 6525//215
f 6526//215 6527//215 6528//215
f 6529//215 6530//215 6531//215
f 6532//215 6533//215 6534//215
f 6535//215 6536//215 6537//215
f 6538//215 6539//215 6540//215
f 6541//215 6542//215 6543//215
f 6544//215 6545//215 6546//215
f 6547//215 6548//215 6549//215
f 6550//215 6551//215 6552//215
f 6553//215 6554//215 6555//215
f 6556//215 6557//215 6558//215
f 6559//215 6560//215 6561//215
f 6562//215 6563//215 6564//215
f 6565//215 6566//215 6567//215
f 6568//215 6569//215 6570//215
f 6571//215 6572//215 6573//215
f 6574//215 6575//215 6576//215
f 6577//215 6578//215 6579//215
f 6580//215 6581//215 6582//215
f 6583//215 6584//215 6585//215
f 6586//215 6587//215 6588//215
f 6589//215 6590//215 6591//215
f 6592//215 6593//215 6594//215
f 6595//215 6596//215 6597//215
f 6598//215 6599//215 6600//215
f 6601//215 6602//215 6603//215
f 6604//215 6605//215 6606//215
f 6607//215 6608//215 6609//215
f 6610//215 6611//215 6612//215
f 6613//215 6614//215 6615//215
f 6616//215 6617//215 6618//215
f 6619//215 6620//215 6621//215
f 6622//215 6623//215 6624//215
f 6625//215 6626//215 6627//215
f 6628//215 6629//215 6630//215
f 6631//215 6632//215 6633//215
f 6634//215 6635//215 6636//215
f 6637//215 6638//215 6639//215
f 6640//215 6641//215 6642//215
f 6643//215 6644//215 6645//215
f 6646//215 6647//215 6648//215
f 6649//215 6650//215 6651//215
f 6652//215 6653//215 6654//215
f 6655//215 6656//215 6657//215
f 6658//215 6659//215 6660//215
f 6661//215 6662//215 6663//215
f 6664//215 6665//215 6666//215
f 6667//215 6668//215 6669//215
f 6670//215 6671//215 6672//215
f 6673//215 6674//215 6675//215
f 6676//215 6677//215 6678//215
f 6679//215 6680//215 6681//215
f 6682//215 6683//215 6684//215
f 6685//215 6686//215 6687//215
f 6688//215 6689//215 6690//215
f 6691//215 6692//215 6693//215
f 6694//215 6695//215 6696//215
f 6697//215 6698//215 6699//215
f 6700//215 6701//215 6702//215
f 6703//215 6704//215 6705//215
f 6706//215 6707//215 6708//215
f 6709//215 6710//215 6711//215
f 6712//215 6713//215 6714//215
f 6715//215 6716//215 6717//215
f 6718//215 6719//215 6720//215
f 6721//215 6722//215 6723//215
f 6724//215 6725//215 6726//215
f 6727//215 6728//215 6729//215
f 6730//215 6731//215 6732//215
f 6733//215 6734//215 6735//215
f 6736//215 6737//215 6738//215
f 6739//215 6740//215 6741//215
f 6742//215 6743//215 6744//215
f 6745//215 6746//215 6747//215
f 6748//215 6749//215 6750//215
f 6751//215 6752//215 6753//215
f 6754//215 6755//215 6756//215
f 6757//215 6758//215 6759//215
f 6760//215 6761//215 6762//215
f 6763//215 6764//215 6765//215
f 6766//215 6767//215 6768//215
f 6769//215 6770//215 6771//215
f 6772//215 6773//215 6774//215
f 6775//215 6776//215 6777//215
f 6778//215 6779//215 6780//215
f 6781//215 6782//215 6783//215
f 6784//215 6785//215 6786//215
f 6787//215 6788//215 6789//215
f 6790//215 6791//215 6792//215
f 6793//215 6794//215 6795//215
f 6796//215 6797//215 6798//215
f 6799//215 6800//215 6801//215
f 6802//215 6803//215 6804//215
f 6805//215 6806//215 6807//215
f 6808//215 6809//215 6810//215
f 6811//215 6812//215 6813//215
f 6814//215 6815//215 6816//215
f 6817//215 6818//215 6819//215
f 6820//215 6821//215 6822//215
f 6823//215 6824//215 6825//215
f 6826//215 6827//215 6828//215
f 6829//215 6830//215 6831//215
f 6832//215 6833//215 6834//215
f 6835//215 6836//215 6837//215
f 6838//215 6839//215 6840//215
f 6841//215 6842//215 6843//215
f 6844//215 6845//215 6846//215
f 6847//215 6848//215 6849//215
f 6850//215 6851//215 6852//215
f 6853//215 6854//215 6855//215
f 6856//215 6857//215 6858//215
f 6859//215 6860//215 6861//215
f 6862//215 6863//215 6864//215
f 6865//215 6866//215 6867//215
f 6868//215 6869//215 6870//215
f 6871//215 6872//215 6873//215
f 6874//215 6875//215 6876//215
f 6877//215 6878//215 6879//215
f 6880//215 6881//215 6882//215
f 6883//215 6884//215 6885//215
f 6886//215 6887//215 6888//215
f 6889//215 6890//215 6891//215
f 6892//215 6893//215 6894//215
f 6895//215 6896//215 6897//215
f 6898//215 6899//215 6900//215
f 6901//215 6902//215 6903//215
f 6904//215 6905//215 6906//215
f 6907//215 6908//215 6909//215
f 6910//215 6911//215 6912//215
f 6913//215 6914//215 6915//215
f 6916//215 6917//215 6918//215
f 6919//215 6920//215 6921//215
f 6922//215 6923//215 6924//215
f 6925//215 6926//215 6927//215
f 6928//215 6929//215 6930//215
f 6931//215 6932//215 6933//215
f 6934//215 6935//215 6936//215
f 6937//215 6938//215 6939//215
f 6940//215 6941//215 6942//215
f 6943//215 6944//215 6945//215
f 6946//215 6947//215 6948//215
f 6949//215 6950//215 6951//215
f 6952//215 6953//215 6954//215
f 6955//215 6956//215 6957//215
f 6958//215 6959//215 6960//215
f 6961//215 6962//215 6963//215
f 6964//215 6965//215 6966//215
f 6967//215 6968//215 6969//215
f 6970//215 6971//215 6972//215
f 6973//215 6974//215 6975//215
f 6976//215 6977//215 6978//215
f 6979//215 6980//215 6981//215
f 6982//215 6983//215 6984//215
f 6985//215 6986//215 6987//215
f 6988//215 6989//215 6990//215
f 6991//215 6992//215 6993//215
f 6994//215 6995//215 6996//215
f 6997//215 6998//215 6999//215
f 7000//215 7001//215 7002//215
f 7003//215 7004//215 7005//215
f 7006//215 7007//215 7008//215
f 7009//215 7010//215 7011//215
f 7012//215 7013//215 7014//215
f 7015//215 7016//215 7017//215
f 7018//215 7019//215 7020//215
f 7021//215 7022//215 7023//215
f 7024//215 7025//215 7026//215
f 7027//215 7028//215 7029//215
f 7030//215 7031//215 7032//215
f 7033//215 7034//215 7035//215
f 7036//215 7037//215 7038//215
f 7039//215 7040//215 7041//215
f 7042//215 7043//215 7044//215
f 7045//215 7046//215 7047//215
f 7048//215 7049//215 7050//215
f 7051//215 7052//215 7053//215
f 7054//215 7055//215 7056//215
f 7057//215 7058//215 7059//215
f 7060//215 7061//215 7062//215
f 7063//215 7064//215 7065//215
f 7066//215 7067//215 7068//215
f 7069//215 7070//215 7071//215
f 7072//215 7073//215 7074//215
f 7075//215 7076//215 7077//215
f 7078//215 7079//215 7080//215
f 7081//215 7082//215 7083//215
f 7084//215 7085//215 7086//215
f 7087//215 7088//215 7089//215
f 7090//215 7091//215 7092//215
f 7093//215 7094//215 7095//215
f 7096//215 7097//215 7098//215
f 7099//215 7100//215 7101//215
f 7102//215 7103//215 7104//215
f 7105//215 7106//215 7107//215
f 7108//215 7109//215 7110//215
f 7111//215 7112//215 7113//215
f 7114//215 7115//215 7116//215
f 7117//215 7118//215 7119//215
f 7120//215 7121//215 7122//215
f 7123//215 7124//215 7125//215
f 7126//215 7127//215 7128//215
f 7129//215 7130//215 7131//215
f 7132//215 7133//215 7134//215
f 7135//215 7136//215 7137//215
f 7138//215 7139//215 7140//215
f 7141//215 7142//215 7143//215
f 7144//215 7145//215 7146//215
f 7147//215 7148//215 7149//215
f 7150//215 7151//215 7152//215
f 7153//215 7154//215 7155//215
f 7156//215 7157//215 7158//215
f 7159//215 7160//215 7161//215
f 7162//215 7163//215 7164//215
f 7165//215 7166//215 7167//215
f 7168//215 7169//215 7170//215
f 7171//215 7172//215 7173//215
f 7174//215 7175//215 7176//215
f 7177//215 7178//215 7179//215
f 7180//215 7181//215 7182//215
f 7183//215 7184//215 7185//215
f 7186//215 7187//215 7188//215
f 7189//215 7190//215 7191//215
f 7192//215 7193//215 7194//215
f 7195//215 7196//215 7197//215
f 7198//215 7199//215 7200//215
f 7201//215 7202//215 7203//215
f 7204//215 7205//215 7206//215
f 7207//215 7208//215 7209//215
f 7210//215 7211//215 7212//215
f 7213//215 7214//215 7215//215
f 7216//215 7217//215 7218//215
f 7219//215 7220//215 7221//215
f 7222//215 7223//215 7224//215
f 7225//215 7226//215 7227//215
f 7228//215 7229//215 7230//215
f 7231//215 7232//215 7233//215
f 7234//215 7235//215 7236//215
f 7237//215 7238//215 7239//215
f 7240//215 7241//215 7242//215
f 7243//215 7244//215 7245//215
f 7246//215 7247//215 7248//215
f 7249//215 7250//215 7251//215
f 7252//215 7253//215 7254//215
f 7255//215 7256//215 7257//215
f 7258//215 7259//215 7260//215
f 7261//215 7262//215 7263//215
f 7264//215 7265//215 7266//215
f 7267//215 7268//215 7269//215
f 7270//215 7271//215 7272//215
f 7273//215 7274//215 7275//215
f 7276//215 7277//215 7278//215
f 7279//215 7280//215 7281//215
f 7282//215 7283//215 7284//215
f 7285//215 7286//215 7287//215
f 7288//215 7289//215 7290//215
f 7291//215 7292//215 7293//215
f 7294//215 7295//215 7296//215
f 7297//215 7298//215 7299//215
f 7300//215 7301//215 7302//215
f 7303//215 7304//215 7305//215
f 7306//215 7307//215 7308//215
f 7309//215 7310//215 7311//215
f 7312//215 7313//215 7314//215
f 7315//215 7316//215 7317//215
f 7318//215 7319//215 7320//215
f 7321//215 7322//215 7323//215
f 7324//215 7325//215 7326//215
f 7327//215 7328//215 7329//215
f 7330//215 7331//215 7332//215
f 7333//215 7334//215 7335//215
f 7336//215 7337//215 7338//215
f 7339//215 7340//215 7341//215
f 7342//215 7343//215 7344//215
f 7345//215 7346//215 7347//215
f 7348//215 7349//215 7350//215
f 7351//215 7352//215 7353//215
f 7354//215 7355//215 7356//215
f 7357//215 7358//215 7359//215
f 7360//215 7361//215 7362//215
f 7363//215 7364//215 7365//215
f 7366//215 7367//215 7368//215
f 7369//215 7370//215 7371//215
f 7372//215 7373//215 7374//215
f 7375//215 7376//215 7377//215
f 7378//215 7379//215 7380//215
f 7381//215 7382//215 7383//215
f 7384//215 7385//215 7386//215
f 7387//215 7388//215 7389//215
f 7390//215 7391//215 7392//215
f 7393//215 7394//215 7395//215
f 7396//215 7397//215 7398//215
f 7399//215 7400//215 7401//215
f 7402//215 7403//215 7404//215
f 7405//215 7406//215 7407//215
f 7408//215 7409//215 7410//215
f 7411//215 7412//215 7413//215
f 7414//215 7415//215 7416//215
f 7417//215 7418//215 7419//215
f 7420//215 7421//215 7422//215
f 7423//215 7424//215 7425//215
f 7426//215 7427//215 7428//215
f 7429//215 7430//215 7431//215
f 7432//215 7433//215 7434//215
f 7435//215 7436//215 7437//215
f 7438//215 7439//215 7440//215
f 7441//215 7442//215 7443//215
f 7444//215 7445//215 7446//215
f 7447//215 7448//215 7449//215
f 7450//215 7451//215 7452//215
f 7453//215 7454//215 7455//215
f 7456//215 7457//215 7458//215
f 7459//215 7460//215 7461//215
f 7462//215 7463//215 7464//215
f 7465//215 7466//215 7467//215
f 7468//215 7469//215 7470//215
f 7471//215 7472//215 7473//215
f 7474//215 7475//215 7476//215
f 7477//215 7478//215 7479//215
f 7480//215 7481//215 7482//215
f 7483//215 7484//215 7485//215
f 7486//215 7487//215 7488//215
f 7489//215 7490//215 7491//215
f 7492//215 7493//215 7494//215
f 7495//215 7496//215 7497//215
f 7498//215 7499//215 7500//215
f 7501//215 7502//215 7503//215
f 7504//215 7505//215 7506//215
f 7507//215 7508//215 7509//215
f 7510//215 7511//215 7512//215
f 7513//215 7514//215 7515//215
f 7516//215 7517//215 7518//215
f 7519//215 7520//215 7521//215
f 7522//215 7523//215 7524//215
f 7525//215 7526//215 7527//215
f 7528//215 7529//215 7530//215
f 7531//215 7532//215 7533//215
f 7534//215 7535//215 7536//215
f 7537//216 7538//216 7539//216
f 7540//217 7541//217 7542//217
f 7543//218 7544//218 7545//218
f 7546//219 7547//219 7548//219
f 7549//220 7550//220 7551//220
f 7552//221 7553//221 7554//221
f 7555//222 7556//222 7557//222
f 7558//223 7559//223 7560//223
f 7561//224 7562//224 7563//224
f 7564//225 7565//225 7566//225
f 7567//226 7568//226 7569//226
f 7570//227 7571//227 7572//227
f 7573//228 7574//228 7575//228
f 7576//229 7577//229 7578//229
f 7579//230 7580//230 7581//230
f 7582//231 7583//231 7584//231
f 7585//232 7586//232 7587//232
f 7588//233 7589//233 7590//233
f 7591//234 7592//234 7593//234
f 7594//235 7595//235 7596//235
f 7597//236 7598//236 7599//236
f 7600//237 7601//237 7602//237
f 7603//238 7604//238 7605//238
f 7606//239 7607//239 7608//239
f 7609//240 7610//240 7611//240
f 7612//241 7613//241 7614//241
f 7615//242 7616//242 7617//242
f 7618//243 7619//243 7620//243
f 7621//244 7622//244 7623//244
f 7624//245 7625//245 7626//245
f 7627//246 7628//246 7629//246
f 7630//247 7631//247 7632//247
f 7633//248 7634//248 7635//248
f 7636//249 7637//249 7638//249
f 7639//250 7640//250 7641//250
f 7642//251 7643//251 7644//251
f 7645//252 7646//252 7647//252
f 7648//253 7649//253 7650//253
f 7651//254 7652//254 7653//254
f 7654//255 7655//255 7656//255
f 7657//256 7658//256 7659//256
f 7660//257 7661//257 7662//257
f 7663//258 7664//258 7665//258
f 7666//259 7667//259 7668//259
f 7669//260 7670//260 7671//260
f 7672//261 7673//261 7674//261
f 7675//262 7676//262 7677//262
f 7678//263 7679//263 7680//263
f 7681//264 7682//264 7683//264
f 7684//265 7685//265 7686//265
f 7687//266 7688//266 7689//266
f 7690//267 7691//267 7692//267
f 7693//268 7694//268 7695//268
f 7696//269 7697//269 7698//269
f 7699//270 7700//270 7701//270
f 7702//271 7703//271 7704//271
f 7705//272 7706//272 7707//272
f 7708//273 7709//273 7710//273
f 7711//274 7712//274 7713//274
f 7714//275 7715//275 7716//275
f 7717//276 7718//276 7719//276
f 7720//277 7721//277 7722//277
f 7723//278 7724//278 7725//278
f 7726//279 7727//279 7728//279
f 7729//280 7730//280 7731//280
f 7732//281 7733//281 7734//281
f 7735//282 7736//282 7737//282
f 7738//283 7739//283 7740//283
f 7741//284 7742//284 7743//284
f 7744//285 7745//285 7746//285
f 7747//286 7748//286 7749//286
f 7750//287 7751//287 7752//287
f 7753//288 7754//288 7755//288
f 7756//289 7757//289 7758//289
f 7759//290 7760//290 7761//290
f 7762//291 7763//291 7764//291
f 7765//292 7766//292 7767//292
f 7768//293 7769//293 7770//293
f 7771//294 7772//294 7773//294
f 7774//295 7775//295 7776//295
f 7777//296 7778//296 7779//296
f 7780//297 7781//297 7782//297
f 7783//298 7784//298 7785//298
f 7786//299 7787//299 7788//299
f 7789//300 7790//300 7791//300
f 7792//301 7793//301 7794//301
f 7795//302 7796//302 7797//302
f 7798//303 7799//303 7800//303
f 7801//304 7802//304 7803//304
f 7804//305 7805//305 7806//305
f 7807//306 7808//306 7809//306
f 7810//307 7811//307 7812//307
f 7813//308 7814//308 7815//308
f 7816//309 7817//309 7818//309
f 7819//310 7820//310 7821//310
f 7822//311 7823//311 7824//311
f 7825//312 7826//312 7827//312
f 7828//313 7829//313 7830//313
f 7831//314 7832//314 7833//314
f 7834//315 7835//315 7836//315
f 7837//316 7838//316 7839//316
f 7840//317 7841//317 7842//317
f 7843//318 7844//318 7845//318
f 7846//319 7847//319 7848//319
f 7849//320 7850//320 7851//320
f 7852//321 7853//321 7854//321
f 7855//322 7856//322 7857//322
f 7858//323 7859//323 7860//323
f 7861//324 7862//324 7863//324
f 7864//325 7865//325 7866//325
f 7867//326 7868//326 7869//326
f 7870//327 7871//327 7872//327
f 7873//328 7874//328 7875//328
f 7876//329 7877//329 7878//329
f 7879//330 7880//330 7881//330
f 7882//331 7883//331 7884//331
f 7885//332 7886//332 7887//332
f 7888//333 7889//333 7890//333
f 7891//334 7892//334 7893//334
f 7894//335 7895//335 7896//335
f 7897//336 7898//336 7899//336
f 7900//337 7901//337 7902//337
f 7903//338 7904//338 7905//338
f 7906//339 7907//339 7908//339
f 7909//340 7910//340 7911//340
f 7912//341 7913//341 7914//341
f 7915//342 7916//342 7917//342
f 7918//343 7919//343 7920//343
f 7921//344 7922//344 7923//344
f 7924//345 7925//345 7926//345
f 7927//346 7928//346 7929//346
f 7930//347 7931//347 7932//347
f 7933//348 7934//348 7935//348
f 7936//349 7937//349 7938//349
f 7939//350 7940//350 7941//350
f 7942//351 7943//351 7944//351
f 7945//352 7946//352 7947//352
f 7948//353 7949//353 7950//353
f 7951//354 7952//354 7953//354
f 7954//355 7955//355 7956//355
f 7957//356 7958//356 7959//356
f 7960//357 7961//357 7962//357
f 7963//358 7964//358 7965//358
f 7966//359 7967//359 7968//359
f 7969//360 7970//360 7971//360
f 7972//361 7973//361 7974//361
f 7975//362 7976//362 7977//362
f 7978//363 7979//363 7980//363
f 7981//364 7982//364 7983//364
f 7984//365 7985//365 7986//365
f 7987//366 7988//366 7989//366
f 7990//367 7991//367 7992//367
f 7993//368 7994//368 7995//368
f 7996//369 7997//369 7998//369
f 7999//370 8000//370 8001//370
f 8002//371 8003//371 8004//371
f 8005//372 8006//372 8007//372
f 8008//373 8009//373 8010//373
f 8011//374 8012//374 8013//374
f 8014//375 8015//375 8016//375
f 8017//376 8018//376 8019//376
f 8020//377 8021//377 8022//377
f 8023//378 8024//378 8025//378
f 8026//379 8027//379 8028//379
f 8029//380 8030//380 8031//380
f 8032//381 8033//381 8034//381
f 8035//382 8036//382 8037//382
f 8038//383 8039//383 8040//383
f 8041//384 8042//384 8043//384
f 8044//385 8045//385 8046//385
f 8047//386 8048//386 8049//386
f 8050//387 8051//387 8052//387
f 8053//388 8054//388 8055//388
f 8056//389 8057//389 8058//389
f 8059//390 8060//390 8061//390
f 8062//391 8063//391 8064//391
f 8065//392 8066//392 8067//392
f 8068//393 8069//393 8070//393
f 8071//394 8072//394 8073//394
f 8074//395 8075//395 8076//395
f 8077//396 8078//396 8079//396
f 8080//397 8081//397 8082//397
f 8083//398 8084//398 8085//398
f 8086//399 8087//399 8088//399
f 8089//400 8090//400 8091//400
f 8092//401 8093//401 8094//401
f 8095//402 8096//402 8097//402
f 8098//403 8099//403 8100//403
f 8101//404 8102//404 8103//404
f 8104//405 8105//405 8106//405
f 8107//406 8108//406 8109//406
f 8110//407 8111//407 8112//407
f 8113//408 8114//408 8115//408
f 8116//409 8117//409 8118//409
f 8119//410 8120//410 8121//410
f 8122//411 8123//411 8124//411
f 8125//412 8126//412 8127//412
f 8128//413 8129//413 8130//413
f 8131//414 8132//414 8133//414
f 8134//415 8135//415 8136//415
f 8137//416 8138//416 8139//416
f 8140//417 8141//417 8142//417
f 8143//418 8144//418 8145//418
f 8146//419 8147//419 8148//419
f 8149//420 8150//420 8151//420
f 8152//421 8153//421 8154//421
f 8155//422 8156//422 8157//422
f 8158//423 8159//423 8160//423
f 8161//424 8162//424 8163//424
f 8164//425 8165//425 8166//425
f 8167//426 8168//426 8169//426
f 8170//427 8171//427 8172//427
f 8173//428 8174//428 8175//428
f 8176//429 8177//429 8178//429
f 8179//430 8180//430 8181//430
f 8182//431 8183//431 8184//431
f 8185//432 8186//432 8187//432
f 8188//433 8189//433 8190//433
f 8191//434 8192//434 8193//434
f 8194//435 8195//435 8196//435
f 8197//436 8198//436 8199//436
f 8200//437 8201//437 8202//437
f 8203//438 8204//438 8205//438
f 8206//439 8207//439 8208//439
f 8209//440 8210//440 8211//440
f 8212//441 8213//441 8214//441
f 8215//442 8216//442 8217//442
f 8218//443 8219//443 8220//443
f 8221//444 8222//444 8223//444
f 8224//445 8225//445 8226//445
f 8227//446 8228//446 8229//446
f 8230//447 8231//447 8232//447
f 8233//448 8234//448 8235//448
f 8236//449 8237//449 8238//449
f 8239//450 8240//450 8241//450
f 8242//451 8243//451 8244//451
f 8245//452 8246//452 8247//452
f 8248//453 8249//453 8250//453
f 8251//454 8252//454 8253//454
f 8254//455 8255//455 8256//455
f 8257//456 8258//456 8259//456
f 8260//457 8261//457 8262//457
f 8263//458 8264//458 8265//458
f 8266//459 8267//459 8268//459
f 8269//460 8270//460 8271//460
f 8272//461 8273//461 8274//461
f 8275//462 8276//462 8277//462
f 8278//463 8279//463 8280//463
f 8281//464 8282//464 8283//464
f 8284//465 8285//465 8286//465
f 8287//466 8288//466 8289//466
f 8290//467 8291//467 8292//467
f 8293//468 8294//468 8295//468
f 8296//469 8297//469 8298//469
f 8299//470 8300//470 8301//470
f 8302//471 8303//471 8304//471
f 8305//472 8306//472 8307//472
f 8308//473 8309//473 8310//473
f 8311//474 8312//474 8313//474
f 8314//475 8315//475 8316//475
f 8317//476 8318//476 8319//476
f 8320//477 8321//477 8322//477
f 8323//478 8324//478 8325//478
f 8326//479 8327//479 8328//479
f 8329//480 8330//480 8331//480
f 8332//481 8333//481 8334//481
f 8335//482 8336//482 8337//482
f 8338//483 8339//483 8340//483
f 8341//484 8342//484 8343//484
f 8344//485 8345//485 8346//485
f 8347//486 8348//486 8349//486
f 8350//487 8351//487 8352//487
f 8353//488 8354//488 8355//488
f 8356//489 8357//489 8358//489
f 8359//490 8360//490 8361//490
f 8362//491 8363//491 8364//491
f 8365//492 8366//492 8367//492
f 8368//493 8369//493 8370//493
f 8371//494 8372//494 8373//494
f 8374//495 8375//495 8376//495
f 8377//496 8378//496 8379//496
f 8380//497 8381//497 8382//497
f 8383//498 8384//498 8385//498
f 8386//499 8387//499 8388//499
f 8389//500 8390//500 8391//500
f 8392//501 8393//501 8394//501
f 8395//502 8396//502 8397//502
f 8398//503 8399//503 8400//503
f 8401//504 8402//504 8403//504
f 8404//505 8405//505 8406//505
f 8407//506 8408//506 8409//506
f 8410//507 8411//507 8412//507
f 8413//508 8414//508 8415//508
f 8416//509 8417//509 8418//509
f 8419//510 8420//510 8421//510
f 8422//511 8423//511 8424//511
f 8425//512 8426//512 8427//512
f 8428//513 8429//513 8430//513
f 8431//514 8432//514 8433//514
f 8434//515 8435//515 8436//515
f 8437//516 8438//516 8439//516
f 8440//517 8441//517 8442//517
f 8443//518 8444//518 8445//518
f 8446//519 8447//519 8448//519
f 8449//520 8450//520 8451//520
f 8452//521 8453//521 8454//521
f 8455//522 8456//522 8457//522
f 8458//523 8459//523 8460//523
f 8461//524 8462//524 8463//524
f 8464//525 8465//525 8466//525
f 8467//526 8468//526 8469//526
f 8470//527 8471//527 8472//527
f 8473//528 8474//528 8475//528
f 8476//529 8477//529 8478//529
f 8479//530 8480//530 8481//530
f 8482//531 8483//531 8484//531
f 8485//532 8486//532 8487//532
f 8488//533 8489//533 8490//533
f 8491//534 8492//534 8493//534
f 8494//535 8495//535 8496//535
f 8497//536 8498//536 8499//536
f 8500//537 8501//537 8502//537
f 8503//538 8504//538 8505//538
f 8506//539 8507//539 8508//539
f 8509//540 8510//540 8511//540
f 8512//541 8513//541 8514//541
f 8515//542 8516//542 8517//542
f 8518//543 8519//543 8520//543
f 8521//544 8522//544 8523//544
f 8524//545 8525//545 8526//545
f 8527//546 8528//546 8529//546
f 8530//547 8531//547 8532//547
f 8533//548 8534//548 8535//548
f 8536//549 8537//549 8538//549
f 8539//550 8540//550 8541//550
f 8542//551 8543//551 8544//551
f 8545//552 8546//552 8547//552
f 8548//553 8549//553 8550//553
f 8551//554 8552//554 8553//554
f 8554//555 8555//555 8556//555
f 8557//556 8558//556 8559//556
f 8560//557 8561//557 8562//557
f 8563//558 8564//558 8565//558
f 8566//559 8567//559 8568//559
f 8569//560 8570//560 8571//560
f 8572//561 8573//561 8574//561
f 8575//562 8576//562 8577//562
f 8578//563 8579//563 8580//563
f 8581//564 8582//564 8583//564
f 8584//565 8585//565 8586//565
f 8587//566 8588//566 8589//566
f 8590//567 8591//567 8592//567
f 8593//568 8594//568 8595//568
f 8596//569 8597//569 8598//569
f 8599//570 8600//570 8601//570
f 8602//571 8603//571 8604//571
f 8605//572 8606//572 8607//572
f 8608//573 8609//573 8610//573
f 8611//574 8612//574 8613//574
f 8614//575 8615//575 8616//575
f 8617//576 8618//576 8619//576
f 8620//577 8621//577 8622//577
f 8623//578 8624//578 8625//578
f 8626//579 8627//579 8628//579
f 8629//580 8630//580 8631//580
f 8632//581 8633//581 8634//581
f 8635//582 8636//582 8637//582
f 8638//583 8639//583 8640//583
f 8641//584 8642//584 8643//584
f 8644//585 8645//585 8646//585
f 8647//586 8648//586 8649//586
f 8650//587 8651//587 8652//587
f 8653//588 8654//588 8655//588
f 8656//589 8657//589 8658//589
f 8659//590 8660//590 8661//590
f 8662//591 8663//591 8664//591
f 8665//592 8666//592 8667//592
f 8668//593 8669//593 8670//593
f 8671//594 8672//594 8673//594
f 8674//595 8675//595 8676//595
f 8677//596 8678//596 8679//596
f 8680//597 8681//597 8682//597
f 8683//598 8684//598 8685//598
f 8686//599 8687//599 8688//599
f 8689//600 8690//600 8691//600
f 8692//601 8693//601 8694//601
f 8695//602 8696//602 8697//602
f 8698//603 8699//603 8700//603
f 8701//604 8702//604 8703//604
f 8704//605 8705//605 8706//605
f 8707//606 8708//606 8709//606
f 8710//607 8711//607 8712//607
f 8713//608 8714//608 8715//608
f 8716//609 8717//609 8718//609
f 8719//610 8720//610 8721//610
f 8722//611 8723//611 8724//611
f 8725//612 8726//612 8727//612
f 8728//613 8729//613 8730//613
f 8731//614 8732//614 8733//614
f 8734//615 8735//615 8736//615
f 8737//616 8738//616 8739//616
f 8740//617 8741//617 8742//617
f 8743//618 8744//618 8745//618
f 8746//619 8747//619 8748//619
f 8749//620 8750//620 8751//620
f 8752//621 8753//621 8754//621
f 8755//622 8756//622 8757//622
f 8758//623 8759//623 8760//623
f 8761//624 8762//624 8763//624
f 8764//625 8765//625 8766//625
f 8767//626 8768//626 8769//626
f 8770//627 8771//627 8772//627
f 8773//628 8774//628 8775//628
f 8776//629 8777//629 8778//629
f 8779//630 8780//630 8781//630
f 8782//631 8783//631 8784//631
f 8785//632 8786//632 8787//632
f 8788//633 8789//633 8790//633
f 8791//634 8792//634 8793//634
f 8794//635 8795//635 8796//635
f 8797//636 8798//636 8799//636
f 8800//637 8801//637 8802//637
f 8803//638 8804//638 8805//638
f 8806//639 8807//639 8808//639
f 8809//640 8810//640 8811//640
f 8812//641 8813//641 8814//641
f 8815//642 8816//642 8817//642
f 8818//643 8819//643 8820//643
f 8821//644 8822//644 8823//644
f 8824//645 8825//645 8826//645
f 8827//646 8828//646 8829//646
f 8830//647 8831//647 8832//647
f 8833//648 8834//648 8835//648
f 8836//649 8837//649 8838//649
f 8839//650 8840//650 8841//650
f 8842//651 8843//651 8844//651
f 8845//652 8846//652 8847//652
f 8848//653 8849//653 8850//653
f 8851//654 8852//654 8853//654
f 8854//655 8855//655 8856//655
f 8857//656 8858//656 8859//656
f 8860//657 8861//657 8862//657
f 8863//658 8864//658 8865//658
f 8866//659 8867//659 8868//659
f 8869//660 8870//660 8871//660
f 8872//661 8873//661 8874//661
f 8875//662 8876//662 8877//662
f 8878//663 8879//663 8880//663
f 8881//664 8882//664 8883//664
f 8884//665 8885//665 8886//665
f 8887//666 8888//666 8889//666
f 8890//667 8891//667 8892//667
f 8893//668 8894//668 8895//668
f 8896//669 8897//669 8898//669
f 8899//670 8900//670 8901//670
f 8902//671 8903//671 8904//671
f 8905//672 8906//672 8907//672
f 8908//673 8909//673 8910//673
f 8911//674 8912//674 8913//674
f 8914//675 8915//675 8916//675
f 8917//676 8918//676 8919//676
f 8920//677 8921//677 8922//677
f 8923//678 8924//678 8925//678
f 8926//679 8927//679 8928//679
f 8929//680 8930//680 8931//680
f 8932//681 8933//681 8934//681
f 8935//682 8936//682 8937//682
f 8938//683 8939//683 8940//683
f 8941//684 8942//684 8943//684
f 8944//685 8945//685 8946//685
f 8947//686 8948//686 8949//686
f 8950//687 8951//687 8952//687
f 8953//688 8954//688 8955//688
f 8956//689 8957//689 8958//689
f 8959//690 8960//690 8961//690
f 8962//691 8963//691 8964//691
f 8965//692 8966//692 8967//692
f 8968//693 8969//693 8970//693
f 8971//694 8972//694 8973//694
f 8974//695 8975//695 8976//695
f 8977//696 8978//696 8979//696
f 8980//697 8981//697 8982//697
f 8983//698 8984//698 8985//698
f 8986//699 8987//699 8988//699
f 8989//700 8990//700 8991//700
f 8992//701 8993//701 8994//701
f 8995//702 8996//702 8997//702
f 8998//703 8999//703 9000//703
f 9001//704 9002//704 9003//704
f 9004//705 9005//705 9006//705
f 9007//706 9008//706 9009//706
f 9010//707 9011//707 9012//707
f 9013//708 9014//708 9015//708
f 9016//709 9017//709 9018//709
f 9019//710 9020//710 9021//710
f 9022//711 9023//711 9024//711
f 9025//712 9026//712 9027//712
f 9028//713 9029//713 9030//713
f 9031//714 9032//714 9033//714
f 9034//715 9035//715 9036//715
f 9037//716 9038//716 9039//716
f 9040//717 9041//717 9042//717
f 9043//718 9044//718 9045//718
f 9046//719 9047//719 9048//719
f 9049//720 9050//720 9051//720
f 9052//721 9053//721 9054//721
f 9055//722 9056//722 9057//722
f 9058//723 9059//723 9060//723
f 9061//724 9062//724 9063//724
f 9064//725 9065//725 9066//725
f 9067//726 9068//726 9069//726
f 9070//727 9071//727 9072//727
f 9073//728 9074//728 9075//728
f 9076//729 9077//729 9078//729
f 9079//730 9080//730 9081//730
f 9082//731 9083//731 9084//731
f 9085//732 9086//732 9087//732
f 9088//733 9089//733 9090//733
f 9091//734 9092//734 9093//734
f 9094//735 9095//735 9096//735
f 9097//736 9098//736 9099//736
f 9100//737 9101//737 9102//737
f 9103//738 9104//738 9105//738
f 9106//739 9107//739 9108//739
f 9109//740 9110//740 9111//740
f 9112//741 9113//741 9114//741
f 9115//742 9116//742 9117//742
f 9118//743 9119//743 9120//743
f 9121//744 9122//744 9123//744
f 9124//745 9125//745 9126//745
f 9127//746 9128//746 9129//746
f 9130//747 9131//747 9132//747
f 9133//748 9134//748 9135//748
f 9136//749 9137//749 9138//749
f 9139//750 9140//750 9141//750
f 9142//751 9143//751 9144//751
f 9145//752 9146//752 9147//752
f 9148//753 9149//753 9150//753
f 9151//754 9152//754 9153//754
f 9154//755 9155//755 9156//755
f 9157//756 9158//756 9159//756
f 9160//757 9161//757 9162//757
f 9163//758 9164//758 9165//758
f 9166//759 9167//759 9168//759
f 9169//760 9170//760 9171//760
f 9172//761 9173//761 9174//761
f 9175//762 9176//762 9177//762
f 9178//763 9179//763 9180//763
f 9181//764 9182//764 9183//764
f 9184//765 9185//765 9186//765
f 9187//766 9188//766 9189//766
f 9190//767 9191//767 9192//767
f 9193//768 9194//768 9195//768
f 9196//769 9197//769 9198//769
f 9199//770 9200//770 9201//770
f 9202//771 9203//771 9204//771
f 9205//772 9206//772 9207//772
f 9208//773 9209//773 9210//773
f 9211//774 9212//774 9213//774
f 9214//775 9215//775 9216//775
f 9217//776 9218//776 9219//776
f 9220//777 9221//777 9222//777
f 9223//778 9224//778 9225//778
f 9226//779 9227//779 9228//779
f 9229//780 9230//780 9231//780
f 9232//781 9233//781 9234//781
f 9235//782 9236//782 9237//782
f 9238//783 9239//783 9240//783
f 9241//784 9242//784 9243//784
f 9244//785 9245//785 9246//785
f 9247//786 9248//786 9249//786
f 9250//787 9251//787 9252//787
f 9253//788 9254//788 9255//788
f 9256//789 9257//789 9258//789
f 9259//790 9260//790 9261//790
f 9262//791 9263//791 9264//791
f 9265//792 9266//792 9267//792
f 9268//793 9269//793 9270//793
f 9271//794 9272//794 9273//794
f 9274//795 9275//795 9276//795
f 9277//796 9278//796 9279//796
f 9280//797 9281//797 9282//797
f 9283//798 9284//798 9285//798
f 9286//799 9287//799 9288//799
f 9289//800 9290//800 9291//800
f 9292//801 9293//801 9294//801
f 9295//802 9296//802 9297//802
f 9298//803 9299//803 9300//803
f 9301//804 9302//804 9303//804
f 9304//805 9305//805 9306//805
f 9307//806 9308//806 9309//806
f 9310//807 9311//807 9312//807
f 9313//808 9314//808 9315//808
f 9316//809 9317//809 9318//809
f 9319//810 9320//810 9321//810
f 9322//811 9323//811 9324//811
f 9325//812 9326//812 9327//812
f 9328//813 9329//813 9330//813
f 9331//814 9332//814 9333//814
f 9334//815 9335//815 9336//815
f 9337//816 9338//816 9339//816
f 9340//817 9341//817 9342//817
f 9343//818 9344//818 9345//818
f 9346//819 9347//819 9348//819
f 9349//820 9350//820 9351//820
f 9352//821 9353//821 9354//821
f 9355//822 9356//822 9357//822
f 9358//823 9359//823 9360//823
f 9361//824 9362//824 9363//824
f 9364//825 9365//825 9366//825
f 9367//826 9368//826 9369//826
f 9370//827 9371//827 9372//827
f 9373//828 9374//828 9375//828
f 9376//829 9377//829 9378//829
f 9379//830 9380//830 9381//830
f 9382//831 9383//831 9384//831
f 9385//832 9386//832 9387//832
f 9388//833 9389//833 9390//833
f 9391//834 9392//834 9393//834
f 9394//835 9395//835 9396//835
f 9397//836 9398//836 9399//836
f 9400//837 9401//837 9402//837
f 9403//838 9404//838 9405//838
f 9406//839 9407//839 9408//839
f 9409//840 9410//840 9411//840
f 9412//841 9413//841 9414//841
f 9415//842 9416//842 9417//842
f 9418//843 9419//843 9420//843
f 9421//844 9422//844 9423//844
f 9424//845 9425//845 9426//845
f 9427//846 9428//846 9429//846
f 9430//847 9431//847 9432//847
f 9433//848 9434//848 9435//848
f 9436//849 9437//849 9438//849
f 9439//850 9440//850 9441//850
f 9442//851 9443//851 9444//851
f 9445//852 9446//852 9447//852
f 9448//853 9449//853 9450//853
f 9451//854 9452//854 9453//854
f 9454//855 9455//855 9456//855
f 9457//856 9458//856 9459//856
f 9460//857 9461//857 9462//857
f 9463//858 9464//858 9465//858
f 9466//859 9467//859 9468//859
f 9469//860 9470//860 9471//860
f 9472//861 9473//861 9474//861
f 9475//862 9476//862 9477//862
f 9478//863 9479//863 9480//863
f 9481//864 9482//864 9483//864
f 9484//865 9485//865 9486//865
f 9487//866 9488//866 9489//866
f 9490//867 9491//867 9492//867
f 9493//868 9494//868 9495//868
f 9496//869 9497//869 9498//869
f 9499//870 9500//870 9501//870
f 9502//871 9503//871 9504//871
f 9505//872 9506//872 9507//872
f 9508//873 9509//873 9510//873
f 9511//874 9512//874 9513//874
f 9514//875 9515//875 9516//875
f 9517//876 9518//876 9519//876
f 9520//877 9521//877 9522//877
f 9523//878 9524//878 9525//878
f 9526//879 9527//879 9528//879
f 9529//880 9530//880 9531//880
f 9532//881 9533//881 9534//881
f 9535//882 9536//882 9537//882
f 9538//883 9539//883 9540//883
f 9541//884 9542//884 9543//884
f 9544//885 9545//885 9546//885
f 9547//886 9548//886 9549//886
f 9550//887 9551//887 9552//887
f 9553//888 9554//888 9555//888
f 9556//889 9557//889 9558//889
f 9559//890 9560//890 9561//890
f 9562//891 9563//891 9564//891
f 9565//892 9566//892 9567//892
f 9568//893 9569//893 9570//893
f 9571//894 9572//894 9573//894
f 9574//895 9575//895 9576//895
f 9577//896 9578//896 9579//896
f 9580//897 9581//897 9582//897
f 9583//898 9584//898 9585//898
f 9586//899 9587//899 9588//899
f 9589//900 9590//900 9591//900
f 9592//901 9593//901 9594//901
f 9595//902 9596//902 9597//902
f 9598//903 9599//903 9600//903
f 9601//904 9602//904 9603//904
f 9604//905 9605//905 9606//905
f 9607//906 9608//906 9609//906
f 9610//907 9611//907 9612//907
f 9613//908 9614//908 9615//908
f 9616//909 9617//909 9618//909
f 9619//910 9620//910 9621//910
f 9622//911 9623//911 9624//911
f 9625//912 9626//912 9627//912
f 9628//913 9629//913 9630//913
f 9631//914 9632//914 9633//914
f 9634//915 9635//915 9636//915
f 9637//916 9638//916 9639//916
f 9640//917 9641//917 9642//917
f 9643//918 9644//918 9645//918
f 9646//919 9647//919 9648//919
f 9649//920 9650//920 9651//920
f 9652//921 9653//921 9654//921
f 9655//922 9656//922 9657//922
f 9658//923 9659//923 9660//923
f 9661//924 9662//924 9663//924
f 9664//925 9665//925 9666//925
f 9667//926 9668//926 9669//926
f 9670//927 9671//927 9672//927
f 9673//928 9674//928 9675//928
f 9676//929 9677//929 9678//929
f 9679//930 9680//930 9681//930
f 9682//931 9683//931 9684//931
f 9685//932 9686//932 9687//932
f 9688//933 9689//933 9690//933
f 9691//934 9692//934 9693//934
f 9694//935 9695//935 9696//935
f 9697//936 9698//936 9699//936
f 9700//937 9701//937 9702//937
f 9703//938 9704//938 9705//938
f 9706//939 9707//939 9708//939
f 9709//940 9710//940 9711//940
f 9712//941 9713//941 9714//941
f 9715//942 9716//942 9717//942
f 9718//943 9719//943 9720//943
f 9721//944 9722//944 9723//944
f 9724//945 9725//945 9726//945
f 9727//946 9728//946 9729//946
f 9730//947 9731//947 9732//947
f 9733//948 9734//948 9735//948
f 9736//949 9737//949 9738//949
f 9739//950 9740//950 9741//950
f 9742//951 9743//951 9744//951
f 9745//952 9746//952 9747//952
f 9748//953 9749//953 9750//953
f 9751//954 9752//954 9753//954
f 9754//955 9755//955 9756//955
f 9757//956 9758//956 9759//956
f 9760//957 9761//957 9762//957
f 9763//958 9764//958 9765//958
f 9766//959 9767//959 9768//959
f 9769//960 9770//960 9771//960
f 9772//961 9773//961 9774//961
f 9775//962 9776//962 9777//962
f 9778//963 9779//963 9780//963
f 9781//964 9782//964 9783//964
f 9784//965 9785//965 9786//965
f 9787//966 9788//966 9789//966
f 9790//967 9791//967 9792//967
f 9793//968 9794//968 9795//968
f 9796//969 9797//969 9798//969
f 9799//970 9800//970 9801//970
f 9802//971 9803//971 9804//971
f 9805//972 9806//972 9807//972
f 9808//973 9809//973 9810//973
f 9811//974 9812//974 9813//974
f 9814//975 9815//975 9816//975
f 9817//976 9818//976 9819//976
f 9820//977 9821//977 9822//977
f 9823//978 9824//978 9825//978
f 9826//979 9827//979 9828//979
f 9829//980 9830//980 9831//980
f 9832//981 9833//981 9834//981
f 9835//982 9836//982 9837//982
f 9838//983 9839//983 9840//983
f 9841//984 9842//984 9843//984
f 9844//985 9845//985 9846//985
f 9847//986 9848//986 9849//986
f 9850//987 9851//987 9852//987
f 9853//988 9854//988 9855//988
f 9856//989 9857//989 9858//989
f 9859//990 9860//990 9861//990
f 9862//991 9863//991 9864//991
f 9865//992 9866//992 9867//992
f 9868//993 9869//993 9870//993
f 9871//994 9872//994 9873//994
f 9874//995 9875//995 9876//995
f 9877//996 9878//996 9879//996
f 9880//997 9881//997 9882//997
f 9883//998 9884//998 9885//998
f 9886//999 9887//999 9888//999
f 9889//1000 9890//1000 9891//1000
f 9892//1001 9893//1001 9894//1001
f 9895//1002 9896//1002 9897//1002
f 9898//1003 9899//1003 9900//1003
f 9901//1004 9902//1004 9903//1004
f 9904//1005 9905//1005 9906//1005
f 9907//1006 9908//1006 9909//1006
f 9910//1007 9911//1007 9912//1007
f 9913//1008 9914//1008 9915//1008
f 9916//1009 9917//1009 9918//1009
f 9919//1010 9920//1010 9921//1010
f 9922//1011 9923//1011 9924//1011
f 9925//1012 9926//1012 9927//1012
f 9928//1013 9929//1013 9930//1013
f 9931//1014 9932//1014 9933//1014
f 9934//1015 9935//1015 9936//1015
f 9937//1016 9938//1016 9939//1016
f 9940//1017 9941//1017 9942//1017
f 9943//1018 9944//1018 9945//1018
f 9946//1019 9947//1019 9948//1019
f 9949//1020 9950//1020 9951//1020
f 9952//1021 9953//1021 9954//1021
f 9955//1022 9956//1022 9957//1022
f 9958//1023 9959//1023 9960//1023
f 9961//1024 9962//1024 9963//1024
f 9964//1025 9965//1025 9966//1025
f 9967//1026 9968//1026 9969//1026
f 9970//1027 9971//1027 9972//1027
f 9973//1028 9974//1028 9975//1028
f 9976//1029 9977//1029 9978//1029
f 9979//1030 9980//1030 9981//1030
f 9982//1031 9983//1031 9984//1031
f 9985//1032 9986//1032 9987//1032
f 9988//1033 9989//1033 9990//1033
f 9991//1034 9992//1034 9993//1034
f 9994//1035 9995//1035 9996//1035
f 9997//1036 9998//1036 9999//1036
f 10000//1037 10001//1037 10002//1037
f 10003//1038 10004//1038 10005//1038
f 10006//1039 10007//1039 10008//1039
f 10009//1040 10010//1040 10011//1040
f 10012//732 10013//732 10014//732
f 10015//1041 10016//1041 10017//1041
f 10018//1042 10019//1042 10020//1042
f 10021//1043 10022//1043 10023//1043
f 10024//1044 10025//1044 10026//1044
f 10027//1045 10028//1045 10029//1045
f 10030//1046 10031//1046 10032//1046
f 10033//1047 10034//1047 10035//1047
f 10036//1048 10037//1048 10038//1048
f 10039//1049 10040//1049 10041//1049
f 10042//1050 10043//1050 10044//1050
f 10045//1051 10046//1051 10047//1051
f 10048//1052 10049//1052 10050//1052
f 10051//1053 10052//1053 10053//1053
f 10054//1054 10055//1054 10056//1054
f 10057//1055 10058//1055 10059//1055
f 10060//1056 10061//1056 10062//1056
f 10063//1057 10064//1057 10065//1057
f 10066//1058 10067//1058 10068//1058
f 10069//1059 10070//1059 10071//1059
f 10072//1060 10073//1060 10074//1060
f 10075//1061 10076//1061 10077//1061
f 10078//1062 10079//1062 10080//1062
f 10081//1063 10082//1063 10083//1063
f 10084//1064 10085//1064 10086//1064
f 10087//1065 10088//1065 10089//1065
f 10090//1066 10091//1066 10092//1066
f 10093//1067 10094//1067 10095//1067
f 10096//1068 10097//1068 10098//1068
f 10099//1069 10100//1069 10101//1069
f 10102//1070 10103//1070 10104//1070
f 10105//1071 10106//1071 10107//1071
f 10108//1072 10109//1072 10110//1072
f 10111//1073 10112//1073 10113//1073
f 10114//1074 10115//1074 10116//1074
f 10117//1075 10118//1075 10119//1075
f 10120//1076 10121//1076 10122//1076
f 10123//1077 10124//1077 10125//1077
f 10126//1078 10127//1078 10128//1078
f 10129//1079 10130//1079 10131//1079
f 10132//1080 10133//1080 10134//1080
f 10135//1081 10136//1081 10137//1081
f 10138//1082 10139//1082 10140//1082
f 10141//1083 10142//1083 10143//1083
f 10144//1084 10145//1084 10146//1084
f 10147//1085 10148//1085 10149//1085
f 10150//1086 10151//1086 10152//1086
f 10153//1087 10154//1087 10155//1087
f 10156//1088 10157//1088 10158//1088
f 10159//1089 10160//1089 10161//1089
f 10162//1090 10163//1090 10164//1090
f 10165//1091 10166//1091 10167//1091
f 10168//1092 10169//1092 10170//1092
f 10171//1093 10172//1093 10173//1093
f 10174//1094 10175//1094 10176//1094
f 10177//1095 10178//1095 10179//1095
f 10180//1096 10181//1096 10182//1096
f 10183//1097 10184//1097 10185//1097
f 10186//1098 10187//1098 10188//1098
f 10189//1099 10190//1099 10191//1099
f 10192//1100 10193//1100 10194//1100
f 10195//1101 10196//1101 10197//1101
f 10198//1102 10199//1102 10200//1102
f 10201//1103 10202//1103 10203//1103
f 10204//1104 10205//1104 10206//1104
f 10207//1105 10208//1105 10209//1105
f 10210//1106 10211//1106 10212//1106
f 10213//1107 10214//1107 10215//1107
f 10216//1108 10217//1108 10218//1108
f 10219//1109 10220//1109 10221//1109
f 10222//1110 10223//1110 10224//1110
f 10225//1111 10226//1111 10227//1111
f 10228//1112 10229//1112 10230//1112
f 10231//1113 10232//1113 10233//1113
f 10234//1114 10235//1114 10236//1114
f 10237//1115 10238//1115 10239//1115
f 10240//1116 10241//1116 10242//1116
f 10243//1117 10244//1117 10245//1117
f 10246//1118 10247//1118 10248//1118
f 10249//1119 10250//1119 10251//1119
f 10252//1120 10253//1120 10254//1120
f 10255//1121 10256//1121 10257//1121
f 10258//1122 10259//1122 10260//1122
f 10261//1123 10262//1123 10263//1123
f 10264//1124 10265//1124 10266//1124
f 10267//1125 10268//1125 10269//1125
f 10270//1126 10271//1126 10272//1126
f 10273//1127 10274//1127 10275//1127
f 10276//1128 10277//1128 10278//1128
f 10279//1129 10280//1129 10281//1129
f 10282//1130 10283//1130 10284//1130
f 10285//1131 10286//1131 10287//1131
f 10288//1132 10289//1132 10290//1132
f 10291//215 10292//215 10293//215
f 10294//215 10295//215 10296//215
f 10297//215 10298//215 10299//215
f 10300//215 10301//215 10302//215
f 10303//1133 10304//1133 10305//1133
f 10306//1133 10307//1133 10308//1133
f 10309//215 10310//215 10311//215
f 10312//215 10313//215 10314//215
f 10315//215 10316//215 10317//215
f 10318//215 10319//215 10320//215
f 10321//1133 10322//1133 10323//1133
f 10324//1133 10325//1133 10326//1133
f 10327//1134 10328//1134 10329//1134
f 10330//1134 10331//1134 10332//1134
f 10333//1135 10334//1135 10335//1135
f 10336//1135 10337//1135 10338//1135
f 10339//215 10340//215 10341//215
f 10342//215 10343//215 10344//215
f 10345//215 10346//215 10347//215
f 10348//215 10349//215 10350//215
f 10351//1136 10352//1136 10353//1136
f 10354//1136 10355//1136 10356//1136
f 10357//1136 10358//1136 10359//1136
f 10360//1136 10361//1136 10362//1136
f 10363//1135 10364//1135 10365//1135
f 10366//1135 10367//1135 10368//1135
f 10369//1137 10370//1137 10371//1137
f 10372//1137 10373//1137 10374//1137
f 10375//215 10376//215 10377//215
f 10378//215 10379//215 10380//215
f 10381//215 10382//215 10383//215
f 10384//215 10385//215 10386//215
f 10387//1138 10388//1138 10389//1138
f 10390//1138 10391//1138 10392//1138
f 10393//1134 10394//1134 10395//1134
f 10396//1134 10397//1134 10398//1134
f 10399//212 10400//212 10401//212
f 10402//212 10403//212 10404//212
f 10405//1138 10406//1138 10407//1138
f 10408//1138 10409//1138 10410//1138
f 10411//1139 10412//1139 10413//1139
f 10414//1140 10415//1140 10416//1140
f 10417//1141 10418//1141 10419//1141
f 10420//1142 10421//1142 10422//1142
f 10423//1143 10424//1143 10425//1143
f 10426//1144 10427//1144 10428//1144
f 10429//1145 10430//1145 10431//1145
f 10432//1074 10433//1074 10434//1074
f 10435//1146 10436//1146 10437//1146
f 10438//1076 10439//1076 10440//1076
f 10441//1147 10442//1147 10443//1147
f 10444//1148 10445//1148 10446//1148
f 10447//1149 10448//1149 10449//1149
f 10450//1150 10451//1150 10452//1150
f 10453//1151 10454//1151 10455//1151
f 10456//1152 10457//1152 10458//1152
f 10459//1153 10460//1153 10461//1153
f 10462//1154 10463//1154 10464//1154
f 10465//1155 10466//1155 10467//1155
f 10468//1156 10469//1156 10470//1156
f 10471//1157 10472//1157 10473//1157
f 10474//1158 10475//1158 10476//1158
f 10477//1159 10478//1159 10479//1159
f 10480//1160 10481//1160 10482//1160
f 10483//1161 10484//1161 10485//1161
f 10486//1092 10487//1092 10488//1092
f 10489//1162 10490//1162 10491//1162
f 10492//1163 10493//1163 10494//1163
f 10495//1164 10496//1164 10497//1164
f 10498//1165 10499//1165 10500//1165
f 10501//1166 10502//1166 10503//1166
f 10504//1167 10505//1167 10506//1167
f 10507//1168 10508//1168 10509//1168
f 10510//1169 10511//1169 10512//1169
f 10513//1170 10514//1170 10515//1170
f 10516//1171 10517//1171 10518//1171
f 10519//1172 10520//1172 10521//1172
f 10522//1104 10523//1104 10524//1104
f 10525//1173 10526//1173 10527//1173
f 10528//1174 10529//1174 10530//1174
f 10531//1175 10532//1175 10533//1175
f 10534//1108 10535//1108 10536//1108
f 10537//1176 10538//1176 10539//1176
f 10540//1177 10541//1177 10542//1177
f 10543//1178 10544//1178 10545//1178
f 10546//1179 10547//1179 10548//1179
f 10549//1180 10550//1180 10551//1180
f 10552//1181 10553//1181 10554//1181
f 10555//1182 10556//1182 10557//1182
f 10558//1183 10559//1183 10560//1183
f 10561//1184 10562//1184 10563//1184
f 10564//1185 10565//1185 10566//1185
f 10567//1186 10568//1186 10569//1186
f 10570//1187 10571//1187 10572//1187
f 10573//1188 10574//1188 10575//1188
f 10576//1189 10577//1189 10578//1189
f 10579//1190 10580//1190 10581//1190
f 10582//1191 10583//1191 10584//1191
f 10585//1192 10586//1192 10587//1192
f 10588//1193 10589//1193 10590//1193
f 10591//1194 10592//1194 10593//1194
f 10594//1195 10595//1195 10596//1195
f 10597//1196 10598//1196 10599//1196
f 10600//1130 10601//1130 10602//1130
f 10603//1197 10604//1197 10605//1197
f 10606//1132 10607//1132 10608//1132
f 10609//1198 10610//1198 10611//1198
f 10612//1199 10613//1199 10614//1199
f 10615//1200 10616//1200 10617//1200
f 10618//955 10619//955 10620//955
f 10621//1201 10622//1201 10623//1201
f 10624//1202 10625//1202 10626//1202
f 10627//1203 10628//1203 10629//1203
f 10630//1204 10631//1204 10632//1204
f 10633//1205 10634//1205 10635//1205
f 10636//1206 10637//1206 10638//1206
f 10639//1207 10640//1207 10641//1207
f 10642//1208 10643//1208 10644//1208
f 10645//1209 10646//1209 10647//1209
f 10648//1210 10649//1210 10650//1210
f 10651//1211 10652//1211 10653//1211
f 10654//1212 10655//1212 10656//1212
f 10657//1213 10658//1213 10659//1213
f 10660//1214 10661//1214 10662//1214
f 10663//1215 10664//1215 10665//1215
f 10666//1216 10667//1216 10668//1216
f 10669//1217 10670//1217 10671//1217
f 10672//1218 10673//1218 10674//1218
f 10675//1219 10676//1219 10677//1219
f 10678//1220 10679//1220 10680//1220
f 10681//1221 10682//1221 10683//1221
f 10684//1222 10685//1222 10686//1222
f 10687//1223 10688//1223 10689//1223
f 10690//1224 10691//1224 10692//1224
f 10693//1225 10694//1225 10695//1225
f 10696//1226 10697//1226 10698//1226
f 10699//1227 10700//1227 10701//1227
f 10702//1228 10703//1228 10704//1228
f 10705//1229 10706//1229 10707//1229
f 10708//1230 10709//1230 10710//1230
f 10711//1231 10712//1231 10713//1231
f 10714//1232 10715//1232 10716//1232
f 10717//1233 10718//1233 10719//1233
f 10720//1234 10721//1234 10722//1234
f 10723//1235 10724//1235 10725//1235
f 10726//1236 10727//1236 10728//1236
f 10729//1237 10730//1237 10731//1237
f 10732//1238 10733//1238 10734//1238
f 10735//1239 10736//1239 10737//1239
f 10738//1240 10739//1240 10740//1240
f 10741//1241 10742//1241 10743//1241
f 10744//1242 10745//1242 10746//1242
f 10747//1243 10748//1243 10749//1243
f 10750//1244 10751//1244 10752//1244
f 10753//1245 10754//1245 10755//1245
f 10756//1246 10757//1246 10758//1246
f 10759//1247 10760//1247 10761//1247
f 10762//1248 10763//1248 10764//1248
f 10765//1249 10766//1249 10767//1249
f 10768//1250 10769//1250 10770//1250
f 10771//1251 10772//1251 10773//1251
f 10774//1252 10775//1252 10776//1252
f 10777//1253 10778//1253 10779//1253
f 10780//1009 10781//1009 10782//1009
f 10783//1254 10784//1254 10785//1254
f 10786//1255 10787//1255 10788//1255
f 10789//1256 10790//1256 10791//1256
f 10792//1257 10793//1257 10794//1257
f 10795//1258 10796//1258 10797//1258
f 10798//1259 10799//1259 10800//1259
f 10801//1260 10802//1260 10803//1260
f 10804//1261 10805//1261 10806//1261
f 10807//1262 10808//1262 10809//1262
f 10810//1263 10811//1263 10812//1263
f 10813//1264 10814//1264 10815//1264
f 10816//1265 10817//1265 10818//1265
f 10819//1266 10820//1266 10821//1266
f 10822//1267 10823//1267 10824//1267
f 10825//1268 10826//1268 10827//1268
f 10828//1269 10829//1269 10830//1269
f 10831//1270 10832//1270 10833//1270
f 10834//438 10835//438 10836//438
f 10837//1271 10838//1271 10839//1271
f 10840//1272 10841//1272 10842//1272
f 10843//1273 10844//1273 10845//1273
f 10846//1274 10847//1274 10848//1274
f 10849//1275 10850//1275 10851//1275
f 10852//1276 10853//1276 10854//1276
f 10855//1277 10856//1277 10857//1277
f 10858//1035 10859//1035 10860//1035
f 10861//1278 10862//1278 10863//1278
f 10864//1279 10865//1279 10866//1279
f 10867//1280 10868//1280 10869//1280
f 10870//1281 10871//1281 10872//1281
f 10873//1282 10874//1282 10875//1282
f 10876//1283 10877//1283 10878//1283
f 10879//1284 10880//1284 10881//1284
f 10882//1285 10883//1285 10884//1285
f 10885//1286 10886//1286 10887//1286
f 10888//1044 10889//1044 10890//1044
f 10891//1287 10892//1287 10893//1287
f 10894//1288 10895//1288 10896//1288
f 10897//1289 10898//1289 10899//1289
f 10900//416 10901//416 10902//416
f 10903//1290 10904//1290 10905//1290
f 10906//1291 10907//1291 10908//1291
f 10909//1292 10910//1292 10911//1292
f 10912//1052 10913//1052 10914//1052
f 10915//1293 10916//1293 10917//1293
f 10918//1054 10919//1054 10920//1054
f 10921//1294 10922//1294 10923//1294
f 10924//1295 10925//1295 10926//1295
f 10927//1296 10928//1296 10929//1296
f 10930//1297 10931//1297 10932//1297
f 10933//1298 10934//1298 10935//1298
f 10936//1060 10937//1060 10938//1060
f 10939//1299 10940//1299 10941//1299
f 10942//1300 10943//1300 10944//1300
f 10945//1301 10946//1301 10947//1301
f 10948//1302 10949//1302 10950//1302
f 10951//1303 10952//1303 10953//1303
f 10954//1304 10955//1304 10956//1304
f 10957//1305 10958//1305 10959//1305
f 10960//1305 10961//1305 10962//1305
f 10963//1306 10964//1306 10965//1306
f 10966//1306 10967//1306 10968//1306
f 10969//1307 10970//1307 10971//1307
f 10972//1307 10973//1307 10974//1307
f 10975//1308 10976//1308 10977//1308
f 10978//1308 10979//1308 10980//1308
f 10981//1309 10982//1309 10983//1309
f 10984//1309 10985//1309 10986//1309
f 10987//1310 10988//1310 10989//1310
f 10990//1310 10991//1310 10992//1310
f 10993//1311 10994//1311 10995//1311
f 10996//1311 10997//1311 10998//1311
f 10999//1312 11000//1312 11001//1312
f 11002//1312 11003//1312 11004//1312
f 11005//1313 11006//1313 11007//1313
f 11008//1313 11009//1313 11010//1313
f 11011//1314 11012//1314 11013//1314
f 11014//1314 11015//1314 11016//1314
f 11017//1315 11018//1315 11019//1315
f 11020//1315 11021//1315 11022//1315
f 11023//1316 11024//1316 11025//1316
f 11026//1316 11027//1316 11028//1316
f 11029//1317 11030//1317 11031//1317
f 11032//1317 11033//1317 11034//1317
f 11035//1318 11036//1318 11037//1318
f 11038//1318 11039//1318 11040//1318
f 11041//1319 11042//1319 11043//1319
f 11044//1319 11045//1319 11046//1319
f 11047//1320 11048//1320 11049//1320
f 11050//1320 11051//1320 11052//1320
f 11053//1321 11054//1321 11055//1321
f 11056//1321 11057//1321 11058//1321
f 11059//1322 11060//1322 11061//1322
f 11062//1322 11063//1322 11064//1322
f 11065//1323 11066//1323 11067//1323
f 11068//1323 11069//1323 11070//1323
f 11071//1324 11072//1324 11073//1324
f 11074//1324 11075//1324 11076//1324
f 11077//1325 11078//1325 11079//1325
f 11080//1325 11081//1325 11082//1325
f 11083//1326 11084//1326 11085//1326
f 11086//1326 11087//1326 11088//1326
f 11089//1327 11090//1327 11091//1327
f 11092//1327 11093//1327 11094//1327
f 11095//1328 11096//1328 11097//1328
f 11098//1328 11099//1328 11100//1328
f 11101//1329 11102//1329 11103//1329
f 11104//1329 11105//1329 11106//1329
f 11107//1330 11108//1330 11109//1330
f 11110//1330 11111//1330 11112//1330
f 11113//1331 11114//1331 11115//1331
f 11116//1331 11117//1331 11118//1331
f 11119//1332 11120//1332 11121//1332
f 11122//1332 11123//1332 11124//1332
f 11125//1333 11126//1333 11127//1333
f 11128//1333 11129//1333 11130//1333
f 11131//1334 11132//1334 11133//1334
f 11134//1334 11135//1334 11136//1334
f 11137//1335 11138//1335 11139//1335
f 11140//1335 11141//1335 11142//1335
f 11143//1336 11144//1336 11145//1336
f 11146//1336 11147//1336 11148//1336
f 11149//1337 11150//1337 11151//1337
f 11152//1338 11153//1338 11154//1338
f 11155//1339 11156//1339 11157//1339
f 11158//1339 11159//1339 11160//1339
f 11161//1340 11162//1340 11163//1340
f 11164//1340 11165//1340 11166//1340
f 11167//1341 11168//1341 11169//1341
f 11170//1341 11171//1341 11172//1341
f 11173//1342 11174//1342 11175//1342
f 11176//1342 11177//1342 11178//1342
f 11179//1343 11180//1343 11181//1343
f 11182//1343 11183//1343 11184//1343
f 11185//1344 11186//1344 11187//1344
f 11188//1344 11189//1344 11190//1344
f 11191//1345 11192//1345 11193//1345
f 11194//1345 11195//1345 11196//1345
f 11197//1346 11198//1346 11199//1346
f 11200//1346 11201//1346 11202//1346
f 11203//1347 11204//1347 11205//1347
f 11206//1347 11207//1347 11208//1347
f 11209//1348 11210//1348 11211//1348
f 11212//1348 11213//1348 11214//1348
f 11215//1349 11216//1349 11217//1349
f 11218//1349 11219//1349 11220//1349
f 11221//1350 11222//1350 11223//1350
f 11224//1350 11225//1350 11226//1350
f 11227//1351 11228//1351 11229//1351
f 11230//1351 11231//1351 11232//1351
f 11233//1138 11234//1138 11235//1138
f 11236//1138 11237//1138 11238//1138
f 11239//1352 11240//1352 11241//1352
f 11242//1352 11243//1352 11244//1352
f 11245//1353 11246//1353 11247//1353
f 11248//1353 11249//1353 11250//1353
f 11251//1354 11252//1354 11253//1354
f 11254//1354 11255//1354 11256//1354
f 11257//1355 11258//1355 11259//1355
f 11260//1355 11261//1355 11262//1355
f 11263//1356 11264//1356 11265//1356
f 11266//1356 11267//1356 11268//1356
f 11269//1357 11270//1357 11271//1357
f 11272//1357 11273//1357 11274//1357
f 11275//1358 11276//1358 11277//1358
f 11278//1358 11279//1358 11280//1358
f 11281//1359 11282//1359 11283//1359
f 11284//1359 11285//1359 11286//1359
f 11287//1360 11288//1360 11289//1360
f 11290//1360 11291//1360 11292//1360
f 11293//1361 11294//1361 11295//1361
f 11296//1361 11297//1361 11298//1361
f 11299//1362 11300//1362 11301//1362
f 11302//1362 11303//1362 11304//1362
f 11305//1363 11306//1363 11307//1363
f 11308//1363 11309//1363 11310//1363
f 11311//1364 11312//1364 11313//1364
f 11314//1364 11315//1364 11316//1364
f 11317//1365 11318//1365 11319//1365
f 11320//1365 11321//1365 11322//1365
f 11323//1366 11324//1366 11325//1366
f 11326//1366 11327//1366 11328//1366
f 11329//1367 11330//1367 11331//1367
f 11332//1367 11333//1367 11334//1367
f 11335//1368 11336//1368 11337//1368
f 11338//1368 11339//1368 11340//1368
f 11341//1369 11342//1369 11343//1369
f 11344//1369 11345//1369 11346//1369
f 11347//1370 11348//1370 11349//1370
f 11350//1370 11351//1370 11352//1370
f 11353//1371 11354//1371 11355//1371
f 11356//1372 11357//1372 11358//1372
f 11359//1373 11360//1373 11361//1373
f 11362//1374 11363//1374 11364//1374
f 11365//1375 11366//1375 11367//1375
f 11368//1375 11369//1375 11370//1375
f 11371//1376 11372//1376 11373//1376
f 11374//1377 11375//1377 11376//1377
f 11377//1378 11378//1378 11379//1378
f 11380//1378 11381//1378 11382//1378
f 11383//1379 11384//1379 11385//1379
f 11386//1380 11387//1380 11388//1380
f 11389//1381 11390//1381 11391//1381
f 11392//1382 11393//1382 11394//1382
f 11395//1383 11396//1383 11397//1383
f 11398//1383 11399//1383 11400//1383
f 11401//1384 11402//1384 11403//1384
f 11404//1384 11405//1384 11406//1384
f 11407//1385 11408//1385 11409//1385
f 11410//1385 11411//1385 11412//1385
f 11413//1386 11414//1386 11415//1386
f 11416//1386 11417//1386 11418//1386
f 11419//1387 11420//1387 11421//1387
f 11422//1387 11423//1387 11424//1387
f 11425//1388 11426//1388 11427//1388
f 11428//1388 11429//1388 11430//1388
f 11431//1389 11432//1389 11433//1389
f 11434//1389 11435//1389 11436//1389
f 11437//1390 11438//1390 11439//1390
f 11440//1391 11441//1391 11442//1391
f 11443//1392 11444//1392 11445//1392
f 11446//1392 11447//1392 11448//1392
f 11449//1393 11450//1393 11451//1393
f 11452//1393 11453//1393 11454//1393
f 11455//1394 11456//1394 11457//1394
f 11458//1394 11459//1394 11460//1394
f 11461//1395 11462//1395 11463//1395
f 11464//1396 11465//1396 11466//1396
f 11467//1397 11468//1397 11469//1397
f 11470//1397 11471//1397 11472//1397
f 11473//1398 11474//1398 11475//1398
f 11476//1398 11477//1398 11478//1398
f 11479//1399 11480//1399 11481//1399
f 11482//1399 11483//1399 11484//1399
f 11485//1400 11486//1400 11487//1400
f 11488//1400 11489//1400 11490//1400
f 11491//1401 11492//1401 11493//1401
f 11494//1401 11495//1401 11496//1401
f 11497//1402 11498//1402 11499//1402
f 11500//1402 11501//1402 11502//1402
f 11503//215 11504//215 11505//215
f 11506//215 11507//215 11508//215
f 11509//215 11510//215 11511//215
f 11512//215 11513//215 11514//215
f 11515//215 11516//215 11517//215
f 11518//215 11519//215 11520//215
f 11521//215 11522//215 11523//215
f 11524//215 11525//215 11526//215
f 11527//215 11528//215 11529//215
f 11530//215 11531//215 11532//215
f 11533//215 11534//215 11535//215
f 11536//215 11537//215 11538//215
f 11539//215 11540//215 11541//215
f 11542//215 11543//215 11544//215
f 11545//215 11546//215 11547//215
f 11548//215 11549//215 11550//215
f 11551//215 11552//215 11553//215
f 11554//215 11555//215 11556//215
f 11557//215 11558//215 11559//215
f 11560//215 11561//215 11562//215
f 11563//215 11564//215 11565//215
f 11566//215 11567//215 11568//215
f 11569//215 11570//215 11571//215
f 11572//215 11573//215 11574//215
f 11575//215 11576//215 11577//215
f 11578//215 11579//215 11580//215
f 11581//215 11582//215 11583//215
f 11584//215 11585//215 11586//215
f 11587//215 11588//215 11589//215
f 11590//215 11591//215 11592//215
f 11593//215 11594//215 11595//215
f 11596//215 11597//215 11598//215
f 11599//215 11600//215 11601//215
f 11602//215 11603//215 11604//215
f 11605//215 11606//215 11607//215
f 11608//215 11609//215 11610//215
f 11611//215 11612//215 11613//215
f 11614//215 11615//215 11616//215
f 11617//215 11618//215 11619//215
f 11620//215 11621//215 11622//215
f 11623//215 11624//215 11625//215
f 11626//215 11627//215 11628//215
f 11629//215 11630//215 11631//215
f 11632//215 11633//215 11634//215
f 11635//215 11636//215 11637//215
f 11638//215 11639//215 11640//215
f 11641//215 11642//215 11643//215
f 11644//215 11645//215 11646//215
f 11647//215 11648//215 11649//215
f 11650//215 11651//215 11652//215
f 11653//215 11654//215 11655//215
f 11656//215 11657//215 11658//215
f 11659//215 11660//215 11661//215
f 11662//215 11663//215 11664//215
f 11665//215 11666//215 11667//215
f 11668//215 11669//215 11670//215
f 11671//215 11672//215 11673//215
f 11674//215 11675//215 11676//215
f 11677//215 11678//215 11679//215
f 11680//215 11681//215 11682//215
f 11683//215 11684//215 11685//215
f 11686//215 11687//215 11688//215
f 11689//215 11690//215 11691//215
f 11692//215 11693//215 11694//215
f 11695//215 11696//215 11697//215
f 11698//215 11699//215 11700//215
f 11701//215 11702//215 11703//215
f 11704//215 11705//215 11706//215
f 11707//215 11708//215 11709//215
f 11710//215 11711//215 11712//215
f 11713//215 11714//215 11715//215
f 11716//215 11717//215 11718//215
f 11719//215 11720//215 11721//215
f 11722//215 11723//215 11724//215
f 11725//215 11726//215 11727//215
f 11728//215 11729//215 11730//215
f 11731//215 11732//215 11733//215
f 11734//215 11735//215 11736//215
f 11737//215 11738//215 11739//215
f 11740//215 11741//215 11742//215
f 11743//215 11744//215 11745//215
f 11746//215 11747//215 11748//215
f 11749//215 11750//215 11751//215
f 11752//215 11753//215 11754//215
f 11755//215 11756//215 11757//215
f 11758//215 11759//215 11760//215
f 11761//215 11762//215 11763//215
f 11764//215 11765//215 11766//215
f 11767//215 11768//215 11769//215
f 11770//215 11771//215 11772//215
f 11773//215 11774//215 11775//215
f 11776//215 11777//215 11778//215
f 11779//215 11780//215 11781//215
f 11782//215 11783//215 11784//215
f 11785//215 11786//215 11787//215
f 11788//215 11789//215 11790//215
f 11791//215 11792//215 11793//215
f 11794//215 11795//215 11796//215
f 11797//215 11798//215 11799//215
f 11800//215 11801//215 11802//215
f 11803//215 11804//215 11805//215
f 11806//215 11807//215 11808//215
f 11809//215 11810//215 11811//215
f 11812//215 11813//215 11814//215
f 11815//215 11816//215 11817//215
f 11818//215 11819//215 11820//215
f 11821//215 11822//215 11823//215
f 11824//215 11825//215 11826//215
f 11827//215 11828//215 11829//215
f 11830//215 11831//215 11832//215
f 11833//215 11834//215 11835//215
f 11836//215 11837//215 11838//215
f 11839//215 11840//215 11841//215
f 11842//215 11843//215 11844//215
f 11845//215 11846//215 11847//215
f 11848//215 11849//215 11850//215
f 11851//215 11852//215 11853//215
f 11854//215 11855//215 11856//215
f 11857//215 11858//215 11859//215
f 11860//215 11861//215 11862//215
f 11863//215 11864//215 11865//215
f 11866//215 11867//215 11868//215
f 11869//215 11870//215 11871//215
f 11872//215 11873//215 11874//215
f 11875//215 11876//215 11877//215
f 11878//215 11879//215 11880//215
f 11881//215 11882//215 11883//215
f 11884//215 11885//215 11886//215
f 11887//215 11888//215 11889//215
f 11890//215 11891//215 11892//215
f 11893//215 11894//215 11895//215
f 11896//215 11897//215 11898//215
f 11899//215 11900//215 11901//215
f 11902//215 11903//215 11904//215
f 11905//215 11906//215 11907//215
f 11908//215 11909//215 11910//215
f 11911//215 11912//215 11913//215
f 11914//215 11915//215 11916//215
f 11917//215 11918//215 11919//215
f 11920//215 11921//215 11922//215
f 11923//215 11924//215 11925//215
f 11926//215 11927//215 11928//215
f 11929//215 11930//215 11931//215
f 11932//215 11933//215 11934//215
f 11935//215 11936//215 11937//215
f 11938//215 11939//215 11940//215
f 11941//215 11942//215 11943//215
f 11944//215 11945//215 11946//215
f 11947//215 11948//215 11949//215
f 11950//215 11951//215 11952//215
f 11953//215 11954//215 11955//215
f 11956//215 11957//215 11958//215
f 11959//215 11960//215 11961//215
f 11962//215 11963//215 11964//215
f 11965//215 11966//215 11967//215
f 11968//215 11969//215 11970//215
f 11971//215 11972//215 11973//215
f 11974//215 11975//215 11976//215
f 11977//215 11978//215 11979//215
f 11980//215 11981//215 11982//215
f 11983//215 11984//215 11985//215
f 11986//215 11987//215 11988//215
f 11989//215 11990//215 11991//215
f 11992//215 11993//215 11994//215
f 11995//215 11996//215 11997//215
f 11998//215 11999//215 12000//215
f 12001//215 12002//215 12003//215
f 12004//215 12005//215 12006//215
f 12007//215 12008//215 12009//215
f 12010//215 12011//215 12012//215
f 12013//215 12014//215 12015//215
f 12016//215 12017//215 12018//215
f 12019//215 12020//215 12021//215
f 12022//215 12023//215 12024//215
f 12025//215 12026//215 12027//215
f 12028//215 12029//215 12030//215
f 12031//215 12032//215 12033//215
f 12034//215 12035//215 12036//215
f 12037//1305 12038//1305 12039//1305
f 12040//1305 12041//1305 12042//1305
f 12043//1306 12044//1306 12045//1306
f 12046//1306 12047//1306 12048//1306
f 12049//1307 12050//1307 12051//1307
f 12052//1307 12053//1307 12054//1307
f 12055//1308 12056//1308 12057//1308
f 12058//1308 12059//1308 12060//1308
f 12061//1309 12062//1309 12063//1309
f 12064//1309 12065//1309 12066//1309
f 12067//1310 12068//1310 12069//1310
f 12070//1310 12071//1310 12072//1310
f 12073//1311 12074//1311 12075//1311
f 12076//1311 12077//1311 12078//1311
f 12079//1403 12080//1403 12081//1403
f 12082//1403 12083//1403 12084//1403
f 12085//1404 12086//1404 12087//1404
f 12088//1404 12089//1404 12090//1404
f 12091//1314 12092//1314 12093//1314
f 12094//1314 12095//1314 12096//1314
f 12097//1405 12098//1405 12099//1405
f 12100//1405 12101//1405 12102//1405
f 12103//1316 12104//1316 12105//1316
f 12106//1316 12107//1316 12108//1316
f 12109//1317 12110//1317 12111//1317
f 12112//1317 12113//1317 12114//1317
f 12115//1406 12116//1406 12117//1406
f 12118//1406 12119//1406 12120//1406
f 12121//1319 12122//1319 12123//1319
f 12124//1319 12125//1319 12126//1319
f 12127//1407 12128//1407 12129//1407
f 12130//1408 12131//1408 12132//1408
f 12133//1321 12134//1321 12135//1321
f 12136//1321 12137//1321 12138//1321
f 12139//1409 12140//1409 12141//1409
f 12142//1409 12143//1409 12144//1409
f 12145//1410 12146//1410 12147//1410
f 12148//1410 12149//1410 12150//1410
f 12151//1411 12152//1411 12153//1411
f 12154//1411 12155//1411 12156//1411
f 12157//1412 12158//1412 12159//1412
f 12160//1413 12161//1413 12162//1413
f 12163//1414 12164//1414 12165//1414
f 12166//1414 12167//1414 12168//1414
f 12169//1327 12170//1327 12171//1327
f 12172//1327 12173//1327 12174//1327
f 12175//1415 12176//1415 12177//1415
f 12178//1415 12179//1415 12180//1415
f 12181//1329 12182//1329 12183//1329
f 12184//1329 12185//1329 12186//1329
f 12187//1416 12188//1416 12189//1416
f 12190//1417 12191//1417 12192//1417
f 12193//1331 12194//1331 12195//1331
f 12196//1331 12197//1331 12198//1331
f 12199//1332 12200//1332 12201//1332
f 12202//1332 12203//1332 12204//1332
f 12205//1333 12206//1333 12207//1333
f 12208//1333 12209//1333 12210//1333
f 12211//1418 12212//1418 12213//1418
f 12214//1419 12215//1419 12216//1419
f 12217//1420 12218//1420 12219//1420
f 12220//1421 12221//1421 12222//1421
f 12223//1422 12224//1422 12225//1422
f 12226//1336 12227//1336 12228//1336
f 12229//1423 12230//1423 12231//1423
f 12232//1423 12233//1423 12234//1423
f 12235//1424 12236//1424 12237//1424
f 12238//1424 12239//1424 12240//1424
f 12241//1340 12242//1340 12243//1340
f 12244//1340 12245//1340 12246//1340
f 12247//1341 12248//1341 12249//1341
f 12250//1341 12251//1341 12252//1341
f 12253//1342 12254//1342 12255//1342
f 12256//1342 12257//1342 12258//1342
f 12259//1425 12260//1425 12261//1425
f 12262//1425 12263//1425 12264//1425
f 12265//1344 12266//1344 12267//1344
f 12268//1344 12269//1344 12270//1344
f 12271//1345 12272//1345 12273//1345
f 12274//1345 12275//1345 12276//1345
f 12277//1346 12278//1346 12279//1346
f 12280//1346 12281//1346 12282//1346
f 12283//1347 12284//1347 12285//1347
f 12286//1347 12287//1347 12288//1347
f 12289//1348 12290//1348 12291//1348
f 12292//1348 12293//1348 12294//1348
f 12295//1349 12296//1349 12297//1349
f 12298//1349 12299//1349 12300//1349
f 12301//1350 12302//1350 12303//1350
f 12304//1350 12305//1350 12306//1350
f 12307//1351 12308//1351 12309//1351
f 12310//1351 12311//1351 12312//1351
f 12313//1138 12314//1138 12315//1138
f 12316//1138 12317//1138 12318//1138
f 12319//1352 12320//1352 12321//1352
f 12322//1352 12323//1352 12324//1352
f 12325//1426 12326//1426 12327//1426
f 12328//1426 12329//1426 12330//1426
f 12331//1354 12332//1354 12333//1354
f 12334//1354 12335//1354 12336//1427
f 12337//1355 12338//1355 12339//1355
f 12340//1355 12341//1355 12342//1355
f 12343//1428 12344//1428 12345//1428
f 12346//1428 12347//1428 12348//1428
f 12349//1429 12350//1429 12351//1429
f 12352//1429 12353//1429 12354//1429
f 12355//1430 12356//1430 12357//1430
f 12358//1430 12359//1430 12360//1430
f 12361//1359 12362//1359 12363//1359
f 12364//1359 12365//1359 12366//1359
f 12367//1360 12368//1360 12369//1360
f 12370//1360 12371//1360 12372//1360
f 12373//1361 12374//1361 12375//1361
f 12376//1361 12377//1361 12378//1361
f 12379//1431 12380//1431 12381//1431
f 12382//1431 12383//1431 12384//1431
f 12385//1432 12386//1432 12387//1432
f 12388//1432 12389//1432 12390//1432
f 12391//1364 12392//1364 12393//1364
f 12394//1364 12395//1364 12396//1364
f 12397//1433 12398//1433 12399//1433
f 12400//1433 12401//1433 12402//1433
f 12403//1434 12404//1434 12405//1434
f 12406//1435 12407//1435 12408//1435
f 12409//1367 12410//1367 12411//1367
f 12412//1367 12413//1367 12414//1367
f 12415//1368 12416//1368 12417//1368
f 12418//1368 12419//1368 12420//1368
f 12421//1436 12422//1436 12423//1436
f 12424//1436 12425//1436 12426//1436
f 12427//1437 12428//1437 12429//1437
f 12430//1437 12431//1437 12432//1437
f 12433//1438 12434//1438 12435//1438
f 12436//1438 12437//1438 12438//1438
f 12439//1439 12440//1439 12441//1439
f 12442//1439 12443//1439 12444//1439
f 12445//1375 12446//1375 12447//1375
f 12448//1375 12449//1375 12450//1375
f 12451//1440 12452//1440 12453//1440
f 12454//1440 12455//1440 12456//1440
f 12457//1441 12458//1441 12459//1441
f 12460//1442 12461//1442 12462//1442
f 12463//1380 12464//1380 12465//1380
f 12466//1380 12467//1380 12468//1380
f 12469//1443 12470//1443 12471//1443
f 12472//1444 12473//1444 12474//1444
f 12475//1445 12476//1445 12477//1445
f 12478//1445 12479//1445 12480//1445
f 12481//1446 12482//1446 12483//1446
f 12484//1446 12485//1446 12486//1446
f 12487//1385 12488//1385 12489//1385
f 12490//1385 12491//1385 12492//1385
f 12493//1447 12494//1447 12495//1447
f 12496//1447 12497//1447 12498//1447
f 12499//1387 12500//1387 12501//1387
f 12502//1387 12503//1387 12504//1387
f 12505//1388 12506//1388 12507//1388
f 12508//1388 12509//1388 12510//1388
f 12511//1389 12512//1389 12513//1389
f 12514//1389 12515//1389 12516//1389
f 12517//1391 12518//1391 12519//1391
f 12520//1391 12521//1391 12522//1391
f 12523//1392 12524//1392 12525//1392
f 12526//1392 12527//1392 12528//1392
f 12529//1448 12530//1448 12531//1448
f 12532//1448 12533//1448 12534//1448
f 12535//1394 12536//1394 12537//1394
f 12538//1394 12539//1394 12540//1394
f 12541//1449 12542//1449 12543//1449
f 12544//1396 12545//1396 12546//1396
f 12547//1450 12548//1450 12549//1450
f 12550//1450 12551//1450 12552//1450
f 12553//1451 12554//1451 12555//1451
f 12556//1451 12557//1451 12558//1451
f 12559//1399 12560//1399 12561//1399
f 12562//1399 12563//1399 12564//1399
f 12565//1400 12566//1400 12567//1400
f 12568//1400 12569//1400 12570//1400
f 12571//1401 12572//1401 12573//1401
f 12574//1401 12575//1401 12576//1401
f 12577//1402 12578//1402 12579//1402
f 12580//1402 12581//1402 12582//1402
f 12583//215 12584//215 12585//215
f 12586//215 12587//215 12588//215
f 12589//215 12590//215 12591//215
f 12592//215 12593//215 12594//215
f 12595//215 12596//215 12597//215
f 12598//215 12599//215 12600//215
f 12601//215 12602//215 12603//215
f 12604//215 12605//215 12606//215
f 12607//215 12608//215 12609//215
f 12610//215 12611//215 12612//215
f 12613//215 12614//215 12615//215
f 12616//215 12617//215 12618//215
f 12619//215 12620//215 12621//215
f 12622//215 12623//215 12624//215
f 12625//215 12626//215 12627//215
f 12628//215 12629//215 12630//215
f 12631//215 12632//215 12633//215
f 12634//215 12635//215 12636//215
f 12637//215 12638//215 12639//215
f 12640//215 12641//215 12642//215
f 12643//215 12644//215 12645//215
f 12646//215 12647//215 12648//215
f 12649//215 12650//215 12651//215
f 12652//215 12653//215 12654//215
f 12655//215 12656//215 12657//215
f 12658//215 12659//215 12660//215
f 12661//215 12662//215 12663//215
f 12664//215 12665//215 12666//215
f 12667//215 12668//215 12669//215
f 12670//215 12671//215 12672//215
f 12673//215 12674//215 12675//215
f 12676//215 12677//215 12678//215
f 12679//215 12680//215 12681//215
f 12682//215 12683//215 12684//215
f 12685//215 12686//215 12687//215
f 12688//215 12689//215 12690//215
f 12691//215 12692//215 12693//215
f 12694//215 12695//215 12696//215
f 12697//215 12698//215 12699//215
f 12700//215 12701//215 12702//215
f 12703//215 12704//215 12705//215
f 12706//215 12707//215 12708//215
f 12709//215 12710//215 12711//215
f 12712//215 12713//215 12714//215
f 12715//215 12716//215 12717//215
f 12718//215 12719//215 12720//215
f 12721//215 12722//215 12723//215
f 12724//215 12725//215 12726//215
f 12727//215 12728//215 12729//215
f 12730//215 12731//215 12732//215
f 12733//215 12734//215 12735//215
f 12736//215 12737//215 12738//215
f 12739//215 12740//215 12741//215
f 12742//215 12743//215 12744//215
f 12745//215 12746//215 12747//215
f 12748//215 12749//215 12750//215
f 12751//215 12752//215 12753//215
f 12754//215 12755//215 12756//215
f 12757//215 12758//215 12759//215
f 12760//215 12761//215 12762//215
f 12763//215 12764//215 12765//215
f 12766//215 12767//215 12768//215
f 12769//215 12770//215 12771//215
f 12772//215 12773//215 12774//215
f 12775//215 12776//215 12777//215
f 12778//215 12779//215 12780//215
f 12781//215 12782//215 12783//215
f 12784//215 12785//215 12786//215
f 12787//215 12788//215 12789//215
f 12790//215 12791//215 12792//215
f 12793//215 12794//215 12795//215
f 12796//215 12797//215 12798//215
f 12799//215 12800//215 12801//215
f 12802//215 12803//215 12804//215
f 12805//215 12806//215 12807//215
f 12808//215 12809//215 12810//215
f 12811//215 12812//215 12813//215
f 12814//215 12815//215 12816//215
f 12817//215 12818//215 12819//215
f 12820//215 12821//215 12822//215
f 12823//215 12824//215 12825//215
f 12826//215 12827//215 12828//215
f 12829//215 12830//215 12831//215
f 12832//215 12833//215 12834//215
f 12835//215 12836//215 12837//215
f 12838//215 12839//215 12840//215
f 12841//215 12842//215 12843//215
f 12844//215 12845//215 12846//215
f 12847//215 12848//215 12849//215
f 12850//215 12851//215 12852//215
f 12853//215 12854//215 12855//215
f 12856//215 12857//215 12858//215
f 12859//215 12860//215 12861//215
f 12862//215 12863//215 12864//215
f 12865//215 12866//215 12867//215
f 12868//215 12869//215 12870//215
f 12871//215 12872//215 12873//215
f 12874//215 12875//215 12876//215
f 12877//215 12878//215 12879//215
f 12880//215 12881//215 12882//215
f 12883//215 12884//215 12885//215
f 12886//215 12887//215 12888//215
f 12889//215 12890//215 12891//215
f 12892//215 12893//215 12894//215
f 12895//215 12896//215 12897//215
f 12898//215 12899//215 12900//215
f 12901//215 12902//215 12903//215
f 12904//215 12905//215 12906//215
f 12907//215 12908//215 12909//215
f 12910//215 12911//215 12912//215
f 12913//215 12914//215 12915//215
f 12916//215 12917//215 12918//215
f 12919//215 12920//215 12921//215
f 12922//215 12923//215 12924//215
f 12925//215 12926//215 12927//215
f 12928//215 12929//215 12930//215
f 12931//215 12932//215 12933//215
f 12934//215 12935//215 12936//215
f 12937//215 12938//215 12939//215
f 12940//215 12941//215 12942//215
f 12943//215 12944//215 12945//215
f 12946//215 12947//215 12948//215
f 12949//215 12950//215 12951//215
f 12952//215 12953//215 12954//215
f 12955//215 12956//215 12957//215
f 12958//215 12959//215 12960//215
f 12961//215 12962//215 12963//215
f 12964//215 12965//215 12966//215
f 12967//215 12968//215 12969//215
f 12970//215 12971//215 12972//215
f 12973//215 12974//215 12975//215
f 12976//215 12977//215 12978//215
f 12979//215 12980//215 12981//215
f 12982//215 12983//215 12984//215
f 12985//215 12986//215 12987//215
f 12988//215 12989//215 12990//215
f 12991//215 12992//215 12993//215
f 12994//215 12995//215 12996//215
f 12997//215 12998//215 12999//215
f 13000//215 13001//215 13002//215
f 13003//215 13004//215 13005//215
f 13006//215 13007//215 13008//215
f 13009//215 13010//215 13011//215
f 13012//215 13013//215 13014//215
f 13015//215 13016//215 13017//215
f 13018//215 13019//215 13020//215
f 13021//215 13022//215 13023//215
f 13024//215 13025//215 13026//215
f 13027//215 13028//215 13029//215
f 13030//215 13031//215 13032//215
f 13033//215 13034//215 13035//215
f 13036//215 13037//215 13038//215
f 13039//215 13040//215 13041//215
f 13042//215 13043//215 13044//215
f 13045//215 13046//215 13047//215
f 13048//215 13049//215 13050//215
f 13051//215 13052//215 13053//215
f 13054//215 13055//215 13056//215
f 13057//215 13058//215 13059//215
f 13060//215 13061//215 13062//215
f 13063//215 13064//215 13065//215
f 13066//215 13067//215 13068//215
f 13069//215 13070//215 13071//215
f 13072//215 13073//215 13074//215
f 13075//215 13076//215 13077//215
f 13078//215 13079//215 13080//215
f 13081//215 13082//215 13083//215
f 13084//215 13085//215 13086//215
f 13087//215 13088//215 13089//215
f 13090//215 13091//215 13092//215
f 13093//215 13094//215 13095//215
f 13096//215 13097//215 13098//215
f 13099//215 13100//215 13101//215
f 13102//215 13103//215 13104//215
f 13105//215 13106//215 13107//215
f 13108//215 13109//215 13110//215
f 13111//215 13112//215 13113//215
f 13114//215 13115//215 13116//215
f 13117//215 13118//215 13119//215
f 13120//215 13121//215 13122//215
f 13123//215 13124//215 13125//215
f 13126//215 13127//215 13128//215
f 13129//215 13130//215 13131//215
f 13132//215 13133//215 13134//215
f 13135//215 13136//215 13137//215
f 13138//215 13139//215 13140//215
f 13141//215 13142//215 13143//215
f 13144//215 13145//215 13146//215
f 13147//215 13148//215 13149//215
f 13150//215 13151//215 13152//215
f 13153//215 13154//215 13155//215
f 13156//215 13157//215 13158//215
f 13159//215 13160//215 13161//215
f 13162//215 13163//215 13164//215
f 13165//215 13166//215 13167//215
f 13168//215 13169//215 13170//215
f 13171//215 13172//215 13173//215
f 13174//215 13175//215 13176//215
f 13177//215 13178//215 13179//215
f 13180//215 13181//215 13182//215
f 13183//215 13184//215 13185//215
f 13186//215 13187//215 13188//215
f 13189//215 13190//215 13191//215
f 13192//215 13193//215 13194//215
f 13195//215 13196//215 13197//215
f 13198//215 13199//215 13200//215
f 13201//215 13202//215 13203//215
f 13204//215 13205//215 13206//215
f 13207//215 13208//215 13209//215
f 13210//215 13211//215 13212//215
f 13213//215 13214//215 13215//215
f 13216//215 13217//215 13218//215
f 13219//215 13220//215 13221//215
f 13222//215 13223//215 13224//215
f 13225//215 13226//215 13227//215
f 13228//215 13229//215 13230//215
f 13231//215 13232//215 13233//215
f 13234//215 13235//215 13236//215
f 13237//215 13238//215 13239//215
f 13240//215 13241//215 13242//215
f 13243//215 13244//215 13245//215
f 13246//215 13247//215 13248//215
f 13249//215 13250//215 13251//215
f 13252//215 13253//215 13254//215
f 13255//215 13256//215 13257//215
f 13258//215 13259//215 13260//215
f 13261//215 13262//215 13263//215
f 13264//215 13265//215 13266//215
f 13267//215 13268//215 13269//215
f 13270//215 13271//215 13272//215
f 13273//215 13274//215 13275//215
f 13276//215 13277//215 13278//215
f 13279//215 13280//215 13281//215
f 13282//215 13283//215 13284//215
f 13285//215 13286//215 13287//215
f 13288//215 13289//215 13290//215
f 13291//215 13292//215 13293//215
f 13294//215 13295//215 13296//215
f 13297//215 13298//215 13299//215
f 13300//215 13301//215 13302//215
f 13303//215 13304//215 13305//215
f 13306//215 13307//215 13308//215
f 13309//215 13310//215 13311//215
f 13312//215 13313//215 13314//215
f 13315//215 13316//215 13317//215
f 13318//215 13319//215 13320//215
f 13321//215 13322//215 13323//215
f 13324//215 13325//215 13326//215
f 13327//215 13328//215 13329//215
f 13330//215 13331//215 13332//215
f 13333//215 13334//215 13335//215
f 13336//215 13337//215 13338//215
f 13339//215 13340//215 13341//215
f 13342//215 13343//215 13344//215
f 13345//215 13346//215 13347//215
f 13348//215 13349//215 13350//215
f 13351//215 13352//215 13353//215
f 13354//215 13355//215 13356//215
f 13357//215 13358//215 13359//215
f 13360//215 13361//215 13362//215
f 13363//215 13364//215 13365//215
f 13366//215 13367//215 13368//215
f 13369//215 13370//215 13371//215
f 13372//215 13373//215 13374//215
f 13375//215 13376//215 13377//215
f 13378//215 13379//215 13380//215
f 13381//215 13382//215 13383//215
f 13384//215 13385//215 13386//215
f 13387//215 13388//215 13389//215
f 13390//215 13391//215 13392//215
f 13393//215 13394//215 13395//215
f 13396//215 13397//215 13398//215
f 13399//215 13400//215 13401//215
f 13402//215 13403//215 13404//215
f 13405//215 13406//215 13407//215
f 13408//215 13409//215 13410//215
f 13411//215 13412//215 13413//215
f 13414//215 13415//215 13416//215
f 13417//215 13418//215 13419//215
f 13420//215 13421//215 13422//215
f 13423//215 13424//215 13425//215
f 13426//215 13427//215 13428//215
f 13429//215 13430//215 13431//215
f 13432//215 13433//215 13434//215
f 13435//215 13436//215 13437//215
f 13438//215 13439//215 13440//215
f 13441//215 13442//215 13443//215
f 13444//215 13445//215 13446//215
f 13447//215 13448//215 13449//215
f 13450//215 13451//215 13452//215
f 13453//215 13454//215 13455//215
f 13456//215 13457//215 13458//215
f 13459//215 13460//215 13461//215
f 13462//215 13463//215 13464//215
f 13465//215 13466//215 13467//215
f 13468//215 13469//215 13470//215
f 13471//215 13472//215 13473//215
f 13474//215 13475//215 13476//215
f 13477//215 13478//215 13479//215
f 13480//215 13481//215 13482//215
f 13483//215 13484//215 13485//215
f 13486//215 13487//215 13488//215
f 13489//215 13490//215 13491//215
f 13492//215 13493//215 13494//215
f 13495//215 13496//215 13497//215
f 13498//215 13499//215 13500//215
f 13501//215 13502//215 13503//215
f 13504//215 13505//215 13506//215
f 13507//215 13508//215 13509//215
f 13510//215 13511//215 13512//215
f 13513//215 13514//215 13515//215
f 13516//215 13517//215 13518//215
f 13519//215 13520//215 13521//215
f 13522//215 13523//215 13524//215
f 13525//215 13526//215 13527//215
f 13528//215 13529//215 13530//215
f 13531//215 13532//215 13533//215
f 13534//215 13535//215 13536//215
f 13537//215 13538//215 13539//215
f 13540//215 13541//215 13542//215
f 13543//215 13544//215 13545//215
f 13546//215 13547//215 13548//215
f 13549//215 13550//215 13551//215
f 13552//215 13553//215 13554//215
f 13555//215 13556//215 13557//215
f 13558//215 13559//215 13560//215
f 13561//215 13562//215 13563//215
f 13564//215 13565//215 13566//215
f 13567//215 13568//215 13569//215
f 13570//215 13571//215 13572//215
f 13573//215 13574//215 13575//215
f 13576//215 13577//215 13578//215
f 13579//215 13580//215 13581//215
f 13582//215 13583//215 13584//215
f 13585//215 13586//215 13587//215
f 13588//215 13589//215 13590//215
f 13591//215 13592//215 13593//215
f 13594//215 13595//215 13596//215
f 13597//215 13598//215 13599//215
f 13600//215 13601//215 13602//215
f 13603//215 13604//215 13605//215
f 13606//215 13607//215 13608//215
f 13609//215 13610//215 13611//215
f 13612//215 13613//215 13614//215
f 13615//215 13616//215 13617//215
f 13618//215 13619//215 13620//215
f 13621//215 13622//215 13623//215
f 13624//215 13625//215 13626//215
f 13627//215 13628//215 13629//215
f 13630//215 13631//215 13632//215
f 13633//215 13634//215 13635//215
f 13636//215 13637//215 13638//215
f 13639//215 13640//215 13641//215
f 13642//215 13643//215 13644//215
f 13645//215 13646//215 13647//215
f 13648//215 13649//215 13650//215
f 13651//215 13652//215 13653//215
f 13654//215 13655//215 13656//215
f 13657//215 13658//215 13659//215
f 13660//215 13661//215 13662//215
f 13663//215 13664//215 13665//215
f 13666//215 13667//215 13668//215
f 13669//215 13670//215 13671//215
f 13672//215 13673//215 13674//215
f 13675//215 13676//215 13677//215
f 13678//215 13679//215 13680//215
f 13681//215 13682//215 13683//215
f 13684//215 13685//215 13686//215
f 13687//215 13688//215 13689//215
f 13690//215 13691//215 13692//215
f 13693//215 13694//215 13695//215
f 13696//215 13697//215 13698//215
f 13699//215 13700//215 13701//215
f 13702//215 13703//215 13704//215
f 13705//215 13706//215 13707//215
f 13708//215 13709//215 13710//215
f 13711//215 13712//215 13713//215
f 13714//215 13715//215 13716//215
f 13717//215 13718//215 13719//215
f 13720//215 13721//215 13722//215
f 13723//215 13724//215 13725//215
f 13726//215 13727//215 13728//215
f 13729//215 13730//215 13731//215
f 13732//215 13733//215 13734//215
f 13735//215 13736//215 13737//215
f 13738//215 13739//215 13740//215
f 13741//215 13742//215 13743//215
f 13744//215 13745//215 13746//215
f 13747//215 13748//215 13749//215
f 13750//215 13751//215 13752//215
f 13753//215 13754//215 13755//215
f 13756//215 13757//215 13758//215
f 13759//215 13760//215 13761//215
f 13762//215 13763//215 13764//215
f 13765//215 13766//215 13767//215
f 13768//215 13769//215 13770//215
f 13771//215 13772//215 13773//215
f 13774//215 13775//215 13776//215
f 13777//215 13778//215 13779//215
f 13780//215 13781//215 13782//215
f 13783//215 13784//215 13785//215
f 13786//215 13787//215 13788//215
f 13789//215 13790//215 13791//215
f 13792//215 13793//215 13794//215
f 13795//215 13796//215 13797//215
f 13798//215 13799//215 13800//215
f 13801//215 13802//215 13803//215
f 13804//215 13805//215 13806//215
f 13807//215 13808//215 13809//215
f 13810//215 13811//215 13812//215
f 13813//215 13814//215 13815//215
f 13816//215 13817//215 13818//215
f 13819//215 13820//215 13821//215
f 13822//215 13823//215 13824//215
f 13825//215 13826//215 13827//215
f 13828//215 13829//215 13830//215
f 13831//215 13832//215 13833//215
f 13834//215 13835//215 13836//215
f 13837//215 13838//215 13839//215
f 13840//215 13841//215 13842//215
f 13843//215 13844//215 13845//215
f 13846//215 13847//215 13848//215
f 13849//215 13850//215 13851//215
f 13852//215 13853//215 13854//215
f 13855//215 13856//215 13857//215
f 13858//215 13859//215 13860//215
f 13861//215 13862//215 13863//215
f 13864//215 13865//215 13866//215
f 13867//215 13868//215 13869//215
f 13870//215 13871//215 13872//215
f 13873//215 13874//215 13875//215
f 13876//215 13877//215 13878//215
f 13879//215 13880//215 13881//215
f 13882//215 13883//215 13884//215
f 13885//215 13886//215 13887//215
f 13888//215 13889//215 13890//215
f 13891//215 13892//215 13893//215
f 13894//215 13895//215 13896//215
f 13897//215 13898//215 13899//215
f 13900//215 13901//215 13902//215
f 13903//215 13904//215 13905//215
f 13906//215 13907//215 13908//215
f 13909//215 13910//215 13911//215
f 13912//215 13913//215 13914//215
f 13915//215 13916//215 13917//215
f 13918//1452 13919//1452 13920//1452
f 13921//1452 13922//1452 13923//1452
f 13924//1453 13925//1453 13926//1453
f 13927//1453 13928//1453 13929//1453
f 13930//1454 13931//1454 13932//1454
f 13933//1454 13934//1454 13935//1454
f 13936//1455 13937//1455 13938//1455
f 13939//1455 13940//1455 13941//1455
f 13942//1309 13943//1309 13944//1309
f 13945//1309 13946//1309 13947//1309
f 13948//1310 13949//1310 13950//1310
f 13951//1310 13952//1310 13953//1310
f 13954//1456 13955//1456 13956//1456
f 13957//1456 13958//1456 13959//1456
f 13960//1457 13961//1457 13962//1457
f 13963//1457 13964//1457 13965//1457
f 13966//1313 13967//1313 13968//1313
f 13969//1313 13970//1313 13971//1313
f 13972//1314 13973//1314 13974//1314
f 13975//1314 13976//1314 13977//1314
f 13978//1458 13979//1458 13980//1458
f 13981//1458 13982//1458 13983//1458
f 13984//1316 13985//1316 13986//1316
f 13987//1459 13988//1459 13989//1459
f 13990//1317 13991//1317 13992//1317
f 13993//1317 13994//1317 13995//1317
f 13996//1460 13997//1460 13998//1460
f 13999//1460 14000//1460 14001//1460
f 14002//1319 14003//1319 14004//1319
f 14005//1319 14006//1319 14007//1319
f 14008//1407 14009//1407 14010//1407
f 14011//1407 14012//1407 14013//1407
f 14014//1321 14015//1321 14016//1321
f 14017//1321 14018//1321 14019//1321
f 14020//1461 14021//1461 14022//1461
f 14023//1461 14024//1461 14025//1461
f 14026//1462 14027//1462 14028//1462
f 14029//1462 14030//1462 14031//1462
f 14032//1324 14033//1324 14034//1324
f 14035//1324 14036//1324 14037//1324
f 14038//1325 14039//1325 14040//1325
f 14041//1325 14042//1325 14043//1325
f 14044//1326 14045//1326 14046//1326
f 14047//1326 14048//1326 14049//1326
f 14050//1327 14051//1327 14052//1327
f 14053//1327 14054//1327 14055//1327
f 14056//1328 14057//1328 14058//1328
f 14059//1328 14060//1328 14061//1328
f 14062//1329 14063//1329 14064//1329
f 14065//1329 14066//1329 14067//1329
f 14068//1330 14069//1330 14070//1330
f 14071//1330 14072//1330 14073//1330
f 14074//1331 14075//1331 14076//1331
f 14077//1331 14078//1331 14079//1331
f 14080//1463 14081//1463 14082//1463
f 14083//1463 14084//1463 14085//1463
f 14086//1333 14087//1333 14088//1333
f 14089//1333 14090//1333 14091//1333
f 14092//1464 14093//1464 14094//1464
f 14095//1464 14096//1464 14097//1464
f 14098//1465 14099//1465 14100//1465
f 14101//1465 14102//1465 14103//1465
f 14104//1422 14105//1422 14106//1422
f 14107//1422 14108//1422 14109//1422
f 14110//1338 14111//1338 14112//1338
f 14113//1338 14114//1338 14115//1338
f 14116//1466 14117//1466 14118//1466
f 14119//1466 14120//1466 14121//1466
f 14122//1340 14123//1340 14124//1340
f 14125//1340 14126//1340 14127//1340
f 14128//1467 14129//1467 14130//1467
f 14131//1467 14132//1467 14133//1467
f 14134//1468 14135//1468 14136//1468
f 14137//1468 14138//1468 14139//1468
f 14140//1343 14141//1343 14142//1343
f 14143//1343 14144//1343 14145//1343
f 14146//1344 14147//1344 14148//1344
f 14149//1344 14150//1344 14151//1344
f 14152//1345 14153//1345 14154//1345
f 14155//1345 14156//1345 14157//1345
f 14158//1346 14159//1346 14160//1346
f 14161//1346 14162//1346 14163//1346
f 14164//1469 14165//1469 14166//1469
f 14167//1469 14168//1469 14169//1469
f 14170//1470 14171//1470 14172//1470
f 14173//1470 14174//1470 14175//1470
f 14176//1349 14177//1349 14178//1349
f 14179//1349 14180//1349 14181//1349
f 14182//1350 14183//1350 14184//1350
f 14185//1350 14186//1350 14187//1350
f 14188//1351 14189//1351 14190//1351
f 14191//1351 14192//1351 14193//1351
f 14194//1138 14195//1138 14196//1138
f 14197//1138 14198//1138 14199//1138
f 14200//1352 14201//1352 14202//1352
f 14203//1352 14204//1352 14205//1352
f 14206//1426 14207//1426 14208//1426
f 14209//1426 14210//1426 14211//1426
f 14212//1354 14213//1354 14214//1354
f 14215//1354 14216//1354 14217//1354
f 14218//1471 14219//1471 14220//1471
f 14221//1471 14222//1471 14223//1471
f 14224//1472 14225//1472 14226//1472
f 14227//1472 14228//1472 14229//1472
f 14230//1429 14231//1429 14232//1429
f 14233//1429 14234//1429 14235//1429
f 14236//1430 14237//1430 14238//1430
f 14239//1430 14240//1430 14241//1430
f 14242//1359 14243//1359 14244//1359
f 14245//1359 14246//1359 14247//1359
f 14248//1360 14249//1360 14250//1360
f 14251//1360 14252//1360 14253//1360
f 14254//1473 14255//1473 14256//1473
f 14257//1473 14258//1473 14259//1473
f 14260//1362 14261//1362 14262//1362
f 14263//1362 14264//1362 14265//1362
f 14266//1432 14267//1432 14268//1432
f 14269//1432 14270//1432 14271//1432
f 14272//1474 14273//1474 14274//1474
f 14275//1474 14276//1474 14277//1474
f 14278//1365 14279//1365 14280//1365
f 14281//1365 14282//1365 14283//1365
f 14284//1434 14285//1434 14286//1434
f 14287//1434 14288//1434 14289//1434
f 14290//1475 14291//1475 14292//1475
f 14293//1475 14294//1475 14295//1475
f 14296//1368 14297//1368 14298//1368
f 14299//1368 14300//1368 14301//1368
f 14302//1436 14303//1436 14304//1436
f 14305//1436 14306//1436 14307//1436
f 14308//1476 14309//1476 14310//1476
f 14311//1476 14312//1476 14313//1476
f 14314//1438 14315//1438 14316//1438
f 14317//1438 14318//1438 14319//1438
f 14320//1373 14321//1373 14322//1373
f 14323//1373 14324//1373 14325//1373
f 14326//1375 14327//1375 14328//1375
f 14329//1375 14330//1375 14331//1375
f 14332//1440 14333//1440 14334//1440
f 14335//1440 14336//1440 14337//1440
f 14338//1441 14339//1441 14340//1441
f 14341//1441 14342//1441 14343//1441
f 14344//1477 14345//1477 14346//1477
f 14347//1477 14348//1477 14349//1477
f 14350//1478 14351//1478 14352//1478
f 14353//1478 14354//1478 14355//1478
f 14356//1479 14357//1479 14358//1479
f 14359//1479 14360//1479 14361//1479
f 14362//1480 14363//1480 14364//1480
f 14365//1481 14366//1481 14367//1481
f 14368//1385 14369//1385 14370//1385
f 14371//1385 14372//1385 14373//1385
f 14374//1482 14375//1482 14376//1482
f 14377//1482 14378//1482 14379//1482
f 14380//1387 14381//1387 14382//1387
f 14383//1387 14384//1387 14385//1387
f 14386//1483 14387//1483 14388//1483
f 14389//1483 14390//1483 14391//1483
f 14392//1484 14393//1484 14394//1484
f 14395//1484 14396//1484 14397//1484
f 14398//1391 14399//1391 14400//1391
f 14401//1391 14402//1391 14403//1391
f 14404//1392 14405//1392 14406//1392
f 14407//1392 14408//1392 14409//1392
f 14410//1485 14411//1485 14412//1485
f 14413//1485 14414//1485 14415//1485
f 14416//1394 14417//1394 14418//1394
f 14419//1394 14420//1394 14421//1394
f 14422//1396 14423//1396 14424//1396
f 14425//1396 14426//1396 14427//1396
f 14428//1486 14429//1486 14430//1486
f 14431//1486 14432//1486 14433//1486
f 14434//1487 14435//1487 14436//1487
f 14437//1487 14438//1487 14439//1487
f 14440//1399 14441//1399 14442//1399
f 14443//1399 14444//1399 14445//1399
f 14446//1400 14447//1400 14448//1400
f 14449//1400 14450//1400 14451//1400
f 14452//1488 14453//1488 14454//1488
f 14455//1488 14456//1488 14457//1488
f 14458//1489 14459//1489 14460//1489
f 14461//1489 14462//1489 14463//1489
f 14464//215 14465//215 14466//215
f 14467//215 14468//215 14469//215
f 14470//215 14471//215 14472//215
f 14473//215 14474//215 14475//215
f 14476//215 14477//215 14478//215
f 14479//215 14480//215 14481//215
f 14482//215 14483//215 14484//215
f 14485//215 14486//215 14487//215
f 14488//215 14489//215 14490//215
f 14491//215 14492//215 14493//215
f 14494//215 14495//215 14496//215
f 14497//215 14498//215 14499//215
f 14500//215 14501//215 14502//215
f 14503//215 14504//215 14505//215
f 14506//215 14507//215 14508//215
f 14509//215 14510//215 14511//215
f 14512//215 14513//215 14514//215
f 14515//215 14516//215 14517//215
f 14518//215 14519//215 14520//215
f 14521//215 14522//215 14523//215
f 14524//215 14525//215 14526//215
f 14527//215 14528//215 14529//215
f 14530//215 14531//215 14532//215
f 14533//215 14534//215 14535//215
f 14536//215 14537//215 14538//215
f 14539//215 14540//215 14541//215
f 14542//215 14543//215 14544//215
f 14545//215 14546//215 14547//215
f 14548//215 14549//215 14550//215
f 14551//215 14552//215 14553//215
f 14554//215 14555//215 14556//215
f 14557//215 14558//215 14559//215
f 14560//215 14561//215 14562//215
f 14563//215 14564//215 14565//215
f 14566//215 14567//215 14568//215
f 14569//215 14570//215 14571//215
f 14572//215 14573//215 14574//215
f 14575//215 14576//215 14577//215
f 14578//215 14579//215 14580//215
f 14581//215 14582//215 14583//215
f 14584//215 14585//215 14586//215
f 14587//215 14588//215 14589//215
f 14590//215 14591//215 14592//215
f 14593//215 14594//215 14595//215
f 14596//215 14597//215 14598//215
f 14599//215 14600//215 14601//215
f 14602//215 14603//215 14604//215
f 14605//215 14606//215 14607//215
f 14608//215 14609//215 14610//215
f 14611//215 14612//215 14613//215
f 14614//215 14615//215 14616//215
f 14617//215 14618//215 14619//215
f 14620//215 14621//215 14622//215
f 14623//215 14624//215 14625//215
f 14626//215 14627//215 14628//215
f 14629//215 14630//215 14631//215
f 14632//215 14633//215 14634//215
f 14635//215 14636//215 14637//215
f 14638//215 14639//215 14640//215
f 14641//215 14642//215 14643//215
f 14644//215 14645//215 14646//215
f 14647//215 14648//215 14649//215
f 14650//215 14651//215 14652//215
f 14653//215 14654//215 14655//215
f 14656//215 14657//215 14658//215
f 14659//215 14660//215 14661//215
f 14662//215 14663//215 14664//215
f 14665//215 14666//215 14667//215
f 14668//215 14669//215 14670//215
f 14671//215 14672//215 14673//215
f 14674//215 14675//215 14676//215
f 14677//215 14678//215 14679//215
f 14680//215 14681//215 14682//215
f 14683//215 14684//215 14685//215
f 14686//215 14687//215 14688//215
f 14689//215 14690//215 14691//215
f 14692//215 14693//215 14694//215
f 14695//215 14696//215 14697//215
f 14698//215 14699//215 14700//215
f 14701//215 14702//215 14703//215
f 14704//215 14705//215 14706//215
f 14707//215 14708//215 14709//215
f 14710//215 14711//215 14712//215
f 14713//215 14714//215 14715//215
f 14716//215 14717//215 14718//215
f 14719//215 14720//215 14721//215
f 14722//215 14723//215 14724//215
f 14725//215 14726//215 14727//215
f 14728//215 14729//215 14730//215
f 14731//215 14732//215 14733//215
f 14734//215 14735//215 14736//215
f 14737//215 14738//215 14739//215
f 14740//215 14741//215 14742//215
f 14743//215 14744//215 14745//215
f 14746//215 14747//215 14748//215
f 14749//215 14750//215 14751//215
f 14752//215 14753//215 14754//215
f 14755//215 14756//215 14757//215
f 14758//215 14759//215 14760//215
f 14761//215 14762//215 14763//215
f 14764//215 14765//215 14766//215
f 14767//215 14768//215 14769//215
f 14770//215 14771//215 14772//215
f 14773//215 14774//215 14775//215
f 14776//215 14777//215 14778//215
f 14779//215 14780//215 14781//215
f 14782//215 14783//215 14784//215
f 14785//215 14786//215 14787//215
f 14788//215 14789//215 14790//215
f 14791//215 14792//215 14793//215
f 14794//215 14795//215 14796//215
f 14797//215 14798//215 14799//215
f 14800//215 14801//215 14802//215
f 14803//215 14804//215 14805//215
f 14806//215 14807//215 14808//215
f 14809//215 14810//215 14811//215
f 14812//215 14813//215 14814//215
f 14815//215 14816//215 14817//215
f 14818//215 14819//215 14820//215
f 14821//215 14822//215 14823//215
f 14824//215 14825//215 14826//215
f 14827//215 14828//215 14829//215
f 14830//215 14831//215 14832//215
f 14833//215 14834//215 14835//215
f 14836//215 14837//215 14838//215
f 14839//215 14840//215 14841//215
f 14842//215 14843//215 14844//215
f 14845//215 14846//215 14847//215
f 14848//215 14849//215 14850//215
f 14851//215 14852//215 14853//215
f 14854//215 14855//215 14856//215
f 14857//215 14858//215 14859//215
f 14860//215 14861//215 14862//215
f 14863//215 14864//215 14865//215
f 14866//215 14867//215 14868//215
f 14869//215 14870//215 14871//215
f 14872//215 14873//215 14874//215
f 14875//215 14876//215 14877//215
f 14878//215 14879//215 14880//215
f 14881//215 14882//215 14883//215
f 14884//215 14885//215 14886//215
f 14887//215 14888//215 14889//215
f 14890//215 14891//215 14892//215
f 14893//215 14894//215 14895//215
f 14896//215 14897//215 14898//215
f 14899//215 14900//215 14901//215
f 14902//215 14903//215 14904//215
f 14905//215 14906//215 14907//215
f 14908//215 14909//215 14910//215
f 14911//215 14912//215 14913//215
f 14914//215 14915//215 14916//215
f 14917//215 14918//215 14919//215
f 14920//215 14921//215 14922//215
f 14923//215 14924//215 14925//215
f 14926//215 14927//215 14928//215
f 14929//215 14930//215 14931//215
f 14932//215 14933//215 14934//215
f 14935//215 14936//215 14937//215
f 14938//215 14939//215 14940//215
f 14941//215 14942//215 14943//215
f 14944//215 14945//215 14946//215
f 14947//215 14948//215 14949//215
f 14950//215 14951//215 14952//215
f 14953//215 14954//215 14955//215
f 14956//215 14957//215 14958//215
f 14959//215 14960//215 14961//215
f 14962//215 14963//215 14964//215
f 14965//215 14966//215 14967//215
f 14968//215 14969//215 14970//215
f 14971//215 14972//215 14973//215
f 14974//215 14975//215 14976//215
f 14977//215 14978//215 14979//215
f 14980//215 14981//215 14982//215
f 14983//215 14984//215 14985//215
f 14986//215 14987//215 14988//215
f 14989//215 14990//215 14991//215
f 14992//215 14993//215 14994//215
f 14995//215 14996//215 14997//215
f 14998//1490 14999//1490 15000//1490
f 15001//1491 15002//1491 15003//1491
f 15004//1492 15005//1492 15006//1492
f 15007//1493 15008//1493 15009//1493
f 15010//1494 15011//1494 15012//1494
f 15013//1495 15014//1495 15015//1495
f 15016//1496 15017//1496 15018//1496
f 15019//1497 15020//1497 15021//1497
f 15022//1498 15023//1498 15024//1498
f 15025//1499 15026//1499 15027//1499
f 15028//1500 15029//1500 15030//1500
f 15031//1501 15032//1501 15033//1501
f 15034//1502 15035//1502 15036//1502
f 15037//1503 15038//1503 15039//1503
f 15040//1504 15041//1504 15042//1504
f 15043//1505 15044//1505 15045//1505
f 15046//1506 15047//1506 15048//1506
f 15049//1507 15050//1507 15051//1507
f 15052//1508 15053//1508 15054//1508
f 15055//1509 15056//1509 15057//1509
f 15058//1510 15059//1510 15060//1510
f 15061//1511 15062//1511 15063//1511
f 15064//1512 15065//1512 15066//1512
f 15067//1513 15068//1513 15069//1513
f 15070//1514 15071//1514 15072//1514
f 15073//1515 15074//1515 15075//1515
f 15076//1516 15077//1516 15078//1516
f 15079//1517 15080//1517 15081//1517
f 15082//1518 15083//1518 15084//1518
f 15085//1519 15086//1519 15087//1519
f 15088//1520 15089//1520 15090//1520
f 15091//1521 15092//1521 15093//1521
f 15094//1522 15095//1522 15096//1522
f 15097//1523 15098//1523 15099//1523
f 15100//1524 15101//1524 15102//1524
f 15103//1525 15104//1525 15105//1525
f 15106//1526 15107//1526 15108//1526
f 15109//1527 15110//1527 15111//1527
f 15112//1528 15113//1528 15114//1528
f 15115//1529 15116//1529 15117//1529
f 15118//1530 15119//1530 15120//1530
f 15121//1531 15122//1531 15123//1531
f 15124//1532 15125//1532 15126//1532
f 15127//1533 15128//1533 15129//1533
f 15130//1534 15131//1534 15132//1534
f 15133//1535 15134//1535 15135//1535
f 15136//1536 15137//1536 15138//1536
f 15139//1537 15140//1537 15141//1537
f 15142//1538 15143//1538 15144//1538
f 15145//1539 15146//1539 15147//1539
f 15148//1540 15149//1540 15150//1540
f 15151//1541 15152//1541 15153//1541
f 15154//1542 15155//1542 15156//1542
f 15157//1543 15158//1543 15159//1543
f 15160//1544 15161//1544 15162//1545
f 15163//1546 15164//1546 15165//1546
f 15166//1547 15167//1547 15168//1547
f 15169//1548 15170//1548 15171//1548
f 15172//1549 15173//1549 15174//1549
f 15175//1550 15176//1550 15177//1550
f 15178//1551 15179//1551 15180//1551
f 15181//1552 15182//1552 15183//1552
f 15184//1553 15185//1553 15186//1553
f 15187//1554 15188//1554 15189//1554
f 15190//1555 15191//1555 15192//1555
f 15193//1556 15194//1556 15195//1556
f 15196//1557 15197//1557 15198//1557
f 15199//1558 15200//1558 15201//1558
f 15202//1559 15203//1559 15204//1559
f 15205//1560 15206//1560 15207//1560
f 15208//1561 15209//1561 15210//1561
f 15211//1562 15212//1562 15213//1562
f 15214//1563 15215//1563 15216//1563
f 15217//1564 15218//1564 15219//1564
f 15220//1565 15221//1565 15222//1565
f 15223//1566 15224//1566 15225//1566
f 15226//1567 15227//1567 15228//1567
f 15229//1568 15230//1568 15231//1568
f 15232//1569 15233//1569 15234//1569
f 15235//1570 15236//1570 15237//1570
f 15238//1571 15239//1571 15240//1571
f 15241//1572 15242//1572 15243//1572
f 15244//1573 15245//1573 15246//1573
f 15247//1574 15248//1574 15249//1574
f 15250//1575 15251//1575 15252//1575
f 15253//1576 15254//1576 15255//1576
f 15256//1577 15257//1577 15258//1577
f 15259//1578 15260//1578 15261//1578
f 15262//1579 15263//1579 15264//1579
f 15265//1580 15266//1580 15267//1580
f 15268//1581 15269//1581 15270//1581
f 15271//1582 15272//1582 15273//1582
f 15274//1583 15275//1583 15276//1583
f 15277//1584 15278//1584 15279//1584
f 15280//1585 15281//1585 15282//1585
f 15283//1586 15284//1586 15285//1586
f 15286//1587 15287//1587 15288//1587
f 15289//1588 15290//1588 15291//1588
f 15292//1589 15293//1589 15294//1589
f 15295//1590 15296//1590 15297//1590
f 15298//1591 15299//1591 15300//1591
f 15301//1592 15302//1592 15303//1592
f 15304//1593 15305//1593 15306//1593
f 15307//1594 15308//1594 15309//1594
f 15310//1595 15311//1595 15312//1595
f 15313//1596 15314//1596 15315//1596
f 15316//1597 15317//1597 15318//1597
f 15319//1598 15320//1598 15321//1598
f 15322//1599 15323//1599 15324//1599
f 15325//1600 15326//1600 15327//1600
f 15328//1601 15329//1601 15330//1601
f 15331//1602 15332//1602 15333//1602
f 15334//1603 15335//1603 15336//1603
f 15337//1604 15338//1604 15339//1604
f 15340//1605 15341//1605 15342//1605
f 15343//1606 15344//1606 15345//1606
f 15346//1607 15347//1607 15348//1607
f 15349//1608 15350//1608 15351//1608
f 15352//1609 15353//1609 15354//1609
f 15355//1610 15356//1610 15357//1610
f 15358//1611 15359//1611 15360//1611
f 15361//1612 15362//1612 15363//1612
f 15364//1613 15365//1613 15366//1613
f 15367//1614 15368//1614 15369//1614
f 15370//1615 15371//1615 15372//1615
f 15373//1616 15374//1616 15375//1616
f 15376//1617 15377//1617 15378//1617
f 15379//1618 15380//1618 15381//1618
f 15382//1619 15383//1619 15384//1619
f 15385//1620 15386//1620 15387//1620
f 15388//1621 15389//1621 15390//1621
f 15391//1622 15392//1622 15393//1622
f 15394//1623 15395//1623 15396//1623
f 15397//1624 15398//1624 15399//1624
f 15400//1625 15401//1625 15402//1625
f 15403//1626 15404//1626 15405//1626
f 15406//1627 15407//1627 15408//1627
f 15409//1628 15410//1628 15411//1628
f 15412//1629 15413//1629 15414//1629
f 15415//1630 15416//1630 15417//1630
f 15418//1631 15419//1631 15420//1631
f 15421//1632 15422//1632 15423//1632
f 15424//1633 15425//1633 15426//1633
f 15427//1634 15428//1634 15429//1634
f 15430//1635 15431//1635 15432//1635
f 15433//1636 15434//1636 15435//1636
f 15436//1637 15437//1637 15438//1637
f 15439//1638 15440//1638 15441//1638
f 15442//1639 15443//1639 15444//1639
f 15445//1640 15446//1640 15447//1640
f 15448//1641 15449//1641 15450//1641
f 15451//1642 15452//1642 15453//1642
f 15454//1643 15455//1643 15456//1643
f 15457//1644 15458//1644 15459//1644
f 15460//1645 15461//1645 15462//1645
f 15463//1646 15464//1646 15465//1646
f 15466//1647 15467//1647 15468//1647
f 15469//1648 15470//1648 15471//1648
f 15472//1649 15473//1649 15474//1649
f 15475//1650 15476//1650 15477//1650
f 15478//1651 15479//1651 15480//1651
f 15481//1652 15482//1652 15483//1652
f 15484//1653 15485//1653 15486//1653
f 15487//1654 15488//1654 15489//1654
f 15490//1655 15491//1655 15492//1655
f 15493//1656 15494//1656 15495//1656
f 15496//1657 15497//1657 15498//1657
f 15499//1658 15500//1658 15501//1658
f 15502//1659 15503//1659 15504//1659
f 15505//1660 15506//1660 15507//1660
f 15508//1661 15509//1661 15510//1661
f 15511//1662 15512//1662 15513//1662
f 15514//1663 15515//1663 15516//1663
f 15517//1664 15518//1664 15519//1664
f 15520//1665 15521//1665 15522//1665
f 15523//1666 15524//1666 15525//1666
f 15526//1667 15527//1667 15528//1667
f 15529//1668 15530//1668 15531//1668
f 15532//1669 15533//1669 15534//1669
f 15535//1670 15536//1670 15537//1670
f 15538//1671 15539//1671 15540//1671
f 15541//1672 15542//1672 15543//1672
f 15544//1673 15545//1673 15546//1673
f 15547//1674 15548//1674 15549//1674
f 15550//1675 15551//1675 15552//1675
f 15553//1676 15554//1676 15555//1676
f 15556//215 15557//215 15558//215
f 15559//215 15560//215 15561//215
f 15562//215 15563//215 15564//215
f 15565//215 15566//215 15567//215
f 15568//215 15569//215 15570//215
f 15571//215 15572//215 15573//215
f 15574//215 15575//215 15576//215
f 15577//215 15578//215 15579//215
f 15580//215 15581//215 15582//215
f 15583//215 15584//215 15585//215
f 15586//215 15587//215 15588//215
f 15589//215 15590//215 15591//215
f 15592//215 15593//215 15594//215
f 15595//215 15596//215 15597//215
f 15598//215 15599//215 15600//215
f 15601//215 15602//215 15603//215
f 15604//215 15605//215 15606//215
f 15607//215 15608//215 15609//215
f 15610//215 15611//215 15612//215
f 15613//215 15614//215 15615//215
f 15616//215 15617//215 15618//215
f 15619//215 15620//215 15621//215
f 15622//215 15623//215 15624//215
f 15625//215 15626//215 15627//215
f 15628//215 15629//215 15630//215
f 15631//215 15632//215 15633//215
f 15634//215 15635//215 15636//215
f 15637//215 15638//215 15639//215
f 15640//215 15641//215 15642//215
f 15643//215 15644//215 15645//215
f 15646//215 15647//215 15648//215
f 15649//215 15650//215 15651//215
f 15652//215 15653//215 15654//215
f 15655//215 15656//215 15657//215
f 15658//215 15659//215 15660//215
f 15661//215 15662//215 15663//215
f 15664//215 15665//215 15666//215
f 15667//215 15668//215 15669//215
f 15670//215 15671//215 15672//215
f 15673//215 15674//215 15675//215
f 15676//215 15677//215 15678//215
f 15679//215 15680//215 15681//215
f 15682//215 15683//215 15684//215
f 15685//215 15686//215 15687//215
f 15688//215 15689//215 15690//215
f 15691//215 15692//215 15693//215
f 15694//215 15695//215 15696//215
f 15697//215 15698//215 15699//215
f 15700//215 15701//215 15702//215
f 15703//215 15704//215 15705//215
f 15706//215 15707//215 15708//215
f 15709//215 15710//215 15711//215
f 15712//215 15713//215 15714//215
f 15715//215 15716//215 15717//215
f 15718//215 15719//215 15720//215
f 15721//215 15722//215 15723//215
f 15724//215 15725//215 15726//215
f 15727//215 15728//215 15729//215
f 15730//215 15731//215 15732//215
f 15733//215 15734//215 15735//215
f 15736//215 15737//215 15738//215
f 15739//215 15740//215 15741//215
f 15742//215 15743//215 15744//215
f 15745//215 15746//215 15747//215
f 15748//215 15749//215 15750//215
f 15751//215 15752//215 15753//215
f 15754//215 15755//215 15756//215
f 15757//215 15758//215 15759//215
f 15760//215 15761//215 15762//215
f 15763//215 15764//215 15765//215
f 15766//215 15767//215 15768//215
f 15769//215 15770//215 15771//215
f 15772//215 15773//215 15774//215
f 15775//215 15776//215 15777//215
f 15778//215 15779//215 15780//215
f 15781//215 15782//215 15783//215
f 15784//215 15785//215 15786//215
f 15787//215 15788//215 15789//215
f 15790//215 15791//215 15792//215
f 15793//215 15794//215 15795//215
f 15796//215 15797//215 15798//215
f 15799//215 15800//215 15801//215
f 15802//215 15803//215 15804//215
f 15805//215 15806//215 15807//215
f 15808//215 15809//215 15810//215
f 15811//215 15812//215 15813//215
f 15814//215 15815//215 15816//215
f 15817//215 15818//215 15819//215
f 15820//215 15821//215 15822//215
f 15823//1452 15824//1452 15825//1452
f 15826//1452 15827//1452 15828//1452
f 15829//1453 15830//1453 15831//1453
f 15832//1453 15833//1453 15834//1453
f 15835//1454 15836//1454 15837//1454
f 15838//1454 15839//1454 15840//1454
f 15841//1455 15842//1455 15843//1455
f 15844//1455 15845//1455 15846//1455
f 15847//1309 15848//1309 15849//1309
f 15850//1309 15851//1309 15852//1309
f 15853//1310 15854//1310 15855//1310
f 15856//1310 15857//1310 15858//1310
f 15859//1456 15860//1456 15861//1456
f 15862//1456 15863//1456 15864//1456
f 15865//1457 15866//1457 15867//1457
f 15868//1457 15869//1457 15870//1457
f 15871//1677 15872//1677 15873//1677
f 15874//1678 15875//1678 15876//1678
f 15877//1679 15878//1679 15879//1679
f 15880//1679 15881//1679 15882//1679
f 15883//1458 15884//1458 15885//1458
f 15886//1458 15887//1458 15888//1458
f 15889//1680 15890//1680 15891//1680
f 15892//1680 15893//1680 15894//1680
f 15895//1317 15896//1317 15897//1317
f 15898//1317 15899//1317 15900//1317
f 15901//1318 15902//1318 15903//1318
f 15904//1318 15905//1318 15906//1318
f 15907//1319 15908//1319 15909//1319
f 15910//1319 15911//1319 15912//1319
f 15913//1407 15914//1407 15915//1407
f 15916//1407 15917//1407 15918//1407
f 15919//1321 15920//1321 15921//1321
f 15922//1321 15923//1321 15924//1321
f 15925//1461 15926//1461 15927//1461
f 15928//1461 15929//1461 15930//1461
f 15931//1462 15932//1462 15933//1462
f 15934//1462 15935//1462 15936//1462
f 15937//1324 15938//1324 15939//1324
f 15940//1324 15941//1324 15942//1324
f 15943//1325 15944//1325 15945//1325
f 15946//1325 15947//1325 15948//1325
f 15949//1326 15950//1326 15951//1326
f 15952//1326 15953//1326 15954//1326
f 15955//1327 15956//1327 15957//1327
f 15958//1327 15959//1327 15960//1327
f 15961//1328 15962//1328 15963//1328
f 15964//1328 15965//1328 15966//1328
f 15967//1329 15968//1329 15969//1329
f 15970//1329 15971//1329 15972//1329
f 15973//1330 15974//1330 15975//1330
f 15976//1330 15977//1330 15978//1330
f 15979//1331 15980//1331 15981//1331
f 15982//1331 15983//1331 15984//1331
f 15985//1463 15986//1463 15987//1463
f 15988//1463 15989//1463 15990//1463
f 15991//1333 15992//1333 15993//1333
f 15994//1333 15995//1333 15996//1333
f 15997//1464 15998//1464 15999//1464
f 16000//1464 16001//1464 16002//1464
f 16003//1465 16004//1465 16005//1465
f 16006//1465 16007//1465 16008//1465
f 16009//1422 16010//1422 16011//1422
f 16012//1422 16013//1422 16014//1422
f 16015//1423 16016//1423 16017//1423
f 16018//1423 16019//1423 16020//1423
f 16021//1681 16022//1681 16023//1681
f 16024//1424 16025//1424 16026//1424
f 16027//1682 16028//1682 16029//1682
f 16030//1682 16031//1682 16032//1682
f 16033//1467 16034//1467 16035//1467
f 16036//1467 16037//1467 16038//1467
f 16039//1683 16040//1683 16041//1683
f 16042//1683 16043//1683 16044//1683
f 16045//1343 16046//1343 16047//1343
f 16048//1343 16049//1343 16050//1343
f 16051//1344 16052//1344 16053//1344
f 16054//1344 16055//1344 16056//1344
f 16057//1345 16058//1345 16059//1345
f 16060//1345 16061//1345 16062//1345
f 16063//1346 16064//1346 16065//1346
f 16066//1346 16067//1346 16068//1346
f 16069//1347 16070//1347 16071//1347
f 16072//1347 16073//1347 16074//1347
f 16075//1470 16076//1470 16077//1470
f 16078//1470 16079//1470 16080//1470
f 16081//1684 16082//1684 16083//1684
f 16084//1684 16085//1684 16086//1684
f 16087//1350 16088//1350 16089//1350
f 16090//1350 16091//1350 16092//1350
f 16093//1351 16094//1351 16095//1351
f 16096//1351 16097//1351 16098//1351
f 16099//1138 16100//1138 16101//1138
f 16102//1138 16103//1138 16104//1138
f 16105//1352 16106//1352 16107//1352
f 16108//1352 16109//1352 16110//1352
f 16111//1426 16112//1426 16113//1426
f 16114//1426 16115//1426 16116//1426
f 16117//1685 16118//1685 16119//1685
f 16120//1685 16121//1685 16122//1685
f 16123//1471 16124//1471 16125//1471
f 16126//1471 16127//1471 16128//1471
f 16129//1428 16130//1428 16131//1428
f 16132//1428 16133//1428 16134//1428
f 16135//1429 16136//1429 16137//1429
f 16138//1429 16139//1429 16140//1429
f 16141//1430 16142//1430 16143//1430
f 16144//1430 16145//1430 16146//1430
f 16147//1359 16148//1359 16149//1359
f 16150//1359 16151//1359 16152//1359
f 16153//1360 16154//1360 16155//1360
f 16156//1360 16157//1360 16158//1360
f 16159//1361 16160//1361 16161//1361
f 16162//1361 16163//1361 16164//1361
f 16165//1362 16166//1362 16167//1362
f 16168//1362 16169//1362 16170//1362
f 16171//1363 16172//1363 16173//1363
f 16174//1363 16175//1363 16176//1363
f 16177//1686 16178//1686 16179//1686
f 16180//1686 16181//1686 16182//1686
f 16183//1433 16184//1433 16185//1433
f 16186//1433 16187//1433 16188//1433
f 16189//1434 16190//1434 16191//1434
f 16192//1434 16193//1434 16194//1434
f 16195//1475 16196//1475 16197//1475
f 16198//1475 16199//1475 16200//1475
f 16201//1368 16202//1368 16203//1368
f 16204//1368 16205//1368 16206//1368
f 16207//1436 16208//1436 16209//1436
f 16210//1436 16211//1436 16212//1436
f 16213//1476 16214//1476 16215//1476
f 16216//1476 16217//1476 16218//1476
f 16219//1438 16220//1438 16221//1438
f 16222//1438 16223//1438 16224//1438
f 16225//1373 16226//1373 16227//1373
f 16228//1373 16229//1373 16230//1373
f 16231//1375 16232//1375 16233//1375
f 16234//1375 16235//1375 16236//1375
f 16237//1440 16238//1440 16239//1440
f 16240//1440 16241//1440 16242//1440
f 16243//1441 16244//1441 16245//1441
f 16246//1441 16247//1441 16248//1441
f 16249//1477 16250//1477 16251//1477
f 16252//1477 16253//1477 16254//1477
f 16255//1478 16256//1478 16257//1478
f 16258//1478 16259//1478 16260//1478
f 16261//1479 16262//1479 16263//1479
f 16264//1479 16265//1479 16266//1479
f 16267//1480 16268//1480 16269//1480
f 16270//1481 16271//1481 16272//1481
f 16273//1385 16274//1385 16275//1385
f 16276//1385 16277//1385 16278//1385
f 16279//1482 16280//1482 16281//1482
f 16282//1482 16283//1482 16284//1482
f 16285//1387 16286//1387 16287//1387
f 16288//1387 16289//1387 16290//1387
f 16291//1483 16292//1483 16293//1483
f 16294//1483 16295//1483 16296//1483
f 16297//1687 16298//1687 16299//1687
f 16300//1687 16301//1687 16302//1687
f 16303//1391 16304//1391 16305//1391
f 16306//1391 16307//1391 16308//1391
f 16309//1688 16310//1688 16311//1688
f 16312//1688 16313//1688 16314//1688
f 16315//1448 16316//1448 16317//1448
f 16318//1448 16319//1448 16320//1448
f 16321//1689 16322//1689 16323//1689
f 16324//1689 16325//1689 16326//1689
f 16327//1690 16328//1690 16329//1690
f 16330//1690 16331//1690 16332//1690
f 16333//1486 16334//1486 16335//1486
f 16336//1486 16337//1486 16338//1486
f 16339//1487 16340//1487 16341//1487
f 16342//1487 16343//1487 16344//1487
f 16345//1399 16346//1399 16347//1399
f 16348//1399 16349//1399 16350//1399
f 16351//1400 16352//1400 16353//1400
f 16354//1400 16355//1400 16356//1400
f 16357//1488 16358//1488 16359//1488
f 16360//1488 16361//1488 16362//1488
f 16363//1489 16364//1489 16365//1489
f 16366//1489 16367//1489 16368//1489
f 16369//215 16370//215 16371//215
f 16372//215 16373//215 16374//215
f 16375//215 16376//215 16377//215
f 16378//215 16379//215 16380//215
f 16381//215 16382//215 16383//215
f 16384//215 16385//215 16386//215
f 16387//215 16388//215 16389//215
f 16390//215 16391//215 16392//215
f 16393//215 16394//215 16395//215
f 16396//215 16397//215 16398//215
f 16399//215 16400//215 16401//215
f 16402//215 16403//215 16404//215
f 16405//215 16406//215 16407//215
f 16408//215 16409//215 16410//215
f 16411//215 16412//215 16413//215
f 16414//215 16415//215 16416//215
f 16417//215 16418//215 16419//215
f 16420//215 16421//215 16422//215
f 16423//215 16424//215 16425//215
f 16426//215 16427//215 16428//215
f 16429//215 16430//215 16431//215
f 16432//215 16433//215 16434//215
f 16435//215 16436//215 16437//215
f 16438//215 16439//215 16440//215
f 16441//215 16442//215 16443//215
f 16444//215 16445//215 16446//215
f 16447//215 16448//215 16449//215
f 16450//215 16451//215 16452//215
f 16453//215 16454//215 16455//215
f 16456//215 16457//215 16458//215
f 16459//215 16460//215 16461//215
f 16462//215 16463//215 16464//215
f 16465//215 16466//215 16467//215
f 16468//215 16469//215 16470//215
f 16471//215 16472//215 16473//215
f 16474//215 16475//215 16476//215
f 16477//215 16478//215 16479//215
f 16480//215 16481//215 16482//215
f 16483//215 16484//215 16485//215
f 16486//215 16487//215 16488//215
f 16489//215 16490//215 16491//215
f 16492//215 16493//215 16494//215
f 16495//215 16496//215 16497//215
f 16498//215 16499//215 16500//215
f 16501//215 16502//215 16503//215
f 16504//215 16505//215 16506//215
f 16507//215 16508//215 16509//215
f 16510//215 16511//215 16512//215
f 16513//215 16514//215 16515//215
f 16516//215 16517//215 16518//215
f 16519//215 16520//215 16521//215
f 16522//215 16523//215 16524//215
f 16525//215 16526//215 16527//215
f 16528//215 16529//215 16530//215
f 16531//215 16532//215 16533//215
f 16534//215 16535//215 16536//215
f 16537//215 16538//215 16539//215
f 16540//215 16541//215 16542//215
f 16543//215 16544//215 16545//215
f 16546//215 16547//215 16548//215
f 16549//215 16550//215 16551//215
f 16552//215 16553//215 16554//215
f 16555//215 16556//215 16557//215
f 16558//215 16559//215 16560//215
f 16561//215 16562//215 16563//215
f 16564//215 16565//215 16566//215
f 16567//215 16568//215 16569//215
f 16570//215 16571//215 16572//215
f 16573//215 16574//215 16575//215
f 16576//215 16577//215 16578//215
f 16579//215 16580//215 16581//215
f 16582//215 16583//215 16584//215
f 16585//215 16586//215 16587//215
f 16588//215 16589//215 16590//215
f 16591//215 16592//215 16593//215
f 16594//215 16595//215 16596//215
f 16597//215 16598//215 16599//215
f 16600//215 16601//215 16602//215
f 16603//215 16604//215 16605//215
f 16606//215 16607//215 16608//215
f 16609//215 16610//215 16611//215
f 16612//215 16613//215 16614//215
f 16615//215 16616//215 16617//215
f 16618//215 16619//215 16620//215
f 16621//215 16622//215 16623//215
f 16624//215 16625//215 16626//215
f 16627//215 16628//215 16629//215
f 16630//215 16631//215 16632//215
f 16633//215 16634//215 16635//215
f 16636//1691 16637//1691 16638//1691
f 16639//1692 16640//1692 16641//1692
f 16642//939 16643//939 16644//939
f 16645//1693 16646//1693 16647//1693
f 16648//937 16649//937 16650//937
f 16651//1694 16652//1694 16653//1694
f 16654//1695 16655//1695 16656//1695
f 16657//1696 16658//1696 16659//1696
f 16660//1697 16661//1697 16662//1697
f 16663//1698 16664//1698 16665//1698
f 16666//931 16667//931 16668//931
f 16669//1699 16670//1699 16671//1699
f 16672//1700 16673//1700 16674//1700
f 16675//1701 16676//1701 16677//1701
f 16678//1702 16679//1702 16680//1702
f 16681//1703 16682//1703 16683//1703
f 16684//1704 16685//1704 16686//1704
f 16687//1705 16688//1705 16689//1705
f 16690//1706 16691//1706 16692//1706
f 16693//1707 16694//1707 16695//1707
f 16696//1708 16697//1708 16698//1708
f 16699//1709 16700//1709 16701//1709
f 16702//1710 16703//1710 16704//1710
f 16705//1711 16706//1711 16707//1711
f 16708//917 16709//917 16710//917
f 16711//1712 16712//1712 16713//1712
f 16714//1713 16715//1713 16716//1713
f 16717//1714 16718//1714 16719//1714
f 16720//1715 16721//1715 16722//1715
f 16723//1716 16724//1716 16725//1716
f 16726//1717 16727//1717 16728//1717
f 16729//1718 16730//1718 16731//1718
f 16732//1719 16733//1719 16734//1719
f 16735//1720 16736//1720 16737//1720
f 16738//1721 16739//1721 16740//1721
f 16741//1722 16742//1722 16743//1722
f 16744//1723 16745//1723 16746//1723
f 16747//1724 16748//1724 16749//1724
f 16750//1725 16751//1725 16752//1725
f 16753//1726 16754//1726 16755//1726
f 16756//1727 16757//1727 16758//1727
f 16759//1728 16760//1728 16761//1728
f 16762//899 16763//899 16764//899
f 16765//1729 16766//1729 16767//1729
f 16768//1730 16769//1730 16770//1730
f 16771//1731 16772//1731 16773//1731
f 16774//1732 16775//1732 16776//1732
f 16777//1733 16778//1733 16779//1733
f 16780//1734 16781//1734 16782//1734
f 16783//1735 16784//1735 16785//1735
f 16786//1736 16787//1736 16788//1736
f 16789//1737 16790//1737 16791//1737
f 16792//889 16793//889 16794//889
f 16795//1738 16796//1738 16797//1738
f 16798//1739 16799//1739 16800//1739
f 16801//1740 16802//1740 16803//1740
f 16804//1741 16805//1741 16806//1741
f 16807//1742 16808//1742 16809//1742
f 16810//1743 16811//1743 16812//1743
f 16813//1744 16814//1744 16815//1744
f 16816//1745 16817//1745 16818//1745
f 16819//1746 16820//1746 16821//1746
f 16822//1747 16823//1747 16824//1747
f 16825//1748 16826//1748 16827//1748
f 16828//1749 16829//1749 16830//1749
f 16831//1750 16832//1750 16833//1750
f 16834//1751 16835//1751 16836//1751
f 16837//1752 16838//1752 16839//1752
f 16840//873 16841//873 16842//873
f 16843//1753 16844//1753 16845//1753
f 16846//871 16847//871 16848//871
f 16849//1754 16850//1754 16851//1754
f 16852//869 16853//869 16854//869
f 16855//1755 16856//1755 16857//1755
f 16858//867 16859//867 16860//867
f 16861//1756 16862//1756 16863//1756
f 16864//865 16865//865 16866//865
f 16867//1757 16868//1757 16869//1757
f 16870//863 16871//863 16872//863
f 16873//1758 16874//1758 16875//1758
f 16876//861 16877//861 16878//861
f 16879//1759 16880//1759 16881//1759
f 16882//859 16883//859 16884//859
f 16885//1760 16886//1760 16887//1760
f 16888//857 16889//857 16890//857
f 16891//1761 16892//1761 16893//1761
f 16894//1762 16895//1762 16896//1762
f 16897//1763 16898//1763 16899//1763
f 16900//1764 16901//1764 16902//1764
f 16903//1765 16904//1765 16905//1765
f 16906//1766 16907//1766 16908//1766
f 16909//1767 16910//1767 16911//1767
f 16912//1768 16913//1768 16914//1768
f 16915//1769 16916//1769 16917//1769
f 16918//1770 16919//1770 16920//1770
f 16921//1771 16922//1771 16923//1771
f 16924//1772 16925//1772 16926//1772
f 16927//1773 16928//1773 16929//1773
f 16930//843 16931//843 16932//843
f 16933//1774 16934//1774 16935//1774
f 16936//1775 16937//1775 16938//1775
f 16939//1776 16940//1776 16941//1776
f 16942//839 16943//839 16944//839
f 16945//1777 16946//1777 16947//1777
f 16948//837 16949//837 16950//837
f 16951//1778 16952//1778 16953//1778
f 16954//835 16955//835 16956//835
f 16957//1779 16958//1779 16959//1779
f 16960//833 16961//833 16962//833
f 16963//1780 16964//1780 16965//1780
f 16966//1781 16967//1781 16968//1781
f 16969//1782 16970//1782 16971//1782
f 16972//1783 16973//1783 16974//1783
f 16975//1784 16976//1784 16977//1784
f 16978//827 16979//827 16980//827
f 16981//1785 16982//1785 16983//1785
f 16984//1786 16985//1786 16986//1786
f 16987//1787 16988//1787 16989//1787
f 16990//823 16991//823 16992//823
f 16993//1788 16994//1788 16995//1788
f 16996//821 16997//821 16998//821
f 16999//1789 17000//1789 17001//1789
f 17002//819 17003//819 17004//819
f 17005//1790 17006//1790 17007//1790
f 17008//1791 17009//1791 17010//1791
f 17011//1792 17012//1792 17013//1792
f 17014//1793 17015//1793 17016//1793
f 17017//1794 17018//1794 17019//1794
f 17020//1795 17021//1795 17022//1795
f 17023//1796 17024//1796 17025//1796
f 17026//1797 17027//1797 17028//1797
f 17029//1798 17030//1798 17031//1798
f 17032//1799 17033//1799 17034//1799
f 17035//1800 17036//1800 17037//1800
f 17038//1801 17039//1801 17040//1801
f 17041//1802 17042//1802 17043//1802
f 17044//1803 17045//1803 17046//1803
f 17047//1804 17048//1804 17049//1804
f 17050//803 17051//803 17052//803
f 17053//1805 17054//1805 17055//1805
f 17056//801 17057//801 17058//801
f 17059//1806 17060//1806 17061//1806
f 17062//1807 17063//1807 17064//1807
f 17065//1808 17066//1808 17067//1808
f 17068//1809 17069//1809 17070//1809
f 17071//1810 17072//1810 17073//1810
f 17074//1811 17075//1811 17076//1811
f 17077//1812 17078//1812 17079//1812
f 17080//1813 17081//1813 17082//1813
f 17083//1814 17084//1814 17085//1814
f 17086//1815 17087//1815 17088//1815
f 17089//1816 17090//1816 17091//1816
f 17092//1817 17093//1817 17094//1817
f 17095//1818 17096//1818 17097//1818
f 17098//1819 17099//1819 17100//1819
f 17101//1820 17102//1820 17103//1820
f 17104//1821 17105//1821 17106//1821
f 17107//1822 17108//1822 17109//1822
f 17110//1823 17111//1823 17112//1823
f 17113//1824 17114//1824 17115//1824
f 17116//1825 17117//1825 17118//1825
f 17119//1826 17120//1826 17121//1826
f 17122//1827 17123//1827 17124//1827
f 17125//1828 17126//1828 17127//1828
f 17128//1829 17129//1829 17130//1829
f 17131//1830 17132//1830 17133//1830
f 17134//775 17135//775 17136//775
f 17137//1831 17138//1831 17139//1831
f 17140//1832 17141//1832 17142//1832
f 17143//1833 17144//1833 17145//1833
f 17146//1834 17147//1834 17148//1834
f 17149//1835 17150//1835 17151//1835
f 17152//1836 17153//1836 17154//1836
f 17155//1837 17156//1837 17157//1837
f 17158//949 17159//949 17160//949
f 17161//1838 17162//1838 17163//1838
f 17164//1839 17165//1839 17166//1839
f 17167//1840 17168//1840 17169//1840
f 17170//945 17171//945 17172//945
f 17173//1841 17174//1841 17175//1841
f 17176//1842 17177//1842 17178//1842
f 17179//1843 17180//1843 17181//1843
f 17182//1844 17183//1844 17184//1844
f 17185//1845 17186//1845 17187//1845
f 17188//1846 17189//1846 17190//1846
f 17191//1847 17192//1847 17193//1847
f 17194//215 17195//215 17196//215
f 17197//215 17198//215 17199//215
f 17200//215 17201//215 17202//215
f 17203//215 17204//215 17205//215
f 17206//215 17207//215 17208//215
f 17209//215 17210//215 17211//215
f 17212//215 17213//215 17214//215
f 17215//215 17216//215 17217//215
f 17218//215 17219//215 17220//215
f 17221//215 17222//215 17223//215
f 17224//215 17225//215 17226//215
f 17227//215 17228//215 17229//215
f 17230//215 17231//215 17232//215
f 17233//215 17234//215 17235//215
f 17236//215 17237//215 17238//215
f 17239//215 17240//215 17241//215
f 17242//215 17243//215 17244//215
f 17245//215 17246//215 17247//215
f 17248//215 17249//215 17250//215
f 17251//215 17252//215 17253//215
f 17254//215 17255//215 17256//215
f 17257//215 17258//215 17259//215
f 17260//215 17261//215 17262//215
f 17263//215 17264//215 17265//215
f 17266//215 17267//215 17268//215
f 17269//215 17270//215 17271//215
f 17272//215 17273//215 17274//215
f 17275//215 17276//215 17277//215
f 17278//215 17279//215 17280//215
f 17281//215 17282//215 17283//215
f 17284//215 17285//215 17286//215
f 17287//215 17288//215 17289//215
f 17290//215 17291//215 17292//215
f 17293//215 17294//215 17295//215
f 17296//215 17297//215 17298//215
f 17299//215 17300//215 17301//215
f 17302//215 17303//215 17304//215
f 17305//215 17306//215 17307//215
f 17308//215 17309//215 17310//215
f 17311//215 17312//215 17313//215
f 17314//215 17315//215 17316//215
f 17317//215 17318//215 17319//215
f 17320//215 17321//215 17322//215
f 17323//215 17324//215 17325//215
f 17326//215 17327//215 17328//215
f 17329//215 17330//215 17331//215
f 17332//215 17333//215 17334//215
f 17335//215 17336//215 17337//215
f 17338//215 17339//215 17340//215
f 17341//215 17342//215 17343//215
f 17344//215 17345//215 17346//215
f 17347//215 17348//215 17349//215
f 17350//215 17351//215 17352//215
f 17353//215 17354//215 17355//215
f 17356//215 17357//215 17358//215
f 17359//215 17360//215 17361//215
f 17362//215 17363//215 17364//215
f 17365//215 17366//215 17367//215
f 17368//215 17369//215 17370//215
f 17371//215 17372//215 17373//215
f 17374//215 17375//215 17376//215
f 17377//215 17378//215 17379//215
f 17380//215 17381//215 17382//215
f 17383//215 17384//215 17385//215
f 17386//215 17387//215 17388//215
f 17389//215 17390//215 17391//215
f 17392//215 17393//215 17394//215
f 17395//215 17396//215 17397//215
f 17398//215 17399//215 17400//215
f 17401//215 17402//215 17403//215
f 17404//215 17405//215 17406//215
f 17407//215 17408//215 17409//215
f 17410//215 17411//215 17412//215
f 17413//215 17414//215 17415//215
f 17416//215 17417//215 17418//215
f 17419//215 17420//215 17421//215
f 17422//215 17423//215 17424//215
f 17425//215 17426//215 17427//215
f 17428//215 17429//215 17430//215
f 17431//215 17432//215 17433//215
f 17434//215 17435//215 17436//215
f 17437//215 17438//215 17439//215
f 17440//215 17441//215 17442//215
f 17443//215 17444//215 17445//215
f 17446//215 17447//215 17448//215
f 17449//215 17450//215 17451//215
f 17452//215 17453//215 17454//215
f 17455//215 17456//215 17457//215
f 17458//215 17459//215 17460//215
f 17461//1848 17462//1848 17463//1848
f 17464//1848 17465//1848 17466//1848
f 17467//1849 17468//1849 17469//1849
f 17470//1849 17471//1849 17472//1849
f 17473//1849 17474//1849 17475//1849
f 17476//1850 17477//1850 17478//1850
f 17479//1850 17480//1850 17481//1850
f 17482//1850 17483//1850 17484//1850
f 17485//1850 17486//1850 17487//1850
f 17488//1851 17489//1851 17490//1851
f 17491//1851 17492//1851 17493//1851
f 17494//1851 17495//1851 17496//1851
f 17497//67 17498//67 17499//67
f 17500//67 17501//67 17502//67
f 17503//67 17504//67 17505//67
f 17506//67 17507//67 17508//67
f 17509//67 17510//67 17511//67
f 17512//67 17513//67 17514//67
f 17515//67 17516//67 17517//67
f 17518//67 17519//67 17520//67
f 17521//67 17522//67 17523//67
f 17524//67 17525//67 17526//67
f 17527//67 17528//67 17529//67
f 17530//67 17531//67 17532//67
f 17533//67 17534//67 17535//67
f 17536//67 17537//67 17538//67
f 17539//67 17540//67 17541//67
f 17542//67 17543//67 17544//67
f 17545//67 17546//67 17547//67
f 17548//67 17549//67 17550//67
f 17551//67 17552//67 17553//67
f 17554//67 17555//67 17556//67
f 17557//67 17558//67 17559//67
f 17560//67 17561//67 17562//67
f 17563//67 17564//67 17565//67
f 17566//67 17567//67 17568//67
f 17569//67 17570//67 17571//67
f 17572//67 17573//67 17574//67
f 17575//67 17576//67 17577//67
f 17578//67 17579//67 17580//67
f 17581//67 17582//67 17583//67
f 17584//67 17585//67 17586//67
f 17587//67 17588//67 17589//67
f 17590//67 17591//67 17592//67
f 17593//67 17594//67 17595//67
f 17596//67 17597//67 17598//67
f 17599//67 17600//67 17601//67
f 17602//67 17603//67 17604//67
f 17605//67 17606//67 17607//67
f 17608//67 17609//67 17610//67
f 17611//67 17612//67 17613//67
f 17614//67 17615//67 17616//67
f 17617//67 17618//67 17619//67
f 17620//67 17621//67 17622//67
f 17623//67 17624//67 17625//67
f 17626//67 17627//67 17628//67
f 17629//67 17630//67 17631//67
f 17632//67 17633//67 17634//67
f 17635//67 17636//67 17637//67
f 17638//67 17639//67 17640//67
f 17641//67 17642//67 17643//67
f 17644//67 17645//67 17646//67
f 17647//67 17648//67 17649//67
f 17650//67 17651//67 17652//67
f 17653//67 17654//67 17655//67
f 17656//67 17657//67 17658//67
f 17659//67 17660//67 17661//67
f 17662//67 17663//67 17664//67
f 17665//67 17666//67 17667//67
f 17668//67 17669//67 17670//67
f 17671//67 17672//67 17673//67
f 17674//67 17675//67 17676//67
f 17677//67 17678//67 17679//67
f 17680//67 17681//67 17682//67
f 17683//67 17684//67 17685//67
f 17686//67 17687//67 17688//67
f 17689//67 17690//67 17691//67
f 17692//67 17693//67 17694//67
f 17695//67 17696//67 17697//67
f 17698//67 17699//67 17700//67
f 17701//67 17702//67 17703//67
f 17704//67 17705//67 17706//67
f 17707//67 17708//67 17709//67
f 17710//67 17711//67 17712//67
f 17713//67 17714//67 17715//67
f 17716//67 17717//67 17718//67
f 17719//67 17720//67 17721//67
f 17722//67 17723//67 17724//67
f 17725//67 17726//67 17727//67
f 17728//67 17729//67 17730//67
f 17731//67 17732//67 17733//67
f 17734//67 17735//67 17736//67
f 17737//67 17738//67 17739//67
f 17740//67 17741//67 17742//67
f 17743//67 17744//67 17745//67
f 17746//67 17747//67 17748//67
f 17749//67 17750//67 17751//67
f 17752//67 17753//67 17754//67
f 17755//67 17756//67 17757//67
f 17758//67 17759//67 17760//67
f 17761//67 17762//67 17763//67
f 17764//67 17765//67 17766//67
f 17767//67 17768//67 17769//67
f 17770//67 17771//67 17772//67
f 17773//67 17774//67 17775//67
f 17776//67 17777//67 17778//67
f 17779//67 17780//67 17781//67
f 17782//67 17783//67 17784//67
f 17785//67 17786//67 17787//67
f 17788//67 17789//67 17790//67
f 17791//67 17792//67 17793//67
f 17794//67 17795//67 17796//67
f 17797//67 17798//67 17799//67
f 17800//67 17801//67 17802//67
f 17803//67 17804//67 17805//67
f 17806//67 17807//67 17808//67
f 17809//67 17810//67 17811//67
f 17812//67 17813//67 17814//67
f 17815//67 17816//67 17817//67
f 17818//67 17819//67 17820//67
f 17821//67 17822//67 17823//67
f 17824//67 17825//67 17826//67
f 17827//67 17828//67 17829//67
f 17830//67 17831//67 17832//67
f 17833//67 17834//67 17835//67
f 17836//67 17837//67 17838//67
f 17839//67 17840//67 17841//67
f 17842//67 17843//67 17844//67
f 17845//67 17846//67 17847//67
f 17848//67 17849//67 17850//67
f 17851//67 17852//67 17853//67
f 17854//67 17855//67 17856//67
f 17857//67 17858//67 17859//67
f 17860//67 17861//67 17862//67
f 17863//67 17864//67 17865//67
f 17866//67 17867//67 17868//67
f 17869//67 17870//67 17871//67
f 17872//67 17873//67 17874//67
f 17875//67 17876//67 17877//67
f 17878//67 17879//67 17880//67
f 17881//67 17882//67 17883//67
f 17884//67 17885//67 17886//67
f 17887//67 17888//67 17889//67
f 17890//67 17891//67 17892//67
f 17893//67 17894//67 17895//67
f 17896//67 17897//67 17898//67
f 17899//67 17900//67 17901//67
f 17902//67 17903//67 17904//67
f 17905//67 17906//67 17907//67
f 17908//67 17909//67 17910//67
f 17911//67 17912//67 17913//67
f 17914//67 17915//67 17916//67
f 17917//67 17918//67 17919//67
f 17920//67 17921//67 17922//67
f 17923//67 17924//67 17925//67
f 17926//67 17927//67 17928//67
f 17929//67 17930//67 17931//67
f 17932//67 17933//67 17934//67
f 17935//67 17936//67 17937//67
f 17938//67 17939//67 17940//67
f 17941//67 17942//67 17943//67
f 17944//67 17945//67 17946//67
f 17947//67 17948//67 17949//67
f 17950//67 17951//67 17952//67
f 17953//67 17954//67 17955//67
f 17956//67 17957//67 17958//67
f 17959//67 17960//67 17961//67
f 17962//67 17963//67 17964//67
f 17965//67 17966//67 17967//67
f 17968//67 17969//67 17970//67
f 17971//67 17972//67 17973//67
f 17974//67 17975//67 17976//67
f 17977//67 17978//67 17979//67
f 17980//67 17981//67 17982//67
f 17983//67 17984//67 17985//67
f 17986//67 17987//67 17988//67
f 17989//67 17990//67 17991//67
f 17992//67 17993//67 17994//67
f 17995//67 17996//67 17997//67
f 17998//67 17999//67 18000//67
f 18001//67 18002//67 18003//67
f 18004//67 18005//67 18006//67
f 18007//67 18008//67 18009//67
f 18010//67 18011//67 18012//67
f 18013//67 18014//67 18015//67
f 18016//67 18017//67 18018//67
f 18019//67 18020//67 18021//67
f 18022//67 18023//67 18024//67
f 18025//67 18026//67 18027//67
f 18028//67 18029//67 18030//67
f 18031//67 18032//67 18033//67
f 18034//67 18035//67 18036//67
f 18037//67 18038//67 18039//67
f 18040//67 18041//67 18042//67
f 18043//67 18044//67 18045//67
f 18046//67 18047//67 18048//67
f 18049//67 18050//67 18051//67
f 18052//67 18053//67 18054//67
f 18055//67 18056//67 18057//67
f 18058//67 18059//67 18060//67
f 18061//67 18062//67 18063//67
f 18064//67 18065//67 18066//67
f 18067//67 18068//67 18069//67
f 18070//67 18071//67 18072//67
f 18073//67 18074//67 18075//67
f 18076//67 18077//67 18078//67
f 18079//67 18080//67 18081//67
f 18082//67 18083//67 18084//67
f 18085//67 18086//67 18087//67
f 18088//67 18089//67 18090//67
f 18091//67 18092//67 18093//67
f 18094//67 18095//67 18096//67
f 18097//67 18098//67 18099//67
f 18100//67 18101//67 18102//67
f 18103//67 18104//67 18105//67
f 18106//67 18107//67 18108//67
f 18109//67 18110//67 18111//67
f 18112//67 18113//67 18114//67
f 18115//67 18116//67 18117//67
f 18118//67 18119//67 18120//67
f 18121//67 18122//67 18123//67
f 18124//67 18125//67 18126//67
f 18127//67 18128//67 18129//67
f 18130//67 18131//67 18132//67
f 18133//67 18134//67 18135//67
f 18136//67 18137//67 18138//67
f 18139//67 18140//67 18141//67
f 18142//67 18143//67 18144//67
f 18145//67 18146//67 18147//67
f 18148//67 18149//67 18150//67
f 18151//67 18152//67 18153//67
f 18154//67 18155//67 18156//67
f 18157//67 18158//67 18159//67
f 18160//67 18161//67 18162//67
f 18163//67 18164//67 18165//67
f 18166//67 18167//67 18168//67
f 18169//67 18170//67 18171//67
f 18172//67 18173//67 18174//67
f 18175//67 18176//67 18177//67
f 18178//67 18179//67 18180//67
f 18181//67 18182//67 18183//67
f 18184//67 18185//67 18186//67
f 18187//67 18188//67 18189//67
f 18190//67 18191//67 18192//67
f 18193//67 18194//67 18195//67
f 18196//67 18197//67 18198//67
f 18199//67 18200//67 18201//67
f 18202//67 18203//67 18204//67
f 18205//67 18206//67 18207//67
f 18208//67 18209//67 18210//67
f 18211//67 18212//67 18213//67
f 18214//67 18215//67 18216//67
f 18217//67 18218//67 18219//67
f 18220//67 18221//67 18222//67
f 18223//67 18224//67 18225//67
f 18226//67 18227//67 18228//67
f 18229//67 18230//67 18231//67
f 18232//67 18233//67 18234//67
f 18235//67 18236//67 18237//67
f 18238//67 18239//67 18240//67
f 18241//67 18242//67 18243//67
f 18244//67 18245//67 18246//67
f 18247//67 18248//67 18249//67
f 18250//67 18251//67 18252//67
f 18253//67 18254//67 18255//67
f 18256//67 18257//67 18258//67
f 18259//67 18260//67 18261//67
f 18262//67 18263//67 18264//67
f 18265//67 18266//67 18267//67
f 18268//67 18269//67 18270//67
f 18271//67 18272//67 18273//67
f 18274//67 18275//67 18276//67
f 18277//67 18278//67 18279//67
f 18280//67 18281//67 18282//67
f 18283//67 18284//67 18285//67
f 18286//67 18287//67 18288//67
f 18289//67 18290//67 18291//67
f 18292//67 18293//67 18294//67
f 18295//67 18296//67 18297//67
f 18298//67 18299//67 18300//67
f 18301//67 18302//67 18303//67
f 18304//67 18305//67 18306//67
f 18307//67 18308//67 18309//67
f 18310//67 18311//67 18312//67
f 18313//67 18314//67 18315//67
f 18316//67 18317//67 18318//67
f 18319//67 18320//67 18321//67
f 18322//67 18323//67 18324//67
f 18325//67 18326//67 18327//67
f 18328//67 18329//67 18330//67
f 18331//67 18332//67 18333//67
f 18334//67 18335//67 18336//67
f 18337//67 18338//67 18339//67
f 18340//67 18341//67 18342//67
f 18343//67 18344//67 18345//67
f 18346//67 18347//67 18348//67
f 18349//67 18350//67 18351//67
f 18352//67 18353//67 18354//67
f 18355//67 18356//67 18357//67
f 18358//67 18359//67 18360//67
f 18361//67 18362//67 18363//67
f 18364//67 18365//67 18366//67
f 18367//67 18368//67 18369//67
f 18370//67 18371//67 18372//67
f 18373//67 18374//67 18375//67
f 18376//67 18377//67 18378//67
f 18379//67 18380//67 18381//67
f 18382//67 18383//67 18384//67
f 18385//67 18386//67 18387//67
f 18388//67 18389//67 18390//67
f 18391//67 18392//67 18393//67
f 18394//67 18395//67 18396//67
f 18397//67 18398//67 18399//67
f 18400//67 18401//67 18402//67
f 18403//67 18404//67 18405//67
f 18406//67 18407//67 18408//67
f 18409//67 18410//67 18411//67
f 18412//67 18413//67 18414//67
f 18415//67 18416//67 18417//67
f 18418//67 18419//67 18420//67
f 18421//67 18422//67 18423//67
f 18424//67 18425//67 18426//67
f 18427//67 18428//67 18429//67
f 18430//67 18431//67 18432//67
f 18433//67 18434//67 18435//67
f 18436//67 18437//67 18438//67
f 18439//67 18440//67 18441//67
f 18442//67 18443//67 18444//67
f 18445//67 18446//67 18447//67
f 18448//67 18449//67 18450//67
f 18451//67 18452//67 18453//67
f 18454//67 18455//67 18456//67
f 18457//67 18458//67 18459//67
f 18460//67 18461//67 18462//67
f 18463//67 18464//67 18465//67
f 18466//67 18467//67 18468//67
f 18469//67 18470//67 18471//67
f 18472//67 18473//67 18474//67
f 18475//67 18476//67 18477//67
f 18478//67 18479//67 18480//67
f 18481//67 18482//67 18483//67
f 18484//67 18485//67 18486//67
f 18487//67 18488//67 18489//67
f 18490//67 18491//67 18492//67
f 18493//67 18494//67 18495//67
f 18496//67 18497//67 18498//67
f 18499//67 18500//67 18501//67
f 18502//67 18503//67 18504//67
f 18505//67 18506//67 18507//67
f 18508//67 18509//67 18510//67
f 18511//67 18512//67 18513//67
f 18514//67 18515//67 18516//67
f 18517//67 18518//67 18519//67
f 18520//67 18521//67 18522//67
f 18523//67 18524//67 18525//67
f 18526//67 18527//67 18528//67
f 18529//67 18530//67 18531//67
f 18532//67 18533//67 18534//67
f 18535//67 18536//67 18537//67
f 18538//67 18539//67 18540//67
f 18541//67 18542//67 18543//67
f 18544//67 18545//67 18546//67
f 18547//67 18548//67 18549//67
f 18550//67 18551//67 18552//67
f 18553//67 18554//67 18555//67
f 18556//67 18557//67 18558//67
f 18559//67 18560//67 18561//67
f 18562//67 18563//67 18564//67
f 18565//67 18566//67 18567//67
f 18568//67 18569//67 18570//67
f 18571//67 18572//67 18573//67
f 18574//67 18575//67 18576//67
f 18577//67 18578//67 18579//67
f 18580//67 18581//67 18582//67
f 18583//67 18584//67 18585//67
f 18586//67 18587//67 18588//67
f 18589//67 18590//67 18591//67
f 18592//67 18593//67 18594//67
f 18595//67 18596//67 18597//67
f 18598//67 18599//67 18600//67
f 18601//67 18602//67 18603//67
f 18604//67 18605//67 18606//67
f 18607//67 18608//67 18609//67
f 18610//67 18611//67 18612//67
f 18613//67 18614//67 18615//67
f 18616//67 18617//67 18618//67
f 18619//67 18620//67 18621//67
f 18622//67 18623//67 18624//67
f 18625//67 18626//67 18627//67
f 18628//67 18629//67 18630//67
f 18631//67 18632//67 18633//67
f 18634//67 18635//67 18636//67
f 18637//67 18638//67 18639//67
f 18640//67 18641//67 18642//67
f 18643//67 18644//67 18645//67
f 18646//67 18647//67 18648//67
f 18649//67 18650//67 18651//67
f 18652//67 18653//67 18654//67
f 18655//67 18656//67 18657//67
f 18658//67 18659//67 18660//67
f 18661//67 18662//67 18663//67
f 18664//67 18665//67 18666//67
f 18667//67 18668//67 18669//67
f 18670//67 18671//67 18672//67
f 18673//67 18674//67 18675//67
f 18676//67 18677//67 18678//67
f 18679//67 18680//67 18681//67
f 18682//67 18683//67 18684//67
f 18685//67 18686//67 18687//67
f 18688//67 18689//67 18690//67
f 18691//67 18692//67 18693//67
f 18694//67 18695//67 18696//67
f 18697//67 18698//67 18699//67
f 18700//67 18701//67 18702//67
f 18703//67 18704//67 18705//67
f 18706//67 18707//67 18708//67
f 18709//67 18710//67 18711//67
f 18712//67 18713//67 18714//67
f 18715//67 18716//67 18717//67
f 18718//67 18719//67 18720//67
f 18721//67 18722//67 18723//67
f 18724//67 18725//67 18726//67
f 18727//67 18728//67 18729//67
f 18730//67 18731//67 18732//67
f 18733//67 18734//67 18735//67
f 18736//67 18737//67 18738//67
f 18739//67 18740//67 18741//67
f 18742//67 18743//67 18744//67
f 18745//67 18746//67 18747//67
f 18748//67 18749//67 18750//67
f 18751//67 18752//67 18753//67
f 18754//67 18755//67 18756//67
f 18757//67 18758//67 18759//67
f 18760//67 18761//67 18762//67
f 18763//67 18764//67 18765//67
f 18766//67 18767//67 18768//67
f 18769//67 18770//67 18771//67
f 18772//67 18773//67 18774//67
f 18775//67 18776//67 18777//67
f 18778//67 18779//67 18780//67
f 18781//67 18782//67 18783//67
f 18784//67 18785//67 18786//67
f 18787//67 18788//67 18789//67
f 18790//67 18791//67 18792//67
f 18793//67 18794//67 18795//67
f 18796//67 18797//67 18798//67
f 18799//67 18800//67 18801//67
f 18802//67 18803//67 18804//67
f 18805//67 18806//67 18807//67
f 18808//67 18809//67 18810//67
f 18811//67 18812//67 18813//67
f 18814//67 18815//67 18816//67
f 18817//67 18818//67 18819//67
f 18820//67 18821//67 18822//67
f 18823//67 18824//67 18825//67
f 18826//67 18827//67 18828//67
f 18829//67 18830//67 18831//67
f 18832//67 18833//67 18834//67
f 18835//67 18836//67 18837//67
f 18838//67 18839//67 18840//67
f 18841//67 18842//67 18843//67
f 18844//67 18845//67 18846//67
f 18847//67 18848//67 18849//67
f 18850//67 18851//67 18852//67
f 18853//67 18854//67 18855//67
f 18856//67 18857//67 18858//67
f 18859//67 18860//67 18861//67
f 18862//67 18863//67 18864//67
f 18865//67 18866//67 18867//67
f 18868//67 18869//67 18870//67
f 18871//67 18872//67 18873//67
f 18874//67 18875//67 18876//67
f 18877//67 18878//67 18879//67
f 18880//67 18881//67 18882//67
f 18883//67 18884//67 18885//67
f 18886//67 18887//67 18888//67
f 18889//67 18890//67 18891//67
f 18892//67 18893//67 18894//67
f 18895//67 18896//67 18897//67
f 18898//67 18899//67 18900//67
f 18901//67 18902//67 18903//67
f 18904//67 18905//67 18906//67
f 18907//67 18908//67 18909//67
f 18910//67 18911//67 18912//67
f 18913//67 18914//67 18915//67
f 18916//67 18917//67 18918//67
f 18919//67 18920//67 18921//67
f 18922//67 18923//67 18924//67
f 18925//67 18926//67 18927//67
f 18928//67 18929//67 18930//67
f 18931//67 18932//67 18933//67
f 18934//67 18935//67 18936//67
f 18937//67 18938//67 18939//67
f 18940//67 18941//67 18942//67
f 18943//67 18944//67 18945//67
f 18946//67 18947//67 18948//67
f 18949//67 18950//67 18951//67
f 18952//67 18953//67 18954//67
f 18955//67 18956//67 18957//67
f 18958//67 18959//67 18960//67
