# Blender v2.81 (sub 16) OBJ File: ''
# www.blender.org
mtllib solo tray collider 2.77_rescaled.mtl
o solo_tray_collider_2.75
v -1.240003 0.062128 -1.283547
v -1.214821 0.112128 -1.258366
v -1.213089 0.112128 -1.258628
v -1.206118 0.112128 -1.259091
v -1.332028 -0.137873 -1.385000
v -1.207297 0.112128 -1.259081
v -1.332028 -0.137873 -1.385000
v -1.333206 -0.137873 -1.384990
v -1.207297 0.112128 -1.259081
v -1.207297 0.112128 -1.259081
v -1.333206 -0.137873 -1.384990
v -1.208475 0.112128 -1.259041
v -1.333206 -0.137873 -1.384990
v -1.334384 -0.137873 -1.384950
v -1.208475 0.112128 -1.259041
v -1.208475 0.112128 -1.259041
v -1.334384 -0.137873 -1.384950
v -1.209634 0.112128 -1.258970
v -1.334384 -0.137873 -1.384950
v -1.335543 -0.137873 -1.384879
v -1.209634 0.112128 -1.258970
v -1.209634 0.112128 -1.258970
v -1.335543 -0.137873 -1.384879
v -1.210792 0.112128 -1.258889
v -1.335543 -0.137873 -1.384879
v -1.336701 -0.137873 -1.384799
v -1.210792 0.112128 -1.258889
v -1.210792 0.112128 -1.258889
v -1.336701 -0.137873 -1.384799
v -1.211951 0.112128 -1.258769
v -1.336701 -0.137873 -1.384799
v -1.337860 -0.137873 -1.384678
v -1.211951 0.112128 -1.258769
v -1.211951 0.112128 -1.258769
v -1.337860 -0.137873 -1.384678
v -1.213089 0.112128 -1.258628
v -1.337860 -0.137873 -1.384678
v -1.338998 -0.137873 -1.384537
v -1.213089 0.112128 -1.258628
v -1.213089 0.112128 -1.258628
v -1.338998 -0.137873 -1.384537
v -1.240003 0.062128 -1.283547
v -1.338998 -0.137873 -1.384537
v -1.340136 -0.137873 -1.384365
v -1.240003 0.062128 -1.283547
v -1.240003 0.062128 -1.283547
v -1.340136 -0.137873 -1.384365
v -1.240537 0.062128 -1.283447
v -1.340136 -0.137873 -1.384365
v -1.341264 -0.137873 -1.384174
v -1.240537 0.062128 -1.283447
v -1.240537 0.062128 -1.283447
v -1.341264 -0.137873 -1.384174
v -1.241655 0.062128 -1.283235
v -1.341264 -0.137873 -1.384174
v -1.342382 -0.137873 -1.383963
v -1.241655 0.062128 -1.283235
v -1.241655 0.062128 -1.283235
v -1.342382 -0.137873 -1.383963
v -1.242763 0.062128 -1.282994
v -1.342382 -0.137873 -1.383963
v -1.343490 -0.137873 -1.383721
v -1.242763 0.062128 -1.282994
v -1.242763 0.062128 -1.282994
v -1.343490 -0.137873 -1.383721
v -1.243861 0.062128 -1.282722
v -1.343490 -0.137873 -1.383721
v -1.344588 -0.137873 -1.383449
v -1.243861 0.062128 -1.282722
v -1.243861 0.062128 -1.282722
v -1.344588 -0.137873 -1.383449
v -1.244949 0.062128 -1.282429
v -1.344588 -0.137873 -1.383449
v -1.345676 -0.137873 -1.383157
v -1.244949 0.062128 -1.282429
v -1.244949 0.062128 -1.282429
v -1.345676 -0.137873 -1.383157
v -1.246017 0.062128 -1.282107
v -1.345676 -0.137873 -1.383157
v -1.346744 -0.137873 -1.382834
v -1.246017 0.062128 -1.282107
v -1.246017 0.062128 -1.282107
v -1.346744 -0.137873 -1.382834
v -1.247084 0.062128 -1.281765
v -1.346744 -0.137873 -1.382834
v -1.347812 -0.137873 -1.382492
v -1.247084 0.062128 -1.281765
v -1.247084 0.062128 -1.281765
v -1.347812 -0.137873 -1.382492
v -1.248132 0.062128 -1.281402
v -1.347812 -0.137873 -1.382492
v -1.348859 -0.137873 -1.382129
v -1.248132 0.062128 -1.281402
v -1.248132 0.062128 -1.281402
v -1.348859 -0.137873 -1.382129
v -1.249169 0.062128 -1.281009
v -1.348859 -0.137873 -1.382129
v -1.349897 -0.137873 -1.381736
v -1.249169 0.062128 -1.281009
v -1.249169 0.062128 -1.281009
v -1.349897 -0.137873 -1.381736
v -1.250197 0.062128 -1.280586
v -1.349897 -0.137873 -1.381736
v -1.350924 -0.137873 -1.381313
v -1.250197 0.062128 -1.280586
v -1.250197 0.062128 -1.280586
v -1.350924 -0.137873 -1.381313
v -1.251204 0.062128 -1.280143
v -1.350924 -0.137873 -1.381313
v -1.351931 -0.137873 -1.380870
v -1.251204 0.062128 -1.280143
v -1.251204 0.062128 -1.280143
v -1.351931 -0.137873 -1.380870
v -1.252201 0.062128 -1.279680
v -1.351931 -0.137873 -1.380870
v -1.352929 -0.137873 -1.380407
v -1.252201 0.062128 -1.279680
v -1.252201 0.062128 -1.279680
v -1.352929 -0.137873 -1.380407
v -1.253178 0.062128 -1.279196
v -1.352929 -0.137873 -1.380407
v -1.353916 -0.137873 -1.379923
v -1.253178 0.062128 -1.279196
v -1.253178 0.062128 -1.279196
v -1.353916 -0.137873 -1.379923
v -1.254145 0.062128 -1.278682
v -1.353916 -0.137873 -1.379923
v -1.354872 -0.137873 -1.379410
v -1.254145 0.062128 -1.278682
v -1.254145 0.062128 -1.278682
v -1.354872 -0.137873 -1.379410
v -1.255102 0.062128 -1.278148
v -1.354872 -0.137873 -1.379410
v -1.355829 -0.137873 -1.378876
v -1.255102 0.062128 -1.278148
v -1.255102 0.062128 -1.278148
v -1.355829 -0.137873 -1.378876
v -1.256039 0.062128 -1.277595
v -1.355829 -0.137873 -1.378876
v -1.356766 -0.137873 -1.378322
v -1.256039 0.062128 -1.277595
v -1.256039 0.062128 -1.277595
v -1.356766 -0.137873 -1.378322
v -1.256956 0.062128 -1.277010
v -1.356766 -0.137873 -1.378322
v -1.357683 -0.137873 -1.377738
v -1.256956 0.062128 -1.277010
v -1.256956 0.062128 -1.277010
v -1.357683 -0.137873 -1.377738
v -1.257852 0.062128 -1.276406
v -1.357683 -0.137873 -1.377738
v -1.358579 -0.137873 -1.377133
v -1.257852 0.062128 -1.276406
v -1.257852 0.062128 -1.276406
v -1.358579 -0.137873 -1.377133
v -1.258738 0.062128 -1.275781
v -1.358579 -0.137873 -1.377133
v -1.359466 -0.137873 -1.376509
v -1.258738 0.062128 -1.275781
v -1.258738 0.062128 -1.275781
v -1.359466 -0.137873 -1.376509
v -1.259605 0.062128 -1.275137
v -1.359466 -0.137873 -1.376509
v -1.360332 -0.137873 -1.375864
v -1.259605 0.062128 -1.275137
v -1.259605 0.062128 -1.275137
v -1.360332 -0.137873 -1.375864
v -1.260451 0.062128 -1.274462
v -1.360332 -0.137873 -1.375864
v -1.361178 -0.137873 -1.375189
v -1.260451 0.062128 -1.274462
v -1.260451 0.062128 -1.274462
v -1.361178 -0.137873 -1.375189
v -1.261287 0.062128 -1.273777
v -1.361178 -0.137873 -1.375189
v -1.362014 -0.137873 -1.374504
v -1.261287 0.062128 -1.273777
v -1.261287 0.062128 -1.273777
v -1.362014 -0.137873 -1.374504
v -1.262093 0.062128 -1.273062
v -1.362014 -0.137873 -1.374504
v -1.362820 -0.137873 -1.373789
v -1.262093 0.062128 -1.273062
v -1.262093 0.062128 -1.273062
v -1.362820 -0.137873 -1.373789
v -1.262888 0.062128 -1.272336
v -1.362820 -0.137873 -1.373789
v -1.363616 -0.137873 -1.373064
v -1.262888 0.062128 -1.272336
v -1.262888 0.062128 -1.272336
v -1.363616 -0.137873 -1.373064
v -1.263654 0.062128 -1.271581
v -1.363616 -0.137873 -1.373064
v -1.364381 -0.137873 -1.372308
v -1.263654 0.062128 -1.271581
v -1.263654 0.062128 -1.271581
v -1.364381 -0.137873 -1.372308
v -1.264409 0.062128 -1.270806
v -1.364381 -0.137873 -1.372308
v -1.365137 -0.137873 -1.371533
v -1.264409 0.062128 -1.270806
v -1.264409 0.062128 -1.270806
v -1.365137 -0.137873 -1.371533
v -1.265145 0.062128 -1.270020
v -1.365137 -0.137873 -1.371533
v -1.365872 -0.137873 -1.370747
v -1.265145 0.062128 -1.270020
v -1.265145 0.062128 -1.270020
v -1.365872 -0.137873 -1.370747
v -1.265850 0.062128 -1.269204
v -1.365872 -0.137873 -1.370747
v -1.366577 -0.137873 -1.369931
v -1.265850 0.062128 -1.269204
v -1.265850 0.062128 -1.269204
v -1.366577 -0.137873 -1.369931
v -1.266545 0.062128 -1.268378
v -1.366577 -0.137873 -1.369931
v -1.367272 -0.137873 -1.369105
v -1.266545 0.062128 -1.268378
v -1.266545 0.062128 -1.268378
v -1.367272 -0.137873 -1.369105
v -1.267210 0.062128 -1.267532
v -1.367272 -0.137873 -1.369105
v -1.367937 -0.137873 -1.368259
v -1.267210 0.062128 -1.267532
v -1.267210 0.062128 -1.267532
v -1.367937 -0.137873 -1.368259
v -1.267854 0.062128 -1.266666
v -1.367937 -0.137873 -1.368259
v -1.368582 -0.137873 -1.367393
v -1.267854 0.062128 -1.266666
v -1.267854 0.062128 -1.266666
v -1.368582 -0.137873 -1.367393
v -1.268479 0.062128 -1.265779
v -1.368582 -0.137873 -1.367393
v -1.369206 -0.137873 -1.366506
v -1.268479 0.062128 -1.265779
v -1.268479 0.062128 -1.265779
v -1.369206 -0.137873 -1.366506
v -1.269083 0.062128 -1.264873
v -1.369206 -0.137873 -1.366506
v -1.369810 -0.137873 -1.365600
v -1.269083 0.062128 -1.264873
v -1.269083 0.062128 -1.264873
v -1.369810 -0.137873 -1.365600
v -1.269667 0.062128 -1.263956
v -1.369810 -0.137873 -1.365600
v -1.370394 -0.137873 -1.364683
v -1.269667 0.062128 -1.263956
v -1.269667 0.062128 -1.263956
v -1.370394 -0.137873 -1.364683
v -1.270221 0.062128 -1.263019
v -1.370394 -0.137873 -1.364683
v -1.370949 -0.137873 -1.363747
v -1.270221 0.062128 -1.263019
v -1.270221 0.062128 -1.263019
v -1.370949 -0.137873 -1.363747
v -1.270755 0.062128 -1.262072
v -1.370949 -0.137873 -1.363747
v -1.371482 -0.137873 -1.362800
v -1.270755 0.062128 -1.262072
v -1.270755 0.062128 -1.262072
v -1.371482 -0.137873 -1.362800
v -1.271269 0.062128 -1.261105
v -1.371482 -0.137873 -1.362800
v -1.371996 -0.137873 -1.361833
v -1.271269 0.062128 -1.261105
v -1.271269 0.062128 -1.261105
v -1.371996 -0.137873 -1.361833
v -1.271762 0.062128 -1.260128
v -1.371996 -0.137873 -1.361833
v -1.372490 -0.137873 -1.360856
v -1.271762 0.062128 -1.260128
v -1.271762 0.062128 -1.260128
v -1.372490 -0.137873 -1.360856
v -1.272226 0.062128 -1.259131
v -1.372490 -0.137873 -1.360856
v -1.372953 -0.137873 -1.359858
v -1.272226 0.062128 -1.259131
v -1.272226 0.062128 -1.259131
v -1.372953 -0.137873 -1.359858
v -1.272669 0.062128 -1.258114
v -1.372953 -0.137873 -1.359858
v -1.373396 -0.137873 -1.358841
v -1.272669 0.062128 -1.258114
v -1.272669 0.062128 -1.258114
v -1.373396 -0.137873 -1.358841
v -1.273082 0.062128 -1.257097
v -1.373396 -0.137873 -1.358841
v -1.373809 -0.137873 -1.357824
v -1.273082 0.062128 -1.257097
v -1.273082 0.062128 -1.257097
v -1.373809 -0.137873 -1.357824
v -1.273475 0.062128 -1.256059
v -1.373809 -0.137873 -1.357824
v -1.374202 -0.137873 -1.356786
v -1.273475 0.062128 -1.256059
v -1.273475 0.062128 -1.256059
v -1.374202 -0.137873 -1.356786
v -1.273837 0.062128 -1.255001
v -1.374202 -0.137873 -1.356786
v -1.374565 -0.137873 -1.355729
v -1.273837 0.062128 -1.255001
v -1.273837 0.062128 -1.255001
v -1.374565 -0.137873 -1.355729
v -1.274180 0.062128 -1.253944
v -1.374565 -0.137873 -1.355729
v -1.374907 -0.137873 -1.354671
v -1.274180 0.062128 -1.253944
v -1.274180 0.062128 -1.253944
v -1.374907 -0.137873 -1.354671
v -1.274502 0.062128 -1.252866
v -1.374907 -0.137873 -1.354671
v -1.375229 -0.137873 -1.353593
v -1.274502 0.062128 -1.252866
v -1.274502 0.062128 -1.252866
v -1.375229 -0.137873 -1.353593
v -1.274794 0.062128 -1.251778
v -1.375229 -0.137873 -1.353593
v -1.375522 -0.137873 -1.352505
v -1.274794 0.062128 -1.251778
v -1.274794 0.062128 -1.251778
v -1.375522 -0.137873 -1.352505
v -1.275066 0.062128 -1.250680
v -1.375522 -0.137873 -1.352505
v -1.375793 -0.137873 -1.351407
v -1.275066 0.062128 -1.250680
v -1.275066 0.062128 -1.250680
v -1.375793 -0.137873 -1.351407
v -1.275308 0.062128 -1.249572
v -1.375793 -0.137873 -1.351407
v -1.376035 -0.137873 -1.350299
v -1.275308 0.062128 -1.249572
v -1.275308 0.062128 -1.249572
v -1.376035 -0.137873 -1.350299
v -1.275530 0.062128 -1.248454
v -1.376609 -0.137873 -1.346925
v -1.275620 0.062128 -1.247930
v -1.376448 -0.137873 -1.348063
v -1.275620 0.062128 -1.247930
v -1.275530 0.062128 -1.248454
v -1.376448 -0.137873 -1.348063
v -1.376448 -0.137873 -1.348063
v -1.275530 0.062128 -1.248454
v -1.376257 -0.137873 -1.349191
v -1.275530 0.062128 -1.248454
v -1.376035 -0.137873 -1.350299
v -1.376257 -0.137873 -1.349191
v -1.377073 -0.137873 -1.339955
v -1.251164 0.112128 -1.214046
v -1.377063 -0.137873 -1.341133
v -1.251164 0.112128 -1.214046
v -1.251154 0.112128 -1.215224
v -1.377063 -0.137873 -1.341133
v -1.377063 -0.137873 -1.341133
v -1.251154 0.112128 -1.215224
v -1.377022 -0.137873 -1.342302
v -1.251154 0.112128 -1.215224
v -1.251113 0.112128 -1.216393
v -1.377022 -0.137873 -1.342302
v -1.377022 -0.137873 -1.342302
v -1.251113 0.112128 -1.216393
v -1.376962 -0.137873 -1.343470
v -1.251113 0.112128 -1.216393
v -1.251053 0.112128 -1.217561
v -1.376962 -0.137873 -1.343470
v -1.376962 -0.137873 -1.343470
v -1.251053 0.112128 -1.217561
v -1.376871 -0.137873 -1.344629
v -1.251053 0.112128 -1.217561
v -1.250962 0.112128 -1.218719
v -1.376871 -0.137873 -1.344629
v -1.376871 -0.137873 -1.344629
v -1.250962 0.112128 -1.218719
v -1.376750 -0.137873 -1.345777
v -1.250962 0.112128 -1.218719
v -1.250841 0.112128 -1.219868
v -1.376750 -0.137873 -1.345777
v -1.376750 -0.137873 -1.345777
v -1.250841 0.112128 -1.219868
v -1.376609 -0.137873 -1.346925
v -1.250841 0.112128 -1.219868
v -1.250700 0.112128 -1.221016
v -1.376609 -0.137873 -1.346925
v -1.376609 -0.137873 -1.346925
v -1.250700 0.112128 -1.221016
v -1.275620 0.062128 -1.247930
v -1.250700 0.112128 -1.221016
v -1.250438 0.112128 -1.222749
v -1.275620 0.062128 -1.247930
v 1.291465 0.062128 -1.247930
v 1.266283 0.112128 -1.222749
v 1.266555 0.112128 -1.221016
v 1.267018 0.112128 -1.214046
v 1.392927 -0.137872 -1.339955
v 1.266998 0.112128 -1.215224
v 1.392927 -0.137872 -1.339955
v 1.392907 -0.137872 -1.341133
v 1.266998 0.112128 -1.215224
v 1.266998 0.112128 -1.215224
v 1.392907 -0.137872 -1.341133
v 1.266968 0.112128 -1.216393
v 1.392907 -0.137872 -1.341133
v 1.392877 -0.137872 -1.342302
v 1.266968 0.112128 -1.216393
v 1.266968 0.112128 -1.216393
v 1.392877 -0.137872 -1.342302
v 1.266897 0.112128 -1.217561
v 1.392877 -0.137872 -1.342302
v 1.392806 -0.137872 -1.343470
v 1.266897 0.112128 -1.217561
v 1.266897 0.112128 -1.217561
v 1.392806 -0.137872 -1.343470
v 1.266807 0.112128 -1.218719
v 1.392806 -0.137872 -1.343470
v 1.392716 -0.137872 -1.344629
v 1.266807 0.112128 -1.218719
v 1.266807 0.112128 -1.218719
v 1.392716 -0.137872 -1.344629
v 1.266696 0.112128 -1.219868
v 1.392716 -0.137872 -1.344629
v 1.392605 -0.137872 -1.345777
v 1.266696 0.112128 -1.219868
v 1.266696 0.112128 -1.219868
v 1.392605 -0.137872 -1.345777
v 1.266555 0.112128 -1.221016
v 1.392605 -0.137872 -1.345777
v 1.392464 -0.137872 -1.346925
v 1.266555 0.112128 -1.221016
v 1.266555 0.112128 -1.221016
v 1.392464 -0.137872 -1.346925
v 1.291465 0.062128 -1.247930
v 1.392464 -0.137872 -1.346925
v 1.392293 -0.137872 -1.348063
v 1.291465 0.062128 -1.247930
v 1.291465 0.062128 -1.247930
v 1.392293 -0.137872 -1.348063
v 1.291374 0.062128 -1.248464
v 1.392293 -0.137872 -1.348063
v 1.392101 -0.137872 -1.349191
v 1.291374 0.062128 -1.248464
v 1.291374 0.062128 -1.248464
v 1.392101 -0.137872 -1.349191
v 1.291152 0.062128 -1.249572
v 1.392101 -0.137872 -1.349191
v 1.391880 -0.137872 -1.350309
v 1.291152 0.062128 -1.249572
v 1.291152 0.062128 -1.249572
v 1.391880 -0.137872 -1.350309
v 1.290911 0.062128 -1.250680
v 1.391880 -0.137872 -1.350309
v 1.391638 -0.137872 -1.351407
v 1.290911 0.062128 -1.250680
v 1.290911 0.062128 -1.250680
v 1.391638 -0.137872 -1.351407
v 1.290649 0.062128 -1.251778
v 1.391638 -0.137872 -1.351407
v 1.391376 -0.137872 -1.352505
v 1.290649 0.062128 -1.251778
v 1.290649 0.062128 -1.251778
v 1.391376 -0.137872 -1.352505
v 1.290347 0.062128 -1.252866
v 1.391376 -0.137872 -1.352505
v 1.391074 -0.137872 -1.353593
v 1.290347 0.062128 -1.252866
v 1.290347 0.062128 -1.252866
v 1.391074 -0.137872 -1.353593
v 1.290034 0.062128 -1.253944
v 1.391074 -0.137872 -1.353593
v 1.390762 -0.137872 -1.354671
v 1.290034 0.062128 -1.253944
v 1.290034 0.062128 -1.253944
v 1.390762 -0.137872 -1.354671
v 1.289692 0.062128 -1.255001
v 1.390762 -0.137872 -1.354671
v 1.390419 -0.137872 -1.355729
v 1.289692 0.062128 -1.255001
v 1.289692 0.062128 -1.255001
v 1.390419 -0.137872 -1.355729
v 1.289319 0.062128 -1.256059
v 1.390419 -0.137872 -1.355729
v 1.390046 -0.137872 -1.356786
v 1.289319 0.062128 -1.256059
v 1.289319 0.062128 -1.256059
v 1.390046 -0.137872 -1.356786
v 1.288926 0.062128 -1.257097
v 1.390046 -0.137872 -1.356786
v 1.389654 -0.137872 -1.357824
v 1.288926 0.062128 -1.257097
v 1.288926 0.062128 -1.257097
v 1.389654 -0.137872 -1.357824
v 1.288513 0.062128 -1.258114
v 1.389654 -0.137872 -1.357824
v 1.389241 -0.137872 -1.358841
v 1.288513 0.062128 -1.258114
v 1.288513 0.062128 -1.258114
v 1.389241 -0.137872 -1.358841
v 1.288070 0.062128 -1.259131
v 1.389241 -0.137872 -1.358841
v 1.388797 -0.137872 -1.359858
v 1.288070 0.062128 -1.259131
v 1.288070 0.062128 -1.259131
v 1.388797 -0.137872 -1.359858
v 1.287607 0.062128 -1.260128
v 1.388797 -0.137872 -1.359858
v 1.388334 -0.137872 -1.360856
v 1.287607 0.062128 -1.260128
v 1.287607 0.062128 -1.260128
v 1.388334 -0.137872 -1.360856
v 1.287123 0.062128 -1.261105
v 1.388334 -0.137872 -1.360856
v 1.387851 -0.137872 -1.361833
v 1.287123 0.062128 -1.261105
v 1.287123 0.062128 -1.261105
v 1.387851 -0.137872 -1.361833
v 1.286610 0.062128 -1.262072
v 1.387851 -0.137872 -1.361833
v 1.387337 -0.137872 -1.362800
v 1.286610 0.062128 -1.262072
v 1.286610 0.062128 -1.262072
v 1.387337 -0.137872 -1.362800
v 1.286076 0.062128 -1.263019
v 1.387337 -0.137872 -1.362800
v 1.386803 -0.137872 -1.363747
v 1.286076 0.062128 -1.263019
v 1.286076 0.062128 -1.263019
v 1.386803 -0.137872 -1.363747
v 1.285512 0.062128 -1.263956
v 1.386803 -0.137872 -1.363747
v 1.386239 -0.137872 -1.364683
v 1.285512 0.062128 -1.263956
v 1.285512 0.062128 -1.263956
v 1.386239 -0.137872 -1.364683
v 1.284938 0.062128 -1.264873
v 1.386239 -0.137872 -1.364683
v 1.385665 -0.137872 -1.365600
v 1.284938 0.062128 -1.264873
v 1.284938 0.062128 -1.264873
v 1.385665 -0.137872 -1.365600
v 1.284333 0.062128 -1.265779
v 1.385665 -0.137872 -1.365600
v 1.385060 -0.137872 -1.366506
v 1.284333 0.062128 -1.265779
v 1.284333 0.062128 -1.265779
v 1.385060 -0.137872 -1.366506
v 1.283709 0.062128 -1.266666
v 1.385060 -0.137872 -1.366506
v 1.384436 -0.137872 -1.367393
v 1.283709 0.062128 -1.266666
v 1.283709 0.062128 -1.266666
v 1.384436 -0.137872 -1.367393
v 1.283054 0.062128 -1.267532
v 1.384436 -0.137872 -1.367393
v 1.383781 -0.137872 -1.368259
v 1.283054 0.062128 -1.267532
v 1.283054 0.062128 -1.267532
v 1.383781 -0.137872 -1.368259
v 1.282389 0.062128 -1.268378
v 1.383781 -0.137872 -1.368259
v 1.383116 -0.137872 -1.369105
v 1.282389 0.062128 -1.268378
v 1.282389 0.062128 -1.268378
v 1.383116 -0.137872 -1.369105
v 1.281704 0.062128 -1.269204
v 1.383116 -0.137872 -1.369105
v 1.382431 -0.137872 -1.369931
v 1.281704 0.062128 -1.269204
v 1.281704 0.062128 -1.269204
v 1.382431 -0.137872 -1.369931
v 1.280989 0.062128 -1.270020
v 1.382431 -0.137872 -1.369931
v 1.381716 -0.137872 -1.370747
v 1.280989 0.062128 -1.270020
v 1.280989 0.062128 -1.270020
v 1.381716 -0.137872 -1.370747
v 1.280254 0.062128 -1.270806
v 1.381716 -0.137872 -1.370747
v 1.380981 -0.137872 -1.371533
v 1.280254 0.062128 -1.270806
v 1.280254 0.062128 -1.270806
v 1.380981 -0.137872 -1.371533
v 1.279508 0.062128 -1.271581
v 1.380981 -0.137872 -1.371533
v 1.380236 -0.137872 -1.372308
v 1.279508 0.062128 -1.271581
v 1.279508 0.062128 -1.271581
v 1.380236 -0.137872 -1.372308
v 1.278733 0.062128 -1.272336
v 1.380236 -0.137872 -1.372308
v 1.379460 -0.137872 -1.373064
v 1.278733 0.062128 -1.272336
v 1.278733 0.062128 -1.272336
v 1.379460 -0.137872 -1.373064
v 1.277937 0.062128 -1.273062
v 1.379460 -0.137872 -1.373064
v 1.378664 -0.137872 -1.373789
v 1.277937 0.062128 -1.273062
v 1.277937 0.062128 -1.273062
v 1.378664 -0.137872 -1.373789
v 1.277131 0.062128 -1.273777
v 1.378664 -0.137872 -1.373789
v 1.377858 -0.137872 -1.374504
v 1.277131 0.062128 -1.273777
v 1.277131 0.062128 -1.273777
v 1.377858 -0.137872 -1.374504
v 1.276305 0.062128 -1.274462
v 1.377858 -0.137872 -1.374504
v 1.377032 -0.137872 -1.375189
v 1.276305 0.062128 -1.274462
v 1.276305 0.062128 -1.274462
v 1.377032 -0.137872 -1.375189
v 1.275449 0.062128 -1.275137
v 1.377032 -0.137872 -1.375189
v 1.376176 -0.137872 -1.375864
v 1.275449 0.062128 -1.275137
v 1.275449 0.062128 -1.275137
v 1.376176 -0.137872 -1.375864
v 1.274583 0.062128 -1.275781
v 1.376176 -0.137872 -1.375864
v 1.375310 -0.137872 -1.376509
v 1.274583 0.062128 -1.275781
v 1.274583 0.062128 -1.275781
v 1.375310 -0.137872 -1.376509
v 1.273706 0.062128 -1.276406
v 1.375310 -0.137872 -1.376509
v 1.374434 -0.137872 -1.377133
v 1.273706 0.062128 -1.276406
v 1.273706 0.062128 -1.276406
v 1.374434 -0.137872 -1.377133
v 1.272800 0.062128 -1.277010
v 1.374434 -0.137872 -1.377133
v 1.373527 -0.137872 -1.377738
v 1.272800 0.062128 -1.277010
v 1.272800 0.062128 -1.277010
v 1.373527 -0.137872 -1.377738
v 1.271883 0.062128 -1.277595
v 1.373527 -0.137872 -1.377738
v 1.372611 -0.137872 -1.378322
v 1.271883 0.062128 -1.277595
v 1.271883 0.062128 -1.277595
v 1.372611 -0.137872 -1.378322
v 1.270947 0.062128 -1.278148
v 1.372611 -0.137872 -1.378322
v 1.371674 -0.137872 -1.378876
v 1.270947 0.062128 -1.278148
v 1.270947 0.062128 -1.278148
v 1.371674 -0.137872 -1.378876
v 1.270000 0.062128 -1.278682
v 1.371674 -0.137872 -1.378876
v 1.370727 -0.137872 -1.379410
v 1.270000 0.062128 -1.278682
v 1.270000 0.062128 -1.278682
v 1.370727 -0.137872 -1.379410
v 1.269033 0.062128 -1.279196
v 1.370727 -0.137872 -1.379410
v 1.369760 -0.137872 -1.379923
v 1.269033 0.062128 -1.279196
v 1.269033 0.062128 -1.279196
v 1.369760 -0.137872 -1.379923
v 1.268046 0.062128 -1.279680
v 1.369760 -0.137872 -1.379923
v 1.368773 -0.137872 -1.380407
v 1.268046 0.062128 -1.279680
v 1.268046 0.062128 -1.279680
v 1.368773 -0.137872 -1.380407
v 1.267048 0.062128 -1.280143
v 1.368773 -0.137872 -1.380407
v 1.367776 -0.137872 -1.380870
v 1.267048 0.062128 -1.280143
v 1.267048 0.062128 -1.280143
v 1.367776 -0.137872 -1.380870
v 1.266041 0.062128 -1.280586
v 1.367776 -0.137872 -1.380870
v 1.366768 -0.137872 -1.381313
v 1.266041 0.062128 -1.280586
v 1.266041 0.062128 -1.280586
v 1.366768 -0.137872 -1.381313
v 1.265014 0.062128 -1.281009
v 1.366768 -0.137872 -1.381313
v 1.365741 -0.137872 -1.381736
v 1.265014 0.062128 -1.281009
v 1.265014 0.062128 -1.281009
v 1.365741 -0.137872 -1.381736
v 1.263976 0.062128 -1.281402
v 1.365741 -0.137872 -1.381736
v 1.364704 -0.137872 -1.382129
v 1.263976 0.062128 -1.281402
v 1.263976 0.062128 -1.281402
v 1.364704 -0.137872 -1.382129
v 1.262929 0.062128 -1.281765
v 1.364704 -0.137872 -1.382129
v 1.363656 -0.137872 -1.382492
v 1.262929 0.062128 -1.281765
v 1.262929 0.062128 -1.281765
v 1.363656 -0.137872 -1.382492
v 1.261871 0.062128 -1.282107
v 1.363656 -0.137872 -1.382492
v 1.362598 -0.137872 -1.382834
v 1.261871 0.062128 -1.282107
v 1.261871 0.062128 -1.282107
v 1.362598 -0.137872 -1.382834
v 1.260793 0.062128 -1.282429
v 1.362598 -0.137872 -1.382834
v 1.361521 -0.137872 -1.383157
v 1.260793 0.062128 -1.282429
v 1.260793 0.062128 -1.282429
v 1.361521 -0.137872 -1.383157
v 1.259705 0.062128 -1.282722
v 1.361521 -0.137872 -1.383157
v 1.360433 -0.137872 -1.383449
v 1.259705 0.062128 -1.282722
v 1.259705 0.062128 -1.282722
v 1.360433 -0.137872 -1.383449
v 1.258607 0.062128 -1.282994
v 1.360433 -0.137872 -1.383449
v 1.359335 -0.137872 -1.383721
v 1.258607 0.062128 -1.282994
v 1.258607 0.062128 -1.282994
v 1.359335 -0.137872 -1.383721
v 1.257499 0.062128 -1.283235
v 1.359335 -0.137872 -1.383721
v 1.358227 -0.137872 -1.383963
v 1.257499 0.062128 -1.283235
v 1.257499 0.062128 -1.283235
v 1.358227 -0.137872 -1.383963
v 1.256381 0.062128 -1.283447
v 1.354852 -0.137872 -1.384537
v 1.255858 0.062128 -1.283547
v 1.355980 -0.137872 -1.384365
v 1.255858 0.062128 -1.283547
v 1.256381 0.062128 -1.283447
v 1.355980 -0.137872 -1.384365
v 1.355980 -0.137872 -1.384365
v 1.256381 0.062128 -1.283447
v 1.357109 -0.137872 -1.384174
v 1.256381 0.062128 -1.283447
v 1.358227 -0.137872 -1.383963
v 1.357109 -0.137872 -1.384174
v 1.347882 -0.137872 -1.385000
v 1.221973 0.112128 -1.259091
v 1.349051 -0.137872 -1.384990
v 1.221973 0.112128 -1.259091
v 1.223141 0.112128 -1.259081
v 1.349051 -0.137872 -1.384990
v 1.349051 -0.137872 -1.384990
v 1.223141 0.112128 -1.259081
v 1.350229 -0.137872 -1.384950
v 1.223141 0.112128 -1.259081
v 1.224320 0.112128 -1.259041
v 1.350229 -0.137872 -1.384950
v 1.350229 -0.137872 -1.384950
v 1.224320 0.112128 -1.259041
v 1.351397 -0.137872 -1.384879
v 1.224320 0.112128 -1.259041
v 1.225488 0.112128 -1.258970
v 1.351397 -0.137872 -1.384879
v 1.351397 -0.137872 -1.384879
v 1.225488 0.112128 -1.258970
v 1.352556 -0.137872 -1.384799
v 1.225488 0.112128 -1.258970
v 1.226647 0.112128 -1.258889
v 1.352556 -0.137872 -1.384799
v 1.352556 -0.137872 -1.384799
v 1.226647 0.112128 -1.258889
v 1.353704 -0.137872 -1.384678
v 1.226647 0.112128 -1.258889
v 1.227795 0.112128 -1.258769
v 1.353704 -0.137872 -1.384678
v 1.353704 -0.137872 -1.384678
v 1.227795 0.112128 -1.258769
v 1.354852 -0.137872 -1.384537
v 1.227795 0.112128 -1.258769
v 1.228943 0.112128 -1.258628
v 1.354852 -0.137872 -1.384537
v 1.354852 -0.137872 -1.384537
v 1.228943 0.112128 -1.258628
v 1.255858 0.062128 -1.283547
v 1.228943 0.112128 -1.258628
v 1.230676 0.112128 -1.258366
v 1.255858 0.062128 -1.283547
v -1.275620 0.062127 1.247930
v -1.250438 0.112128 1.222749
v -1.250700 0.112128 1.221016
v -1.251164 0.112128 1.214046
v -1.377073 -0.137873 1.339955
v -1.251154 0.112128 1.215224
v -1.377073 -0.137873 1.339955
v -1.377063 -0.137873 1.341133
v -1.251154 0.112128 1.215224
v -1.251154 0.112128 1.215224
v -1.377063 -0.137873 1.341133
v -1.251113 0.112128 1.216393
v -1.377063 -0.137873 1.341133
v -1.377022 -0.137873 1.342302
v -1.251113 0.112128 1.216393
v -1.251113 0.112128 1.216393
v -1.377022 -0.137873 1.342302
v -1.251053 0.112128 1.217561
v -1.377022 -0.137873 1.342302
v -1.376962 -0.137873 1.343470
v -1.251053 0.112128 1.217561
v -1.251053 0.112128 1.217561
v -1.376962 -0.137873 1.343470
v -1.250962 0.112128 1.218719
v -1.376962 -0.137873 1.343470
v -1.376871 -0.137873 1.344629
v -1.250962 0.112128 1.218719
v -1.250962 0.112128 1.218719
v -1.376871 -0.137873 1.344629
v -1.250841 0.112128 1.219868
v -1.376871 -0.137873 1.344629
v -1.376750 -0.137873 1.345777
v -1.250841 0.112128 1.219868
v -1.250841 0.112128 1.219868
v -1.376750 -0.137873 1.345777
v -1.250700 0.112128 1.221016
v -1.376750 -0.137873 1.345777
v -1.376609 -0.137873 1.346925
v -1.250700 0.112128 1.221016
v -1.250700 0.112128 1.221016
v -1.376609 -0.137873 1.346925
v -1.275620 0.062127 1.247930
v -1.376609 -0.137873 1.346925
v -1.376448 -0.137873 1.348063
v -1.275620 0.062127 1.247930
v -1.275620 0.062127 1.247930
v -1.376448 -0.137873 1.348063
v -1.275530 0.062127 1.248464
v -1.376448 -0.137873 1.348063
v -1.376257 -0.137873 1.349191
v -1.275530 0.062127 1.248464
v -1.275530 0.062127 1.248464
v -1.376257 -0.137873 1.349191
v -1.275308 0.062127 1.249582
v -1.376257 -0.137873 1.349191
v -1.376035 -0.137873 1.350309
v -1.275308 0.062127 1.249582
v -1.275308 0.062127 1.249582
v -1.376035 -0.137873 1.350309
v -1.275066 0.062127 1.250680
v -1.376035 -0.137873 1.350309
v -1.375793 -0.137873 1.351418
v -1.275066 0.062127 1.250680
v -1.275066 0.062127 1.250680
v -1.375793 -0.137873 1.351418
v -1.274794 0.062127 1.251778
v -1.375793 -0.137873 1.351418
v -1.375522 -0.137873 1.352505
v -1.274794 0.062127 1.251778
v -1.274794 0.062127 1.251778
v -1.375522 -0.137873 1.352505
v -1.274502 0.062127 1.252866
v -1.375522 -0.137873 1.352505
v -1.375229 -0.137873 1.353593
v -1.274502 0.062127 1.252866
v -1.274502 0.062127 1.252866
v -1.375229 -0.137873 1.353593
v -1.274180 0.062127 1.253944
v -1.375229 -0.137873 1.353593
v -1.374907 -0.137873 1.354671
v -1.274180 0.062127 1.253944
v -1.274180 0.062127 1.253944
v -1.374907 -0.137873 1.354671
v -1.273837 0.062127 1.255001
v -1.374907 -0.137873 1.354671
v -1.374565 -0.137873 1.355739
v -1.273837 0.062127 1.255001
v -1.273837 0.062127 1.255001
v -1.374565 -0.137873 1.355739
v -1.273475 0.062127 1.256059
v -1.374565 -0.137873 1.355739
v -1.374202 -0.137873 1.356786
v -1.273475 0.062127 1.256059
v -1.273475 0.062127 1.256059
v -1.374202 -0.137873 1.356786
v -1.273082 0.062127 1.257097
v -1.374202 -0.137873 1.356786
v -1.373809 -0.137873 1.357824
v -1.273082 0.062127 1.257097
v -1.273082 0.062127 1.257097
v -1.373809 -0.137873 1.357824
v -1.272669 0.062127 1.258114
v -1.373809 -0.137873 1.357824
v -1.373396 -0.137873 1.358851
v -1.272669 0.062127 1.258114
v -1.272669 0.062127 1.258114
v -1.373396 -0.137873 1.358851
v -1.272226 0.062127 1.259131
v -1.373396 -0.137873 1.358851
v -1.372953 -0.137873 1.359858
v -1.272226 0.062127 1.259131
v -1.272226 0.062127 1.259131
v -1.372953 -0.137873 1.359858
v -1.271762 0.062127 1.260128
v -1.372953 -0.137873 1.359858
v -1.372490 -0.137873 1.360856
v -1.271762 0.062127 1.260128
v -1.271762 0.062127 1.260128
v -1.372490 -0.137873 1.360856
v -1.271269 0.062127 1.261105
v -1.372490 -0.137873 1.360856
v -1.371996 -0.137873 1.361833
v -1.271269 0.062127 1.261105
v -1.271269 0.062127 1.261105
v -1.371996 -0.137873 1.361833
v -1.270755 0.062127 1.262072
v -1.371996 -0.137873 1.361833
v -1.371482 -0.137873 1.362800
v -1.270755 0.062127 1.262072
v -1.270755 0.062127 1.262072
v -1.371482 -0.137873 1.362800
v -1.270221 0.062127 1.263029
v -1.371482 -0.137873 1.362800
v -1.370949 -0.137873 1.363757
v -1.270221 0.062127 1.263029
v -1.270221 0.062127 1.263029
v -1.370949 -0.137873 1.363757
v -1.269667 0.062127 1.263956
v -1.370949 -0.137873 1.363757
v -1.370394 -0.137873 1.364683
v -1.269667 0.062127 1.263956
v -1.269667 0.062127 1.263956
v -1.370394 -0.137873 1.364683
v -1.269083 0.062127 1.264873
v -1.370394 -0.137873 1.364683
v -1.369810 -0.137873 1.365600
v -1.269083 0.062127 1.264873
v -1.269083 0.062127 1.264873
v -1.369810 -0.137873 1.365600
v -1.268479 0.062127 1.265779
v -1.369810 -0.137873 1.365600
v -1.369206 -0.137873 1.366506
v -1.268479 0.062127 1.265779
v -1.268479 0.062127 1.265779
v -1.369206 -0.137873 1.366506
v -1.267854 0.062127 1.266666
v -1.369206 -0.137873 1.366506
v -1.368582 -0.137873 1.367393
v -1.267854 0.062127 1.266666
v -1.267854 0.062127 1.266666
v -1.368582 -0.137873 1.367393
v -1.267210 0.062127 1.267532
v -1.368582 -0.137873 1.367393
v -1.367937 -0.137873 1.368259
v -1.267210 0.062127 1.267532
v -1.267210 0.062127 1.267532
v -1.367937 -0.137873 1.368259
v -1.266545 0.062127 1.268378
v -1.367937 -0.137873 1.368259
v -1.367272 -0.137873 1.369105
v -1.266545 0.062127 1.268378
v -1.266545 0.062127 1.268378
v -1.367272 -0.137873 1.369105
v -1.265850 0.062127 1.269204
v -1.367272 -0.137873 1.369105
v -1.366577 -0.137873 1.369931
v -1.265850 0.062127 1.269204
v -1.265850 0.062127 1.269204
v -1.366577 -0.137873 1.369931
v -1.265145 0.062127 1.270020
v -1.366577 -0.137873 1.369931
v -1.365872 -0.137873 1.370747
v -1.265145 0.062127 1.270020
v -1.265145 0.062127 1.270020
v -1.365872 -0.137873 1.370747
v -1.264409 0.062127 1.270806
v -1.365872 -0.137873 1.370747
v -1.365137 -0.137873 1.371533
v -1.264409 0.062127 1.270806
v -1.264409 0.062127 1.270806
v -1.365137 -0.137873 1.371533
v -1.263654 0.062127 1.271581
v -1.365137 -0.137873 1.371533
v -1.364381 -0.137873 1.372308
v -1.263654 0.062127 1.271581
v -1.263654 0.062127 1.271581
v -1.364381 -0.137873 1.372308
v -1.262888 0.062127 1.272336
v -1.364381 -0.137873 1.372308
v -1.363616 -0.137873 1.373064
v -1.262888 0.062127 1.272336
v -1.262888 0.062127 1.272336
v -1.363616 -0.137873 1.373064
v -1.262093 0.062127 1.273062
v -1.363616 -0.137873 1.373064
v -1.362820 -0.137873 1.373789
v -1.262093 0.062127 1.273062
v -1.262093 0.062127 1.273062
v -1.362820 -0.137873 1.373789
v -1.261287 0.062127 1.273777
v -1.362820 -0.137873 1.373789
v -1.362014 -0.137873 1.374504
v -1.261287 0.062127 1.273777
v -1.261287 0.062127 1.273777
v -1.362014 -0.137873 1.374504
v -1.260451 0.062127 1.274462
v -1.362014 -0.137873 1.374504
v -1.361178 -0.137873 1.375189
v -1.260451 0.062127 1.274462
v -1.260451 0.062127 1.274462
v -1.361178 -0.137873 1.375189
v -1.259605 0.062127 1.275137
v -1.361178 -0.137873 1.375189
v -1.360332 -0.137873 1.375864
v -1.259605 0.062127 1.275137
v -1.259605 0.062127 1.275137
v -1.360332 -0.137873 1.375864
v -1.258738 0.062127 1.275781
v -1.360332 -0.137873 1.375864
v -1.359466 -0.137873 1.376509
v -1.258738 0.062127 1.275781
v -1.258738 0.062127 1.275781
v -1.359466 -0.137873 1.376509
v -1.257852 0.062127 1.276406
v -1.359466 -0.137873 1.376509
v -1.358579 -0.137873 1.377133
v -1.257852 0.062127 1.276406
v -1.257852 0.062127 1.276406
v -1.358579 -0.137873 1.377133
v -1.256956 0.062127 1.277010
v -1.358579 -0.137873 1.377133
v -1.357683 -0.137873 1.377738
v -1.256956 0.062127 1.277010
v -1.256956 0.062127 1.277010
v -1.357683 -0.137873 1.377738
v -1.256039 0.062127 1.277595
v -1.357683 -0.137873 1.377738
v -1.356766 -0.137873 1.378322
v -1.256039 0.062127 1.277595
v -1.256039 0.062127 1.277595
v -1.356766 -0.137873 1.378322
v -1.255102 0.062127 1.278148
v -1.356766 -0.137873 1.378322
v -1.355829 -0.137873 1.378876
v -1.255102 0.062127 1.278148
v -1.255102 0.062127 1.278148
v -1.355829 -0.137873 1.378876
v -1.254145 0.062127 1.278682
v -1.355829 -0.137873 1.378876
v -1.354872 -0.137873 1.379410
v -1.254145 0.062127 1.278682
v -1.254145 0.062127 1.278682
v -1.354872 -0.137873 1.379410
v -1.253178 0.062127 1.279196
v -1.354872 -0.137873 1.379410
v -1.353906 -0.137873 1.379923
v -1.253178 0.062127 1.279196
v -1.253178 0.062127 1.279196
v -1.353906 -0.137873 1.379923
v -1.252201 0.062127 1.279680
v -1.353906 -0.137873 1.379923
v -1.352929 -0.137873 1.380407
v -1.252201 0.062127 1.279680
v -1.252201 0.062127 1.279680
v -1.352929 -0.137873 1.380407
v -1.251204 0.062127 1.280153
v -1.352929 -0.137873 1.380407
v -1.351931 -0.137873 1.380880
v -1.251204 0.062127 1.280153
v -1.251204 0.062127 1.280153
v -1.351931 -0.137873 1.380880
v -1.250197 0.062127 1.280586
v -1.351931 -0.137873 1.380880
v -1.350924 -0.137873 1.381313
v -1.250197 0.062127 1.280586
v -1.250197 0.062127 1.280586
v -1.350924 -0.137873 1.381313
v -1.249169 0.062127 1.281009
v -1.350924 -0.137873 1.381313
v -1.349897 -0.137873 1.381736
v -1.249169 0.062127 1.281009
v -1.249169 0.062127 1.281009
v -1.349897 -0.137873 1.381736
v -1.248132 0.062127 1.281402
v -1.349897 -0.137873 1.381736
v -1.348859 -0.137873 1.382129
v -1.248132 0.062127 1.281402
v -1.248132 0.062127 1.281402
v -1.348859 -0.137873 1.382129
v -1.247084 0.062127 1.281765
v -1.348859 -0.137873 1.382129
v -1.347812 -0.137873 1.382492
v -1.247084 0.062127 1.281765
v -1.247084 0.062127 1.281765
v -1.347812 -0.137873 1.382492
v -1.246017 0.062127 1.282107
v -1.347812 -0.137873 1.382492
v -1.346744 -0.137873 1.382834
v -1.246017 0.062127 1.282107
v -1.246017 0.062127 1.282107
v -1.346744 -0.137873 1.382834
v -1.244949 0.062127 1.282429
v -1.346744 -0.137873 1.382834
v -1.345676 -0.137873 1.383157
v -1.244949 0.062127 1.282429
v -1.244949 0.062127 1.282429
v -1.345676 -0.137873 1.383157
v -1.243861 0.062127 1.282722
v -1.345676 -0.137873 1.383157
v -1.344588 -0.137873 1.383449
v -1.243861 0.062127 1.282722
v -1.243861 0.062127 1.282722
v -1.344588 -0.137873 1.383449
v -1.242763 0.062127 1.282994
v -1.344588 -0.137873 1.383449
v -1.343490 -0.137873 1.383721
v -1.242763 0.062127 1.282994
v -1.242763 0.062127 1.282994
v -1.343490 -0.137873 1.383721
v -1.241655 0.062127 1.283235
v -1.343490 -0.137873 1.383721
v -1.342382 -0.137873 1.383963
v -1.241655 0.062127 1.283235
v -1.241655 0.062127 1.283235
v -1.342382 -0.137873 1.383963
v -1.240537 0.062127 1.283447
v -1.338998 -0.137873 1.384537
v -1.240003 0.062127 1.283547
v -1.340136 -0.137873 1.384365
v -1.240003 0.062127 1.283547
v -1.240537 0.062127 1.283447
v -1.340136 -0.137873 1.384365
v -1.340136 -0.137873 1.384365
v -1.240537 0.062127 1.283447
v -1.341264 -0.137873 1.384174
v -1.240537 0.062127 1.283447
v -1.342382 -0.137873 1.383963
v -1.341264 -0.137873 1.384174
v -1.332028 -0.137873 1.385000
v -1.206118 0.112128 1.259091
v -1.333206 -0.137873 1.384990
v -1.206118 0.112128 1.259091
v -1.207297 0.112128 1.259081
v -1.333206 -0.137873 1.384990
v -1.333206 -0.137873 1.384990
v -1.207297 0.112128 1.259081
v -1.334384 -0.137873 1.384950
v -1.207297 0.112128 1.259081
v -1.208475 0.112128 1.259041
v -1.334384 -0.137873 1.384950
v -1.334384 -0.137873 1.384950
v -1.208475 0.112128 1.259041
v -1.335543 -0.137873 1.384889
v -1.208475 0.112128 1.259041
v -1.209634 0.112128 1.258980
v -1.335543 -0.137873 1.384889
v -1.335543 -0.137873 1.384889
v -1.209634 0.112128 1.258980
v -1.336701 -0.137873 1.384799
v -1.209634 0.112128 1.258980
v -1.210792 0.112128 1.258889
v -1.336701 -0.137873 1.384799
v -1.336701 -0.137873 1.384799
v -1.210792 0.112128 1.258889
v -1.337860 -0.137873 1.384678
v -1.210792 0.112128 1.258889
v -1.211951 0.112128 1.258769
v -1.337860 -0.137873 1.384678
v -1.337860 -0.137873 1.384678
v -1.211951 0.112128 1.258769
v -1.338998 -0.137873 1.384537
v -1.211951 0.112128 1.258769
v -1.213089 0.112128 1.258628
v -1.338998 -0.137873 1.384537
v -1.338998 -0.137873 1.384537
v -1.213089 0.112128 1.258628
v -1.240003 0.062127 1.283547
v -1.213089 0.112128 1.258628
v -1.214821 0.112128 1.258366
v -1.240003 0.062127 1.283547
v 1.255858 0.062127 1.283547
v 1.230676 0.112128 1.258366
v 1.228943 0.112128 1.258628
v 1.221973 0.112128 1.259091
v 1.347882 -0.137872 1.385000
v 1.223141 0.112128 1.259081
v 1.347882 -0.137872 1.385000
v 1.349060 -0.137872 1.384990
v 1.223141 0.112128 1.259081
v 1.223141 0.112128 1.259081
v 1.349060 -0.137872 1.384990
v 1.224320 0.112128 1.259041
v 1.349060 -0.137872 1.384990
v 1.350229 -0.137872 1.384950
v 1.224320 0.112128 1.259041
v 1.224320 0.112128 1.259041
v 1.350229 -0.137872 1.384950
v 1.225488 0.112128 1.258980
v 1.350229 -0.137872 1.384950
v 1.351397 -0.137872 1.384889
v 1.225488 0.112128 1.258980
v 1.225488 0.112128 1.258980
v 1.351397 -0.137872 1.384889
v 1.226647 0.112128 1.258889
v 1.351397 -0.137872 1.384889
v 1.352556 -0.137872 1.384799
v 1.226647 0.112128 1.258889
v 1.226647 0.112128 1.258889
v 1.352556 -0.137872 1.384799
v 1.227795 0.112128 1.258769
v 1.352556 -0.137872 1.384799
v 1.353704 -0.137872 1.384678
v 1.227795 0.112128 1.258769
v 1.227795 0.112128 1.258769
v 1.353704 -0.137872 1.384678
v 1.228943 0.112128 1.258628
v 1.353704 -0.137872 1.384678
v 1.354852 -0.137872 1.384537
v 1.228943 0.112128 1.258628
v 1.228943 0.112128 1.258628
v 1.354852 -0.137872 1.384537
v 1.255858 0.062127 1.283547
v 1.354852 -0.137872 1.384537
v 1.355980 -0.137872 1.384365
v 1.255858 0.062127 1.283547
v 1.255858 0.062127 1.283547
v 1.355980 -0.137872 1.384365
v 1.256381 0.062127 1.283447
v 1.355980 -0.137872 1.384365
v 1.357109 -0.137872 1.384174
v 1.256381 0.062127 1.283447
v 1.256381 0.062127 1.283447
v 1.357109 -0.137872 1.384174
v 1.257499 0.062127 1.283235
v 1.357109 -0.137872 1.384174
v 1.358227 -0.137872 1.383963
v 1.257499 0.062127 1.283235
v 1.257499 0.062127 1.283235
v 1.358227 -0.137872 1.383963
v 1.258607 0.062127 1.282994
v 1.358227 -0.137872 1.383963
v 1.359335 -0.137872 1.383721
v 1.258607 0.062127 1.282994
v 1.258607 0.062127 1.282994
v 1.359335 -0.137872 1.383721
v 1.259705 0.062127 1.282722
v 1.359335 -0.137872 1.383721
v 1.360433 -0.137872 1.383449
v 1.259705 0.062127 1.282722
v 1.259705 0.062127 1.282722
v 1.360433 -0.137872 1.383449
v 1.260793 0.062127 1.282429
v 1.360433 -0.137872 1.383449
v 1.361521 -0.137872 1.383157
v 1.260793 0.062127 1.282429
v 1.260793 0.062127 1.282429
v 1.361521 -0.137872 1.383157
v 1.261871 0.062127 1.282107
v 1.361521 -0.137872 1.383157
v 1.362598 -0.137872 1.382834
v 1.261871 0.062127 1.282107
v 1.261871 0.062127 1.282107
v 1.362598 -0.137872 1.382834
v 1.262929 0.062127 1.281765
v 1.362598 -0.137872 1.382834
v 1.363656 -0.137872 1.382492
v 1.262929 0.062127 1.281765
v 1.262929 0.062127 1.281765
v 1.363656 -0.137872 1.382492
v 1.263976 0.062127 1.281402
v 1.363656 -0.137872 1.382492
v 1.364704 -0.137872 1.382129
v 1.263976 0.062127 1.281402
v 1.263976 0.062127 1.281402
v 1.364704 -0.137872 1.382129
v 1.265014 0.062127 1.281009
v 1.364704 -0.137872 1.382129
v 1.365741 -0.137872 1.381736
v 1.265014 0.062127 1.281009
v 1.265014 0.062127 1.281009
v 1.365741 -0.137872 1.381736
v 1.266041 0.062127 1.280586
v 1.365741 -0.137872 1.381736
v 1.366768 -0.137872 1.381313
v 1.266041 0.062127 1.280586
v 1.266041 0.062127 1.280586
v 1.366768 -0.137872 1.381313
v 1.267048 0.062127 1.280153
v 1.366768 -0.137872 1.381313
v 1.367776 -0.137872 1.380880
v 1.267048 0.062127 1.280153
v 1.267048 0.062127 1.280153
v 1.367776 -0.137872 1.380880
v 1.268046 0.062127 1.279680
v 1.367776 -0.137872 1.380880
v 1.368773 -0.137872 1.380407
v 1.268046 0.062127 1.279680
v 1.268046 0.062127 1.279680
v 1.368773 -0.137872 1.380407
v 1.269033 0.062127 1.279196
v 1.368773 -0.137872 1.380407
v 1.369760 -0.137872 1.379923
v 1.269033 0.062127 1.279196
v 1.269033 0.062127 1.279196
v 1.369760 -0.137872 1.379923
v 1.270000 0.062127 1.278682
v 1.369760 -0.137872 1.379923
v 1.370727 -0.137872 1.379410
v 1.270000 0.062127 1.278682
v 1.270000 0.062127 1.278682
v 1.370727 -0.137872 1.379410
v 1.270947 0.062127 1.278148
v 1.370727 -0.137872 1.379410
v 1.371674 -0.137872 1.378876
v 1.270947 0.062127 1.278148
v 1.270947 0.062127 1.278148
v 1.371674 -0.137872 1.378876
v 1.271883 0.062127 1.277595
v 1.371674 -0.137872 1.378876
v 1.372611 -0.137872 1.378322
v 1.271883 0.062127 1.277595
v 1.271883 0.062127 1.277595
v 1.372611 -0.137872 1.378322
v 1.272800 0.062127 1.277010
v 1.372611 -0.137872 1.378322
v 1.373527 -0.137872 1.377738
v 1.272800 0.062127 1.277010
v 1.272800 0.062127 1.277010
v 1.373527 -0.137872 1.377738
v 1.273706 0.062127 1.276406
v 1.373527 -0.137872 1.377738
v 1.374434 -0.137872 1.377133
v 1.273706 0.062127 1.276406
v 1.273706 0.062127 1.276406
v 1.374434 -0.137872 1.377133
v 1.274583 0.062127 1.275781
v 1.374434 -0.137872 1.377133
v 1.375310 -0.137872 1.376509
v 1.274583 0.062127 1.275781
v 1.274583 0.062127 1.275781
v 1.375310 -0.137872 1.376509
v 1.275449 0.062127 1.275137
v 1.375310 -0.137872 1.376509
v 1.376176 -0.137872 1.375864
v 1.275449 0.062127 1.275137
v 1.275449 0.062127 1.275137
v 1.376176 -0.137872 1.375864
v 1.276305 0.062127 1.274462
v 1.376176 -0.137872 1.375864
v 1.377032 -0.137872 1.375189
v 1.276305 0.062127 1.274462
v 1.276305 0.062127 1.274462
v 1.377032 -0.137872 1.375189
v 1.277131 0.062127 1.273777
v 1.377032 -0.137872 1.375189
v 1.377858 -0.137872 1.374504
v 1.277131 0.062127 1.273777
v 1.277131 0.062127 1.273777
v 1.377858 -0.137872 1.374504
v 1.277937 0.062127 1.273062
v 1.377858 -0.137872 1.374504
v 1.378664 -0.137872 1.373789
v 1.277937 0.062127 1.273062
v 1.277937 0.062127 1.273062
v 1.378664 -0.137872 1.373789
v 1.278733 0.062127 1.272336
v 1.378664 -0.137872 1.373789
v 1.379460 -0.137872 1.373064
v 1.278733 0.062127 1.272336
v 1.278733 0.062127 1.272336
v 1.379460 -0.137872 1.373064
v 1.279508 0.062127 1.271581
v 1.379460 -0.137872 1.373064
v 1.380236 -0.137872 1.372308
v 1.279508 0.062127 1.271581
v 1.279508 0.062127 1.271581
v 1.380236 -0.137872 1.372308
v 1.280254 0.062127 1.270806
v 1.380236 -0.137872 1.372308
v 1.380981 -0.137872 1.371533
v 1.280254 0.062127 1.270806
v 1.280254 0.062127 1.270806
v 1.380981 -0.137872 1.371533
v 1.280989 0.062127 1.270020
v 1.380981 -0.137872 1.371533
v 1.381716 -0.137872 1.370747
v 1.280989 0.062127 1.270020
v 1.280989 0.062127 1.270020
v 1.381716 -0.137872 1.370747
v 1.281704 0.062127 1.269204
v 1.381716 -0.137872 1.370747
v 1.382431 -0.137872 1.369931
v 1.281704 0.062127 1.269204
v 1.281704 0.062127 1.269204
v 1.382431 -0.137872 1.369931
v 1.282389 0.062127 1.268378
v 1.382431 -0.137872 1.369931
v 1.383116 -0.137872 1.369105
v 1.282389 0.062127 1.268378
v 1.282389 0.062127 1.268378
v 1.383116 -0.137872 1.369105
v 1.283054 0.062127 1.267532
v 1.383116 -0.137872 1.369105
v 1.383781 -0.137872 1.368259
v 1.283054 0.062127 1.267532
v 1.283054 0.062127 1.267532
v 1.383781 -0.137872 1.368259
v 1.283709 0.062127 1.266666
v 1.383781 -0.137872 1.368259
v 1.384436 -0.137872 1.367393
v 1.283709 0.062127 1.266666
v 1.283709 0.062127 1.266666
v 1.384436 -0.137872 1.367393
v 1.284333 0.062127 1.265779
v 1.384436 -0.137872 1.367393
v 1.385060 -0.137872 1.366506
v 1.284333 0.062127 1.265779
v 1.284333 0.062127 1.265779
v 1.385060 -0.137872 1.366506
v 1.284938 0.062127 1.264873
v 1.385060 -0.137872 1.366506
v 1.385665 -0.137872 1.365600
v 1.284938 0.062127 1.264873
v 1.284938 0.062127 1.264873
v 1.385665 -0.137872 1.365600
v 1.285512 0.062127 1.263956
v 1.385665 -0.137872 1.365600
v 1.386239 -0.137872 1.364683
v 1.285512 0.062127 1.263956
v 1.285512 0.062127 1.263956
v 1.386239 -0.137872 1.364683
v 1.286076 0.062127 1.263029
v 1.386239 -0.137872 1.364683
v 1.386803 -0.137872 1.363757
v 1.286076 0.062127 1.263029
v 1.286076 0.062127 1.263029
v 1.386803 -0.137872 1.363757
v 1.286610 0.062127 1.262072
v 1.386803 -0.137872 1.363757
v 1.387337 -0.137872 1.362800
v 1.286610 0.062127 1.262072
v 1.286610 0.062127 1.262072
v 1.387337 -0.137872 1.362800
v 1.287123 0.062127 1.261105
v 1.387337 -0.137872 1.362800
v 1.387851 -0.137872 1.361833
v 1.287123 0.062127 1.261105
v 1.287123 0.062127 1.261105
v 1.387851 -0.137872 1.361833
v 1.287607 0.062127 1.260128
v 1.387851 -0.137872 1.361833
v 1.388334 -0.137872 1.360856
v 1.287607 0.062127 1.260128
v 1.287607 0.062127 1.260128
v 1.388334 -0.137872 1.360856
v 1.288070 0.062127 1.259131
v 1.388334 -0.137872 1.360856
v 1.388797 -0.137872 1.359858
v 1.288070 0.062127 1.259131
v 1.288070 0.062127 1.259131
v 1.388797 -0.137872 1.359858
v 1.288513 0.062127 1.258114
v 1.388797 -0.137872 1.359858
v 1.389241 -0.137872 1.358841
v 1.288513 0.062127 1.258114
v 1.288513 0.062127 1.258114
v 1.389241 -0.137872 1.358841
v 1.288926 0.062127 1.257097
v 1.389241 -0.137872 1.358841
v 1.389654 -0.137872 1.357824
v 1.288926 0.062127 1.257097
v 1.288926 0.062127 1.257097
v 1.389654 -0.137872 1.357824
v 1.289319 0.062127 1.256059
v 1.389654 -0.137872 1.357824
v 1.390046 -0.137872 1.356786
v 1.289319 0.062127 1.256059
v 1.289319 0.062127 1.256059
v 1.390046 -0.137872 1.356786
v 1.289692 0.062127 1.255001
v 1.390046 -0.137872 1.356786
v 1.390419 -0.137872 1.355729
v 1.289692 0.062127 1.255001
v 1.289692 0.062127 1.255001
v 1.390419 -0.137872 1.355729
v 1.290034 0.062127 1.253944
v 1.390419 -0.137872 1.355729
v 1.390762 -0.137872 1.354671
v 1.290034 0.062127 1.253944
v 1.290034 0.062127 1.253944
v 1.390762 -0.137872 1.354671
v 1.290347 0.062127 1.252866
v 1.390762 -0.137872 1.354671
v 1.391074 -0.137872 1.353593
v 1.290347 0.062127 1.252866
v 1.290347 0.062127 1.252866
v 1.391074 -0.137872 1.353593
v 1.290649 0.062127 1.251778
v 1.391074 -0.137872 1.353593
v 1.391376 -0.137872 1.352505
v 1.290649 0.062127 1.251778
v 1.290649 0.062127 1.251778
v 1.391376 -0.137872 1.352505
v 1.290911 0.062127 1.250680
v 1.391376 -0.137872 1.352505
v 1.391638 -0.137872 1.351407
v 1.290911 0.062127 1.250680
v 1.290911 0.062127 1.250680
v 1.391638 -0.137872 1.351407
v 1.291152 0.062127 1.249582
v 1.391638 -0.137872 1.351407
v 1.391880 -0.137872 1.350309
v 1.291152 0.062127 1.249582
v 1.291152 0.062127 1.249582
v 1.391880 -0.137872 1.350309
v 1.291374 0.062127 1.248454
v 1.392464 -0.137872 1.346925
v 1.291465 0.062127 1.247930
v 1.392293 -0.137872 1.348063
v 1.291465 0.062127 1.247930
v 1.291374 0.062127 1.248454
v 1.392293 -0.137872 1.348063
v 1.392293 -0.137872 1.348063
v 1.291374 0.062127 1.248454
v 1.392101 -0.137872 1.349191
v 1.291374 0.062127 1.248454
v 1.391880 -0.137872 1.350309
v 1.392101 -0.137872 1.349191
v 1.392927 -0.137872 1.339955
v 1.267018 0.112128 1.214046
v 1.392907 -0.137872 1.341133
v 1.267018 0.112128 1.214046
v 1.266998 0.112128 1.215224
v 1.392907 -0.137872 1.341133
v 1.392907 -0.137872 1.341133
v 1.266998 0.112128 1.215224
v 1.392877 -0.137872 1.342302
v 1.266998 0.112128 1.215224
v 1.266968 0.112128 1.216393
v 1.392877 -0.137872 1.342302
v 1.392877 -0.137872 1.342302
v 1.266968 0.112128 1.216393
v 1.392806 -0.137872 1.343470
v 1.266968 0.112128 1.216393
v 1.266897 0.112128 1.217561
v 1.392806 -0.137872 1.343470
v 1.392806 -0.137872 1.343470
v 1.266897 0.112128 1.217561
v 1.392716 -0.137872 1.344629
v 1.266897 0.112128 1.217561
v 1.266807 0.112128 1.218719
v 1.392716 -0.137872 1.344629
v 1.392716 -0.137872 1.344629
v 1.266807 0.112128 1.218719
v 1.392605 -0.137872 1.345777
v 1.266807 0.112128 1.218719
v 1.266696 0.112128 1.219868
v 1.392605 -0.137872 1.345777
v 1.392605 -0.137872 1.345777
v 1.266696 0.112128 1.219868
v 1.392464 -0.137872 1.346925
v 1.266696 0.112128 1.219868
v 1.266555 0.112128 1.221016
v 1.392464 -0.137872 1.346925
v 1.392464 -0.137872 1.346925
v 1.266555 0.112128 1.221016
v 1.291465 0.062127 1.247930
v 1.266555 0.112128 1.221016
v 1.266283 0.112128 1.222749
v 1.291465 0.062127 1.247930
v -1.240003 0.062128 -1.283547
v -0.686297 0.062128 -0.729833
v -1.214821 0.112128 -1.258366
v -0.686297 0.062128 -0.729833
v -0.686297 0.112128 -0.729833
v -1.214821 0.112128 -1.258366
v 1.255858 0.062128 -1.283547
v 0.702145 0.062128 -0.729833
v 1.256381 0.062128 -1.283447
v 0.702145 0.062128 -0.729833
v 0.720174 0.062128 -0.712250
v 1.256381 0.062128 -1.283447
v 1.256381 0.062128 -1.283447
v 0.720174 0.062128 -0.712250
v 1.257499 0.062128 -1.283235
v 0.720174 0.062128 -0.712250
v 1.258607 0.062128 -1.282994
v 1.257499 0.062128 -1.283235
v 0.737757 0.062128 -0.694220
v 1.291465 0.062128 -1.247930
v 0.720174 0.062128 -0.712250
v 1.291465 0.062128 -1.247930
v 1.291374 0.062128 -1.248464
v 0.720174 0.062128 -0.712250
v 0.720174 0.062128 -0.712250
v 1.291374 0.062128 -1.248464
v 1.291152 0.062128 -1.249572
v 1.261871 0.062128 -1.282107
v 1.260793 0.062128 -1.282429
v 0.720174 0.062128 -0.712250
v 1.260793 0.062128 -1.282429
v 1.259705 0.062128 -1.282722
v 0.720174 0.062128 -0.712250
v 0.720174 0.062128 -0.712250
v 1.259705 0.062128 -1.282722
v 1.258607 0.062128 -1.282994
v 1.291152 0.062128 -1.249572
v 1.290911 0.062128 -1.250680
v 0.720174 0.062128 -0.712250
v 1.290911 0.062128 -1.250680
v 1.290649 0.062128 -1.251778
v 0.720174 0.062128 -0.712250
v 0.720174 0.062128 -0.712250
v 1.290649 0.062128 -1.251778
v 1.290347 0.062128 -1.252866
v 1.265014 0.062128 -1.281009
v 1.263976 0.062128 -1.281402
v 0.720174 0.062128 -0.712250
v 1.263976 0.062128 -1.281402
v 1.262929 0.062128 -1.281765
v 0.720174 0.062128 -0.712250
v 0.720174 0.062128 -0.712250
v 1.262929 0.062128 -1.281765
v 1.261871 0.062128 -1.282107
v 1.290347 0.062128 -1.252866
v 1.290034 0.062128 -1.253944
v 0.720174 0.062128 -0.712250
v 1.290034 0.062128 -1.253944
v 1.289692 0.062128 -1.255001
v 0.720174 0.062128 -0.712250
v 0.720174 0.062128 -0.712250
v 1.289692 0.062128 -1.255001
v 1.289319 0.062128 -1.256059
v 1.268046 0.062128 -1.279680
v 1.267048 0.062128 -1.280143
v 0.720174 0.062128 -0.712250
v 1.267048 0.062128 -1.280143
v 1.266041 0.062128 -1.280586
v 0.720174 0.062128 -0.712250
v 0.720174 0.062128 -0.712250
v 1.266041 0.062128 -1.280586
v 1.265014 0.062128 -1.281009
v 1.289319 0.062128 -1.256059
v 1.288926 0.062128 -1.257097
v 0.720174 0.062128 -0.712250
v 1.288926 0.062128 -1.257097
v 1.288513 0.062128 -1.258114
v 0.720174 0.062128 -0.712250
v 0.720174 0.062128 -0.712250
v 1.288513 0.062128 -1.258114
v 1.288070 0.062128 -1.259131
v 1.270947 0.062128 -1.278148
v 1.270000 0.062128 -1.278682
v 0.720174 0.062128 -0.712250
v 1.270000 0.062128 -1.278682
v 1.269033 0.062128 -1.279196
v 0.720174 0.062128 -0.712250
v 0.720174 0.062128 -0.712250
v 1.269033 0.062128 -1.279196
v 1.268046 0.062128 -1.279680
v 1.288070 0.062128 -1.259131
v 1.287607 0.062128 -1.260128
v 0.720174 0.062128 -0.712250
v 1.287607 0.062128 -1.260128
v 1.287123 0.062128 -1.261105
v 0.720174 0.062128 -0.712250
v 0.720174 0.062128 -0.712250
v 1.287123 0.062128 -1.261105
v 1.286610 0.062128 -1.262072
v 1.273706 0.062128 -1.276406
v 1.272800 0.062128 -1.277010
v 0.720174 0.062128 -0.712250
v 1.272800 0.062128 -1.277010
v 1.271883 0.062128 -1.277595
v 0.720174 0.062128 -0.712250
v 0.720174 0.062128 -0.712250
v 1.271883 0.062128 -1.277595
v 1.270947 0.062128 -1.278148
v 1.286610 0.062128 -1.262072
v 1.286076 0.062128 -1.263019
v 0.720174 0.062128 -0.712250
v 1.286076 0.062128 -1.263019
v 1.285512 0.062128 -1.263956
v 0.720174 0.062128 -0.712250
v 0.720174 0.062128 -0.712250
v 1.285512 0.062128 -1.263956
v 1.284938 0.062128 -1.264873
v 1.276305 0.062128 -1.274462
v 1.275449 0.062128 -1.275137
v 0.720174 0.062128 -0.712250
v 1.275449 0.062128 -1.275137
v 1.274583 0.062128 -1.275781
v 0.720174 0.062128 -0.712250
v 0.720174 0.062128 -0.712250
v 1.274583 0.062128 -1.275781
v 1.273706 0.062128 -1.276406
v 1.284938 0.062128 -1.264873
v 1.284333 0.062128 -1.265779
v 0.720174 0.062128 -0.712250
v 1.284333 0.062128 -1.265779
v 1.283709 0.062128 -1.266666
v 0.720174 0.062128 -0.712250
v 0.720174 0.062128 -0.712250
v 1.283709 0.062128 -1.266666
v 1.283054 0.062128 -1.267532
v 1.278733 0.062128 -1.272336
v 1.277937 0.062128 -1.273062
v 0.720174 0.062128 -0.712250
v 1.277937 0.062128 -1.273062
v 1.277131 0.062128 -1.273777
v 0.720174 0.062128 -0.712250
v 0.720174 0.062128 -0.712250
v 1.277131 0.062128 -1.273777
v 1.276305 0.062128 -1.274462
v 1.283054 0.062128 -1.267532
v 1.282389 0.062128 -1.268378
v 0.720174 0.062128 -0.712250
v 1.282389 0.062128 -1.268378
v 1.281704 0.062128 -1.269204
v 0.720174 0.062128 -0.712250
v 0.720174 0.062128 -0.712250
v 1.281704 0.062128 -1.269204
v 1.280989 0.062128 -1.270020
v 1.280989 0.062128 -1.270020
v 1.280254 0.062128 -1.270806
v 0.720174 0.062128 -0.712250
v 1.280254 0.062128 -1.270806
v 1.279508 0.062128 -1.271581
v 0.720174 0.062128 -0.712250
v 0.720174 0.062128 -0.712250
v 1.279508 0.062128 -1.271581
v 1.278733 0.062128 -1.272336
v 1.230676 0.112128 -1.258366
v 0.702145 0.112128 -0.729833
v 1.255858 0.062128 -1.283547
v 0.702145 0.112128 -0.729833
v 0.702145 0.062128 -0.729833
v 1.255858 0.062128 -1.283547
v 1.291465 0.062128 -1.247930
v 0.737757 0.062128 -0.694220
v 1.266283 0.112128 -1.222749
v 0.737757 0.062128 -0.694220
v 0.737757 0.112128 -0.694220
v 1.266283 0.112128 -1.222749
v 1.291465 0.062127 1.247930
v 0.737757 0.062127 0.694220
v 1.291374 0.062127 1.248454
v 0.737757 0.062127 0.694220
v 0.720174 0.062127 0.712250
v 1.291374 0.062127 1.248454
v 1.291374 0.062127 1.248454
v 0.720174 0.062127 0.712250
v 1.291152 0.062127 1.249582
v 0.720174 0.062127 0.712250
v 1.290911 0.062127 1.250680
v 1.291152 0.062127 1.249582
v 0.702145 0.062127 0.729834
v 1.255858 0.062127 1.283547
v 0.720174 0.062127 0.712250
v 1.255858 0.062127 1.283547
v 1.256381 0.062127 1.283447
v 0.720174 0.062127 0.712250
v 0.720174 0.062127 0.712250
v 1.256381 0.062127 1.283447
v 1.257499 0.062127 1.283235
v 1.290034 0.062127 1.253944
v 1.290347 0.062127 1.252866
v 0.720174 0.062127 0.712250
v 1.290347 0.062127 1.252866
v 1.290649 0.062127 1.251778
v 0.720174 0.062127 0.712250
v 0.720174 0.062127 0.712250
v 1.290649 0.062127 1.251778
v 1.290911 0.062127 1.250680
v 1.257499 0.062127 1.283235
v 1.258607 0.062127 1.282994
v 0.720174 0.062127 0.712250
v 1.258607 0.062127 1.282994
v 1.259705 0.062127 1.282722
v 0.720174 0.062127 0.712250
v 0.720174 0.062127 0.712250
v 1.259705 0.062127 1.282722
v 1.260793 0.062127 1.282429
v 1.288926 0.062127 1.257097
v 1.289319 0.062127 1.256059
v 0.720174 0.062127 0.712250
v 1.289319 0.062127 1.256059
v 1.289692 0.062127 1.255001
v 0.720174 0.062127 0.712250
v 0.720174 0.062127 0.712250
v 1.289692 0.062127 1.255001
v 1.290034 0.062127 1.253944
v 1.260793 0.062127 1.282429
v 1.261871 0.062127 1.282107
v 0.720174 0.062127 0.712250
v 1.261871 0.062127 1.282107
v 1.262929 0.062127 1.281765
v 0.720174 0.062127 0.712250
v 0.720174 0.062127 0.712250
v 1.262929 0.062127 1.281765
v 1.263976 0.062127 1.281402
v 1.287607 0.062127 1.260128
v 1.288070 0.062127 1.259131
v 0.720174 0.062127 0.712250
v 1.288070 0.062127 1.259131
v 1.288513 0.062127 1.258114
v 0.720174 0.062127 0.712250
v 0.720174 0.062127 0.712250
v 1.288513 0.062127 1.258114
v 1.288926 0.062127 1.257097
v 1.263976 0.062127 1.281402
v 1.265014 0.062127 1.281009
v 0.720174 0.062127 0.712250
v 1.265014 0.062127 1.281009
v 1.266041 0.062127 1.280586
v 0.720174 0.062127 0.712250
v 0.720174 0.062127 0.712250
v 1.266041 0.062127 1.280586
v 1.267048 0.062127 1.280153
v 1.286076 0.062127 1.263029
v 1.286610 0.062127 1.262072
v 0.720174 0.062127 0.712250
v 1.286610 0.062127 1.262072
v 1.287123 0.062127 1.261105
v 0.720174 0.062127 0.712250
v 0.720174 0.062127 0.712250
v 1.287123 0.062127 1.261105
v 1.287607 0.062127 1.260128
v 1.267048 0.062127 1.280153
v 1.268046 0.062127 1.279680
v 0.720174 0.062127 0.712250
v 1.268046 0.062127 1.279680
v 1.269033 0.062127 1.279196
v 0.720174 0.062127 0.712250
v 0.720174 0.062127 0.712250
v 1.269033 0.062127 1.279196
v 1.270000 0.062127 1.278682
v 1.284333 0.062127 1.265779
v 1.284938 0.062127 1.264873
v 0.720174 0.062127 0.712250
v 1.284938 0.062127 1.264873
v 1.285512 0.062127 1.263956
v 0.720174 0.062127 0.712250
v 0.720174 0.062127 0.712250
v 1.285512 0.062127 1.263956
v 1.286076 0.062127 1.263029
v 1.270000 0.062127 1.278682
v 1.270947 0.062127 1.278148
v 0.720174 0.062127 0.712250
v 1.270947 0.062127 1.278148
v 1.271883 0.062127 1.277595
v 0.720174 0.062127 0.712250
v 0.720174 0.062127 0.712250
v 1.271883 0.062127 1.277595
v 1.272800 0.062127 1.277010
v 1.282389 0.062127 1.268378
v 1.283054 0.062127 1.267532
v 0.720174 0.062127 0.712250
v 1.283054 0.062127 1.267532
v 1.283709 0.062127 1.266666
v 0.720174 0.062127 0.712250
v 0.720174 0.062127 0.712250
v 1.283709 0.062127 1.266666
v 1.284333 0.062127 1.265779
v 1.272800 0.062127 1.277010
v 1.273706 0.062127 1.276406
v 0.720174 0.062127 0.712250
v 1.273706 0.062127 1.276406
v 1.274583 0.062127 1.275781
v 0.720174 0.062127 0.712250
v 0.720174 0.062127 0.712250
v 1.274583 0.062127 1.275781
v 1.275449 0.062127 1.275137
v 1.280254 0.062127 1.270806
v 1.280989 0.062127 1.270020
v 0.720174 0.062127 0.712250
v 1.280989 0.062127 1.270020
v 1.281704 0.062127 1.269204
v 0.720174 0.062127 0.712250
v 0.720174 0.062127 0.712250
v 1.281704 0.062127 1.269204
v 1.282389 0.062127 1.268378
v 1.275449 0.062127 1.275137
v 1.276305 0.062127 1.274462
v 0.720174 0.062127 0.712250
v 1.276305 0.062127 1.274462
v 1.277131 0.062127 1.273777
v 0.720174 0.062127 0.712250
v 0.720174 0.062127 0.712250
v 1.277131 0.062127 1.273777
v 1.277937 0.062127 1.273062
v 1.277937 0.062127 1.273062
v 1.278733 0.062127 1.272336
v 0.720174 0.062127 0.712250
v 1.278733 0.062127 1.272336
v 1.279508 0.062127 1.271581
v 0.720174 0.062127 0.712250
v 0.720174 0.062127 0.712250
v 1.279508 0.062127 1.271581
v 1.280254 0.062127 1.270806
v 1.255858 0.062127 1.283547
v 0.702145 0.062127 0.729834
v 1.230676 0.112128 1.258366
v 0.702145 0.062127 0.729834
v 0.702145 0.112128 0.729834
v 1.230676 0.112128 1.258366
v 1.266283 0.112128 1.222749
v 0.737757 0.112128 0.694220
v 1.291465 0.062127 1.247930
v 0.737757 0.112128 0.694220
v 0.737757 0.062127 0.694220
v 1.291465 0.062127 1.247930
v -1.240003 0.062127 1.283547
v -0.686296 0.062127 0.729834
v -1.240537 0.062127 1.283447
v -0.686296 0.062127 0.729834
v -0.704325 0.062127 0.712250
v -1.240537 0.062127 1.283447
v -1.240537 0.062127 1.283447
v -0.704325 0.062127 0.712250
v -1.241655 0.062127 1.283235
v -0.704325 0.062127 0.712250
v -1.242763 0.062127 1.282994
v -1.241655 0.062127 1.283235
v -0.721909 0.062127 0.694221
v -1.275620 0.062127 1.247930
v -0.704325 0.062127 0.712250
v -1.275620 0.062127 1.247930
v -1.275530 0.062127 1.248464
v -0.704325 0.062127 0.712250
v -0.704325 0.062127 0.712250
v -1.275530 0.062127 1.248464
v -1.275308 0.062127 1.249582
v -1.246017 0.062127 1.282107
v -1.244949 0.062127 1.282429
v -0.704325 0.062127 0.712250
v -1.244949 0.062127 1.282429
v -1.243861 0.062127 1.282722
v -0.704325 0.062127 0.712250
v -0.704325 0.062127 0.712250
v -1.243861 0.062127 1.282722
v -1.242763 0.062127 1.282994
v -1.275308 0.062127 1.249582
v -1.275066 0.062127 1.250680
v -0.704325 0.062127 0.712250
v -1.275066 0.062127 1.250680
v -1.274794 0.062127 1.251778
v -0.704325 0.062127 0.712250
v -0.704325 0.062127 0.712250
v -1.274794 0.062127 1.251778
v -1.274502 0.062127 1.252866
v -1.249169 0.062127 1.281009
v -1.248132 0.062127 1.281402
v -0.704325 0.062127 0.712250
v -1.248132 0.062127 1.281402
v -1.247084 0.062127 1.281765
v -0.704325 0.062127 0.712250
v -0.704325 0.062127 0.712250
v -1.247084 0.062127 1.281765
v -1.246017 0.062127 1.282107
v -1.274502 0.062127 1.252866
v -1.274180 0.062127 1.253944
v -0.704325 0.062127 0.712250
v -1.274180 0.062127 1.253944
v -1.273837 0.062127 1.255001
v -0.704325 0.062127 0.712250
v -0.704325 0.062127 0.712250
v -1.273837 0.062127 1.255001
v -1.273475 0.062127 1.256059
v -1.252201 0.062127 1.279680
v -1.251204 0.062127 1.280153
v -0.704325 0.062127 0.712250
v -1.251204 0.062127 1.280153
v -1.250197 0.062127 1.280586
v -0.704325 0.062127 0.712250
v -0.704325 0.062127 0.712250
v -1.250197 0.062127 1.280586
v -1.249169 0.062127 1.281009
v -1.273475 0.062127 1.256059
v -1.273082 0.062127 1.257097
v -0.704325 0.062127 0.712250
v -1.273082 0.062127 1.257097
v -1.272669 0.062127 1.258114
v -0.704325 0.062127 0.712250
v -0.704325 0.062127 0.712250
v -1.272669 0.062127 1.258114
v -1.272226 0.062127 1.259131
v -1.255102 0.062127 1.278148
v -1.254145 0.062127 1.278682
v -0.704325 0.062127 0.712250
v -1.254145 0.062127 1.278682
v -1.253178 0.062127 1.279196
v -0.704325 0.062127 0.712250
v -0.704325 0.062127 0.712250
v -1.253178 0.062127 1.279196
v -1.252201 0.062127 1.279680
v -1.272226 0.062127 1.259131
v -1.271762 0.062127 1.260128
v -0.704325 0.062127 0.712250
v -1.271762 0.062127 1.260128
v -1.271269 0.062127 1.261105
v -0.704325 0.062127 0.712250
v -0.704325 0.062127 0.712250
v -1.271269 0.062127 1.261105
v -1.270755 0.062127 1.262072
v -1.257852 0.062127 1.276406
v -1.256956 0.062127 1.277010
v -0.704325 0.062127 0.712250
v -1.256956 0.062127 1.277010
v -1.256039 0.062127 1.277595
v -0.704325 0.062127 0.712250
v -0.704325 0.062127 0.712250
v -1.256039 0.062127 1.277595
v -1.255102 0.062127 1.278148
v -1.270755 0.062127 1.262072
v -1.270221 0.062127 1.263029
v -0.704325 0.062127 0.712250
v -1.270221 0.062127 1.263029
v -1.269667 0.062127 1.263956
v -0.704325 0.062127 0.712250
v -0.704325 0.062127 0.712250
v -1.269667 0.062127 1.263956
v -1.269083 0.062127 1.264873
v -1.260451 0.062127 1.274462
v -1.259605 0.062127 1.275137
v -0.704325 0.062127 0.712250
v -1.259605 0.062127 1.275137
v -1.258738 0.062127 1.275781
v -0.704325 0.062127 0.712250
v -0.704325 0.062127 0.712250
v -1.258738 0.062127 1.275781
v -1.257852 0.062127 1.276406
v -1.269083 0.062127 1.264873
v -1.268479 0.062127 1.265779
v -0.704325 0.062127 0.712250
v -1.268479 0.062127 1.265779
v -1.267854 0.062127 1.266666
v -0.704325 0.062127 0.712250
v -0.704325 0.062127 0.712250
v -1.267854 0.062127 1.266666
v -1.267210 0.062127 1.267532
v -1.262888 0.062127 1.272336
v -1.262093 0.062127 1.273062
v -0.704325 0.062127 0.712250
v -1.262093 0.062127 1.273062
v -1.261287 0.062127 1.273777
v -0.704325 0.062127 0.712250
v -0.704325 0.062127 0.712250
v -1.261287 0.062127 1.273777
v -1.260451 0.062127 1.274462
v -1.267210 0.062127 1.267532
v -1.266545 0.062127 1.268378
v -0.704325 0.062127 0.712250
v -1.266545 0.062127 1.268378
v -1.265850 0.062127 1.269204
v -0.704325 0.062127 0.712250
v -0.704325 0.062127 0.712250
v -1.265850 0.062127 1.269204
v -1.265145 0.062127 1.270020
v -1.265145 0.062127 1.270020
v -1.264409 0.062127 1.270806
v -0.704325 0.062127 0.712250
v -1.264409 0.062127 1.270806
v -1.263654 0.062127 1.271581
v -0.704325 0.062127 0.712250
v -0.704325 0.062127 0.712250
v -1.263654 0.062127 1.271581
v -1.262888 0.062127 1.272336
v -1.275620 0.062127 1.247930
v -0.721909 0.062127 0.694221
v -1.250438 0.112128 1.222749
v -0.721909 0.062127 0.694221
v -0.721909 0.112128 0.694221
v -1.250438 0.112128 1.222749
v -1.251164 0.112128 1.214046
v -1.251164 0.112128 -1.214046
v -1.377073 -0.137873 1.339955
v -1.251164 0.112128 -1.214046
v -1.377073 -0.137873 -1.339955
v -1.377073 -0.137873 1.339955
v 1.221973 0.112128 1.259091
v 0.655387 0.112128 0.771616
v 0.621113 0.112128 0.799124
v 1.221973 0.112128 1.259091
v 0.511561 0.112128 0.872324
v 0.473030 0.112128 0.893462
v 0.473030 0.112128 0.893462
v 0.433616 0.112128 0.912899
v 1.221973 0.112128 1.259091
v 0.433616 0.112128 0.912899
v 0.393390 0.112128 0.930599
v 1.221973 0.112128 1.259091
v 1.221973 0.112128 1.259091
v 0.393390 0.112128 0.930599
v 0.352432 0.112128 0.946527
v -0.605265 0.112128 0.799124
v -1.206118 0.112128 1.259091
v -0.569824 0.112128 0.825109
v -1.206118 0.112128 1.259091
v -0.533283 0.112128 0.849526
v -0.569824 0.112128 0.825109
v -0.605265 0.112128 0.799124
v -0.639539 0.112128 0.771616
v -1.206118 0.112128 1.259091
v -0.639539 0.112128 0.771616
v -0.672580 0.112128 0.742640
v -1.206118 0.112128 1.259091
v -1.206118 0.112128 1.259091
v -0.672580 0.112128 0.742640
v -1.207297 0.112128 1.259081
v -0.672580 0.112128 0.742640
v -0.686296 0.112128 0.729834
v -1.207297 0.112128 1.259081
v 0.621113 0.112128 0.799124
v 0.585672 0.112128 0.825109
v 1.221973 0.112128 1.259091
v 0.585672 0.112128 0.825109
v 0.549132 0.112128 0.849526
v 1.221973 0.112128 1.259091
v 1.221973 0.112128 1.259091
v 0.549132 0.112128 0.849526
v 0.511561 0.112128 0.872324
v -1.210792 0.112128 1.258889
v -1.209634 0.112128 1.258980
v -0.686296 0.112128 0.729834
v -1.209634 0.112128 1.258980
v -1.208475 0.112128 1.259041
v -0.686296 0.112128 0.729834
v -0.686296 0.112128 0.729834
v -1.208475 0.112128 1.259041
v -1.207297 0.112128 1.259081
v 1.223141 0.112128 1.259081
v 0.702145 0.112128 0.729834
v 1.221973 0.112128 1.259091
v 0.702145 0.112128 0.729834
v 0.688428 0.112128 0.742640
v 1.221973 0.112128 1.259091
v 1.221973 0.112128 1.259091
v 0.688428 0.112128 0.742640
v 0.655387 0.112128 0.771616
v -0.079866 0.112128 1.003440
v -0.123551 0.112128 0.998655
v -1.206118 0.112128 1.259091
v -0.123551 0.112128 0.998655
v -0.166987 0.112128 0.991970
v -1.206118 0.112128 1.259091
v 0.352432 0.112128 0.946527
v 0.310817 0.112128 0.960653
v 1.221973 0.112128 1.259091
v 0.310817 0.112128 0.960653
v 0.268626 0.112128 0.972951
v 1.221973 0.112128 1.259091
v 1.221973 0.112128 1.259091
v 0.268626 0.112128 0.972951
v 0.225937 0.112128 0.983396
v 1.223141 0.112128 1.259081
v 1.224320 0.112128 1.259041
v 0.702145 0.112128 0.729834
v 1.224320 0.112128 1.259041
v 1.225488 0.112128 1.258980
v 0.702145 0.112128 0.729834
v 0.702145 0.112128 0.729834
v 1.225488 0.112128 1.258980
v 1.226647 0.112128 1.258889
v -0.166987 0.112128 0.991970
v -0.210090 0.112128 0.983396
v -1.206118 0.112128 1.259091
v -0.210090 0.112128 0.983396
v -0.252777 0.112128 0.972951
v -1.206118 0.112128 1.259091
v -1.206118 0.112128 1.259091
v -0.252777 0.112128 0.972951
v -0.294969 0.112128 0.960653
v -1.214821 0.112128 1.258366
v -1.213089 0.112128 1.258628
v -0.686296 0.112128 0.729834
v -1.213089 0.112128 1.258628
v -1.211951 0.112128 1.258769
v -0.686296 0.112128 0.729834
v -0.686296 0.112128 0.729834
v -1.211951 0.112128 1.258769
v -1.210792 0.112128 1.258889
v 0.225937 0.112128 0.983396
v 0.182835 0.112128 0.991970
v 1.221973 0.112128 1.259091
v 0.182835 0.112128 0.991970
v 0.139399 0.112128 0.998655
v 1.221973 0.112128 1.259091
v 1.221973 0.112128 1.259091
v 0.139399 0.112128 0.998655
v 0.095714 0.112128 1.003440
v 1.226647 0.112128 1.258889
v 1.227795 0.112128 1.258769
v 0.702145 0.112128 0.729834
v 1.227795 0.112128 1.258769
v 1.228943 0.112128 1.258628
v 0.702145 0.112128 0.729834
v 0.702145 0.112128 0.729834
v 1.228943 0.112128 1.258628
v 1.230676 0.112128 1.258366
v 0.095714 0.112128 1.003440
v 0.051861 0.112128 1.006315
v 1.221973 0.112128 1.259091
v 0.051861 0.112128 1.006315
v 0.007924 0.112128 1.007273
v 1.221973 0.112128 1.259091
v 1.221973 0.112128 1.259091
v 0.007924 0.112128 1.007273
v -1.206118 0.112128 1.259091
v 0.007924 0.112128 1.007273
v -0.036013 0.112128 1.006315
v -1.206118 0.112128 1.259091
v -1.206118 0.112128 1.259091
v -0.036013 0.112128 1.006315
v -0.079866 0.112128 1.003440
v -0.417768 0.112128 0.912899
v -0.457183 0.112128 0.893462
v -1.206118 0.112128 1.259091
v -0.457183 0.112128 0.893462
v -0.495712 0.112128 0.872324
v -1.206118 0.112128 1.259091
v -1.206118 0.112128 1.259091
v -0.495712 0.112128 0.872324
v -0.533283 0.112128 0.849526
v -0.294969 0.112128 0.960653
v -0.336584 0.112128 0.946527
v -1.206118 0.112128 1.259091
v -0.336584 0.112128 0.946527
v -0.377543 0.112128 0.930599
v -1.206118 0.112128 1.259091
v -1.206118 0.112128 1.259091
v -0.377543 0.112128 0.930599
v -0.417768 0.112128 0.912899
v -1.275620 0.062128 -1.247930
v -0.721909 0.062128 -0.694220
v -1.275530 0.062128 -1.248454
v -0.721909 0.062128 -0.694220
v -0.704325 0.062128 -0.712250
v -1.275530 0.062128 -1.248454
v -1.275530 0.062128 -1.248454
v -0.704325 0.062128 -0.712250
v -1.275308 0.062128 -1.249572
v -0.704325 0.062128 -0.712250
v -1.275066 0.062128 -1.250680
v -1.275308 0.062128 -1.249572
v -0.686297 0.062128 -0.729833
v -1.240003 0.062128 -1.283547
v -0.704325 0.062128 -0.712250
v -1.240003 0.062128 -1.283547
v -1.240537 0.062128 -1.283447
v -0.704325 0.062128 -0.712250
v -0.704325 0.062128 -0.712250
v -1.240537 0.062128 -1.283447
v -1.241655 0.062128 -1.283235
v -1.274180 0.062128 -1.253944
v -1.274502 0.062128 -1.252866
v -0.704325 0.062128 -0.712250
v -1.274502 0.062128 -1.252866
v -1.274794 0.062128 -1.251778
v -0.704325 0.062128 -0.712250
v -0.704325 0.062128 -0.712250
v -1.274794 0.062128 -1.251778
v -1.275066 0.062128 -1.250680
v -1.241655 0.062128 -1.283235
v -1.242763 0.062128 -1.282994
v -0.704325 0.062128 -0.712250
v -1.242763 0.062128 -1.282994
v -1.243861 0.062128 -1.282722
v -0.704325 0.062128 -0.712250
v -0.704325 0.062128 -0.712250
v -1.243861 0.062128 -1.282722
v -1.244949 0.062128 -1.282429
v -1.273082 0.062128 -1.257097
v -1.273475 0.062128 -1.256059
v -0.704325 0.062128 -0.712250
v -1.273475 0.062128 -1.256059
v -1.273837 0.062128 -1.255001
v -0.704325 0.062128 -0.712250
v -0.704325 0.062128 -0.712250
v -1.273837 0.062128 -1.255001
v -1.274180 0.062128 -1.253944
v -1.244949 0.062128 -1.282429
v -1.246017 0.062128 -1.282107
v -0.704325 0.062128 -0.712250
v -1.246017 0.062128 -1.282107
v -1.247084 0.062128 -1.281765
v -0.704325 0.062128 -0.712250
v -0.704325 0.062128 -0.712250
v -1.247084 0.062128 -1.281765
v -1.248132 0.062128 -1.281402
v -1.271762 0.062128 -1.260128
v -1.272226 0.062128 -1.259131
v -0.704325 0.062128 -0.712250
v -1.272226 0.062128 -1.259131
v -1.272669 0.062128 -1.258114
v -0.704325 0.062128 -0.712250
v -0.704325 0.062128 -0.712250
v -1.272669 0.062128 -1.258114
v -1.273082 0.062128 -1.257097
v -1.248132 0.062128 -1.281402
v -1.249169 0.062128 -1.281009
v -0.704325 0.062128 -0.712250
v -1.249169 0.062128 -1.281009
v -1.250197 0.062128 -1.280586
v -0.704325 0.062128 -0.712250
v -0.704325 0.062128 -0.712250
v -1.250197 0.062128 -1.280586
v -1.251204 0.062128 -1.280143
v -1.270221 0.062128 -1.263019
v -1.270755 0.062128 -1.262072
v -0.704325 0.062128 -0.712250
v -1.270755 0.062128 -1.262072
v -1.271269 0.062128 -1.261105
v -0.704325 0.062128 -0.712250
v -0.704325 0.062128 -0.712250
v -1.271269 0.062128 -1.261105
v -1.271762 0.062128 -1.260128
v -1.251204 0.062128 -1.280143
v -1.252201 0.062128 -1.279680
v -0.704325 0.062128 -0.712250
v -1.252201 0.062128 -1.279680
v -1.253178 0.062128 -1.279196
v -0.704325 0.062128 -0.712250
v -0.704325 0.062128 -0.712250
v -1.253178 0.062128 -1.279196
v -1.254145 0.062128 -1.278682
v -1.268479 0.062128 -1.265779
v -1.269083 0.062128 -1.264873
v -0.704325 0.062128 -0.712250
v -1.269083 0.062128 -1.264873
v -1.269667 0.062128 -1.263956
v -0.704325 0.062128 -0.712250
v -0.704325 0.062128 -0.712250
v -1.269667 0.062128 -1.263956
v -1.270221 0.062128 -1.263019
v -1.254145 0.062128 -1.278682
v -1.255102 0.062128 -1.278148
v -0.704325 0.062128 -0.712250
v -1.255102 0.062128 -1.278148
v -1.256039 0.062128 -1.277595
v -0.704325 0.062128 -0.712250
v -0.704325 0.062128 -0.712250
v -1.256039 0.062128 -1.277595
v -1.256956 0.062128 -1.277010
v -1.266545 0.062128 -1.268378
v -1.267210 0.062128 -1.267532
v -0.704325 0.062128 -0.712250
v -1.267210 0.062128 -1.267532
v -1.267854 0.062128 -1.266666
v -0.704325 0.062128 -0.712250
v -0.704325 0.062128 -0.712250
v -1.267854 0.062128 -1.266666
v -1.268479 0.062128 -1.265779
v -1.256956 0.062128 -1.277010
v -1.257852 0.062128 -1.276406
v -0.704325 0.062128 -0.712250
v -1.257852 0.062128 -1.276406
v -1.258738 0.062128 -1.275781
v -0.704325 0.062128 -0.712250
v -0.704325 0.062128 -0.712250
v -1.258738 0.062128 -1.275781
v -1.259605 0.062128 -1.275137
v -1.264409 0.062128 -1.270806
v -1.265145 0.062128 -1.270020
v -0.704325 0.062128 -0.712250
v -1.265145 0.062128 -1.270020
v -1.265850 0.062128 -1.269204
v -0.704325 0.062128 -0.712250
v -0.704325 0.062128 -0.712250
v -1.265850 0.062128 -1.269204
v -1.266545 0.062128 -1.268378
v -1.259605 0.062128 -1.275137
v -1.260451 0.062128 -1.274462
v -0.704325 0.062128 -0.712250
v -1.260451 0.062128 -1.274462
v -1.261287 0.062128 -1.273777
v -0.704325 0.062128 -0.712250
v -0.704325 0.062128 -0.712250
v -1.261287 0.062128 -1.273777
v -1.262093 0.062128 -1.273062
v -1.262093 0.062128 -1.273062
v -1.262888 0.062128 -1.272336
v -0.704325 0.062128 -0.712250
v -1.262888 0.062128 -1.272336
v -1.263654 0.062128 -1.271581
v -0.704325 0.062128 -0.712250
v -0.704325 0.062128 -0.712250
v -1.263654 0.062128 -1.271581
v -1.264409 0.062128 -1.270806
v -1.049709 0.062127 0.251818
v -1.200800 0.062128 0.000000
v -1.049709 0.112128 0.251818
v -1.200800 0.062128 0.000000
v -1.200800 0.112128 0.000000
v -1.049709 0.112128 0.251818
v 0.968577 0.112128 0.302893
v 0.954451 0.112128 0.344507
v 1.267018 0.112128 1.214046
v 0.833034 0.112128 -0.577747
v 1.267018 0.112128 -1.214046
v 0.807047 0.112128 -0.613188
v 1.267018 0.112128 -1.214046
v 0.779539 0.112128 -0.647463
v 0.807047 0.112128 -0.613188
v 1.266998 0.112128 -1.215224
v 0.737757 0.112128 -0.694220
v 1.267018 0.112128 -1.214046
v 0.737757 0.112128 -0.694220
v 0.750563 0.112128 -0.680503
v 1.267018 0.112128 -1.214046
v 1.267018 0.112128 -1.214046
v 0.750563 0.112128 -0.680503
v 0.779539 0.112128 -0.647463
v 1.267018 0.112128 1.214046
v 0.833034 0.112128 0.577748
v 0.807047 0.112128 0.613189
v 0.833034 0.112128 -0.577747
v 0.857449 0.112128 -0.541208
v 1.267018 0.112128 -1.214046
v 0.857449 0.112128 -0.541208
v 0.880248 0.112128 -0.503636
v 1.267018 0.112128 -1.214046
v 1.267018 0.112128 -1.214046
v 0.880248 0.112128 -0.503636
v 0.901386 0.112128 -0.465107
v 0.901386 0.112128 -0.465107
v 0.920824 0.112128 -0.425692
v 1.267018 0.112128 -1.214046
v 0.920824 0.112128 -0.425692
v 0.938522 0.112128 -0.385466
v 1.267018 0.112128 -1.214046
v 1.267018 0.112128 -1.214046
v 0.938522 0.112128 -0.385466
v 0.954451 0.112128 -0.344507
v 0.954451 0.112128 -0.344507
v 0.968577 0.112128 -0.302893
v 1.267018 0.112128 -1.214046
v 0.968577 0.112128 -0.302893
v 0.980875 0.112128 -0.260701
v 1.267018 0.112128 -1.214046
v 1.267018 0.112128 -1.214046
v 0.980875 0.112128 -0.260701
v 0.991321 0.112128 -0.218013
v 0.954451 0.112128 0.344507
v 0.938522 0.112128 0.385467
v 1.267018 0.112128 1.214046
v 0.938522 0.112128 0.385467
v 0.920824 0.112128 0.425693
v 1.267018 0.112128 1.214046
v 1.267018 0.112128 1.214046
v 0.920824 0.112128 0.425693
v 0.901386 0.112128 0.465107
v 0.807047 0.112128 0.613189
v 0.779539 0.112128 0.647463
v 1.267018 0.112128 1.214046
v 0.779539 0.112128 0.647463
v 0.750563 0.112128 0.680504
v 1.267018 0.112128 1.214046
v 1.267018 0.112128 1.214046
v 0.750563 0.112128 0.680504
v 1.266998 0.112128 1.215224
v 0.750563 0.112128 0.680504
v 0.737757 0.112128 0.694220
v 1.266998 0.112128 1.215224
v 1.266998 0.112128 -1.215224
v 1.266968 0.112128 -1.216393
v 0.737757 0.112128 -0.694220
v 1.266968 0.112128 -1.216393
v 1.266897 0.112128 -1.217561
v 0.737757 0.112128 -0.694220
v 0.737757 0.112128 -0.694220
v 1.266897 0.112128 -1.217561
v 1.266807 0.112128 -1.218719
v 0.991321 0.112128 -0.218013
v 0.999894 0.112128 -0.174911
v 1.267018 0.112128 -1.214046
v 0.999894 0.112128 -0.174911
v 1.006580 0.112128 -0.131475
v 1.267018 0.112128 -1.214046
v 1.267018 0.112128 -1.214046
v 1.006580 0.112128 -0.131475
v 1.011362 0.112128 -0.087789
v 1.011362 0.112128 -0.087789
v 1.014243 0.112128 -0.043936
v 1.267018 0.112128 -1.214046
v 1.014243 0.112128 -0.043936
v 1.015200 0.112128 0.000000
v 1.267018 0.112128 -1.214046
v 1.267018 0.112128 -1.214046
v 1.015200 0.112128 0.000000
v 1.267018 0.112128 1.214046
v 1.015200 0.112128 0.000000
v 1.014243 0.112128 0.043937
v 1.267018 0.112128 1.214046
v 1.014243 0.112128 0.043937
v 1.011362 0.112128 0.087790
v 1.267018 0.112128 1.214046
v 1.011362 0.112128 0.087790
v 1.006580 0.112128 0.131475
v 1.267018 0.112128 1.214046
v 1.267018 0.112128 1.214046
v 1.006580 0.112128 0.131475
v 0.999894 0.112128 0.174911
v 1.266807 0.112128 1.218719
v 1.266897 0.112128 1.217561
v 0.737757 0.112128 0.694220
v 1.266897 0.112128 1.217561
v 1.266968 0.112128 1.216393
v 0.737757 0.112128 0.694220
v 0.737757 0.112128 0.694220
v 1.266968 0.112128 1.216393
v 1.266998 0.112128 1.215224
v 0.999894 0.112128 0.174911
v 0.991321 0.112128 0.218014
v 1.267018 0.112128 1.214046
v 0.991321 0.112128 0.218014
v 0.980875 0.112128 0.260701
v 1.267018 0.112128 1.214046
v 1.267018 0.112128 1.214046
v 0.980875 0.112128 0.260701
v 0.968577 0.112128 0.302893
v 0.901386 0.112128 0.465107
v 0.880248 0.112128 0.503636
v 1.267018 0.112128 1.214046
v 0.880248 0.112128 0.503636
v 0.857449 0.112128 0.541208
v 1.267018 0.112128 1.214046
v 1.267018 0.112128 1.214046
v 0.857449 0.112128 0.541208
v 0.833034 0.112128 0.577748
v 1.266807 0.112128 -1.218719
v 1.266696 0.112128 -1.219868
v 0.737757 0.112128 -0.694220
v 1.266696 0.112128 -1.219868
v 1.266555 0.112128 -1.221016
v 0.737757 0.112128 -0.694220
v 0.737757 0.112128 -0.694220
v 1.266555 0.112128 -1.221016
v 1.266283 0.112128 -1.222749
v 1.266283 0.112128 1.222749
v 1.266555 0.112128 1.221016
v 0.737757 0.112128 0.694220
v 1.266555 0.112128 1.221016
v 1.266696 0.112128 1.219868
v 0.737757 0.112128 0.694220
v 0.737757 0.112128 0.694220
v 1.266696 0.112128 1.219868
v 1.266807 0.112128 1.218719
v -1.250438 0.112128 -1.222749
v -0.721909 0.112128 -0.694220
v -1.275620 0.062128 -1.247930
v -0.721909 0.112128 -0.694220
v -0.721909 0.062128 -0.694220
v -1.275620 0.062128 -1.247930
v -1.200800 0.062128 0.000000
v -1.049709 0.062127 0.251818
v -1.049709 0.062128 -0.251818
v -0.841601 0.112128 0.541208
v -0.864400 0.112128 0.503636
v -1.049709 0.112128 0.251818
v -0.995516 0.112128 -0.087789
v -0.990731 0.112128 -0.131475
v -1.049709 0.112128 -0.251818
v -1.049709 0.112128 -0.251818
v -0.965027 0.112128 -0.260701
v -0.952729 0.112128 -0.302893
v -0.904975 0.112128 -0.425692
v -0.885538 0.112128 -0.465106
v -1.049709 0.112128 -0.251818
v -0.885538 0.112128 -0.465106
v -0.864400 0.112128 -0.503636
v -1.049709 0.112128 -0.251818
v -1.049709 0.112128 -0.251818
v -0.864400 0.112128 -0.503636
v -0.841601 0.112128 -0.541207
v -0.763692 0.112128 0.647463
v -0.791200 0.112128 0.613189
v -1.251164 0.112128 1.214046
v -0.791200 0.112128 0.613189
v -0.817185 0.112128 0.577748
v -1.251164 0.112128 1.214046
v -0.817185 0.112128 -0.577747
v -0.791200 0.112128 -0.613188
v -1.251164 0.112128 -1.214046
v -0.952729 0.112128 -0.302893
v -0.938603 0.112128 -0.344507
v -1.049709 0.112128 -0.251818
v -0.938603 0.112128 -0.344507
v -0.922675 0.112128 -0.385466
v -1.049709 0.112128 -0.251818
v -1.049709 0.112128 -0.251818
v -0.922675 0.112128 -0.385466
v -0.904975 0.112128 -0.425692
v -0.841601 0.112128 -0.541207
v -0.817185 0.112128 -0.577747
v -1.049709 0.112128 -0.251818
v -0.817185 0.112128 -0.577747
v -1.251164 0.112128 -1.214046
v -1.049709 0.112128 -0.251818
v -1.049709 0.112128 -0.251818
v -1.251164 0.112128 -1.214046
v -1.200800 0.112128 0.000000
v -1.251164 0.112128 -1.214046
v -1.251164 0.112128 1.214046
v -1.200800 0.112128 0.000000
v -1.200800 0.112128 0.000000
v -1.251164 0.112128 1.214046
v -1.049709 0.112128 0.251818
v -1.251164 0.112128 1.214046
v -0.817185 0.112128 0.577748
v -1.049709 0.112128 0.251818
v -1.049709 0.112128 0.251818
v -0.817185 0.112128 0.577748
v -0.841601 0.112128 0.541208
v -0.990731 0.112128 -0.131475
v -0.984046 0.112128 -0.174911
v -1.049709 0.112128 -0.251818
v -0.984046 0.112128 -0.174911
v -0.975473 0.112128 -0.218013
v -1.049709 0.112128 -0.251818
v -1.049709 0.112128 -0.251818
v -0.975473 0.112128 -0.218013
v -0.965027 0.112128 -0.260701
v -1.049709 0.112128 0.251818
v -0.965027 0.112128 0.260701
v -0.975473 0.112128 0.218014
v -1.251154 0.112128 1.215224
v -0.721909 0.112128 0.694221
v -1.251164 0.112128 1.214046
v -0.721909 0.112128 0.694221
v -0.734716 0.112128 0.680504
v -1.251164 0.112128 1.214046
v -1.251164 0.112128 1.214046
v -0.734716 0.112128 0.680504
v -0.763692 0.112128 0.647463
v -0.864400 0.112128 0.503636
v -0.885538 0.112128 0.465107
v -1.049709 0.112128 0.251818
v -0.885538 0.112128 0.465107
v -0.904975 0.112128 0.425693
v -1.049709 0.112128 0.251818
v -1.049709 0.112128 0.251818
v -0.904975 0.112128 0.425693
v -0.922675 0.112128 0.385467
v -0.975473 0.112128 0.218014
v -0.984046 0.112128 0.174912
v -1.049709 0.112128 0.251818
v -0.984046 0.112128 0.174912
v -0.990731 0.112128 0.131475
v -1.049709 0.112128 0.251818
v -1.049709 0.112128 0.251818
v -0.990731 0.112128 0.131475
v -0.995516 0.112128 0.087790
v -0.791200 0.112128 -0.613188
v -0.763692 0.112128 -0.647463
v -1.251164 0.112128 -1.214046
v -0.763692 0.112128 -0.647463
v -0.734716 0.112128 -0.680503
v -1.251164 0.112128 -1.214046
v -1.251164 0.112128 -1.214046
v -0.734716 0.112128 -0.680503
v -1.251154 0.112128 -1.215224
v -0.734716 0.112128 -0.680503
v -0.721909 0.112128 -0.694220
v -1.251154 0.112128 -1.215224
v -0.922675 0.112128 0.385467
v -0.938603 0.112128 0.344508
v -1.049709 0.112128 0.251818
v -0.938603 0.112128 0.344508
v -0.952729 0.112128 0.302893
v -1.049709 0.112128 0.251818
v -1.049709 0.112128 0.251818
v -0.952729 0.112128 0.302893
v -0.965027 0.112128 0.260701
v -1.251154 0.112128 1.215224
v -1.251113 0.112128 1.216393
v -0.721909 0.112128 0.694221
v -1.251113 0.112128 1.216393
v -1.251053 0.112128 1.217561
v -0.721909 0.112128 0.694221
v -0.721909 0.112128 0.694221
v -1.251053 0.112128 1.217561
v -1.250962 0.112128 1.218719
v -1.250962 0.112128 -1.218719
v -1.251053 0.112128 -1.217561
v -0.721909 0.112128 -0.694220
v -1.251053 0.112128 -1.217561
v -1.251113 0.112128 -1.216393
v -0.721909 0.112128 -0.694220
v -0.721909 0.112128 -0.694220
v -1.251113 0.112128 -1.216393
v -1.251154 0.112128 -1.215224
v -0.995516 0.112128 0.087790
v -0.998391 0.112128 0.043937
v -1.049709 0.112128 0.251818
v -0.998391 0.112128 0.043937
v -0.999349 0.112128 0.000000
v -1.049709 0.112128 0.251818
v -1.049709 0.112128 0.251818
v -0.999349 0.112128 0.000000
v -1.049709 0.112128 -0.251818
v -0.999349 0.112128 0.000000
v -0.998391 0.112128 -0.043936
v -1.049709 0.112128 -0.251818
v -1.049709 0.112128 -0.251818
v -0.998391 0.112128 -0.043936
v -0.995516 0.112128 -0.087789
v -1.250962 0.112128 1.218719
v -1.250841 0.112128 1.219868
v -0.721909 0.112128 0.694221
v -1.250841 0.112128 1.219868
v -1.250700 0.112128 1.221016
v -0.721909 0.112128 0.694221
v -0.721909 0.112128 0.694221
v -1.250700 0.112128 1.221016
v -1.250438 0.112128 1.222749
v -1.250438 0.112128 -1.222749
v -1.250700 0.112128 -1.221016
v -0.721909 0.112128 -0.694220
v -1.250700 0.112128 -1.221016
v -1.250841 0.112128 -1.219868
v -0.721909 0.112128 -0.694220
v -0.721909 0.112128 -0.694220
v -1.250841 0.112128 -1.219868
v -1.250962 0.112128 -1.218719
v 1.350229 -0.137872 1.384950
v 1.349060 -0.137872 1.384990
v 1.392907 -0.137872 1.341133
v 1.349060 -0.137872 1.384990
v 1.347882 -0.137872 1.385000
v 1.392907 -0.137872 1.341133
v 1.392907 -0.137872 1.341133
v 1.347882 -0.137872 1.385000
v 1.392927 -0.137872 1.339955
v 1.347882 -0.137872 1.385000
v -1.377073 -0.137873 1.339955
v 1.392927 -0.137872 1.339955
v 1.392927 -0.137872 1.339955
v -1.377073 -0.137873 1.339955
v 1.392927 -0.137872 -1.339955
v -1.377073 -0.137873 1.339955
v -1.377073 -0.137873 -1.339955
v 1.392927 -0.137872 -1.339955
v 1.392927 -0.137872 -1.339955
v -1.377073 -0.137873 -1.339955
v -1.332028 -0.137873 -1.385000
v -1.332028 -0.137873 -1.385000
v -1.377073 -0.137873 -1.339955
v -1.333206 -0.137873 -1.384990
v -1.377073 -0.137873 -1.339955
v -1.377063 -0.137873 -1.341133
v -1.333206 -0.137873 -1.384990
v -1.333206 -0.137873 -1.384990
v -1.377063 -0.137873 -1.341133
v -1.334384 -0.137873 -1.384950
v -1.332028 -0.137873 -1.385000
v 1.347882 -0.137872 -1.385000
v 1.392927 -0.137872 -1.339955
v 1.347882 -0.137872 -1.385000
v 1.349051 -0.137872 -1.384990
v 1.392927 -0.137872 -1.339955
v 1.392927 -0.137872 -1.339955
v 1.349051 -0.137872 -1.384990
v 1.392907 -0.137872 -1.341133
v 1.349051 -0.137872 -1.384990
v 1.350229 -0.137872 -1.384950
v 1.392907 -0.137872 -1.341133
v 1.392907 -0.137872 -1.341133
v 1.350229 -0.137872 -1.384950
v 1.392877 -0.137872 -1.342302
v 1.350229 -0.137872 -1.384950
v 1.351397 -0.137872 -1.384879
v 1.392877 -0.137872 -1.342302
v 1.392877 -0.137872 -1.342302
v 1.351397 -0.137872 -1.384879
v 1.392806 -0.137872 -1.343470
v 1.351397 -0.137872 -1.384879
v 1.392716 -0.137872 -1.344629
v 1.392806 -0.137872 -1.343470
v 1.347882 -0.137872 1.385000
v -1.332028 -0.137873 1.385000
v -1.377073 -0.137873 1.339955
v -1.332028 -0.137873 1.385000
v -1.333206 -0.137873 1.384990
v -1.377073 -0.137873 1.339955
v -1.377073 -0.137873 1.339955
v -1.333206 -0.137873 1.384990
v -1.377063 -0.137873 1.341133
v -1.333206 -0.137873 1.384990
v -1.334384 -0.137873 1.384950
v -1.377063 -0.137873 1.341133
v -1.377063 -0.137873 1.341133
v -1.334384 -0.137873 1.384950
v -1.377022 -0.137873 1.342302
v -1.334384 -0.137873 1.384950
v -1.335543 -0.137873 1.384889
v -1.377022 -0.137873 1.342302
v -1.377022 -0.137873 1.342302
v -1.335543 -0.137873 1.384889
v -1.376962 -0.137873 1.343470
v -1.335543 -0.137873 1.384889
v -1.336701 -0.137873 1.384799
v -1.376962 -0.137873 1.343470
v -1.376962 -0.137873 1.343470
v -1.336701 -0.137873 1.384799
v -1.376871 -0.137873 1.344629
v -1.377063 -0.137873 -1.341133
v -1.377022 -0.137873 -1.342302
v -1.334384 -0.137873 -1.384950
v -1.377022 -0.137873 -1.342302
v -1.376962 -0.137873 -1.343470
v -1.334384 -0.137873 -1.384950
v -1.334384 -0.137873 -1.384950
v -1.376962 -0.137873 -1.343470
v -1.335543 -0.137873 -1.384879
v -1.376962 -0.137873 -1.343470
v -1.336701 -0.137873 -1.384799
v -1.335543 -0.137873 -1.384879
v -1.376609 -0.137873 1.346925
v -1.376750 -0.137873 1.345777
v -1.338998 -0.137873 1.384537
v -1.376871 -0.137873 1.344629
v -1.336701 -0.137873 1.384799
v -1.376750 -0.137873 1.345777
v -1.336701 -0.137873 1.384799
v -1.337860 -0.137873 1.384678
v -1.376750 -0.137873 1.345777
v -1.376750 -0.137873 1.345777
v -1.337860 -0.137873 1.384678
v -1.338998 -0.137873 1.384537
v -1.376962 -0.137873 -1.343470
v -1.376871 -0.137873 -1.344629
v -1.336701 -0.137873 -1.384799
v -1.376871 -0.137873 -1.344629
v -1.376750 -0.137873 -1.345777
v -1.336701 -0.137873 -1.384799
v -1.336701 -0.137873 -1.384799
v -1.376750 -0.137873 -1.345777
v -1.337860 -0.137873 -1.384678
v -1.376750 -0.137873 -1.345777
v -1.338998 -0.137873 -1.384537
v -1.337860 -0.137873 -1.384678
v 1.392907 -0.137872 1.341133
v 1.392877 -0.137872 1.342302
v 1.350229 -0.137872 1.384950
v 1.392877 -0.137872 1.342302
v 1.392806 -0.137872 1.343470
v 1.350229 -0.137872 1.384950
v 1.350229 -0.137872 1.384950
v 1.392806 -0.137872 1.343470
v 1.351397 -0.137872 1.384889
v 1.392806 -0.137872 1.343470
v 1.392716 -0.137872 1.344629
v 1.351397 -0.137872 1.384889
v 1.351397 -0.137872 1.384889
v 1.392716 -0.137872 1.344629
v 1.352556 -0.137872 1.384799
v 1.392716 -0.137872 1.344629
v 1.392605 -0.137872 1.345777
v 1.352556 -0.137872 1.384799
v 1.352556 -0.137872 1.384799
v 1.392605 -0.137872 1.345777
v 1.353704 -0.137872 1.384678
v 1.392605 -0.137872 1.345777
v 1.392464 -0.137872 1.346925
v 1.353704 -0.137872 1.384678
v 1.353704 -0.137872 1.384678
v 1.392464 -0.137872 1.346925
v 1.354852 -0.137872 1.384537
v 1.392464 -0.137872 1.346925
v 1.392293 -0.137872 1.348063
v 1.354852 -0.137872 1.384537
v 1.354852 -0.137872 1.384537
v 1.392293 -0.137872 1.348063
v 1.355980 -0.137872 1.384365
v 1.392293 -0.137872 1.348063
v 1.357109 -0.137872 1.384174
v 1.355980 -0.137872 1.384365
v 1.351397 -0.137872 -1.384879
v 1.352556 -0.137872 -1.384799
v 1.392716 -0.137872 -1.344629
v 1.352556 -0.137872 -1.384799
v 1.353704 -0.137872 -1.384678
v 1.392716 -0.137872 -1.344629
v 1.392716 -0.137872 -1.344629
v 1.353704 -0.137872 -1.384678
v 1.392605 -0.137872 -1.345777
v 1.353704 -0.137872 -1.384678
v 1.354852 -0.137872 -1.384537
v 1.392605 -0.137872 -1.345777
v 1.392605 -0.137872 -1.345777
v 1.354852 -0.137872 -1.384537
v 1.392464 -0.137872 -1.346925
v 1.354852 -0.137872 -1.384537
v 1.355980 -0.137872 -1.384365
v 1.392464 -0.137872 -1.346925
v 1.392464 -0.137872 -1.346925
v 1.355980 -0.137872 -1.384365
v 1.392293 -0.137872 -1.348063
v -1.376035 -0.137873 1.350309
v -1.376257 -0.137873 1.349191
v -1.342382 -0.137873 1.383963
v 1.391880 -0.137872 -1.350309
v 1.392101 -0.137872 -1.349191
v 1.358227 -0.137872 -1.383963
v -1.376750 -0.137873 -1.345777
v -1.376609 -0.137873 -1.346925
v -1.338998 -0.137873 -1.384537
v -1.376609 -0.137873 -1.346925
v -1.376448 -0.137873 -1.348063
v -1.338998 -0.137873 -1.384537
v -1.338998 -0.137873 -1.384537
v -1.376448 -0.137873 -1.348063
v -1.340136 -0.137873 -1.384365
v -1.376448 -0.137873 -1.348063
v -1.376257 -0.137873 -1.349191
v -1.340136 -0.137873 -1.384365
v -1.340136 -0.137873 -1.384365
v -1.376257 -0.137873 -1.349191
v -1.341264 -0.137873 -1.384174
v 1.392293 -0.137872 1.348063
v 1.392101 -0.137872 1.349191
v 1.357109 -0.137872 1.384174
v 1.392101 -0.137872 1.349191
v 1.391880 -0.137872 1.350309
v 1.357109 -0.137872 1.384174
v 1.357109 -0.137872 1.384174
v 1.391880 -0.137872 1.350309
v 1.358227 -0.137872 1.383963
v 1.391880 -0.137872 1.350309
v 1.359335 -0.137872 1.383721
v 1.358227 -0.137872 1.383963
v -1.376609 -0.137873 1.346925
v -1.338998 -0.137873 1.384537
v -1.376448 -0.137873 1.348063
v -1.338998 -0.137873 1.384537
v -1.340136 -0.137873 1.384365
v -1.376448 -0.137873 1.348063
v -1.376448 -0.137873 1.348063
v -1.340136 -0.137873 1.384365
v -1.376257 -0.137873 1.349191
v -1.340136 -0.137873 1.384365
v -1.341264 -0.137873 1.384174
v -1.376257 -0.137873 1.349191
v -1.376257 -0.137873 1.349191
v -1.341264 -0.137873 1.384174
v -1.342382 -0.137873 1.383963
v 1.392293 -0.137872 -1.348063
v 1.355980 -0.137872 -1.384365
v 1.392101 -0.137872 -1.349191
v 1.355980 -0.137872 -1.384365
v 1.357109 -0.137872 -1.384174
v 1.392101 -0.137872 -1.349191
v 1.392101 -0.137872 -1.349191
v 1.357109 -0.137872 -1.384174
v 1.358227 -0.137872 -1.383963
v -1.341264 -0.137873 -1.384174
v -1.376257 -0.137873 -1.349191
v -1.342382 -0.137873 -1.383963
v -1.376257 -0.137873 -1.349191
v -1.376035 -0.137873 -1.350299
v -1.342382 -0.137873 -1.383963
v -1.342382 -0.137873 -1.383963
v -1.376035 -0.137873 -1.350299
v -1.343490 -0.137873 -1.383721
v -1.376035 -0.137873 1.350309
v -1.342382 -0.137873 1.383963
v -1.375793 -0.137873 1.351418
v -1.342382 -0.137873 1.383963
v -1.343490 -0.137873 1.383721
v -1.375793 -0.137873 1.351418
v -1.375793 -0.137873 1.351418
v -1.343490 -0.137873 1.383721
v -1.375522 -0.137873 1.352505
v 1.391880 -0.137872 -1.350309
v 1.358227 -0.137872 -1.383963
v 1.391638 -0.137872 -1.351407
v 1.358227 -0.137872 -1.383963
v 1.359335 -0.137872 -1.383721
v 1.391638 -0.137872 -1.351407
v 1.391638 -0.137872 -1.351407
v 1.359335 -0.137872 -1.383721
v 1.391376 -0.137872 -1.352505
v 1.391880 -0.137872 1.350309
v 1.391638 -0.137872 1.351407
v 1.359335 -0.137872 1.383721
v 1.391638 -0.137872 1.351407
v 1.391376 -0.137872 1.352505
v 1.359335 -0.137872 1.383721
v 1.359335 -0.137872 1.383721
v 1.391376 -0.137872 1.352505
v 1.360433 -0.137872 1.383449
v 1.391376 -0.137872 1.352505
v 1.391074 -0.137872 1.353593
v 1.360433 -0.137872 1.383449
v 1.360433 -0.137872 1.383449
v 1.391074 -0.137872 1.353593
v 1.361521 -0.137872 1.383157
v 1.391074 -0.137872 1.353593
v 1.362598 -0.137872 1.382834
v 1.361521 -0.137872 1.383157
v 1.359335 -0.137872 -1.383721
v 1.360433 -0.137872 -1.383449
v 1.391376 -0.137872 -1.352505
v 1.360433 -0.137872 -1.383449
v 1.361521 -0.137872 -1.383157
v 1.391376 -0.137872 -1.352505
v 1.391376 -0.137872 -1.352505
v 1.361521 -0.137872 -1.383157
v 1.391074 -0.137872 -1.353593
v 1.361521 -0.137872 -1.383157
v 1.362598 -0.137872 -1.382834
v 1.391074 -0.137872 -1.353593
v 1.391074 -0.137872 -1.353593
v 1.362598 -0.137872 -1.382834
v 1.390762 -0.137872 -1.354671
v -1.343490 -0.137873 1.383721
v -1.344588 -0.137873 1.383449
v -1.375522 -0.137873 1.352505
v -1.344588 -0.137873 1.383449
v -1.345676 -0.137873 1.383157
v -1.375522 -0.137873 1.352505
v -1.375522 -0.137873 1.352505
v -1.345676 -0.137873 1.383157
v -1.375229 -0.137873 1.353593
v -1.345676 -0.137873 1.383157
v -1.346744 -0.137873 1.382834
v -1.375229 -0.137873 1.353593
v -1.375229 -0.137873 1.353593
v -1.346744 -0.137873 1.382834
v -1.374907 -0.137873 1.354671
v -1.346744 -0.137873 1.382834
v -1.374565 -0.137873 1.355739
v -1.374907 -0.137873 1.354671
v 1.390762 -0.137872 -1.354671
v 1.362598 -0.137872 -1.382834
v 1.390419 -0.137872 -1.355729
v 1.362598 -0.137872 -1.382834
v 1.363656 -0.137872 -1.382492
v 1.390419 -0.137872 -1.355729
v 1.390419 -0.137872 -1.355729
v 1.363656 -0.137872 -1.382492
v 1.390046 -0.137872 -1.356786
v 1.391074 -0.137872 1.353593
v 1.390762 -0.137872 1.354671
v 1.362598 -0.137872 1.382834
v 1.390762 -0.137872 1.354671
v 1.390419 -0.137872 1.355729
v 1.362598 -0.137872 1.382834
v 1.362598 -0.137872 1.382834
v 1.390419 -0.137872 1.355729
v 1.363656 -0.137872 1.382492
v 1.390419 -0.137872 1.355729
v 1.390046 -0.137872 1.356786
v 1.363656 -0.137872 1.382492
v 1.363656 -0.137872 1.382492
v 1.390046 -0.137872 1.356786
v 1.364704 -0.137872 1.382129
v 1.390046 -0.137872 1.356786
v 1.365741 -0.137872 1.381736
v 1.364704 -0.137872 1.382129
v -1.346744 -0.137873 1.382834
v -1.347812 -0.137873 1.382492
v -1.374565 -0.137873 1.355739
v -1.347812 -0.137873 1.382492
v -1.348859 -0.137873 1.382129
v -1.374565 -0.137873 1.355739
v -1.374565 -0.137873 1.355739
v -1.348859 -0.137873 1.382129
v -1.374202 -0.137873 1.356786
v -1.348859 -0.137873 1.382129
v -1.349897 -0.137873 1.381736
v -1.374202 -0.137873 1.356786
v -1.374202 -0.137873 1.356786
v -1.349897 -0.137873 1.381736
v -1.373809 -0.137873 1.357824
v 1.390046 -0.137872 1.356786
v 1.389654 -0.137872 1.357824
v 1.365741 -0.137872 1.381736
v 1.389654 -0.137872 1.357824
v 1.389241 -0.137872 1.358841
v 1.365741 -0.137872 1.381736
v 1.365741 -0.137872 1.381736
v 1.389241 -0.137872 1.358841
v 1.366768 -0.137872 1.381313
v 1.389241 -0.137872 1.358841
v 1.367776 -0.137872 1.380880
v 1.366768 -0.137872 1.381313
v -1.373809 -0.137873 1.357824
v -1.349897 -0.137873 1.381736
v -1.373396 -0.137873 1.358851
v -1.349897 -0.137873 1.381736
v -1.350924 -0.137873 1.381313
v -1.373396 -0.137873 1.358851
v -1.373396 -0.137873 1.358851
v -1.350924 -0.137873 1.381313
v -1.372953 -0.137873 1.359858
v 1.363656 -0.137872 -1.382492
v 1.364704 -0.137872 -1.382129
v 1.390046 -0.137872 -1.356786
v 1.364704 -0.137872 -1.382129
v 1.365741 -0.137872 -1.381736
v 1.390046 -0.137872 -1.356786
v 1.390046 -0.137872 -1.356786
v 1.365741 -0.137872 -1.381736
v 1.389654 -0.137872 -1.357824
v 1.365741 -0.137872 -1.381736
v 1.366768 -0.137872 -1.381313
v 1.389654 -0.137872 -1.357824
v 1.389654 -0.137872 -1.357824
v 1.366768 -0.137872 -1.381313
v 1.389241 -0.137872 -1.358841
v 1.366768 -0.137872 -1.381313
v 1.388797 -0.137872 -1.359858
v 1.389241 -0.137872 -1.358841
v 1.366768 -0.137872 -1.381313
v 1.367776 -0.137872 -1.380870
v 1.388797 -0.137872 -1.359858
v 1.367776 -0.137872 -1.380870
v 1.368773 -0.137872 -1.380407
v 1.388797 -0.137872 -1.359858
v 1.388797 -0.137872 -1.359858
v 1.368773 -0.137872 -1.380407
v 1.388334 -0.137872 -1.360856
v 1.368773 -0.137872 -1.380407
v 1.387851 -0.137872 -1.361833
v 1.388334 -0.137872 -1.360856
v -1.376035 -0.137873 -1.350299
v -1.375793 -0.137873 -1.351407
v -1.343490 -0.137873 -1.383721
v -1.375793 -0.137873 -1.351407
v -1.375522 -0.137873 -1.352505
v -1.343490 -0.137873 -1.383721
v -1.343490 -0.137873 -1.383721
v -1.375522 -0.137873 -1.352505
v -1.344588 -0.137873 -1.383449
v -1.375522 -0.137873 -1.352505
v -1.375229 -0.137873 -1.353593
v -1.344588 -0.137873 -1.383449
v -1.344588 -0.137873 -1.383449
v -1.375229 -0.137873 -1.353593
v -1.345676 -0.137873 -1.383157
v -1.375229 -0.137873 -1.353593
v -1.374907 -0.137873 -1.354671
v -1.345676 -0.137873 -1.383157
v -1.345676 -0.137873 -1.383157
v -1.374907 -0.137873 -1.354671
v -1.346744 -0.137873 -1.382834
v -1.374907 -0.137873 -1.354671
v -1.374565 -0.137873 -1.355729
v -1.346744 -0.137873 -1.382834
v -1.346744 -0.137873 -1.382834
v -1.374565 -0.137873 -1.355729
v -1.347812 -0.137873 -1.382492
v -1.374565 -0.137873 -1.355729
v -1.374202 -0.137873 -1.356786
v -1.347812 -0.137873 -1.382492
v -1.347812 -0.137873 -1.382492
v -1.374202 -0.137873 -1.356786
v -1.348859 -0.137873 -1.382129
v -1.374202 -0.137873 -1.356786
v -1.373809 -0.137873 -1.357824
v -1.348859 -0.137873 -1.382129
v -1.348859 -0.137873 -1.382129
v -1.373809 -0.137873 -1.357824
v -1.349897 -0.137873 -1.381736
v -1.373809 -0.137873 -1.357824
v -1.373396 -0.137873 -1.358841
v -1.349897 -0.137873 -1.381736
v -1.349897 -0.137873 -1.381736
v -1.373396 -0.137873 -1.358841
v -1.350924 -0.137873 -1.381313
v -1.373396 -0.137873 -1.358841
v -1.372953 -0.137873 -1.359858
v -1.350924 -0.137873 -1.381313
v -1.350924 -0.137873 -1.381313
v -1.372953 -0.137873 -1.359858
v -1.351931 -0.137873 -1.380870
v -1.372953 -0.137873 -1.359858
v -1.372490 -0.137873 -1.360856
v -1.351931 -0.137873 -1.380870
v -1.351931 -0.137873 -1.380870
v -1.372490 -0.137873 -1.360856
v -1.352929 -0.137873 -1.380407
v -1.372490 -0.137873 -1.360856
v -1.371996 -0.137873 -1.361833
v -1.352929 -0.137873 -1.380407
v -1.352929 -0.137873 -1.380407
v -1.371996 -0.137873 -1.361833
v -1.353916 -0.137873 -1.379923
v 1.389241 -0.137872 1.358841
v 1.388797 -0.137872 1.359858
v 1.367776 -0.137872 1.380880
v 1.388797 -0.137872 1.359858
v 1.388334 -0.137872 1.360856
v 1.367776 -0.137872 1.380880
v 1.367776 -0.137872 1.380880
v 1.388334 -0.137872 1.360856
v 1.368773 -0.137872 1.380407
v 1.388334 -0.137872 1.360856
v 1.387851 -0.137872 1.361833
v 1.368773 -0.137872 1.380407
v 1.368773 -0.137872 1.380407
v 1.387851 -0.137872 1.361833
v 1.369760 -0.137872 1.379923
v 1.387851 -0.137872 1.361833
v 1.387337 -0.137872 1.362800
v 1.369760 -0.137872 1.379923
v 1.369760 -0.137872 1.379923
v 1.387337 -0.137872 1.362800
v 1.370727 -0.137872 1.379410
v 1.387337 -0.137872 1.362800
v 1.371674 -0.137872 1.378876
v 1.370727 -0.137872 1.379410
v -1.355829 -0.137873 -1.378876
v -1.354872 -0.137873 -1.379410
v -1.370949 -0.137873 -1.363747
v -1.350924 -0.137873 1.381313
v -1.351931 -0.137873 1.380880
v -1.372953 -0.137873 1.359858
v -1.351931 -0.137873 1.380880
v -1.352929 -0.137873 1.380407
v -1.372953 -0.137873 1.359858
v -1.372953 -0.137873 1.359858
v -1.352929 -0.137873 1.380407
v -1.372490 -0.137873 1.360856
v -1.352929 -0.137873 1.380407
v -1.353906 -0.137873 1.379923
v -1.372490 -0.137873 1.360856
v -1.372490 -0.137873 1.360856
v -1.353906 -0.137873 1.379923
v -1.371996 -0.137873 1.361833
v -1.353906 -0.137873 1.379923
v -1.354872 -0.137873 1.379410
v -1.371996 -0.137873 1.361833
v -1.371996 -0.137873 1.361833
v -1.354872 -0.137873 1.379410
v -1.371482 -0.137873 1.362800
v -1.354872 -0.137873 1.379410
v -1.355829 -0.137873 1.378876
v -1.371482 -0.137873 1.362800
v -1.371482 -0.137873 1.362800
v -1.355829 -0.137873 1.378876
v -1.370949 -0.137873 1.363757
v -1.355829 -0.137873 1.378876
v -1.370394 -0.137873 1.364683
v -1.370949 -0.137873 1.363757
v -1.353916 -0.137873 -1.379923
v -1.371996 -0.137873 -1.361833
v -1.354872 -0.137873 -1.379410
v -1.371996 -0.137873 -1.361833
v -1.371482 -0.137873 -1.362800
v -1.354872 -0.137873 -1.379410
v -1.354872 -0.137873 -1.379410
v -1.371482 -0.137873 -1.362800
v -1.370949 -0.137873 -1.363747
v 1.387337 -0.137872 1.362800
v 1.386803 -0.137872 1.363757
v 1.371674 -0.137872 1.378876
v 1.386803 -0.137872 1.363757
v 1.386239 -0.137872 1.364683
v 1.371674 -0.137872 1.378876
v 1.371674 -0.137872 1.378876
v 1.386239 -0.137872 1.364683
v 1.372611 -0.137872 1.378322
v 1.386239 -0.137872 1.364683
v 1.373527 -0.137872 1.377738
v 1.372611 -0.137872 1.378322
v -1.355829 -0.137873 -1.378876
v -1.370949 -0.137873 -1.363747
v -1.356766 -0.137873 -1.378322
v -1.370949 -0.137873 -1.363747
v -1.370394 -0.137873 -1.364683
v -1.356766 -0.137873 -1.378322
v -1.356766 -0.137873 -1.378322
v -1.370394 -0.137873 -1.364683
v -1.357683 -0.137873 -1.377738
v -1.355829 -0.137873 1.378876
v -1.356766 -0.137873 1.378322
v -1.370394 -0.137873 1.364683
v -1.356766 -0.137873 1.378322
v -1.357683 -0.137873 1.377738
v -1.370394 -0.137873 1.364683
v -1.370394 -0.137873 1.364683
v -1.357683 -0.137873 1.377738
v -1.369810 -0.137873 1.365600
v -1.357683 -0.137873 1.377738
v -1.369206 -0.137873 1.366506
v -1.369810 -0.137873 1.365600
v 1.386239 -0.137872 1.364683
v 1.385665 -0.137872 1.365600
v 1.373527 -0.137872 1.377738
v 1.385665 -0.137872 1.365600
v 1.385060 -0.137872 1.366506
v 1.373527 -0.137872 1.377738
v 1.373527 -0.137872 1.377738
v 1.385060 -0.137872 1.366506
v 1.374434 -0.137872 1.377133
v 1.385060 -0.137872 1.366506
v 1.375310 -0.137872 1.376509
v 1.374434 -0.137872 1.377133
v -1.370394 -0.137873 -1.364683
v -1.369810 -0.137873 -1.365600
v -1.357683 -0.137873 -1.377738
v -1.369810 -0.137873 -1.365600
v -1.369206 -0.137873 -1.366506
v -1.357683 -0.137873 -1.377738
v -1.357683 -0.137873 -1.377738
v -1.369206 -0.137873 -1.366506
v -1.358579 -0.137873 -1.377133
v -1.369206 -0.137873 -1.366506
v -1.359466 -0.137873 -1.376509
v -1.358579 -0.137873 -1.377133
v 1.368773 -0.137872 -1.380407
v 1.369760 -0.137872 -1.379923
v 1.387851 -0.137872 -1.361833
v 1.369760 -0.137872 -1.379923
v 1.370727 -0.137872 -1.379410
v 1.387851 -0.137872 -1.361833
v 1.387851 -0.137872 -1.361833
v 1.370727 -0.137872 -1.379410
v 1.387337 -0.137872 -1.362800
v 1.370727 -0.137872 -1.379410
v 1.371674 -0.137872 -1.378876
v 1.387337 -0.137872 -1.362800
v 1.387337 -0.137872 -1.362800
v 1.371674 -0.137872 -1.378876
v 1.386803 -0.137872 -1.363747
v 1.371674 -0.137872 -1.378876
v 1.372611 -0.137872 -1.378322
v 1.386803 -0.137872 -1.363747
v 1.386803 -0.137872 -1.363747
v 1.372611 -0.137872 -1.378322
v 1.386239 -0.137872 -1.364683
v 1.372611 -0.137872 -1.378322
v 1.373527 -0.137872 -1.377738
v 1.386239 -0.137872 -1.364683
v 1.386239 -0.137872 -1.364683
v 1.373527 -0.137872 -1.377738
v 1.385665 -0.137872 -1.365600
v 1.373527 -0.137872 -1.377738
v 1.374434 -0.137872 -1.377133
v 1.385665 -0.137872 -1.365600
v 1.385665 -0.137872 -1.365600
v 1.374434 -0.137872 -1.377133
v 1.385060 -0.137872 -1.366506
v 1.374434 -0.137872 -1.377133
v 1.375310 -0.137872 -1.376509
v 1.385060 -0.137872 -1.366506
v 1.385060 -0.137872 -1.366506
v 1.375310 -0.137872 -1.376509
v 1.384436 -0.137872 -1.367393
v 1.385060 -0.137872 1.366506
v 1.384436 -0.137872 1.367393
v 1.375310 -0.137872 1.376509
v 1.384436 -0.137872 1.367393
v 1.383781 -0.137872 1.368259
v 1.375310 -0.137872 1.376509
v 1.375310 -0.137872 1.376509
v 1.383781 -0.137872 1.368259
v 1.376176 -0.137872 1.375864
v 1.383781 -0.137872 1.368259
v 1.377032 -0.137872 1.375189
v 1.376176 -0.137872 1.375864
v 1.383116 -0.137872 -1.369105
v 1.383781 -0.137872 -1.368259
v 1.377032 -0.137872 -1.375189
v -1.357683 -0.137873 1.377738
v -1.358579 -0.137873 1.377133
v -1.369206 -0.137873 1.366506
v -1.358579 -0.137873 1.377133
v -1.359466 -0.137873 1.376509
v -1.369206 -0.137873 1.366506
v -1.369206 -0.137873 1.366506
v -1.359466 -0.137873 1.376509
v -1.368582 -0.137873 1.367393
v -1.359466 -0.137873 1.376509
v -1.360332 -0.137873 1.375864
v -1.368582 -0.137873 1.367393
v -1.368582 -0.137873 1.367393
v -1.360332 -0.137873 1.375864
v -1.367937 -0.137873 1.368259
v -1.360332 -0.137873 1.375864
v -1.367272 -0.137873 1.369105
v -1.367937 -0.137873 1.368259
v -1.369206 -0.137873 -1.366506
v -1.368582 -0.137873 -1.367393
v -1.359466 -0.137873 -1.376509
v -1.368582 -0.137873 -1.367393
v -1.367937 -0.137873 -1.368259
v -1.359466 -0.137873 -1.376509
v -1.359466 -0.137873 -1.376509
v -1.367937 -0.137873 -1.368259
v -1.360332 -0.137873 -1.375864
v -1.367937 -0.137873 -1.368259
v -1.361178 -0.137873 -1.375189
v -1.360332 -0.137873 -1.375864
v 1.384436 -0.137872 -1.367393
v 1.375310 -0.137872 -1.376509
v 1.383781 -0.137872 -1.368259
v 1.375310 -0.137872 -1.376509
v 1.376176 -0.137872 -1.375864
v 1.383781 -0.137872 -1.368259
v 1.383781 -0.137872 -1.368259
v 1.376176 -0.137872 -1.375864
v 1.377032 -0.137872 -1.375189
v 1.383781 -0.137872 1.368259
v 1.383116 -0.137872 1.369105
v 1.377032 -0.137872 1.375189
v 1.383116 -0.137872 1.369105
v 1.382431 -0.137872 1.369931
v 1.377032 -0.137872 1.375189
v 1.377032 -0.137872 1.375189
v 1.382431 -0.137872 1.369931
v 1.377858 -0.137872 1.374504
v 1.382431 -0.137872 1.369931
v 1.378664 -0.137872 1.373789
v 1.377858 -0.137872 1.374504
v -1.360332 -0.137873 1.375864
v -1.361178 -0.137873 1.375189
v -1.367272 -0.137873 1.369105
v -1.361178 -0.137873 1.375189
v -1.362014 -0.137873 1.374504
v -1.367272 -0.137873 1.369105
v -1.367272 -0.137873 1.369105
v -1.362014 -0.137873 1.374504
v -1.366577 -0.137873 1.369931
v -1.362014 -0.137873 1.374504
v -1.365872 -0.137873 1.370747
v -1.366577 -0.137873 1.369931
v 1.383116 -0.137872 -1.369105
v 1.377032 -0.137872 -1.375189
v 1.382431 -0.137872 -1.369931
v 1.377032 -0.137872 -1.375189
v 1.377858 -0.137872 -1.374504
v 1.382431 -0.137872 -1.369931
v 1.382431 -0.137872 -1.369931
v 1.377858 -0.137872 -1.374504
v 1.381716 -0.137872 -1.370747
v -1.367937 -0.137873 -1.368259
v -1.367272 -0.137873 -1.369105
v -1.361178 -0.137873 -1.375189
v -1.367272 -0.137873 -1.369105
v -1.366577 -0.137873 -1.369931
v -1.361178 -0.137873 -1.375189
v -1.361178 -0.137873 -1.375189
v -1.366577 -0.137873 -1.369931
v -1.362014 -0.137873 -1.374504
v -1.366577 -0.137873 -1.369931
v -1.362820 -0.137873 -1.373789
v -1.362014 -0.137873 -1.374504
v 1.382431 -0.137872 1.369931
v 1.381716 -0.137872 1.370747
v 1.378664 -0.137872 1.373789
v 1.381716 -0.137872 1.370747
v 1.380981 -0.137872 1.371533
v 1.378664 -0.137872 1.373789
v 1.378664 -0.137872 1.373789
v 1.380981 -0.137872 1.371533
v 1.379460 -0.137872 1.373064
v 1.380981 -0.137872 1.371533
v 1.380236 -0.137872 1.372308
v 1.379460 -0.137872 1.373064
v -1.362014 -0.137873 1.374504
v -1.362820 -0.137873 1.373789
v -1.365872 -0.137873 1.370747
v -1.362820 -0.137873 1.373789
v -1.363616 -0.137873 1.373064
v -1.365872 -0.137873 1.370747
v -1.365872 -0.137873 1.370747
v -1.363616 -0.137873 1.373064
v -1.365137 -0.137873 1.371533
v -1.363616 -0.137873 1.373064
v -1.364381 -0.137873 1.372308
v -1.365137 -0.137873 1.371533
v 1.377858 -0.137872 -1.374504
v 1.378664 -0.137872 -1.373789
v 1.381716 -0.137872 -1.370747
v 1.378664 -0.137872 -1.373789
v 1.379460 -0.137872 -1.373064
v 1.381716 -0.137872 -1.370747
v 1.381716 -0.137872 -1.370747
v 1.379460 -0.137872 -1.373064
v 1.380981 -0.137872 -1.371533
v 1.379460 -0.137872 -1.373064
v 1.380236 -0.137872 -1.372308
v 1.380981 -0.137872 -1.371533
v -1.366577 -0.137873 -1.369931
v -1.365872 -0.137873 -1.370747
v -1.362820 -0.137873 -1.373789
v -1.365872 -0.137873 -1.370747
v -1.365137 -0.137873 -1.371533
v -1.362820 -0.137873 -1.373789
v -1.362820 -0.137873 -1.373789
v -1.365137 -0.137873 -1.371533
v -1.363616 -0.137873 -1.373064
v -1.365137 -0.137873 -1.371533
v -1.364381 -0.137873 -1.372308
v -1.363616 -0.137873 -1.373064
v 0.433616 0.112128 -0.912899
v 0.473030 0.112128 -0.893462
v 1.221973 0.112128 -1.259091
v 1.221973 0.112128 -1.259091
v 0.585672 0.112128 -0.825109
v 0.621113 0.112128 -0.799123
v 0.473030 0.112128 -0.893462
v 0.511561 0.112128 -0.872323
v 1.221973 0.112128 -1.259091
v 0.511561 0.112128 -0.872323
v 0.549131 0.112128 -0.849525
v 1.221973 0.112128 -1.259091
v 1.221973 0.112128 -1.259091
v 0.549131 0.112128 -0.849525
v 0.585672 0.112128 -0.825109
v -0.457183 0.112128 -0.893462
v -0.417768 0.112128 -0.912899
v -1.206118 0.112128 -1.259091
v -0.417768 0.112128 -0.912899
v -0.377543 0.112128 -0.930599
v -1.206118 0.112128 -1.259091
v -1.206118 0.112128 -1.259091
v -0.377543 0.112128 -0.930599
v -0.336584 0.112128 -0.946527
v -0.336584 0.112128 -0.946527
v -0.294969 0.112128 -0.960653
v -1.206118 0.112128 -1.259091
v -0.294969 0.112128 -0.960653
v -0.252777 0.112128 -0.972951
v -1.206118 0.112128 -1.259091
v -1.206118 0.112128 -1.259091
v -0.252777 0.112128 -0.972951
v -0.210090 0.112128 -0.983396
v -0.672580 0.112128 -0.742639
v -1.206118 0.112128 -1.259091
v -0.686297 0.112128 -0.729833
v -1.206118 0.112128 -1.259091
v -1.207297 0.112128 -1.259081
v -0.686297 0.112128 -0.729833
v -0.672580 0.112128 -0.742639
v -0.639539 0.112128 -0.771615
v -1.206118 0.112128 -1.259091
v -0.639539 0.112128 -0.771615
v -0.605265 0.112128 -0.799123
v -1.206118 0.112128 -1.259091
v -1.206118 0.112128 -1.259091
v -0.605265 0.112128 -0.799123
v -0.569824 0.112128 -0.825109
v -0.569824 0.112128 -0.825109
v -0.533283 0.112128 -0.849525
v -1.206118 0.112128 -1.259091
v -0.533283 0.112128 -0.849525
v -0.495712 0.112128 -0.872323
v -1.206118 0.112128 -1.259091
v -1.206118 0.112128 -1.259091
v -0.495712 0.112128 -0.872323
v -0.457183 0.112128 -0.893462
v -0.210090 0.112128 -0.983396
v -0.166988 0.112128 -0.991970
v -1.206118 0.112128 -1.259091
v -0.166988 0.112128 -0.991970
v -0.123552 0.112128 -0.998655
v -1.206118 0.112128 -1.259091
v -1.206118 0.112128 -1.259091
v -0.123552 0.112128 -0.998655
v -0.079866 0.112128 -1.003440
v 0.621113 0.112128 -0.799123
v 0.655386 0.112128 -0.771615
v 1.221973 0.112128 -1.259091
v 0.655386 0.112128 -0.771615
v 0.688428 0.112128 -0.742639
v 1.221973 0.112128 -1.259091
v 1.221973 0.112128 -1.259091
v 0.688428 0.112128 -0.742639
v 1.223141 0.112128 -1.259081
v 0.688428 0.112128 -0.742639
v 0.702145 0.112128 -0.729833
v 1.223141 0.112128 -1.259081
v -1.207297 0.112128 -1.259081
v -1.208475 0.112128 -1.259041
v -0.686297 0.112128 -0.729833
v -1.208475 0.112128 -1.259041
v -1.209634 0.112128 -1.258970
v -0.686297 0.112128 -0.729833
v -0.686297 0.112128 -0.729833
v -1.209634 0.112128 -1.258970
v -1.210792 0.112128 -1.258889
v 0.095713 0.112128 -1.003440
v 0.139399 0.112128 -0.998655
v 1.221973 0.112128 -1.259091
v 0.139399 0.112128 -0.998655
v 0.182835 0.112128 -0.991970
v 1.221973 0.112128 -1.259091
v 1.226647 0.112128 -1.258889
v 1.225488 0.112128 -1.258970
v 0.702145 0.112128 -0.729833
v 1.225488 0.112128 -1.258970
v 1.224320 0.112128 -1.259041
v 0.702145 0.112128 -0.729833
v 0.702145 0.112128 -0.729833
v 1.224320 0.112128 -1.259041
v 1.223141 0.112128 -1.259081
v -0.079866 0.112128 -1.003440
v -0.036013 0.112128 -1.006314
v -1.206118 0.112128 -1.259091
v -0.036013 0.112128 -1.006314
v 0.007924 0.112128 -1.007273
v -1.206118 0.112128 -1.259091
v -1.206118 0.112128 -1.259091
v 0.007924 0.112128 -1.007273
v 1.221973 0.112128 -1.259091
v 0.007924 0.112128 -1.007273
v 0.051861 0.112128 -1.006314
v 1.221973 0.112128 -1.259091
v 1.221973 0.112128 -1.259091
v 0.051861 0.112128 -1.006314
v 0.095713 0.112128 -1.003440
v 0.182835 0.112128 -0.991970
v 0.225937 0.112128 -0.983396
v 1.221973 0.112128 -1.259091
v 0.225937 0.112128 -0.983396
v 0.268626 0.112128 -0.972951
v 1.221973 0.112128 -1.259091
v 1.221973 0.112128 -1.259091
v 0.268626 0.112128 -0.972951
v 0.310817 0.112128 -0.960653
v 0.310817 0.112128 -0.960653
v 0.352432 0.112128 -0.946527
v 1.221973 0.112128 -1.259091
v 0.352432 0.112128 -0.946527
v 0.393390 0.112128 -0.930599
v 1.221973 0.112128 -1.259091
v 1.221973 0.112128 -1.259091
v 0.393390 0.112128 -0.930599
v 0.433616 0.112128 -0.912899
v -1.210792 0.112128 -1.258889
v -1.211951 0.112128 -1.258769
v -0.686297 0.112128 -0.729833
v -1.211951 0.112128 -1.258769
v -1.213089 0.112128 -1.258628
v -0.686297 0.112128 -0.729833
v -0.686297 0.112128 -0.729833
v -1.213089 0.112128 -1.258628
v -1.214821 0.112128 -1.258366
v 1.230676 0.112128 -1.258366
v 1.228943 0.112128 -1.258628
v 0.702145 0.112128 -0.729833
v 1.228943 0.112128 -1.258628
v 1.227795 0.112128 -1.258769
v 0.702145 0.112128 -0.729833
v 0.702145 0.112128 -0.729833
v 1.227795 0.112128 -1.258769
v 1.226647 0.112128 -1.258889
v -1.214821 0.112128 1.258366
v -0.686296 0.112128 0.729834
v -1.240003 0.062127 1.283547
v -0.686296 0.112128 0.729834
v -0.686296 0.062127 0.729834
v -1.240003 0.062127 1.283547
v -1.049709 0.062128 -0.251818
v -1.049709 0.062127 0.251818
v -1.049709 0.112128 -0.251818
v -1.049709 0.062127 0.251818
v -1.049709 0.112128 0.251818
v -1.049709 0.112128 -0.251818
v 1.392927 -0.137872 1.339955
v 1.392927 -0.137872 -1.339955
v 1.267018 0.112128 1.214046
v 1.392927 -0.137872 -1.339955
v 1.267018 0.112128 -1.214046
v 1.267018 0.112128 1.214046
v 1.221973 0.112128 1.259091
v -1.206118 0.112128 1.259091
v 1.347882 -0.137872 1.385000
v -1.206118 0.112128 1.259091
v -1.332028 -0.137873 1.385000
v 1.347882 -0.137872 1.385000
v -0.721909 0.062128 -0.694220
v -0.721909 0.112128 -0.694220
v -0.734716 0.112128 -0.680503
v -0.686296 0.062127 0.729834
v -0.686296 0.112128 0.729834
v -0.672580 0.112128 0.742640
v 0.737757 0.062127 0.694220
v 0.737757 0.112128 0.694220
v 0.750563 0.112128 0.680504
v 0.702145 0.062128 -0.729833
v 0.702145 0.112128 -0.729833
v 0.688428 0.112128 -0.742639
v 0.750563 -0.012872 -0.680503
v 0.737757 0.062128 -0.694220
v 0.720174 -0.012872 -0.712250
v 0.737757 0.062128 -0.694220
v 0.720174 0.062128 -0.712250
v 0.720174 -0.012872 -0.712250
v 0.720174 -0.012872 -0.712250
v 0.720174 0.062128 -0.712250
v 0.688428 -0.012872 -0.742639
v 0.688428 -0.012873 0.742640
v 0.702145 0.062127 0.729834
v 0.720174 -0.012873 0.712250
v 0.702145 0.062127 0.729834
v 0.720174 0.062127 0.712250
v 0.720174 -0.012873 0.712250
v 0.720174 -0.012873 0.712250
v 0.720174 0.062127 0.712250
v 0.750563 -0.012873 0.680504
v -0.734716 -0.012873 0.680504
v -0.721909 0.062127 0.694221
v -0.704325 -0.012873 0.712250
v -0.721909 0.062127 0.694221
v -0.704325 0.062127 0.712250
v -0.704325 -0.012873 0.712250
v -0.704325 -0.012873 0.712250
v -0.704325 0.062127 0.712250
v -0.672580 -0.012873 0.742640
v -0.672580 -0.012872 -0.742639
v -0.686297 0.062128 -0.729833
v -0.704325 -0.012872 -0.712250
v -0.686297 0.062128 -0.729833
v -0.704325 0.062128 -0.712250
v -0.704325 -0.012872 -0.712250
v -0.704325 -0.012872 -0.712250
v -0.704325 0.062128 -0.712250
v -0.734716 -0.012872 -0.680503
v -0.704325 0.062128 -0.712250
v -0.721909 0.062128 -0.694220
v -0.734716 -0.012872 -0.680503
v -0.721909 0.062128 -0.694220
v -0.734716 0.112128 -0.680503
v -0.734716 -0.012872 -0.680503
v -0.734716 -0.012872 -0.680503
v -0.734716 0.112128 -0.680503
v -0.763692 -0.012872 -0.647463
v -0.734716 0.112128 -0.680503
v -0.763692 0.112128 -0.647463
v -0.763692 -0.012872 -0.647463
v -0.763692 -0.012872 -0.647463
v -0.763692 0.112128 -0.647463
v -0.791200 -0.012872 -0.613188
v -0.763692 0.112128 -0.647463
v -0.791200 0.112128 -0.613188
v -0.791200 -0.012872 -0.613188
v -0.791200 -0.012872 -0.613188
v -0.791200 0.112128 -0.613188
v -0.817185 -0.012872 -0.577747
v -0.791200 0.112128 -0.613188
v -0.817185 0.112128 -0.577747
v -0.817185 -0.012872 -0.577747
v -0.817185 -0.012872 -0.577747
v -0.817185 0.112128 -0.577747
v -0.841601 -0.012872 -0.541207
v -0.817185 0.112128 -0.577747
v -0.841601 0.112128 -0.541207
v -0.841601 -0.012872 -0.541207
v -0.841601 -0.012872 -0.541207
v -0.841601 0.112128 -0.541207
v -0.864400 -0.012872 -0.503636
v -0.841601 0.112128 -0.541207
v -0.864400 0.112128 -0.503636
v -0.864400 -0.012872 -0.503636
v -0.864400 -0.012872 -0.503636
v -0.864400 0.112128 -0.503636
v -0.885538 -0.012872 -0.465106
v -0.864400 0.112128 -0.503636
v -0.885538 0.112128 -0.465106
v -0.885538 -0.012872 -0.465106
v -0.885538 -0.012872 -0.465106
v -0.885538 0.112128 -0.465106
v -0.904975 -0.012872 -0.425692
v -0.885538 0.112128 -0.465106
v -0.904975 0.112128 -0.425692
v -0.904975 -0.012872 -0.425692
v -0.904975 -0.012872 -0.425692
v -0.904975 0.112128 -0.425692
v -0.922675 -0.012872 -0.385466
v -0.904975 0.112128 -0.425692
v -0.922675 0.112128 -0.385466
v -0.922675 -0.012872 -0.385466
v -0.922675 -0.012872 -0.385466
v -0.922675 0.112128 -0.385466
v -0.938603 -0.012872 -0.344507
v -0.922675 0.112128 -0.385466
v -0.938603 0.112128 -0.344507
v -0.938603 -0.012872 -0.344507
v -0.938603 -0.012872 -0.344507
v -0.938603 0.112128 -0.344507
v -0.952729 -0.012872 -0.302893
v -0.938603 0.112128 -0.344507
v -0.952729 0.112128 -0.302893
v -0.952729 -0.012872 -0.302893
v -0.952729 -0.012872 -0.302893
v -0.952729 0.112128 -0.302893
v -0.965027 -0.012872 -0.260701
v -0.952729 0.112128 -0.302893
v -0.965027 0.112128 -0.260701
v -0.965027 -0.012872 -0.260701
v -0.965027 -0.012872 -0.260701
v -0.965027 0.112128 -0.260701
v -0.975473 -0.012872 -0.218013
v -0.965027 0.112128 -0.260701
v -0.975473 0.112128 -0.218013
v -0.975473 -0.012872 -0.218013
v -0.975473 -0.012872 -0.218013
v -0.975473 0.112128 -0.218013
v -0.984046 -0.012872 -0.174911
v -0.975473 0.112128 -0.218013
v -0.984046 0.112128 -0.174911
v -0.984046 -0.012872 -0.174911
v -0.984046 -0.012872 -0.174911
v -0.984046 0.112128 -0.174911
v -0.990731 -0.012872 -0.131475
v -0.984046 0.112128 -0.174911
v -0.990731 0.112128 -0.131475
v -0.990731 -0.012872 -0.131475
v -0.990731 -0.012872 -0.131475
v -0.990731 0.112128 -0.131475
v -0.995516 -0.012872 -0.087789
v -0.990731 0.112128 -0.131475
v -0.995516 0.112128 -0.087789
v -0.995516 -0.012872 -0.087789
v -0.995516 -0.012872 -0.087789
v -0.995516 0.112128 -0.087789
v -0.998391 -0.012872 -0.043936
v -0.995516 0.112128 -0.087789
v -0.998391 0.112128 -0.043936
v -0.998391 -0.012872 -0.043936
v -0.998391 -0.012872 -0.043936
v -0.998391 0.112128 -0.043936
v -0.999349 -0.012873 0.000000
v -0.998391 0.112128 -0.043936
v -0.999349 0.112128 0.000000
v -0.999349 -0.012873 0.000000
v -0.999349 -0.012873 0.000000
v -0.999349 0.112128 0.000000
v -0.998391 -0.012873 0.043937
v -0.999349 0.112128 0.000000
v -0.998391 0.112128 0.043937
v -0.998391 -0.012873 0.043937
v -0.998391 -0.012873 0.043937
v -0.998391 0.112128 0.043937
v -0.995516 -0.012873 0.087790
v -0.998391 0.112128 0.043937
v -0.995516 0.112128 0.087790
v -0.995516 -0.012873 0.087790
v -0.995516 -0.012873 0.087790
v -0.995516 0.112128 0.087790
v -0.990731 -0.012873 0.131475
v -0.995516 0.112128 0.087790
v -0.990731 0.112128 0.131475
v -0.990731 -0.012873 0.131475
v -0.990731 -0.012873 0.131475
v -0.990731 0.112128 0.131475
v -0.984046 -0.012873 0.174912
v -0.990731 0.112128 0.131475
v -0.984046 0.112128 0.174912
v -0.984046 -0.012873 0.174912
v -0.984046 -0.012873 0.174912
v -0.984046 0.112128 0.174912
v -0.975473 -0.012873 0.218014
v -0.984046 0.112128 0.174912
v -0.975473 0.112128 0.218014
v -0.975473 -0.012873 0.218014
v -0.975473 -0.012873 0.218014
v -0.975473 0.112128 0.218014
v -0.965027 -0.012873 0.260701
v -0.975473 0.112128 0.218014
v -0.965027 0.112128 0.260701
v -0.965027 -0.012873 0.260701
v -0.965027 -0.012873 0.260701
v -0.965027 0.112128 0.260701
v -0.952729 -0.012873 0.302893
v -0.965027 0.112128 0.260701
v -0.952729 0.112128 0.302893
v -0.952729 -0.012873 0.302893
v -0.952729 -0.012873 0.302893
v -0.952729 0.112128 0.302893
v -0.938603 -0.012873 0.344508
v -0.952729 0.112128 0.302893
v -0.938603 0.112128 0.344508
v -0.938603 -0.012873 0.344508
v -0.938603 -0.012873 0.344508
v -0.938603 0.112128 0.344508
v -0.922675 -0.012873 0.385467
v -0.938603 0.112128 0.344508
v -0.922675 0.112128 0.385467
v -0.922675 -0.012873 0.385467
v -0.922675 -0.012873 0.385467
v -0.922675 0.112128 0.385467
v -0.904975 -0.012873 0.425693
v -0.922675 0.112128 0.385467
v -0.904975 0.112128 0.425693
v -0.904975 -0.012873 0.425693
v -0.904975 -0.012873 0.425693
v -0.904975 0.112128 0.425693
v -0.885538 -0.012873 0.465107
v -0.904975 0.112128 0.425693
v -0.885538 0.112128 0.465107
v -0.885538 -0.012873 0.465107
v -0.885538 -0.012873 0.465107
v -0.885538 0.112128 0.465107
v -0.864400 -0.012873 0.503636
v -0.885538 0.112128 0.465107
v -0.864400 0.112128 0.503636
v -0.864400 -0.012873 0.503636
v -0.864400 -0.012873 0.503636
v -0.864400 0.112128 0.503636
v -0.841601 -0.012873 0.541208
v -0.864400 0.112128 0.503636
v -0.841601 0.112128 0.541208
v -0.841601 -0.012873 0.541208
v -0.841601 -0.012873 0.541208
v -0.841601 0.112128 0.541208
v -0.817185 -0.012873 0.577748
v -0.841601 0.112128 0.541208
v -0.817185 0.112128 0.577748
v -0.817185 -0.012873 0.577748
v -0.817185 -0.012873 0.577748
v -0.817185 0.112128 0.577748
v -0.791200 -0.012873 0.613189
v -0.817185 0.112128 0.577748
v -0.791200 0.112128 0.613189
v -0.791200 -0.012873 0.613189
v -0.791200 -0.012873 0.613189
v -0.791200 0.112128 0.613189
v -0.763692 -0.012873 0.647463
v -0.791200 0.112128 0.613189
v -0.763692 0.112128 0.647463
v -0.763692 -0.012873 0.647463
v -0.763692 -0.012873 0.647463
v -0.763692 0.112128 0.647463
v -0.734716 -0.012873 0.680504
v -0.763692 0.112128 0.647463
v -0.734716 0.112128 0.680504
v -0.734716 -0.012873 0.680504
v -0.734716 -0.012873 0.680504
v -0.734716 0.112128 0.680504
v -0.721909 0.062127 0.694221
v -0.734716 0.112128 0.680504
v -0.721909 0.112128 0.694221
v -0.721909 0.062127 0.694221
v -0.704325 0.062127 0.712250
v -0.686296 0.062127 0.729834
v -0.672580 -0.012873 0.742640
v -0.686296 0.062127 0.729834
v -0.672580 0.112128 0.742640
v -0.672580 -0.012873 0.742640
v -0.672580 -0.012873 0.742640
v -0.672580 0.112128 0.742640
v -0.639539 -0.012873 0.771616
v -0.672580 0.112128 0.742640
v -0.639539 0.112128 0.771616
v -0.639539 -0.012873 0.771616
v -0.639539 -0.012873 0.771616
v -0.639539 0.112128 0.771616
v -0.605265 -0.012873 0.799124
v -0.639539 0.112128 0.771616
v -0.605265 0.112128 0.799124
v -0.605265 -0.012873 0.799124
v -0.605265 -0.012873 0.799124
v -0.605265 0.112128 0.799124
v -0.569824 -0.012873 0.825109
v -0.605265 0.112128 0.799124
v -0.569824 0.112128 0.825109
v -0.569824 -0.012873 0.825109
v -0.569824 -0.012873 0.825109
v -0.569824 0.112128 0.825109
v -0.533283 -0.012873 0.849526
v -0.569824 0.112128 0.825109
v -0.533283 0.112128 0.849526
v -0.533283 -0.012873 0.849526
v -0.533283 -0.012873 0.849526
v -0.533283 0.112128 0.849526
v -0.495712 -0.012873 0.872324
v -0.533283 0.112128 0.849526
v -0.495712 0.112128 0.872324
v -0.495712 -0.012873 0.872324
v -0.495712 -0.012873 0.872324
v -0.495712 0.112128 0.872324
v -0.457183 -0.012873 0.893462
v -0.495712 0.112128 0.872324
v -0.457183 0.112128 0.893462
v -0.457183 -0.012873 0.893462
v -0.457183 -0.012873 0.893462
v -0.457183 0.112128 0.893462
v -0.417768 -0.012873 0.912899
v -0.457183 0.112128 0.893462
v -0.417768 0.112128 0.912899
v -0.417768 -0.012873 0.912899
v -0.417768 -0.012873 0.912899
v -0.417768 0.112128 0.912899
v -0.377543 -0.012873 0.930599
v -0.417768 0.112128 0.912899
v -0.377543 0.112128 0.930599
v -0.377543 -0.012873 0.930599
v -0.377543 -0.012873 0.930599
v -0.377543 0.112128 0.930599
v -0.336584 -0.012873 0.946527
v -0.377543 0.112128 0.930599
v -0.336584 0.112128 0.946527
v -0.336584 -0.012873 0.946527
v -0.336584 -0.012873 0.946527
v -0.336584 0.112128 0.946527
v -0.294969 -0.012873 0.960653
v -0.336584 0.112128 0.946527
v -0.294969 0.112128 0.960653
v -0.294969 -0.012873 0.960653
v -0.294969 -0.012873 0.960653
v -0.294969 0.112128 0.960653
v -0.252777 -0.012873 0.972951
v -0.294969 0.112128 0.960653
v -0.252777 0.112128 0.972951
v -0.252777 -0.012873 0.972951
v -0.252777 -0.012873 0.972951
v -0.252777 0.112128 0.972951
v -0.210090 -0.012873 0.983396
v -0.252777 0.112128 0.972951
v -0.210090 0.112128 0.983396
v -0.210090 -0.012873 0.983396
v -0.210090 -0.012873 0.983396
v -0.210090 0.112128 0.983396
v -0.166987 -0.012873 0.991970
v -0.210090 0.112128 0.983396
v -0.166987 0.112128 0.991970
v -0.166987 -0.012873 0.991970
v -0.166987 -0.012873 0.991970
v -0.166987 0.112128 0.991970
v -0.123551 -0.012873 0.998655
v -0.166987 0.112128 0.991970
v -0.123551 0.112128 0.998655
v -0.123551 -0.012873 0.998655
v -0.123551 -0.012873 0.998655
v -0.123551 0.112128 0.998655
v -0.079866 -0.012873 1.003440
v -0.123551 0.112128 0.998655
v -0.079866 0.112128 1.003440
v -0.079866 -0.012873 1.003440
v -0.079866 -0.012873 1.003440
v -0.079866 0.112128 1.003440
v -0.036013 -0.012873 1.006315
v -0.079866 0.112128 1.003440
v -0.036013 0.112128 1.006315
v -0.036013 -0.012873 1.006315
v -0.036013 -0.012873 1.006315
v -0.036013 0.112128 1.006315
v 0.007924 -0.012873 1.007273
v -0.036013 0.112128 1.006315
v 0.007924 0.112128 1.007273
v 0.007924 -0.012873 1.007273
v 0.007924 -0.012873 1.007273
v 0.007924 0.112128 1.007273
v 0.051861 -0.012873 1.006315
v 0.007924 0.112128 1.007273
v 0.051861 0.112128 1.006315
v 0.051861 -0.012873 1.006315
v 0.051861 -0.012873 1.006315
v 0.051861 0.112128 1.006315
v 0.095714 -0.012873 1.003440
v 0.051861 0.112128 1.006315
v 0.095714 0.112128 1.003440
v 0.095714 -0.012873 1.003440
v 0.095714 -0.012873 1.003440
v 0.095714 0.112128 1.003440
v 0.139399 -0.012873 0.998655
v 0.095714 0.112128 1.003440
v 0.139399 0.112128 0.998655
v 0.139399 -0.012873 0.998655
v 0.139399 -0.012873 0.998655
v 0.139399 0.112128 0.998655
v 0.182835 -0.012873 0.991970
v 0.139399 0.112128 0.998655
v 0.182835 0.112128 0.991970
v 0.182835 -0.012873 0.991970
v 0.182835 -0.012873 0.991970
v 0.182835 0.112128 0.991970
v 0.225937 -0.012873 0.983396
v 0.182835 0.112128 0.991970
v 0.225937 0.112128 0.983396
v 0.225937 -0.012873 0.983396
v 0.225937 -0.012873 0.983396
v 0.225937 0.112128 0.983396
v 0.268626 -0.012873 0.972951
v 0.225937 0.112128 0.983396
v 0.268626 0.112128 0.972951
v 0.268626 -0.012873 0.972951
v 0.268626 -0.012873 0.972951
v 0.268626 0.112128 0.972951
v 0.310817 -0.012873 0.960653
v 0.268626 0.112128 0.972951
v 0.310817 0.112128 0.960653
v 0.310817 -0.012873 0.960653
v 0.310817 -0.012873 0.960653
v 0.310817 0.112128 0.960653
v 0.352432 -0.012873 0.946527
v 0.310817 0.112128 0.960653
v 0.352432 0.112128 0.946527
v 0.352432 -0.012873 0.946527
v 0.352432 -0.012873 0.946527
v 0.352432 0.112128 0.946527
v 0.393390 -0.012873 0.930599
v 0.352432 0.112128 0.946527
v 0.393390 0.112128 0.930599
v 0.393390 -0.012873 0.930599
v 0.393390 -0.012873 0.930599
v 0.393390 0.112128 0.930599
v 0.433616 -0.012873 0.912899
v 0.393390 0.112128 0.930599
v 0.433616 0.112128 0.912899
v 0.433616 -0.012873 0.912899
v 0.433616 -0.012873 0.912899
v 0.433616 0.112128 0.912899
v 0.473030 -0.012873 0.893462
v 0.433616 0.112128 0.912899
v 0.473030 0.112128 0.893462
v 0.473030 -0.012873 0.893462
v 0.473030 -0.012873 0.893462
v 0.473030 0.112128 0.893462
v 0.511561 -0.012873 0.872324
v 0.473030 0.112128 0.893462
v 0.511561 0.112128 0.872324
v 0.511561 -0.012873 0.872324
v 0.511561 -0.012873 0.872324
v 0.511561 0.112128 0.872324
v 0.549132 -0.012873 0.849526
v 0.511561 0.112128 0.872324
v 0.549132 0.112128 0.849526
v 0.549132 -0.012873 0.849526
v 0.549132 -0.012873 0.849526
v 0.549132 0.112128 0.849526
v 0.585672 -0.012873 0.825109
v 0.549132 0.112128 0.849526
v 0.585672 0.112128 0.825109
v 0.585672 -0.012873 0.825109
v 0.585672 -0.012873 0.825109
v 0.585672 0.112128 0.825109
v 0.621113 -0.012873 0.799124
v 0.585672 0.112128 0.825109
v 0.621113 0.112128 0.799124
v 0.621113 -0.012873 0.799124
v 0.621113 -0.012873 0.799124
v 0.621113 0.112128 0.799124
v 0.655387 -0.012873 0.771616
v 0.621113 0.112128 0.799124
v 0.655387 0.112128 0.771616
v 0.655387 -0.012873 0.771616
v 0.655387 -0.012873 0.771616
v 0.655387 0.112128 0.771616
v 0.688428 -0.012873 0.742640
v 0.655387 0.112128 0.771616
v 0.688428 0.112128 0.742640
v 0.688428 -0.012873 0.742640
v 0.688428 -0.012873 0.742640
v 0.688428 0.112128 0.742640
v 0.702145 0.062127 0.729834
v 0.688428 0.112128 0.742640
v 0.702145 0.112128 0.729834
v 0.702145 0.062127 0.729834
v 0.720174 0.062127 0.712250
v 0.737757 0.062127 0.694220
v 0.750563 -0.012873 0.680504
v 0.737757 0.062127 0.694220
v 0.750563 0.112128 0.680504
v 0.750563 -0.012873 0.680504
v 0.750563 -0.012873 0.680504
v 0.750563 0.112128 0.680504
v 0.779539 -0.012873 0.647463
v 0.750563 0.112128 0.680504
v 0.779539 0.112128 0.647463
v 0.779539 -0.012873 0.647463
v 0.779539 -0.012873 0.647463
v 0.779539 0.112128 0.647463
v 0.807047 -0.012872 0.613189
v 0.779539 0.112128 0.647463
v 0.807047 0.112128 0.613189
v 0.807047 -0.012872 0.613189
v 0.807047 -0.012872 0.613189
v 0.807047 0.112128 0.613189
v 0.833034 -0.012872 0.577748
v 0.807047 0.112128 0.613189
v 0.833034 0.112128 0.577748
v 0.833034 -0.012872 0.577748
v 0.833034 -0.012872 0.577748
v 0.833034 0.112128 0.577748
v 0.857449 -0.012872 0.541208
v 0.833034 0.112128 0.577748
v 0.857449 0.112128 0.541208
v 0.857449 -0.012872 0.541208
v 0.857449 -0.012872 0.541208
v 0.857449 0.112128 0.541208
v 0.880248 -0.012872 0.503636
v 0.857449 0.112128 0.541208
v 0.880248 0.112128 0.503636
v 0.880248 -0.012872 0.503636
v 0.880248 -0.012872 0.503636
v 0.880248 0.112128 0.503636
v 0.901386 -0.012872 0.465107
v 0.880248 0.112128 0.503636
v 0.901386 0.112128 0.465107
v 0.901386 -0.012872 0.465107
v 0.901386 -0.012872 0.465107
v 0.901386 0.112128 0.465107
v 0.920824 -0.012872 0.425693
v 0.901386 0.112128 0.465107
v 0.920824 0.112128 0.425693
v 0.920824 -0.012872 0.425693
v 0.920824 -0.012872 0.425693
v 0.920824 0.112128 0.425693
v 0.938522 -0.012872 0.385467
v 0.920824 0.112128 0.425693
v 0.938522 0.112128 0.385467
v 0.938522 -0.012872 0.385467
v 0.938522 -0.012872 0.385467
v 0.938522 0.112128 0.385467
v 0.954451 -0.012872 0.344507
v 0.938522 0.112128 0.385467
v 0.954451 0.112128 0.344507
v 0.954451 -0.012872 0.344507
v 0.954451 -0.012872 0.344507
v 0.954451 0.112128 0.344507
v 0.968577 -0.012872 0.302893
v 0.954451 0.112128 0.344507
v 0.968577 0.112128 0.302893
v 0.968577 -0.012872 0.302893
v 0.968577 -0.012872 0.302893
v 0.968577 0.112128 0.302893
v 0.980875 -0.012872 0.260701
v 0.968577 0.112128 0.302893
v 0.980875 0.112128 0.260701
v 0.980875 -0.012872 0.260701
v 0.980875 -0.012872 0.260701
v 0.980875 0.112128 0.260701
v 0.991321 -0.012872 0.218014
v 0.980875 0.112128 0.260701
v 0.991321 0.112128 0.218014
v 0.991321 -0.012872 0.218014
v 0.991321 -0.012872 0.218014
v 0.991321 0.112128 0.218014
v 0.999894 -0.012872 0.174911
v 0.991321 0.112128 0.218014
v 0.999894 0.112128 0.174911
v 0.999894 -0.012872 0.174911
v 0.999894 -0.012872 0.174911
v 0.999894 0.112128 0.174911
v 1.006580 -0.012872 0.131475
v 0.999894 0.112128 0.174911
v 1.006580 0.112128 0.131475
v 1.006580 -0.012872 0.131475
v 1.006580 -0.012872 0.131475
v 1.006580 0.112128 0.131475
v 1.011362 -0.012872 0.087790
v 1.006580 0.112128 0.131475
v 1.011362 0.112128 0.087790
v 1.011362 -0.012872 0.087790
v 1.011362 -0.012872 0.087790
v 1.011362 0.112128 0.087790
v 1.014243 -0.012872 0.043937
v 1.011362 0.112128 0.087790
v 1.014243 0.112128 0.043937
v 1.014243 -0.012872 0.043937
v 1.014243 -0.012872 0.043937
v 1.014243 0.112128 0.043937
v 1.015200 -0.012872 0.000000
v 1.014243 0.112128 0.043937
v 1.015200 0.112128 0.000000
v 1.015200 -0.012872 0.000000
v 1.015200 -0.012872 0.000000
v 1.015200 0.112128 0.000000
v 1.014243 -0.012872 -0.043936
v 1.015200 0.112128 0.000000
v 1.014243 0.112128 -0.043936
v 1.014243 -0.012872 -0.043936
v 1.014243 -0.012872 -0.043936
v 1.014243 0.112128 -0.043936
v 1.011362 -0.012872 -0.087789
v 1.014243 0.112128 -0.043936
v 1.011362 0.112128 -0.087789
v 1.011362 -0.012872 -0.087789
v 1.011362 -0.012872 -0.087789
v 1.011362 0.112128 -0.087789
v 1.006580 -0.012872 -0.131475
v 1.011362 0.112128 -0.087789
v 1.006580 0.112128 -0.131475
v 1.006580 -0.012872 -0.131475
v 1.006580 -0.012872 -0.131475
v 1.006580 0.112128 -0.131475
v 0.999894 -0.012872 -0.174911
v 1.006580 0.112128 -0.131475
v 0.999894 0.112128 -0.174911
v 0.999894 -0.012872 -0.174911
v 0.999894 -0.012872 -0.174911
v 0.999894 0.112128 -0.174911
v 0.991321 -0.012872 -0.218013
v 0.999894 0.112128 -0.174911
v 0.991321 0.112128 -0.218013
v 0.991321 -0.012872 -0.218013
v 0.991321 -0.012872 -0.218013
v 0.991321 0.112128 -0.218013
v 0.980875 -0.012872 -0.260701
v 0.991321 0.112128 -0.218013
v 0.980875 0.112128 -0.260701
v 0.980875 -0.012872 -0.260701
v 0.980875 -0.012872 -0.260701
v 0.980875 0.112128 -0.260701
v 0.968577 -0.012872 -0.302893
v 0.980875 0.112128 -0.260701
v 0.968577 0.112128 -0.302893
v 0.968577 -0.012872 -0.302893
v 0.968577 -0.012872 -0.302893
v 0.968577 0.112128 -0.302893
v 0.954451 -0.012872 -0.344507
v 0.968577 0.112128 -0.302893
v 0.954451 0.112128 -0.344507
v 0.954451 -0.012872 -0.344507
v 0.954451 -0.012872 -0.344507
v 0.954451 0.112128 -0.344507
v 0.938522 -0.012872 -0.385466
v 0.954451 0.112128 -0.344507
v 0.938522 0.112128 -0.385466
v 0.938522 -0.012872 -0.385466
v 0.938522 -0.012872 -0.385466
v 0.938522 0.112128 -0.385466
v 0.920824 -0.012872 -0.425692
v 0.938522 0.112128 -0.385466
v 0.920824 0.112128 -0.425692
v 0.920824 -0.012872 -0.425692
v 0.920824 -0.012872 -0.425692
v 0.920824 0.112128 -0.425692
v 0.901386 -0.012872 -0.465107
v 0.920824 0.112128 -0.425692
v 0.901386 0.112128 -0.465107
v 0.901386 -0.012872 -0.465107
v 0.901386 -0.012872 -0.465107
v 0.901386 0.112128 -0.465107
v 0.880248 -0.012872 -0.503636
v 0.901386 0.112128 -0.465107
v 0.880248 0.112128 -0.503636
v 0.880248 -0.012872 -0.503636
v 0.880248 -0.012872 -0.503636
v 0.880248 0.112128 -0.503636
v 0.857449 -0.012872 -0.541208
v 0.880248 0.112128 -0.503636
v 0.857449 0.112128 -0.541208
v 0.857449 -0.012872 -0.541208
v 0.857449 -0.012872 -0.541208
v 0.857449 0.112128 -0.541208
v 0.833034 -0.012872 -0.577747
v 0.857449 0.112128 -0.541208
v 0.833034 0.112128 -0.577747
v 0.833034 -0.012872 -0.577747
v 0.833034 -0.012872 -0.577747
v 0.833034 0.112128 -0.577747
v 0.807047 -0.012872 -0.613188
v 0.833034 0.112128 -0.577747
v 0.807047 0.112128 -0.613188
v 0.807047 -0.012872 -0.613188
v 0.807047 -0.012872 -0.613188
v 0.807047 0.112128 -0.613188
v 0.779539 -0.012872 -0.647463
v 0.807047 0.112128 -0.613188
v 0.779539 0.112128 -0.647463
v 0.779539 -0.012872 -0.647463
v 0.779539 -0.012872 -0.647463
v 0.779539 0.112128 -0.647463
v 0.750563 -0.012872 -0.680503
v 0.779539 0.112128 -0.647463
v 0.750563 0.112128 -0.680503
v 0.750563 -0.012872 -0.680503
v 0.750563 -0.012872 -0.680503
v 0.750563 0.112128 -0.680503
v 0.737757 0.062128 -0.694220
v 0.750563 0.112128 -0.680503
v 0.737757 0.112128 -0.694220
v 0.737757 0.062128 -0.694220
v 0.720174 0.062128 -0.712250
v 0.702145 0.062128 -0.729833
v 0.688428 -0.012872 -0.742639
v 0.702145 0.062128 -0.729833
v 0.688428 0.112128 -0.742639
v 0.688428 -0.012872 -0.742639
v 0.688428 -0.012872 -0.742639
v 0.688428 0.112128 -0.742639
v 0.655386 -0.012872 -0.771615
v 0.688428 0.112128 -0.742639
v 0.655386 0.112128 -0.771615
v 0.655386 -0.012872 -0.771615
v 0.655386 -0.012872 -0.771615
v 0.655386 0.112128 -0.771615
v 0.621113 -0.012872 -0.799123
v 0.655386 0.112128 -0.771615
v 0.621113 0.112128 -0.799123
v 0.621113 -0.012872 -0.799123
v 0.621113 -0.012872 -0.799123
v 0.621113 0.112128 -0.799123
v 0.585672 -0.012872 -0.825109
v 0.621113 0.112128 -0.799123
v 0.585672 0.112128 -0.825109
v 0.585672 -0.012872 -0.825109
v 0.585672 -0.012872 -0.825109
v 0.585672 0.112128 -0.825109
v 0.549131 -0.012872 -0.849525
v 0.585672 0.112128 -0.825109
v 0.549131 0.112128 -0.849525
v 0.549131 -0.012872 -0.849525
v 0.549131 -0.012872 -0.849525
v 0.549131 0.112128 -0.849525
v 0.511561 -0.012872 -0.872323
v 0.549131 0.112128 -0.849525
v 0.511561 0.112128 -0.872323
v 0.511561 -0.012872 -0.872323
v 0.511561 -0.012872 -0.872323
v 0.511561 0.112128 -0.872323
v 0.473030 -0.012872 -0.893462
v 0.511561 0.112128 -0.872323
v 0.473030 0.112128 -0.893462
v 0.473030 -0.012872 -0.893462
v 0.473030 -0.012872 -0.893462
v 0.473030 0.112128 -0.893462
v 0.433616 -0.012872 -0.912899
v 0.473030 0.112128 -0.893462
v 0.433616 0.112128 -0.912899
v 0.433616 -0.012872 -0.912899
v 0.433616 -0.012872 -0.912899
v 0.433616 0.112128 -0.912899
v 0.393390 -0.012872 -0.930599
v 0.433616 0.112128 -0.912899
v 0.393390 0.112128 -0.930599
v 0.393390 -0.012872 -0.930599
v 0.393390 -0.012872 -0.930599
v 0.393390 0.112128 -0.930599
v 0.352432 -0.012872 -0.946527
v 0.393390 0.112128 -0.930599
v 0.352432 0.112128 -0.946527
v 0.352432 -0.012872 -0.946527
v 0.352432 -0.012872 -0.946527
v 0.352432 0.112128 -0.946527
v 0.310817 -0.012872 -0.960653
v 0.352432 0.112128 -0.946527
v 0.310817 0.112128 -0.960653
v 0.310817 -0.012872 -0.960653
v 0.310817 -0.012872 -0.960653
v 0.310817 0.112128 -0.960653
v 0.268626 -0.012872 -0.972951
v 0.310817 0.112128 -0.960653
v 0.268626 0.112128 -0.972951
v 0.268626 -0.012872 -0.972951
v 0.268626 -0.012872 -0.972951
v 0.268626 0.112128 -0.972951
v 0.225937 -0.012872 -0.983396
v 0.268626 0.112128 -0.972951
v 0.225937 0.112128 -0.983396
v 0.225937 -0.012872 -0.983396
v 0.225937 -0.012872 -0.983396
v 0.225937 0.112128 -0.983396
v 0.182835 -0.012872 -0.991970
v 0.225937 0.112128 -0.983396
v 0.182835 0.112128 -0.991970
v 0.182835 -0.012872 -0.991970
v 0.182835 -0.012872 -0.991970
v 0.182835 0.112128 -0.991970
v 0.139399 -0.012872 -0.998655
v 0.182835 0.112128 -0.991970
v 0.139399 0.112128 -0.998655
v 0.139399 -0.012872 -0.998655
v 0.139399 -0.012872 -0.998655
v 0.139399 0.112128 -0.998655
v 0.095713 -0.012872 -1.003440
v 0.139399 0.112128 -0.998655
v 0.095713 0.112128 -1.003440
v 0.095713 -0.012872 -1.003440
v 0.095713 -0.012872 -1.003440
v 0.095713 0.112128 -1.003440
v 0.051861 -0.012872 -1.006314
v 0.095713 0.112128 -1.003440
v 0.051861 0.112128 -1.006314
v 0.051861 -0.012872 -1.006314
v 0.051861 -0.012872 -1.006314
v 0.051861 0.112128 -1.006314
v 0.007924 -0.012872 -1.007273
v 0.051861 0.112128 -1.006314
v 0.007924 0.112128 -1.007273
v 0.007924 -0.012872 -1.007273
v 0.007924 -0.012872 -1.007273
v 0.007924 0.112128 -1.007273
v -0.036013 -0.012872 -1.006314
v 0.007924 0.112128 -1.007273
v -0.036013 0.112128 -1.006314
v -0.036013 -0.012872 -1.006314
v -0.036013 -0.012872 -1.006314
v -0.036013 0.112128 -1.006314
v -0.079866 -0.012872 -1.003440
v -0.036013 0.112128 -1.006314
v -0.079866 0.112128 -1.003440
v -0.079866 -0.012872 -1.003440
v -0.079866 -0.012872 -1.003440
v -0.079866 0.112128 -1.003440
v -0.123552 -0.012872 -0.998655
v -0.079866 0.112128 -1.003440
v -0.123552 0.112128 -0.998655
v -0.123552 -0.012872 -0.998655
v -0.123552 -0.012872 -0.998655
v -0.123552 0.112128 -0.998655
v -0.166988 -0.012872 -0.991970
v -0.123552 0.112128 -0.998655
v -0.166988 0.112128 -0.991970
v -0.166988 -0.012872 -0.991970
v -0.166988 -0.012872 -0.991970
v -0.166988 0.112128 -0.991970
v -0.210090 -0.012872 -0.983396
v -0.166988 0.112128 -0.991970
v -0.210090 0.112128 -0.983396
v -0.210090 -0.012872 -0.983396
v -0.210090 -0.012872 -0.983396
v -0.210090 0.112128 -0.983396
v -0.252777 -0.012872 -0.972951
v -0.210090 0.112128 -0.983396
v -0.252777 0.112128 -0.972951
v -0.252777 -0.012872 -0.972951
v -0.252777 -0.012872 -0.972951
v -0.252777 0.112128 -0.972951
v -0.294969 -0.012872 -0.960653
v -0.252777 0.112128 -0.972951
v -0.294969 0.112128 -0.960653
v -0.294969 -0.012872 -0.960653
v -0.294969 -0.012872 -0.960653
v -0.294969 0.112128 -0.960653
v -0.336584 -0.012872 -0.946527
v -0.294969 0.112128 -0.960653
v -0.336584 0.112128 -0.946527
v -0.336584 -0.012872 -0.946527
v -0.336584 -0.012872 -0.946527
v -0.336584 0.112128 -0.946527
v -0.377543 -0.012872 -0.930599
v -0.336584 0.112128 -0.946527
v -0.377543 0.112128 -0.930599
v -0.377543 -0.012872 -0.930599
v -0.377543 -0.012872 -0.930599
v -0.377543 0.112128 -0.930599
v -0.417768 -0.012872 -0.912899
v -0.377543 0.112128 -0.930599
v -0.417768 0.112128 -0.912899
v -0.417768 -0.012872 -0.912899
v -0.417768 -0.012872 -0.912899
v -0.417768 0.112128 -0.912899
v -0.457183 -0.012872 -0.893462
v -0.417768 0.112128 -0.912899
v -0.457183 0.112128 -0.893462
v -0.457183 -0.012872 -0.893462
v -0.457183 -0.012872 -0.893462
v -0.457183 0.112128 -0.893462
v -0.495712 -0.012872 -0.872323
v -0.457183 0.112128 -0.893462
v -0.495712 0.112128 -0.872323
v -0.495712 -0.012872 -0.872323
v -0.495712 -0.012872 -0.872323
v -0.495712 0.112128 -0.872323
v -0.533283 -0.012872 -0.849525
v -0.495712 0.112128 -0.872323
v -0.533283 0.112128 -0.849525
v -0.533283 -0.012872 -0.849525
v -0.533283 -0.012872 -0.849525
v -0.533283 0.112128 -0.849525
v -0.569824 -0.012872 -0.825109
v -0.533283 0.112128 -0.849525
v -0.569824 0.112128 -0.825109
v -0.569824 -0.012872 -0.825109
v -0.569824 -0.012872 -0.825109
v -0.569824 0.112128 -0.825109
v -0.605265 -0.012872 -0.799123
v -0.569824 0.112128 -0.825109
v -0.605265 0.112128 -0.799123
v -0.605265 -0.012872 -0.799123
v -0.605265 -0.012872 -0.799123
v -0.605265 0.112128 -0.799123
v -0.639539 -0.012872 -0.771615
v -0.605265 0.112128 -0.799123
v -0.639539 0.112128 -0.771615
v -0.639539 -0.012872 -0.771615
v -0.639539 -0.012872 -0.771615
v -0.639539 0.112128 -0.771615
v -0.672580 -0.012872 -0.742639
v -0.639539 0.112128 -0.771615
v -0.672580 0.112128 -0.742639
v -0.672580 -0.012872 -0.742639
v -0.672580 -0.012872 -0.742639
v -0.672580 0.112128 -0.742639
v -0.686297 0.062128 -0.729833
v -0.672580 0.112128 -0.742639
v -0.686297 0.112128 -0.729833
v -0.686297 0.062128 -0.729833
v 0.095713 -0.012872 -1.003440
v 0.051861 -0.012872 -1.006314
v 0.007924 -0.012873 0.000000
v 0.051861 -0.012872 -1.006314
v 0.007924 -0.012872 -1.007273
v 0.007924 -0.012873 0.000000
v 0.007924 -0.012873 0.000000
v 0.007924 -0.012872 -1.007273
v -0.036013 -0.012872 -1.006314
v 0.225937 -0.012872 -0.983396
v 0.182835 -0.012872 -0.991970
v 0.007924 -0.012873 0.000000
v 0.182835 -0.012872 -0.991970
v 0.139399 -0.012872 -0.998655
v 0.007924 -0.012873 0.000000
v 0.007924 -0.012873 0.000000
v 0.139399 -0.012872 -0.998655
v 0.095713 -0.012872 -1.003440
v 0.352432 -0.012872 -0.946527
v 0.310817 -0.012872 -0.960653
v 0.007924 -0.012873 0.000000
v 0.310817 -0.012872 -0.960653
v 0.268626 -0.012872 -0.972951
v 0.007924 -0.012873 0.000000
v 0.007924 -0.012873 0.000000
v 0.268626 -0.012872 -0.972951
v 0.225937 -0.012872 -0.983396
v 0.473030 -0.012872 -0.893462
v 0.433616 -0.012872 -0.912899
v 0.007924 -0.012873 0.000000
v 0.433616 -0.012872 -0.912899
v 0.393390 -0.012872 -0.930599
v 0.007924 -0.012873 0.000000
v 0.007924 -0.012873 0.000000
v 0.393390 -0.012872 -0.930599
v 0.352432 -0.012872 -0.946527
v 0.585672 -0.012872 -0.825109
v 0.549131 -0.012872 -0.849525
v 0.007924 -0.012873 0.000000
v 0.549131 -0.012872 -0.849525
v 0.511561 -0.012872 -0.872323
v 0.007924 -0.012873 0.000000
v 0.007924 -0.012873 0.000000
v 0.511561 -0.012872 -0.872323
v 0.473030 -0.012872 -0.893462
v 0.688428 -0.012872 -0.742639
v 0.655386 -0.012872 -0.771615
v 0.007924 -0.012873 0.000000
v 0.655386 -0.012872 -0.771615
v 0.621113 -0.012872 -0.799123
v 0.007924 -0.012873 0.000000
v 0.007924 -0.012873 0.000000
v 0.621113 -0.012872 -0.799123
v 0.585672 -0.012872 -0.825109
v 0.779539 -0.012872 -0.647463
v 0.750563 -0.012872 -0.680503
v 0.007924 -0.012873 0.000000
v 0.750563 -0.012872 -0.680503
v 0.720174 -0.012872 -0.712250
v 0.007924 -0.012873 0.000000
v 0.007924 -0.012873 0.000000
v 0.720174 -0.012872 -0.712250
v 0.688428 -0.012872 -0.742639
v 0.857449 -0.012872 -0.541208
v 0.833034 -0.012872 -0.577747
v 0.007924 -0.012873 0.000000
v 0.833034 -0.012872 -0.577747
v 0.807047 -0.012872 -0.613188
v 0.007924 -0.012873 0.000000
v 0.007924 -0.012873 0.000000
v 0.807047 -0.012872 -0.613188
v 0.779539 -0.012872 -0.647463
v 0.920824 -0.012872 -0.425692
v 0.901386 -0.012872 -0.465107
v 0.007924 -0.012873 0.000000
v 0.901386 -0.012872 -0.465107
v 0.880248 -0.012872 -0.503636
v 0.007924 -0.012873 0.000000
v 0.007924 -0.012873 0.000000
v 0.880248 -0.012872 -0.503636
v 0.857449 -0.012872 -0.541208
v 0.968577 -0.012872 -0.302893
v 0.954451 -0.012872 -0.344507
v 0.007924 -0.012873 0.000000
v 0.954451 -0.012872 -0.344507
v 0.938522 -0.012872 -0.385466
v 0.007924 -0.012873 0.000000
v 0.007924 -0.012873 0.000000
v 0.938522 -0.012872 -0.385466
v 0.920824 -0.012872 -0.425692
v 0.999894 -0.012872 -0.174911
v 0.991321 -0.012872 -0.218013
v 0.007924 -0.012873 0.000000
v 0.991321 -0.012872 -0.218013
v 0.980875 -0.012872 -0.260701
v 0.007924 -0.012873 0.000000
v 0.007924 -0.012873 0.000000
v 0.980875 -0.012872 -0.260701
v 0.968577 -0.012872 -0.302893
v 1.014243 -0.012872 -0.043936
v 1.011362 -0.012872 -0.087789
v 0.007924 -0.012873 0.000000
v 1.011362 -0.012872 -0.087789
v 1.006580 -0.012872 -0.131475
v 0.007924 -0.012873 0.000000
v 0.007924 -0.012873 0.000000
v 1.006580 -0.012872 -0.131475
v 0.999894 -0.012872 -0.174911
v 1.011362 -0.012872 0.087790
v 1.014243 -0.012872 0.043937
v 0.007924 -0.012873 0.000000
v 1.014243 -0.012872 0.043937
v 1.015200 -0.012872 0.000000
v 0.007924 -0.012873 0.000000
v 0.007924 -0.012873 0.000000
v 1.015200 -0.012872 0.000000
v 1.014243 -0.012872 -0.043936
v 0.991321 -0.012872 0.218014
v 0.999894 -0.012872 0.174911
v 0.007924 -0.012873 0.000000
v 0.999894 -0.012872 0.174911
v 1.006580 -0.012872 0.131475
v 0.007924 -0.012873 0.000000
v 0.007924 -0.012873 0.000000
v 1.006580 -0.012872 0.131475
v 1.011362 -0.012872 0.087790
v 0.954451 -0.012872 0.344507
v 0.968577 -0.012872 0.302893
v 0.007924 -0.012873 0.000000
v 0.968577 -0.012872 0.302893
v 0.980875 -0.012872 0.260701
v 0.007924 -0.012873 0.000000
v 0.007924 -0.012873 0.000000
v 0.980875 -0.012872 0.260701
v 0.991321 -0.012872 0.218014
v 0.901386 -0.012872 0.465107
v 0.920824 -0.012872 0.425693
v 0.007924 -0.012873 0.000000
v 0.920824 -0.012872 0.425693
v 0.938522 -0.012872 0.385467
v 0.007924 -0.012873 0.000000
v 0.007924 -0.012873 0.000000
v 0.938522 -0.012872 0.385467
v 0.954451 -0.012872 0.344507
v 0.833034 -0.012872 0.577748
v 0.857449 -0.012872 0.541208
v 0.007924 -0.012873 0.000000
v 0.857449 -0.012872 0.541208
v 0.880248 -0.012872 0.503636
v 0.007924 -0.012873 0.000000
v 0.007924 -0.012873 0.000000
v 0.880248 -0.012872 0.503636
v 0.901386 -0.012872 0.465107
v 0.750563 -0.012873 0.680504
v 0.779539 -0.012873 0.647463
v 0.007924 -0.012873 0.000000
v 0.779539 -0.012873 0.647463
v 0.807047 -0.012872 0.613189
v 0.007924 -0.012873 0.000000
v 0.007924 -0.012873 0.000000
v 0.807047 -0.012872 0.613189
v 0.833034 -0.012872 0.577748
v 0.655387 -0.012873 0.771616
v 0.688428 -0.012873 0.742640
v 0.007924 -0.012873 0.000000
v 0.688428 -0.012873 0.742640
v 0.720174 -0.012873 0.712250
v 0.007924 -0.012873 0.000000
v 0.007924 -0.012873 0.000000
v 0.720174 -0.012873 0.712250
v 0.750563 -0.012873 0.680504
v 0.549132 -0.012873 0.849526
v 0.585672 -0.012873 0.825109
v 0.007924 -0.012873 0.000000
v 0.585672 -0.012873 0.825109
v 0.621113 -0.012873 0.799124
v 0.007924 -0.012873 0.000000
v 0.007924 -0.012873 0.000000
v 0.621113 -0.012873 0.799124
v 0.655387 -0.012873 0.771616
v 0.433616 -0.012873 0.912899
v 0.473030 -0.012873 0.893462
v 0.007924 -0.012873 0.000000
v 0.473030 -0.012873 0.893462
v 0.511561 -0.012873 0.872324
v 0.007924 -0.012873 0.000000
v 0.007924 -0.012873 0.000000
v 0.511561 -0.012873 0.872324
v 0.549132 -0.012873 0.849526
v 0.310817 -0.012873 0.960653
v 0.352432 -0.012873 0.946527
v 0.007924 -0.012873 0.000000
v 0.352432 -0.012873 0.946527
v 0.393390 -0.012873 0.930599
v 0.007924 -0.012873 0.000000
v 0.007924 -0.012873 0.000000
v 0.393390 -0.012873 0.930599
v 0.433616 -0.012873 0.912899
v 0.182835 -0.012873 0.991970
v 0.225937 -0.012873 0.983396
v 0.007924 -0.012873 0.000000
v 0.225937 -0.012873 0.983396
v 0.268626 -0.012873 0.972951
v 0.007924 -0.012873 0.000000
v 0.007924 -0.012873 0.000000
v 0.268626 -0.012873 0.972951
v 0.310817 -0.012873 0.960653
v 0.051861 -0.012873 1.006315
v 0.095714 -0.012873 1.003440
v 0.007924 -0.012873 0.000000
v 0.095714 -0.012873 1.003440
v 0.139399 -0.012873 0.998655
v 0.007924 -0.012873 0.000000
v 0.007924 -0.012873 0.000000
v 0.139399 -0.012873 0.998655
v 0.182835 -0.012873 0.991970
v -0.079866 -0.012873 1.003440
v -0.036013 -0.012873 1.006315
v 0.007924 -0.012873 0.000000
v -0.036013 -0.012873 1.006315
v 0.007924 -0.012873 1.007273
v 0.007924 -0.012873 0.000000
v 0.007924 -0.012873 0.000000
v 0.007924 -0.012873 1.007273
v 0.051861 -0.012873 1.006315
v -0.210090 -0.012873 0.983396
v -0.166987 -0.012873 0.991970
v 0.007924 -0.012873 0.000000
v -0.166987 -0.012873 0.991970
v -0.123551 -0.012873 0.998655
v 0.007924 -0.012873 0.000000
v 0.007924 -0.012873 0.000000
v -0.123551 -0.012873 0.998655
v -0.079866 -0.012873 1.003440
v -0.336584 -0.012873 0.946527
v -0.294969 -0.012873 0.960653
v 0.007924 -0.012873 0.000000
v -0.294969 -0.012873 0.960653
v -0.252777 -0.012873 0.972951
v 0.007924 -0.012873 0.000000
v 0.007924 -0.012873 0.000000
v -0.252777 -0.012873 0.972951
v -0.210090 -0.012873 0.983396
v -0.457183 -0.012873 0.893462
v -0.417768 -0.012873 0.912899
v 0.007924 -0.012873 0.000000
v -0.417768 -0.012873 0.912899
v -0.377543 -0.012873 0.930599
v 0.007924 -0.012873 0.000000
v 0.007924 -0.012873 0.000000
v -0.377543 -0.012873 0.930599
v -0.336584 -0.012873 0.946527
v -0.569824 -0.012873 0.825109
v -0.533283 -0.012873 0.849526
v 0.007924 -0.012873 0.000000
v -0.533283 -0.012873 0.849526
v -0.495712 -0.012873 0.872324
v 0.007924 -0.012873 0.000000
v 0.007924 -0.012873 0.000000
v -0.495712 -0.012873 0.872324
v -0.457183 -0.012873 0.893462
v -0.672580 -0.012873 0.742640
v -0.639539 -0.012873 0.771616
v 0.007924 -0.012873 0.000000
v -0.639539 -0.012873 0.771616
v -0.605265 -0.012873 0.799124
v 0.007924 -0.012873 0.000000
v 0.007924 -0.012873 0.000000
v -0.605265 -0.012873 0.799124
v -0.569824 -0.012873 0.825109
v -0.763692 -0.012873 0.647463
v -0.734716 -0.012873 0.680504
v 0.007924 -0.012873 0.000000
v -0.734716 -0.012873 0.680504
v -0.704325 -0.012873 0.712250
v 0.007924 -0.012873 0.000000
v 0.007924 -0.012873 0.000000
v -0.704325 -0.012873 0.712250
v -0.672580 -0.012873 0.742640
v -0.841601 -0.012873 0.541208
v -0.817185 -0.012873 0.577748
v 0.007924 -0.012873 0.000000
v -0.817185 -0.012873 0.577748
v -0.791200 -0.012873 0.613189
v 0.007924 -0.012873 0.000000
v 0.007924 -0.012873 0.000000
v -0.791200 -0.012873 0.613189
v -0.763692 -0.012873 0.647463
v -0.904975 -0.012873 0.425693
v -0.885538 -0.012873 0.465107
v 0.007924 -0.012873 0.000000
v -0.885538 -0.012873 0.465107
v -0.864400 -0.012873 0.503636
v 0.007924 -0.012873 0.000000
v 0.007924 -0.012873 0.000000
v -0.864400 -0.012873 0.503636
v -0.841601 -0.012873 0.541208
v -0.952729 -0.012873 0.302893
v -0.938603 -0.012873 0.344508
v 0.007924 -0.012873 0.000000
v -0.938603 -0.012873 0.344508
v -0.922675 -0.012873 0.385467
v 0.007924 -0.012873 0.000000
v 0.007924 -0.012873 0.000000
v -0.922675 -0.012873 0.385467
v -0.904975 -0.012873 0.425693
v -0.984046 -0.012873 0.174912
v -0.975473 -0.012873 0.218014
v 0.007924 -0.012873 0.000000
v -0.975473 -0.012873 0.218014
v -0.965027 -0.012873 0.260701
v 0.007924 -0.012873 0.000000
v 0.007924 -0.012873 0.000000
v -0.965027 -0.012873 0.260701
v -0.952729 -0.012873 0.302893
v -0.998391 -0.012873 0.043937
v -0.995516 -0.012873 0.087790
v 0.007924 -0.012873 0.000000
v -0.995516 -0.012873 0.087790
v -0.990731 -0.012873 0.131475
v 0.007924 -0.012873 0.000000
v 0.007924 -0.012873 0.000000
v -0.990731 -0.012873 0.131475
v -0.984046 -0.012873 0.174912
v -0.995516 -0.012872 -0.087789
v -0.998391 -0.012872 -0.043936
v 0.007924 -0.012873 0.000000
v -0.998391 -0.012872 -0.043936
v -0.999349 -0.012873 0.000000
v 0.007924 -0.012873 0.000000
v 0.007924 -0.012873 0.000000
v -0.999349 -0.012873 0.000000
v -0.998391 -0.012873 0.043937
v -0.975473 -0.012872 -0.218013
v -0.984046 -0.012872 -0.174911
v 0.007924 -0.012873 0.000000
v -0.984046 -0.012872 -0.174911
v -0.990731 -0.012872 -0.131475
v 0.007924 -0.012873 0.000000
v 0.007924 -0.012873 0.000000
v -0.990731 -0.012872 -0.131475
v -0.995516 -0.012872 -0.087789
v -0.938603 -0.012872 -0.344507
v -0.952729 -0.012872 -0.302893
v 0.007924 -0.012873 0.000000
v -0.952729 -0.012872 -0.302893
v -0.965027 -0.012872 -0.260701
v 0.007924 -0.012873 0.000000
v 0.007924 -0.012873 0.000000
v -0.965027 -0.012872 -0.260701
v -0.975473 -0.012872 -0.218013
v -0.885538 -0.012872 -0.465106
v -0.904975 -0.012872 -0.425692
v 0.007924 -0.012873 0.000000
v -0.904975 -0.012872 -0.425692
v -0.922675 -0.012872 -0.385466
v 0.007924 -0.012873 0.000000
v 0.007924 -0.012873 0.000000
v -0.922675 -0.012872 -0.385466
v -0.938603 -0.012872 -0.344507
v -0.817185 -0.012872 -0.577747
v -0.841601 -0.012872 -0.541207
v 0.007924 -0.012873 0.000000
v -0.841601 -0.012872 -0.541207
v -0.864400 -0.012872 -0.503636
v 0.007924 -0.012873 0.000000
v 0.007924 -0.012873 0.000000
v -0.864400 -0.012872 -0.503636
v -0.885538 -0.012872 -0.465106
v -0.734716 -0.012872 -0.680503
v -0.763692 -0.012872 -0.647463
v 0.007924 -0.012873 0.000000
v -0.763692 -0.012872 -0.647463
v -0.791200 -0.012872 -0.613188
v 0.007924 -0.012873 0.000000
v 0.007924 -0.012873 0.000000
v -0.791200 -0.012872 -0.613188
v -0.817185 -0.012872 -0.577747
v -0.639539 -0.012872 -0.771615
v -0.672580 -0.012872 -0.742639
v 0.007924 -0.012873 0.000000
v -0.672580 -0.012872 -0.742639
v -0.704325 -0.012872 -0.712250
v 0.007924 -0.012873 0.000000
v 0.007924 -0.012873 0.000000
v -0.704325 -0.012872 -0.712250
v -0.734716 -0.012872 -0.680503
v -0.533283 -0.012872 -0.849525
v -0.569824 -0.012872 -0.825109
v 0.007924 -0.012873 0.000000
v -0.569824 -0.012872 -0.825109
v -0.605265 -0.012872 -0.799123
v 0.007924 -0.012873 0.000000
v 0.007924 -0.012873 0.000000
v -0.605265 -0.012872 -0.799123
v -0.639539 -0.012872 -0.771615
v -0.417768 -0.012872 -0.912899
v -0.457183 -0.012872 -0.893462
v 0.007924 -0.012873 0.000000
v -0.457183 -0.012872 -0.893462
v -0.495712 -0.012872 -0.872323
v 0.007924 -0.012873 0.000000
v 0.007924 -0.012873 0.000000
v -0.495712 -0.012872 -0.872323
v -0.533283 -0.012872 -0.849525
v -0.294969 -0.012872 -0.960653
v -0.336584 -0.012872 -0.946527
v 0.007924 -0.012873 0.000000
v -0.336584 -0.012872 -0.946527
v -0.377543 -0.012872 -0.930599
v 0.007924 -0.012873 0.000000
v 0.007924 -0.012873 0.000000
v -0.377543 -0.012872 -0.930599
v -0.417768 -0.012872 -0.912899
v -0.166988 -0.012872 -0.991970
v -0.210090 -0.012872 -0.983396
v 0.007924 -0.012873 0.000000
v -0.210090 -0.012872 -0.983396
v -0.252777 -0.012872 -0.972951
v 0.007924 -0.012873 0.000000
v 0.007924 -0.012873 0.000000
v -0.252777 -0.012872 -0.972951
v -0.294969 -0.012872 -0.960653
v -0.036013 -0.012872 -1.006314
v -0.079866 -0.012872 -1.003440
v 0.007924 -0.012873 0.000000
v -0.079866 -0.012872 -1.003440
v -0.123552 -0.012872 -0.998655
v 0.007924 -0.012873 0.000000
v 0.007924 -0.012873 0.000000
v -0.123552 -0.012872 -0.998655
v -0.166988 -0.012872 -0.991970
v 1.347882 -0.137872 -1.385000
v -1.332028 -0.137873 -1.385000
v 1.221973 0.112128 -1.259091
v -1.332028 -0.137873 -1.385000
v -1.206118 0.112128 -1.259091
v 1.221973 0.112128 -1.259091
v -1.200800 0.062128 0.000000
v -1.049709 0.062128 -0.251818
v -1.200800 0.112128 0.000000
v -1.049709 0.062128 -0.251818
v -1.049709 0.112128 -0.251818
v -1.200800 0.112128 0.000000
vn -0.1317 0.4979 -0.8571
vn -0.0099 0.4537 -0.8911
vn -0.0096 0.4537 -0.8911
vn -0.0291 0.4614 -0.8867
vn -0.0295 0.4614 -0.8867
vn -0.0487 0.4687 -0.8820
vn -0.0684 0.4761 -0.8767
vn -0.0681 0.4758 -0.8769
vn -0.0878 0.4828 -0.8713
vn -0.0876 0.4830 -0.8712
vn -0.1067 0.4896 -0.8654
vn -0.1068 0.4898 -0.8653
vn -0.1315 0.4979 -0.8572
vn -0.1260 0.4962 -0.8590
vn -0.1510 0.5042 -0.8503
vn -0.1458 0.5026 -0.8521
vn -0.1648 0.5086 -0.8451
vn -0.1840 0.5144 -0.8376
vn -0.1841 0.5143 -0.8376
vn -0.2028 0.5202 -0.8296
vn -0.2028 0.5201 -0.8296
vn -0.2222 0.5255 -0.8213
vn -0.2218 0.5254 -0.8214
vn -0.2218 0.5255 -0.8214
vn -0.2408 0.5305 -0.8128
vn -0.2406 0.5305 -0.8128
vn -0.2593 0.5357 -0.8036
vn -0.2594 0.5354 -0.8038
vn -0.2785 0.5401 -0.7942
vn -0.2779 0.5401 -0.7944
vn -0.2968 0.5444 -0.7846
vn -0.2969 0.5447 -0.7843
vn -0.3152 0.5486 -0.7744
vn -0.3150 0.5486 -0.7745
vn -0.3328 0.5526 -0.7641
vn -0.3335 0.5526 -0.7639
vn -0.3509 0.5564 -0.7532
vn -0.3516 0.5561 -0.7531
vn -0.3686 0.5596 -0.7422
vn -0.3695 0.5595 -0.7419
vn -0.3868 0.5629 -0.7305
vn -0.3864 0.5629 -0.7307
vn -0.4048 0.5655 -0.7186
vn -0.4040 0.5656 -0.7190
vn -0.4217 0.5684 -0.7065
vn -0.4221 0.5681 -0.7065
vn -0.4387 0.5708 -0.6941
vn -0.4386 0.5708 -0.6941
vn -0.4390 0.5706 -0.6941
vn -0.4555 0.5728 -0.6815
vn -0.4559 0.5726 -0.6814
vn -0.4728 0.5745 -0.6681
vn -0.4727 0.5746 -0.6681
vn -0.4892 0.5760 -0.6549
vn -0.4888 0.5764 -0.6549
vn -0.5055 0.5775 -0.6411
vn -0.5056 0.5775 -0.6410
vn -0.5214 0.5787 -0.6272
vn -0.5219 0.5784 -0.6270
vn -0.5372 0.5794 -0.6129
vn -0.5374 0.5793 -0.6129
vn -0.5530 0.5798 -0.5983
vn -0.5531 0.5798 -0.5983
vn -0.5531 0.5798 -0.5982
vn -0.5684 0.5801 -0.5835
vn -0.5686 0.5800 -0.5833
vn -0.5834 0.5801 -0.5684
vn -0.5835 0.5801 -0.5683
vn -0.5981 0.5799 -0.5532
vn -0.5984 0.5797 -0.5531
vn -0.6129 0.5793 -0.5374
vn -0.6271 0.5785 -0.5216
vn -0.6409 0.5775 -0.5057
vn -0.6411 0.5775 -0.5054
vn -0.6550 0.5760 -0.4891
vn -0.6546 0.5763 -0.4893
vn -0.6685 0.5743 -0.4725
vn -0.6681 0.5747 -0.4726
vn -0.6814 0.5727 -0.4557
vn -0.6811 0.5729 -0.4559
vn -0.6942 0.5705 -0.4388
vn -0.6941 0.5706 -0.4389
vn -0.7066 0.5682 -0.4218
vn -0.7065 0.5683 -0.4218
vn -0.7187 0.5656 -0.4043
vn -0.7188 0.5656 -0.4042
vn -0.7307 0.5626 -0.3868
vn -0.7306 0.5627 -0.3867
vn -0.7421 0.5595 -0.3691
vn -0.7421 0.5596 -0.3690
vn -0.7530 0.5563 -0.3514
vn -0.7533 0.5561 -0.3510
vn -0.7641 0.5526 -0.3330
vn -0.7639 0.5526 -0.3332
vn -0.7747 0.5486 -0.3145
vn -0.7844 0.5446 -0.2969
vn -0.7845 0.5446 -0.2966
vn -0.7943 0.5401 -0.2782
vn -0.7944 0.5400 -0.2780
vn -0.7944 0.5400 -0.2781
vn -0.8036 0.5356 -0.2596
vn -0.8037 0.5354 -0.2596
vn -0.8126 0.5307 -0.2408
vn -0.8127 0.5306 -0.2407
vn -0.8214 0.5254 -0.2220
vn -0.8215 0.5253 -0.2219
vn -0.8296 0.5201 -0.2030
vn -0.8376 0.5144 -0.1838
vn -0.8376 0.5144 -0.1839
vn -0.8450 0.5087 -0.1649
vn -0.8590 0.4961 -0.1263
vn -0.8590 0.4961 -0.1262
vn -0.8502 0.5044 -0.1506
vn -0.8523 0.5024 -0.1456
vn -0.8451 0.5086 -0.1648
vn -0.8911 0.4538 -0.0098
vn -0.8911 0.4537 -0.0098
vn -0.8867 0.4615 -0.0293
vn -0.8869 0.4611 -0.0292
vn -0.8820 0.4688 -0.0487
vn -0.8820 0.4687 -0.0487
vn -0.8768 0.4760 -0.0683
vn -0.8767 0.4761 -0.0686
vn -0.8713 0.4829 -0.0876
vn -0.8712 0.4830 -0.0877
vn -0.8652 0.4898 -0.1071
vn -0.8654 0.4896 -0.1069
vn -0.8573 0.4979 -0.1313
vn -0.8572 0.4979 -0.1314
vn 0.8572 0.4979 -0.1315
vn 0.8912 0.4536 -0.0098
vn 0.8910 0.4539 -0.0097
vn 0.8867 0.4614 -0.0292
vn 0.8868 0.4613 -0.0294
vn 0.8820 0.4687 -0.0487
vn 0.8820 0.4688 -0.0487
vn 0.8767 0.4761 -0.0687
vn 0.8768 0.4759 -0.0683
vn 0.8713 0.4828 -0.0876
vn 0.8713 0.4829 -0.0875
vn 0.8654 0.4896 -0.1068
vn 0.8653 0.4898 -0.1071
vn 0.8572 0.4980 -0.1314
vn 0.8589 0.4963 -0.1262
vn 0.8504 0.5040 -0.1507
vn 0.8522 0.5026 -0.1455
vn 0.8450 0.5087 -0.1649
vn 0.8451 0.5086 -0.1648
vn 0.8377 0.5143 -0.1838
vn 0.8373 0.5147 -0.1844
vn 0.8297 0.5200 -0.2029
vn 0.8296 0.5202 -0.2031
vn 0.8214 0.5254 -0.2220
vn 0.8215 0.5252 -0.2219
vn 0.8128 0.5306 -0.2407
vn 0.8127 0.5306 -0.2408
vn 0.8035 0.5357 -0.2596
vn 0.8037 0.5354 -0.2595
vn 0.7943 0.5401 -0.2782
vn 0.7942 0.5404 -0.2781
vn 0.7843 0.5448 -0.2969
vn 0.7843 0.5446 -0.2971
vn 0.7745 0.5486 -0.3148
vn 0.7744 0.5487 -0.3149
vn 0.7640 0.5525 -0.3332
vn 0.7641 0.5523 -0.3334
vn 0.7530 0.5565 -0.3512
vn 0.7530 0.5563 -0.3514
vn 0.7423 0.5594 -0.3690
vn 0.7419 0.5598 -0.3691
vn 0.7307 0.5625 -0.3868
vn 0.7304 0.5629 -0.3868
vn 0.7186 0.5656 -0.4046
vn 0.7187 0.5657 -0.4043
vn 0.7066 0.5682 -0.4218
vn 0.7065 0.5683 -0.4218
vn 0.6941 0.5706 -0.4389
vn 0.6942 0.5705 -0.4389
vn 0.6812 0.5729 -0.4559
vn 0.6817 0.5726 -0.4555
vn 0.6679 0.5747 -0.4729
vn 0.6685 0.5744 -0.4724
vn 0.6548 0.5762 -0.4891
vn 0.6546 0.5762 -0.4894
vn 0.6415 0.5772 -0.5053
vn 0.6408 0.5776 -0.5057
vn 0.6272 0.5784 -0.5216
vn 0.6271 0.5786 -0.5215
vn 0.6128 0.5792 -0.5376
vn 0.6132 0.5792 -0.5372
vn 0.5983 0.5798 -0.5530
vn 0.5981 0.5800 -0.5531
vn 0.5835 0.5801 -0.5684
vn 0.5834 0.5802 -0.5684
vn 0.5833 0.5802 -0.5684
vn 0.5684 0.5800 -0.5835
vn 0.5683 0.5802 -0.5834
vn 0.5532 0.5797 -0.5982
vn 0.5532 0.5797 -0.5983
vn 0.5530 0.5800 -0.5982
vn 0.5372 0.5793 -0.6130
vn 0.5374 0.5792 -0.6129
vn 0.5217 0.5787 -0.6268
vn 0.5214 0.5786 -0.6272
vn 0.5055 0.5774 -0.6412
vn 0.5057 0.5778 -0.6407
vn 0.4891 0.5761 -0.6550
vn 0.4889 0.5762 -0.6549
vn 0.4728 0.5745 -0.6681
vn 0.4729 0.5745 -0.6680
vn 0.4553 0.5728 -0.6816
vn 0.4557 0.5727 -0.6814
vn 0.4392 0.5704 -0.6940
vn 0.4385 0.5708 -0.6942
vn 0.4221 0.5682 -0.7064
vn 0.4216 0.5682 -0.7067
vn 0.4041 0.5657 -0.7188
vn 0.4046 0.5655 -0.7187
vn 0.3867 0.5627 -0.7306
vn 0.3868 0.5627 -0.7306
vn 0.3693 0.5597 -0.7419
vn 0.3686 0.5597 -0.7422
vn 0.3516 0.5560 -0.7531
vn 0.3512 0.5563 -0.7532
vn 0.3332 0.5526 -0.7639
vn 0.3331 0.5526 -0.7640
vn 0.3149 0.5487 -0.7744
vn 0.3151 0.5487 -0.7744
vn 0.2970 0.5446 -0.7844
vn 0.2964 0.5447 -0.7845
vn 0.2781 0.5401 -0.7943
vn 0.2783 0.5400 -0.7943
vn 0.2597 0.5355 -0.8036
vn 0.2595 0.5354 -0.8038
vn 0.2405 0.5308 -0.8127
vn 0.2412 0.5306 -0.8126
vn 0.2219 0.5255 -0.8214
vn 0.2217 0.5254 -0.8215
vn 0.2028 0.5201 -0.8297
vn 0.2031 0.5202 -0.8295
vn 0.1842 0.5143 -0.8376
vn 0.1839 0.5143 -0.8376
vn 0.1649 0.5087 -0.8450
vn 0.1262 0.4961 -0.8590
vn 0.1502 0.5044 -0.8503
vn 0.1460 0.5024 -0.8522
vn 0.1646 0.5087 -0.8451
vn 0.0098 0.4537 -0.8911
vn 0.0097 0.4537 -0.8911
vn 0.0291 0.4614 -0.8867
vn 0.0294 0.4613 -0.8868
vn 0.0487 0.4687 -0.8820
vn 0.0682 0.4759 -0.8769
vn 0.0682 0.4760 -0.8768
vn 0.0876 0.4830 -0.8712
vn 0.0878 0.4829 -0.8712
vn 0.1066 0.4897 -0.8654
vn 0.1071 0.4895 -0.8654
vn 0.1314 0.4979 -0.8572
vn 0.1317 0.4979 -0.8572
vn -0.8572 0.4979 0.1315
vn -0.8911 0.4538 0.0099
vn -0.8911 0.4538 0.0097
vn -0.8868 0.4613 0.0292
vn -0.8868 0.4613 0.0293
vn -0.8820 0.4687 0.0487
vn -0.8767 0.4761 0.0686
vn -0.8768 0.4759 0.0683
vn -0.8713 0.4828 0.0877
vn -0.8712 0.4831 0.0876
vn -0.8655 0.4895 0.1068
vn -0.8654 0.4895 0.1068
vn -0.8653 0.4898 0.1069
vn -0.8572 0.4979 0.1314
vn -0.8589 0.4963 0.1263
vn -0.8503 0.5043 0.1506
vn -0.8503 0.5043 0.1505
vn -0.8522 0.5025 0.1455
vn -0.8449 0.5088 0.1650
vn -0.8451 0.5085 0.1649
vn -0.8376 0.5145 0.1838
vn -0.8376 0.5145 0.1839
vn -0.8296 0.5201 0.2030
vn -0.8297 0.5200 0.2029
vn -0.8214 0.5255 0.2220
vn -0.8215 0.5253 0.2219
vn -0.8128 0.5306 0.2406
vn -0.8128 0.5305 0.2408
vn -0.8036 0.5355 0.2597
vn -0.8037 0.5355 0.2595
vn -0.7943 0.5401 0.2782
vn -0.7942 0.5402 0.2781
vn -0.7942 0.5403 0.2781
vn -0.7846 0.5444 0.2967
vn -0.7842 0.5448 0.2970
vn -0.7748 0.5484 0.3145
vn -0.7744 0.5487 0.3150
vn -0.7640 0.5527 0.3330
vn -0.7640 0.5525 0.3333
vn -0.7532 0.5562 0.3513
vn -0.7531 0.5562 0.3513
vn -0.7419 0.5598 0.3690
vn -0.7421 0.5594 0.3692
vn -0.7307 0.5626 0.3867
vn -0.7306 0.5627 0.3868
vn -0.7186 0.5658 0.4043
vn -0.7189 0.5654 0.4044
vn -0.7066 0.5682 0.4217
vn -0.7064 0.5683 0.4219
vn -0.6940 0.5707 0.4389
vn -0.6942 0.5705 0.4389
vn -0.6813 0.5728 0.4557
vn -0.6812 0.5728 0.4559
vn -0.6813 0.5728 0.4559
vn -0.6681 0.5746 0.4727
vn -0.6684 0.5745 0.4724
vn -0.6547 0.5761 0.4892
vn -0.6549 0.5761 0.4892
vn -0.6549 0.5761 0.4891
vn -0.6411 0.5775 0.5055
vn -0.6409 0.5775 0.5056
vn -0.6272 0.5785 0.5215
vn -0.6272 0.5784 0.5216
vn -0.6126 0.5794 0.5375
vn -0.6132 0.5791 0.5373
vn -0.5984 0.5798 0.5530
vn -0.5982 0.5797 0.5532
vn -0.5834 0.5802 0.5684
vn -0.5834 0.5801 0.5684
vn -0.5686 0.5799 0.5834
vn -0.5682 0.5802 0.5834
vn -0.5532 0.5798 0.5982
vn -0.5532 0.5797 0.5982
vn -0.5529 0.5799 0.5984
vn -0.5374 0.5792 0.6129
vn -0.5374 0.5794 0.6128
vn -0.5217 0.5785 0.6270
vn -0.5214 0.5786 0.6272
vn -0.5056 0.5776 0.6409
vn -0.5055 0.5774 0.6412
vn -0.4891 0.5762 0.6548
vn -0.4892 0.5760 0.6549
vn -0.4728 0.5746 0.6680
vn -0.4729 0.5744 0.6682
vn -0.4557 0.5728 0.6813
vn -0.4558 0.5727 0.6814
vn -0.4389 0.5706 0.6941
vn -0.4390 0.5707 0.6940
vn -0.4218 0.5682 0.7066
vn -0.4217 0.5683 0.7065
vn -0.4041 0.5657 0.7188
vn -0.4048 0.5654 0.7186
vn -0.3865 0.5628 0.7307
vn -0.3868 0.5627 0.7305
vn -0.3690 0.5597 0.7420
vn -0.3689 0.5596 0.7421
vn -0.3513 0.5561 0.7532
vn -0.3510 0.5562 0.7533
vn -0.3334 0.5526 0.7638
vn -0.3331 0.5526 0.7640
vn -0.3149 0.5487 0.7745
vn -0.3149 0.5487 0.7744
vn -0.2966 0.5445 0.7846
vn -0.2972 0.5446 0.7843
vn -0.2781 0.5401 0.7943
vn -0.2781 0.5400 0.7944
vn -0.2594 0.5356 0.8037
vn -0.2594 0.5355 0.8037
vn -0.2406 0.5306 0.8128
vn -0.2409 0.5305 0.8128
vn -0.2220 0.5255 0.8213
vn -0.2220 0.5253 0.8214
vn -0.2031 0.5200 0.8297
vn -0.2028 0.5205 0.8294
vn -0.1842 0.5143 0.8376
vn -0.1837 0.5144 0.8377
vn -0.1651 0.5086 0.8450
vn -0.1651 0.5086 0.8451
vn -0.1262 0.4963 0.8589
vn -0.1503 0.5040 0.8505
vn -0.1504 0.5040 0.8505
vn -0.1460 0.5026 0.8521
vn -0.1646 0.5086 0.8451
vn -0.0098 0.4537 0.8911
vn -0.0097 0.4537 0.8911
vn -0.0291 0.4613 0.8868
vn -0.0293 0.4614 0.8867
vn -0.0487 0.4687 0.8820
vn -0.0487 0.4688 0.8820
vn -0.0683 0.4760 0.8768
vn -0.0682 0.4760 0.8768
vn -0.0876 0.4829 0.8713
vn -0.0878 0.4830 0.8712
vn -0.1068 0.4899 0.8652
vn -0.1070 0.4894 0.8655
vn -0.1315 0.4979 0.8572
vn -0.1318 0.4980 0.8571
vn 0.1318 0.4979 0.8572
vn 0.0100 0.4537 0.8911
vn 0.0099 0.4537 0.8911
vn 0.0096 0.4537 0.8911
vn 0.0290 0.4613 0.8867
vn 0.0294 0.4614 0.8867
vn 0.0487 0.4688 0.8820
vn 0.0487 0.4687 0.8820
vn 0.0686 0.4761 0.8767
vn 0.0681 0.4760 0.8768
vn 0.0878 0.4830 0.8712
vn 0.0876 0.4830 0.8712
vn 0.1068 0.4895 0.8654
vn 0.1068 0.4896 0.8654
vn 0.1071 0.4897 0.8653
vn 0.1312 0.4979 0.8572
vn 0.1264 0.4962 0.8590
vn 0.1499 0.5043 0.8504
vn 0.1500 0.5043 0.8504
vn 0.1458 0.5025 0.8522
vn 0.1648 0.5087 0.8450
vn 0.1650 0.5085 0.8451
vn 0.1839 0.5144 0.8376
vn 0.1839 0.5143 0.8376
vn 0.2029 0.5200 0.8297
vn 0.2033 0.5202 0.8295
vn 0.2217 0.5255 0.8214
vn 0.2219 0.5254 0.8214
vn 0.2407 0.5307 0.8127
vn 0.2409 0.5306 0.8127
vn 0.2594 0.5355 0.8037
vn 0.2601 0.5356 0.8034
vn 0.2783 0.5402 0.7942
vn 0.2779 0.5402 0.7944
vn 0.2972 0.5446 0.7843
vn 0.2970 0.5446 0.7844
vn 0.3150 0.5486 0.7745
vn 0.3149 0.5487 0.7744
vn 0.3328 0.5527 0.7640
vn 0.3328 0.5528 0.7640
vn 0.3337 0.5525 0.7638
vn 0.3510 0.5562 0.7533
vn 0.3516 0.5561 0.7531
vn 0.3687 0.5598 0.7421
vn 0.3692 0.5595 0.7420
vn 0.3871 0.5626 0.7305
vn 0.3864 0.5629 0.7307
vn 0.4046 0.5656 0.7186
vn 0.4044 0.5657 0.7187
vn 0.4216 0.5683 0.7066
vn 0.4217 0.5683 0.7065
vn 0.4389 0.5708 0.6940
vn 0.4394 0.5704 0.6939
vn 0.4555 0.5727 0.6815
vn 0.4558 0.5726 0.6814
vn 0.4728 0.5746 0.6681
vn 0.4726 0.5745 0.6683
vn 0.4890 0.5763 0.6548
vn 0.4891 0.5761 0.6549
vn 0.5055 0.5775 0.6411
vn 0.5054 0.5775 0.6412
vn 0.5218 0.5786 0.6268
vn 0.5213 0.5786 0.6273
vn 0.5377 0.5791 0.6128
vn 0.5371 0.5795 0.6130
vn 0.5532 0.5798 0.5982
vn 0.5531 0.5799 0.5982
vn 0.5685 0.5800 0.5834
vn 0.5684 0.5801 0.5835
vn 0.5833 0.5802 0.5685
vn 0.5835 0.5802 0.5683
vn 0.5984 0.5797 0.5530
vn 0.5981 0.5800 0.5531
vn 0.6129 0.5793 0.5374
vn 0.6130 0.5793 0.5372
vn 0.6270 0.5786 0.5216
vn 0.6273 0.5785 0.5215
vn 0.6410 0.5774 0.5057
vn 0.6413 0.5775 0.5053
vn 0.6547 0.5762 0.4892
vn 0.6548 0.5761 0.4892
vn 0.6684 0.5745 0.4725
vn 0.6680 0.5746 0.4728
vn 0.6815 0.5727 0.4557
vn 0.6812 0.5728 0.4559
vn 0.6942 0.5706 0.4388
vn 0.6942 0.5705 0.4389
vn 0.7063 0.5685 0.4219
vn 0.7069 0.5680 0.4215
vn 0.7069 0.5679 0.4215
vn 0.7185 0.5659 0.4044
vn 0.7187 0.5655 0.4045
vn 0.7306 0.5628 0.3866
vn 0.7307 0.5626 0.3868
vn 0.7419 0.5598 0.3691
vn 0.7422 0.5594 0.3689
vn 0.7531 0.5562 0.3513
vn 0.7531 0.5563 0.3513
vn 0.7530 0.5564 0.3513
vn 0.7641 0.5524 0.3332
vn 0.7639 0.5526 0.3333
vn 0.7744 0.5488 0.3148
vn 0.7746 0.5486 0.3148
vn 0.7843 0.5447 0.2970
vn 0.7845 0.5446 0.2966
vn 0.7943 0.5402 0.2781
vn 0.7943 0.5401 0.2780
vn 0.8037 0.5354 0.2595
vn 0.8036 0.5356 0.2595
vn 0.8036 0.5356 0.2596
vn 0.8127 0.5307 0.2407
vn 0.8128 0.5305 0.2408
vn 0.8213 0.5255 0.2219
vn 0.8216 0.5252 0.2218
vn 0.8216 0.5252 0.2219
vn 0.8296 0.5201 0.2030
vn 0.8296 0.5201 0.2031
vn 0.8375 0.5145 0.1840
vn 0.8374 0.5145 0.1844
vn 0.8450 0.5087 0.1648
vn 0.8590 0.4962 0.1262
vn 0.8504 0.5040 0.1508
vn 0.8523 0.5024 0.1455
vn 0.8450 0.5087 0.1649
vn 0.8911 0.4538 0.0097
vn 0.8911 0.4537 0.0098
vn 0.8911 0.4536 0.0098
vn 0.8867 0.4614 0.0293
vn 0.8868 0.4612 0.0292
vn 0.8868 0.4612 0.0291
vn 0.8820 0.4687 0.0487
vn 0.8820 0.4688 0.0487
vn 0.8768 0.4760 0.0684
vn 0.8767 0.4761 0.0687
vn 0.8712 0.4830 0.0875
vn 0.8714 0.4828 0.0876
vn 0.8652 0.4898 0.1071
vn 0.8654 0.4895 0.1068
vn 0.8572 0.4979 0.1313
vn 0.8572 0.4978 0.1314
vn 0.8572 0.4978 0.1315
vn -0.7071 0.0000 0.7071
vn -0.0000 1.0000 0.0000
vn 0.7071 0.0000 0.7071
vn -0.7071 0.0000 -0.7071
vn 0.7071 0.0000 -0.7071
vn -0.8931 0.4498 0.0000
vn 0.8575 0.0000 -0.5145
vn 0.0000 -1.0000 0.0000
vn 0.0000 -1.0000 -0.0001
vn 0.0000 -1.0000 0.0001
vn 0.0000 -1.0000 0.0002
vn 0.0000 -1.0000 0.0003
vn 0.0000 -1.0000 -0.0003
vn 0.0000 -1.0000 0.0004
vn 0.0000 -1.0000 -0.0004
vn -0.0000 -1.0000 -0.0011
vn 0.0000 -1.0000 0.0017
vn -1.0000 -0.0000 0.0000
vn 0.8931 0.4498 0.0000
vn 0.0000 0.4498 0.8931
vn 0.7309 0.0000 0.6824
vn 0.6825 0.0000 -0.7309
vn -0.7309 0.0000 -0.6825
vn -0.6824 0.0000 0.7310
vn -0.7224 0.0031 0.6915
vn -0.7159 0.0000 0.6982
vn -0.6915 0.0000 0.7224
vn -0.6915 0.0031 -0.7224
vn -0.6982 0.0000 -0.7159
vn -0.7224 0.0000 -0.6915
vn 0.7223 0.0031 -0.6915
vn 0.7159 0.0000 -0.6982
vn 0.6915 0.0000 -0.7224
vn 0.6915 0.0031 0.7224
vn 0.6982 0.0000 0.7159
vn 0.7224 0.0000 0.6915
vn 0.7159 0.0055 0.6982
vn 0.7518 0.0000 0.6594
vn 0.7799 0.0000 0.6259
vn 0.8065 0.0000 0.5913
vn 0.8315 0.0000 0.5556
vn 0.8549 0.0000 0.5188
vn 0.8767 0.0000 0.4810
vn 0.8969 0.0000 0.4423
vn 0.9153 0.0000 0.4028
vn 0.9320 0.0000 0.3624
vn 0.9469 0.0000 0.3214
vn 0.9600 0.0000 0.2798
vn 0.9713 0.0000 0.2377
vn 0.9808 0.0000 0.1951
vn 0.9884 0.0000 0.1521
vn 0.9941 0.0000 0.1089
vn 0.9979 0.0000 0.0654
vn 0.9998 0.0000 0.0218
vn 0.9998 -0.0000 -0.0218
vn 0.9979 0.0000 -0.0654
vn 0.9941 0.0000 -0.1089
vn 0.9884 0.0000 -0.1521
vn 0.9808 0.0000 -0.1951
vn 0.9713 0.0000 -0.2377
vn 0.9600 0.0000 -0.2798
vn 0.9469 0.0000 -0.3214
vn 0.9320 0.0000 -0.3624
vn 0.9153 0.0000 -0.4028
vn 0.9153 -0.0000 -0.4027
vn 0.8969 0.0000 -0.4423
vn 0.8767 0.0000 -0.4810
vn 0.8549 0.0000 -0.5188
vn 0.8315 0.0000 -0.5556
vn 0.8065 0.0000 -0.5913
vn 0.7799 0.0000 -0.6259
vn 0.7518 0.0000 -0.6593
vn 0.7310 0.0000 -0.6824
vn 0.6982 0.0055 -0.7159
vn 0.6593 0.0000 -0.7518
vn 0.6259 0.0000 -0.7799
vn 0.5913 0.0000 -0.8065
vn 0.5556 0.0000 -0.8315
vn 0.5188 0.0000 -0.8549
vn 0.4810 0.0000 -0.8767
vn 0.4423 0.0000 -0.8969
vn 0.4028 0.0000 -0.9153
vn 0.4027 0.0000 -0.9153
vn 0.3624 0.0000 -0.9320
vn 0.3214 0.0000 -0.9469
vn 0.2798 0.0000 -0.9600
vn 0.2798 0.0000 -0.9601
vn 0.2377 0.0000 -0.9713
vn 0.1951 0.0000 -0.9808
vn 0.1521 0.0000 -0.9884
vn 0.1089 0.0000 -0.9941
vn 0.0654 0.0000 -0.9979
vn 0.0218 0.0000 -0.9998
vn -0.0218 0.0000 -0.9998
vn -0.0654 -0.0000 -0.9979
vn -0.1089 0.0000 -0.9941
vn -0.1521 0.0000 -0.9884
vn -0.1951 0.0000 -0.9808
vn -0.2377 0.0000 -0.9713
vn -0.2798 0.0000 -0.9600
vn -0.2798 0.0000 -0.9601
vn -0.3214 0.0000 -0.9469
vn -0.3624 0.0000 -0.9320
vn -0.4027 0.0000 -0.9153
vn -0.4028 0.0000 -0.9153
vn -0.4423 0.0000 -0.8969
vn -0.4810 0.0000 -0.8767
vn -0.5188 0.0000 -0.8549
vn -0.5556 0.0000 -0.8315
vn -0.5913 0.0000 -0.8064
vn -0.5913 0.0000 -0.8065
vn -0.6259 0.0000 -0.7799
vn -0.6594 0.0000 -0.7518
vn -0.6593 0.0000 -0.7518
vn -0.6824 0.0000 -0.7309
vn -0.6824 0.0000 -0.7310
vn -0.7159 0.0054 -0.6982
vn -0.7518 0.0000 -0.6593
vn -0.7799 0.0000 -0.6259
vn -0.8064 0.0000 -0.5913
vn -0.8315 0.0000 -0.5556
vn -0.8549 0.0000 -0.5188
vn -0.8767 0.0000 -0.4810
vn -0.8969 0.0000 -0.4423
vn -0.9153 0.0000 -0.4027
vn -0.9320 -0.0000 -0.3624
vn -0.9320 0.0000 -0.3625
vn -0.9469 -0.0000 -0.3214
vn -0.9600 0.0000 -0.2798
vn -0.9713 0.0000 -0.2377
vn -0.9808 0.0000 -0.1951
vn -0.9884 0.0000 -0.1521
vn -0.9941 0.0000 -0.1088
vn -0.9978 0.0000 -0.0655
vn -0.9998 0.0000 -0.0218
vn -0.9998 -0.0000 0.0218
vn -0.9978 0.0000 0.0655
vn -0.9941 0.0000 0.1088
vn -0.9884 0.0000 0.1521
vn -0.9808 0.0000 0.1951
vn -0.9713 0.0000 0.2377
vn -0.9600 0.0000 0.2798
vn -0.9469 -0.0000 0.3214
vn -0.9320 -0.0000 0.3625
vn -0.9153 -0.0000 0.4027
vn -0.8969 0.0000 0.4423
vn -0.8767 0.0000 0.4810
vn -0.8549 0.0000 0.5188
vn -0.8315 0.0000 0.5556
vn -0.8064 0.0000 0.5913
vn -0.7799 0.0000 0.6259
vn -0.7518 0.0000 0.6594
vn -0.7309 0.0000 0.6824
vn -0.7310 0.0000 0.6824
vn -0.6982 0.0055 0.7159
vn -0.6593 0.0000 0.7518
vn -0.6259 0.0000 0.7799
vn -0.5913 0.0000 0.8064
vn -0.5556 0.0000 0.8315
vn -0.5188 0.0000 0.8549
vn -0.4810 0.0000 0.8767
vn -0.4423 0.0000 0.8969
vn -0.4027 0.0000 0.9153
vn -0.3624 0.0000 0.9320
vn -0.3214 0.0000 0.9469
vn -0.2798 0.0000 0.9601
vn -0.2798 0.0000 0.9600
vn -0.2377 0.0000 0.9713
vn -0.1951 0.0000 0.9808
vn -0.1521 0.0000 0.9884
vn -0.1089 0.0000 0.9941
vn -0.0654 0.0000 0.9979
vn -0.0218 0.0000 0.9998
vn 0.0218 0.0000 0.9998
vn 0.0654 0.0000 0.9979
vn 0.1089 0.0000 0.9941
vn 0.1521 0.0000 0.9884
vn 0.1951 0.0000 0.9808
vn 0.2377 0.0000 0.9713
vn 0.2798 0.0000 0.9601
vn 0.2798 0.0000 0.9600
vn 0.3214 0.0000 0.9469
vn 0.3624 0.0000 0.9320
vn 0.4027 0.0000 0.9153
vn 0.4028 0.0000 0.9153
vn 0.4423 0.0000 0.8969
vn 0.4810 0.0000 0.8767
vn 0.5188 0.0000 0.8549
vn 0.5556 0.0000 0.8315
vn 0.5913 0.0000 0.8064
vn 0.6259 0.0000 0.7799
vn 0.6593 0.0000 0.7518
vn 0.6824 0.0000 0.7310
vn -0.0000 0.4498 -0.8931
vn 0.8575 0.0000 0.5145
usemtl DefaultMaterial
s 1
f 1//1 2//1 3//1
f 4//2 5//2 6//2
f 7//3 8//3 9//3
f 10//4 11//4 12//4
f 13//5 14//5 15//5
f 16//6 17//6 18//6
f 19//6 20//6 21//6
f 22//7 23//7 24//7
f 25//8 26//8 27//8
f 28//9 29//9 30//9
f 31//10 32//10 33//10
f 34//11 35//11 36//11
f 37//12 38//12 39//12
f 40//13 41//13 42//13
f 43//14 44//14 45//14
f 46//15 47//15 48//15
f 49//16 50//16 51//16
f 52//17 53//17 54//17
f 55//17 56//17 57//17
f 58//18 59//18 60//18
f 61//19 62//19 63//19
f 64//20 65//20 66//20
f 67//21 68//20 69//21
f 70//22 71//22 72//22
f 73//23 74//23 75//24
f 76//25 77//25 78//25
f 79//26 80//26 81//26
f 82//27 83//27 84//27
f 85//28 86//28 87//28
f 88//29 89//29 90//29
f 91//30 92//30 93//30
f 94//31 95//31 96//31
f 97//32 98//32 99//32
f 100//33 101//33 102//33
f 103//34 104//34 105//34
f 106//35 107//35 108//35
f 109//36 110//36 111//36
f 112//37 113//37 114//37
f 115//38 116//38 117//38
f 118//39 119//39 120//39
f 121//40 122//40 123//40
f 124//41 125//41 126//41
f 127//42 128//42 129//42
f 130//43 131//43 132//43
f 133//44 134//44 135//44
f 136//45 137//45 138//45
f 139//46 140//46 141//46
f 142//47 143//47 144//48
f 145//49 146//49 147//49
f 148//50 149//50 150//50
f 151//51 152//51 153//51
f 154//52 155//52 156//52
f 157//53 158//53 159//53
f 160//54 161//54 162//54
f 163//55 164//55 165//55
f 166//56 167//56 168//56
f 169//57 170//57 171//57
f 172//58 173//58 174//58
f 175//59 176//59 177//59
f 178//60 179//60 180//60
f 181//61 182//61 183//61
f 184//62 185//62 186//62
f 187//63 188//64 189//64
f 190//65 191//65 192//65
f 193//66 194//66 195//66
f 196//67 197//67 198//67
f 199//68 200//68 201//68
f 202//69 203//69 204//69
f 205//70 206//70 207//70
f 208//71 209//71 210//71
f 211//71 212//71 213//71
f 214//72 215//72 216//72
f 217//72 218//72 219//72
f 220//73 221//73 222//73
f 223//74 224//74 225//74
f 226//75 227//75 228//75
f 229//76 230//76 231//76
f 232//77 233//77 234//77
f 235//78 236//78 237//78
f 238//79 239//79 240//79
f 241//80 242//80 243//80
f 244//81 245//81 246//81
f 247//82 248//82 249//82
f 250//83 251//83 252//83
f 253//84 254//84 255//84
f 256//85 257//85 258//85
f 259//86 260//86 261//86
f 262//87 263//87 264//87
f 265//88 266//88 267//88
f 268//89 269//89 270//89
f 271//90 272//90 273//90
f 274//91 275//91 276//91
f 277//92 278//92 279//92
f 280//93 281//93 282//93
f 283//94 284//94 285//94
f 286//95 287//95 288//95
f 289//95 290//95 291//95
f 292//96 293//96 294//96
f 295//97 296//97 297//97
f 298//98 299//98 300//98
f 301//99 302//100 303//99
f 304//101 305//101 306//101
f 307//102 308//102 309//102
f 310//103 311//103 312//103
f 313//104 314//104 315//104
f 316//105 317//105 318//105
f 319//106 320//106 321//106
f 322//107 323//107 324//107
f 325//107 326//107 327//107
f 328//108 329//108 330//108
f 331//109 332//109 333//109
f 334//110 335//110 336//110
f 337//111 338//112 339//112
f 340//113 341//113 342//113
f 343//114 344//114 345//114
f 346//115 347//115 348//115
f 349//116 350//116 351//116
f 352//117 353//117 354//117
f 355//118 356//118 357//118
f 358//119 359//119 360//119
f 361//120 362//120 363//120
f 364//121 365//121 366//121
f 367//122 368//122 369//122
f 370//123 371//123 372//123
f 373//124 374//124 375//124
f 376//125 377//125 378//125
f 379//126 380//126 381//126
f 382//127 383//127 384//127
f 385//128 386//128 387//128
f 388//129 389//129 390//129
f 391//130 392//130 393//130
f 394//131 395//131 396//131
f 397//132 398//132 399//132
f 400//133 401//133 402//133
f 403//134 404//134 405//134
f 406//135 407//135 408//135
f 409//135 410//136 411//135
f 412//137 413//137 414//137
f 415//138 416//138 417//138
f 418//139 419//139 420//139
f 421//140 422//140 423//140
f 424//141 425//141 426//141
f 427//142 428//142 429//142
f 430//143 431//143 432//143
f 433//144 434//144 435//144
f 436//145 437//145 438//145
f 439//146 440//146 441//146
f 442//147 443//147 444//147
f 445//148 446//148 447//148
f 448//149 449//149 450//149
f 451//150 452//150 453//150
f 454//151 455//151 456//151
f 457//152 458//152 459//152
f 460//153 461//153 462//153
f 463//154 464//154 465//154
f 466//155 467//155 468//155
f 469//156 470//156 471//156
f 472//157 473//157 474//157
f 475//158 476//158 477//158
f 478//159 479//159 480//159
f 481//160 482//160 483//160
f 484//161 485//161 486//161
f 487//162 488//162 489//162
f 490//163 491//163 492//163
f 493//164 494//164 495//164
f 496//165 497//165 498//165
f 499//166 500//166 501//166
f 502//167 503//167 504//167
f 505//168 506//168 507//168
f 508//169 509//169 510//169
f 511//170 512//170 513//170
f 514//171 515//171 516//171
f 517//172 518//172 519//172
f 520//173 521//173 522//173
f 523//174 524//174 525//174
f 526//175 527//175 528//175
f 529//176 530//176 531//176
f 532//177 533//177 534//177
f 535//178 536//178 537//178
f 538//179 539//179 540//179
f 541//180 542//180 543//180
f 544//181 545//181 546//181
f 547//182 548//182 549//182
f 550//183 551//183 552//183
f 553//184 554//184 555//184
f 556//185 557//185 558//185
f 559//186 560//186 561//186
f 562//187 563//187 564//187
f 565//188 566//188 567//188
f 568//189 569//189 570//189
f 571//190 572//190 573//190
f 574//191 575//191 576//191
f 577//192 578//192 579//192
f 580//193 581//193 582//193
f 583//194 584//195 585//195
f 586//196 587//196 588//196
f 589//197 590//197 591//197
f 592//198 593//198 594//199
f 595//200 596//200 597//200
f 598//201 599//201 600//201
f 601//202 602//202 603//202
f 604//203 605//203 606//203
f 607//204 608//204 609//204
f 610//205 611//205 612//205
f 613//206 614//206 615//206
f 616//207 617//207 618//207
f 619//208 620//208 621//208
f 622//209 623//209 624//209
f 625//210 626//210 627//210
f 628//211 629//211 630//211
f 631//212 632//212 633//212
f 634//213 635//213 636//213
f 637//214 638//214 639//214
f 640//215 641//215 642//215
f 643//216 644//216 645//216
f 646//217 647//217 648//217
f 649//218 650//218 651//218
f 652//219 653//219 654//219
f 655//220 656//220 657//220
f 658//221 659//221 660//221
f 661//222 662//222 663//222
f 664//223 665//223 666//223
f 667//224 668//224 669//224
f 670//225 671//225 672//225
f 673//226 674//226 675//226
f 676//227 677//227 678//227
f 679//228 680//228 681//228
f 682//229 683//229 684//229
f 685//230 686//230 687//230
f 688//231 689//231 690//231
f 691//232 692//232 693//232
f 694//233 695//233 696//233
f 697//234 698//234 699//234
f 700//235 701//235 702//235
f 703//236 704//236 705//236
f 706//237 707//237 708//237
f 709//238 710//238 711//238
f 712//239 713//239 714//239
f 715//240 716//240 717//240
f 718//241 719//241 720//241
f 721//242 722//242 723//242
f 724//243 725//243 726//243
f 727//244 728//244 729//244
f 730//245 731//245 732//245
f 733//246 734//246 735//246
f 736//247 737//247 738//247
f 739//248 740//248 741//248
f 742//249 743//249 744//249
f 745//250 746//250 747//250
f 748//251 749//251 750//251
f 751//252 752//252 753//252
f 754//252 755//252 756//252
f 757//253 758//253 759//253
f 760//254 761//254 762//254
f 763//255 764//255 765//255
f 766//256 767//256 768//256
f 769//257 770//257 771//257
f 772//258 773//258 774//258
f 775//259 776//259 777//259
f 778//260 779//260 780//260
f 781//261 782//261 783//261
f 784//262 785//262 786//262
f 787//263 788//263 789//263
f 790//264 791//264 792//264
f 793//265 794//265 795//265
f 796//266 797//266 798//266
f 799//266 800//266 801//266
f 802//267 803//267 804//267
f 805//268 806//268 807//268
f 808//269 809//269 810//269
f 811//270 812//270 813//270
f 814//271 815//272 816//271
f 817//273 818//273 819//273
f 820//274 821//274 822//274
f 823//275 824//275 825//275
f 826//276 827//277 828//276
f 829//278 830//278 831//278
f 832//279 833//279 834//279
f 835//280 836//280 837//280
f 838//281 839//281 840//281
f 841//282 842//282 843//282
f 844//283 845//283 846//283
f 847//284 848//284 849//284
f 850//285 851//285 852//285
f 853//286 854//286 855//286
f 856//287 857//287 858//287
f 859//288 860//288 861//288
f 862//289 863//289 864//289
f 865//290 866//290 867//290
f 868//291 869//291 870//291
f 871//292 872//293 873//293
f 874//294 875//294 876//294
f 877//295 878//295 879//295
f 880//296 881//296 882//296
f 883//297 884//297 885//297
f 886//298 887//298 888//298
f 889//299 890//299 891//299
f 892//300 893//300 894//300
f 895//301 896//301 897//301
f 898//302 899//302 900//302
f 901//303 902//303 903//303
f 904//304 905//304 906//304
f 907//305 908//305 909//305
f 910//306 911//306 912//306
f 913//307 914//307 915//307
f 916//308 917//308 918//308
f 919//309 920//309 921//309
f 922//310 923//310 924//310
f 925//311 926//311 927//311
f 928//312 929//312 930//312
f 931//313 932//314 933//313
f 934//315 935//315 936//315
f 937//316 938//316 939//316
f 940//317 941//317 942//317
f 943//318 944//318 945//319
f 946//320 947//320 948//320
f 949//321 950//321 951//321
f 952//322 953//322 954//322
f 955//323 956//323 957//323
f 958//324 959//324 960//324
f 961//325 962//325 963//325
f 964//326 965//326 966//326
f 967//327 968//327 969//327
f 970//328 971//328 972//328
f 973//329 974//329 975//329
f 976//330 977//330 978//330
f 979//331 980//331 981//331
f 982//332 983//332 984//333
f 985//334 986//334 987//334
f 988//335 989//335 990//335
f 991//336 992//336 993//336
f 994//337 995//337 996//337
f 997//338 998//338 999//338
f 1000//339 1001//339 1002//339
f 1003//340 1004//340 1005//340
f 1006//341 1007//341 1008//341
f 1009//342 1010//342 1011//342
f 1012//343 1013//343 1014//343
f 1015//344 1016//344 1017//344
f 1018//345 1019//345 1020//345
f 1021//346 1022//346 1023//346
f 1024//347 1025//347 1026//347
f 1027//348 1028//348 1029//348
f 1030//349 1031//349 1032//349
f 1033//350 1034//350 1035//350
f 1036//351 1037//351 1038//351
f 1039//352 1040//352 1041//352
f 1042//353 1043//353 1044//353
f 1045//354 1046//354 1047//354
f 1048//355 1049//355 1050//355
f 1051//356 1052//356 1053//356
f 1054//357 1055//357 1056//357
f 1057//358 1058//358 1059//358
f 1060//359 1061//359 1062//359
f 1063//360 1064//360 1065//360
f 1066//361 1067//361 1068//361
f 1069//362 1070//362 1071//362
f 1072//363 1073//363 1074//363
f 1075//364 1076//364 1077//364
f 1078//365 1079//365 1080//365
f 1081//366 1082//366 1083//366
f 1084//367 1085//367 1086//367
f 1087//368 1088//368 1089//368
f 1090//369 1091//369 1092//369
f 1093//370 1094//370 1095//370
f 1096//371 1097//371 1098//371
f 1099//372 1100//372 1101//372
f 1102//373 1103//373 1104//373
f 1105//374 1106//374 1107//374
f 1108//375 1109//375 1110//375
f 1111//376 1112//376 1113//376
f 1114//377 1115//377 1116//378
f 1117//379 1118//379 1119//379
f 1120//380 1121//380 1122//381
f 1123//382 1124//382 1125//382
f 1126//383 1127//383 1128//383
f 1129//384 1130//384 1131//384
f 1132//385 1133//385 1134//385
f 1135//386 1136//386 1137//386
f 1138//387 1139//387 1140//387
f 1141//388 1142//388 1143//388
f 1144//389 1145//389 1146//389
f 1147//390 1148//390 1149//390
f 1150//391 1151//391 1152//391
f 1153//392 1154//392 1155//392
f 1156//393 1157//393 1158//393
f 1159//394 1160//394 1161//394
f 1162//395 1163//395 1164//395
f 1165//396 1166//396 1167//396
f 1168//397 1169//397 1170//397
f 1171//398 1172//398 1173//398
f 1174//399 1175//400 1176//399
f 1177//401 1178//401 1179//401
f 1180//402 1181//402 1182//402
f 1183//403 1184//403 1185//403
f 1186//404 1187//404 1188//404
f 1189//405 1190//405 1191//405
f 1192//406 1193//406 1194//406
f 1195//407 1196//407 1197//407
f 1198//408 1199//408 1200//408
f 1201//409 1202//409 1203//409
f 1204//410 1205//411 1206//411
f 1207//412 1208//412 1209//412
f 1210//413 1211//413 1212//413
f 1213//414 1214//414 1215//414
f 1216//415 1217//416 1218//415
f 1219//417 1220//417 1221//417
f 1222//418 1223//418 1224//418
f 1225//419 1226//419 1227//419
f 1228//420 1229//420 1230//420
f 1231//421 1232//421 1233//421
f 1234//422 1235//422 1236//422
f 1237//423 1238//423 1239//423
f 1240//424 1241//424 1242//424
f 1243//425 1244//425 1245//425
f 1246//426 1247//426 1248//426
f 1249//427 1250//427 1251//427
f 1252//428 1253//428 1254//428
f 1255//429 1256//429 1257//429
f 1258//430 1259//430 1260//430
f 1261//431 1262//431 1263//431
f 1264//432 1265//432 1266//432
f 1267//433 1268//433 1269//433
f 1270//434 1271//434 1272//434
f 1273//435 1274//435 1275//435
f 1276//436 1277//437 1278//437
f 1279//438 1280//438 1281//438
f 1282//439 1283//439 1284//439
f 1285//440 1286//440 1287//440
f 1288//441 1289//441 1290//441
f 1291//442 1292//442 1293//442
f 1294//443 1295//443 1296//443
f 1297//444 1298//444 1299//444
f 1300//445 1301//445 1302//445
f 1303//446 1304//446 1305//446
f 1306//447 1307//447 1308//447
f 1309//448 1310//448 1311//448
f 1312//449 1313//449 1314//449
f 1315//450 1316//450 1317//450
f 1318//451 1319//451 1320//451
f 1321//452 1322//452 1323//452
f 1324//453 1325//453 1326//453
f 1327//454 1328//454 1329//454
f 1330//455 1331//455 1332//455
f 1333//456 1334//456 1335//456
f 1336//457 1337//457 1338//457
f 1339//458 1340//458 1341//458
f 1342//459 1343//459 1344//459
f 1345//460 1346//460 1347//460
f 1348//461 1349//461 1350//461
f 1351//462 1352//462 1353//462
f 1354//463 1355//463 1356//463
f 1357//464 1358//464 1359//464
f 1360//465 1361//465 1362//465
f 1363//466 1364//466 1365//466
f 1366//467 1367//467 1368//467
f 1369//468 1370//468 1371//468
f 1372//469 1373//469 1374//469
f 1375//470 1376//470 1377//470
f 1378//471 1379//471 1380//471
f 1381//472 1382//472 1383//472
f 1384//473 1385//473 1386//473
f 1387//474 1388//474 1389//474
f 1390//475 1391//475 1392//475
f 1393//476 1394//476 1395//476
f 1396//477 1397//477 1398//477
f 1399//478 1400//478 1401//478
f 1402//479 1403//479 1404//479
f 1405//480 1406//480 1407//480
f 1408//481 1409//481 1410//481
f 1411//482 1412//482 1413//482
f 1414//483 1415//483 1416//483
f 1417//484 1418//484 1419//484
f 1420//485 1421//485 1422//485
f 1423//486 1424//487 1425//487
f 1426//488 1427//488 1428//488
f 1429//489 1430//489 1431//489
f 1432//490 1433//490 1434//490
f 1435//491 1436//491 1437//491
f 1438//492 1439//492 1440//492
f 1441//493 1442//493 1443//493
f 1444//494 1445//495 1446//494
f 1447//496 1448//496 1449//496
f 1450//497 1451//497 1452//497
f 1453//498 1454//498 1455//498
f 1456//499 1457//499 1458//499
f 1459//500 1460//500 1461//500
f 1462//501 1463//501 1464//501
f 1465//502 1466//502 1467//502
f 1468//503 1469//503 1470//503
f 1471//504 1472//504 1473//504
f 1474//505 1475//505 1476//505
f 1477//506 1478//507 1479//506
f 1480//508 1481//508 1482//508
f 1483//509 1484//509 1485//509
f 1486//510 1487//510 1488//510
f 1489//511 1490//511 1491//512
f 1492//513 1493//513 1494//513
f 1495//514 1496//514 1497//514
f 1498//515 1499//515 1500//515
f 1501//516 1502//516 1503//516
f 1504//517 1505//517 1506//517
f 1507//518 1508//518 1509//518
f 1510//519 1511//519 1512//519
f 1513//520 1514//520 1515//520
f 1516//521 1517//521 1518//521
f 1519//522 1520//522 1521//522
f 1522//523 1523//523 1524//524
f 1525//525 1526//525 1527//525
f 1528//526 1529//526 1530//527
f 1531//528 1532//528 1533//529
f 1534//528 1535//528 1536//528
f 1537//530 1538//530 1539//530
f 1540//531 1541//531 1542//531
f 1543//532 1544//532 1545//532
f 1546//533 1547//533 1548//533
f 1549//534 1550//534 1551//534
f 1552//535 1553//535 1554//535
f 1555//536 1556//536 1557//536
f 1558//537 1559//537 1560//538
f 1561//539 1562//539 1563//539
f 1564//539 1565//539 1566//539
f 1567//540 1568//540 1569//540
f 1570//540 1571//540 1572//540
f 1573//540 1574//540 1575//540
f 1576//540 1577//540 1578//540
f 1579//540 1580//540 1581//540
f 1582//540 1583//540 1584//540
f 1585//540 1586//540 1587//540
f 1588//540 1589//540 1590//540
f 1591//540 1592//540 1593//540
f 1594//540 1595//540 1596//540
f 1597//540 1598//540 1599//540
f 1600//540 1601//540 1602//540
f 1603//540 1604//540 1605//540
f 1606//540 1607//540 1608//540
f 1609//540 1610//540 1611//540
f 1612//540 1613//540 1614//540
f 1615//540 1616//540 1617//540
f 1618//540 1619//540 1620//540
f 1621//540 1622//540 1623//540
f 1624//540 1625//540 1626//540
f 1627//540 1628//540 1629//540
f 1630//540 1631//540 1632//540
f 1633//540 1634//540 1635//540
f 1636//540 1637//540 1638//540
f 1639//540 1640//540 1641//540
f 1642//540 1643//540 1644//540
f 1645//540 1646//540 1647//540
f 1648//540 1649//540 1650//540
f 1651//540 1652//540 1653//540
f 1654//540 1655//540 1656//540
f 1657//540 1658//540 1659//540
f 1660//540 1661//540 1662//540
f 1663//540 1664//540 1665//540
f 1666//540 1667//540 1668//540
f 1669//540 1670//540 1671//540
f 1672//540 1673//540 1674//540
f 1675//540 1676//540 1677//540
f 1678//540 1679//540 1680//540
f 1681//540 1682//540 1683//540
f 1684//540 1685//540 1686//540
f 1687//540 1688//540 1689//540
f 1690//540 1691//540 1692//540
f 1693//540 1694//540 1695//540
f 1696//540 1697//540 1698//540
f 1699//540 1700//540 1701//540
f 1702//540 1703//540 1704//540
f 1705//540 1706//540 1707//540
f 1708//540 1709//540 1710//540
f 1711//540 1712//540 1713//540
f 1714//540 1715//540 1716//540
f 1717//540 1718//540 1719//540
f 1720//540 1721//540 1722//540
f 1723//541 1724//541 1725//541
f 1726//541 1727//541 1728//541
f 1729//542 1730//542 1731//542
f 1732//542 1733//542 1734//542
f 1735//540 1736//540 1737//540
f 1738//540 1739//540 1740//540
f 1741//540 1742//540 1743//540
f 1744//540 1745//540 1746//540
f 1747//540 1748//540 1749//540
f 1750//540 1751//540 1752//540
f 1753//540 1754//540 1755//540
f 1756//540 1757//540 1758//540
f 1759//540 1760//540 1761//540
f 1762//540 1763//540 1764//540
f 1765//540 1766//540 1767//540
f 1768//540 1769//540 1770//540
f 1771//540 1772//540 1773//540
f 1774//540 1775//540 1776//540
f 1777//540 1778//540 1779//540
f 1780//540 1781//540 1782//540
f 1783//540 1784//540 1785//540
f 1786//540 1787//540 1788//540
f 1789//540 1790//540 1791//540
f 1792//540 1793//540 1794//540
f 1795//540 1796//540 1797//540
f 1798//540 1799//540 1800//540
f 1801//540 1802//540 1803//540
f 1804//540 1805//540 1806//540
f 1807//540 1808//540 1809//540
f 1810//540 1811//540 1812//540
f 1813//540 1814//540 1815//540
f 1816//540 1817//540 1818//540
f 1819//540 1820//540 1821//540
f 1822//540 1823//540 1824//540
f 1825//540 1826//540 1827//540
f 1828//540 1829//540 1830//540
f 1831//540 1832//540 1833//540
f 1834//540 1835//540 1836//540
f 1837//540 1838//540 1839//540
f 1840//540 1841//540 1842//540
f 1843//540 1844//540 1845//540
f 1846//540 1847//540 1848//540
f 1849//540 1850//540 1851//540
f 1852//540 1853//540 1854//540
f 1855//540 1856//540 1857//540
f 1858//540 1859//540 1860//540
f 1861//540 1862//540 1863//540
f 1864//540 1865//540 1866//540
f 1867//540 1868//540 1869//540
f 1870//540 1871//540 1872//540
f 1873//540 1874//540 1875//540
f 1876//540 1877//540 1878//540
f 1879//540 1880//540 1881//540
f 1882//540 1883//540 1884//540
f 1885//540 1886//540 1887//540
f 1888//540 1889//540 1890//540
f 1891//543 1892//543 1893//543
f 1894//543 1895//543 1896//543
f 1897//539 1898//539 1899//539
f 1900//539 1901//539 1902//539
f 1903//540 1904//540 1905//540
f 1906//540 1907//540 1908//540
f 1909//540 1910//540 1911//540
f 1912//540 1913//540 1914//540
f 1915//540 1916//540 1917//540
f 1918//540 1919//540 1920//540
f 1921//540 1922//540 1923//540
f 1924//540 1925//540 1926//540
f 1927//540 1928//540 1929//540
f 1930//540 1931//540 1932//540
f 1933//540 1934//540 1935//540
f 1936//540 1937//540 1938//540
f 1939//540 1940//540 1941//540
f 1942//540 1943//540 1944//540
f 1945//540 1946//540 1947//540
f 1948//540 1949//540 1950//540
f 1951//540 1952//540 1953//540
f 1954//540 1955//540 1956//540
f 1957//540 1958//540 1959//540
f 1960//540 1961//540 1962//540
f 1963//540 1964//540 1965//540
f 1966//540 1967//540 1968//540
f 1969//540 1970//540 1971//540
f 1972//540 1973//540 1974//540
f 1975//540 1976//540 1977//540
f 1978//540 1979//540 1980//540
f 1981//540 1982//540 1983//540
f 1984//540 1985//540 1986//540
f 1987//540 1988//540 1989//540
f 1990//540 1991//540 1992//540
f 1993//540 1994//540 1995//540
f 1996//540 1997//540 1998//540
f 1999//540 2000//540 2001//540
f 2002//540 2003//540 2004//540
f 2005//540 2006//540 2007//540
f 2008//540 2009//540 2010//540
f 2011//540 2012//540 2013//540
f 2014//540 2015//540 2016//540
f 2017//540 2018//540 2019//540
f 2020//540 2021//540 2022//540
f 2023//540 2024//540 2025//540
f 2026//540 2027//540 2028//540
f 2029//540 2030//540 2031//540
f 2032//540 2033//540 2034//540
f 2035//540 2036//540 2037//540
f 2038//540 2039//540 2040//540
f 2041//540 2042//540 2043//540
f 2044//540 2045//540 2046//540
f 2047//540 2048//540 2049//540
f 2050//540 2051//540 2052//540
f 2053//540 2054//540 2055//540
f 2056//540 2057//540 2058//540
f 2059//541 2060//541 2061//541
f 2062//541 2063//541 2064//541
f 2065//544 2066//544 2067//544
f 2068//544 2069//544 2070//544
f 2071//540 2072//540 2073//540
f 2074//540 2075//540 2076//540
f 2077//540 2078//540 2079//540
f 2080//540 2081//540 2082//540
f 2083//540 2084//540 2085//540
f 2086//540 2087//540 2088//540
f 2089//540 2090//540 2091//540
f 2092//540 2093//540 2094//540
f 2095//540 2096//540 2097//540
f 2098//540 2099//540 2100//540
f 2101//540 2102//540 2103//540
f 2104//540 2105//540 2106//540
f 2107//540 2108//540 2109//540
f 2110//540 2111//540 2112//540
f 2113//540 2114//540 2115//540
f 2116//540 2117//540 2118//540
f 2119//540 2120//540 2121//540
f 2122//540 2123//540 2124//540
f 2125//540 2126//540 2127//540
f 2128//540 2129//540 2130//540
f 2131//540 2132//540 2133//540
f 2134//540 2135//540 2136//540
f 2137//540 2138//540 2139//540
f 2140//540 2141//540 2142//540
f 2143//540 2144//540 2145//540
f 2146//540 2147//540 2148//540
f 2149//540 2150//540 2151//540
f 2152//540 2153//540 2154//540
f 2155//540 2156//540 2157//540
f 2158//540 2159//540 2160//540
f 2161//540 2162//540 2163//540
f 2164//540 2165//540 2166//540
f 2167//540 2168//540 2169//540
f 2170//540 2171//540 2172//540
f 2173//540 2174//540 2175//540
f 2176//540 2177//540 2178//540
f 2179//540 2180//540 2181//540
f 2182//540 2183//540 2184//540
f 2185//540 2186//540 2187//540
f 2188//540 2189//540 2190//540
f 2191//540 2192//540 2193//540
f 2194//540 2195//540 2196//540
f 2197//540 2198//540 2199//540
f 2200//540 2201//540 2202//540
f 2203//540 2204//540 2205//540
f 2206//540 2207//540 2208//540
f 2209//540 2210//540 2211//540
f 2212//540 2213//540 2214//540
f 2215//540 2216//540 2217//540
f 2218//540 2219//540 2220//540
f 2221//540 2222//540 2223//540
f 2224//540 2225//540 2226//540
f 2227//540 2228//540 2229//540
f 2230//540 2231//540 2232//540
f 2233//540 2234//540 2235//540
f 2236//540 2237//540 2238//540
f 2239//540 2240//540 2241//540
f 2242//540 2243//540 2244//540
f 2245//540 2246//540 2247//540
f 2248//540 2249//540 2250//540
f 2251//540 2252//540 2253//540
f 2254//540 2255//540 2256//540
f 2257//540 2258//540 2259//540
f 2260//540 2261//540 2262//540
f 2263//540 2264//540 2265//540
f 2266//540 2267//540 2268//540
f 2269//540 2270//540 2271//540
f 2272//540 2273//540 2274//540
f 2275//540 2276//540 2277//540
f 2278//540 2279//540 2280//540
f 2281//540 2282//540 2283//540
f 2284//540 2285//540 2286//540
f 2287//540 2288//540 2289//540
f 2290//540 2291//540 2292//540
f 2293//540 2294//540 2295//540
f 2296//540 2297//540 2298//540
f 2299//540 2300//540 2301//540
f 2302//540 2303//540 2304//540
f 2305//540 2306//540 2307//540
f 2308//540 2309//540 2310//540
f 2311//540 2312//540 2313//540
f 2314//540 2315//540 2316//540
f 2317//540 2318//540 2319//540
f 2320//540 2321//540 2322//540
f 2323//540 2324//540 2325//540
f 2326//540 2327//540 2328//540
f 2329//540 2330//540 2331//540
f 2332//540 2333//540 2334//540
f 2335//540 2336//540 2337//540
f 2338//540 2339//540 2340//540
f 2341//540 2342//540 2343//540
f 2344//540 2345//540 2346//540
f 2347//540 2348//540 2349//540
f 2350//540 2351//540 2352//540
f 2353//540 2354//540 2355//540
f 2356//540 2357//540 2358//540
f 2359//540 2360//540 2361//540
f 2362//540 2363//540 2364//540
f 2365//540 2366//540 2367//540
f 2368//540 2369//540 2370//540
f 2371//540 2372//540 2373//540
f 2374//540 2375//540 2376//540
f 2377//540 2378//540 2379//540
f 2380//545 2381//545 2382//545
f 2383//545 2384//545 2385//545
f 2386//540 2387//540 2388//540
f 2389//540 2390//540 2391//540
f 2392//540 2393//540 2394//540
f 2395//540 2396//540 2397//540
f 2398//540 2399//540 2400//540
f 2401//540 2402//540 2403//540
f 2404//540 2405//540 2406//540
f 2407//540 2408//540 2409//540
f 2410//540 2411//540 2412//540
f 2413//540 2414//540 2415//540
f 2416//540 2417//540 2418//540
f 2419//540 2420//540 2421//540
f 2422//540 2423//540 2424//540
f 2425//540 2426//540 2427//540
f 2428//540 2429//540 2430//540
f 2431//540 2432//540 2433//540
f 2434//540 2435//540 2436//540
f 2437//540 2438//540 2439//540
f 2440//540 2441//540 2442//540
f 2443//540 2444//540 2445//540
f 2446//540 2447//540 2448//540
f 2449//540 2450//540 2451//540
f 2452//540 2453//540 2454//540
f 2455//540 2456//540 2457//540
f 2458//540 2459//540 2460//540
f 2461//540 2462//540 2463//540
f 2464//540 2465//540 2466//540
f 2467//540 2468//540 2469//540
f 2470//540 2471//540 2472//540
f 2473//540 2474//540 2475//540
f 2476//540 2477//540 2478//540
f 2479//540 2480//540 2481//540
f 2482//540 2483//540 2484//540
f 2485//540 2486//540 2487//540
f 2488//540 2489//540 2490//540
f 2491//540 2492//540 2493//540
f 2494//540 2495//540 2496//540
f 2497//540 2498//540 2499//540
f 2500//540 2501//540 2502//540
f 2503//540 2504//540 2505//540
f 2506//540 2507//540 2508//540
f 2509//540 2510//540 2511//540
f 2512//540 2513//540 2514//540
f 2515//540 2516//540 2517//540
f 2518//540 2519//540 2520//540
f 2521//540 2522//540 2523//540
f 2524//540 2525//540 2526//540
f 2527//540 2528//540 2529//540
f 2530//540 2531//540 2532//540
f 2533//540 2534//540 2535//540
f 2536//540 2537//540 2538//540
f 2539//543 2540//543 2541//543
f 2542//543 2543//543 2544//543
f 2545//540 2546//540 2547//540
f 2548//540 2549//540 2550//540
f 2551//540 2552//540 2553//540
f 2554//540 2555//540 2556//540
f 2557//540 2558//540 2559//540
f 2560//540 2561//540 2562//540
f 2563//540 2564//540 2565//540
f 2566//540 2567//540 2568//540
f 2569//540 2570//540 2571//540
f 2572//540 2573//540 2574//540
f 2575//540 2576//540 2577//540
f 2578//540 2579//540 2580//540
f 2581//540 2582//540 2583//540
f 2584//540 2585//540 2586//540
f 2587//540 2588//540 2589//540
f 2590//540 2591//540 2592//540
f 2593//540 2594//540 2595//540
f 2596//540 2597//540 2598//540
f 2599//540 2600//540 2601//540
f 2602//540 2603//540 2604//540
f 2605//540 2606//540 2607//540
f 2608//540 2609//540 2610//540
f 2611//540 2612//540 2613//540
f 2614//540 2615//540 2616//540
f 2617//540 2618//540 2619//540
f 2620//540 2621//540 2622//540
f 2623//540 2624//540 2625//540
f 2626//540 2627//540 2628//540
f 2629//540 2630//540 2631//540
f 2632//540 2633//540 2634//540
f 2635//540 2636//540 2637//540
f 2638//540 2639//540 2640//540
f 2641//540 2642//540 2643//540
f 2644//540 2645//540 2646//540
f 2647//540 2648//540 2649//540
f 2650//540 2651//540 2652//540
f 2653//540 2654//540 2655//540
f 2656//540 2657//540 2658//540
f 2659//540 2660//540 2661//540
f 2662//540 2663//540 2664//540
f 2665//540 2666//540 2667//540
f 2668//540 2669//540 2670//540
f 2671//540 2672//540 2673//540
f 2674//540 2675//540 2676//540
f 2677//540 2678//540 2679//540
f 2680//540 2681//540 2682//540
f 2683//540 2684//540 2685//540
f 2686//540 2687//540 2688//540
f 2689//540 2690//540 2691//540
f 2692//540 2693//540 2694//540
f 2695//540 2696//540 2697//540
f 2698//540 2699//540 2700//540
f 2701//540 2702//540 2703//540
f 2704//540 2705//540 2706//540
f 2707//540 2708//540 2709//540
f 2710//540 2711//540 2712//540
f 2713//540 2714//540 2715//540
f 2716//546 2717//546 2718//546
f 2719//546 2720//546 2721//546
f 2722//546 2723//546 2724//546
f 2725//546 2726//546 2727//546
f 2728//546 2729//546 2730//546
f 2731//546 2732//546 2733//546
f 2734//546 2735//546 2736//546
f 2737//546 2738//546 2739//546
f 2740//546 2741//546 2742//546
f 2743//546 2744//546 2745//546
f 2746//546 2747//546 2748//546
f 2749//546 2750//546 2751//546
f 2752//546 2753//546 2754//546
f 2755//546 2756//546 2757//546
f 2758//546 2759//546 2760//546
f 2761//546 2762//546 2763//546
f 2764//546 2765//546 2766//546
f 2767//546 2768//546 2769//546
f 2770//546 2771//546 2772//546
f 2773//546 2774//546 2775//546
f 2776//546 2777//546 2778//546
f 2779//546 2780//546 2781//546
f 2782//546 2783//546 2784//546
f 2785//546 2786//546 2787//546
f 2788//546 2789//546 2790//546
f 2791//546 2792//546 2793//546
f 2794//546 2795//546 2796//546
f 2797//546 2798//546 2799//546
f 2800//546 2801//546 2802//546
f 2803//546 2804//546 2805//546
f 2806//546 2807//546 2808//546
f 2809//546 2810//546 2811//546
f 2812//546 2813//546 2814//546
f 2815//546 2816//546 2817//546
f 2818//546 2819//546 2820//546
f 2821//546 2822//546 2823//546
f 2824//546 2825//546 2826//546
f 2827//546 2828//546 2829//546
f 2830//546 2831//546 2832//546
f 2833//546 2834//546 2835//546
f 2836//546 2837//546 2838//546
f 2839//546 2840//546 2841//546
f 2842//546 2843//546 2844//546
f 2845//546 2846//546 2847//546
f 2848//546 2849//546 2850//546
f 2851//546 2852//546 2853//546
f 2854//546 2855//546 2856//546
f 2857//546 2858//546 2859//546
f 2860//546 2861//546 2862//546
f 2863//546 2864//546 2865//546
f 2866//546 2867//546 2868//546
f 2869//546 2870//546 2871//546
f 2872//546 2873//546 2874//546
f 2875//546 2876//546 2877//546
f 2878//546 2879//546 2880//546
f 2881//546 2882//546 2883//546
f 2884//546 2885//546 2886//546
f 2887//546 2888//546 2889//546
f 2890//546 2891//546 2892//546
f 2893//546 2894//546 2895//546
f 2896//546 2897//546 2898//546
f 2899//546 2900//546 2901//546
f 2902//546 2903//546 2904//546
f 2905//546 2906//546 2907//546
f 2908//546 2909//546 2910//546
f 2911//546 2912//546 2913//546
f 2914//546 2915//546 2916//546
f 2917//546 2918//546 2919//546
f 2920//546 2921//546 2922//546
f 2923//546 2924//546 2925//546
f 2926//546 2927//546 2928//546
f 2929//546 2930//546 2931//546
f 2932//546 2933//546 2934//546
f 2935//546 2936//546 2937//546
f 2938//546 2939//546 2940//546
f 2941//546 2942//546 2943//546
f 2944//546 2945//546 2946//546
f 2947//546 2948//546 2949//546
f 2950//546 2951//546 2952//546
f 2953//546 2954//546 2955//546
f 2956//546 2957//546 2958//546
f 2959//546 2960//546 2961//546
f 2962//546 2963//546 2964//546
f 2965//546 2966//546 2967//546
f 2968//546 2969//546 2970//546
f 2971//546 2972//546 2973//546
f 2974//546 2975//546 2976//546
f 2977//546 2978//546 2979//546
f 2980//546 2981//546 2982//546
f 2983//546 2984//546 2985//546
f 2986//546 2987//546 2988//546
f 2989//546 2990//546 2991//546
f 2992//546 2993//546 2994//546
f 2995//546 2996//546 2997//546
f 2998//546 2999//546 3000//546
f 3001//546 3002//546 3003//546
f 3004//546 3005//546 3006//546
f 3007//546 3008//546 3009//546
f 3010//546 3011//546 3012//546
f 3013//546 3014//546 3015//546
f 3016//546 3017//546 3018//546
f 3019//546 3020//546 3021//546
f 3022//546 3023//546 3024//546
f 3025//546 3026//546 3027//546
f 3028//546 3029//546 3030//546
f 3031//546 3032//546 3033//546
f 3034//546 3035//546 3036//546
f 3037//546 3038//546 3039//546
f 3040//546 3041//546 3042//546
f 3043//546 3044//546 3045//546
f 3046//546 3047//546 3048//546
f 3049//546 3050//546 3051//546
f 3052//546 3053//546 3054//546
f 3055//546 3056//546 3057//546
f 3058//546 3059//546 3060//546
f 3061//546 3062//546 3063//546
f 3064//546 3065//546 3066//546
f 3067//546 3068//546 3069//546
f 3070//546 3071//546 3072//546
f 3073//546 3074//546 3075//546
f 3076//546 3077//546 3078//546
f 3079//546 3080//546 3081//546
f 3082//546 3083//546 3084//546
f 3085//546 3086//546 3087//546
f 3088//546 3089//546 3090//546
f 3091//546 3092//546 3093//546
f 3094//546 3095//546 3096//546
f 3097//546 3098//546 3099//546
f 3100//546 3101//546 3102//546
f 3103//546 3104//546 3105//546
f 3106//546 3107//546 3108//546
f 3109//546 3110//546 3111//546
f 3112//546 3113//546 3114//546
f 3115//546 3116//546 3117//546
f 3118//546 3119//546 3120//546
f 3121//546 3122//546 3123//546
f 3124//546 3125//546 3126//546
f 3127//546 3128//546 3129//546
f 3130//546 3131//546 3132//546
f 3133//546 3134//546 3135//546
f 3136//546 3137//546 3138//546
f 3139//546 3140//546 3141//546
f 3142//546 3143//546 3144//546
f 3145//546 3146//546 3147//546
f 3148//546 3149//546 3150//546
f 3151//546 3152//546 3153//546
f 3154//546 3155//546 3156//546
f 3157//546 3158//546 3159//546
f 3160//546 3161//546 3162//546
f 3163//546 3164//546 3165//546
f 3166//546 3167//546 3168//546
f 3169//546 3170//546 3171//546
f 3172//546 3173//546 3174//546
f 3175//546 3176//546 3177//546
f 3178//546 3179//546 3180//546
f 3181//546 3182//546 3183//546
f 3184//546 3185//546 3186//546
f 3187//546 3188//546 3189//546
f 3190//546 3191//546 3192//546
f 3193//546 3194//546 3195//546
f 3196//547 3197//547 3198//547
f 3199//546 3200//546 3201//546
f 3202//546 3203//546 3204//546
f 3205//546 3206//546 3207//546
f 3208//546 3209//546 3210//546
f 3211//546 3212//546 3213//546
f 3214//546 3215//546 3216//546
f 3217//546 3218//546 3219//546
f 3220//546 3221//546 3222//546
f 3223//546 3224//546 3225//546
f 3226//546 3227//546 3228//546
f 3229//546 3230//546 3231//546
f 3232//546 3233//546 3234//546
f 3235//546 3236//546 3237//546
f 3238//546 3239//546 3240//546
f 3241//546 3242//546 3243//546
f 3244//546 3245//546 3246//546
f 3247//546 3248//546 3249//546
f 3250//546 3251//546 3252//546
f 3253//546 3254//546 3255//546
f 3256//546 3257//546 3258//546
f 3259//546 3260//546 3261//546
f 3262//546 3263//546 3264//546
f 3265//546 3266//546 3267//546
f 3268//546 3269//546 3270//546
f 3271//546 3272//546 3273//546
f 3274//546 3275//546 3276//546
f 3277//546 3278//546 3279//546
f 3280//546 3281//546 3282//546
f 3283//546 3284//546 3285//546
f 3286//546 3287//546 3288//546
f 3289//547 3290//547 3291//547
f 3292//546 3293//546 3294//546
f 3295//547 3296//547 3297//547
f 3298//548 3299//548 3300//548
f 3301//546 3302//546 3303//546
f 3304//546 3305//546 3306//546
f 3307//546 3308//546 3309//546
f 3310//546 3311//546 3312//546
f 3313//546 3314//546 3315//546
f 3316//546 3317//546 3318//546
f 3319//546 3320//546 3321//546
f 3322//546 3323//546 3324//546
f 3325//547 3326//547 3327//547
f 3328//546 3329//546 3330//546
f 3331//546 3332//546 3333//546
f 3334//546 3335//546 3336//546
f 3337//547 3338//547 3339//547
f 3340//548 3341//548 3342//548
f 3343//546 3344//546 3345//546
f 3346//546 3347//546 3348//546
f 3349//548 3350//548 3351//548
f 3352//547 3353//547 3354//547
f 3355//548 3356//548 3357//548
f 3358//546 3359//546 3360//546
f 3361//548 3362//548 3363//548
f 3364//546 3365//546 3366//546
f 3367//546 3368//546 3369//546
f 3370//546 3371//546 3372//546
f 3373//548 3374//548 3375//548
f 3376//546 3377//546 3378//546
f 3379//546 3380//546 3381//546
f 3382//548 3383//548 3384//548
f 3385//547 3386//547 3387//547
f 3388//547 3389//547 3390//547
f 3391//546 3392//546 3393//546
f 3394//546 3395//546 3396//546
f 3397//547 3398//547 3399//547
f 3400//546 3401//546 3402//546
f 3403//549 3404//549 3405//549
f 3406//546 3407//546 3408//546
f 3409//547 3410//547 3411//547
f 3412//546 3413//546 3414//546
f 3415//546 3416//546 3417//546
f 3418//546 3419//546 3420//546
f 3421//547 3422//547 3423//547
f 3424//546 3425//546 3426//546
f 3427//550 3428//550 3429//550
f 3430//546 3431//546 3432//546
f 3433//546 3434//546 3435//546
f 3436//546 3437//546 3438//546
f 3439//546 3440//546 3441//546
f 3442//546 3443//546 3444//546
f 3445//546 3446//546 3447//546
f 3448//551 3449//551 3450//551
f 3451//552 3452//552 3453//552
f 3454//549 3455//549 3456//549
f 3457//546 3458//546 3459//546
f 3460//553 3461//553 3462//553
f 3463//554 3464//554 3465//554
f 3466//549 3467//549 3468//549
f 3469//546 3470//546 3471//546
f 3472//551 3473//551 3474//551
f 3475//546 3476//546 3477//546
f 3478//549 3479//549 3480//549
f 3481//546 3482//546 3483//546
f 3484//546 3485//546 3486//546
f 3487//555 3488//555 3489//555
f 3490//540 3491//540 3492//540
f 3493//540 3494//540 3495//540
f 3496//540 3497//540 3498//540
f 3499//540 3500//540 3501//540
f 3502//540 3503//540 3504//540
f 3505//540 3506//540 3507//540
f 3508//540 3509//540 3510//540
f 3511//540 3512//540 3513//540
f 3514//540 3515//540 3516//540
f 3517//540 3518//540 3519//540
f 3520//540 3521//540 3522//540
f 3523//540 3524//540 3525//540
f 3526//540 3527//540 3528//540
f 3529//540 3530//540 3531//540
f 3532//540 3533//540 3534//540
f 3535//540 3536//540 3537//540
f 3538//540 3539//540 3540//540
f 3541//540 3542//540 3543//540
f 3544//540 3545//540 3546//540
f 3547//540 3548//540 3549//540
f 3550//540 3551//540 3552//540
f 3553//540 3554//540 3555//540
f 3556//540 3557//540 3558//540
f 3559//540 3560//540 3561//540
f 3562//540 3563//540 3564//540
f 3565//540 3566//540 3567//540
f 3568//540 3569//540 3570//540
f 3571//540 3572//540 3573//540
f 3574//540 3575//540 3576//540
f 3577//540 3578//540 3579//540
f 3580//540 3581//540 3582//540
f 3583//540 3584//540 3585//540
f 3586//540 3587//540 3588//540
f 3589//540 3590//540 3591//540
f 3592//540 3593//540 3594//540
f 3595//540 3596//540 3597//540
f 3598//540 3599//540 3600//540
f 3601//540 3602//540 3603//540
f 3604//540 3605//540 3606//540
f 3607//540 3608//540 3609//540
f 3610//540 3611//540 3612//540
f 3613//540 3614//540 3615//540
f 3616//540 3617//540 3618//540
f 3619//540 3620//540 3621//540
f 3622//540 3623//540 3624//540
f 3625//540 3626//540 3627//540
f 3628//540 3629//540 3630//540
f 3631//540 3632//540 3633//540
f 3634//540 3635//540 3636//540
f 3637//540 3638//540 3639//540
f 3640//540 3641//540 3642//540
f 3643//542 3644//542 3645//542
f 3646//542 3647//542 3648//542
f 3649//556 3650//556 3651//556
f 3652//556 3653//556 3654//556
f 3655//557 3656//557 3657//557
f 3658//557 3659//557 3660//557
f 3661//558 3662//558 3663//558
f 3664//558 3665//558 3666//558
f 3667//559 3668//559 3669//559
f 3670//560 3671//560 3672//560
f 3673//561 3674//561 3675//561
f 3676//562 3677//562 3678//562
f 3679//563 3680//563 3681//563
f 3682//564 3683//564 3684//564
f 3685//565 3686//565 3687//565
f 3688//566 3689//566 3690//566
f 3691//567 3692//567 3693//567
f 3694//568 3695//568 3696//568
f 3697//569 3698//569 3699//569
f 3700//570 3701//570 3702//570
f 3703//571 3704//571 3705//571
f 3706//572 3707//572 3708//572
f 3709//573 3710//573 3711//573
f 3712//574 3713//574 3714//574
f 3715//575 3716//575 3717//575
f 3718//559 3719//559 3720//559
f 3721//576 3722//576 3723//576
f 3724//576 3725//576 3726//576
f 3727//577 3728//577 3729//577
f 3730//577 3731//577 3732//577
f 3733//578 3734//578 3735//578
f 3736//578 3737//578 3738//578
f 3739//579 3740//579 3741//579
f 3742//579 3743//579 3744//579
f 3745//580 3746//580 3747//580
f 3748//580 3749//580 3750//580
f 3751//581 3752//581 3753//581
f 3754//581 3755//581 3756//581
f 3757//582 3758//582 3759//582
f 3760//582 3761//582 3762//582
f 3763//583 3764//583 3765//583
f 3766//583 3767//583 3768//583
f 3769//584 3770//584 3771//584
f 3772//584 3773//584 3774//584
f 3775//585 3776//585 3777//585
f 3778//585 3779//585 3780//585
f 3781//586 3782//586 3783//586
f 3784//586 3785//586 3786//586
f 3787//587 3788//587 3789//587
f 3790//587 3791//587 3792//587
f 3793//588 3794//588 3795//588
f 3796//588 3797//588 3798//588
f 3799//589 3800//589 3801//589
f 3802//589 3803//589 3804//589
f 3805//590 3806//590 3807//590
f 3808//590 3809//590 3810//590
f 3811//591 3812//591 3813//591
f 3814//591 3815//591 3816//591
f 3817//592 3818//592 3819//592
f 3820//592 3821//592 3822//592
f 3823//593 3824//593 3825//593
f 3826//593 3827//593 3828//593
f 3829//594 3830//594 3831//594
f 3832//594 3833//594 3834//594
f 3835//595 3836//595 3837//595
f 3838//595 3839//595 3840//595
f 3841//596 3842//596 3843//596
f 3844//596 3845//596 3846//596
f 3847//597 3848//597 3849//597
f 3850//597 3851//597 3852//597
f 3853//598 3854//598 3855//598
f 3856//598 3857//598 3858//598
f 3859//599 3860//599 3861//599
f 3862//599 3863//599 3864//599
f 3865//600 3866//600 3867//600
f 3868//600 3869//600 3870//600
f 3871//601 3872//601 3873//601
f 3874//601 3875//601 3876//601
f 3877//602 3878//602 3879//602
f 3880//603 3881//603 3882//603
f 3883//604 3884//604 3885//604
f 3886//604 3887//604 3888//604
f 3889//605 3890//605 3891//605
f 3892//605 3893//605 3894//605
f 3895//606 3896//606 3897//606
f 3898//606 3899//606 3900//606
f 3901//607 3902//607 3903//607
f 3904//607 3905//607 3906//607
f 3907//608 3908//608 3909//608
f 3910//608 3911//608 3912//608
f 3913//609 3914//609 3915//609
f 3916//609 3917//609 3918//609
f 3919//610 3920//610 3921//610
f 3922//610 3923//610 3924//610
f 3925//611 3926//611 3927//611
f 3928//611 3929//611 3930//611
f 3931//612 3932//612 3933//612
f 3934//560 3935//560 3936//560
f 3937//613 3938//613 3939//613
f 3940//613 3941//613 3942//613
f 3943//614 3944//614 3945//614
f 3946//614 3947//614 3948//614
f 3949//615 3950//615 3951//615
f 3952//615 3953//615 3954//615
f 3955//616 3956//616 3957//616
f 3958//616 3959//616 3960//616
f 3961//617 3962//617 3963//617
f 3964//617 3965//617 3966//617
f 3967//618 3968//618 3969//618
f 3970//618 3971//618 3972//618
f 3973//619 3974//619 3975//619
f 3976//619 3977//619 3978//619
f 3979//620 3980//620 3981//620
f 3982//621 3983//621 3984//621
f 3985//622 3986//622 3987//622
f 3988//622 3989//622 3990//622
f 3991//623 3992//623 3993//623
f 3994//623 3995//623 3996//623
f 3997//624 3998//624 3999//624
f 4000//625 4001//625 4002//625
f 4003//626 4004//626 4005//626
f 4006//626 4007//626 4008//626
f 4009//627 4010//627 4011//627
f 4012//627 4013//627 4014//627
f 4015//628 4016//628 4017//628
f 4018//628 4019//628 4020//628
f 4021//629 4022//629 4023//629
f 4024//629 4025//629 4026//629
f 4027//630 4028//630 4029//630
f 4030//630 4031//630 4032//630
f 4033//631 4034//631 4035//631
f 4036//631 4037//631 4038//631
f 4039//632 4040//632 4041//632
f 4042//632 4043//632 4044//632
f 4045//633 4046//633 4047//633
f 4048//633 4049//633 4050//633
f 4051//634 4052//634 4053//634
f 4054//634 4055//634 4056//634
f 4057//635 4058//635 4059//635
f 4060//635 4061//635 4062//635
f 4063//636 4064//636 4065//636
f 4066//636 4067//636 4068//636
f 4069//637 4070//637 4071//637
f 4072//637 4073//637 4074//637
f 4075//638 4076//638 4077//638
f 4078//639 4079//639 4080//639
f 4081//640 4082//640 4083//640
f 4084//640 4085//640 4086//640
f 4087//641 4088//641 4089//641
f 4090//641 4091//641 4092//641
f 4093//642 4094//642 4095//642
f 4096//643 4097//643 4098//643
f 4099//644 4100//644 4101//644
f 4102//644 4103//644 4104//644
f 4105//645 4106//645 4107//645
f 4108//645 4109//645 4110//645
f 4111//646 4112//646 4113//646
f 4114//646 4115//646 4116//646
f 4117//647 4118//647 4119//647
f 4120//647 4121//647 4122//647
f 4123//648 4124//648 4125//648
f 4126//649 4127//649 4128//649
f 4129//650 4130//650 4131//650
f 4132//650 4133//650 4134//650
f 4135//651 4136//651 4137//651
f 4138//652 4139//652 4140//652
f 4141//653 4142//653 4143//653
f 4144//654 4145//654 4146//654
f 4147//655 4148//655 4149//655
f 4150//561 4151//561 4152//561
f 4153//656 4154//656 4155//656
f 4156//656 4157//656 4158//656
f 4159//657 4160//657 4161//657
f 4162//657 4163//657 4164//657
f 4165//658 4166//658 4167//658
f 4168//658 4169//658 4170//658
f 4171//659 4172//659 4173//659
f 4174//659 4175//659 4176//659
f 4177//660 4178//660 4179//660
f 4180//660 4181//660 4182//660
f 4183//661 4184//661 4185//661
f 4186//661 4187//661 4188//661
f 4189//662 4190//662 4191//662
f 4192//662 4193//662 4194//662
f 4195//663 4196//663 4197//663
f 4198//663 4199//663 4200//663
f 4201//664 4202//664 4203//664
f 4204//665 4205//665 4206//665
f 4207//666 4208//666 4209//666
f 4210//666 4211//666 4212//666
f 4213//667 4214//667 4215//667
f 4216//667 4217//667 4218//667
f 4219//668 4220//668 4221//668
f 4222//668 4223//668 4224//668
f 4225//669 4226//669 4227//669
f 4228//669 4229//669 4230//669
f 4231//670 4232//670 4233//670
f 4234//670 4235//670 4236//670
f 4237//671 4238//671 4239//671
f 4240//671 4241//671 4242//671
f 4243//672 4244//672 4245//672
f 4246//672 4247//672 4248//672
f 4249//673 4250//673 4251//673
f 4252//673 4253//673 4254//673
f 4255//674 4256//674 4257//674
f 4258//674 4259//674 4260//674
f 4261//675 4262//675 4263//675
f 4264//675 4265//675 4266//675
f 4267//676 4268//676 4269//676
f 4270//676 4271//676 4272//676
f 4273//677 4274//677 4275//677
f 4276//677 4277//677 4278//677
f 4279//678 4280//678 4281//678
f 4282//678 4283//678 4284//678
f 4285//679 4286//679 4287//679
f 4288//679 4289//679 4290//679
f 4291//680 4292//680 4293//680
f 4294//680 4295//680 4296//680
f 4297//681 4298//681 4299//681
f 4300//681 4301//681 4302//681
f 4303//682 4304//682 4305//682
f 4306//682 4307//682 4308//682
f 4309//683 4310//683 4311//683
f 4312//683 4313//683 4314//683
f 4315//684 4316//684 4317//684
f 4318//684 4319//684 4320//684
f 4321//685 4322//685 4323//685
f 4324//685 4325//685 4326//685
f 4327//686 4328//686 4329//686
f 4330//686 4331//686 4332//686
f 4333//687 4334//687 4335//687
f 4336//687 4337//687 4338//687
f 4339//688 4340//688 4341//688
f 4342//688 4343//688 4344//688
f 4345//689 4346//689 4347//689
f 4348//689 4349//689 4350//689
f 4351//690 4352//690 4353//690
f 4354//690 4355//690 4356//690
f 4357//691 4358//691 4359//691
f 4360//692 4361//692 4362//692
f 4363//693 4364//693 4365//693
f 4366//562 4367//562 4368//562
f 4369//694 4370//694 4371//694
f 4372//694 4373//694 4374//694
f 4375//695 4376//695 4377//695
f 4378//695 4379//695 4380//695
f 4381//696 4382//696 4383//696
f 4384//696 4385//696 4386//696
f 4387//697 4388//697 4389//697
f 4390//697 4391//697 4392//697
f 4393//698 4394//698 4395//698
f 4396//698 4397//698 4398//698
f 4399//699 4400//699 4401//699
f 4402//699 4403//699 4404//699
f 4405//700 4406//700 4407//700
f 4408//700 4409//700 4410//700
f 4411//701 4412//701 4413//701
f 4414//701 4415//701 4416//701
f 4417//702 4418//702 4419//702
f 4420//702 4421//702 4422//702
f 4423//703 4424//703 4425//703
f 4426//703 4427//703 4428//703
f 4429//704 4430//704 4431//704
f 4432//705 4433//705 4434//705
f 4435//706 4436//706 4437//706
f 4438//706 4439//706 4440//706
f 4441//707 4442//707 4443//707
f 4444//707 4445//707 4446//707
f 4447//708 4448//708 4449//708
f 4450//708 4451//708 4452//708
f 4453//709 4454//709 4455//709
f 4456//709 4457//709 4458//709
f 4459//710 4460//710 4461//710
f 4462//710 4463//710 4464//710
f 4465//711 4466//711 4467//711
f 4468//711 4469//711 4470//711
f 4471//712 4472//712 4473//712
f 4474//712 4475//712 4476//712
f 4477//713 4478//713 4479//713
f 4480//713 4481//713 4482//713
f 4483//714 4484//714 4485//714
f 4486//714 4487//714 4488//714
f 4489//715 4490//715 4491//715
f 4492//715 4493//715 4494//715
f 4495//716 4496//716 4497//716
f 4498//716 4499//716 4500//716
f 4501//717 4502//717 4503//717
f 4504//717 4505//717 4506//717
f 4507//718 4508//718 4509//718
f 4510//719 4511//719 4512//719
f 4513//720 4514//720 4515//720
f 4516//720 4517//720 4518//720
f 4519//721 4520//721 4521//721
f 4522//721 4523//721 4524//721
f 4525//722 4526//722 4527//722
f 4528//723 4529//723 4530//723
f 4531//724 4532//724 4533//724
f 4534//724 4535//724 4536//724
f 4537//725 4538//725 4539//725
f 4540//725 4541//725 4542//725
f 4543//726 4544//726 4545//726
f 4546//726 4547//726 4548//726
f 4549//727 4550//727 4551//727
f 4552//727 4553//727 4554//727
f 4555//728 4556//728 4557//728
f 4558//728 4559//728 4560//728
f 4561//729 4562//729 4563//729
f 4564//729 4565//729 4566//729
f 4567//730 4568//730 4569//730
f 4570//730 4571//730 4572//730
f 4573//731 4574//731 4575//731
f 4576//731 4577//731 4578//731
f 4579//540 4580//540 4581//540
f 4582//540 4583//540 4584//540
f 4585//540 4586//540 4587//540
f 4588//540 4589//540 4590//540
f 4591//540 4592//540 4593//540
f 4594//540 4595//540 4596//540
f 4597//540 4598//540 4599//540
f 4600//540 4601//540 4602//540
f 4603//540 4604//540 4605//540
f 4606//540 4607//540 4608//540
f 4609//540 4610//540 4611//540
f 4612//540 4613//540 4614//540
f 4615//540 4616//540 4617//540
f 4618//540 4619//540 4620//540
f 4621//540 4622//540 4623//540
f 4624//540 4625//540 4626//540
f 4627//540 4628//540 4629//540
f 4630//540 4631//540 4632//540
f 4633//540 4634//540 4635//540
f 4636//540 4637//540 4638//540
f 4639//540 4640//540 4641//540
f 4642//540 4643//540 4644//540
f 4645//540 4646//540 4647//540
f 4648//540 4649//540 4650//540
f 4651//540 4652//540 4653//540
f 4654//540 4655//540 4656//540
f 4657//540 4658//540 4659//540
f 4660//540 4661//540 4662//540
f 4663//540 4664//540 4665//540
f 4666//540 4667//540 4668//540
f 4669//540 4670//540 4671//540
f 4672//540 4673//540 4674//540
f 4675//540 4676//540 4677//540
f 4678//540 4679//540 4680//540
f 4681//540 4682//540 4683//540
f 4684//540 4685//540 4686//540
f 4687//540 4688//540 4689//540
f 4690//540 4691//540 4692//540
f 4693//540 4694//540 4695//540
f 4696//540 4697//540 4698//540
f 4699//540 4700//540 4701//540
f 4702//540 4703//540 4704//540
f 4705//540 4706//540 4707//540
f 4708//540 4709//540 4710//540
f 4711//540 4712//540 4713//540
f 4714//540 4715//540 4716//540
f 4717//540 4718//540 4719//540
f 4720//540 4721//540 4722//540
f 4723//540 4724//540 4725//540
f 4726//540 4727//540 4728//540
f 4729//540 4730//540 4731//540
f 4732//540 4733//540 4734//540
f 4735//540 4736//540 4737//540
f 4738//540 4739//540 4740//540
f 4741//540 4742//540 4743//540
f 4744//540 4745//540 4746//540
f 4747//540 4748//540 4749//540
f 4750//540 4751//540 4752//540
f 4753//540 4754//540 4755//540
f 4756//540 4757//540 4758//540
f 4759//540 4760//540 4761//540
f 4762//540 4763//540 4764//540
f 4765//540 4766//540 4767//540
f 4768//540 4769//540 4770//540
f 4771//540 4772//540 4773//540
f 4774//540 4775//540 4776//540
f 4777//540 4778//540 4779//540
f 4780//540 4781//540 4782//540
f 4783//540 4784//540 4785//540
f 4786//540 4787//540 4788//540
f 4789//540 4790//540 4791//540
f 4792//540 4793//540 4794//540
f 4795//540 4796//540 4797//540
f 4798//540 4799//540 4800//540
f 4801//540 4802//540 4803//540
f 4804//540 4805//540 4806//540
f 4807//540 4808//540 4809//540
f 4810//540 4811//540 4812//540
f 4813//540 4814//540 4815//540
f 4816//540 4817//540 4818//540
f 4819//540 4820//540 4821//540
f 4822//540 4823//540 4824//540
f 4825//540 4826//540 4827//540
f 4828//540 4829//540 4830//540
f 4831//540 4832//540 4833//540
f 4834//540 4835//540 4836//540
f 4837//540 4838//540 4839//540
f 4840//540 4841//540 4842//540
f 4843//540 4844//540 4845//540
f 4846//540 4847//540 4848//540
f 4849//540 4850//540 4851//540
f 4852//540 4853//540 4854//540
f 4855//540 4856//540 4857//540
f 4858//540 4859//540 4860//540
f 4861//540 4862//540 4863//540
f 4864//540 4865//540 4866//540
f 4867//540 4868//540 4869//540
f 4870//540 4871//540 4872//540
f 4873//540 4874//540 4875//540
f 4876//540 4877//540 4878//540
f 4879//540 4880//540 4881//540
f 4882//540 4883//540 4884//540
f 4885//540 4886//540 4887//540
f 4888//540 4889//540 4890//540
f 4891//540 4892//540 4893//540
f 4894//540 4895//540 4896//540
f 4897//540 4898//540 4899//540
f 4900//540 4901//540 4902//540
f 4903//540 4904//540 4905//540
f 4906//540 4907//540 4908//540
f 4909//540 4910//540 4911//540
f 4912//540 4913//540 4914//540
f 4915//540 4916//540 4917//540
f 4918//540 4919//540 4920//540
f 4921//540 4922//540 4923//540
f 4924//540 4925//540 4926//540
f 4927//540 4928//540 4929//540
f 4930//540 4931//540 4932//540
f 4933//540 4934//540 4935//540
f 4936//540 4937//540 4938//540
f 4939//540 4940//540 4941//540
f 4942//540 4943//540 4944//540
f 4945//540 4946//540 4947//540
f 4948//540 4949//540 4950//540
f 4951//540 4952//540 4953//540
f 4954//540 4955//540 4956//540
f 4957//540 4958//540 4959//540
f 4960//540 4961//540 4962//540
f 4963//540 4964//540 4965//540
f 4966//540 4967//540 4968//540
f 4969//540 4970//540 4971//540
f 4972//540 4973//540 4974//540
f 4975//540 4976//540 4977//540
f 4978//540 4979//540 4980//540
f 4981//540 4982//540 4983//540
f 4984//540 4985//540 4986//540
f 4987//540 4988//540 4989//540
f 4990//540 4991//540 4992//540
f 4993//540 4994//540 4995//540
f 4996//540 4997//540 4998//540
f 4999//540 5000//540 5001//540
f 5002//540 5003//540 5004//540
f 5005//540 5006//540 5007//540
f 5008//540 5009//540 5010//540
f 5011//732 5012//732 5013//732
f 5014//732 5015//732 5016//732
f 5017//733 5018//733 5019//733
f 5020//733 5021//733 5022//733
