# Blender v2.81 (sub 16) OBJ File: ''
# www.blender.org
mtllib Attack Warmachine.mtl
o Attack_Warmachine
v -4.887635 -0.199950 6.304008
v -4.715436 -0.199950 6.531014
v -4.887635 0.199948 6.304008
v -4.715436 0.199948 6.531014
v -4.532703 -0.199950 6.749633
v -4.532703 0.199948 6.749633
v -4.339824 -0.199950 6.959372
v -4.339824 0.199948 6.959372
v -4.137182 -0.199950 7.159760
v -4.137182 0.199948 7.159760
v -3.925391 -0.199950 7.350353
v -3.925391 0.199948 7.350353
v -3.704837 -0.199950 7.530726
v -3.704837 0.199948 7.530726
v -3.475903 -0.199950 7.700471
v -3.475903 0.199948 7.700471
v -3.239282 -0.199950 7.859213
v -3.239282 0.199948 7.859213
v -2.995434 -0.199950 8.006597
v -2.995434 0.199948 8.006597
v -2.744898 -0.199950 8.142291
v -2.744898 0.199948 8.142291
v -2.488213 -0.199950 8.265991
v -2.488213 0.199948 8.265991
v -2.225915 -0.199950 8.377427
v -2.225915 0.199948 8.377427
v -1.958698 -0.199950 8.476346
v -1.958698 0.199948 8.476346
v -1.687098 -0.199950 8.562528
v -1.687098 0.199948 8.562528
v -1.411732 -0.199950 8.635779
v -1.411732 0.199948 8.635779
v -1.133214 -0.199950 8.695934
v -1.133214 0.199948 8.695934
v -0.852159 -0.199950 8.742862
v -0.852159 0.199948 8.742862
v -0.569182 -0.199950 8.776461
v -0.569182 0.199948 8.776461
v -0.284975 -0.199950 8.796645
v -0.284975 0.199948 8.796645
v -0.000153 -0.199950 8.803382
v -0.000153 0.199948 8.803382
v 0.284746 -0.199950 8.796645
v 0.284746 0.199948 8.796645
v 0.568952 -0.199950 8.776461
v 0.568952 0.199948 8.776461
v 0.851929 -0.199950 8.742862
v 0.851929 0.199948 8.742862
v 1.132984 -0.199950 8.695934
v 1.132984 0.199948 8.695934
v 1.411502 -0.199950 8.635779
v 1.411502 0.199948 8.635779
v 1.686869 -0.199950 8.562528
v 1.686869 0.199948 8.562528
v 1.958468 -0.199950 8.476346
v 1.958468 0.199948 8.476346
v 2.225686 -0.199950 8.377427
v 2.225686 0.199948 8.377427
v 2.487906 -0.199950 8.265991
v 2.487906 0.199948 8.265991
v 2.744669 -0.199950 8.142290
v 2.744669 0.199948 8.142290
v 2.995204 -0.199950 8.006596
v 2.995204 0.199948 8.006596
v 3.239052 -0.199950 7.859212
v 3.239052 0.199948 7.859212
v 3.475673 -0.199950 7.700470
v 3.475673 0.199948 7.700470
v 3.704530 0.199948 7.530725
v 3.704530 -0.199950 7.530725
v 3.925161 0.199948 7.350352
v 3.925161 -0.199950 7.350352
v 4.136952 0.199948 7.159760
v 4.136952 -0.199950 7.159760
v 4.339518 -0.199950 6.959371
v 4.339518 0.199948 6.959371
v 4.532397 -0.199950 6.749632
v 4.532397 0.199948 6.749632
v 4.715206 -0.199950 6.531013
v 4.715206 0.199948 6.531013
v 4.887406 -0.199950 6.304007
v 4.887406 0.199948 6.304007
v -9.135209 -0.199950 10.551578
v -9.135209 0.199948 10.551578
v 9.134981 0.199948 10.551576
v 9.134981 -0.199950 10.551576
v 8.865765 0.199948 10.857111
v 8.865765 -0.199950 10.857111
v 8.586401 0.199948 11.153339
v 8.586401 -0.199950 11.153339
v 8.297120 -0.199950 11.439910
v 8.297120 0.199948 11.439910
v 7.998307 -0.199950 11.716501
v 7.998307 0.199948 11.716501
v 7.690192 -0.199950 11.982787
v 7.690192 0.199948 11.982787
v 7.373313 -0.199950 12.238468
v 7.373313 0.199948 12.238468
v 7.047901 -0.199950 12.483248
v 7.047901 0.199948 12.483248
v 6.714341 -0.199950 12.716843
v 6.714341 0.199948 12.716843
v 6.373093 -0.199950 12.938982
v 6.373093 0.199948 12.938982
v 6.024541 -0.199950 13.149413
v 6.024541 0.199948 13.149413
v 5.668994 -0.199950 13.347895
v 5.668994 0.199948 13.347895
v 5.306913 -0.199950 13.534198
v 5.306913 0.199948 13.534198
v 4.938682 -0.199950 13.708103
v 4.938682 0.199948 13.708103
v 4.564839 -0.199950 13.869411
v 4.564839 0.199948 13.869411
v 4.185691 -0.199950 14.017939
v 4.185691 0.199948 14.017939
v 3.801701 -0.199950 14.153517
v 3.801701 0.199948 14.153517
v 3.413405 -0.199950 14.275984
v 3.413405 0.199948 14.275984
v 3.021112 -0.199950 14.385199
v 3.021112 0.199948 14.385199
v 2.625359 -0.199950 14.481043
v 2.625359 0.199948 14.481043
v 2.226532 -0.199950 14.563400
v 2.226532 0.199948 14.563400
v 1.825244 -0.199950 14.632174
v 1.825244 0.199948 14.632174
v 1.421804 -0.199950 14.687294
v 1.421804 0.199948 14.687294
v 1.016673 -0.199950 14.728686
v 1.016673 0.199948 14.728686
v 0.610465 -0.199950 14.756309
v 0.610465 0.199948 14.756309
v 0.203489 -0.199950 14.770126
v 0.203489 0.199948 14.770126
v -0.203718 -0.199950 14.770126
v -0.203718 0.199948 14.770126
v -0.610694 -0.199950 14.756309
v -0.610694 0.199948 14.756309
v -1.016901 -0.199950 14.728686
v -1.016901 0.199948 14.728686
v -1.422033 -0.199950 14.687294
v -1.422033 0.199948 14.687294
v -1.825473 -0.199950 14.632174
v -1.825473 0.199948 14.632174
v -2.226837 -0.199950 14.563400
v -2.226837 0.199948 14.563400
v -2.625588 -0.199950 14.481043
v -2.625588 0.199948 14.481043
v -3.021340 -0.199950 14.385199
v -3.021340 0.199948 14.385199
v -3.413634 -0.199950 14.275984
v -3.413634 0.199948 14.275984
v -3.801929 -0.199950 14.153517
v -3.801929 0.199948 14.153517
v -4.185920 -0.199950 14.017939
v -4.185920 0.199948 14.017939
v -4.565067 -0.199950 13.869411
v -4.565067 0.199948 13.869411
v -4.938910 -0.199950 13.708103
v -4.938910 0.199948 13.708103
v -5.307142 -0.199950 13.534198
v -5.307142 0.199948 13.534198
v -5.669223 -0.199950 13.347897
v -5.669223 0.199948 13.347897
v -6.024770 -0.199950 13.149415
v -6.024770 0.199948 13.149415
v -6.373398 -0.199950 12.938984
v -6.373398 0.199948 12.938984
v -6.714646 -0.199950 12.716845
v -6.714646 0.199948 12.716845
v -7.048130 -0.199950 12.483250
v -7.048130 0.199948 12.483250
v -7.373542 -0.199950 12.238470
v -7.373542 0.199948 12.238470
v -7.690497 -0.199950 11.982789
v -7.690497 0.199948 11.982789
v -7.998536 -0.199950 11.716503
v -7.998536 0.199948 11.716503
v -8.297349 -0.199950 11.439912
v -8.297349 0.199948 11.439912
v -8.586630 -0.199950 11.153341
v -8.586630 0.199948 11.153341
v -8.866070 -0.199950 10.857113
v -8.866070 0.199948 10.857113
v -1.358535 -0.199950 2.774926
v -0.000154 -0.199950 1.416487
v -1.358535 0.199948 2.774926
v -0.000154 0.199948 1.416487
v 1.358304 -0.199950 2.774925
v 1.358304 0.199948 2.774925
v -1.631749 -0.199950 -2.997364
v -1.409734 -0.199950 -2.775354
v -1.631749 0.199948 -2.997364
v -1.409734 0.199948 -2.775354
v -4.883869 -0.199950 6.257820
v -5.044921 -0.199950 6.020132
v -4.883869 0.199948 6.257820
v -5.044921 0.199948 6.020132
v -5.194444 -0.199950 5.775006
v -5.194444 0.199948 5.775006
v -5.332050 -0.199950 5.523010
v -5.332050 0.199948 5.523010
v -5.457433 -0.199950 5.264720
v -5.457433 0.199948 5.264720
v -5.570363 -0.199950 5.000722
v -5.570363 0.199948 5.000722
v -5.670454 -0.199950 4.731626
v -5.670454 0.199948 4.731626
v -5.757630 -0.199950 4.458042
v -5.757630 0.199948 4.458042
v -5.831584 -0.199950 4.180610
v -5.831584 0.199948 4.180610
v -5.892161 -0.199950 3.899948
v -5.892161 0.199948 3.899948
v -5.939209 -0.199950 3.616717
v -5.939209 0.199948 3.616717
v -5.972726 -0.199950 3.331554
v -5.972726 0.199948 3.331554
v -5.992484 -0.199950 3.045113
v -5.992484 0.199948 3.045113
v -5.998557 -0.199950 2.758057
v -5.998557 0.199948 2.758057
v -5.990869 -0.199950 2.471039
v -5.990869 0.199948 2.471039
v -5.969498 -0.199950 2.184713
v -5.969498 0.199948 2.184713
v -5.934366 -0.199950 1.899743
v -5.934366 0.199948 1.899743
v -5.885704 -0.199950 1.616780
v -5.885704 0.199948 1.616780
v -5.823589 -0.199950 1.336465
v -5.823589 0.199948 1.336465
v -5.748021 -0.199950 1.059451
v -5.748021 0.199948 1.059451
v -5.659384 -0.199950 0.786362
v -5.659384 0.199948 0.786362
v -5.557755 -0.199950 0.517833
v -5.557755 0.199948 0.517833
v -5.443365 -0.199950 0.254478
v -5.443365 0.199948 0.254478
v -5.316522 -0.199950 -0.003106
v -5.316522 0.199948 -0.003106
v -5.177532 -0.199950 -0.254329
v -5.177532 0.199948 -0.254329
v -5.026626 -0.199950 -0.498604
v -5.026626 0.199948 -0.498604
v -4.864190 -0.199950 -0.735384
v -4.864190 0.199948 -0.735384
v -4.690682 -0.199950 -0.964120
v -4.690682 0.199948 -0.964120
v -4.506336 -0.199950 -1.184286
v -4.506336 0.199948 -1.184286
v -4.311766 -0.199950 -1.395384
v -4.311766 0.199948 -1.395384
v -4.107278 -0.199950 -1.596926
v -4.107278 0.199948 -1.596926
v -3.893335 -0.199950 -1.788456
v -3.893335 0.199948 -1.788456
v -3.670551 -0.199950 -1.969526
v -3.670551 0.199948 -1.969526
v -3.439311 -0.199950 -2.139726
v -3.439311 0.199948 -2.139726
v -3.200153 -0.199950 -2.298671
v -3.200153 0.199948 -2.298671
v -2.953692 -0.199950 -2.445987
v -2.953692 0.199948 -2.445987
v -2.700466 -0.199950 -2.581341
v -2.700466 0.199948 -2.581341
v -2.441089 -0.199950 -2.704422
v -2.441089 0.199948 -2.704422
v -2.176101 -0.199950 -2.814949
v -2.176101 0.199948 -2.814949
v -1.906116 -0.199950 -2.912672
v -1.906116 0.199948 -2.912672
v -1.409734 -0.199950 2.783709
v -1.409734 0.199948 2.783709
v -1.358536 -0.199950 -2.766571
v 1.358304 -0.199950 -2.766571
v -1.358536 0.199948 -2.766571
v 1.358304 0.199948 -2.766571
v -0.000154 -0.199950 -1.408132
v -0.000154 0.199948 -1.408132
v 1.631518 -0.199950 -2.997364
v 1.905885 -0.199950 -2.912672
v 1.631518 0.199948 -2.997364
v 1.905885 0.199948 -2.912672
v 2.175870 -0.199950 -2.814949
v 2.175870 0.199948 -2.814949
v 2.440858 -0.199950 -2.704422
v 2.440858 0.199948 -2.704422
v 2.700234 -0.199950 -2.581341
v 2.700234 0.199948 -2.581341
v 2.953460 -0.199950 -2.445988
v 2.953460 0.199948 -2.445988
v 3.199922 -0.199950 -2.298671
v 3.199922 0.199948 -2.298671
v 3.439003 -0.199950 -2.139727
v 3.439003 0.199948 -2.139727
v 3.670243 -0.199950 -1.969527
v 3.670243 0.199948 -1.969527
v 3.893103 -0.199950 -1.788457
v 3.893103 0.199948 -1.788457
v 4.106970 -0.199950 -1.596927
v 4.106970 0.199948 -1.596927
v 4.311534 -0.199950 -1.395385
v 4.311534 0.199948 -1.395385
v 4.506105 -0.199950 -1.184287
v 4.506105 0.199948 -1.184287
v 4.690374 -0.199950 -0.964121
v 4.690374 0.199948 -0.964121
v 4.863958 -0.199950 -0.735385
v 4.863958 0.199948 -0.735385
v 5.026395 -0.199950 -0.498605
v 5.026395 0.199948 -0.498605
v 5.177224 -0.199950 -0.254330
v 5.177224 0.199948 -0.254330
v 5.316291 -0.199950 -0.003107
v 5.316291 0.199948 -0.003107
v 5.443135 -0.199950 0.254477
v 5.443135 0.199948 0.254477
v 5.557525 -0.199950 0.517832
v 5.557525 0.199948 0.517832
v 5.659153 -0.199950 0.786361
v 5.659153 0.199948 0.786361
v 5.747790 -0.199950 1.059450
v 5.747790 0.199948 1.059450
v 5.823281 -0.199950 1.336464
v 5.823281 0.199948 1.336464
v 5.885473 -0.199950 1.616779
v 5.885473 0.199948 1.616779
v 5.934135 -0.199950 1.899741
v 5.934135 0.199948 1.899741
v 5.969267 -0.199950 2.184712
v 5.969267 0.199948 2.184712
v 5.990638 -0.199950 2.471038
v 5.990638 0.199948 2.471038
v 5.998326 -0.199950 2.758056
v 5.998326 0.199948 2.758056
v 5.992253 -0.199950 3.045112
v 5.992253 0.199948 3.045112
v 5.972419 -0.199950 3.331553
v 5.972419 0.199948 3.331553
v 5.938978 -0.199950 3.616716
v 5.938978 0.199948 3.616716
v 5.891931 -0.199950 3.899947
v 5.891931 0.199948 3.899947
v 5.831276 -0.199950 4.180609
v 5.831276 0.199948 4.180609
v 5.757400 -0.199950 4.458041
v 5.757400 0.199948 4.458041
v 5.670223 -0.199950 4.731625
v 5.670223 0.199948 4.731625
v 5.570132 -0.199950 5.000721
v 5.570132 0.199948 5.000721
v 5.457203 -0.199950 5.264719
v 5.457203 0.199948 5.264719
v 5.331820 -0.199950 5.523009
v 5.331820 0.199948 5.523009
v 5.194214 -0.199950 5.775005
v 5.194214 0.199948 5.775005
v 5.044692 -0.199950 6.020131
v 5.044692 0.199948 6.020131
v 4.883639 -0.199950 6.257819
v 4.883639 0.199948 6.257819
v 1.409503 -0.199950 -2.775354
v 1.409503 0.199948 -2.775354
v 1.409503 -0.199950 2.783708
v 1.409503 0.199948 2.783708
v 1.655810 -0.199950 -3.021642
v 6.156149 -0.199950 -7.521996
v 1.655810 0.199948 -3.021642
v 6.156149 0.199948 -7.521996
v 4.905164 -0.199950 6.279320
v 5.067062 -0.199950 6.040825
v 4.905164 0.199948 6.279320
v 5.067062 0.199948 6.040825
v 5.217353 -0.199950 5.794864
v 5.217353 0.199948 5.794864
v 5.355805 -0.199950 5.541997
v 5.355805 0.199948 5.541997
v 5.481957 -0.199950 5.282804
v 5.481957 0.199948 5.282804
v 5.595578 -0.199950 5.017873
v 5.595578 0.199948 5.017873
v 5.696361 -0.199950 4.747816
v 5.696361 0.199948 4.747816
v 5.784152 -0.199950 4.473248
v 5.784152 0.199948 4.473248
v 5.858721 -0.199950 4.194797
v 5.858721 0.199948 4.194797
v 5.919913 -0.199950 3.913103
v 5.919913 0.199948 3.913103
v 5.967576 -0.199950 3.628800
v 5.967576 0.199948 3.628800
v 6.001554 -0.199950 3.342546
v 6.001554 0.199948 3.342546
v 6.021850 -0.199950 3.055000
v 6.021850 0.199948 3.055000
v 6.028307 -0.199950 2.766805
v 6.028307 0.199948 2.766805
v 6.021081 -0.199950 2.478634
v 6.021081 0.199948 2.478634
v 6.000017 -0.199950 2.191141
v 6.000017 0.199948 2.191141
v 5.965270 -0.199950 1.904979
v 5.965270 0.199948 1.904979
v 5.916838 -0.199950 1.620810
v 5.916838 0.199948 1.620810
v 5.854877 -0.199950 1.339280
v 5.854877 0.199948 1.339280
v 5.779540 -0.199950 1.061031
v 5.779540 0.199948 1.061031
v 5.691057 -0.199950 0.786697
v 5.691057 0.199948 0.786697
v 5.589505 -0.199950 0.516914
v 5.589505 0.199948 0.516914
v 5.475115 -0.199950 0.252291
v 5.475115 0.199948 0.252291
v 5.348271 -0.199950 -0.006562
v 5.348271 0.199948 -0.006562
v 5.209204 -0.199950 -0.259053
v 5.209204 0.199948 -0.259053
v 5.058221 -0.199950 -0.504611
v 5.058221 0.199948 -0.504611
v 4.895707 -0.199950 -0.742669
v 4.895707 0.199948 -0.742669
v 4.721893 -0.199950 -0.972683
v 4.721893 0.199948 -0.972683
v 4.537393 -0.199950 -1.194131
v 4.537393 0.199948 -1.194131
v 4.342438 -0.199950 -1.406503
v 4.342438 0.199948 -1.406503
v 4.137566 -0.199950 -1.609309
v 4.137566 0.199948 -1.609309
v 3.923315 -0.199950 -1.802098
v 3.923315 0.199948 -1.802098
v 3.699993 -0.199950 -1.984416
v 3.699993 0.199948 -1.984416
v 3.468292 -0.199950 -2.155857
v 3.468292 0.199948 -2.155857
v 3.228596 -0.199950 -2.316021
v 3.228596 0.199948 -2.316021
v 2.981520 -0.199950 -2.464544
v 2.981520 0.199948 -2.464544
v 2.727678 -0.199950 -2.601088
v 2.727678 0.199948 -2.601088
v 2.467533 -0.199950 -2.725337
v 2.467533 0.199948 -2.725337
v 2.201777 -0.199950 -2.837012
v 2.201777 0.199948 -2.837012
v 1.931023 -0.199950 -2.935859
v 1.931023 0.199948 -2.935859
v 9.154430 -0.199950 10.528638
v 9.154430 0.199948 10.528638
v 6.502779 0.199948 -7.306684
v 6.502779 -0.199950 -7.306684
v 6.841874 0.199948 -7.079711
v 6.841874 -0.199950 -7.079711
v 7.172975 0.199948 -6.841341
v 7.172975 -0.199950 -6.841341
v 7.495850 -0.199950 -6.591843
v 7.495850 0.199948 -6.591843
v 7.810038 -0.199950 -6.331511
v 7.810038 0.199948 -6.331511
v 8.115232 -0.199950 -6.060646
v 8.115232 0.199948 -6.060646
v 8.410970 -0.199950 -5.779557
v 8.410970 0.199948 -5.779557
v 8.697021 -0.199950 -5.488576
v 8.697021 0.199948 -5.488576
v 8.973003 -0.199950 -5.188033
v 8.973003 0.199948 -5.188033
v 9.238606 -0.199950 -4.878280
v 9.238606 0.199948 -4.878280
v 9.493524 -0.199950 -4.559671
v 9.493524 0.199948 -4.559671
v 9.737525 -0.199950 -4.232583
v 9.737525 0.199948 -4.232583
v 9.970149 -0.199950 -3.897384
v 9.970149 0.199948 -3.897384
v 10.191319 -0.199950 -3.554468
v 10.191319 0.199948 -3.554468
v 10.400649 -0.199950 -3.204231
v 10.400649 0.199948 -3.204231
v 10.597988 -0.199950 -2.847074
v 10.597988 0.199948 -2.847074
v 10.783026 -0.199950 -2.483417
v 10.783026 0.199948 -2.483417
v 10.955610 -0.199950 -2.113677
v 10.955610 0.199948 -2.113677
v 11.115511 -0.199950 -1.738282
v 11.115511 0.199948 -1.738282
v 11.262572 -0.199950 -1.357664
v 11.262572 0.199948 -1.357664
v 11.396565 -0.199950 -0.972266
v 11.396565 0.199948 -0.972266
v 11.517413 -0.199950 -0.582538
v 11.517413 0.199948 -0.582538
v 11.624961 -0.199950 -0.188919
v 11.624961 0.199948 -0.188919
v 11.718979 -0.199950 0.208126
v 11.718979 0.199948 0.208126
v 11.799544 -0.199950 0.608135
v 11.799544 0.199948 0.608135
v 11.866348 -0.199950 1.010658
v 11.866348 0.199948 1.010658
v 11.919469 -0.199950 1.415217
v 11.919469 0.199948 1.415217
v 11.958829 -0.199950 1.821352
v 11.958829 0.199948 1.821352
v 11.984352 -0.199950 2.228588
v 11.984352 0.199948 2.228588
v 11.996037 -0.199950 2.636458
v 11.996037 0.199948 2.636458
v 11.993808 -0.199950 3.044487
v 11.993808 0.199948 3.044487
v 11.977664 -0.199950 3.452203
v 11.977664 0.199948 3.452203
v 11.947682 -0.199950 3.859136
v 11.947682 0.199948 3.859136
v 11.903940 -0.199950 4.264820
v 11.903940 0.199948 4.264820
v 11.846361 -0.199950 4.668774
v 11.846361 0.199948 4.668774
v 11.775098 -0.199950 5.070537
v 11.775098 0.199948 5.070537
v 11.690228 -0.199950 5.469648
v 11.690228 0.199948 5.469648
v 11.591828 -0.199950 5.865641
v 11.591828 0.199948 5.865641
v 11.480052 -0.199950 6.258059
v 11.480052 0.199948 6.258059
v 11.354976 -0.199950 6.646446
v 11.354976 0.199948 6.646446
v 11.216755 -0.199950 7.030354
v 11.216755 0.199948 7.030354
v 11.065541 -0.199950 7.409344
v 11.065541 0.199948 7.409344
v 10.901490 -0.199950 7.782966
v 10.901490 0.199948 7.782966
v 10.724910 -0.199950 8.150799
v 10.724910 0.199948 8.150799
v 10.535874 -0.199950 8.512414
v 10.535874 0.199948 8.512414
v 10.334692 -0.199950 8.867389
v 10.334692 0.199948 8.867389
v 10.121517 -0.199950 9.215321
v 10.121517 0.199948 9.215321
v 9.896658 -0.199950 9.555799
v 9.896658 0.199948 9.555799
v 9.660344 -0.199950 9.888433
v 9.660344 0.199948 9.888433
v 9.412807 -0.199950 10.212835
v 9.412807 0.199948 10.212835
v -6.129860 0.199948 -7.537836
v -6.129860 -0.199950 -7.537836
v -5.780771 0.199948 -7.737456
v -5.780771 -0.199950 -7.737456
v -5.425301 -0.199950 -7.925267
v -5.425301 0.199948 -7.925267
v -5.063681 -0.199950 -8.101062
v -5.063681 0.199948 -8.101062
v -4.696372 -0.199950 -8.264637
v -4.696372 0.199948 -8.264637
v -4.323759 -0.199950 -8.415812
v -4.323759 0.199948 -8.415812
v -3.946302 -0.199950 -8.554413
v -3.946302 0.199948 -8.554413
v -3.564464 -0.199950 -8.680290
v -3.564464 0.199948 -8.680290
v -3.178552 -0.199950 -8.793302
v -3.178552 0.199948 -8.793302
v -2.789103 -0.199950 -8.893316
v -2.789103 0.199948 -8.893316
v -2.396502 -0.199950 -8.980228
v -2.396502 0.199948 -8.980228
v -2.001288 -0.199950 -9.053932
v -2.001288 0.199948 -9.053932
v -1.603767 -0.199950 -9.114347
v -1.603767 0.199948 -9.114347
v -1.204402 -0.199950 -9.161408
v -1.204402 0.199948 -9.161408
v -0.803729 -0.199950 -9.195060
v -0.803729 0.199948 -9.195060
v -0.402134 -0.199950 -9.215268
v -0.402134 0.199948 -9.215268
v -0.000155 -0.199950 -9.222005
v -0.000155 0.199948 -9.222005
v 0.401901 -0.199950 -9.215268
v 0.401901 0.199948 -9.215268
v 0.803497 -0.199950 -9.195060
v 0.803497 0.199948 -9.195060
v 1.204169 -0.199950 -9.161408
v 1.204169 0.199948 -9.161408
v 1.603458 -0.199950 -9.114347
v 1.603458 0.199948 -9.114347
v 2.000978 -0.199950 -9.053932
v 2.000978 0.199948 -9.053932
v 2.396270 -0.199950 -8.980228
v 2.396270 0.199948 -8.980228
v 2.788870 -0.199950 -8.893316
v 2.788870 0.199948 -8.893316
v 3.178319 -0.199950 -8.793302
v 3.178319 0.199948 -8.793302
v 3.564155 -0.199950 -8.680290
v 3.564155 0.199948 -8.680290
v 3.946070 -0.199950 -8.554413
v 3.946070 0.199948 -8.554413
v 4.323526 -0.199950 -8.415812
v 4.323526 0.199948 -8.415812
v 4.696063 -0.199950 -8.264637
v 4.696063 0.199948 -8.264637
v 5.063371 -0.199950 -8.101062
v 5.063371 0.199948 -8.101062
v 5.424991 -0.199950 -7.925267
v 5.424991 0.199948 -7.925267
v 5.780538 -0.199950 -7.737458
v 5.780538 0.199948 -7.737458
v 6.129550 -0.199950 -7.537838
v 6.129550 0.199948 -7.537838
v -1.622986 -0.199950 -3.030987
v -1.622986 0.199948 -3.030987
v 1.622754 -0.199950 -3.030987
v 1.357381 -0.199950 -3.098695
v 1.622754 0.199948 -3.030987
v 1.357381 0.199948 -3.098695
v 1.089241 -0.199950 -3.154285
v 1.089241 0.199948 -3.154285
v 0.818872 -0.199950 -3.197638
v 0.818872 0.199948 -3.197638
v 0.546811 -0.199950 -3.228671
v 0.546811 0.199948 -3.228671
v 0.273598 -0.199950 -3.247313
v 0.273598 0.199948 -3.247313
v -0.000154 -0.199950 -3.253531
v -0.000154 0.199948 -3.253531
v -0.273906 -0.199950 -3.247313
v -0.273906 0.199948 -3.247313
v -0.547043 -0.199950 -3.228671
v -0.547043 0.199948 -3.228671
v -0.819180 -0.199950 -3.197638
v -0.819180 0.199948 -3.197638
v -1.089550 0.199948 -3.154285
v -1.089550 -0.199950 -3.154285
v -1.357690 -0.199950 -3.098695
v -1.357690 0.199948 -3.098695
v -1.598616 -0.199950 -3.006632
v -1.337164 -0.199950 -3.072629
v -1.598616 0.199948 -3.006632
v -1.337164 0.199948 -3.072629
v -1.073022 -0.199950 -3.126812
v -1.073022 0.199948 -3.126812
v -0.806727 -0.199950 -3.169064
v -0.806727 0.199948 -3.169064
v -0.538741 -0.199950 -3.199310
v -0.538741 0.199948 -3.199310
v -0.269678 -0.199950 -3.217481
v -0.269678 0.199948 -3.217481
v -0.000154 -0.199950 -3.223540
v -0.000154 0.199948 -3.223540
v 0.269446 -0.199950 -3.217481
v 0.269446 0.199948 -3.217481
v 0.538509 0.199948 -3.199310
v 0.538509 -0.199950 -3.199310
v 0.806418 0.199948 -3.169064
v 0.806418 -0.199950 -3.169064
v 1.072790 -0.199950 -3.126812
v 1.072790 0.199948 -3.126812
v 1.336933 -0.199950 -3.072629
v 1.336933 0.199948 -3.072629
v 1.598385 -0.199950 -3.006632
v 1.598385 0.199948 -3.006632
v -1.388594 -0.199950 -2.796561
v -1.388594 0.199948 -2.796561
v 1.388285 -0.199950 -2.796561
v 1.388285 0.199948 -2.796561
v -0.000154 -0.199950 -1.365716
v 1.379521 -0.199950 -2.745363
v -0.000154 0.199948 -1.365716
v 1.379521 0.199948 -2.745363
v -1.379753 -0.199950 -2.745363
v -1.379753 0.199948 -2.745363
v -1.379753 -0.199950 2.753718
v -1.379753 0.199948 2.753718
v -0.000154 -0.199950 1.374071
v -0.000154 0.199948 1.374071
v 1.379522 -0.199950 2.753717
v 1.379522 0.199948 2.753717
v -6.156382 -0.199950 -7.521995
v -1.656042 -0.199950 -3.021642
v -6.156382 0.199948 -7.521995
v -1.656042 0.199948 -3.021642
v -9.154659 0.199948 10.528640
v -9.154659 -0.199950 10.528640
v -9.413113 0.199948 10.212837
v -9.413113 -0.199950 10.212837
v -9.660573 0.199948 9.888434
v -9.660573 -0.199950 9.888434
v -9.896887 0.199948 9.555801
v -9.896887 -0.199950 9.555801
v -10.121746 -0.199950 9.215322
v -10.121746 0.199948 9.215322
v -10.334921 -0.199950 8.867391
v -10.334921 0.199948 8.867391
v -10.536102 -0.199950 8.512416
v -10.536102 0.199948 8.512416
v -10.725139 -0.199950 8.150801
v -10.725139 0.199948 8.150801
v -10.901798 -0.199950 7.782968
v -10.901798 0.199948 7.782968
v -11.065772 -0.199950 7.409346
v -11.065772 0.199948 7.409346
v -11.216986 -0.199950 7.030356
v -11.216986 0.199948 7.030356
v -11.355206 -0.199950 6.646448
v -11.355206 0.199948 6.646448
v -11.480283 -0.199950 6.258060
v -11.480283 0.199948 6.258060
v -11.592058 -0.199950 5.865643
v -11.592058 0.199948 5.865643
v -11.690458 -0.199950 5.469650
v -11.690458 0.199948 5.469650
v -11.775406 -0.199950 5.070539
v -11.775406 0.199948 5.070539
v -11.846592 -0.199950 4.668776
v -11.846592 0.199948 4.668776
v -11.904171 -0.199950 4.264822
v -11.904171 0.199948 4.264822
v -11.947989 -0.199950 3.859138
v -11.947989 0.199948 3.859138
v -11.977894 -0.199950 3.452205
v -11.977894 0.199948 3.452205
v -11.994038 -0.199950 3.044489
v -11.994038 0.199948 3.044489
v -11.996267 -0.199950 2.636460
v -11.996267 0.199948 2.636460
v -11.984582 -0.199950 2.228590
v -11.984582 0.199948 2.228590
v -11.959060 -0.199950 1.821355
v -11.959060 0.199948 1.821355
v -11.919777 -0.199950 1.415219
v -11.919777 0.199948 1.415219
v -11.866656 -0.199950 1.010660
v -11.866656 0.199948 1.010660
v -11.799775 -0.199950 0.608137
v -11.799775 0.199948 0.608137
v -11.719210 -0.199950 0.208128
v -11.719210 0.199948 0.208128
v -11.625192 -0.199950 -0.188917
v -11.625192 0.199948 -0.188917
v -11.517644 -0.199950 -0.582536
v -11.517644 0.199948 -0.582536
v -11.396796 -0.199950 -0.972264
v -11.396796 0.199948 -0.972264
v -11.262803 -0.199950 -1.357662
v -11.262803 0.199948 -1.357662
v -11.115741 -0.199950 -1.738280
v -11.115741 0.199948 -1.738280
v -10.955841 -0.199950 -2.113675
v -10.955841 0.199948 -2.113675
v -10.783257 -0.199950 -2.483415
v -10.783257 0.199948 -2.483415
v -10.598219 -0.199950 -2.847072
v -10.598219 0.199948 -2.847072
v -10.400882 -0.199950 -3.204229
v -10.400882 0.199948 -3.204229
v -10.191551 -0.199950 -3.554466
v -10.191551 0.199948 -3.554466
v -9.970382 -0.199950 -3.897382
v -9.970382 0.199948 -3.897382
v -9.737758 -0.199950 -4.232581
v -9.737758 0.199948 -4.232581
v -9.493834 -0.199950 -4.559669
v -9.493834 0.199948 -4.559669
v -9.238915 -0.199950 -4.878278
v -9.238915 0.199948 -4.878278
v -8.973312 -0.199950 -5.188031
v -8.973312 0.199948 -5.188031
v -8.697331 -0.199950 -5.488574
v -8.697331 0.199948 -5.488574
v -8.411280 -0.199950 -5.779555
v -8.411280 0.199948 -5.779555
v -8.115464 -0.199950 -6.060644
v -8.115464 0.199948 -6.060644
v -7.810348 -0.199950 -6.331509
v -7.810348 0.199948 -6.331509
v -7.496160 -0.199950 -6.591841
v -7.496160 0.199948 -6.591841
v -7.173285 -0.199950 -6.841339
v -7.173285 0.199948 -6.841339
v -6.842107 -0.199950 -7.079709
v -6.842107 0.199948 -7.079709
v -6.503011 -0.199950 -7.306683
v -6.503011 0.199948 -7.306683
v -4.905394 -0.199950 6.279321
v -4.905394 0.199948 6.279321
v -1.931254 -0.199950 -2.935859
v -1.931254 0.199948 -2.935859
v -2.202008 -0.199950 -2.837012
v -2.202008 0.199948 -2.837012
v -2.467765 -0.199950 -2.725337
v -2.467765 0.199948 -2.725337
v -2.727910 -0.199950 -2.601087
v -2.727910 0.199948 -2.601087
v -2.981751 -0.199950 -2.464543
v -2.981751 0.199948 -2.464543
v -3.228827 -0.199950 -2.316020
v -3.228827 0.199948 -2.316020
v -3.468524 -0.199950 -2.155856
v -3.468524 0.199948 -2.155856
v -3.700225 -0.199950 -1.984415
v -3.700225 0.199948 -1.984415
v -3.923547 -0.199950 -1.802097
v -3.923547 0.199948 -1.802097
v -4.137875 -0.199950 -1.609308
v -4.137875 0.199948 -1.609308
v -4.342669 -0.199950 -1.406502
v -4.342669 0.199948 -1.406502
v -4.537624 -0.199950 -1.194130
v -4.537624 0.199948 -1.194130
v -4.722201 -0.199950 -0.972682
v -4.722201 0.199948 -0.972682
v -4.895939 -0.199950 -0.742668
v -4.895939 0.199948 -0.742668
v -5.058453 -0.199950 -0.504610
v -5.058453 0.199948 -0.504610
v -5.209435 -0.199950 -0.259052
v -5.209435 0.199948 -0.259052
v -5.348578 -0.199950 -0.006561
v -5.348578 0.199948 -0.006561
v -5.475422 -0.199950 0.252292
v -5.475422 0.199948 0.252292
v -5.589735 -0.199950 0.516915
v -5.589735 0.199948 0.516915
v -5.691287 -0.199950 0.786698
v -5.691287 0.199948 0.786698
v -5.779847 -0.199950 1.061031
v -5.779847 0.199948 1.061031
v -5.855108 -0.199950 1.339280
v -5.855108 0.199948 1.339280
v -5.917069 -0.199950 1.620811
v -5.917069 0.199948 1.620811
v -5.965500 -0.199950 1.904980
v -5.965500 0.199948 1.904980
v -6.000248 -0.199950 2.191142
v -6.000248 0.199948 2.191142
v -6.021311 -0.199950 2.478635
v -6.021311 0.199948 2.478635
v -6.028538 -0.199950 2.766806
v -6.028538 0.199948 2.766806
v -6.022080 -0.199950 3.055001
v -6.022080 0.199948 3.055001
v -6.001785 -0.199950 3.342547
v -6.001785 0.199948 3.342547
v -5.967806 -0.199950 3.628801
v -5.967806 0.199948 3.628801
v -5.920144 -0.199950 3.913104
v -5.920144 0.199948 3.913104
v -5.858952 -0.199950 4.194798
v -5.858952 0.199948 4.194798
v -5.784383 -0.199950 4.473248
v -5.784383 0.199948 4.473248
v -5.696591 -0.199950 4.747817
v -5.696591 0.199948 4.747817
v -5.595809 -0.199950 5.017874
v -5.595809 0.199948 5.017874
v -5.482187 -0.199950 5.282804
v -5.482187 0.199948 5.282804
v -5.356035 -0.199950 5.541998
v -5.356035 0.199948 5.541998
v -5.217583 -0.199950 5.794865
v -5.217583 0.199948 5.794865
v -5.067292 -0.199950 6.040826
v -5.067292 0.199948 6.040826
v -1.388593 -0.199950 2.804916
v 1.388286 -0.199950 2.804916
v -1.388593 0.199948 2.804916
v 1.388286 0.199948 2.804916
v -4.866187 -0.199950 6.282521
v -4.866187 0.199948 6.282521
v 4.865880 -0.199950 6.282520
v 4.694603 -0.199950 6.508729
v 4.865880 0.199948 6.282520
v 4.694603 0.199948 6.508729
v 4.512717 -0.199950 6.726583
v 4.512717 0.199948 6.726583
v 4.320837 -0.199950 6.935588
v 4.320837 0.199948 6.935588
v 4.119194 -0.199950 7.135284
v 4.119194 0.199948 7.135284
v 3.908402 -0.199950 7.325224
v 3.908402 0.199948 7.325224
v 3.688771 -0.199950 7.504981
v 3.688771 0.199948 7.504981
v 3.460990 -0.199950 7.674150
v 3.460990 0.199948 7.674150
v 3.225368 -0.199950 7.832354
v 3.225368 0.199948 7.832354
v 2.982597 -0.199950 7.979242
v 2.982597 0.199948 7.979242
v 2.733137 -0.199950 8.114480
v 2.733137 0.199948 8.114480
v 2.477528 -0.199950 8.237774
v 2.477528 0.199948 8.237774
v 2.216384 -0.199950 8.348839
v 2.216384 0.199948 8.348839
v 1.950319 -0.199950 8.447432
v 1.950319 0.199948 8.447432
v 1.679873 -0.199950 8.533324
v 1.679873 0.199948 8.533324
v 1.405660 -0.199950 8.606337
v 1.405660 0.199948 8.606337
v 1.128295 -0.199950 8.666294
v 1.128295 0.199948 8.666294
v 0.848393 -0.199950 8.713068
v 0.848393 0.199948 8.713068
v 0.566646 -0.199950 8.746556
v 0.566646 0.199948 8.746556
v 0.283592 -0.199950 8.766674
v 0.283592 0.199948 8.766674
v -0.000153 -0.199950 8.773386
v -0.000153 0.199948 8.773386
v -0.283822 -0.199950 8.766674
v -0.283822 0.199948 8.766674
v -0.566876 -0.199950 8.746556
v -0.566876 0.199948 8.746556
v -0.848623 -0.199950 8.713068
v -0.848623 0.199948 8.713068
v -1.128525 -0.199950 8.666294
v -1.128525 0.199948 8.666294
v -1.405890 -0.199950 8.606337
v -1.405890 0.199948 8.606337
v -1.680103 -0.199950 8.533324
v -1.680103 0.199948 8.533324
v -1.950549 -0.199950 8.447432
v -1.950549 0.199948 8.447432
v -2.216690 -0.199950 8.348839
v -2.216690 0.199948 8.348839
v -2.477758 -0.199950 8.237774
v -2.477758 0.199948 8.237774
v -2.733367 -0.199950 8.114481
v -2.733367 0.199948 8.114481
v -2.982826 -0.199950 7.979243
v -2.982826 0.199948 7.979243
v -3.225675 -0.199950 7.832355
v -3.225675 0.199948 7.832355
v -3.461220 -0.199950 7.674150
v -3.461220 0.199948 7.674150
v -3.689077 -0.199950 7.504982
v -3.689077 0.199948 7.504982
v -3.908632 -0.199950 7.325225
v -3.908632 0.199948 7.325225
v -4.119423 -0.199950 7.135285
v -4.119423 0.199948 7.135285
v -4.321066 0.199948 6.935589
v -4.321066 -0.199950 6.935589
v -4.513023 0.199948 6.726584
v -4.513023 -0.199950 6.726584
v -4.694833 -0.199950 6.508730
v -4.694833 0.199948 6.508730
v 9.133980 -0.199950 -10.542228
v 6.151460 -0.199950 -7.559718
v 9.133980 0.199948 -10.542228
v 6.151460 0.199948 -7.559718
v 9.155197 -0.199950 -10.521020
v 9.155197 0.199948 -10.521020
v 6.177982 -0.199950 -7.543862
v 6.177982 0.199948 -7.543862
v -6.178291 -0.199950 -7.543860
v -6.525612 -0.199950 -7.327785
v -6.178291 0.199948 -7.543860
v -6.525612 0.199948 -7.327785
v -6.865400 -0.199950 -7.100023
v -6.865400 0.199948 -7.100023
v -7.197269 -0.199950 -6.860836
v -7.197269 0.199948 -6.860836
v -7.520836 -0.199950 -6.610502
v -7.520836 0.199948 -6.610502
v -7.835639 -0.199950 -6.349310
v -7.835639 0.199948 -6.349310
v -8.141372 -0.199950 -6.077566
v -8.141372 0.199948 -6.077566
v -8.437724 -0.199950 -5.795574
v -8.437724 0.199948 -5.795574
v -8.724315 -0.199950 -5.503675
v -8.724315 0.199948 -5.503675
v -9.000834 -0.199950 -5.202190
v -9.000834 0.199948 -5.202190
v -9.266898 -0.199950 -4.891481
v -9.266898 0.199948 -4.891481
v -9.522277 -0.199950 -4.571907
v -9.522277 0.199948 -4.571907
v -9.766585 -0.199950 -4.243829
v -9.766585 0.199948 -4.243829
v -9.999671 -0.199950 -3.907630
v -9.999671 0.199948 -3.907630
v -10.221148 -0.199950 -3.563701
v -10.221148 0.199948 -3.563701
v -10.430786 -0.199950 -3.212440
v -10.430786 0.199948 -3.212440
v -10.628353 -0.199950 -2.854251
v -10.628353 0.199948 -2.854251
v -10.813622 -0.199950 -2.489551
v -10.813622 0.199948 -2.489551
v -10.986438 -0.199950 -2.118763
v -10.986438 0.199948 -2.118763
v -11.146491 -0.199950 -1.742311
v -11.146491 0.199948 -1.742311
v -11.293630 -0.199950 -1.360632
v -11.293630 0.199948 -1.360632
v -11.427776 -0.199950 -0.974171
v -11.427776 0.199948 -0.974171
v -11.548624 -0.199950 -0.583373
v -11.548624 0.199948 -0.583373
v -11.656173 -0.199950 -0.188687
v -11.656173 0.199948 -0.188687
v -11.750267 -0.199950 0.209425
v -11.750267 0.199948 0.209425
v -11.830679 -0.199950 0.610506
v -11.830679 0.199948 0.610506
v -11.897483 -0.199950 1.014090
v -11.897483 0.199948 1.014090
v -11.950450 -0.199950 1.419716
v -11.950450 0.199948 1.419716
v -11.989656 -0.199950 1.826904
v -11.989656 0.199948 1.826904
v -12.014948 -0.199950 2.235192
v -12.014948 0.199948 2.235192
v -12.026325 -0.199950 2.644100
v -12.026325 0.199948 2.644100
v -12.023788 -0.199950 3.053166
v -12.023788 0.199948 3.053166
v -12.007414 -0.199950 3.461905
v -12.007414 0.199948 3.461905
v -11.977125 -0.199950 3.869848
v -11.977125 0.199948 3.869848
v -11.932922 -0.199950 4.276531
v -11.932922 0.199948 4.276531
v -11.874959 -0.199950 4.681470
v -11.874959 0.199948 4.681470
v -11.803234 -0.199950 5.084208
v -11.803234 0.199948 5.084208
v -11.717903 -0.199950 5.484271
v -11.717903 0.199948 5.484271
v -11.618965 -0.199950 5.881200
v -11.618965 0.199948 5.881200
v -11.506651 -0.199950 6.274536
v -11.506651 0.199948 6.274536
v -11.380960 -0.199950 6.663826
v -11.380960 0.199948 6.663826
v -11.242124 -0.199950 7.048615
v -11.242124 0.199948 7.048615
v -11.090296 -0.199950 7.428458
v -11.090296 0.199948 7.428458
v -10.925630 -0.199950 7.802921
v -10.925630 0.199948 7.802921
v -10.748278 -0.199950 8.171566
v -10.748278 0.199948 8.171566
v -10.558550 -0.199950 8.533969
v -10.558550 0.199948 8.533969
v -10.356600 -0.199950 8.889709
v -10.356600 0.199948 8.889709
v -10.142656 -0.199950 9.238370
v -10.142656 0.199948 9.238370
v -9.916951 -0.199950 9.579560
v -9.916951 0.199948 9.579560
v -9.679792 -0.199950 9.912871
v -9.679792 0.199948 9.912871
v -9.431486 -0.199950 10.237932
v -9.431486 0.199948 10.237932
v -9.172186 -0.199950 10.554355
v -9.172186 0.199948 10.554355
v -8.902355 -0.199950 10.861778
v -8.902355 0.199948 10.861778
v -8.622146 -0.199950 11.159846
v -8.622146 0.199948 11.159846
v -8.332020 -0.199950 11.448215
v -8.332020 0.199948 11.448215
v -8.032284 -0.199950 11.726550
v -8.032284 0.199948 11.726550
v -7.723169 -0.199950 11.994532
v -7.723169 0.199948 11.994532
v -7.405214 -0.199950 12.251842
v -7.405214 0.199948 12.251842
v -7.078572 -0.199950 12.498193
v -7.078572 0.199948 12.498193
v -6.743859 -0.199950 12.733291
v -6.743859 0.199948 12.733291
v -6.401304 -0.199950 12.956872
v -6.401304 0.199948 12.956872
v -6.051292 -0.199950 13.168673
v -6.051292 0.199948 13.168673
v -5.694361 -0.199950 13.368446
v -5.694361 0.199948 13.368446
v -5.330819 -0.199950 13.555967
v -5.330819 0.199948 13.555967
v -4.961051 -0.199950 13.731017
v -4.961051 0.199948 13.731017
v -4.585593 -0.199950 13.893391
v -4.585593 0.199948 13.893391
v -4.204831 -0.199950 14.042903
v -4.204831 0.199948 14.042903
v -3.819226 -0.199950 14.179376
v -3.819226 0.199948 14.179376
v -3.429162 -0.199950 14.302659
v -3.429162 0.199948 14.302659
v -3.035101 -0.199950 14.412605
v -3.035101 0.199948 14.412605
v -2.637580 -0.199950 14.509088
v -2.637580 0.199948 14.509088
v -2.236985 -0.199950 14.591992
v -2.236985 0.199948 14.591992
v -1.833852 -0.199950 14.661233
v -1.833852 0.199948 14.661233
v -1.428567 -0.199950 14.716718
v -1.428567 0.199948 14.716718
v -1.021591 -0.199950 14.758389
v -1.021591 0.199948 14.758389
v -0.613461 -0.199950 14.786193
v -0.613461 0.199948 14.786193
v -0.204640 -0.199950 14.800108
v -0.204640 0.199948 14.800108
v 0.204412 -0.199950 14.800108
v 0.204412 0.199948 14.800108
v 0.613233 -0.199950 14.786193
v 0.613233 0.199948 14.786193
v 1.021362 -0.199950 14.758389
v 1.021362 0.199948 14.758389
v 1.428339 -0.199950 14.716718
v 1.428339 0.199948 14.716718
v 1.833624 -0.199950 14.661233
v 1.833624 0.199948 14.661233
v 2.236756 -0.199950 14.591992
v 2.236756 0.199948 14.591992
v 2.637352 -0.199950 14.509088
v 2.637352 0.199948 14.509088
v 3.034872 -0.199950 14.412605
v 3.034872 0.199948 14.412605
v 3.428857 -0.199950 14.302659
v 3.428857 0.199948 14.302659
v 3.818920 -0.199950 14.179376
v 3.818920 0.199948 14.179376
v 4.204602 -0.199950 14.042903
v 4.204602 0.199948 14.042903
v 4.585364 -0.199950 13.893391
v 4.585364 0.199948 13.893391
v 4.960822 -0.199950 13.731017
v 4.960822 0.199948 13.731017
v 5.330513 -0.199950 13.555967
v 5.330513 0.199948 13.555967
v 5.694056 -0.199950 13.368444
v 5.694056 0.199948 13.368444
v 6.051063 -0.199950 13.168671
v 6.051063 0.199948 13.168671
v 6.400998 -0.199950 12.956870
v 6.400998 0.199948 12.956870
v 6.743630 -0.199950 12.733289
v 6.743630 0.199948 12.733289
v 7.078344 -0.199950 12.498191
v 7.078344 0.199948 12.498191
v 7.404909 -0.199950 12.251840
v 7.404909 0.199948 12.251840
v 7.722940 -0.199950 11.994530
v 7.722940 0.199948 11.994530
v 8.031979 -0.199950 11.726548
v 8.031979 0.199948 11.726548
v 8.331791 -0.199950 11.448213
v 8.331791 0.199948 11.448213
v 8.621917 -0.199950 11.159844
v 8.621917 0.199948 11.159844
v 8.902126 -0.199950 10.861776
v 8.902126 0.199948 10.861776
v 9.171958 -0.199950 10.554353
v 9.171958 0.199948 10.554353
v 9.431257 -0.199950 10.237930
v 9.431257 0.199948 10.237930
v 9.679564 -0.199950 9.912869
v 9.679564 0.199948 9.912869
v 9.916722 -0.199950 9.579558
v 9.916722 0.199948 9.579558
v 10.142427 -0.199950 9.238368
v 10.142427 0.199948 9.238368
v 10.356371 -0.199950 8.889707
v 10.356371 0.199948 8.889707
v 10.558321 -0.199950 8.533967
v 10.558321 0.199948 8.533967
v 10.748049 -0.199950 8.171564
v 10.748049 0.199948 8.171564
v 10.925322 -0.199950 7.802919
v 10.925322 0.199948 7.802919
v 11.089988 -0.199950 7.428456
v 11.089988 0.199948 7.428456
v 11.241893 -0.199950 7.048613
v 11.241893 0.199948 7.048613
v 11.380730 -0.199950 6.663824
v 11.380730 0.199948 6.663824
v 11.506343 -0.199950 6.274534
v 11.506343 0.199948 6.274534
v 11.618734 -0.199950 5.881198
v 11.618734 0.199948 5.881198
v 11.717672 -0.199950 5.484269
v 11.717672 0.199948 5.484269
v 11.803003 -0.199950 5.084207
v 11.803003 0.199948 5.084207
v 11.874728 -0.199950 4.681468
v 11.874728 0.199948 4.681468
v 11.932692 -0.199950 4.276529
v 11.932692 0.199948 4.276529
v 11.976818 -0.199950 3.869845
v 11.976818 0.199948 3.869845
v 12.007184 -0.199950 3.461904
v 12.007184 0.199948 3.461904
v 12.023558 -0.199950 3.053164
v 12.023558 0.199948 3.053164
v 12.026094 -0.199950 2.644098
v 12.026094 0.199948 2.644098
v 12.014717 -0.199950 2.235190
v 12.014717 0.199948 2.235190
v 11.989348 -0.199950 1.826902
v 11.989348 0.199948 1.826902
v 11.950219 -0.199950 1.419714
v 11.950219 0.199948 1.419714
v 11.897176 -0.199950 1.014088
v 11.897176 0.199948 1.014088
v 11.830448 -0.199950 0.610504
v 11.830448 0.199948 0.610504
v 11.749960 -0.199950 0.209423
v 11.749960 0.199948 0.209423
v 11.655942 -0.199950 -0.188689
v 11.655942 0.199948 -0.188689
v 11.548393 -0.199950 -0.583375
v 11.548393 0.199948 -0.583375
v 11.427547 -0.199950 -0.974173
v 11.427547 0.199948 -0.974173
v 11.293399 -0.199950 -1.360634
v 11.293399 0.199948 -1.360634
v 11.146260 -0.199950 -1.742313
v 11.146260 0.199948 -1.742313
v 10.986207 -0.199950 -2.118765
v 10.986207 0.199948 -2.118765
v 10.813392 -0.199950 -2.489553
v 10.813392 0.199948 -2.489553
v 10.628123 -0.199950 -2.854253
v 10.628123 0.199948 -2.854253
v 10.430553 -0.199950 -3.212442
v 10.430553 0.199948 -3.212442
v 10.220839 -0.199950 -3.563703
v 10.220839 0.199948 -3.563703
v 9.999361 -0.199950 -3.907632
v 9.999361 0.199948 -3.907632
v 9.766354 -0.199950 -4.243831
v 9.766354 0.199948 -4.243831
v 9.521968 -0.199950 -4.571909
v 9.521968 0.199948 -4.571909
v 9.266665 -0.199950 -4.891483
v 9.266665 0.199948 -4.891483
v 9.000602 -0.199950 -5.202192
v 9.000602 0.199948 -5.202192
v 8.724082 -0.199950 -5.503677
v 8.724082 0.199948 -5.503677
v 8.437492 -0.199950 -5.795576
v 8.437492 0.199948 -5.795576
v 8.141139 -0.199950 -6.077568
v 8.141139 0.199948 -6.077568
v 7.835407 -0.199950 -6.349312
v 7.835407 0.199948 -6.349312
v 7.520527 -0.199950 -6.610504
v 7.520527 0.199948 -6.610504
v 7.197037 -0.199950 -6.860838
v 7.197037 0.199948 -6.860838
v 6.865168 -0.199950 -7.100025
v 6.865168 0.199948 -7.100025
v 6.525380 -0.199950 -7.327786
v 6.525380 0.199948 -7.327786
v -9.155430 -0.199950 -10.521018
v -9.155430 0.199948 -10.521018
v -9.134212 -0.199950 -10.542226
v -9.134212 0.199948 -10.542226
v -6.151692 -0.199950 -7.559716
v -6.151692 0.199948 -7.559716
v 5.801294 -0.199950 -7.760290
v 5.801294 0.199948 -7.760290
v 5.444518 -0.199950 -7.948997
v 5.444518 0.199948 -7.948997
v 5.081667 -0.199950 -8.125632
v 5.081667 0.199948 -8.125632
v 4.713129 -0.199950 -8.289996
v 4.713129 0.199948 -8.289996
v 4.339209 -0.199950 -8.441896
v 4.339209 0.199948 -8.441896
v 3.960445 -0.199950 -8.581170
v 3.960445 0.199948 -8.581170
v 3.577224 -0.199950 -8.707653
v 3.577224 0.199948 -8.707653
v 3.189927 -0.199950 -8.821212
v 3.189927 0.199948 -8.821212
v 2.799095 -0.199950 -8.921712
v 2.799095 0.199948 -8.921712
v 2.405034 -0.199950 -9.009042
v 2.405034 0.199948 -9.009042
v 2.008358 -0.199950 -9.083106
v 2.008358 0.199948 -9.083106
v 1.609377 -0.199950 -9.143813
v 1.609377 0.199948 -9.143813
v 1.208628 -0.199950 -9.191106
v 1.208628 0.199948 -9.191106
v 0.806418 -0.199950 -9.224921
v 0.806418 0.199948 -9.224921
v 0.403362 -0.199950 -9.245226
v 0.403362 0.199948 -9.245226
v -0.000155 -0.199950 -9.251995
v -0.000155 0.199948 -9.251995
v -0.403672 -0.199950 -9.245226
v -0.403672 0.199948 -9.245226
v -0.806727 -0.199950 -9.224921
v -0.806727 0.199948 -9.224921
v -1.208861 -0.199950 -9.191106
v -1.208861 0.199948 -9.191106
v -1.609610 -0.199950 -9.143813
v -1.609610 0.199948 -9.143813
v -2.008591 -0.199950 -9.083106
v -2.008591 0.199948 -9.083106
v -2.405343 -0.199950 -9.009042
v -2.405343 0.199948 -9.009042
v -2.799327 -0.199950 -8.921712
v -2.799327 0.199948 -8.921712
v -3.190160 -0.199950 -8.821212
v -3.190160 0.199948 -8.821212
v -3.577456 -0.199950 -8.707653
v -3.577456 0.199948 -8.707653
v -3.960678 -0.199950 -8.581170
v -3.960678 0.199948 -8.581170
v -4.339441 -0.199950 -8.441896
v -4.339441 0.199948 -8.441896
v -4.713361 -0.199950 -8.289996
v -4.713361 0.199948 -8.289996
v -5.081900 -0.199950 -8.125632
v -5.081900 0.199948 -8.125632
v -5.444750 -0.199950 -7.948997
v -5.444750 0.199948 -7.948997
v -5.801527 -0.199950 -7.760288
v -5.801527 0.199948 -7.760288
vn -0.7967 0.0000 0.6044
vn -0.7673 0.0000 0.6413
vn -0.7361 0.0000 0.6769
vn -0.7031 0.0000 0.7111
vn -0.7031 0.0000 0.7110
vn -0.6689 0.0000 0.7433
vn -0.6331 0.0000 0.7741
vn -0.5956 0.0000 0.8033
vn -0.5571 0.0000 0.8304
vn -0.5173 0.0000 0.8558
vn -0.4763 0.0000 0.8793
vn -0.4341 0.0000 0.9008
vn -0.4341 0.0000 0.9009
vn -0.3910 0.0000 0.9204
vn -0.3472 0.0000 0.9378
vn -0.3025 0.0000 0.9532
vn -0.2571 0.0000 0.9664
vn -0.2111 0.0000 0.9775
vn -0.1647 0.0000 0.9863
vn -0.1179 0.0000 0.9930
vn -0.0708 0.0000 0.9975
vn -0.0236 0.0000 0.9997
vn 0.0236 0.0000 0.9997
vn 0.0708 0.0000 0.9975
vn 0.1179 0.0000 0.9930
vn 0.1647 0.0000 0.9863
vn 0.2111 0.0000 0.9775
vn 0.2571 0.0000 0.9664
vn 0.3025 0.0000 0.9532
vn 0.3472 0.0000 0.9378
vn 0.3911 0.0000 0.9203
vn 0.4340 0.0000 0.9009
vn 0.4763 0.0000 0.8793
vn 0.4762 0.0000 0.8793
vn 0.5173 0.0000 0.8558
vn 0.5571 0.0000 0.8304
vn 0.5957 0.0000 0.8032
vn 0.6329 0.0000 0.7742
vn 0.6689 0.0000 0.7433
vn 0.7033 0.0000 0.7109
vn 0.7361 0.0000 0.6769
vn 0.7671 0.0000 0.6415
vn 0.7967 0.0000 0.6044
vn 0.7071 0.0000 0.7071
vn -0.7503 0.0000 -0.6611
vn -0.7275 0.0000 -0.6861
vn -0.7038 0.0000 -0.7104
vn -0.6793 0.0000 -0.7339
vn -0.6539 0.0000 -0.7566
vn -0.6280 0.0000 -0.7783
vn -0.6011 0.0000 -0.7991
vn -0.6011 0.0000 -0.7992
vn -0.5736 0.0000 -0.8191
vn -0.5456 0.0000 -0.8381
vn -0.5168 0.0000 -0.8561
vn -0.4874 0.0000 -0.8732
vn -0.4575 0.0000 -0.8892
vn -0.4270 0.0000 -0.9042
vn -0.3962 0.0000 -0.9182
vn -0.3648 0.0000 -0.9311
vn -0.3329 0.0000 -0.9430
vn -0.3008 0.0000 -0.9537
vn -0.2682 0.0000 -0.9634
vn -0.2354 0.0000 -0.9719
vn -0.2022 0.0000 -0.9793
vn -0.1689 0.0000 -0.9856
vn -0.1354 0.0000 -0.9908
vn -0.1016 0.0000 -0.9948
vn -0.0678 0.0000 -0.9977
vn -0.0339 0.0000 -0.9994
vn 0.0000 0.0000 -1.0000
vn 0.0339 0.0000 -0.9994
vn 0.0678 0.0000 -0.9977
vn 0.1016 0.0000 -0.9948
vn 0.1354 0.0000 -0.9908
vn 0.1689 0.0000 -0.9856
vn 0.2023 0.0000 -0.9793
vn 0.2354 0.0000 -0.9719
vn 0.2682 0.0000 -0.9634
vn 0.3008 0.0000 -0.9537
vn 0.3329 0.0000 -0.9430
vn 0.3648 0.0000 -0.9311
vn 0.3962 0.0000 -0.9182
vn 0.4270 0.0000 -0.9042
vn 0.4575 0.0000 -0.8892
vn 0.4874 0.0000 -0.8732
vn 0.5168 0.0000 -0.8561
vn 0.5456 0.0000 -0.8381
vn 0.5737 0.0000 -0.8191
vn 0.6011 0.0000 -0.7991
vn 0.6011 0.0000 -0.7992
vn 0.6279 0.0000 -0.7783
vn 0.6540 0.0000 -0.7565
vn 0.6793 0.0000 -0.7339
vn 0.7038 0.0000 -0.7104
vn 0.7274 0.0000 -0.6862
vn 0.7504 0.0000 -0.6610
vn -0.7071 0.0000 0.7071
vn 0.8279 0.0000 -0.5609
vn 0.8537 0.0000 -0.5207
vn 0.8777 0.0000 -0.4793
vn 0.8996 0.0000 -0.4367
vn 0.9194 0.0000 -0.3933
vn 0.9373 0.0000 -0.3486
vn 0.9528 0.0000 -0.3036
vn 0.9663 0.0000 -0.2576
vn 0.9775 0.0000 -0.2110
vn 0.9865 0.0000 -0.1639
vn 0.9932 0.0000 -0.1167
vn 0.9976 0.0000 -0.0688
vn 0.9998 0.0000 -0.0212
vn 0.9996 0.0000 0.0268
vn 0.9972 0.0000 0.0744
vn 0.9925 0.0000 0.1224
vn 0.9855 0.0000 0.1695
vn 0.9763 0.0000 0.2163
vn 0.9647 0.0000 0.2632
vn 0.9512 0.0000 0.3087
vn 0.9353 0.0000 0.3540
vn 0.9172 0.0000 0.3984
vn 0.8971 0.0000 0.4418
vn 0.8750 0.0000 0.4841
vn 0.8508 0.0000 0.5256
vn 0.8246 0.0000 0.5657
vn 0.7967 0.0000 0.6043
vn 0.7667 0.0000 0.6420
vn 0.7353 0.0000 0.6777
vn 0.7020 0.0000 0.7122
vn 0.6670 0.0000 0.7451
vn 0.6307 0.0000 0.7760
vn 0.5928 0.0000 0.8054
vn 0.5535 0.0000 0.8328
vn 0.5131 0.0000 0.8584
vn 0.4714 0.0000 0.8819
vn 0.4287 0.0000 0.9034
vn 0.3850 0.0000 0.9229
vn 0.3403 0.0000 0.9403
vn 0.2949 0.0000 0.9555
vn -0.7071 0.0000 -0.7071
vn -1.0000 0.0000 0.0000
vn 0.0000 0.0000 1.0000
vn 0.7071 0.0000 -0.7071
vn -0.2949 0.0000 0.9555
vn -0.3403 0.0000 0.9403
vn -0.3850 0.0000 0.9229
vn -0.4287 0.0000 0.9034
vn -0.4714 0.0000 0.8819
vn -0.5131 0.0000 0.8584
vn -0.5536 0.0000 0.8328
vn -0.5928 0.0000 0.8054
vn -0.6306 0.0000 0.7761
vn -0.6671 0.0000 0.7449
vn -0.7018 0.0000 0.7123
vn -0.7353 0.0000 0.6777
vn -0.7669 0.0000 0.6418
vn -0.7966 0.0000 0.6045
vn -0.8246 0.0000 0.5657
vn -0.8509 0.0000 0.5254
vn -0.8749 0.0000 0.4843
vn -0.8971 0.0000 0.4418
vn -0.9172 0.0000 0.3984
vn -0.9353 0.0000 0.3540
vn -0.9512 0.0000 0.3087
vn -0.9648 0.0000 0.2629
vn -0.9763 0.0000 0.2166
vn -0.9855 0.0000 0.1695
vn -0.9925 0.0000 0.1224
vn -0.9972 0.0000 0.0744
vn -0.9996 0.0000 0.0268
vn -0.9998 0.0000 -0.0212
vn -0.9976 0.0000 -0.0691
vn -0.9932 0.0000 -0.1165
vn -0.9865 0.0000 -0.1639
vn -0.9774 0.0000 -0.2112
vn -0.9663 0.0000 -0.2573
vn -0.9528 0.0000 -0.3036
vn -0.9373 0.0000 -0.3486
vn -0.9194 0.0000 -0.3933
vn -0.8996 0.0000 -0.4367
vn -0.8777 0.0000 -0.4793
vn -0.8537 0.0000 -0.5207
vn -0.8279 0.0000 -0.5609
vn 1.0000 0.0000 -0.0000
vn 0.8274 0.0000 0.5617
vn 0.8533 0.0000 0.5214
vn 0.8771 0.0000 0.4803
vn 0.8992 0.0000 0.4376
vn 0.9190 0.0000 0.3942
vn 0.9369 0.0000 0.3496
vn 0.9525 0.0000 0.3046
vn 0.9660 0.0000 0.2587
vn 0.9772 0.0000 0.2123
vn 0.9862 0.0000 0.1653
vn 0.9930 0.0000 0.1179
vn 0.9975 0.0000 0.0704
vn 0.9997 0.0000 0.0224
vn 0.9997 0.0000 -0.0251
vn 0.9973 0.0000 -0.0731
vn 0.9927 0.0000 -0.1205
vn 0.9858 0.0000 -0.1680
vn 0.9766 0.0000 -0.2149
vn 0.9652 0.0000 -0.2613
vn 0.9517 0.0000 -0.3070
vn 0.9359 0.0000 -0.3523
vn 0.9179 0.0000 -0.3968
vn 0.8980 0.0000 -0.4400
vn 0.8759 0.0000 -0.4824
vn 0.8519 0.0000 -0.5238
vn 0.8259 0.0000 -0.5638
vn 0.7978 0.0000 -0.6029
vn 0.7683 0.0000 -0.6401
vn 0.7367 0.0000 -0.6763
vn 0.7035 0.0000 -0.7107
vn 0.6689 0.0000 -0.7434
vn 0.6324 0.0000 -0.7746
vn 0.5948 0.0000 -0.8039
vn 0.5556 0.0000 -0.8315
vn 0.5152 0.0000 -0.8571
vn 0.4737 0.0000 -0.8807
vn 0.4310 0.0000 -0.9024
vn 0.3874 0.0000 -0.9219
vn 0.3429 0.0000 -0.9394
vn 0.2976 0.0000 -0.9547
vn -0.5276 0.0000 0.8495
vn -0.5277 0.0000 0.8495
vn -0.5562 0.0000 0.8310
vn -0.5843 0.0000 0.8116
vn -0.6115 0.0000 0.7913
vn -0.6380 0.0000 0.7700
vn -0.6638 0.0000 0.7479
vn -0.6889 0.0000 0.7248
vn -0.7131 0.0000 0.7010
vn -0.7366 0.0000 0.6764
vn -0.7591 0.0000 0.6509
vn -0.7808 0.0000 0.6247
vn -0.8015 0.0000 0.5979
vn -0.8215 0.0000 0.5701
vn -0.8404 0.0000 0.5420
vn -0.8584 0.0000 0.5130
vn -0.8753 0.0000 0.4836
vn -0.8913 0.0000 0.4535
vn -0.9061 0.0000 0.4230
vn -0.9200 0.0000 0.3919
vn -0.9328 0.0000 0.3604
vn -0.9445 0.0000 0.3284
vn -0.9551 0.0000 0.2962
vn -0.9646 0.0000 0.2636
vn -0.9731 0.0000 0.2304
vn -0.9803 0.0000 0.1974
vn -0.9865 0.0000 0.1637
vn -0.9915 0.0000 0.1302
vn -0.9953 0.0000 0.0965
vn -0.9980 0.0000 0.0626
vn -0.9996 0.0000 0.0286
vn -1.0000 0.0000 -0.0055
vn -0.9992 0.0000 -0.0396
vn -0.9973 0.0000 -0.0735
vn -0.9942 0.0000 -0.1072
vn -0.9900 0.0000 -0.1411
vn -0.9846 0.0000 -0.1747
vn -0.9781 0.0000 -0.2080
vn -0.9705 0.0000 -0.2412
vn -0.9617 0.0000 -0.2739
vn -0.9519 0.0000 -0.3065
vn -0.9409 0.0000 -0.3387
vn -0.9288 0.0000 -0.3706
vn -0.9156 0.0000 -0.4020
vn -0.9015 0.0000 -0.4328
vn -0.8862 0.0000 -0.4633
vn -0.8700 0.0000 -0.4931
vn -0.8527 0.0000 -0.5224
vn -0.8344 0.0000 -0.5511
vn -0.8152 0.0000 -0.5792
vn -0.7950 0.0000 -0.6066
vn -0.7740 0.0000 -0.6332
vn 0.4964 0.0000 0.8681
vn 0.4671 0.0000 0.8842
vn 0.4672 0.0000 0.8842
vn 0.4372 0.0000 0.8994
vn 0.4068 0.0000 0.9135
vn 0.3760 0.0000 0.9266
vn 0.3759 0.0000 0.9266
vn 0.3447 0.0000 0.9387
vn 0.3131 0.0000 0.9497
vn 0.2810 0.0000 0.9597
vn 0.2487 0.0000 0.9686
vn 0.2161 0.0000 0.9764
vn 0.1833 0.0000 0.9831
vn 0.1503 0.0000 0.9886
vn 0.1170 0.0000 0.9931
vn 0.0837 0.0000 0.9965
vn 0.0503 0.0000 0.9987
vn 0.0168 0.0000 0.9999
vn -0.0168 0.0000 0.9999
vn -0.0503 0.0000 0.9987
vn -0.0837 0.0000 0.9965
vn -0.1171 0.0000 0.9931
vn -0.1503 0.0000 0.9886
vn -0.1833 0.0000 0.9831
vn -0.2161 0.0000 0.9764
vn -0.2487 0.0000 0.9686
vn -0.2811 0.0000 0.9597
vn -0.3130 0.0000 0.9497
vn -0.3447 0.0000 0.9387
vn -0.3760 0.0000 0.9266
vn -0.4068 0.0000 0.9135
vn -0.4372 0.0000 0.8994
vn -0.4671 0.0000 0.8842
vn -0.4965 0.0000 0.8680
vn 0.2472 0.0000 -0.9690
vn 0.2030 0.0000 -0.9792
vn 0.1583 0.0000 -0.9874
vn 0.1133 0.0000 -0.9936
vn 0.0681 0.0000 -0.9977
vn 0.0227 0.0000 -0.9997
vn -0.0227 0.0000 -0.9997
vn -0.0681 0.0000 -0.9977
vn -0.1133 0.0000 -0.9936
vn -0.1583 0.0000 -0.9874
vn -0.2030 0.0000 -0.9792
vn -0.2473 0.0000 -0.9689
vn 0.2447 0.0000 0.9696
vn 0.2009 0.0000 0.9796
vn 0.1567 0.0000 0.9876
vn 0.1121 0.0000 0.9937
vn 0.0674 0.0000 0.9977
vn 0.0225 0.0000 0.9997
vn -0.0225 0.0000 0.9997
vn -0.0674 0.0000 0.9977
vn -0.1122 0.0000 0.9937
vn -0.1567 0.0000 0.9877
vn -0.2009 0.0000 0.9796
vn -0.2447 0.0000 0.9696
vn 0.7072 0.0000 -0.7070
vn -0.7071 0.0000 -0.7072
vn 0.7739 0.0000 -0.6333
vn 0.7951 0.0000 -0.6065
vn 0.8152 0.0000 -0.5792
vn 0.8344 0.0000 -0.5511
vn 0.8527 0.0000 -0.5224
vn 0.8700 0.0000 -0.4931
vn 0.8862 0.0000 -0.4633
vn 0.9014 0.0000 -0.4329
vn 0.9157 0.0000 -0.4019
vn 0.9288 0.0000 -0.3706
vn 0.9409 0.0000 -0.3387
vn 0.9519 0.0000 -0.3065
vn 0.9617 0.0000 -0.2739
vn 0.9705 0.0000 -0.2412
vn 0.9781 0.0000 -0.2082
vn 0.9847 0.0000 -0.1745
vn 0.9900 0.0000 -0.1411
vn 0.9942 0.0000 -0.1074
vn 0.9973 0.0000 -0.0733
vn 0.9992 0.0000 -0.0396
vn 1.0000 0.0000 -0.0055
vn 0.9996 0.0000 0.0286
vn 0.9980 0.0000 0.0625
vn 0.9954 0.0000 0.0963
vn 0.9915 0.0000 0.1302
vn 0.9865 0.0000 0.1639
vn 0.9803 0.0000 0.1974
vn 0.9731 0.0000 0.2304
vn 0.9646 0.0000 0.2636
vn 0.9551 0.0000 0.2962
vn 0.9445 0.0000 0.3284
vn 0.9328 0.0000 0.3604
vn 0.9200 0.0000 0.3919
vn 0.9061 0.0000 0.4230
vn 0.8913 0.0000 0.4535
vn 0.8753 0.0000 0.4836
vn 0.8584 0.0000 0.5130
vn 0.8404 0.0000 0.5420
vn 0.8215 0.0000 0.5701
vn 0.8016 0.0000 0.5978
vn 0.7808 0.0000 0.6247
vn 0.7591 0.0000 0.6509
vn 0.7366 0.0000 0.6764
vn 0.7131 0.0000 0.7010
vn 0.6888 0.0000 0.7249
vn 0.6639 0.0000 0.7478
vn 0.6380 0.0000 0.7700
vn 0.6115 0.0000 0.7913
vn 0.5842 0.0000 0.8116
vn 0.5562 0.0000 0.8310
vn 0.5277 0.0000 0.8495
vn 0.5276 0.0000 0.8495
vn -0.2976 0.0000 -0.9547
vn -0.3429 0.0000 -0.9394
vn -0.3874 0.0000 -0.9219
vn -0.4310 0.0000 -0.9024
vn -0.4737 0.0000 -0.8807
vn -0.5152 0.0000 -0.8571
vn -0.5556 0.0000 -0.8315
vn -0.5948 0.0000 -0.8039
vn -0.6324 0.0000 -0.7746
vn -0.6688 0.0000 -0.7435
vn -0.7036 0.0000 -0.7105
vn -0.7367 0.0000 -0.6763
vn -0.7682 0.0000 -0.6403
vn -0.7980 0.0000 -0.6027
vn -0.8259 0.0000 -0.5638
vn -0.8519 0.0000 -0.5238
vn -0.8758 0.0000 -0.4826
vn -0.8980 0.0000 -0.4400
vn -0.9180 0.0000 -0.3966
vn -0.9359 0.0000 -0.3523
vn -0.9516 0.0000 -0.3072
vn -0.9653 0.0000 -0.2611
vn -0.9766 0.0000 -0.2149
vn -0.9858 0.0000 -0.1680
vn -0.9927 0.0000 -0.1205
vn -0.9973 0.0000 -0.0731
vn -0.9997 0.0000 -0.0251
vn -0.9997 0.0000 0.0224
vn -0.9975 0.0000 0.0704
vn -0.9930 0.0000 0.1179
vn -0.9862 0.0000 0.1653
vn -0.9772 0.0000 0.2123
vn -0.9660 0.0000 0.2587
vn -0.9525 0.0000 0.3046
vn -0.9369 0.0000 0.3496
vn -0.9190 0.0000 0.3942
vn -0.8992 0.0000 0.4376
vn -0.8771 0.0000 0.4803
vn -0.8533 0.0000 0.5214
vn -0.8274 0.0000 0.5617
vn -0.7972 0.0000 -0.6037
vn -0.7676 0.0000 -0.6409
vn -0.7366 0.0000 -0.6763
vn -0.7037 0.0000 -0.7105
vn -0.6694 0.0000 -0.7429
vn -0.6334 0.0000 -0.7739
vn -0.5962 0.0000 -0.8028
vn -0.5574 0.0000 -0.8302
vn -0.5177 0.0000 -0.8556
vn -0.4766 0.0000 -0.8791
vn -0.4345 0.0000 -0.9007
vn -0.3914 0.0000 -0.9202
vn -0.3475 0.0000 -0.9377
vn -0.3027 0.0000 -0.9531
vn -0.2573 0.0000 -0.9663
vn -0.2113 0.0000 -0.9774
vn -0.1648 0.0000 -0.9863
vn -0.1180 0.0000 -0.9930
vn -0.0709 0.0000 -0.9975
vn -0.0236 0.0000 -0.9997
vn 0.0237 0.0000 -0.9997
vn 0.0709 0.0000 -0.9975
vn 0.1180 0.0000 -0.9930
vn 0.1648 0.0000 -0.9863
vn 0.2113 0.0000 -0.9774
vn 0.2573 0.0000 -0.9663
vn 0.3027 0.0000 -0.9531
vn 0.3474 0.0000 -0.9377
vn 0.3915 0.0000 -0.9202
vn 0.4344 0.0000 -0.9007
vn 0.4766 0.0000 -0.8791
vn 0.5176 0.0000 -0.8557
vn 0.5175 0.0000 -0.8557
vn 0.5576 0.0000 -0.8301
vn 0.5961 0.0000 -0.8029
vn 0.6335 0.0000 -0.7737
vn 0.6694 0.0000 -0.7429
vn 0.7037 0.0000 -0.7105
vn 0.7365 0.0000 -0.6764
vn 0.7678 0.0000 -0.6407
vn 0.7971 0.0000 -0.6038
vn 0.7070 0.0000 -0.7073
vn 0.7069 0.0000 -0.7073
vn -0.5282 0.0000 -0.8491
vn -0.5568 0.0000 -0.8307
vn -0.5847 0.0000 -0.8113
vn -0.6119 0.0000 -0.7909
vn -0.6385 0.0000 -0.7696
vn -0.6643 0.0000 -0.7474
vn -0.6893 0.0000 -0.7244
vn -0.7136 0.0000 -0.7006
vn -0.7370 0.0000 -0.6759
vn -0.7596 0.0000 -0.6504
vn -0.7812 0.0000 -0.6243
vn -0.8020 0.0000 -0.5973
vn -0.8218 0.0000 -0.5698
vn -0.8408 0.0000 -0.5414
vn -0.8587 0.0000 -0.5125
vn -0.8756 0.0000 -0.4830
vn -0.8916 0.0000 -0.4529
vn -0.9064 0.0000 -0.4224
vn -0.9203 0.0000 -0.3913
vn -0.9331 0.0000 -0.3597
vn -0.9447 0.0000 -0.3279
vn -0.9554 0.0000 -0.2954
vn -0.9648 0.0000 -0.2629
vn -0.9732 0.0000 -0.2300
vn -0.9805 0.0000 -0.1966
vn -0.9866 0.0000 -0.1633
vn -0.9916 0.0000 -0.1295
vn -0.9954 0.0000 -0.0958
vn -0.9981 0.0000 -0.0618
vn -0.9996 0.0000 -0.0278
vn -1.0000 0.0000 0.0062
vn -0.9992 0.0000 0.0400
vn -0.9973 0.0000 0.0740
vn -0.9941 0.0000 0.1081
vn -0.9899 0.0000 0.1417
vn -0.9845 0.0000 0.1753
vn -0.9780 0.0000 0.2086
vn -0.9703 0.0000 0.2419
vn -0.9616 0.0000 0.2746
vn -0.9516 0.0000 0.3073
vn -0.9406 0.0000 0.3394
vn -0.9286 0.0000 0.3712
vn -0.9154 0.0000 0.4025
vn -0.9011 0.0000 0.4335
vn -0.8859 0.0000 0.4638
vn -0.8696 0.0000 0.4937
vn -0.8523 0.0000 0.5230
vn -0.8340 0.0000 0.5517
vn -0.8148 0.0000 0.5797
vn -0.7947 0.0000 0.6070
vn -0.7735 0.0000 0.6338
vn -0.7516 0.0000 0.6597
vn -0.7286 0.0000 0.6849
vn -0.7050 0.0000 0.7093
vn -0.6805 0.0000 0.7328
vn -0.6550 0.0000 0.7556
vn -0.6291 0.0000 0.7773
vn -0.6021 0.0000 0.7984
vn -0.5748 0.0000 0.8183
vn -0.5466 0.0000 0.8374
vn -0.5177 0.0000 0.8555
vn -0.5177 0.0000 0.8556
vn -0.4884 0.0000 0.8726
vn -0.4584 0.0000 0.8887
vn -0.4279 0.0000 0.9038
vn -0.3969 0.0000 0.9178
vn -0.3655 0.0000 0.9308
vn -0.3336 0.0000 0.9427
vn -0.3014 0.0000 0.9535
vn -0.2687 0.0000 0.9632
vn -0.2359 0.0000 0.9718
vn -0.2027 0.0000 0.9792
vn -0.1693 0.0000 0.9856
vn -0.1356 0.0000 0.9908
vn -0.1019 0.0000 0.9948
vn -0.0680 0.0000 0.9977
vn -0.0340 0.0000 0.9994
vn 0.0340 0.0000 0.9994
vn 0.0680 0.0000 0.9977
vn 0.1019 0.0000 0.9948
vn 0.1356 0.0000 0.9908
vn 0.1693 0.0000 0.9856
vn 0.2027 0.0000 0.9792
vn 0.2359 0.0000 0.9718
vn 0.2688 0.0000 0.9632
vn 0.3014 0.0000 0.9535
vn 0.3336 0.0000 0.9427
vn 0.3655 0.0000 0.9308
vn 0.3969 0.0000 0.9178
vn 0.4280 0.0000 0.9038
vn 0.4279 0.0000 0.9038
vn 0.4584 0.0000 0.8887
vn 0.4883 0.0000 0.8727
vn 0.5178 0.0000 0.8555
vn 0.5465 0.0000 0.8375
vn 0.5748 0.0000 0.8183
vn 0.6022 0.0000 0.7983
vn 0.6290 0.0000 0.7774
vn 0.6551 0.0000 0.7555
vn 0.6804 0.0000 0.7329
vn 0.7050 0.0000 0.7093
vn 0.7286 0.0000 0.6849
vn 0.7516 0.0000 0.6597
vn 0.7735 0.0000 0.6338
vn 0.7947 0.0000 0.6070
vn 0.8148 0.0000 0.5797
vn 0.8340 0.0000 0.5517
vn 0.8523 0.0000 0.5230
vn 0.8696 0.0000 0.4937
vn 0.8859 0.0000 0.4638
vn 0.9012 0.0000 0.4334
vn 0.9154 0.0000 0.4025
vn 0.9285 0.0000 0.3713
vn 0.9406 0.0000 0.3394
vn 0.9517 0.0000 0.3071
vn 0.9615 0.0000 0.2747
vn 0.9703 0.0000 0.2419
vn 0.9780 0.0000 0.2086
vn 0.9845 0.0000 0.1753
vn 0.9899 0.0000 0.1417
vn 0.9942 0.0000 0.1079
vn 0.9972 0.0000 0.0742
vn 0.9992 0.0000 0.0400
vn 1.0000 0.0000 0.0062
vn 0.9996 0.0000 -0.0278
vn 0.9981 0.0000 -0.0620
vn 0.9954 0.0000 -0.0957
vn 0.9916 0.0000 -0.1297
vn 0.9866 0.0000 -0.1631
vn 0.9805 0.0000 -0.1968
vn 0.9732 0.0000 -0.2298
vn 0.9648 0.0000 -0.2629
vn 0.9554 0.0000 -0.2954
vn 0.9447 0.0000 -0.3279
vn 0.9331 0.0000 -0.3597
vn 0.9203 0.0000 -0.3913
vn 0.9064 0.0000 -0.4224
vn 0.8916 0.0000 -0.4529
vn 0.8756 0.0000 -0.4830
vn 0.8586 0.0000 -0.5126
vn 0.8408 0.0000 -0.5414
vn 0.8219 0.0000 -0.5696
vn 0.8020 0.0000 -0.5974
vn 0.7813 0.0000 -0.6242
vn 0.7596 0.0000 -0.6504
vn 0.7370 0.0000 -0.6759
vn 0.7136 0.0000 -0.7006
vn 0.6893 0.0000 -0.7244
vn 0.6643 0.0000 -0.7474
vn 0.6384 0.0000 -0.7697
vn 0.6120 0.0000 -0.7909
vn 0.5847 0.0000 -0.8113
vn 0.5568 0.0000 -0.8307
vn 0.5282 0.0000 -0.8491
vn -0.7069 0.0000 -0.7073
vn 0.4970 0.0000 -0.8677
vn 0.4675 0.0000 -0.8840
vn 0.4676 0.0000 -0.8840
vn 0.4377 0.0000 -0.8991
vn 0.4073 0.0000 -0.9133
vn 0.3764 0.0000 -0.9265
vn 0.3451 0.0000 -0.9386
vn 0.3134 0.0000 -0.9496
vn 0.2814 0.0000 -0.9596
vn 0.2490 0.0000 -0.9685
vn 0.2164 0.0000 -0.9763
vn 0.1835 0.0000 -0.9830
vn 0.1504 0.0000 -0.9886
vn 0.1172 0.0000 -0.9931
vn 0.0838 0.0000 -0.9965
vn 0.0503 0.0000 -0.9987
vn 0.0168 0.0000 -0.9999
vn -0.0168 0.0000 -0.9999
vn -0.0503 0.0000 -0.9987
vn -0.0838 0.0000 -0.9965
vn -0.1172 0.0000 -0.9931
vn -0.1504 0.0000 -0.9886
vn -0.1835 0.0000 -0.9830
vn -0.2164 0.0000 -0.9763
vn -0.2490 0.0000 -0.9685
vn -0.2814 0.0000 -0.9596
vn -0.3134 0.0000 -0.9496
vn -0.3451 0.0000 -0.9386
vn -0.3764 0.0000 -0.9265
vn -0.4073 0.0000 -0.9133
vn -0.4377 0.0000 -0.8991
vn -0.4676 0.0000 -0.8840
vn -0.4970 0.0000 -0.8677
vn 0.0000 1.0000 0.0000
vn 0.0000 -1.0000 -0.0000
usemtl None
s off
f 1//1 2//1 3//1
f 3//1 2//1 4//1
f 4//2 2//2 5//2
f 4//2 5//2 6//2
f 6//3 5//3 7//3
f 6//3 7//3 8//3
f 8//4 7//4 9//4
f 8//5 9//5 10//5
f 10//6 9//6 11//6
f 10//6 11//6 12//6
f 12//7 11//7 13//7
f 12//7 13//7 14//7
f 14//8 13//8 15//8
f 14//8 15//8 16//8
f 16//9 15//9 17//9
f 16//9 17//9 18//9
f 18//10 17//10 19//10
f 18//10 19//10 20//10
f 20//11 19//11 21//11
f 20//11 21//11 22//11
f 22//12 21//12 23//12
f 22//13 23//13 24//13
f 24//14 23//14 25//14
f 24//14 25//14 26//14
f 26//15 25//15 27//15
f 26//15 27//15 28//15
f 28//16 27//16 29//16
f 28//16 29//16 30//16
f 30//17 29//17 31//17
f 30//17 31//17 32//17
f 32//18 31//18 33//18
f 32//18 33//18 34//18
f 34//19 33//19 35//19
f 34//19 35//19 36//19
f 36//20 35//20 37//20
f 36//20 37//20 38//20
f 38//21 37//21 39//21
f 38//21 39//21 40//21
f 40//22 39//22 41//22
f 40//22 41//22 42//22
f 42//23 41//23 43//23
f 42//23 43//23 44//23
f 44//24 43//24 45//24
f 44//24 45//24 46//24
f 46//25 45//25 47//25
f 46//25 47//25 48//25
f 48//26 47//26 49//26
f 48//26 49//26 50//26
f 50//27 49//27 51//27
f 50//27 51//27 52//27
f 52//28 51//28 53//28
f 52//28 53//28 54//28
f 54//29 53//29 55//29
f 54//29 55//29 56//29
f 56//30 55//30 57//30
f 56//30 57//30 58//30
f 58//31 57//31 59//31
f 58//31 59//31 60//31
f 60//32 59//32 61//32
f 60//32 61//32 62//32
f 62//33 61//33 63//33
f 62//34 63//34 64//34
f 64//35 63//35 65//35
f 64//35 65//35 66//35
f 66//36 65//36 67//36
f 66//36 67//36 68//36
f 68//37 67//37 69//37
f 69//37 67//37 70//37
f 69//38 70//38 71//38
f 71//38 70//38 72//38
f 71//39 72//39 73//39
f 73//39 72//39 74//39
f 73//40 74//40 75//40
f 73//40 75//40 76//40
f 76//41 75//41 77//41
f 76//41 77//41 78//41
f 78//42 77//42 79//42
f 78//42 79//42 80//42
f 80//43 79//43 81//43
f 80//43 81//43 82//43
f 83//44 1//44 84//44
f 84//44 1//44 3//44
f 85//45 86//45 87//45
f 87//45 86//45 88//45
f 87//46 88//46 89//46
f 89//46 88//46 90//46
f 89//47 90//47 91//47
f 89//47 91//47 92//47
f 92//48 91//48 93//48
f 92//48 93//48 94//48
f 94//49 93//49 95//49
f 94//49 95//49 96//49
f 96//50 95//50 97//50
f 96//50 97//50 98//50
f 98//51 97//51 99//51
f 98//52 99//52 100//52
f 100//53 99//53 101//53
f 100//53 101//53 102//53
f 102//54 101//54 103//54
f 102//54 103//54 104//54
f 104//55 103//55 105//55
f 104//55 105//55 106//55
f 106//56 105//56 107//56
f 106//56 107//56 108//56
f 108//57 107//57 109//57
f 108//57 109//57 110//57
f 110//58 109//58 111//58
f 110//58 111//58 112//58
f 112//59 111//59 113//59
f 112//59 113//59 114//59
f 114//60 113//60 115//60
f 114//60 115//60 116//60
f 116//61 115//61 117//61
f 116//61 117//61 118//61
f 118//62 117//62 119//62
f 118//62 119//62 120//62
f 120//63 119//63 121//63
f 120//63 121//63 122//63
f 122//64 121//64 123//64
f 122//64 123//64 124//64
f 124//65 123//65 125//65
f 124//65 125//65 126//65
f 126//66 125//66 127//66
f 126//66 127//66 128//66
f 128//67 127//67 129//67
f 128//67 129//67 130//67
f 130//68 129//68 131//68
f 130//68 131//68 132//68
f 132//69 131//69 133//69
f 132//69 133//69 134//69
f 134//70 133//70 135//70
f 134//70 135//70 136//70
f 136//71 135//71 137//71
f 136//71 137//71 138//71
f 138//72 137//72 139//72
f 138//72 139//72 140//72
f 140//73 139//73 141//73
f 140//73 141//73 142//73
f 142//74 141//74 143//74
f 142//74 143//74 144//74
f 144//75 143//75 145//75
f 144//75 145//75 146//75
f 146//76 145//76 147//76
f 146//76 147//76 148//76
f 148//77 147//77 149//77
f 148//77 149//77 150//77
f 150//78 149//78 151//78
f 150//78 151//78 152//78
f 152//79 151//79 153//79
f 152//79 153//79 154//79
f 154//80 153//80 155//80
f 154//80 155//80 156//80
f 156//81 155//81 157//81
f 156//81 157//81 158//81
f 158//82 157//82 159//82
f 158//82 159//82 160//82
f 160//83 159//83 161//83
f 160//83 161//83 162//83
f 162//84 161//84 163//84
f 162//84 163//84 164//84
f 164//85 163//85 165//85
f 164//85 165//85 166//85
f 166//86 165//86 167//86
f 166//86 167//86 168//86
f 168//87 167//87 169//87
f 168//87 169//87 170//87
f 170//88 169//88 171//88
f 170//88 171//88 172//88
f 172//89 171//89 173//89
f 172//89 173//89 174//89
f 174//90 173//90 175//90
f 174//91 175//91 176//91
f 176//92 175//92 177//92
f 176//92 177//92 178//92
f 178//93 177//93 179//93
f 178//93 179//93 180//93
f 180//94 179//94 181//94
f 180//94 181//94 182//94
f 182//95 181//95 183//95
f 182//95 183//95 184//95
f 184//96 183//96 185//96
f 184//96 185//96 186//96
f 186//97 185//97 83//97
f 186//97 83//97 84//97
f 81//98 86//98 82//98
f 82//98 86//98 85//98
f 187//44 188//44 189//44
f 189//44 188//44 190//44
f 191//71 187//71 192//71
f 192//71 187//71 189//71
f 188//98 191//98 190//98
f 190//98 191//98 192//98
f 193//98 194//98 195//98
f 195//98 194//98 196//98
f 197//99 198//99 199//99
f 199//99 198//99 200//99
f 200//100 198//100 201//100
f 200//100 201//100 202//100
f 202//101 201//101 203//101
f 202//101 203//101 204//101
f 204//102 203//102 205//102
f 204//102 205//102 206//102
f 206//103 205//103 207//103
f 206//103 207//103 208//103
f 208//104 207//104 209//104
f 208//104 209//104 210//104
f 210//105 209//105 211//105
f 210//105 211//105 212//105
f 212//106 211//106 213//106
f 212//106 213//106 214//106
f 214//107 213//107 215//107
f 214//107 215//107 216//107
f 216//108 215//108 217//108
f 216//108 217//108 218//108
f 218//109 217//109 219//109
f 218//109 219//109 220//109
f 220//110 219//110 221//110
f 220//110 221//110 222//110
f 222//111 221//111 223//111
f 222//111 223//111 224//111
f 224//112 223//112 225//112
f 224//112 225//112 226//112
f 226//113 225//113 227//113
f 226//113 227//113 228//113
f 228//114 227//114 229//114
f 228//114 229//114 230//114
f 230//115 229//115 231//115
f 230//115 231//115 232//115
f 232//116 231//116 233//116
f 232//116 233//116 234//116
f 234//117 233//117 235//117
f 234//117 235//117 236//117
f 236//118 235//118 237//118
f 236//118 237//118 238//118
f 238//119 237//119 239//119
f 238//119 239//119 240//119
f 240//120 239//120 241//120
f 240//120 241//120 242//120
f 242//121 241//121 243//121
f 242//121 243//121 244//121
f 244//122 243//122 245//122
f 244//122 245//122 246//122
f 246//123 245//123 247//123
f 246//123 247//123 248//123
f 248//124 247//124 249//124
f 248//124 249//124 250//124
f 250//125 249//125 251//125
f 250//125 251//125 252//125
f 252//126 251//126 253//126
f 252//126 253//126 254//126
f 254//127 253//127 255//127
f 254//127 255//127 256//127
f 256//128 255//128 257//128
f 256//128 257//128 258//128
f 258//129 257//129 259//129
f 258//129 259//129 260//129
f 260//130 259//130 261//130
f 260//130 261//130 262//130
f 262//131 261//131 263//131
f 262//131 263//131 264//131
f 264//132 263//132 265//132
f 264//132 265//132 266//132
f 266//133 265//133 267//133
f 266//133 267//133 268//133
f 268//134 267//134 269//134
f 268//134 269//134 270//134
f 270//135 269//135 271//135
f 270//135 271//135 272//135
f 272//136 271//136 273//136
f 272//136 273//136 274//136
f 274//137 273//137 275//137
f 274//137 275//137 276//137
f 276//138 275//138 193//138
f 276//138 193//138 195//138
f 277//139 197//139 278//139
f 278//139 197//139 199//139
f 194//140 277//140 196//140
f 196//140 277//140 278//140
f 279//141 280//141 281//141
f 281//141 280//141 282//141
f 283//142 279//142 284//142
f 284//142 279//142 281//142
f 280//139 283//139 282//139
f 282//139 283//139 284//139
f 285//143 286//143 287//143
f 287//143 286//143 288//143
f 288//144 286//144 289//144
f 288//144 289//144 290//144
f 290//145 289//145 291//145
f 290//145 291//145 292//145
f 292//146 291//146 293//146
f 292//146 293//146 294//146
f 294//147 293//147 295//147
f 294//147 295//147 296//147
f 296//148 295//148 297//148
f 296//148 297//148 298//148
f 298//149 297//149 299//149
f 298//149 299//149 300//149
f 300//150 299//150 301//150
f 300//150 301//150 302//150
f 302//151 301//151 303//151
f 302//151 303//151 304//151
f 304//152 303//152 305//152
f 304//152 305//152 306//152
f 306//153 305//153 307//153
f 306//153 307//153 308//153
f 308//154 307//154 309//154
f 308//154 309//154 310//154
f 310//155 309//155 311//155
f 310//155 311//155 312//155
f 312//156 311//156 313//156
f 312//156 313//156 314//156
f 314//157 313//157 315//157
f 314//157 315//157 316//157
f 316//158 315//158 317//158
f 316//158 317//158 318//158
f 318//159 317//159 319//159
f 318//159 319//159 320//159
f 320//160 319//160 321//160
f 320//160 321//160 322//160
f 322//161 321//161 323//161
f 322//161 323//161 324//161
f 324//162 323//162 325//162
f 324//162 325//162 326//162
f 326//163 325//163 327//163
f 326//163 327//163 328//163
f 328//164 327//164 329//164
f 328//164 329//164 330//164
f 330//165 329//165 331//165
f 330//165 331//165 332//165
f 332//166 331//166 333//166
f 332//166 333//166 334//166
f 334//167 333//167 335//167
f 334//167 335//167 336//167
f 336//168 335//168 337//168
f 336//168 337//168 338//168
f 338//169 337//169 339//169
f 338//169 339//169 340//169
f 340//170 339//170 341//170
f 340//170 341//170 342//170
f 342//171 341//171 343//171
f 342//171 343//171 344//171
f 344//172 343//172 345//172
f 344//172 345//172 346//172
f 346//173 345//173 347//173
f 346//173 347//173 348//173
f 348//174 347//174 349//174
f 348//174 349//174 350//174
f 350//175 349//175 351//175
f 350//175 351//175 352//175
f 352//176 351//176 353//176
f 352//176 353//176 354//176
f 354//177 353//177 355//177
f 354//177 355//177 356//177
f 356//178 355//178 357//178
f 356//178 357//178 358//178
f 358//179 357//179 359//179
f 358//179 359//179 360//179
f 360//180 359//180 361//180
f 360//180 361//180 362//180
f 362//181 361//181 363//181
f 362//181 363//181 364//181
f 364//182 363//182 365//182
f 364//182 365//182 366//182
f 367//44 285//44 368//44
f 368//44 285//44 287//44
f 369//183 367//183 370//183
f 370//183 367//183 368//183
f 365//142 369//142 366//142
f 366//142 369//142 370//142
f 371//44 372//44 373//44
f 373//44 372//44 374//44
f 375//184 376//184 377//184
f 377//184 376//184 378//184
f 378//185 376//185 379//185
f 378//185 379//185 380//185
f 380//186 379//186 381//186
f 380//186 381//186 382//186
f 382//187 381//187 383//187
f 382//187 383//187 384//187
f 384//188 383//188 385//188
f 384//188 385//188 386//188
f 386//189 385//189 387//189
f 386//189 387//189 388//189
f 388//190 387//190 389//190
f 388//190 389//190 390//190
f 390//191 389//191 391//191
f 390//191 391//191 392//191
f 392//192 391//192 393//192
f 392//192 393//192 394//192
f 394//193 393//193 395//193
f 394//193 395//193 396//193
f 396//194 395//194 397//194
f 396//194 397//194 398//194
f 398//195 397//195 399//195
f 398//195 399//195 400//195
f 400//196 399//196 401//196
f 400//196 401//196 402//196
f 402//197 401//197 403//197
f 402//197 403//197 404//197
f 404//198 403//198 405//198
f 404//198 405//198 406//198
f 406//199 405//199 407//199
f 406//199 407//199 408//199
f 408//200 407//200 409//200
f 408//200 409//200 410//200
f 410//201 409//201 411//201
f 410//201 411//201 412//201
f 412//202 411//202 413//202
f 412//202 413//202 414//202
f 414//203 413//203 415//203
f 414//203 415//203 416//203
f 416//204 415//204 417//204
f 416//204 417//204 418//204
f 418//205 417//205 419//205
f 418//205 419//205 420//205
f 420//206 419//206 421//206
f 420//206 421//206 422//206
f 422//207 421//207 423//207
f 422//207 423//207 424//207
f 424//208 423//208 425//208
f 424//208 425//208 426//208
f 426//209 425//209 427//209
f 426//209 427//209 428//209
f 428//210 427//210 429//210
f 428//210 429//210 430//210
f 430//211 429//211 431//211
f 430//211 431//211 432//211
f 432//212 431//212 433//212
f 432//212 433//212 434//212
f 434//213 433//213 435//213
f 434//213 435//213 436//213
f 436//214 435//214 437//214
f 436//214 437//214 438//214
f 438//215 437//215 439//215
f 438//215 439//215 440//215
f 440//216 439//216 441//216
f 440//216 441//216 442//216
f 442//217 441//217 443//217
f 442//217 443//217 444//217
f 444//218 443//218 445//218
f 444//218 445//218 446//218
f 446//219 445//219 447//219
f 446//219 447//219 448//219
f 448//220 447//220 449//220
f 448//220 449//220 450//220
f 450//221 449//221 451//221
f 450//221 451//221 452//221
f 452//222 451//222 453//222
f 452//222 453//222 454//222
f 454//223 453//223 371//223
f 454//223 371//223 373//223
f 455//142 375//142 456//142
f 456//142 375//142 377//142
f 374//224 372//224 457//224
f 457//225 372//225 458//225
f 457//226 458//226 459//226
f 459//226 458//226 460//226
f 459//227 460//227 461//227
f 461//227 460//227 462//227
f 461//228 462//228 463//228
f 461//228 463//228 464//228
f 464//229 463//229 465//229
f 464//229 465//229 466//229
f 466//230 465//230 467//230
f 466//230 467//230 468//230
f 468//231 467//231 469//231
f 468//231 469//231 470//231
f 470//232 469//232 471//232
f 470//232 471//232 472//232
f 472//233 471//233 473//233
f 472//233 473//233 474//233
f 474//234 473//234 475//234
f 474//234 475//234 476//234
f 476//235 475//235 477//235
f 476//235 477//235 478//235
f 478//236 477//236 479//236
f 478//236 479//236 480//236
f 480//237 479//237 481//237
f 480//237 481//237 482//237
f 482//238 481//238 483//238
f 482//238 483//238 484//238
f 484//239 483//239 485//239
f 484//239 485//239 486//239
f 486//240 485//240 487//240
f 486//240 487//240 488//240
f 488//241 487//241 489//241
f 488//241 489//241 490//241
f 490//242 489//242 491//242
f 490//242 491//242 492//242
f 492//243 491//243 493//243
f 492//243 493//243 494//243
f 494//244 493//244 495//244
f 494//244 495//244 496//244
f 496//245 495//245 497//245
f 496//245 497//245 498//245
f 498//246 497//246 499//246
f 498//246 499//246 500//246
f 500//247 499//247 501//247
f 500//247 501//247 502//247
f 502//248 501//248 503//248
f 502//248 503//248 504//248
f 504//249 503//249 505//249
f 504//249 505//249 506//249
f 506//250 505//250 507//250
f 506//250 507//250 508//250
f 508//251 507//251 509//251
f 508//251 509//251 510//251
f 510//252 509//252 511//252
f 510//252 511//252 512//252
f 512//253 511//253 513//253
f 512//253 513//253 514//253
f 514//254 513//254 515//254
f 514//254 515//254 516//254
f 516//255 515//255 517//255
f 516//255 517//255 518//255
f 518//256 517//256 519//256
f 518//256 519//256 520//256
f 520//257 519//257 521//257
f 520//257 521//257 522//257
f 522//258 521//258 523//258
f 522//258 523//258 524//258
f 524//259 523//259 525//259
f 524//259 525//259 526//259
f 526//260 525//260 527//260
f 526//260 527//260 528//260
f 528//261 527//261 529//261
f 528//261 529//261 530//261
f 530//262 529//262 531//262
f 530//262 531//262 532//262
f 532//263 531//263 533//263
f 532//263 533//263 534//263
f 534//264 533//264 535//264
f 534//264 535//264 536//264
f 536//265 535//265 537//265
f 536//265 537//265 538//265
f 538//266 537//266 539//266
f 538//266 539//266 540//266
f 540//267 539//267 541//267
f 540//267 541//267 542//267
f 542//268 541//268 543//268
f 542//268 543//268 544//268
f 544//269 543//269 545//269
f 544//269 545//269 546//269
f 546//270 545//270 547//270
f 546//270 547//270 548//270
f 548//271 547//271 549//271
f 548//271 549//271 550//271
f 550//272 549//272 551//272
f 550//272 551//272 552//272
f 552//273 551//273 553//273
f 552//273 553//273 554//273
f 554//274 553//274 555//274
f 554//274 555//274 556//274
f 556//275 555//275 455//275
f 556//275 455//275 456//275
f 557//276 558//276 559//276
f 559//276 558//276 560//276
f 559//277 560//277 561//277
f 559//278 561//278 562//278
f 562//279 561//279 563//279
f 562//279 563//279 564//279
f 564//280 563//280 565//280
f 564//280 565//280 566//280
f 566//281 565//281 567//281
f 566//282 567//282 568//282
f 568//283 567//283 569//283
f 568//283 569//283 570//283
f 570//284 569//284 571//284
f 570//284 571//284 572//284
f 572//285 571//285 573//285
f 572//285 573//285 574//285
f 574//286 573//286 575//286
f 574//286 575//286 576//286
f 576//287 575//287 577//287
f 576//287 577//287 578//287
f 578//288 577//288 579//288
f 578//288 579//288 580//288
f 580//289 579//289 581//289
f 580//289 581//289 582//289
f 582//290 581//290 583//290
f 582//290 583//290 584//290
f 584//291 583//291 585//291
f 584//291 585//291 586//291
f 586//292 585//292 587//292
f 586//292 587//292 588//292
f 588//293 587//293 589//293
f 588//293 589//293 590//293
f 590//294 589//294 591//294
f 590//294 591//294 592//294
f 592//295 591//295 593//295
f 592//295 593//295 594//295
f 594//296 593//296 595//296
f 594//296 595//296 596//296
f 596//297 595//297 597//297
f 596//297 597//297 598//297
f 598//298 597//298 599//298
f 598//298 599//298 600//298
f 600//299 599//299 601//299
f 600//299 601//299 602//299
f 602//300 601//300 603//300
f 602//300 603//300 604//300
f 604//301 603//301 605//301
f 604//301 605//301 606//301
f 606//302 605//302 607//302
f 606//302 607//302 608//302
f 608//303 607//303 609//303
f 608//303 609//303 610//303
f 610//304 609//304 611//304
f 610//304 611//304 612//304
f 612//305 611//305 613//305
f 612//305 613//305 614//305
f 614//306 613//306 615//306
f 614//306 615//306 616//306
f 616//307 615//307 617//307
f 616//307 617//307 618//307
f 618//308 617//308 619//308
f 618//308 619//308 620//308
f 620//309 619//309 621//309
f 620//309 621//309 622//309
f 623//142 558//142 624//142
f 624//142 558//142 557//142
f 625//310 626//310 627//310
f 627//310 626//310 628//310
f 628//311 626//311 629//311
f 628//311 629//311 630//311
f 630//312 629//312 631//312
f 630//312 631//312 632//312
f 632//313 631//313 633//313
f 632//313 633//313 634//313
f 634//314 633//314 635//314
f 634//314 635//314 636//314
f 636//315 635//315 637//315
f 636//315 637//315 638//315
f 638//316 637//316 639//316
f 638//316 639//316 640//316
f 640//317 639//317 641//317
f 640//317 641//317 642//317
f 642//318 641//318 643//318
f 642//318 643//318 644//318
f 644//319 643//319 645//319
f 645//319 643//319 646//319
f 645//320 646//320 647//320
f 645//320 647//320 648//320
f 648//321 647//321 623//321
f 648//321 623//321 624//321
f 621//139 625//139 622//139
f 622//139 625//139 627//139
f 649//322 650//322 651//322
f 651//322 650//322 652//322
f 652//323 650//323 653//323
f 652//323 653//323 654//323
f 654//324 653//324 655//324
f 654//324 655//324 656//324
f 656//325 655//325 657//325
f 656//325 657//325 658//325
f 658//326 657//326 659//326
f 658//326 659//326 660//326
f 660//327 659//327 661//327
f 660//327 661//327 662//327
f 662//328 661//328 663//328
f 662//328 663//328 664//328
f 664//329 663//329 665//329
f 665//329 663//329 666//329
f 665//330 666//330 667//330
f 667//330 666//330 668//330
f 667//331 668//331 669//331
f 667//331 669//331 670//331
f 670//332 669//332 671//332
f 670//332 671//332 672//332
f 672//333 671//333 673//333
f 672//333 673//333 674//333
f 675//334 649//334 676//334
f 676//334 649//334 651//334
f 677//71 675//71 678//71
f 678//71 675//71 676//71
f 673//335 677//335 674//335
f 674//335 677//335 678//335
f 679//44 680//44 681//44
f 681//44 680//44 682//44
f 683//98 679//98 684//98
f 684//98 679//98 681//98
f 685//183 683//183 686//183
f 686//183 683//183 684//183
f 687//139 685//139 688//139
f 688//139 685//139 686//139
f 689//142 687//142 690//142
f 690//142 687//142 688//142
f 680//140 689//140 682//140
f 682//140 689//140 690//140
f 691//98 692//98 693//98
f 693//98 692//98 694//98
f 695//336 696//336 697//336
f 697//336 696//336 698//336
f 697//337 698//337 699//337
f 699//337 698//337 700//337
f 699//338 700//338 701//338
f 701//338 700//338 702//338
f 701//339 702//339 703//339
f 701//339 703//339 704//339
f 704//340 703//340 705//340
f 704//340 705//340 706//340
f 706//341 705//341 707//341
f 706//341 707//341 708//341
f 708//342 707//342 709//342
f 708//342 709//342 710//342
f 710//343 709//343 711//343
f 710//343 711//343 712//343
f 712//344 711//344 713//344
f 712//344 713//344 714//344
f 714//345 713//345 715//345
f 714//345 715//345 716//345
f 716//346 715//346 717//346
f 716//346 717//346 718//346
f 718//347 717//347 719//347
f 718//347 719//347 720//347
f 720//348 719//348 721//348
f 720//348 721//348 722//348
f 722//349 721//349 723//349
f 722//349 723//349 724//349
f 724//350 723//350 725//350
f 724//350 725//350 726//350
f 726//351 725//351 727//351
f 726//351 727//351 728//351
f 728//352 727//352 729//352
f 728//352 729//352 730//352
f 730//353 729//353 731//353
f 730//353 731//353 732//353
f 732//354 731//354 733//354
f 732//354 733//354 734//354
f 734//355 733//355 735//355
f 734//355 735//355 736//355
f 736//356 735//356 737//356
f 736//356 737//356 738//356
f 738//357 737//357 739//357
f 738//357 739//357 740//357
f 740//358 739//358 741//358
f 740//358 741//358 742//358
f 742//359 741//359 743//359
f 742//359 743//359 744//359
f 744//360 743//360 745//360
f 744//360 745//360 746//360
f 746//361 745//361 747//361
f 746//361 747//361 748//361
f 748//362 747//362 749//362
f 748//362 749//362 750//362
f 750//363 749//363 751//363
f 750//363 751//363 752//363
f 752//364 751//364 753//364
f 752//364 753//364 754//364
f 754//365 753//365 755//365
f 754//365 755//365 756//365
f 756//366 755//366 757//366
f 756//366 757//366 758//366
f 758//367 757//367 759//367
f 758//367 759//367 760//367
f 760//368 759//368 761//368
f 760//368 761//368 762//368
f 762//369 761//369 763//369
f 762//369 763//369 764//369
f 764//370 763//370 765//370
f 764//370 765//370 766//370
f 766//371 765//371 767//371
f 766//371 767//371 768//371
f 768//372 767//372 769//372
f 768//372 769//372 770//372
f 770//373 769//373 771//373
f 770//373 771//373 772//373
f 772//374 771//374 773//374
f 772//374 773//374 774//374
f 774//375 773//375 775//375
f 774//375 775//375 776//375
f 776//376 775//376 777//376
f 776//376 777//376 778//376
f 778//377 777//377 779//377
f 778//377 779//377 780//377
f 780//378 779//378 781//378
f 780//378 781//378 782//378
f 782//379 781//379 783//379
f 782//379 783//379 784//379
f 784//380 783//380 785//380
f 784//380 785//380 786//380
f 786//381 785//381 787//381
f 786//381 787//381 788//381
f 788//382 787//382 789//382
f 788//382 789//382 790//382
f 790//383 789//383 791//383
f 790//383 791//383 792//383
f 792//384 791//384 793//384
f 792//384 793//384 794//384
f 794//385 793//385 795//385
f 794//385 795//385 796//385
f 796//386 795//386 691//386
f 796//387 691//387 693//387
f 797//139 696//139 798//139
f 798//139 696//139 695//139
f 692//388 799//388 694//388
f 694//388 799//388 800//388
f 800//389 799//389 801//389
f 800//389 801//389 802//389
f 802//390 801//390 803//390
f 802//390 803//390 804//390
f 804//391 803//391 805//391
f 804//391 805//391 806//391
f 806//392 805//392 807//392
f 806//392 807//392 808//392
f 808//393 807//393 809//393
f 808//393 809//393 810//393
f 810//394 809//394 811//394
f 810//394 811//394 812//394
f 812//395 811//395 813//395
f 812//395 813//395 814//395
f 814//396 813//396 815//396
f 814//396 815//396 816//396
f 816//397 815//397 817//397
f 816//397 817//397 818//397
f 818//398 817//398 819//398
f 818//398 819//398 820//398
f 820//399 819//399 821//399
f 820//399 821//399 822//399
f 822//400 821//400 823//400
f 822//400 823//400 824//400
f 824//401 823//401 825//401
f 824//401 825//401 826//401
f 826//402 825//402 827//402
f 826//402 827//402 828//402
f 828//403 827//403 829//403
f 828//403 829//403 830//403
f 830//404 829//404 831//404
f 830//404 831//404 832//404
f 832//405 831//405 833//405
f 832//405 833//405 834//405
f 834//406 833//406 835//406
f 834//406 835//406 836//406
f 836//407 835//407 837//407
f 836//407 837//407 838//407
f 838//408 837//408 839//408
f 838//408 839//408 840//408
f 840//409 839//409 841//409
f 840//409 841//409 842//409
f 842//410 841//410 843//410
f 842//410 843//410 844//410
f 844//411 843//411 845//411
f 844//411 845//411 846//411
f 846//412 845//412 847//412
f 846//412 847//412 848//412
f 848//413 847//413 849//413
f 848//413 849//413 850//413
f 850//414 849//414 851//414
f 850//414 851//414 852//414
f 852//415 851//415 853//415
f 852//415 853//415 854//415
f 854//416 853//416 855//416
f 854//416 855//416 856//416
f 856//417 855//417 857//417
f 856//417 857//417 858//417
f 858//418 857//418 859//418
f 858//418 859//418 860//418
f 860//419 859//419 861//419
f 860//419 861//419 862//419
f 862//420 861//420 863//420
f 862//420 863//420 864//420
f 864//421 863//421 865//421
f 864//421 865//421 866//421
f 866//422 865//422 867//422
f 866//422 867//422 868//422
f 868//423 867//423 869//423
f 868//423 869//423 870//423
f 870//424 869//424 871//424
f 870//424 871//424 872//424
f 872//425 871//425 873//425
f 872//425 873//425 874//425
f 874//426 873//426 875//426
f 874//426 875//426 876//426
f 876//427 875//427 797//427
f 876//427 797//427 798//427
f 877//141 878//141 879//141
f 879//141 878//141 880//141
f 881//44 877//44 882//44
f 882//44 877//44 879//44
f 883//428 884//428 885//428
f 885//428 884//428 886//428
f 886//429 884//429 887//429
f 886//429 887//429 888//429
f 888//430 887//430 889//430
f 888//430 889//430 890//430
f 890//431 889//431 891//431
f 890//431 891//431 892//431
f 892//432 891//432 893//432
f 892//432 893//432 894//432
f 894//433 893//433 895//433
f 894//433 895//433 896//433
f 896//434 895//434 897//434
f 896//434 897//434 898//434
f 898//435 897//435 899//435
f 898//435 899//435 900//435
f 900//436 899//436 901//436
f 900//436 901//436 902//436
f 902//437 901//437 903//437
f 902//437 903//437 904//437
f 904//438 903//438 905//438
f 904//438 905//438 906//438
f 906//439 905//439 907//439
f 906//439 907//439 908//439
f 908//440 907//440 909//440
f 908//440 909//440 910//440
f 910//441 909//441 911//441
f 910//441 911//441 912//441
f 912//442 911//442 913//442
f 912//442 913//442 914//442
f 914//443 913//443 915//443
f 914//443 915//443 916//443
f 916//444 915//444 917//444
f 916//444 917//444 918//444
f 918//445 917//445 919//445
f 918//445 919//445 920//445
f 920//446 919//446 921//446
f 920//446 921//446 922//446
f 922//447 921//447 923//447
f 922//447 923//447 924//447
f 924//448 923//448 925//448
f 924//448 925//448 926//448
f 926//449 925//449 927//449
f 926//449 927//449 928//449
f 928//450 927//450 929//450
f 928//450 929//450 930//450
f 930//451 929//451 931//451
f 930//451 931//451 932//451
f 932//452 931//452 933//452
f 932//452 933//452 934//452
f 934//453 933//453 935//453
f 934//453 935//453 936//453
f 936//454 935//454 937//454
f 936//454 937//454 938//454
f 938//455 937//455 939//455
f 938//455 939//455 940//455
f 940//456 939//456 941//456
f 940//456 941//456 942//456
f 942//457 941//457 943//457
f 942//457 943//457 944//457
f 944//458 943//458 945//458
f 944//458 945//458 946//458
f 946//459 945//459 947//459
f 946//460 947//460 948//460
f 948//461 947//461 949//461
f 948//461 949//461 950//461
f 950//462 949//462 951//462
f 950//462 951//462 952//462
f 952//463 951//463 953//463
f 952//463 953//463 954//463
f 954//464 953//464 955//464
f 954//464 955//464 956//464
f 956//465 955//465 957//465
f 957//465 955//465 958//465
f 957//466 958//466 959//466
f 959//466 958//466 960//466
f 959//467 960//467 961//467
f 959//467 961//467 962//467
f 962//468 961//468 881//468
f 962//468 881//468 882//468
f 878//98 883//98 880//98
f 880//98 883//98 885//98
f 963//139 964//139 965//139
f 965//139 964//139 966//139
f 967//469 963//469 968//469
f 968//470 963//470 965//470
f 969//44 967//44 970//44
f 970//44 967//44 968//44
f 971//471 972//471 973//471
f 973//471 972//471 974//471
f 974//472 972//472 975//472
f 974//472 975//472 976//472
f 976//473 975//473 977//473
f 976//473 977//473 978//473
f 978//474 977//474 979//474
f 978//474 979//474 980//474
f 980//475 979//475 981//475
f 980//475 981//475 982//475
f 982//476 981//476 983//476
f 982//476 983//476 984//476
f 984//477 983//477 985//477
f 984//477 985//477 986//477
f 986//478 985//478 987//478
f 986//478 987//478 988//478
f 988//479 987//479 989//479
f 988//479 989//479 990//479
f 990//480 989//480 991//480
f 990//480 991//480 992//480
f 992//481 991//481 993//481
f 992//481 993//481 994//481
f 994//482 993//482 995//482
f 994//482 995//482 996//482
f 996//483 995//483 997//483
f 996//483 997//483 998//483
f 998//484 997//484 999//484
f 998//484 999//484 1000//484
f 1000//485 999//485 1001//485
f 1000//485 1001//485 1002//485
f 1002//486 1001//486 1003//486
f 1002//486 1003//486 1004//486
f 1004//487 1003//487 1005//487
f 1004//487 1005//487 1006//487
f 1006//488 1005//488 1007//488
f 1006//488 1007//488 1008//488
f 1008//489 1007//489 1009//489
f 1008//489 1009//489 1010//489
f 1010//490 1009//490 1011//490
f 1010//490 1011//490 1012//490
f 1012//491 1011//491 1013//491
f 1012//491 1013//491 1014//491
f 1014//492 1013//492 1015//492
f 1014//492 1015//492 1016//492
f 1016//493 1015//493 1017//493
f 1016//493 1017//493 1018//493
f 1018//494 1017//494 1019//494
f 1018//494 1019//494 1020//494
f 1020//495 1019//495 1021//495
f 1020//495 1021//495 1022//495
f 1022//496 1021//496 1023//496
f 1022//496 1023//496 1024//496
f 1024//497 1023//497 1025//497
f 1024//497 1025//497 1026//497
f 1026//498 1025//498 1027//498
f 1026//498 1027//498 1028//498
f 1028//499 1027//499 1029//499
f 1028//499 1029//499 1030//499
f 1030//500 1029//500 1031//500
f 1030//500 1031//500 1032//500
f 1032//501 1031//501 1033//501
f 1032//501 1033//501 1034//501
f 1034//502 1033//502 1035//502
f 1034//502 1035//502 1036//502
f 1036//503 1035//503 1037//503
f 1036//503 1037//503 1038//503
f 1038//504 1037//504 1039//504
f 1038//504 1039//504 1040//504
f 1040//505 1039//505 1041//505
f 1040//505 1041//505 1042//505
f 1042//506 1041//506 1043//506
f 1042//506 1043//506 1044//506
f 1044//507 1043//507 1045//507
f 1044//507 1045//507 1046//507
f 1046//508 1045//508 1047//508
f 1046//508 1047//508 1048//508
f 1048//509 1047//509 1049//509
f 1048//509 1049//509 1050//509
f 1050//510 1049//510 1051//510
f 1050//510 1051//510 1052//510
f 1052//511 1051//511 1053//511
f 1052//511 1053//511 1054//511
f 1054//512 1053//512 1055//512
f 1054//512 1055//512 1056//512
f 1056//513 1055//513 1057//513
f 1056//513 1057//513 1058//513
f 1058//514 1057//514 1059//514
f 1058//514 1059//514 1060//514
f 1060//515 1059//515 1061//515
f 1060//515 1061//515 1062//515
f 1062//516 1061//516 1063//516
f 1062//516 1063//516 1064//516
f 1064//517 1063//517 1065//517
f 1064//517 1065//517 1066//517
f 1066//518 1065//518 1067//518
f 1066//518 1067//518 1068//518
f 1068//519 1067//519 1069//519
f 1068//519 1069//519 1070//519
f 1070//520 1069//520 1071//520
f 1070//520 1071//520 1072//520
f 1072//521 1071//521 1073//521
f 1072//521 1073//521 1074//521
f 1074//522 1073//522 1075//522
f 1074//522 1075//522 1076//522
f 1076//523 1075//523 1077//523
f 1076//523 1077//523 1078//523
f 1078//524 1077//524 1079//524
f 1078//524 1079//524 1080//524
f 1080//525 1079//525 1081//525
f 1080//525 1081//525 1082//525
f 1082//526 1081//526 1083//526
f 1082//526 1083//526 1084//526
f 1084//527 1083//527 1085//527
f 1084//527 1085//527 1086//527
f 1086//528 1085//528 1087//528
f 1086//528 1087//528 1088//528
f 1088//529 1087//529 1089//529
f 1088//529 1089//529 1090//529
f 1090//530 1089//530 1091//530
f 1090//530 1091//530 1092//530
f 1092//531 1091//531 1093//531
f 1092//532 1093//532 1094//532
f 1094//533 1093//533 1095//533
f 1094//533 1095//533 1096//533
f 1096//534 1095//534 1097//534
f 1096//534 1097//534 1098//534
f 1098//535 1097//535 1099//535
f 1098//535 1099//535 1100//535
f 1100//536 1099//536 1101//536
f 1100//536 1101//536 1102//536
f 1102//537 1101//537 1103//537
f 1102//537 1103//537 1104//537
f 1104//538 1103//538 1105//538
f 1104//538 1105//538 1106//538
f 1106//539 1105//539 1107//539
f 1106//539 1107//539 1108//539
f 1108//540 1107//540 1109//540
f 1108//540 1109//540 1110//540
f 1110//541 1109//541 1111//541
f 1110//541 1111//541 1112//541
f 1112//542 1111//542 1113//542
f 1112//542 1113//542 1114//542
f 1114//543 1113//543 1115//543
f 1114//543 1115//543 1116//543
f 1116//544 1115//544 1117//544
f 1116//544 1117//544 1118//544
f 1118//545 1117//545 1119//545
f 1118//545 1119//545 1120//545
f 1120//546 1119//546 1121//546
f 1120//546 1121//546 1122//546
f 1122//547 1121//547 1123//547
f 1122//547 1123//547 1124//547
f 1124//141 1123//141 1125//141
f 1124//141 1125//141 1126//141
f 1126//548 1125//548 1127//548
f 1126//548 1127//548 1128//548
f 1128//549 1127//549 1129//549
f 1128//549 1129//549 1130//549
f 1130//550 1129//550 1131//550
f 1130//550 1131//550 1132//550
f 1132//551 1131//551 1133//551
f 1132//551 1133//551 1134//551
f 1134//552 1133//552 1135//552
f 1134//552 1135//552 1136//552
f 1136//553 1135//553 1137//553
f 1136//553 1137//553 1138//553
f 1138//554 1137//554 1139//554
f 1138//554 1139//554 1140//554
f 1140//555 1139//555 1141//555
f 1140//555 1141//555 1142//555
f 1142//556 1141//556 1143//556
f 1142//556 1143//556 1144//556
f 1144//557 1143//557 1145//557
f 1144//557 1145//557 1146//557
f 1146//558 1145//558 1147//558
f 1146//558 1147//558 1148//558
f 1148//559 1147//559 1149//559
f 1148//559 1149//559 1150//559
f 1150//560 1149//560 1151//560
f 1150//561 1151//561 1152//561
f 1152//562 1151//562 1153//562
f 1152//562 1153//562 1154//562
f 1154//563 1153//563 1155//563
f 1154//563 1155//563 1156//563
f 1156//564 1155//564 1157//564
f 1156//564 1157//564 1158//564
f 1158//565 1157//565 1159//565
f 1158//565 1159//565 1160//565
f 1160//566 1159//566 1161//566
f 1160//566 1161//566 1162//566
f 1162//567 1161//567 1163//567
f 1162//567 1163//567 1164//567
f 1164//568 1163//568 1165//568
f 1164//568 1165//568 1166//568
f 1166//569 1165//569 1167//569
f 1166//569 1167//569 1168//569
f 1168//570 1167//570 1169//570
f 1168//570 1169//570 1170//570
f 1170//571 1169//571 1171//571
f 1170//571 1171//571 1172//571
f 1172//572 1171//572 1173//572
f 1172//572 1173//572 1174//572
f 1174//573 1173//573 1175//573
f 1174//573 1175//573 1176//573
f 1176//574 1175//574 1177//574
f 1176//574 1177//574 1178//574
f 1178//575 1177//575 1179//575
f 1178//575 1179//575 1180//575
f 1180//576 1179//576 1181//576
f 1180//576 1181//576 1182//576
f 1182//577 1181//577 1183//577
f 1182//577 1183//577 1184//577
f 1184//578 1183//578 1185//578
f 1184//578 1185//578 1186//578
f 1186//579 1185//579 1187//579
f 1186//579 1187//579 1188//579
f 1188//580 1187//580 1189//580
f 1188//580 1189//580 1190//580
f 1190//581 1189//581 1191//581
f 1190//581 1191//581 1192//581
f 1192//582 1191//582 1193//582
f 1192//582 1193//582 1194//582
f 1194//583 1193//583 1195//583
f 1194//583 1195//583 1196//583
f 1196//584 1195//584 1197//584
f 1196//584 1197//584 1198//584
f 1198//585 1197//585 1199//585
f 1198//585 1199//585 1200//585
f 1200//586 1199//586 1201//586
f 1200//586 1201//586 1202//586
f 1202//587 1201//587 1203//587
f 1202//587 1203//587 1204//587
f 1204//588 1203//588 1205//588
f 1204//588 1205//588 1206//588
f 1206//589 1205//589 1207//589
f 1206//589 1207//589 1208//589
f 1208//590 1207//590 1209//590
f 1208//590 1209//590 1210//590
f 1210//591 1209//591 1211//591
f 1210//591 1211//591 1212//591
f 1212//592 1211//592 1213//592
f 1212//592 1213//592 1214//592
f 1214//593 1213//593 1215//593
f 1214//593 1215//593 1216//593
f 1216//594 1215//594 1217//594
f 1216//594 1217//594 1218//594
f 1218//595 1217//595 1219//595
f 1218//595 1219//595 1220//595
f 1220//596 1219//596 1221//596
f 1220//596 1221//596 1222//596
f 1222//597 1221//597 1223//597
f 1222//597 1223//597 1224//597
f 1224//598 1223//598 1225//598
f 1224//598 1225//598 1226//598
f 1226//599 1225//599 1227//599
f 1226//599 1227//599 1228//599
f 1228//600 1227//600 1229//600
f 1228//600 1229//600 1230//600
f 1230//601 1229//601 1231//601
f 1230//601 1231//601 1232//601
f 1232//602 1231//602 1233//602
f 1232//602 1233//602 1234//602
f 1234//603 1233//603 1235//603
f 1234//603 1235//603 1236//603
f 1236//604 1235//604 1237//604
f 1236//604 1237//604 1238//604
f 1238//605 1237//605 1239//605
f 1238//605 1239//605 1240//605
f 1240//606 1239//606 1241//606
f 1240//606 1241//606 1242//606
f 1242//607 1241//607 1243//607
f 1242//607 1243//607 1244//607
f 1244//608 1243//608 1245//608
f 1244//608 1245//608 1246//608
f 1246//609 1245//609 1247//609
f 1246//609 1247//609 1248//609
f 1248//610 1247//610 1249//610
f 1248//610 1249//610 1250//610
f 1250//611 1249//611 1251//611
f 1250//611 1251//611 1252//611
f 1252//612 1251//612 1253//612
f 1252//612 1253//612 1254//612
f 1254//613 1253//613 1255//613
f 1254//613 1255//613 1256//613
f 1256//614 1255//614 1257//614
f 1256//614 1257//614 1258//614
f 1258//615 1257//615 1259//615
f 1258//615 1259//615 1260//615
f 1260//616 1259//616 1261//616
f 1260//616 1261//616 1262//616
f 1262//617 1261//617 1263//617
f 1262//617 1263//617 1264//617
f 1264//618 1263//618 1265//618
f 1264//618 1265//618 1266//618
f 1266//619 1265//619 1267//619
f 1266//619 1267//619 1268//619
f 1268//620 1267//620 1269//620
f 1268//620 1269//620 1270//620
f 1270//621 1269//621 1271//621
f 1270//621 1271//621 1272//621
f 1272//622 1271//622 1273//622
f 1272//622 1273//622 1274//622
f 1274//623 1273//623 1275//623
f 1274//623 1275//623 1276//623
f 1276//624 1275//624 969//624
f 1276//624 969//624 970//624
f 1277//98 971//98 1278//98
f 1278//98 971//98 973//98
f 1279//625 1277//625 1280//625
f 1280//625 1277//625 1278//625
f 1281//142 1279//142 1282//142
f 1282//142 1279//142 1280//142
f 964//626 1283//626 966//626
f 966//626 1283//626 1284//626
f 1284//627 1283//627 1285//627
f 1284//628 1285//628 1286//628
f 1286//629 1285//629 1287//629
f 1286//629 1287//629 1288//629
f 1288//630 1287//630 1289//630
f 1288//630 1289//630 1290//630
f 1290//631 1289//631 1291//631
f 1290//631 1291//631 1292//631
f 1292//632 1291//632 1293//632
f 1292//632 1293//632 1294//632
f 1294//633 1293//633 1295//633
f 1294//633 1295//633 1296//633
f 1296//634 1295//634 1297//634
f 1296//634 1297//634 1298//634
f 1298//635 1297//635 1299//635
f 1298//635 1299//635 1300//635
f 1300//636 1299//636 1301//636
f 1300//636 1301//636 1302//636
f 1302//637 1301//637 1303//637
f 1302//637 1303//637 1304//637
f 1304//638 1303//638 1305//638
f 1304//638 1305//638 1306//638
f 1306//639 1305//639 1307//639
f 1306//639 1307//639 1308//639
f 1308//640 1307//640 1309//640
f 1308//640 1309//640 1310//640
f 1310//641 1309//641 1311//641
f 1310//641 1311//641 1312//641
f 1312//642 1311//642 1313//642
f 1312//642 1313//642 1314//642
f 1314//643 1313//643 1315//643
f 1314//643 1315//643 1316//643
f 1316//644 1315//644 1317//644
f 1316//644 1317//644 1318//644
f 1318//645 1317//645 1319//645
f 1318//645 1319//645 1320//645
f 1320//646 1319//646 1321//646
f 1320//646 1321//646 1322//646
f 1322//647 1321//647 1323//647
f 1322//647 1323//647 1324//647
f 1324//648 1323//648 1325//648
f 1324//648 1325//648 1326//648
f 1326//649 1325//649 1327//649
f 1326//649 1327//649 1328//649
f 1328//650 1327//650 1329//650
f 1328//650 1329//650 1330//650
f 1330//651 1329//651 1331//651
f 1330//651 1331//651 1332//651
f 1332//652 1331//652 1333//652
f 1332//652 1333//652 1334//652
f 1334//653 1333//653 1335//653
f 1334//653 1335//653 1336//653
f 1336//654 1335//654 1337//654
f 1336//654 1337//654 1338//654
f 1338//655 1337//655 1339//655
f 1338//655 1339//655 1340//655
f 1340//656 1339//656 1341//656
f 1340//656 1341//656 1342//656
f 1342//657 1341//657 1343//657
f 1342//657 1343//657 1344//657
f 1344//658 1343//658 1281//658
f 1344//658 1281//658 1282//658
f 885//659 366//659 880//659
f 880//659 366//659 370//659
f 880//659 370//659 690//659
f 690//659 370//659 368//659
f 690//659 368//659 682//659
f 682//659 368//659 678//659
f 682//659 678//659 282//659
f 282//659 678//659 676//659
f 282//659 676//659 281//659
f 281//659 676//659 684//659
f 281//659 684//659 284//659
f 284//659 684//659 681//659
f 284//659 681//659 682//659
f 886//659 82//659 885//659
f 885//659 82//659 377//659
f 885//659 377//659 366//659
f 366//659 377//659 378//659
f 366//659 378//659 364//659
f 364//659 378//659 380//659
f 364//659 380//659 362//659
f 362//659 380//659 382//659
f 362//659 382//659 360//659
f 360//659 382//659 384//659
f 360//659 384//659 358//659
f 358//659 384//659 386//659
f 358//659 386//659 356//659
f 356//659 386//659 388//659
f 356//659 388//659 354//659
f 354//659 388//659 390//659
f 354//659 390//659 352//659
f 352//659 390//659 392//659
f 352//659 392//659 350//659
f 350//659 392//659 394//659
f 350//659 394//659 348//659
f 348//659 394//659 396//659
f 348//659 396//659 346//659
f 346//659 396//659 398//659
f 346//659 398//659 344//659
f 344//659 398//659 400//659
f 344//659 400//659 342//659
f 342//659 400//659 402//659
f 342//659 402//659 340//659
f 340//659 402//659 404//659
f 340//659 404//659 338//659
f 338//659 404//659 406//659
f 338//659 406//659 336//659
f 336//659 406//659 408//659
f 336//659 408//659 334//659
f 334//659 408//659 410//659
f 334//659 410//659 332//659
f 332//659 410//659 412//659
f 332//659 412//659 330//659
f 330//659 412//659 414//659
f 330//659 414//659 328//659
f 328//659 414//659 416//659
f 328//659 416//659 326//659
f 326//659 416//659 418//659
f 326//659 418//659 324//659
f 324//659 418//659 420//659
f 324//659 420//659 322//659
f 322//659 420//659 422//659
f 322//659 422//659 320//659
f 320//659 422//659 424//659
f 320//659 424//659 318//659
f 318//659 424//659 426//659
f 318//659 426//659 316//659
f 316//659 426//659 428//659
f 316//659 428//659 314//659
f 314//659 428//659 430//659
f 314//659 430//659 312//659
f 312//659 430//659 432//659
f 312//659 432//659 310//659
f 310//659 432//659 434//659
f 310//659 434//659 308//659
f 308//659 434//659 436//659
f 308//659 436//659 306//659
f 306//659 436//659 438//659
f 306//659 438//659 304//659
f 304//659 438//659 440//659
f 304//659 440//659 302//659
f 302//659 440//659 442//659
f 302//659 442//659 300//659
f 300//659 442//659 444//659
f 300//659 444//659 298//659
f 298//659 444//659 446//659
f 298//659 446//659 296//659
f 296//659 446//659 448//659
f 296//659 448//659 294//659
f 294//659 448//659 450//659
f 294//659 450//659 292//659
f 292//659 450//659 452//659
f 292//659 452//659 290//659
f 290//659 452//659 454//659
f 290//659 454//659 288//659
f 288//659 454//659 373//659
f 288//659 373//659 287//659
f 287//659 373//659 627//659
f 287//659 627//659 674//659
f 674//659 627//659 628//659
f 674//659 628//659 672//659
f 672//659 628//659 630//659
f 672//659 630//659 670//659
f 670//659 630//659 632//659
f 670//659 632//659 667//659
f 667//659 632//659 634//659
f 667//659 634//659 665//659
f 665//659 634//659 636//659
f 665//659 636//659 664//659
f 664//659 636//659 638//659
f 664//659 638//659 662//659
f 662//659 638//659 660//659
f 660//659 638//659 640//659
f 660//659 640//659 658//659
f 658//659 640//659 642//659
f 658//659 642//659 656//659
f 656//659 642//659 644//659
f 656//659 644//659 654//659
f 654//659 644//659 645//659
f 654//659 645//659 652//659
f 652//659 645//659 648//659
f 652//659 648//659 651//659
f 651//659 648//659 624//659
f 651//659 624//659 195//659
f 195//659 624//659 694//659
f 195//659 694//659 276//659
f 276//659 694//659 800//659
f 276//659 800//659 274//659
f 274//659 800//659 802//659
f 274//659 802//659 272//659
f 272//659 802//659 804//659
f 272//659 804//659 270//659
f 270//659 804//659 806//659
f 270//659 806//659 268//659
f 268//659 806//659 808//659
f 268//659 808//659 266//659
f 266//659 808//659 810//659
f 266//659 810//659 264//659
f 264//659 810//659 812//659
f 264//659 812//659 262//659
f 262//659 812//659 814//659
f 262//659 814//659 260//659
f 260//659 814//659 816//659
f 260//659 816//659 258//659
f 258//659 816//659 818//659
f 258//659 818//659 256//659
f 256//659 818//659 820//659
f 256//659 820//659 254//659
f 254//659 820//659 822//659
f 254//659 822//659 252//659
f 252//659 822//659 824//659
f 252//659 824//659 250//659
f 250//659 824//659 826//659
f 250//659 826//659 248//659
f 248//659 826//659 828//659
f 248//659 828//659 246//659
f 246//659 828//659 830//659
f 246//659 830//659 244//659
f 244//659 830//659 832//659
f 244//659 832//659 242//659
f 242//659 832//659 834//659
f 242//659 834//659 240//659
f 240//659 834//659 836//659
f 240//659 836//659 238//659
f 238//659 836//659 838//659
f 238//659 838//659 236//659
f 236//659 838//659 840//659
f 236//659 840//659 234//659
f 234//659 840//659 842//659
f 234//659 842//659 232//659
f 232//659 842//659 844//659
f 232//659 844//659 230//659
f 230//659 844//659 846//659
f 230//659 846//659 228//659
f 228//659 846//659 848//659
f 228//659 848//659 226//659
f 226//659 848//659 850//659
f 226//659 850//659 224//659
f 224//659 850//659 852//659
f 224//659 852//659 222//659
f 222//659 852//659 854//659
f 222//659 854//659 220//659
f 220//659 854//659 856//659
f 220//659 856//659 218//659
f 218//659 856//659 858//659
f 218//659 858//659 216//659
f 216//659 858//659 860//659
f 216//659 860//659 214//659
f 214//659 860//659 862//659
f 214//659 862//659 212//659
f 212//659 862//659 864//659
f 212//659 864//659 210//659
f 210//659 864//659 866//659
f 210//659 866//659 208//659
f 208//659 866//659 868//659
f 208//659 868//659 206//659
f 206//659 868//659 870//659
f 206//659 870//659 204//659
f 204//659 870//659 872//659
f 204//659 872//659 202//659
f 202//659 872//659 874//659
f 202//659 874//659 200//659
f 200//659 874//659 876//659
f 200//659 876//659 199//659
f 199//659 876//659 798//659
f 199//659 798//659 882//659
f 882//659 798//659 3//659
f 882//659 3//659 962//659
f 962//659 3//659 4//659
f 962//659 4//659 959//659
f 959//659 4//659 6//659
f 959//659 6//659 957//659
f 957//659 6//659 8//659
f 957//659 8//659 956//659
f 956//659 8//659 10//659
f 956//659 10//659 954//659
f 954//659 10//659 12//659
f 954//659 12//659 952//659
f 952//659 12//659 14//659
f 952//659 14//659 950//659
f 950//659 14//659 16//659
f 950//659 16//659 948//659
f 948//659 16//659 18//659
f 948//659 18//659 946//659
f 946//659 18//659 20//659
f 946//659 20//659 944//659
f 944//659 20//659 22//659
f 944//659 22//659 942//659
f 942//659 22//659 24//659
f 942//659 24//659 940//659
f 940//659 24//659 26//659
f 940//659 26//659 938//659
f 938//659 26//659 28//659
f 938//659 28//659 936//659
f 936//659 28//659 30//659
f 936//659 30//659 934//659
f 934//659 30//659 32//659
f 934//659 32//659 932//659
f 932//659 32//659 34//659
f 932//659 34//659 930//659
f 930//659 34//659 36//659
f 930//659 36//659 928//659
f 928//659 36//659 38//659
f 928//659 38//659 926//659
f 926//659 38//659 40//659
f 926//659 40//659 924//659
f 924//659 40//659 42//659
f 924//659 42//659 44//659
f 82//659 886//659 80//659
f 80//659 886//659 888//659
f 80//659 888//659 78//659
f 78//659 888//659 890//659
f 78//659 890//659 76//659
f 76//659 890//659 892//659
f 76//659 892//659 73//659
f 73//659 892//659 894//659
f 73//659 894//659 71//659
f 71//659 894//659 896//659
f 71//659 896//659 69//659
f 69//659 896//659 898//659
f 69//659 898//659 68//659
f 68//659 898//659 900//659
f 68//659 900//659 66//659
f 66//659 900//659 902//659
f 66//659 902//659 64//659
f 64//659 902//659 904//659
f 64//659 904//659 62//659
f 62//659 904//659 906//659
f 62//659 906//659 60//659
f 60//659 906//659 908//659
f 60//659 908//659 58//659
f 58//659 908//659 910//659
f 58//659 910//659 56//659
f 56//659 910//659 912//659
f 56//659 912//659 54//659
f 54//659 912//659 914//659
f 54//659 914//659 52//659
f 52//659 914//659 916//659
f 52//659 916//659 50//659
f 50//659 916//659 918//659
f 50//659 918//659 48//659
f 48//659 918//659 920//659
f 48//659 920//659 46//659
f 46//659 920//659 922//659
f 46//659 922//659 44//659
f 44//659 922//659 924//659
f 882//659 879//659 199//659
f 199//659 879//659 278//659
f 278//659 879//659 686//659
f 278//659 686//659 196//659
f 196//659 686//659 684//659
f 196//659 684//659 676//659
f 686//659 879//659 189//659
f 189//659 879//659 880//659
f 189//659 880//659 192//659
f 192//659 880//659 690//659
f 192//659 690//659 190//659
f 190//659 690//659 688//659
f 190//659 688//659 686//659
f 798//659 695//659 3//659
f 3//659 695//659 84//659
f 84//659 695//659 1074//659
f 84//659 1074//659 1076//659
f 1074//659 695//659 1072//659
f 1072//659 695//659 697//659
f 1072//659 697//659 1070//659
f 1070//659 697//659 699//659
f 1070//659 699//659 1068//659
f 1068//659 699//659 701//659
f 1068//659 701//659 1066//659
f 1066//659 701//659 704//659
f 1066//659 704//659 1064//659
f 1064//659 704//659 706//659
f 1064//659 706//659 1062//659
f 1062//659 706//659 708//659
f 1062//659 708//659 1060//659
f 1060//659 708//659 710//659
f 1060//659 710//659 1058//659
f 1058//659 710//659 712//659
f 1058//659 712//659 1056//659
f 1056//659 712//659 714//659
f 1056//659 714//659 1054//659
f 1054//659 714//659 716//659
f 1054//659 716//659 1052//659
f 1052//659 716//659 718//659
f 1052//659 718//659 1050//659
f 1050//659 718//659 720//659
f 1050//659 720//659 1048//659
f 1048//659 720//659 722//659
f 1048//659 722//659 1046//659
f 1046//659 722//659 724//659
f 1046//659 724//659 1044//659
f 1044//659 724//659 726//659
f 1044//659 726//659 1042//659
f 1042//659 726//659 728//659
f 1042//659 728//659 1040//659
f 1040//659 728//659 730//659
f 1040//659 730//659 1038//659
f 1038//659 730//659 732//659
f 1038//659 732//659 1036//659
f 1036//659 732//659 734//659
f 1036//659 734//659 1034//659
f 1034//659 734//659 736//659
f 1034//659 736//659 1032//659
f 1032//659 736//659 738//659
f 1032//659 738//659 1030//659
f 1030//659 738//659 740//659
f 1030//659 740//659 1028//659
f 1028//659 740//659 742//659
f 1028//659 742//659 1026//659
f 1026//659 742//659 744//659
f 1026//659 744//659 1024//659
f 1024//659 744//659 746//659
f 1024//659 746//659 1022//659
f 1022//659 746//659 748//659
f 1022//659 748//659 1020//659
f 1020//659 748//659 750//659
f 1020//659 750//659 1018//659
f 1018//659 750//659 752//659
f 1018//659 752//659 1016//659
f 1016//659 752//659 754//659
f 1016//659 754//659 1014//659
f 1014//659 754//659 756//659
f 1014//659 756//659 1012//659
f 1012//659 756//659 758//659
f 1012//659 758//659 1010//659
f 1010//659 758//659 760//659
f 1010//659 760//659 1008//659
f 1008//659 760//659 762//659
f 1008//659 762//659 1006//659
f 1006//659 762//659 764//659
f 1006//659 764//659 1004//659
f 1004//659 764//659 766//659
f 1004//659 766//659 1002//659
f 1002//659 766//659 768//659
f 1002//659 768//659 1000//659
f 1000//659 768//659 770//659
f 1000//659 770//659 998//659
f 998//659 770//659 772//659
f 998//659 772//659 996//659
f 996//659 772//659 774//659
f 996//659 774//659 994//659
f 994//659 774//659 776//659
f 994//659 776//659 992//659
f 992//659 776//659 778//659
f 992//659 778//659 990//659
f 990//659 778//659 780//659
f 990//659 780//659 988//659
f 988//659 780//659 782//659
f 988//659 782//659 986//659
f 986//659 782//659 784//659
f 986//659 784//659 984//659
f 984//659 784//659 786//659
f 984//659 786//659 982//659
f 982//659 786//659 788//659
f 982//659 788//659 980//659
f 980//659 788//659 790//659
f 980//659 790//659 978//659
f 978//659 790//659 792//659
f 978//659 792//659 976//659
f 976//659 792//659 794//659
f 976//659 794//659 974//659
f 974//659 794//659 796//659
f 974//659 796//659 973//659
f 973//659 796//659 693//659
f 973//659 693//659 1282//659
f 1282//659 693//659 557//659
f 1282//659 557//659 1344//659
f 1344//659 557//659 559//659
f 1344//659 559//659 1342//659
f 1342//659 559//659 562//659
f 1342//659 562//659 1340//659
f 1340//659 562//659 564//659
f 1340//659 564//659 1338//659
f 1338//659 564//659 566//659
f 1338//659 566//659 1336//659
f 1336//659 566//659 568//659
f 1336//659 568//659 1334//659
f 1334//659 568//659 570//659
f 1334//659 570//659 1332//659
f 1332//659 570//659 572//659
f 1332//659 572//659 1330//659
f 1330//659 572//659 574//659
f 1330//659 574//659 1328//659
f 1328//659 574//659 576//659
f 1328//659 576//659 1326//659
f 1326//659 576//659 578//659
f 1326//659 578//659 1324//659
f 1324//659 578//659 580//659
f 1324//659 580//659 1322//659
f 1322//659 580//659 582//659
f 1322//659 582//659 1320//659
f 1320//659 582//659 584//659
f 1320//659 584//659 1318//659
f 1318//659 584//659 586//659
f 1318//659 586//659 1316//659
f 1316//659 586//659 588//659
f 1316//659 588//659 1314//659
f 1314//659 588//659 590//659
f 1314//659 590//659 592//659
f 693//659 694//659 557//659
f 557//659 694//659 624//659
f 287//659 674//659 368//659
f 368//659 674//659 678//659
f 676//659 651//659 196//659
f 196//659 651//659 195//659
f 627//659 373//659 622//659
f 622//659 373//659 374//659
f 622//659 374//659 966//659
f 966//659 374//659 970//659
f 966//659 970//659 965//659
f 965//659 970//659 968//659
f 1314//659 592//659 1312//659
f 1312//659 592//659 594//659
f 1312//659 594//659 1310//659
f 1310//659 594//659 596//659
f 1310//659 596//659 1308//659
f 1308//659 596//659 598//659
f 1308//659 598//659 1306//659
f 1306//659 598//659 600//659
f 1306//659 600//659 1304//659
f 1304//659 600//659 602//659
f 1304//659 602//659 1302//659
f 1302//659 602//659 604//659
f 1302//659 604//659 1300//659
f 1300//659 604//659 606//659
f 1300//659 606//659 1298//659
f 1298//659 606//659 608//659
f 1298//659 608//659 1296//659
f 1296//659 608//659 610//659
f 1296//659 610//659 1294//659
f 1294//659 610//659 612//659
f 1294//659 612//659 1292//659
f 1292//659 612//659 614//659
f 1292//659 614//659 1290//659
f 1290//659 614//659 616//659
f 1290//659 616//659 1288//659
f 1288//659 616//659 618//659
f 1288//659 618//659 1286//659
f 1286//659 618//659 620//659
f 1286//659 620//659 1284//659
f 1284//659 620//659 622//659
f 1284//659 622//659 966//659
f 374//659 457//659 970//659
f 970//659 457//659 1276//659
f 1276//659 457//659 459//659
f 1276//659 459//659 1274//659
f 1274//659 459//659 461//659
f 1274//659 461//659 1272//659
f 1272//659 461//659 464//659
f 1272//659 464//659 1270//659
f 1270//659 464//659 466//659
f 1270//659 466//659 1268//659
f 1268//659 466//659 468//659
f 1268//659 468//659 1266//659
f 1266//659 468//659 470//659
f 1266//659 470//659 1264//659
f 1264//659 470//659 472//659
f 1264//659 472//659 1262//659
f 1262//659 472//659 474//659
f 1262//659 474//659 1260//659
f 1260//659 474//659 476//659
f 1260//659 476//659 1258//659
f 1258//659 476//659 478//659
f 1258//659 478//659 1256//659
f 1256//659 478//659 480//659
f 1256//659 480//659 1254//659
f 1254//659 480//659 482//659
f 1254//659 482//659 1252//659
f 1252//659 482//659 484//659
f 1252//659 484//659 1250//659
f 1250//659 484//659 486//659
f 1250//659 486//659 1248//659
f 1248//659 486//659 488//659
f 1248//659 488//659 1246//659
f 1246//659 488//659 490//659
f 1246//659 490//659 1244//659
f 1244//659 490//659 492//659
f 1244//659 492//659 1242//659
f 1242//659 492//659 494//659
f 1242//659 494//659 1240//659
f 1240//659 494//659 496//659
f 1240//659 496//659 1238//659
f 1238//659 496//659 498//659
f 1238//659 498//659 1236//659
f 1236//659 498//659 500//659
f 1236//659 500//659 1234//659
f 1234//659 500//659 502//659
f 1234//659 502//659 1232//659
f 1232//659 502//659 504//659
f 1232//659 504//659 1230//659
f 1230//659 504//659 506//659
f 1230//659 506//659 1228//659
f 1228//659 506//659 508//659
f 1228//659 508//659 1226//659
f 1226//659 508//659 510//659
f 1226//659 510//659 1224//659
f 1224//659 510//659 512//659
f 1224//659 512//659 1222//659
f 1222//659 512//659 514//659
f 1222//659 514//659 1220//659
f 1220//659 514//659 516//659
f 1220//659 516//659 1218//659
f 1218//659 516//659 518//659
f 1218//659 518//659 1216//659
f 1216//659 518//659 520//659
f 1216//659 520//659 1214//659
f 1214//659 520//659 522//659
f 1214//659 522//659 1212//659
f 1212//659 522//659 524//659
f 1212//659 524//659 1210//659
f 1210//659 524//659 526//659
f 1210//659 526//659 1208//659
f 1208//659 526//659 528//659
f 1208//659 528//659 1206//659
f 1206//659 528//659 530//659
f 1206//659 530//659 1204//659
f 1204//659 530//659 532//659
f 1204//659 532//659 1202//659
f 1202//659 532//659 534//659
f 1202//659 534//659 1200//659
f 1200//659 534//659 536//659
f 1200//659 536//659 1198//659
f 1198//659 536//659 538//659
f 1198//659 538//659 1196//659
f 1196//659 538//659 540//659
f 1196//659 540//659 1194//659
f 1194//659 540//659 542//659
f 1194//659 542//659 1192//659
f 1192//659 542//659 544//659
f 1192//659 544//659 1190//659
f 1190//659 544//659 546//659
f 1190//659 546//659 1188//659
f 1188//659 546//659 548//659
f 1188//659 548//659 1186//659
f 1186//659 548//659 550//659
f 1186//659 550//659 1184//659
f 1184//659 550//659 552//659
f 1184//659 552//659 1182//659
f 1182//659 552//659 554//659
f 1182//659 554//659 1180//659
f 1180//659 554//659 556//659
f 1180//659 556//659 1178//659
f 1178//659 556//659 456//659
f 1178//659 456//659 1176//659
f 1176//659 456//659 85//659
f 1176//659 85//659 1174//659
f 1174//659 85//659 87//659
f 1174//659 87//659 1172//659
f 1172//659 87//659 89//659
f 1172//659 89//659 1170//659
f 1170//659 89//659 92//659
f 1170//659 92//659 1168//659
f 1168//659 92//659 94//659
f 1168//659 94//659 1166//659
f 1166//659 94//659 96//659
f 1166//659 96//659 1164//659
f 1164//659 96//659 98//659
f 1164//659 98//659 1162//659
f 1162//659 98//659 100//659
f 1162//659 100//659 1160//659
f 1160//659 100//659 102//659
f 1160//659 102//659 1158//659
f 1158//659 102//659 104//659
f 1158//659 104//659 1156//659
f 1156//659 104//659 106//659
f 1156//659 106//659 1154//659
f 1154//659 106//659 108//659
f 1154//659 108//659 1152//659
f 1152//659 108//659 110//659
f 1152//659 110//659 1150//659
f 1150//659 110//659 112//659
f 1150//659 112//659 1148//659
f 1148//659 112//659 114//659
f 1148//659 114//659 1146//659
f 1146//659 114//659 116//659
f 1146//659 116//659 1144//659
f 1144//659 116//659 118//659
f 1144//659 118//659 1142//659
f 1142//659 118//659 120//659
f 1142//659 120//659 1140//659
f 1140//659 120//659 122//659
f 1140//659 122//659 1138//659
f 1138//659 122//659 124//659
f 1138//659 124//659 1136//659
f 1136//659 124//659 126//659
f 1136//659 126//659 1134//659
f 1134//659 126//659 128//659
f 1134//659 128//659 1132//659
f 1132//659 128//659 130//659
f 1132//659 130//659 1130//659
f 1130//659 130//659 132//659
f 1130//659 132//659 1128//659
f 1128//659 132//659 134//659
f 1128//659 134//659 1126//659
f 1126//659 134//659 136//659
f 1126//659 136//659 138//659
f 85//659 456//659 82//659
f 82//659 456//659 377//659
f 282//659 284//659 682//659
f 686//659 189//659 190//659
f 1126//659 138//659 1124//659
f 1124//659 138//659 140//659
f 1124//659 140//659 1122//659
f 1122//659 140//659 142//659
f 1122//659 142//659 1120//659
f 1120//659 142//659 144//659
f 1120//659 144//659 1118//659
f 1118//659 144//659 146//659
f 1118//659 146//659 1116//659
f 1116//659 146//659 148//659
f 1116//659 148//659 1114//659
f 1114//659 148//659 150//659
f 1114//659 150//659 1112//659
f 1112//659 150//659 152//659
f 1112//659 152//659 1110//659
f 1110//659 152//659 154//659
f 1110//659 154//659 1108//659
f 1108//659 154//659 156//659
f 1108//659 156//659 1106//659
f 1106//659 156//659 158//659
f 1106//659 158//659 1104//659
f 1104//659 158//659 160//659
f 1104//659 160//659 1102//659
f 1102//659 160//659 162//659
f 1102//659 162//659 1100//659
f 1100//659 162//659 164//659
f 1100//659 164//659 1098//659
f 1098//659 164//659 166//659
f 1098//659 166//659 1096//659
f 1096//659 166//659 168//659
f 1096//659 168//659 1094//659
f 1094//659 168//659 170//659
f 1094//659 170//659 1092//659
f 1092//659 170//659 172//659
f 1092//659 172//659 1090//659
f 1090//659 172//659 174//659
f 1090//659 174//659 1088//659
f 1088//659 174//659 176//659
f 1088//659 176//659 1086//659
f 1086//659 176//659 178//659
f 1086//659 178//659 1084//659
f 1084//659 178//659 180//659
f 1084//659 180//659 1082//659
f 1082//659 180//659 182//659
f 1082//659 182//659 1080//659
f 1080//659 182//659 184//659
f 1080//659 184//659 1078//659
f 1078//659 184//659 186//659
f 1078//659 186//659 1076//659
f 1076//659 186//659 84//659
f 1282//659 1280//659 973//659
f 973//659 1280//659 1278//659
f 878//660 365//660 883//660
f 883//660 365//660 375//660
f 883//660 375//660 81//660
f 81//660 375//660 455//660
f 81//660 455//660 86//660
f 86//660 455//660 1175//660
f 86//660 1175//660 1173//660
f 877//660 191//660 878//660
f 878//660 191//660 689//660
f 878//660 689//660 369//660
f 369//660 689//660 367//660
f 367//660 689//660 680//660
f 367//660 680//660 677//660
f 677//660 680//660 280//660
f 677//660 280//660 279//660
f 881//660 197//660 877//660
f 877//660 197//660 277//660
f 877//660 277//660 685//660
f 685//660 277//660 194//660
f 685//660 194//660 683//660
f 683//660 194//660 675//660
f 683//660 675//660 279//660
f 279//660 675//660 677//660
f 961//660 1//660 881//660
f 881//660 1//660 797//660
f 881//660 797//660 197//660
f 197//660 797//660 875//660
f 197//660 875//660 198//660
f 198//660 875//660 873//660
f 198//660 873//660 201//660
f 201//660 873//660 871//660
f 201//660 871//660 203//660
f 203//660 871//660 869//660
f 203//660 869//660 205//660
f 205//660 869//660 867//660
f 205//660 867//660 207//660
f 207//660 867//660 865//660
f 207//660 865//660 209//660
f 209//660 865//660 863//660
f 209//660 863//660 211//660
f 211//660 863//660 861//660
f 211//660 861//660 213//660
f 213//660 861//660 859//660
f 213//660 859//660 215//660
f 215//660 859//660 857//660
f 215//660 857//660 217//660
f 217//660 857//660 855//660
f 217//660 855//660 219//660
f 219//660 855//660 853//660
f 219//660 853//660 221//660
f 221//660 853//660 851//660
f 221//660 851//660 223//660
f 223//660 851//660 849//660
f 223//660 849//660 225//660
f 225//660 849//660 847//660
f 225//660 847//660 227//660
f 227//660 847//660 845//660
f 227//660 845//660 229//660
f 229//660 845//660 843//660
f 229//660 843//660 231//660
f 231//660 843//660 841//660
f 231//660 841//660 233//660
f 233//660 841//660 839//660
f 233//660 839//660 235//660
f 235//660 839//660 837//660
f 235//660 837//660 237//660
f 237//660 837//660 835//660
f 237//660 835//660 239//660
f 239//660 835//660 833//660
f 239//660 833//660 241//660
f 241//660 833//660 831//660
f 241//660 831//660 243//660
f 243//660 831//660 829//660
f 243//660 829//660 245//660
f 245//660 829//660 827//660
f 245//660 827//660 247//660
f 247//660 827//660 825//660
f 247//660 825//660 249//660
f 249//660 825//660 823//660
f 249//660 823//660 251//660
f 251//660 823//660 821//660
f 251//660 821//660 253//660
f 253//660 821//660 819//660
f 253//660 819//660 255//660
f 255//660 819//660 817//660
f 255//660 817//660 257//660
f 257//660 817//660 815//660
f 257//660 815//660 259//660
f 259//660 815//660 813//660
f 259//660 813//660 261//660
f 261//660 813//660 811//660
f 261//660 811//660 263//660
f 263//660 811//660 809//660
f 263//660 809//660 265//660
f 265//660 809//660 807//660
f 265//660 807//660 267//660
f 267//660 807//660 805//660
f 267//660 805//660 269//660
f 269//660 805//660 803//660
f 269//660 803//660 271//660
f 271//660 803//660 801//660
f 271//660 801//660 273//660
f 273//660 801//660 799//660
f 273//660 799//660 275//660
f 275//660 799//660 692//660
f 275//660 692//660 193//660
f 193//660 692//660 623//660
f 193//660 623//660 649//660
f 649//660 623//660 647//660
f 649//660 647//660 650//660
f 650//660 647//660 646//660
f 650//660 646//660 653//660
f 653//660 646//660 643//660
f 653//660 643//660 655//660
f 655//660 643//660 641//660
f 655//660 641//660 657//660
f 657//660 641//660 639//660
f 657//660 639//660 659//660
f 659//660 639//660 637//660
f 659//660 637//660 661//660
f 661//660 637//660 663//660
f 663//660 637//660 635//660
f 663//660 635//660 666//660
f 666//660 635//660 633//660
f 666//660 633//660 668//660
f 668//660 633//660 631//660
f 668//660 631//660 669//660
f 669//660 631//660 629//660
f 669//660 629//660 671//660
f 671//660 629//660 626//660
f 671//660 626//660 673//660
f 673//660 626//660 625//660
f 673//660 625//660 285//660
f 285//660 625//660 371//660
f 285//660 371//660 286//660
f 286//660 371//660 453//660
f 286//660 453//660 289//660
f 289//660 453//660 451//660
f 289//660 451//660 291//660
f 291//660 451//660 449//660
f 291//660 449//660 293//660
f 293//660 449//660 447//660
f 293//660 447//660 295//660
f 295//660 447//660 445//660
f 295//660 445//660 297//660
f 297//660 445//660 443//660
f 297//660 443//660 299//660
f 299//660 443//660 441//660
f 299//660 441//660 301//660
f 301//660 441//660 439//660
f 301//660 439//660 303//660
f 303//660 439//660 437//660
f 303//660 437//660 305//660
f 305//660 437//660 435//660
f 305//660 435//660 307//660
f 307//660 435//660 433//660
f 307//660 433//660 309//660
f 309//660 433//660 431//660
f 309//660 431//660 311//660
f 311//660 431//660 429//660
f 311//660 429//660 313//660
f 313//660 429//660 427//660
f 313//660 427//660 315//660
f 315//660 427//660 425//660
f 315//660 425//660 317//660
f 317//660 425//660 423//660
f 317//660 423//660 319//660
f 319//660 423//660 421//660
f 319//660 421//660 321//660
f 321//660 421//660 419//660
f 321//660 419//660 323//660
f 323//660 419//660 417//660
f 323//660 417//660 325//660
f 325//660 417//660 415//660
f 325//660 415//660 327//660
f 327//660 415//660 413//660
f 327//660 413//660 329//660
f 329//660 413//660 411//660
f 329//660 411//660 331//660
f 331//660 411//660 409//660
f 331//660 409//660 333//660
f 333//660 409//660 407//660
f 333//660 407//660 335//660
f 335//660 407//660 405//660
f 335//660 405//660 337//660
f 337//660 405//660 403//660
f 337//660 403//660 339//660
f 339//660 403//660 401//660
f 339//660 401//660 341//660
f 341//660 401//660 399//660
f 341//660 399//660 343//660
f 343//660 399//660 397//660
f 343//660 397//660 345//660
f 345//660 397//660 395//660
f 345//660 395//660 347//660
f 347//660 395//660 393//660
f 347//660 393//660 349//660
f 349//660 393//660 391//660
f 349//660 391//660 351//660
f 351//660 391//660 389//660
f 351//660 389//660 353//660
f 353//660 389//660 387//660
f 353//660 387//660 355//660
f 355//660 387//660 385//660
f 355//660 385//660 357//660
f 357//660 385//660 383//660
f 357//660 383//660 359//660
f 359//660 383//660 381//660
f 359//660 381//660 361//660
f 361//660 381//660 379//660
f 361//660 379//660 363//660
f 363//660 379//660 376//660
f 363//660 376//660 365//660
f 365//660 376//660 375//660
f 1//660 961//660 2//660
f 2//660 961//660 960//660
f 2//660 960//660 5//660
f 5//660 960//660 958//660
f 5//660 958//660 7//660
f 7//660 958//660 955//660
f 7//660 955//660 9//660
f 9//660 955//660 953//660
f 9//660 953//660 11//660
f 11//660 953//660 951//660
f 11//660 951//660 13//660
f 13//660 951//660 949//660
f 13//660 949//660 15//660
f 15//660 949//660 947//660
f 15//660 947//660 17//660
f 17//660 947//660 945//660
f 17//660 945//660 19//660
f 19//660 945//660 943//660
f 19//660 943//660 21//660
f 21//660 943//660 941//660
f 21//660 941//660 23//660
f 23//660 941//660 939//660
f 23//660 939//660 25//660
f 25//660 939//660 937//660
f 25//660 937//660 27//660
f 27//660 937//660 935//660
f 27//660 935//660 29//660
f 29//660 935//660 933//660
f 29//660 933//660 31//660
f 31//660 933//660 931//660
f 31//660 931//660 33//660
f 33//660 931//660 929//660
f 33//660 929//660 35//660
f 35//660 929//660 927//660
f 35//660 927//660 37//660
f 37//660 927//660 925//660
f 37//660 925//660 39//660
f 39//660 925//660 923//660
f 39//660 923//660 41//660
f 41//660 923//660 43//660
f 43//660 923//660 921//660
f 43//660 921//660 45//660
f 45//660 921//660 919//660
f 45//660 919//660 47//660
f 47//660 919//660 917//660
f 47//660 917//660 49//660
f 49//660 917//660 915//660
f 49//660 915//660 51//660
f 51//660 915//660 913//660
f 51//660 913//660 53//660
f 53//660 913//660 911//660
f 53//660 911//660 55//660
f 55//660 911//660 909//660
f 55//660 909//660 57//660
f 57//660 909//660 907//660
f 57//660 907//660 59//660
f 59//660 907//660 905//660
f 59//660 905//660 61//660
f 61//660 905//660 903//660
f 61//660 903//660 63//660
f 63//660 903//660 901//660
f 63//660 901//660 65//660
f 65//660 901//660 899//660
f 65//660 899//660 67//660
f 67//660 899//660 897//660
f 67//660 897//660 70//660
f 70//660 897//660 895//660
f 70//660 895//660 72//660
f 72//660 895//660 893//660
f 72//660 893//660 74//660
f 74//660 893//660 891//660
f 74//660 891//660 75//660
f 75//660 891//660 889//660
f 75//660 889//660 77//660
f 77//660 889//660 887//660
f 77//660 887//660 79//660
f 79//660 887//660 884//660
f 79//660 884//660 81//660
f 81//660 884//660 883//660
f 623//660 692//660 558//660
f 558//660 692//660 691//660
f 558//660 691//660 1281//660
f 1281//660 691//660 971//660
f 1281//660 971//660 1279//660
f 1279//660 971//660 1277//660
f 691//660 795//660 971//660
f 971//660 795//660 972//660
f 972//660 795//660 793//660
f 972//660 793//660 975//660
f 975//660 793//660 791//660
f 975//660 791//660 977//660
f 977//660 791//660 789//660
f 977//660 789//660 979//660
f 979//660 789//660 787//660
f 979//660 787//660 981//660
f 981//660 787//660 785//660
f 981//660 785//660 983//660
f 983//660 785//660 783//660
f 983//660 783//660 985//660
f 985//660 783//660 781//660
f 985//660 781//660 987//660
f 987//660 781//660 779//660
f 987//660 779//660 989//660
f 989//660 779//660 777//660
f 989//660 777//660 991//660
f 991//660 777//660 775//660
f 991//660 775//660 993//660
f 993//660 775//660 773//660
f 993//660 773//660 995//660
f 995//660 773//660 771//660
f 995//660 771//660 997//660
f 997//660 771//660 769//660
f 997//660 769//660 999//660
f 999//660 769//660 767//660
f 999//660 767//660 1001//660
f 1001//660 767//660 765//660
f 1001//660 765//660 1003//660
f 1003//660 765//660 763//660
f 1003//660 763//660 1005//660
f 1005//660 763//660 761//660
f 1005//660 761//660 1007//660
f 1007//660 761//660 759//660
f 1007//660 759//660 1009//660
f 1009//660 759//660 757//660
f 1009//660 757//660 1011//660
f 1011//660 757//660 755//660
f 1011//660 755//660 1013//660
f 1013//660 755//660 753//660
f 1013//660 753//660 1015//660
f 1015//660 753//660 751//660
f 1015//660 751//660 1017//660
f 1017//660 751//660 749//660
f 1017//660 749//660 1019//660
f 1019//660 749//660 747//660
f 1019//660 747//660 1021//660
f 1021//660 747//660 745//660
f 1021//660 745//660 1023//660
f 1023//660 745//660 743//660
f 1023//660 743//660 1025//660
f 1025//660 743//660 741//660
f 1025//660 741//660 1027//660
f 1027//660 741//660 739//660
f 1027//660 739//660 1029//660
f 1029//660 739//660 737//660
f 1029//660 737//660 1031//660
f 1031//660 737//660 735//660
f 1031//660 735//660 1033//660
f 1033//660 735//660 733//660
f 1033//660 733//660 1035//660
f 1035//660 733//660 731//660
f 1035//660 731//660 1037//660
f 1037//660 731//660 729//660
f 1037//660 729//660 1039//660
f 1039//660 729//660 727//660
f 1039//660 727//660 1041//660
f 1041//660 727//660 725//660
f 1041//660 725//660 1043//660
f 1043//660 725//660 723//660
f 1043//660 723//660 1045//660
f 1045//660 723//660 721//660
f 1045//660 721//660 1047//660
f 1047//660 721//660 719//660
f 1047//660 719//660 1049//660
f 1049//660 719//660 717//660
f 1049//660 717//660 1051//660
f 1051//660 717//660 715//660
f 1051//660 715//660 1053//660
f 1053//660 715//660 713//660
f 1053//660 713//660 1055//660
f 1055//660 713//660 711//660
f 1055//660 711//660 1057//660
f 1057//660 711//660 709//660
f 1057//660 709//660 1059//660
f 1059//660 709//660 707//660
f 1059//660 707//660 1061//660
f 1061//660 707//660 705//660
f 1061//660 705//660 1063//660
f 1063//660 705//660 703//660
f 1063//660 703//660 1065//660
f 1065//660 703//660 702//660
f 1065//660 702//660 1067//660
f 1067//660 702//660 700//660
f 1067//660 700//660 1069//660
f 1069//660 700//660 698//660
f 1069//660 698//660 1071//660
f 1071//660 698//660 696//660
f 1071//660 696//660 1073//660
f 1073//660 696//660 83//660
f 1073//660 83//660 1075//660
f 1075//660 83//660 185//660
f 1075//660 185//660 1077//660
f 1077//660 185//660 183//660
f 1077//660 183//660 1079//660
f 1079//660 183//660 181//660
f 1079//660 181//660 1081//660
f 1081//660 181//660 179//660
f 1081//660 179//660 1083//660
f 1083//660 179//660 177//660
f 1083//660 177//660 1085//660
f 1085//660 177//660 175//660
f 1085//660 175//660 1087//660
f 1087//660 175//660 173//660
f 1087//660 173//660 1089//660
f 1089//660 173//660 171//660
f 1089//660 171//660 1091//660
f 1091//660 171//660 169//660
f 1091//660 169//660 1093//660
f 1093//660 169//660 167//660
f 1093//660 167//660 1095//660
f 1095//660 167//660 165//660
f 1095//660 165//660 1097//660
f 1097//660 165//660 163//660
f 1097//660 163//660 1099//660
f 1099//660 163//660 161//660
f 1099//660 161//660 1101//660
f 1101//660 161//660 159//660
f 1101//660 159//660 1103//660
f 1103//660 159//660 157//660
f 1103//660 157//660 1105//660
f 1105//660 157//660 155//660
f 1105//660 155//660 1107//660
f 1107//660 155//660 153//660
f 1107//660 153//660 1109//660
f 1109//660 153//660 151//660
f 1109//660 151//660 1111//660
f 1111//660 151//660 149//660
f 1111//660 149//660 1113//660
f 1113//660 149//660 147//660
f 1113//660 147//660 1115//660
f 1115//660 147//660 145//660
f 1115//660 145//660 1117//660
f 1117//660 145//660 143//660
f 1117//660 143//660 1119//660
f 1119//660 143//660 141//660
f 1119//660 141//660 1121//660
f 1121//660 141//660 139//660
f 1121//660 139//660 1123//660
f 1123//660 139//660 137//660
f 1123//660 137//660 135//660
f 83//660 696//660 1//660
f 1//660 696//660 797//660
f 280//660 680//660 283//660
f 283//660 680//660 679//660
f 283//660 679//660 683//660
f 687//660 188//660 685//660
f 685//660 188//660 187//660
f 685//660 187//660 877//660
f 877//660 187//660 191//660
f 687//660 689//660 188//660
f 188//660 689//660 191//660
f 677//660 673//660 367//660
f 367//660 673//660 285//660
f 193//660 649//660 194//660
f 194//660 649//660 675//660
f 625//660 621//660 371//660
f 371//660 621//660 372//660
f 372//660 621//660 964//660
f 372//660 964//660 969//660
f 969//660 964//660 963//660
f 969//660 963//660 967//660
f 964//660 621//660 1283//660
f 1283//660 621//660 619//660
f 1283//660 619//660 1285//660
f 1285//660 619//660 617//660
f 1285//660 617//660 1287//660
f 1287//660 617//660 615//660
f 1287//660 615//660 1289//660
f 1289//660 615//660 613//660
f 1289//660 613//660 1291//660
f 1291//660 613//660 611//660
f 1291//660 611//660 1293//660
f 1293//660 611//660 609//660
f 1293//660 609//660 1295//660
f 1295//660 609//660 607//660
f 1295//660 607//660 1297//660
f 1297//660 607//660 605//660
f 1297//660 605//660 1299//660
f 1299//660 605//660 603//660
f 1299//660 603//660 1301//660
f 1301//660 603//660 601//660
f 1301//660 601//660 1303//660
f 1303//660 601//660 599//660
f 1303//660 599//660 1305//660
f 1305//660 599//660 597//660
f 1305//660 597//660 1307//660
f 1307//660 597//660 595//660
f 1307//660 595//660 1309//660
f 1309//660 595//660 593//660
f 1309//660 593//660 1311//660
f 1311//660 593//660 591//660
f 1311//660 591//660 1313//660
f 1313//660 591//660 589//660
f 1313//660 589//660 587//660
f 1313//660 587//660 1315//660
f 1315//660 587//660 585//660
f 1315//660 585//660 1317//660
f 1317//660 585//660 583//660
f 1317//660 583//660 1319//660
f 1319//660 583//660 581//660
f 1319//660 581//660 1321//660
f 1321//660 581//660 579//660
f 1321//660 579//660 1323//660
f 1323//660 579//660 577//660
f 1323//660 577//660 1325//660
f 1325//660 577//660 575//660
f 1325//660 575//660 1327//660
f 1327//660 575//660 573//660
f 1327//660 573//660 1329//660
f 1329//660 573//660 571//660
f 1329//660 571//660 1331//660
f 1331//660 571//660 569//660
f 1331//660 569//660 1333//660
f 1333//660 569//660 567//660
f 1333//660 567//660 1335//660
f 1335//660 567//660 565//660
f 1335//660 565//660 1337//660
f 1337//660 565//660 563//660
f 1337//660 563//660 1339//660
f 1339//660 563//660 561//660
f 1339//660 561//660 1341//660
f 1341//660 561//660 560//660
f 1341//660 560//660 1343//660
f 1343//660 560//660 558//660
f 1343//660 558//660 1281//660
f 1175//660 455//660 1177//660
f 1177//660 455//660 555//660
f 1177//660 555//660 1179//660
f 1179//660 555//660 553//660
f 1179//660 553//660 1181//660
f 1181//660 553//660 551//660
f 1181//660 551//660 1183//660
f 1183//660 551//660 549//660
f 1183//660 549//660 1185//660
f 1185//660 549//660 547//660
f 1185//660 547//660 1187//660
f 1187//660 547//660 545//660
f 1187//660 545//660 1189//660
f 1189//660 545//660 543//660
f 1189//660 543//660 1191//660
f 1191//660 543//660 541//660
f 1191//660 541//660 1193//660
f 1193//660 541//660 539//660
f 1193//660 539//660 1195//660
f 1195//660 539//660 537//660
f 1195//660 537//660 1197//660
f 1197//660 537//660 535//660
f 1197//660 535//660 1199//660
f 1199//660 535//660 533//660
f 1199//660 533//660 1201//660
f 1201//660 533//660 531//660
f 1201//660 531//660 1203//660
f 1203//660 531//660 529//660
f 1203//660 529//660 1205//660
f 1205//660 529//660 527//660
f 1205//660 527//660 1207//660
f 1207//660 527//660 525//660
f 1207//660 525//660 1209//660
f 1209//660 525//660 523//660
f 1209//660 523//660 1211//660
f 1211//660 523//660 521//660
f 1211//660 521//660 1213//660
f 1213//660 521//660 519//660
f 1213//660 519//660 1215//660
f 1215//660 519//660 517//660
f 1215//660 517//660 1217//660
f 1217//660 517//660 515//660
f 1217//660 515//660 1219//660
f 1219//660 515//660 513//660
f 1219//660 513//660 1221//660
f 1221//660 513//660 511//660
f 1221//660 511//660 1223//660
f 1223//660 511//660 509//660
f 1223//660 509//660 1225//660
f 1225//660 509//660 507//660
f 1225//660 507//660 1227//660
f 1227//660 507//660 505//660
f 1227//660 505//660 1229//660
f 1229//660 505//660 503//660
f 1229//660 503//660 1231//660
f 1231//660 503//660 501//660
f 1231//660 501//660 1233//660
f 1233//660 501//660 499//660
f 1233//660 499//660 1235//660
f 1235//660 499//660 497//660
f 1235//660 497//660 1237//660
f 1237//660 497//660 495//660
f 1237//660 495//660 1239//660
f 1239//660 495//660 493//660
f 1239//660 493//660 1241//660
f 1241//660 493//660 491//660
f 1241//660 491//660 1243//660
f 1243//660 491//660 489//660
f 1243//660 489//660 1245//660
f 1245//660 489//660 487//660
f 1245//660 487//660 1247//660
f 1247//660 487//660 485//660
f 1247//660 485//660 1249//660
f 1249//660 485//660 483//660
f 1249//660 483//660 1251//660
f 1251//660 483//660 481//660
f 1251//660 481//660 1253//660
f 1253//660 481//660 479//660
f 1253//660 479//660 1255//660
f 1255//660 479//660 477//660
f 1255//660 477//660 1257//660
f 1257//660 477//660 475//660
f 1257//660 475//660 1259//660
f 1259//660 475//660 473//660
f 1259//660 473//660 1261//660
f 1261//660 473//660 471//660
f 1261//660 471//660 1263//660
f 1263//660 471//660 469//660
f 1263//660 469//660 1265//660
f 1265//660 469//660 467//660
f 1265//660 467//660 1267//660
f 1267//660 467//660 465//660
f 1267//660 465//660 1269//660
f 1269//660 465//660 463//660
f 1269//660 463//660 1271//660
f 1271//660 463//660 462//660
f 1271//660 462//660 1273//660
f 1273//660 462//660 460//660
f 1273//660 460//660 1275//660
f 1275//660 460//660 458//660
f 1275//660 458//660 969//660
f 969//660 458//660 372//660
f 369//660 365//660 878//660
f 683//660 279//660 283//660
f 1123//660 135//660 1125//660
f 1125//660 135//660 133//660
f 1125//660 133//660 1127//660
f 1127//660 133//660 131//660
f 1127//660 131//660 1129//660
f 1129//660 131//660 129//660
f 1129//660 129//660 1131//660
f 1131//660 129//660 127//660
f 1131//660 127//660 1133//660
f 1133//660 127//660 125//660
f 1133//660 125//660 1135//660
f 1135//660 125//660 123//660
f 1135//660 123//660 1137//660
f 1137//660 123//660 121//660
f 1137//660 121//660 1139//660
f 1139//660 121//660 119//660
f 1139//660 119//660 1141//660
f 1141//660 119//660 117//660
f 1141//660 117//660 1143//660
f 1143//660 117//660 115//660
f 1143//660 115//660 1145//660
f 1145//660 115//660 113//660
f 1145//660 113//660 1147//660
f 1147//660 113//660 111//660
f 1147//660 111//660 1149//660
f 1149//660 111//660 109//660
f 1149//660 109//660 1151//660
f 1151//660 109//660 107//660
f 1151//660 107//660 1153//660
f 1153//660 107//660 105//660
f 1153//660 105//660 1155//660
f 1155//660 105//660 103//660
f 1155//660 103//660 1157//660
f 1157//660 103//660 101//660
f 1157//660 101//660 1159//660
f 1159//660 101//660 99//660
f 1159//660 99//660 1161//660
f 1161//660 99//660 97//660
f 1161//660 97//660 1163//660
f 1163//660 97//660 95//660
f 1163//660 95//660 1165//660
f 1165//660 95//660 93//660
f 1165//660 93//660 1167//660
f 1167//660 93//660 91//660
f 1167//660 91//660 1169//660
f 1169//660 91//660 90//660
f 1169//660 90//660 1171//660
f 1171//660 90//660 88//660
f 1171//660 88//660 1173//660
f 1173//660 88//660 86//660
