# Blender v2.81 (sub 16) OBJ File: ''
# www.blender.org
mtllib Attack Solo.mtl
o Attack_Solo
v -4.886290 -0.199950 4.908955
v -4.714090 -0.199950 5.135966
v -4.886290 0.199948 4.908955
v -4.714090 0.199948 5.135966
v -4.531320 -0.199950 5.354585
v -4.531320 0.199948 5.354585
v -4.338440 -0.199950 5.564319
v -4.338440 0.199948 5.564319
v -4.135875 -0.199950 5.764708
v -4.135875 0.199948 5.764708
v -3.924046 -0.199950 5.955300
v -3.924046 0.199948 5.955300
v -3.703453 -0.199950 6.135673
v -3.703453 0.199948 6.135673
v -3.474596 -0.199950 6.305418
v -3.474596 0.199948 6.305418
v -3.237975 -0.199950 6.464160
v -3.237975 0.199948 6.464160
v -2.994089 -0.199950 6.611544
v -2.994089 0.199948 6.611544
v -2.743553 -0.199950 6.747238
v -2.743553 0.199948 6.747238
v -2.486829 -0.199950 6.870939
v -2.486829 0.199948 6.870939
v -2.224608 -0.199950 6.982374
v -2.224608 0.199948 6.982374
v -1.957352 -0.199950 7.081293
v -1.957352 0.199948 7.081293
v -1.685753 -0.199950 7.167475
v -1.685753 0.199948 7.167475
v -1.410387 -0.199950 7.240727
v -1.410387 0.199948 7.240727
v -1.131869 -0.199950 7.300881
v -1.131869 0.199948 7.300881
v -0.850814 -0.199950 7.347814
v -0.850814 0.199948 7.347814
v -0.567875 -0.199950 7.381408
v -0.567875 0.199948 7.381408
v -0.283630 -0.199950 7.401593
v -0.283630 0.199948 7.401593
v 0.001231 -0.199950 7.408329
v 0.001231 0.199948 7.408329
v 0.286091 -0.199950 7.401593
v 0.286091 0.199948 7.401593
v 0.570298 -0.199950 7.381408
v 0.570298 0.199948 7.381408
v 0.853275 -0.199950 7.347814
v 0.853275 0.199948 7.347814
v 1.134330 -0.199950 7.300881
v 1.134330 0.199948 7.300881
v 1.412848 -0.199950 7.240727
v 1.412848 0.199948 7.240727
v 1.688214 -0.199950 7.167475
v 1.688214 0.199948 7.167475
v 1.959813 -0.199950 7.081293
v 1.959813 0.199948 7.081293
v 2.227031 -0.199950 6.982374
v 2.227031 0.199948 6.982374
v 2.489290 -0.199950 6.870939
v 2.489290 0.199948 6.870939
v 2.745975 -0.199950 6.747237
v 2.745975 0.199948 6.747237
v 2.996550 -0.199950 6.611543
v 2.996550 0.199948 6.611543
v 3.240397 -0.199950 6.464159
v 3.240397 0.199948 6.464159
v 3.477018 -0.199950 6.305417
v 3.477018 0.199948 6.305417
v 3.705914 -0.199950 6.135672
v 3.705914 0.199948 6.135672
v 3.926507 -0.199950 5.955299
v 3.926507 0.199948 5.955299
v 4.138297 -0.199950 5.764707
v 4.138297 0.199948 5.764707
v 4.340901 -0.199950 5.564318
v 4.340901 0.199948 5.564318
v 4.533781 -0.199950 5.354584
v 4.533781 0.199948 5.354584
v 4.716513 -0.199950 5.135965
v 4.716513 0.199948 5.135965
v 4.888751 -0.199950 4.908954
v 4.888751 0.199948 4.908954
v -9.133864 -0.199950 9.156530
v -9.133864 0.199948 9.156530
v 9.136326 -0.199950 9.156528
v 8.872415 -0.199950 9.456272
v 9.136326 0.199948 9.156528
v 8.872415 0.199948 9.456272
v 8.598662 -0.199950 9.747066
v 8.598662 0.199948 9.747066
v 8.315416 -0.199950 10.028593
v 8.315416 0.199948 10.028593
v 8.022945 -0.199950 10.300533
v 8.022945 0.199948 10.300533
v 7.721595 -0.199950 10.562586
v 7.721595 0.199948 10.562586
v 7.411674 -0.199950 10.814466
v 7.411674 0.199948 10.814466
v 7.093526 -0.199950 11.055887
v 7.093526 0.199948 11.055887
v 6.767538 -0.199950 11.286591
v 6.767538 0.199948 11.286591
v 6.434054 -0.199950 11.506313
v 6.434054 0.199948 11.506313
v 6.093460 -0.199950 11.714817
v 6.093460 0.199948 11.714817
v 5.746061 -0.199950 11.911867
v 5.746061 0.199948 11.911867
v 5.392360 -0.199950 12.097242
v 5.392360 0.199948 12.097242
v 5.032623 -0.199950 12.270744
v 5.032623 0.199948 12.270744
v 4.667351 -0.199950 12.432177
v 4.667351 0.199948 12.432177
v 4.296891 -0.199950 12.581364
v 4.296891 0.199948 12.581364
v 3.921702 -0.199950 12.718138
v 3.921702 0.199948 12.718138
v 3.542132 -0.199950 12.842344
v 3.542132 0.199948 12.842344
v 3.158641 -0.199950 12.953852
v 3.158641 0.199948 12.953852
v 2.771652 -0.199950 13.052530
v 2.771652 0.199948 13.052530
v 2.381627 -0.199950 13.138275
v 2.381627 0.199948 13.138275
v 1.988911 -0.199950 13.210989
v 1.988911 0.199948 13.210989
v 1.594043 -0.199950 13.270590
v 1.594043 0.199948 13.270590
v 1.197368 -0.199950 13.317019
v 1.197368 0.199948 13.317019
v 0.799386 -0.199950 13.350218
v 0.799386 0.199948 13.350218
v 0.400520 -0.199950 13.370153
v 0.400520 0.199948 13.370153
v 0.001231 -0.199950 13.376802
v 0.001231 0.199948 13.376802
v -0.398096 -0.199950 13.370153
v -0.398096 0.199948 13.370153
v -0.796962 -0.199950 13.350218
v -0.796962 0.199948 13.350218
v -1.194944 -0.199950 13.317019
v -1.194944 0.199948 13.317019
v -1.591581 -0.199950 13.270590
v -1.591581 0.199948 13.270590
v -1.986488 -0.199950 13.210989
v -1.986488 0.199948 13.210989
v -2.379165 -0.199950 13.138275
v -2.379165 0.199948 13.138275
v -2.769229 -0.199950 13.052530
v -2.769229 0.199948 13.052530
v -3.156218 -0.199950 12.953852
v -3.156218 0.199948 12.953852
v -3.539670 -0.199950 12.842344
v -3.539670 0.199948 12.842344
v -3.919240 -0.199950 12.718138
v -3.919240 0.199948 12.718138
v -4.294467 -0.199950 12.581364
v -4.294467 0.199948 12.581364
v -4.664928 -0.199950 12.432177
v -4.664928 0.199948 12.432177
v -5.030200 -0.199950 12.270744
v -5.030200 0.199948 12.270744
v -5.389898 -0.199950 12.097242
v -5.389898 0.199948 12.097242
v -5.743638 -0.199950 11.911869
v -5.743638 0.199948 11.911869
v -6.090998 -0.199950 11.714819
v -6.090998 0.199948 11.714819
v -6.431631 -0.199950 11.506315
v -6.431631 0.199948 11.506315
v -6.765115 -0.199950 11.286592
v -6.765115 0.199948 11.286592
v -7.091103 -0.199950 11.055889
v -7.091103 0.199948 11.055889
v -7.409212 -0.199950 10.814468
v -7.409212 0.199948 10.814468
v -7.719133 -0.199950 10.562588
v -7.719133 0.199948 10.562588
v -8.020522 -0.199950 10.300535
v -8.020522 0.199948 10.300535
v -8.312993 -0.199950 10.028595
v -8.312993 0.199948 10.028595
v -8.596239 -0.199950 9.747068
v -8.596239 0.199948 9.747068
v -8.869952 -0.199950 9.456274
v -8.869952 0.199948 9.456274
v -1.387209 -0.199950 1.409864
v 1.389669 -0.199950 1.409863
v -1.387209 0.199948 1.409864
v 1.389669 0.199948 1.409863
v -4.864803 -0.199950 4.887473
v -4.864803 0.199948 4.887473
v 4.867264 0.199948 4.887472
v 4.867264 -0.199950 4.887472
v 4.695910 0.199948 5.113677
v 4.695910 -0.199950 5.113677
v 4.514101 0.199948 5.331531
v 4.514101 -0.199950 5.331531
v 4.322144 -0.199950 5.540540
v 4.322144 0.199948 5.540540
v 4.120539 -0.199950 5.740237
v 4.120539 0.199948 5.740237
v 3.909709 -0.199950 5.930171
v 3.909709 0.199948 5.930171
v 3.690154 -0.199950 6.109929
v 3.690154 0.199948 6.109929
v 3.462297 -0.199950 6.279097
v 3.462297 0.199948 6.279097
v 3.226752 -0.199950 6.437305
v 3.226752 0.199948 6.437305
v 2.983942 -0.199950 6.584190
v 2.983942 0.199948 6.584190
v 2.734483 -0.199950 6.719432
v 2.734483 0.199948 6.719432
v 2.478873 -0.199950 6.842721
v 2.478873 0.199948 6.842721
v 2.217767 -0.199950 6.953786
v 2.217767 0.199948 6.953786
v 1.951665 -0.199950 7.052378
v 1.951665 0.199948 7.052378
v 1.681218 -0.199950 7.138277
v 1.681218 0.199948 7.138277
v 1.407005 -0.199950 7.211284
v 1.407005 0.199948 7.211284
v 1.129640 -0.199950 7.271241
v 1.129640 0.199948 7.271241
v 0.849738 -0.199950 7.318020
v 0.849738 0.199948 7.318020
v 0.567953 -0.199950 7.351504
v 0.567953 0.199948 7.351504
v 0.284899 -0.199950 7.371626
v 0.284899 0.199948 7.371626
v 0.001231 -0.199950 7.378338
v 0.001231 0.199948 7.378338
v -0.282477 -0.199950 7.371626
v -0.282477 0.199948 7.371626
v -0.565530 -0.199950 7.351504
v -0.565530 0.199948 7.351504
v -0.847316 -0.199950 7.318020
v -0.847316 0.199948 7.318020
v -1.127179 -0.199950 7.271241
v -1.127179 0.199948 7.271241
v -1.404544 -0.199950 7.211284
v -1.404544 0.199948 7.211284
v -1.678757 -0.199950 7.138277
v -1.678757 0.199948 7.138277
v -1.949242 -0.199950 7.052378
v -1.949242 0.199948 7.052378
v -2.215307 -0.199950 6.953786
v -2.215307 0.199948 6.953786
v -2.476451 -0.199950 6.842721
v -2.476451 0.199948 6.842721
v -2.732022 -0.199950 6.719433
v -2.732022 0.199948 6.719433
v -2.981520 -0.199950 6.584191
v -2.981520 0.199948 6.584191
v -3.224291 -0.199950 6.437306
v -3.224291 0.199948 6.437306
v -3.459874 -0.199950 6.279098
v -3.459874 0.199948 6.279098
v -3.687693 -0.199950 6.109930
v -3.687693 0.199948 6.109930
v -3.907287 -0.199950 5.930172
v -3.907287 0.199948 5.930172
v -4.118116 -0.199950 5.740238
v -4.118116 0.199948 5.740238
v -4.319721 -0.199950 5.540541
v -4.319721 0.199948 5.540541
v -4.511640 -0.199950 5.331532
v -4.511640 0.199948 5.331532
v -4.693488 -0.199950 5.113678
v -4.693488 0.199948 5.113678
v -1.357228 -0.199950 1.379873
v 0.001230 -0.199950 0.021434
v -1.357228 0.199948 1.379873
v 0.001230 0.199948 0.021434
v 1.359650 -0.199950 1.379873
v 1.359650 0.199948 1.379873
v 0.022409 -0.199950 0.000226
v 1.380867 -0.199950 -1.358213
v 0.022409 0.199948 0.000226
v 1.380867 0.199948 -1.358213
v 1.380867 -0.199950 1.358665
v 1.380867 0.199948 1.358665
v -3.481669 0.199948 -3.503876
v -3.481669 -0.199950 -3.503876
v -3.253966 0.199948 -3.658505
v -3.253966 -0.199950 -3.658505
v -3.019420 -0.199950 -3.802530
v -3.019420 0.199948 -3.802530
v -2.778494 -0.199950 -3.935639
v -2.778494 0.199948 -3.935639
v -2.531763 -0.199950 -4.057559
v -2.531763 0.199948 -4.057559
v -2.279652 -0.199950 -4.168028
v -2.279652 0.199948 -4.168028
v -2.022736 -0.199950 -4.266818
v -2.022736 0.199948 -4.266818
v -1.761591 -0.199950 -4.353720
v -1.761591 0.199948 -4.353720
v -1.496718 -0.199950 -4.428548
v -1.496718 0.199948 -4.428548
v -1.228694 -0.199950 -4.491148
v -1.228694 0.199948 -4.491148
v -0.958055 -0.199950 -4.541391
v -0.958055 0.199948 -4.541391
v -0.685418 -0.199950 -4.579161
v -0.685418 0.199948 -4.579161
v -0.411359 -0.199950 -4.604385
v -0.411359 0.199948 -4.604385
v -0.136415 -0.199950 -4.617012
v -0.136415 0.199948 -4.617012
v 0.138836 -0.199950 -4.617012
v 0.138836 0.199948 -4.617012
v 0.413779 -0.199950 -4.604385
v 0.413779 0.199948 -4.604385
v 0.687877 -0.199950 -4.579161
v 0.687877 0.199948 -4.579161
v 0.960514 -0.199950 -4.541391
v 0.960514 0.199948 -4.541391
v 1.231114 -0.199950 -4.491148
v 1.231114 0.199948 -4.491148
v 1.499139 -0.199950 -4.428548
v 1.499139 0.199948 -4.428548
v 1.764012 -0.199950 -4.353720
v 1.764012 0.199948 -4.353720
v 2.025195 -0.199950 -4.266818
v 2.025195 0.199948 -4.266818
v 2.282073 -0.199950 -4.168028
v 2.282073 0.199948 -4.168028
v 2.534184 -0.199950 -4.057559
v 2.534184 0.199948 -4.057559
v 2.780953 -0.199950 -3.935640
v 2.780953 0.199948 -3.935640
v 3.021879 -0.199950 -3.802531
v 3.021879 0.199948 -3.802531
v 3.256425 -0.199950 -3.658506
v 3.256425 0.199948 -3.658506
v 3.484128 -0.199950 -3.503877
v 3.484128 0.199948 -3.503877
v -1.387210 -0.199950 -1.409412
v -1.387210 0.199948 -1.409412
v 1.389669 -0.199950 -1.409412
v 1.389669 0.199948 -1.409412
v 3.530292 -0.199950 -3.507648
v 7.777866 -0.199950 -7.755224
v 3.530292 0.199948 -3.507648
v 7.777866 0.199948 -7.755224
v 4.906471 -0.199950 4.884267
v 5.067178 -0.199950 4.647670
v 4.906471 0.199948 4.884267
v 5.067178 0.199948 4.647670
v 5.216469 -0.199950 4.403722
v 5.216469 0.199948 4.403722
v 5.353999 -0.199950 4.152965
v 5.353999 0.199948 4.152965
v 5.479496 -0.199950 3.895962
v 5.479496 0.199948 3.895962
v 5.592657 -0.199950 3.633300
v 5.592657 0.199948 3.633300
v 5.693247 -0.199950 3.365568
v 5.693247 0.199948 3.365568
v 5.781039 -0.199950 3.093363
v 5.781039 0.199948 3.093363
v 5.855800 -0.199950 2.817300
v 5.855800 0.199948 2.817300
v 5.917377 -0.199950 2.538004
v 5.917377 0.199948 2.538004
v 5.965654 -0.199950 2.256103
v 5.965654 0.199948 2.256103
v 6.000517 -0.199950 1.972228
v 6.000517 0.199948 1.972228
v 6.021850 -0.199950 1.687017
v 6.021850 0.199948 1.687017
v 6.029653 -0.199950 1.401119
v 6.029653 0.199948 1.401119
v 6.023849 -0.199950 1.115167
v 6.023849 0.199948 1.115167
v 6.004514 -0.199950 0.829817
v 6.004514 0.199948 0.829817
v 5.971689 -0.199950 0.545706
v 5.971689 0.199948 0.545706
v 5.925410 -0.199950 0.263469
v 5.925410 0.199948 0.263469
v 5.865793 -0.199950 -0.016255
v 5.865793 0.199948 -0.016255
v 5.792954 -0.199950 -0.292837
v 5.792954 0.199948 -0.292837
v 5.707123 -0.199950 -0.565652
v 5.707123 0.199948 -0.565652
v 5.608416 -0.199950 -0.834090
v 5.608416 0.199948 -0.834090
v 5.497101 -0.199950 -1.097545
v 5.497101 0.199948 -1.097545
v 5.373409 -0.199950 -1.355422
v 5.373409 0.199948 -1.355422
v 5.237647 -0.199950 -1.607145
v 5.237647 0.199948 -1.607145
v 5.090086 -0.199950 -1.852140
v 5.090086 0.199948 -1.852140
v 4.931031 -0.199950 -2.089862
v 4.931031 0.199948 -2.089862
v 4.760945 -0.199950 -2.319776
v 4.760945 0.199948 -2.319776
v 4.580097 -0.199950 -2.541363
v 4.580097 0.199948 -2.541363
v 4.388986 -0.199950 -2.754124
v 4.388986 0.199948 -2.754124
v 4.187957 -0.199950 -2.957579
v 4.187957 0.199948 -2.957579
v 3.977512 -0.199950 -3.151275
v 3.977512 0.199948 -3.151275
v 3.758149 -0.199950 -3.334766
v 3.758149 0.199948 -3.334766
v 9.155775 -0.199950 9.133591
v 9.155775 0.199948 9.133591
v 8.078294 -0.199950 -7.490696
v 8.078294 0.199948 -7.490696
v 8.369765 -0.199950 -7.216291
v 8.369765 0.199948 -7.216291
v 8.651858 -0.199950 -6.932320
v 8.651858 0.199948 -6.932320
v 8.924379 -0.199950 -6.639094
v 8.924379 0.199948 -6.639094
v 9.186908 -0.199950 -6.336937
v 9.186908 0.199948 -6.336937
v 9.439250 -0.199950 -6.026194
v 9.439250 0.199948 -6.026194
v 9.681061 -0.199950 -5.707201
v 9.681061 0.199948 -5.707201
v 9.912147 -0.199950 -5.380319
v 9.912147 0.199948 -5.380319
v 10.132125 -0.199950 -5.045913
v 10.132125 0.199948 -5.045913
v 10.340878 -0.199950 -4.704352
v 10.340878 0.199948 -4.704352
v 10.538101 -0.199950 -4.356017
v 10.538101 0.199948 -4.356017
v 10.723601 -0.199950 -4.001297
v 10.723601 0.199948 -4.001297
v 10.897147 -0.199950 -3.640585
v 10.897147 0.199948 -3.640585
v 11.058584 -0.199950 -3.274285
v 11.058584 0.199948 -3.274285
v 11.207684 -0.199950 -2.902801
v 11.207684 0.199948 -2.902801
v 11.344329 -0.199950 -2.526551
v 11.344329 0.199948 -2.526551
v 11.468328 -0.199950 -2.145952
v 11.468328 0.199948 -2.145952
v 11.579566 -0.199950 -1.761428
v 11.579566 0.199948 -1.761428
v 11.677928 -0.199950 -1.373407
v 11.677928 0.199948 -1.373407
v 11.763298 -0.199950 -0.982319
v 11.763298 0.199948 -0.982319
v 11.835560 -0.199950 -0.588604
v 11.835560 0.199948 -0.588604
v 11.894639 -0.199950 -0.192693
v 11.894639 0.199948 -0.192693
v 11.940495 -0.199950 0.204967
v 11.940495 0.199948 0.204967
v 11.973013 -0.199950 0.603934
v 11.973013 0.199948 0.603934
v 11.992270 -0.199950 1.003765
v 11.992270 0.199948 1.003765
v 11.998113 -0.199950 1.404015
v 11.998113 0.199948 1.404015
v 11.990656 -0.199950 1.804236
v 11.990656 0.199948 1.804236
v 11.969822 -0.199950 2.203986
v 11.969822 0.199948 2.203986
v 11.935652 -0.199950 2.602818
v 11.935652 0.199948 2.602818
v 11.888220 -0.199950 3.000291
v 11.888220 0.199948 3.000291
v 11.827527 -0.199950 3.395957
v 11.827527 0.199948 3.395957
v 11.753688 -0.199950 3.789384
v 11.753688 0.199948 3.789384
v 11.666781 -0.199950 4.180120
v 11.666781 0.199948 4.180120
v 11.566844 -0.199950 4.567743
v 11.566844 0.199948 4.567743
v 11.454068 -0.199950 4.951820
v 11.454068 0.199948 4.951820
v 11.328531 -0.199950 5.331915
v 11.328531 0.199948 5.331915
v 11.190349 -0.199950 5.707613
v 11.190349 0.199948 5.707613
v 11.039750 -0.199950 6.078491
v 11.039750 0.199948 6.078491
v 10.876852 -0.199950 6.444142
v 10.876852 0.199948 6.444142
v 10.701847 -0.199950 6.804152
v 10.701847 0.199948 6.804152
v 10.514925 -0.199950 7.158123
v 10.514925 0.199948 7.158123
v 10.316319 -0.199950 7.505661
v 10.316319 0.199948 7.505661
v 10.106181 -0.199950 7.846376
v 10.106181 0.199948 7.846376
v 9.884858 -0.199950 8.179898
v 9.884858 0.199948 8.179898
v 9.652465 -0.199950 8.505843
v 9.652465 0.199948 8.505843
v 9.409386 -0.199950 8.823860
v 9.409386 0.199948 8.823860
v -7.752499 -0.199950 -7.774700
v -7.441885 -0.199950 -8.028992
v -7.752499 0.199948 -7.774700
v -7.441885 0.199948 -8.028992
v -7.122893 -0.199950 -8.272749
v -7.122893 0.199948 -8.272749
v -6.795982 -0.199950 -8.505699
v -6.795982 0.199948 -8.505699
v -6.461422 -0.199950 -8.727585
v -6.461422 0.199948 -8.727585
v -6.119636 -0.199950 -8.938145
v -6.119636 0.199948 -8.938145
v -5.770969 -0.199950 -9.137159
v -5.770969 0.199948 -9.137159
v -5.415884 -0.199950 -9.324394
v -5.415884 0.199948 -9.324394
v -5.054725 -0.199950 -9.499641
v -5.054725 0.199948 -9.499641
v -4.687877 -0.199950 -9.662712
v -4.687877 0.199948 -9.662712
v -4.315802 -0.199950 -9.813412
v -4.315802 0.199948 -9.813412
v -3.938884 -0.199950 -9.951584
v -3.938884 0.199948 -9.951584
v -3.557545 -0.199950 -10.077065
v -3.557545 0.199948 -10.077065
v -3.172248 -0.199950 -10.189720
v -3.172248 0.199948 -10.189720
v -2.783376 -0.199950 -10.289417
v -2.783376 0.199948 -10.289417
v -2.391390 -0.199950 -10.376049
v -2.391390 0.199948 -10.376049
v -1.996752 -0.199950 -10.449518
v -1.996752 0.199948 -10.449518
v -1.599847 -0.199950 -10.509741
v -1.599847 0.199948 -10.509741
v -1.201135 -0.199950 -10.556654
v -1.201135 0.199948 -10.556654
v -0.801115 -0.199950 -10.590200
v -0.801115 0.199948 -10.590200
v -0.400174 -0.199950 -10.610340
v -0.400174 0.199948 -10.610340
v 0.001229 -0.199950 -10.617058
v 0.001229 0.199948 -10.617058
v 0.402593 -0.199950 -10.610340
v 0.402593 0.199948 -10.610340
v 0.803535 -0.199950 -10.590200
v 0.803535 0.199948 -10.590200
v 1.203592 -0.199950 -10.556654
v 1.203592 0.199948 -10.556654
v 1.602266 -0.199950 -10.509741
v 1.602266 0.199948 -10.509741
v 1.999172 -0.199950 -10.449518
v 1.999172 0.199948 -10.449518
v 2.393848 -0.199950 -10.376049
v 2.393848 0.199948 -10.376049
v 2.785834 -0.199950 -10.289417
v 2.785834 0.199948 -10.289417
v 3.174668 -0.199950 -10.189720
v 3.174668 0.199948 -10.189720
v 3.560004 -0.199950 -10.077065
v 3.560004 0.199948 -10.077065
v 3.941303 -0.199950 -9.951584
v 3.941303 0.199948 -9.951584
v 4.318222 -0.199950 -9.813412
v 4.318222 0.199948 -9.813412
v 4.690335 -0.199950 -9.662712
v 4.690335 0.199948 -9.662712
v 5.057144 -0.199950 -9.499641
v 5.057144 0.199948 -9.499641
v 5.418303 -0.199950 -9.324394
v 5.418303 0.199948 -9.324394
v 5.773427 -0.199950 -9.137161
v 5.773427 0.199948 -9.137161
v 6.122055 -0.199950 -8.938147
v 6.122055 0.199948 -8.938147
v 6.463841 -0.199950 -8.727587
v 6.463841 0.199948 -8.727587
v 6.798401 -0.199950 -8.505701
v 6.798401 0.199948 -8.505701
v 7.125351 -0.199950 -8.272751
v 7.125351 0.199948 -8.272751
v 7.444305 -0.199950 -8.028994
v 7.444305 0.199948 -8.028994
v 7.754919 -0.199950 -7.774702
v 7.754919 0.199948 -7.774702
v -3.503194 -0.199950 -3.525377
v -3.503194 0.199948 -3.525377
v 3.505615 -0.199950 -3.525378
v 3.276604 -0.199950 -3.681174
v 3.505615 0.199948 -3.525378
v 3.276604 0.199948 -3.681174
v 3.040675 -0.199950 -3.826286
v 3.040675 0.199948 -3.826286
v 2.798326 -0.199950 -3.960409
v 2.798326 0.199948 -3.960409
v 2.550059 -0.199950 -4.083254
v 2.550059 0.199948 -4.083254
v 2.296410 -0.199950 -4.194564
v 2.296410 0.199948 -4.194564
v 2.037917 -0.199950 -4.294113
v 2.037917 0.199948 -4.294113
v 1.775159 -0.199950 -4.381678
v 1.775159 0.199948 -4.381678
v 1.508633 -0.199950 -4.457083
v 1.508633 0.199948 -4.457083
v 1.238917 -0.199950 -4.520164
v 1.238917 0.199948 -4.520164
v 0.966587 -0.199950 -4.570786
v 0.966587 0.199948 -4.570786
v 0.692220 -0.199950 -4.608849
v 0.692220 0.199948 -4.608849
v 0.416393 -0.199950 -4.634270
v 0.416393 0.199948 -4.634270
v 0.139720 -0.199950 -4.646993
v 0.139720 0.199948 -4.646993
v -0.137261 -0.199950 -4.646993
v -0.137261 0.199948 -4.646993
v -0.413972 -0.199950 -4.634270
v -0.413972 0.199948 -4.634270
v -0.689800 -0.199950 -4.608849
v -0.689800 0.199948 -4.608849
v -0.964167 -0.199950 -4.570786
v -0.964167 0.199948 -4.570786
v -1.236458 0.199948 -4.520164
v -1.236458 -0.199950 -4.520164
v -1.506174 0.199948 -4.457083
v -1.506174 -0.199950 -4.457083
v -1.772700 -0.199950 -4.381678
v -1.772700 0.199948 -4.381678
v -2.035497 -0.199950 -4.294113
v -2.035497 0.199948 -4.294113
v -2.293989 -0.199950 -4.194564
v -2.293989 0.199948 -4.194564
v -2.547600 -0.199950 -4.083254
v -2.547600 0.199948 -4.083254
v -2.795867 -0.199950 -3.960408
v -2.795867 0.199948 -3.960408
v -3.038216 -0.199950 -3.826285
v -3.038216 0.199948 -3.826285
v -3.274145 -0.199950 -3.681173
v -3.274145 0.199948 -3.681173
v 3.508805 0.199948 -3.486166
v 3.508805 -0.199950 -3.486166
v 3.735663 0.199948 -3.314332
v 3.735663 -0.199950 -3.314332
v 3.954104 0.199948 -3.131927
v 3.954104 -0.199950 -3.131927
v 4.163627 0.199948 -2.939369
v 4.163627 -0.199950 -2.939369
v 4.363809 0.199948 -2.737092
v 4.363809 -0.199950 -2.737092
v 4.554152 -0.199950 -2.525551
v 4.554152 0.199948 -2.525551
v 4.734270 -0.199950 -2.305213
v 4.734270 0.199948 -2.305213
v 4.903702 -0.199950 -2.076586
v 4.903702 0.199948 -2.076586
v 5.062141 -0.199950 -1.840177
v 5.062141 0.199948 -1.840177
v 5.209165 -0.199950 -1.596521
v 5.209165 0.199948 -1.596521
v 5.344466 -0.199950 -1.346168
v 5.344466 0.199948 -1.346168
v 5.467735 -0.199950 -1.089680
v 5.467735 0.199948 -1.089680
v 5.578704 -0.199950 -0.827632
v 5.578704 0.199948 -0.827632
v 5.677142 -0.199950 -0.560611
v 5.677142 0.199948 -0.560611
v 5.762781 -0.199950 -0.289228
v 5.762781 0.199948 -0.289228
v 5.835466 -0.199950 -0.014088
v 5.835466 0.199948 -0.014088
v 5.895006 -0.199950 0.264190
v 5.895006 0.199948 0.264190
v 5.941285 -0.199950 0.544981
v 5.941285 0.199948 0.544981
v 5.974226 -0.199950 0.827650
v 5.974226 0.199948 0.827650
v 5.993675 -0.199950 1.111559
v 5.993675 0.199948 1.111559
v 5.999671 -0.199950 1.396078
v 5.999671 0.199948 1.396078
v 5.992137 -0.199950 1.680554
v 5.992137 0.199948 1.680554
v 5.971150 -0.199950 1.964358
v 5.971150 0.199948 1.964358
v 5.936710 -0.199950 2.246844
v 5.936710 0.199948 2.246844
v 5.888894 -0.199950 2.527380
v 5.888894 0.199948 2.527380
v 5.827856 -0.199950 2.805332
v 5.827856 0.199948 2.805332
v 5.753671 -0.199950 3.080078
v 5.753671 0.199948 3.080078
v 5.666572 -0.199950 3.350995
v 5.666572 0.199948 3.350995
v 5.566711 -0.199950 3.617478
v 5.566711 0.199948 3.617478
v 5.454320 -0.199950 3.878920
v 5.454320 0.199948 3.878920
v 5.329668 -0.199950 4.134741
v 5.329668 0.199948 4.134741
v 5.193022 -0.199950 4.384363
v 5.193022 0.199948 4.384363
v 5.044653 -0.199950 4.627216
v 5.044653 0.199948 4.627216
v 4.884984 -0.199950 4.862766
v 4.884984 0.199948 4.862766
v 1.410848 -0.199950 -1.388204
v 1.410848 0.199948 -1.388204
v 1.410848 -0.199950 1.388656
v 1.410848 0.199948 1.388656
v -1.357228 -0.199950 -1.379421
v 1.359650 -0.199950 -1.379421
v -1.357228 0.199948 -1.379421
v 1.359650 0.199948 -1.379421
v 0.001230 -0.199950 -0.020982
v 0.001230 0.199948 -0.020982
v -1.378407 -0.199950 -1.358213
v -0.019988 -0.199950 0.000226
v -1.378407 0.199948 -1.358213
v -0.019988 0.199948 0.000226
v -1.378407 -0.199950 1.358665
v -1.378407 0.199948 1.358665
v -3.506385 -0.199950 -3.486166
v -1.408427 -0.199950 -1.388204
v -3.506385 0.199948 -3.486166
v -1.408427 0.199948 -1.388204
v -4.882523 0.199948 4.862767
v -4.882523 -0.199950 4.862767
v -5.042231 0.199948 4.627217
v -5.042231 -0.199950 4.627217
v -5.190561 0.199948 4.384364
v -5.190561 -0.199950 4.384364
v -5.327207 0.199948 4.134742
v -5.327207 -0.199950 4.134742
v -5.451899 0.199948 3.878921
v -5.451899 -0.199950 3.878921
v -5.564290 -0.199950 3.617479
v -5.564290 0.199948 3.617479
v -5.664150 -0.199950 3.350996
v -5.664150 0.199948 3.350996
v -5.751250 -0.199950 3.080079
v -5.751250 0.199948 3.080079
v -5.825396 -0.199950 2.805333
v -5.825396 0.199948 2.805333
v -5.886473 -0.199950 2.527381
v -5.886473 0.199948 2.527381
v -5.934250 -0.199950 2.246845
v -5.934250 0.199948 2.246845
v -5.968690 -0.199950 1.964359
v -5.968690 0.199948 1.964359
v -5.989716 -0.199950 1.680555
v -5.989716 0.199948 1.680555
v -5.997211 -0.199950 1.396079
v -5.997211 0.199948 1.396079
v -5.991253 -0.199950 1.111560
v -5.991253 0.199948 1.111560
v -5.971766 -0.199950 0.827651
v -5.971766 0.199948 0.827651
v -5.938863 -0.199950 0.544982
v -5.938863 0.199948 0.544982
v -5.892584 -0.199950 0.264191
v -5.892584 0.199948 0.264191
v -5.833045 -0.199950 -0.014087
v -5.833045 0.199948 -0.014087
v -5.760359 -0.199950 -0.289227
v -5.760359 0.199948 -0.289227
v -5.674721 -0.199950 -0.560611
v -5.674721 0.199948 -0.560611
v -5.576282 -0.199950 -0.827631
v -5.576282 0.199948 -0.827631
v -5.465313 -0.199950 -1.089679
v -5.465313 0.199948 -1.089679
v -5.342044 -0.199950 -1.346167
v -5.342044 0.199948 -1.346167
v -5.206706 -0.199950 -1.596520
v -5.206706 0.199948 -1.596520
v -5.059682 -0.199950 -1.840176
v -5.059682 0.199948 -1.840176
v -4.901282 -0.199950 -2.076586
v -4.901282 0.199948 -2.076586
v -4.731811 -0.199950 -2.305212
v -4.731811 0.199948 -2.305212
v -4.551731 -0.199950 -2.525550
v -4.551731 0.199948 -2.525550
v -4.361350 -0.199950 -2.737091
v -4.361350 0.199948 -2.737091
v -4.161206 -0.199950 -2.939368
v -4.161206 0.199948 -2.939368
v -3.951645 -0.199950 -3.131926
v -3.951645 0.199948 -3.131926
v -3.733204 -0.199950 -3.314331
v -3.733204 0.199948 -3.314331
v -1.408427 -0.199950 1.388656
v -1.408427 0.199948 1.388656
v -7.775446 -0.199950 -7.755222
v -3.527871 -0.199950 -3.507648
v -7.775446 0.199948 -7.755222
v -3.527871 0.199948 -3.507648
v -9.153352 -0.199950 9.133593
v -9.406924 -0.199950 8.823862
v -9.153352 0.199948 9.133593
v -9.406924 0.199948 8.823862
v -9.650042 -0.199950 8.505845
v -9.650042 0.199948 8.505845
v -9.882396 -0.199950 8.179900
v -9.882396 0.199948 8.179900
v -10.103758 -0.199950 7.846378
v -10.103758 0.199948 7.846378
v -10.313857 -0.199950 7.505663
v -10.313857 0.199948 7.505663
v -10.512502 -0.199950 7.158125
v -10.512502 0.199948 7.158125
v -10.699424 -0.199950 6.804154
v -10.699424 0.199948 6.804154
v -10.874431 -0.199950 6.444144
v -10.874431 0.199948 6.444144
v -11.037329 -0.199950 6.078493
v -11.037329 0.199948 6.078493
v -11.187926 -0.199950 5.707614
v -11.187926 0.199948 5.707614
v -11.326071 -0.199950 5.331917
v -11.326071 0.199948 5.331917
v -11.451608 -0.199950 4.951822
v -11.451608 0.199948 4.951822
v -11.564422 -0.199950 4.567745
v -11.564422 0.199948 4.567745
v -11.664321 -0.199950 4.180122
v -11.664321 0.199948 4.180122
v -11.751266 -0.199950 3.789386
v -11.751266 0.199948 3.789386
v -11.825106 -0.199950 3.395959
v -11.825106 0.199948 3.395959
v -11.885759 -0.199950 3.000293
v -11.885759 0.199948 3.000293
v -11.933229 -0.199950 2.602820
v -11.933229 0.199948 2.602820
v -11.967362 -0.199950 2.203988
v -11.967362 0.199948 2.203988
v -11.988195 -0.199950 1.804238
v -11.988195 0.199948 1.804238
v -11.995691 -0.199950 1.404017
v -11.995691 0.199948 1.404017
v -11.989810 -0.199950 1.003767
v -11.989810 0.199948 1.003767
v -11.970592 -0.199950 0.603936
v -11.970592 0.199948 0.603936
v -11.938035 -0.199950 0.204969
v -11.938035 0.199948 0.204969
v -11.892179 -0.199950 -0.192691
v -11.892179 0.199948 -0.192691
v -11.833100 -0.199950 -0.588602
v -11.833100 0.199948 -0.588602
v -11.760838 -0.199950 -0.982317
v -11.760838 0.199948 -0.982317
v -11.675507 -0.199950 -1.373405
v -11.675507 0.199948 -1.373405
v -11.577145 -0.199950 -1.761426
v -11.577145 0.199948 -1.761426
v -11.465907 -0.199950 -2.145950
v -11.465907 0.199948 -2.145950
v -11.341908 -0.199950 -2.526549
v -11.341908 0.199948 -2.526549
v -11.205262 -0.199950 -2.902799
v -11.205262 0.199948 -2.902799
v -11.056125 -0.199950 -3.274283
v -11.056125 0.199948 -3.274283
v -10.894726 -0.199950 -3.640583
v -10.894726 0.199948 -3.640583
v -10.721142 -0.199950 -4.001295
v -10.721142 0.199948 -4.001295
v -10.535644 -0.199950 -4.356015
v -10.535644 0.199948 -4.356015
v -10.338421 -0.199950 -4.704350
v -10.338421 0.199948 -4.704350
v -10.129704 -0.199950 -5.045911
v -10.129704 0.199948 -5.045911
v -9.909689 -0.199950 -5.380317
v -9.909689 0.199948 -5.380317
v -9.678640 -0.199950 -5.707199
v -9.678640 0.199948 -5.707199
v -9.436831 -0.199950 -6.026192
v -9.436831 0.199948 -6.026192
v -9.184488 -0.199950 -6.336936
v -9.184488 0.199948 -6.336936
v -8.921922 -0.199950 -6.639092
v -8.921922 0.199948 -6.639092
v -8.649438 -0.199950 -6.932318
v -8.649438 0.199948 -6.932318
v -8.367307 -0.199950 -7.216289
v -8.367307 0.199948 -7.216289
v -8.075873 -0.199950 -7.490695
v -8.075873 0.199948 -7.490695
v -4.904048 -0.199950 4.884268
v -4.904048 0.199948 4.884268
v -3.755690 -0.199950 -3.334765
v -3.755690 0.199948 -3.334765
v -3.975092 -0.199950 -3.151274
v -3.975092 0.199948 -3.151274
v -4.185537 -0.199950 -2.957578
v -4.185537 0.199948 -2.957578
v -4.386527 -0.199950 -2.754123
v -4.386527 0.199948 -2.754123
v -4.577676 -0.199950 -2.541362
v -4.577676 0.199948 -2.541362
v -4.758486 -0.199950 -2.319775
v -4.758486 0.199948 -2.319775
v -4.928611 -0.199950 -2.089861
v -4.928611 0.199948 -2.089861
v -5.087626 -0.199950 -1.852139
v -5.087626 0.199948 -1.852139
v -5.235188 -0.199950 -1.607144
v -5.235188 0.199948 -1.607144
v -5.370987 -0.199950 -1.355421
v -5.370987 0.199948 -1.355421
v -5.494641 -0.199950 -1.097544
v -5.494641 0.199948 -1.097544
v -5.605994 -0.199950 -0.834089
v -5.605994 0.199948 -0.834089
v -5.704663 -0.199950 -0.565651
v -5.704663 0.199948 -0.565651
v -5.790533 -0.199950 -0.292836
v -5.790533 0.199948 -0.292836
v -5.863333 -0.199950 -0.016254
v -5.863333 0.199948 -0.016254
v -5.922950 -0.199950 0.263470
v -5.922950 0.199948 0.263470
v -5.969229 -0.199950 0.545707
v -5.969229 0.199948 0.545707
v -6.002093 -0.199950 0.829818
v -6.002093 0.199948 0.829818
v -6.021427 -0.199950 1.115169
v -6.021427 0.199948 1.115169
v -6.027193 -0.199950 1.401119
v -6.027193 0.199948 1.401119
v -6.019390 -0.199950 1.687018
v -6.019390 0.199948 1.687018
v -5.998057 -0.199950 1.972229
v -5.998057 0.199948 1.972229
v -5.963233 -0.199950 2.256104
v -5.963233 0.199948 2.256104
v -5.914955 -0.199950 2.538005
v -5.914955 0.199948 2.538005
v -5.853340 -0.199950 2.817301
v -5.853340 0.199948 2.817301
v -5.778579 -0.199950 3.093364
v -5.778579 0.199948 3.093364
v -5.690826 -0.199950 3.365569
v -5.690826 0.199948 3.365569
v -5.590235 -0.199950 3.633301
v -5.590235 0.199948 3.633301
v -5.477075 -0.199950 3.895963
v -5.477075 0.199948 3.895963
v -5.351576 -0.199950 4.152966
v -5.351576 0.199948 4.152966
v -5.214008 -0.199950 4.403723
v -5.214008 0.199948 4.403723
v -5.064717 -0.199950 4.647671
v -5.064717 0.199948 4.647671
v 9.135324 -0.199950 -9.155079
v 7.776213 -0.199950 -7.795982
v 9.135324 0.199948 -9.155079
v 7.776213 0.199948 -7.795982
v 9.156504 -0.199950 -9.133871
v 9.156504 0.199948 -9.133871
v 7.799160 -0.199950 -7.776498
v 7.799160 0.199948 -7.776498
v -7.796702 -0.199950 -7.776496
v -8.099936 -0.199950 -7.509351
v -7.796702 0.199948 -7.776496
v -8.099936 0.199948 -7.509351
v -8.393983 -0.199950 -7.232169
v -8.393983 0.199948 -7.232169
v -8.678574 -0.199950 -6.945266
v -8.678574 0.199948 -6.945266
v -8.953363 -0.199950 -6.648962
v -8.953363 0.199948 -6.648962
v -9.218044 -0.199950 -6.343595
v -9.218044 0.199948 -6.343595
v -9.472308 -0.199950 -6.029507
v -9.472308 0.199948 -6.029507
v -9.715887 -0.199950 -5.707050
v -9.715887 0.199948 -5.707050
v -9.948510 -0.199950 -5.376598
v -9.948510 0.199948 -5.376598
v -10.169872 -0.199950 -5.038517
v -10.169872 0.199948 -5.038517
v -10.379779 -0.199950 -4.693189
v -10.379779 0.199948 -4.693189
v -10.577925 -0.199950 -4.341006
v -10.577925 0.199948 -4.341006
v -10.764153 -0.199950 -3.982360
v -10.764153 0.199948 -3.982360
v -10.938237 -0.199950 -3.617665
v -10.938237 0.199948 -3.617665
v -11.099943 -0.199950 -3.247324
v -11.099943 0.199948 -3.247324
v -11.249119 -0.199950 -2.871761
v -11.249119 0.199948 -2.871761
v -11.385611 -0.199950 -2.491398
v -11.385611 0.199948 -2.491398
v -11.509264 -0.199950 -2.106663
v -11.509264 0.199948 -2.106663
v -11.619887 -0.199950 -1.717992
v -11.619887 0.199948 -1.717992
v -11.717403 -0.199950 -1.325824
v -11.717403 0.199948 -1.325824
v -11.801697 -0.199950 -0.930600
v -11.801697 0.199948 -0.930600
v -11.872652 -0.199950 -0.532772
v -11.872652 0.199948 -0.532772
v -11.930193 -0.199950 -0.132781
v -11.930193 0.199948 -0.132781
v -11.974281 -0.199950 0.268919
v -11.974281 0.199948 0.268919
v -12.004839 -0.199950 0.671869
v -12.004839 0.199948 0.671869
v -12.021867 -0.199950 1.075622
v -12.021867 0.199948 1.075622
v -12.025288 -0.199950 1.479720
v -12.025288 0.199948 1.479720
v -12.015141 -0.199950 1.883703
v -12.015141 0.199948 1.883703
v -11.991425 -0.199950 2.287114
v -11.991425 0.199948 2.287114
v -11.954178 -0.199950 2.689507
v -11.954178 0.199948 2.689507
v -11.903440 -0.199950 3.090415
v -11.903440 0.199948 3.090415
v -11.839251 -0.199950 3.489396
v -11.839251 0.199948 3.489396
v -11.761683 -0.199950 3.885994
v -11.761683 0.199948 3.885994
v -11.670856 -0.199950 4.279762
v -11.670856 0.199948 4.279762
v -11.566844 -0.199950 4.670259
v -11.566844 0.199948 4.670259
v -11.449763 -0.199950 5.057035
v -11.449763 0.199948 5.057035
v -11.319767 -0.199950 5.439667
v -11.319767 0.199948 5.439667
v -11.177011 -0.199950 5.817709
v -11.177011 0.199948 5.817709
v -11.021607 -0.199950 6.190745
v -11.021607 0.199948 6.190745
v -10.853751 -0.199950 6.558347
v -10.853751 0.199948 6.558347
v -10.673632 -0.199950 6.920106
v -10.673632 0.199948 6.920106
v -10.481483 -0.199950 7.275610
v -10.481483 0.199948 7.275610
v -10.277495 -0.199950 7.624454
v -10.277495 0.199948 7.624454
v -10.061899 -0.199950 7.966250
v -10.061899 0.199948 7.966250
v -9.834964 -0.199950 8.300608
v -9.834964 0.199948 8.300608
v -9.596882 -0.199950 8.627153
v -9.596882 0.199948 8.627153
v -9.348000 -0.199950 8.945522
v -9.348000 0.199948 8.945522
v -9.088547 -0.199950 9.255342
v -9.088547 0.199948 9.255342
v -8.818830 -0.199950 9.556274
v -8.818830 0.199948 9.556274
v -8.539159 -0.199950 9.847973
v -8.539159 0.199948 9.847973
v -8.249840 -0.199950 10.130114
v -8.249840 0.199948 10.130114
v -7.951219 -0.199950 10.402376
v -7.951219 0.199948 10.402376
v -7.643604 -0.199950 10.664452
v -7.643604 0.199948 10.664452
v -7.327378 -0.199950 10.916044
v -7.327378 0.199948 10.916044
v -7.002851 -0.199950 11.156870
v -7.002851 0.199948 11.156870
v -6.670443 -0.199950 11.386654
v -6.670443 0.199948 11.386654
v -6.330502 -0.199950 11.605148
v -6.330502 0.199948 11.605148
v -5.983411 -0.199950 11.812096
v -5.983411 0.199948 11.812096
v -5.629556 -0.199950 12.007261
v -5.629556 0.199948 12.007261
v -5.269319 -0.199950 12.190430
v -5.269319 0.199948 12.190430
v -4.903163 -0.199950 12.361395
v -4.903163 0.199948 12.361395
v -4.531473 -0.199950 12.519964
v -4.531473 0.199948 12.519964
v -4.154632 -0.199950 12.665955
v -4.154632 0.199948 12.665955
v -3.773139 -0.199950 12.799202
v -3.773139 0.199948 12.799202
v -3.387342 -0.199950 12.919556
v -3.387342 0.199948 12.919556
v -2.997778 -0.199950 13.026888
v -2.997778 0.199948 13.026888
v -2.604793 -0.199950 13.121063
v -2.604793 0.199948 13.121063
v -2.208848 -0.199950 13.201984
v -2.208848 0.199948 13.201984
v -1.810444 -0.199950 13.269562
v -1.810444 0.199948 13.269562
v -1.409963 -0.199950 13.323715
v -1.409963 0.199948 13.323715
v -1.007907 -0.199950 13.364384
v -1.007907 0.199948 13.364384
v -0.604698 -0.199950 13.391520
v -0.604698 0.199948 13.391520
v -0.200835 -0.199950 13.405098
v -0.200835 0.199948 13.405098
v 0.203259 -0.199950 13.405098
v 0.203259 0.199948 13.405098
v 0.607160 -0.199950 13.391520
v 0.607160 0.199948 13.391520
v 1.010369 -0.199950 13.364384
v 1.010369 0.199948 13.364384
v 1.412426 -0.199950 13.323715
v 1.412426 0.199948 13.323715
v 1.812867 -0.199950 13.269562
v 1.812867 0.199948 13.269562
v 2.211310 -0.199950 13.201984
v 2.211310 0.199948 13.201984
v 2.607217 -0.199950 13.121063
v 2.607217 0.199948 13.121063
v 3.000202 -0.199950 13.026888
v 3.000202 0.199948 13.026888
v 3.389804 -0.199950 12.919556
v 3.389804 0.199948 12.919556
v 3.775563 -0.199950 12.799202
v 3.775563 0.199948 12.799202
v 4.157094 -0.199950 12.665955
v 4.157094 0.199948 12.665955
v 4.533896 -0.199950 12.519964
v 4.533896 0.199948 12.519964
v 4.905587 -0.199950 12.361395
v 4.905587 0.199948 12.361395
v 5.271781 -0.199950 12.190430
v 5.271781 0.199948 12.190430
v 5.631979 -0.199950 12.007259
v 5.631979 0.199948 12.007259
v 5.985835 -0.199950 11.812094
v 5.985835 0.199948 11.812094
v 6.332925 -0.199950 11.605146
v 6.332925 0.199948 11.605146
v 6.672905 -0.199950 11.386652
v 6.672905 0.199948 11.386652
v 7.005312 -0.199950 11.156868
v 7.005312 0.199948 11.156868
v 7.329802 -0.199950 10.916042
v 7.329802 0.199948 10.916042
v 7.646066 -0.199950 10.664450
v 7.646066 0.199948 10.664450
v 7.953642 -0.199950 10.402374
v 7.953642 0.199948 10.402374
v 8.252302 -0.199950 10.130112
v 8.252302 0.199948 10.130112
v 8.541582 -0.199950 9.847971
v 8.541582 0.199948 9.847971
v 8.821254 -0.199950 9.556273
v 8.821254 0.199948 9.556273
v 9.090970 -0.199950 9.255341
v 9.090970 0.199948 9.255341
v 9.350423 -0.199950 8.945520
v 9.350423 0.199948 8.945520
v 9.599344 -0.199950 8.627151
v 9.599344 0.199948 8.627151
v 9.837388 -0.199950 8.300606
v 9.837388 0.199948 8.300606
v 10.064361 -0.199950 7.966248
v 10.064361 0.199948 7.966248
v 10.279957 -0.199950 7.624452
v 10.279957 0.199948 7.624452
v 10.483945 -0.199950 7.275608
v 10.483945 0.199948 7.275608
v 10.676094 -0.199950 6.920104
v 10.676094 0.199948 6.920104
v 10.856173 -0.199950 6.558345
v 10.856173 0.199948 6.558345
v 11.024029 -0.199950 6.190743
v 11.024029 0.199948 6.190743
v 11.179432 -0.199950 5.817707
v 11.179432 0.199948 5.817707
v 11.322227 -0.199950 5.439665
v 11.322227 0.199948 5.439665
v 11.452223 -0.199950 5.057034
v 11.452223 0.199948 5.057034
v 11.569304 -0.199950 4.670257
v 11.569304 0.199948 4.670257
v 11.673315 -0.199950 4.279760
v 11.673315 0.199948 4.279760
v 11.764143 -0.199950 3.885992
v 11.764143 0.199948 3.885992
v 11.841710 -0.199950 3.489394
v 11.841710 0.199948 3.489394
v 11.905863 -0.199950 3.090413
v 11.905863 0.199948 3.090413
v 11.956638 -0.199950 2.689505
v 11.956638 0.199948 2.689505
v 11.993884 -0.199950 2.287112
v 11.993884 0.199948 2.287112
v 12.017600 -0.199950 1.883701
v 12.017600 0.199948 1.883701
v 12.027709 -0.199950 1.479718
v 12.027709 0.199948 1.479718
v 12.024288 -0.199950 1.075620
v 12.024288 0.199948 1.075620
v 12.007299 -0.199950 0.671867
v 12.007299 0.199948 0.671867
v 11.976703 -0.199950 0.268917
v 11.976703 0.199948 0.268917
v 11.932653 -0.199950 -0.132783
v 11.932653 0.199948 -0.132783
v 11.875074 -0.199950 -0.532774
v 11.875074 0.199948 -0.532774
v 11.804118 -0.199950 -0.930602
v 11.804118 0.199948 -0.930602
v 11.719825 -0.199950 -1.325826
v 11.719825 0.199948 -1.325826
v 11.622309 -0.199950 -1.717994
v 11.622309 0.199948 -1.717994
v 11.511685 -0.199950 -2.106664
v 11.511685 0.199948 -2.106664
v 11.388071 -0.199950 -2.491400
v 11.388071 0.199948 -2.491400
v 11.251579 -0.199950 -2.871763
v 11.251579 0.199948 -2.871763
v 11.102404 -0.199950 -3.247326
v 11.102404 0.199948 -3.247326
v 10.940659 -0.199950 -3.617667
v 10.940659 0.199948 -3.617667
v 10.766613 -0.199950 -3.982362
v 10.766613 0.199948 -3.982362
v 10.580382 -0.199950 -4.341008
v 10.580382 0.199948 -4.341008
v 10.382199 -0.199950 -4.693191
v 10.382199 0.199948 -4.693191
v 10.172292 -0.199950 -5.038518
v 10.172292 0.199948 -5.038518
v 9.950930 -0.199950 -5.376600
v 9.950930 0.199948 -5.376600
v 9.718345 -0.199950 -5.707052
v 9.718345 0.199948 -5.707052
v 9.474767 -0.199950 -6.029509
v 9.474767 0.199948 -6.029509
v 9.220502 -0.199950 -6.343596
v 9.220502 0.199948 -6.343596
v 8.955822 -0.199950 -6.648963
v 8.955822 0.199948 -6.648963
v 8.681032 -0.199950 -6.945268
v 8.681032 0.199948 -6.945268
v 8.396441 -0.199950 -7.232171
v 8.396441 0.199948 -7.232171
v 8.102355 -0.199950 -7.509353
v 8.102355 0.199948 -7.509353
v -9.154084 -0.199950 -9.133869
v -9.154084 0.199948 -9.133869
v -9.132867 -0.199950 -9.155077
v -9.132867 0.199948 -9.155077
v -7.773794 -0.199950 -7.795980
v -7.773794 0.199948 -7.795980
v 7.464754 -0.199950 -8.051048
v 7.464754 0.199948 -8.051048
v 7.144954 -0.199950 -8.295549
v 7.144954 0.199948 -8.295549
v 6.817159 -0.199950 -8.529211
v 6.817159 0.199948 -8.529211
v 6.481715 -0.199950 -8.751768
v 6.481715 0.199948 -8.751768
v 6.139006 -0.199950 -8.962978
v 6.139006 0.199948 -8.962978
v 5.789417 -0.199950 -9.162598
v 5.789417 0.199948 -9.162598
v 5.433332 -0.199950 -9.350407
v 5.433332 0.199948 -9.350407
v 5.071174 -0.199950 -9.526192
v 5.071174 0.199948 -9.526192
v 4.703365 -0.199950 -9.689762
v 4.703365 0.199948 -9.689762
v 4.330253 -0.199950 -9.840927
v 4.330253 0.199948 -9.840927
v 3.952297 -0.199950 -9.979525
v 3.952297 0.199948 -9.979525
v 3.569921 -0.199950 -10.105392
v 3.569921 0.199948 -10.105392
v 3.183547 -0.199950 -10.218393
v 3.183547 0.199948 -10.218393
v 2.793598 -0.199950 -10.318398
v 2.793598 0.199948 -10.318398
v 2.400498 -0.199950 -10.405296
v 2.400498 0.199948 -10.405296
v 2.004745 -0.199950 -10.478994
v 2.004745 0.199948 -10.478994
v 1.606763 -0.199950 -10.539404
v 1.606763 0.199948 -10.539404
v 1.206936 -0.199950 -10.586456
v 1.206936 0.199948 -10.586456
v 0.805803 -0.199950 -10.620110
v 0.805803 0.199948 -10.620110
v 0.403746 -0.199950 -10.640312
v 0.403746 0.199948 -10.640312
v 0.001229 -0.199950 -10.647049
v 0.001229 0.199948 -10.647049
v -0.401289 -0.199950 -10.640312
v -0.401289 0.199948 -10.640312
v -0.803345 -0.199950 -10.620110
v -0.803345 0.199948 -10.620110
v -1.204517 -0.199950 -10.586456
v -1.204517 0.199948 -10.586456
v -1.604306 -0.199950 -10.539404
v -1.604306 0.199948 -10.539404
v -2.002326 -0.199950 -10.478994
v -2.002326 0.199948 -10.478994
v -2.398078 -0.199950 -10.405296
v -2.398078 0.199948 -10.405296
v -2.791140 -0.199950 -10.318398
v -2.791140 0.199948 -10.318398
v -3.181089 -0.199950 -10.218393
v -3.181089 0.199948 -10.218393
v -3.567462 -0.199950 -10.105392
v -3.567462 0.199948 -10.105392
v -3.949839 -0.199950 -9.979525
v -3.949839 0.199948 -9.979525
v -4.327795 -0.199950 -9.840927
v -4.327795 0.199948 -9.840927
v -4.700907 -0.199950 -9.689762
v -4.700907 0.199948 -9.689762
v -5.068754 -0.199950 -9.526192
v -5.068754 0.199948 -9.526192
v -5.430912 -0.199950 -9.350407
v -5.430912 0.199948 -9.350407
v -5.786959 -0.199950 -9.162596
v -5.786959 0.199948 -9.162596
v -6.136548 -0.199950 -8.962976
v -6.136548 0.199948 -8.962976
v -6.479257 -0.199950 -8.751766
v -6.479257 0.199948 -8.751766
v -6.814701 -0.199950 -8.529209
v -6.814701 0.199948 -8.529209
v -7.142534 -0.199950 -8.295547
v -7.142534 0.199948 -8.295547
v -7.462335 -0.199950 -8.051046
v -7.462335 0.199948 -8.051046
vn -0.7967 0.0000 0.6044
vn -0.7672 0.0000 0.6414
vn -0.7361 0.0000 0.6769
vn -0.7033 0.0000 0.7109
vn -0.6689 0.0000 0.7434
vn -0.6330 0.0000 0.7742
vn -0.5957 0.0000 0.8032
vn -0.5571 0.0000 0.8304
vn -0.5172 0.0000 0.8559
vn -0.4763 0.0000 0.8793
vn -0.4762 0.0000 0.8793
vn -0.4341 0.0000 0.9009
vn -0.3911 0.0000 0.9203
vn -0.3471 0.0000 0.9378
vn -0.3025 0.0000 0.9532
vn -0.2571 0.0000 0.9664
vn -0.2111 0.0000 0.9775
vn -0.1647 0.0000 0.9863
vn -0.1179 0.0000 0.9930
vn -0.0708 0.0000 0.9975
vn -0.0236 0.0000 0.9997
vn 0.0236 0.0000 0.9997
vn 0.0708 0.0000 0.9975
vn 0.1179 0.0000 0.9930
vn 0.1647 0.0000 0.9863
vn 0.2111 0.0000 0.9775
vn 0.2571 0.0000 0.9664
vn 0.3025 0.0000 0.9532
vn 0.3472 0.0000 0.9378
vn 0.3911 0.0000 0.9204
vn 0.4341 0.0000 0.9008
vn 0.4762 0.0000 0.8793
vn 0.5173 0.0000 0.8558
vn 0.5571 0.0000 0.8304
vn 0.5957 0.0000 0.8032
vn 0.6330 0.0000 0.7742
vn 0.6689 0.0000 0.7433
vn 0.7032 0.0000 0.7110
vn 0.7361 0.0000 0.6769
vn 0.7673 0.0000 0.6413
vn 0.7967 0.0000 0.6044
vn 0.7071 0.0000 0.7071
vn -0.7505 0.0000 -0.6608
vn -0.7281 0.0000 -0.6854
vn -0.7050 0.0000 -0.7093
vn -0.6809 0.0000 -0.7323
vn -0.6562 0.0000 -0.7546
vn -0.6307 0.0000 -0.7760
vn -0.6045 0.0000 -0.7966
vn -0.5777 0.0000 -0.8163
vn -0.5502 0.0000 -0.8350
vn -0.5221 0.0000 -0.8529
vn -0.4934 0.0000 -0.8698
vn -0.4642 0.0000 -0.8857
vn -0.4344 0.0000 -0.9007
vn -0.4042 0.0000 -0.9147
vn -0.3736 0.0000 -0.9276
vn -0.3425 0.0000 -0.9395
vn -0.3110 0.0000 -0.9504
vn -0.2792 0.0000 -0.9602
vn -0.2471 0.0000 -0.9690
vn -0.2147 0.0000 -0.9767
vn -0.1821 0.0000 -0.9833
vn -0.1492 0.0000 -0.9888
vn -0.1162 0.0000 -0.9932
vn -0.1163 0.0000 -0.9932
vn -0.0831 0.0000 -0.9965
vn -0.0499 0.0000 -0.9988
vn -0.0166 0.0000 -0.9999
vn -0.0167 0.0000 -0.9999
vn 0.0167 0.0000 -0.9999
vn 0.0166 0.0000 -0.9999
vn 0.0499 0.0000 -0.9988
vn 0.0831 0.0000 -0.9965
vn 0.1163 0.0000 -0.9932
vn 0.1492 0.0000 -0.9888
vn 0.1821 0.0000 -0.9833
vn 0.2147 0.0000 -0.9767
vn 0.2471 0.0000 -0.9690
vn 0.2792 0.0000 -0.9602
vn 0.3110 0.0000 -0.9504
vn 0.3425 0.0000 -0.9395
vn 0.3736 0.0000 -0.9276
vn 0.4042 0.0000 -0.9147
vn 0.4345 0.0000 -0.9007
vn 0.4642 0.0000 -0.8857
vn 0.4934 0.0000 -0.8698
vn 0.5221 0.0000 -0.8529
vn 0.5502 0.0000 -0.8350
vn 0.5777 0.0000 -0.8163
vn 0.6045 0.0000 -0.7966
vn 0.6307 0.0000 -0.7760
vn 0.6561 0.0000 -0.7546
vn 0.6809 0.0000 -0.7323
vn 0.7050 0.0000 -0.7093
vn 0.7282 0.0000 -0.6854
vn 0.7505 0.0000 -0.6608
vn -0.7071 0.0000 0.7071
vn 0.0000 0.0000 1.0000
vn -0.7971 0.0000 -0.6038
vn -0.7678 0.0000 -0.6407
vn -0.7365 0.0000 -0.6764
vn -0.7037 0.0000 -0.7105
vn -0.6693 0.0000 -0.7430
vn -0.6335 0.0000 -0.7737
vn -0.5961 0.0000 -0.8029
vn -0.5576 0.0000 -0.8301
vn -0.5176 0.0000 -0.8556
vn -0.4766 0.0000 -0.8791
vn -0.3914 0.0000 -0.9202
vn -0.3474 0.0000 -0.9377
vn -0.3027 0.0000 -0.9531
vn -0.2573 0.0000 -0.9663
vn -0.2113 0.0000 -0.9774
vn -0.1648 0.0000 -0.9863
vn -0.1180 0.0000 -0.9930
vn -0.0709 0.0000 -0.9975
vn -0.0237 0.0000 -0.9997
vn 0.0237 0.0000 -0.9997
vn 0.0709 0.0000 -0.9975
vn 0.1180 0.0000 -0.9930
vn 0.1649 0.0000 -0.9863
vn 0.2113 0.0000 -0.9774
vn 0.2573 0.0000 -0.9663
vn 0.3027 0.0000 -0.9531
vn 0.3475 0.0000 -0.9377
vn 0.3914 0.0000 -0.9202
vn 0.4765 0.0000 -0.8791
vn 0.4766 0.0000 -0.8791
vn 0.5177 0.0000 -0.8556
vn 0.5575 0.0000 -0.8302
vn 0.5962 0.0000 -0.8029
vn 0.6334 0.0000 -0.7738
vn 0.6693 0.0000 -0.7430
vn 0.7037 0.0000 -0.7105
vn 0.7366 0.0000 -0.6763
vn 0.7366 0.0000 -0.6764
vn 0.7677 0.0000 -0.6408
vn 0.7972 0.0000 -0.6037
vn -0.0000 0.0000 -1.0000
vn 0.7071 0.0000 -0.7071
vn -1.0000 0.0000 0.0000
vn 0.5618 0.0000 0.8273
vn 0.5233 0.0000 0.8522
vn 0.4836 0.0000 0.8753
vn 0.4430 0.0000 0.8965
vn 0.4013 0.0000 0.9159
vn 0.3589 0.0000 0.9334
vn 0.3157 0.0000 0.9488
vn 0.3158 0.0000 0.9488
vn 0.2719 0.0000 0.9623
vn 0.2274 0.0000 0.9738
vn 0.1825 0.0000 0.9832
vn 0.1372 0.0000 0.9905
vn 0.0917 0.0000 0.9958
vn 0.0916 0.0000 0.9958
vn 0.0459 0.0000 0.9989
vn -0.0459 0.0000 0.9989
vn -0.0916 0.0000 0.9958
vn -0.1372 0.0000 0.9905
vn -0.1826 0.0000 0.9832
vn -0.2274 0.0000 0.9738
vn -0.2719 0.0000 0.9623
vn -0.3157 0.0000 0.9489
vn -0.3589 0.0000 0.9334
vn -0.4013 0.0000 0.9159
vn -0.4429 0.0000 0.8965
vn -0.4836 0.0000 0.8753
vn -0.5233 0.0000 0.8522
vn -0.5618 0.0000 0.8273
vn -0.7071 0.0000 -0.7071
vn 0.8272 0.0000 0.5619
vn 0.8530 0.0000 0.5220
vn 0.8768 0.0000 0.4809
vn 0.8986 0.0000 0.4388
vn 0.9184 0.0000 0.3957
vn 0.9361 0.0000 0.3517
vn 0.9517 0.0000 0.3070
vn 0.9652 0.0000 0.2614
vn 0.9765 0.0000 0.2153
vn 0.9857 0.0000 0.1688
vn 0.9925 0.0000 0.1219
vn 0.9972 0.0000 0.0746
vn 0.9996 0.0000 0.0273
vn 0.9998 0.0000 -0.0203
vn 0.9977 0.0000 -0.0676
vn 0.9934 0.0000 -0.1148
vn 0.9868 0.0000 -0.1618
vn 0.9780 0.0000 -0.2084
vn 0.9670 0.0000 -0.2547
vn 0.9539 0.0000 -0.3001
vn 0.9386 0.0000 -0.3451
vn 0.9212 0.0000 -0.3892
vn 0.9016 0.0000 -0.4325
vn 0.8802 0.0000 -0.4747
vn 0.8566 0.0000 -0.5159
vn 0.8311 0.0000 -0.5561
vn 0.8039 0.0000 -0.5947
vn 0.7747 0.0000 -0.6323
vn 0.7439 0.0000 -0.6682
vn 0.7113 0.0000 -0.7029
vn 0.6772 0.0000 -0.7358
vn 0.6416 0.0000 -0.7670
vn 0.6044 0.0000 -0.7966
vn -0.6608 0.0000 0.7505
vn -0.6855 0.0000 0.7281
vn -0.7094 0.0000 0.7048
vn -0.7325 0.0000 0.6808
vn -0.7549 0.0000 0.6559
vn -0.7763 0.0000 0.6304
vn -0.7969 0.0000 0.6041
vn -0.8166 0.0000 0.5773
vn -0.8354 0.0000 0.5496
vn -0.8533 0.0000 0.5215
vn -0.8702 0.0000 0.4927
vn -0.8861 0.0000 0.4634
vn -0.9011 0.0000 0.4336
vn -0.9151 0.0000 0.4033
vn -0.9280 0.0000 0.3725
vn -0.9399 0.0000 0.3414
vn -0.9508 0.0000 0.3098
vn -0.9606 0.0000 0.2779
vn -0.9693 0.0000 0.2457
vn -0.9770 0.0000 0.2133
vn -0.9836 0.0000 0.1805
vn -0.9890 0.0000 0.1476
vn -0.9934 0.0000 0.1146
vn -0.9967 0.0000 0.0812
vn -0.9988 0.0000 0.0481
vn -0.9999 0.0000 0.0146
vn -0.9998 0.0000 -0.0186
vn -0.9986 0.0000 -0.0520
vn -0.9963 0.0000 -0.0854
vn -0.9930 0.0000 -0.1185
vn -0.9884 0.0000 -0.1516
vn -0.9828 0.0000 -0.1845
vn -0.9761 0.0000 -0.2171
vn -0.9683 0.0000 -0.2497
vn -0.9595 0.0000 -0.2817
vn -0.9496 0.0000 -0.3136
vn -0.9385 0.0000 -0.3452
vn -0.9265 0.0000 -0.3762
vn -0.9135 0.0000 -0.4069
vn -0.8994 0.0000 -0.4372
vn -0.8843 0.0000 -0.4670
vn -0.8682 0.0000 -0.4962
vn -0.8511 0.0000 -0.5249
vn -0.8332 0.0000 -0.5529
vn -0.8142 0.0000 -0.5805
vn -0.7945 0.0000 -0.6073
vn -0.7737 0.0000 -0.6335
vn 0.6335 0.0000 0.7738
vn 0.6072 0.0000 0.7946
vn 0.5803 0.0000 0.8144
vn 0.5527 0.0000 0.8334
vn 0.5245 0.0000 0.8514
vn 0.4957 0.0000 0.8685
vn 0.4664 0.0000 0.8846
vn 0.4366 0.0000 0.8997
vn 0.4062 0.0000 0.9138
vn 0.3754 0.0000 0.9269
vn 0.3442 0.0000 0.9389
vn 0.3126 0.0000 0.9499
vn 0.2806 0.0000 0.9598
vn 0.2483 0.0000 0.9687
vn 0.2158 0.0000 0.9764
vn 0.1830 0.0000 0.9831
vn 0.1500 0.0000 0.9887
vn 0.1169 0.0000 0.9931
vn 0.0836 0.0000 0.9965
vn 0.0502 0.0000 0.9987
vn 0.0167 0.0000 0.9999
vn -0.0167 0.0000 0.9999
vn -0.0502 0.0000 0.9987
vn -0.0836 0.0000 0.9965
vn -0.1169 0.0000 0.9931
vn -0.1500 0.0000 0.9887
vn -0.1830 0.0000 0.9831
vn -0.2158 0.0000 0.9764
vn -0.2484 0.0000 0.9687
vn -0.2806 0.0000 0.9598
vn -0.3126 0.0000 0.9499
vn -0.3442 0.0000 0.9389
vn -0.3754 0.0000 0.9269
vn -0.4062 0.0000 0.9138
vn -0.4366 0.0000 0.8997
vn -0.4664 0.0000 0.8846
vn -0.4958 0.0000 0.8685
vn -0.5245 0.0000 0.8514
vn -0.5527 0.0000 0.8334
vn -0.5803 0.0000 0.8144
vn -0.6072 0.0000 0.7945
vn -0.6335 0.0000 0.7738
vn 0.5625 0.0000 -0.8268
vn 0.5239 0.0000 -0.8518
vn 0.4842 0.0000 -0.8749
vn 0.4435 0.0000 -0.8963
vn 0.4018 0.0000 -0.9157
vn 0.3594 0.0000 -0.9332
vn 0.3162 0.0000 -0.9487
vn 0.2722 0.0000 -0.9622
vn 0.2277 0.0000 -0.9737
vn 0.1828 0.0000 -0.9832
vn 0.1374 0.0000 -0.9905
vn 0.0918 0.0000 -0.9958
vn 0.0459 0.0000 -0.9989
vn -0.0459 0.0000 -0.9989
vn -0.0918 0.0000 -0.9958
vn -0.1374 0.0000 -0.9905
vn -0.1828 0.0000 -0.9832
vn -0.2277 0.0000 -0.9737
vn -0.2722 0.0000 -0.9622
vn -0.3161 0.0000 -0.9487
vn -0.3594 0.0000 -0.9332
vn -0.4019 0.0000 -0.9157
vn -0.4435 0.0000 -0.8963
vn -0.4842 0.0000 -0.8749
vn -0.5239 0.0000 -0.8518
vn -0.5624 0.0000 -0.8269
vn -0.6038 0.0000 0.7971
vn -0.6410 0.0000 0.7676
vn -0.6767 0.0000 0.7363
vn -0.7108 0.0000 0.7034
vn -0.7434 0.0000 0.6689
vn -0.7742 0.0000 0.6329
vn -0.8034 0.0000 0.5954
vn -0.8307 0.0000 0.5567
vn -0.8562 0.0000 0.5166
vn -0.8797 0.0000 0.4754
vn -0.9013 0.0000 0.4332
vn -0.9208 0.0000 0.3899
vn -0.9383 0.0000 0.3459
vn -0.9536 0.0000 0.3009
vn -0.9668 0.0000 0.2554
vn -0.9779 0.0000 0.2092
vn -0.9867 0.0000 0.1626
vn -0.9933 0.0000 0.1158
vn -0.9977 0.0000 0.0683
vn -0.9998 0.0000 0.0211
vn -0.9996 0.0000 -0.0265
vn -0.9973 0.0000 -0.0737
vn -0.9926 0.0000 -0.1210
vn -0.9858 0.0000 -0.1680
vn -0.9767 0.0000 -0.2145
vn -0.9654 0.0000 -0.2607
vn -0.9520 0.0000 -0.3061
vn -0.9364 0.0000 -0.3509
vn -0.9187 0.0000 -0.3949
vn -0.8990 0.0000 -0.4380
vn -0.8772 0.0000 -0.4802
vn -0.8533 0.0000 -0.5213
vn -0.8278 0.0000 -0.5611
vn 1.0000 0.0000 -0.0000
vn 0.8277 0.0000 -0.5612
vn 0.8534 0.0000 -0.5212
vn 0.8772 0.0000 -0.4802
vn 0.8989 0.0000 -0.4381
vn 0.9187 0.0000 -0.3949
vn 0.9364 0.0000 -0.3509
vn 0.9520 0.0000 -0.3061
vn 0.9655 0.0000 -0.2605
vn 0.9767 0.0000 -0.2146
vn 0.9858 0.0000 -0.1679
vn 0.9926 0.0000 -0.1210
vn 0.9973 0.0000 -0.0739
vn 0.9997 0.0000 -0.0263
vn 0.9998 0.0000 0.0209
vn 0.9977 0.0000 0.0685
vn 0.9933 0.0000 0.1156
vn 0.9867 0.0000 0.1626
vn 0.9779 0.0000 0.2092
vn 0.9668 0.0000 0.2554
vn 0.9536 0.0000 0.3009
vn 0.9383 0.0000 0.3459
vn 0.9208 0.0000 0.3899
vn 0.9013 0.0000 0.4332
vn 0.8797 0.0000 0.4755
vn 0.8562 0.0000 0.5166
vn 0.8308 0.0000 0.5566
vn 0.8034 0.0000 0.5955
vn 0.7743 0.0000 0.6328
vn 0.7433 0.0000 0.6690
vn 0.7108 0.0000 0.7033
vn 0.6766 0.0000 0.7363
vn 0.6410 0.0000 0.7676
vn 0.6039 0.0000 0.7971
vn 0.7738 0.0000 -0.6335
vn 0.7944 0.0000 -0.6073
vn 0.8143 0.0000 -0.5805
vn 0.8332 0.0000 -0.5530
vn 0.8512 0.0000 -0.5249
vn 0.8682 0.0000 -0.4962
vn 0.8843 0.0000 -0.4670
vn 0.8994 0.0000 -0.4372
vn 0.9135 0.0000 -0.4069
vn 0.9265 0.0000 -0.3762
vn 0.9496 0.0000 -0.3136
vn 0.9595 0.0000 -0.2818
vn 0.9684 0.0000 -0.2496
vn 0.9761 0.0000 -0.2172
vn 0.9828 0.0000 -0.1845
vn 0.9885 0.0000 -0.1515
vn 0.9929 0.0000 -0.1186
vn 0.9964 0.0000 -0.0853
vn 0.9986 0.0000 -0.0520
vn 0.9998 0.0000 -0.0187
vn 0.9999 0.0000 0.0147
vn 0.9988 0.0000 0.0480
vn 0.9967 0.0000 0.0813
vn 0.9934 0.0000 0.1146
vn 0.9890 0.0000 0.1476
vn 0.9836 0.0000 0.1805
vn 0.9770 0.0000 0.2132
vn 0.9693 0.0000 0.2457
vn 0.9606 0.0000 0.2779
vn 0.9508 0.0000 0.3098
vn 0.9399 0.0000 0.3414
vn 0.9280 0.0000 0.3726
vn 0.9151 0.0000 0.4032
vn 0.9011 0.0000 0.4336
vn 0.8861 0.0000 0.4634
vn 0.8702 0.0000 0.4927
vn 0.8533 0.0000 0.5214
vn 0.8354 0.0000 0.5496
vn 0.8166 0.0000 0.5772
vn 0.7969 0.0000 0.6041
vn 0.7763 0.0000 0.6304
vn 0.7548 0.0000 0.6559
vn 0.7325 0.0000 0.6807
vn 0.7094 0.0000 0.7048
vn 0.6855 0.0000 0.7281
vn 0.6608 0.0000 0.7505
vn -0.6415 0.0000 -0.7671
vn -0.6772 0.0000 -0.7358
vn -0.7114 0.0000 -0.7028
vn -0.7439 0.0000 -0.6683
vn -0.7748 0.0000 -0.6322
vn -0.8039 0.0000 -0.5948
vn -0.8312 0.0000 -0.5560
vn -0.8566 0.0000 -0.5159
vn -0.8801 0.0000 -0.4748
vn -0.9017 0.0000 -0.4324
vn -0.9211 0.0000 -0.3893
vn -0.9386 0.0000 -0.3450
vn -0.9539 0.0000 -0.3002
vn -0.9671 0.0000 -0.2545
vn -0.9780 0.0000 -0.2084
vn -0.9868 0.0000 -0.1618
vn -0.9934 0.0000 -0.1149
vn -0.9977 0.0000 -0.0676
vn -0.9998 0.0000 -0.0202
vn -0.9996 0.0000 0.0273
vn -0.9972 0.0000 0.0746
vn -0.9926 0.0000 0.1218
vn -0.9857 0.0000 0.1688
vn -0.9765 0.0000 0.2154
vn -0.9652 0.0000 0.2614
vn -0.9518 0.0000 0.3068
vn -0.9361 0.0000 0.3517
vn -0.9184 0.0000 0.3957
vn -0.8986 0.0000 0.4388
vn -0.8767 0.0000 0.4810
vn -0.8530 0.0000 0.5220
vn -0.8273 0.0000 0.5618
vn 0.7076 0.0000 -0.7066
vn -0.6610 0.0000 -0.7503
vn -0.6859 0.0000 -0.7277
vn -0.7100 0.0000 -0.7042
vn -0.7332 0.0000 -0.6800
vn -0.7557 0.0000 -0.6550
vn -0.7772 0.0000 -0.6292
vn -0.7979 0.0000 -0.6027
vn -0.8177 0.0000 -0.5756
vn -0.8366 0.0000 -0.5478
vn -0.8545 0.0000 -0.5194
vn -0.8715 0.0000 -0.4903
vn -0.8875 0.0000 -0.4608
vn -0.9025 0.0000 -0.4308
vn -0.9164 0.0000 -0.4002
vn -0.9294 0.0000 -0.3692
vn -0.9412 0.0000 -0.3378
vn -0.9520 0.0000 -0.3060
vn -0.9618 0.0000 -0.2737
vn -0.9704 0.0000 -0.2413
vn -0.9780 0.0000 -0.2086
vn -0.9845 0.0000 -0.1756
vn -0.9898 0.0000 -0.1424
vn -0.9940 0.0000 -0.1091
vn -0.9971 0.0000 -0.0756
vn -0.9991 0.0000 -0.0421
vn -1.0000 0.0000 -0.0085
vn -0.9997 0.0000 0.0251
vn -0.9983 0.0000 0.0587
vn -0.9957 0.0000 0.0922
vn -0.9921 0.0000 0.1256
vn -0.9873 0.0000 0.1588
vn -0.9814 0.0000 0.1919
vn -0.9744 0.0000 0.2248
vn -0.9663 0.0000 0.2574
vn -0.9571 0.0000 0.2897
vn -0.9468 0.0000 0.3217
vn -0.9355 0.0000 0.3533
vn -0.9231 0.0000 0.3846
vn -0.9097 0.0000 0.4154
vn -0.8952 0.0000 0.4457
vn -0.8797 0.0000 0.4755
vn -0.8632 0.0000 0.5048
vn -0.8458 0.0000 0.5335
vn -0.8274 0.0000 0.5616
vn -0.8080 0.0000 0.5891
vn -0.7878 0.0000 0.6159
vn -0.7667 0.0000 0.6420
vn -0.7447 0.0000 0.6674
vn -0.7218 0.0000 0.6921
vn -0.6982 0.0000 0.7159
vn -0.6737 0.0000 0.7390
vn -0.6485 0.0000 0.7612
vn -0.6226 0.0000 0.7825
vn -0.5959 0.0000 0.8030
vn -0.5686 0.0000 0.8226
vn -0.5407 0.0000 0.8412
vn -0.5121 0.0000 0.8589
vn -0.4830 0.0000 0.8756
vn -0.4532 0.0000 0.8914
vn -0.4231 0.0000 0.9061
vn -0.3924 0.0000 0.9198
vn -0.3612 0.0000 0.9325
vn -0.3297 0.0000 0.9441
vn -0.2978 0.0000 0.9546
vn -0.2656 0.0000 0.9641
vn -0.2330 0.0000 0.9725
vn -0.2002 0.0000 0.9797
vn -0.1672 0.0000 0.9859
vn -0.1340 0.0000 0.9910
vn -0.1006 0.0000 0.9949
vn -0.0671 0.0000 0.9977
vn -0.0336 0.0000 0.9994
vn 0.0336 0.0000 0.9994
vn 0.0671 0.0000 0.9977
vn 0.1006 0.0000 0.9949
vn 0.1340 0.0000 0.9910
vn 0.1672 0.0000 0.9859
vn 0.2003 0.0000 0.9797
vn 0.2330 0.0000 0.9725
vn 0.2656 0.0000 0.9641
vn 0.2978 0.0000 0.9546
vn 0.3297 0.0000 0.9441
vn 0.3613 0.0000 0.9325
vn 0.3924 0.0000 0.9198
vn 0.4230 0.0000 0.9061
vn 0.4533 0.0000 0.8914
vn 0.4830 0.0000 0.8756
vn 0.5121 0.0000 0.8589
vn 0.5406 0.0000 0.8412
vn 0.5406 0.0000 0.8413
vn 0.5686 0.0000 0.8226
vn 0.5960 0.0000 0.8030
vn 0.6226 0.0000 0.7826
vn 0.6486 0.0000 0.7612
vn 0.6737 0.0000 0.7390
vn 0.6982 0.0000 0.7159
vn 0.7218 0.0000 0.6921
vn 0.7447 0.0000 0.6674
vn 0.7667 0.0000 0.6420
vn 0.7878 0.0000 0.6159
vn 0.8081 0.0000 0.5891
vn 0.8274 0.0000 0.5616
vn 0.8458 0.0000 0.5335
vn 0.8632 0.0000 0.5048
vn 0.8952 0.0000 0.4456
vn 0.9097 0.0000 0.4154
vn 0.9231 0.0000 0.3846
vn 0.9355 0.0000 0.3534
vn 0.9468 0.0000 0.3217
vn 0.9571 0.0000 0.2897
vn 0.9663 0.0000 0.2574
vn 0.9744 0.0000 0.2248
vn 0.9814 0.0000 0.1919
vn 0.9873 0.0000 0.1588
vn 0.9921 0.0000 0.1256
vn 0.9957 0.0000 0.0922
vn 0.9983 0.0000 0.0587
vn 0.9997 0.0000 0.0250
vn 1.0000 0.0000 -0.0085
vn 0.9991 0.0000 -0.0420
vn 0.9971 0.0000 -0.0757
vn 0.9940 0.0000 -0.1090
vn 0.9898 0.0000 -0.1425
vn 0.9845 0.0000 -0.1756
vn 0.9780 0.0000 -0.2086
vn 0.9704 0.0000 -0.2413
vn 0.9618 0.0000 -0.2737
vn 0.9521 0.0000 -0.3059
vn 0.9412 0.0000 -0.3378
vn 0.9294 0.0000 -0.3692
vn 0.9164 0.0000 -0.4002
vn 0.9025 0.0000 -0.4307
vn 0.8875 0.0000 -0.4608
vn 0.8715 0.0000 -0.4904
vn 0.8545 0.0000 -0.5194
vn 0.8366 0.0000 -0.5478
vn 0.8178 0.0000 -0.5756
vn 0.7979 0.0000 -0.6027
vn 0.7772 0.0000 -0.6292
vn 0.7557 0.0000 -0.6550
vn 0.7332 0.0000 -0.6800
vn 0.7100 0.0000 -0.7042
vn 0.6859 0.0000 -0.7277
vn 0.6611 0.0000 -0.7503
vn -0.7070 0.0000 -0.7073
vn 0.6336 0.0000 -0.7737
vn 0.6074 0.0000 -0.7944
vn 0.5805 0.0000 -0.8143
vn 0.5529 0.0000 -0.8333
vn 0.5247 0.0000 -0.8513
vn 0.4959 0.0000 -0.8684
vn 0.4665 0.0000 -0.8845
vn 0.4367 0.0000 -0.8996
vn 0.4063 0.0000 -0.9137
vn 0.3755 0.0000 -0.9268
vn 0.3443 0.0000 -0.9389
vn 0.3127 0.0000 -0.9499
vn 0.2807 0.0000 -0.9598
vn 0.2484 0.0000 -0.9687
vn 0.2159 0.0000 -0.9764
vn 0.2158 0.0000 -0.9764
vn 0.1831 0.0000 -0.9831
vn 0.1501 0.0000 -0.9887
vn 0.1169 0.0000 -0.9931
vn 0.0836 0.0000 -0.9965
vn 0.0502 0.0000 -0.9987
vn -0.0502 0.0000 -0.9987
vn -0.0836 0.0000 -0.9965
vn -0.1169 0.0000 -0.9931
vn -0.1501 0.0000 -0.9887
vn -0.1831 0.0000 -0.9831
vn -0.2159 0.0000 -0.9764
vn -0.2484 0.0000 -0.9687
vn -0.2807 0.0000 -0.9598
vn -0.3127 0.0000 -0.9499
vn -0.3443 0.0000 -0.9389
vn -0.3755 0.0000 -0.9268
vn -0.4063 0.0000 -0.9137
vn -0.4367 0.0000 -0.8996
vn -0.4666 0.0000 -0.8845
vn -0.4959 0.0000 -0.8684
vn -0.5247 0.0000 -0.8513
vn -0.5529 0.0000 -0.8333
vn -0.5804 0.0000 -0.8143
vn -0.6074 0.0000 -0.7944
vn -0.6336 0.0000 -0.7737
vn 0.0000 1.0000 0.0000
vn 0.0000 -1.0000 -0.0000
usemtl None
s off
f 1//1 2//1 3//1
f 3//1 2//1 4//1
f 4//2 2//2 5//2
f 4//2 5//2 6//2
f 6//3 5//3 7//3
f 6//3 7//3 8//3
f 8//4 7//4 9//4
f 8//4 9//4 10//4
f 10//5 9//5 11//5
f 10//5 11//5 12//5
f 12//6 11//6 13//6
f 12//6 13//6 14//6
f 14//7 13//7 15//7
f 14//7 15//7 16//7
f 16//8 15//8 17//8
f 16//8 17//8 18//8
f 18//9 17//9 19//9
f 18//9 19//9 20//9
f 20//10 19//10 21//10
f 20//11 21//11 22//11
f 22//12 21//12 23//12
f 22//12 23//12 24//12
f 24//13 23//13 25//13
f 24//13 25//13 26//13
f 26//14 25//14 27//14
f 26//14 27//14 28//14
f 28//15 27//15 29//15
f 28//15 29//15 30//15
f 30//16 29//16 31//16
f 30//16 31//16 32//16
f 32//17 31//17 33//17
f 32//17 33//17 34//17
f 34//18 33//18 35//18
f 34//18 35//18 36//18
f 36//19 35//19 37//19
f 36//19 37//19 38//19
f 38//20 37//20 39//20
f 38//20 39//20 40//20
f 40//21 39//21 41//21
f 40//21 41//21 42//21
f 42//22 41//22 43//22
f 42//22 43//22 44//22
f 44//23 43//23 45//23
f 44//23 45//23 46//23
f 46//24 45//24 47//24
f 46//24 47//24 48//24
f 48//25 47//25 49//25
f 48//25 49//25 50//25
f 50//26 49//26 51//26
f 50//26 51//26 52//26
f 52//27 51//27 53//27
f 52//27 53//27 54//27
f 54//28 53//28 55//28
f 54//28 55//28 56//28
f 56//29 55//29 57//29
f 56//29 57//29 58//29
f 58//30 57//30 59//30
f 58//30 59//30 60//30
f 60//31 59//31 61//31
f 60//31 61//31 62//31
f 62//32 61//32 63//32
f 62//32 63//32 64//32
f 64//33 63//33 65//33
f 64//33 65//33 66//33
f 66//34 65//34 67//34
f 66//34 67//34 68//34
f 68//35 67//35 69//35
f 68//35 69//35 70//35
f 70//36 69//36 71//36
f 70//36 71//36 72//36
f 72//37 71//37 73//37
f 72//37 73//37 74//37
f 74//38 73//38 75//38
f 74//38 75//38 76//38
f 76//39 75//39 77//39
f 76//39 77//39 78//39
f 78//40 77//40 79//40
f 78//40 79//40 80//40
f 80//41 79//41 81//41
f 80//41 81//41 82//41
f 83//42 1//42 84//42
f 84//42 1//42 3//42
f 85//43 86//43 87//43
f 87//43 86//43 88//43
f 88//44 86//44 89//44
f 88//44 89//44 90//44
f 90//45 89//45 91//45
f 90//45 91//45 92//45
f 92//46 91//46 93//46
f 92//46 93//46 94//46
f 94//47 93//47 95//47
f 94//47 95//47 96//47
f 96//48 95//48 97//48
f 96//48 97//48 98//48
f 98//49 97//49 99//49
f 98//49 99//49 100//49
f 100//50 99//50 101//50
f 100//50 101//50 102//50
f 102//51 101//51 103//51
f 102//51 103//51 104//51
f 104//52 103//52 105//52
f 104//52 105//52 106//52
f 106//53 105//53 107//53
f 106//53 107//53 108//53
f 108//54 107//54 109//54
f 108//54 109//54 110//54
f 110//55 109//55 111//55
f 110//55 111//55 112//55
f 112//56 111//56 113//56
f 112//56 113//56 114//56
f 114//57 113//57 115//57
f 114//57 115//57 116//57
f 116//58 115//58 117//58
f 116//58 117//58 118//58
f 118//59 117//59 119//59
f 118//59 119//59 120//59
f 120//60 119//60 121//60
f 120//60 121//60 122//60
f 122//61 121//61 123//61
f 122//61 123//61 124//61
f 124//62 123//62 125//62
f 124//62 125//62 126//62
f 126//63 125//63 127//63
f 126//63 127//63 128//63
f 128//64 127//64 129//64
f 128//64 129//64 130//64
f 130//65 129//65 131//65
f 130//66 131//66 132//66
f 132//67 131//67 133//67
f 132//67 133//67 134//67
f 134//68 133//68 135//68
f 134//68 135//68 136//68
f 136//69 135//69 137//69
f 136//70 137//70 138//70
f 138//71 137//71 139//71
f 138//72 139//72 140//72
f 140//73 139//73 141//73
f 140//73 141//73 142//73
f 142//74 141//74 143//74
f 142//74 143//74 144//74
f 144//75 143//75 145//75
f 144//75 145//75 146//75
f 146//76 145//76 147//76
f 146//76 147//76 148//76
f 148//77 147//77 149//77
f 148//77 149//77 150//77
f 150//78 149//78 151//78
f 150//78 151//78 152//78
f 152//79 151//79 153//79
f 152//79 153//79 154//79
f 154//80 153//80 155//80
f 154//80 155//80 156//80
f 156//81 155//81 157//81
f 156//81 157//81 158//81
f 158//82 157//82 159//82
f 158//82 159//82 160//82
f 160//83 159//83 161//83
f 160//83 161//83 162//83
f 162//84 161//84 163//84
f 162//84 163//84 164//84
f 164//85 163//85 165//85
f 164//85 165//85 166//85
f 166//86 165//86 167//86
f 166//86 167//86 168//86
f 168//87 167//87 169//87
f 168//87 169//87 170//87
f 170//88 169//88 171//88
f 170//88 171//88 172//88
f 172//89 171//89 173//89
f 172//89 173//89 174//89
f 174//90 173//90 175//90
f 174//90 175//90 176//90
f 176//91 175//91 177//91
f 176//91 177//91 178//91
f 178//92 177//92 179//92
f 178//92 179//92 180//92
f 180//93 179//93 181//93
f 180//93 181//93 182//93
f 182//94 181//94 183//94
f 182//94 183//94 184//94
f 184//95 183//95 185//95
f 184//95 185//95 186//95
f 186//96 185//96 187//96
f 186//96 187//96 188//96
f 188//97 187//97 83//97
f 188//97 83//97 84//97
f 81//98 85//98 82//98
f 82//98 85//98 87//98
f 189//99 190//99 191//99
f 191//99 190//99 192//99
f 193//42 189//42 194//42
f 194//42 189//42 191//42
f 195//100 196//100 197//100
f 197//100 196//100 198//100
f 197//101 198//101 199//101
f 199//101 198//101 200//101
f 199//102 200//102 201//102
f 199//102 201//102 202//102
f 202//103 201//103 203//103
f 202//103 203//103 204//103
f 204//104 203//104 205//104
f 204//104 205//104 206//104
f 206//105 205//105 207//105
f 206//105 207//105 208//105
f 208//106 207//106 209//106
f 208//106 209//106 210//106
f 210//107 209//107 211//107
f 210//107 211//107 212//107
f 212//108 211//108 213//108
f 212//108 213//108 214//108
f 214//109 213//109 215//109
f 214//109 215//109 216//109
f 216//55 215//55 217//55
f 216//55 217//55 218//55
f 218//110 217//110 219//110
f 218//110 219//110 220//110
f 220//111 219//111 221//111
f 220//111 221//111 222//111
f 222//112 221//112 223//112
f 222//112 223//112 224//112
f 224//113 223//113 225//113
f 224//113 225//113 226//113
f 226//114 225//114 227//114
f 226//114 227//114 228//114
f 228//115 227//115 229//115
f 228//115 229//115 230//115
f 230//116 229//116 231//116
f 230//116 231//116 232//116
f 232//117 231//117 233//117
f 232//117 233//117 234//117
f 234//118 233//118 235//118
f 234//118 235//118 236//118
f 236//119 235//119 237//119
f 236//119 237//119 238//119
f 238//120 237//120 239//120
f 238//120 239//120 240//120
f 240//121 239//121 241//121
f 240//121 241//121 242//121
f 242//122 241//122 243//122
f 242//122 243//122 244//122
f 244//123 243//123 245//123
f 244//123 245//123 246//123
f 246//124 245//124 247//124
f 246//124 247//124 248//124
f 248//125 247//125 249//125
f 248//125 249//125 250//125
f 250//126 249//126 251//126
f 250//126 251//126 252//126
f 252//127 251//127 253//127
f 252//127 253//127 254//127
f 254//85 253//85 255//85
f 254//85 255//85 256//85
f 256//128 255//128 257//128
f 256//129 257//129 258//129
f 258//130 257//130 259//130
f 258//130 259//130 260//130
f 260//131 259//131 261//131
f 260//131 261//131 262//131
f 262//132 261//132 263//132
f 262//132 263//132 264//132
f 264//133 263//133 265//133
f 264//133 265//133 266//133
f 266//134 265//134 267//134
f 266//134 267//134 268//134
f 268//135 267//135 269//135
f 268//135 269//135 270//135
f 270//136 269//136 271//136
f 270//137 271//137 272//137
f 272//138 271//138 273//138
f 272//138 273//138 274//138
f 274//139 273//139 193//139
f 274//139 193//139 194//139
f 190//98 196//98 192//98
f 192//98 196//98 195//98
f 275//42 276//42 277//42
f 277//42 276//42 278//42
f 279//140 275//140 280//140
f 280//140 275//140 277//140
f 276//98 279//98 278//98
f 278//98 279//98 280//98
f 281//42 282//42 283//42
f 283//42 282//42 284//42
f 285//141 281//141 286//141
f 286//141 281//141 283//141
f 282//142 285//142 284//142
f 284//142 285//142 286//142
f 287//143 288//143 289//143
f 289//143 288//143 290//143
f 289//144 290//144 291//144
f 289//144 291//144 292//144
f 292//145 291//145 293//145
f 292//145 293//145 294//145
f 294//146 293//146 295//146
f 294//146 295//146 296//146
f 296//147 295//147 297//147
f 296//147 297//147 298//147
f 298//148 297//148 299//148
f 298//148 299//148 300//148
f 300//149 299//149 301//149
f 300//150 301//150 302//150
f 302//151 301//151 303//151
f 302//151 303//151 304//151
f 304//152 303//152 305//152
f 304//152 305//152 306//152
f 306//153 305//153 307//153
f 306//153 307//153 308//153
f 308//154 307//154 309//154
f 308//154 309//154 310//154
f 310//155 309//155 311//155
f 310//156 311//156 312//156
f 312//157 311//157 313//157
f 312//157 313//157 314//157
f 314//99 313//99 315//99
f 314//99 315//99 316//99
f 316//158 315//158 317//158
f 316//158 317//158 318//158
f 318//159 317//159 319//159
f 318//159 319//159 320//159
f 320//160 319//160 321//160
f 320//160 321//160 322//160
f 322//161 321//161 323//161
f 322//161 323//161 324//161
f 324//162 323//162 325//162
f 324//162 325//162 326//162
f 326//163 325//163 327//163
f 326//163 327//163 328//163
f 328//164 327//164 329//164
f 328//164 329//164 330//164
f 330//165 329//165 331//165
f 330//165 331//165 332//165
f 332//166 331//166 333//166
f 332//166 333//166 334//166
f 334//167 333//167 335//167
f 334//167 335//167 336//167
f 336//168 335//168 337//168
f 336//168 337//168 338//168
f 338//169 337//169 339//169
f 338//169 339//169 340//169
f 340//170 339//170 341//170
f 340//170 341//170 342//170
f 343//141 288//141 344//141
f 344//141 288//141 287//141
f 345//140 343//140 346//140
f 346//140 343//140 344//140
f 341//171 345//171 342//171
f 342//171 345//171 346//171
f 347//42 348//42 349//42
f 349//42 348//42 350//42
f 351//172 352//172 353//172
f 353//172 352//172 354//172
f 354//173 352//173 355//173
f 354//173 355//173 356//173
f 356//174 355//174 357//174
f 356//174 357//174 358//174
f 358//175 357//175 359//175
f 358//175 359//175 360//175
f 360//176 359//176 361//176
f 360//176 361//176 362//176
f 362//177 361//177 363//177
f 362//177 363//177 364//177
f 364//178 363//178 365//178
f 364//178 365//178 366//178
f 366//179 365//179 367//179
f 366//179 367//179 368//179
f 368//180 367//180 369//180
f 368//180 369//180 370//180
f 370//181 369//181 371//181
f 370//181 371//181 372//181
f 372//182 371//182 373//182
f 372//182 373//182 374//182
f 374//183 373//183 375//183
f 374//183 375//183 376//183
f 376//184 375//184 377//184
f 376//184 377//184 378//184
f 378//185 377//185 379//185
f 378//185 379//185 380//185
f 380//186 379//186 381//186
f 380//186 381//186 382//186
f 382//187 381//187 383//187
f 382//187 383//187 384//187
f 384//188 383//188 385//188
f 384//188 385//188 386//188
f 386//189 385//189 387//189
f 386//189 387//189 388//189
f 388//190 387//190 389//190
f 388//190 389//190 390//190
f 390//191 389//191 391//191
f 390//191 391//191 392//191
f 392//192 391//192 393//192
f 392//192 393//192 394//192
f 394//193 393//193 395//193
f 394//193 395//193 396//193
f 396//194 395//194 397//194
f 396//194 397//194 398//194
f 398//195 397//195 399//195
f 398//195 399//195 400//195
f 400//196 399//196 401//196
f 400//196 401//196 402//196
f 402//197 401//197 403//197
f 402//197 403//197 404//197
f 404//198 403//198 405//198
f 404//198 405//198 406//198
f 406//199 405//199 407//199
f 406//199 407//199 408//199
f 408//200 407//200 409//200
f 408//200 409//200 410//200
f 410//201 409//201 411//201
f 410//201 411//201 412//201
f 412//202 411//202 413//202
f 412//202 413//202 414//202
f 414//203 413//203 415//203
f 414//203 415//203 416//203
f 416//204 415//204 347//204
f 416//204 347//204 349//204
f 417//141 351//141 418//141
f 418//141 351//141 353//141
f 348//205 419//205 350//205
f 350//205 419//205 420//205
f 420//206 419//206 421//206
f 420//206 421//206 422//206
f 422//207 421//207 423//207
f 422//207 423//207 424//207
f 424//208 423//208 425//208
f 424//208 425//208 426//208
f 426//209 425//209 427//209
f 426//209 427//209 428//209
f 428//210 427//210 429//210
f 428//210 429//210 430//210
f 430//211 429//211 431//211
f 430//211 431//211 432//211
f 432//212 431//212 433//212
f 432//212 433//212 434//212
f 434//213 433//213 435//213
f 434//213 435//213 436//213
f 436//214 435//214 437//214
f 436//214 437//214 438//214
f 438//215 437//215 439//215
f 438//215 439//215 440//215
f 440//216 439//216 441//216
f 440//216 441//216 442//216
f 442//217 441//217 443//217
f 442//217 443//217 444//217
f 444//218 443//218 445//218
f 444//218 445//218 446//218
f 446//219 445//219 447//219
f 446//219 447//219 448//219
f 448//220 447//220 449//220
f 448//220 449//220 450//220
f 450//221 449//221 451//221
f 450//221 451//221 452//221
f 452//222 451//222 453//222
f 452//222 453//222 454//222
f 454//223 453//223 455//223
f 454//223 455//223 456//223
f 456//224 455//224 457//224
f 456//224 457//224 458//224
f 458//225 457//225 459//225
f 458//225 459//225 460//225
f 460//226 459//226 461//226
f 460//226 461//226 462//226
f 462//227 461//227 463//227
f 462//227 463//227 464//227
f 464//228 463//228 465//228
f 464//228 465//228 466//228
f 466//229 465//229 467//229
f 466//229 467//229 468//229
f 468//230 467//230 469//230
f 468//230 469//230 470//230
f 470//231 469//231 471//231
f 470//231 471//231 472//231
f 472//232 471//232 473//232
f 472//232 473//232 474//232
f 474//233 473//233 475//233
f 474//233 475//233 476//233
f 476//234 475//234 477//234
f 476//234 477//234 478//234
f 478//235 477//235 479//235
f 478//235 479//235 480//235
f 480//236 479//236 481//236
f 480//236 481//236 482//236
f 482//237 481//237 483//237
f 482//237 483//237 484//237
f 484//238 483//238 485//238
f 484//238 485//238 486//238
f 486//239 485//239 487//239
f 486//239 487//239 488//239
f 488//240 487//240 489//240
f 488//240 489//240 490//240
f 490//241 489//241 491//241
f 490//241 491//241 492//241
f 492//242 491//242 493//242
f 492//242 493//242 494//242
f 494//243 493//243 495//243
f 494//243 495//243 496//243
f 496//244 495//244 497//244
f 496//244 497//244 498//244
f 498//245 497//245 499//245
f 498//245 499//245 500//245
f 500//246 499//246 501//246
f 500//246 501//246 502//246
f 502//247 501//247 503//247
f 502//247 503//247 504//247
f 504//248 503//248 505//248
f 504//248 505//248 506//248
f 506//249 505//249 507//249
f 506//249 507//249 508//249
f 508//250 507//250 509//250
f 508//250 509//250 510//250
f 510//251 509//251 417//251
f 510//251 417//251 418//251
f 511//252 512//252 513//252
f 513//252 512//252 514//252
f 514//253 512//253 515//253
f 514//253 515//253 516//253
f 516//254 515//254 517//254
f 516//254 517//254 518//254
f 518//255 517//255 519//255
f 518//255 519//255 520//255
f 520//256 519//256 521//256
f 520//256 521//256 522//256
f 522//257 521//257 523//257
f 522//257 523//257 524//257
f 524//258 523//258 525//258
f 524//258 525//258 526//258
f 526//259 525//259 527//259
f 526//259 527//259 528//259
f 528//260 527//260 529//260
f 528//260 529//260 530//260
f 530//261 529//261 531//261
f 530//261 531//261 532//261
f 532//262 531//262 533//262
f 532//262 533//262 534//262
f 534//263 533//263 535//263
f 534//263 535//263 536//263
f 536//264 535//264 537//264
f 536//264 537//264 538//264
f 538//265 537//265 539//265
f 538//265 539//265 540//265
f 540//266 539//266 541//266
f 540//266 541//266 542//266
f 542//267 541//267 543//267
f 542//267 543//267 544//267
f 544//268 543//268 545//268
f 544//268 545//268 546//268
f 546//269 545//269 547//269
f 546//269 547//269 548//269
f 548//270 547//270 549//270
f 548//270 549//270 550//270
f 550//271 549//271 551//271
f 550//271 551//271 552//271
f 552//272 551//272 553//272
f 552//272 553//272 554//272
f 554//273 553//273 555//273
f 554//273 555//273 556//273
f 556//274 555//274 557//274
f 556//274 557//274 558//274
f 558//275 557//275 559//275
f 558//275 559//275 560//275
f 560//276 559//276 561//276
f 560//276 561//276 562//276
f 562//277 561//277 563//277
f 562//277 563//277 564//277
f 564//278 563//278 565//278
f 564//278 565//278 566//278
f 566//279 565//279 567//279
f 566//279 567//279 568//279
f 568//280 567//280 569//280
f 568//280 569//280 570//280
f 570//281 569//281 571//281
f 570//281 571//281 572//281
f 572//282 571//282 573//282
f 572//282 573//282 574//282
f 574//283 573//283 575//283
f 574//283 575//283 576//283
f 576//284 575//284 577//284
f 576//284 577//284 578//284
f 578//285 577//285 579//285
f 578//285 579//285 580//285
f 580//286 579//286 581//286
f 580//286 581//286 582//286
f 582//287 581//287 583//287
f 582//287 583//287 584//287
f 584//288 583//288 585//288
f 584//288 585//288 586//288
f 586//289 585//289 587//289
f 586//289 587//289 588//289
f 588//290 587//290 589//290
f 588//290 589//290 590//290
f 590//291 589//291 591//291
f 590//291 591//291 592//291
f 592//292 591//292 593//292
f 592//292 593//292 594//292
f 594//293 593//293 595//293
f 594//293 595//293 596//293
f 597//141 511//141 598//141
f 598//141 511//141 513//141
f 599//294 600//294 601//294
f 601//294 600//294 602//294
f 602//295 600//295 603//295
f 602//295 603//295 604//295
f 604//296 603//296 605//296
f 604//296 605//296 606//296
f 606//297 605//297 607//297
f 606//297 607//297 608//297
f 608//298 607//298 609//298
f 608//298 609//298 610//298
f 610//299 609//299 611//299
f 610//299 611//299 612//299
f 612//300 611//300 613//300
f 612//300 613//300 614//300
f 614//301 613//301 615//301
f 614//301 615//301 616//301
f 616//302 615//302 617//302
f 616//302 617//302 618//302
f 618//303 617//303 619//303
f 618//303 619//303 620//303
f 620//304 619//304 621//304
f 620//304 621//304 622//304
f 622//305 621//305 623//305
f 622//305 623//305 624//305
f 624//306 623//306 625//306
f 624//306 625//306 626//306
f 626//140 625//140 627//140
f 626//140 627//140 628//140
f 628//307 627//307 629//307
f 628//307 629//307 630//307
f 630//308 629//308 631//308
f 630//308 631//308 632//308
f 632//309 631//309 633//309
f 632//309 633//309 634//309
f 634//310 633//310 635//310
f 635//310 633//310 636//310
f 635//311 636//311 637//311
f 637//311 636//311 638//311
f 637//312 638//312 639//312
f 637//312 639//312 640//312
f 640//313 639//313 641//313
f 640//313 641//313 642//313
f 642//314 641//314 643//314
f 642//314 643//314 644//314
f 644//315 643//315 645//315
f 644//315 645//315 646//315
f 646//316 645//316 647//316
f 646//316 647//316 648//316
f 648//317 647//317 649//317
f 648//317 649//317 650//317
f 650//318 649//318 651//318
f 650//318 651//318 652//318
f 652//319 651//319 597//319
f 652//319 597//319 598//319
f 595//171 599//171 596//171
f 596//171 599//171 601//171
f 653//320 654//320 655//320
f 655//320 654//320 656//320
f 655//321 656//321 657//321
f 657//321 656//321 658//321
f 657//322 658//322 659//322
f 659//322 658//322 660//322
f 659//323 660//323 661//323
f 661//323 660//323 662//323
f 661//324 662//324 663//324
f 661//324 663//324 664//324
f 664//325 663//325 665//325
f 664//325 665//325 666//325
f 666//326 665//326 667//326
f 666//326 667//326 668//326
f 668//327 667//327 669//327
f 668//327 669//327 670//327
f 670//328 669//328 671//328
f 670//328 671//328 672//328
f 672//329 671//329 673//329
f 672//329 673//329 674//329
f 674//330 673//330 675//330
f 674//330 675//330 676//330
f 676//331 675//331 677//331
f 676//331 677//331 678//331
f 678//332 677//332 679//332
f 678//332 679//332 680//332
f 680//333 679//333 681//333
f 680//333 681//333 682//333
f 682//334 681//334 683//334
f 682//334 683//334 684//334
f 684//335 683//335 685//335
f 684//335 685//335 686//335
f 686//336 685//336 687//336
f 686//336 687//336 688//336
f 688//337 687//337 689//337
f 688//337 689//337 690//337
f 690//338 689//338 691//338
f 690//338 691//338 692//338
f 692//339 691//339 693//339
f 692//339 693//339 694//339
f 694//340 693//340 695//340
f 694//340 695//340 696//340
f 696//341 695//341 697//341
f 696//341 697//341 698//341
f 698//342 697//342 699//342
f 698//342 699//342 700//342
f 700//343 699//343 701//343
f 700//343 701//343 702//343
f 702//344 701//344 703//344
f 702//344 703//344 704//344
f 704//345 703//345 705//345
f 704//345 705//345 706//345
f 706//346 705//346 707//346
f 706//346 707//346 708//346
f 708//347 707//347 709//347
f 708//347 709//347 710//347
f 710//348 709//348 711//348
f 710//348 711//348 712//348
f 712//349 711//349 713//349
f 712//349 713//349 714//349
f 714//350 713//350 715//350
f 714//350 715//350 716//350
f 716//351 715//351 717//351
f 716//351 717//351 718//351
f 718//352 717//352 719//352
f 718//352 719//352 720//352
f 721//42 654//42 722//42
f 722//42 654//42 653//42
f 723//353 721//353 724//353
f 724//353 721//353 722//353
f 719//141 723//141 720//141
f 720//141 723//141 724//141
f 725//99 726//99 727//99
f 727//99 726//99 728//99
f 729//141 725//141 730//141
f 730//141 725//141 727//141
f 726//171 729//171 728//171
f 728//171 729//171 730//171
f 731//98 732//98 733//98
f 733//98 732//98 734//98
f 735//353 731//353 736//353
f 736//353 731//353 733//353
f 732//171 735//171 734//171
f 734//171 735//171 736//171
f 737//98 738//98 739//98
f 739//98 738//98 740//98
f 741//354 742//354 743//354
f 743//354 742//354 744//354
f 743//355 744//355 745//355
f 745//355 744//355 746//355
f 745//356 746//356 747//356
f 747//356 746//356 748//356
f 747//357 748//357 749//357
f 749//357 748//357 750//357
f 749//358 750//358 751//358
f 749//358 751//358 752//358
f 752//359 751//359 753//359
f 752//359 753//359 754//359
f 754//360 753//360 755//360
f 754//360 755//360 756//360
f 756//361 755//361 757//361
f 756//361 757//361 758//361
f 758//362 757//362 759//362
f 758//362 759//362 760//362
f 760//363 759//363 761//363
f 760//363 761//363 762//363
f 762//364 761//364 763//364
f 762//364 763//364 764//364
f 764//365 763//365 765//365
f 764//365 765//365 766//365
f 766//366 765//366 767//366
f 766//366 767//366 768//366
f 768//367 767//367 769//367
f 768//367 769//367 770//367
f 770//368 769//368 771//368
f 770//368 771//368 772//368
f 772//369 771//369 773//369
f 772//369 773//369 774//369
f 774//370 773//370 775//370
f 774//370 775//370 776//370
f 776//371 775//371 777//371
f 776//371 777//371 778//371
f 778//372 777//372 779//372
f 778//372 779//372 780//372
f 780//373 779//373 781//373
f 780//373 781//373 782//373
f 782//374 781//374 783//374
f 782//374 783//374 784//374
f 784//375 783//375 785//375
f 784//375 785//375 786//375
f 786//376 785//376 787//376
f 786//376 787//376 788//376
f 788//377 787//377 789//377
f 788//377 789//377 790//377
f 790//378 789//378 791//378
f 790//378 791//378 792//378
f 792//379 791//379 793//379
f 792//379 793//379 794//379
f 794//380 793//380 795//380
f 794//380 795//380 796//380
f 796//381 795//381 797//381
f 796//381 797//381 798//381
f 798//382 797//382 799//382
f 798//382 799//382 800//382
f 800//383 799//383 801//383
f 800//383 801//383 802//383
f 802//384 801//384 803//384
f 802//384 803//384 804//384
f 804//385 803//385 805//385
f 804//385 805//385 806//385
f 806//386 805//386 737//386
f 806//386 737//386 739//386
f 807//171 742//171 808//171
f 808//171 742//171 741//171
f 738//142 807//142 740//142
f 740//142 807//142 808//142
f 809//98 810//98 811//98
f 811//98 810//98 812//98
f 813//387 814//387 815//387
f 815//387 814//387 816//387
f 816//388 814//388 817//388
f 816//388 817//388 818//388
f 818//389 817//389 819//389
f 818//389 819//389 820//389
f 820//390 819//390 821//390
f 820//390 821//390 822//390
f 822//391 821//391 823//391
f 822//391 823//391 824//391
f 824//392 823//392 825//392
f 824//392 825//392 826//392
f 826//393 825//393 827//393
f 826//393 827//393 828//393
f 828//394 827//394 829//394
f 828//394 829//394 830//394
f 830//395 829//395 831//395
f 830//395 831//395 832//395
f 832//396 831//396 833//396
f 832//396 833//396 834//396
f 834//192 833//192 835//192
f 834//192 835//192 836//192
f 836//397 835//397 837//397
f 836//397 837//397 838//397
f 838//398 837//398 839//398
f 838//398 839//398 840//398
f 840//399 839//399 841//399
f 840//399 841//399 842//399
f 842//400 841//400 843//400
f 842//400 843//400 844//400
f 844//401 843//401 845//401
f 844//401 845//401 846//401
f 846//402 845//402 847//402
f 846//402 847//402 848//402
f 848//403 847//403 849//403
f 848//403 849//403 850//403
f 850//404 849//404 851//404
f 850//404 851//404 852//404
f 852//405 851//405 853//405
f 852//405 853//405 854//405
f 854//406 853//406 855//406
f 854//406 855//406 856//406
f 856//407 855//407 857//407
f 856//407 857//407 858//407
f 858//408 857//408 859//408
f 858//408 859//408 860//408
f 860//409 859//409 861//409
f 860//409 861//409 862//409
f 862//410 861//410 863//410
f 862//410 863//410 864//410
f 864//411 863//411 865//411
f 864//411 865//411 866//411
f 866//412 865//412 867//412
f 866//412 867//412 868//412
f 868//413 867//413 869//413
f 868//413 869//413 870//413
f 870//414 869//414 871//414
f 870//414 871//414 872//414
f 872//415 871//415 873//415
f 872//415 873//415 874//415
f 874//416 873//416 875//416
f 874//416 875//416 876//416
f 876//417 875//417 877//417
f 876//417 877//417 878//417
f 878//418 877//418 879//418
f 878//418 879//418 880//418
f 880//419 879//419 881//419
f 880//419 881//419 882//419
f 882//420 881//420 883//420
f 882//420 883//420 884//420
f 884//421 883//421 885//421
f 884//421 885//421 886//421
f 886//422 885//422 887//422
f 886//422 887//422 888//422
f 888//423 887//423 889//423
f 888//423 889//423 890//423
f 890//424 889//424 891//424
f 890//424 891//424 892//424
f 892//425 891//425 893//425
f 892//425 893//425 894//425
f 894//426 893//426 895//426
f 894//426 895//426 896//426
f 896//427 895//427 897//427
f 896//427 897//427 898//427
f 898//428 897//428 899//428
f 898//428 899//428 900//428
f 900//429 899//429 901//429
f 900//429 901//429 902//429
f 902//430 901//430 903//430
f 902//430 903//430 904//430
f 904//431 903//431 905//431
f 904//431 905//431 906//431
f 906//432 905//432 809//432
f 906//432 809//432 811//432
f 907//171 813//171 908//171
f 908//171 813//171 815//171
f 810//49 909//49 812//49
f 812//49 909//49 910//49
f 910//433 909//433 911//433
f 910//433 911//433 912//433
f 912//434 911//434 913//434
f 912//434 913//434 914//434
f 914//435 913//435 915//435
f 914//435 915//435 916//435
f 916//436 915//436 917//436
f 916//436 917//436 918//436
f 918//437 917//437 919//437
f 918//437 919//437 920//437
f 920//438 919//438 921//438
f 920//438 921//438 922//438
f 922//439 921//439 923//439
f 922//439 923//439 924//439
f 924//440 923//440 925//440
f 924//440 925//440 926//440
f 926//441 925//441 927//441
f 926//441 927//441 928//441
f 928//442 927//442 929//442
f 928//442 929//442 930//442
f 930//443 929//443 931//443
f 930//443 931//443 932//443
f 932//444 931//444 933//444
f 932//444 933//444 934//444
f 934//445 933//445 935//445
f 934//445 935//445 936//445
f 936//446 935//446 937//446
f 936//446 937//446 938//446
f 938//447 937//447 939//447
f 938//447 939//447 940//447
f 940//448 939//448 941//448
f 940//448 941//448 942//448
f 942//449 941//449 943//449
f 942//449 943//449 944//449
f 944//450 943//450 945//450
f 944//450 945//450 946//450
f 946//451 945//451 947//451
f 946//451 947//451 948//451
f 948//452 947//452 949//452
f 948//452 949//452 950//452
f 950//453 949//453 951//453
f 950//453 951//453 952//453
f 952//454 951//454 953//454
f 952//454 953//454 954//454
f 954//455 953//455 955//455
f 954//455 955//455 956//455
f 956//456 955//456 957//456
f 956//456 957//456 958//456
f 958//457 957//457 959//457
f 958//457 959//457 960//457
f 960//458 959//458 961//458
f 960//458 961//458 962//458
f 962//459 961//459 963//459
f 962//459 963//459 964//459
f 964//460 963//460 965//460
f 964//460 965//460 966//460
f 966//461 965//461 967//461
f 966//461 967//461 968//461
f 968//462 967//462 969//462
f 968//462 969//462 970//462
f 970//463 969//463 971//463
f 970//463 971//463 972//463
f 972//464 971//464 907//464
f 972//464 907//464 908//464
f 973//171 974//171 975//171
f 975//171 974//171 976//171
f 977//465 973//465 978//465
f 978//465 973//465 975//465
f 979//42 977//42 980//42
f 980//42 977//42 978//42
f 981//466 982//466 983//466
f 983//466 982//466 984//466
f 984//467 982//467 985//467
f 984//467 985//467 986//467
f 986//468 985//468 987//468
f 986//468 987//468 988//468
f 988//469 987//469 989//469
f 988//469 989//469 990//469
f 990//470 989//470 991//470
f 990//470 991//470 992//470
f 992//471 991//471 993//471
f 992//471 993//471 994//471
f 994//472 993//472 995//472
f 994//472 995//472 996//472
f 996//473 995//473 997//473
f 996//473 997//473 998//473
f 998//474 997//474 999//474
f 998//474 999//474 1000//474
f 1000//475 999//475 1001//475
f 1000//475 1001//475 1002//475
f 1002//476 1001//476 1003//476
f 1002//476 1003//476 1004//476
f 1004//477 1003//477 1005//477
f 1004//477 1005//477 1006//477
f 1006//478 1005//478 1007//478
f 1006//478 1007//478 1008//478
f 1008//479 1007//479 1009//479
f 1008//479 1009//479 1010//479
f 1010//480 1009//480 1011//480
f 1010//480 1011//480 1012//480
f 1012//481 1011//481 1013//481
f 1012//481 1013//481 1014//481
f 1014//482 1013//482 1015//482
f 1014//482 1015//482 1016//482
f 1016//483 1015//483 1017//483
f 1016//483 1017//483 1018//483
f 1018//484 1017//484 1019//484
f 1018//484 1019//484 1020//484
f 1020//485 1019//485 1021//485
f 1020//485 1021//485 1022//485
f 1022//486 1021//486 1023//486
f 1022//486 1023//486 1024//486
f 1024//487 1023//487 1025//487
f 1024//487 1025//487 1026//487
f 1026//488 1025//488 1027//488
f 1026//488 1027//488 1028//488
f 1028//489 1027//489 1029//489
f 1028//489 1029//489 1030//489
f 1030//490 1029//490 1031//490
f 1030//490 1031//490 1032//490
f 1032//491 1031//491 1033//491
f 1032//491 1033//491 1034//491
f 1034//492 1033//492 1035//492
f 1034//492 1035//492 1036//492
f 1036//493 1035//493 1037//493
f 1036//493 1037//493 1038//493
f 1038//494 1037//494 1039//494
f 1038//494 1039//494 1040//494
f 1040//495 1039//495 1041//495
f 1040//495 1041//495 1042//495
f 1042//496 1041//496 1043//496
f 1042//496 1043//496 1044//496
f 1044//497 1043//497 1045//497
f 1044//497 1045//497 1046//497
f 1046//498 1045//498 1047//498
f 1046//498 1047//498 1048//498
f 1048//499 1047//499 1049//499
f 1048//499 1049//499 1050//499
f 1050//500 1049//500 1051//500
f 1050//500 1051//500 1052//500
f 1052//501 1051//501 1053//501
f 1052//501 1053//501 1054//501
f 1054//502 1053//502 1055//502
f 1054//502 1055//502 1056//502
f 1056//503 1055//503 1057//503
f 1056//503 1057//503 1058//503
f 1058//504 1057//504 1059//504
f 1058//504 1059//504 1060//504
f 1060//505 1059//505 1061//505
f 1060//505 1061//505 1062//505
f 1062//506 1061//506 1063//506
f 1062//506 1063//506 1064//506
f 1064//507 1063//507 1065//507
f 1064//507 1065//507 1066//507
f 1066//508 1065//508 1067//508
f 1066//508 1067//508 1068//508
f 1068//509 1067//509 1069//509
f 1068//509 1069//509 1070//509
f 1070//510 1069//510 1071//510
f 1070//510 1071//510 1072//510
f 1072//511 1071//511 1073//511
f 1072//511 1073//511 1074//511
f 1074//512 1073//512 1075//512
f 1074//512 1075//512 1076//512
f 1076//513 1075//513 1077//513
f 1076//513 1077//513 1078//513
f 1078//514 1077//514 1079//514
f 1078//514 1079//514 1080//514
f 1080//515 1079//515 1081//515
f 1080//515 1081//515 1082//515
f 1082//516 1081//516 1083//516
f 1082//516 1083//516 1084//516
f 1084//517 1083//517 1085//517
f 1084//517 1085//517 1086//517
f 1086//518 1085//518 1087//518
f 1086//518 1087//518 1088//518
f 1088//519 1087//519 1089//519
f 1088//519 1089//519 1090//519
f 1090//520 1089//520 1091//520
f 1090//520 1091//520 1092//520
f 1092//521 1091//521 1093//521
f 1092//521 1093//521 1094//521
f 1094//522 1093//522 1095//522
f 1094//522 1095//522 1096//522
f 1096//523 1095//523 1097//523
f 1096//523 1097//523 1098//523
f 1098//524 1097//524 1099//524
f 1098//524 1099//524 1100//524
f 1100//525 1099//525 1101//525
f 1100//525 1101//525 1102//525
f 1102//526 1101//526 1103//526
f 1102//526 1103//526 1104//526
f 1104//527 1103//527 1105//527
f 1104//527 1105//527 1106//527
f 1106//528 1105//528 1107//528
f 1106//528 1107//528 1108//528
f 1108//529 1107//529 1109//529
f 1108//529 1109//529 1110//529
f 1110//530 1109//530 1111//530
f 1110//530 1111//530 1112//530
f 1112//531 1111//531 1113//531
f 1112//531 1113//531 1114//531
f 1114//532 1113//532 1115//532
f 1114//532 1115//532 1116//532
f 1116//533 1115//533 1117//533
f 1116//533 1117//533 1118//533
f 1118//534 1117//534 1119//534
f 1118//534 1119//534 1120//534
f 1120//535 1119//535 1121//535
f 1120//535 1121//535 1122//535
f 1122//536 1121//536 1123//536
f 1122//536 1123//536 1124//536
f 1124//537 1123//537 1125//537
f 1124//537 1125//537 1126//537
f 1126//99 1125//99 1127//99
f 1126//99 1127//99 1128//99
f 1128//538 1127//538 1129//538
f 1128//538 1129//538 1130//538
f 1130//539 1129//539 1131//539
f 1130//539 1131//539 1132//539
f 1132//540 1131//540 1133//540
f 1132//540 1133//540 1134//540
f 1134//541 1133//541 1135//541
f 1134//541 1135//541 1136//541
f 1136//542 1135//542 1137//542
f 1136//542 1137//542 1138//542
f 1138//543 1137//543 1139//543
f 1138//543 1139//543 1140//543
f 1140//544 1139//544 1141//544
f 1140//544 1141//544 1142//544
f 1142//545 1141//545 1143//545
f 1142//545 1143//545 1144//545
f 1144//546 1143//546 1145//546
f 1144//546 1145//546 1146//546
f 1146//547 1145//547 1147//547
f 1146//547 1147//547 1148//547
f 1148//548 1147//548 1149//548
f 1148//548 1149//548 1150//548
f 1150//549 1149//549 1151//549
f 1150//549 1151//549 1152//549
f 1152//550 1151//550 1153//550
f 1152//550 1153//550 1154//550
f 1154//551 1153//551 1155//551
f 1154//551 1155//551 1156//551
f 1156//552 1155//552 1157//552
f 1156//552 1157//552 1158//552
f 1158//553 1157//553 1159//553
f 1158//553 1159//553 1160//553
f 1160//554 1159//554 1161//554
f 1160//555 1161//555 1162//555
f 1162//556 1161//556 1163//556
f 1162//556 1163//556 1164//556
f 1164//557 1163//557 1165//557
f 1164//557 1165//557 1166//557
f 1166//558 1165//558 1167//558
f 1166//558 1167//558 1168//558
f 1168//559 1167//559 1169//559
f 1168//559 1169//559 1170//559
f 1170//560 1169//560 1171//560
f 1170//560 1171//560 1172//560
f 1172//561 1171//561 1173//561
f 1172//561 1173//561 1174//561
f 1174//562 1173//562 1175//562
f 1174//562 1175//562 1176//562
f 1176//563 1175//563 1177//563
f 1176//563 1177//563 1178//563
f 1178//564 1177//564 1179//564
f 1178//564 1179//564 1180//564
f 1180//565 1179//565 1181//565
f 1180//565 1181//565 1182//565
f 1182//566 1181//566 1183//566
f 1182//566 1183//566 1184//566
f 1184//567 1183//567 1185//567
f 1184//567 1185//567 1186//567
f 1186//568 1185//568 1187//568
f 1186//568 1187//568 1188//568
f 1188//569 1187//569 1189//569
f 1188//569 1189//569 1190//569
f 1190//377 1189//377 1191//377
f 1190//377 1191//377 1192//377
f 1192//570 1191//570 1193//570
f 1192//570 1193//570 1194//570
f 1194//571 1193//571 1195//571
f 1194//571 1195//571 1196//571
f 1196//572 1195//572 1197//572
f 1196//572 1197//572 1198//572
f 1198//573 1197//573 1199//573
f 1198//573 1199//573 1200//573
f 1200//574 1199//574 1201//574
f 1200//574 1201//574 1202//574
f 1202//575 1201//575 1203//575
f 1202//575 1203//575 1204//575
f 1204//576 1203//576 1205//576
f 1204//576 1205//576 1206//576
f 1206//577 1205//577 1207//577
f 1206//577 1207//577 1208//577
f 1208//578 1207//578 1209//578
f 1208//578 1209//578 1210//578
f 1210//579 1209//579 1211//579
f 1210//579 1211//579 1212//579
f 1212//580 1211//580 1213//580
f 1212//580 1213//580 1214//580
f 1214//581 1213//581 1215//581
f 1214//581 1215//581 1216//581
f 1216//582 1215//582 1217//582
f 1216//582 1217//582 1218//582
f 1218//583 1217//583 1219//583
f 1218//583 1219//583 1220//583
f 1220//584 1219//584 1221//584
f 1220//584 1221//584 1222//584
f 1222//585 1221//585 1223//585
f 1222//585 1223//585 1224//585
f 1224//586 1223//586 1225//586
f 1224//586 1225//586 1226//586
f 1226//587 1225//587 1227//587
f 1226//587 1227//587 1228//587
f 1228//588 1227//588 1229//588
f 1228//588 1229//588 1230//588
f 1230//589 1229//589 1231//589
f 1230//589 1231//589 1232//589
f 1232//590 1231//590 1233//590
f 1232//590 1233//590 1234//590
f 1234//591 1233//591 1235//591
f 1234//591 1235//591 1236//591
f 1236//592 1235//592 1237//592
f 1236//592 1237//592 1238//592
f 1238//593 1237//593 1239//593
f 1238//593 1239//593 1240//593
f 1240//594 1239//594 1241//594
f 1240//594 1241//594 1242//594
f 1242//595 1241//595 1243//595
f 1242//595 1243//595 1244//595
f 1244//596 1243//596 1245//596
f 1244//596 1245//596 1246//596
f 1246//597 1245//597 1247//597
f 1246//597 1247//597 1248//597
f 1248//598 1247//598 1249//598
f 1248//598 1249//598 1250//598
f 1250//599 1249//599 1251//599
f 1250//599 1251//599 1252//599
f 1252//600 1251//600 1253//600
f 1252//600 1253//600 1254//600
f 1254//601 1253//601 1255//601
f 1254//601 1255//601 1256//601
f 1256//602 1255//602 1257//602
f 1256//602 1257//602 1258//602
f 1258//603 1257//603 1259//603
f 1258//603 1259//603 1260//603
f 1260//604 1259//604 1261//604
f 1260//604 1261//604 1262//604
f 1262//605 1261//605 1263//605
f 1262//605 1263//605 1264//605
f 1264//606 1263//606 1265//606
f 1264//606 1265//606 1266//606
f 1266//607 1265//607 1267//607
f 1266//607 1267//607 1268//607
f 1268//608 1267//608 1269//608
f 1268//608 1269//608 1270//608
f 1270//609 1269//609 979//609
f 1270//609 979//609 980//609
f 1271//98 981//98 1272//98
f 1272//98 981//98 983//98
f 1273//610 1271//610 1274//610
f 1274//610 1271//610 1272//610
f 1275//141 1273//141 1276//141
f 1276//141 1273//141 1274//141
f 974//611 1277//611 976//611
f 976//611 1277//611 1278//611
f 1278//612 1277//612 1279//612
f 1278//612 1279//612 1280//612
f 1280//613 1279//613 1281//613
f 1280//613 1281//613 1282//613
f 1282//614 1281//614 1283//614
f 1282//614 1283//614 1284//614
f 1284//615 1283//615 1285//615
f 1284//615 1285//615 1286//615
f 1286//616 1285//616 1287//616
f 1286//616 1287//616 1288//616
f 1288//617 1287//617 1289//617
f 1288//617 1289//617 1290//617
f 1290//618 1289//618 1291//618
f 1290//618 1291//618 1292//618
f 1292//619 1291//619 1293//619
f 1292//619 1293//619 1294//619
f 1294//620 1293//620 1295//620
f 1294//620 1295//620 1296//620
f 1296//621 1295//621 1297//621
f 1296//621 1297//621 1298//621
f 1298//622 1297//622 1299//622
f 1298//622 1299//622 1300//622
f 1300//623 1299//623 1301//623
f 1300//623 1301//623 1302//623
f 1302//624 1301//624 1303//624
f 1302//624 1303//624 1304//624
f 1304//625 1303//625 1305//625
f 1304//626 1305//626 1306//626
f 1306//627 1305//627 1307//627
f 1306//627 1307//627 1308//627
f 1308//628 1307//628 1309//628
f 1308//628 1309//628 1310//628
f 1310//629 1309//629 1311//629
f 1310//629 1311//629 1312//629
f 1312//630 1311//630 1313//630
f 1312//630 1313//630 1314//630
f 1314//631 1313//631 1315//631
f 1314//631 1315//631 1316//631
f 1316//71 1315//71 1317//71
f 1316//71 1317//71 1318//71
f 1318//70 1317//70 1319//70
f 1318//70 1319//70 1320//70
f 1320//632 1319//632 1321//632
f 1320//632 1321//632 1322//632
f 1322//633 1321//633 1323//633
f 1322//633 1323//633 1324//633
f 1324//634 1323//634 1325//634
f 1324//634 1325//634 1326//634
f 1326//635 1325//635 1327//635
f 1326//635 1327//635 1328//635
f 1328//636 1327//636 1329//636
f 1328//636 1329//636 1330//636
f 1330//637 1329//637 1331//637
f 1330//637 1331//637 1332//637
f 1332//638 1331//638 1333//638
f 1332//638 1333//638 1334//638
f 1334//639 1333//639 1335//639
f 1334//639 1335//639 1336//639
f 1336//640 1335//640 1337//640
f 1336//640 1337//640 1338//640
f 1338//641 1337//641 1339//641
f 1338//641 1339//641 1340//641
f 1340//642 1339//642 1341//642
f 1340//642 1341//642 1342//642
f 1342//643 1341//643 1343//643
f 1342//643 1343//643 1344//643
f 1344//644 1343//644 1345//644
f 1344//644 1345//644 1346//644
f 1346//645 1345//645 1347//645
f 1346//645 1347//645 1348//645
f 1348//646 1347//646 1349//646
f 1348//646 1349//646 1350//646
f 1350//647 1349//647 1351//647
f 1350//647 1351//647 1352//647
f 1352//648 1351//648 1353//648
f 1352//648 1353//648 1354//648
f 1354//649 1353//649 1355//649
f 1354//649 1355//649 1356//649
f 1356//650 1355//650 1357//650
f 1356//650 1357//650 1358//650
f 1358//651 1357//651 1275//651
f 1358//651 1275//651 1276//651
f 910//652 806//652 812//652
f 812//652 806//652 739//652
f 812//652 739//652 598//652
f 598//652 739//652 287//652
f 598//652 287//652 652//652
f 652//652 287//652 289//652
f 652//652 289//652 650//652
f 650//652 289//652 292//652
f 650//652 292//652 648//652
f 648//652 292//652 294//652
f 648//652 294//652 646//652
f 646//652 294//652 296//652
f 646//652 296//652 644//652
f 644//652 296//652 298//652
f 644//652 298//652 642//652
f 642//652 298//652 300//652
f 642//652 300//652 640//652
f 640//652 300//652 302//652
f 640//652 302//652 637//652
f 637//652 302//652 304//652
f 637//652 304//652 635//652
f 635//652 304//652 306//652
f 635//652 306//652 634//652
f 634//652 306//652 308//652
f 634//652 308//652 632//652
f 632//652 308//652 310//652
f 632//652 310//652 630//652
f 630//652 310//652 312//652
f 630//652 312//652 628//652
f 628//652 312//652 314//652
f 628//652 314//652 316//652
f 806//652 910//652 804//652
f 804//652 910//652 912//652
f 804//652 912//652 802//652
f 802//652 912//652 914//652
f 802//652 914//652 800//652
f 800//652 914//652 916//652
f 800//652 916//652 798//652
f 798//652 916//652 918//652
f 798//652 918//652 796//652
f 796//652 918//652 920//652
f 796//652 920//652 794//652
f 794//652 920//652 922//652
f 794//652 922//652 792//652
f 792//652 922//652 924//652
f 792//652 924//652 790//652
f 790//652 924//652 926//652
f 790//652 926//652 788//652
f 788//652 926//652 928//652
f 788//652 928//652 786//652
f 786//652 928//652 930//652
f 786//652 930//652 784//652
f 784//652 930//652 932//652
f 784//652 932//652 782//652
f 782//652 932//652 934//652
f 782//652 934//652 780//652
f 780//652 934//652 936//652
f 780//652 936//652 778//652
f 778//652 936//652 938//652
f 778//652 938//652 776//652
f 776//652 938//652 940//652
f 776//652 940//652 774//652
f 774//652 940//652 942//652
f 774//652 942//652 772//652
f 772//652 942//652 944//652
f 772//652 944//652 770//652
f 770//652 944//652 946//652
f 770//652 946//652 768//652
f 768//652 946//652 948//652
f 768//652 948//652 766//652
f 766//652 948//652 950//652
f 766//652 950//652 764//652
f 764//652 950//652 952//652
f 764//652 952//652 762//652
f 762//652 952//652 954//652
f 762//652 954//652 760//652
f 760//652 954//652 956//652
f 760//652 956//652 758//652
f 758//652 956//652 958//652
f 758//652 958//652 756//652
f 756//652 958//652 960//652
f 756//652 960//652 754//652
f 754//652 960//652 962//652
f 754//652 962//652 752//652
f 752//652 962//652 964//652
f 752//652 964//652 749//652
f 749//652 964//652 966//652
f 749//652 966//652 747//652
f 747//652 966//652 968//652
f 747//652 968//652 745//652
f 745//652 968//652 970//652
f 745//652 970//652 743//652
f 743//652 970//652 972//652
f 743//652 972//652 741//652
f 741//652 972//652 908//652
f 741//652 908//652 194//652
f 194//652 908//652 3//652
f 194//652 3//652 274//652
f 274//652 3//652 4//652
f 274//652 4//652 272//652
f 272//652 4//652 6//652
f 272//652 6//652 270//652
f 270//652 6//652 8//652
f 270//652 8//652 268//652
f 268//652 8//652 10//652
f 268//652 10//652 266//652
f 266//652 10//652 12//652
f 266//652 12//652 264//652
f 264//652 12//652 14//652
f 264//652 14//652 262//652
f 262//652 14//652 16//652
f 262//652 16//652 260//652
f 260//652 16//652 18//652
f 260//652 18//652 258//652
f 258//652 18//652 20//652
f 258//652 20//652 256//652
f 256//652 20//652 22//652
f 256//652 22//652 254//652
f 254//652 22//652 24//652
f 254//652 24//652 252//652
f 252//652 24//652 26//652
f 252//652 26//652 250//652
f 250//652 26//652 28//652
f 250//652 28//652 248//652
f 248//652 28//652 30//652
f 248//652 30//652 246//652
f 246//652 30//652 32//652
f 246//652 32//652 244//652
f 244//652 32//652 34//652
f 244//652 34//652 242//652
f 242//652 34//652 36//652
f 242//652 36//652 240//652
f 240//652 36//652 38//652
f 240//652 38//652 238//652
f 238//652 38//652 40//652
f 238//652 40//652 236//652
f 236//652 40//652 42//652
f 236//652 42//652 44//652
f 908//652 815//652 3//652
f 3//652 815//652 84//652
f 84//652 815//652 1076//652
f 84//652 1076//652 188//652
f 188//652 1076//652 1078//652
f 188//652 1078//652 186//652
f 186//652 1078//652 1080//652
f 186//652 1080//652 184//652
f 184//652 1080//652 1082//652
f 184//652 1082//652 182//652
f 182//652 1082//652 1084//652
f 182//652 1084//652 180//652
f 180//652 1084//652 1086//652
f 180//652 1086//652 178//652
f 178//652 1086//652 1088//652
f 178//652 1088//652 176//652
f 176//652 1088//652 1090//652
f 176//652 1090//652 174//652
f 174//652 1090//652 1092//652
f 174//652 1092//652 172//652
f 172//652 1092//652 1094//652
f 172//652 1094//652 170//652
f 170//652 1094//652 1096//652
f 170//652 1096//652 168//652
f 168//652 1096//652 1098//652
f 168//652 1098//652 166//652
f 166//652 1098//652 1100//652
f 166//652 1100//652 164//652
f 164//652 1100//652 1102//652
f 164//652 1102//652 162//652
f 162//652 1102//652 1104//652
f 162//652 1104//652 160//652
f 160//652 1104//652 1106//652
f 160//652 1106//652 158//652
f 158//652 1106//652 1108//652
f 158//652 1108//652 156//652
f 156//652 1108//652 1110//652
f 156//652 1110//652 154//652
f 154//652 1110//652 1112//652
f 154//652 1112//652 152//652
f 152//652 1112//652 1114//652
f 152//652 1114//652 150//652
f 150//652 1114//652 1116//652
f 150//652 1116//652 148//652
f 148//652 1116//652 1118//652
f 148//652 1118//652 146//652
f 146//652 1118//652 1120//652
f 146//652 1120//652 144//652
f 144//652 1120//652 1122//652
f 144//652 1122//652 142//652
f 142//652 1122//652 1124//652
f 142//652 1124//652 140//652
f 140//652 1124//652 1126//652
f 140//652 1126//652 138//652
f 138//652 1126//652 1128//652
f 138//652 1128//652 136//652
f 136//652 1128//652 1130//652
f 136//652 1130//652 134//652
f 134//652 1130//652 1132//652
f 134//652 1132//652 132//652
f 132//652 1132//652 1134//652
f 132//652 1134//652 130//652
f 130//652 1134//652 1136//652
f 130//652 1136//652 128//652
f 128//652 1136//652 1138//652
f 128//652 1138//652 126//652
f 126//652 1138//652 1140//652
f 126//652 1140//652 124//652
f 124//652 1140//652 1142//652
f 124//652 1142//652 122//652
f 122//652 1142//652 1144//652
f 122//652 1144//652 120//652
f 120//652 1144//652 1146//652
f 120//652 1146//652 118//652
f 118//652 1146//652 1148//652
f 118//652 1148//652 116//652
f 116//652 1148//652 1150//652
f 116//652 1150//652 114//652
f 114//652 1150//652 1152//652
f 114//652 1152//652 112//652
f 112//652 1152//652 1154//652
f 112//652 1154//652 110//652
f 110//652 1154//652 1156//652
f 110//652 1156//652 108//652
f 108//652 1156//652 1158//652
f 108//652 1158//652 106//652
f 106//652 1158//652 1160//652
f 106//652 1160//652 104//652
f 104//652 1160//652 1162//652
f 104//652 1162//652 102//652
f 102//652 1162//652 1164//652
f 102//652 1164//652 100//652
f 100//652 1164//652 1166//652
f 100//652 1166//652 98//652
f 98//652 1166//652 1168//652
f 98//652 1168//652 96//652
f 96//652 1168//652 1170//652
f 96//652 1170//652 94//652
f 94//652 1170//652 1172//652
f 94//652 1172//652 92//652
f 92//652 1172//652 1174//652
f 92//652 1174//652 90//652
f 90//652 1174//652 1176//652
f 90//652 1176//652 88//652
f 88//652 1176//652 1178//652
f 88//652 1178//652 87//652
f 87//652 1178//652 418//652
f 87//652 418//652 82//652
f 82//652 418//652 353//652
f 82//652 353//652 195//652
f 195//652 353//652 720//652
f 195//652 720//652 192//652
f 192//652 720//652 724//652
f 192//652 724//652 280//652
f 280//652 724//652 286//652
f 280//652 286//652 278//652
f 278//652 286//652 283//652
f 278//652 283//652 734//652
f 734//652 283//652 730//652
f 734//652 730//652 733//652
f 733//652 730//652 727//652
f 733//652 727//652 740//652
f 740//652 727//652 344//652
f 740//652 344//652 287//652
f 1076//652 815//652 1074//652
f 1074//652 815//652 816//652
f 1074//652 816//652 1072//652
f 1072//652 816//652 818//652
f 1072//652 818//652 1070//652
f 1070//652 818//652 820//652
f 1070//652 820//652 1068//652
f 1068//652 820//652 822//652
f 1068//652 822//652 1066//652
f 1066//652 822//652 824//652
f 1066//652 824//652 1064//652
f 1064//652 824//652 826//652
f 1064//652 826//652 1062//652
f 1062//652 826//652 828//652
f 1062//652 828//652 1060//652
f 1060//652 828//652 830//652
f 1060//652 830//652 1058//652
f 1058//652 830//652 832//652
f 1058//652 832//652 1056//652
f 1056//652 832//652 834//652
f 1056//652 834//652 1054//652
f 1054//652 834//652 836//652
f 1054//652 836//652 1052//652
f 1052//652 836//652 838//652
f 1052//652 838//652 1050//652
f 1050//652 838//652 840//652
f 1050//652 840//652 1048//652
f 1048//652 840//652 842//652
f 1048//652 842//652 1046//652
f 1046//652 842//652 844//652
f 1046//652 844//652 1044//652
f 1044//652 844//652 846//652
f 1044//652 846//652 1042//652
f 1042//652 846//652 848//652
f 1042//652 848//652 1040//652
f 1040//652 848//652 850//652
f 1040//652 850//652 1038//652
f 1038//652 850//652 852//652
f 1038//652 852//652 1036//652
f 1036//652 852//652 854//652
f 1036//652 854//652 1034//652
f 1034//652 854//652 856//652
f 1034//652 856//652 1032//652
f 1032//652 856//652 858//652
f 1032//652 858//652 1030//652
f 1030//652 858//652 860//652
f 1030//652 860//652 1028//652
f 1028//652 860//652 862//652
f 1028//652 862//652 1026//652
f 1026//652 862//652 864//652
f 1026//652 864//652 1024//652
f 1024//652 864//652 866//652
f 1024//652 866//652 1022//652
f 1022//652 866//652 868//652
f 1022//652 868//652 1020//652
f 1020//652 868//652 870//652
f 1020//652 870//652 1018//652
f 1018//652 870//652 872//652
f 1018//652 872//652 1016//652
f 1016//652 872//652 874//652
f 1016//652 874//652 1014//652
f 1014//652 874//652 876//652
f 1014//652 876//652 1012//652
f 1012//652 876//652 878//652
f 1012//652 878//652 1010//652
f 1010//652 878//652 880//652
f 1010//652 880//652 1008//652
f 1008//652 880//652 882//652
f 1008//652 882//652 1006//652
f 1006//652 882//652 884//652
f 1006//652 884//652 1004//652
f 1004//652 884//652 886//652
f 1004//652 886//652 1002//652
f 1002//652 886//652 888//652
f 1002//652 888//652 1000//652
f 1000//652 888//652 890//652
f 1000//652 890//652 998//652
f 998//652 890//652 892//652
f 998//652 892//652 996//652
f 996//652 892//652 894//652
f 996//652 894//652 994//652
f 994//652 894//652 896//652
f 994//652 896//652 992//652
f 992//652 896//652 898//652
f 992//652 898//652 990//652
f 990//652 898//652 900//652
f 990//652 900//652 988//652
f 988//652 900//652 902//652
f 988//652 902//652 986//652
f 986//652 902//652 904//652
f 986//652 904//652 984//652
f 984//652 904//652 906//652
f 984//652 906//652 983//652
f 983//652 906//652 811//652
f 983//652 811//652 1276//652
f 1276//652 811//652 513//652
f 1276//652 513//652 1358//652
f 1358//652 513//652 514//652
f 1358//652 514//652 1356//652
f 1356//652 514//652 516//652
f 1356//652 516//652 1354//652
f 1354//652 516//652 518//652
f 1354//652 518//652 1352//652
f 1352//652 518//652 520//652
f 1352//652 520//652 1350//652
f 1350//652 520//652 522//652
f 1350//652 522//652 1348//652
f 1348//652 522//652 524//652
f 1348//652 524//652 1346//652
f 1346//652 524//652 526//652
f 1346//652 526//652 1344//652
f 1344//652 526//652 528//652
f 1344//652 528//652 1342//652
f 1342//652 528//652 530//652
f 1342//652 530//652 1340//652
f 1340//652 530//652 532//652
f 1340//652 532//652 1338//652
f 1338//652 532//652 534//652
f 1338//652 534//652 1336//652
f 1336//652 534//652 536//652
f 1336//652 536//652 1334//652
f 1334//652 536//652 538//652
f 1334//652 538//652 1332//652
f 1332//652 538//652 540//652
f 1332//652 540//652 1330//652
f 1330//652 540//652 542//652
f 1330//652 542//652 1328//652
f 1328//652 542//652 544//652
f 1328//652 544//652 1326//652
f 1326//652 544//652 546//652
f 1326//652 546//652 1324//652
f 1324//652 546//652 548//652
f 1324//652 548//652 1322//652
f 1322//652 548//652 550//652
f 1322//652 550//652 1320//652
f 1320//652 550//652 552//652
f 1320//652 552//652 1318//652
f 1318//652 552//652 554//652
f 1318//652 554//652 556//652
f 811//652 812//652 513//652
f 513//652 812//652 598//652
f 733//652 740//652 736//652
f 736//652 740//652 808//652
f 736//652 808//652 277//652
f 277//652 808//652 191//652
f 277//652 191//652 192//652
f 808//652 741//652 191//652
f 191//652 741//652 194//652
f 739//652 740//652 287//652
f 734//652 736//652 278//652
f 278//652 736//652 277//652
f 730//652 284//652 728//652
f 728//652 284//652 722//652
f 728//652 722//652 346//652
f 346//652 722//652 342//652
f 342//652 722//652 653//652
f 342//652 653//652 601//652
f 601//652 653//652 349//652
f 601//652 349//652 596//652
f 596//652 349//652 350//652
f 596//652 350//652 976//652
f 976//652 350//652 980//652
f 976//652 980//652 975//652
f 975//652 980//652 978//652
f 344//652 727//652 728//652
f 724//652 722//652 286//652
f 286//652 722//652 284//652
f 653//652 655//652 349//652
f 349//652 655//652 416//652
f 416//652 655//652 657//652
f 416//652 657//652 414//652
f 414//652 657//652 659//652
f 414//652 659//652 412//652
f 412//652 659//652 661//652
f 412//652 661//652 410//652
f 410//652 661//652 664//652
f 410//652 664//652 408//652
f 408//652 664//652 666//652
f 408//652 666//652 406//652
f 406//652 666//652 668//652
f 406//652 668//652 404//652
f 404//652 668//652 670//652
f 404//652 670//652 402//652
f 402//652 670//652 672//652
f 402//652 672//652 400//652
f 400//652 672//652 674//652
f 400//652 674//652 398//652
f 398//652 674//652 676//652
f 398//652 676//652 396//652
f 396//652 676//652 678//652
f 396//652 678//652 394//652
f 394//652 678//652 680//652
f 394//652 680//652 392//652
f 392//652 680//652 682//652
f 392//652 682//652 390//652
f 390//652 682//652 684//652
f 390//652 684//652 388//652
f 388//652 684//652 686//652
f 388//652 686//652 386//652
f 386//652 686//652 688//652
f 386//652 688//652 384//652
f 384//652 688//652 690//652
f 384//652 690//652 382//652
f 382//652 690//652 692//652
f 382//652 692//652 380//652
f 380//652 692//652 694//652
f 380//652 694//652 378//652
f 378//652 694//652 696//652
f 378//652 696//652 376//652
f 376//652 696//652 698//652
f 376//652 698//652 374//652
f 374//652 698//652 700//652
f 374//652 700//652 372//652
f 372//652 700//652 702//652
f 372//652 702//652 370//652
f 370//652 702//652 704//652
f 370//652 704//652 368//652
f 368//652 704//652 706//652
f 368//652 706//652 366//652
f 366//652 706//652 708//652
f 366//652 708//652 364//652
f 364//652 708//652 710//652
f 364//652 710//652 362//652
f 362//652 710//652 712//652
f 362//652 712//652 360//652
f 360//652 712//652 714//652
f 360//652 714//652 358//652
f 358//652 714//652 716//652
f 358//652 716//652 356//652
f 356//652 716//652 718//652
f 356//652 718//652 354//652
f 354//652 718//652 720//652
f 354//652 720//652 353//652
f 601//652 602//652 342//652
f 342//652 602//652 340//652
f 340//652 602//652 604//652
f 340//652 604//652 338//652
f 338//652 604//652 606//652
f 338//652 606//652 336//652
f 336//652 606//652 608//652
f 336//652 608//652 334//652
f 334//652 608//652 610//652
f 334//652 610//652 332//652
f 332//652 610//652 612//652
f 332//652 612//652 330//652
f 330//652 612//652 614//652
f 330//652 614//652 328//652
f 328//652 614//652 616//652
f 328//652 616//652 326//652
f 326//652 616//652 618//652
f 326//652 618//652 324//652
f 324//652 618//652 620//652
f 324//652 620//652 322//652
f 322//652 620//652 622//652
f 322//652 622//652 320//652
f 320//652 622//652 624//652
f 320//652 624//652 318//652
f 318//652 624//652 626//652
f 318//652 626//652 316//652
f 316//652 626//652 628//652
f 1318//652 556//652 1316//652
f 1316//652 556//652 558//652
f 1316//652 558//652 1314//652
f 1314//652 558//652 560//652
f 1314//652 560//652 1312//652
f 1312//652 560//652 562//652
f 1312//652 562//652 1310//652
f 1310//652 562//652 564//652
f 1310//652 564//652 1308//652
f 1308//652 564//652 566//652
f 1308//652 566//652 1306//652
f 1306//652 566//652 568//652
f 1306//652 568//652 1304//652
f 1304//652 568//652 570//652
f 1304//652 570//652 1302//652
f 1302//652 570//652 572//652
f 1302//652 572//652 1300//652
f 1300//652 572//652 574//652
f 1300//652 574//652 1298//652
f 1298//652 574//652 576//652
f 1298//652 576//652 1296//652
f 1296//652 576//652 578//652
f 1296//652 578//652 1294//652
f 1294//652 578//652 580//652
f 1294//652 580//652 1292//652
f 1292//652 580//652 582//652
f 1292//652 582//652 1290//652
f 1290//652 582//652 584//652
f 1290//652 584//652 1288//652
f 1288//652 584//652 586//652
f 1288//652 586//652 1286//652
f 1286//652 586//652 588//652
f 1286//652 588//652 1284//652
f 1284//652 588//652 590//652
f 1284//652 590//652 1282//652
f 1282//652 590//652 592//652
f 1282//652 592//652 1280//652
f 1280//652 592//652 594//652
f 1280//652 594//652 1278//652
f 1278//652 594//652 596//652
f 1278//652 596//652 976//652
f 350//652 420//652 980//652
f 980//652 420//652 1270//652
f 1270//652 420//652 422//652
f 1270//652 422//652 1268//652
f 1268//652 422//652 424//652
f 1268//652 424//652 1266//652
f 1266//652 424//652 426//652
f 1266//652 426//652 1264//652
f 1264//652 426//652 428//652
f 1264//652 428//652 1262//652
f 1262//652 428//652 430//652
f 1262//652 430//652 1260//652
f 1260//652 430//652 432//652
f 1260//652 432//652 1258//652
f 1258//652 432//652 434//652
f 1258//652 434//652 1256//652
f 1256//652 434//652 436//652
f 1256//652 436//652 1254//652
f 1254//652 436//652 438//652
f 1254//652 438//652 1252//652
f 1252//652 438//652 440//652
f 1252//652 440//652 1250//652
f 1250//652 440//652 442//652
f 1250//652 442//652 1248//652
f 1248//652 442//652 444//652
f 1248//652 444//652 1246//652
f 1246//652 444//652 446//652
f 1246//652 446//652 1244//652
f 1244//652 446//652 448//652
f 1244//652 448//652 1242//652
f 1242//652 448//652 450//652
f 1242//652 450//652 1240//652
f 1240//652 450//652 452//652
f 1240//652 452//652 1238//652
f 1238//652 452//652 454//652
f 1238//652 454//652 1236//652
f 1236//652 454//652 456//652
f 1236//652 456//652 1234//652
f 1234//652 456//652 458//652
f 1234//652 458//652 1232//652
f 1232//652 458//652 460//652
f 1232//652 460//652 1230//652
f 1230//652 460//652 462//652
f 1230//652 462//652 1228//652
f 1228//652 462//652 464//652
f 1228//652 464//652 1226//652
f 1226//652 464//652 466//652
f 1226//652 466//652 1224//652
f 1224//652 466//652 468//652
f 1224//652 468//652 1222//652
f 1222//652 468//652 470//652
f 1222//652 470//652 1220//652
f 1220//652 470//652 472//652
f 1220//652 472//652 1218//652
f 1218//652 472//652 474//652
f 1218//652 474//652 1216//652
f 1216//652 474//652 476//652
f 1216//652 476//652 1214//652
f 1214//652 476//652 478//652
f 1214//652 478//652 1212//652
f 1212//652 478//652 480//652
f 1212//652 480//652 1210//652
f 1210//652 480//652 482//652
f 1210//652 482//652 1208//652
f 1208//652 482//652 484//652
f 1208//652 484//652 1206//652
f 1206//652 484//652 486//652
f 1206//652 486//652 1204//652
f 1204//652 486//652 488//652
f 1204//652 488//652 1202//652
f 1202//652 488//652 490//652
f 1202//652 490//652 1200//652
f 1200//652 490//652 492//652
f 1200//652 492//652 1198//652
f 1198//652 492//652 494//652
f 1198//652 494//652 1196//652
f 1196//652 494//652 496//652
f 1196//652 496//652 1194//652
f 1194//652 496//652 498//652
f 1194//652 498//652 1192//652
f 1192//652 498//652 500//652
f 1192//652 500//652 1190//652
f 1190//652 500//652 502//652
f 1190//652 502//652 1188//652
f 1188//652 502//652 504//652
f 1188//652 504//652 1186//652
f 1186//652 504//652 506//652
f 1186//652 506//652 1184//652
f 1184//652 506//652 508//652
f 1184//652 508//652 1182//652
f 1182//652 508//652 510//652
f 1182//652 510//652 1180//652
f 1180//652 510//652 418//652
f 1180//652 418//652 1178//652
f 346//652 344//652 728//652
f 730//652 283//652 284//652
f 192//652 280//652 277//652
f 195//652 197//652 82//652
f 82//652 197//652 80//652
f 80//652 197//652 199//652
f 80//652 199//652 78//652
f 78//652 199//652 202//652
f 78//652 202//652 76//652
f 76//652 202//652 204//652
f 76//652 204//652 74//652
f 74//652 204//652 206//652
f 74//652 206//652 72//652
f 72//652 206//652 208//652
f 72//652 208//652 70//652
f 70//652 208//652 210//652
f 70//652 210//652 68//652
f 68//652 210//652 212//652
f 68//652 212//652 66//652
f 66//652 212//652 214//652
f 66//652 214//652 64//652
f 64//652 214//652 216//652
f 64//652 216//652 62//652
f 62//652 216//652 218//652
f 62//652 218//652 60//652
f 60//652 218//652 220//652
f 60//652 220//652 58//652
f 58//652 220//652 222//652
f 58//652 222//652 56//652
f 56//652 222//652 224//652
f 56//652 224//652 54//652
f 54//652 224//652 226//652
f 54//652 226//652 52//652
f 52//652 226//652 228//652
f 52//652 228//652 50//652
f 50//652 228//652 230//652
f 50//652 230//652 48//652
f 48//652 230//652 232//652
f 48//652 232//652 46//652
f 46//652 232//652 234//652
f 46//652 234//652 44//652
f 44//652 234//652 236//652
f 1276//652 1274//652 983//652
f 983//652 1274//652 1272//652
f 971//653 742//653 907//653
f 907//653 742//653 193//653
f 907//653 193//653 1//653
f 1//653 193//653 273//653
f 1//653 273//653 2//653
f 2//653 273//653 271//653
f 2//653 271//653 5//653
f 5//653 271//653 269//653
f 5//653 269//653 7//653
f 7//653 269//653 267//653
f 7//653 267//653 9//653
f 9//653 267//653 265//653
f 9//653 265//653 11//653
f 11//653 265//653 263//653
f 11//653 263//653 13//653
f 13//653 263//653 261//653
f 13//653 261//653 15//653
f 15//653 261//653 259//653
f 15//653 259//653 17//653
f 17//653 259//653 257//653
f 17//653 257//653 19//653
f 19//653 257//653 255//653
f 19//653 255//653 21//653
f 21//653 255//653 253//653
f 21//653 253//653 23//653
f 23//653 253//653 251//653
f 23//653 251//653 25//653
f 25//653 251//653 249//653
f 25//653 249//653 27//653
f 27//653 249//653 247//653
f 27//653 247//653 29//653
f 29//653 247//653 245//653
f 29//653 245//653 31//653
f 31//653 245//653 243//653
f 31//653 243//653 33//653
f 33//653 243//653 241//653
f 33//653 241//653 35//653
f 35//653 241//653 239//653
f 35//653 239//653 37//653
f 37//653 239//653 237//653
f 37//653 237//653 39//653
f 39//653 237//653 235//653
f 39//653 235//653 41//653
f 41//653 235//653 43//653
f 43//653 235//653 233//653
f 43//653 233//653 45//653
f 45//653 233//653 231//653
f 45//653 231//653 47//653
f 47//653 231//653 229//653
f 47//653 229//653 49//653
f 49//653 229//653 227//653
f 49//653 227//653 51//653
f 51//653 227//653 225//653
f 51//653 225//653 53//653
f 53//653 225//653 223//653
f 53//653 223//653 55//653
f 55//653 223//653 221//653
f 55//653 221//653 57//653
f 57//653 221//653 219//653
f 57//653 219//653 59//653
f 59//653 219//653 217//653
f 59//653 217//653 61//653
f 61//653 217//653 215//653
f 61//653 215//653 63//653
f 63//653 215//653 213//653
f 63//653 213//653 65//653
f 65//653 213//653 211//653
f 65//653 211//653 67//653
f 67//653 211//653 209//653
f 67//653 209//653 69//653
f 69//653 209//653 207//653
f 69//653 207//653 71//653
f 71//653 207//653 205//653
f 71//653 205//653 73//653
f 73//653 205//653 203//653
f 73//653 203//653 75//653
f 75//653 203//653 201//653
f 75//653 201//653 77//653
f 77//653 201//653 200//653
f 77//653 200//653 79//653
f 79//653 200//653 198//653
f 79//653 198//653 81//653
f 81//653 198//653 196//653
f 81//653 196//653 351//653
f 351//653 196//653 719//653
f 351//653 719//653 352//653
f 352//653 719//653 717//653
f 352//653 717//653 355//653
f 355//653 717//653 715//653
f 355//653 715//653 357//653
f 357//653 715//653 713//653
f 357//653 713//653 359//653
f 359//653 713//653 711//653
f 359//653 711//653 361//653
f 361//653 711//653 709//653
f 361//653 709//653 363//653
f 363//653 709//653 707//653
f 363//653 707//653 365//653
f 365//653 707//653 705//653
f 365//653 705//653 367//653
f 367//653 705//653 703//653
f 367//653 703//653 369//653
f 369//653 703//653 701//653
f 369//653 701//653 371//653
f 371//653 701//653 699//653
f 371//653 699//653 373//653
f 373//653 699//653 697//653
f 373//653 697//653 375//653
f 375//653 697//653 695//653
f 375//653 695//653 377//653
f 377//653 695//653 693//653
f 377//653 693//653 379//653
f 379//653 693//653 691//653
f 379//653 691//653 381//653
f 381//653 691//653 689//653
f 381//653 689//653 383//653
f 383//653 689//653 687//653
f 383//653 687//653 385//653
f 385//653 687//653 685//653
f 385//653 685//653 387//653
f 387//653 685//653 683//653
f 387//653 683//653 389//653
f 389//653 683//653 681//653
f 389//653 681//653 391//653
f 391//653 681//653 679//653
f 391//653 679//653 393//653
f 393//653 679//653 677//653
f 393//653 677//653 395//653
f 395//653 677//653 675//653
f 395//653 675//653 397//653
f 397//653 675//653 673//653
f 397//653 673//653 399//653
f 399//653 673//653 671//653
f 399//653 671//653 401//653
f 401//653 671//653 669//653
f 401//653 669//653 403//653
f 403//653 669//653 667//653
f 403//653 667//653 405//653
f 405//653 667//653 665//653
f 405//653 665//653 407//653
f 407//653 665//653 663//653
f 407//653 663//653 409//653
f 409//653 663//653 662//653
f 409//653 662//653 411//653
f 411//653 662//653 660//653
f 411//653 660//653 413//653
f 413//653 660//653 658//653
f 413//653 658//653 415//653
f 415//653 658//653 656//653
f 415//653 656//653 347//653
f 347//653 656//653 654//653
f 347//653 654//653 599//653
f 599//653 654//653 341//653
f 599//653 341//653 600//653
f 600//653 341//653 339//653
f 600//653 339//653 603//653
f 603//653 339//653 337//653
f 603//653 337//653 605//653
f 605//653 337//653 335//653
f 605//653 335//653 607//653
f 607//653 335//653 333//653
f 607//653 333//653 609//653
f 609//653 333//653 331//653
f 609//653 331//653 611//653
f 611//653 331//653 329//653
f 611//653 329//653 613//653
f 613//653 329//653 327//653
f 613//653 327//653 615//653
f 615//653 327//653 325//653
f 615//653 325//653 617//653
f 617//653 325//653 323//653
f 617//653 323//653 619//653
f 619//653 323//653 321//653
f 619//653 321//653 621//653
f 621//653 321//653 319//653
f 621//653 319//653 623//653
f 623//653 319//653 317//653
f 623//653 317//653 625//653
f 625//653 317//653 315//653
f 625//653 315//653 313//653
f 742//653 971//653 744//653
f 744//653 971//653 969//653
f 744//653 969//653 746//653
f 746//653 969//653 967//653
f 746//653 967//653 748//653
f 748//653 967//653 965//653
f 748//653 965//653 750//653
f 750//653 965//653 963//653
f 750//653 963//653 751//653
f 751//653 963//653 961//653
f 751//653 961//653 753//653
f 753//653 961//653 959//653
f 753//653 959//653 755//653
f 755//653 959//653 957//653
f 755//653 957//653 757//653
f 757//653 957//653 955//653
f 757//653 955//653 759//653
f 759//653 955//653 953//653
f 759//653 953//653 761//653
f 761//653 953//653 951//653
f 761//653 951//653 763//653
f 763//653 951//653 949//653
f 763//653 949//653 765//653
f 765//653 949//653 947//653
f 765//653 947//653 767//653
f 767//653 947//653 945//653
f 767//653 945//653 769//653
f 769//653 945//653 943//653
f 769//653 943//653 771//653
f 771//653 943//653 941//653
f 771//653 941//653 773//653
f 773//653 941//653 939//653
f 773//653 939//653 775//653
f 775//653 939//653 937//653
f 775//653 937//653 777//653
f 777//653 937//653 935//653
f 777//653 935//653 779//653
f 779//653 935//653 933//653
f 779//653 933//653 781//653
f 781//653 933//653 931//653
f 781//653 931//653 783//653
f 783//653 931//653 929//653
f 783//653 929//653 785//653
f 785//653 929//653 927//653
f 785//653 927//653 787//653
f 787//653 927//653 925//653
f 787//653 925//653 789//653
f 789//653 925//653 923//653
f 789//653 923//653 791//653
f 791//653 923//653 921//653
f 791//653 921//653 793//653
f 793//653 921//653 919//653
f 793//653 919//653 795//653
f 795//653 919//653 917//653
f 795//653 917//653 797//653
f 797//653 917//653 915//653
f 797//653 915//653 799//653
f 799//653 915//653 913//653
f 799//653 913//653 801//653
f 801//653 913//653 911//653
f 801//653 911//653 803//653
f 803//653 911//653 909//653
f 803//653 909//653 805//653
f 805//653 909//653 810//653
f 805//653 810//653 737//653
f 737//653 810//653 597//653
f 737//653 597//653 288//653
f 288//653 597//653 651//653
f 288//653 651//653 290//653
f 290//653 651//653 649//653
f 290//653 649//653 291//653
f 291//653 649//653 647//653
f 291//653 647//653 293//653
f 293//653 647//653 645//653
f 293//653 645//653 295//653
f 295//653 645//653 643//653
f 295//653 643//653 297//653
f 297//653 643//653 641//653
f 297//653 641//653 299//653
f 299//653 641//653 639//653
f 299//653 639//653 301//653
f 301//653 639//653 638//653
f 301//653 638//653 303//653
f 303//653 638//653 636//653
f 303//653 636//653 305//653
f 305//653 636//653 633//653
f 305//653 633//653 307//653
f 307//653 633//653 631//653
f 307//653 631//653 309//653
f 309//653 631//653 629//653
f 309//653 629//653 311//653
f 311//653 629//653 627//653
f 311//653 627//653 313//653
f 313//653 627//653 625//653
f 597//653 810//653 511//653
f 511//653 810//653 809//653
f 511//653 809//653 1275//653
f 1275//653 809//653 981//653
f 1275//653 981//653 1273//653
f 1273//653 981//653 1271//653
f 809//653 905//653 981//653
f 981//653 905//653 982//653
f 982//653 905//653 903//653
f 982//653 903//653 985//653
f 985//653 903//653 901//653
f 985//653 901//653 987//653
f 987//653 901//653 899//653
f 987//653 899//653 989//653
f 989//653 899//653 897//653
f 989//653 897//653 991//653
f 991//653 897//653 895//653
f 991//653 895//653 993//653
f 993//653 895//653 893//653
f 993//653 893//653 995//653
f 995//653 893//653 891//653
f 995//653 891//653 997//653
f 997//653 891//653 889//653
f 997//653 889//653 999//653
f 999//653 889//653 887//653
f 999//653 887//653 1001//653
f 1001//653 887//653 885//653
f 1001//653 885//653 1003//653
f 1003//653 885//653 883//653
f 1003//653 883//653 1005//653
f 1005//653 883//653 881//653
f 1005//653 881//653 1007//653
f 1007//653 881//653 879//653
f 1007//653 879//653 1009//653
f 1009//653 879//653 877//653
f 1009//653 877//653 1011//653
f 1011//653 877//653 875//653
f 1011//653 875//653 1013//653
f 1013//653 875//653 873//653
f 1013//653 873//653 1015//653
f 1015//653 873//653 871//653
f 1015//653 871//653 1017//653
f 1017//653 871//653 869//653
f 1017//653 869//653 1019//653
f 1019//653 869//653 867//653
f 1019//653 867//653 1021//653
f 1021//653 867//653 865//653
f 1021//653 865//653 1023//653
f 1023//653 865//653 863//653
f 1023//653 863//653 1025//653
f 1025//653 863//653 861//653
f 1025//653 861//653 1027//653
f 1027//653 861//653 859//653
f 1027//653 859//653 1029//653
f 1029//653 859//653 857//653
f 1029//653 857//653 1031//653
f 1031//653 857//653 855//653
f 1031//653 855//653 1033//653
f 1033//653 855//653 853//653
f 1033//653 853//653 1035//653
f 1035//653 853//653 851//653
f 1035//653 851//653 1037//653
f 1037//653 851//653 849//653
f 1037//653 849//653 1039//653
f 1039//653 849//653 847//653
f 1039//653 847//653 1041//653
f 1041//653 847//653 845//653
f 1041//653 845//653 1043//653
f 1043//653 845//653 843//653
f 1043//653 843//653 1045//653
f 1045//653 843//653 841//653
f 1045//653 841//653 1047//653
f 1047//653 841//653 839//653
f 1047//653 839//653 1049//653
f 1049//653 839//653 837//653
f 1049//653 837//653 1051//653
f 1051//653 837//653 835//653
f 1051//653 835//653 1053//653
f 1053//653 835//653 833//653
f 1053//653 833//653 1055//653
f 1055//653 833//653 831//653
f 1055//653 831//653 1057//653
f 1057//653 831//653 829//653
f 1057//653 829//653 1059//653
f 1059//653 829//653 827//653
f 1059//653 827//653 1061//653
f 1061//653 827//653 825//653
f 1061//653 825//653 1063//653
f 1063//653 825//653 823//653
f 1063//653 823//653 1065//653
f 1065//653 823//653 821//653
f 1065//653 821//653 1067//653
f 1067//653 821//653 819//653
f 1067//653 819//653 1069//653
f 1069//653 819//653 817//653
f 1069//653 817//653 1071//653
f 1071//653 817//653 814//653
f 1071//653 814//653 1073//653
f 1073//653 814//653 813//653
f 1073//653 813//653 1075//653
f 1075//653 813//653 83//653
f 1075//653 83//653 187//653
f 83//653 813//653 1//653
f 1//653 813//653 907//653
f 738//653 735//653 807//653
f 807//653 735//653 275//653
f 807//653 275//653 189//653
f 189//653 275//653 279//653
f 189//653 279//653 190//653
f 190//653 279//653 723//653
f 190//653 723//653 719//653
f 737//653 288//653 738//653
f 738//653 288//653 343//653
f 738//653 343//653 725//653
f 725//653 343//653 345//653
f 725//653 345//653 726//653
f 726//653 345//653 721//653
f 726//653 721//653 282//653
f 282//653 721//653 285//653
f 285//653 721//653 723//653
f 285//653 723//653 279//653
f 193//653 742//653 189//653
f 189//653 742//653 807//653
f 275//653 735//653 276//653
f 276//653 735//653 732//653
f 276//653 732//653 281//653
f 281//653 732//653 729//653
f 281//653 729//653 282//653
f 282//653 729//653 726//653
f 729//653 732//653 731//653
f 735//653 738//653 731//653
f 731//653 738//653 725//653
f 731//653 725//653 729//653
f 654//653 721//653 341//653
f 341//653 721//653 345//653
f 599//653 595//653 347//653
f 347//653 595//653 348//653
f 348//653 595//653 974//653
f 348//653 974//653 979//653
f 979//653 974//653 973//653
f 979//653 973//653 977//653
f 974//653 595//653 1277//653
f 1277//653 595//653 593//653
f 1277//653 593//653 1279//653
f 1279//653 593//653 591//653
f 1279//653 591//653 1281//653
f 1281//653 591//653 589//653
f 1281//653 589//653 1283//653
f 1283//653 589//653 587//653
f 1283//653 587//653 1285//653
f 1285//653 587//653 585//653
f 1285//653 585//653 1287//653
f 1287//653 585//653 583//653
f 1287//653 583//653 1289//653
f 1289//653 583//653 581//653
f 1289//653 581//653 1291//653
f 1291//653 581//653 579//653
f 1291//653 579//653 1293//653
f 1293//653 579//653 577//653
f 1293//653 577//653 1295//653
f 1295//653 577//653 575//653
f 1295//653 575//653 1297//653
f 1297//653 575//653 573//653
f 1297//653 573//653 1299//653
f 1299//653 573//653 571//653
f 1299//653 571//653 1301//653
f 1301//653 571//653 569//653
f 1301//653 569//653 1303//653
f 1303//653 569//653 567//653
f 1303//653 567//653 1305//653
f 1305//653 567//653 565//653
f 1305//653 565//653 1307//653
f 1307//653 565//653 563//653
f 1307//653 563//653 1309//653
f 1309//653 563//653 561//653
f 1309//653 561//653 1311//653
f 1311//653 561//653 559//653
f 1311//653 559//653 1313//653
f 1313//653 559//653 557//653
f 1313//653 557//653 1315//653
f 1315//653 557//653 555//653
f 1315//653 555//653 1317//653
f 1317//653 555//653 553//653
f 1317//653 553//653 551//653
f 1317//653 551//653 1319//653
f 1319//653 551//653 549//653
f 1319//653 549//653 1321//653
f 1321//653 549//653 547//653
f 1321//653 547//653 1323//653
f 1323//653 547//653 545//653
f 1323//653 545//653 1325//653
f 1325//653 545//653 543//653
f 1325//653 543//653 1327//653
f 1327//653 543//653 541//653
f 1327//653 541//653 1329//653
f 1329//653 541//653 539//653
f 1329//653 539//653 1331//653
f 1331//653 539//653 537//653
f 1331//653 537//653 1333//653
f 1333//653 537//653 535//653
f 1333//653 535//653 1335//653
f 1335//653 535//653 533//653
f 1335//653 533//653 1337//653
f 1337//653 533//653 531//653
f 1337//653 531//653 1339//653
f 1339//653 531//653 529//653
f 1339//653 529//653 1341//653
f 1341//653 529//653 527//653
f 1341//653 527//653 1343//653
f 1343//653 527//653 525//653
f 1343//653 525//653 1345//653
f 1345//653 525//653 523//653
f 1345//653 523//653 1347//653
f 1347//653 523//653 521//653
f 1347//653 521//653 1349//653
f 1349//653 521//653 519//653
f 1349//653 519//653 1351//653
f 1351//653 519//653 517//653
f 1351//653 517//653 1353//653
f 1353//653 517//653 515//653
f 1353//653 515//653 1355//653
f 1355//653 515//653 512//653
f 1355//653 512//653 1357//653
f 1357//653 512//653 511//653
f 1357//653 511//653 1275//653
f 509//653 1179//653 417//653
f 417//653 1179//653 1177//653
f 417//653 1177//653 85//653
f 85//653 1177//653 86//653
f 86//653 1177//653 1175//653
f 86//653 1175//653 89//653
f 89//653 1175//653 1173//653
f 89//653 1173//653 91//653
f 91//653 1173//653 1171//653
f 91//653 1171//653 93//653
f 93//653 1171//653 1169//653
f 93//653 1169//653 95//653
f 95//653 1169//653 1167//653
f 95//653 1167//653 97//653
f 97//653 1167//653 1165//653
f 97//653 1165//653 99//653
f 99//653 1165//653 1163//653
f 99//653 1163//653 101//653
f 101//653 1163//653 1161//653
f 101//653 1161//653 103//653
f 103//653 1161//653 1159//653
f 103//653 1159//653 105//653
f 105//653 1159//653 1157//653
f 105//653 1157//653 107//653
f 107//653 1157//653 1155//653
f 107//653 1155//653 109//653
f 109//653 1155//653 1153//653
f 109//653 1153//653 111//653
f 111//653 1153//653 1151//653
f 111//653 1151//653 113//653
f 113//653 1151//653 1149//653
f 113//653 1149//653 115//653
f 115//653 1149//653 1147//653
f 115//653 1147//653 117//653
f 117//653 1147//653 1145//653
f 117//653 1145//653 119//653
f 119//653 1145//653 1143//653
f 119//653 1143//653 121//653
f 121//653 1143//653 1141//653
f 121//653 1141//653 123//653
f 123//653 1141//653 1139//653
f 123//653 1139//653 125//653
f 125//653 1139//653 1137//653
f 125//653 1137//653 127//653
f 127//653 1137//653 1135//653
f 127//653 1135//653 129//653
f 129//653 1135//653 1133//653
f 129//653 1133//653 131//653
f 131//653 1133//653 1131//653
f 131//653 1131//653 133//653
f 133//653 1131//653 1129//653
f 133//653 1129//653 135//653
f 135//653 1129//653 1127//653
f 135//653 1127//653 137//653
f 137//653 1127//653 1125//653
f 137//653 1125//653 139//653
f 139//653 1125//653 1123//653
f 139//653 1123//653 141//653
f 141//653 1123//653 1121//653
f 141//653 1121//653 143//653
f 143//653 1121//653 1119//653
f 143//653 1119//653 145//653
f 145//653 1119//653 1117//653
f 145//653 1117//653 147//653
f 147//653 1117//653 1115//653
f 147//653 1115//653 149//653
f 149//653 1115//653 1113//653
f 149//653 1113//653 151//653
f 151//653 1113//653 1111//653
f 151//653 1111//653 153//653
f 153//653 1111//653 1109//653
f 153//653 1109//653 155//653
f 155//653 1109//653 1107//653
f 155//653 1107//653 157//653
f 157//653 1107//653 1105//653
f 157//653 1105//653 159//653
f 159//653 1105//653 1103//653
f 159//653 1103//653 161//653
f 161//653 1103//653 1101//653
f 161//653 1101//653 163//653
f 163//653 1101//653 1099//653
f 163//653 1099//653 165//653
f 165//653 1099//653 1097//653
f 165//653 1097//653 167//653
f 167//653 1097//653 1095//653
f 167//653 1095//653 169//653
f 169//653 1095//653 1093//653
f 169//653 1093//653 171//653
f 171//653 1093//653 1091//653
f 171//653 1091//653 173//653
f 173//653 1091//653 1089//653
f 173//653 1089//653 175//653
f 175//653 1089//653 1087//653
f 175//653 1087//653 177//653
f 177//653 1087//653 1085//653
f 177//653 1085//653 179//653
f 179//653 1085//653 1083//653
f 179//653 1083//653 181//653
f 181//653 1083//653 1081//653
f 181//653 1081//653 183//653
f 183//653 1081//653 1079//653
f 183//653 1079//653 185//653
f 185//653 1079//653 1077//653
f 185//653 1077//653 187//653
f 187//653 1077//653 1075//653
f 1179//653 509//653 1181//653
f 1181//653 509//653 507//653
f 1181//653 507//653 1183//653
f 1183//653 507//653 505//653
f 1183//653 505//653 1185//653
f 1185//653 505//653 503//653
f 1185//653 503//653 1187//653
f 1187//653 503//653 501//653
f 1187//653 501//653 1189//653
f 1189//653 501//653 499//653
f 1189//653 499//653 1191//653
f 1191//653 499//653 497//653
f 1191//653 497//653 1193//653
f 1193//653 497//653 495//653
f 1193//653 495//653 1195//653
f 1195//653 495//653 493//653
f 1195//653 493//653 1197//653
f 1197//653 493//653 491//653
f 1197//653 491//653 1199//653
f 1199//653 491//653 489//653
f 1199//653 489//653 1201//653
f 1201//653 489//653 487//653
f 1201//653 487//653 1203//653
f 1203//653 487//653 485//653
f 1203//653 485//653 1205//653
f 1205//653 485//653 483//653
f 1205//653 483//653 1207//653
f 1207//653 483//653 481//653
f 1207//653 481//653 1209//653
f 1209//653 481//653 479//653
f 1209//653 479//653 1211//653
f 1211//653 479//653 477//653
f 1211//653 477//653 1213//653
f 1213//653 477//653 475//653
f 1213//653 475//653 1215//653
f 1215//653 475//653 473//653
f 1215//653 473//653 1217//653
f 1217//653 473//653 471//653
f 1217//653 471//653 1219//653
f 1219//653 471//653 469//653
f 1219//653 469//653 1221//653
f 1221//653 469//653 467//653
f 1221//653 467//653 1223//653
f 1223//653 467//653 465//653
f 1223//653 465//653 1225//653
f 1225//653 465//653 463//653
f 1225//653 463//653 1227//653
f 1227//653 463//653 461//653
f 1227//653 461//653 1229//653
f 1229//653 461//653 459//653
f 1229//653 459//653 1231//653
f 1231//653 459//653 457//653
f 1231//653 457//653 1233//653
f 1233//653 457//653 455//653
f 1233//653 455//653 1235//653
f 1235//653 455//653 453//653
f 1235//653 453//653 1237//653
f 1237//653 453//653 451//653
f 1237//653 451//653 1239//653
f 1239//653 451//653 449//653
f 1239//653 449//653 1241//653
f 1241//653 449//653 447//653
f 1241//653 447//653 1243//653
f 1243//653 447//653 445//653
f 1243//653 445//653 1245//653
f 1245//653 445//653 443//653
f 1245//653 443//653 1247//653
f 1247//653 443//653 441//653
f 1247//653 441//653 1249//653
f 1249//653 441//653 439//653
f 1249//653 439//653 1251//653
f 1251//653 439//653 437//653
f 1251//653 437//653 1253//653
f 1253//653 437//653 435//653
f 1253//653 435//653 1255//653
f 1255//653 435//653 433//653
f 1255//653 433//653 1257//653
f 1257//653 433//653 431//653
f 1257//653 431//653 1259//653
f 1259//653 431//653 429//653
f 1259//653 429//653 1261//653
f 1261//653 429//653 427//653
f 1261//653 427//653 1263//653
f 1263//653 427//653 425//653
f 1263//653 425//653 1265//653
f 1265//653 425//653 423//653
f 1265//653 423//653 1267//653
f 1267//653 423//653 421//653
f 1267//653 421//653 1269//653
f 1269//653 421//653 419//653
f 1269//653 419//653 979//653
f 979//653 419//653 348//653
f 351//653 417//653 81//653
f 81//653 417//653 85//653
f 276//653 281//653 285//653
f 279//653 276//653 285//653
f 196//653 190//653 719//653
