# Blender v2.81 (sub 16) OBJ File: ''
# www.blender.org
mtllib Attack Cavalry.mtl
o Attack_Cavalry
v 5.401929 -0.199948 5.174165
v 5.401929 0.199949 5.174165
v 5.269474 -0.199948 5.426526
v 5.269474 0.199949 5.426526
v 5.125257 -0.199948 5.672343
v 5.125257 0.199949 5.672343
v 4.969546 -0.199948 5.911079
v 4.969546 0.199949 5.911079
v 4.802766 -0.199948 6.142184
v 4.802766 0.199949 6.142184
v 4.625223 -0.199948 6.365141
v 4.625223 0.199949 6.365141
v 4.437341 -0.199948 6.579469
v 4.437341 0.199949 6.579469
v 4.239580 -0.199948 6.784667
v 4.239580 0.199949 6.784667
v 4.032286 -0.199948 6.980295
v 4.032286 0.199949 6.980295
v 3.815998 -0.199948 7.165900
v 3.815998 0.199949 7.165900
v 3.591177 -0.199949 7.341088
v 3.591177 0.199949 7.341088
v 3.358361 -0.199949 7.505447
v 3.358361 0.199949 7.505447
v 3.118012 -0.199949 7.658611
v 3.118012 0.199949 7.658611
v 2.870666 -0.199949 7.800253
v 2.870666 0.199949 7.800253
v 2.616940 -0.199949 7.930047
v 2.616940 0.199949 7.930047
v 2.357333 -0.199949 8.047695
v 2.357333 0.199949 8.047695
v 2.092499 -0.199949 8.152956
v 2.092499 0.199949 8.152956
v 1.822937 -0.199949 8.245571
v 1.822937 0.199949 8.245571
v 1.549339 -0.199949 8.325338
v 1.549339 0.199949 8.325338
v 1.272243 -0.199949 8.392095
v 1.272243 0.199949 8.392095
v 0.992341 -0.199949 8.445677
v 0.992341 0.199949 8.445677
v 0.710171 -0.199949 8.485969
v 0.710171 0.199949 8.485969
v 0.426426 -0.199949 8.512875
v 0.426426 0.199949 8.512875
v 0.141758 -0.199949 8.526347
v 0.141758 0.199949 8.526347
v -0.143257 -0.199949 8.526347
v -0.143257 0.199949 8.526347
v -0.427963 -0.199949 8.512875
v -0.427963 0.199949 8.512875
v -0.711670 -0.199949 8.485969
v -0.711670 0.199949 8.485969
v -0.993840 -0.199949 8.445677
v -0.993840 0.199949 8.445677
v -1.273742 -0.199949 8.392095
v -1.273742 0.199949 8.392095
v -1.550838 -0.199949 8.325338
v -1.550838 0.199949 8.325338
v -1.824436 -0.199949 8.245571
v -1.824436 0.199949 8.245571
v -2.093998 -0.199949 8.152956
v -2.093998 0.199949 8.152956
v -2.358871 -0.199949 8.047695
v -2.358871 0.199949 8.047695
v -2.618439 -0.199949 7.930047
v -2.618439 0.199949 7.930047
v -2.872204 -0.199949 7.800253
v -2.872204 0.199949 7.800253
v -3.119511 -0.199949 7.658611
v -3.119511 0.199949 7.658611
v -3.359860 -0.199949 7.505447
v -3.359860 0.199949 7.505447
v -3.592715 -0.199949 7.341088
v -3.592715 0.199949 7.341088
v -3.817536 -0.199948 7.165900
v -3.817536 0.199949 7.165900
v -4.033785 -0.199948 6.980295
v -4.033785 0.199949 6.980295
v -4.241079 -0.199948 6.784667
v -4.241079 0.199949 6.784667
v -4.438878 -0.199948 6.579469
v -4.438878 0.199949 6.579469
v -4.626722 -0.199948 6.365141
v -4.626722 0.199949 6.365141
v -4.804265 -0.199948 6.142184
v -4.804265 0.199949 6.142184
v -4.971045 -0.199948 5.911079
v -4.971045 0.199949 5.911079
v -5.126756 -0.199948 5.672343
v -5.126756 0.199949 5.672343
v -5.270973 -0.199948 5.426526
v -5.270973 0.199949 5.426526
v -5.403429 -0.199948 5.174165
v -5.403429 0.199949 5.174165
v 9.736027 0.199949 9.508263
v 9.736027 -0.199949 9.508263
v -9.737526 -0.199949 9.508263
v -9.737526 0.199949 9.508263
v -9.499329 -0.199949 9.827831
v -9.499329 0.199949 9.827831
v -9.250677 -0.199949 10.139310
v -9.250677 0.199949 10.139310
v -8.991761 -0.199949 10.442361
v -8.991761 0.199949 10.442361
v -8.722968 -0.199949 10.736648
v -8.722968 0.199949 10.736648
v -8.444527 -0.199949 11.021834
v -8.444527 0.199949 11.021834
v -8.156784 -0.199949 11.297614
v -8.156784 0.199949 11.297614
v -7.860008 -0.199949 11.563688
v -7.860008 0.199949 11.563688
v -7.554584 -0.199949 11.819758
v -7.554584 0.199949 11.819758
v -7.240818 -0.199949 12.065547
v -7.240818 0.199949 12.065547
v -6.919058 -0.199949 12.300766
v -6.919058 0.199949 12.300766
v -6.589648 -0.199949 12.525173
v -6.589648 0.199949 12.525173
v -6.253013 -0.199949 12.738511
v -6.253013 0.199949 12.738511
v -5.909420 -0.199949 12.940548
v -5.909420 0.199949 12.940548
v -5.559331 -0.199949 13.131063
v -5.559331 0.199949 13.131063
v -5.203093 -0.199949 13.309846
v -5.203093 0.199949 13.309846
v -4.841126 -0.199949 13.476685
v -4.841126 0.199949 13.476685
v -4.473818 -0.199949 13.631424
v -4.473818 0.199949 13.631424
v -4.101589 -0.199949 13.773864
v -4.101589 0.199949 13.773864
v -3.724786 -0.199949 13.903869
v -3.724786 0.199949 13.903869
v -3.343909 -0.199949 14.021276
v -3.343909 0.199949 14.021276
v -2.959342 -0.199949 14.125971
v -2.959342 0.199949 14.125971
v -2.571507 -0.199949 14.217836
v -2.571507 0.199948 14.217836
v -2.180829 -0.199949 14.296767
v -2.180829 0.199948 14.296767
v -1.787728 -0.199949 14.362669
v -1.787728 0.199948 14.362669
v -1.392668 -0.199949 14.415482
v -1.392668 0.199948 14.415482
v -0.996069 -0.199949 14.455150
v -0.996069 0.199948 14.455150
v -0.598395 -0.199949 14.481613
v -0.598395 0.199948 14.481613
v -0.200029 -0.199949 14.494855
v -0.200029 0.199948 14.494855
v 0.198530 -0.199949 14.494855
v 0.198530 0.199948 14.494855
v 0.596896 -0.199949 14.481613
v 0.596896 0.199948 14.481613
v 0.994570 -0.199949 14.455150
v 0.994570 0.199948 14.455150
v 1.391168 -0.199949 14.415482
v 1.391168 0.199948 14.415482
v 1.786229 -0.199949 14.362669
v 1.786229 0.199948 14.362669
v 2.179329 -0.199949 14.296767
v 2.179329 0.199948 14.296767
v 2.570008 -0.199949 14.217836
v 2.570008 0.199948 14.217836
v 2.957843 -0.199949 14.125971
v 2.957843 0.199949 14.125971
v 3.342410 -0.199949 14.021276
v 3.342410 0.199949 14.021276
v 3.723287 -0.199949 13.903869
v 3.723287 0.199949 13.903869
v 4.100090 -0.199949 13.773864
v 4.100090 0.199949 13.773864
v 4.472319 -0.199949 13.631424
v 4.472319 0.199949 13.631424
v 4.839627 -0.199949 13.476685
v 4.839627 0.199949 13.476685
v 5.201593 -0.199949 13.309846
v 5.201593 0.199949 13.309846
v 5.557832 -0.199949 13.131063
v 5.557832 0.199949 13.131063
v 5.907921 -0.199949 12.940548
v 5.907921 0.199949 12.940548
v 6.251475 -0.199949 12.738511
v 6.251475 0.199949 12.738511
v 6.588150 -0.199949 12.525173
v 6.588150 0.199949 12.525173
v 6.917559 -0.199949 12.300766
v 6.917559 0.199949 12.300766
v 7.239319 -0.199949 12.065547
v 7.239319 0.199949 12.065547
v 7.553084 -0.199949 11.819758
v 7.553084 0.199949 11.819758
v 7.858509 -0.199949 11.563688
v 7.858509 0.199949 11.563688
v 8.155285 -0.199949 11.297614
v 8.155285 0.199949 11.297614
v 8.443027 -0.199949 11.021834
v 8.443027 0.199949 11.021834
v 8.721469 -0.199949 10.736648
v 8.721469 0.199949 10.736648
v 8.990263 -0.199949 10.442361
v 8.990263 0.199949 10.442361
v 9.249139 -0.199949 10.139310
v 9.249139 0.199949 10.139310
v 9.497829 -0.199949 9.827831
v 9.497829 0.199949 9.827831
v 2.977753 0.199950 -2.707152
v 2.778532 0.199950 -2.507926
v 2.977753 -0.199948 -2.707152
v 2.778532 -0.199948 -2.507926
v 5.393473 -0.199948 5.123302
v 5.393473 0.199949 5.123302
v 5.510785 -0.199948 4.866982
v 5.510785 0.199949 4.866982
v 5.615911 -0.199948 4.605443
v 5.615911 0.199949 4.605443
v 5.708622 -0.199948 4.339254
v 5.708622 0.199949 4.339254
v 5.788764 -0.199948 4.069000
v 5.788764 0.199949 4.069000
v 5.856107 -0.199948 3.795282
v 5.856107 0.199949 3.795282
v 5.910496 -0.199948 3.518700
v 5.910496 0.199949 3.518700
v 5.951855 -0.199948 3.239869
v 5.951855 0.199949 3.239869
v 5.980068 -0.199948 2.959405
v 5.980068 0.199949 2.959405
v 5.995059 -0.199948 2.677923
v 5.995059 0.199950 2.677923
v 5.996827 -0.199948 2.396046
v 5.996827 0.199950 2.396046
v 5.985334 -0.199948 2.114400
v 5.985334 0.199950 2.114400
v 5.960618 -0.199948 1.833605
v 5.960618 0.199950 1.833605
v 5.922758 -0.199948 1.554279
v 5.922758 0.199950 1.554279
v 5.871789 -0.199948 1.277044
v 5.871789 0.199950 1.277044
v 5.807907 -0.199948 1.002504
v 5.807907 0.199950 1.002504
v 5.731147 -0.199948 0.731275
v 5.731147 0.199950 0.731275
v 5.641741 -0.199948 0.463947
v 5.641741 0.199950 0.463947
v 5.539882 -0.199948 0.201116
v 5.539882 0.199950 0.201116
v 5.425799 -0.199948 -0.056641
v 5.425799 0.199950 -0.056641
v 5.299686 -0.199948 -0.308753
v 5.299686 0.199950 -0.308753
v 5.161926 -0.199948 -0.554662
v 5.161926 0.199950 -0.554662
v 5.012750 -0.199948 -0.793829
v 5.012750 0.199950 -0.793829
v 4.852466 -0.199948 -1.025723
v 4.852466 0.199950 -1.025723
v 4.681496 -0.199948 -1.249828
v 4.681496 0.199950 -1.249828
v 4.500186 -0.199948 -1.465659
v 4.500186 0.199950 -1.465659
v 4.308921 -0.199948 -1.672731
v 4.308921 0.199950 -1.672731
v 4.108162 -0.199948 -1.870589
v 4.108162 0.199950 -1.870589
v 3.898331 -0.199948 -2.058798
v 3.898331 0.199950 -2.058798
v 3.679853 -0.199948 -2.236941
v 3.679853 0.199950 -2.236941
v 3.453302 -0.199948 -2.404620
v 3.453302 0.199950 -2.404620
v 3.219064 -0.199948 -2.561474
v 3.219064 0.199950 -2.561474
v 2.778532 0.199950 2.508361
v 2.778532 -0.199948 2.508361
v 2.748550 0.199950 -2.499143
v -2.750050 0.199950 -2.499143
v 2.748550 -0.199948 -2.499143
v -2.750050 -0.199948 -2.499143
v 2.748550 0.199950 2.499578
v 2.748550 -0.199948 2.499578
v -2.750050 0.199950 2.499578
v -2.750050 -0.199948 2.499578
v -2.979252 -0.199948 -2.707152
v -2.979252 0.199950 -2.707152
v -3.220601 -0.199948 -2.561474
v -3.220601 0.199950 -2.561474
v -3.454801 -0.199948 -2.404620
v -3.454801 0.199950 -2.404620
v -3.681390 -0.199948 -2.236941
v -3.681390 0.199950 -2.236941
v -3.899831 -0.199948 -2.058798
v -3.899831 0.199950 -2.058798
v -4.109661 -0.199948 -1.870589
v -4.109661 0.199950 -1.870589
v -4.310458 -0.199948 -1.672731
v -4.310458 0.199950 -1.672731
v -4.501685 -0.199948 -1.465659
v -4.501685 0.199950 -1.465659
v -4.682994 -0.199948 -1.249828
v -4.682994 0.199950 -1.249828
v -4.853965 -0.199948 -1.025723
v -4.853965 0.199950 -1.025723
v -5.014249 -0.199948 -0.793829
v -5.014249 0.199950 -0.793829
v -5.163425 -0.199948 -0.554662
v -5.163425 0.199950 -0.554662
v -5.301223 -0.199948 -0.308753
v -5.301223 0.199950 -0.308753
v -5.427299 -0.199948 -0.056641
v -5.427299 0.199950 -0.056641
v -5.541381 -0.199948 0.201116
v -5.541381 0.199950 0.201116
v -5.643240 -0.199948 0.463947
v -5.643240 0.199950 0.463947
v -5.732646 -0.199948 0.731275
v -5.732646 0.199950 0.731275
v -5.809405 -0.199948 1.002504
v -5.809405 0.199950 1.002504
v -5.873327 -0.199948 1.277044
v -5.873327 0.199950 1.277044
v -5.924257 -0.199948 1.554279
v -5.924257 0.199950 1.554279
v -5.962118 -0.199948 1.833605
v -5.962118 0.199950 1.833605
v -5.986833 -0.199948 2.114400
v -5.986833 0.199950 2.114400
v -5.998326 -0.199948 2.396046
v -5.998326 0.199950 2.396046
v -5.996558 -0.199948 2.677923
v -5.996558 0.199950 2.677923
v -5.981567 -0.199948 2.959405
v -5.981567 0.199949 2.959405
v -5.953354 -0.199948 3.239869
v -5.953354 0.199949 3.239869
v -5.911995 -0.199948 3.518700
v -5.911995 0.199949 3.518700
v -5.857606 -0.199948 3.795282
v -5.857606 0.199949 3.795282
v -5.790264 -0.199948 4.069000
v -5.790264 0.199949 4.069000
v -5.710160 -0.199948 4.339254
v -5.710160 0.199949 4.339254
v -5.617410 -0.199948 4.605443
v -5.617410 0.199949 4.605443
v -5.512284 -0.199948 4.866982
v -5.512284 0.199949 4.866982
v -5.394972 -0.199948 5.123302
v -5.394972 0.199949 5.123302
v -2.780031 0.199950 -2.507926
v -2.780031 -0.199948 -2.507926
v -2.780031 0.199950 2.508361
v -2.780031 -0.199948 2.508361
v -3.001239 0.199950 -2.729129
v -7.296283 0.199950 -7.024164
v -3.001239 -0.199948 -2.729129
v -7.296283 -0.199947 -7.024164
v -5.417420 -0.199948 5.145730
v -5.417420 0.199949 5.145730
v -5.535769 -0.199948 4.888276
v -5.535769 0.199949 4.888276
v -5.641895 -0.199948 4.625546
v -5.641895 0.199949 4.625546
v -5.735567 -0.199948 4.358112
v -5.735567 0.199949 4.358112
v -5.816555 -0.199948 4.086580
v -5.816555 0.199949 4.086580
v -5.884705 -0.199948 3.811541
v -5.884705 0.199949 3.811541
v -5.939862 -0.199948 3.533599
v -5.939862 0.199949 3.533599
v -5.981913 -0.199948 3.253376
v -5.981913 0.199949 3.253376
v -6.010703 -0.199948 2.971484
v -6.010703 0.199949 2.971484
v -6.026231 -0.199948 2.688551
v -6.026231 0.199950 2.688551
v -6.028461 -0.199948 2.405204
v -6.028461 0.199950 2.405204
v -6.017391 -0.199948 2.122064
v -6.017391 0.199950 2.122064
v -5.992983 -0.199948 1.839755
v -5.992983 0.199950 1.839755
v -5.955353 -0.199948 1.558906
v -5.955353 0.199950 1.558906
v -5.904577 -0.199948 1.280133
v -5.904577 0.199950 1.280133
v -5.840771 -0.199948 1.004056
v -5.840771 0.199950 1.004056
v -5.764050 -0.199948 0.731284
v -5.764050 0.199950 0.731284
v -5.674567 -0.199948 0.462419
v -5.674567 0.199950 0.462419
v -5.572592 -0.199948 0.198050
v -5.572592 0.199950 0.198050
v -5.458279 -0.199948 -0.061230
v -5.458279 0.199950 -0.061230
v -5.331896 -0.199948 -0.314850
v -5.331896 0.199950 -0.314850
v -5.193790 -0.199948 -0.562258
v -5.193790 0.199950 -0.562258
v -5.044153 -0.199948 -0.802896
v -5.044153 0.199950 -0.802896
v -4.883408 -0.199948 -1.036240
v -4.883408 0.199950 -1.036240
v -4.711861 -0.199948 -1.261772
v -4.711861 0.199950 -1.261772
v -4.529898 -0.199948 -1.478997
v -4.529898 0.199950 -1.478997
v -4.337941 -0.199948 -1.687429
v -4.337941 0.199950 -1.687429
v -4.136413 -0.199948 -1.886608
v -4.136413 0.199950 -1.886608
v -3.925737 -0.199948 -2.076099
v -3.925737 0.199950 -2.076099
v -3.706375 -0.199948 -2.255483
v -3.706375 0.199950 -2.255483
v -3.478863 -0.199948 -2.424358
v -3.478863 0.199950 -2.424358
v -3.243625 -0.199948 -2.582355
v -3.243625 0.199950 -2.582355
v -9.755246 0.199949 9.483566
v -9.755246 -0.199949 9.483566
v -7.610664 -0.199947 -6.774882
v -7.610664 0.199950 -6.774882
v -7.916549 -0.199947 -6.515227
v -7.916549 0.199950 -6.515227
v -8.213556 -0.199947 -6.245492
v -8.213556 0.199950 -6.245492
v -8.501376 -0.199947 -5.965975
v -8.501376 0.199950 -5.965975
v -8.779702 -0.199947 -5.676987
v -8.779702 0.199950 -5.676987
v -9.048226 -0.199947 -5.378851
v -9.048226 0.199950 -5.378851
v -9.306603 -0.199947 -5.071909
v -9.306603 0.199950 -5.071909
v -9.554602 -0.199947 -4.756495
v -9.554602 0.199950 -4.756495
v -9.791877 -0.199947 -4.432972
v -9.791877 0.199950 -4.432972
v -10.018235 -0.199948 -4.101688
v -10.018235 0.199950 -4.101688
v -10.233370 -0.199948 -3.763021
v -10.233370 0.199950 -3.763021
v -10.437050 -0.199948 -3.417352
v -10.437050 0.199950 -3.417352
v -10.629084 -0.199948 -3.065063
v -10.629084 0.199950 -3.065063
v -10.809202 -0.199948 -2.706552
v -10.809202 0.199950 -2.706552
v -10.977251 -0.199948 -2.342217
v -10.977251 0.199950 -2.342217
v -11.132999 -0.199948 -1.972467
v -11.132999 0.199950 -1.972467
v -11.276333 -0.199948 -1.597716
v -11.276333 0.199950 -1.597716
v -11.407021 -0.199948 -1.218381
v -11.407021 0.199950 -1.218381
v -11.524985 -0.199948 -0.834885
v -11.524985 0.199950 -0.834885
v -11.630034 -0.199948 -0.447666
v -11.630034 0.199950 -0.447666
v -11.722093 -0.199948 -0.057146
v -11.722093 0.199950 -0.057146
v -11.801004 -0.199948 0.336233
v -11.801004 0.199950 0.336233
v -11.866772 -0.199948 0.732034
v -11.866772 0.199950 0.732034
v -11.919239 -0.199948 1.129809
v -11.919239 0.199950 1.129809
v -11.958368 -0.199948 1.529117
v -11.958368 0.199950 1.529117
v -11.984121 -0.199948 1.929506
v -11.984121 0.199950 1.929506
v -11.996498 -0.199948 2.330539
v -11.996498 0.199950 2.330539
v -11.995421 -0.199948 2.731759
v -11.995421 0.199950 2.731759
v -11.980969 -0.199948 3.132720
v -11.980969 0.199949 3.132720
v -11.953102 -0.199948 3.532970
v -11.953102 0.199949 3.532970
v -11.911859 -0.199948 3.932066
v -11.911859 0.199949 3.932066
v -11.857277 -0.199948 4.329558
v -11.857277 0.199949 4.329558
v -11.789474 -0.199948 4.725003
v -11.789474 0.199949 4.725003
v -11.708447 -0.199948 5.117969
v -11.708447 0.199949 5.117969
v -11.614352 -0.199948 5.507995
v -11.614352 0.199949 5.507995
v -11.507265 -0.199948 5.894656
v -11.507265 0.199949 5.894656
v -11.387302 -0.199948 6.277523
v -11.387302 0.199949 6.277523
v -11.254616 -0.199948 6.656170
v -11.254616 0.199949 6.656170
v -11.109322 -0.199948 7.030158
v -11.109322 0.199949 7.030158
v -10.951613 -0.199949 7.399081
v -10.951613 0.199949 7.399081
v -10.781642 -0.199949 7.762527
v -10.781642 0.199949 7.762527
v -10.599641 -0.199949 8.120091
v -10.599641 0.199949 8.120091
v -10.405762 -0.199949 8.471363
v -10.405762 0.199949 8.471363
v -10.200236 -0.199949 8.815954
v -10.200236 0.199949 8.815954
v -9.983334 -0.199949 9.153484
v -9.983334 0.199949 9.153484
v 7.270722 -0.199947 -7.042532
v 7.270722 0.199950 -7.042532
v 6.948078 -0.199947 -7.279984
v 6.948078 0.199950 -7.279984
v 6.617708 -0.199947 -7.506531
v 6.617708 0.199950 -7.506531
v 6.279957 -0.199947 -7.721925
v 6.279957 0.199950 -7.721925
v 5.935173 -0.199947 -7.925918
v 5.935173 0.199950 -7.925918
v 5.583816 -0.199947 -8.118287
v 5.583816 0.199950 -8.118287
v 5.226193 -0.199947 -8.298819
v 5.226193 0.199950 -8.298819
v 4.862767 -0.199947 -8.467310
v 4.862767 0.199950 -8.467310
v 4.493882 -0.199947 -8.623572
v 4.493882 0.199950 -8.623572
v 4.120039 -0.199947 -8.767429
v 4.120039 0.199951 -8.767429
v 3.741545 -0.199947 -8.898732
v 3.741545 0.199951 -8.898732
v 3.358900 -0.199947 -9.017317
v 3.358900 0.199951 -9.017317
v 2.972526 -0.199947 -9.123068
v 2.972526 0.199951 -9.123068
v 2.582846 -0.199947 -9.215856
v 2.582846 0.199951 -9.215856
v 2.190246 -0.199947 -9.295580
v 2.190246 0.199951 -9.295580
v 1.795223 -0.199947 -9.362159
v 1.795223 0.199951 -9.362159
v 1.398203 -0.199947 -9.415505
v 1.398203 0.199951 -9.415505
v 0.999606 -0.199947 -9.455571
v 0.999606 0.199951 -9.455571
v 0.599933 -0.199947 -9.482305
v 0.599933 0.199951 -9.482305
v 0.199529 -0.199947 -9.495681
v 0.199529 0.199951 -9.495681
v -0.201067 -0.199947 -9.495681
v -0.201067 0.199951 -9.495681
v -0.601432 -0.199947 -9.482305
v -0.601432 0.199951 -9.482305
v -1.001105 -0.199947 -9.455571
v -1.001105 0.199951 -9.455571
v -1.399702 -0.199947 -9.415505
v -1.399702 0.199951 -9.415505
v -1.796723 -0.199947 -9.362159
v -1.796723 0.199951 -9.362159
v -2.191745 -0.199947 -9.295580
v -2.191745 0.199951 -9.295580
v -2.584345 -0.199947 -9.215856
v -2.584345 0.199951 -9.215856
v -2.974025 -0.199947 -9.123068
v -2.974025 0.199951 -9.123068
v -3.360437 -0.199947 -9.017317
v -3.360437 0.199951 -9.017317
v -3.743082 -0.199947 -8.898732
v -3.743082 0.199951 -8.898732
v -4.121538 -0.199947 -8.767429
v -4.121538 0.199951 -8.767429
v -4.495420 -0.199947 -8.623572
v -4.495420 0.199950 -8.623572
v -4.864266 -0.199947 -8.467310
v -4.864266 0.199950 -8.467310
v -5.227693 -0.199947 -8.298819
v -5.227693 0.199950 -8.298819
v -5.585315 -0.199947 -8.118287
v -5.585315 0.199950 -8.118287
v -5.936672 -0.199947 -7.925918
v -5.936672 0.199950 -7.925918
v -6.281456 -0.199947 -7.721925
v -6.281456 0.199950 -7.721925
v -6.619207 -0.199947 -7.506531
v -6.619207 0.199950 -7.506531
v -6.949615 -0.199947 -7.279984
v -6.949615 0.199950 -7.279984
v -7.272222 -0.199947 -7.042532
v -7.272222 0.199950 -7.042532
v 2.972718 0.199950 -2.744533
v 2.972718 -0.199948 -2.744533
v -2.974217 -0.199948 -2.744533
v -2.974217 0.199950 -2.744533
v -2.725142 -0.199948 -2.878151
v -2.725142 0.199950 -2.878151
v -2.470071 -0.199948 -2.999945
v -2.470071 0.199950 -2.999945
v -2.209580 -0.199948 -3.109650
v -2.209580 0.199950 -3.109650
v -1.944207 -0.199948 -3.207022
v -1.944207 0.199950 -3.207022
v -1.674568 -0.199948 -3.291849
v -1.674568 0.199950 -3.291849
v -1.401278 -0.199948 -3.363938
v -1.401278 0.199950 -3.363938
v -1.124874 -0.199948 -3.423142
v -1.124874 0.199950 -3.423142
v -0.846009 -0.199948 -3.469325
v -0.846009 0.199950 -3.469325
v -0.565300 -0.199948 -3.502386
v -0.565300 0.199950 -3.502386
v -0.283323 -0.199948 -3.522253
v -0.283323 0.199950 -3.522253
v -0.000769 -0.199948 -3.528879
v -0.000769 0.199950 -3.528879
v 0.281824 -0.199948 -3.522253
v 0.281824 0.199950 -3.522253
v 0.563801 -0.199948 -3.502386
v 0.563801 0.199950 -3.502386
v 0.844510 -0.199948 -3.469325
v 0.844510 0.199950 -3.469325
v 1.123374 -0.199948 -3.423142
v 1.123374 0.199950 -3.423142
v 1.399778 -0.199948 -3.363938
v 1.399778 0.199950 -3.363938
v 1.673069 -0.199948 -3.291849
v 1.673069 0.199950 -3.291849
v 1.942708 -0.199948 -3.207022
v 1.942708 0.199950 -3.207022
v 2.208081 -0.199948 -3.109650
v 2.208081 0.199950 -3.109650
v 2.468572 -0.199948 -2.999945
v 2.468572 0.199950 -2.999945
v 2.723643 -0.199948 -2.878151
v 2.723643 0.199950 -2.878151
v 2.950732 -0.199948 -2.722527
v 2.950732 0.199950 -2.722527
v 2.703348 -0.199948 -2.854795
v 2.703348 0.199950 -2.854795
v 2.450083 -0.199948 -2.975359
v 2.450083 0.199950 -2.975359
v 2.191476 -0.199948 -3.083945
v 2.191476 0.199950 -3.083945
v 1.928025 -0.199948 -3.180327
v 1.928025 0.199950 -3.180327
v 1.660385 -0.199948 -3.264289
v 1.660385 0.199950 -3.264289
v 1.389131 -0.199948 -3.335644
v 1.389131 0.199950 -3.335644
v 1.114803 -0.199948 -3.394237
v 1.114803 0.199950 -3.394237
v 0.838053 -0.199948 -3.439949
v 0.838053 0.199950 -3.439949
v 0.559496 -0.199948 -3.472669
v 0.559496 0.199950 -3.472669
v 0.279671 -0.199948 -3.492329
v 0.279671 0.199950 -3.492329
v -0.000769 -0.199948 -3.498888
v -0.000769 0.199950 -3.498888
v -0.281170 -0.199948 -3.492329
v -0.281170 0.199950 -3.492329
v -0.560995 -0.199948 -3.472669
v -0.560995 0.199950 -3.472669
v -0.839590 -0.199948 -3.439949
v -0.839590 0.199950 -3.439949
v -1.116340 -0.199948 -3.394237
v -1.116340 0.199950 -3.394237
v -1.390630 -0.199948 -3.335644
v -1.390630 0.199950 -3.335644
v -1.661922 -0.199948 -3.264289
v -1.661922 0.199950 -3.264289
v -1.929563 -0.199948 -3.180327
v -1.929563 0.199950 -3.180327
v -2.192975 -0.199948 -3.083945
v -2.192975 0.199950 -3.083945
v -2.451582 -0.199948 -2.975359
v -2.451582 0.199950 -2.975359
v -2.704885 -0.199948 -2.854795
v -2.704885 0.199950 -2.854795
v -2.952231 -0.199948 -2.722527
v -2.952231 0.199950 -2.722527
v 2.757314 0.199950 -2.529133
v 2.757314 -0.199948 -2.529133
v -2.758852 0.199950 -2.529133
v -2.758852 -0.199948 -2.529133
v 2.757314 0.199950 2.529568
v -2.758852 0.199950 2.529568
v 2.757314 -0.199948 2.529568
v -2.758852 -0.199948 2.529568
v 5.379520 0.199949 5.151775
v 5.379520 -0.199948 5.151775
v -5.381020 -0.199948 5.151775
v -5.381020 0.199949 5.151775
v -5.249448 -0.199948 5.403482
v -5.249448 0.199949 5.403482
v -5.106114 -0.199948 5.648676
v -5.106114 0.199949 5.648676
v -4.951327 -0.199948 5.886815
v -4.951327 0.199949 5.886815
v -4.785430 -0.199948 6.117353
v -4.785430 0.199949 6.117353
v -4.608849 -0.199948 6.339782
v -4.608849 0.199949 6.339782
v -4.421889 -0.199948 6.553610
v -4.421889 0.199949 6.553610
v -4.225012 -0.199948 6.758337
v -4.225012 0.199949 6.758337
v -4.018718 -0.199948 6.953523
v -4.018718 0.199949 6.953523
v -3.803352 -0.199948 7.138725
v -3.803352 0.199949 7.138725
v -3.579492 -0.199949 7.313529
v -3.579492 0.199949 7.313529
v -3.347637 -0.199949 7.477532
v -3.347637 0.199949 7.477532
v -3.108248 -0.199949 7.630379
v -3.108248 0.199949 7.630379
v -2.861864 -0.199949 7.771723
v -2.861864 0.199949 7.771723
v -2.609099 -0.199949 7.901248
v -2.609099 0.199949 7.901248
v -2.350492 -0.199949 8.018665
v -2.350492 0.199949 8.018665
v -2.086618 -0.199949 8.123705
v -2.086618 0.199949 8.123705
v -1.818055 -0.199949 8.216137
v -1.818055 0.199949 8.216137
v -1.545418 -0.199949 8.295752
v -1.545418 0.199949 8.295752
v -1.269322 -0.199949 8.362373
v -1.269322 0.199949 8.362373
v -0.990381 -0.199949 8.415850
v -0.990381 0.199949 8.415850
v -0.709210 -0.199949 8.456055
v -0.709210 0.199949 8.456055
v -0.426464 -0.199949 8.482913
v -0.426464 0.199949 8.482913
v -0.142757 -0.199949 8.496357
v -0.142757 0.199949 8.496357
v 0.141258 -0.199949 8.496357
v 0.141258 0.199949 8.496357
v 0.424965 -0.199949 8.482913
v 0.424965 0.199949 8.482913
v 0.707711 -0.199949 8.456055
v 0.707711 0.199949 8.456055
v 0.988882 -0.199949 8.415850
v 0.988882 0.199949 8.415850
v 1.267823 -0.199949 8.362373
v 1.267823 0.199949 8.362373
v 1.543919 -0.199949 8.295752
v 1.543919 0.199949 8.295752
v 1.816556 -0.199949 8.216137
v 1.816556 0.199949 8.216137
v 2.085119 -0.199949 8.123705
v 2.085119 0.199949 8.123705
v 2.348993 -0.199949 8.018665
v 2.348993 0.199949 8.018665
v 2.607600 -0.199949 7.901248
v 2.607600 0.199949 7.901248
v 2.860365 -0.199949 7.771723
v 2.860365 0.199949 7.771723
v 3.106711 -0.199949 7.630379
v 3.106711 0.199949 7.630379
v 3.346100 -0.199949 7.477532
v 3.346100 0.199949 7.477532
v 3.577993 -0.199949 7.313529
v 3.577993 0.199949 7.313529
v 3.801853 -0.199948 7.138725
v 3.801853 0.199949 7.138725
v 4.017180 -0.199948 6.953523
v 4.017180 0.199949 6.953523
v 4.223513 -0.199948 6.758337
v 4.223513 0.199949 6.758337
v 4.420390 -0.199948 6.553610
v 4.420390 0.199949 6.553610
v 4.607311 -0.199948 6.339782
v 4.607311 0.199949 6.339782
v 4.783931 -0.199948 6.117353
v 4.783931 0.199949 6.117353
v 4.949828 -0.199948 5.886815
v 4.949828 0.199949 5.886815
v 5.104616 -0.199948 5.648676
v 5.104616 0.199949 5.648676
v 5.247949 -0.199948 5.403482
v 5.247949 0.199949 5.403482
v 7.294785 0.199950 -7.024164
v 2.999739 0.199950 -2.729129
v 7.294785 -0.199947 -7.024164
v 2.999739 -0.199948 -2.729129
v 9.753747 -0.199949 9.483566
v 9.753747 0.199949 9.483566
v 9.981834 -0.199949 9.153484
v 9.981834 0.199949 9.153484
v 10.198738 -0.199949 8.815954
v 10.198738 0.199949 8.815954
v 10.404263 -0.199949 8.471363
v 10.404263 0.199949 8.471363
v 10.598104 -0.199949 8.120091
v 10.598104 0.199949 8.120091
v 10.780144 -0.199949 7.762527
v 10.780144 0.199949 7.762527
v 10.950114 -0.199949 7.399081
v 10.950114 0.199949 7.399081
v 11.107823 -0.199948 7.030158
v 11.107823 0.199949 7.030158
v 11.253078 -0.199948 6.656170
v 11.253078 0.199949 6.656170
v 11.385803 -0.199948 6.277523
v 11.385803 0.199949 6.277523
v 11.505767 -0.199948 5.894656
v 11.505767 0.199949 5.894656
v 11.612853 -0.199948 5.507995
v 11.612853 0.199949 5.507995
v 11.706948 -0.199948 5.117969
v 11.706948 0.199949 5.117969
v 11.787974 -0.199948 4.725003
v 11.787974 0.199949 4.725003
v 11.855779 -0.199948 4.329558
v 11.855779 0.199949 4.329558
v 11.910359 -0.199948 3.932066
v 11.910359 0.199949 3.932066
v 11.951603 -0.199948 3.532970
v 11.951603 0.199949 3.532970
v 11.979470 -0.199948 3.132720
v 11.979470 0.199949 3.132720
v 11.993922 -0.199948 2.731759
v 11.993922 0.199950 2.731759
v 11.994999 -0.199948 2.330539
v 11.994999 0.199950 2.330539
v 11.982622 -0.199948 1.929506
v 11.982622 0.199950 1.929506
v 11.956869 -0.199948 1.529117
v 11.956869 0.199950 1.529117
v 11.917740 -0.199948 1.129809
v 11.917740 0.199950 1.129809
v 11.865234 -0.199948 0.732034
v 11.865234 0.199950 0.732034
v 11.799506 -0.199948 0.336233
v 11.799506 0.199950 0.336233
v 11.720555 -0.199948 -0.057146
v 11.720555 0.199950 -0.057146
v 11.628536 -0.199948 -0.447666
v 11.628536 0.199950 -0.447666
v 11.523448 -0.199948 -0.834885
v 11.523448 0.199950 -0.834885
v 11.405521 -0.199948 -1.218381
v 11.405521 0.199950 -1.218381
v 11.274834 -0.199948 -1.597716
v 11.274834 0.199950 -1.597716
v 11.131500 -0.199948 -1.972467
v 11.131500 0.199950 -1.972467
v 10.975752 -0.199948 -2.342217
v 10.975752 0.199950 -2.342217
v 10.807703 -0.199948 -2.706552
v 10.807703 0.199950 -2.706552
v 10.627546 -0.199948 -3.065063
v 10.627546 0.199950 -3.065063
v 10.435551 -0.199948 -3.417352
v 10.435551 0.199950 -3.417352
v 10.231833 -0.199948 -3.763021
v 10.231833 0.199950 -3.763021
v 10.016698 -0.199948 -4.101688
v 10.016698 0.199950 -4.101688
v 9.790378 -0.199947 -4.432972
v 9.790378 0.199950 -4.432972
v 9.553064 -0.199947 -4.756495
v 9.553064 0.199950 -4.756495
v 9.305104 -0.199947 -5.071909
v 9.305104 0.199950 -5.071909
v 9.046727 -0.199947 -5.378851
v 9.046727 0.199950 -5.378851
v 8.778203 -0.199947 -5.676987
v 8.778203 0.199950 -5.676987
v 8.499877 -0.199947 -5.965975
v 8.499877 0.199950 -5.965975
v 8.212057 -0.199947 -6.245492
v 8.212057 0.199950 -6.245492
v 7.915012 -0.199947 -6.515227
v 7.915012 0.199950 -6.515227
v 7.609165 -0.199947 -6.774882
v 7.609165 0.199950 -6.774882
v 5.415921 0.199949 5.145730
v 5.415921 -0.199948 5.145730
v 3.242126 -0.199948 -2.582355
v 3.242126 0.199950 -2.582355
v 3.477325 -0.199948 -2.424358
v 3.477325 0.199950 -2.424358
v 3.704875 -0.199948 -2.255483
v 3.704875 0.199950 -2.255483
v 3.924238 -0.199948 -2.076099
v 3.924238 0.199950 -2.076099
v 4.134914 -0.199948 -1.886608
v 4.134914 0.199950 -1.886608
v 4.336442 -0.199948 -1.687429
v 4.336442 0.199950 -1.687429
v 4.528399 -0.199948 -1.478997
v 4.528399 0.199950 -1.478997
v 4.710362 -0.199948 -1.261772
v 4.710362 0.199950 -1.261772
v 4.881908 -0.199948 -1.036240
v 4.881908 0.199950 -1.036240
v 5.042655 -0.199948 -0.802896
v 5.042655 0.199950 -0.802896
v 5.192253 -0.199948 -0.562258
v 5.192253 0.199950 -0.562258
v 5.330398 -0.199948 -0.314850
v 5.330398 0.199950 -0.314850
v 5.456780 -0.199948 -0.061230
v 5.456780 0.199950 -0.061230
v 5.571093 -0.199948 0.198050
v 5.571093 0.199950 0.198050
v 5.673068 -0.199948 0.462419
v 5.673068 0.199950 0.462419
v 5.762512 -0.199948 0.731284
v 5.762512 0.199950 0.731284
v 5.839272 -0.199948 1.004056
v 5.839272 0.199950 1.004056
v 5.903078 -0.199948 1.280133
v 5.903078 0.199950 1.280133
v 5.953854 -0.199948 1.558906
v 5.953854 0.199950 1.558906
v 5.991484 -0.199948 1.839755
v 5.991484 0.199950 1.839755
v 6.015853 -0.199948 2.122064
v 6.015853 0.199950 2.122064
v 6.026962 -0.199948 2.405204
v 6.026962 0.199950 2.405204
v 6.024733 -0.199948 2.688551
v 6.024733 0.199950 2.688551
v 6.009204 -0.199948 2.971484
v 6.009204 0.199949 2.971484
v 5.980376 -0.199948 3.253376
v 5.980376 0.199949 3.253376
v 5.938364 -0.199948 3.533599
v 5.938364 0.199949 3.533599
v 5.883205 -0.199948 3.811541
v 5.883205 0.199949 3.811541
v 5.815056 -0.199948 4.086580
v 5.815056 0.199949 4.086580
v 5.734068 -0.199948 4.358112
v 5.734068 0.199949 4.358112
v 5.640396 -0.199948 4.625546
v 5.640396 0.199949 4.625546
v 5.534270 -0.199948 4.888276
v 5.534270 0.199949 4.888276
v -9.735796 0.199951 -9.506083
v -7.293631 0.199950 -7.063932
v -9.735796 -0.199947 -9.506083
v -7.293631 -0.199947 -7.063932
v -9.756975 0.199951 -9.484879
v -9.756975 -0.199947 -9.484879
v -7.317655 0.199950 -7.045554
v -7.317655 -0.199947 -7.045554
v 7.316155 -0.199947 -7.045554
v 7.316155 0.199950 -7.045554
v 7.632842 -0.199947 -6.794245
v 7.632842 0.199950 -6.794245
v 7.940880 -0.199947 -6.532433
v 7.940880 0.199950 -6.532433
v 8.239963 -0.199947 -6.260415
v 8.239963 0.199950 -6.260415
v 8.529743 -0.199947 -5.978496
v 8.529743 0.199950 -5.978496
v 8.809837 -0.199947 -5.687000
v 8.809837 0.199950 -5.687000
v 9.080014 -0.199947 -5.386255
v 9.080014 0.199950 -5.386255
v 9.339929 -0.199947 -5.076598
v 9.339929 0.199950 -5.076598
v 9.589272 -0.199947 -4.758384
v 9.589272 0.199950 -4.758384
v 9.827816 -0.199947 -4.431968
v 9.827816 0.199950 -4.431968
v 10.055212 -0.199948 -4.097715
v 10.055212 0.199950 -4.097715
v 10.271269 -0.199948 -3.756011
v 10.271269 0.199950 -3.756011
v 10.475718 -0.199948 -3.407238
v 10.475718 0.199950 -3.407238
v 10.668328 -0.199948 -3.051792
v 10.668328 0.199950 -3.051792
v 10.848869 -0.199948 -2.690076
v 10.848869 0.199950 -2.690076
v 11.017149 -0.199948 -2.322489
v 11.017149 0.199950 -2.322489
v 11.173013 -0.199948 -1.949458
v 11.173013 0.199950 -1.949458
v 11.316231 -0.199948 -1.571401
v 11.316231 0.199950 -1.571401
v 11.446650 -0.199948 -1.188741
v 11.446650 0.199950 -1.188741
v 11.564153 -0.199948 -0.801916
v 11.564153 0.199950 -0.801916
v 11.668588 -0.199948 -0.411357
v 11.668588 0.199950 -0.411357
v 11.759838 -0.199948 -0.017512
v 11.759838 0.199950 -0.017512
v 11.837790 -0.199948 0.379178
v 11.837790 0.199950 0.379178
v 11.902365 -0.199948 0.778265
v 11.902365 0.199950 0.778265
v 11.953486 -0.199948 1.179293
v 11.953486 0.199950 1.179293
v 11.991117 -0.199948 1.581815
v 11.991117 0.199950 1.581815
v 12.015179 -0.199948 1.985375
v 12.015179 0.199950 1.985375
v 12.025672 -0.199948 2.389517
v 12.025672 0.199950 2.389517
v 12.022558 -0.199948 2.793783
v 12.022558 0.199949 2.793783
v 12.005877 -0.199948 3.197713
v 12.005877 0.199949 3.197713
v 11.975626 -0.199948 3.600860
v 11.975626 0.199949 3.600860
v 11.931846 -0.199948 4.002758
v 11.931846 0.199949 4.002758
v 11.874613 -0.199948 4.402955
v 11.874613 0.199949 4.402955
v 11.803926 -0.199948 4.801003
v 11.803926 0.199949 4.801003
v 11.719902 -0.199948 5.196458
v 11.719902 0.199949 5.196458
v 11.622617 -0.199948 5.588857
v 11.622617 0.199949 5.588857
v 11.512224 -0.199948 5.977768
v 11.512224 0.199949 5.977768
v 11.388840 -0.199948 6.362758
v 11.388840 0.199949 6.362758
v 11.252541 -0.199948 6.743376
v 11.252541 0.199949 6.743376
v 11.103557 -0.199948 7.119189
v 11.103557 0.199949 7.119189
v 10.942042 -0.199949 7.489793
v 10.942042 0.199949 7.489793
v 10.768112 -0.199949 7.854758
v 10.768112 0.199949 7.854758
v 10.582075 -0.199949 8.213668
v 10.582075 0.199949 8.213668
v 10.384045 -0.199949 8.566120
v 10.384045 0.199949 8.566120
v 10.174292 -0.199949 8.911722
v 10.174292 0.199949 8.911722
v 9.953007 -0.199949 9.250077
v 9.953007 0.199949 9.250077
v 9.720498 -0.199949 9.580812
v 9.720498 0.199949 9.580812
v 9.477036 -0.199949 9.903534
v 9.477036 0.199949 9.903534
v 9.222810 -0.199949 10.217896
v 9.222810 0.199949 10.217896
v 8.958205 -0.199949 10.523540
v 8.958205 0.199949 10.523540
v 8.683455 -0.199949 10.820115
v 8.683455 0.199949 10.820115
v 8.398902 -0.199949 11.107282
v 8.398902 0.199949 11.107282
v 8.104855 -0.199949 11.384733
v 8.104855 0.199949 11.384733
v 7.801660 -0.199949 11.652133
v 7.801660 0.199949 11.652133
v 7.489624 -0.199949 11.909203
v 7.489624 0.199949 11.909203
v 7.169132 -0.199949 12.155635
v 7.169132 0.199949 12.155635
v 6.840569 -0.199949 12.391151
v 6.840569 0.199949 12.391151
v 6.504241 -0.199949 12.615501
v 6.504241 0.199949 12.615501
v 6.160571 -0.199949 12.828417
v 6.160571 0.199949 12.828417
v 5.809944 -0.199949 13.029656
v 5.809944 0.199949 13.029656
v 5.452744 -0.199949 13.219008
v 5.452744 0.199949 13.219008
v 5.089394 -0.199949 13.396235
v 5.089394 0.199949 13.396235
v 4.720279 -0.199949 13.561160
v 4.720279 0.199949 13.561160
v 4.345859 -0.199949 13.713584
v 4.345859 0.199949 13.713584
v 3.966481 -0.199949 13.853333
v 3.966481 0.199949 13.853333
v 3.582644 -0.199949 13.980254
v 3.582644 0.199949 13.980254
v 3.194771 -0.199949 14.094212
v 3.194771 0.199949 14.094212
v 2.803285 -0.199949 14.195062
v 2.803285 0.199948 14.195062
v 2.408609 -0.199949 14.282690
v 2.408609 0.199948 14.282690
v 2.011204 -0.199949 14.357009
v 2.011204 0.199948 14.357009
v 1.611569 -0.199949 14.417933
v 1.611569 0.199948 14.417933
v 1.210089 -0.199949 14.465393
v 1.210089 0.199948 14.465393
v 0.807226 -0.199949 14.499324
v 0.807226 0.199948 14.499324
v 0.403478 -0.199949 14.519705
v 0.403478 0.199948 14.519705
v -0.000769 -0.199949 14.526499
v -0.000769 0.199948 14.526499
v -0.404978 -0.199949 14.519705
v -0.404978 0.199948 14.519705
v -0.808725 -0.199949 14.499324
v -0.808725 0.199948 14.499324
v -1.211589 -0.199949 14.465393
v -1.211589 0.199948 14.465393
v -1.613068 -0.199949 14.417933
v -1.613068 0.199948 14.417933
v -2.012741 -0.199949 14.357009
v -2.012741 0.199948 14.357009
v -2.410108 -0.199949 14.282690
v -2.410108 0.199948 14.282690
v -2.804785 -0.199949 14.195062
v -2.804785 0.199948 14.195062
v -3.196270 -0.199949 14.094212
v -3.196270 0.199949 14.094212
v -3.584143 -0.199949 13.980254
v -3.584143 0.199949 13.980254
v -3.967980 -0.199949 13.853333
v -3.967980 0.199949 13.853333
v -4.347358 -0.199949 13.713584
v -4.347358 0.199949 13.713584
v -4.721778 -0.199949 13.561160
v -4.721778 0.199949 13.561160
v -5.090893 -0.199949 13.396235
v -5.090893 0.199949 13.396235
v -5.454243 -0.199949 13.219008
v -5.454243 0.199949 13.219008
v -5.811443 -0.199949 13.029656
v -5.811443 0.199949 13.029656
v -6.162070 -0.199949 12.828417
v -6.162070 0.199949 12.828417
v -6.505739 -0.199949 12.615501
v -6.505739 0.199949 12.615501
v -6.842068 -0.199949 12.391151
v -6.842068 0.199949 12.391151
v -7.170670 -0.199949 12.155635
v -7.170670 0.199949 12.155635
v -7.491123 -0.199949 11.909203
v -7.491123 0.199949 11.909203
v -7.803159 -0.199949 11.652133
v -7.803159 0.199949 11.652133
v -8.106354 -0.199949 11.384733
v -8.106354 0.199949 11.384733
v -8.400401 -0.199949 11.107282
v -8.400401 0.199949 11.107282
v -8.684954 -0.199949 10.820115
v -8.684954 0.199949 10.820115
v -8.959704 -0.199949 10.523540
v -8.959704 0.199949 10.523540
v -9.224347 -0.199949 10.217896
v -9.224347 0.199949 10.217896
v -9.478534 -0.199949 9.903534
v -9.478534 0.199949 9.903534
v -9.722035 -0.199949 9.580812
v -9.722035 0.199949 9.580812
v -9.954506 -0.199949 9.250077
v -9.954506 0.199949 9.250077
v -10.175791 -0.199949 8.911722
v -10.175791 0.199949 8.911722
v -10.385544 -0.199949 8.566120
v -10.385544 0.199949 8.566120
v -10.583574 -0.199949 8.213668
v -10.583574 0.199949 8.213668
v -10.769650 -0.199949 7.854758
v -10.769650 0.199949 7.854758
v -10.943542 -0.199949 7.489793
v -10.943542 0.199949 7.489793
v -11.105094 -0.199948 7.119189
v -11.105094 0.199949 7.119189
v -11.254078 -0.199948 6.743376
v -11.254078 0.199949 6.743376
v -11.390339 -0.199948 6.362758
v -11.390339 0.199949 6.362758
v -11.513762 -0.199948 5.977768
v -11.513762 0.199949 5.977768
v -11.624154 -0.199948 5.588857
v -11.624154 0.199949 5.588857
v -11.721401 -0.199948 5.196458
v -11.721401 0.199949 5.196458
v -11.805426 -0.199948 4.801003
v -11.805426 0.199949 4.801003
v -11.876112 -0.199948 4.402955
v -11.876112 0.199949 4.402955
v -11.933384 -0.199948 4.002758
v -11.933384 0.199949 4.002758
v -11.977164 -0.199948 3.600860
v -11.977164 0.199949 3.600860
v -12.007376 -0.199948 3.197713
v -12.007376 0.199949 3.197713
v -12.024057 -0.199948 2.793783
v -12.024057 0.199949 2.793783
v -12.027171 -0.199948 2.389517
v -12.027171 0.199950 2.389517
v -12.016678 -0.199948 1.985375
v -12.016678 0.199950 1.985375
v -11.992616 -0.199948 1.581815
v -11.992616 0.199950 1.581815
v -11.954986 -0.199948 1.179293
v -11.954986 0.199950 1.179293
v -11.903864 -0.199948 0.778265
v -11.903864 0.199950 0.778265
v -11.839289 -0.199948 0.379178
v -11.839289 0.199950 0.379178
v -11.761337 -0.199948 -0.017512
v -11.761337 0.199950 -0.017512
v -11.670087 -0.199948 -0.411357
v -11.670087 0.199950 -0.411357
v -11.565652 -0.199948 -0.801916
v -11.565652 0.199950 -0.801916
v -11.448149 -0.199948 -1.188741
v -11.448149 0.199950 -1.188741
v -11.317730 -0.199948 -1.571401
v -11.317730 0.199950 -1.571401
v -11.174512 -0.199948 -1.949458
v -11.174512 0.199950 -1.949458
v -11.018686 -0.199948 -2.322489
v -11.018686 0.199950 -2.322489
v -10.850368 -0.199948 -2.690076
v -10.850368 0.199950 -2.690076
v -10.669827 -0.199948 -3.051792
v -10.669827 0.199950 -3.051792
v -10.477218 -0.199948 -3.407238
v -10.477218 0.199950 -3.407238
v -10.272768 -0.199948 -3.756011
v -10.272768 0.199950 -3.756011
v -10.056711 -0.199948 -4.097715
v -10.056711 0.199950 -4.097715
v -9.829315 -0.199947 -4.431968
v -9.829315 0.199950 -4.431968
v -9.590810 -0.199947 -4.758384
v -9.590810 0.199950 -4.758384
v -9.341428 -0.199947 -5.076598
v -9.341428 0.199950 -5.076598
v -9.081513 -0.199947 -5.386255
v -9.081513 0.199950 -5.386255
v -8.811375 -0.199947 -5.687000
v -8.811375 0.199950 -5.687000
v -8.531242 -0.199947 -5.978496
v -8.531242 0.199950 -5.978496
v -8.241462 -0.199947 -6.260415
v -8.241462 0.199950 -6.260415
v -7.942379 -0.199947 -6.532433
v -7.942379 0.199950 -6.532433
v -7.634341 -0.199947 -6.794245
v -7.634341 0.199950 -6.794245
v 9.755476 0.199951 -9.484879
v 9.755476 -0.199947 -9.484879
v 9.734259 0.199951 -9.506083
v 9.734259 -0.199947 -9.506083
v 7.292132 0.199950 -7.063932
v 7.292132 -0.199947 -7.063932
v -6.970103 -0.199947 -7.302206
v -6.970103 0.199950 -7.302206
v -6.638810 -0.199947 -7.529540
v -6.638810 0.199950 -7.529540
v -6.300060 -0.199947 -7.745684
v -6.300060 0.199950 -7.745684
v -5.954315 -0.199947 -7.950388
v -5.954315 0.199950 -7.950388
v -5.601920 -0.199947 -8.143431
v -5.601920 0.199950 -8.143431
v -5.243298 -0.199947 -8.324591
v -5.243298 0.199950 -8.324591
v -4.878795 -0.199947 -8.493672
v -4.878795 0.199950 -8.493672
v -4.508834 -0.199947 -8.650483
v -4.508834 0.199950 -8.650483
v -4.133876 -0.199947 -8.794849
v -4.133876 0.199951 -8.794849
v -3.754306 -0.199947 -8.926609
v -3.754306 0.199951 -8.926609
v -3.370508 -0.199947 -9.045616
v -3.370508 0.199951 -9.045616
v -2.982981 -0.199947 -9.151737
v -2.982981 0.199951 -9.151737
v -2.592110 -0.199947 -9.244852
v -2.592110 0.199951 -9.244852
v -2.198356 -0.199947 -9.324860
v -2.198356 0.199951 -9.324860
v -1.802142 -0.199947 -9.391669
v -1.802142 0.199951 -9.391669
v -1.403930 -0.199947 -9.445208
v -1.403930 0.199951 -9.445208
v -1.004141 -0.199947 -9.485414
v -1.004141 0.199951 -9.485414
v -0.603238 -0.199947 -9.512242
v -0.603238 0.199951 -9.512242
v -0.201643 -0.199947 -9.525667
v -0.201643 0.199951 -9.525667
v 0.200144 -0.199947 -9.525667
v 0.200144 0.199951 -9.525667
v 0.601739 -0.199947 -9.512242
v 0.601739 0.199951 -9.512242
v 1.002642 -0.199947 -9.485414
v 1.002642 0.199951 -9.485414
v 1.402431 -0.199947 -9.445208
v 1.402431 0.199951 -9.445208
v 1.800643 -0.199947 -9.391669
v 1.800643 0.199951 -9.391669
v 2.196857 -0.199947 -9.324860
v 2.196857 0.199951 -9.324860
v 2.590611 -0.199947 -9.244852
v 2.590611 0.199951 -9.244852
v 2.981482 -0.199947 -9.151737
v 2.981482 0.199951 -9.151737
v 3.369009 -0.199947 -9.045616
v 3.369009 0.199951 -9.045616
v 3.752769 -0.199947 -8.926609
v 3.752769 0.199951 -8.926609
v 4.132377 -0.199947 -8.794849
v 4.132377 0.199951 -8.794849
v 4.507335 -0.199947 -8.650483
v 4.507335 0.199950 -8.650483
v 4.877296 -0.199947 -8.493672
v 4.877296 0.199950 -8.493672
v 5.241799 -0.199947 -8.324591
v 5.241799 0.199950 -8.324591
v 5.600421 -0.199947 -8.143431
v 5.600421 0.199950 -8.143431
v 5.952816 -0.199947 -7.950388
v 5.952816 0.199950 -7.950388
v 6.298561 -0.199947 -7.745684
v 6.298561 0.199950 -7.745684
v 6.637272 -0.199947 -7.529540
v 6.637272 0.199950 -7.529540
v 6.968604 -0.199947 -7.302206
v 6.968604 0.199950 -7.302206
vn 0.8854 0.0000 0.4647
vn 0.8625 0.0000 0.5060
vn 0.8376 0.0000 0.5463
vn 0.8109 0.0000 0.5852
vn 0.7823 0.0000 0.6229
vn 0.7520 0.0000 0.6592
vn 0.7200 0.0000 0.6939
vn 0.6863 0.0000 0.7273
vn 0.6512 0.0000 0.7589
vn 0.6147 0.0000 0.7888
vn 0.5767 0.0000 0.8169
vn 0.5374 0.0000 0.8433
vn 0.4969 0.0000 0.8678
vn 0.4554 0.0000 0.8903
vn 0.4128 0.0000 0.9108
vn 0.3694 0.0000 0.9293
vn 0.3249 0.0000 0.9457
vn 0.2799 0.0000 0.9600
vn 0.2342 0.0000 0.9722
vn 0.1880 0.0000 0.9822
vn 0.1414 0.0000 0.9900
vn 0.0944 0.0000 0.9955
vn 0.0473 0.0000 0.9989
vn 0.0000 0.0000 1.0000
vn -0.0473 0.0000 0.9989
vn -0.0944 0.0000 0.9955
vn -0.1414 0.0000 0.9900
vn -0.1880 0.0000 0.9822
vn -0.2342 0.0000 0.9722
vn -0.2799 0.0000 0.9600
vn -0.3249 0.0000 0.9457
vn -0.3693 0.0000 0.9293
vn -0.4128 0.0000 0.9108
vn -0.4554 0.0000 0.8903
vn -0.4970 0.0000 0.8678
vn -0.5374 0.0000 0.8433
vn -0.5767 0.0000 0.8170
vn -0.6147 0.0000 0.7888
vn -0.6513 0.0000 0.7588
vn -0.6863 0.0000 0.7273
vn -0.7200 0.0000 0.6940
vn -0.7520 0.0000 0.6591
vn -0.7823 0.0000 0.6229
vn -0.8109 0.0000 0.5852
vn -0.8376 0.0000 0.5463
vn -0.8625 0.0000 0.5060
vn -0.8854 0.0000 0.4647
vn -0.7071 0.0000 0.7071
vn 0.8018 0.0000 -0.5976
vn 0.7815 0.0000 -0.6239
vn 0.7603 0.0000 -0.6496
vn 0.7384 0.0000 -0.6744
vn 0.7155 0.0000 -0.6986
vn 0.6919 0.0000 -0.7220
vn 0.6675 0.0000 -0.7446
vn 0.6425 0.0000 -0.7663
vn 0.6167 0.0000 -0.7872
vn 0.5902 0.0000 -0.8073
vn 0.5630 0.0000 -0.8264
vn 0.5630 0.0000 -0.8265
vn 0.5353 0.0000 -0.8447
vn 0.5069 0.0000 -0.8620
vn 0.4780 0.0000 -0.8784
vn 0.4485 0.0000 -0.8938
vn 0.4186 0.0000 -0.9082
vn 0.3882 0.0000 -0.9216
vn 0.3574 0.0000 -0.9340
vn 0.3262 0.0000 -0.9453
vn 0.2946 0.0000 -0.9556
vn 0.2627 0.0000 -0.9649
vn 0.2305 0.0000 -0.9731
vn 0.1980 0.0000 -0.9802
vn 0.1653 0.0000 -0.9862
vn 0.1325 0.0000 -0.9912
vn 0.0995 0.0000 -0.9950
vn 0.0664 0.0000 -0.9978
vn 0.0332 0.0000 -0.9994
vn 0.0000 0.0000 -1.0000
vn -0.0332 0.0000 -0.9994
vn -0.0664 0.0000 -0.9978
vn -0.0995 0.0000 -0.9950
vn -0.1325 0.0000 -0.9912
vn -0.1653 0.0000 -0.9862
vn -0.1980 0.0000 -0.9802
vn -0.2305 0.0000 -0.9731
vn -0.2627 0.0000 -0.9649
vn -0.2946 0.0000 -0.9556
vn -0.3262 0.0000 -0.9453
vn -0.3574 0.0000 -0.9340
vn -0.3882 0.0000 -0.9216
vn -0.4186 0.0000 -0.9082
vn -0.4485 0.0000 -0.8938
vn -0.4780 0.0000 -0.8784
vn -0.5069 0.0000 -0.8620
vn -0.5353 0.0000 -0.8447
vn -0.5352 0.0000 -0.8447
vn -0.5630 0.0000 -0.8264
vn -0.5630 0.0000 -0.8265
vn -0.5902 0.0000 -0.8073
vn -0.6167 0.0000 -0.7872
vn -0.6425 0.0000 -0.7663
vn -0.6675 0.0000 -0.7446
vn -0.6919 0.0000 -0.7220
vn -0.7155 0.0000 -0.6986
vn -0.7384 0.0000 -0.6744
vn -0.7603 0.0000 -0.6495
vn -0.7604 0.0000 -0.6495
vn -0.7815 0.0000 -0.6239
vn -0.8018 0.0000 -0.5976
vn 0.7071 0.0000 0.7071
vn -0.9093 0.0000 -0.4162
vn -0.9279 0.0000 -0.3730
vn -0.9444 0.0000 -0.3289
vn -0.9587 0.0000 -0.2843
vn -0.9710 0.0000 -0.2389
vn -0.9812 0.0000 -0.1930
vn -0.9892 0.0000 -0.1467
vn -0.9950 0.0000 -0.1001
vn -0.9986 0.0000 -0.0532
vn -1.0000 0.0000 -0.0063
vn -0.9992 0.0000 0.0408
vn -0.9961 0.0000 0.0877
vn -0.9909 0.0000 0.1343
vn -0.9835 0.0000 0.1808
vn -0.9740 0.0000 0.2266
vn -0.9622 0.0000 0.2723
vn -0.9484 0.0000 0.3172
vn -0.9324 0.0000 0.3614
vn -0.9144 0.0000 0.4047
vn -0.8943 0.0000 0.4474
vn -0.8724 0.0000 0.4887
vn -0.8485 0.0000 0.5292
vn -0.8226 0.0000 0.5686
vn -0.7950 0.0000 0.6065
vn -0.7657 0.0000 0.6432
vn -0.7346 0.0000 0.6785
vn -0.7019 0.0000 0.7122
vn -0.6677 0.0000 0.7444
vn -0.6319 0.0000 0.7750
vn -0.5949 0.0000 0.8038
vn -0.5564 0.0000 0.8309
vn -0.5168 0.0000 0.8561
vn 0.7071 0.0000 -0.7071
vn 1.0000 0.0000 0.0000
vn -1.0000 0.0000 0.0000
vn 0.5168 0.0000 0.8561
vn 0.5565 0.0000 0.8309
vn 0.5949 0.0000 0.8038
vn 0.6320 0.0000 0.7750
vn 0.6677 0.0000 0.7444
vn 0.7019 0.0000 0.7123
vn 0.7347 0.0000 0.6784
vn 0.7657 0.0000 0.6432
vn 0.7950 0.0000 0.6065
vn 0.8226 0.0000 0.5686
vn 0.8485 0.0000 0.5292
vn 0.8724 0.0000 0.4888
vn 0.8944 0.0000 0.4473
vn 0.9144 0.0000 0.4047
vn 0.9324 0.0000 0.3614
vn 0.9484 0.0000 0.3172
vn 0.9622 0.0000 0.2723
vn 0.9739 0.0000 0.2268
vn 0.9835 0.0000 0.1807
vn 0.9909 0.0000 0.1343
vn 0.9961 0.0000 0.0877
vn 0.9992 0.0000 0.0408
vn 1.0000 0.0000 -0.0063
vn 0.9986 0.0000 -0.0532
vn 0.9950 0.0000 -0.1001
vn 0.9892 0.0000 -0.1467
vn 0.9812 0.0000 -0.1930
vn 0.9710 0.0000 -0.2389
vn 0.9588 0.0000 -0.2842
vn 0.9443 0.0000 -0.3290
vn 0.9279 0.0000 -0.3730
vn 0.9278 0.0000 -0.3730
vn 0.9093 0.0000 -0.4162
vn -0.7071 0.0000 -0.7071
vn -0.9086 0.0000 0.4177
vn -0.9272 0.0000 0.3745
vn -0.9438 0.0000 0.3306
vn -0.9583 0.0000 0.2858
vn -0.9706 0.0000 0.2405
vn -0.9809 0.0000 0.1947
vn -0.9889 0.0000 0.1484
vn -0.9948 0.0000 0.1016
vn -0.9985 0.0000 0.0548
vn -1.0000 0.0000 0.0079
vn -0.9992 0.0000 -0.0391
vn -0.9963 0.0000 -0.0861
vn -0.9911 0.0000 -0.1328
vn -0.9838 0.0000 -0.1792
vn -0.9743 0.0000 -0.2252
vn -0.9626 0.0000 -0.2708
vn -0.9488 0.0000 -0.3158
vn -0.9330 0.0000 -0.3599
vn -0.9150 0.0000 -0.4034
vn -0.8950 0.0000 -0.4460
vn -0.8732 0.0000 -0.4874
vn -0.8492 0.0000 -0.5281
vn -0.8235 0.0000 -0.5673
vn -0.7959 0.0000 -0.6054
vn -0.7666 0.0000 -0.6421
vn -0.7356 0.0000 -0.6774
vn -0.7029 0.0000 -0.7112
vn -0.6687 0.0000 -0.7435
vn -0.6330 0.0000 -0.7741
vn -0.5960 0.0000 -0.8030
vn -0.5576 0.0000 -0.8301
vn -0.5180 0.0000 -0.8554
vn 0.6213 0.0000 0.7836
vn 0.6471 0.0000 0.7624
vn 0.6723 0.0000 0.7403
vn 0.6967 0.0000 0.7174
vn 0.7203 0.0000 0.6937
vn 0.7430 0.0000 0.6692
vn 0.7650 0.0000 0.6440
vn 0.7861 0.0000 0.6181
vn 0.8064 0.0000 0.5914
vn 0.8257 0.0000 0.5642
vn 0.8441 0.0000 0.5362
vn 0.8616 0.0000 0.5077
vn 0.8780 0.0000 0.4786
vn 0.8936 0.0000 0.4489
vn 0.9081 0.0000 0.4188
vn 0.9216 0.0000 0.3882
vn 0.9340 0.0000 0.3572
vn 0.9455 0.0000 0.3257
vn 0.9558 0.0000 0.2940
vn 0.9651 0.0000 0.2618
vn 0.9733 0.0000 0.2294
vn 0.9805 0.0000 0.1967
vn 0.9865 0.0000 0.1639
vn 0.9914 0.0000 0.1308
vn 0.9952 0.0000 0.0975
vn 0.9979 0.0000 0.0642
vn 0.9995 0.0000 0.0308
vn 1.0000 0.0000 -0.0027
vn 0.9994 0.0000 -0.0360
vn 0.9976 0.0000 -0.0695
vn 0.9947 0.0000 -0.1028
vn 0.9907 0.0000 -0.1360
vn 0.9856 0.0000 -0.1690
vn 0.9794 0.0000 -0.2019
vn 0.9721 0.0000 -0.2345
vn 0.9637 0.0000 -0.2669
vn 0.9543 0.0000 -0.2990
vn 0.9437 0.0000 -0.3307
vn 0.9321 0.0000 -0.3621
vn 0.9195 0.0000 -0.3931
vn 0.9058 0.0000 -0.4236
vn 0.8912 0.0000 -0.4536
vn 0.8755 0.0000 -0.4832
vn 0.8588 0.0000 -0.5122
vn 0.8413 0.0000 -0.5406
vn 0.8227 0.0000 -0.5685
vn -0.5927 0.0000 0.8054
vn -0.5655 0.0000 0.8247
vn -0.5377 0.0000 0.8431
vn -0.5092 0.0000 0.8606
vn -0.4802 0.0000 0.8771
vn -0.4506 0.0000 0.8927
vn -0.4206 0.0000 0.9072
vn -0.3901 0.0000 0.9208
vn -0.3591 0.0000 0.9333
vn -0.3277 0.0000 0.9448
vn -0.2960 0.0000 0.9552
vn -0.2640 0.0000 0.9645
vn -0.2316 0.0000 0.9728
vn -0.1990 0.0000 0.9800
vn -0.1662 0.0000 0.9861
vn -0.1332 0.0000 0.9911
vn -0.1000 0.0000 0.9950
vn -0.0667 0.0000 0.9978
vn -0.0334 0.0000 0.9994
vn 0.0334 0.0000 0.9994
vn 0.0667 0.0000 0.9978
vn 0.1000 0.0000 0.9950
vn 0.1332 0.0000 0.9911
vn 0.1662 0.0000 0.9861
vn 0.1990 0.0000 0.9800
vn 0.2316 0.0000 0.9728
vn 0.2640 0.0000 0.9645
vn 0.2960 0.0000 0.9552
vn 0.3278 0.0000 0.9448
vn 0.3591 0.0000 0.9333
vn 0.3901 0.0000 0.9208
vn 0.4206 0.0000 0.9072
vn 0.4506 0.0000 0.8927
vn 0.4802 0.0000 0.8771
vn 0.5092 0.0000 0.8606
vn 0.5377 0.0000 0.8431
vn 0.5655 0.0000 0.8248
vn 0.5928 0.0000 0.8054
vn -0.4727 0.0000 -0.8812
vn -0.4309 0.0000 -0.9024
vn -0.3881 0.0000 -0.9216
vn -0.3445 0.0000 -0.9388
vn -0.3001 0.0000 -0.9539
vn -0.2551 0.0000 -0.9669
vn -0.2094 0.0000 -0.9778
vn -0.1634 0.0000 -0.9866
vn -0.1170 0.0000 -0.9931
vn -0.0703 0.0000 -0.9975
vn -0.0234 0.0000 -0.9997
vn 0.0234 0.0000 -0.9997
vn 0.0703 0.0000 -0.9975
vn 0.1170 0.0000 -0.9931
vn 0.1634 0.0000 -0.9866
vn 0.2094 0.0000 -0.9778
vn 0.2551 0.0000 -0.9669
vn 0.3001 0.0000 -0.9539
vn 0.3445 0.0000 -0.9388
vn 0.3881 0.0000 -0.9216
vn 0.4309 0.0000 -0.9024
vn 0.4727 0.0000 -0.8812
vn -0.4715 0.0000 0.8819
vn -0.4298 0.0000 0.9029
vn -0.3871 0.0000 0.9220
vn -0.3436 0.0000 0.9391
vn -0.2993 0.0000 0.9542
vn -0.2993 0.0000 0.9541
vn -0.2544 0.0000 0.9671
vn -0.2089 0.0000 0.9779
vn -0.1630 0.0000 0.9866
vn -0.1167 0.0000 0.9932
vn -0.0701 0.0000 0.9975
vn -0.0234 0.0000 0.9997
vn 0.0234 0.0000 0.9997
vn 0.0701 0.0000 0.9975
vn 0.1166 0.0000 0.9932
vn 0.1630 0.0000 0.9866
vn 0.2089 0.0000 0.9779
vn 0.2544 0.0000 0.9671
vn 0.2993 0.0000 0.9542
vn 0.2993 0.0000 0.9541
vn 0.3436 0.0000 0.9391
vn 0.3871 0.0000 0.9220
vn 0.4298 0.0000 0.9029
vn 0.4716 0.0000 0.8818
vn -0.7071 0.0000 -0.7072
vn 0.8862 0.0000 -0.4632
vn 0.8633 0.0000 -0.5047
vn 0.8384 0.0000 -0.5450
vn 0.8117 0.0000 -0.5841
vn 0.7832 0.0000 -0.6218
vn 0.7528 0.0000 -0.6582
vn 0.7208 0.0000 -0.6931
vn 0.7208 0.0000 -0.6932
vn 0.6873 0.0000 -0.7264
vn 0.6520 0.0000 -0.7582
vn 0.6155 0.0000 -0.7882
vn 0.5775 0.0000 -0.8164
vn 0.5382 0.0000 -0.8428
vn 0.5381 0.0000 -0.8428
vn 0.4976 0.0000 -0.8674
vn 0.4560 0.0000 -0.8900
vn 0.4134 0.0000 -0.9105
vn 0.3698 0.0000 -0.9291
vn 0.3254 0.0000 -0.9456
vn 0.2803 0.0000 -0.9599
vn 0.2346 0.0000 -0.9721
vn 0.1883 0.0000 -0.9821
vn 0.1416 0.0000 -0.9899
vn 0.0946 0.0000 -0.9955
vn 0.0473 0.0000 -0.9989
vn -0.0473 0.0000 -0.9989
vn -0.0946 0.0000 -0.9955
vn -0.1416 0.0000 -0.9899
vn -0.1883 0.0000 -0.9821
vn -0.2346 0.0000 -0.9721
vn -0.2803 0.0000 -0.9599
vn -0.3254 0.0000 -0.9456
vn -0.3698 0.0000 -0.9291
vn -0.4134 0.0000 -0.9105
vn -0.4560 0.0000 -0.8900
vn -0.4977 0.0000 -0.8674
vn -0.5382 0.0000 -0.8428
vn -0.5381 0.0000 -0.8429
vn -0.5774 0.0000 -0.8164
vn -0.6155 0.0000 -0.7882
vn -0.6521 0.0000 -0.7581
vn -0.6521 0.0000 -0.7582
vn -0.6872 0.0000 -0.7265
vn -0.7208 0.0000 -0.6931
vn -0.7208 0.0000 -0.6932
vn -0.7529 0.0000 -0.6581
vn -0.7529 0.0000 -0.6582
vn -0.7831 0.0000 -0.6219
vn -0.8117 0.0000 -0.5841
vn -0.8384 0.0000 -0.5450
vn -0.8633 0.0000 -0.5047
vn -0.8862 0.0000 -0.4632
vn -0.8227 0.0000 -0.5685
vn -0.8413 0.0000 -0.5406
vn -0.8588 0.0000 -0.5122
vn -0.8755 0.0000 -0.4831
vn -0.8912 0.0000 -0.4537
vn -0.9058 0.0000 -0.4236
vn -0.9195 0.0000 -0.3931
vn -0.9322 0.0000 -0.3620
vn -0.9437 0.0000 -0.3308
vn -0.9543 0.0000 -0.2990
vn -0.9637 0.0000 -0.2669
vn -0.9721 0.0000 -0.2345
vn -0.9794 0.0000 -0.2019
vn -0.9856 0.0000 -0.1690
vn -0.9907 0.0000 -0.1360
vn -0.9947 0.0000 -0.1028
vn -0.9976 0.0000 -0.0695
vn -0.9994 0.0000 -0.0360
vn -1.0000 0.0000 -0.0027
vn -0.9995 0.0000 0.0308
vn -0.9979 0.0000 0.0642
vn -0.9952 0.0000 0.0975
vn -0.9914 0.0000 0.1309
vn -0.9865 0.0000 0.1638
vn -0.9804 0.0000 0.1968
vn -0.9733 0.0000 0.2294
vn -0.9651 0.0000 0.2619
vn -0.9558 0.0000 0.2939
vn -0.9455 0.0000 0.3257
vn -0.9340 0.0000 0.3572
vn -0.9216 0.0000 0.3882
vn -0.9081 0.0000 0.4188
vn -0.8935 0.0000 0.4490
vn -0.8781 0.0000 0.4785
vn -0.8615 0.0000 0.5077
vn -0.8441 0.0000 0.5362
vn -0.8257 0.0000 0.5641
vn -0.8063 0.0000 0.5915
vn -0.7862 0.0000 0.6180
vn -0.7650 0.0000 0.6440
vn -0.7430 0.0000 0.6692
vn -0.7203 0.0000 0.6937
vn -0.6967 0.0000 0.7174
vn -0.6723 0.0000 0.7403
vn -0.6472 0.0000 0.7623
vn -0.6213 0.0000 0.7836
vn 0.5180 0.0000 -0.8554
vn 0.5576 0.0000 -0.8301
vn 0.5960 0.0000 -0.8030
vn 0.6330 0.0000 -0.7741
vn 0.6687 0.0000 -0.7435
vn 0.7029 0.0000 -0.7112
vn 0.7030 0.0000 -0.7112
vn 0.7356 0.0000 -0.6774
vn 0.7666 0.0000 -0.6421
vn 0.7959 0.0000 -0.6054
vn 0.8235 0.0000 -0.5673
vn 0.8493 0.0000 -0.5280
vn 0.8731 0.0000 -0.4875
vn 0.8950 0.0000 -0.4460
vn 0.9150 0.0000 -0.4034
vn 0.9330 0.0000 -0.3599
vn 0.9489 0.0000 -0.3157
vn 0.9626 0.0000 -0.2709
vn 0.9743 0.0000 -0.2252
vn 0.9838 0.0000 -0.1792
vn 0.9911 0.0000 -0.1328
vn 0.9963 0.0000 -0.0860
vn 0.9992 0.0000 -0.0392
vn 1.0000 0.0000 0.0079
vn 0.9985 0.0000 0.0548
vn 0.9948 0.0000 0.1017
vn 0.9889 0.0000 0.1483
vn 0.9809 0.0000 0.1947
vn 0.9706 0.0000 0.2405
vn 0.9583 0.0000 0.2858
vn 0.9438 0.0000 0.3306
vn 0.9272 0.0000 0.3745
vn 0.9086 0.0000 0.4177
vn -0.7075 0.0000 -0.7067
vn 0.6216 0.0000 -0.7833
vn 0.6476 0.0000 -0.7620
vn 0.6728 0.0000 -0.7398
vn 0.6973 0.0000 -0.7168
vn 0.7211 0.0000 -0.6929
vn 0.7439 0.0000 -0.6683
vn 0.7659 0.0000 -0.6429
vn 0.7871 0.0000 -0.6168
vn 0.8074 0.0000 -0.5900
vn 0.8268 0.0000 -0.5625
vn 0.8452 0.0000 -0.5344
vn 0.8627 0.0000 -0.5057
vn 0.8792 0.0000 -0.4764
vn 0.8947 0.0000 -0.4466
vn 0.9227 0.0000 -0.3855
vn 0.9351 0.0000 -0.3543
vn 0.9465 0.0000 -0.3226
vn 0.9568 0.0000 -0.2906
vn 0.9661 0.0000 -0.2583
vn 0.9742 0.0000 -0.2257
vn 0.9812 0.0000 -0.1928
vn 0.9872 0.0000 -0.1597
vn 0.9920 0.0000 -0.1265
vn 0.9957 0.0000 -0.0931
vn 0.9982 0.0000 -0.0595
vn 0.9997 0.0000 -0.0260
vn 1.0000 0.0000 0.0077
vn 0.9991 0.0000 0.0413
vn 0.9972 0.0000 0.0748
vn 0.9941 0.0000 0.1083
vn 0.9899 0.0000 0.1416
vn 0.9846 0.0000 0.1748
vn 0.9782 0.0000 0.2078
vn 0.9706 0.0000 0.2406
vn 0.9620 0.0000 0.2731
vn 0.9523 0.0000 0.3052
vn 0.9415 0.0000 0.3371
vn 0.9296 0.0000 0.3685
vn 0.9167 0.0000 0.3995
vn 0.9027 0.0000 0.4302
vn 0.8878 0.0000 0.4602
vn 0.8718 0.0000 0.4898
vn 0.8549 0.0000 0.5188
vn 0.8369 0.0000 0.5473
vn 0.8181 0.0000 0.5751
vn 0.7983 0.0000 0.6022
vn 0.7983 0.0000 0.6023
vn 0.7776 0.0000 0.6288
vn 0.7560 0.0000 0.6545
vn 0.7336 0.0000 0.6796
vn 0.7103 0.0000 0.7039
vn 0.6614 0.0000 0.7500
vn 0.6359 0.0000 0.7718
vn 0.6096 0.0000 0.7927
vn 0.5826 0.0000 0.8128
vn 0.5549 0.0000 0.8319
vn 0.5267 0.0000 0.8501
vn 0.4978 0.0000 0.8673
vn 0.4684 0.0000 0.8835
vn 0.4384 0.0000 0.8988
vn 0.4079 0.0000 0.9130
vn 0.3770 0.0000 0.9262
vn 0.3457 0.0000 0.9384
vn 0.3139 0.0000 0.9494
vn 0.2819 0.0000 0.9594
vn 0.2495 0.0000 0.9684
vn 0.2168 0.0000 0.9762
vn 0.2167 0.0000 0.9762
vn 0.1838 0.0000 0.9830
vn 0.1507 0.0000 0.9886
vn 0.1174 0.0000 0.9931
vn 0.0839 0.0000 0.9965
vn 0.0504 0.0000 0.9987
vn 0.0168 0.0000 0.9999
vn -0.0168 0.0000 0.9999
vn -0.0504 0.0000 0.9987
vn -0.0839 0.0000 0.9965
vn -0.1174 0.0000 0.9931
vn -0.1507 0.0000 0.9886
vn -0.1838 0.0000 0.9830
vn -0.2167 0.0000 0.9762
vn -0.2168 0.0000 0.9762
vn -0.2495 0.0000 0.9684
vn -0.2819 0.0000 0.9594
vn -0.3139 0.0000 0.9494
vn -0.3457 0.0000 0.9384
vn -0.3771 0.0000 0.9262
vn -0.3770 0.0000 0.9262
vn -0.4080 0.0000 0.9130
vn -0.4079 0.0000 0.9130
vn -0.4384 0.0000 0.8988
vn -0.4684 0.0000 0.8835
vn -0.4978 0.0000 0.8673
vn -0.5267 0.0000 0.8501
vn -0.5549 0.0000 0.8319
vn -0.5826 0.0000 0.8128
vn -0.5825 0.0000 0.8128
vn -0.6096 0.0000 0.7927
vn -0.6359 0.0000 0.7718
vn -0.6614 0.0000 0.7500
vn -0.7103 0.0000 0.7039
vn -0.7336 0.0000 0.6796
vn -0.7560 0.0000 0.6546
vn -0.7776 0.0000 0.6288
vn -0.7983 0.0000 0.6023
vn -0.8181 0.0000 0.5750
vn -0.8369 0.0000 0.5473
vn -0.8549 0.0000 0.5188
vn -0.8718 0.0000 0.4898
vn -0.8878 0.0000 0.4603
vn -0.9028 0.0000 0.4301
vn -0.9167 0.0000 0.3996
vn -0.9296 0.0000 0.3685
vn -0.9415 0.0000 0.3371
vn -0.9523 0.0000 0.3053
vn -0.9620 0.0000 0.2731
vn -0.9706 0.0000 0.2406
vn -0.9782 0.0000 0.2078
vn -0.9846 0.0000 0.1748
vn -0.9899 0.0000 0.1417
vn -0.9941 0.0000 0.1083
vn -0.9972 0.0000 0.0747
vn -0.9991 0.0000 0.0413
vn -1.0000 0.0000 0.0077
vn -0.9997 0.0000 -0.0260
vn -0.9982 0.0000 -0.0595
vn -0.9957 0.0000 -0.0931
vn -0.9920 0.0000 -0.1265
vn -0.9872 0.0000 -0.1597
vn -0.9812 0.0000 -0.1928
vn -0.9742 0.0000 -0.2257
vn -0.9661 0.0000 -0.2583
vn -0.9568 0.0000 -0.2906
vn -0.9465 0.0000 -0.3226
vn -0.9351 0.0000 -0.3543
vn -0.9227 0.0000 -0.3854
vn -0.9092 0.0000 -0.4163
vn -0.8947 0.0000 -0.4466
vn -0.8792 0.0000 -0.4764
vn -0.8627 0.0000 -0.5057
vn -0.8452 0.0000 -0.5344
vn -0.8268 0.0000 -0.5625
vn -0.8074 0.0000 -0.5900
vn -0.7871 0.0000 -0.6168
vn -0.7659 0.0000 -0.6429
vn -0.7439 0.0000 -0.6682
vn -0.7210 0.0000 -0.6929
vn -0.6973 0.0000 -0.7168
vn -0.6728 0.0000 -0.7398
vn -0.6476 0.0000 -0.7620
vn -0.6216 0.0000 -0.7833
vn 0.7069 0.0000 -0.7074
vn 0.7069 0.0000 -0.7073
vn -0.5930 0.0000 -0.8052
vn -0.5658 0.0000 -0.8245
vn -0.5379 0.0000 -0.8430
vn -0.5095 0.0000 -0.8605
vn -0.4804 0.0000 -0.8770
vn -0.4509 0.0000 -0.8926
vn -0.4208 0.0000 -0.9072
vn -0.3903 0.0000 -0.9207
vn -0.3902 0.0000 -0.9207
vn -0.3593 0.0000 -0.9332
vn -0.3279 0.0000 -0.9447
vn -0.2962 0.0000 -0.9551
vn -0.2641 0.0000 -0.9645
vn -0.2317 0.0000 -0.9728
vn -0.1991 0.0000 -0.9800
vn -0.1663 0.0000 -0.9861
vn -0.1332 0.0000 -0.9911
vn -0.1001 0.0000 -0.9950
vn -0.0668 0.0000 -0.9978
vn -0.0334 0.0000 -0.9994
vn 0.0334 0.0000 -0.9994
vn 0.0668 0.0000 -0.9978
vn 0.1001 0.0000 -0.9950
vn 0.1332 0.0000 -0.9911
vn 0.1663 0.0000 -0.9861
vn 0.1991 0.0000 -0.9800
vn 0.2317 0.0000 -0.9728
vn 0.2641 0.0000 -0.9645
vn 0.2962 0.0000 -0.9551
vn 0.3279 0.0000 -0.9447
vn 0.3593 0.0000 -0.9332
vn 0.3902 0.0000 -0.9207
vn 0.3903 0.0000 -0.9207
vn 0.4208 0.0000 -0.9072
vn 0.4509 0.0000 -0.8926
vn 0.4804 0.0000 -0.8770
vn 0.5095 0.0000 -0.8605
vn 0.5379 0.0000 -0.8430
vn 0.5658 0.0000 -0.8246
vn 0.5930 0.0000 -0.8052
vn -0.0000 -1.0000 -0.0000
vn 0.0000 1.0000 0.0000
usemtl None
s off
f 1//1 2//1 3//1
f 3//1 2//1 4//1
f 3//2 4//2 5//2
f 5//2 4//2 6//2
f 5//3 6//3 7//3
f 7//3 6//3 8//3
f 7//4 8//4 9//4
f 9//4 8//4 10//4
f 9//5 10//5 11//5
f 11//5 10//5 12//5
f 11//6 12//6 13//6
f 13//6 12//6 14//6
f 13//7 14//7 15//7
f 15//7 14//7 16//7
f 15//8 16//8 17//8
f 17//8 16//8 18//8
f 17//9 18//9 19//9
f 19//9 18//9 20//9
f 19//10 20//10 21//10
f 21//10 20//10 22//10
f 21//11 22//11 23//11
f 23//11 22//11 24//11
f 23//12 24//12 25//12
f 25//12 24//12 26//12
f 25//13 26//13 27//13
f 27//13 26//13 28//13
f 27//14 28//14 29//14
f 29//14 28//14 30//14
f 29//15 30//15 31//15
f 31//15 30//15 32//15
f 31//16 32//16 33//16
f 33//16 32//16 34//16
f 33//17 34//17 35//17
f 35//17 34//17 36//17
f 35//18 36//18 37//18
f 37//18 36//18 38//18
f 37//19 38//19 39//19
f 39//19 38//19 40//19
f 39//20 40//20 41//20
f 41//20 40//20 42//20
f 41//21 42//21 43//21
f 43//21 42//21 44//21
f 43//22 44//22 45//22
f 45//22 44//22 46//22
f 45//23 46//23 47//23
f 47//23 46//23 48//23
f 47//24 48//24 49//24
f 49//24 48//24 50//24
f 49//25 50//25 51//25
f 51//25 50//25 52//25
f 51//26 52//26 53//26
f 53//26 52//26 54//26
f 53//27 54//27 55//27
f 55//27 54//27 56//27
f 55//28 56//28 57//28
f 57//28 56//28 58//28
f 57//29 58//29 59//29
f 59//29 58//29 60//29
f 59//30 60//30 61//30
f 61//30 60//30 62//30
f 61//31 62//31 63//31
f 63//31 62//31 64//31
f 63//32 64//32 65//32
f 65//32 64//32 66//32
f 65//33 66//33 67//33
f 67//33 66//33 68//33
f 67//34 68//34 69//34
f 69//34 68//34 70//34
f 69//35 70//35 71//35
f 71//35 70//35 72//35
f 71//36 72//36 73//36
f 73//36 72//36 74//36
f 73//37 74//37 75//37
f 75//37 74//37 76//37
f 75//38 76//38 77//38
f 77//38 76//38 78//38
f 77//39 78//39 79//39
f 79//39 78//39 80//39
f 79//40 80//40 81//40
f 81//40 80//40 82//40
f 81//41 82//41 83//41
f 83//41 82//41 84//41
f 83//42 84//42 85//42
f 85//42 84//42 86//42
f 85//43 86//43 87//43
f 87//43 86//43 88//43
f 87//44 88//44 89//44
f 89//44 88//44 90//44
f 89//45 90//45 91//45
f 91//45 90//45 92//45
f 91//46 92//46 93//46
f 93//46 92//46 94//46
f 93//47 94//47 95//47
f 95//47 94//47 96//47
f 97//48 2//48 98//48
f 98//48 2//48 1//48
f 99//49 100//49 101//49
f 101//49 100//49 102//49
f 101//50 102//50 103//50
f 103//50 102//50 104//50
f 103//51 104//51 105//51
f 105//51 104//51 106//51
f 105//52 106//52 107//52
f 107//52 106//52 108//52
f 107//53 108//53 109//53
f 109//53 108//53 110//53
f 109//54 110//54 111//54
f 111//54 110//54 112//54
f 111//55 112//55 113//55
f 113//55 112//55 114//55
f 113//56 114//56 115//56
f 115//56 114//56 116//56
f 115//57 116//57 117//57
f 117//57 116//57 118//57
f 117//58 118//58 119//58
f 119//58 118//58 120//58
f 119//59 120//59 121//59
f 121//60 120//60 122//60
f 121//61 122//61 123//61
f 123//61 122//61 124//61
f 123//62 124//62 125//62
f 125//62 124//62 126//62
f 125//63 126//63 127//63
f 127//63 126//63 128//63
f 127//64 128//64 129//64
f 129//64 128//64 130//64
f 129//65 130//65 131//65
f 131//65 130//65 132//65
f 131//66 132//66 133//66
f 133//66 132//66 134//66
f 133//67 134//67 135//67
f 135//67 134//67 136//67
f 135//68 136//68 137//68
f 137//68 136//68 138//68
f 137//69 138//69 139//69
f 139//69 138//69 140//69
f 139//70 140//70 141//70
f 141//70 140//70 142//70
f 141//71 142//71 143//71
f 143//71 142//71 144//71
f 143//72 144//72 145//72
f 145//72 144//72 146//72
f 145//73 146//73 147//73
f 147//73 146//73 148//73
f 147//74 148//74 149//74
f 149//74 148//74 150//74
f 149//75 150//75 151//75
f 151//75 150//75 152//75
f 151//76 152//76 153//76
f 153//76 152//76 154//76
f 153//77 154//77 155//77
f 155//77 154//77 156//77
f 155//78 156//78 157//78
f 157//78 156//78 158//78
f 157//79 158//79 159//79
f 159//79 158//79 160//79
f 159//80 160//80 161//80
f 161//80 160//80 162//80
f 161//81 162//81 163//81
f 163//81 162//81 164//81
f 163//82 164//82 165//82
f 165//82 164//82 166//82
f 165//83 166//83 167//83
f 167//83 166//83 168//83
f 167//84 168//84 169//84
f 169//84 168//84 170//84
f 169//85 170//85 171//85
f 171//85 170//85 172//85
f 171//86 172//86 173//86
f 173//86 172//86 174//86
f 173//87 174//87 175//87
f 175//87 174//87 176//87
f 175//88 176//88 177//88
f 177//88 176//88 178//88
f 177//89 178//89 179//89
f 179//89 178//89 180//89
f 179//90 180//90 181//90
f 181//90 180//90 182//90
f 181//91 182//91 183//91
f 183//91 182//91 184//91
f 183//92 184//92 185//92
f 185//92 184//92 186//92
f 185//93 186//93 187//93
f 187//93 186//93 188//93
f 187//94 188//94 189//94
f 189//94 188//94 190//94
f 189//95 190//95 191//95
f 191//96 190//96 192//96
f 191//97 192//97 193//97
f 193//98 192//98 194//98
f 193//99 194//99 195//99
f 195//99 194//99 196//99
f 195//100 196//100 197//100
f 197//100 196//100 198//100
f 197//101 198//101 199//101
f 199//101 198//101 200//101
f 199//102 200//102 201//102
f 201//102 200//102 202//102
f 201//103 202//103 203//103
f 203//103 202//103 204//103
f 203//104 204//104 205//104
f 205//104 204//104 206//104
f 205//105 206//105 207//105
f 207//105 206//105 208//105
f 207//106 208//106 209//106
f 209//107 208//107 210//107
f 209//108 210//108 211//108
f 211//108 210//108 212//108
f 211//109 212//109 98//109
f 98//109 212//109 97//109
f 96//110 100//110 95//110
f 95//110 100//110 99//110
f 213//110 214//110 215//110
f 215//110 214//110 216//110
f 217//111 218//111 219//111
f 219//111 218//111 220//111
f 219//112 220//112 221//112
f 221//112 220//112 222//112
f 221//113 222//113 223//113
f 223//113 222//113 224//113
f 223//114 224//114 225//114
f 225//114 224//114 226//114
f 225//115 226//115 227//115
f 227//115 226//115 228//115
f 227//116 228//116 229//116
f 229//116 228//116 230//116
f 229//117 230//117 231//117
f 231//117 230//117 232//117
f 231//118 232//118 233//118
f 233//118 232//118 234//118
f 233//119 234//119 235//119
f 235//119 234//119 236//119
f 235//120 236//120 237//120
f 237//120 236//120 238//120
f 237//121 238//121 239//121
f 239//121 238//121 240//121
f 239//122 240//122 241//122
f 241//122 240//122 242//122
f 241//123 242//123 243//123
f 243//123 242//123 244//123
f 243//124 244//124 245//124
f 245//124 244//124 246//124
f 245//125 246//125 247//125
f 247//125 246//125 248//125
f 247//126 248//126 249//126
f 249//126 248//126 250//126
f 249//127 250//127 251//127
f 251//127 250//127 252//127
f 251//128 252//128 253//128
f 253//128 252//128 254//128
f 253//129 254//129 255//129
f 255//129 254//129 256//129
f 255//130 256//130 257//130
f 257//130 256//130 258//130
f 257//131 258//131 259//131
f 259//131 258//131 260//131
f 259//132 260//132 261//132
f 261//132 260//132 262//132
f 261//133 262//133 263//133
f 263//133 262//133 264//133
f 263//134 264//134 265//134
f 265//134 264//134 266//134
f 265//135 266//135 267//135
f 267//135 266//135 268//135
f 267//136 268//136 269//136
f 269//136 268//136 270//136
f 269//137 270//137 271//137
f 271//137 270//137 272//137
f 271//138 272//138 273//138
f 273//138 272//138 274//138
f 273//139 274//139 275//139
f 275//139 274//139 276//139
f 275//140 276//140 277//140
f 277//140 276//140 278//140
f 277//141 278//141 279//141
f 279//141 278//141 280//141
f 279//142 280//142 215//142
f 215//142 280//142 213//142
f 281//143 218//143 282//143
f 282//143 218//143 217//143
f 214//144 281//144 216//144
f 216//144 281//144 282//144
f 283//24 284//24 285//24
f 285//24 284//24 286//24
f 287//145 283//145 288//145
f 288//145 283//145 285//145
f 289//78 287//78 290//78
f 290//78 287//78 288//78
f 284//144 289//144 286//144
f 286//144 289//144 290//144
f 291//146 292//146 293//146
f 293//146 292//146 294//146
f 293//147 294//147 295//147
f 295//147 294//147 296//147
f 295//148 296//148 297//148
f 297//148 296//148 298//148
f 297//149 298//149 299//149
f 299//149 298//149 300//149
f 299//150 300//150 301//150
f 301//150 300//150 302//150
f 301//151 302//151 303//151
f 303//151 302//151 304//151
f 303//152 304//152 305//152
f 305//152 304//152 306//152
f 305//153 306//153 307//153
f 307//153 306//153 308//153
f 307//154 308//154 309//154
f 309//154 308//154 310//154
f 309//155 310//155 311//155
f 311//155 310//155 312//155
f 311//156 312//156 313//156
f 313//156 312//156 314//156
f 313//157 314//157 315//157
f 315//157 314//157 316//157
f 315//158 316//158 317//158
f 317//158 316//158 318//158
f 317//159 318//159 319//159
f 319//159 318//159 320//159
f 319//160 320//160 321//160
f 321//160 320//160 322//160
f 321//161 322//161 323//161
f 323//161 322//161 324//161
f 323//162 324//162 325//162
f 325//162 324//162 326//162
f 325//163 326//163 327//163
f 327//163 326//163 328//163
f 327//164 328//164 329//164
f 329//164 328//164 330//164
f 329//165 330//165 331//165
f 331//165 330//165 332//165
f 331//166 332//166 333//166
f 333//166 332//166 334//166
f 333//167 334//167 335//167
f 335//167 334//167 336//167
f 335//168 336//168 337//168
f 337//168 336//168 338//168
f 337//169 338//169 339//169
f 339//169 338//169 340//169
f 339//170 340//170 341//170
f 341//170 340//170 342//170
f 341//171 342//171 343//171
f 343//171 342//171 344//171
f 343//172 344//172 345//172
f 345//172 344//172 346//172
f 345//173 346//173 347//173
f 347//173 346//173 348//173
f 347//174 348//174 349//174
f 349//174 348//174 350//174
f 349//175 350//175 351//175
f 351//175 350//175 352//175
f 351//176 352//176 353//176
f 353//177 352//177 354//177
f 353//178 354//178 355//178
f 355//178 354//178 356//178
f 357//48 292//48 358//48
f 358//48 292//48 291//48
f 359//145 357//145 360//145
f 360//145 357//145 358//145
f 356//179 359//179 355//179
f 355//179 359//179 360//179
f 361//48 362//48 363//48
f 363//48 362//48 364//48
f 365//180 366//180 367//180
f 367//180 366//180 368//180
f 367//181 368//181 369//181
f 369//181 368//181 370//181
f 369//182 370//182 371//182
f 371//182 370//182 372//182
f 371//183 372//183 373//183
f 373//183 372//183 374//183
f 373//184 374//184 375//184
f 375//184 374//184 376//184
f 375//185 376//185 377//185
f 377//185 376//185 378//185
f 377//186 378//186 379//186
f 379//186 378//186 380//186
f 379//187 380//187 381//187
f 381//187 380//187 382//187
f 381//188 382//188 383//188
f 383//188 382//188 384//188
f 383//189 384//189 385//189
f 385//189 384//189 386//189
f 385//190 386//190 387//190
f 387//190 386//190 388//190
f 387//191 388//191 389//191
f 389//191 388//191 390//191
f 389//192 390//192 391//192
f 391//192 390//192 392//192
f 391//193 392//193 393//193
f 393//193 392//193 394//193
f 393//194 394//194 395//194
f 395//194 394//194 396//194
f 395//195 396//195 397//195
f 397//195 396//195 398//195
f 397//196 398//196 399//196
f 399//196 398//196 400//196
f 399//197 400//197 401//197
f 401//197 400//197 402//197
f 401//198 402//198 403//198
f 403//198 402//198 404//198
f 403//199 404//199 405//199
f 405//199 404//199 406//199
f 405//200 406//200 407//200
f 407//200 406//200 408//200
f 407//201 408//201 409//201
f 409//201 408//201 410//201
f 409//202 410//202 411//202
f 411//202 410//202 412//202
f 411//203 412//203 413//203
f 413//203 412//203 414//203
f 413//204 414//204 415//204
f 415//204 414//204 416//204
f 415//205 416//205 417//205
f 417//205 416//205 418//205
f 417//206 418//206 419//206
f 419//206 418//206 420//206
f 419//207 420//207 421//207
f 421//207 420//207 422//207
f 421//208 422//208 423//208
f 423//208 422//208 424//208
f 423//209 424//209 425//209
f 425//209 424//209 426//209
f 425//210 426//210 427//210
f 427//210 426//210 428//210
f 427//211 428//211 363//211
f 363//211 428//211 361//211
f 429//179 366//179 430//179
f 430//179 366//179 365//179
f 364//212 362//212 431//212
f 431//212 362//212 432//212
f 431//213 432//213 433//213
f 433//213 432//213 434//213
f 433//214 434//214 435//214
f 435//214 434//214 436//214
f 435//215 436//215 437//215
f 437//215 436//215 438//215
f 437//216 438//216 439//216
f 439//216 438//216 440//216
f 439//217 440//217 441//217
f 441//217 440//217 442//217
f 441//218 442//218 443//218
f 443//218 442//218 444//218
f 443//219 444//219 445//219
f 445//219 444//219 446//219
f 445//220 446//220 447//220
f 447//220 446//220 448//220
f 447//221 448//221 449//221
f 449//221 448//221 450//221
f 449//222 450//222 451//222
f 451//222 450//222 452//222
f 451//223 452//223 453//223
f 453//223 452//223 454//223
f 453//224 454//224 455//224
f 455//224 454//224 456//224
f 455//225 456//225 457//225
f 457//225 456//225 458//225
f 457//226 458//226 459//226
f 459//226 458//226 460//226
f 459//227 460//227 461//227
f 461//227 460//227 462//227
f 461//228 462//228 463//228
f 463//228 462//228 464//228
f 463//229 464//229 465//229
f 465//229 464//229 466//229
f 465//230 466//230 467//230
f 467//230 466//230 468//230
f 467//231 468//231 469//231
f 469//231 468//231 470//231
f 469//232 470//232 471//232
f 471//232 470//232 472//232
f 471//233 472//233 473//233
f 473//233 472//233 474//233
f 473//234 474//234 475//234
f 475//234 474//234 476//234
f 475//235 476//235 477//235
f 477//235 476//235 478//235
f 477//236 478//236 479//236
f 479//236 478//236 480//236
f 479//237 480//237 481//237
f 481//237 480//237 482//237
f 481//238 482//238 483//238
f 483//238 482//238 484//238
f 483//239 484//239 485//239
f 485//239 484//239 486//239
f 485//240 486//240 487//240
f 487//240 486//240 488//240
f 487//241 488//241 489//241
f 489//241 488//241 490//241
f 489//242 490//242 491//242
f 491//242 490//242 492//242
f 491//243 492//243 493//243
f 493//243 492//243 494//243
f 493//244 494//244 495//244
f 495//244 494//244 496//244
f 495//245 496//245 497//245
f 497//245 496//245 498//245
f 497//246 498//246 499//246
f 499//246 498//246 500//246
f 499//247 500//247 501//247
f 501//247 500//247 502//247
f 501//248 502//248 503//248
f 503//248 502//248 504//248
f 503//249 504//249 505//249
f 505//249 504//249 506//249
f 505//250 506//250 507//250
f 507//250 506//250 508//250
f 507//251 508//251 509//251
f 509//251 508//251 510//251
f 509//252 510//252 511//252
f 511//252 510//252 512//252
f 511//253 512//253 513//253
f 513//253 512//253 514//253
f 513//254 514//254 515//254
f 515//254 514//254 516//254
f 515//255 516//255 517//255
f 517//255 516//255 518//255
f 517//256 518//256 519//256
f 519//256 518//256 520//256
f 519//257 520//257 430//257
f 430//257 520//257 429//257
f 521//258 522//258 523//258
f 523//258 522//258 524//258
f 523//259 524//259 525//259
f 525//259 524//259 526//259
f 525//260 526//260 527//260
f 527//260 526//260 528//260
f 527//261 528//261 529//261
f 529//261 528//261 530//261
f 529//262 530//262 531//262
f 531//262 530//262 532//262
f 531//263 532//263 533//263
f 533//263 532//263 534//263
f 533//264 534//264 535//264
f 535//264 534//264 536//264
f 535//265 536//265 537//265
f 537//265 536//265 538//265
f 537//266 538//266 539//266
f 539//266 538//266 540//266
f 539//267 540//267 541//267
f 541//267 540//267 542//267
f 541//268 542//268 543//268
f 543//268 542//268 544//268
f 543//269 544//269 545//269
f 545//269 544//269 546//269
f 545//270 546//270 547//270
f 547//270 546//270 548//270
f 547//271 548//271 549//271
f 549//271 548//271 550//271
f 549//272 550//272 551//272
f 551//272 550//272 552//272
f 551//273 552//273 553//273
f 553//273 552//273 554//273
f 553//274 554//274 555//274
f 555//274 554//274 556//274
f 555//275 556//275 557//275
f 557//275 556//275 558//275
f 557//276 558//276 559//276
f 559//276 558//276 560//276
f 559//24 560//24 561//24
f 561//24 560//24 562//24
f 561//277 562//277 563//277
f 563//277 562//277 564//277
f 563//278 564//278 565//278
f 565//278 564//278 566//278
f 565//279 566//279 567//279
f 567//279 566//279 568//279
f 567//280 568//280 569//280
f 569//280 568//280 570//280
f 569//281 570//281 571//281
f 571//281 570//281 572//281
f 571//282 572//282 573//282
f 573//282 572//282 574//282
f 573//283 574//283 575//283
f 575//283 574//283 576//283
f 575//284 576//284 577//284
f 577//284 576//284 578//284
f 577//285 578//285 579//285
f 579//285 578//285 580//285
f 579//286 580//286 581//286
f 581//286 580//286 582//286
f 581//287 582//287 583//287
f 583//287 582//287 584//287
f 583//288 584//288 585//288
f 585//288 584//288 586//288
f 585//289 586//289 587//289
f 587//289 586//289 588//289
f 587//290 588//290 589//290
f 589//290 588//290 590//290
f 589//291 590//291 591//291
f 591//291 590//291 592//291
f 591//292 592//292 593//292
f 593//292 592//292 594//292
f 593//293 594//293 595//293
f 595//293 594//293 596//293
f 595//294 596//294 597//294
f 597//294 596//294 598//294
f 597//295 598//295 599//295
f 599//295 598//295 600//295
f 601//179 522//179 602//179
f 602//179 522//179 521//179
f 603//296 604//296 605//296
f 605//296 604//296 606//296
f 605//297 606//297 607//297
f 607//297 606//297 608//297
f 607//298 608//298 609//298
f 609//298 608//298 610//298
f 609//299 610//299 611//299
f 611//299 610//299 612//299
f 611//300 612//300 613//300
f 613//300 612//300 614//300
f 613//301 614//301 615//301
f 615//301 614//301 616//301
f 615//302 616//302 617//302
f 617//302 616//302 618//302
f 617//303 618//303 619//303
f 619//303 618//303 620//303
f 619//304 620//304 621//304
f 621//304 620//304 622//304
f 621//305 622//305 623//305
f 623//305 622//305 624//305
f 623//306 624//306 625//306
f 625//306 624//306 626//306
f 625//307 626//307 627//307
f 627//307 626//307 628//307
f 627//308 628//308 629//308
f 629//308 628//308 630//308
f 629//309 630//309 631//309
f 631//309 630//309 632//309
f 631//310 632//310 633//310
f 633//310 632//310 634//310
f 633//311 634//311 635//311
f 635//311 634//311 636//311
f 635//312 636//312 637//312
f 637//312 636//312 638//312
f 637//313 638//313 639//313
f 639//313 638//313 640//313
f 639//314 640//314 641//314
f 641//314 640//314 642//314
f 641//315 642//315 643//315
f 643//315 642//315 644//315
f 643//316 644//316 645//316
f 645//316 644//316 646//316
f 645//317 646//317 602//317
f 602//317 646//317 601//317
f 600//143 604//143 599//143
f 599//143 604//143 603//143
f 647//318 648//318 649//318
f 649//318 648//318 650//318
f 649//319 650//319 651//319
f 651//319 650//319 652//319
f 651//320 652//320 653//320
f 653//320 652//320 654//320
f 653//321 654//321 655//321
f 655//321 654//321 656//321
f 655//322 656//322 657//322
f 657//323 656//323 658//323
f 657//324 658//324 659//324
f 659//324 658//324 660//324
f 659//325 660//325 661//325
f 661//325 660//325 662//325
f 661//326 662//326 663//326
f 663//326 662//326 664//326
f 663//327 664//327 665//327
f 665//327 664//327 666//327
f 665//328 666//328 667//328
f 667//328 666//328 668//328
f 667//329 668//329 669//329
f 669//329 668//329 670//329
f 669//330 670//330 671//330
f 671//330 670//330 672//330
f 671//331 672//331 673//331
f 673//331 672//331 674//331
f 673//332 674//332 675//332
f 675//332 674//332 676//332
f 675//333 676//333 677//333
f 677//333 676//333 678//333
f 677//334 678//334 679//334
f 679//334 678//334 680//334
f 679//335 680//335 681//335
f 681//335 680//335 682//335
f 681//336 682//336 683//336
f 683//337 682//337 684//337
f 683//338 684//338 685//338
f 685//338 684//338 686//338
f 685//339 686//339 687//339
f 687//339 686//339 688//339
f 687//340 688//340 689//340
f 689//340 688//340 690//340
f 689//341 690//341 691//341
f 691//341 690//341 692//341
f 693//342 648//342 694//342
f 694//342 648//342 647//342
f 695//78 693//78 696//78
f 696//78 693//78 694//78
f 692//143 695//143 691//143
f 691//143 695//143 696//143
f 697//24 698//24 699//24
f 699//24 698//24 700//24
f 701//48 697//48 702//48
f 702//48 697//48 699//48
f 703//343 704//343 705//343
f 705//343 704//343 706//343
f 705//344 706//344 707//344
f 707//344 706//344 708//344
f 707//345 708//345 709//345
f 709//345 708//345 710//345
f 709//346 710//346 711//346
f 711//346 710//346 712//346
f 711//347 712//347 713//347
f 713//347 712//347 714//347
f 713//348 714//348 715//348
f 715//348 714//348 716//348
f 715//349 716//349 717//349
f 717//350 716//350 718//350
f 717//351 718//351 719//351
f 719//351 718//351 720//351
f 719//352 720//352 721//352
f 721//352 720//352 722//352
f 721//353 722//353 723//353
f 723//353 722//353 724//353
f 723//354 724//354 725//354
f 725//354 724//354 726//354
f 725//355 726//355 727//355
f 727//356 726//356 728//356
f 727//357 728//357 729//357
f 729//357 728//357 730//357
f 729//358 730//358 731//358
f 731//358 730//358 732//358
f 731//359 732//359 733//359
f 733//359 732//359 734//359
f 733//360 734//360 735//360
f 735//360 734//360 736//360
f 735//361 736//361 737//361
f 737//361 736//361 738//361
f 737//362 738//362 739//362
f 739//362 738//362 740//362
f 739//363 740//363 741//363
f 741//363 740//363 742//363
f 741//364 742//364 743//364
f 743//364 742//364 744//364
f 743//365 744//365 745//365
f 745//365 744//365 746//365
f 745//366 746//366 747//366
f 747//366 746//366 748//366
f 747//367 748//367 749//367
f 749//367 748//367 750//367
f 749//78 750//78 751//78
f 751//78 750//78 752//78
f 751//368 752//368 753//368
f 753//368 752//368 754//368
f 753//369 754//369 755//369
f 755//369 754//369 756//369
f 755//370 756//370 757//370
f 757//370 756//370 758//370
f 757//371 758//371 759//371
f 759//371 758//371 760//371
f 759//372 760//372 761//372
f 761//372 760//372 762//372
f 761//373 762//373 763//373
f 763//373 762//373 764//373
f 763//374 764//374 765//374
f 765//374 764//374 766//374
f 765//375 766//375 767//375
f 767//375 766//375 768//375
f 767//376 768//376 769//376
f 769//376 768//376 770//376
f 769//377 770//377 771//377
f 771//377 770//377 772//377
f 771//378 772//378 773//378
f 773//378 772//378 774//378
f 773//379 774//379 775//379
f 775//380 774//380 776//380
f 775//381 776//381 777//381
f 777//381 776//381 778//381
f 777//382 778//382 779//382
f 779//382 778//382 780//382
f 779//383 780//383 781//383
f 781//384 780//384 782//384
f 781//385 782//385 783//385
f 783//385 782//385 784//385
f 783//386 784//386 785//386
f 785//387 784//387 786//387
f 785//388 786//388 787//388
f 787//389 786//389 788//389
f 787//390 788//390 789//390
f 789//390 788//390 790//390
f 789//391 790//391 791//391
f 791//391 790//391 792//391
f 791//392 792//392 793//392
f 793//392 792//392 794//392
f 793//393 794//393 795//393
f 795//393 794//393 796//393
f 795//394 796//394 702//394
f 702//394 796//394 701//394
f 698//110 704//110 700//110
f 700//110 704//110 703//110
f 797//110 798//110 799//110
f 799//110 798//110 800//110
f 801//395 802//395 803//395
f 803//395 802//395 804//395
f 803//396 804//396 805//396
f 805//396 804//396 806//396
f 805//397 806//397 807//397
f 807//397 806//397 808//397
f 807//398 808//398 809//398
f 809//398 808//398 810//398
f 809//399 810//399 811//399
f 811//399 810//399 812//399
f 811//400 812//400 813//400
f 813//400 812//400 814//400
f 813//401 814//401 815//401
f 815//401 814//401 816//401
f 815//402 816//402 817//402
f 817//402 816//402 818//402
f 817//403 818//403 819//403
f 819//403 818//403 820//403
f 819//404 820//404 821//404
f 821//404 820//404 822//404
f 821//405 822//405 823//405
f 823//405 822//405 824//405
f 823//406 824//406 825//406
f 825//406 824//406 826//406
f 825//407 826//407 827//407
f 827//407 826//407 828//407
f 827//408 828//408 829//408
f 829//408 828//408 830//408
f 829//409 830//409 831//409
f 831//409 830//409 832//409
f 831//410 832//410 833//410
f 833//410 832//410 834//410
f 833//411 834//411 835//411
f 835//411 834//411 836//411
f 835//412 836//412 837//412
f 837//412 836//412 838//412
f 837//413 838//413 839//413
f 839//413 838//413 840//413
f 839//414 840//414 841//414
f 841//414 840//414 842//414
f 841//415 842//415 843//415
f 843//415 842//415 844//415
f 843//416 844//416 845//416
f 845//416 844//416 846//416
f 845//417 846//417 847//417
f 847//417 846//417 848//417
f 847//418 848//418 849//418
f 849//418 848//418 850//418
f 849//419 850//419 851//419
f 851//419 850//419 852//419
f 851//420 852//420 853//420
f 853//420 852//420 854//420
f 853//421 854//421 855//421
f 855//421 854//421 856//421
f 855//422 856//422 857//422
f 857//422 856//422 858//422
f 857//423 858//423 859//423
f 859//423 858//423 860//423
f 859//424 860//424 861//424
f 861//424 860//424 862//424
f 861//425 862//425 863//425
f 863//425 862//425 864//425
f 863//426 864//426 865//426
f 865//426 864//426 866//426
f 865//427 866//427 867//427
f 867//427 866//427 868//427
f 867//428 868//428 869//428
f 869//428 868//428 870//428
f 869//429 870//429 871//429
f 871//429 870//429 872//429
f 871//430 872//430 873//430
f 873//430 872//430 874//430
f 873//431 874//431 875//431
f 875//431 874//431 876//431
f 875//432 876//432 877//432
f 877//432 876//432 878//432
f 877//433 878//433 879//433
f 879//433 878//433 880//433
f 879//434 880//434 881//434
f 881//434 880//434 882//434
f 881//435 882//435 883//435
f 883//435 882//435 884//435
f 883//436 884//436 885//436
f 885//436 884//436 886//436
f 885//437 886//437 887//437
f 887//437 886//437 888//437
f 887//438 888//438 889//438
f 889//438 888//438 890//438
f 889//439 890//439 891//439
f 891//439 890//439 892//439
f 891//440 892//440 799//440
f 799//440 892//440 797//440
f 893//143 802//143 894//143
f 894//143 802//143 801//143
f 800//441 798//441 895//441
f 895//441 798//441 896//441
f 895//442 896//442 897//442
f 897//442 896//442 898//442
f 897//443 898//443 899//443
f 899//443 898//443 900//443
f 899//444 900//444 901//444
f 901//444 900//444 902//444
f 901//445 902//445 903//445
f 903//445 902//445 904//445
f 903//446 904//446 905//446
f 905//447 904//447 906//447
f 905//448 906//448 907//448
f 907//448 906//448 908//448
f 907//449 908//449 909//449
f 909//449 908//449 910//449
f 909//450 910//450 911//450
f 911//450 910//450 912//450
f 911//451 912//451 913//451
f 913//451 912//451 914//451
f 913//452 914//452 915//452
f 915//452 914//452 916//452
f 915//453 916//453 917//453
f 917//453 916//453 918//453
f 917//454 918//454 919//454
f 919//454 918//454 920//454
f 919//455 920//455 921//455
f 921//455 920//455 922//455
f 921//456 922//456 923//456
f 923//456 922//456 924//456
f 923//457 924//457 925//457
f 925//457 924//457 926//457
f 925//458 926//458 927//458
f 927//458 926//458 928//458
f 927//459 928//459 929//459
f 929//459 928//459 930//459
f 929//460 930//460 931//460
f 931//460 930//460 932//460
f 931//461 932//461 933//461
f 933//461 932//461 934//461
f 933//462 934//462 935//462
f 935//462 934//462 936//462
f 935//463 936//463 937//463
f 937//463 936//463 938//463
f 937//464 938//464 939//464
f 939//464 938//464 940//464
f 939//465 940//465 941//465
f 941//465 940//465 942//465
f 941//466 942//466 943//466
f 943//466 942//466 944//466
f 943//467 944//467 945//467
f 945//467 944//467 946//467
f 945//468 946//468 947//468
f 947//468 946//468 948//468
f 947//469 948//469 949//469
f 949//469 948//469 950//469
f 949//470 950//470 951//470
f 951//470 950//470 952//470
f 951//471 952//471 953//471
f 953//471 952//471 954//471
f 953//472 954//472 955//472
f 955//472 954//472 956//472
f 955//473 956//473 894//473
f 894//473 956//473 893//473
f 957//143 958//143 959//143
f 959//143 958//143 960//143
f 961//474 957//474 962//474
f 962//474 957//474 959//474
f 963//48 961//48 964//48
f 964//48 961//48 962//48
f 965//475 966//475 967//475
f 967//475 966//475 968//475
f 967//476 968//476 969//476
f 969//476 968//476 970//476
f 969//477 970//477 971//477
f 971//477 970//477 972//477
f 971//478 972//478 973//478
f 973//478 972//478 974//478
f 973//479 974//479 975//479
f 975//479 974//479 976//479
f 975//480 976//480 977//480
f 977//480 976//480 978//480
f 977//481 978//481 979//481
f 979//481 978//481 980//481
f 979//482 980//482 981//482
f 981//482 980//482 982//482
f 981//483 982//483 983//483
f 983//483 982//483 984//483
f 983//484 984//484 985//484
f 985//484 984//484 986//484
f 985//485 986//485 987//485
f 987//485 986//485 988//485
f 987//486 988//486 989//486
f 989//486 988//486 990//486
f 989//487 990//487 991//487
f 991//487 990//487 992//487
f 991//488 992//488 993//488
f 993//488 992//488 994//488
f 993//178 994//178 995//178
f 995//178 994//178 996//178
f 995//489 996//489 997//489
f 997//489 996//489 998//489
f 997//490 998//490 999//490
f 999//490 998//490 1000//490
f 999//491 1000//491 1001//491
f 1001//491 1000//491 1002//491
f 1001//492 1002//492 1003//492
f 1003//492 1002//492 1004//492
f 1003//493 1004//493 1005//493
f 1005//493 1004//493 1006//493
f 1005//494 1006//494 1007//494
f 1007//494 1006//494 1008//494
f 1007//495 1008//495 1009//495
f 1009//495 1008//495 1010//495
f 1009//496 1010//496 1011//496
f 1011//496 1010//496 1012//496
f 1011//497 1012//497 1013//497
f 1013//497 1012//497 1014//497
f 1013//498 1014//498 1015//498
f 1015//498 1014//498 1016//498
f 1015//499 1016//499 1017//499
f 1017//499 1016//499 1018//499
f 1017//500 1018//500 1019//500
f 1019//500 1018//500 1020//500
f 1019//501 1020//501 1021//501
f 1021//501 1020//501 1022//501
f 1021//502 1022//502 1023//502
f 1023//502 1022//502 1024//502
f 1023//503 1024//503 1025//503
f 1025//503 1024//503 1026//503
f 1025//504 1026//504 1027//504
f 1027//504 1026//504 1028//504
f 1027//505 1028//505 1029//505
f 1029//505 1028//505 1030//505
f 1029//506 1030//506 1031//506
f 1031//506 1030//506 1032//506
f 1031//507 1032//507 1033//507
f 1033//507 1032//507 1034//507
f 1033//508 1034//508 1035//508
f 1035//508 1034//508 1036//508
f 1035//509 1036//509 1037//509
f 1037//509 1036//509 1038//509
f 1037//510 1038//510 1039//510
f 1039//510 1038//510 1040//510
f 1039//511 1040//511 1041//511
f 1041//511 1040//511 1042//511
f 1041//512 1042//512 1043//512
f 1043//512 1042//512 1044//512
f 1043//513 1044//513 1045//513
f 1045//513 1044//513 1046//513
f 1045//514 1046//514 1047//514
f 1047//514 1046//514 1048//514
f 1047//515 1048//515 1049//515
f 1049//515 1048//515 1050//515
f 1049//516 1050//516 1051//516
f 1051//516 1050//516 1052//516
f 1051//517 1052//517 1053//517
f 1053//517 1052//517 1054//517
f 1053//518 1054//518 1055//518
f 1055//518 1054//518 1056//518
f 1055//519 1056//519 1057//519
f 1057//519 1056//519 1058//519
f 1057//520 1058//520 1059//520
f 1059//521 1058//521 1060//521
f 1059//522 1060//522 1061//522
f 1061//522 1060//522 1062//522
f 1061//523 1062//523 1063//523
f 1063//523 1062//523 1064//523
f 1063//524 1064//524 1065//524
f 1065//524 1064//524 1066//524
f 1065//525 1066//525 1067//525
f 1067//525 1066//525 1068//525
f 1067//8 1068//8 1069//8
f 1069//8 1068//8 1070//8
f 1069//526 1070//526 1071//526
f 1071//526 1070//526 1072//526
f 1071//527 1072//527 1073//527
f 1073//527 1072//527 1074//527
f 1073//528 1074//528 1075//528
f 1075//528 1074//528 1076//528
f 1075//529 1076//529 1077//529
f 1077//529 1076//529 1078//529
f 1077//530 1078//530 1079//530
f 1079//530 1078//530 1080//530
f 1079//531 1080//531 1081//531
f 1081//531 1080//531 1082//531
f 1081//532 1082//532 1083//532
f 1083//532 1082//532 1084//532
f 1083//533 1084//533 1085//533
f 1085//533 1084//533 1086//533
f 1085//534 1086//534 1087//534
f 1087//534 1086//534 1088//534
f 1087//535 1088//535 1089//535
f 1089//535 1088//535 1090//535
f 1089//536 1090//536 1091//536
f 1091//536 1090//536 1092//536
f 1091//537 1092//537 1093//537
f 1093//537 1092//537 1094//537
f 1093//538 1094//538 1095//538
f 1095//538 1094//538 1096//538
f 1095//539 1096//539 1097//539
f 1097//539 1096//539 1098//539
f 1097//540 1098//540 1099//540
f 1099//540 1098//540 1100//540
f 1099//541 1100//541 1101//541
f 1101//542 1100//542 1102//542
f 1101//543 1102//543 1103//543
f 1103//543 1102//543 1104//543
f 1103//544 1104//544 1105//544
f 1105//544 1104//544 1106//544
f 1105//545 1106//545 1107//545
f 1107//545 1106//545 1108//545
f 1107//546 1108//546 1109//546
f 1109//546 1108//546 1110//546
f 1109//547 1110//547 1111//547
f 1111//547 1110//547 1112//547
f 1111//548 1112//548 1113//548
f 1113//548 1112//548 1114//548
f 1113//549 1114//549 1115//549
f 1115//549 1114//549 1116//549
f 1115//550 1116//550 1117//550
f 1117//550 1116//550 1118//550
f 1117//551 1118//551 1119//551
f 1119//551 1118//551 1120//551
f 1119//552 1120//552 1121//552
f 1121//552 1120//552 1122//552
f 1121//553 1122//553 1123//553
f 1123//553 1122//553 1124//553
f 1123//554 1124//554 1125//554
f 1125//554 1124//554 1126//554
f 1125//555 1126//555 1127//555
f 1127//556 1126//556 1128//556
f 1127//557 1128//557 1129//557
f 1129//557 1128//557 1130//557
f 1129//558 1130//558 1131//558
f 1131//558 1130//558 1132//558
f 1131//559 1132//559 1133//559
f 1133//559 1132//559 1134//559
f 1133//560 1134//560 1135//560
f 1135//560 1134//560 1136//560
f 1135//561 1136//561 1137//561
f 1137//562 1136//562 1138//562
f 1137//563 1138//563 1139//563
f 1139//564 1138//564 1140//564
f 1139//565 1140//565 1141//565
f 1141//565 1140//565 1142//565
f 1141//566 1142//566 1143//566
f 1143//566 1142//566 1144//566
f 1143//567 1144//567 1145//567
f 1145//567 1144//567 1146//567
f 1145//568 1146//568 1147//568
f 1147//568 1146//568 1148//568
f 1147//569 1148//569 1149//569
f 1149//569 1148//569 1150//569
f 1149//570 1150//570 1151//570
f 1151//571 1150//571 1152//571
f 1151//572 1152//572 1153//572
f 1153//572 1152//572 1154//572
f 1153//573 1154//573 1155//573
f 1155//573 1154//573 1156//573
f 1155//574 1156//574 1157//574
f 1157//574 1156//574 1158//574
f 1157//40 1158//40 1159//40
f 1159//40 1158//40 1160//40
f 1159//575 1160//575 1161//575
f 1161//575 1160//575 1162//575
f 1161//576 1162//576 1163//576
f 1163//576 1162//576 1164//576
f 1163//577 1164//577 1165//577
f 1165//577 1164//577 1166//577
f 1165//578 1166//578 1167//578
f 1167//578 1166//578 1168//578
f 1167//579 1168//579 1169//579
f 1169//579 1168//579 1170//579
f 1169//580 1170//580 1171//580
f 1171//580 1170//580 1172//580
f 1171//581 1172//581 1173//581
f 1173//581 1172//581 1174//581
f 1173//582 1174//582 1175//582
f 1175//582 1174//582 1176//582
f 1175//583 1176//583 1177//583
f 1177//583 1176//583 1178//583
f 1177//584 1178//584 1179//584
f 1179//584 1178//584 1180//584
f 1179//585 1180//585 1181//585
f 1181//585 1180//585 1182//585
f 1181//586 1182//586 1183//586
f 1183//586 1182//586 1184//586
f 1183//587 1184//587 1185//587
f 1185//587 1184//587 1186//587
f 1185//588 1186//588 1187//588
f 1187//588 1186//588 1188//588
f 1187//589 1188//589 1189//589
f 1189//589 1188//589 1190//589
f 1189//590 1190//590 1191//590
f 1191//590 1190//590 1192//590
f 1191//591 1192//591 1193//591
f 1193//591 1192//591 1194//591
f 1193//592 1194//592 1195//592
f 1195//592 1194//592 1196//592
f 1195//593 1196//593 1197//593
f 1197//593 1196//593 1198//593
f 1197//594 1198//594 1199//594
f 1199//594 1198//594 1200//594
f 1199//595 1200//595 1201//595
f 1201//595 1200//595 1202//595
f 1201//596 1202//596 1203//596
f 1203//596 1202//596 1204//596
f 1203//597 1204//597 1205//597
f 1205//597 1204//597 1206//597
f 1205//598 1206//598 1207//598
f 1207//598 1206//598 1208//598
f 1207//599 1208//599 1209//599
f 1209//599 1208//599 1210//599
f 1209//600 1210//600 1211//600
f 1211//600 1210//600 1212//600
f 1211//601 1212//601 1213//601
f 1213//601 1212//601 1214//601
f 1213//602 1214//602 1215//602
f 1215//602 1214//602 1216//602
f 1215//603 1216//603 1217//603
f 1217//603 1216//603 1218//603
f 1217//604 1218//604 1219//604
f 1219//604 1218//604 1220//604
f 1219//605 1220//605 1221//605
f 1221//605 1220//605 1222//605
f 1221//606 1222//606 1223//606
f 1223//606 1222//606 1224//606
f 1223//607 1224//607 1225//607
f 1225//607 1224//607 1226//607
f 1225//608 1226//608 1227//608
f 1227//608 1226//608 1228//608
f 1227//609 1228//609 1229//609
f 1229//609 1228//609 1230//609
f 1229//610 1230//610 1231//610
f 1231//610 1230//610 1232//610
f 1231//611 1232//611 1233//611
f 1233//611 1232//611 1234//611
f 1233//612 1234//612 1235//612
f 1235//612 1234//612 1236//612
f 1235//613 1236//613 1237//613
f 1237//613 1236//613 1238//613
f 1237//614 1238//614 1239//614
f 1239//614 1238//614 1240//614
f 1239//615 1240//615 1241//615
f 1241//615 1240//615 1242//615
f 1241//616 1242//616 1243//616
f 1243//616 1242//616 1244//616
f 1243//617 1244//617 1245//617
f 1245//617 1244//617 1246//617
f 1245//618 1246//618 1247//618
f 1247//618 1246//618 1248//618
f 1247//619 1248//619 1249//619
f 1249//619 1248//619 1250//619
f 1249//620 1250//620 1251//620
f 1251//620 1250//620 1252//620
f 1251//621 1252//621 1253//621
f 1253//621 1252//621 1254//621
f 1253//622 1254//622 1255//622
f 1255//622 1254//622 1256//622
f 1255//623 1256//623 1257//623
f 1257//623 1256//623 1258//623
f 1257//624 1258//624 1259//624
f 1259//624 1258//624 1260//624
f 1259//625 1260//625 964//625
f 964//625 1260//625 963//625
f 1261//110 966//110 1262//110
f 1262//110 966//110 965//110
f 1263//626 1261//626 1264//626
f 1264//627 1261//627 1262//627
f 1265//179 1263//179 1266//179
f 1266//179 1263//179 1264//179
f 960//628 958//628 1267//628
f 1267//628 958//628 1268//628
f 1267//629 1268//629 1269//629
f 1269//629 1268//629 1270//629
f 1269//630 1270//630 1271//630
f 1271//630 1270//630 1272//630
f 1271//631 1272//631 1273//631
f 1273//631 1272//631 1274//631
f 1273//632 1274//632 1275//632
f 1275//632 1274//632 1276//632
f 1275//633 1276//633 1277//633
f 1277//633 1276//633 1278//633
f 1277//634 1278//634 1279//634
f 1279//634 1278//634 1280//634
f 1279//635 1280//635 1281//635
f 1281//636 1280//636 1282//636
f 1281//637 1282//637 1283//637
f 1283//637 1282//637 1284//637
f 1283//638 1284//638 1285//638
f 1285//638 1284//638 1286//638
f 1285//639 1286//639 1287//639
f 1287//639 1286//639 1288//639
f 1287//640 1288//640 1289//640
f 1289//640 1288//640 1290//640
f 1289//641 1290//641 1291//641
f 1291//641 1290//641 1292//641
f 1291//642 1292//642 1293//642
f 1293//642 1292//642 1294//642
f 1293//643 1294//643 1295//643
f 1295//643 1294//643 1296//643
f 1295//644 1296//644 1297//644
f 1297//644 1296//644 1298//644
f 1297//645 1298//645 1299//645
f 1299//645 1298//645 1300//645
f 1299//646 1300//646 1301//646
f 1301//646 1300//646 1302//646
f 1301//647 1302//647 1303//647
f 1303//647 1302//647 1304//647
f 1303//78 1304//78 1305//78
f 1305//78 1304//78 1306//78
f 1305//648 1306//648 1307//648
f 1307//648 1306//648 1308//648
f 1307//649 1308//649 1309//649
f 1309//649 1308//649 1310//649
f 1309//650 1310//650 1311//650
f 1311//650 1310//650 1312//650
f 1311//651 1312//651 1313//651
f 1313//651 1312//651 1314//651
f 1313//652 1314//652 1315//652
f 1315//652 1314//652 1316//652
f 1315//653 1316//653 1317//653
f 1317//653 1316//653 1318//653
f 1317//654 1318//654 1319//654
f 1319//654 1318//654 1320//654
f 1319//655 1320//655 1321//655
f 1321//655 1320//655 1322//655
f 1321//656 1322//656 1323//656
f 1323//656 1322//656 1324//656
f 1323//657 1324//657 1325//657
f 1325//657 1324//657 1326//657
f 1325//658 1326//658 1327//658
f 1327//658 1326//658 1328//658
f 1327//659 1328//659 1329//659
f 1329//660 1328//660 1330//660
f 1329//661 1330//661 1331//661
f 1331//661 1330//661 1332//661
f 1331//662 1332//662 1333//662
f 1333//662 1332//662 1334//662
f 1333//663 1334//663 1335//663
f 1335//663 1334//663 1336//663
f 1335//664 1336//664 1337//664
f 1337//664 1336//664 1338//664
f 1337//665 1338//665 1339//665
f 1339//665 1338//665 1340//665
f 1339//666 1340//666 1341//666
f 1341//666 1340//666 1342//666
f 1341//667 1342//667 1266//667
f 1266//667 1342//667 1265//667
f 895//668 279//668 800//668
f 800//668 279//668 215//668
f 800//668 215//668 602//668
f 602//668 215//668 647//668
f 602//668 647//668 645//668
f 645//668 647//668 649//668
f 645//668 649//668 643//668
f 643//668 649//668 651//668
f 643//668 651//668 641//668
f 641//668 651//668 653//668
f 641//668 653//668 639//668
f 639//668 653//668 655//668
f 639//668 655//668 637//668
f 637//668 655//668 657//668
f 637//668 657//668 635//668
f 635//668 657//668 659//668
f 635//668 659//668 633//668
f 633//668 659//668 661//668
f 633//668 661//668 631//668
f 631//668 661//668 663//668
f 631//668 663//668 629//668
f 629//668 663//668 665//668
f 629//668 665//668 627//668
f 627//668 665//668 667//668
f 627//668 667//668 625//668
f 625//668 667//668 669//668
f 625//668 669//668 671//668
f 279//668 895//668 277//668
f 277//668 895//668 897//668
f 277//668 897//668 275//668
f 275//668 897//668 899//668
f 275//668 899//668 273//668
f 273//668 899//668 901//668
f 273//668 901//668 271//668
f 271//668 901//668 903//668
f 271//668 903//668 269//668
f 269//668 903//668 905//668
f 269//668 905//668 267//668
f 267//668 905//668 907//668
f 267//668 907//668 265//668
f 265//668 907//668 909//668
f 265//668 909//668 263//668
f 263//668 909//668 911//668
f 263//668 911//668 261//668
f 261//668 911//668 913//668
f 261//668 913//668 259//668
f 259//668 913//668 915//668
f 259//668 915//668 257//668
f 257//668 915//668 917//668
f 257//668 917//668 255//668
f 255//668 917//668 919//668
f 255//668 919//668 253//668
f 253//668 919//668 921//668
f 253//668 921//668 251//668
f 251//668 921//668 923//668
f 251//668 923//668 249//668
f 249//668 923//668 925//668
f 249//668 925//668 247//668
f 247//668 925//668 927//668
f 247//668 927//668 245//668
f 245//668 927//668 929//668
f 245//668 929//668 243//668
f 243//668 929//668 931//668
f 243//668 931//668 241//668
f 241//668 931//668 933//668
f 241//668 933//668 239//668
f 239//668 933//668 935//668
f 239//668 935//668 237//668
f 237//668 935//668 937//668
f 237//668 937//668 235//668
f 235//668 937//668 939//668
f 235//668 939//668 233//668
f 233//668 939//668 941//668
f 233//668 941//668 231//668
f 231//668 941//668 943//668
f 231//668 943//668 229//668
f 229//668 943//668 945//668
f 229//668 945//668 227//668
f 227//668 945//668 947//668
f 227//668 947//668 225//668
f 225//668 947//668 949//668
f 225//668 949//668 223//668
f 223//668 949//668 951//668
f 223//668 951//668 221//668
f 221//668 951//668 953//668
f 221//668 953//668 219//668
f 219//668 953//668 955//668
f 219//668 955//668 217//668
f 217//668 955//668 894//668
f 217//668 894//668 702//668
f 702//668 894//668 1//668
f 702//668 1//668 795//668
f 795//668 1//668 3//668
f 795//668 3//668 793//668
f 793//668 3//668 5//668
f 793//668 5//668 791//668
f 791//668 5//668 7//668
f 791//668 7//668 789//668
f 789//668 7//668 9//668
f 789//668 9//668 787//668
f 787//668 9//668 11//668
f 787//668 11//668 785//668
f 785//668 11//668 13//668
f 785//668 13//668 783//668
f 783//668 13//668 15//668
f 783//668 15//668 781//668
f 781//668 15//668 17//668
f 781//668 17//668 779//668
f 779//668 17//668 19//668
f 779//668 19//668 777//668
f 777//668 19//668 21//668
f 777//668 21//668 775//668
f 775//668 21//668 23//668
f 775//668 23//668 773//668
f 773//668 23//668 25//668
f 773//668 25//668 771//668
f 771//668 25//668 27//668
f 771//668 27//668 769//668
f 769//668 27//668 29//668
f 769//668 29//668 767//668
f 767//668 29//668 31//668
f 767//668 31//668 765//668
f 765//668 31//668 33//668
f 765//668 33//668 763//668
f 763//668 33//668 35//668
f 763//668 35//668 761//668
f 761//668 35//668 37//668
f 761//668 37//668 759//668
f 759//668 37//668 39//668
f 759//668 39//668 757//668
f 757//668 39//668 41//668
f 757//668 41//668 755//668
f 755//668 41//668 43//668
f 755//668 43//668 753//668
f 753//668 43//668 45//668
f 753//668 45//668 751//668
f 751//668 45//668 47//668
f 751//668 47//668 49//668
f 894//668 801//668 1//668
f 1//668 801//668 98//668
f 98//668 801//668 1057//668
f 98//668 1057//668 211//668
f 211//668 1057//668 1059//668
f 211//668 1059//668 209//668
f 209//668 1059//668 1061//668
f 209//668 1061//668 207//668
f 207//668 1061//668 1063//668
f 207//668 1063//668 205//668
f 205//668 1063//668 1065//668
f 205//668 1065//668 203//668
f 203//668 1065//668 1067//668
f 203//668 1067//668 201//668
f 201//668 1067//668 1069//668
f 201//668 1069//668 199//668
f 199//668 1069//668 1071//668
f 199//668 1071//668 197//668
f 197//668 1071//668 1073//668
f 197//668 1073//668 195//668
f 195//668 1073//668 1075//668
f 195//668 1075//668 193//668
f 193//668 1075//668 1077//668
f 193//668 1077//668 191//668
f 191//668 1077//668 1079//668
f 191//668 1079//668 189//668
f 189//668 1079//668 1081//668
f 189//668 1081//668 187//668
f 187//668 1081//668 1083//668
f 187//668 1083//668 185//668
f 185//668 1083//668 1085//668
f 185//668 1085//668 183//668
f 183//668 1085//668 1087//668
f 183//668 1087//668 181//668
f 181//668 1087//668 1089//668
f 181//668 1089//668 179//668
f 179//668 1089//668 1091//668
f 179//668 1091//668 177//668
f 177//668 1091//668 1093//668
f 177//668 1093//668 175//668
f 175//668 1093//668 1095//668
f 175//668 1095//668 173//668
f 173//668 1095//668 1097//668
f 173//668 1097//668 171//668
f 171//668 1097//668 1099//668
f 171//668 1099//668 169//668
f 169//668 1099//668 1101//668
f 169//668 1101//668 167//668
f 167//668 1101//668 1103//668
f 167//668 1103//668 165//668
f 165//668 1103//668 1105//668
f 165//668 1105//668 163//668
f 163//668 1105//668 1107//668
f 163//668 1107//668 161//668
f 161//668 1107//668 1109//668
f 161//668 1109//668 159//668
f 159//668 1109//668 1111//668
f 159//668 1111//668 157//668
f 157//668 1111//668 1113//668
f 157//668 1113//668 155//668
f 155//668 1113//668 1115//668
f 155//668 1115//668 153//668
f 153//668 1115//668 1117//668
f 153//668 1117//668 151//668
f 151//668 1117//668 1119//668
f 151//668 1119//668 149//668
f 149//668 1119//668 1121//668
f 149//668 1121//668 147//668
f 147//668 1121//668 1123//668
f 147//668 1123//668 145//668
f 145//668 1123//668 1125//668
f 145//668 1125//668 143//668
f 143//668 1125//668 1127//668
f 143//668 1127//668 141//668
f 141//668 1127//668 1129//668
f 141//668 1129//668 139//668
f 139//668 1129//668 1131//668
f 139//668 1131//668 137//668
f 137//668 1131//668 1133//668
f 137//668 1133//668 135//668
f 135//668 1133//668 1135//668
f 135//668 1135//668 133//668
f 133//668 1135//668 1137//668
f 133//668 1137//668 131//668
f 131//668 1137//668 1139//668
f 131//668 1139//668 129//668
f 129//668 1139//668 1141//668
f 129//668 1141//668 127//668
f 127//668 1141//668 1143//668
f 127//668 1143//668 125//668
f 125//668 1143//668 1145//668
f 125//668 1145//668 123//668
f 123//668 1145//668 1147//668
f 123//668 1147//668 121//668
f 121//668 1147//668 1149//668
f 121//668 1149//668 119//668
f 119//668 1149//668 1151//668
f 119//668 1151//668 117//668
f 117//668 1151//668 1153//668
f 117//668 1153//668 115//668
f 115//668 1153//668 1155//668
f 115//668 1155//668 113//668
f 113//668 1155//668 1157//668
f 113//668 1157//668 111//668
f 111//668 1157//668 1159//668
f 111//668 1159//668 109//668
f 109//668 1159//668 1161//668
f 109//668 1161//668 107//668
f 107//668 1161//668 1163//668
f 107//668 1163//668 105//668
f 105//668 1163//668 1165//668
f 105//668 1165//668 103//668
f 103//668 1165//668 1167//668
f 103//668 1167//668 101//668
f 101//668 1167//668 1169//668
f 101//668 1169//668 99//668
f 99//668 1169//668 430//668
f 99//668 430//668 95//668
f 95//668 430//668 365//668
f 95//668 365//668 703//668
f 703//668 365//668 355//668
f 703//668 355//668 700//668
f 700//668 355//668 360//668
f 700//668 360//668 290//668
f 290//668 360//668 358//668
f 290//668 358//668 286//668
f 286//668 358//668 696//668
f 286//668 696//668 694//668
f 1057//668 801//668 1055//668
f 1055//668 801//668 803//668
f 1055//668 803//668 1053//668
f 1053//668 803//668 805//668
f 1053//668 805//668 1051//668
f 1051//668 805//668 807//668
f 1051//668 807//668 1049//668
f 1049//668 807//668 809//668
f 1049//668 809//668 1047//668
f 1047//668 809//668 811//668
f 1047//668 811//668 1045//668
f 1045//668 811//668 813//668
f 1045//668 813//668 1043//668
f 1043//668 813//668 815//668
f 1043//668 815//668 1041//668
f 1041//668 815//668 817//668
f 1041//668 817//668 1039//668
f 1039//668 817//668 819//668
f 1039//668 819//668 1037//668
f 1037//668 819//668 821//668
f 1037//668 821//668 1035//668
f 1035//668 821//668 823//668
f 1035//668 823//668 1033//668
f 1033//668 823//668 825//668
f 1033//668 825//668 1031//668
f 1031//668 825//668 827//668
f 1031//668 827//668 1029//668
f 1029//668 827//668 829//668
f 1029//668 829//668 1027//668
f 1027//668 829//668 831//668
f 1027//668 831//668 1025//668
f 1025//668 831//668 833//668
f 1025//668 833//668 1023//668
f 1023//668 833//668 835//668
f 1023//668 835//668 1021//668
f 1021//668 835//668 837//668
f 1021//668 837//668 1019//668
f 1019//668 837//668 839//668
f 1019//668 839//668 1017//668
f 1017//668 839//668 841//668
f 1017//668 841//668 1015//668
f 1015//668 841//668 843//668
f 1015//668 843//668 1013//668
f 1013//668 843//668 845//668
f 1013//668 845//668 1011//668
f 1011//668 845//668 847//668
f 1011//668 847//668 1009//668
f 1009//668 847//668 849//668
f 1009//668 849//668 1007//668
f 1007//668 849//668 851//668
f 1007//668 851//668 1005//668
f 1005//668 851//668 853//668
f 1005//668 853//668 1003//668
f 1003//668 853//668 855//668
f 1003//668 855//668 1001//668
f 1001//668 855//668 857//668
f 1001//668 857//668 999//668
f 999//668 857//668 859//668
f 999//668 859//668 997//668
f 997//668 859//668 861//668
f 997//668 861//668 995//668
f 995//668 861//668 863//668
f 995//668 863//668 993//668
f 993//668 863//668 865//668
f 993//668 865//668 991//668
f 991//668 865//668 867//668
f 991//668 867//668 989//668
f 989//668 867//668 869//668
f 989//668 869//668 987//668
f 987//668 869//668 871//668
f 987//668 871//668 985//668
f 985//668 871//668 873//668
f 985//668 873//668 983//668
f 983//668 873//668 875//668
f 983//668 875//668 981//668
f 981//668 875//668 877//668
f 981//668 877//668 979//668
f 979//668 877//668 879//668
f 979//668 879//668 977//668
f 977//668 879//668 881//668
f 977//668 881//668 975//668
f 975//668 881//668 883//668
f 975//668 883//668 973//668
f 973//668 883//668 885//668
f 973//668 885//668 971//668
f 971//668 885//668 887//668
f 971//668 887//668 969//668
f 969//668 887//668 889//668
f 969//668 889//668 967//668
f 967//668 889//668 891//668
f 967//668 891//668 965//668
f 965//668 891//668 799//668
f 965//668 799//668 1266//668
f 1266//668 799//668 521//668
f 1266//668 521//668 1341//668
f 1341//668 521//668 523//668
f 1341//668 523//668 1339//668
f 1339//668 523//668 525//668
f 1339//668 525//668 1337//668
f 1337//668 525//668 527//668
f 1337//668 527//668 1335//668
f 1335//668 527//668 529//668
f 1335//668 529//668 1333//668
f 1333//668 529//668 531//668
f 1333//668 531//668 1331//668
f 1331//668 531//668 533//668
f 1331//668 533//668 1329//668
f 1329//668 533//668 535//668
f 1329//668 535//668 1327//668
f 1327//668 535//668 537//668
f 1327//668 537//668 1325//668
f 1325//668 537//668 539//668
f 1325//668 539//668 1323//668
f 1323//668 539//668 541//668
f 1323//668 541//668 1321//668
f 1321//668 541//668 543//668
f 1321//668 543//668 1319//668
f 1319//668 543//668 545//668
f 1319//668 545//668 1317//668
f 1317//668 545//668 547//668
f 1317//668 547//668 1315//668
f 1315//668 547//668 549//668
f 1315//668 549//668 1313//668
f 1313//668 549//668 551//668
f 1313//668 551//668 1311//668
f 1311//668 551//668 553//668
f 1311//668 553//668 1309//668
f 1309//668 553//668 555//668
f 1309//668 555//668 1307//668
f 1307//668 555//668 557//668
f 1307//668 557//668 1305//668
f 1305//668 557//668 559//668
f 1305//668 559//668 561//668
f 799//668 800//668 521//668
f 521//668 800//668 602//668
f 703//668 705//668 95//668
f 95//668 705//668 93//668
f 93//668 705//668 707//668
f 93//668 707//668 91//668
f 91//668 707//668 709//668
f 91//668 709//668 89//668
f 89//668 709//668 711//668
f 89//668 711//668 87//668
f 87//668 711//668 713//668
f 87//668 713//668 85//668
f 85//668 713//668 715//668
f 85//668 715//668 83//668
f 83//668 715//668 717//668
f 83//668 717//668 81//668
f 81//668 717//668 719//668
f 81//668 719//668 79//668
f 79//668 719//668 721//668
f 79//668 721//668 77//668
f 77//668 721//668 723//668
f 77//668 723//668 75//668
f 75//668 723//668 725//668
f 75//668 725//668 73//668
f 73//668 725//668 727//668
f 73//668 727//668 71//668
f 71//668 727//668 729//668
f 71//668 729//668 69//668
f 69//668 729//668 731//668
f 69//668 731//668 67//668
f 67//668 731//668 733//668
f 67//668 733//668 65//668
f 65//668 733//668 735//668
f 65//668 735//668 63//668
f 63//668 735//668 737//668
f 63//668 737//668 61//668
f 61//668 737//668 739//668
f 61//668 739//668 59//668
f 59//668 739//668 741//668
f 59//668 741//668 57//668
f 57//668 741//668 743//668
f 57//668 743//668 55//668
f 55//668 743//668 745//668
f 55//668 745//668 53//668
f 53//668 745//668 747//668
f 53//668 747//668 51//668
f 51//668 747//668 749//668
f 51//668 749//668 49//668
f 49//668 749//668 751//668
f 702//668 699//668 217//668
f 217//668 699//668 282//668
f 282//668 699//668 288//668
f 282//668 288//668 216//668
f 216//668 288//668 285//668
f 216//668 285//668 694//668
f 694//668 285//668 286//668
f 699//668 700//668 288//668
f 288//668 700//668 290//668
f 696//668 358//668 691//668
f 691//668 358//668 291//668
f 691//668 291//668 603//668
f 603//668 291//668 363//668
f 603//668 363//668 599//668
f 599//668 363//668 364//668
f 599//668 364//668 960//668
f 960//668 364//668 964//668
f 960//668 964//668 959//668
f 959//668 964//668 962//668
f 694//668 647//668 216//668
f 216//668 647//668 215//668
f 625//668 671//668 623//668
f 623//668 671//668 673//668
f 623//668 673//668 621//668
f 621//668 673//668 675//668
f 621//668 675//668 619//668
f 619//668 675//668 677//668
f 619//668 677//668 617//668
f 617//668 677//668 679//668
f 617//668 679//668 615//668
f 615//668 679//668 681//668
f 615//668 681//668 613//668
f 613//668 681//668 683//668
f 613//668 683//668 611//668
f 611//668 683//668 685//668
f 611//668 685//668 609//668
f 609//668 685//668 687//668
f 609//668 687//668 607//668
f 607//668 687//668 689//668
f 607//668 689//668 605//668
f 605//668 689//668 691//668
f 605//668 691//668 603//668
f 1305//668 561//668 1303//668
f 1303//668 561//668 563//668
f 1303//668 563//668 1301//668
f 1301//668 563//668 565//668
f 1301//668 565//668 1299//668
f 1299//668 565//668 567//668
f 1299//668 567//668 1297//668
f 1297//668 567//668 569//668
f 1297//668 569//668 1295//668
f 1295//668 569//668 571//668
f 1295//668 571//668 1293//668
f 1293//668 571//668 573//668
f 1293//668 573//668 1291//668
f 1291//668 573//668 575//668
f 1291//668 575//668 1289//668
f 1289//668 575//668 577//668
f 1289//668 577//668 1287//668
f 1287//668 577//668 579//668
f 1287//668 579//668 1285//668
f 1285//668 579//668 581//668
f 1285//668 581//668 1283//668
f 1283//668 581//668 583//668
f 1283//668 583//668 1281//668
f 1281//668 583//668 585//668
f 1281//668 585//668 1279//668
f 1279//668 585//668 587//668
f 1279//668 587//668 1277//668
f 1277//668 587//668 589//668
f 1277//668 589//668 1275//668
f 1275//668 589//668 591//668
f 1275//668 591//668 1273//668
f 1273//668 591//668 593//668
f 1273//668 593//668 1271//668
f 1271//668 593//668 595//668
f 1271//668 595//668 1269//668
f 1269//668 595//668 597//668
f 1269//668 597//668 1267//668
f 1267//668 597//668 599//668
f 1267//668 599//668 960//668
f 364//668 431//668 964//668
f 964//668 431//668 1259//668
f 1259//668 431//668 433//668
f 1259//668 433//668 1257//668
f 1257//668 433//668 435//668
f 1257//668 435//668 1255//668
f 1255//668 435//668 437//668
f 1255//668 437//668 1253//668
f 1253//668 437//668 439//668
f 1253//668 439//668 1251//668
f 1251//668 439//668 441//668
f 1251//668 441//668 1249//668
f 1249//668 441//668 443//668
f 1249//668 443//668 1247//668
f 1247//668 443//668 445//668
f 1247//668 445//668 1245//668
f 1245//668 445//668 447//668
f 1245//668 447//668 1243//668
f 1243//668 447//668 449//668
f 1243//668 449//668 1241//668
f 1241//668 449//668 451//668
f 1241//668 451//668 1239//668
f 1239//668 451//668 453//668
f 1239//668 453//668 1237//668
f 1237//668 453//668 455//668
f 1237//668 455//668 1235//668
f 1235//668 455//668 457//668
f 1235//668 457//668 1233//668
f 1233//668 457//668 459//668
f 1233//668 459//668 1231//668
f 1231//668 459//668 461//668
f 1231//668 461//668 1229//668
f 1229//668 461//668 463//668
f 1229//668 463//668 1227//668
f 1227//668 463//668 465//668
f 1227//668 465//668 1225//668
f 1225//668 465//668 467//668
f 1225//668 467//668 1223//668
f 1223//668 467//668 469//668
f 1223//668 469//668 1221//668
f 1221//668 469//668 471//668
f 1221//668 471//668 1219//668
f 1219//668 471//668 473//668
f 1219//668 473//668 1217//668
f 1217//668 473//668 475//668
f 1217//668 475//668 1215//668
f 1215//668 475//668 477//668
f 1215//668 477//668 1213//668
f 1213//668 477//668 479//668
f 1213//668 479//668 1211//668
f 1211//668 479//668 481//668
f 1211//668 481//668 1209//668
f 1209//668 481//668 483//668
f 1209//668 483//668 1207//668
f 1207//668 483//668 485//668
f 1207//668 485//668 1205//668
f 1205//668 485//668 487//668
f 1205//668 487//668 1203//668
f 1203//668 487//668 489//668
f 1203//668 489//668 1201//668
f 1201//668 489//668 491//668
f 1201//668 491//668 1199//668
f 1199//668 491//668 493//668
f 1199//668 493//668 1197//668
f 1197//668 493//668 495//668
f 1197//668 495//668 1195//668
f 1195//668 495//668 497//668
f 1195//668 497//668 1193//668
f 1193//668 497//668 499//668
f 1193//668 499//668 1191//668
f 1191//668 499//668 501//668
f 1191//668 501//668 1189//668
f 1189//668 501//668 503//668
f 1189//668 503//668 1187//668
f 1187//668 503//668 505//668
f 1187//668 505//668 1185//668
f 1185//668 505//668 507//668
f 1185//668 507//668 1183//668
f 1183//668 507//668 509//668
f 1183//668 509//668 1181//668
f 1181//668 509//668 511//668
f 1181//668 511//668 1179//668
f 1179//668 511//668 513//668
f 1179//668 513//668 1177//668
f 1177//668 513//668 515//668
f 1177//668 515//668 1175//668
f 1175//668 515//668 517//668
f 1175//668 517//668 1173//668
f 1173//668 517//668 519//668
f 1173//668 519//668 1171//668
f 1171//668 519//668 430//668
f 1171//668 430//668 1169//668
f 365//668 367//668 355//668
f 355//668 367//668 353//668
f 353//668 367//668 369//668
f 353//668 369//668 351//668
f 351//668 369//668 371//668
f 351//668 371//668 349//668
f 349//668 371//668 373//668
f 349//668 373//668 347//668
f 347//668 373//668 375//668
f 347//668 375//668 345//668
f 345//668 375//668 377//668
f 345//668 377//668 343//668
f 343//668 377//668 379//668
f 343//668 379//668 341//668
f 341//668 379//668 381//668
f 341//668 381//668 339//668
f 339//668 381//668 383//668
f 339//668 383//668 337//668
f 337//668 383//668 385//668
f 337//668 385//668 335//668
f 335//668 385//668 387//668
f 335//668 387//668 333//668
f 333//668 387//668 389//668
f 333//668 389//668 331//668
f 331//668 389//668 391//668
f 331//668 391//668 329//668
f 329//668 391//668 393//668
f 329//668 393//668 327//668
f 327//668 393//668 395//668
f 327//668 395//668 325//668
f 325//668 395//668 397//668
f 325//668 397//668 323//668
f 323//668 397//668 399//668
f 323//668 399//668 321//668
f 321//668 399//668 401//668
f 321//668 401//668 319//668
f 319//668 401//668 403//668
f 319//668 403//668 317//668
f 317//668 403//668 405//668
f 317//668 405//668 315//668
f 315//668 405//668 407//668
f 315//668 407//668 313//668
f 313//668 407//668 409//668
f 313//668 409//668 311//668
f 311//668 409//668 411//668
f 311//668 411//668 309//668
f 309//668 411//668 413//668
f 309//668 413//668 307//668
f 307//668 413//668 415//668
f 307//668 415//668 305//668
f 305//668 415//668 417//668
f 305//668 417//668 303//668
f 303//668 417//668 419//668
f 303//668 419//668 301//668
f 301//668 419//668 421//668
f 301//668 421//668 299//668
f 299//668 421//668 423//668
f 299//668 423//668 297//668
f 297//668 423//668 425//668
f 297//668 425//668 295//668
f 295//668 425//668 427//668
f 295//668 427//668 293//668
f 293//668 427//668 363//668
f 293//668 363//668 291//668
f 1266//668 1264//668 965//668
f 965//668 1264//668 1262//668
f 956//669 218//669 893//669
f 893//669 218//669 701//669
f 893//669 701//669 2//669
f 2//669 701//669 796//669
f 2//669 796//669 4//669
f 4//669 796//669 794//669
f 4//669 794//669 6//669
f 6//669 794//669 792//669
f 6//669 792//669 8//669
f 8//669 792//669 790//669
f 8//669 790//669 10//669
f 10//669 790//669 788//669
f 10//669 788//669 12//669
f 12//669 788//669 786//669
f 12//669 786//669 14//669
f 14//669 786//669 784//669
f 14//669 784//669 16//669
f 16//669 784//669 782//669
f 16//669 782//669 18//669
f 18//669 782//669 780//669
f 18//669 780//669 20//669
f 20//669 780//669 778//669
f 20//669 778//669 22//669
f 22//669 778//669 776//669
f 22//669 776//669 24//669
f 24//669 776//669 774//669
f 24//669 774//669 26//669
f 26//669 774//669 772//669
f 26//669 772//669 28//669
f 28//669 772//669 770//669
f 28//669 770//669 30//669
f 30//669 770//669 768//669
f 30//669 768//669 32//669
f 32//669 768//669 766//669
f 32//669 766//669 34//669
f 34//669 766//669 764//669
f 34//669 764//669 36//669
f 36//669 764//669 762//669
f 36//669 762//669 38//669
f 38//669 762//669 760//669
f 38//669 760//669 40//669
f 40//669 760//669 758//669
f 40//669 758//669 42//669
f 42//669 758//669 756//669
f 42//669 756//669 44//669
f 44//669 756//669 754//669
f 44//669 754//669 46//669
f 46//669 754//669 752//669
f 46//669 752//669 48//669
f 48//669 752//669 750//669
f 48//669 750//669 50//669
f 50//669 750//669 52//669
f 52//669 750//669 748//669
f 52//669 748//669 54//669
f 54//669 748//669 746//669
f 54//669 746//669 56//669
f 56//669 746//669 744//669
f 56//669 744//669 58//669
f 58//669 744//669 742//669
f 58//669 742//669 60//669
f 60//669 742//669 740//669
f 60//669 740//669 62//669
f 62//669 740//669 738//669
f 62//669 738//669 64//669
f 64//669 738//669 736//669
f 64//669 736//669 66//669
f 66//669 736//669 734//669
f 66//669 734//669 68//669
f 68//669 734//669 732//669
f 68//669 732//669 70//669
f 70//669 732//669 730//669
f 70//669 730//669 72//669
f 72//669 730//669 728//669
f 72//669 728//669 74//669
f 74//669 728//669 726//669
f 74//669 726//669 76//669
f 76//669 726//669 724//669
f 76//669 724//669 78//669
f 78//669 724//669 722//669
f 78//669 722//669 80//669
f 80//669 722//669 720//669
f 80//669 720//669 82//669
f 82//669 720//669 718//669
f 82//669 718//669 84//669
f 84//669 718//669 716//669
f 84//669 716//669 86//669
f 86//669 716//669 714//669
f 86//669 714//669 88//669
f 88//669 714//669 712//669
f 88//669 712//669 90//669
f 90//669 712//669 710//669
f 90//669 710//669 92//669
f 92//669 710//669 708//669
f 92//669 708//669 94//669
f 94//669 708//669 706//669
f 94//669 706//669 96//669
f 96//669 706//669 704//669
f 96//669 704//669 366//669
f 366//669 704//669 356//669
f 366//669 356//669 368//669
f 368//669 356//669 354//669
f 368//669 354//669 370//669
f 370//669 354//669 352//669
f 370//669 352//669 372//669
f 372//669 352//669 350//669
f 372//669 350//669 374//669
f 374//669 350//669 348//669
f 374//669 348//669 376//669
f 376//669 348//669 346//669
f 376//669 346//669 378//669
f 378//669 346//669 344//669
f 378//669 344//669 380//669
f 380//669 344//669 342//669
f 380//669 342//669 382//669
f 382//669 342//669 340//669
f 382//669 340//669 384//669
f 384//669 340//669 338//669
f 384//669 338//669 386//669
f 386//669 338//669 336//669
f 386//669 336//669 388//669
f 388//669 336//669 334//669
f 388//669 334//669 390//669
f 390//669 334//669 332//669
f 390//669 332//669 392//669
f 392//669 332//669 330//669
f 392//669 330//669 394//669
f 394//669 330//669 328//669
f 394//669 328//669 396//669
f 396//669 328//669 326//669
f 396//669 326//669 398//669
f 398//669 326//669 324//669
f 398//669 324//669 400//669
f 400//669 324//669 322//669
f 400//669 322//669 402//669
f 402//669 322//669 320//669
f 402//669 320//669 404//669
f 404//669 320//669 318//669
f 404//669 318//669 406//669
f 406//669 318//669 316//669
f 406//669 316//669 408//669
f 408//669 316//669 314//669
f 408//669 314//669 410//669
f 410//669 314//669 312//669
f 410//669 312//669 412//669
f 412//669 312//669 310//669
f 412//669 310//669 414//669
f 414//669 310//669 308//669
f 414//669 308//669 416//669
f 416//669 308//669 306//669
f 416//669 306//669 418//669
f 418//669 306//669 304//669
f 418//669 304//669 420//669
f 420//669 304//669 302//669
f 420//669 302//669 422//669
f 422//669 302//669 300//669
f 422//669 300//669 424//669
f 424//669 300//669 298//669
f 424//669 298//669 426//669
f 426//669 298//669 296//669
f 426//669 296//669 428//669
f 428//669 296//669 294//669
f 428//669 294//669 361//669
f 361//669 294//669 292//669
f 361//669 292//669 604//669
f 604//669 292//669 692//669
f 604//669 692//669 606//669
f 606//669 692//669 690//669
f 606//669 690//669 608//669
f 608//669 690//669 688//669
f 608//669 688//669 610//669
f 610//669 688//669 686//669
f 610//669 686//669 612//669
f 612//669 686//669 684//669
f 612//669 684//669 614//669
f 614//669 684//669 682//669
f 614//669 682//669 616//669
f 616//669 682//669 680//669
f 616//669 680//669 618//669
f 618//669 680//669 678//669
f 618//669 678//669 620//669
f 620//669 678//669 676//669
f 620//669 676//669 622//669
f 622//669 676//669 674//669
f 622//669 674//669 624//669
f 624//669 674//669 672//669
f 624//669 672//669 626//669
f 626//669 672//669 670//669
f 626//669 670//669 668//669
f 218//669 956//669 220//669
f 220//669 956//669 954//669
f 220//669 954//669 222//669
f 222//669 954//669 952//669
f 222//669 952//669 224//669
f 224//669 952//669 950//669
f 224//669 950//669 226//669
f 226//669 950//669 948//669
f 226//669 948//669 228//669
f 228//669 948//669 946//669
f 228//669 946//669 230//669
f 230//669 946//669 944//669
f 230//669 944//669 232//669
f 232//669 944//669 942//669
f 232//669 942//669 234//669
f 234//669 942//669 940//669
f 234//669 940//669 236//669
f 236//669 940//669 938//669
f 236//669 938//669 238//669
f 238//669 938//669 936//669
f 238//669 936//669 240//669
f 240//669 936//669 934//669
f 240//669 934//669 242//669
f 242//669 934//669 932//669
f 242//669 932//669 244//669
f 244//669 932//669 930//669
f 244//669 930//669 246//669
f 246//669 930//669 928//669
f 246//669 928//669 248//669
f 248//669 928//669 926//669
f 248//669 926//669 250//669
f 250//669 926//669 924//669
f 250//669 924//669 252//669
f 252//669 924//669 922//669
f 252//669 922//669 254//669
f 254//669 922//669 920//669
f 254//669 920//669 256//669
f 256//669 920//669 918//669
f 256//669 918//669 258//669
f 258//669 918//669 916//669
f 258//669 916//669 260//669
f 260//669 916//669 914//669
f 260//669 914//669 262//669
f 262//669 914//669 912//669
f 262//669 912//669 264//669
f 264//669 912//669 910//669
f 264//669 910//669 266//669
f 266//669 910//669 908//669
f 266//669 908//669 268//669
f 268//669 908//669 906//669
f 268//669 906//669 270//669
f 270//669 906//669 904//669
f 270//669 904//669 272//669
f 272//669 904//669 902//669
f 272//669 902//669 274//669
f 274//669 902//669 900//669
f 274//669 900//669 276//669
f 276//669 900//669 898//669
f 276//669 898//669 278//669
f 278//669 898//669 896//669
f 278//669 896//669 280//669
f 280//669 896//669 798//669
f 280//669 798//669 213//669
f 213//669 798//669 601//669
f 213//669 601//669 648//669
f 648//669 601//669 646//669
f 648//669 646//669 650//669
f 650//669 646//669 644//669
f 650//669 644//669 652//669
f 652//669 644//669 642//669
f 652//669 642//669 654//669
f 654//669 642//669 640//669
f 654//669 640//669 656//669
f 656//669 640//669 638//669
f 656//669 638//669 658//669
f 658//669 638//669 636//669
f 658//669 636//669 660//669
f 660//669 636//669 634//669
f 660//669 634//669 662//669
f 662//669 634//669 632//669
f 662//669 632//669 664//669
f 664//669 632//669 630//669
f 664//669 630//669 666//669
f 666//669 630//669 628//669
f 666//669 628//669 668//669
f 668//669 628//669 626//669
f 601//669 798//669 522//669
f 522//669 798//669 797//669
f 522//669 797//669 1265//669
f 1265//669 797//669 966//669
f 1265//669 966//669 1263//669
f 1263//669 966//669 1261//669
f 797//669 892//669 966//669
f 966//669 892//669 968//669
f 968//669 892//669 890//669
f 968//669 890//669 970//669
f 970//669 890//669 888//669
f 970//669 888//669 972//669
f 972//669 888//669 886//669
f 972//669 886//669 974//669
f 974//669 886//669 884//669
f 974//669 884//669 976//669
f 976//669 884//669 882//669
f 976//669 882//669 978//669
f 978//669 882//669 880//669
f 978//669 880//669 980//669
f 980//669 880//669 878//669
f 980//669 878//669 982//669
f 982//669 878//669 876//669
f 982//669 876//669 984//669
f 984//669 876//669 874//669
f 984//669 874//669 986//669
f 986//669 874//669 872//669
f 986//669 872//669 988//669
f 988//669 872//669 870//669
f 988//669 870//669 990//669
f 990//669 870//669 868//669
f 990//669 868//669 992//669
f 992//669 868//669 866//669
f 992//669 866//669 994//669
f 994//669 866//669 864//669
f 994//669 864//669 996//669
f 996//669 864//669 862//669
f 996//669 862//669 998//669
f 998//669 862//669 860//669
f 998//669 860//669 1000//669
f 1000//669 860//669 858//669
f 1000//669 858//669 1002//669
f 1002//669 858//669 856//669
f 1002//669 856//669 1004//669
f 1004//669 856//669 854//669
f 1004//669 854//669 1006//669
f 1006//669 854//669 852//669
f 1006//669 852//669 1008//669
f 1008//669 852//669 850//669
f 1008//669 850//669 1010//669
f 1010//669 850//669 848//669
f 1010//669 848//669 1012//669
f 1012//669 848//669 846//669
f 1012//669 846//669 1014//669
f 1014//669 846//669 844//669
f 1014//669 844//669 1016//669
f 1016//669 844//669 842//669
f 1016//669 842//669 1018//669
f 1018//669 842//669 840//669
f 1018//669 840//669 1020//669
f 1020//669 840//669 838//669
f 1020//669 838//669 1022//669
f 1022//669 838//669 836//669
f 1022//669 836//669 1024//669
f 1024//669 836//669 834//669
f 1024//669 834//669 1026//669
f 1026//669 834//669 832//669
f 1026//669 832//669 1028//669
f 1028//669 832//669 830//669
f 1028//669 830//669 1030//669
f 1030//669 830//669 828//669
f 1030//669 828//669 1032//669
f 1032//669 828//669 826//669
f 1032//669 826//669 1034//669
f 1034//669 826//669 824//669
f 1034//669 824//669 1036//669
f 1036//669 824//669 822//669
f 1036//669 822//669 1038//669
f 1038//669 822//669 820//669
f 1038//669 820//669 1040//669
f 1040//669 820//669 818//669
f 1040//669 818//669 1042//669
f 1042//669 818//669 816//669
f 1042//669 816//669 1044//669
f 1044//669 816//669 814//669
f 1044//669 814//669 1046//669
f 1046//669 814//669 812//669
f 1046//669 812//669 1048//669
f 1048//669 812//669 810//669
f 1048//669 810//669 1050//669
f 1050//669 810//669 808//669
f 1050//669 808//669 1052//669
f 1052//669 808//669 806//669
f 1052//669 806//669 1054//669
f 1054//669 806//669 804//669
f 1054//669 804//669 1056//669
f 1056//669 804//669 802//669
f 1056//669 802//669 1058//669
f 1058//669 802//669 97//669
f 1058//669 97//669 212//669
f 97//669 802//669 2//669
f 2//669 802//669 893//669
f 704//669 698//669 356//669
f 356//669 698//669 359//669
f 359//669 698//669 289//669
f 359//669 289//669 357//669
f 357//669 289//669 284//669
f 357//669 284//669 695//669
f 695//669 284//669 283//669
f 695//669 283//669 693//669
f 693//669 283//669 214//669
f 693//669 214//669 648//669
f 648//669 214//669 213//669
f 698//669 697//669 289//669
f 289//669 697//669 287//669
f 287//669 697//669 281//669
f 287//669 281//669 214//669
f 281//669 697//669 218//669
f 218//669 697//669 701//669
f 695//669 692//669 357//669
f 357//669 692//669 292//669
f 604//669 600//669 361//669
f 361//669 600//669 362//669
f 362//669 600//669 958//669
f 362//669 958//669 963//669
f 963//669 958//669 957//669
f 963//669 957//669 961//669
f 958//669 600//669 1268//669
f 1268//669 600//669 598//669
f 1268//669 598//669 1270//669
f 1270//669 598//669 596//669
f 1270//669 596//669 1272//669
f 1272//669 596//669 594//669
f 1272//669 594//669 1274//669
f 1274//669 594//669 592//669
f 1274//669 592//669 1276//669
f 1276//669 592//669 590//669
f 1276//669 590//669 1278//669
f 1278//669 590//669 588//669
f 1278//669 588//669 1280//669
f 1280//669 588//669 586//669
f 1280//669 586//669 1282//669
f 1282//669 586//669 584//669
f 1282//669 584//669 1284//669
f 1284//669 584//669 582//669
f 1284//669 582//669 1286//669
f 1286//669 582//669 580//669
f 1286//669 580//669 1288//669
f 1288//669 580//669 578//669
f 1288//669 578//669 1290//669
f 1290//669 578//669 576//669
f 1290//669 576//669 1292//669
f 1292//669 576//669 574//669
f 1292//669 574//669 1294//669
f 1294//669 574//669 572//669
f 1294//669 572//669 1296//669
f 1296//669 572//669 570//669
f 1296//669 570//669 1298//669
f 1298//669 570//669 568//669
f 1298//669 568//669 1300//669
f 1300//669 568//669 566//669
f 1300//669 566//669 1302//669
f 1302//669 566//669 564//669
f 1302//669 564//669 1304//669
f 1304//669 564//669 562//669
f 1304//669 562//669 560//669
f 1304//669 560//669 1306//669
f 1306//669 560//669 558//669
f 1306//669 558//669 1308//669
f 1308//669 558//669 556//669
f 1308//669 556//669 1310//669
f 1310//669 556//669 554//669
f 1310//669 554//669 1312//669
f 1312//669 554//669 552//669
f 1312//669 552//669 1314//669
f 1314//669 552//669 550//669
f 1314//669 550//669 1316//669
f 1316//669 550//669 548//669
f 1316//669 548//669 1318//669
f 1318//669 548//669 546//669
f 1318//669 546//669 1320//669
f 1320//669 546//669 544//669
f 1320//669 544//669 1322//669
f 1322//669 544//669 542//669
f 1322//669 542//669 1324//669
f 1324//669 542//669 540//669
f 1324//669 540//669 1326//669
f 1326//669 540//669 538//669
f 1326//669 538//669 1328//669
f 1328//669 538//669 536//669
f 1328//669 536//669 1330//669
f 1330//669 536//669 534//669
f 1330//669 534//669 1332//669
f 1332//669 534//669 532//669
f 1332//669 532//669 1334//669
f 1334//669 532//669 530//669
f 1334//669 530//669 1336//669
f 1336//669 530//669 528//669
f 1336//669 528//669 1338//669
f 1338//669 528//669 526//669
f 1338//669 526//669 1340//669
f 1340//669 526//669 524//669
f 1340//669 524//669 1342//669
f 1342//669 524//669 522//669
f 1342//669 522//669 1265//669
f 520//669 1172//669 429//669
f 429//669 1172//669 1170//669
f 429//669 1170//669 100//669
f 100//669 1170//669 102//669
f 102//669 1170//669 1168//669
f 102//669 1168//669 104//669
f 104//669 1168//669 1166//669
f 104//669 1166//669 106//669
f 106//669 1166//669 1164//669
f 106//669 1164//669 108//669
f 108//669 1164//669 1162//669
f 108//669 1162//669 110//669
f 110//669 1162//669 1160//669
f 110//669 1160//669 112//669
f 112//669 1160//669 1158//669
f 112//669 1158//669 114//669
f 114//669 1158//669 1156//669
f 114//669 1156//669 116//669
f 116//669 1156//669 1154//669
f 116//669 1154//669 118//669
f 118//669 1154//669 1152//669
f 118//669 1152//669 120//669
f 120//669 1152//669 1150//669
f 120//669 1150//669 122//669
f 122//669 1150//669 1148//669
f 122//669 1148//669 124//669
f 124//669 1148//669 1146//669
f 124//669 1146//669 126//669
f 126//669 1146//669 1144//669
f 126//669 1144//669 128//669
f 128//669 1144//669 1142//669
f 128//669 1142//669 130//669
f 130//669 1142//669 1140//669
f 130//669 1140//669 132//669
f 132//669 1140//669 1138//669
f 132//669 1138//669 134//669
f 134//669 1138//669 1136//669
f 134//669 1136//669 136//669
f 136//669 1136//669 1134//669
f 136//669 1134//669 138//669
f 138//669 1134//669 1132//669
f 138//669 1132//669 140//669
f 140//669 1132//669 1130//669
f 140//669 1130//669 142//669
f 142//669 1130//669 1128//669
f 142//669 1128//669 144//669
f 144//669 1128//669 1126//669
f 144//669 1126//669 146//669
f 146//669 1126//669 1124//669
f 146//669 1124//669 148//669
f 148//669 1124//669 1122//669
f 148//669 1122//669 150//669
f 150//669 1122//669 1120//669
f 150//669 1120//669 152//669
f 152//669 1120//669 1118//669
f 152//669 1118//669 154//669
f 154//669 1118//669 1116//669
f 154//669 1116//669 156//669
f 156//669 1116//669 1114//669
f 156//669 1114//669 158//669
f 158//669 1114//669 1112//669
f 158//669 1112//669 160//669
f 160//669 1112//669 1110//669
f 160//669 1110//669 162//669
f 162//669 1110//669 1108//669
f 162//669 1108//669 164//669
f 164//669 1108//669 1106//669
f 164//669 1106//669 166//669
f 166//669 1106//669 1104//669
f 166//669 1104//669 168//669
f 168//669 1104//669 1102//669
f 168//669 1102//669 170//669
f 170//669 1102//669 1100//669
f 170//669 1100//669 172//669
f 172//669 1100//669 1098//669
f 172//669 1098//669 174//669
f 174//669 1098//669 1096//669
f 174//669 1096//669 176//669
f 176//669 1096//669 1094//669
f 176//669 1094//669 178//669
f 178//669 1094//669 1092//669
f 178//669 1092//669 180//669
f 180//669 1092//669 1090//669
f 180//669 1090//669 182//669
f 182//669 1090//669 1088//669
f 182//669 1088//669 184//669
f 184//669 1088//669 1086//669
f 184//669 1086//669 186//669
f 186//669 1086//669 1084//669
f 186//669 1084//669 188//669
f 188//669 1084//669 1082//669
f 188//669 1082//669 190//669
f 190//669 1082//669 1080//669
f 190//669 1080//669 192//669
f 192//669 1080//669 1078//669
f 192//669 1078//669 194//669
f 194//669 1078//669 1076//669
f 194//669 1076//669 196//669
f 196//669 1076//669 1074//669
f 196//669 1074//669 198//669
f 198//669 1074//669 1072//669
f 198//669 1072//669 200//669
f 200//669 1072//669 1070//669
f 200//669 1070//669 202//669
f 202//669 1070//669 1068//669
f 202//669 1068//669 204//669
f 204//669 1068//669 1066//669
f 204//669 1066//669 206//669
f 206//669 1066//669 1064//669
f 206//669 1064//669 208//669
f 208//669 1064//669 1062//669
f 208//669 1062//669 210//669
f 210//669 1062//669 1060//669
f 210//669 1060//669 212//669
f 212//669 1060//669 1058//669
f 1172//669 520//669 1174//669
f 1174//669 520//669 518//669
f 1174//669 518//669 1176//669
f 1176//669 518//669 516//669
f 1176//669 516//669 1178//669
f 1178//669 516//669 514//669
f 1178//669 514//669 1180//669
f 1180//669 514//669 512//669
f 1180//669 512//669 1182//669
f 1182//669 512//669 510//669
f 1182//669 510//669 1184//669
f 1184//669 510//669 508//669
f 1184//669 508//669 1186//669
f 1186//669 508//669 506//669
f 1186//669 506//669 1188//669
f 1188//669 506//669 504//669
f 1188//669 504//669 1190//669
f 1190//669 504//669 502//669
f 1190//669 502//669 1192//669
f 1192//669 502//669 500//669
f 1192//669 500//669 1194//669
f 1194//669 500//669 498//669
f 1194//669 498//669 1196//669
f 1196//669 498//669 496//669
f 1196//669 496//669 1198//669
f 1198//669 496//669 494//669
f 1198//669 494//669 1200//669
f 1200//669 494//669 492//669
f 1200//669 492//669 1202//669
f 1202//669 492//669 490//669
f 1202//669 490//669 1204//669
f 1204//669 490//669 488//669
f 1204//669 488//669 1206//669
f 1206//669 488//669 486//669
f 1206//669 486//669 1208//669
f 1208//669 486//669 484//669
f 1208//669 484//669 1210//669
f 1210//669 484//669 482//669
f 1210//669 482//669 1212//669
f 1212//669 482//669 480//669
f 1212//669 480//669 1214//669
f 1214//669 480//669 478//669
f 1214//669 478//669 1216//669
f 1216//669 478//669 476//669
f 1216//669 476//669 1218//669
f 1218//669 476//669 474//669
f 1218//669 474//669 1220//669
f 1220//669 474//669 472//669
f 1220//669 472//669 1222//669
f 1222//669 472//669 470//669
f 1222//669 470//669 1224//669
f 1224//669 470//669 468//669
f 1224//669 468//669 1226//669
f 1226//669 468//669 466//669
f 1226//669 466//669 1228//669
f 1228//669 466//669 464//669
f 1228//669 464//669 1230//669
f 1230//669 464//669 462//669
f 1230//669 462//669 1232//669
f 1232//669 462//669 460//669
f 1232//669 460//669 1234//669
f 1234//669 460//669 458//669
f 1234//669 458//669 1236//669
f 1236//669 458//669 456//669
f 1236//669 456//669 1238//669
f 1238//669 456//669 454//669
f 1238//669 454//669 1240//669
f 1240//669 454//669 452//669
f 1240//669 452//669 1242//669
f 1242//669 452//669 450//669
f 1242//669 450//669 1244//669
f 1244//669 450//669 448//669
f 1244//669 448//669 1246//669
f 1246//669 448//669 446//669
f 1246//669 446//669 1248//669
f 1248//669 446//669 444//669
f 1248//669 444//669 1250//669
f 1250//669 444//669 442//669
f 1250//669 442//669 1252//669
f 1252//669 442//669 440//669
f 1252//669 440//669 1254//669
f 1254//669 440//669 438//669
f 1254//669 438//669 1256//669
f 1256//669 438//669 436//669
f 1256//669 436//669 1258//669
f 1258//669 436//669 434//669
f 1258//669 434//669 1260//669
f 1260//669 434//669 432//669
f 1260//669 432//669 963//669
f 963//669 432//669 362//669
f 366//669 429//669 96//669
f 96//669 429//669 100//669
f 283//669 287//669 214//669
