# Blender v2.81 (sub 16) OBJ File: ''
# www.blender.org
mtllib Attack Infantry.mtl
o Attack_Infantry_Attack_Infantry.002
v -5.515205 -0.199950 4.833885
v -5.394357 -0.199950 5.091138
v -5.515205 0.199948 4.833885
v -5.394357 0.199948 5.091138
v -5.261517 -0.199950 5.342409
v -5.261517 0.199948 5.342409
v -5.116992 -0.199950 5.587135
v -5.116992 0.199948 5.587135
v -4.961090 -0.199950 5.824780
v -4.961090 0.199948 5.824780
v -4.794155 -0.199950 6.054814
v -4.794155 0.199948 6.054814
v -4.616536 -0.199950 6.276723
v -4.616536 0.199948 6.276723
v -4.428691 -0.199950 6.490013
v -4.428691 0.199948 6.490013
v -4.231008 -0.199950 6.694212
v -4.231008 0.199948 6.694212
v -4.023868 -0.199950 6.888869
v -4.023868 0.199948 6.888869
v -3.807849 -0.199950 7.073547
v -3.807849 0.199948 7.073547
v -3.583336 -0.199950 7.247832
v -3.583336 0.199948 7.247832
v -3.350827 -0.199950 7.411345
v -3.350827 0.199948 7.411345
v -3.110900 -0.199950 7.563722
v -3.110900 0.199948 7.563722
v -2.864093 -0.199950 7.704614
v -2.864093 0.199948 7.704614
v -2.610867 -0.199950 7.833715
v -2.610867 0.199948 7.833715
v -2.351836 -0.199950 7.950743
v -2.351836 0.199948 7.950743
v -2.087617 -0.199950 8.055428
v -2.087617 0.199948 8.055428
v -1.818747 -0.199950 8.147549
v -1.818747 0.199948 8.147549
v -1.545802 -0.199950 8.226889
v -1.545802 0.199948 8.226889
v -1.269436 -0.199950 8.293274
v -1.269436 0.199948 8.293274
v -0.990265 -0.199950 8.346563
v -0.990265 0.199948 8.346563
v -0.708864 -0.199950 8.386635
v -0.708864 0.199948 8.386635
v -0.425925 -0.199950 8.413397
v -0.425925 0.199948 8.413397
v -0.142026 -0.199950 8.426792
v -0.142026 0.199948 8.426792
v 0.142219 -0.199950 8.426792
v 0.142219 0.199948 8.426792
v 0.426119 -0.199950 8.413397
v 0.426119 0.199948 8.413397
v 0.709096 -0.199950 8.386635
v 0.709096 0.199948 8.386635
v 0.990458 -0.199950 8.346563
v 0.990458 0.199948 8.346563
v 1.269630 -0.199950 8.293274
v 1.269630 0.199948 8.293274
v 1.545995 -0.199950 8.226889
v 1.545995 0.199948 8.226889
v 1.818940 -0.199950 8.147549
v 1.818940 0.199948 8.147549
v 2.087810 -0.199950 8.055428
v 2.087810 0.199948 8.055428
v 2.352068 -0.199950 7.950743
v 2.352068 0.199948 7.950743
v 2.611060 -0.199950 7.833715
v 2.611060 0.199948 7.833715
v 2.864286 -0.199950 7.704613
v 2.864286 0.199948 7.704613
v 3.111132 -0.199950 7.563721
v 3.111132 0.199948 7.563721
v 3.351059 -0.199950 7.411345
v 3.351059 0.199948 7.411345
v 3.583529 -0.199950 7.247831
v 3.583529 0.199948 7.247831
v 3.808042 -0.199950 7.073546
v 3.808042 0.199948 7.073546
v 4.024099 -0.199950 6.888868
v 4.024099 0.199948 6.888868
v 4.231201 -0.199950 6.694211
v 4.231201 0.199948 6.694211
v 4.428885 -0.199950 6.490012
v 4.428885 0.199948 6.490012
v 4.616729 -0.199950 6.276722
v 4.616729 0.199948 6.276722
v 4.794349 -0.199950 6.054813
v 4.794349 0.199948 6.054813
v 4.961283 -0.199950 5.824779
v 4.961283 0.199948 5.824779
v 5.117185 -0.199950 5.587134
v 5.117185 0.199948 5.587134
v 5.261710 -0.199950 5.342408
v 5.261710 0.199948 5.342408
v 5.394550 -0.199950 5.091137
v 5.394550 0.199948 5.091137
v 5.515397 -0.199950 4.833884
v 5.515397 0.199948 4.833884
v -10.115981 -0.199950 8.849120
v -10.115981 0.199948 8.849120
v 10.116175 -0.199950 8.849118
v 9.894890 -0.199950 9.183750
v 10.116175 0.199948 8.849118
v 9.894890 0.199948 9.183750
v 9.662574 -0.199950 9.510796
v 9.662574 0.199948 9.510796
v 9.419418 -0.199950 9.829889
v 9.419418 0.199948 9.829889
v 9.165730 -0.199950 10.140671
v 9.165730 0.199948 10.140671
v 8.901780 -0.199950 10.442800
v 8.901780 0.199948 10.442800
v 8.627874 -0.199950 10.735938
v 8.627874 0.199948 10.735938
v 8.344359 -0.199950 11.019752
v 8.344359 0.199948 11.019752
v 8.051466 -0.199950 11.293926
v 8.051466 0.199948 11.293926
v 7.749616 -0.199950 11.558155
v 7.749616 0.199948 11.558155
v 7.439080 -0.199950 11.812140
v 7.439080 0.199948 11.812140
v 7.120202 -0.199950 12.055603
v 7.120202 0.199948 12.055603
v 6.793368 -0.199950 12.288270
v 6.793368 0.199948 12.288270
v 6.458962 -0.199950 12.509877
v 6.458962 0.199948 12.509877
v 6.117329 -0.199950 12.720179
v 6.117329 0.199948 12.720179
v 5.768855 -0.199950 12.918943
v 5.768855 0.199948 12.918943
v 5.413923 -0.199950 13.105943
v 5.413923 0.199948 13.105943
v 5.052918 -0.199950 13.280968
v 5.052918 0.199948 13.280968
v 4.686301 -0.199950 13.443828
v 4.686301 0.199948 13.443828
v 4.314418 -0.199950 13.594339
v 4.314418 0.199948 13.594339
v 3.937731 -0.199950 13.732329
v 3.937731 0.199948 13.732329
v 3.556623 -0.199950 13.857651
v 3.556623 0.199948 13.857651
v 3.171518 -0.199950 13.970161
v 3.171518 0.199948 13.970161
v 2.782914 -0.199950 14.069730
v 2.782914 0.199948 14.069730
v 2.391160 -0.199950 14.156247
v 2.391160 0.199948 14.156247
v 1.996752 -0.199950 14.229620
v 1.996752 0.199948 14.229620
v 1.600116 -0.199950 14.289764
v 1.600116 0.199948 14.289764
v 1.201673 -0.199950 14.336616
v 1.201673 0.199948 14.336616
v 0.801884 -0.199950 14.370118
v 0.801884 0.199948 14.370118
v 0.401212 -0.199950 14.390236
v 0.401212 0.199948 14.390236
v 0.000116 -0.199950 14.396943
v 0.000116 0.199948 14.396943
v -0.401017 -0.199950 14.390236
v -0.401017 0.199948 14.390236
v -0.801690 -0.199950 14.370118
v -0.801690 0.199948 14.370118
v -1.201478 -0.199950 14.336616
v -1.201478 0.199948 14.336616
v -1.599921 -0.199950 14.289764
v -1.599921 0.199948 14.289764
v -1.996558 -0.199950 14.229620
v -1.996558 0.199948 14.229620
v -2.390965 -0.199950 14.156247
v -2.390965 0.199948 14.156247
v -2.782720 -0.199950 14.069730
v -2.782720 0.199948 14.069730
v -3.171324 -0.199950 13.970161
v -3.171324 0.199948 13.970161
v -3.556429 -0.199950 13.857651
v -3.556429 0.199948 13.857651
v -3.937498 -0.199950 13.732329
v -3.937498 0.199948 13.732329
v -4.314224 -0.199950 13.594339
v -4.314224 0.199948 13.594339
v -4.686107 -0.199950 13.443828
v -4.686107 0.199948 13.443828
v -5.052724 -0.199950 13.280968
v -5.052724 0.199948 13.280968
v -5.413729 -0.199950 13.105943
v -5.413729 0.199948 13.105943
v -5.768661 -0.199950 12.918945
v -5.768661 0.199948 12.918945
v -6.117135 -0.199950 12.720181
v -6.117135 0.199948 12.720181
v -6.458768 -0.199950 12.509879
v -6.458768 0.199948 12.509879
v -6.793174 -0.199950 12.288272
v -6.793174 0.199948 12.288272
v -7.120008 -0.199950 12.055605
v -7.120008 0.199948 12.055605
v -7.438847 -0.199950 11.812142
v -7.438847 0.199948 11.812142
v -7.749384 -0.199950 11.558157
v -7.749384 0.199948 11.558157
v -8.051271 -0.199950 11.293928
v -8.051271 0.199948 11.293928
v -8.344128 -0.199950 11.019753
v -8.344128 0.199948 11.019753
v -8.627681 -0.199950 10.735940
v -8.627681 0.199948 10.735940
v -8.901587 -0.199950 10.442801
v -8.901587 0.199948 10.442801
v -9.165498 -0.199950 10.140673
v -9.165498 0.199948 10.140673
v -9.419186 -0.199950 9.829891
v -9.419186 0.199948 9.829891
v -9.662341 -0.199950 9.510798
v -9.662341 0.199948 9.510798
v -9.894696 -0.199950 9.183752
v -9.894696 0.199948 9.183752
v -3.133925 -0.199950 -2.714620
v -2.779186 -0.199950 -2.405030
v -3.133925 0.199948 -2.714620
v -2.779186 0.199948 -2.405030
v -5.504097 0.199948 4.784397
v -5.504097 -0.199950 4.784397
v -5.608185 0.199948 4.528071
v -5.608185 -0.199950 4.528071
v -5.700358 -0.199950 4.267225
v -5.700358 0.199948 4.267225
v -5.780385 -0.199950 4.002405
v -5.780385 0.199948 4.002405
v -5.848112 -0.199950 3.734179
v -5.848112 0.199948 3.734179
v -5.903424 -0.199950 3.463113
v -5.903424 0.199948 3.463113
v -5.946128 -0.199950 3.189788
v -5.946128 0.199948 3.189788
v -5.976224 -0.199950 2.914783
v -5.976224 0.199948 2.914783
v -5.993598 -0.199950 2.638681
v -5.993598 0.199948 2.638681
v -5.998249 -0.199950 2.362071
v -5.998249 0.199948 2.362071
v -5.990100 -0.199950 2.085546
v -5.990100 0.199948 2.085546
v -5.969229 -0.199950 1.809685
v -5.969229 0.199948 1.809685
v -5.935673 -0.199950 1.535083
v -5.935673 0.199948 1.535083
v -5.889471 -0.199950 1.262316
v -5.889471 0.199948 1.262316
v -5.830777 -0.199950 0.991975
v -5.830777 0.199948 0.991975
v -5.759629 -0.199950 0.724623
v -5.759629 0.199948 0.724623
v -5.676258 -0.199950 0.460836
v -5.676258 0.199948 0.460836
v -5.580818 -0.199950 0.201177
v -5.580818 0.199948 0.201177
v -5.473500 -0.199950 -0.053808
v -5.473500 0.199948 -0.053808
v -5.354536 -0.199950 -0.303570
v -5.354536 0.199948 -0.303570
v -5.224195 -0.199950 -0.547586
v -5.224195 0.199948 -0.547586
v -5.082745 -0.199950 -0.785327
v -5.082745 0.199948 -0.785327
v -4.930456 -0.199950 -1.016298
v -4.930456 0.199948 -1.016298
v -4.767711 -0.199950 -1.239999
v -4.767711 0.199948 -1.239999
v -4.594781 -0.199950 -1.455960
v -4.594781 0.199948 -1.455960
v -4.412126 -0.199950 -1.663720
v -4.412126 0.199948 -1.663720
v -4.220054 -0.199950 -1.862831
v -4.220054 0.199948 -1.862831
v -4.019026 -0.199950 -2.052880
v -4.019026 0.199948 -2.052880
v -3.809426 -0.199950 -2.233455
v -3.809426 0.199948 -2.233455
v -3.591754 -0.199950 -2.404175
v -3.591754 0.199948 -2.404175
v -3.366434 -0.199950 -2.564675
v -3.366434 0.199948 -2.564675
v -2.779185 -0.199950 2.406283
v -2.779185 0.199948 2.406283
v -2.749204 -0.199950 -2.378854
v -0.022717 -0.199950 0.000628
v -2.749204 0.199948 -2.378854
v -0.022717 0.199948 0.000628
v -2.749204 -0.199950 2.380107
v -2.749204 0.199948 2.380107
v -2.726372 -0.199950 -2.398760
v 2.726602 -0.199950 -2.398760
v -2.726372 0.199948 -2.398760
v 2.726602 0.199948 -2.398760
v 0.000115 -0.199950 -0.019277
v 0.000115 0.199948 -0.019277
v -3.107058 0.199948 -2.730980
v -3.107058 -0.199950 -2.730980
v -2.860712 0.199948 -2.872296
v -2.860712 -0.199950 -2.872296
v -2.607985 0.199948 -3.001792
v -2.607985 -0.199950 -3.001792
v -2.349377 -0.199950 -3.119180
v -2.349377 0.199948 -3.119180
v -2.085542 -0.199950 -3.224196
v -2.085542 0.199948 -3.224196
v -1.816980 -0.199950 -3.316605
v -1.816980 0.199948 -3.316605
v -1.544381 -0.199950 -3.396204
v -1.544381 0.199948 -3.396204
v -1.268323 -0.199950 -3.462807
v -1.268323 0.199948 -3.462807
v -0.989420 -0.199950 -3.516273
v -0.989420 0.199948 -3.516273
v -0.708288 -0.199950 -3.556479
v -0.708288 0.199948 -3.556479
v -0.425581 -0.199950 -3.583327
v -0.425581 0.199948 -3.583327
v -0.141912 -0.199950 -3.596771
v -0.141912 0.199948 -3.596771
v 0.142103 -0.199950 -3.596771
v 0.142103 0.199948 -3.596771
v 0.425772 -0.199950 -3.583327
v 0.425772 0.199948 -3.583327
v 0.708480 -0.199950 -3.556479
v 0.708480 0.199948 -3.556479
v 0.989611 -0.199950 -3.516273
v 0.989611 0.199948 -3.516273
v 1.268514 -0.199950 -3.462807
v 1.268514 0.199948 -3.462807
v 1.544572 -0.199950 -3.396204
v 1.544572 0.199948 -3.396204
v 1.817209 -0.199950 -3.316605
v 1.817209 0.199948 -3.316605
v 2.085734 -0.199950 -3.224196
v 2.085734 0.199948 -3.224196
v 2.349607 -0.199950 -3.119180
v 2.349607 0.199948 -3.119180
v 2.608176 -0.199950 -3.001792
v 2.608176 0.199948 -3.001792
v 2.860941 -0.199950 -2.872297
v 2.860941 0.199948 -2.872297
v 3.107249 -0.199950 -2.730981
v 3.107249 0.199948 -2.730981
v -2.760774 -0.199950 -2.428751
v -2.760774 0.199948 -2.428751
v 2.760965 -0.199950 -2.428752
v 2.760965 0.199948 -2.428752
v -7.735240 -0.199950 -6.770103
v -7.424973 -0.199950 -7.023065
v -7.735240 0.199948 -6.770103
v -7.424973 0.199948 -7.023065
v -7.106480 -0.199950 -7.265533
v -7.106480 0.199948 -7.265533
v -6.780069 -0.199950 -7.497244
v -6.780069 0.199948 -7.497244
v -6.446085 -0.199950 -7.717934
v -6.446085 0.199948 -7.717934
v -6.104952 -0.199950 -7.927355
v -6.104952 0.199948 -7.927355
v -5.757016 -0.199950 -8.125284
v -5.757016 0.199948 -8.125284
v -5.402661 -0.199950 -8.311496
v -5.402661 0.199948 -8.311496
v -5.042309 -0.199950 -8.485776
v -5.042309 0.199948 -8.485776
v -4.676346 -0.199950 -8.647944
v -4.676346 0.199948 -8.647944
v -4.305155 -0.199950 -8.797807
v -4.305155 0.199948 -8.797807
v -3.929159 -0.199950 -8.935206
v -3.929159 0.199948 -8.935206
v -3.548820 -0.199950 -9.059984
v -3.548820 0.199948 -9.059984
v -3.164522 -0.199950 -9.172001
v -3.164522 0.199948 -9.172001
v -2.776688 -0.199950 -9.271136
v -2.776688 0.199948 -9.271136
v -2.385778 -0.199950 -9.357279
v -2.385778 0.199948 -9.357279
v -1.992217 -0.199950 -9.430329
v -1.992217 0.199948 -9.430329
v -1.596426 -0.199950 -9.490211
v -1.596426 0.199948 -9.490211
v -1.198828 -0.199950 -9.536855
v -1.198828 0.199948 -9.536855
v -0.799924 -0.199950 -9.570209
v -0.799924 0.199948 -9.570209
v -0.400135 -0.199950 -9.590240
v -0.400135 0.199948 -9.590240
v 0.000114 -0.199950 -9.596918
v 0.000114 0.199948 -9.596918
v 0.400326 -0.199950 -9.590240
v 0.400326 0.199948 -9.590240
v 0.800152 -0.199950 -9.570209
v 0.800152 0.199948 -9.570209
v 1.199018 -0.199950 -9.536855
v 1.199018 0.199948 -9.536855
v 1.596616 -0.199950 -9.490211
v 1.596616 0.199948 -9.490211
v 1.992407 -0.199950 -9.430329
v 1.992407 0.199948 -9.430329
v 2.385968 -0.199950 -9.357279
v 2.385968 0.199948 -9.357279
v 2.776878 -0.199950 -9.271136
v 2.776878 0.199948 -9.271136
v 3.164712 -0.199950 -9.172001
v 3.164712 0.199948 -9.172001
v 3.549011 -0.199950 -9.059984
v 3.549011 0.199948 -9.059984
v 3.929349 -0.199950 -8.935206
v 3.929349 0.199948 -8.935206
v 4.305345 -0.199950 -8.797807
v 4.305345 0.199948 -8.797807
v 4.676536 -0.199950 -8.647944
v 4.676536 0.199948 -8.647944
v 5.042500 -0.199950 -8.485776
v 5.042500 0.199948 -8.485776
v 5.402851 -0.199950 -8.311496
v 5.402851 0.199948 -8.311496
v 5.757206 -0.199950 -8.125286
v 5.757206 0.199948 -8.125286
v 6.105143 -0.199950 -7.927357
v 6.105143 0.199948 -7.927357
v 6.446314 -0.199950 -7.717936
v 6.446314 0.199948 -7.717936
v 6.780259 -0.199950 -7.497246
v 6.780259 0.199948 -7.497246
v 7.106670 -0.199950 -7.265535
v 7.106670 0.199948 -7.265535
v 7.425202 -0.199950 -7.023067
v 7.425202 0.199948 -7.023067
v 7.735431 -0.199950 -6.770104
v 7.735431 0.199948 -6.770104
v -3.130773 -0.199950 -2.751679
v -3.130773 0.199948 -2.751679
v 3.130965 -0.199950 -2.751680
v 2.882889 -0.199950 -2.894489
v 3.130965 0.199948 -2.751680
v 2.882889 0.199948 -2.894489
v 2.628317 -0.199950 -3.025359
v 2.628317 0.199948 -3.025359
v 2.367826 -0.199950 -3.144001
v 2.367826 0.199948 -3.144001
v 2.101993 -0.199950 -3.250146
v 2.101993 0.199948 -3.250146
v 1.831431 -0.199950 -3.343550
v 1.831431 0.199948 -3.343550
v 1.556718 -0.199950 -3.424004
v 1.556718 0.199948 -3.424004
v 1.278508 -0.199950 -3.491332
v 1.278508 0.199948 -3.491332
v 0.997414 -0.199950 -3.545375
v 0.997414 0.199948 -3.545375
v 0.714091 -0.199950 -3.586013
v 0.714091 0.199948 -3.586013
v 0.429154 -0.199950 -3.613160
v 0.429154 0.199948 -3.613160
v 0.143218 -0.199950 -3.626743
v 0.143218 0.199948 -3.626743
v -0.143026 -0.199950 -3.626743
v -0.143026 0.199948 -3.626743
v -0.428925 -0.199950 -3.613160
v -0.428925 0.199948 -3.613160
v -0.713900 -0.199950 -3.586013
v -0.713900 0.199948 -3.586013
v -0.997223 -0.199950 -3.545375
v -0.997223 0.199948 -3.545375
v -1.278316 -0.199950 -3.491332
v -1.278316 0.199948 -3.491332
v -1.556527 -0.199950 -3.424004
v -1.556527 0.199948 -3.424004
v -1.831240 -0.199950 -3.343550
v -1.831240 0.199948 -3.343550
v -2.101801 -0.199950 -3.250146
v -2.101801 0.199948 -3.250146
v -2.367635 -0.199950 -3.144001
v -2.367635 0.199948 -3.144001
v -2.628126 -0.199950 -3.025359
v -2.628126 0.199948 -3.025359
v -2.882698 -0.199950 -2.894488
v -2.882698 0.199948 -2.894488
v 3.157794 -0.199950 -2.735281
v 7.758570 -0.199950 -6.750516
v 3.157794 0.199948 -2.735281
v 7.758570 0.199948 -6.750516
v 5.528005 -0.199950 4.805090
v 5.633016 -0.199950 4.547645
v 5.528005 0.199948 4.805090
v 5.633016 0.199948 4.547645
v 5.726073 -0.199950 4.285636
v 5.726073 0.199948 4.285636
v 5.806907 -0.199950 4.019615
v 5.806907 0.199948 4.019615
v 5.875441 -0.199950 3.750149
v 5.875441 0.199948 3.750149
v 5.931445 -0.199950 3.477814
v 5.931445 0.199948 3.477814
v 5.974802 -0.199950 3.203183
v 5.974802 0.199948 3.203183
v 6.005475 -0.199950 2.926846
v 6.005475 0.199948 2.926846
v 6.023387 -0.199950 2.649385
v 6.023387 0.199948 2.649385
v 6.028499 -0.199950 2.371395
v 6.028499 0.199948 2.371395
v 6.020773 -0.199950 2.093468
v 6.020773 0.199948 2.093468
v 6.000209 -0.199950 1.816190
v 6.000209 0.199948 1.816190
v 5.966922 -0.199950 1.540156
v 5.966922 0.199948 1.540156
v 5.920913 -0.199950 1.265947
v 5.920913 0.199948 1.265947
v 5.862334 -0.199950 0.994156
v 5.862334 0.199948 0.994156
v 5.791302 -0.199950 0.725353
v 5.791302 0.199948 0.725353
v 5.707892 -0.199950 0.460110
v 5.707892 0.199948 0.460110
v 5.612375 -0.199950 0.198994
v 5.612375 0.199948 0.198994
v 5.504942 -0.199950 -0.057437
v 5.504942 0.199948 -0.057437
v 5.385786 -0.199950 -0.308645
v 5.385786 0.199948 -0.308645
v 5.255136 -0.199950 -0.554088
v 5.255136 0.199948 -0.554088
v 5.113340 0.199948 -0.793246
v 5.113340 -0.199950 -0.793246
v 4.960667 0.199948 -1.025615
v 4.960667 -0.199950 -1.025615
v 4.797461 -0.199950 -1.250695
v 4.797461 0.199948 -1.250695
v 4.624031 -0.199950 -1.468011
v 4.624031 0.199948 -1.468011
v 4.440761 -0.199950 -1.677102
v 4.440761 0.199948 -1.677102
v 4.248035 -0.199950 -1.877515
v 4.248035 0.199948 -1.877515
v 4.046315 -0.199950 -2.068833
v 4.046315 0.199948 -2.068833
v 3.835947 -0.199950 -2.250642
v 3.835947 0.199948 -2.250642
v 3.617430 -0.199950 -2.422564
v 3.617430 0.199948 -2.422564
v 3.391225 -0.199950 -2.584222
v 3.391225 0.199948 -2.584222
v 10.132472 -0.199950 8.823514
v 10.132472 0.199948 8.823514
v 8.059074 -0.199950 -6.487008
v 8.059074 0.199948 -6.487008
v 8.350623 -0.199950 -6.213640
v 8.350623 0.199948 -6.213640
v 8.632908 -0.199950 -5.930712
v 8.632908 0.199948 -5.930712
v 8.905583 -0.199950 -5.638538
v 8.905583 0.199948 -5.638538
v 9.168420 -0.199950 -5.337448
v 9.168420 0.199948 -5.337448
v 9.421069 -0.199950 -5.027767
v 9.421069 0.199948 -5.027767
v 9.663225 -0.199950 -4.709840
v 9.663225 0.199948 -4.709840
v 9.894696 -0.199950 -4.384025
v 9.894696 0.199948 -4.384025
v 10.115173 -0.199950 -4.050681
v 10.115173 0.199948 -4.050681
v 10.324428 -0.199950 -3.710177
v 10.324428 0.199948 -3.710177
v 10.522226 -0.199950 -3.362894
v 10.522226 0.199948 -3.362894
v 10.708342 -0.199950 -3.009212
v 10.708342 0.199948 -3.009212
v 10.882579 -0.199950 -2.649533
v 10.882579 0.199948 -2.649533
v 11.044747 -0.199950 -2.284242
v 11.044747 0.199948 -2.284242
v 11.194654 -0.199950 -1.913757
v 11.194654 0.199948 -1.913757
v 11.332106 -0.199950 -1.538482
v 11.332106 0.199948 -1.538482
v 11.457027 -0.199950 -1.158840
v 11.457027 0.199948 -1.158840
v 11.569188 -0.199950 -0.775248
v 11.569188 0.199948 -0.775248
v 11.668550 -0.199950 -0.388129
v 11.668550 0.199948 -0.388129
v 11.754957 -0.199950 0.002083
v 11.754957 0.199948 0.002083
v 11.828296 -0.199950 0.394958
v 11.828296 0.199948 0.394958
v 11.888527 -0.199950 0.790052
v 11.888527 0.199948 0.790052
v 11.935536 -0.199950 1.186938
v 11.935536 0.199948 1.186938
v 11.969323 -0.199950 1.585170
v 11.969323 0.199948 1.585170
v 11.989810 -0.199950 1.984305
v 11.989810 0.199948 1.984305
v 11.997036 -0.199950 2.383901
v 11.997036 0.199948 2.383901
v 11.990886 -0.199950 2.783517
v 11.990886 0.199948 2.783517
v 11.971476 -0.199950 3.182705
v 11.971476 0.199948 3.182705
v 11.938765 -0.199950 3.581028
v 11.938765 0.199948 3.581028
v 11.892794 -0.199950 3.978034
v 11.892794 0.199948 3.978034
v 11.833638 -0.199950 4.373297
v 11.833638 0.199948 4.373297
v 11.761337 -0.199950 4.766364
v 11.761337 0.199948 4.766364
v 11.676006 -0.199950 5.156807
v 11.676006 0.199948 5.156807
v 11.577683 -0.199950 5.544189
v 11.577683 0.199948 5.544189
v 11.466522 -0.199950 5.928084
v 11.466522 0.199948 5.928084
v 11.342638 -0.199950 6.308063
v 11.342638 0.199948 6.308063
v 11.206184 -0.199950 6.683703
v 11.206184 0.199948 6.683703
v 11.057278 -0.199950 7.054586
v 11.057278 0.199948 7.054586
v 10.896110 -0.199950 7.420310
v 10.896110 0.199948 7.420310
v 10.722834 -0.199950 7.780459
v 10.722834 0.199948 7.780459
v 10.537681 -0.199950 8.134637
v 10.537681 0.199948 8.134637
v 10.340803 -0.199950 8.482453
v 10.340803 0.199948 8.482453
v 3.134117 0.199948 -2.714621
v 3.134117 -0.199950 -2.714621
v 3.366625 0.199948 -2.564676
v 3.366625 -0.199950 -2.564676
v 3.591946 -0.199950 -2.404176
v 3.591946 0.199948 -2.404176
v 3.809617 -0.199950 -2.233456
v 3.809617 0.199948 -2.233456
v 4.019217 -0.199950 -2.052881
v 4.019217 0.199948 -2.052881
v 4.220245 -0.199950 -1.862832
v 4.220245 0.199948 -1.862832
v 4.412317 -0.199950 -1.663721
v 4.412317 0.199948 -1.663721
v 4.595011 -0.199950 -1.455961
v 4.595011 0.199948 -1.455961
v 4.767902 -0.199950 -1.240000
v 4.767902 0.199948 -1.240000
v 4.930647 -0.199950 -1.016299
v 4.930647 0.199948 -1.016299
v 5.082936 -0.199950 -0.785328
v 5.082936 0.199948 -0.785328
v 5.224386 -0.199950 -0.547587
v 5.224386 0.199948 -0.547587
v 5.354728 -0.199950 -0.303571
v 5.354728 0.199948 -0.303571
v 5.473692 -0.199950 -0.053809
v 5.473692 0.199948 -0.053809
v 5.581010 -0.199950 0.201176
v 5.581010 0.199948 0.201176
v 5.676489 -0.199950 0.460835
v 5.676489 0.199948 0.460835
v 5.759860 -0.199950 0.724622
v 5.759860 0.199948 0.724622
v 5.830969 -0.199950 0.991974
v 5.830969 0.199948 0.991974
v 5.889701 -0.199950 1.262315
v 5.889701 0.199948 1.262315
v 5.935865 -0.199950 1.535082
v 5.935865 0.199948 1.535082
v 5.969460 -0.199950 1.809684
v 5.969460 0.199948 1.809684
v 5.990331 -0.199950 2.085545
v 5.990331 0.199948 2.085545
v 5.998441 -0.199950 2.362069
v 5.998441 0.199948 2.362069
v 5.993829 -0.199950 2.638680
v 5.993829 0.199948 2.638680
v 5.976417 -0.199950 2.914782
v 5.976417 0.199948 2.914782
v 5.946358 -0.199950 3.189787
v 5.946358 0.199948 3.189787
v 5.903616 -0.199950 3.463112
v 5.903616 0.199948 3.463112
v 5.848304 -0.199950 3.734178
v 5.848304 0.199948 3.734178
v 5.780578 -0.199950 4.002404
v 5.780578 0.199948 4.002404
v 5.700551 -0.199950 4.267224
v 5.700551 0.199948 4.267224
v 5.608377 -0.199950 4.528070
v 5.608377 0.199948 4.528070
v 5.504289 -0.199950 4.784396
v 5.504289 0.199948 4.784396
v 2.779377 -0.199950 -2.405031
v 2.779377 0.199948 -2.405031
v 2.779377 -0.199950 2.406282
v 2.779377 0.199948 2.406282
v 0.022909 -0.199950 0.000628
v 2.749396 -0.199950 -2.378855
v 0.022909 0.199948 0.000628
v 2.749396 0.199948 -2.378855
v 2.749396 -0.199950 2.380106
v 2.749396 0.199948 2.380106
v 0.000115 -0.199950 0.020530
v 2.726603 -0.199950 2.400012
v 0.000115 0.199948 0.020530
v 2.726603 0.199948 2.400012
v -2.726372 -0.199950 2.400013
v -2.726372 0.199948 2.400013
v -2.760774 -0.199950 2.430004
v 2.760966 -0.199950 2.430003
v -2.760774 0.199948 2.430004
v 2.760966 0.199948 2.430003
v -5.491528 -0.199950 4.813225
v -5.491528 0.199948 4.813225
v 5.491720 0.199948 4.813224
v 5.491720 -0.199950 4.813224
v 5.371718 0.199948 5.069722
v 5.371718 -0.199950 5.069722
v 5.239724 0.199948 5.320277
v 5.239724 -0.199950 5.320277
v 5.096045 -0.199950 5.564317
v 5.096045 0.199948 5.564317
v 4.941026 -0.199950 5.801303
v 4.941026 0.199948 5.801303
v 4.774976 -0.199950 6.030713
v 4.774976 0.199948 6.030713
v 4.598317 -0.199950 6.252031
v 4.598317 0.199948 6.252031
v 4.411396 -0.199950 6.464759
v 4.411396 0.199948 6.464759
v 4.214634 -0.199950 6.668429
v 4.214634 0.199948 6.668429
v 4.008455 -0.199950 6.862587
v 4.008455 0.199948 6.862587
v 3.793359 -0.199950 7.046799
v 3.793359 0.199948 7.046799
v 3.569845 -0.199950 7.220651
v 3.569845 0.199948 7.220651
v 3.338336 -0.199950 7.383761
v 3.338336 0.199948 7.383761
v 3.099408 -0.199950 7.535762
v 3.099408 0.199948 7.535762
v 2.853562 -0.199950 7.676318
v 2.853562 0.199948 7.676318
v 2.601335 -0.199950 7.805113
v 2.601335 0.199948 7.805113
v 2.343343 -0.199950 7.921863
v 2.343343 0.199948 7.921863
v 2.080123 -0.199950 8.026302
v 2.080123 0.199948 8.026302
v 1.812252 -0.199950 8.118201
v 1.812252 0.199948 8.118201
v 1.540345 -0.199950 8.197359
v 1.540345 0.199948 8.197359
v 1.265017 -0.199950 8.263596
v 1.265017 0.199948 8.263596
v 0.986845 -0.199950 8.316759
v 0.986845 0.199948 8.316759
v 0.706482 -0.199950 8.356739
v 0.706482 0.199948 8.356739
v 0.424581 -0.199950 8.383439
v 0.424581 0.199948 8.383439
v 0.141681 -0.199950 8.396806
v 0.141681 0.199948 8.396806
v -0.141488 -0.199950 8.396806
v -0.141488 0.199948 8.396806
v -0.424388 -0.199950 8.383439
v -0.424388 0.199948 8.383439
v -0.706289 -0.199950 8.356739
v -0.706289 0.199948 8.356739
v -0.986652 -0.199950 8.316759
v -0.986652 0.199948 8.316759
v -1.264824 -0.199950 8.263596
v -1.264824 0.199948 8.263596
v -1.540152 -0.199950 8.197359
v -1.540152 0.199948 8.197359
v -1.812059 -0.199950 8.118201
v -1.812059 0.199948 8.118201
v -2.079891 -0.199950 8.026302
v -2.079891 0.199948 8.026302
v -2.343150 -0.199950 7.921863
v -2.343150 0.199948 7.921863
v -2.601142 -0.199950 7.805113
v -2.601142 0.199948 7.805113
v -2.853331 -0.199950 7.676319
v -2.853331 0.199948 7.676319
v -3.099177 -0.199950 7.535763
v -3.099177 0.199948 7.535763
v -3.338143 -0.199950 7.383762
v -3.338143 0.199948 7.383762
v -3.569652 -0.199950 7.220652
v -3.569652 0.199948 7.220652
v -3.793166 -0.199950 7.046800
v -3.793166 0.199948 7.046800
v -4.008262 -0.199950 6.862588
v -4.008262 0.199948 6.862588
v -4.214403 -0.199950 6.668430
v -4.214403 0.199948 6.668430
v -4.411164 -0.199950 6.464760
v -4.411164 0.199948 6.464760
v -4.598124 -0.199950 6.252032
v -4.598124 0.199948 6.252032
v -4.774783 -0.199950 6.030714
v -4.774783 0.199948 6.030714
v -4.940833 -0.199950 5.801304
v -4.940833 0.199948 5.801304
v -5.095851 -0.199950 5.564318
v -5.095851 0.199948 5.564318
v -5.239531 -0.199950 5.320278
v -5.239531 0.199948 5.320278
v -5.371525 -0.199950 5.069723
v -5.371525 0.199948 5.069723
v -7.758380 -0.199950 -6.750514
v -3.157603 -0.199950 -2.735281
v -7.758380 0.199948 -6.750514
v -3.157603 0.199948 -2.735281
v -10.132278 -0.199950 8.823516
v -10.340610 -0.199950 8.482455
v -10.132278 0.199948 8.823516
v -10.340610 0.199948 8.482455
v -10.537486 -0.199950 8.134639
v -10.537486 0.199948 8.134639
v -10.722640 -0.199950 7.780461
v -10.722640 0.199948 7.780461
v -10.895917 -0.199950 7.420311
v -10.895917 0.199948 7.420311
v -11.057085 -0.199950 7.054588
v -11.057085 0.199948 7.054588
v -11.205993 -0.199950 6.683705
v -11.205993 0.199948 6.683705
v -11.342445 -0.199950 6.308065
v -11.342445 0.199948 6.308065
v -11.466330 -0.199950 5.928086
v -11.466330 0.199948 5.928086
v -11.577491 -0.199950 5.544191
v -11.577491 0.199948 5.544191
v -11.675776 -0.199950 5.156809
v -11.675776 0.199948 5.156809
v -11.761146 -0.199950 4.766366
v -11.761146 0.199948 4.766366
v -11.833447 -0.199950 4.373299
v -11.833447 0.199948 4.373299
v -11.892601 -0.199950 3.978036
v -11.892601 0.199948 3.978036
v -11.938573 -0.199950 3.581030
v -11.938573 0.199948 3.581030
v -11.971283 -0.199950 3.182707
v -11.971283 0.199948 3.182707
v -11.990694 -0.199950 2.783519
v -11.990694 0.199948 2.783519
v -11.996805 -0.199950 2.383904
v -11.996805 0.199948 2.383904
v -11.989617 -0.199950 1.984307
v -11.989617 0.199948 1.984307
v -11.969131 -0.199950 1.585172
v -11.969131 0.199948 1.585172
v -11.935344 -0.199950 1.186941
v -11.935344 0.199948 1.186941
v -11.888296 -0.199950 0.790054
v -11.888296 0.199948 0.790054
v -11.828103 -0.199950 0.394960
v -11.828103 0.199948 0.394960
v -11.754726 -0.199950 0.002085
v -11.754726 0.199948 0.002085
v -11.668357 -0.199950 -0.388128
v -11.668357 0.199948 -0.388128
v -11.568996 -0.199950 -0.775246
v -11.568996 0.199948 -0.775246
v -11.456797 -0.199950 -1.158838
v -11.456797 0.199948 -1.158838
v -11.331914 -0.199950 -1.538480
v -11.331914 0.199948 -1.538480
v -11.194423 -0.199950 -1.913755
v -11.194423 0.199948 -1.913755
v -11.044555 -0.199950 -2.284240
v -11.044555 0.199948 -2.284240
v -10.882387 -0.199950 -2.649531
v -10.882387 0.199948 -2.649531
v -10.708150 -0.199950 -3.009210
v -10.708150 0.199948 -3.009210
v -10.522037 -0.199950 -3.362892
v -10.522037 0.199948 -3.362892
v -10.324237 -0.199950 -3.710175
v -10.324237 0.199948 -3.710175
v -10.114984 -0.199950 -4.050679
v -10.114984 0.199948 -4.050679
v -9.894506 -0.199950 -4.384023
v -9.894506 0.199948 -4.384023
v -9.663035 -0.199950 -4.709838
v -9.663035 0.199948 -4.709838
v -9.420840 -0.199950 -5.027765
v -9.420840 0.199948 -5.027765
v -9.168229 -0.199950 -5.337446
v -9.168229 0.199948 -5.337446
v -8.905394 -0.199950 -5.638536
v -8.905394 0.199948 -5.638536
v -8.632718 -0.199950 -5.930710
v -8.632718 0.199948 -5.930710
v -8.350433 -0.199950 -6.213638
v -8.350433 0.199948 -6.213638
v -8.058885 -0.199950 -6.487006
v -8.058885 0.199948 -6.487006
v -5.527812 -0.199950 4.805091
v -5.527812 0.199948 4.805091
v -3.391034 -0.199950 -2.584221
v -3.391034 0.199948 -2.584221
v -3.617239 -0.199950 -2.422563
v -3.617239 0.199948 -2.422563
v -3.835756 -0.199950 -2.250641
v -3.835756 0.199948 -2.250641
v -4.046086 -0.199950 -2.068832
v -4.046086 0.199948 -2.068832
v -4.247844 -0.199950 -1.877514
v -4.247844 0.199948 -1.877514
v -4.440570 -0.199950 -1.677101
v -4.440570 0.199948 -1.677101
v -4.623840 -0.199950 -1.468010
v -4.623840 0.199948 -1.468010
v -4.797270 -0.199950 -1.250694
v -4.797270 0.199948 -1.250694
v -4.960475 -0.199950 -1.025614
v -4.960475 0.199948 -1.025614
v -5.113149 -0.199950 -0.793245
v -5.113149 0.199948 -0.793245
v -5.254945 -0.199950 -0.554087
v -5.254945 0.199948 -0.554087
v -5.385555 -0.199950 -0.308644
v -5.385555 0.199948 -0.308644
v -5.504750 -0.199950 -0.057436
v -5.504750 0.199948 -0.057436
v -5.612183 -0.199950 0.198995
v -5.612183 0.199948 0.198995
v -5.707700 -0.199950 0.460111
v -5.707700 0.199948 0.460111
v -5.791071 -0.199950 0.725354
v -5.791071 0.199948 0.725354
v -5.862142 -0.199950 0.994157
v -5.862142 0.199948 0.994157
v -5.920721 -0.199950 1.265948
v -5.920721 0.199948 1.265948
v -5.966730 -0.199950 1.540157
v -5.966730 0.199948 1.540157
v -6.000017 -0.199950 1.816191
v -6.000017 0.199948 1.816191
v -6.020543 0.199948 2.093469
v -6.020543 -0.199950 2.093469
v -6.028307 0.199948 2.371396
v -6.028307 -0.199950 2.371396
v -6.023195 -0.199950 2.649386
v -6.023195 0.199948 2.649386
v -6.005283 -0.199950 2.926847
v -6.005283 0.199948 2.926847
v -5.974610 -0.199950 3.203184
v -5.974610 0.199948 3.203184
v -5.931214 -0.199950 3.477815
v -5.931214 0.199948 3.477815
v -5.875211 -0.199950 3.750149
v -5.875211 0.199948 3.750149
v -5.806715 -0.199950 4.019616
v -5.806715 0.199948 4.019616
v -5.725881 -0.199950 4.285637
v -5.725881 0.199948 4.285637
v -5.632823 -0.199950 4.547646
v -5.632823 0.199948 4.547646
v -7.781250 -0.199950 -6.770458
v -8.085176 -0.199950 -6.503659
v -7.781250 0.199948 -6.770458
v -8.085176 0.199948 -6.503659
v -8.379952 -0.199950 -6.226793
v -8.379952 0.199948 -6.226793
v -8.665236 -0.199950 -5.940175
v -8.665236 0.199948 -5.940175
v -8.940756 -0.199950 -5.644125
v -8.940756 0.199948 -5.644125
v -9.206128 -0.199950 -5.338979
v -9.206128 0.199948 -5.338979
v -9.461123 -0.199950 -5.025084
v -9.461123 0.199948 -5.025084
v -9.705393 -0.199950 -4.702795
v -9.705393 0.199948 -4.702795
v -9.938709 -0.199950 -4.372472
v -9.938709 0.199948 -4.372472
v -10.160801 -0.199950 -4.034496
v -10.160801 0.199948 -4.034496
v -10.371400 -0.199950 -3.689241
v -10.371400 0.199948 -3.689241
v -10.570237 -0.199950 -3.337101
v -10.570237 0.199948 -3.337101
v -10.757157 -0.199950 -2.978479
v -10.757157 0.199948 -2.978479
v -10.931894 -0.199950 -2.613770
v -10.931894 0.199948 -2.613770
v -11.094293 -0.199950 -2.243395
v -11.094293 0.199948 -2.243395
v -11.244123 -0.199950 -1.867770
v -11.244123 0.199948 -1.867770
v -11.381268 -0.199950 -1.487315
v -11.381268 0.199948 -1.487315
v -11.505536 -0.199950 -1.102469
v -11.505536 0.199948 -1.102469
v -11.616774 -0.199950 -0.713664
v -11.616774 0.199948 -0.713664
v -11.714905 -0.199950 -0.321337
v -11.714905 0.199948 -0.321337
v -11.799775 -0.199950 0.074069
v -11.799775 0.199948 0.074069
v -11.871307 -0.199950 0.472104
v -11.871307 0.199948 0.472104
v -11.929386 -0.199950 0.872315
v -11.929386 0.199948 0.872315
v -11.974012 -0.199950 1.274256
v -11.974012 0.199948 1.274256
v -12.005108 -0.199950 1.677470
v -12.005108 0.199948 1.677470
v -12.022597 -0.199950 2.081501
v -12.022597 0.199948 2.081501
v -12.026518 -0.199950 2.485893
v -12.026518 0.199948 2.485893
v -12.016831 -0.199950 2.890188
v -12.016831 0.199948 2.890188
v -11.993538 -0.199950 3.293931
v -11.993538 0.199948 3.293931
v -11.956716 -0.199950 3.696660
v -11.956716 0.199948 3.696660
v -11.906363 -0.199950 4.097923
v -11.906363 0.199948 4.097923
v -11.842556 -0.199950 4.497265
v -11.842556 0.199948 4.497265
v -11.765335 -0.199950 4.894238
v -11.765335 0.199948 4.894238
v -11.674853 -0.199950 5.288390
v -11.674853 0.199948 5.288390
v -11.571110 -0.199950 5.679276
v -11.571110 0.199948 5.679276
v -11.454337 -0.199950 6.066452
v -11.454337 0.199948 6.066452
v -11.324572 -0.199950 6.449486
v -11.324572 0.199948 6.449486
v -11.182046 -0.199950 6.827942
v -11.182046 0.199948 6.827942
v -11.026835 -0.199950 7.201386
v -11.026835 0.199948 7.201386
v -10.859209 -0.199950 7.569406
v -10.859209 0.199948 7.569406
v -10.679244 -0.199950 7.931583
v -10.679244 0.199948 7.931583
v -10.487248 -0.199950 8.287500
v -10.487248 0.199948 8.287500
v -10.283376 -0.199950 8.636763
v -10.283376 0.199948 8.636763
v -10.067857 -0.199950 8.978976
v -10.067857 0.199948 8.978976
v -9.840999 -0.199950 9.313747
v -9.840999 0.199948 9.313747
v -9.602994 -0.199950 9.640701
v -9.602994 0.199948 9.640701
v -9.354111 -0.199950 9.959474
v -9.354111 0.199948 9.959474
v -9.094658 -0.199950 10.269693
v -9.094658 0.199948 10.269693
v -8.824942 -0.199950 10.571019
v -8.824942 0.199948 10.571019
v -8.545232 -0.199950 10.863101
v -8.545232 0.199948 10.863101
v -8.255875 -0.199950 11.145617
v -8.255875 0.199948 11.145617
v -7.957177 -0.199950 11.418244
v -7.957177 0.199948 11.418244
v -7.649485 -0.199950 11.680676
v -7.649485 0.199948 11.680676
v -7.333144 -0.199950 11.932615
v -7.333144 0.199948 11.932615
v -7.008501 -0.199950 12.173772
v -7.008501 0.199948 12.173772
v -6.675940 -0.199950 12.403883
v -6.675940 0.199948 12.403883
v -6.335806 -0.199950 12.622679
v -6.335806 0.199948 12.622679
v -5.988562 -0.199950 12.829914
v -5.988562 0.199948 12.829914
v -5.634514 -0.199950 13.025364
v -5.634514 0.199948 13.025364
v -5.274086 -0.199950 13.208792
v -5.274086 0.199948 13.208792
v -4.907699 -0.199950 13.380007
v -4.907699 0.199948 13.380007
v -4.535778 -0.199950 13.538802
v -4.535778 0.199948 13.538802
v -4.158706 -0.199950 13.685003
v -4.158706 0.199948 13.685003
v -3.776945 -0.199950 13.818444
v -3.776945 0.199948 13.818444
v -3.390917 -0.199950 13.938979
v -3.390917 0.199948 13.938979
v -3.001084 -0.199950 14.046465
v -3.001084 0.199948 14.046465
v -2.607791 -0.199950 14.140781
v -2.607791 0.199948 14.140781
v -2.211616 -0.199950 14.221822
v -2.211616 0.199948 14.221822
v -1.812904 -0.199950 14.289500
v -1.812904 0.199948 14.289500
v -1.412154 -0.199950 14.343731
v -1.412154 0.199948 14.343731
v -1.009791 -0.199950 14.384460
v -1.009791 0.199948 14.384460
v -0.606274 -0.199950 14.411635
v -0.606274 0.199948 14.411635
v -0.202103 -0.199950 14.425233
v -0.202103 0.199948 14.425233
v 0.202298 -0.199950 14.425233
v 0.202298 0.199948 14.425233
v 0.606506 -0.199950 14.411635
v 0.606506 0.199948 14.411635
v 1.009985 -0.199950 14.384460
v 1.009985 0.199948 14.384460
v 1.412349 -0.199950 14.343731
v 1.412349 0.199948 14.343731
v 1.813098 -0.199950 14.289500
v 1.813098 0.199948 14.289500
v 2.211810 -0.199950 14.221822
v 2.211810 0.199948 14.221822
v 2.608024 -0.199950 14.140781
v 2.608024 0.199948 14.140781
v 3.001278 -0.199950 14.046465
v 3.001278 0.199948 14.046465
v 3.391150 -0.199950 13.938979
v 3.391150 0.199948 13.938979
v 3.777177 -0.199950 13.818444
v 3.777177 0.199948 13.818444
v 4.158938 -0.199950 13.685003
v 4.158938 0.199948 13.685003
v 4.535972 -0.199950 13.538802
v 4.535972 0.199948 13.538802
v 4.907893 -0.199950 13.380007
v 4.907893 0.199948 13.380007
v 5.274280 -0.199950 13.208792
v 5.274280 0.199948 13.208792
v 5.634708 -0.199950 13.025362
v 5.634708 0.199948 13.025362
v 5.988756 -0.199950 12.829912
v 5.988756 0.199948 12.829912
v 6.336039 -0.199950 12.622677
v 6.336039 0.199948 12.622677
v 6.676134 -0.199950 12.403881
v 6.676134 0.199948 12.403881
v 7.008695 -0.199950 12.173770
v 7.008695 0.199948 12.173770
v 7.333338 -0.199950 11.932613
v 7.333338 0.199948 11.932613
v 7.649679 -0.199950 11.680675
v 7.649679 0.199948 11.680675
v 7.957371 -0.199950 11.418242
v 7.957371 0.199948 11.418242
v 8.256069 -0.199950 11.145615
v 8.256069 0.199948 11.145615
v 8.545465 -0.199950 10.863099
v 8.545465 0.199948 10.863099
v 8.825136 -0.199950 10.571017
v 8.825136 0.199948 10.571017
v 9.094891 -0.199950 10.269691
v 9.094891 0.199948 10.269691
v 9.354305 -0.199950 9.959472
v 9.354305 0.199948 9.959472
v 9.603188 -0.199950 9.640699
v 9.603188 0.199948 9.640699
v 9.841193 -0.199950 9.313745
v 9.841193 0.199948 9.313745
v 10.068089 -0.199950 8.978974
v 10.068089 0.199948 8.978974
v 10.283570 -0.199950 8.636761
v 10.283570 0.199948 8.636761
v 10.487443 -0.199950 8.287498
v 10.487443 0.199948 8.287498
v 10.679438 -0.199950 7.931581
v 10.679438 0.199948 7.931581
v 10.859402 -0.199950 7.569404
v 10.859402 0.199948 7.569404
v 11.027066 -0.199950 7.201384
v 11.027066 0.199948 7.201384
v 11.182238 -0.199950 6.827940
v 11.182238 0.199948 6.827940
v 11.324802 -0.199950 6.449484
v 11.324802 0.199948 6.449484
v 11.454529 -0.199950 6.066450
v 11.454529 0.199948 6.066450
v 11.571341 -0.199950 5.679274
v 11.571341 0.199948 5.679274
v 11.675045 -0.199950 5.288388
v 11.675045 0.199948 5.288388
v 11.765527 -0.199950 4.894236
v 11.765527 0.199948 4.894236
v 11.842748 -0.199950 4.497263
v 11.842748 0.199948 4.497263
v 11.906554 -0.199950 4.097921
v 11.906554 0.199948 4.097921
v 11.956907 -0.199950 3.696657
v 11.956907 0.199948 3.696657
v 11.993769 -0.199950 3.293929
v 11.993769 0.199948 3.293929
v 12.017024 -0.199950 2.890186
v 12.017024 0.199948 2.890186
v 12.026710 -0.199950 2.485891
v 12.026710 0.199948 2.485891
v 12.022789 -0.199950 2.081499
v 12.022789 0.199948 2.081499
v 12.005301 -0.199950 1.677468
v 12.005301 0.199948 1.677468
v 11.974204 -0.199950 1.274254
v 11.974204 0.199948 1.274254
v 11.929617 -0.199950 0.872313
v 11.929617 0.199948 0.872313
v 11.871499 -0.199950 0.472102
v 11.871499 0.199948 0.472102
v 11.799967 -0.199950 0.074067
v 11.799967 0.199948 0.074067
v 11.715097 -0.199950 -0.321339
v 11.715097 0.199948 -0.321339
v 11.616966 -0.199950 -0.713666
v 11.616966 0.199948 -0.713666
v 11.505728 -0.199950 -1.102471
v 11.505728 0.199948 -1.102471
v 11.381459 -0.199950 -1.487317
v 11.381459 0.199948 -1.487317
v 11.244353 -0.199950 -1.867772
v 11.244353 0.199948 -1.867772
v 11.094485 -0.199950 -2.243397
v 11.094485 0.199948 -2.243397
v 10.932125 -0.199950 -2.613771
v 10.932125 0.199948 -2.613771
v 10.757350 -0.199950 -2.978481
v 10.757350 0.199948 -2.978481
v 10.570466 -0.199950 -3.337102
v 10.570466 0.199948 -3.337102
v 10.371590 -0.199950 -3.689243
v 10.371590 0.199948 -3.689243
v 10.160991 -0.199950 -4.034498
v 10.160991 0.199948 -4.034498
v 9.938937 -0.199950 -4.372474
v 9.938937 0.199948 -4.372474
v 9.705622 -0.199950 -4.702796
v 9.705622 0.199948 -4.702796
v 9.461313 -0.199950 -5.025085
v 9.461313 0.199948 -5.025085
v 9.206319 -0.199950 -5.338981
v 9.206319 0.199948 -5.338981
v 8.940947 -0.199950 -5.644126
v 8.940947 0.199948 -5.644126
v 8.665426 -0.199950 -5.940177
v 8.665426 0.199948 -5.940177
v 8.380143 -0.199950 -6.226795
v 8.380143 0.199948 -6.226795
v 8.085366 -0.199950 -6.503661
v 8.085366 0.199948 -6.503661
v 7.781441 -0.199950 -6.770460
v 7.781441 0.199948 -6.770460
v -10.133895 -0.199950 -8.823693
v -10.133895 0.199948 -8.823693
v -10.114176 -0.199950 -8.846291
v -10.114176 0.199948 -8.846291
v -7.758072 -0.199950 -6.790057
v -7.758072 0.199948 -6.790057
v 7.758301 -0.199950 -6.790059
v 7.447188 -0.199950 -7.043904
v 7.758301 0.199948 -6.790059
v 7.447188 0.199948 -7.043904
v 7.127811 -0.199950 -7.287229
v 7.127811 0.199948 -7.287229
v 6.800477 -0.199950 -7.519752
v 6.800477 0.199948 -7.519752
v 6.465571 -0.199950 -7.741223
v 6.465571 0.199948 -7.741223
v 6.123439 -0.199950 -7.951390
v 6.123439 0.199948 -7.951390
v 5.774503 -0.199950 -8.150021
v 5.774503 0.199948 -8.150021
v 5.419110 -0.199950 -8.336888
v 5.419110 0.199948 -8.336888
v 5.057683 -0.199950 -8.511793
v 5.057683 0.199948 -8.511793
v 4.690643 -0.199950 -8.674533
v 4.690643 0.199948 -8.674533
v 4.318376 -0.199950 -8.824934
v 4.318376 0.199948 -8.824934
v 3.941265 -0.199950 -8.962824
v 3.941265 0.199948 -8.962824
v 3.559773 -0.199950 -9.088049
v 3.559773 0.199948 -9.088049
v 3.174322 -0.199950 -9.200469
v 3.174322 0.199948 -9.200469
v 2.785334 -0.199950 -9.299959
v 2.785334 0.199948 -9.299959
v 2.393233 -0.199950 -9.386410
v 2.393233 0.199948 -9.386410
v 1.998441 -0.199950 -9.459724
v 1.998441 0.199948 -9.459724
v 1.601459 -0.199950 -9.519822
v 1.601459 0.199948 -9.519822
v 1.202708 -0.199950 -9.566634
v 1.202708 0.199948 -9.566634
v 0.802574 -0.199950 -9.600108
v 0.802574 0.199948 -9.600108
v 0.401556 -0.199950 -9.620206
v 0.401556 0.199948 -9.620206
v 0.000114 -0.199950 -9.626908
v 0.000114 0.199948 -9.626908
v -0.401365 -0.199950 -9.620206
v -0.401365 0.199948 -9.620206
v -0.802384 -0.199950 -9.600108
v -0.802384 0.199948 -9.600108
v -1.202480 -0.199950 -9.566634
v -1.202480 0.199948 -9.566634
v -1.601269 -0.199950 -9.519822
v -1.601269 0.199948 -9.519822
v -1.998251 -0.199950 -9.459724
v -1.998251 0.199948 -9.459724
v -2.393043 -0.199950 -9.386410
v -2.393043 0.199948 -9.386410
v -2.785144 -0.199950 -9.299959
v -2.785144 0.199948 -9.299959
v -3.174131 -0.199950 -9.200469
v -3.174131 0.199948 -9.200469
v -3.559583 -0.199950 -9.088049
v -3.559583 0.199948 -9.088049
v -3.941075 -0.199950 -8.962824
v -3.941075 0.199948 -8.962824
v -4.318147 -0.199950 -8.824934
v -4.318147 0.199948 -8.824934
v -4.690453 -0.199950 -8.674533
v -4.690453 0.199948 -8.674533
v -5.057492 -0.199950 -8.511793
v -5.057492 0.199948 -8.511793
v -5.418920 -0.199950 -8.336888
v -5.418920 0.199948 -8.336888
v -5.774313 -0.199950 -8.150019
v -5.774313 0.199948 -8.150019
v -6.123249 -0.199950 -7.951388
v -6.123249 0.199948 -7.951388
v -6.465381 -0.199950 -7.741221
v -6.465381 0.199948 -7.741221
v -6.800287 -0.199950 -7.519750
v -6.800287 0.199948 -7.519750
v -7.127621 -0.199950 -7.287227
v -7.127621 0.199948 -7.287227
v -7.446998 -0.199950 -7.043902
v -7.446998 0.199948 -7.043902
v 10.114405 -0.199950 -8.846292
v 10.114405 0.199948 -8.846292
v 10.134123 -0.199950 -8.823695
v 10.134123 0.199948 -8.823695
vn -0.9051 0.0000 0.4252
vn -0.8841 0.0000 0.4674
vn -0.8611 0.0000 0.5085
vn -0.8361 0.0000 0.5485
vn -0.8093 0.0000 0.5873
vn -0.7807 0.0000 0.6249
vn -0.7505 0.0000 0.6609
vn -0.7185 0.0000 0.6956
vn -0.7185 0.0000 0.6955
vn -0.6848 0.0000 0.7287
vn -0.6498 0.0000 0.7601
vn -0.6132 0.0000 0.7899
vn -0.5752 0.0000 0.8180
vn -0.5361 0.0000 0.8441
vn -0.4958 0.0000 0.8685
vn -0.4542 0.0000 0.8909
vn -0.4117 0.0000 0.9113
vn -0.3683 0.0000 0.9297
vn -0.3241 0.0000 0.9460
vn -0.2791 0.0000 0.9603
vn -0.2336 0.0000 0.9723
vn -0.1875 0.0000 0.9823
vn -0.1410 0.0000 0.9900
vn -0.0942 0.0000 0.9956
vn -0.0471 0.0000 0.9989
vn 0.0000 0.0000 1.0000
vn 0.0471 0.0000 0.9989
vn 0.0942 0.0000 0.9956
vn 0.0941 0.0000 0.9956
vn 0.1410 0.0000 0.9900
vn 0.1875 0.0000 0.9823
vn 0.2336 0.0000 0.9723
vn 0.2791 0.0000 0.9603
vn 0.3241 0.0000 0.9460
vn 0.3683 0.0000 0.9297
vn 0.4118 0.0000 0.9113
vn 0.4542 0.0000 0.8909
vn 0.4957 0.0000 0.8685
vn 0.5361 0.0000 0.8441
vn 0.5753 0.0000 0.8179
vn 0.6132 0.0000 0.7899
vn 0.6497 0.0000 0.7601
vn 0.6849 0.0000 0.7287
vn 0.7185 0.0000 0.6956
vn 0.7505 0.0000 0.6609
vn 0.7807 0.0000 0.6249
vn 0.8093 0.0000 0.5873
vn 0.8361 0.0000 0.5485
vn 0.8611 0.0000 0.5085
vn 0.8841 0.0000 0.4674
vn 0.9051 0.0000 0.4252
vn 0.6575 0.0000 0.7534
vn -0.8341 0.0000 -0.5516
vn -0.8152 0.0000 -0.5791
vn -0.7954 0.0000 -0.6061
vn -0.7747 0.0000 -0.6324
vn -0.7531 0.0000 -0.6579
vn -0.7307 0.0000 -0.6827
vn -0.7075 0.0000 -0.7067
vn -0.6834 0.0000 -0.7300
vn -0.6834 0.0000 -0.7301
vn -0.6587 0.0000 -0.7524
vn -0.6331 0.0000 -0.7741
vn -0.6068 0.0000 -0.7948
vn -0.5799 0.0000 -0.8147
vn -0.5524 0.0000 -0.8336
vn -0.5242 0.0000 -0.8516
vn -0.4955 0.0000 -0.8686
vn -0.4661 0.0000 -0.8847
vn -0.4363 0.0000 -0.8998
vn -0.4060 0.0000 -0.9139
vn -0.3752 0.0000 -0.9270
vn -0.3440 0.0000 -0.9390
vn -0.3124 0.0000 -0.9500
vn -0.2804 0.0000 -0.9599
vn -0.2482 0.0000 -0.9687
vn -0.2157 0.0000 -0.9765
vn -0.1829 0.0000 -0.9831
vn -0.1499 0.0000 -0.9887
vn -0.1168 0.0000 -0.9932
vn -0.0835 0.0000 -0.9965
vn -0.0501 0.0000 -0.9987
vn -0.0502 0.0000 -0.9987
vn -0.0167 0.0000 -0.9999
vn 0.0167 0.0000 -0.9999
vn 0.0502 0.0000 -0.9987
vn 0.0501 0.0000 -0.9987
vn 0.0835 0.0000 -0.9965
vn 0.1168 0.0000 -0.9932
vn 0.1499 0.0000 -0.9887
vn 0.1829 0.0000 -0.9831
vn 0.2157 0.0000 -0.9765
vn 0.2482 0.0000 -0.9687
vn 0.2804 0.0000 -0.9599
vn 0.3124 0.0000 -0.9499
vn 0.3439 0.0000 -0.9390
vn 0.3752 0.0000 -0.9270
vn 0.4060 0.0000 -0.9139
vn 0.4363 0.0000 -0.8998
vn 0.4661 0.0000 -0.8847
vn 0.4955 0.0000 -0.8686
vn 0.5242 0.0000 -0.8516
vn 0.5524 0.0000 -0.8336
vn 0.5799 0.0000 -0.8147
vn 0.6069 0.0000 -0.7948
vn 0.6331 0.0000 -0.7741
vn 0.6586 0.0000 -0.7525
vn 0.6834 0.0000 -0.7300
vn 0.7074 0.0000 -0.7068
vn 0.7307 0.0000 -0.6827
vn 0.7531 0.0000 -0.6579
vn 0.7747 0.0000 -0.6324
vn 0.7954 0.0000 -0.6061
vn 0.8152 0.0000 -0.5792
vn 0.8341 0.0000 -0.5516
vn -0.6575 0.0000 0.7534
vn 0.9265 0.0000 -0.3762
vn 0.9429 0.0000 -0.3332
vn 0.9572 0.0000 -0.2893
vn 0.9696 0.0000 -0.2448
vn 0.9798 0.0000 -0.1999
vn 0.9880 0.0000 -0.1544
vn 0.9941 0.0000 -0.1088
vn 0.9980 0.0000 -0.0628
vn 0.9999 0.0000 -0.0168
vn 0.9996 0.0000 0.0295
vn 0.9972 0.0000 0.0754
vn 0.9926 0.0000 0.1213
vn 0.9860 0.0000 0.1670
vn 0.9772 0.0000 0.2122
vn 0.9664 0.0000 0.2572
vn 0.9535 0.0000 0.3014
vn 0.9386 0.0000 0.3450
vn 0.9217 0.0000 0.3879
vn 0.9028 0.0000 0.4300
vn 0.8821 0.0000 0.4711
vn 0.8594 0.0000 0.5113
vn 0.8349 0.0000 0.5505
vn 0.8086 0.0000 0.5883
vn 0.7806 0.0000 0.6251
vn 0.7806 0.0000 0.6250
vn 0.7510 0.0000 0.6603
vn 0.7197 0.0000 0.6943
vn 0.6870 0.0000 0.7267
vn 0.6527 0.0000 0.7576
vn 0.6171 0.0000 0.7869
vn 0.5802 0.0000 0.8145
vn 0.5420 0.0000 0.8404
vn -0.6575 0.0000 -0.7534
vn -1.0000 0.0000 0.0000
vn 1.0000 0.0000 -0.0000
vn 0.6575 0.0000 -0.7534
vn 0.4976 0.0000 0.8674
vn 0.4560 0.0000 0.8900
vn 0.4133 0.0000 0.9106
vn 0.3698 0.0000 0.9291
vn 0.3254 0.0000 0.9456
vn 0.2803 0.0000 0.9599
vn 0.2345 0.0000 0.9721
vn 0.1883 0.0000 0.9821
vn 0.1416 0.0000 0.9899
vn 0.0945 0.0000 0.9955
vn 0.0473 0.0000 0.9989
vn -0.0473 0.0000 0.9989
vn -0.0945 0.0000 0.9955
vn -0.1416 0.0000 0.9899
vn -0.1883 0.0000 0.9821
vn -0.2345 0.0000 0.9721
vn -0.2803 0.0000 0.9599
vn -0.3254 0.0000 0.9456
vn -0.3698 0.0000 0.9291
vn -0.4134 0.0000 0.9106
vn -0.4560 0.0000 0.8900
vn -0.4976 0.0000 0.8674
vn 0.6576 0.0000 -0.7534
vn -0.0000 0.0000 -1.0000
vn -0.6576 0.0000 -0.7534
vn 0.6319 0.0000 0.7750
vn 0.6057 0.0000 0.7957
vn 0.5789 0.0000 0.8154
vn 0.5513 0.0000 0.8343
vn 0.5232 0.0000 0.8522
vn 0.4945 0.0000 0.8692
vn 0.4652 0.0000 0.8852
vn 0.4354 0.0000 0.9002
vn 0.4051 0.0000 0.9143
vn 0.3744 0.0000 0.9273
vn 0.3432 0.0000 0.9393
vn 0.3117 0.0000 0.9502
vn 0.2798 0.0000 0.9600
vn 0.2477 0.0000 0.9688
vn 0.2476 0.0000 0.9688
vn 0.2152 0.0000 0.9766
vn 0.1825 0.0000 0.9832
vn 0.1496 0.0000 0.9887
vn 0.1165 0.0000 0.9932
vn 0.0833 0.0000 0.9965
vn 0.0500 0.0000 0.9987
vn 0.0167 0.0000 0.9999
vn -0.0167 0.0000 0.9999
vn -0.0500 0.0000 0.9987
vn -0.0833 0.0000 0.9965
vn -0.1165 0.0000 0.9932
vn -0.1496 0.0000 0.9887
vn -0.1825 0.0000 0.9832
vn -0.2152 0.0000 0.9766
vn -0.2476 0.0000 0.9688
vn -0.2477 0.0000 0.9688
vn -0.2798 0.0000 0.9600
vn -0.3117 0.0000 0.9502
vn -0.3432 0.0000 0.9393
vn -0.3744 0.0000 0.9273
vn -0.4051 0.0000 0.9143
vn -0.4354 0.0000 0.9002
vn -0.4652 0.0000 0.8852
vn -0.4945 0.0000 0.8692
vn -0.5231 0.0000 0.8522
vn -0.5513 0.0000 0.8343
vn -0.5789 0.0000 0.8154
vn -0.6057 0.0000 0.7957
vn -0.6319 0.0000 0.7750
vn 0.4989 0.0000 -0.8667
vn 0.4572 0.0000 -0.8894
vn 0.4145 0.0000 -0.9101
vn 0.3708 0.0000 -0.9287
vn 0.3263 0.0000 -0.9453
vn 0.2811 0.0000 -0.9597
vn 0.2352 0.0000 -0.9719
vn 0.1888 0.0000 -0.9820
vn 0.1420 0.0000 -0.9899
vn 0.0948 0.0000 -0.9955
vn 0.0475 0.0000 -0.9989
vn -0.0475 0.0000 -0.9989
vn -0.0948 0.0000 -0.9955
vn -0.1420 0.0000 -0.9899
vn -0.1888 0.0000 -0.9820
vn -0.2352 0.0000 -0.9719
vn -0.2811 0.0000 -0.9597
vn -0.3263 0.0000 -0.9453
vn -0.3708 0.0000 -0.9287
vn -0.4145 0.0000 -0.9101
vn -0.4572 0.0000 -0.8894
vn -0.4989 0.0000 -0.8667
vn 0.9259 0.0000 0.3777
vn 0.9423 0.0000 0.3347
vn 0.9568 0.0000 0.2907
vn 0.9691 0.0000 0.2465
vn 0.9795 0.0000 0.2014
vn 0.9878 0.0000 0.1559
vn 0.9939 0.0000 0.1103
vn 0.9979 0.0000 0.0644
vn 0.9998 0.0000 0.0184
vn 0.9996 0.0000 -0.0278
vn 0.9973 0.0000 -0.0740
vn 0.9928 0.0000 -0.1197
vn 0.9862 0.0000 -0.1655
vn 0.9776 0.0000 -0.2107
vn 0.9668 0.0000 -0.2555
vn 0.9539 0.0000 -0.3000
vn 0.9391 0.0000 -0.3435
vn 0.9223 0.0000 -0.3864
vn 0.9035 0.0000 -0.4286
vn 0.8827 0.0000 -0.4699
vn 0.8602 0.0000 -0.5100
vn 0.8357 0.0000 -0.5491
vn 0.8096 0.0000 -0.5870
vn 0.7816 0.0000 -0.6238
vn 0.7520 0.0000 -0.6591
vn 0.7208 0.0000 -0.6931
vn 0.6882 0.0000 -0.7256
vn 0.6539 0.0000 -0.7566
vn 0.6183 0.0000 -0.7859
vn 0.5814 0.0000 -0.8136
vn 0.5433 0.0000 -0.8395
vn -0.6593 0.0000 0.7519
vn -0.6840 0.0000 0.7295
vn -0.7079 0.0000 0.7063
vn -0.7311 0.0000 0.6823
vn -0.7533 0.0000 0.6576
vn -0.7748 0.0000 0.6321
vn -0.7955 0.0000 0.6059
vn -0.8152 0.0000 0.5792
vn -0.8341 0.0000 0.5517
vn -0.8520 0.0000 0.5236
vn -0.8689 0.0000 0.4949
vn -0.8850 0.0000 0.4657
vn -0.9000 0.0000 0.4360
vn -0.9140 0.0000 0.4058
vn -0.9270 0.0000 0.3751
vn -0.9390 0.0000 0.3439
vn -0.9499 0.0000 0.3126
vn -0.9598 0.0000 0.2806
vn -0.9686 0.0000 0.2486
vn -0.9763 0.0000 0.2162
vn -0.9830 0.0000 0.1835
vn -0.9886 0.0000 0.1507
vn -0.9931 0.0000 0.1176
vn -0.9964 0.0000 0.0845
vn -0.9987 0.0000 0.0513
vn -0.9998 0.0000 0.0181
vn -0.9999 0.0000 -0.0154
vn -0.9988 0.0000 -0.0486
vn -0.9966 0.0000 -0.0818
vn -0.9934 0.0000 -0.1150
vn -0.9890 0.0000 -0.1480
vn -0.9835 0.0000 -0.1809
vn -0.9769 0.0000 -0.2135
vn -0.9693 0.0000 -0.2460
vn -0.9605 0.0000 -0.2781
vn -0.9507 0.0000 -0.3100
vn -0.9399 0.0000 -0.3414
vn -0.9280 0.0000 -0.3726
vn -0.9151 0.0000 -0.4033
vn -0.9011 0.0000 -0.4336
vn -0.8862 0.0000 -0.4633
vn -0.8703 0.0000 -0.4926
vn -0.8534 0.0000 -0.5213
vn -0.5420 0.0000 0.8404
vn -0.5802 0.0000 0.8145
vn -0.6171 0.0000 0.7869
vn -0.6527 0.0000 0.7576
vn -0.6870 0.0000 0.7267
vn -0.7197 0.0000 0.6943
vn -0.7510 0.0000 0.6604
vn -0.7807 0.0000 0.6250
vn -0.8086 0.0000 0.5883
vn -0.8349 0.0000 0.5505
vn -0.8594 0.0000 0.5113
vn -0.8821 0.0000 0.4712
vn -0.9028 0.0000 0.4300
vn -0.9217 0.0000 0.3879
vn -0.9386 0.0000 0.3451
vn -0.9535 0.0000 0.3014
vn -0.9664 0.0000 0.2570
vn -0.9772 0.0000 0.2123
vn -0.9860 0.0000 0.1669
vn -0.9926 0.0000 0.1214
vn -0.9972 0.0000 0.0754
vn -0.9996 0.0000 0.0293
vn -0.9999 0.0000 -0.0167
vn -0.9980 0.0000 -0.0629
vn -0.9941 0.0000 -0.1087
vn -0.9880 0.0000 -0.1545
vn -0.9798 0.0000 -0.1999
vn -0.9696 0.0000 -0.2448
vn -0.9572 0.0000 -0.2893
vn -0.9429 0.0000 -0.3332
vn -0.9265 0.0000 -0.3762
vn -0.9058 0.0000 -0.4238
vn -0.8847 0.0000 -0.4661
vn -0.8617 0.0000 -0.5074
vn -0.8369 0.0000 -0.5474
vn -0.8101 0.0000 -0.5863
vn -0.7816 0.0000 -0.6238
vn -0.7512 0.0000 -0.6601
vn -0.7192 0.0000 -0.6948
vn -0.6856 0.0000 -0.7280
vn -0.6505 0.0000 -0.7595
vn -0.6140 0.0000 -0.7893
vn -0.5760 0.0000 -0.8175
vn -0.5368 0.0000 -0.8437
vn -0.4963 0.0000 -0.8681
vn -0.4548 0.0000 -0.8906
vn -0.4123 0.0000 -0.9111
vn -0.3688 0.0000 -0.9295
vn -0.3245 0.0000 -0.9459
vn -0.2795 0.0000 -0.9601
vn -0.2339 0.0000 -0.9723
vn -0.1877 0.0000 -0.9822
vn -0.1412 0.0000 -0.9900
vn -0.0943 0.0000 -0.9955
vn -0.0472 0.0000 -0.9989
vn 0.0472 0.0000 -0.9989
vn 0.0943 0.0000 -0.9955
vn 0.1412 0.0000 -0.9900
vn 0.1877 0.0000 -0.9822
vn 0.2339 0.0000 -0.9723
vn 0.2795 0.0000 -0.9601
vn 0.3245 0.0000 -0.9459
vn 0.3688 0.0000 -0.9295
vn 0.4123 0.0000 -0.9111
vn 0.4548 0.0000 -0.8906
vn 0.4963 0.0000 -0.8681
vn 0.5367 0.0000 -0.8438
vn 0.5760 0.0000 -0.8175
vn 0.6140 0.0000 -0.7893
vn 0.6505 0.0000 -0.7595
vn 0.6856 0.0000 -0.7279
vn 0.7192 0.0000 -0.6948
vn 0.7511 0.0000 -0.6601
vn 0.7815 0.0000 -0.6238
vn 0.8101 0.0000 -0.5863
vn 0.8369 0.0000 -0.5474
vn 0.8617 0.0000 -0.5074
vn 0.8847 0.0000 -0.4661
vn 0.9058 0.0000 -0.4238
vn 0.8534 0.0000 -0.5213
vn 0.8703 0.0000 -0.4926
vn 0.8862 0.0000 -0.4633
vn 0.9011 0.0000 -0.4336
vn 0.9151 0.0000 -0.4033
vn 0.9280 0.0000 -0.3726
vn 0.9399 0.0000 -0.3414
vn 0.9507 0.0000 -0.3100
vn 0.9605 0.0000 -0.2781
vn 0.9693 0.0000 -0.2459
vn 0.9769 0.0000 -0.2136
vn 0.9835 0.0000 -0.1809
vn 0.9890 0.0000 -0.1480
vn 0.9934 0.0000 -0.1150
vn 0.9966 0.0000 -0.0818
vn 0.9988 0.0000 -0.0486
vn 0.9999 0.0000 -0.0153
vn 0.9998 0.0000 0.0180
vn 0.9987 0.0000 0.0513
vn 0.9964 0.0000 0.0845
vn 0.9930 0.0000 0.1177
vn 0.9886 0.0000 0.1506
vn 0.9830 0.0000 0.1836
vn 0.9764 0.0000 0.2161
vn 0.9686 0.0000 0.2486
vn 0.9598 0.0000 0.2807
vn 0.9499 0.0000 0.3125
vn 0.9390 0.0000 0.3440
vn 0.9270 0.0000 0.3750
vn 0.9140 0.0000 0.4058
vn 0.9000 0.0000 0.4360
vn 0.8850 0.0000 0.4657
vn 0.8689 0.0000 0.4949
vn 0.8520 0.0000 0.5236
vn 0.8341 0.0000 0.5517
vn 0.8152 0.0000 0.5792
vn 0.7955 0.0000 0.6060
vn 0.7749 0.0000 0.6321
vn 0.7533 0.0000 0.6576
vn 0.7311 0.0000 0.6823
vn 0.7079 0.0000 0.7063
vn 0.6840 0.0000 0.7295
vn 0.6593 0.0000 0.7519
vn -0.5433 0.0000 -0.8395
vn -0.5814 0.0000 -0.8136
vn -0.6183 0.0000 -0.7859
vn -0.6540 0.0000 -0.7565
vn -0.6881 0.0000 -0.7256
vn -0.7208 0.0000 -0.6931
vn -0.7520 0.0000 -0.6591
vn -0.8096 0.0000 -0.5870
vn -0.8357 0.0000 -0.5491
vn -0.8602 0.0000 -0.5100
vn -0.8828 0.0000 -0.4698
vn -0.9035 0.0000 -0.4287
vn -0.9223 0.0000 -0.3864
vn -0.9391 0.0000 -0.3435
vn -0.9540 0.0000 -0.2999
vn -0.9668 0.0000 -0.2556
vn -0.9776 0.0000 -0.2107
vn -0.9862 0.0000 -0.1655
vn -0.9928 0.0000 -0.1197
vn -0.9973 0.0000 -0.0738
vn -0.9996 0.0000 -0.0279
vn -0.9998 0.0000 0.0184
vn -0.9979 0.0000 0.0644
vn -0.9939 0.0000 0.1103
vn -0.9877 0.0000 0.1561
vn -0.9795 0.0000 0.2014
vn -0.9692 0.0000 0.2464
vn -0.9568 0.0000 0.2907
vn -0.9423 0.0000 0.3347
vn -0.9259 0.0000 0.3777
vn -0.6597 0.0000 -0.7515
vn -0.6846 0.0000 -0.7289
vn -0.7088 0.0000 -0.7055
vn -0.7320 0.0000 -0.6813
vn -0.7546 0.0000 -0.6562
vn -0.7762 0.0000 -0.6305
vn -0.7970 0.0000 -0.6040
vn -0.8168 0.0000 -0.5769
vn -0.8357 0.0000 -0.5492
vn -0.8537 0.0000 -0.5207
vn -0.8708 0.0000 -0.4917
vn -0.8868 0.0000 -0.4622
vn -0.9018 0.0000 -0.4321
vn -0.9158 0.0000 -0.4016
vn -0.9288 0.0000 -0.3705
vn -0.9407 0.0000 -0.3391
vn -0.9516 0.0000 -0.3073
vn -0.9614 0.0000 -0.2751
vn -0.9701 0.0000 -0.2427
vn -0.9777 0.0000 -0.2099
vn -0.9842 0.0000 -0.1769
vn -0.9896 0.0000 -0.1436
vn -0.9939 0.0000 -0.1103
vn -0.9970 0.0000 -0.0769
vn -0.9991 0.0000 -0.0432
vn -1.0000 0.0000 -0.0097
vn -0.9997 0.0000 0.0240
vn -0.9983 0.0000 0.0576
vn -0.9958 0.0000 0.0911
vn -0.9922 0.0000 0.1245
vn -0.9875 0.0000 0.1578
vn -0.9816 0.0000 0.1909
vn -0.9746 0.0000 0.2237
vn -0.9665 0.0000 0.2565
vn -0.9574 0.0000 0.2888
vn -0.9471 0.0000 0.3209
vn -0.9358 0.0000 0.3524
vn -0.9234 0.0000 0.3838
vn -0.9100 0.0000 0.4145
vn -0.8955 0.0000 0.4450
vn -0.8801 0.0000 0.4748
vn -0.8636 0.0000 0.5041
vn -0.8462 0.0000 0.5329
vn -0.8278 0.0000 0.5610
vn -0.8085 0.0000 0.5885
vn -0.7882 0.0000 0.6154
vn -0.7671 0.0000 0.6415
vn -0.7671 0.0000 0.6416
vn -0.7451 0.0000 0.6669
vn -0.7222 0.0000 0.6916
vn -0.6986 0.0000 0.7155
vn -0.6741 0.0000 0.7386
vn -0.6489 0.0000 0.7608
vn -0.6230 0.0000 0.7822
vn -0.5963 0.0000 0.8028
vn -0.5690 0.0000 0.8223
vn -0.5410 0.0000 0.8410
vn -0.5125 0.0000 0.8587
vn -0.4833 0.0000 0.8755
vn -0.4536 0.0000 0.8912
vn -0.4234 0.0000 0.9060
vn -0.3927 0.0000 0.9197
vn -0.3615 0.0000 0.9324
vn -0.3300 0.0000 0.9440
vn -0.2981 0.0000 0.9545
vn -0.2658 0.0000 0.9640
vn -0.2332 0.0000 0.9724
vn -0.2004 0.0000 0.9797
vn -0.1673 0.0000 0.9859
vn -0.1341 0.0000 0.9910
vn -0.1007 0.0000 0.9949
vn -0.0672 0.0000 0.9977
vn -0.0336 0.0000 0.9994
vn 0.0336 0.0000 0.9994
vn 0.0672 0.0000 0.9977
vn 0.1007 0.0000 0.9949
vn 0.1341 0.0000 0.9910
vn 0.1673 0.0000 0.9859
vn 0.2004 0.0000 0.9797
vn 0.2332 0.0000 0.9724
vn 0.2658 0.0000 0.9640
vn 0.2981 0.0000 0.9545
vn 0.3300 0.0000 0.9440
vn 0.3615 0.0000 0.9324
vn 0.3927 0.0000 0.9197
vn 0.4234 0.0000 0.9060
vn 0.4536 0.0000 0.8912
vn 0.4833 0.0000 0.8755
vn 0.5124 0.0000 0.8587
vn 0.5410 0.0000 0.8410
vn 0.5690 0.0000 0.8223
vn 0.5963 0.0000 0.8028
vn 0.6230 0.0000 0.7822
vn 0.6489 0.0000 0.7609
vn 0.6489 0.0000 0.7608
vn 0.6741 0.0000 0.7386
vn 0.6986 0.0000 0.7156
vn 0.6985 0.0000 0.7156
vn 0.7223 0.0000 0.6916
vn 0.7451 0.0000 0.6670
vn 0.7671 0.0000 0.6415
vn 0.7882 0.0000 0.6154
vn 0.8085 0.0000 0.5885
vn 0.8278 0.0000 0.5610
vn 0.8462 0.0000 0.5328
vn 0.8636 0.0000 0.5041
vn 0.8801 0.0000 0.4748
vn 0.8955 0.0000 0.4450
vn 0.9100 0.0000 0.4146
vn 0.9235 0.0000 0.3837
vn 0.9358 0.0000 0.3525
vn 0.9472 0.0000 0.3208
vn 0.9574 0.0000 0.2888
vn 0.9666 0.0000 0.2564
vn 0.9746 0.0000 0.2237
vn 0.9816 0.0000 0.1909
vn 0.9875 0.0000 0.1578
vn 0.9922 0.0000 0.1245
vn 0.9958 0.0000 0.0911
vn 0.9983 0.0000 0.0575
vn 0.9997 0.0000 0.0239
vn 1.0000 0.0000 -0.0097
vn 0.9991 0.0000 -0.0432
vn 0.9970 0.0000 -0.0769
vn 0.9939 0.0000 -0.1103
vn 0.9896 0.0000 -0.1437
vn 0.9842 0.0000 -0.1769
vn 0.9777 0.0000 -0.2099
vn 0.9701 0.0000 -0.2427
vn 0.9614 0.0000 -0.2751
vn 0.9516 0.0000 -0.3073
vn 0.9408 0.0000 -0.3390
vn 0.9288 0.0000 -0.3706
vn 0.9159 0.0000 -0.4015
vn 0.9018 0.0000 -0.4322
vn 0.8868 0.0000 -0.4621
vn 0.8707 0.0000 -0.4918
vn 0.8537 0.0000 -0.5207
vn 0.8358 0.0000 -0.5491
vn 0.8168 0.0000 -0.5769
vn 0.7969 0.0000 -0.6041
vn 0.7762 0.0000 -0.6305
vn 0.7546 0.0000 -0.6562
vn 0.7320 0.0000 -0.6813
vn 0.7088 0.0000 -0.7055
vn 0.6846 0.0000 -0.7289
vn 0.6597 0.0000 -0.7515
vn -0.7535 0.0000 -0.6575
vn 0.6322 0.0000 -0.7748
vn 0.6060 0.0000 -0.7954
vn 0.5791 0.0000 -0.8152
vn 0.5516 0.0000 -0.8341
vn 0.5234 0.0000 -0.8521
vn 0.4947 0.0000 -0.8691
vn 0.4654 0.0000 -0.8851
vn 0.4356 0.0000 -0.9001
vn 0.4053 0.0000 -0.9142
vn 0.3746 0.0000 -0.9272
vn 0.3434 0.0000 -0.9392
vn 0.3119 0.0000 -0.9501
vn 0.2800 0.0000 -0.9600
vn 0.2478 0.0000 -0.9688
vn 0.2153 0.0000 -0.9765
vn 0.1826 0.0000 -0.9832
vn 0.1497 0.0000 -0.9887
vn 0.1166 0.0000 -0.9932
vn 0.0834 0.0000 -0.9965
vn -0.0834 0.0000 -0.9965
vn -0.1166 0.0000 -0.9932
vn -0.1497 0.0000 -0.9887
vn -0.1826 0.0000 -0.9832
vn -0.2153 0.0000 -0.9765
vn -0.2478 0.0000 -0.9688
vn -0.2800 0.0000 -0.9600
vn -0.3119 0.0000 -0.9501
vn -0.3434 0.0000 -0.9392
vn -0.3746 0.0000 -0.9272
vn -0.4053 0.0000 -0.9142
vn -0.4356 0.0000 -0.9001
vn -0.4654 0.0000 -0.8851
vn -0.4947 0.0000 -0.8691
vn -0.5234 0.0000 -0.8521
vn -0.5516 0.0000 -0.8341
vn -0.5791 0.0000 -0.8152
vn -0.6060 0.0000 -0.7954
vn -0.6322 0.0000 -0.7748
vn 0.7535 0.0000 -0.6575
vn 0.0000 1.0000 0.0000
vn 0.0000 -1.0000 -0.0000
usemtl None
s off
f 1//1 2//1 3//1
f 3//1 2//1 4//1
f 4//2 2//2 5//2
f 4//2 5//2 6//2
f 6//3 5//3 7//3
f 6//3 7//3 8//3
f 8//4 7//4 9//4
f 8//4 9//4 10//4
f 10//5 9//5 11//5
f 10//5 11//5 12//5
f 12//6 11//6 13//6
f 12//6 13//6 14//6
f 14//7 13//7 15//7
f 14//7 15//7 16//7
f 16//8 15//8 17//8
f 16//9 17//9 18//9
f 18//10 17//10 19//10
f 18//10 19//10 20//10
f 20//11 19//11 21//11
f 20//11 21//11 22//11
f 22//12 21//12 23//12
f 22//12 23//12 24//12
f 24//13 23//13 25//13
f 24//13 25//13 26//13
f 26//14 25//14 27//14
f 26//14 27//14 28//14
f 28//15 27//15 29//15
f 28//15 29//15 30//15
f 30//16 29//16 31//16
f 30//16 31//16 32//16
f 32//17 31//17 33//17
f 32//17 33//17 34//17
f 34//18 33//18 35//18
f 34//18 35//18 36//18
f 36//19 35//19 37//19
f 36//19 37//19 38//19
f 38//20 37//20 39//20
f 38//20 39//20 40//20
f 40//21 39//21 41//21
f 40//21 41//21 42//21
f 42//22 41//22 43//22
f 42//22 43//22 44//22
f 44//23 43//23 45//23
f 44//23 45//23 46//23
f 46//24 45//24 47//24
f 46//24 47//24 48//24
f 48//25 47//25 49//25
f 48//25 49//25 50//25
f 50//26 49//26 51//26
f 50//26 51//26 52//26
f 52//27 51//27 53//27
f 52//27 53//27 54//27
f 54//28 53//28 55//28
f 54//29 55//29 56//29
f 56//30 55//30 57//30
f 56//30 57//30 58//30
f 58//31 57//31 59//31
f 58//31 59//31 60//31
f 60//32 59//32 61//32
f 60//32 61//32 62//32
f 62//33 61//33 63//33
f 62//33 63//33 64//33
f 64//34 63//34 65//34
f 64//34 65//34 66//34
f 66//35 65//35 67//35
f 66//35 67//35 68//35
f 68//36 67//36 69//36
f 68//36 69//36 70//36
f 70//37 69//37 71//37
f 70//37 71//37 72//37
f 72//38 71//38 73//38
f 72//38 73//38 74//38
f 74//39 73//39 75//39
f 74//39 75//39 76//39
f 76//40 75//40 77//40
f 76//40 77//40 78//40
f 78//41 77//41 79//41
f 78//41 79//41 80//41
f 80//42 79//42 81//42
f 80//42 81//42 82//42
f 82//43 81//43 83//43
f 82//43 83//43 84//43
f 84//44 83//44 85//44
f 84//44 85//44 86//44
f 86//45 85//45 87//45
f 86//45 87//45 88//45
f 88//46 87//46 89//46
f 88//46 89//46 90//46
f 90//47 89//47 91//47
f 90//47 91//47 92//47
f 92//48 91//48 93//48
f 92//48 93//48 94//48
f 94//49 93//49 95//49
f 94//49 95//49 96//49
f 96//50 95//50 97//50
f 96//50 97//50 98//50
f 98//51 97//51 99//51
f 98//51 99//51 100//51
f 101//52 1//52 102//52
f 102//52 1//52 3//52
f 103//53 104//53 105//53
f 105//53 104//53 106//53
f 106//54 104//54 107//54
f 106//54 107//54 108//54
f 108//55 107//55 109//55
f 108//55 109//55 110//55
f 110//56 109//56 111//56
f 110//56 111//56 112//56
f 112//57 111//57 113//57
f 112//57 113//57 114//57
f 114//58 113//58 115//58
f 114//58 115//58 116//58
f 116//59 115//59 117//59
f 116//59 117//59 118//59
f 118//60 117//60 119//60
f 118//61 119//61 120//61
f 120//62 119//62 121//62
f 120//62 121//62 122//62
f 122//63 121//63 123//63
f 122//63 123//63 124//63
f 124//64 123//64 125//64
f 124//64 125//64 126//64
f 126//65 125//65 127//65
f 126//65 127//65 128//65
f 128//66 127//66 129//66
f 128//66 129//66 130//66
f 130//67 129//67 131//67
f 130//67 131//67 132//67
f 132//68 131//68 133//68
f 132//68 133//68 134//68
f 134//69 133//69 135//69
f 134//69 135//69 136//69
f 136//70 135//70 137//70
f 136//70 137//70 138//70
f 138//71 137//71 139//71
f 138//71 139//71 140//71
f 140//72 139//72 141//72
f 140//72 141//72 142//72
f 142//73 141//73 143//73
f 142//73 143//73 144//73
f 144//74 143//74 145//74
f 144//74 145//74 146//74
f 146//75 145//75 147//75
f 146//75 147//75 148//75
f 148//76 147//76 149//76
f 148//76 149//76 150//76
f 150//77 149//77 151//77
f 150//77 151//77 152//77
f 152//78 151//78 153//78
f 152//78 153//78 154//78
f 154//79 153//79 155//79
f 154//79 155//79 156//79
f 156//80 155//80 157//80
f 156//80 157//80 158//80
f 158//81 157//81 159//81
f 158//81 159//81 160//81
f 160//82 159//82 161//82
f 160//83 161//83 162//83
f 162//84 161//84 163//84
f 162//84 163//84 164//84
f 164//85 163//85 165//85
f 164//85 165//85 166//85
f 166//86 165//86 167//86
f 166//87 167//87 168//87
f 168//88 167//88 169//88
f 168//88 169//88 170//88
f 170//89 169//89 171//89
f 170//89 171//89 172//89
f 172//90 171//90 173//90
f 172//90 173//90 174//90
f 174//91 173//91 175//91
f 174//91 175//91 176//91
f 176//92 175//92 177//92
f 176//92 177//92 178//92
f 178//93 177//93 179//93
f 178//93 179//93 180//93
f 180//94 179//94 181//94
f 180//94 181//94 182//94
f 182//95 181//95 183//95
f 182//95 183//95 184//95
f 184//96 183//96 185//96
f 184//96 185//96 186//96
f 186//97 185//97 187//97
f 186//97 187//97 188//97
f 188//98 187//98 189//98
f 188//98 189//98 190//98
f 190//99 189//99 191//99
f 190//99 191//99 192//99
f 192//100 191//100 193//100
f 192//100 193//100 194//100
f 194//101 193//101 195//101
f 194//101 195//101 196//101
f 196//102 195//102 197//102
f 196//102 197//102 198//102
f 198//103 197//103 199//103
f 198//103 199//103 200//103
f 200//104 199//104 201//104
f 200//104 201//104 202//104
f 202//105 201//105 203//105
f 202//105 203//105 204//105
f 204//106 203//106 205//106
f 204//106 205//106 206//106
f 206//107 205//107 207//107
f 206//107 207//107 208//107
f 208//108 207//108 209//108
f 208//108 209//108 210//108
f 210//109 209//109 211//109
f 210//109 211//109 212//109
f 212//110 211//110 213//110
f 212//110 213//110 214//110
f 214//111 213//111 215//111
f 214//111 215//111 216//111
f 216//112 215//112 217//112
f 216//112 217//112 218//112
f 218//113 217//113 219//113
f 218//113 219//113 220//113
f 220//114 219//114 221//114
f 220//114 221//114 222//114
f 222//115 221//115 101//115
f 222//115 101//115 102//115
f 99//116 103//116 100//116
f 100//116 103//116 105//116
f 223//116 224//116 225//116
f 225//116 224//116 226//116
f 227//117 228//117 229//117
f 229//117 228//117 230//117
f 229//118 230//118 231//118
f 229//118 231//118 232//118
f 232//119 231//119 233//119
f 232//119 233//119 234//119
f 234//120 233//120 235//120
f 234//120 235//120 236//120
f 236//121 235//121 237//121
f 236//121 237//121 238//121
f 238//122 237//122 239//122
f 238//122 239//122 240//122
f 240//123 239//123 241//123
f 240//123 241//123 242//123
f 242//124 241//124 243//124
f 242//124 243//124 244//124
f 244//125 243//125 245//125
f 244//125 245//125 246//125
f 246//126 245//126 247//126
f 246//126 247//126 248//126
f 248//127 247//127 249//127
f 248//127 249//127 250//127
f 250//128 249//128 251//128
f 250//128 251//128 252//128
f 252//129 251//129 253//129
f 252//129 253//129 254//129
f 254//130 253//130 255//130
f 254//130 255//130 256//130
f 256//131 255//131 257//131
f 256//131 257//131 258//131
f 258//132 257//132 259//132
f 258//132 259//132 260//132
f 260//133 259//133 261//133
f 260//133 261//133 262//133
f 262//134 261//134 263//134
f 262//134 263//134 264//134
f 264//135 263//135 265//135
f 264//135 265//135 266//135
f 266//136 265//136 267//136
f 266//136 267//136 268//136
f 268//137 267//137 269//137
f 268//137 269//137 270//137
f 270//138 269//138 271//138
f 270//138 271//138 272//138
f 272//139 271//139 273//139
f 272//139 273//139 274//139
f 274//140 273//140 275//140
f 274//141 275//141 276//141
f 276//142 275//142 277//142
f 276//142 277//142 278//142
f 278//143 277//143 279//143
f 278//143 279//143 280//143
f 280//144 279//144 281//144
f 280//144 281//144 282//144
f 282//145 281//145 283//145
f 282//145 283//145 284//145
f 284//146 283//146 285//146
f 284//146 285//146 286//146
f 286//147 285//147 287//147
f 286//147 287//147 288//147
f 288//148 287//148 223//148
f 288//148 223//148 225//148
f 289//149 228//149 290//149
f 290//149 228//149 227//149
f 224//150 289//150 226//150
f 226//150 289//150 290//150
f 291//116 292//116 293//116
f 293//116 292//116 294//116
f 295//151 291//151 296//151
f 296//151 291//151 293//151
f 292//149 295//149 294//149
f 294//149 295//149 296//149
f 297//26 298//26 299//26
f 299//26 298//26 300//26
f 301//152 297//152 302//152
f 302//152 297//152 299//152
f 298//149 301//149 300//149
f 300//149 301//149 302//149
f 303//153 304//153 305//153
f 305//153 304//153 306//153
f 305//154 306//154 307//154
f 307//154 306//154 308//154
f 307//155 308//155 309//155
f 307//155 309//155 310//155
f 310//156 309//156 311//156
f 310//156 311//156 312//156
f 312//157 311//157 313//157
f 312//157 313//157 314//157
f 314//158 313//158 315//158
f 314//158 315//158 316//158
f 316//159 315//159 317//159
f 316//159 317//159 318//159
f 318//160 317//160 319//160
f 318//160 319//160 320//160
f 320//161 319//161 321//161
f 320//161 321//161 322//161
f 322//162 321//162 323//162
f 322//162 323//162 324//162
f 324//163 323//163 325//163
f 324//163 325//163 326//163
f 326//26 325//26 327//26
f 326//26 327//26 328//26
f 328//164 327//164 329//164
f 328//164 329//164 330//164
f 330//165 329//165 331//165
f 330//165 331//165 332//165
f 332//166 331//166 333//166
f 332//166 333//166 334//166
f 334//167 333//167 335//167
f 334//167 335//167 336//167
f 336//168 335//168 337//168
f 336//168 337//168 338//168
f 338//169 337//169 339//169
f 338//169 339//169 340//169
f 340//170 339//170 341//170
f 340//170 341//170 342//170
f 342//171 341//171 343//171
f 342//171 343//171 344//171
f 344//172 343//172 345//172
f 344//172 345//172 346//172
f 346//173 345//173 347//173
f 346//173 347//173 348//173
f 348//174 347//174 349//174
f 348//174 349//174 350//174
f 351//175 304//175 352//175
f 352//175 304//175 303//175
f 353//176 351//176 354//176
f 354//176 351//176 352//176
f 349//177 353//177 350//177
f 350//177 353//177 354//177
f 355//178 356//178 357//178
f 357//178 356//178 358//178
f 358//179 356//179 359//179
f 358//179 359//179 360//179
f 360//180 359//180 361//180
f 360//180 361//180 362//180
f 362//181 361//181 363//181
f 362//181 363//181 364//181
f 364//182 363//182 365//182
f 364//182 365//182 366//182
f 366//183 365//183 367//183
f 366//183 367//183 368//183
f 368//184 367//184 369//184
f 368//184 369//184 370//184
f 370//185 369//185 371//185
f 370//185 371//185 372//185
f 372//186 371//186 373//186
f 372//186 373//186 374//186
f 374//187 373//187 375//187
f 374//187 375//187 376//187
f 376//188 375//188 377//188
f 376//188 377//188 378//188
f 378//189 377//189 379//189
f 378//189 379//189 380//189
f 380//190 379//190 381//190
f 380//190 381//190 382//190
f 382//191 381//191 383//191
f 382//192 383//192 384//192
f 384//193 383//193 385//193
f 384//193 385//193 386//193
f 386//194 385//194 387//194
f 386//194 387//194 388//194
f 388//195 387//195 389//195
f 388//195 389//195 390//195
f 390//196 389//196 391//196
f 390//196 391//196 392//196
f 392//197 391//197 393//197
f 392//197 393//197 394//197
f 394//198 393//198 395//198
f 394//198 395//198 396//198
f 396//199 395//199 397//199
f 396//199 397//199 398//199
f 398//200 397//200 399//200
f 398//200 399//200 400//200
f 400//201 399//201 401//201
f 400//201 401//201 402//201
f 402//202 401//202 403//202
f 402//202 403//202 404//202
f 404//203 403//203 405//203
f 404//203 405//203 406//203
f 406//204 405//204 407//204
f 406//204 407//204 408//204
f 408//205 407//205 409//205
f 408//205 409//205 410//205
f 410//206 409//206 411//206
f 410//206 411//206 412//206
f 412//207 411//207 413//207
f 412//208 413//208 414//208
f 414//209 413//209 415//209
f 414//209 415//209 416//209
f 416//210 415//210 417//210
f 416//210 417//210 418//210
f 418//211 417//211 419//211
f 418//211 419//211 420//211
f 420//212 419//212 421//212
f 420//212 421//212 422//212
f 422//213 421//213 423//213
f 422//213 423//213 424//213
f 424//214 423//214 425//214
f 424//214 425//214 426//214
f 426//215 425//215 427//215
f 426//215 427//215 428//215
f 428//216 427//216 429//216
f 428//216 429//216 430//216
f 430//217 429//217 431//217
f 430//217 431//217 432//217
f 432//218 431//218 433//218
f 432//218 433//218 434//218
f 434//219 433//219 435//219
f 434//219 435//219 436//219
f 436//220 435//220 437//220
f 436//220 437//220 438//220
f 438//221 437//221 439//221
f 438//221 439//221 440//221
f 441//152 355//152 442//152
f 442//152 355//152 357//152
f 443//222 444//222 445//222
f 445//222 444//222 446//222
f 446//223 444//223 447//223
f 446//223 447//223 448//223
f 448//224 447//224 449//224
f 448//224 449//224 450//224
f 450//225 449//225 451//225
f 450//225 451//225 452//225
f 452//226 451//226 453//226
f 452//226 453//226 454//226
f 454//227 453//227 455//227
f 454//227 455//227 456//227
f 456//228 455//228 457//228
f 456//228 457//228 458//228
f 458//229 457//229 459//229
f 458//229 459//229 460//229
f 460//230 459//230 461//230
f 460//230 461//230 462//230
f 462//231 461//231 463//231
f 462//231 463//231 464//231
f 464//232 463//232 465//232
f 464//232 465//232 466//232
f 466//176 465//176 467//176
f 466//176 467//176 468//176
f 468//233 467//233 469//233
f 468//233 469//233 470//233
f 470//234 469//234 471//234
f 470//234 471//234 472//234
f 472//235 471//235 473//235
f 472//235 473//235 474//235
f 474//236 473//236 475//236
f 474//236 475//236 476//236
f 476//237 475//237 477//237
f 476//237 477//237 478//237
f 478//238 477//238 479//238
f 478//238 479//238 480//238
f 480//239 479//239 481//239
f 480//239 481//239 482//239
f 482//240 481//240 483//240
f 482//240 483//240 484//240
f 484//241 483//241 485//241
f 484//241 485//241 486//241
f 486//242 485//242 487//242
f 486//242 487//242 488//242
f 488//243 487//243 441//243
f 488//243 441//243 442//243
f 439//149 443//149 440//149
f 440//149 443//149 445//149
f 489//52 490//52 491//52
f 491//52 490//52 492//52
f 493//244 494//244 495//244
f 495//244 494//244 496//244
f 496//245 494//245 497//245
f 496//245 497//245 498//245
f 498//246 497//246 499//246
f 498//246 499//246 500//246
f 500//247 499//247 501//247
f 500//247 501//247 502//247
f 502//248 501//248 503//248
f 502//248 503//248 504//248
f 504//249 503//249 505//249
f 504//249 505//249 506//249
f 506//250 505//250 507//250
f 506//250 507//250 508//250
f 508//251 507//251 509//251
f 508//251 509//251 510//251
f 510//252 509//252 511//252
f 510//252 511//252 512//252
f 512//253 511//253 513//253
f 512//253 513//253 514//253
f 514//254 513//254 515//254
f 514//254 515//254 516//254
f 516//255 515//255 517//255
f 516//255 517//255 518//255
f 518//256 517//256 519//256
f 518//256 519//256 520//256
f 520//257 519//257 521//257
f 520//257 521//257 522//257
f 522//258 521//258 523//258
f 522//258 523//258 524//258
f 524//259 523//259 525//259
f 524//259 525//259 526//259
f 526//260 525//260 527//260
f 526//260 527//260 528//260
f 528//261 527//261 529//261
f 528//261 529//261 530//261
f 530//262 529//262 531//262
f 530//262 531//262 532//262
f 532//263 531//263 533//263
f 532//263 533//263 534//263
f 534//264 533//264 535//264
f 535//264 533//264 536//264
f 535//265 536//265 537//265
f 537//265 536//265 538//265
f 537//266 538//266 539//266
f 537//266 539//266 540//266
f 540//267 539//267 541//267
f 540//267 541//267 542//267
f 542//268 541//268 543//268
f 542//268 543//268 544//268
f 544//269 543//269 545//269
f 544//269 545//269 546//269
f 546//270 545//270 547//270
f 546//270 547//270 548//270
f 548//271 547//271 549//271
f 548//271 549//271 550//271
f 550//272 549//272 551//272
f 550//272 551//272 552//272
f 552//273 551//273 553//273
f 552//273 553//273 554//273
f 554//274 553//274 489//274
f 554//274 489//274 491//274
f 555//152 493//152 556//152
f 556//152 493//152 495//152
f 490//275 557//275 492//275
f 492//275 557//275 558//275
f 558//276 557//276 559//276
f 558//276 559//276 560//276
f 560//277 559//277 561//277
f 560//277 561//277 562//277
f 562//278 561//278 563//278
f 562//278 563//278 564//278
f 564//279 563//279 565//279
f 564//279 565//279 566//279
f 566//280 565//280 567//280
f 566//280 567//280 568//280
f 568//281 567//281 569//281
f 568//281 569//281 570//281
f 570//282 569//282 571//282
f 570//282 571//282 572//282
f 572//283 571//283 573//283
f 572//283 573//283 574//283
f 574//284 573//284 575//284
f 574//284 575//284 576//284
f 576//285 575//285 577//285
f 576//285 577//285 578//285
f 578//286 577//286 579//286
f 578//286 579//286 580//286
f 580//287 579//287 581//287
f 580//287 581//287 582//287
f 582//288 581//288 583//288
f 582//288 583//288 584//288
f 584//289 583//289 585//289
f 584//289 585//289 586//289
f 586//290 585//290 587//290
f 586//290 587//290 588//290
f 588//291 587//291 589//291
f 588//291 589//291 590//291
f 590//292 589//292 591//292
f 590//292 591//292 592//292
f 592//293 591//293 593//293
f 592//293 593//293 594//293
f 594//294 593//294 595//294
f 594//294 595//294 596//294
f 596//295 595//295 597//295
f 596//295 597//295 598//295
f 598//296 597//296 599//296
f 598//296 599//296 600//296
f 600//297 599//297 601//297
f 600//297 601//297 602//297
f 602//298 601//298 603//298
f 602//298 603//298 604//298
f 604//299 603//299 605//299
f 604//299 605//299 606//299
f 606//300 605//300 607//300
f 606//300 607//300 608//300
f 608//301 607//301 609//301
f 608//301 609//301 610//301
f 610//302 609//302 611//302
f 610//302 611//302 612//302
f 612//303 611//303 613//303
f 612//303 613//303 614//303
f 614//304 613//304 615//304
f 614//304 615//304 616//304
f 616//305 615//305 617//305
f 616//305 617//305 618//305
f 618//306 617//306 619//306
f 618//306 619//306 620//306
f 620//307 619//307 621//307
f 620//307 621//307 622//307
f 622//308 621//308 623//308
f 622//308 623//308 624//308
f 624//309 623//309 625//309
f 624//309 625//309 626//309
f 626//310 625//310 627//310
f 626//310 627//310 628//310
f 628//311 627//311 629//311
f 628//311 629//311 630//311
f 630//312 629//312 631//312
f 630//312 631//312 632//312
f 632//313 631//313 633//313
f 632//313 633//313 634//313
f 634//314 633//314 635//314
f 634//314 635//314 636//314
f 636//315 635//315 637//315
f 636//315 637//315 638//315
f 638//316 637//316 639//316
f 638//316 639//316 640//316
f 640//317 639//317 555//317
f 640//317 555//317 556//317
f 641//318 642//318 643//318
f 643//318 642//318 644//318
f 643//319 644//319 645//319
f 643//319 645//319 646//319
f 646//320 645//320 647//320
f 646//320 647//320 648//320
f 648//321 647//321 649//321
f 648//321 649//321 650//321
f 650//322 649//322 651//322
f 650//322 651//322 652//322
f 652//323 651//323 653//323
f 652//323 653//323 654//323
f 654//324 653//324 655//324
f 654//324 655//324 656//324
f 656//325 655//325 657//325
f 656//325 657//325 658//325
f 658//326 657//326 659//326
f 658//326 659//326 660//326
f 660//327 659//327 661//327
f 660//327 661//327 662//327
f 662//328 661//328 663//328
f 662//328 663//328 664//328
f 664//329 663//329 665//329
f 664//329 665//329 666//329
f 666//330 665//330 667//330
f 666//330 667//330 668//330
f 668//331 667//331 669//331
f 668//331 669//331 670//331
f 670//332 669//332 671//332
f 670//332 671//332 672//332
f 672//333 671//333 673//333
f 672//333 673//333 674//333
f 674//334 673//334 675//334
f 674//334 675//334 676//334
f 676//335 675//335 677//335
f 676//335 677//335 678//335
f 678//336 677//336 679//336
f 678//336 679//336 680//336
f 680//337 679//337 681//337
f 680//337 681//337 682//337
f 682//338 681//338 683//338
f 682//338 683//338 684//338
f 684//339 683//339 685//339
f 684//339 685//339 686//339
f 686//340 685//340 687//340
f 686//340 687//340 688//340
f 688//341 687//341 689//341
f 688//341 689//341 690//341
f 690//342 689//342 691//342
f 690//342 691//342 692//342
f 692//343 691//343 693//343
f 692//343 693//343 694//343
f 694//344 693//344 695//344
f 694//344 695//344 696//344
f 696//345 695//345 697//345
f 696//345 697//345 698//345
f 698//346 697//346 699//346
f 698//346 699//346 700//346
f 700//347 699//347 701//347
f 700//347 701//347 702//347
f 702//348 701//348 703//348
f 702//348 703//348 704//348
f 705//52 642//52 706//52
f 706//52 642//52 641//52
f 707//151 705//151 708//151
f 708//151 705//151 706//151
f 703//152 707//152 704//152
f 704//152 707//152 708//152
f 709//52 710//52 711//52
f 711//52 710//52 712//52
f 713//152 709//152 714//152
f 714//152 709//152 711//152
f 710//150 713//150 712//150
f 712//150 713//150 714//150
f 715//116 716//116 717//116
f 717//116 716//116 718//116
f 719//52 715//52 720//52
f 720//52 715//52 717//52
f 716//176 719//176 718//176
f 718//176 719//176 720//176
f 721//26 722//26 723//26
f 723//26 722//26 724//26
f 725//52 721//52 726//52
f 726//52 721//52 723//52
f 727//349 728//349 729//349
f 729//349 728//349 730//349
f 729//350 730//350 731//350
f 731//350 730//350 732//350
f 731//351 732//351 733//351
f 731//351 733//351 734//351
f 734//352 733//352 735//352
f 734//352 735//352 736//352
f 736//353 735//353 737//353
f 736//353 737//353 738//353
f 738//354 737//354 739//354
f 738//354 739//354 740//354
f 740//355 739//355 741//355
f 740//355 741//355 742//355
f 742//356 741//356 743//356
f 742//356 743//356 744//356
f 744//357 743//357 745//357
f 744//357 745//357 746//357
f 746//358 745//358 747//358
f 746//358 747//358 748//358
f 748//359 747//359 749//359
f 748//359 749//359 750//359
f 750//360 749//360 751//360
f 750//360 751//360 752//360
f 752//361 751//361 753//361
f 752//361 753//361 754//361
f 754//362 753//362 755//362
f 754//362 755//362 756//362
f 756//363 755//363 757//363
f 756//363 757//363 758//363
f 758//364 757//364 759//364
f 758//364 759//364 760//364
f 760//365 759//365 761//365
f 760//365 761//365 762//365
f 762//366 761//366 763//366
f 762//366 763//366 764//366
f 764//367 763//367 765//367
f 764//367 765//367 766//367
f 766//368 765//368 767//368
f 766//368 767//368 768//368
f 768//369 767//369 769//369
f 768//369 769//369 770//369
f 770//370 769//370 771//370
f 770//370 771//370 772//370
f 772//371 771//371 773//371
f 772//371 773//371 774//371
f 774//372 773//372 775//372
f 774//372 775//372 776//372
f 776//176 775//176 777//176
f 776//176 777//176 778//176
f 778//373 777//373 779//373
f 778//373 779//373 780//373
f 780//374 779//374 781//374
f 780//374 781//374 782//374
f 782//375 781//375 783//375
f 782//375 783//375 784//375
f 784//376 783//376 785//376
f 784//376 785//376 786//376
f 786//377 785//377 787//377
f 786//377 787//377 788//377
f 788//378 787//378 789//378
f 788//378 789//378 790//378
f 790//379 789//379 791//379
f 790//379 791//379 792//379
f 792//380 791//380 793//380
f 792//380 793//380 794//380
f 794//381 793//381 795//381
f 794//381 795//381 796//381
f 796//382 795//382 797//382
f 796//382 797//382 798//382
f 798//383 797//383 799//383
f 798//383 799//383 800//383
f 800//384 799//384 801//384
f 800//384 801//384 802//384
f 802//385 801//385 803//385
f 802//385 803//385 804//385
f 804//386 803//386 805//386
f 804//386 805//386 806//386
f 806//387 805//387 807//387
f 806//387 807//387 808//387
f 808//388 807//388 809//388
f 808//388 809//388 810//388
f 810//389 809//389 811//389
f 810//389 811//389 812//389
f 812//390 811//390 813//390
f 812//390 813//390 814//390
f 814//391 813//391 815//391
f 814//267 815//267 816//267
f 816//392 815//392 817//392
f 816//392 817//392 818//392
f 818//393 817//393 819//393
f 818//393 819//393 820//393
f 820//394 819//394 821//394
f 820//394 821//394 822//394
f 822//395 821//395 823//395
f 822//395 823//395 824//395
f 824//396 823//396 725//396
f 824//396 725//396 726//396
f 722//116 728//116 724//116
f 724//116 728//116 727//116
f 825//116 826//116 827//116
f 827//116 826//116 828//116
f 829//397 830//397 831//397
f 831//397 830//397 832//397
f 832//398 830//398 833//398
f 832//398 833//398 834//398
f 834//399 833//399 835//399
f 834//399 835//399 836//399
f 836//400 835//400 837//400
f 836//400 837//400 838//400
f 838//401 837//401 839//401
f 838//401 839//401 840//401
f 840//402 839//402 841//402
f 840//402 841//402 842//402
f 842//403 841//403 843//403
f 842//403 843//403 844//403
f 844//404 843//404 845//404
f 844//404 845//404 846//404
f 846//405 845//405 847//405
f 846//405 847//405 848//405
f 848//406 847//406 849//406
f 848//406 849//406 850//406
f 850//407 849//407 851//407
f 850//407 851//407 852//407
f 852//408 851//408 853//408
f 852//408 853//408 854//408
f 854//409 853//409 855//409
f 854//409 855//409 856//409
f 856//410 855//410 857//410
f 856//410 857//410 858//410
f 858//411 857//411 859//411
f 858//411 859//411 860//411
f 860//412 859//412 861//412
f 860//412 861//412 862//412
f 862//413 861//413 863//413
f 862//413 863//413 864//413
f 864//414 863//414 865//414
f 864//414 865//414 866//414
f 866//415 865//415 867//415
f 866//415 867//415 868//415
f 868//416 867//416 869//416
f 868//416 869//416 870//416
f 870//417 869//417 871//417
f 870//417 871//417 872//417
f 872//418 871//418 873//418
f 872//418 873//418 874//418
f 874//419 873//419 875//419
f 874//419 875//419 876//419
f 876//420 875//420 877//420
f 876//420 877//420 878//420
f 878//421 877//421 879//421
f 878//421 879//421 880//421
f 880//422 879//422 881//422
f 880//422 881//422 882//422
f 882//423 881//423 883//423
f 882//423 883//423 884//423
f 884//424 883//424 885//424
f 884//424 885//424 886//424
f 886//425 885//425 887//425
f 886//425 887//425 888//425
f 888//426 887//426 889//426
f 888//426 889//426 890//426
f 890//427 889//427 891//427
f 890//427 891//427 892//427
f 892//428 891//428 893//428
f 892//428 893//428 894//428
f 894//429 893//429 895//429
f 894//429 895//429 896//429
f 896//430 895//430 897//430
f 896//430 897//430 898//430
f 898//431 897//431 899//431
f 898//431 899//431 900//431
f 900//432 899//432 901//432
f 900//432 901//432 902//432
f 902//433 901//433 903//433
f 902//433 903//433 904//433
f 904//434 903//434 905//434
f 904//434 905//434 906//434
f 906//435 905//435 907//435
f 906//435 907//435 908//435
f 908//436 907//436 909//436
f 908//436 909//436 910//436
f 910//437 909//437 911//437
f 910//437 911//437 912//437
f 912//438 911//438 913//438
f 912//438 913//438 914//438
f 914//439 913//439 825//439
f 914//439 825//439 827//439
f 915//149 829//149 916//149
f 916//149 829//149 831//149
f 826//440 917//440 828//440
f 828//440 917//440 918//440
f 918//441 917//441 919//441
f 918//441 919//441 920//441
f 920//442 919//442 921//442
f 920//442 921//442 922//442
f 922//443 921//443 923//443
f 922//443 923//443 924//443
f 924//444 923//444 925//444
f 924//444 925//444 926//444
f 926//445 925//445 927//445
f 926//445 927//445 928//445
f 928//446 927//446 929//446
f 928//446 929//446 930//446
f 930//354 929//354 931//354
f 930//354 931//354 932//354
f 932//447 931//447 933//447
f 932//447 933//447 934//447
f 934//448 933//448 935//448
f 934//448 935//448 936//448
f 936//449 935//449 937//449
f 936//449 937//449 938//449
f 938//450 937//450 939//450
f 938//450 939//450 940//450
f 940//451 939//451 941//451
f 940//451 941//451 942//451
f 942//452 941//452 943//452
f 942//452 943//452 944//452
f 944//453 943//453 945//453
f 944//453 945//453 946//453
f 946//454 945//454 947//454
f 946//454 947//454 948//454
f 948//455 947//455 949//455
f 948//455 949//455 950//455
f 950//456 949//456 951//456
f 950//456 951//456 952//456
f 952//457 951//457 953//457
f 952//457 953//457 954//457
f 954//458 953//458 955//458
f 954//458 955//458 956//458
f 956//459 955//459 957//459
f 957//459 955//459 958//459
f 957//460 958//460 959//460
f 959//460 958//460 960//460
f 959//461 960//461 961//461
f 959//461 961//461 962//461
f 962//462 961//462 963//462
f 962//462 963//462 964//462
f 964//463 963//463 965//463
f 964//463 965//463 966//463
f 966//464 965//464 967//464
f 966//464 967//464 968//464
f 968//465 967//465 969//465
f 968//465 969//465 970//465
f 970//466 969//466 971//466
f 970//466 971//466 972//466
f 972//467 971//467 973//467
f 972//467 973//467 974//467
f 974//468 973//468 975//468
f 974//468 975//468 976//468
f 976//469 975//469 915//469
f 976//469 915//469 916//469
f 977//470 978//470 979//470
f 979//470 978//470 980//470
f 980//471 978//471 981//471
f 980//471 981//471 982//471
f 982//472 981//472 983//472
f 982//472 983//472 984//472
f 984//473 983//473 985//473
f 984//473 985//473 986//473
f 986//474 985//474 987//474
f 986//474 987//474 988//474
f 988//475 987//475 989//475
f 988//475 989//475 990//475
f 990//476 989//476 991//476
f 990//476 991//476 992//476
f 992//477 991//477 993//477
f 992//477 993//477 994//477
f 994//478 993//478 995//478
f 994//478 995//478 996//478
f 996//479 995//479 997//479
f 996//479 997//479 998//479
f 998//480 997//480 999//480
f 998//480 999//480 1000//480
f 1000//481 999//481 1001//481
f 1000//481 1001//481 1002//481
f 1002//482 1001//482 1003//482
f 1002//482 1003//482 1004//482
f 1004//483 1003//483 1005//483
f 1004//483 1005//483 1006//483
f 1006//484 1005//484 1007//484
f 1006//484 1007//484 1008//484
f 1008//485 1007//485 1009//485
f 1008//485 1009//485 1010//485
f 1010//486 1009//486 1011//486
f 1010//486 1011//486 1012//486
f 1012//487 1011//487 1013//487
f 1012//487 1013//487 1014//487
f 1014//488 1013//488 1015//488
f 1014//488 1015//488 1016//488
f 1016//489 1015//489 1017//489
f 1016//489 1017//489 1018//489
f 1018//490 1017//490 1019//490
f 1018//490 1019//490 1020//490
f 1020//491 1019//491 1021//491
f 1020//491 1021//491 1022//491
f 1022//492 1021//492 1023//492
f 1022//492 1023//492 1024//492
f 1024//493 1023//493 1025//493
f 1024//493 1025//493 1026//493
f 1026//494 1025//494 1027//494
f 1026//494 1027//494 1028//494
f 1028//495 1027//495 1029//495
f 1028//495 1029//495 1030//495
f 1030//496 1029//496 1031//496
f 1030//496 1031//496 1032//496
f 1032//497 1031//497 1033//497
f 1032//497 1033//497 1034//497
f 1034//498 1033//498 1035//498
f 1034//498 1035//498 1036//498
f 1036//499 1035//499 1037//499
f 1036//499 1037//499 1038//499
f 1038//500 1037//500 1039//500
f 1038//500 1039//500 1040//500
f 1040//501 1039//501 1041//501
f 1040//501 1041//501 1042//501
f 1042//502 1041//502 1043//502
f 1042//502 1043//502 1044//502
f 1044//503 1043//503 1045//503
f 1044//503 1045//503 1046//503
f 1046//504 1045//504 1047//504
f 1046//504 1047//504 1048//504
f 1048//505 1047//505 1049//505
f 1048//505 1049//505 1050//505
f 1050//506 1049//506 1051//506
f 1050//506 1051//506 1052//506
f 1052//507 1051//507 1053//507
f 1052//507 1053//507 1054//507
f 1054//508 1053//508 1055//508
f 1054//508 1055//508 1056//508
f 1056//509 1055//509 1057//509
f 1056//509 1057//509 1058//509
f 1058//510 1057//510 1059//510
f 1058//510 1059//510 1060//510
f 1060//511 1059//511 1061//511
f 1060//511 1061//511 1062//511
f 1062//512 1061//512 1063//512
f 1062//512 1063//512 1064//512
f 1064//513 1063//513 1065//513
f 1064//513 1065//513 1066//513
f 1066//514 1065//514 1067//514
f 1066//514 1067//514 1068//514
f 1068//515 1067//515 1069//515
f 1068//515 1069//515 1070//515
f 1070//516 1069//516 1071//516
f 1070//517 1071//517 1072//517
f 1072//518 1071//518 1073//518
f 1072//518 1073//518 1074//518
f 1074//519 1073//519 1075//519
f 1074//519 1075//519 1076//519
f 1076//520 1075//520 1077//520
f 1076//520 1077//520 1078//520
f 1078//521 1077//521 1079//521
f 1078//521 1079//521 1080//521
f 1080//522 1079//522 1081//522
f 1080//522 1081//522 1082//522
f 1082//523 1081//523 1083//523
f 1082//523 1083//523 1084//523
f 1084//524 1083//524 1085//524
f 1084//524 1085//524 1086//524
f 1086//525 1085//525 1087//525
f 1086//525 1087//525 1088//525
f 1088//526 1087//526 1089//526
f 1088//526 1089//526 1090//526
f 1090//527 1089//527 1091//527
f 1090//527 1091//527 1092//527
f 1092//528 1091//528 1093//528
f 1092//528 1093//528 1094//528
f 1094//529 1093//529 1095//529
f 1094//529 1095//529 1096//529
f 1096//530 1095//530 1097//530
f 1096//530 1097//530 1098//530
f 1098//531 1097//531 1099//531
f 1098//531 1099//531 1100//531
f 1100//532 1099//532 1101//532
f 1100//532 1101//532 1102//532
f 1102//533 1101//533 1103//533
f 1102//533 1103//533 1104//533
f 1104//534 1103//534 1105//534
f 1104//534 1105//534 1106//534
f 1106//535 1105//535 1107//535
f 1106//535 1107//535 1108//535
f 1108//536 1107//536 1109//536
f 1108//536 1109//536 1110//536
f 1110//537 1109//537 1111//537
f 1110//537 1111//537 1112//537
f 1112//538 1111//538 1113//538
f 1112//538 1113//538 1114//538
f 1114//539 1113//539 1115//539
f 1114//539 1115//539 1116//539
f 1116//540 1115//540 1117//540
f 1116//540 1117//540 1118//540
f 1118//541 1117//541 1119//541
f 1118//541 1119//541 1120//541
f 1120//542 1119//542 1121//542
f 1120//542 1121//542 1122//542
f 1122//26 1121//26 1123//26
f 1122//26 1123//26 1124//26
f 1124//543 1123//543 1125//543
f 1124//543 1125//543 1126//543
f 1126//544 1125//544 1127//544
f 1126//544 1127//544 1128//544
f 1128//545 1127//545 1129//545
f 1128//545 1129//545 1130//545
f 1130//546 1129//546 1131//546
f 1130//546 1131//546 1132//546
f 1132//547 1131//547 1133//547
f 1132//547 1133//547 1134//547
f 1134//548 1133//548 1135//548
f 1134//548 1135//548 1136//548
f 1136//549 1135//549 1137//549
f 1136//549 1137//549 1138//549
f 1138//550 1137//550 1139//550
f 1138//550 1139//550 1140//550
f 1140//551 1139//551 1141//551
f 1140//551 1141//551 1142//551
f 1142//552 1141//552 1143//552
f 1142//552 1143//552 1144//552
f 1144//553 1143//553 1145//553
f 1144//553 1145//553 1146//553
f 1146//554 1145//554 1147//554
f 1146//554 1147//554 1148//554
f 1148//555 1147//555 1149//555
f 1148//555 1149//555 1150//555
f 1150//556 1149//556 1151//556
f 1150//556 1151//556 1152//556
f 1152//557 1151//557 1153//557
f 1152//557 1153//557 1154//557
f 1154//558 1153//558 1155//558
f 1154//558 1155//558 1156//558
f 1156//559 1155//559 1157//559
f 1156//559 1157//559 1158//559
f 1158//560 1157//560 1159//560
f 1158//560 1159//560 1160//560
f 1160//561 1159//561 1161//561
f 1160//561 1161//561 1162//561
f 1162//562 1161//562 1163//562
f 1162//562 1163//562 1164//562
f 1164//563 1163//563 1165//563
f 1164//564 1165//564 1166//564
f 1166//565 1165//565 1167//565
f 1166//565 1167//565 1168//565
f 1168//566 1167//566 1169//566
f 1168//567 1169//567 1170//567
f 1170//568 1169//568 1171//568
f 1170//568 1171//568 1172//568
f 1172//569 1171//569 1173//569
f 1172//569 1173//569 1174//569
f 1174//570 1173//570 1175//570
f 1174//570 1175//570 1176//570
f 1176//571 1175//571 1177//571
f 1176//571 1177//571 1178//571
f 1178//572 1177//572 1179//572
f 1178//572 1179//572 1180//572
f 1180//573 1179//573 1181//573
f 1180//573 1181//573 1182//573
f 1182//574 1181//574 1183//574
f 1182//574 1183//574 1184//574
f 1184//575 1183//575 1185//575
f 1184//575 1185//575 1186//575
f 1186//576 1185//576 1187//576
f 1186//576 1187//576 1188//576
f 1188//577 1187//577 1189//577
f 1188//577 1189//577 1190//577
f 1190//578 1189//578 1191//578
f 1190//578 1191//578 1192//578
f 1192//579 1191//579 1193//579
f 1192//579 1193//579 1194//579
f 1194//580 1193//580 1195//580
f 1194//580 1195//580 1196//580
f 1196//581 1195//581 1197//581
f 1196//581 1197//581 1198//581
f 1198//582 1197//582 1199//582
f 1198//582 1199//582 1200//582
f 1200//583 1199//583 1201//583
f 1200//583 1201//583 1202//583
f 1202//584 1201//584 1203//584
f 1202//584 1203//584 1204//584
f 1204//585 1203//585 1205//585
f 1204//585 1205//585 1206//585
f 1206//586 1205//586 1207//586
f 1206//586 1207//586 1208//586
f 1208//587 1207//587 1209//587
f 1208//587 1209//587 1210//587
f 1210//588 1209//588 1211//588
f 1210//588 1211//588 1212//588
f 1212//589 1211//589 1213//589
f 1212//589 1213//589 1214//589
f 1214//590 1213//590 1215//590
f 1214//590 1215//590 1216//590
f 1216//591 1215//591 1217//591
f 1216//591 1217//591 1218//591
f 1218//592 1217//592 1219//592
f 1218//592 1219//592 1220//592
f 1220//593 1219//593 1221//593
f 1220//593 1221//593 1222//593
f 1222//594 1221//594 1223//594
f 1222//594 1223//594 1224//594
f 1224//595 1223//595 1225//595
f 1224//595 1225//595 1226//595
f 1226//596 1225//596 1227//596
f 1226//596 1227//596 1228//596
f 1228//597 1227//597 1229//597
f 1228//597 1229//597 1230//597
f 1230//598 1229//598 1231//598
f 1230//598 1231//598 1232//598
f 1232//599 1231//599 1233//599
f 1232//599 1233//599 1234//599
f 1234//600 1233//600 1235//600
f 1234//600 1235//600 1236//600
f 1236//601 1235//601 1237//601
f 1236//601 1237//601 1238//601
f 1238//602 1237//602 1239//602
f 1238//602 1239//602 1240//602
f 1240//603 1239//603 1241//603
f 1240//603 1241//603 1242//603
f 1242//604 1241//604 1243//604
f 1242//604 1243//604 1244//604
f 1244//605 1243//605 1245//605
f 1244//605 1245//605 1246//605
f 1246//606 1245//606 1247//606
f 1246//606 1247//606 1248//606
f 1248//607 1247//607 1249//607
f 1248//607 1249//607 1250//607
f 1250//608 1249//608 1251//608
f 1250//608 1251//608 1252//608
f 1252//609 1251//609 1253//609
f 1252//609 1253//609 1254//609
f 1254//610 1253//610 1255//610
f 1254//610 1255//610 1256//610
f 1256//611 1255//611 1257//611
f 1256//611 1257//611 1258//611
f 1258//612 1257//612 1259//612
f 1258//612 1259//612 1260//612
f 1260//613 1259//613 1261//613
f 1260//613 1261//613 1262//613
f 1262//614 1261//614 1263//614
f 1262//614 1263//614 1264//614
f 1264//615 1263//615 1265//615
f 1264//615 1265//615 1266//615
f 1266//616 1265//616 1267//616
f 1266//616 1267//616 1268//616
f 1269//116 977//116 1270//116
f 1270//116 977//116 979//116
f 1271//617 1269//617 1272//617
f 1272//617 1269//617 1270//617
f 1273//152 1271//152 1274//152
f 1274//152 1271//152 1272//152
f 1275//618 1276//618 1277//618
f 1277//618 1276//618 1278//618
f 1278//619 1276//619 1279//619
f 1278//619 1279//619 1280//619
f 1280//620 1279//620 1281//620
f 1280//620 1281//620 1282//620
f 1282//621 1281//621 1283//621
f 1282//621 1283//621 1284//621
f 1284//622 1283//622 1285//622
f 1284//622 1285//622 1286//622
f 1286//623 1285//623 1287//623
f 1286//623 1287//623 1288//623
f 1288//624 1287//624 1289//624
f 1288//624 1289//624 1290//624
f 1290//625 1289//625 1291//625
f 1290//625 1291//625 1292//625
f 1292//626 1291//626 1293//626
f 1292//626 1293//626 1294//626
f 1294//627 1293//627 1295//627
f 1294//627 1295//627 1296//627
f 1296//628 1295//628 1297//628
f 1296//628 1297//628 1298//628
f 1298//629 1297//629 1299//629
f 1298//629 1299//629 1300//629
f 1300//630 1299//630 1301//630
f 1300//630 1301//630 1302//630
f 1302//631 1301//631 1303//631
f 1302//631 1303//631 1304//631
f 1304//632 1303//632 1305//632
f 1304//632 1305//632 1306//632
f 1306//633 1305//633 1307//633
f 1306//633 1307//633 1308//633
f 1308//634 1307//634 1309//634
f 1308//634 1309//634 1310//634
f 1310//635 1309//635 1311//635
f 1310//635 1311//635 1312//635
f 1312//636 1311//636 1313//636
f 1312//636 1313//636 1314//636
f 1314//87 1313//87 1315//87
f 1314//87 1315//87 1316//87
f 1316//85 1315//85 1317//85
f 1316//85 1317//85 1318//85
f 1318//84 1317//84 1319//84
f 1318//84 1319//84 1320//84
f 1320//82 1319//82 1321//82
f 1320//82 1321//82 1322//82
f 1322//637 1321//637 1323//637
f 1322//637 1323//637 1324//637
f 1324//638 1323//638 1325//638
f 1324//638 1325//638 1326//638
f 1326//639 1325//639 1327//639
f 1326//639 1327//639 1328//639
f 1328//640 1327//640 1329//640
f 1328//640 1329//640 1330//640
f 1330//641 1329//641 1331//641
f 1330//641 1331//641 1332//641
f 1332//642 1331//642 1333//642
f 1332//642 1333//642 1334//642
f 1334//643 1333//643 1335//643
f 1334//643 1335//643 1336//643
f 1336//644 1335//644 1337//644
f 1336//644 1337//644 1338//644
f 1338//645 1337//645 1339//645
f 1338//645 1339//645 1340//645
f 1340//646 1339//646 1341//646
f 1340//646 1341//646 1342//646
f 1342//647 1341//647 1343//647
f 1342//647 1343//647 1344//647
f 1344//648 1343//648 1345//648
f 1344//648 1345//648 1346//648
f 1346//649 1345//649 1347//649
f 1346//649 1347//649 1348//649
f 1348//650 1347//650 1349//650
f 1348//650 1349//650 1350//650
f 1350//651 1349//651 1351//651
f 1350//651 1351//651 1352//651
f 1352//652 1351//652 1353//652
f 1352//652 1353//652 1354//652
f 1354//653 1353//653 1355//653
f 1354//653 1355//653 1356//653
f 1356//654 1355//654 1357//654
f 1356//654 1357//654 1358//654
f 1358//655 1357//655 1273//655
f 1358//655 1273//655 1274//655
f 1359//149 1275//149 1360//149
f 1360//149 1275//149 1277//149
f 1361//656 1359//656 1362//656
f 1362//656 1359//656 1360//656
f 1267//52 1361//52 1268//52
f 1268//52 1361//52 1362//52
f 918//657 288//657 828//657
f 828//657 288//657 225//657
f 828//657 225//657 442//657
f 442//657 225//657 303//657
f 442//657 303//657 488//657
f 488//657 303//657 305//657
f 488//657 305//657 486//657
f 486//657 305//657 307//657
f 486//657 307//657 484//657
f 484//657 307//657 310//657
f 484//657 310//657 482//657
f 482//657 310//657 312//657
f 482//657 312//657 480//657
f 480//657 312//657 314//657
f 480//657 314//657 478//657
f 478//657 314//657 316//657
f 478//657 316//657 476//657
f 476//657 316//657 318//657
f 476//657 318//657 474//657
f 474//657 318//657 320//657
f 474//657 320//657 472//657
f 472//657 320//657 322//657
f 472//657 322//657 470//657
f 470//657 322//657 324//657
f 470//657 324//657 468//657
f 468//657 324//657 326//657
f 468//657 326//657 328//657
f 288//657 918//657 286//657
f 286//657 918//657 920//657
f 286//657 920//657 284//657
f 284//657 920//657 922//657
f 284//657 922//657 282//657
f 282//657 922//657 924//657
f 282//657 924//657 280//657
f 280//657 924//657 926//657
f 280//657 926//657 278//657
f 278//657 926//657 928//657
f 278//657 928//657 276//657
f 276//657 928//657 930//657
f 276//657 930//657 274//657
f 274//657 930//657 932//657
f 274//657 932//657 272//657
f 272//657 932//657 934//657
f 272//657 934//657 270//657
f 270//657 934//657 936//657
f 270//657 936//657 268//657
f 268//657 936//657 938//657
f 268//657 938//657 266//657
f 266//657 938//657 940//657
f 266//657 940//657 264//657
f 264//657 940//657 942//657
f 264//657 942//657 262//657
f 262//657 942//657 944//657
f 262//657 944//657 260//657
f 260//657 944//657 946//657
f 260//657 946//657 258//657
f 258//657 946//657 948//657
f 258//657 948//657 256//657
f 256//657 948//657 950//657
f 256//657 950//657 254//657
f 254//657 950//657 952//657
f 254//657 952//657 252//657
f 252//657 952//657 954//657
f 252//657 954//657 250//657
f 250//657 954//657 956//657
f 250//657 956//657 248//657
f 248//657 956//657 957//657
f 248//657 957//657 246//657
f 246//657 957//657 959//657
f 246//657 959//657 244//657
f 244//657 959//657 962//657
f 244//657 962//657 242//657
f 242//657 962//657 964//657
f 242//657 964//657 240//657
f 240//657 964//657 966//657
f 240//657 966//657 238//657
f 238//657 966//657 968//657
f 238//657 968//657 236//657
f 236//657 968//657 970//657
f 236//657 970//657 234//657
f 234//657 970//657 972//657
f 234//657 972//657 232//657
f 232//657 972//657 974//657
f 232//657 974//657 229//657
f 229//657 974//657 976//657
f 229//657 976//657 227//657
f 227//657 976//657 916//657
f 227//657 916//657 726//657
f 726//657 916//657 3//657
f 726//657 3//657 824//657
f 824//657 3//657 4//657
f 824//657 4//657 822//657
f 822//657 4//657 6//657
f 822//657 6//657 820//657
f 820//657 6//657 8//657
f 820//657 8//657 818//657
f 818//657 8//657 10//657
f 818//657 10//657 816//657
f 816//657 10//657 12//657
f 816//657 12//657 814//657
f 814//657 12//657 14//657
f 814//657 14//657 812//657
f 812//657 14//657 16//657
f 812//657 16//657 810//657
f 810//657 16//657 18//657
f 810//657 18//657 808//657
f 808//657 18//657 20//657
f 808//657 20//657 806//657
f 806//657 20//657 22//657
f 806//657 22//657 804//657
f 804//657 22//657 24//657
f 804//657 24//657 802//657
f 802//657 24//657 26//657
f 802//657 26//657 800//657
f 800//657 26//657 28//657
f 800//657 28//657 798//657
f 798//657 28//657 30//657
f 798//657 30//657 796//657
f 796//657 30//657 32//657
f 796//657 32//657 794//657
f 794//657 32//657 34//657
f 794//657 34//657 792//657
f 792//657 34//657 36//657
f 792//657 36//657 790//657
f 790//657 36//657 38//657
f 790//657 38//657 788//657
f 788//657 38//657 40//657
f 788//657 40//657 786//657
f 786//657 40//657 42//657
f 786//657 42//657 784//657
f 784//657 42//657 44//657
f 784//657 44//657 782//657
f 782//657 44//657 46//657
f 782//657 46//657 780//657
f 780//657 46//657 48//657
f 780//657 48//657 778//657
f 778//657 48//657 50//657
f 778//657 50//657 52//657
f 916//657 831//657 3//657
f 3//657 831//657 102//657
f 102//657 831//657 1064//657
f 102//657 1064//657 222//657
f 222//657 1064//657 1066//657
f 222//657 1066//657 220//657
f 220//657 1066//657 1068//657
f 220//657 1068//657 218//657
f 218//657 1068//657 1070//657
f 218//657 1070//657 216//657
f 216//657 1070//657 1072//657
f 216//657 1072//657 214//657
f 214//657 1072//657 1074//657
f 214//657 1074//657 212//657
f 212//657 1074//657 1076//657
f 212//657 1076//657 210//657
f 210//657 1076//657 1078//657
f 210//657 1078//657 208//657
f 208//657 1078//657 1080//657
f 208//657 1080//657 206//657
f 206//657 1080//657 1082//657
f 206//657 1082//657 204//657
f 204//657 1082//657 1084//657
f 204//657 1084//657 202//657
f 202//657 1084//657 1086//657
f 202//657 1086//657 200//657
f 200//657 1086//657 1088//657
f 200//657 1088//657 198//657
f 198//657 1088//657 1090//657
f 198//657 1090//657 196//657
f 196//657 1090//657 1092//657
f 196//657 1092//657 194//657
f 194//657 1092//657 1094//657
f 194//657 1094//657 192//657
f 192//657 1094//657 1096//657
f 192//657 1096//657 190//657
f 190//657 1096//657 1098//657
f 190//657 1098//657 188//657
f 188//657 1098//657 1100//657
f 188//657 1100//657 186//657
f 186//657 1100//657 1102//657
f 186//657 1102//657 184//657
f 184//657 1102//657 1104//657
f 184//657 1104//657 182//657
f 182//657 1104//657 1106//657
f 182//657 1106//657 180//657
f 180//657 1106//657 1108//657
f 180//657 1108//657 178//657
f 178//657 1108//657 1110//657
f 178//657 1110//657 176//657
f 176//657 1110//657 1112//657
f 176//657 1112//657 174//657
f 174//657 1112//657 1114//657
f 174//657 1114//657 172//657
f 172//657 1114//657 1116//657
f 172//657 1116//657 170//657
f 170//657 1116//657 1118//657
f 170//657 1118//657 168//657
f 168//657 1118//657 1120//657
f 168//657 1120//657 166//657
f 166//657 1120//657 1122//657
f 166//657 1122//657 164//657
f 164//657 1122//657 1124//657
f 164//657 1124//657 162//657
f 162//657 1124//657 1126//657
f 162//657 1126//657 160//657
f 160//657 1126//657 1128//657
f 160//657 1128//657 158//657
f 158//657 1128//657 1130//657
f 158//657 1130//657 156//657
f 156//657 1130//657 1132//657
f 156//657 1132//657 154//657
f 154//657 1132//657 1134//657
f 154//657 1134//657 152//657
f 152//657 1134//657 1136//657
f 152//657 1136//657 150//657
f 150//657 1136//657 1138//657
f 150//657 1138//657 148//657
f 148//657 1138//657 1140//657
f 148//657 1140//657 146//657
f 146//657 1140//657 1142//657
f 146//657 1142//657 144//657
f 144//657 1142//657 1144//657
f 144//657 1144//657 142//657
f 142//657 1144//657 1146//657
f 142//657 1146//657 140//657
f 140//657 1146//657 1148//657
f 140//657 1148//657 138//657
f 138//657 1148//657 1150//657
f 138//657 1150//657 136//657
f 136//657 1150//657 1152//657
f 136//657 1152//657 134//657
f 134//657 1152//657 1154//657
f 134//657 1154//657 132//657
f 132//657 1154//657 1156//657
f 132//657 1156//657 130//657
f 130//657 1156//657 1158//657
f 130//657 1158//657 128//657
f 128//657 1158//657 1160//657
f 128//657 1160//657 126//657
f 126//657 1160//657 1162//657
f 126//657 1162//657 124//657
f 124//657 1162//657 1164//657
f 124//657 1164//657 122//657
f 122//657 1164//657 1166//657
f 122//657 1166//657 120//657
f 120//657 1166//657 1168//657
f 120//657 1168//657 118//657
f 118//657 1168//657 1170//657
f 118//657 1170//657 116//657
f 116//657 1170//657 1172//657
f 116//657 1172//657 114//657
f 114//657 1172//657 1174//657
f 114//657 1174//657 112//657
f 112//657 1174//657 1176//657
f 112//657 1176//657 110//657
f 110//657 1176//657 1178//657
f 110//657 1178//657 108//657
f 108//657 1178//657 1180//657
f 108//657 1180//657 106//657
f 106//657 1180//657 1182//657
f 106//657 1182//657 105//657
f 105//657 1182//657 556//657
f 105//657 556//657 100//657
f 100//657 556//657 495//657
f 100//657 495//657 727//657
f 727//657 495//657 704//657
f 727//657 704//657 724//657
f 724//657 704//657 708//657
f 724//657 708//657 714//657
f 714//657 708//657 706//657
f 714//657 706//657 712//657
f 712//657 706//657 354//657
f 712//657 354//657 300//657
f 300//657 354//657 352//657
f 300//657 352//657 299//657
f 299//657 352//657 293//657
f 299//657 293//657 294//657
f 1064//657 831//657 1062//657
f 1062//657 831//657 832//657
f 1062//657 832//657 1060//657
f 1060//657 832//657 834//657
f 1060//657 834//657 1058//657
f 1058//657 834//657 836//657
f 1058//657 836//657 1056//657
f 1056//657 836//657 838//657
f 1056//657 838//657 1054//657
f 1054//657 838//657 840//657
f 1054//657 840//657 1052//657
f 1052//657 840//657 842//657
f 1052//657 842//657 1050//657
f 1050//657 842//657 844//657
f 1050//657 844//657 1048//657
f 1048//657 844//657 846//657
f 1048//657 846//657 1046//657
f 1046//657 846//657 848//657
f 1046//657 848//657 1044//657
f 1044//657 848//657 850//657
f 1044//657 850//657 1042//657
f 1042//657 850//657 852//657
f 1042//657 852//657 1040//657
f 1040//657 852//657 854//657
f 1040//657 854//657 1038//657
f 1038//657 854//657 856//657
f 1038//657 856//657 1036//657
f 1036//657 856//657 858//657
f 1036//657 858//657 1034//657
f 1034//657 858//657 860//657
f 1034//657 860//657 1032//657
f 1032//657 860//657 862//657
f 1032//657 862//657 1030//657
f 1030//657 862//657 864//657
f 1030//657 864//657 1028//657
f 1028//657 864//657 866//657
f 1028//657 866//657 1026//657
f 1026//657 866//657 868//657
f 1026//657 868//657 1024//657
f 1024//657 868//657 870//657
f 1024//657 870//657 1022//657
f 1022//657 870//657 872//657
f 1022//657 872//657 1020//657
f 1020//657 872//657 874//657
f 1020//657 874//657 1018//657
f 1018//657 874//657 876//657
f 1018//657 876//657 1016//657
f 1016//657 876//657 878//657
f 1016//657 878//657 1014//657
f 1014//657 878//657 880//657
f 1014//657 880//657 1012//657
f 1012//657 880//657 882//657
f 1012//657 882//657 1010//657
f 1010//657 882//657 884//657
f 1010//657 884//657 1008//657
f 1008//657 884//657 886//657
f 1008//657 886//657 1006//657
f 1006//657 886//657 888//657
f 1006//657 888//657 1004//657
f 1004//657 888//657 890//657
f 1004//657 890//657 1002//657
f 1002//657 890//657 892//657
f 1002//657 892//657 1000//657
f 1000//657 892//657 894//657
f 1000//657 894//657 998//657
f 998//657 894//657 896//657
f 998//657 896//657 996//657
f 996//657 896//657 898//657
f 996//657 898//657 994//657
f 994//657 898//657 900//657
f 994//657 900//657 992//657
f 992//657 900//657 902//657
f 992//657 902//657 990//657
f 990//657 902//657 904//657
f 990//657 904//657 988//657
f 988//657 904//657 906//657
f 988//657 906//657 986//657
f 986//657 906//657 908//657
f 986//657 908//657 984//657
f 984//657 908//657 910//657
f 984//657 910//657 982//657
f 982//657 910//657 912//657
f 982//657 912//657 980//657
f 980//657 912//657 914//657
f 980//657 914//657 979//657
f 979//657 914//657 827//657
f 979//657 827//657 1274//657
f 1274//657 827//657 357//657
f 1274//657 357//657 1358//657
f 1358//657 357//657 358//657
f 1358//657 358//657 1356//657
f 1356//657 358//657 360//657
f 1356//657 360//657 1354//657
f 1354//657 360//657 362//657
f 1354//657 362//657 1352//657
f 1352//657 362//657 364//657
f 1352//657 364//657 1350//657
f 1350//657 364//657 366//657
f 1350//657 366//657 1348//657
f 1348//657 366//657 368//657
f 1348//657 368//657 1346//657
f 1346//657 368//657 370//657
f 1346//657 370//657 1344//657
f 1344//657 370//657 372//657
f 1344//657 372//657 1342//657
f 1342//657 372//657 374//657
f 1342//657 374//657 1340//657
f 1340//657 374//657 376//657
f 1340//657 376//657 1338//657
f 1338//657 376//657 378//657
f 1338//657 378//657 1336//657
f 1336//657 378//657 380//657
f 1336//657 380//657 1334//657
f 1334//657 380//657 382//657
f 1334//657 382//657 1332//657
f 1332//657 382//657 384//657
f 1332//657 384//657 1330//657
f 1330//657 384//657 386//657
f 1330//657 386//657 1328//657
f 1328//657 386//657 388//657
f 1328//657 388//657 1326//657
f 1326//657 388//657 390//657
f 1326//657 390//657 1324//657
f 1324//657 390//657 392//657
f 1324//657 392//657 1322//657
f 1322//657 392//657 394//657
f 1322//657 394//657 1320//657
f 1320//657 394//657 396//657
f 1320//657 396//657 1318//657
f 1318//657 396//657 398//657
f 1318//657 398//657 400//657
f 827//657 828//657 357//657
f 357//657 828//657 442//657
f 727//657 729//657 100//657
f 100//657 729//657 98//657
f 98//657 729//657 731//657
f 98//657 731//657 96//657
f 96//657 731//657 734//657
f 96//657 734//657 94//657
f 94//657 734//657 736//657
f 94//657 736//657 92//657
f 92//657 736//657 738//657
f 92//657 738//657 90//657
f 90//657 738//657 740//657
f 90//657 740//657 88//657
f 88//657 740//657 742//657
f 88//657 742//657 86//657
f 86//657 742//657 744//657
f 86//657 744//657 84//657
f 84//657 744//657 746//657
f 84//657 746//657 82//657
f 82//657 746//657 748//657
f 82//657 748//657 80//657
f 80//657 748//657 750//657
f 80//657 750//657 78//657
f 78//657 750//657 752//657
f 78//657 752//657 76//657
f 76//657 752//657 754//657
f 76//657 754//657 74//657
f 74//657 754//657 756//657
f 74//657 756//657 72//657
f 72//657 756//657 758//657
f 72//657 758//657 70//657
f 70//657 758//657 760//657
f 70//657 760//657 68//657
f 68//657 760//657 762//657
f 68//657 762//657 66//657
f 66//657 762//657 764//657
f 66//657 764//657 64//657
f 64//657 764//657 766//657
f 64//657 766//657 62//657
f 62//657 766//657 768//657
f 62//657 768//657 60//657
f 60//657 768//657 770//657
f 60//657 770//657 58//657
f 58//657 770//657 772//657
f 58//657 772//657 56//657
f 56//657 772//657 774//657
f 56//657 774//657 54//657
f 54//657 774//657 776//657
f 54//657 776//657 52//657
f 52//657 776//657 778//657
f 726//657 723//657 227//657
f 227//657 723//657 290//657
f 290//657 723//657 296//657
f 290//657 296//657 226//657
f 226//657 296//657 293//657
f 226//657 293//657 352//657
f 296//657 723//657 720//657
f 720//657 723//657 724//657
f 720//657 724//657 718//657
f 718//657 724//657 714//657
f 718//657 714//657 711//657
f 296//657 720//657 294//657
f 294//657 720//657 717//657
f 294//657 717//657 302//657
f 302//657 717//657 711//657
f 302//657 711//657 300//657
f 300//657 711//657 712//657
f 711//657 717//657 718//657
f 354//657 706//657 350//657
f 350//657 706//657 641//657
f 350//657 641//657 445//657
f 445//657 641//657 491//657
f 445//657 491//657 440//657
f 440//657 491//657 492//657
f 440//657 492//657 1277//657
f 1277//657 492//657 1268//657
f 1277//657 1268//657 1360//657
f 1360//657 1268//657 1362//657
f 641//657 643//657 491//657
f 491//657 643//657 554//657
f 554//657 643//657 646//657
f 554//657 646//657 552//657
f 552//657 646//657 648//657
f 552//657 648//657 550//657
f 550//657 648//657 650//657
f 550//657 650//657 548//657
f 548//657 650//657 652//657
f 548//657 652//657 546//657
f 546//657 652//657 654//657
f 546//657 654//657 544//657
f 544//657 654//657 656//657
f 544//657 656//657 542//657
f 542//657 656//657 658//657
f 542//657 658//657 540//657
f 540//657 658//657 660//657
f 540//657 660//657 537//657
f 537//657 660//657 662//657
f 537//657 662//657 535//657
f 535//657 662//657 664//657
f 535//657 664//657 534//657
f 534//657 664//657 666//657
f 534//657 666//657 532//657
f 532//657 666//657 668//657
f 532//657 668//657 530//657
f 530//657 668//657 670//657
f 530//657 670//657 528//657
f 528//657 670//657 672//657
f 528//657 672//657 526//657
f 526//657 672//657 674//657
f 526//657 674//657 524//657
f 524//657 674//657 676//657
f 524//657 676//657 522//657
f 522//657 676//657 678//657
f 522//657 678//657 520//657
f 520//657 678//657 680//657
f 520//657 680//657 518//657
f 518//657 680//657 682//657
f 518//657 682//657 516//657
f 516//657 682//657 684//657
f 516//657 684//657 514//657
f 514//657 684//657 686//657
f 514//657 686//657 512//657
f 512//657 686//657 688//657
f 512//657 688//657 510//657
f 510//657 688//657 690//657
f 510//657 690//657 508//657
f 508//657 690//657 692//657
f 508//657 692//657 506//657
f 506//657 692//657 694//657
f 506//657 694//657 504//657
f 504//657 694//657 696//657
f 504//657 696//657 502//657
f 502//657 696//657 698//657
f 502//657 698//657 500//657
f 500//657 698//657 700//657
f 500//657 700//657 498//657
f 498//657 700//657 702//657
f 498//657 702//657 496//657
f 496//657 702//657 704//657
f 496//657 704//657 495//657
f 492//657 558//657 1268//657
f 1268//657 558//657 1266//657
f 1266//657 558//657 560//657
f 1266//657 560//657 1264//657
f 1264//657 560//657 562//657
f 1264//657 562//657 1262//657
f 1262//657 562//657 564//657
f 1262//657 564//657 1260//657
f 1260//657 564//657 566//657
f 1260//657 566//657 1258//657
f 1258//657 566//657 568//657
f 1258//657 568//657 1256//657
f 1256//657 568//657 570//657
f 1256//657 570//657 1254//657
f 1254//657 570//657 572//657
f 1254//657 572//657 1252//657
f 1252//657 572//657 574//657
f 1252//657 574//657 1250//657
f 1250//657 574//657 576//657
f 1250//657 576//657 1248//657
f 1248//657 576//657 578//657
f 1248//657 578//657 1246//657
f 1246//657 578//657 580//657
f 1246//657 580//657 1244//657
f 1244//657 580//657 582//657
f 1244//657 582//657 1242//657
f 1242//657 582//657 584//657
f 1242//657 584//657 1240//657
f 1240//657 584//657 586//657
f 1240//657 586//657 1238//657
f 1238//657 586//657 588//657
f 1238//657 588//657 1236//657
f 1236//657 588//657 590//657
f 1236//657 590//657 1234//657
f 1234//657 590//657 592//657
f 1234//657 592//657 1232//657
f 1232//657 592//657 594//657
f 1232//657 594//657 1230//657
f 1230//657 594//657 596//657
f 1230//657 596//657 1228//657
f 1228//657 596//657 598//657
f 1228//657 598//657 1226//657
f 1226//657 598//657 600//657
f 1226//657 600//657 1224//657
f 1224//657 600//657 602//657
f 1224//657 602//657 1222//657
f 1222//657 602//657 604//657
f 1222//657 604//657 1220//657
f 1220//657 604//657 606//657
f 1220//657 606//657 1218//657
f 1218//657 606//657 608//657
f 1218//657 608//657 1216//657
f 1216//657 608//657 610//657
f 1216//657 610//657 1214//657
f 1214//657 610//657 612//657
f 1214//657 612//657 1212//657
f 1212//657 612//657 614//657
f 1212//657 614//657 1210//657
f 1210//657 614//657 616//657
f 1210//657 616//657 1208//657
f 1208//657 616//657 618//657
f 1208//657 618//657 1206//657
f 1206//657 618//657 620//657
f 1206//657 620//657 1204//657
f 1204//657 620//657 622//657
f 1204//657 622//657 1202//657
f 1202//657 622//657 624//657
f 1202//657 624//657 1200//657
f 1200//657 624//657 626//657
f 1200//657 626//657 1198//657
f 1198//657 626//657 628//657
f 1198//657 628//657 1196//657
f 1196//657 628//657 630//657
f 1196//657 630//657 1194//657
f 1194//657 630//657 632//657
f 1194//657 632//657 1192//657
f 1192//657 632//657 634//657
f 1192//657 634//657 1190//657
f 1190//657 634//657 636//657
f 1190//657 636//657 1188//657
f 1188//657 636//657 638//657
f 1188//657 638//657 1186//657
f 1186//657 638//657 640//657
f 1186//657 640//657 1184//657
f 1184//657 640//657 556//657
f 1184//657 556//657 1182//657
f 445//657 446//657 350//657
f 350//657 446//657 348//657
f 348//657 446//657 448//657
f 348//657 448//657 346//657
f 346//657 448//657 450//657
f 346//657 450//657 344//657
f 344//657 450//657 452//657
f 344//657 452//657 342//657
f 342//657 452//657 454//657
f 342//657 454//657 340//657
f 340//657 454//657 456//657
f 340//657 456//657 338//657
f 338//657 456//657 458//657
f 338//657 458//657 336//657
f 336//657 458//657 460//657
f 336//657 460//657 334//657
f 334//657 460//657 462//657
f 334//657 462//657 332//657
f 332//657 462//657 464//657
f 332//657 464//657 330//657
f 330//657 464//657 466//657
f 330//657 466//657 328//657
f 328//657 466//657 468//657
f 1318//657 400//657 1316//657
f 1316//657 400//657 402//657
f 1316//657 402//657 1314//657
f 1314//657 402//657 404//657
f 1314//657 404//657 1312//657
f 1312//657 404//657 406//657
f 1312//657 406//657 1310//657
f 1310//657 406//657 408//657
f 1310//657 408//657 1308//657
f 1308//657 408//657 410//657
f 1308//657 410//657 1306//657
f 1306//657 410//657 412//657
f 1306//657 412//657 1304//657
f 1304//657 412//657 414//657
f 1304//657 414//657 1302//657
f 1302//657 414//657 416//657
f 1302//657 416//657 1300//657
f 1300//657 416//657 418//657
f 1300//657 418//657 1298//657
f 1298//657 418//657 420//657
f 1298//657 420//657 1296//657
f 1296//657 420//657 422//657
f 1296//657 422//657 1294//657
f 1294//657 422//657 424//657
f 1294//657 424//657 1292//657
f 1292//657 424//657 426//657
f 1292//657 426//657 1290//657
f 1290//657 426//657 428//657
f 1290//657 428//657 1288//657
f 1288//657 428//657 430//657
f 1288//657 430//657 1286//657
f 1286//657 430//657 432//657
f 1286//657 432//657 1284//657
f 1284//657 432//657 434//657
f 1284//657 434//657 1282//657
f 1282//657 434//657 436//657
f 1282//657 436//657 1280//657
f 1280//657 436//657 438//657
f 1280//657 438//657 1278//657
f 1278//657 438//657 440//657
f 1278//657 440//657 1277//657
f 352//657 303//657 226//657
f 226//657 303//657 225//657
f 294//657 302//657 299//657
f 1274//657 1272//657 979//657
f 979//657 1272//657 1270//657
f 975//658 228//658 915//658
f 915//658 228//658 725//658
f 915//658 725//658 1//658
f 1//658 725//658 823//658
f 1//658 823//658 2//658
f 2//658 823//658 821//658
f 2//658 821//658 5//658
f 5//658 821//658 819//658
f 5//658 819//658 7//658
f 7//658 819//658 817//658
f 7//658 817//658 9//658
f 9//658 817//658 815//658
f 9//658 815//658 11//658
f 11//658 815//658 813//658
f 11//658 813//658 13//658
f 13//658 813//658 811//658
f 13//658 811//658 15//658
f 15//658 811//658 809//658
f 15//658 809//658 17//658
f 17//658 809//658 807//658
f 17//658 807//658 19//658
f 19//658 807//658 805//658
f 19//658 805//658 21//658
f 21//658 805//658 803//658
f 21//658 803//658 23//658
f 23//658 803//658 801//658
f 23//658 801//658 25//658
f 25//658 801//658 799//658
f 25//658 799//658 27//658
f 27//658 799//658 797//658
f 27//658 797//658 29//658
f 29//658 797//658 795//658
f 29//658 795//658 31//658
f 31//658 795//658 793//658
f 31//658 793//658 33//658
f 33//658 793//658 791//658
f 33//658 791//658 35//658
f 35//658 791//658 789//658
f 35//658 789//658 37//658
f 37//658 789//658 787//658
f 37//658 787//658 39//658
f 39//658 787//658 785//658
f 39//658 785//658 41//658
f 41//658 785//658 783//658
f 41//658 783//658 43//658
f 43//658 783//658 781//658
f 43//658 781//658 45//658
f 45//658 781//658 779//658
f 45//658 779//658 47//658
f 47//658 779//658 777//658
f 47//658 777//658 49//658
f 49//658 777//658 775//658
f 49//658 775//658 51//658
f 51//658 775//658 53//658
f 53//658 775//658 773//658
f 53//658 773//658 55//658
f 55//658 773//658 771//658
f 55//658 771//658 57//658
f 57//658 771//658 769//658
f 57//658 769//658 59//658
f 59//658 769//658 767//658
f 59//658 767//658 61//658
f 61//658 767//658 765//658
f 61//658 765//658 63//658
f 63//658 765//658 763//658
f 63//658 763//658 65//658
f 65//658 763//658 761//658
f 65//658 761//658 67//658
f 67//658 761//658 759//658
f 67//658 759//658 69//658
f 69//658 759//658 757//658
f 69//658 757//658 71//658
f 71//658 757//658 755//658
f 71//658 755//658 73//658
f 73//658 755//658 753//658
f 73//658 753//658 75//658
f 75//658 753//658 751//658
f 75//658 751//658 77//658
f 77//658 751//658 749//658
f 77//658 749//658 79//658
f 79//658 749//658 747//658
f 79//658 747//658 81//658
f 81//658 747//658 745//658
f 81//658 745//658 83//658
f 83//658 745//658 743//658
f 83//658 743//658 85//658
f 85//658 743//658 741//658
f 85//658 741//658 87//658
f 87//658 741//658 739//658
f 87//658 739//658 89//658
f 89//658 739//658 737//658
f 89//658 737//658 91//658
f 91//658 737//658 735//658
f 91//658 735//658 93//658
f 93//658 735//658 733//658
f 93//658 733//658 95//658
f 95//658 733//658 732//658
f 95//658 732//658 97//658
f 97//658 732//658 730//658
f 97//658 730//658 99//658
f 99//658 730//658 728//658
f 99//658 728//658 493//658
f 493//658 728//658 703//658
f 493//658 703//658 494//658
f 494//658 703//658 701//658
f 494//658 701//658 497//658
f 497//658 701//658 699//658
f 497//658 699//658 499//658
f 499//658 699//658 697//658
f 499//658 697//658 501//658
f 501//658 697//658 695//658
f 501//658 695//658 503//658
f 503//658 695//658 693//658
f 503//658 693//658 505//658
f 505//658 693//658 691//658
f 505//658 691//658 507//658
f 507//658 691//658 689//658
f 507//658 689//658 509//658
f 509//658 689//658 687//658
f 509//658 687//658 511//658
f 511//658 687//658 685//658
f 511//658 685//658 513//658
f 513//658 685//658 683//658
f 513//658 683//658 515//658
f 515//658 683//658 681//658
f 515//658 681//658 517//658
f 517//658 681//658 679//658
f 517//658 679//658 519//658
f 519//658 679//658 677//658
f 519//658 677//658 521//658
f 521//658 677//658 675//658
f 521//658 675//658 523//658
f 523//658 675//658 673//658
f 523//658 673//658 525//658
f 525//658 673//658 671//658
f 525//658 671//658 527//658
f 527//658 671//658 669//658
f 527//658 669//658 529//658
f 529//658 669//658 667//658
f 529//658 667//658 531//658
f 531//658 667//658 665//658
f 531//658 665//658 533//658
f 533//658 665//658 663//658
f 533//658 663//658 536//658
f 536//658 663//658 661//658
f 536//658 661//658 538//658
f 538//658 661//658 659//658
f 538//658 659//658 539//658
f 539//658 659//658 657//658
f 539//658 657//658 541//658
f 541//658 657//658 655//658
f 541//658 655//658 543//658
f 543//658 655//658 653//658
f 543//658 653//658 545//658
f 545//658 653//658 651//658
f 545//658 651//658 547//658
f 547//658 651//658 649//658
f 547//658 649//658 549//658
f 549//658 649//658 647//658
f 549//658 647//658 551//658
f 551//658 647//658 645//658
f 551//658 645//658 553//658
f 553//658 645//658 644//658
f 553//658 644//658 489//658
f 489//658 644//658 642//658
f 489//658 642//658 443//658
f 443//658 642//658 349//658
f 443//658 349//658 444//658
f 444//658 349//658 347//658
f 444//658 347//658 447//658
f 447//658 347//658 345//658
f 447//658 345//658 449//658
f 449//658 345//658 343//658
f 449//658 343//658 451//658
f 451//658 343//658 341//658
f 451//658 341//658 453//658
f 453//658 341//658 339//658
f 453//658 339//658 455//658
f 455//658 339//658 337//658
f 455//658 337//658 457//658
f 457//658 337//658 335//658
f 457//658 335//658 459//658
f 459//658 335//658 333//658
f 459//658 333//658 461//658
f 461//658 333//658 331//658
f 461//658 331//658 463//658
f 463//658 331//658 329//658
f 463//658 329//658 465//658
f 465//658 329//658 327//658
f 465//658 327//658 325//658
f 228//658 975//658 230//658
f 230//658 975//658 973//658
f 230//658 973//658 231//658
f 231//658 973//658 971//658
f 231//658 971//658 233//658
f 233//658 971//658 969//658
f 233//658 969//658 235//658
f 235//658 969//658 967//658
f 235//658 967//658 237//658
f 237//658 967//658 965//658
f 237//658 965//658 239//658
f 239//658 965//658 963//658
f 239//658 963//658 241//658
f 241//658 963//658 961//658
f 241//658 961//658 243//658
f 243//658 961//658 960//658
f 243//658 960//658 245//658
f 245//658 960//658 958//658
f 245//658 958//658 247//658
f 247//658 958//658 955//658
f 247//658 955//658 249//658
f 249//658 955//658 953//658
f 249//658 953//658 251//658
f 251//658 953//658 951//658
f 251//658 951//658 253//658
f 253//658 951//658 949//658
f 253//658 949//658 255//658
f 255//658 949//658 947//658
f 255//658 947//658 257//658
f 257//658 947//658 945//658
f 257//658 945//658 259//658
f 259//658 945//658 943//658
f 259//658 943//658 261//658
f 261//658 943//658 941//658
f 261//658 941//658 263//658
f 263//658 941//658 939//658
f 263//658 939//658 265//658
f 265//658 939//658 937//658
f 265//658 937//658 267//658
f 267//658 937//658 935//658
f 267//658 935//658 269//658
f 269//658 935//658 933//658
f 269//658 933//658 271//658
f 271//658 933//658 931//658
f 271//658 931//658 273//658
f 273//658 931//658 929//658
f 273//658 929//658 275//658
f 275//658 929//658 927//658
f 275//658 927//658 277//658
f 277//658 927//658 925//658
f 277//658 925//658 279//658
f 279//658 925//658 923//658
f 279//658 923//658 281//658
f 281//658 923//658 921//658
f 281//658 921//658 283//658
f 283//658 921//658 919//658
f 283//658 919//658 285//658
f 285//658 919//658 917//658
f 285//658 917//658 287//658
f 287//658 917//658 826//658
f 287//658 826//658 223//658
f 223//658 826//658 441//658
f 223//658 441//658 304//658
f 304//658 441//658 487//658
f 304//658 487//658 306//658
f 306//658 487//658 485//658
f 306//658 485//658 308//658
f 308//658 485//658 483//658
f 308//658 483//658 309//658
f 309//658 483//658 481//658
f 309//658 481//658 311//658
f 311//658 481//658 479//658
f 311//658 479//658 313//658
f 313//658 479//658 477//658
f 313//658 477//658 315//658
f 315//658 477//658 475//658
f 315//658 475//658 317//658
f 317//658 475//658 473//658
f 317//658 473//658 319//658
f 319//658 473//658 471//658
f 319//658 471//658 321//658
f 321//658 471//658 469//658
f 321//658 469//658 323//658
f 323//658 469//658 467//658
f 323//658 467//658 325//658
f 325//658 467//658 465//658
f 441//658 826//658 355//658
f 355//658 826//658 825//658
f 355//658 825//658 1273//658
f 1273//658 825//658 977//658
f 1273//658 977//658 1271//658
f 1271//658 977//658 1269//658
f 825//658 913//658 977//658
f 977//658 913//658 978//658
f 978//658 913//658 911//658
f 978//658 911//658 981//658
f 981//658 911//658 909//658
f 981//658 909//658 983//658
f 983//658 909//658 907//658
f 983//658 907//658 985//658
f 985//658 907//658 905//658
f 985//658 905//658 987//658
f 987//658 905//658 903//658
f 987//658 903//658 989//658
f 989//658 903//658 901//658
f 989//658 901//658 991//658
f 991//658 901//658 899//658
f 991//658 899//658 993//658
f 993//658 899//658 897//658
f 993//658 897//658 995//658
f 995//658 897//658 895//658
f 995//658 895//658 997//658
f 997//658 895//658 893//658
f 997//658 893//658 999//658
f 999//658 893//658 891//658
f 999//658 891//658 1001//658
f 1001//658 891//658 889//658
f 1001//658 889//658 1003//658
f 1003//658 889//658 887//658
f 1003//658 887//658 1005//658
f 1005//658 887//658 885//658
f 1005//658 885//658 1007//658
f 1007//658 885//658 883//658
f 1007//658 883//658 1009//658
f 1009//658 883//658 881//658
f 1009//658 881//658 1011//658
f 1011//658 881//658 879//658
f 1011//658 879//658 1013//658
f 1013//658 879//658 877//658
f 1013//658 877//658 1015//658
f 1015//658 877//658 875//658
f 1015//658 875//658 1017//658
f 1017//658 875//658 873//658
f 1017//658 873//658 1019//658
f 1019//658 873//658 871//658
f 1019//658 871//658 1021//658
f 1021//658 871//658 869//658
f 1021//658 869//658 1023//658
f 1023//658 869//658 867//658
f 1023//658 867//658 1025//658
f 1025//658 867//658 865//658
f 1025//658 865//658 1027//658
f 1027//658 865//658 863//658
f 1027//658 863//658 1029//658
f 1029//658 863//658 861//658
f 1029//658 861//658 1031//658
f 1031//658 861//658 859//658
f 1031//658 859//658 1033//658
f 1033//658 859//658 857//658
f 1033//658 857//658 1035//658
f 1035//658 857//658 855//658
f 1035//658 855//658 1037//658
f 1037//658 855//658 853//658
f 1037//658 853//658 1039//658
f 1039//658 853//658 851//658
f 1039//658 851//658 1041//658
f 1041//658 851//658 849//658
f 1041//658 849//658 1043//658
f 1043//658 849//658 847//658
f 1043//658 847//658 1045//658
f 1045//658 847//658 845//658
f 1045//658 845//658 1047//658
f 1047//658 845//658 843//658
f 1047//658 843//658 1049//658
f 1049//658 843//658 841//658
f 1049//658 841//658 1051//658
f 1051//658 841//658 839//658
f 1051//658 839//658 1053//658
f 1053//658 839//658 837//658
f 1053//658 837//658 1055//658
f 1055//658 837//658 835//658
f 1055//658 835//658 1057//658
f 1057//658 835//658 833//658
f 1057//658 833//658 1059//658
f 1059//658 833//658 830//658
f 1059//658 830//658 1061//658
f 1061//658 830//658 829//658
f 1061//658 829//658 1063//658
f 1063//658 829//658 101//658
f 1063//658 101//658 221//658
f 101//658 829//658 1//658
f 1//658 829//658 915//658
f 728//658 722//658 703//658
f 703//658 722//658 707//658
f 707//658 722//658 713//658
f 707//658 713//658 705//658
f 705//658 713//658 710//658
f 705//658 710//658 353//658
f 353//658 710//658 298//658
f 353//658 298//658 297//658
f 713//658 722//658 716//658
f 716//658 722//658 721//658
f 716//658 721//658 719//658
f 719//658 721//658 295//658
f 719//658 295//658 292//658
f 725//658 228//658 721//658
f 721//658 228//658 289//658
f 721//658 289//658 295//658
f 295//658 289//658 224//658
f 295//658 224//658 291//658
f 291//658 224//658 351//658
f 291//658 351//658 297//658
f 297//658 351//658 353//658
f 713//658 716//658 709//658
f 709//658 716//658 715//658
f 709//658 715//658 301//658
f 301//658 715//658 292//658
f 301//658 292//658 297//658
f 297//658 292//658 291//658
f 292//658 715//658 719//658
f 298//658 710//658 709//658
f 642//658 705//658 349//658
f 349//658 705//658 353//658
f 639//658 1183//658 555//658
f 555//658 1183//658 1181//658
f 555//658 1181//658 103//658
f 103//658 1181//658 104//658
f 104//658 1181//658 1179//658
f 104//658 1179//658 107//658
f 107//658 1179//658 1177//658
f 107//658 1177//658 109//658
f 109//658 1177//658 1175//658
f 109//658 1175//658 111//658
f 111//658 1175//658 1173//658
f 111//658 1173//658 113//658
f 113//658 1173//658 1171//658
f 113//658 1171//658 115//658
f 115//658 1171//658 1169//658
f 115//658 1169//658 117//658
f 117//658 1169//658 1167//658
f 117//658 1167//658 119//658
f 119//658 1167//658 1165//658
f 119//658 1165//658 121//658
f 121//658 1165//658 1163//658
f 121//658 1163//658 123//658
f 123//658 1163//658 1161//658
f 123//658 1161//658 125//658
f 125//658 1161//658 1159//658
f 125//658 1159//658 127//658
f 127//658 1159//658 1157//658
f 127//658 1157//658 129//658
f 129//658 1157//658 1155//658
f 129//658 1155//658 131//658
f 131//658 1155//658 1153//658
f 131//658 1153//658 133//658
f 133//658 1153//658 1151//658
f 133//658 1151//658 135//658
f 135//658 1151//658 1149//658
f 135//658 1149//658 137//658
f 137//658 1149//658 1147//658
f 137//658 1147//658 139//658
f 139//658 1147//658 1145//658
f 139//658 1145//658 141//658
f 141//658 1145//658 1143//658
f 141//658 1143//658 143//658
f 143//658 1143//658 1141//658
f 143//658 1141//658 145//658
f 145//658 1141//658 1139//658
f 145//658 1139//658 147//658
f 147//658 1139//658 1137//658
f 147//658 1137//658 149//658
f 149//658 1137//658 1135//658
f 149//658 1135//658 151//658
f 151//658 1135//658 1133//658
f 151//658 1133//658 153//658
f 153//658 1133//658 1131//658
f 153//658 1131//658 155//658
f 155//658 1131//658 1129//658
f 155//658 1129//658 157//658
f 157//658 1129//658 1127//658
f 157//658 1127//658 159//658
f 159//658 1127//658 1125//658
f 159//658 1125//658 161//658
f 161//658 1125//658 1123//658
f 161//658 1123//658 163//658
f 163//658 1123//658 1121//658
f 163//658 1121//658 165//658
f 165//658 1121//658 1119//658
f 165//658 1119//658 167//658
f 167//658 1119//658 1117//658
f 167//658 1117//658 169//658
f 169//658 1117//658 1115//658
f 169//658 1115//658 171//658
f 171//658 1115//658 1113//658
f 171//658 1113//658 173//658
f 173//658 1113//658 1111//658
f 173//658 1111//658 175//658
f 175//658 1111//658 1109//658
f 175//658 1109//658 177//658
f 177//658 1109//658 1107//658
f 177//658 1107//658 179//658
f 179//658 1107//658 1105//658
f 179//658 1105//658 181//658
f 181//658 1105//658 1103//658
f 181//658 1103//658 183//658
f 183//658 1103//658 1101//658
f 183//658 1101//658 185//658
f 185//658 1101//658 1099//658
f 185//658 1099//658 187//658
f 187//658 1099//658 1097//658
f 187//658 1097//658 189//658
f 189//658 1097//658 1095//658
f 189//658 1095//658 191//658
f 191//658 1095//658 1093//658
f 191//658 1093//658 193//658
f 193//658 1093//658 1091//658
f 193//658 1091//658 195//658
f 195//658 1091//658 1089//658
f 195//658 1089//658 197//658
f 197//658 1089//658 1087//658
f 197//658 1087//658 199//658
f 199//658 1087//658 1085//658
f 199//658 1085//658 201//658
f 201//658 1085//658 1083//658
f 201//658 1083//658 203//658
f 203//658 1083//658 1081//658
f 203//658 1081//658 205//658
f 205//658 1081//658 1079//658
f 205//658 1079//658 207//658
f 207//658 1079//658 1077//658
f 207//658 1077//658 209//658
f 209//658 1077//658 1075//658
f 209//658 1075//658 211//658
f 211//658 1075//658 1073//658
f 211//658 1073//658 213//658
f 213//658 1073//658 1071//658
f 213//658 1071//658 215//658
f 215//658 1071//658 1069//658
f 215//658 1069//658 217//658
f 217//658 1069//658 1067//658
f 217//658 1067//658 219//658
f 219//658 1067//658 1065//658
f 219//658 1065//658 221//658
f 221//658 1065//658 1063//658
f 1183//658 639//658 1185//658
f 1185//658 639//658 637//658
f 1185//658 637//658 1187//658
f 1187//658 637//658 635//658
f 1187//658 635//658 1189//658
f 1189//658 635//658 633//658
f 1189//658 633//658 1191//658
f 1191//658 633//658 631//658
f 1191//658 631//658 1193//658
f 1193//658 631//658 629//658
f 1193//658 629//658 1195//658
f 1195//658 629//658 627//658
f 1195//658 627//658 1197//658
f 1197//658 627//658 625//658
f 1197//658 625//658 1199//658
f 1199//658 625//658 623//658
f 1199//658 623//658 1201//658
f 1201//658 623//658 621//658
f 1201//658 621//658 1203//658
f 1203//658 621//658 619//658
f 1203//658 619//658 1205//658
f 1205//658 619//658 617//658
f 1205//658 617//658 1207//658
f 1207//658 617//658 615//658
f 1207//658 615//658 1209//658
f 1209//658 615//658 613//658
f 1209//658 613//658 1211//658
f 1211//658 613//658 611//658
f 1211//658 611//658 1213//658
f 1213//658 611//658 609//658
f 1213//658 609//658 1215//658
f 1215//658 609//658 607//658
f 1215//658 607//658 1217//658
f 1217//658 607//658 605//658
f 1217//658 605//658 1219//658
f 1219//658 605//658 603//658
f 1219//658 603//658 1221//658
f 1221//658 603//658 601//658
f 1221//658 601//658 1223//658
f 1223//658 601//658 599//658
f 1223//658 599//658 1225//658
f 1225//658 599//658 597//658
f 1225//658 597//658 1227//658
f 1227//658 597//658 595//658
f 1227//658 595//658 1229//658
f 1229//658 595//658 593//658
f 1229//658 593//658 1231//658
f 1231//658 593//658 591//658
f 1231//658 591//658 1233//658
f 1233//658 591//658 589//658
f 1233//658 589//658 1235//658
f 1235//658 589//658 587//658
f 1235//658 587//658 1237//658
f 1237//658 587//658 585//658
f 1237//658 585//658 1239//658
f 1239//658 585//658 583//658
f 1239//658 583//658 1241//658
f 1241//658 583//658 581//658
f 1241//658 581//658 1243//658
f 1243//658 581//658 579//658
f 1243//658 579//658 1245//658
f 1245//658 579//658 577//658
f 1245//658 577//658 1247//658
f 1247//658 577//658 575//658
f 1247//658 575//658 1249//658
f 1249//658 575//658 573//658
f 1249//658 573//658 1251//658
f 1251//658 573//658 571//658
f 1251//658 571//658 1253//658
f 1253//658 571//658 569//658
f 1253//658 569//658 1255//658
f 1255//658 569//658 567//658
f 1255//658 567//658 1257//658
f 1257//658 567//658 565//658
f 1257//658 565//658 1259//658
f 1259//658 565//658 563//658
f 1259//658 563//658 1261//658
f 1261//658 563//658 561//658
f 1261//658 561//658 1263//658
f 1263//658 561//658 559//658
f 1263//658 559//658 1265//658
f 1265//658 559//658 557//658
f 1265//658 557//658 1267//658
f 1267//658 557//658 490//658
f 1267//658 490//658 1275//658
f 1275//658 490//658 439//658
f 1275//658 439//658 1276//658
f 1276//658 439//658 437//658
f 1276//658 437//658 1279//658
f 1279//658 437//658 435//658
f 1279//658 435//658 1281//658
f 1281//658 435//658 433//658
f 1281//658 433//658 1283//658
f 1283//658 433//658 431//658
f 1283//658 431//658 1285//658
f 1285//658 431//658 429//658
f 1285//658 429//658 1287//658
f 1287//658 429//658 427//658
f 1287//658 427//658 1289//658
f 1289//658 427//658 425//658
f 1289//658 425//658 1291//658
f 1291//658 425//658 423//658
f 1291//658 423//658 1293//658
f 1293//658 423//658 421//658
f 1293//658 421//658 1295//658
f 1295//658 421//658 419//658
f 1295//658 419//658 1297//658
f 1297//658 419//658 417//658
f 1297//658 417//658 1299//658
f 1299//658 417//658 415//658
f 1299//658 415//658 1301//658
f 1301//658 415//658 413//658
f 1301//658 413//658 1303//658
f 1303//658 413//658 411//658
f 1303//658 411//658 1305//658
f 1305//658 411//658 409//658
f 1305//658 409//658 1307//658
f 1307//658 409//658 407//658
f 1307//658 407//658 1309//658
f 1309//658 407//658 405//658
f 1309//658 405//658 1311//658
f 1311//658 405//658 403//658
f 1311//658 403//658 1313//658
f 1313//658 403//658 401//658
f 1313//658 401//658 1315//658
f 1315//658 401//658 399//658
f 1315//658 399//658 1317//658
f 1317//658 399//658 397//658
f 1317//658 397//658 395//658
f 490//658 489//658 439//658
f 439//658 489//658 443//658
f 493//658 555//658 99//658
f 99//658 555//658 103//658
f 1317//658 395//658 1319//658
f 1319//658 395//658 393//658
f 1319//658 393//658 1321//658
f 1321//658 393//658 391//658
f 1321//658 391//658 1323//658
f 1323//658 391//658 389//658
f 1323//658 389//658 1325//658
f 1325//658 389//658 387//658
f 1325//658 387//658 1327//658
f 1327//658 387//658 385//658
f 1327//658 385//658 1329//658
f 1329//658 385//658 383//658
f 1329//658 383//658 1331//658
f 1331//658 383//658 381//658
f 1331//658 381//658 1333//658
f 1333//658 381//658 379//658
f 1333//658 379//658 1335//658
f 1335//658 379//658 377//658
f 1335//658 377//658 1337//658
f 1337//658 377//658 375//658
f 1337//658 375//658 1339//658
f 1339//658 375//658 373//658
f 1339//658 373//658 1341//658
f 1341//658 373//658 371//658
f 1341//658 371//658 1343//658
f 1343//658 371//658 369//658
f 1343//658 369//658 1345//658
f 1345//658 369//658 367//658
f 1345//658 367//658 1347//658
f 1347//658 367//658 365//658
f 1347//658 365//658 1349//658
f 1349//658 365//658 363//658
f 1349//658 363//658 1351//658
f 1351//658 363//658 361//658
f 1351//658 361//658 1353//658
f 1353//658 361//658 359//658
f 1353//658 359//658 1355//658
f 1355//658 359//658 356//658
f 1355//658 356//658 1357//658
f 1357//658 356//658 355//658
f 1357//658 355//658 1273//658
f 223//658 304//658 224//658
f 224//658 304//658 351//658
f 301//658 298//658 709//658
f 1361//658 1267//658 1359//658
f 1359//658 1267//658 1275//658
