# Blender v2.81 (sub 16) OBJ File: ''
# www.blender.org
mtllib inf range.mtl
o Infantry_Range
v 11.778308 -0.199950 -10.299046
v 7.281504 -0.199950 -6.374567
v 11.778308 0.199948 -10.299046
v 7.281504 0.199948 -6.374567
v 2.749396 0.199948 -14.396291
v 2.749396 -0.199950 -14.396291
v 3.193695 0.199948 -14.388065
v 3.193695 -0.199950 -14.388065
v 3.637398 0.199948 -14.363379
v 3.637398 -0.199950 -14.363379
v 4.079872 0.199948 -14.322289
v 4.079872 -0.199950 -14.322289
v 4.520538 0.199948 -14.264834
v 4.520538 -0.199950 -14.264834
v 4.958765 0.199948 -14.191092
v 4.958765 -0.199950 -14.191092
v 5.393954 0.199948 -14.101187
v 5.393954 -0.199950 -14.101187
v 5.825511 0.199948 -13.995214
v 5.825511 -0.199950 -13.995214
v 6.252859 0.199948 -13.873329
v 6.252859 -0.199950 -13.873329
v 6.675403 0.199948 -13.735713
v 6.675403 -0.199950 -13.735713
v 7.092546 0.199948 -13.582530
v 7.092546 -0.199950 -13.582530
v 7.503750 0.199948 -13.414011
v 7.503750 -0.199950 -13.414011
v 7.908401 0.199948 -13.230375
v 7.908401 -0.199950 -13.230375
v 8.305998 0.199948 -13.031875
v 8.305998 -0.199950 -13.031875
v 8.695966 0.199948 -12.818796
v 8.695966 -0.199950 -12.818796
v 9.077765 0.199948 -12.591410
v 9.077765 -0.199950 -12.591410
v 9.450897 0.199948 -12.350051
v 9.450897 -0.199950 -12.350051
v 9.814824 0.199948 -12.095028
v 9.814824 -0.199950 -12.095028
v 10.169064 0.199948 -11.826705
v 10.169064 -0.199950 -11.826705
v 10.513118 0.199948 -11.545448
v 10.513118 -0.199950 -11.545448
v 10.846505 0.199948 -11.251641
v 10.846505 -0.199950 -11.251641
v 11.168804 0.199948 -10.945689
v 11.168804 -0.199950 -10.945689
v 11.479533 0.199948 -10.628013
v 11.479533 -0.199950 -10.628013
v -2.749204 -0.199950 -14.396291
v -2.749204 0.199948 -14.396291
v -11.778115 0.199948 -10.299046
v -11.778115 -0.199950 -10.299046
v -11.479360 0.199948 -10.628013
v -11.479360 -0.199950 -10.628013
v -11.168612 0.199948 -10.945689
v -11.168612 -0.199950 -10.945689
v -10.846333 0.199948 -11.251641
v -10.846333 -0.199950 -11.251641
v -10.512926 0.199948 -11.545448
v -10.512926 -0.199950 -11.545448
v -10.168872 0.199948 -11.826705
v -10.168872 -0.199950 -11.826705
v -9.814631 0.199948 -12.095028
v -9.814631 -0.199950 -12.095028
v -9.450706 0.199948 -12.350051
v -9.450706 -0.199950 -12.350051
v -9.077593 0.199948 -12.591410
v -9.077593 -0.199950 -12.591410
v -8.695774 0.199948 -12.818796
v -8.695774 -0.199950 -12.818796
v -8.305806 0.199948 -13.031875
v -8.305806 -0.199950 -13.031875
v -7.908227 0.199948 -13.230375
v -7.908227 -0.199950 -13.230375
v -7.503558 0.199948 -13.414011
v -7.503558 -0.199950 -13.414011
v -7.092372 0.199948 -13.582530
v -7.092372 -0.199950 -13.582530
v -6.675210 0.199948 -13.735713
v -6.675210 -0.199950 -13.735713
v -6.252686 0.199948 -13.873329
v -6.252686 -0.199950 -13.873329
v -5.825338 0.199948 -13.995214
v -5.825338 -0.199950 -13.995214
v -5.393762 0.199948 -14.101187
v -5.393762 -0.199950 -14.101187
v -4.958572 0.199948 -14.191092
v -4.958572 -0.199950 -14.191092
v -4.520346 0.199948 -14.264834
v -4.520346 -0.199950 -14.264834
v -4.079699 0.199948 -14.322289
v -4.079699 -0.199950 -14.322289
v -3.637206 0.199948 -14.363379
v -3.637206 -0.199950 -14.363379
v -3.193522 0.199948 -14.388065
v -3.193522 -0.199950 -14.388065
v -7.281312 -0.199950 -6.374567
v -7.281312 0.199948 -6.374567
v -2.749204 0.199948 -8.427821
v -2.749204 -0.199950 -8.427821
v -3.050765 0.199948 -8.420268
v -3.050765 -0.199950 -8.420268
v -3.351596 0.199948 -8.397648
v -3.351596 -0.199950 -8.397648
v -3.650890 0.199948 -8.360007
v -3.650890 -0.199950 -8.360007
v -3.947935 0.199948 -8.307435
v -3.947935 -0.199950 -8.307435
v -4.241982 0.199948 -8.240073
v -4.241982 -0.199950 -8.240073
v -4.532300 0.199948 -8.158086
v -4.532300 -0.199950 -8.158086
v -4.818141 0.199948 -8.061675
v -4.818141 -0.199950 -8.061675
v -5.098792 0.199948 -7.951090
v -5.098792 -0.199950 -7.951090
v -5.373582 0.199948 -7.826601
v -5.373582 -0.199950 -7.826601
v -5.641779 0.199948 -7.688524
v -5.641779 -0.199950 -7.688524
v -5.902751 0.199948 -7.537205
v -5.902751 -0.199950 -7.537205
v -6.155824 0.199948 -7.373019
v -6.155824 -0.199950 -7.373019
v -6.400363 0.199948 -7.196380
v -6.400363 -0.199950 -7.196380
v -6.635754 0.199948 -7.007728
v -6.635754 -0.199950 -7.007728
v -6.861421 0.199948 -6.807536
v -6.861421 -0.199950 -6.807536
v -7.076786 0.199948 -6.596303
v -7.076786 -0.199950 -6.596303
v 2.749396 -0.199950 -8.427821
v 2.749396 0.199948 -8.427821
v 7.076978 0.199948 -6.596303
v 7.076978 -0.199950 -6.596303
v 6.861613 0.199948 -6.807536
v 6.861613 -0.199950 -6.807536
v 6.635946 0.199948 -7.007728
v 6.635946 -0.199950 -7.007728
v 6.400536 0.199948 -7.196380
v 6.400536 -0.199950 -7.196380
v 6.155996 0.199948 -7.373019
v 6.155996 -0.199950 -7.373019
v 5.902943 0.199948 -7.537205
v 5.902943 -0.199950 -7.537205
v 5.641972 0.199948 -7.688524
v 5.641972 -0.199950 -7.688524
v 5.373755 0.199948 -7.826601
v 5.373755 -0.199950 -7.826601
v 5.098984 0.199948 -7.951090
v 5.098984 -0.199950 -7.951090
v 4.818314 0.199948 -8.061675
v 4.818314 -0.199950 -8.061675
v 4.532473 0.199948 -8.158086
v 4.532473 -0.199950 -8.158086
v 4.242174 0.199948 -8.240073
v 4.242174 -0.199950 -8.240073
v 3.948127 0.199948 -8.307435
v 3.948127 -0.199950 -8.307435
v 3.651082 0.199948 -8.360007
v 3.651082 -0.199950 -8.360007
v 3.351769 0.199948 -8.397648
v 3.351769 -0.199950 -8.397648
v 3.050957 0.199948 -8.420268
v 3.050957 -0.199950 -8.420268
v 3.492681 -0.199950 -3.067952
v 2.760947 -0.199950 -2.429356
v 3.492681 0.199948 -3.067952
v 2.760947 0.199948 -2.429356
v 2.749396 0.199948 -3.399105
v 2.749396 -0.199950 -3.399105
v 2.868821 0.199948 -3.391946
v 2.868821 -0.199950 -3.391946
v 2.986536 0.199948 -3.370570
v 2.986536 -0.199950 -3.370570
v 3.100868 0.199948 -3.335284
v 3.100868 -0.199950 -3.335284
v 3.210166 0.199948 -3.286589
v 3.210166 -0.199950 -3.286589
v 3.312851 0.199948 -3.225190
v 3.312851 -0.199950 -3.225190
v 3.407485 0.199948 -3.151962
v 3.407485 -0.199950 -3.151962
v -2.749204 -0.199950 -3.399105
v -2.749204 0.199948 -3.399105
v -3.492489 0.199948 -3.067952
v -3.492489 -0.199950 -3.067952
v -3.407292 0.199948 -3.151962
v -3.407292 -0.199950 -3.151962
v -3.312678 0.199948 -3.225190
v -3.312678 -0.199950 -3.225190
v -3.209973 0.199948 -3.286589
v -3.209973 -0.199950 -3.286589
v -3.100696 0.199948 -3.335284
v -3.100696 -0.199950 -3.335284
v -2.986363 0.199948 -3.370570
v -2.986363 -0.199950 -3.370570
v -2.868629 0.199948 -3.391946
v -2.868629 -0.199950 -3.391946
v -2.760754 -0.199950 -2.429356
v -2.760754 0.199948 -2.429356
v -2.779204 -0.199950 2.405678
v -3.512208 -0.199950 3.045403
v -2.779204 0.199948 2.405678
v -3.512208 0.199948 3.045403
v -2.779204 -0.199950 -2.405635
v -2.779204 0.199948 -2.405635
v -3.512208 -0.199950 -3.045355
v -3.512208 0.199948 -3.045355
v -3.748944 0.199948 -2.399365
v -3.748944 -0.199950 -2.399365
v -3.742102 0.199948 -2.516157
v -3.742102 -0.199950 -2.516157
v -3.721653 0.199948 -2.631350
v -3.721653 -0.199950 -2.631350
v -3.687905 0.199948 -2.743366
v -3.687905 -0.199950 -2.743366
v -3.641281 0.199948 -2.850669
v -3.641281 -0.199950 -2.850669
v -3.582452 0.199948 -2.951798
v -3.582452 -0.199950 -2.951798
v -3.748944 -0.199950 2.399408
v -3.748944 0.199948 2.399408
v -3.582452 0.199948 2.951842
v -3.582452 -0.199950 2.951842
v -3.641281 0.199948 2.850717
v -3.641281 -0.199950 2.850717
v -3.687905 0.199948 2.743409
v -3.687905 -0.199950 2.743409
v -3.721653 0.199948 2.631393
v -3.721653 -0.199950 2.631393
v -3.742102 0.199948 2.516201
v -3.742102 -0.199950 2.516201
v 2.749396 -0.199950 -2.399365
v 2.749396 -0.199950 2.399408
v 2.749396 0.199948 -2.399365
v 2.749396 0.199948 2.399408
v -2.749204 -0.199950 -2.399365
v -2.749204 0.199948 -2.399365
v -2.749204 -0.199950 2.399408
v -2.749204 0.199948 2.399408
v 3.492681 0.199948 3.068000
v 3.492681 -0.199950 3.068000
v 3.407485 0.199948 3.152005
v 3.407485 -0.199950 3.152005
v 3.312851 0.199948 3.225238
v 3.312851 -0.199950 3.225238
v 3.210166 0.199948 3.286637
v 3.210166 -0.199950 3.286637
v 3.100868 0.199948 3.335328
v 3.100868 -0.199950 3.335328
v 2.986536 0.199948 3.370618
v 2.986536 -0.199950 3.370618
v 2.868821 0.199948 3.391994
v 2.868821 -0.199950 3.391994
v 2.749396 0.199948 3.399153
v 2.749396 -0.199950 3.399153
v 2.760947 -0.199950 2.429399
v 2.760947 0.199948 2.429399
v -2.760754 -0.199950 2.429399
v -2.760754 0.199948 2.429399
v -3.492489 -0.199950 3.068000
v -3.492489 0.199948 3.068000
v -2.749204 0.199948 3.399153
v -2.749204 -0.199950 3.399153
v -2.868629 0.199948 3.391994
v -2.868629 -0.199950 3.391994
v -2.986363 0.199948 3.370618
v -2.986363 -0.199950 3.370618
v -3.100696 0.199948 3.335328
v -3.100696 -0.199950 3.335328
v -3.209973 0.199948 3.286637
v -3.209973 -0.199950 3.286637
v -3.312678 0.199948 3.225238
v -3.312678 -0.199950 3.225238
v -3.407292 0.199948 3.152005
v -3.407292 -0.199950 3.152005
v 11.798026 -0.199950 10.276497
v 7.301223 -0.199950 6.352014
v 11.798026 0.199948 10.276497
v 7.301223 0.199948 6.352014
v 14.746317 0.199948 2.399408
v 14.746317 -0.199950 2.399408
v 14.738629 0.199948 2.828981
v 14.738629 -0.199950 2.828981
v 14.715548 0.199948 3.258001
v 14.715548 -0.199950 3.258001
v 14.677130 0.199948 3.685926
v 14.677130 -0.199950 3.685926
v 14.623413 0.199948 4.112193
v 14.623413 -0.199950 4.112193
v 14.554476 0.199948 4.536269
v 14.554476 -0.199950 4.536269
v 14.470393 0.199948 4.957602
v 14.470393 -0.199950 4.957602
v 14.371283 0.199948 5.375653
v 14.371283 -0.199950 5.375653
v 14.257257 0.199948 5.789889
v 14.257257 -0.199950 5.789889
v 14.128472 0.199948 6.199777
v 14.128472 -0.199950 6.199777
v 13.985101 0.199948 6.604788
v 13.985101 -0.199950 6.604788
v 13.827314 0.199948 7.004408
v 13.827314 -0.199950 7.004408
v 13.655307 0.199948 7.398124
v 13.655307 -0.199950 7.398124
v 13.469327 0.199948 7.785425
v 13.469327 -0.199950 7.785425
v 13.269606 0.199948 8.165816
v 13.269606 -0.199950 8.165816
v 13.056374 0.199948 8.538815
v 13.056374 -0.199950 8.538815
v 12.829938 0.199948 8.903941
v 12.829938 -0.199950 8.903941
v 12.590569 0.199948 9.260723
v 12.590569 -0.199950 9.260723
v 12.338573 0.199948 9.608703
v 12.338573 -0.199950 9.608703
v 12.074276 0.199948 9.947438
v 12.074276 -0.199950 9.947438
v 14.746317 -0.199950 -2.399365
v 14.746317 0.199948 -2.399365
v 11.798026 0.199948 -10.276453
v 11.798026 -0.199950 -10.276453
v 12.074276 0.199948 -9.947399
v 12.074276 -0.199950 -9.947399
v 12.338573 0.199948 -9.608660
v 12.338573 -0.199950 -9.608660
v 12.590569 0.199948 -9.260675
v 12.590569 -0.199950 -9.260675
v 12.829938 0.199948 -8.903898
v 12.829938 -0.199950 -8.903898
v 13.056374 0.199948 -8.538771
v 13.056374 -0.199950 -8.538771
v 13.269606 0.199948 -8.165773
v 13.269606 -0.199950 -8.165773
v 13.469327 0.199948 -7.785377
v 13.469327 -0.199950 -7.785377
v 13.655307 0.199948 -7.398080
v 13.655307 -0.199950 -7.398080
v 13.827314 0.199948 -7.004365
v 13.827314 -0.199950 -7.004365
v 13.985101 0.199948 -6.604740
v 13.985101 -0.199950 -6.604740
v 14.128472 0.199948 -6.199734
v 14.128472 -0.199950 -6.199734
v 14.257257 0.199948 -5.789845
v 14.257257 -0.199950 -5.789845
v 14.371283 0.199948 -5.375614
v 14.371283 -0.199950 -5.375614
v 14.470393 0.199948 -4.957559
v 14.470393 -0.199950 -4.957559
v 14.554476 0.199948 -4.536226
v 14.554476 -0.199950 -4.536226
v 14.623413 0.199948 -4.112150
v 14.623413 -0.199950 -4.112150
v 14.677130 0.199948 -3.685878
v 14.677130 -0.199950 -3.685878
v 14.715548 0.199948 -3.257958
v 14.715548 -0.199950 -3.257958
v 14.738629 0.199948 -2.828938
v 14.738629 -0.199950 -2.828938
v 7.301223 -0.199950 -6.351965
v 7.301223 0.199948 -6.351965
v 8.777838 0.199948 -2.399365
v 8.777838 -0.199950 -2.399365
v 8.769978 0.199948 -2.707134
v 8.769978 -0.199950 -2.707134
v 8.746415 0.199948 -3.014101
v 8.746415 -0.199950 -3.014101
v 8.707209 0.199948 -3.319468
v 8.707209 -0.199950 -3.319468
v 8.652473 0.199948 -3.622432
v 8.652473 -0.199950 -3.622432
v 8.582325 0.199948 -3.922211
v 8.582325 -0.199950 -3.922211
v 8.496975 0.199948 -4.218011
v 8.496975 -0.199950 -4.218011
v 8.396634 0.199948 -4.509070
v 8.396634 -0.199950 -4.509070
v 8.281571 0.199948 -4.794631
v 8.281571 -0.199950 -4.794631
v 8.152056 0.199948 -5.073947
v 8.152056 -0.199950 -5.073947
v 8.008472 0.199948 -5.346277
v 8.008472 -0.199950 -5.346277
v 7.851167 0.199948 -5.610929
v 7.851167 -0.199950 -5.610929
v 7.680562 0.199948 -5.867201
v 7.680562 -0.199950 -5.867201
v 7.497081 0.199948 -6.114431
v 7.497081 -0.199950 -6.114431
v 8.777838 -0.199950 2.399408
v 8.777838 0.199948 2.399408
v 7.497081 0.199948 6.114474
v 7.497081 -0.199950 6.114474
v 7.680562 0.199948 5.867244
v 7.680562 -0.199950 5.867244
v 7.851167 0.199948 5.610972
v 7.851167 -0.199950 5.610972
v 8.008472 0.199948 5.346325
v 8.008472 -0.199950 5.346325
v 8.152056 0.199948 5.073986
v 8.152056 -0.199950 5.073986
v 8.281571 0.199948 4.794675
v 8.281571 -0.199950 4.794675
v 8.396634 0.199948 4.509118
v 8.396634 -0.199950 4.509118
v 8.496975 0.199948 4.218060
v 8.496975 -0.199950 4.218060
v 8.582325 0.199948 3.922254
v 8.582325 -0.199950 3.922254
v 8.652473 0.199948 3.622480
v 8.652473 -0.199950 3.622480
v 8.707209 0.199948 3.319511
v 8.707209 -0.199950 3.319511
v 8.746415 0.199948 3.014149
v 8.746415 -0.199950 3.014149
v 8.769978 0.199948 2.707177
v 8.769978 -0.199950 2.707177
v 11.778308 0.199948 10.299093
v 11.778308 -0.199950 10.299093
v 11.479533 0.199948 10.628060
v 11.479533 -0.199950 10.628060
v 11.168804 0.199948 10.945737
v 11.168804 -0.199950 10.945737
v 10.846505 0.199948 11.251690
v 10.846505 -0.199950 11.251690
v 10.513118 0.199948 11.545496
v 10.513118 -0.199950 11.545496
v 10.169064 0.199948 11.826754
v 10.169064 -0.199950 11.826754
v 9.814824 0.199948 12.095076
v 9.814824 -0.199950 12.095076
v 9.450897 0.199948 12.350094
v 9.450897 -0.199950 12.350094
v 9.077765 0.199948 12.591457
v 9.077765 -0.199950 12.591457
v 8.695966 0.199948 12.818839
v 8.695966 -0.199950 12.818839
v 8.305998 0.199948 13.031922
v 8.305998 -0.199950 13.031922
v 7.908401 0.199948 13.230419
v 7.908401 -0.199950 13.230419
v 7.503750 0.199948 13.414054
v 7.503750 -0.199950 13.414054
v 7.092546 0.199948 13.582579
v 7.092546 -0.199950 13.582579
v 6.675403 0.199948 13.735752
v 6.675403 -0.199950 13.735752
v 6.252859 0.199948 13.873377
v 6.252859 -0.199950 13.873377
v 5.825511 0.199948 13.995257
v 5.825511 -0.199950 13.995257
v 5.393954 0.199948 14.101230
v 5.393954 -0.199950 14.101230
v 4.958765 0.199948 14.191140
v 4.958765 -0.199950 14.191140
v 4.520538 0.199948 14.264877
v 4.520538 -0.199950 14.264877
v 4.079872 0.199948 14.322332
v 4.079872 -0.199950 14.322332
v 3.637398 0.199948 14.363426
v 3.637398 -0.199950 14.363426
v 3.193695 0.199948 14.388108
v 3.193695 -0.199950 14.388108
v 2.749396 0.199948 14.396338
v 2.749396 -0.199950 14.396338
v 7.281504 -0.199950 6.374610
v 7.281504 0.199948 6.374610
v 2.749396 0.199948 8.427864
v 2.749396 -0.199950 8.427864
v 3.050957 0.199948 8.420316
v 3.050957 -0.199950 8.420316
v 3.351769 0.199948 8.397696
v 3.351769 -0.199950 8.397696
v 3.651082 0.199948 8.360051
v 3.651082 -0.199950 8.360051
v 3.948127 0.199948 8.307483
v 3.948127 -0.199950 8.307483
v 4.242174 0.199948 8.240116
v 4.242174 -0.199950 8.240116
v 4.532473 0.199948 8.158129
v 4.532473 -0.199950 8.158129
v 4.818314 0.199948 8.061723
v 4.818314 -0.199950 8.061723
v 5.098984 0.199948 7.951138
v 5.098984 -0.199950 7.951138
v 5.373755 0.199948 7.826649
v 5.373755 -0.199950 7.826649
v 5.641972 0.199948 7.688572
v 5.641972 -0.199950 7.688572
v 5.902943 0.199948 7.537248
v 5.902943 -0.199950 7.537248
v 6.155996 0.199948 7.373062
v 6.155996 -0.199950 7.373062
v 6.400536 0.199948 7.196423
v 6.400536 -0.199950 7.196423
v 6.635946 0.199948 7.007771
v 6.635946 -0.199950 7.007771
v 6.861613 0.199948 6.807580
v 6.861613 -0.199950 6.807580
v 7.076978 0.199948 6.596351
v 7.076978 -0.199950 6.596351
v -2.749204 -0.199950 8.427864
v -2.749204 0.199948 8.427864
v -7.281312 0.199948 6.374610
v -7.281312 -0.199950 6.374610
v -7.076786 0.199948 6.596351
v -7.076786 -0.199950 6.596351
v -6.861421 0.199948 6.807580
v -6.861421 -0.199950 6.807580
v -6.635754 0.199948 7.007771
v -6.635754 -0.199950 7.007771
v -6.400363 0.199948 7.196423
v -6.400363 -0.199950 7.196423
v -6.155824 0.199948 7.373062
v -6.155824 -0.199950 7.373062
v -5.902751 0.199948 7.537248
v -5.902751 -0.199950 7.537248
v -5.641779 0.199948 7.688572
v -5.641779 -0.199950 7.688572
v -5.373582 0.199948 7.826649
v -5.373582 -0.199950 7.826649
v -5.098792 0.199948 7.951138
v -5.098792 -0.199950 7.951138
v -4.818141 0.199948 8.061723
v -4.818141 -0.199950 8.061723
v -4.532300 0.199948 8.158129
v -4.532300 -0.199950 8.158129
v -4.241982 0.199948 8.240116
v -4.241982 -0.199950 8.240116
v -3.947935 0.199948 8.307483
v -3.947935 -0.199950 8.307483
v -3.650890 0.199948 8.360051
v -3.650890 -0.199950 8.360051
v -3.351596 0.199948 8.397696
v -3.351596 -0.199950 8.397696
v -3.050765 0.199948 8.420316
v -3.050765 -0.199950 8.420316
v -11.778115 -0.199950 10.299093
v -11.778115 0.199948 10.299093
v -2.749204 0.199948 14.396338
v -2.749204 -0.199950 14.396338
v -3.193522 0.199948 14.388108
v -3.193522 -0.199950 14.388108
v -3.637206 0.199948 14.363426
v -3.637206 -0.199950 14.363426
v -4.079699 0.199948 14.322332
v -4.079699 -0.199950 14.322332
v -4.520346 0.199948 14.264877
v -4.520346 -0.199950 14.264877
v -4.958572 0.199948 14.191140
v -4.958572 -0.199950 14.191140
v -5.393762 0.199948 14.101230
v -5.393762 -0.199950 14.101230
v -5.825338 0.199948 13.995257
v -5.825338 -0.199950 13.995257
v -6.252686 0.199948 13.873377
v -6.252686 -0.199950 13.873377
v -6.675210 0.199948 13.735752
v -6.675210 -0.199950 13.735752
v -7.092372 0.199948 13.582579
v -7.092372 -0.199950 13.582579
v -7.503558 0.199948 13.414054
v -7.503558 -0.199950 13.414054
v -7.908227 0.199948 13.230419
v -7.908227 -0.199950 13.230419
v -8.305806 0.199948 13.031922
v -8.305806 -0.199950 13.031922
v -8.695774 0.199948 12.818839
v -8.695774 -0.199950 12.818839
v -9.077593 0.199948 12.591457
v -9.077593 -0.199950 12.591457
v -9.450706 0.199948 12.350094
v -9.450706 -0.199950 12.350094
v -9.814631 0.199948 12.095076
v -9.814631 -0.199950 12.095076
v -10.168872 0.199948 11.826754
v -10.168872 -0.199950 11.826754
v -10.512926 0.199948 11.545496
v -10.512926 -0.199950 11.545496
v -10.846333 0.199948 11.251690
v -10.846333 -0.199950 11.251690
v -11.168612 0.199948 10.945737
v -11.168612 -0.199950 10.945737
v -11.479360 0.199948 10.628060
v -11.479360 -0.199950 10.628060
v 7.258903 0.199948 6.354891
v 7.258903 -0.199950 6.354891
v 7.055396 0.199948 6.575518
v 7.055396 -0.199950 6.575518
v 6.841106 0.199948 6.785694
v 6.841106 -0.199950 6.785694
v 6.616555 0.199948 6.984882
v 6.616555 -0.199950 6.984882
v 6.382336 0.199948 7.172592
v 6.382336 -0.199950 7.172592
v 6.139007 0.199948 7.348347
v 6.139007 -0.199950 7.348347
v 5.887203 0.199948 7.511716
v 5.887203 -0.199950 7.511716
v 5.627539 0.199948 7.662281
v 5.627539 -0.199950 7.662281
v 5.360667 0.199948 7.799666
v 5.360667 -0.199950 7.799666
v 5.087261 0.199948 7.923531
v 5.087261 -0.199950 7.923531
v 4.807993 0.199948 8.033563
v 4.807993 -0.199950 8.033563
v 4.523575 0.199948 8.129488
v 4.523575 -0.199950 8.129488
v 4.234717 0.199948 8.211067
v 4.234717 -0.199950 8.211067
v 3.942150 0.199948 8.278092
v 3.942150 -0.199950 8.278092
v 3.646585 0.199948 8.330397
v 3.646585 -0.199950 8.330397
v 3.348771 0.199948 8.367854
v 3.348771 -0.199950 8.367854
v 3.049459 0.199948 8.390364
v 3.049459 -0.199950 8.390364
v 2.749396 0.199948 8.397874
v 2.749396 -0.199950 8.397874
v 3.515282 -0.199950 3.087723
v 3.515282 0.199948 3.087723
v 2.749396 0.199948 3.429144
v 2.749396 -0.199950 3.429144
v 2.872473 0.199948 3.421764
v 2.872473 -0.199950 3.421764
v 2.993782 0.199948 3.399720
v 2.993782 -0.199950 3.399720
v 3.111593 0.199948 3.363339
v 3.111593 -0.199950 3.363339
v 3.224215 0.199948 3.313135
v 3.224215 -0.199950 3.313135
v 3.330033 0.199948 3.249828
v 3.330033 -0.199950 3.249828
v 3.427510 0.199948 3.174332
v 3.427510 -0.199950 3.174332
v -2.749204 -0.199950 3.429144
v -2.749204 0.199948 3.429144
v -3.515090 0.199948 3.087723
v -3.515090 -0.199950 3.087723
v -3.427318 0.199948 3.174332
v -3.427318 -0.199950 3.174332
v -3.329841 0.199948 3.249828
v -3.329841 -0.199950 3.249828
v -3.224022 0.199948 3.313135
v -3.224022 -0.199950 3.313135
v -3.111420 0.199948 3.363339
v -3.111420 -0.199950 3.363339
v -2.993609 0.199948 3.399720
v -2.993609 -0.199950 3.399720
v -2.872281 0.199948 3.421764
v -2.872281 -0.199950 3.421764
v -7.258711 -0.199950 6.354891
v -7.258711 0.199948 6.354891
v -2.749204 0.199948 8.397874
v -2.749204 -0.199950 8.397874
v -3.049266 0.199948 8.390364
v -3.049266 -0.199950 8.390364
v -3.348579 0.199948 8.367854
v -3.348579 -0.199950 8.367854
v -3.646393 0.199948 8.330397
v -3.646393 -0.199950 8.330397
v -3.941958 0.199948 8.278092
v -3.941958 -0.199950 8.278092
v -4.234544 0.199948 8.211067
v -4.234544 -0.199950 8.211067
v -4.523402 0.199948 8.129488
v -4.523402 -0.199950 8.129488
v -4.807820 0.199948 8.033563
v -4.807820 -0.199950 8.033563
v -5.087088 0.199948 7.923531
v -5.087088 -0.199950 7.923531
v -5.360494 0.199948 7.799666
v -5.360494 -0.199950 7.799666
v -5.627366 0.199948 7.662281
v -5.627366 -0.199950 7.662281
v -5.887030 0.199948 7.511716
v -5.887030 -0.199950 7.511716
v -6.138834 0.199948 7.348347
v -6.138834 -0.199950 7.348347
v -6.382143 0.199948 7.172592
v -6.382143 -0.199950 7.172592
v -6.616382 0.199948 6.984882
v -6.616382 -0.199950 6.984882
v -6.840914 0.199948 6.785694
v -6.840914 -0.199950 6.785694
v -7.055203 0.199948 6.575518
v -7.055203 -0.199950 6.575518
v 8.747856 0.199948 2.399408
v 8.747856 -0.199950 2.399408
v 8.740034 0.199948 2.705645
v 8.740034 -0.199950 2.705645
v 8.716588 0.199948 3.011079
v 8.716588 -0.199950 3.011079
v 8.677573 0.199948 3.314917
v 8.677573 -0.199950 3.314917
v 8.623108 0.199948 3.616373
v 8.623108 -0.199950 3.616373
v 8.553325 0.199948 3.914653
v 8.553325 -0.199950 3.914653
v 8.468396 0.199948 4.208979
v 8.468396 -0.199950 4.208979
v 8.368555 0.199948 4.498586
v 8.368555 -0.199950 4.498586
v 8.254050 0.199948 4.782721
v 8.254050 -0.199950 4.782721
v 8.125207 0.199948 5.060638
v 8.125207 -0.199950 5.060638
v 7.982335 0.199948 5.331613
v 7.982335 -0.199950 5.331613
v 7.825818 0.199948 5.594944
v 7.825818 -0.199950 5.594944
v 7.656058 0.199948 5.849943
v 7.656058 -0.199950 5.849943
v 7.473500 0.199948 6.095938
v 7.473500 -0.199950 6.095938
v 7.278621 0.199948 6.332295
v 7.278621 -0.199950 6.332295
v 8.747856 -0.199950 -2.399365
v 8.747856 0.199948 -2.399365
v 7.278621 0.199948 -6.332247
v 7.278621 -0.199950 -6.332247
v 7.473500 0.199948 -6.095895
v 7.473500 -0.199950 -6.095895
v 7.656058 0.199948 -5.849895
v 7.656058 -0.199950 -5.849895
v 7.825818 0.199948 -5.594900
v 7.825818 -0.199950 -5.594900
v 7.982335 0.199948 -5.331574
v 7.982335 -0.199950 -5.331574
v 8.125207 0.199948 -5.060590
v 8.125207 -0.199950 -5.060590
v 8.254050 0.199948 -4.782678
v 8.254050 -0.199950 -4.782678
v 8.368555 0.199948 -4.498538
v 8.368555 -0.199950 -4.498538
v 8.468396 0.199948 -4.208935
v 8.468396 -0.199950 -4.208935
v 8.553325 0.199948 -3.914605
v 8.553325 -0.199950 -3.914605
v 8.623108 0.199948 -3.616330
v 8.623108 -0.199950 -3.616330
v 8.677573 0.199948 -3.314874
v 8.677573 -0.199950 -3.314874
v 8.716588 0.199948 -3.011035
v 8.716588 -0.199950 -3.011035
v 8.740034 0.199948 -2.705596
v 8.740034 -0.199950 -2.705596
v 3.535001 -0.199950 -3.065078
v 3.535001 0.199948 -3.065078
v 3.779118 0.199948 -2.399365
v 3.779118 -0.199950 -2.399365
v 3.772064 0.199948 -2.519732
v 3.772064 -0.199950 -2.519732
v 3.750981 0.199948 -2.638456
v 3.750981 -0.199950 -2.638456
v 3.716176 0.199948 -2.753898
v 3.716176 -0.199950 -2.753898
v 3.668091 0.199948 -2.864478
v 3.668091 -0.199950 -2.864478
v 3.607436 0.199948 -2.968682
v 3.607436 -0.199950 -2.968682
v 3.779118 -0.199950 2.399408
v 3.779118 0.199948 2.399408
v 3.535001 0.199948 3.065126
v 3.535001 -0.199950 3.065126
v 3.607436 0.199948 2.968725
v 3.607436 -0.199950 2.968725
v 3.668091 0.199948 2.864521
v 3.668091 -0.199950 2.864521
v 3.716176 0.199948 2.753941
v 3.716176 -0.199950 2.753941
v 3.750981 0.199948 2.638499
v 3.750981 -0.199950 2.638499
v 3.772064 0.199948 2.519780
v 3.772064 -0.199950 2.519780
v 3.749136 0.199948 2.399408
v 3.749136 -0.199950 2.399408
v 3.742294 0.199948 2.516201
v 3.742294 -0.199950 2.516201
v 3.721846 0.199948 2.631393
v 3.721846 -0.199950 2.631393
v 3.688078 0.199948 2.743409
v 3.688078 -0.199950 2.743409
v 3.641473 0.199948 2.850717
v 3.641473 -0.199950 2.850717
v 3.582644 0.199948 2.951842
v 3.582644 -0.199950 2.951842
v 3.512400 0.199948 3.045403
v 3.512400 -0.199950 3.045403
v 3.749136 -0.199950 -2.399365
v 3.749136 0.199948 -2.399365
v 3.512400 0.199948 -3.045355
v 3.512400 -0.199950 -3.045355
v 3.582644 0.199948 -2.951798
v 3.582644 -0.199950 -2.951798
v 3.641473 0.199948 -2.850669
v 3.641473 -0.199950 -2.850669
v 3.688078 0.199948 -2.743366
v 3.688078 -0.199950 -2.743366
v 3.721846 0.199948 -2.631350
v 3.721846 -0.199950 -2.631350
v 3.742294 0.199948 -2.516157
v 3.742294 -0.199950 -2.516157
v 2.779377 -0.199950 -2.405635
v 2.779377 0.199948 -2.405635
v 2.779377 -0.199950 2.405678
v 2.779377 0.199948 2.405678
v -3.534809 -0.199950 3.065126
v -7.278449 -0.199950 6.332295
v -3.534809 0.199948 3.065126
v -7.278449 0.199948 6.332295
v -3.778944 0.199948 2.399408
v -3.778944 -0.199950 2.399408
v -3.771872 0.199948 2.519780
v -3.771872 -0.199950 2.519780
v -3.750789 0.199948 2.638499
v -3.750789 -0.199950 2.638499
v -3.715984 0.199948 2.753941
v -3.715984 -0.199950 2.753941
v -3.667918 0.199948 2.864521
v -3.667918 -0.199950 2.864521
v -3.607244 0.199948 2.968725
v -3.607244 -0.199950 2.968725
v -3.778944 -0.199950 -2.399365
v -3.778944 0.199948 -2.399365
v -3.534809 0.199948 -3.065078
v -3.534809 -0.199950 -3.065078
v -3.607244 0.199948 -2.968682
v -3.607244 -0.199950 -2.968682
v -3.667918 0.199948 -2.864478
v -3.667918 -0.199950 -2.864478
v -3.715984 0.199948 -2.753898
v -3.715984 -0.199950 -2.753898
v -3.750789 0.199948 -2.638456
v -3.750789 -0.199950 -2.638456
v -3.771872 0.199948 -2.519732
v -3.771872 -0.199950 -2.519732
v -7.278449 -0.199950 -6.332247
v -7.278449 0.199948 -6.332247
v -8.747664 0.199948 -2.399365
v -8.747664 -0.199950 -2.399365
v -8.739842 0.199948 -2.705596
v -8.739842 -0.199950 -2.705596
v -8.716395 0.199948 -3.011035
v -8.716395 -0.199950 -3.011035
v -8.677401 0.199948 -3.314874
v -8.677401 -0.199950 -3.314874
v -8.622915 0.199948 -3.616330
v -8.622915 -0.199950 -3.616330
v -8.553132 0.199948 -3.914605
v -8.553132 -0.199950 -3.914605
v -8.468204 0.199948 -4.208935
v -8.468204 -0.199950 -4.208935
v -8.368363 0.199948 -4.498538
v -8.368363 -0.199950 -4.498538
v -8.253877 0.199948 -4.782678
v -8.253877 -0.199950 -4.782678
v -8.125015 0.199948 -5.060590
v -8.125015 -0.199950 -5.060590
v -7.982143 0.199948 -5.331574
v -7.982143 -0.199950 -5.331574
v -7.825625 0.199948 -5.594900
v -7.825625 -0.199950 -5.594900
v -7.655866 0.199948 -5.849895
v -7.655866 -0.199950 -5.849895
v -7.473327 0.199948 -6.095895
v -7.473327 -0.199950 -6.095895
v -8.747664 -0.199950 2.399408
v -8.747664 0.199948 2.399408
v -7.473327 0.199948 6.095938
v -7.473327 -0.199950 6.095938
v -7.655866 0.199948 5.849943
v -7.655866 -0.199950 5.849943
v -7.825625 0.199948 5.594944
v -7.825625 -0.199950 5.594944
v -7.982143 0.199948 5.331613
v -7.982143 -0.199950 5.331613
v -8.125015 0.199948 5.060638
v -8.125015 -0.199950 5.060638
v -8.253877 0.199948 4.782721
v -8.253877 -0.199950 4.782721
v -8.368363 0.199948 4.498586
v -8.368363 -0.199950 4.498586
v -8.468204 0.199948 4.208979
v -8.468204 -0.199950 4.208979
v -8.553132 0.199948 3.914653
v -8.553132 -0.199950 3.914653
v -8.622915 0.199948 3.616373
v -8.622915 -0.199950 3.616373
v -8.677401 0.199948 3.314917
v -8.677401 -0.199950 3.314917
v -8.716395 0.199948 3.011079
v -8.716395 -0.199950 3.011079
v -8.739842 0.199948 2.705645
v -8.739842 -0.199950 2.705645
v -8.777665 0.199948 2.399408
v -8.777665 -0.199950 2.399408
v -8.769804 0.199948 2.707177
v -8.769804 -0.199950 2.707177
v -8.746243 0.199948 3.014149
v -8.746243 -0.199950 3.014149
v -8.707036 0.199948 3.319511
v -8.707036 -0.199950 3.319511
v -8.652282 0.199948 3.622480
v -8.652282 -0.199950 3.622480
v -8.582152 0.199948 3.922254
v -8.582152 -0.199950 3.922254
v -8.496802 0.199948 4.218060
v -8.496802 -0.199950 4.218060
v -8.396461 0.199948 4.509118
v -8.396461 -0.199950 4.509118
v -8.281379 0.199948 4.794675
v -8.281379 -0.199950 4.794675
v -8.151883 0.199948 5.073986
v -8.151883 -0.199950 5.073986
v -8.008281 0.199948 5.346325
v -8.008281 -0.199950 5.346325
v -7.850975 0.199948 5.610972
v -7.850975 -0.199950 5.610972
v -7.680370 0.199948 5.867244
v -7.680370 -0.199950 5.867244
v -7.496889 0.199948 6.114474
v -7.496889 -0.199950 6.114474
v -7.301031 0.199948 6.352014
v -7.301031 -0.199950 6.352014
v -8.777665 -0.199950 -2.399365
v -8.777665 0.199948 -2.399365
v -7.301031 0.199948 -6.351965
v -7.301031 -0.199950 -6.351965
v -7.496889 0.199948 -6.114431
v -7.496889 -0.199950 -6.114431
v -7.680370 0.199948 -5.867201
v -7.680370 -0.199950 -5.867201
v -7.850975 0.199948 -5.610929
v -7.850975 -0.199950 -5.610929
v -8.008281 0.199948 -5.346277
v -8.008281 -0.199950 -5.346277
v -8.151883 0.199948 -5.073947
v -8.151883 -0.199950 -5.073947
v -8.281379 0.199948 -4.794631
v -8.281379 -0.199950 -4.794631
v -8.396461 0.199948 -4.509070
v -8.396461 -0.199950 -4.509070
v -8.496802 0.199948 -4.218011
v -8.496802 -0.199950 -4.218011
v -8.582152 0.199948 -3.922211
v -8.582152 -0.199950 -3.922211
v -8.652282 0.199948 -3.622432
v -8.652282 -0.199950 -3.622432
v -8.707036 0.199948 -3.319468
v -8.707036 -0.199950 -3.319468
v -8.746243 0.199948 -3.014101
v -8.746243 -0.199950 -3.014101
v -8.769804 0.199948 -2.707134
v -8.769804 -0.199950 -2.707134
v -11.797833 -0.199950 -10.276453
v -11.797833 0.199948 -10.276453
v -14.746124 0.199948 -2.399365
v -14.746124 -0.199950 -2.399365
v -14.738438 0.199948 -2.828938
v -14.738438 -0.199950 -2.828938
v -14.715375 0.199948 -3.257958
v -14.715375 -0.199950 -3.257958
v -14.676956 0.199948 -3.685878
v -14.676956 -0.199950 -3.685878
v -14.623240 0.199948 -4.112150
v -14.623240 -0.199950 -4.112150
v -14.554283 0.199948 -4.536226
v -14.554283 -0.199950 -4.536226
v -14.470201 0.199948 -4.957559
v -14.470201 -0.199950 -4.957559
v -14.371090 0.199948 -5.375614
v -14.371090 -0.199950 -5.375614
v -14.257065 0.199948 -5.789845
v -14.257065 -0.199950 -5.789845
v -14.128281 0.199948 -6.199734
v -14.128281 -0.199950 -6.199734
v -13.984908 0.199948 -6.604740
v -13.984908 -0.199950 -6.604740
v -13.827123 0.199948 -7.004365
v -13.827123 -0.199950 -7.004365
v -13.655134 0.199948 -7.398080
v -13.655134 -0.199950 -7.398080
v -13.469154 0.199948 -7.785377
v -13.469154 -0.199950 -7.785377
v -13.269414 0.199948 -8.165773
v -13.269414 -0.199950 -8.165773
v -13.056182 0.199948 -8.538771
v -13.056182 -0.199950 -8.538771
v -12.829746 0.199948 -8.903898
v -12.829746 -0.199950 -8.903898
v -12.590377 0.199948 -9.260675
v -12.590377 -0.199950 -9.260675
v -12.338381 0.199948 -9.608660
v -12.338381 -0.199950 -9.608660
v -12.074084 0.199948 -9.947399
v -12.074084 -0.199950 -9.947399
v -14.746124 -0.199950 2.399408
v -14.746124 0.199948 2.399408
v -11.797833 0.199948 10.276497
v -11.797833 -0.199950 10.276497
v -12.074084 0.199948 9.947438
v -12.074084 -0.199950 9.947438
v -12.338381 0.199948 9.608703
v -12.338381 -0.199950 9.608703
v -12.590377 0.199948 9.260723
v -12.590377 -0.199950 9.260723
v -12.829746 0.199948 8.903941
v -12.829746 -0.199950 8.903941
v -13.056182 0.199948 8.538815
v -13.056182 -0.199950 8.538815
v -13.269414 0.199948 8.165816
v -13.269414 -0.199950 8.165816
v -13.469154 0.199948 7.785425
v -13.469154 -0.199950 7.785425
v -13.655134 0.199948 7.398124
v -13.655134 -0.199950 7.398124
v -13.827123 0.199948 7.004408
v -13.827123 -0.199950 7.004408
v -13.984908 0.199948 6.604788
v -13.984908 -0.199950 6.604788
v -14.128281 0.199948 6.199777
v -14.128281 -0.199950 6.199777
v -14.257065 0.199948 5.789889
v -14.257065 -0.199950 5.789889
v -14.371090 0.199948 5.375653
v -14.371090 -0.199950 5.375653
v -14.470201 0.199948 4.957602
v -14.470201 -0.199950 4.957602
v -14.554283 0.199948 4.536269
v -14.554283 -0.199950 4.536269
v -14.623240 0.199948 4.112193
v -14.623240 -0.199950 4.112193
v -14.676956 0.199948 3.685926
v -14.676956 -0.199950 3.685926
v -14.715375 0.199948 3.258001
v -14.715375 -0.199950 3.258001
v -14.738438 0.199948 2.828981
v -14.738438 -0.199950 2.828981
v 7.258903 -0.199950 -6.354848
v 3.515282 -0.199950 -3.087675
v 7.258903 0.199948 -6.354848
v 3.515282 0.199948 -3.087675
v 2.749396 0.199948 -8.397830
v 2.749396 -0.199950 -8.397830
v 3.049459 0.199948 -8.390316
v 3.049459 -0.199950 -8.390316
v 3.348771 0.199948 -8.367810
v 3.348771 -0.199950 -8.367810
v 3.646585 0.199948 -8.330353
v 3.646585 -0.199950 -8.330353
v 3.942150 0.199948 -8.278049
v 3.942150 -0.199950 -8.278049
v 4.234717 0.199948 -8.211024
v 4.234717 -0.199950 -8.211024
v 4.523575 0.199948 -8.129440
v 4.523575 -0.199950 -8.129440
v 4.807993 0.199948 -8.033520
v 4.807993 -0.199950 -8.033520
v 5.087261 0.199948 -7.923482
v 5.087261 -0.199950 -7.923482
v 5.360667 0.199948 -7.799618
v 5.360667 -0.199950 -7.799618
v 5.627539 0.199948 -7.662232
v 5.627539 -0.199950 -7.662232
v 5.887203 0.199948 -7.511673
v 5.887203 -0.199950 -7.511673
v 6.139007 0.199948 -7.348304
v 6.139007 -0.199950 -7.348304
v 6.382336 0.199948 -7.172548
v 6.382336 -0.199950 -7.172548
v 6.616555 0.199948 -6.984839
v 6.616555 -0.199950 -6.984839
v 6.841106 0.199948 -6.785646
v 6.841106 -0.199950 -6.785646
v 7.055396 0.199948 -6.575480
v 7.055396 -0.199950 -6.575480
v -2.749204 -0.199950 -8.397830
v -2.749204 0.199948 -8.397830
v -7.258711 0.199948 -6.354848
v -7.258711 -0.199950 -6.354848
v -7.055203 0.199948 -6.575480
v -7.055203 -0.199950 -6.575480
v -6.840914 0.199948 -6.785646
v -6.840914 -0.199950 -6.785646
v -6.616382 0.199948 -6.984839
v -6.616382 -0.199950 -6.984839
v -6.382143 0.199948 -7.172548
v -6.382143 -0.199950 -7.172548
v -6.138834 0.199948 -7.348304
v -6.138834 -0.199950 -7.348304
v -5.887030 0.199948 -7.511673
v -5.887030 -0.199950 -7.511673
v -5.627366 0.199948 -7.662232
v -5.627366 -0.199950 -7.662232
v -5.360494 0.199948 -7.799618
v -5.360494 -0.199950 -7.799618
v -5.087088 0.199948 -7.923482
v -5.087088 -0.199950 -7.923482
v -4.807820 0.199948 -8.033520
v -4.807820 -0.199950 -8.033520
v -4.523402 0.199948 -8.129440
v -4.523402 -0.199950 -8.129440
v -4.234544 0.199948 -8.211024
v -4.234544 -0.199950 -8.211024
v -3.941958 0.199948 -8.278049
v -3.941958 -0.199950 -8.278049
v -3.646393 0.199948 -8.330353
v -3.646393 -0.199950 -8.330353
v -3.348579 0.199948 -8.367810
v -3.348579 -0.199950 -8.367810
v -3.049266 0.199948 -8.390316
v -3.049266 -0.199950 -8.390316
v -3.515090 -0.199950 -3.087675
v -3.515090 0.199948 -3.087675
v -2.749204 0.199948 -3.429101
v -2.749204 -0.199950 -3.429101
v -2.872281 0.199948 -3.421716
v -2.872281 -0.199950 -3.421716
v -2.993609 0.199948 -3.399677
v -2.993609 -0.199950 -3.399677
v -3.111420 0.199948 -3.363296
v -3.111420 -0.199950 -3.363296
v -3.224022 0.199948 -3.313092
v -3.224022 -0.199950 -3.313092
v -3.329841 0.199948 -3.249785
v -3.329841 -0.199950 -3.249785
v -3.427318 0.199948 -3.174284
v -3.427318 -0.199950 -3.174284
v 2.749396 -0.199950 -3.429101
v 2.749396 0.199948 -3.429101
v 3.427510 0.199948 -3.174284
v 3.427510 -0.199950 -3.174284
v 3.330033 0.199948 -3.249785
v 3.330033 -0.199950 -3.249785
v 3.224215 0.199948 -3.313092
v 3.224215 -0.199950 -3.313092
v 3.111593 0.199948 -3.363296
v 3.111593 -0.199950 -3.363296
v 2.993782 0.199948 -3.399677
v 2.993782 -0.199950 -3.399677
v 2.872473 0.199948 -3.421716
v 2.872473 -0.199950 -3.421716
v 2.749396 0.199948 14.426330
v 2.749396 -0.199950 14.426330
v 3.188641 0.199948 14.418305
v 3.188641 -0.199950 14.418305
v 3.627289 0.199948 14.394244
v 3.627289 -0.199950 14.394244
v 4.064785 0.199948 14.354177
v 4.064785 -0.199950 14.354177
v 4.500513 0.199948 14.298164
v 4.500513 -0.199950 14.298164
v 4.933915 0.199948 14.226267
v 4.933915 -0.199950 14.226267
v 5.364396 0.199948 14.138596
v 5.364396 -0.199950 14.138596
v 5.791398 0.199948 14.035256
v 5.791398 -0.199950 14.035256
v 6.214325 0.199948 13.916393
v 6.214325 -0.199950 13.916393
v 6.632641 0.199948 13.782165
v 6.632641 -0.199950 13.782165
v 7.045767 0.199948 13.632744
v 7.045767 -0.199950 13.632744
v 7.453166 0.199948 13.468337
v 7.453166 -0.199950 13.468337
v 7.854300 0.199948 13.289161
v 7.854300 -0.199950 13.289161
v 8.248611 0.199948 13.095455
v 8.248611 -0.199950 13.095455
v 8.635580 0.199948 12.887479
v 8.635580 -0.199950 12.887479
v 9.014689 0.199948 12.665503
v 9.014689 -0.199950 12.665503
v 9.385458 0.199948 12.429832
v 9.385458 -0.199950 12.429832
v 9.747366 0.199948 12.180781
v 9.747366 -0.199950 12.180781
v 10.099934 0.199948 11.918672
v 10.099934 -0.199950 11.918672
v 10.442681 0.199948 11.643867
v 10.442681 -0.199950 11.643867
v 10.775185 0.199948 11.356725
v 10.775185 -0.199950 11.356725
v 11.096965 0.199948 11.057629
v 11.096965 -0.199950 11.057629
v 11.407617 0.199948 10.746982
v 11.407617 -0.199950 10.746982
v 11.706698 0.199948 10.425197
v 11.706698 -0.199950 10.425197
v 11.993846 0.199948 10.092703
v 11.993846 -0.199950 10.092703
v 12.268655 0.199948 9.749947
v 12.268655 -0.199950 9.749947
v 12.530760 0.199948 9.397378
v 12.530760 -0.199950 9.397378
v 12.779816 0.199948 9.035475
v 12.779816 -0.199950 9.035475
v 13.015476 0.199948 8.664716
v 13.015476 -0.199950 8.664716
v 13.237453 0.199948 8.285598
v 13.237453 -0.199950 8.285598
v 13.445438 0.199948 7.898623
v 13.445438 -0.199950 7.898623
v 13.639144 0.199948 7.504317
v 13.639144 -0.199950 7.504317
v 13.818320 0.199948 7.103193
v 13.818320 -0.199950 7.103193
v 13.982718 0.199948 6.695794
v 13.982718 -0.199950 6.695794
v 14.132143 0.199948 6.282667
v 14.132143 -0.199950 6.282667
v 14.266367 0.199948 5.864352
v 14.266367 -0.199950 5.864352
v 14.385235 0.199948 5.441419
v 14.385235 -0.199950 5.441419
v 14.488574 0.199948 5.014422
v 14.488574 -0.199950 5.014422
v 14.576250 0.199948 4.583941
v 14.576250 -0.199950 4.583941
v 14.648148 0.199948 4.150544
v 14.648148 -0.199950 4.150544
v 14.704151 0.199948 3.714807
v 14.704151 -0.199950 3.714807
v 14.744222 0.199948 3.277316
v 14.744222 -0.199950 3.277316
v 14.768284 0.199948 2.838658
v 14.768284 -0.199950 2.838658
v 14.776318 0.199948 2.399408
v 14.776318 -0.199950 2.399408
v -2.749204 -0.199950 14.426330
v -2.749204 0.199948 14.426330
v -14.776125 0.199948 2.399408
v -14.776125 -0.199950 2.399408
v -14.768092 0.199948 2.838658
v -14.768092 -0.199950 2.838658
v -14.744049 0.199948 3.277316
v -14.744049 -0.199950 3.277316
v -14.703978 0.199948 3.714807
v -14.703978 -0.199950 3.714807
v -14.647955 0.199948 4.150544
v -14.647955 -0.199950 4.150544
v -14.576058 0.199948 4.583941
v -14.576058 -0.199950 4.583941
v -14.488382 0.199948 5.014422
v -14.488382 -0.199950 5.014422
v -14.385062 0.199948 5.441419
v -14.385062 -0.199950 5.441419
v -14.266194 0.199948 5.864352
v -14.266194 -0.199950 5.864352
v -14.131951 0.199948 6.282667
v -14.131951 -0.199950 6.282667
v -13.982545 0.199948 6.695794
v -13.982545 -0.199950 6.695794
v -13.818128 0.199948 7.103193
v -13.818128 -0.199950 7.103193
v -13.638951 0.199948 7.504317
v -13.638951 -0.199950 7.504317
v -13.445246 0.199948 7.898623
v -13.445246 -0.199950 7.898623
v -13.237280 0.199948 8.285598
v -13.237280 -0.199950 8.285598
v -13.015304 0.199948 8.664716
v -13.015304 -0.199950 8.664716
v -12.779624 0.199948 9.035475
v -12.779624 -0.199950 9.035475
v -12.530568 0.199948 9.397378
v -12.530568 -0.199950 9.397378
v -12.268462 0.199948 9.749947
v -12.268462 -0.199950 9.749947
v -11.993653 0.199948 10.092703
v -11.993653 -0.199950 10.092703
v -11.706526 0.199948 10.425197
v -11.706526 -0.199950 10.425197
v -11.407424 0.199948 10.746982
v -11.407424 -0.199950 10.746982
v -11.096772 0.199948 11.057629
v -11.096772 -0.199950 11.057629
v -10.774993 0.199948 11.356725
v -10.774993 -0.199950 11.356725
v -10.442509 0.199948 11.643867
v -10.442509 -0.199950 11.643867
v -10.099742 0.199948 11.918672
v -10.099742 -0.199950 11.918672
v -9.747174 0.199948 12.180781
v -9.747174 -0.199950 12.180781
v -9.385265 0.199948 12.429832
v -9.385265 -0.199950 12.429832
v -9.014517 0.199948 12.665503
v -9.014517 -0.199950 12.665503
v -8.635388 0.199948 12.887479
v -8.635388 -0.199950 12.887479
v -8.248419 0.199948 13.095455
v -8.248419 -0.199950 13.095455
v -7.854108 0.199948 13.289161
v -7.854108 -0.199950 13.289161
v -7.452993 0.199948 13.468337
v -7.452993 -0.199950 13.468337
v -7.045594 0.199948 13.632744
v -7.045594 -0.199950 13.632744
v -6.632468 0.199948 13.782165
v -6.632468 -0.199950 13.782165
v -6.214152 0.199948 13.916393
v -6.214152 -0.199950 13.916393
v -5.791205 0.199948 14.035256
v -5.791205 -0.199950 14.035256
v -5.364223 0.199948 14.138596
v -5.364223 -0.199950 14.138596
v -4.933742 0.199948 14.226267
v -4.933742 -0.199950 14.226267
v -4.500340 0.199948 14.298164
v -4.500340 -0.199950 14.298164
v -4.064612 0.199948 14.354177
v -4.064612 -0.199950 14.354177
v -3.627116 0.199948 14.394244
v -3.627116 -0.199950 14.394244
v -3.188448 0.199948 14.418305
v -3.188448 -0.199950 14.418305
v -14.776125 -0.199950 -2.399365
v -14.776125 0.199948 -2.399365
v -2.749204 0.199948 -14.426281
v -2.749204 -0.199950 -14.426281
v -3.188448 0.199948 -14.418258
v -3.188448 -0.199950 -14.418258
v -3.627116 0.199948 -14.394196
v -3.627116 -0.199950 -14.394196
v -4.064612 0.199948 -14.354135
v -4.064612 -0.199950 -14.354135
v -4.500340 0.199948 -14.298121
v -4.500340 -0.199950 -14.298121
v -4.933742 0.199948 -14.226224
v -4.933742 -0.199950 -14.226224
v -5.364223 0.199948 -14.138548
v -5.364223 -0.199950 -14.138548
v -5.791205 0.199948 -14.035209
v -5.791205 -0.199950 -14.035209
v -6.214152 0.199948 -13.916350
v -6.214152 -0.199950 -13.916350
v -6.632468 0.199948 -13.782117
v -6.632468 -0.199950 -13.782117
v -7.045594 0.199948 -13.632701
v -7.045594 -0.199950 -13.632701
v -7.452993 0.199948 -13.468294
v -7.452993 -0.199950 -13.468294
v -7.854108 0.199948 -13.289118
v -7.854108 -0.199950 -13.289118
v -8.248419 0.199948 -13.095411
v -8.248419 -0.199950 -13.095411
v -8.635388 0.199948 -12.887436
v -8.635388 -0.199950 -12.887436
v -9.014517 0.199948 -12.665460
v -9.014517 -0.199950 -12.665460
v -9.385265 0.199948 -12.429790
v -9.385265 -0.199950 -12.429790
v -9.747174 0.199948 -12.180734
v -9.747174 -0.199950 -12.180734
v -10.099742 0.199948 -11.918629
v -10.099742 -0.199950 -11.918629
v -10.442509 0.199948 -11.643820
v -10.442509 -0.199950 -11.643820
v -10.774993 0.199948 -11.356682
v -10.774993 -0.199950 -11.356682
v -11.096772 0.199948 -11.057590
v -11.096772 -0.199950 -11.057590
v -11.407424 0.199948 -10.746938
v -11.407424 -0.199950 -10.746938
v -11.706526 0.199948 -10.425159
v -11.706526 -0.199950 -10.425159
v -11.993653 0.199948 -10.092665
v -11.993653 -0.199950 -10.092665
v -12.268462 0.199948 -9.749898
v -12.268462 -0.199950 -9.749898
v -12.530568 0.199948 -9.397330
v -12.530568 -0.199950 -9.397330
v -12.779624 0.199948 -9.035432
v -12.779624 -0.199950 -9.035432
v -13.015304 0.199948 -8.664673
v -13.015304 -0.199950 -8.664673
v -13.237280 0.199948 -8.285554
v -13.237280 -0.199950 -8.285554
v -13.445246 0.199948 -7.898585
v -13.445246 -0.199950 -7.898585
v -13.638951 0.199948 -7.504273
v -13.638951 -0.199950 -7.504273
v -13.818128 0.199948 -7.103149
v -13.818128 -0.199950 -7.103149
v -13.982545 0.199948 -6.695750
v -13.982545 -0.199950 -6.695750
v -14.131951 0.199948 -6.282624
v -14.131951 -0.199950 -6.282624
v -14.266194 0.199948 -5.864309
v -14.266194 -0.199950 -5.864309
v -14.385062 0.199948 -5.441371
v -14.385062 -0.199950 -5.441371
v -14.488382 0.199948 -5.014379
v -14.488382 -0.199950 -5.014379
v -14.576058 0.199948 -4.583898
v -14.576058 -0.199950 -4.583898
v -14.647955 0.199948 -4.150496
v -14.647955 -0.199950 -4.150496
v -14.703978 0.199948 -3.714763
v -14.703978 -0.199950 -3.714763
v -14.744049 0.199948 -3.277273
v -14.744049 -0.199950 -3.277273
v -14.768092 0.199948 -2.838609
v -14.768092 -0.199950 -2.838609
v 2.749396 -0.199950 -14.426281
v 2.749396 0.199948 -14.426281
v 14.776318 0.199948 -2.399365
v 14.776318 -0.199950 -2.399365
v 14.768284 0.199948 -2.838609
v 14.768284 -0.199950 -2.838609
v 14.744222 0.199948 -3.277273
v 14.744222 -0.199950 -3.277273
v 14.704151 0.199948 -3.714763
v 14.704151 -0.199950 -3.714763
v 14.648148 0.199948 -4.150496
v 14.648148 -0.199950 -4.150496
v 14.576250 0.199948 -4.583898
v 14.576250 -0.199950 -4.583898
v 14.488574 0.199948 -5.014379
v 14.488574 -0.199950 -5.014379
v 14.385235 0.199948 -5.441371
v 14.385235 -0.199950 -5.441371
v 14.266367 0.199948 -5.864309
v 14.266367 -0.199950 -5.864309
v 14.132143 0.199948 -6.282624
v 14.132143 -0.199950 -6.282624
v 13.982718 0.199948 -6.695750
v 13.982718 -0.199950 -6.695750
v 13.818320 0.199948 -7.103149
v 13.818320 -0.199950 -7.103149
v 13.639144 0.199948 -7.504273
v 13.639144 -0.199950 -7.504273
v 13.445438 0.199948 -7.898585
v 13.445438 -0.199950 -7.898585
v 13.237453 0.199948 -8.285554
v 13.237453 -0.199950 -8.285554
v 13.015476 0.199948 -8.664673
v 13.015476 -0.199950 -8.664673
v 12.779816 0.199948 -9.035432
v 12.779816 -0.199950 -9.035432
v 12.530760 0.199948 -9.397330
v 12.530760 -0.199950 -9.397330
v 12.268655 0.199948 -9.749898
v 12.268655 -0.199950 -9.749898
v 11.993846 0.199948 -10.092665
v 11.993846 -0.199950 -10.092665
v 11.706698 0.199948 -10.425159
v 11.706698 -0.199950 -10.425159
v 11.407617 0.199948 -10.746938
v 11.407617 -0.199950 -10.746938
v 11.096965 0.199948 -11.057590
v 11.096965 -0.199950 -11.057590
v 10.775185 0.199948 -11.356682
v 10.775185 -0.199950 -11.356682
v 10.442681 0.199948 -11.643820
v 10.442681 -0.199950 -11.643820
v 10.099934 0.199948 -11.918629
v 10.099934 -0.199950 -11.918629
v 9.747366 0.199948 -12.180734
v 9.747366 -0.199950 -12.180734
v 9.385458 0.199948 -12.429790
v 9.385458 -0.199950 -12.429790
v 9.014689 0.199948 -12.665460
v 9.014689 -0.199950 -12.665460
v 8.635580 0.199948 -12.887436
v 8.635580 -0.199950 -12.887436
v 8.248611 0.199948 -13.095411
v 8.248611 -0.199950 -13.095411
v 7.854300 0.199948 -13.289118
v 7.854300 -0.199950 -13.289118
v 7.453166 0.199948 -13.468294
v 7.453166 -0.199950 -13.468294
v 7.045767 0.199948 -13.632701
v 7.045767 -0.199950 -13.632701
v 6.632641 0.199948 -13.782117
v 6.632641 -0.199950 -13.782117
v 6.214325 0.199948 -13.916350
v 6.214325 -0.199950 -13.916350
v 5.791398 0.199948 -14.035209
v 5.791398 -0.199950 -14.035209
v 5.364396 0.199948 -14.138548
v 5.364396 -0.199950 -14.138548
v 4.933915 0.199948 -14.226224
v 4.933915 -0.199950 -14.226224
v 4.500513 0.199948 -14.298121
v 4.500513 -0.199950 -14.298121
v 4.064785 0.199948 -14.354135
v 4.064785 -0.199950 -14.354135
v 3.627289 0.199948 -14.394196
v 3.627289 -0.199950 -14.394196
v 3.188641 0.199948 -14.418258
v 3.188641 -0.199950 -14.418258
vn -0.6575 0.0000 -0.7534
vn -0.0185 0.0000 0.9998
vn -0.0556 0.0000 0.9985
vn -0.0555 0.0000 0.9985
vn -0.0925 0.0000 0.9957
vn -0.1293 0.0000 0.9916
vn -0.1659 0.0000 0.9861
vn -0.2023 0.0000 0.9793
vn -0.2385 0.0000 0.9711
vn -0.2743 0.0000 0.9617
vn -0.3097 0.0000 0.9508
vn -0.3447 0.0000 0.9387
vn -0.3792 0.0000 0.9253
vn -0.4132 0.0000 0.9106
vn -0.4133 0.0000 0.9106
vn -0.4467 0.0000 0.8947
vn -0.4795 0.0000 0.8775
vn -0.5117 0.0000 0.8592
vn -0.5431 0.0000 0.8396
vn -0.5431 0.0000 0.8397
vn -0.5739 0.0000 0.8189
vn -0.6038 0.0000 0.7971
vn -0.6329 0.0000 0.7742
vn -0.6612 0.0000 0.7502
vn -0.6885 0.0000 0.7253
vn -0.7149 0.0000 0.6992
vn -0.7403 0.0000 0.6723
vn 0.0000 0.0000 1.0000
vn 0.7403 0.0000 0.6723
vn 0.7149 0.0000 0.6993
vn 0.6885 0.0000 0.7252
vn 0.6611 0.0000 0.7503
vn 0.6329 0.0000 0.7742
vn 0.6038 0.0000 0.7971
vn 0.5739 0.0000 0.8189
vn 0.5431 0.0000 0.8396
vn 0.5117 0.0000 0.8592
vn 0.4795 0.0000 0.8775
vn 0.4467 0.0000 0.8947
vn 0.4132 0.0000 0.9106
vn 0.3792 0.0000 0.9253
vn 0.3447 0.0000 0.9387
vn 0.3097 0.0000 0.9508
vn 0.2743 0.0000 0.9617
vn 0.2385 0.0000 0.9712
vn 0.2023 0.0000 0.9793
vn 0.1659 0.0000 0.9861
vn 0.1293 0.0000 0.9916
vn 0.0925 0.0000 0.9957
vn 0.0556 0.0000 0.9985
vn 0.0185 0.0000 0.9998
vn 0.6575 0.0000 -0.7534
vn -0.0250 0.0000 -0.9997
vn -0.0750 0.0000 -0.9972
vn -0.1248 0.0000 -0.9922
vn -0.1743 0.0000 -0.9847
vn -0.2233 0.0000 -0.9748
vn -0.2233 0.0000 -0.9747
vn -0.2718 0.0000 -0.9624
vn -0.3196 0.0000 -0.9476
vn -0.3666 0.0000 -0.9304
vn -0.4127 0.0000 -0.9109
vn -0.4577 0.0000 -0.8891
vn -0.5016 0.0000 -0.8651
vn -0.5443 0.0000 -0.8389
vn -0.5856 0.0000 -0.8106
vn -0.6254 0.0000 -0.7803
vn -0.6636 0.0000 -0.7481
vn -0.7002 0.0000 -0.7139
vn -0.7351 0.0000 -0.6780
vn 0.0000 0.0000 -1.0000
vn 0.7351 0.0000 -0.6780
vn 0.7002 0.0000 -0.7139
vn 0.6636 0.0000 -0.7481
vn 0.6253 0.0000 -0.7803
vn 0.5856 0.0000 -0.8106
vn 0.5443 0.0000 -0.8389
vn 0.5016 0.0000 -0.8651
vn 0.4577 0.0000 -0.8891
vn 0.4127 0.0000 -0.9109
vn 0.3666 0.0000 -0.9304
vn 0.3196 0.0000 -0.9476
vn 0.2718 0.0000 -0.9624
vn 0.2233 0.0000 -0.9747
vn 0.2233 0.0000 -0.9748
vn 0.1743 0.0000 -0.9847
vn 0.1248 0.0000 -0.9922
vn 0.0750 0.0000 -0.9972
vn 0.0250 0.0000 -0.9997
vn -0.0598 0.0000 0.9982
vn -0.1787 0.0000 0.9839
vn -0.2949 0.0000 0.9555
vn -0.4070 0.0000 0.9134
vn -0.5132 0.0000 0.8583
vn -0.6120 0.0000 0.7909
vn -0.7021 0.0000 0.7121
vn -0.7021 0.0000 0.7120
vn 0.7021 0.0000 0.7120
vn 0.7021 0.0000 0.7121
vn 0.6121 0.0000 0.7908
vn 0.5131 0.0000 0.8583
vn 0.4070 0.0000 0.9134
vn 0.2949 0.0000 0.9555
vn 0.1786 0.0000 0.9839
vn 0.0598 0.0000 0.9982
vn -1.0000 0.0000 0.0000
vn -0.6575 0.0000 0.7534
vn 0.9983 0.0000 0.0585
vn 0.9846 0.0000 0.1748
vn 0.9575 0.0000 0.2885
vn 0.9172 0.0000 0.3985
vn 0.8644 0.0000 0.5028
vn 0.7997 0.0000 0.6004
vn 1.0000 0.0000 0.0000
vn 0.7997 0.0000 -0.6004
vn 0.8644 0.0000 -0.5028
vn 0.9172 0.0000 -0.3985
vn 0.9575 0.0000 -0.2885
vn 0.9846 0.0000 -0.1748
vn 0.9983 0.0000 -0.0585
vn -0.7021 0.0000 -0.7121
vn -0.6120 0.0000 -0.7909
vn -0.5132 0.0000 -0.8583
vn -0.4069 0.0000 -0.9135
vn -0.2949 0.0000 -0.9555
vn -0.1787 0.0000 -0.9839
vn -0.0598 0.0000 -0.9982
vn 0.6575 0.0000 0.7534
vn 0.0598 0.0000 -0.9982
vn 0.1786 0.0000 -0.9839
vn 0.2949 0.0000 -0.9555
vn 0.4070 0.0000 -0.9134
vn 0.5131 0.0000 -0.8583
vn 0.6121 0.0000 -0.7908
vn 0.7021 0.0000 -0.7121
vn -0.9998 0.0000 -0.0179
vn -0.9986 0.0000 -0.0537
vn -0.9960 0.0000 -0.0894
vn -0.9922 0.0000 -0.1250
vn -0.9870 0.0000 -0.1605
vn -0.9807 0.0000 -0.1957
vn -0.9730 0.0000 -0.2307
vn -0.9641 0.0000 -0.2654
vn -0.9540 0.0000 -0.2997
vn -0.9427 0.0000 -0.3337
vn -0.9301 0.0000 -0.3673
vn -0.9301 0.0000 -0.3672
vn -0.9164 0.0000 -0.4003
vn -0.9015 0.0000 -0.4329
vn -0.8854 0.0000 -0.4649
vn -0.8682 0.0000 -0.4963
vn -0.8498 0.0000 -0.5270
vn -0.8304 0.0000 -0.5571
vn -0.8099 0.0000 -0.5865
vn -0.7884 0.0000 -0.6152
vn -0.7659 0.0000 -0.6430
vn -0.7659 0.0000 0.6430
vn -0.7884 0.0000 0.6151
vn -0.8099 0.0000 0.5865
vn -0.8304 0.0000 0.5571
vn -0.8498 0.0000 0.5270
vn -0.8682 0.0000 0.4963
vn -0.8854 0.0000 0.4649
vn -0.9015 0.0000 0.4329
vn -0.9164 0.0000 0.4003
vn -0.9301 0.0000 0.3672
vn -0.9427 0.0000 0.3337
vn -0.9540 0.0000 0.2997
vn -0.9641 0.0000 0.2654
vn -0.9730 0.0000 0.2307
vn -0.9807 0.0000 0.1957
vn -0.9870 0.0000 0.1605
vn -0.9922 0.0000 0.1250
vn -0.9960 0.0000 0.0894
vn -0.9986 0.0000 0.0537
vn -0.9998 0.0000 0.0179
vn 0.9997 0.0000 -0.0255
vn 0.9971 0.0000 -0.0765
vn 0.9919 0.0000 -0.1273
vn 0.9841 0.0000 -0.1778
vn 0.9737 0.0000 -0.2278
vn 0.9608 0.0000 -0.2772
vn 0.9454 0.0000 -0.3259
vn 0.9275 0.0000 -0.3737
vn 0.9072 0.0000 -0.4207
vn 0.8846 0.0000 -0.4664
vn 0.8596 0.0000 -0.5109
vn 0.8324 0.0000 -0.5542
vn 0.8030 0.0000 -0.5960
vn 0.7715 0.0000 -0.6362
vn 0.7716 0.0000 0.6362
vn 0.8030 0.0000 0.5960
vn 0.8324 0.0000 0.5542
vn 0.8596 0.0000 0.5109
vn 0.8846 0.0000 0.4664
vn 0.9072 0.0000 0.4207
vn 0.9275 0.0000 0.3737
vn 0.9454 0.0000 0.3259
vn 0.9608 0.0000 0.2772
vn 0.9737 0.0000 0.2278
vn 0.9841 0.0000 0.1778
vn 0.9919 0.0000 0.1273
vn 0.9971 0.0000 0.0765
vn 0.9997 0.0000 0.0255
vn -0.7403 0.0000 -0.6723
vn -0.7149 0.0000 -0.6992
vn -0.6885 0.0000 -0.7253
vn -0.6612 0.0000 -0.7502
vn -0.6329 0.0000 -0.7742
vn -0.6038 0.0000 -0.7971
vn -0.5739 0.0000 -0.8189
vn -0.5431 0.0000 -0.8396
vn -0.5117 0.0000 -0.8592
vn -0.4795 0.0000 -0.8775
vn -0.4467 0.0000 -0.8947
vn -0.4132 0.0000 -0.9106
vn -0.3792 0.0000 -0.9253
vn -0.3447 0.0000 -0.9387
vn -0.3097 0.0000 -0.9508
vn -0.2743 0.0000 -0.9617
vn -0.2385 0.0000 -0.9711
vn -0.2023 0.0000 -0.9793
vn -0.1659 0.0000 -0.9861
vn -0.1293 0.0000 -0.9916
vn -0.0925 0.0000 -0.9957
vn -0.0555 0.0000 -0.9985
vn -0.0185 0.0000 -0.9998
vn 0.0250 0.0000 0.9997
vn 0.0750 0.0000 0.9972
vn 0.1248 0.0000 0.9922
vn 0.1743 0.0000 0.9847
vn 0.2233 0.0000 0.9747
vn 0.2718 0.0000 0.9624
vn 0.3196 0.0000 0.9476
vn 0.3666 0.0000 0.9304
vn 0.4127 0.0000 0.9109
vn 0.4577 0.0000 0.8891
vn 0.5016 0.0000 0.8651
vn 0.5443 0.0000 0.8389
vn 0.5856 0.0000 0.8106
vn 0.6253 0.0000 0.7803
vn 0.6636 0.0000 0.7481
vn 0.7002 0.0000 0.7139
vn 0.7351 0.0000 0.6780
vn -0.7351 0.0000 0.6780
vn -0.7002 0.0000 0.7139
vn -0.6636 0.0000 0.7481
vn -0.6254 0.0000 0.7803
vn -0.5856 0.0000 0.8106
vn -0.5443 0.0000 0.8389
vn -0.5016 0.0000 0.8651
vn -0.4577 0.0000 0.8891
vn -0.4127 0.0000 0.9109
vn -0.3666 0.0000 0.9304
vn -0.3196 0.0000 0.9476
vn -0.2718 0.0000 0.9624
vn -0.2233 0.0000 0.9747
vn -0.1743 0.0000 0.9847
vn -0.1248 0.0000 0.9922
vn -0.0750 0.0000 0.9972
vn -0.0250 0.0000 0.9997
vn 0.0185 0.0000 -0.9998
vn 0.0555 0.0000 -0.9985
vn 0.0925 0.0000 -0.9957
vn 0.1293 0.0000 -0.9916
vn 0.1659 0.0000 -0.9861
vn 0.2023 0.0000 -0.9793
vn 0.2385 0.0000 -0.9712
vn 0.2743 0.0000 -0.9617
vn 0.3097 0.0000 -0.9508
vn 0.3447 0.0000 -0.9387
vn 0.3792 0.0000 -0.9253
vn 0.4132 0.0000 -0.9106
vn 0.4467 0.0000 -0.8947
vn 0.4795 0.0000 -0.8775
vn 0.5117 0.0000 -0.8592
vn 0.5432 0.0000 -0.8396
vn 0.5739 0.0000 -0.8189
vn 0.6038 0.0000 -0.7971
vn 0.6329 0.0000 -0.7742
vn 0.6611 0.0000 -0.7503
vn 0.6885 0.0000 -0.7252
vn 0.7149 0.0000 -0.6993
vn 0.7403 0.0000 -0.6723
vn -0.7350 0.0000 -0.6780
vn -0.5855 0.0000 -0.8106
vn 0.0599 0.0000 0.9982
vn 0.1788 0.0000 0.9839
vn 0.2951 0.0000 0.9555
vn 0.4072 0.0000 0.9134
vn 0.4071 0.0000 0.9134
vn 0.5134 0.0000 0.8582
vn 0.6123 0.0000 0.7906
vn 0.7024 0.0000 0.7118
vn -0.7024 0.0000 0.7118
vn -0.6123 0.0000 0.7906
vn -0.5134 0.0000 0.8582
vn -0.4072 0.0000 0.9133
vn -0.2951 0.0000 0.9555
vn -0.1788 0.0000 0.9839
vn -0.0599 0.0000 0.9982
vn 0.7350 0.0000 -0.6780
vn -0.9997 0.0000 -0.0255
vn -0.9971 0.0000 -0.0765
vn -0.9919 0.0000 -0.1274
vn -0.9841 0.0000 -0.1778
vn -0.9737 0.0000 -0.2278
vn -0.9608 0.0000 -0.2772
vn -0.9454 0.0000 -0.3259
vn -0.9275 0.0000 -0.3738
vn -0.9072 0.0000 -0.4206
vn -0.8846 0.0000 -0.4664
vn -0.8596 0.0000 -0.5109
vn -0.8324 0.0000 -0.5542
vn -0.8030 0.0000 -0.5959
vn -0.7716 0.0000 -0.6362
vn -0.7716 0.0000 0.6362
vn -0.8030 0.0000 0.5959
vn -0.8324 0.0000 0.5542
vn -0.8596 0.0000 0.5109
vn -0.8846 0.0000 0.4664
vn -0.9072 0.0000 0.4206
vn -0.9275 0.0000 0.3738
vn -0.9454 0.0000 0.3259
vn -0.9608 0.0000 0.2772
vn -0.9737 0.0000 0.2278
vn -0.9841 0.0000 0.1778
vn -0.9919 0.0000 0.1274
vn -0.9971 0.0000 0.0765
vn -0.9997 0.0000 0.0255
vn 0.9574 0.0000 -0.2887
vn 0.9170 0.0000 -0.3988
vn 0.8643 0.0000 -0.5031
vn 0.7995 0.0000 -0.6007
vn 0.7995 0.0000 0.6007
vn 0.8643 0.0000 0.5031
vn 0.9170 0.0000 0.3988
vn 0.9574 0.0000 0.2887
vn 0.9846 0.0000 0.1749
vn -0.9983 0.0000 -0.0585
vn -0.9846 0.0000 -0.1748
vn -0.9574 0.0000 -0.2886
vn -0.9172 0.0000 -0.3984
vn -0.8644 0.0000 -0.5028
vn -0.7997 0.0000 -0.6004
vn -0.7997 0.0000 0.6004
vn -0.8644 0.0000 0.5028
vn -0.9172 0.0000 0.3984
vn -0.9574 0.0000 0.2886
vn -0.9846 0.0000 0.1748
vn -0.9983 0.0000 0.0585
vn -0.9983 0.0000 0.0587
vn -0.9846 0.0000 0.1749
vn -0.9574 0.0000 0.2887
vn -0.9171 0.0000 0.3986
vn -0.8642 0.0000 0.5032
vn -0.7995 0.0000 0.6007
vn -0.7994 0.0000 -0.6007
vn -0.8642 0.0000 -0.5032
vn -0.9171 0.0000 -0.3986
vn -0.9574 0.0000 -0.2887
vn -0.9983 0.0000 -0.0587
vn 0.9841 0.0000 0.1779
vn 0.8031 0.0000 0.5959
vn 0.7716 0.0000 -0.6362
vn 0.8031 0.0000 -0.5959
vn 0.9072 0.0000 -0.4206
vn 0.9841 0.0000 -0.1779
vn -0.9919 0.0000 0.1273
vn -0.8596 0.0000 0.5110
vn -0.8030 0.0000 0.5960
vn -0.7715 0.0000 -0.6362
vn -0.8030 0.0000 -0.5960
vn -0.9919 0.0000 -0.1273
vn 0.9998 0.0000 0.0179
vn 0.9986 0.0000 0.0537
vn 0.9960 0.0000 0.0894
vn 0.9922 0.0000 0.1250
vn 0.9870 0.0000 0.1605
vn 0.9807 0.0000 0.1957
vn 0.9730 0.0000 0.2307
vn 0.9641 0.0000 0.2654
vn 0.9540 0.0000 0.2997
vn 0.9427 0.0000 0.3337
vn 0.9301 0.0000 0.3672
vn 0.9164 0.0000 0.4003
vn 0.9015 0.0000 0.4329
vn 0.8854 0.0000 0.4649
vn 0.8682 0.0000 0.4963
vn 0.8498 0.0000 0.5270
vn 0.8304 0.0000 0.5571
vn 0.8099 0.0000 0.5865
vn 0.7884 0.0000 0.6151
vn 0.7659 0.0000 0.6430
vn 0.7659 0.0000 -0.6430
vn 0.7884 0.0000 -0.6152
vn 0.8099 0.0000 -0.5865
vn 0.8304 0.0000 -0.5571
vn 0.8498 0.0000 -0.5270
vn 0.8682 0.0000 -0.4963
vn 0.8854 0.0000 -0.4649
vn 0.9015 0.0000 -0.4329
vn 0.9164 0.0000 -0.4003
vn 0.9301 0.0000 -0.3672
vn 0.9427 0.0000 -0.3337
vn 0.9540 0.0000 -0.2997
vn 0.9641 0.0000 -0.2654
vn 0.9730 0.0000 -0.2307
vn 0.9807 0.0000 -0.1957
vn 0.9870 0.0000 -0.1605
vn 0.9922 0.0000 -0.1250
vn 0.9960 0.0000 -0.0894
vn 0.9986 0.0000 -0.0537
vn 0.9998 0.0000 -0.0179
vn -0.5855 0.0000 0.8106
vn -0.5855 0.0000 0.8107
vn 0.2233 0.0000 0.9748
vn -0.0599 0.0000 -0.9982
vn -0.2951 0.0000 -0.9555
vn -0.4072 0.0000 -0.9133
vn -0.5134 0.0000 -0.8582
vn -0.6123 0.0000 -0.7906
vn -0.7024 0.0000 -0.7118
vn 0.7024 0.0000 -0.7118
vn 0.6123 0.0000 -0.7906
vn 0.5134 0.0000 -0.8582
vn 0.4072 0.0000 -0.9134
vn 0.2951 0.0000 -0.9555
vn 0.1788 0.0000 -0.9839
vn 0.1787 0.0000 -0.9839
vn 0.0599 0.0000 -0.9982
vn 0.0183 0.0000 0.9998
vn 0.0548 0.0000 0.9985
vn 0.0912 0.0000 0.9958
vn 0.1275 0.0000 0.9918
vn 0.1637 0.0000 0.9865
vn 0.1996 0.0000 0.9799
vn 0.2352 0.0000 0.9719
vn 0.2706 0.0000 0.9627
vn 0.3055 0.0000 0.9522
vn 0.3401 0.0000 0.9404
vn 0.3742 0.0000 0.9273
vn 0.4078 0.0000 0.9131
vn 0.4409 0.0000 0.8975
vn 0.4734 0.0000 0.8808
vn 0.5053 0.0000 0.8630
vn 0.5364 0.0000 0.8439
vn 0.5669 0.0000 0.8238
vn 0.5966 0.0000 0.8025
vn 0.6255 0.0000 0.7802
vn 0.6536 0.0000 0.7568
vn 0.6808 0.0000 0.7325
vn 0.7071 0.0000 0.7071
vn 0.7325 0.0000 0.6808
vn 0.7568 0.0000 0.6536
vn 0.7802 0.0000 0.6255
vn 0.8025 0.0000 0.5966
vn 0.8238 0.0000 0.5669
vn 0.8439 0.0000 0.5364
vn 0.8630 0.0000 0.5053
vn 0.8808 0.0000 0.4734
vn 0.8975 0.0000 0.4409
vn 0.9131 0.0000 0.4078
vn 0.9273 0.0000 0.3742
vn 0.9404 0.0000 0.3401
vn 0.9522 0.0000 0.3055
vn 0.9627 0.0000 0.2706
vn 0.9719 0.0000 0.2352
vn 0.9799 0.0000 0.1996
vn 0.9865 0.0000 0.1637
vn 0.9918 0.0000 0.1275
vn 0.9958 0.0000 0.0912
vn 0.9985 0.0000 0.0548
vn 0.9998 0.0000 0.0183
vn -0.9998 0.0000 0.0183
vn -0.9985 0.0000 0.0547
vn -0.9958 0.0000 0.0912
vn -0.9918 0.0000 0.1275
vn -0.9865 0.0000 0.1637
vn -0.9799 0.0000 0.1996
vn -0.9720 0.0000 0.2352
vn -0.9627 0.0000 0.2706
vn -0.9522 0.0000 0.3056
vn -0.9404 0.0000 0.3401
vn -0.9273 0.0000 0.3742
vn -0.9131 0.0000 0.4078
vn -0.8975 0.0000 0.4409
vn -0.8809 0.0000 0.4734
vn -0.8630 0.0000 0.5053
vn -0.8439 0.0000 0.5365
vn -0.8238 0.0000 0.5669
vn -0.8025 0.0000 0.5966
vn -0.7802 0.0000 0.6255
vn -0.7569 0.0000 0.6536
vn -0.7325 0.0000 0.6808
vn -0.7324 0.0000 0.6808
vn -0.7071 0.0000 0.7071
vn -0.6808 0.0000 0.7325
vn -0.6536 0.0000 0.7568
vn -0.6255 0.0000 0.7802
vn -0.5966 0.0000 0.8025
vn -0.5669 0.0000 0.8238
vn -0.5365 0.0000 0.8439
vn -0.5053 0.0000 0.8630
vn -0.4734 0.0000 0.8808
vn -0.4409 0.0000 0.8975
vn -0.4079 0.0000 0.9130
vn -0.3742 0.0000 0.9273
vn -0.3401 0.0000 0.9404
vn -0.3055 0.0000 0.9522
vn -0.2706 0.0000 0.9627
vn -0.2352 0.0000 0.9719
vn -0.1996 0.0000 0.9799
vn -0.1637 0.0000 0.9865
vn -0.1275 0.0000 0.9918
vn -0.0912 0.0000 0.9958
vn -0.0548 0.0000 0.9985
vn -0.0183 0.0000 0.9998
vn -0.0183 0.0000 -0.9998
vn -0.0548 0.0000 -0.9985
vn -0.0912 0.0000 -0.9958
vn -0.1275 0.0000 -0.9918
vn -0.1637 0.0000 -0.9865
vn -0.1996 0.0000 -0.9799
vn -0.2352 0.0000 -0.9719
vn -0.2705 0.0000 -0.9627
vn -0.3055 0.0000 -0.9522
vn -0.3401 0.0000 -0.9404
vn -0.3742 0.0000 -0.9273
vn -0.4079 0.0000 -0.9130
vn -0.4409 0.0000 -0.8975
vn -0.4734 0.0000 -0.8808
vn -0.5053 0.0000 -0.8630
vn -0.5365 0.0000 -0.8439
vn -0.5669 0.0000 -0.8238
vn -0.5966 0.0000 -0.8025
vn -0.6255 0.0000 -0.7802
vn -0.6536 0.0000 -0.7568
vn -0.6808 0.0000 -0.7325
vn -0.7071 0.0000 -0.7071
vn -0.7324 0.0000 -0.6808
vn -0.7569 0.0000 -0.6536
vn -0.7802 0.0000 -0.6255
vn -0.8025 0.0000 -0.5966
vn -0.8238 0.0000 -0.5669
vn -0.8439 0.0000 -0.5365
vn -0.8630 0.0000 -0.5053
vn -0.8809 0.0000 -0.4734
vn -0.8975 0.0000 -0.4409
vn -0.9131 0.0000 -0.4078
vn -0.9273 0.0000 -0.3742
vn -0.9404 0.0000 -0.3401
vn -0.9522 0.0000 -0.3056
vn -0.9627 0.0000 -0.2706
vn -0.9720 0.0000 -0.2352
vn -0.9799 0.0000 -0.1996
vn -0.9865 0.0000 -0.1637
vn -0.9918 0.0000 -0.1275
vn -0.9958 0.0000 -0.0912
vn -0.9985 0.0000 -0.0547
vn -0.9998 0.0000 -0.0183
vn 0.9998 0.0000 -0.0183
vn 0.9985 0.0000 -0.0548
vn 0.9958 0.0000 -0.0912
vn 0.9918 0.0000 -0.1275
vn 0.9865 0.0000 -0.1637
vn 0.9799 0.0000 -0.1996
vn 0.9719 0.0000 -0.2352
vn 0.9627 0.0000 -0.2706
vn 0.9522 0.0000 -0.3055
vn 0.9404 0.0000 -0.3401
vn 0.9273 0.0000 -0.3742
vn 0.9131 0.0000 -0.4078
vn 0.8975 0.0000 -0.4409
vn 0.8808 0.0000 -0.4734
vn 0.8630 0.0000 -0.5053
vn 0.8439 0.0000 -0.5364
vn 0.8238 0.0000 -0.5669
vn 0.8025 0.0000 -0.5966
vn 0.7802 0.0000 -0.6255
vn 0.7568 0.0000 -0.6536
vn 0.7325 0.0000 -0.6808
vn 0.7071 0.0000 -0.7071
vn 0.6808 0.0000 -0.7325
vn 0.6536 0.0000 -0.7568
vn 0.6536 0.0000 -0.7569
vn 0.6255 0.0000 -0.7802
vn 0.5966 0.0000 -0.8025
vn 0.5669 0.0000 -0.8238
vn 0.5364 0.0000 -0.8439
vn 0.5053 0.0000 -0.8630
vn 0.4734 0.0000 -0.8808
vn 0.4409 0.0000 -0.8975
vn 0.4078 0.0000 -0.9131
vn 0.3742 0.0000 -0.9273
vn 0.3401 0.0000 -0.9404
vn 0.3055 0.0000 -0.9522
vn 0.2706 0.0000 -0.9627
vn 0.2352 0.0000 -0.9719
vn 0.1996 0.0000 -0.9799
vn 0.1637 0.0000 -0.9865
vn 0.1275 0.0000 -0.9918
vn 0.0912 0.0000 -0.9958
vn 0.0548 0.0000 -0.9985
vn 0.0183 0.0000 -0.9998
vn 0.0000 1.0000 0.0000
vn 0.0000 -1.0000 0.0000
usemtl None
s off
f 1//1 2//1 3//1
f 3//1 2//1 4//1
f 5//2 6//2 7//2
f 7//2 6//2 8//2
f 7//3 8//3 9//3
f 9//4 8//4 10//4
f 9//5 10//5 11//5
f 11//5 10//5 12//5
f 11//6 12//6 13//6
f 13//6 12//6 14//6
f 13//7 14//7 15//7
f 15//7 14//7 16//7
f 15//8 16//8 17//8
f 17//8 16//8 18//8
f 17//9 18//9 19//9
f 19//9 18//9 20//9
f 19//10 20//10 21//10
f 21//10 20//10 22//10
f 21//11 22//11 23//11
f 23//11 22//11 24//11
f 23//12 24//12 25//12
f 25//12 24//12 26//12
f 25//13 26//13 27//13
f 27//13 26//13 28//13
f 27//14 28//14 29//14
f 29//15 28//15 30//15
f 29//16 30//16 31//16
f 31//16 30//16 32//16
f 31//17 32//17 33//17
f 33//17 32//17 34//17
f 33//18 34//18 35//18
f 35//18 34//18 36//18
f 35//19 36//19 37//19
f 37//20 36//20 38//20
f 37//21 38//21 39//21
f 39//21 38//21 40//21
f 39//22 40//22 41//22
f 41//22 40//22 42//22
f 41//23 42//23 43//23
f 43//23 42//23 44//23
f 43//24 44//24 45//24
f 45//24 44//24 46//24
f 45//25 46//25 47//25
f 47//25 46//25 48//25
f 47//26 48//26 49//26
f 49//26 48//26 50//26
f 49//27 50//27 3//27
f 3//27 50//27 1//27
f 51//28 6//28 52//28
f 52//28 6//28 5//28
f 53//29 54//29 55//29
f 55//29 54//29 56//29
f 55//30 56//30 57//30
f 57//30 56//30 58//30
f 57//31 58//31 59//31
f 59//31 58//31 60//31
f 59//32 60//32 61//32
f 61//32 60//32 62//32
f 61//33 62//33 63//33
f 63//33 62//33 64//33
f 63//34 64//34 65//34
f 65//34 64//34 66//34
f 65//35 66//35 67//35
f 67//35 66//35 68//35
f 67//36 68//36 69//36
f 69//36 68//36 70//36
f 69//37 70//37 71//37
f 71//37 70//37 72//37
f 71//38 72//38 73//38
f 73//38 72//38 74//38
f 73//39 74//39 75//39
f 75//39 74//39 76//39
f 75//40 76//40 77//40
f 77//40 76//40 78//40
f 77//41 78//41 79//41
f 79//41 78//41 80//41
f 79//42 80//42 81//42
f 81//42 80//42 82//42
f 81//43 82//43 83//43
f 83//43 82//43 84//43
f 83//44 84//44 85//44
f 85//44 84//44 86//44
f 85//45 86//45 87//45
f 87//45 86//45 88//45
f 87//46 88//46 89//46
f 89//46 88//46 90//46
f 89//47 90//47 91//47
f 91//47 90//47 92//47
f 91//48 92//48 93//48
f 93//48 92//48 94//48
f 93//49 94//49 95//49
f 95//49 94//49 96//49
f 95//50 96//50 97//50
f 97//50 96//50 98//50
f 97//51 98//51 52//51
f 52//51 98//51 51//51
f 99//52 54//52 100//52
f 100//52 54//52 53//52
f 101//53 102//53 103//53
f 103//53 102//53 104//53
f 103//54 104//54 105//54
f 105//54 104//54 106//54
f 105//55 106//55 107//55
f 107//55 106//55 108//55
f 107//56 108//56 109//56
f 109//56 108//56 110//56
f 109//57 110//57 111//57
f 111//58 110//58 112//58
f 111//59 112//59 113//59
f 113//59 112//59 114//59
f 113//60 114//60 115//60
f 115//60 114//60 116//60
f 115//61 116//61 117//61
f 117//61 116//61 118//61
f 117//62 118//62 119//62
f 119//62 118//62 120//62
f 119//63 120//63 121//63
f 121//63 120//63 122//63
f 121//64 122//64 123//64
f 123//64 122//64 124//64
f 123//65 124//65 125//65
f 125//65 124//65 126//65
f 125//66 126//66 127//66
f 127//66 126//66 128//66
f 127//67 128//67 129//67
f 129//67 128//67 130//67
f 129//68 130//68 131//68
f 131//68 130//68 132//68
f 131//69 132//69 133//69
f 133//69 132//69 134//69
f 133//70 134//70 100//70
f 100//70 134//70 99//70
f 135//71 102//71 136//71
f 136//71 102//71 101//71
f 4//72 2//72 137//72
f 137//72 2//72 138//72
f 137//73 138//73 139//73
f 139//73 138//73 140//73
f 139//74 140//74 141//74
f 141//74 140//74 142//74
f 141//75 142//75 143//75
f 143//75 142//75 144//75
f 143//76 144//76 145//76
f 145//76 144//76 146//76
f 145//77 146//77 147//77
f 147//77 146//77 148//77
f 147//78 148//78 149//78
f 149//78 148//78 150//78
f 149//79 150//79 151//79
f 151//79 150//79 152//79
f 151//80 152//80 153//80
f 153//80 152//80 154//80
f 153//81 154//81 155//81
f 155//81 154//81 156//81
f 155//82 156//82 157//82
f 157//82 156//82 158//82
f 157//83 158//83 159//83
f 159//83 158//83 160//83
f 159//84 160//84 161//84
f 161//85 160//85 162//85
f 161//86 162//86 163//86
f 163//86 162//86 164//86
f 163//87 164//87 165//87
f 165//87 164//87 166//87
f 165//88 166//88 167//88
f 167//88 166//88 168//88
f 167//89 168//89 136//89
f 136//89 168//89 135//89
f 169//1 170//1 171//1
f 171//1 170//1 172//1
f 173//90 174//90 175//90
f 175//90 174//90 176//90
f 175//91 176//91 177//91
f 177//91 176//91 178//91
f 177//92 178//92 179//92
f 179//92 178//92 180//92
f 179//93 180//93 181//93
f 181//93 180//93 182//93
f 181//94 182//94 183//94
f 183//94 182//94 184//94
f 183//95 184//95 185//95
f 185//95 184//95 186//95
f 185//96 186//96 171//96
f 171//97 186//97 169//97
f 187//28 174//28 188//28
f 188//28 174//28 173//28
f 189//98 190//98 191//98
f 191//99 190//99 192//99
f 191//100 192//100 193//100
f 193//100 192//100 194//100
f 193//101 194//101 195//101
f 195//101 194//101 196//101
f 195//102 196//102 197//102
f 197//102 196//102 198//102
f 197//103 198//103 199//103
f 199//103 198//103 200//103
f 199//104 200//104 201//104
f 201//104 200//104 202//104
f 201//105 202//105 188//105
f 188//105 202//105 187//105
f 203//52 190//52 204//52
f 204//52 190//52 189//52
f 170//71 203//71 172//71
f 172//71 203//71 204//71
f 205//1 206//1 207//1
f 207//1 206//1 208//1
f 209//106 205//106 210//106
f 210//106 205//106 207//106
f 211//107 209//107 212//107
f 212//107 209//107 210//107
f 213//108 214//108 215//108
f 215//108 214//108 216//108
f 215//109 216//109 217//109
f 217//109 216//109 218//109
f 217//110 218//110 219//110
f 219//110 218//110 220//110
f 219//111 220//111 221//111
f 221//111 220//111 222//111
f 221//112 222//112 223//112
f 223//112 222//112 224//112
f 223//113 224//113 212//113
f 212//113 224//113 211//113
f 225//114 214//114 226//114
f 226//114 214//114 213//114
f 208//115 206//115 227//115
f 227//115 206//115 228//115
f 227//116 228//116 229//116
f 229//116 228//116 230//116
f 229//117 230//117 231//117
f 231//117 230//117 232//117
f 231//118 232//118 233//118
f 233//118 232//118 234//118
f 233//119 234//119 235//119
f 235//119 234//119 236//119
f 235//120 236//120 226//120
f 226//120 236//120 225//120
f 237//106 238//106 239//106
f 239//106 238//106 240//106
f 241//28 237//28 242//28
f 242//28 237//28 239//28
f 243//114 241//114 244//114
f 244//114 241//114 242//114
f 238//71 243//71 240//71
f 240//71 243//71 244//71
f 245//121 246//121 247//121
f 247//121 246//121 248//121
f 247//122 248//122 249//122
f 249//122 248//122 250//122
f 249//123 250//123 251//123
f 251//123 250//123 252//123
f 251//124 252//124 253//124
f 253//124 252//124 254//124
f 253//125 254//125 255//125
f 255//125 254//125 256//125
f 255//126 256//126 257//126
f 257//126 256//126 258//126
f 257//127 258//127 259//127
f 259//127 258//127 260//127
f 261//107 246//107 262//107
f 262//107 246//107 245//107
f 263//28 261//28 264//28
f 264//28 261//28 262//28
f 265//128 263//128 266//128
f 266//128 263//128 264//128
f 267//129 268//129 269//129
f 269//129 268//129 270//129
f 269//130 270//130 271//130
f 271//130 270//130 272//130
f 271//131 272//131 273//131
f 273//131 272//131 274//131
f 273//132 274//132 275//132
f 275//132 274//132 276//132
f 275//133 276//133 277//133
f 277//133 276//133 278//133
f 277//134 278//134 279//134
f 279//134 278//134 280//134
f 279//135 280//135 266//135
f 266//135 280//135 265//135
f 260//71 268//71 259//71
f 259//71 268//71 267//71
f 281//52 282//52 283//52
f 283//52 282//52 284//52
f 285//136 286//136 287//136
f 287//136 286//136 288//136
f 287//137 288//137 289//137
f 289//137 288//137 290//137
f 289//138 290//138 291//138
f 291//138 290//138 292//138
f 291//139 292//139 293//139
f 293//139 292//139 294//139
f 293//140 294//140 295//140
f 295//140 294//140 296//140
f 295//141 296//141 297//141
f 297//141 296//141 298//141
f 297//142 298//142 299//142
f 299//142 298//142 300//142
f 299//143 300//143 301//143
f 301//143 300//143 302//143
f 301//144 302//144 303//144
f 303//144 302//144 304//144
f 303//145 304//145 305//145
f 305//145 304//145 306//145
f 305//146 306//146 307//146
f 307//147 306//147 308//147
f 307//148 308//148 309//148
f 309//148 308//148 310//148
f 309//149 310//149 311//149
f 311//149 310//149 312//149
f 311//150 312//150 313//150
f 313//150 312//150 314//150
f 313//151 314//151 315//151
f 315//151 314//151 316//151
f 315//152 316//152 317//152
f 317//152 316//152 318//152
f 317//153 318//153 319//153
f 319//153 318//153 320//153
f 319//154 320//154 321//154
f 321//154 320//154 322//154
f 321//155 322//155 323//155
f 323//155 322//155 324//155
f 323//156 324//156 283//156
f 283//156 324//156 281//156
f 325//106 286//106 326//106
f 326//106 286//106 285//106
f 327//157 328//157 329//157
f 329//157 328//157 330//157
f 329//158 330//158 331//158
f 331//158 330//158 332//158
f 331//159 332//159 333//159
f 333//159 332//159 334//159
f 333//160 334//160 335//160
f 335//160 334//160 336//160
f 335//161 336//161 337//161
f 337//161 336//161 338//161
f 337//162 338//162 339//162
f 339//162 338//162 340//162
f 339//163 340//163 341//163
f 341//163 340//163 342//163
f 341//164 342//164 343//164
f 343//164 342//164 344//164
f 343//165 344//165 345//165
f 345//165 344//165 346//165
f 345//166 346//166 347//166
f 347//166 346//166 348//166
f 347//167 348//167 349//167
f 349//167 348//167 350//167
f 349//168 350//168 351//168
f 351//168 350//168 352//168
f 351//169 352//169 353//169
f 353//169 352//169 354//169
f 353//170 354//170 355//170
f 355//170 354//170 356//170
f 355//171 356//171 357//171
f 357//171 356//171 358//171
f 357//172 358//172 359//172
f 359//172 358//172 360//172
f 359//173 360//173 361//173
f 361//173 360//173 362//173
f 361//174 362//174 363//174
f 363//174 362//174 364//174
f 363//175 364//175 365//175
f 365//175 364//175 366//175
f 365//176 366//176 326//176
f 326//176 366//176 325//176
f 367//128 328//128 368//128
f 368//128 328//128 327//128
f 369//177 370//177 371//177
f 371//177 370//177 372//177
f 371//178 372//178 373//178
f 373//178 372//178 374//178
f 373//179 374//179 375//179
f 375//179 374//179 376//179
f 375//180 376//180 377//180
f 377//180 376//180 378//180
f 377//181 378//181 379//181
f 379//181 378//181 380//181
f 379//182 380//182 381//182
f 381//182 380//182 382//182
f 381//183 382//183 383//183
f 383//183 382//183 384//183
f 383//184 384//184 385//184
f 385//184 384//184 386//184
f 385//185 386//185 387//185
f 387//185 386//185 388//185
f 387//186 388//186 389//186
f 389//186 388//186 390//186
f 389//187 390//187 391//187
f 391//187 390//187 392//187
f 391//188 392//188 393//188
f 393//188 392//188 394//188
f 393//189 394//189 395//189
f 395//189 394//189 396//189
f 395//190 396//190 368//190
f 368//190 396//190 367//190
f 397//114 370//114 398//114
f 398//114 370//114 369//114
f 284//191 282//191 399//191
f 399//191 282//191 400//191
f 399//192 400//192 401//192
f 401//192 400//192 402//192
f 401//193 402//193 403//193
f 403//193 402//193 404//193
f 403//194 404//194 405//194
f 405//194 404//194 406//194
f 405//195 406//195 407//195
f 407//195 406//195 408//195
f 407//196 408//196 409//196
f 409//196 408//196 410//196
f 409//197 410//197 411//197
f 411//197 410//197 412//197
f 411//198 412//198 413//198
f 413//198 412//198 414//198
f 413//199 414//199 415//199
f 415//199 414//199 416//199
f 415//200 416//200 417//200
f 417//200 416//200 418//200
f 417//201 418//201 419//201
f 419//201 418//201 420//201
f 419//202 420//202 421//202
f 421//202 420//202 422//202
f 421//203 422//203 423//203
f 423//203 422//203 424//203
f 423//204 424//204 398//204
f 398//204 424//204 397//204
f 425//205 426//205 427//205
f 427//205 426//205 428//205
f 427//206 428//206 429//206
f 429//206 428//206 430//206
f 429//207 430//207 431//207
f 431//207 430//207 432//207
f 431//208 432//208 433//208
f 433//208 432//208 434//208
f 433//209 434//209 435//209
f 435//209 434//209 436//209
f 435//210 436//210 437//210
f 437//210 436//210 438//210
f 437//211 438//211 439//211
f 439//211 438//211 440//211
f 439//212 440//212 441//212
f 441//212 440//212 442//212
f 441//213 442//213 443//213
f 443//213 442//213 444//213
f 443//214 444//214 445//214
f 445//214 444//214 446//214
f 445//215 446//215 447//215
f 447//215 446//215 448//215
f 447//216 448//216 449//216
f 449//216 448//216 450//216
f 449//217 450//217 451//217
f 451//217 450//217 452//217
f 451//218 452//218 453//218
f 453//218 452//218 454//218
f 453//219 454//219 455//219
f 455//219 454//219 456//219
f 455//220 456//220 457//220
f 457//220 456//220 458//220
f 457//221 458//221 459//221
f 459//221 458//221 460//221
f 459//222 460//222 461//222
f 461//222 460//222 462//222
f 461//223 462//223 463//223
f 463//223 462//223 464//223
f 463//224 464//224 465//224
f 465//224 464//224 466//224
f 465//225 466//225 467//225
f 467//225 466//225 468//225
f 467//226 468//226 469//226
f 469//226 468//226 470//226
f 469//227 470//227 471//227
f 471//227 470//227 472//227
f 473//107 426//107 474//107
f 474//107 426//107 425//107
f 475//228 476//228 477//228
f 477//228 476//228 478//228
f 477//229 478//229 479//229
f 479//229 478//229 480//229
f 479//230 480//230 481//230
f 481//230 480//230 482//230
f 481//231 482//231 483//231
f 483//231 482//231 484//231
f 483//232 484//232 485//232
f 485//232 484//232 486//232
f 485//233 486//233 487//233
f 487//233 486//233 488//233
f 487//234 488//234 489//234
f 489//234 488//234 490//234
f 489//235 490//235 491//235
f 491//235 490//235 492//235
f 491//236 492//236 493//236
f 493//236 492//236 494//236
f 493//237 494//237 495//237
f 495//237 494//237 496//237
f 495//238 496//238 497//238
f 497//238 496//238 498//238
f 497//239 498//239 499//239
f 499//239 498//239 500//239
f 499//240 500//240 501//240
f 501//240 500//240 502//240
f 501//241 502//241 503//241
f 503//241 502//241 504//241
f 503//242 504//242 505//242
f 505//242 504//242 506//242
f 505//243 506//243 507//243
f 507//243 506//243 508//243
f 507//244 508//244 474//244
f 474//244 508//244 473//244
f 509//28 476//28 510//28
f 510//28 476//28 475//28
f 511//245 512//245 513//245
f 513//245 512//245 514//245
f 513//246 514//246 515//246
f 515//246 514//246 516//246
f 515//247 516//247 517//247
f 517//247 516//247 518//247
f 517//248 518//248 519//248
f 519//248 518//248 520//248
f 519//249 520//249 521//249
f 521//249 520//249 522//249
f 521//250 522//250 523//250
f 523//250 522//250 524//250
f 523//251 524//251 525//251
f 525//251 524//251 526//251
f 525//252 526//252 527//252
f 527//252 526//252 528//252
f 527//253 528//253 529//253
f 529//253 528//253 530//253
f 529//254 530//254 531//254
f 531//254 530//254 532//254
f 531//255 532//255 533//255
f 533//255 532//255 534//255
f 533//256 534//256 535//256
f 535//256 534//256 536//256
f 535//257 536//257 537//257
f 537//257 536//257 538//257
f 537//258 538//258 539//258
f 539//258 538//258 540//258
f 539//259 540//259 541//259
f 541//259 540//259 542//259
f 541//260 542//260 543//260
f 543//260 542//260 544//260
f 543//261 544//261 510//261
f 510//261 544//261 509//261
f 545//128 512//128 546//128
f 546//128 512//128 511//128
f 547//262 548//262 549//262
f 549//262 548//262 550//262
f 549//263 550//263 551//263
f 551//263 550//263 552//263
f 551//264 552//264 553//264
f 553//264 552//264 554//264
f 553//265 554//265 555//265
f 555//265 554//265 556//265
f 555//266 556//266 557//266
f 557//266 556//266 558//266
f 557//267 558//267 559//267
f 559//267 558//267 560//267
f 559//268 560//268 561//268
f 561//268 560//268 562//268
f 561//269 562//269 563//269
f 563//269 562//269 564//269
f 563//270 564//270 565//270
f 565//270 564//270 566//270
f 565//271 566//271 567//271
f 567//271 566//271 568//271
f 567//272 568//272 569//272
f 569//272 568//272 570//272
f 569//273 570//273 571//273
f 571//273 570//273 572//273
f 571//274 572//274 573//274
f 573//274 572//274 574//274
f 573//275 574//275 575//275
f 575//275 574//275 576//275
f 575//276 576//276 577//276
f 577//276 576//276 578//276
f 577//277 578//277 579//277
f 579//277 578//277 580//277
f 579//278 580//278 581//278
f 581//278 580//278 582//278
f 581//279 582//279 583//279
f 583//279 582//279 584//279
f 583//280 584//280 585//280
f 585//280 584//280 586//280
f 585//281 586//281 587//281
f 587//281 586//281 588//281
f 587//282 588//282 589//282
f 589//282 588//282 590//282
f 589//283 590//283 591//283
f 591//283 590//283 592//283
f 591//284 592//284 546//284
f 546//284 592//284 545//284
f 472//71 548//71 471//71
f 471//71 548//71 547//71
f 593//285 594//285 595//285
f 595//285 594//285 596//285
f 595//69 596//69 597//69
f 597//69 596//69 598//69
f 597//68 598//68 599//68
f 599//68 598//68 600//68
f 599//67 600//67 601//67
f 601//67 600//67 602//67
f 601//286 602//286 603//286
f 603//286 602//286 604//286
f 603//65 604//65 605//65
f 605//65 604//65 606//65
f 605//64 606//64 607//64
f 607//64 606//64 608//64
f 607//63 608//63 609//63
f 609//63 608//63 610//63
f 609//62 610//62 611//62
f 611//62 610//62 612//62
f 611//61 612//61 613//61
f 613//61 612//61 614//61
f 613//60 614//60 615//60
f 615//60 614//60 616//60
f 615//59 616//59 617//59
f 617//59 616//59 618//59
f 617//58 618//58 619//58
f 619//58 618//58 620//58
f 619//56 620//56 621//56
f 621//56 620//56 622//56
f 621//55 622//55 623//55
f 623//55 622//55 624//55
f 623//54 624//54 625//54
f 625//54 624//54 626//54
f 625//53 626//53 627//53
f 627//53 626//53 628//53
f 629//107 594//107 630//107
f 630//107 594//107 593//107
f 631//287 632//287 633//287
f 633//287 632//287 634//287
f 633//288 634//288 635//288
f 635//288 634//288 636//288
f 635//289 636//289 637//289
f 637//289 636//289 638//289
f 637//290 638//290 639//290
f 639//291 638//291 640//291
f 639//292 640//292 641//292
f 641//292 640//292 642//292
f 641//293 642//293 643//293
f 643//293 642//293 644//293
f 643//294 644//294 630//294
f 630//294 644//294 629//294
f 645//28 632//28 646//28
f 646//28 632//28 631//28
f 647//295 648//295 649//295
f 649//295 648//295 650//295
f 649//296 650//296 651//296
f 651//296 650//296 652//296
f 651//297 652//297 653//297
f 653//297 652//297 654//297
f 653//298 654//298 655//298
f 655//298 654//298 656//298
f 655//299 656//299 657//299
f 657//299 656//299 658//299
f 657//300 658//300 659//300
f 659//300 658//300 660//300
f 659//301 660//301 646//301
f 646//301 660//301 645//301
f 661//128 648//128 662//128
f 662//128 648//128 647//128
f 663//89 664//89 665//89
f 665//89 664//89 666//89
f 665//88 666//88 667//88
f 667//88 666//88 668//88
f 667//87 668//87 669//87
f 669//87 668//87 670//87
f 669//86 670//86 671//86
f 671//86 670//86 672//86
f 671//85 672//85 673//85
f 673//85 672//85 674//85
f 673//83 674//83 675//83
f 675//83 674//83 676//83
f 675//82 676//82 677//82
f 677//82 676//82 678//82
f 677//81 678//81 679//81
f 679//81 678//81 680//81
f 679//80 680//80 681//80
f 681//80 680//80 682//80
f 681//79 682//79 683//79
f 683//79 682//79 684//79
f 683//78 684//78 685//78
f 685//78 684//78 686//78
f 685//77 686//77 687//77
f 687//77 686//77 688//77
f 687//76 688//76 689//76
f 689//76 688//76 690//76
f 689//75 690//75 691//75
f 691//75 690//75 692//75
f 691//74 692//74 693//74
f 693//74 692//74 694//74
f 693//73 694//73 695//73
f 695//73 694//73 696//73
f 695//302 696//302 662//302
f 662//302 696//302 661//302
f 628//71 664//71 627//71
f 627//71 664//71 663//71
f 697//303 698//303 699//303
f 699//303 698//303 700//303
f 699//304 700//304 701//304
f 701//304 700//304 702//304
f 701//305 702//305 703//305
f 703//305 702//305 704//305
f 703//306 704//306 705//306
f 705//306 704//306 706//306
f 705//307 706//307 707//307
f 707//307 706//307 708//307
f 707//308 708//308 709//308
f 709//308 708//308 710//308
f 709//309 710//309 711//309
f 711//309 710//309 712//309
f 711//310 712//310 713//310
f 713//310 712//310 714//310
f 713//311 714//311 715//311
f 715//311 714//311 716//311
f 715//312 716//312 717//312
f 717//312 716//312 718//312
f 717//313 718//313 719//313
f 719//313 718//313 720//313
f 719//314 720//314 721//314
f 721//314 720//314 722//314
f 721//315 722//315 723//315
f 723//315 722//315 724//315
f 723//316 724//316 725//316
f 725//316 724//316 726//316
f 727//106 698//106 728//106
f 728//106 698//106 697//106
f 729//317 730//317 731//317
f 731//317 730//317 732//317
f 731//318 732//318 733//318
f 733//318 732//318 734//318
f 733//319 734//319 735//319
f 735//319 734//319 736//319
f 735//320 736//320 737//320
f 737//320 736//320 738//320
f 737//321 738//321 739//321
f 739//321 738//321 740//321
f 739//322 740//322 741//322
f 741//322 740//322 742//322
f 741//323 742//323 743//323
f 743//323 742//323 744//323
f 743//324 744//324 745//324
f 745//324 744//324 746//324
f 745//325 746//325 747//325
f 747//325 746//325 748//325
f 747//326 748//326 749//326
f 749//326 748//326 750//326
f 749//327 750//327 751//327
f 751//327 750//327 752//327
f 751//328 752//328 753//328
f 753//328 752//328 754//328
f 753//329 754//329 755//329
f 755//329 754//329 756//329
f 755//330 756//330 728//330
f 728//330 756//330 727//330
f 757//128 730//128 758//128
f 758//128 730//128 729//128
f 759//120 760//120 761//120
f 761//120 760//120 762//120
f 761//119 762//119 763//119
f 763//119 762//119 764//119
f 763//331 764//331 765//331
f 765//331 764//331 766//331
f 765//332 766//332 767//332
f 767//332 766//332 768//332
f 767//333 768//333 769//333
f 769//333 768//333 770//333
f 769//334 770//334 758//334
f 758//334 770//334 757//334
f 771//114 760//114 772//114
f 772//114 760//114 759//114
f 773//335 774//335 775//335
f 775//335 774//335 776//335
f 775//336 776//336 777//336
f 777//336 776//336 778//336
f 777//337 778//337 779//337
f 779//337 778//337 780//337
f 779//338 780//338 781//338
f 781//338 780//338 782//338
f 781//339 782//339 783//339
f 783//339 782//339 784//339
f 783//108 784//108 772//108
f 772//108 784//108 771//108
f 726//52 774//52 725//52
f 725//52 774//52 773//52
f 785//340 786//340 787//340
f 787//340 786//340 788//340
f 787//341 788//341 789//341
f 789//341 788//341 790//341
f 789//342 790//342 791//342
f 791//342 790//342 792//342
f 791//343 792//343 793//343
f 793//343 792//343 794//343
f 793//344 794//344 795//344
f 795//344 794//344 796//344
f 795//345 796//345 797//345
f 797//345 796//345 798//345
f 799//106 786//106 800//106
f 800//106 786//106 785//106
f 801//346 802//346 803//346
f 803//346 802//346 804//346
f 803//347 804//347 805//347
f 805//347 804//347 806//347
f 805//348 806//348 807//348
f 807//348 806//348 808//348
f 807//349 808//349 809//349
f 809//349 808//349 810//349
f 809//350 810//350 811//350
f 811//350 810//350 812//350
f 811//351 812//351 800//351
f 800//351 812//351 799//351
f 813//128 802//128 814//128
f 814//128 802//128 801//128
f 815//114 813//114 816//114
f 816//114 813//114 814//114
f 798//52 815//52 797//52
f 797//52 815//52 816//52
f 817//1 818//1 819//1
f 819//1 818//1 820//1
f 821//352 822//352 823//352
f 823//352 822//352 824//352
f 823//353 824//353 825//353
f 825//353 824//353 826//353
f 825//354 826//354 827//354
f 827//354 826//354 828//354
f 827//355 828//355 829//355
f 829//355 828//355 830//355
f 829//356 830//356 831//356
f 831//356 830//356 832//356
f 831//357 832//357 819//357
f 819//357 832//357 817//357
f 833//106 822//106 834//106
f 834//106 822//106 821//106
f 835//358 836//358 837//358
f 837//358 836//358 838//358
f 837//359 838//359 839//359
f 839//359 838//359 840//359
f 839//360 840//360 841//360
f 841//360 840//360 842//360
f 841//361 842//361 843//361
f 843//361 842//361 844//361
f 843//341 844//341 845//341
f 845//341 844//341 846//341
f 845//362 846//362 834//362
f 834//362 846//362 833//362
f 847//107 836//107 848//107
f 848//107 836//107 835//107
f 849//204 850//204 851//204
f 851//204 850//204 852//204
f 851//203 852//203 853//203
f 853//203 852//203 854//203
f 853//202 854//202 855//202
f 855//202 854//202 856//202
f 855//363 856//363 857//363
f 857//363 856//363 858//363
f 857//200 858//200 859//200
f 859//200 858//200 860//200
f 859//199 860//199 861//199
f 861//199 860//199 862//199
f 861//198 862//198 863//198
f 863//198 862//198 864//198
f 863//197 864//197 865//197
f 865//197 864//197 866//197
f 865//196 866//196 867//196
f 867//196 866//196 868//196
f 867//195 868//195 869//195
f 869//195 868//195 870//195
f 869//194 870//194 871//194
f 871//194 870//194 872//194
f 871//193 872//193 873//193
f 873//193 872//193 874//193
f 873//364 874//364 875//364
f 875//364 874//364 876//364
f 875//191 876//191 848//191
f 848//191 876//191 847//191
f 877//114 850//114 878//114
f 878//114 850//114 849//114
f 820//365 818//365 879//365
f 879//365 818//365 880//365
f 879//366 880//366 881//366
f 881//366 880//366 882//366
f 881//188 882//188 883//188
f 883//188 882//188 884//188
f 883//187 884//187 885//187
f 885//187 884//187 886//187
f 885//186 886//186 887//186
f 887//186 886//186 888//186
f 887//367 888//367 889//367
f 889//367 888//367 890//367
f 889//184 890//184 891//184
f 891//184 890//184 892//184
f 891//183 892//183 893//183
f 893//183 892//183 894//183
f 893//182 894//182 895//182
f 895//182 894//182 896//182
f 895//181 896//181 897//181
f 897//181 896//181 898//181
f 897//368 898//368 899//368
f 899//368 898//368 900//368
f 899//179 900//179 901//179
f 901//179 900//179 902//179
f 901//178 902//178 903//178
f 903//178 902//178 904//178
f 903//177 904//177 878//177
f 878//177 904//177 877//177
f 905//330 906//330 907//330
f 907//330 906//330 908//330
f 907//329 908//329 909//329
f 909//329 908//329 910//329
f 909//369 910//369 911//369
f 911//369 910//369 912//369
f 911//327 912//327 913//327
f 913//327 912//327 914//327
f 913//326 914//326 915//326
f 915//326 914//326 916//326
f 915//325 916//325 917//325
f 917//325 916//325 918//325
f 917//324 918//324 919//324
f 919//324 918//324 920//324
f 919//323 920//323 921//323
f 921//323 920//323 922//323
f 921//322 922//322 923//322
f 923//322 922//322 924//322
f 923//321 924//321 925//321
f 925//321 924//321 926//321
f 925//370 926//370 927//370
f 927//320 926//320 928//320
f 927//319 928//319 929//319
f 929//319 928//319 930//319
f 929//371 930//371 931//371
f 931//371 930//371 932//371
f 931//317 932//317 933//317
f 933//317 932//317 934//317
f 935//106 906//106 936//106
f 936//106 906//106 905//106
f 937//372 938//372 939//372
f 939//372 938//372 940//372
f 939//373 940//373 941//373
f 941//373 940//373 942//373
f 941//314 942//314 943//314
f 943//314 942//314 944//314
f 943//313 944//313 945//313
f 945//313 944//313 946//313
f 945//312 946//312 947//312
f 947//312 946//312 948//312
f 947//311 948//311 949//311
f 949//311 948//311 950//311
f 949//310 950//310 951//310
f 951//310 950//310 952//310
f 951//309 952//309 953//309
f 953//309 952//309 954//309
f 953//308 954//308 955//308
f 955//308 954//308 956//308
f 955//307 956//307 957//307
f 957//307 956//307 958//307
f 957//306 958//306 959//306
f 959//306 958//306 960//306
f 959//374 960//374 961//374
f 961//374 960//374 962//374
f 961//304 962//304 963//304
f 963//304 962//304 964//304
f 963//303 964//303 936//303
f 936//303 964//303 935//303
f 965//107 938//107 966//107
f 966//107 938//107 937//107
f 967//375 968//375 969//375
f 969//375 968//375 970//375
f 969//376 970//376 971//376
f 971//376 970//376 972//376
f 971//377 972//377 973//377
f 973//377 972//377 974//377
f 973//378 974//378 975//378
f 975//378 974//378 976//378
f 975//379 976//379 977//379
f 977//379 976//379 978//379
f 977//380 978//380 979//380
f 979//380 978//380 980//380
f 979//381 980//381 981//381
f 981//381 980//381 982//381
f 981//382 982//382 983//382
f 983//382 982//382 984//382
f 983//383 984//383 985//383
f 985//383 984//383 986//383
f 985//384 986//384 987//384
f 987//384 986//384 988//384
f 987//385 988//385 989//385
f 989//385 988//385 990//385
f 989//386 990//386 991//386
f 991//386 990//386 992//386
f 991//387 992//387 993//387
f 993//387 992//387 994//387
f 993//388 994//388 995//388
f 995//388 994//388 996//388
f 995//389 996//389 997//389
f 997//389 996//389 998//389
f 997//390 998//390 999//390
f 999//390 998//390 1000//390
f 999//391 1000//391 1001//391
f 1001//391 1000//391 1002//391
f 1001//392 1002//392 1003//392
f 1003//392 1002//392 1004//392
f 1003//393 1004//393 1005//393
f 1005//393 1004//393 1006//393
f 1005//394 1006//394 966//394
f 966//394 1006//394 965//394
f 1007//114 968//114 1008//114
f 1008//114 968//114 967//114
f 1009//395 1010//395 1011//395
f 1011//395 1010//395 1012//395
f 1011//396 1012//396 1013//396
f 1013//396 1012//396 1014//396
f 1013//397 1014//397 1015//397
f 1015//397 1014//397 1016//397
f 1015//398 1016//398 1017//398
f 1017//398 1016//398 1018//398
f 1017//399 1018//399 1019//399
f 1019//399 1018//399 1020//399
f 1019//400 1020//400 1021//400
f 1021//400 1020//400 1022//400
f 1021//401 1022//401 1023//401
f 1023//401 1022//401 1024//401
f 1023//402 1024//402 1025//402
f 1025//402 1024//402 1026//402
f 1025//403 1026//403 1027//403
f 1027//403 1026//403 1028//403
f 1027//404 1028//404 1029//404
f 1029//404 1028//404 1030//404
f 1029//405 1030//405 1031//405
f 1031//405 1030//405 1032//405
f 1031//406 1032//406 1033//406
f 1033//406 1032//406 1034//406
f 1033//407 1034//407 1035//407
f 1035//407 1034//407 1036//407
f 1035//408 1036//408 1037//408
f 1037//408 1036//408 1038//408
f 1037//409 1038//409 1039//409
f 1039//409 1038//409 1040//409
f 1039//410 1040//410 1041//410
f 1041//410 1040//410 1042//410
f 1041//411 1042//411 1043//411
f 1043//411 1042//411 1044//411
f 1043//412 1044//412 1045//412
f 1045//412 1044//412 1046//412
f 1045//413 1046//413 1047//413
f 1047//413 1046//413 1048//413
f 1047//414 1048//414 1008//414
f 1008//414 1048//414 1007//414
f 934//1 1010//1 933//1
f 933//1 1010//1 1009//1
f 1049//1 1050//1 1051//1
f 1051//1 1050//1 1052//1
f 1053//261 1054//261 1055//261
f 1055//261 1054//261 1056//261
f 1055//260 1056//260 1057//260
f 1057//260 1056//260 1058//260
f 1057//259 1058//259 1059//259
f 1059//259 1058//259 1060//259
f 1059//258 1060//258 1061//258
f 1061//258 1060//258 1062//258
f 1061//257 1062//257 1063//257
f 1063//257 1062//257 1064//257
f 1063//256 1064//256 1065//256
f 1065//256 1064//256 1066//256
f 1065//255 1066//255 1067//255
f 1067//255 1066//255 1068//255
f 1067//254 1068//254 1069//254
f 1069//254 1068//254 1070//254
f 1069//253 1070//253 1071//253
f 1071//253 1070//253 1072//253
f 1071//252 1072//252 1073//252
f 1073//252 1072//252 1074//252
f 1073//251 1074//251 1075//251
f 1075//251 1074//251 1076//251
f 1075//250 1076//250 1077//250
f 1077//250 1076//250 1078//250
f 1077//415 1078//415 1079//415
f 1079//416 1078//416 1080//416
f 1079//248 1080//248 1081//248
f 1081//248 1080//248 1082//248
f 1081//247 1082//247 1083//247
f 1083//247 1082//247 1084//247
f 1083//246 1084//246 1085//246
f 1085//246 1084//246 1086//246
f 1085//245 1086//245 1051//245
f 1051//245 1086//245 1049//245
f 1087//28 1054//28 1088//28
f 1088//28 1054//28 1053//28
f 1089//244 1090//244 1091//244
f 1091//244 1090//244 1092//244
f 1091//243 1092//243 1093//243
f 1093//243 1092//243 1094//243
f 1093//242 1094//242 1095//242
f 1095//242 1094//242 1096//242
f 1095//241 1096//241 1097//241
f 1097//241 1096//241 1098//241
f 1097//240 1098//240 1099//240
f 1099//240 1098//240 1100//240
f 1099//239 1100//239 1101//239
f 1101//239 1100//239 1102//239
f 1101//238 1102//238 1103//238
f 1103//238 1102//238 1104//238
f 1103//237 1104//237 1105//237
f 1105//237 1104//237 1106//237
f 1105//236 1106//236 1107//236
f 1107//236 1106//236 1108//236
f 1107//235 1108//235 1109//235
f 1109//235 1108//235 1110//235
f 1109//234 1110//234 1111//234
f 1111//234 1110//234 1112//234
f 1111//233 1112//233 1113//233
f 1113//233 1112//233 1114//233
f 1113//232 1114//232 1115//232
f 1115//417 1114//417 1116//417
f 1115//231 1116//231 1117//231
f 1117//231 1116//231 1118//231
f 1117//230 1118//230 1119//230
f 1119//230 1118//230 1120//230
f 1119//229 1120//229 1121//229
f 1121//229 1120//229 1122//229
f 1121//228 1122//228 1088//228
f 1088//228 1122//228 1087//228
f 1123//52 1090//52 1124//52
f 1124//52 1090//52 1089//52
f 1125//418 1126//418 1127//418
f 1127//418 1126//418 1128//418
f 1127//126 1128//126 1129//126
f 1129//126 1128//126 1130//126
f 1129//419 1130//419 1131//419
f 1131//419 1130//419 1132//419
f 1131//420 1132//420 1133//420
f 1133//420 1132//420 1134//420
f 1133//421 1134//421 1135//421
f 1135//421 1134//421 1136//421
f 1135//422 1136//422 1137//422
f 1137//422 1136//422 1138//422
f 1137//423 1138//423 1124//423
f 1124//423 1138//423 1123//423
f 1139//71 1126//71 1140//71
f 1140//71 1126//71 1125//71
f 1052//424 1050//424 1141//424
f 1141//424 1050//424 1142//424
f 1141//425 1142//425 1143//425
f 1143//425 1142//425 1144//425
f 1143//426 1144//426 1145//426
f 1145//426 1144//426 1146//426
f 1145//427 1146//427 1147//427
f 1147//427 1146//427 1148//427
f 1147//428 1148//428 1149//428
f 1149//428 1148//428 1150//428
f 1149//429 1150//429 1151//429
f 1151//430 1150//430 1152//430
f 1151//431 1152//431 1140//431
f 1140//431 1152//431 1139//431
f 1153//432 1154//432 1155//432
f 1155//432 1154//432 1156//432
f 1155//433 1156//433 1157//433
f 1157//433 1156//433 1158//433
f 1157//434 1158//434 1159//434
f 1159//434 1158//434 1160//434
f 1159//435 1160//435 1161//435
f 1161//435 1160//435 1162//435
f 1161//436 1162//436 1163//436
f 1163//436 1162//436 1164//436
f 1163//437 1164//437 1165//437
f 1165//437 1164//437 1166//437
f 1165//438 1166//438 1167//438
f 1167//438 1166//438 1168//438
f 1167//439 1168//439 1169//439
f 1169//439 1168//439 1170//439
f 1169//440 1170//440 1171//440
f 1171//440 1170//440 1172//440
f 1171//441 1172//441 1173//441
f 1173//441 1172//441 1174//441
f 1173//442 1174//442 1175//442
f 1175//442 1174//442 1176//442
f 1175//443 1176//443 1177//443
f 1177//443 1176//443 1178//443
f 1177//444 1178//444 1179//444
f 1179//444 1178//444 1180//444
f 1179//445 1180//445 1181//445
f 1181//445 1180//445 1182//445
f 1181//446 1182//446 1183//446
f 1183//446 1182//446 1184//446
f 1183//447 1184//447 1185//447
f 1185//447 1184//447 1186//447
f 1185//448 1186//448 1187//448
f 1187//448 1186//448 1188//448
f 1187//449 1188//449 1189//449
f 1189//449 1188//449 1190//449
f 1189//450 1190//450 1191//450
f 1191//450 1190//450 1192//450
f 1191//451 1192//451 1193//451
f 1193//451 1192//451 1194//451
f 1193//452 1194//452 1195//452
f 1195//452 1194//452 1196//452
f 1195//453 1196//453 1197//453
f 1197//453 1196//453 1198//453
f 1197//454 1198//454 1199//454
f 1199//454 1198//454 1200//454
f 1199//455 1200//455 1201//455
f 1201//455 1200//455 1202//455
f 1201//456 1202//456 1203//456
f 1203//456 1202//456 1204//456
f 1203//457 1204//457 1205//457
f 1205//457 1204//457 1206//457
f 1205//458 1206//458 1207//458
f 1207//458 1206//458 1208//458
f 1207//459 1208//459 1209//459
f 1209//459 1208//459 1210//459
f 1209//460 1210//460 1211//460
f 1211//460 1210//460 1212//460
f 1211//461 1212//461 1213//461
f 1213//461 1212//461 1214//461
f 1213//462 1214//462 1215//462
f 1215//462 1214//462 1216//462
f 1215//463 1216//463 1217//463
f 1217//463 1216//463 1218//463
f 1217//464 1218//464 1219//464
f 1219//464 1218//464 1220//464
f 1219//465 1220//465 1221//465
f 1221//465 1220//465 1222//465
f 1221//466 1222//466 1223//466
f 1223//466 1222//466 1224//466
f 1223//467 1224//467 1225//467
f 1225//467 1224//467 1226//467
f 1225//468 1226//468 1227//468
f 1227//468 1226//468 1228//468
f 1227//469 1228//469 1229//469
f 1229//469 1228//469 1230//469
f 1229//470 1230//470 1231//470
f 1231//470 1230//470 1232//470
f 1231//471 1232//471 1233//471
f 1233//471 1232//471 1234//471
f 1233//472 1234//472 1235//472
f 1235//472 1234//472 1236//472
f 1235//473 1236//473 1237//473
f 1237//473 1236//473 1238//473
f 1237//474 1238//474 1239//474
f 1239//474 1238//474 1240//474
f 1241//28 1154//28 1242//28
f 1242//28 1154//28 1153//28
f 1243//475 1244//475 1245//475
f 1245//475 1244//475 1246//475
f 1245//476 1246//476 1247//476
f 1247//476 1246//476 1248//476
f 1247//477 1248//477 1249//477
f 1249//477 1248//477 1250//477
f 1249//478 1250//478 1251//478
f 1251//478 1250//478 1252//478
f 1251//479 1252//479 1253//479
f 1253//479 1252//479 1254//479
f 1253//480 1254//480 1255//480
f 1255//480 1254//480 1256//480
f 1255//481 1256//481 1257//481
f 1257//481 1256//481 1258//481
f 1257//482 1258//482 1259//482
f 1259//482 1258//482 1260//482
f 1259//483 1260//483 1261//483
f 1261//483 1260//483 1262//483
f 1261//484 1262//484 1263//484
f 1263//484 1262//484 1264//484
f 1263//485 1264//485 1265//485
f 1265//485 1264//485 1266//485
f 1265//486 1266//486 1267//486
f 1267//486 1266//486 1268//486
f 1267//487 1268//487 1269//487
f 1269//487 1268//487 1270//487
f 1269//488 1270//488 1271//488
f 1271//488 1270//488 1272//488
f 1271//489 1272//489 1273//489
f 1273//489 1272//489 1274//489
f 1273//490 1274//490 1275//490
f 1275//490 1274//490 1276//490
f 1275//491 1276//491 1277//491
f 1277//491 1276//491 1278//491
f 1277//492 1278//492 1279//492
f 1279//492 1278//492 1280//492
f 1279//493 1280//493 1281//493
f 1281//493 1280//493 1282//493
f 1281//494 1282//494 1283//494
f 1283//494 1282//494 1284//494
f 1283//495 1284//495 1285//495
f 1285//496 1284//496 1286//496
f 1285//497 1286//497 1287//497
f 1287//497 1286//497 1288//497
f 1287//498 1288//498 1289//498
f 1289//498 1288//498 1290//498
f 1289//499 1290//499 1291//499
f 1291//499 1290//499 1292//499
f 1291//500 1292//500 1293//500
f 1293//500 1292//500 1294//500
f 1293//501 1294//501 1295//501
f 1295//501 1294//501 1296//501
f 1295//502 1296//502 1297//502
f 1297//502 1296//502 1298//502
f 1297//503 1298//503 1299//503
f 1299//503 1298//503 1300//503
f 1299//504 1300//504 1301//504
f 1301//504 1300//504 1302//504
f 1301//505 1302//505 1303//505
f 1303//505 1302//505 1304//505
f 1303//506 1304//506 1305//506
f 1305//506 1304//506 1306//506
f 1305//507 1306//507 1307//507
f 1307//507 1306//507 1308//507
f 1307//508 1308//508 1309//508
f 1309//508 1308//508 1310//508
f 1309//509 1310//509 1311//509
f 1311//509 1310//509 1312//509
f 1311//510 1312//510 1313//510
f 1313//510 1312//510 1314//510
f 1313//511 1314//511 1315//511
f 1315//511 1314//511 1316//511
f 1315//512 1316//512 1317//512
f 1317//512 1316//512 1318//512
f 1317//513 1318//513 1319//513
f 1319//513 1318//513 1320//513
f 1319//514 1320//514 1321//514
f 1321//514 1320//514 1322//514
f 1321//515 1322//515 1323//515
f 1323//515 1322//515 1324//515
f 1323//516 1324//516 1325//516
f 1325//516 1324//516 1326//516
f 1325//517 1326//517 1327//517
f 1327//517 1326//517 1328//517
f 1327//518 1328//518 1242//518
f 1242//518 1328//518 1241//518
f 1329//106 1244//106 1330//106
f 1330//106 1244//106 1243//106
f 1331//519 1332//519 1333//519
f 1333//519 1332//519 1334//519
f 1333//520 1334//520 1335//520
f 1335//520 1334//520 1336//520
f 1335//521 1336//521 1337//521
f 1337//521 1336//521 1338//521
f 1337//522 1338//522 1339//522
f 1339//522 1338//522 1340//522
f 1339//523 1340//523 1341//523
f 1341//523 1340//523 1342//523
f 1341//524 1342//524 1343//524
f 1343//524 1342//524 1344//524
f 1343//525 1344//525 1345//525
f 1345//525 1344//525 1346//525
f 1345//526 1346//526 1347//526
f 1347//526 1346//526 1348//526
f 1347//527 1348//527 1349//527
f 1349//527 1348//527 1350//527
f 1349//528 1350//528 1351//528
f 1351//528 1350//528 1352//528
f 1351//529 1352//529 1353//529
f 1353//529 1352//529 1354//529
f 1353//530 1354//530 1355//530
f 1355//530 1354//530 1356//530
f 1355//531 1356//531 1357//531
f 1357//531 1356//531 1358//531
f 1357//532 1358//532 1359//532
f 1359//532 1358//532 1360//532
f 1359//533 1360//533 1361//533
f 1361//533 1360//533 1362//533
f 1361//534 1362//534 1363//534
f 1363//534 1362//534 1364//534
f 1363//535 1364//535 1365//535
f 1365//535 1364//535 1366//535
f 1365//536 1366//536 1367//536
f 1367//536 1366//536 1368//536
f 1367//537 1368//537 1369//537
f 1369//537 1368//537 1370//537
f 1369//538 1370//538 1371//538
f 1371//538 1370//538 1372//538
f 1371//539 1372//539 1373//539
f 1373//539 1372//539 1374//539
f 1373//540 1374//540 1375//540
f 1375//540 1374//540 1376//540
f 1375//541 1376//541 1377//541
f 1377//541 1376//541 1378//541
f 1377//542 1378//542 1379//542
f 1379//542 1378//542 1380//542
f 1379//543 1380//543 1381//543
f 1381//543 1380//543 1382//543
f 1381//544 1382//544 1383//544
f 1383//544 1382//544 1384//544
f 1383//545 1384//545 1385//545
f 1385//545 1384//545 1386//545
f 1385//546 1386//546 1387//546
f 1387//546 1386//546 1388//546
f 1387//547 1388//547 1389//547
f 1389//547 1388//547 1390//547
f 1389//548 1390//548 1391//548
f 1391//548 1390//548 1392//548
f 1391//549 1392//549 1393//549
f 1393//549 1392//549 1394//549
f 1393//550 1394//550 1395//550
f 1395//550 1394//550 1396//550
f 1395//551 1396//551 1397//551
f 1397//551 1396//551 1398//551
f 1397//552 1398//552 1399//552
f 1399//552 1398//552 1400//552
f 1399//553 1400//553 1401//553
f 1401//553 1400//553 1402//553
f 1401//554 1402//554 1403//554
f 1403//554 1402//554 1404//554
f 1403//555 1404//555 1405//555
f 1405//555 1404//555 1406//555
f 1405//556 1406//556 1407//556
f 1407//556 1406//556 1408//556
f 1407//557 1408//557 1409//557
f 1409//557 1408//557 1410//557
f 1409//558 1410//558 1411//558
f 1411//558 1410//558 1412//558
f 1411//559 1412//559 1413//559
f 1413//559 1412//559 1414//559
f 1413//560 1414//560 1415//560
f 1415//560 1414//560 1416//560
f 1415//561 1416//561 1330//561
f 1330//561 1416//561 1329//561
f 1417//71 1332//71 1418//71
f 1418//71 1332//71 1331//71
f 1419//562 1420//562 1421//562
f 1421//562 1420//562 1422//562
f 1421//563 1422//563 1423//563
f 1423//563 1422//563 1424//563
f 1423//564 1424//564 1425//564
f 1425//564 1424//564 1426//564
f 1425//565 1426//565 1427//565
f 1427//565 1426//565 1428//565
f 1427//566 1428//566 1429//566
f 1429//566 1428//566 1430//566
f 1429//567 1430//567 1431//567
f 1431//567 1430//567 1432//567
f 1431//568 1432//568 1433//568
f 1433//568 1432//568 1434//568
f 1433//569 1434//569 1435//569
f 1435//569 1434//569 1436//569
f 1435//570 1436//570 1437//570
f 1437//570 1436//570 1438//570
f 1437//571 1438//571 1439//571
f 1439//571 1438//571 1440//571
f 1439//572 1440//572 1441//572
f 1441//572 1440//572 1442//572
f 1441//573 1442//573 1443//573
f 1443//573 1442//573 1444//573
f 1443//574 1444//574 1445//574
f 1445//574 1444//574 1446//574
f 1445//575 1446//575 1447//575
f 1447//575 1446//575 1448//575
f 1447//576 1448//576 1449//576
f 1449//576 1448//576 1450//576
f 1449//577 1450//577 1451//577
f 1451//577 1450//577 1452//577
f 1451//578 1452//578 1453//578
f 1453//578 1452//578 1454//578
f 1453//579 1454//579 1455//579
f 1455//579 1454//579 1456//579
f 1455//580 1456//580 1457//580
f 1457//580 1456//580 1458//580
f 1457//581 1458//581 1459//581
f 1459//581 1458//581 1460//581
f 1459//582 1460//582 1461//582
f 1461//582 1460//582 1462//582
f 1461//583 1462//583 1463//583
f 1463//583 1462//583 1464//583
f 1463//584 1464//584 1465//584
f 1465//584 1464//584 1466//584
f 1465//585 1466//585 1467//585
f 1467//586 1466//586 1468//586
f 1467//587 1468//587 1469//587
f 1469//587 1468//587 1470//587
f 1469//588 1470//588 1471//588
f 1471//588 1470//588 1472//588
f 1471//589 1472//589 1473//589
f 1473//589 1472//589 1474//589
f 1473//590 1474//590 1475//590
f 1475//590 1474//590 1476//590
f 1475//591 1476//591 1477//591
f 1477//591 1476//591 1478//591
f 1477//592 1478//592 1479//592
f 1479//592 1478//592 1480//592
f 1479//593 1480//593 1481//593
f 1481//593 1480//593 1482//593
f 1481//594 1482//594 1483//594
f 1483//594 1482//594 1484//594
f 1483//595 1484//595 1485//595
f 1485//595 1484//595 1486//595
f 1485//596 1486//596 1487//596
f 1487//596 1486//596 1488//596
f 1487//597 1488//597 1489//597
f 1489//597 1488//597 1490//597
f 1489//598 1490//598 1491//598
f 1491//598 1490//598 1492//598
f 1491//599 1492//599 1493//599
f 1493//599 1492//599 1494//599
f 1493//600 1494//600 1495//600
f 1495//600 1494//600 1496//600
f 1495//601 1496//601 1497//601
f 1497//601 1496//601 1498//601
f 1497//602 1498//602 1499//602
f 1499//602 1498//602 1500//602
f 1499//603 1500//603 1501//603
f 1501//603 1500//603 1502//603
f 1501//604 1502//604 1503//604
f 1503//604 1502//604 1504//604
f 1503//605 1504//605 1418//605
f 1418//605 1504//605 1417//605
f 1240//114 1420//114 1239//114
f 1239//114 1420//114 1419//114
f 1141//606 185//606 1052//606
f 1052//606 185//606 171//606
f 1052//606 171//606 758//606
f 758//606 171//606 801//606
f 758//606 801//606 769//606
f 769//606 801//606 803//606
f 769//606 803//606 767//606
f 767//606 803//606 805//606
f 767//606 805//606 765//606
f 765//606 805//606 807//606
f 765//606 807//606 763//606
f 763//606 807//606 809//606
f 763//606 809//606 761//606
f 761//606 809//606 811//606
f 761//606 811//606 759//606
f 759//606 811//606 800//606
f 759//606 800//606 772//606
f 772//606 800//606 785//606
f 772//606 785//606 787//606
f 185//606 1141//606 183//606
f 183//606 1141//606 1143//606
f 183//606 1143//606 181//606
f 181//606 1143//606 1145//606
f 181//606 1145//606 179//606
f 179//606 1145//606 1147//606
f 179//606 1147//606 177//606
f 177//606 1147//606 1149//606
f 177//606 1149//606 175//606
f 175//606 1149//606 1151//606
f 175//606 1151//606 173//606
f 173//606 1151//606 1140//606
f 173//606 1140//606 1125//606
f 173//606 1125//606 188//606
f 188//606 1125//606 1127//606
f 188//606 1127//606 201//606
f 201//606 1127//606 1129//606
f 201//606 1129//606 199//606
f 199//606 1129//606 1131//606
f 199//606 1131//606 197//606
f 197//606 1131//606 1133//606
f 197//606 1133//606 195//606
f 195//606 1133//606 1135//606
f 195//606 1135//606 193//606
f 193//606 1135//606 1137//606
f 193//606 1137//606 191//606
f 191//606 1137//606 1124//606
f 191//606 1124//606 189//606
f 189//606 1124//606 835//606
f 189//606 835//606 212//606
f 212//606 835//606 837//606
f 212//606 837//606 223//606
f 223//606 837//606 839//606
f 223//606 839//606 221//606
f 221//606 839//606 841//606
f 221//606 841//606 219//606
f 219//606 841//606 843//606
f 219//606 843//606 217//606
f 217//606 843//606 845//606
f 217//606 845//606 215//606
f 215//606 845//606 834//606
f 215//606 834//606 213//606
f 213//606 834//606 226//606
f 226//606 834//606 821//606
f 226//606 821//606 235//606
f 235//606 821//606 823//606
f 235//606 823//606 233//606
f 233//606 823//606 825//606
f 233//606 825//606 231//606
f 231//606 825//606 827//606
f 231//606 827//606 229//606
f 229//606 827//606 829//606
f 229//606 829//606 227//606
f 227//606 829//606 831//606
f 227//606 831//606 208//606
f 208//606 831//606 819//606
f 208//606 819//606 266//606
f 266//606 819//606 647//606
f 266//606 647//606 279//606
f 279//606 647//606 649//606
f 279//606 649//606 277//606
f 277//606 649//606 651//606
f 277//606 651//606 275//606
f 275//606 651//606 653//606
f 275//606 653//606 273//606
f 273//606 653//606 655//606
f 273//606 655//606 271//606
f 271//606 655//606 657//606
f 271//606 657//606 269//606
f 269//606 657//606 659//606
f 269//606 659//606 267//606
f 267//606 659//606 646//606
f 267//606 646//606 631//606
f 835//606 1124//606 848//606
f 848//606 1124//606 1089//606
f 848//606 1089//606 937//606
f 937//606 1089//606 100//606
f 937//606 100//606 966//606
f 966//606 100//606 53//606
f 966//606 53//606 1377//606
f 1377//606 53//606 55//606
f 1377//606 55//606 1375//606
f 1375//606 55//606 57//606
f 1375//606 57//606 1373//606
f 1373//606 57//606 59//606
f 1373//606 59//606 1371//606
f 1371//606 59//606 61//606
f 1371//606 61//606 1369//606
f 1369//606 61//606 63//606
f 1369//606 63//606 1367//606
f 1367//606 63//606 65//606
f 1367//606 65//606 1365//606
f 1365//606 65//606 67//606
f 1365//606 67//606 1363//606
f 1363//606 67//606 69//606
f 1363//606 69//606 1361//606
f 1361//606 69//606 71//606
f 1361//606 71//606 1359//606
f 1359//606 71//606 73//606
f 1359//606 73//606 1357//606
f 1357//606 73//606 75//606
f 1357//606 75//606 1355//606
f 1355//606 75//606 77//606
f 1355//606 77//606 1353//606
f 1353//606 77//606 79//606
f 1353//606 79//606 1351//606
f 1351//606 79//606 81//606
f 1351//606 81//606 1349//606
f 1349//606 81//606 83//606
f 1349//606 83//606 1347//606
f 1347//606 83//606 85//606
f 1347//606 85//606 1345//606
f 1345//606 85//606 87//606
f 1345//606 87//606 1343//606
f 1343//606 87//606 89//606
f 1343//606 89//606 1341//606
f 1341//606 89//606 91//606
f 1341//606 91//606 1339//606
f 1339//606 91//606 93//606
f 1339//606 93//606 1337//606
f 1337//606 93//606 95//606
f 1337//606 95//606 1335//606
f 1335//606 95//606 97//606
f 1335//606 97//606 1333//606
f 1333//606 97//606 52//606
f 1333//606 52//606 1331//606
f 1331//606 52//606 5//606
f 1331//606 5//606 1418//606
f 1418//606 5//606 1503//606
f 1503//606 5//606 7//606
f 1503//606 7//606 1501//606
f 1501//606 7//606 9//606
f 1501//606 9//606 1499//606
f 1499//606 9//606 11//606
f 1499//606 11//606 1497//606
f 1497//606 11//606 13//606
f 1497//606 13//606 1495//606
f 1495//606 13//606 15//606
f 1495//606 15//606 1493//606
f 1493//606 15//606 17//606
f 1493//606 17//606 1491//606
f 1491//606 17//606 19//606
f 1491//606 19//606 1489//606
f 1489//606 19//606 21//606
f 1489//606 21//606 1487//606
f 1487//606 21//606 23//606
f 1487//606 23//606 1485//606
f 1485//606 23//606 25//606
f 1485//606 25//606 1483//606
f 1483//606 25//606 27//606
f 1483//606 27//606 1481//606
f 1481//606 27//606 29//606
f 1481//606 29//606 1479//606
f 1479//606 29//606 31//606
f 1479//606 31//606 1477//606
f 1477//606 31//606 33//606
f 1477//606 33//606 1475//606
f 1475//606 33//606 35//606
f 1475//606 35//606 1473//606
f 1473//606 35//606 37//606
f 1473//606 37//606 1471//606
f 1471//606 37//606 39//606
f 1471//606 39//606 1469//606
f 1469//606 39//606 41//606
f 1469//606 41//606 1467//606
f 1467//606 41//606 43//606
f 1467//606 43//606 1465//606
f 1465//606 43//606 45//606
f 1465//606 45//606 1463//606
f 1463//606 45//606 47//606
f 1463//606 47//606 1461//606
f 1461//606 47//606 49//606
f 1461//606 49//606 1459//606
f 1459//606 49//606 3//606
f 1459//606 3//606 327//606
f 327//606 3//606 4//606
f 327//606 4//606 368//606
f 368//606 4//606 1051//606
f 368//606 1051//606 729//606
f 729//606 1051//606 1052//606
f 729//606 1052//606 758//606
f 1089//606 1091//606 100//606
f 100//606 1091//606 133//606
f 133//606 1091//606 1093//606
f 133//606 1093//606 131//606
f 131//606 1093//606 1095//606
f 131//606 1095//606 129//606
f 129//606 1095//606 1097//606
f 129//606 1097//606 127//606
f 127//606 1097//606 1099//606
f 127//606 1099//606 125//606
f 125//606 1099//606 1101//606
f 125//606 1101//606 123//606
f 123//606 1101//606 1103//606
f 123//606 1103//606 121//606
f 121//606 1103//606 1105//606
f 121//606 1105//606 119//606
f 119//606 1105//606 1107//606
f 119//606 1107//606 117//606
f 117//606 1107//606 1109//606
f 117//606 1109//606 115//606
f 115//606 1109//606 1111//606
f 115//606 1111//606 113//606
f 113//606 1111//606 1113//606
f 113//606 1113//606 111//606
f 111//606 1113//606 1115//606
f 111//606 1115//606 109//606
f 109//606 1115//606 1117//606
f 109//606 1117//606 107//606
f 107//606 1117//606 1119//606
f 107//606 1119//606 105//606
f 105//606 1119//606 1121//606
f 105//606 1121//606 103//606
f 103//606 1121//606 1088//606
f 103//606 1088//606 101//606
f 101//606 1088//606 1053//606
f 101//606 1053//606 136//606
f 136//606 1053//606 167//606
f 167//606 1053//606 1055//606
f 167//606 1055//606 165//606
f 165//606 1055//606 1057//606
f 165//606 1057//606 163//606
f 163//606 1057//606 1059//606
f 163//606 1059//606 161//606
f 161//606 1059//606 1061//606
f 161//606 1061//606 159//606
f 159//606 1061//606 1063//606
f 159//606 1063//606 157//606
f 157//606 1063//606 1065//606
f 157//606 1065//606 155//606
f 155//606 1065//606 1067//606
f 155//606 1067//606 153//606
f 153//606 1067//606 1069//606
f 153//606 1069//606 151//606
f 151//606 1069//606 1071//606
f 151//606 1071//606 149//606
f 149//606 1071//606 1073//606
f 149//606 1073//606 147//606
f 147//606 1073//606 1075//606
f 147//606 1075//606 145//606
f 145//606 1075//606 1077//606
f 145//606 1077//606 143//606
f 143//606 1077//606 1079//606
f 143//606 1079//606 141//606
f 141//606 1079//606 1081//606
f 141//606 1081//606 139//606
f 139//606 1081//606 1083//606
f 139//606 1083//606 137//606
f 137//606 1083//606 1085//606
f 137//606 1085//606 4//606
f 4//606 1085//606 1051//606
f 1009//606 511//606 933//606
f 933//606 511//606 662//606
f 933//606 662//606 820//606
f 820//606 662//606 647//606
f 820//606 647//606 819//606
f 1011//606 1281//606 1009//606
f 1009//606 1281//606 1283//606
f 1009//606 1283//606 546//606
f 546//606 1283//606 591//606
f 591//606 1283//606 1285//606
f 591//606 1285//606 589//606
f 589//606 1285//606 1287//606
f 589//606 1287//606 587//606
f 587//606 1287//606 1289//606
f 587//606 1289//606 585//606
f 585//606 1289//606 1291//606
f 585//606 1291//606 583//606
f 583//606 1291//606 1293//606
f 583//606 1293//606 581//606
f 581//606 1293//606 1295//606
f 581//606 1295//606 579//606
f 579//606 1295//606 1297//606
f 579//606 1297//606 577//606
f 577//606 1297//606 1299//606
f 577//606 1299//606 575//606
f 575//606 1299//606 1301//606
f 575//606 1301//606 573//606
f 573//606 1301//606 1303//606
f 573//606 1303//606 571//606
f 571//606 1303//606 1305//606
f 571//606 1305//606 569//606
f 569//606 1305//606 1307//606
f 569//606 1307//606 567//606
f 567//606 1307//606 1309//606
f 567//606 1309//606 565//606
f 565//606 1309//606 1311//606
f 565//606 1311//606 563//606
f 563//606 1311//606 1313//606
f 563//606 1313//606 561//606
f 561//606 1313//606 1315//606
f 561//606 1315//606 559//606
f 559//606 1315//606 1317//606
f 559//606 1317//606 557//606
f 557//606 1317//606 1319//606
f 557//606 1319//606 555//606
f 555//606 1319//606 1321//606
f 555//606 1321//606 553//606
f 553//606 1321//606 1323//606
f 553//606 1323//606 551//606
f 551//606 1323//606 1325//606
f 551//606 1325//606 549//606
f 549//606 1325//606 1327//606
f 549//606 1327//606 547//606
f 547//606 1327//606 1242//606
f 547//606 1242//606 1153//606
f 1281//606 1011//606 1279//606
f 1279//606 1011//606 1013//606
f 1279//606 1013//606 1277//606
f 1277//606 1013//606 1015//606
f 1277//606 1015//606 1275//606
f 1275//606 1015//606 1017//606
f 1275//606 1017//606 1273//606
f 1273//606 1017//606 1019//606
f 1273//606 1019//606 1271//606
f 1271//606 1019//606 1021//606
f 1271//606 1021//606 1269//606
f 1269//606 1021//606 1023//606
f 1269//606 1023//606 1267//606
f 1267//606 1023//606 1025//606
f 1267//606 1025//606 1265//606
f 1265//606 1025//606 1027//606
f 1265//606 1027//606 1263//606
f 1263//606 1027//606 1029//606
f 1263//606 1029//606 1261//606
f 1261//606 1029//606 1031//606
f 1261//606 1031//606 1259//606
f 1259//606 1031//606 1033//606
f 1259//606 1033//606 1257//606
f 1257//606 1033//606 1035//606
f 1257//606 1035//606 1255//606
f 1255//606 1035//606 1037//606
f 1255//606 1037//606 1253//606
f 1253//606 1037//606 1039//606
f 1253//606 1039//606 1251//606
f 1251//606 1039//606 1041//606
f 1251//606 1041//606 1249//606
f 1249//606 1041//606 1043//606
f 1249//606 1043//606 1247//606
f 1247//606 1043//606 1045//606
f 1247//606 1045//606 1245//606
f 1245//606 1045//606 1047//606
f 1245//606 1047//606 1243//606
f 1243//606 1047//606 1008//606
f 1243//606 1008//606 1330//606
f 1330//606 1008//606 967//606
f 1330//606 967//606 969//606
f 1330//606 969//606 1415//606
f 1415//606 969//606 971//606
f 1415//606 971//606 1413//606
f 1413//606 971//606 973//606
f 1413//606 973//606 1411//606
f 1411//606 973//606 975//606
f 1411//606 975//606 1409//606
f 1409//606 975//606 977//606
f 1409//606 977//606 1407//606
f 1407//606 977//606 979//606
f 1407//606 979//606 1405//606
f 1405//606 979//606 981//606
f 1405//606 981//606 1403//606
f 1403//606 981//606 983//606
f 1403//606 983//606 1401//606
f 1401//606 983//606 985//606
f 1401//606 985//606 1399//606
f 1399//606 985//606 987//606
f 1399//606 987//606 1397//606
f 1397//606 987//606 989//606
f 1397//606 989//606 1395//606
f 1395//606 989//606 991//606
f 1395//606 991//606 1393//606
f 1393//606 991//606 993//606
f 1393//606 993//606 1391//606
f 1391//606 993//606 995//606
f 1391//606 995//606 1389//606
f 1389//606 995//606 997//606
f 1389//606 997//606 1387//606
f 1387//606 997//606 999//606
f 1387//606 999//606 1385//606
f 1385//606 999//606 1001//606
f 1385//606 1001//606 1383//606
f 1383//606 1001//606 1003//606
f 1383//606 1003//606 1381//606
f 1381//606 1003//606 1005//606
f 1381//606 1005//606 1379//606
f 1379//606 1005//606 966//606
f 1379//606 966//606 1377//606
f 937//606 939//606 848//606
f 848//606 939//606 875//606
f 875//606 939//606 941//606
f 875//606 941//606 873//606
f 873//606 941//606 943//606
f 873//606 943//606 871//606
f 871//606 943//606 945//606
f 871//606 945//606 869//606
f 869//606 945//606 947//606
f 869//606 947//606 867//606
f 867//606 947//606 949//606
f 867//606 949//606 865//606
f 865//606 949//606 951//606
f 865//606 951//606 863//606
f 863//606 951//606 953//606
f 863//606 953//606 861//606
f 861//606 953//606 955//606
f 861//606 955//606 859//606
f 859//606 955//606 957//606
f 859//606 957//606 857//606
f 857//606 957//606 959//606
f 857//606 959//606 855//606
f 855//606 959//606 961//606
f 855//606 961//606 853//606
f 853//606 961//606 963//606
f 853//606 963//606 851//606
f 851//606 963//606 936//606
f 851//606 936//606 849//606
f 849//606 936//606 878//606
f 878//606 936//606 905//606
f 878//606 905//606 903//606
f 903//606 905//606 907//606
f 903//606 907//606 901//606
f 901//606 907//606 909//606
f 901//606 909//606 899//606
f 899//606 909//606 911//606
f 899//606 911//606 897//606
f 897//606 911//606 913//606
f 897//606 913//606 895//606
f 895//606 913//606 915//606
f 895//606 915//606 893//606
f 893//606 915//606 917//606
f 893//606 917//606 891//606
f 891//606 917//606 919//606
f 891//606 919//606 889//606
f 889//606 919//606 921//606
f 889//606 921//606 887//606
f 887//606 921//606 923//606
f 887//606 923//606 885//606
f 885//606 923//606 925//606
f 885//606 925//606 883//606
f 883//606 925//606 927//606
f 883//606 927//606 881//606
f 881//606 927//606 929//606
f 881//606 929//606 879//606
f 879//606 929//606 931//606
f 879//606 931//606 820//606
f 820//606 931//606 933//606
f 816//606 262//606 797//606
f 797//606 262//606 245//606
f 797//606 245//606 773//606
f 773//606 245//606 630//606
f 773//606 630//606 725//606
f 725//606 630//606 593//606
f 725//606 593//606 284//606
f 284//606 593//606 474//606
f 284//606 474//606 283//606
f 283//606 474//606 425//606
f 283//606 425//606 1199//606
f 1199//606 425//606 427//606
f 1199//606 427//606 1197//606
f 1197//606 427//606 429//606
f 1197//606 429//606 1195//606
f 1195//606 429//606 431//606
f 1195//606 431//606 1193//606
f 1193//606 431//606 433//606
f 1193//606 433//606 1191//606
f 1191//606 433//606 435//606
f 1191//606 435//606 1189//606
f 1189//606 435//606 437//606
f 1189//606 437//606 1187//606
f 1187//606 437//606 439//606
f 1187//606 439//606 1185//606
f 1185//606 439//606 441//606
f 1185//606 441//606 1183//606
f 1183//606 441//606 443//606
f 1183//606 443//606 1181//606
f 1181//606 443//606 445//606
f 1181//606 445//606 1179//606
f 1179//606 445//606 447//606
f 1179//606 447//606 1177//606
f 1177//606 447//606 449//606
f 1177//606 449//606 1175//606
f 1175//606 449//606 451//606
f 1175//606 451//606 1173//606
f 1173//606 451//606 453//606
f 1173//606 453//606 1171//606
f 1171//606 453//606 455//606
f 1171//606 455//606 1169//606
f 1169//606 455//606 457//606
f 1169//606 457//606 1167//606
f 1167//606 457//606 459//606
f 1167//606 459//606 1165//606
f 1165//606 459//606 461//606
f 1165//606 461//606 1163//606
f 1163//606 461//606 463//606
f 1163//606 463//606 1161//606
f 1161//606 463//606 465//606
f 1161//606 465//606 1159//606
f 1159//606 465//606 467//606
f 1159//606 467//606 1157//606
f 1157//606 467//606 469//606
f 1157//606 469//606 1155//606
f 1155//606 469//606 471//606
f 1155//606 471//606 1153//606
f 1153//606 471//606 547//606
f 814//606 239//606 816//606
f 816//606 239//606 240//606
f 816//606 240//606 262//606
f 262//606 240//606 244//606
f 262//606 244//606 264//606
f 264//606 244//606 207//606
f 264//606 207//606 208//606
f 239//606 814//606 172//606
f 172//606 814//606 801//606
f 172//606 801//606 171//606
f 772//606 787//606 783//606
f 783//606 787//606 789//606
f 783//606 789//606 781//606
f 781//606 789//606 791//606
f 781//606 791//606 779//606
f 779//606 791//606 793//606
f 779//606 793//606 777//606
f 777//606 793//606 795//606
f 777//606 795//606 775//606
f 775//606 795//606 797//606
f 775//606 797//606 773//606
f 368//606 729//606 395//606
f 395//606 729//606 731//606
f 395//606 731//606 393//606
f 393//606 731//606 733//606
f 393//606 733//606 391//606
f 391//606 733//606 735//606
f 391//606 735//606 389//606
f 389//606 735//606 737//606
f 389//606 737//606 387//606
f 387//606 737//606 739//606
f 387//606 739//606 385//606
f 385//606 739//606 741//606
f 385//606 741//606 383//606
f 383//606 741//606 743//606
f 383//606 743//606 381//606
f 381//606 743//606 745//606
f 381//606 745//606 379//606
f 379//606 745//606 747//606
f 379//606 747//606 377//606
f 377//606 747//606 749//606
f 377//606 749//606 375//606
f 375//606 749//606 751//606
f 375//606 751//606 373//606
f 373//606 751//606 753//606
f 373//606 753//606 371//606
f 371//606 753//606 755//606
f 371//606 755//606 369//606
f 369//606 755//606 728//606
f 369//606 728//606 398//606
f 398//606 728//606 697//606
f 398//606 697//606 699//606
f 398//606 699//606 423//606
f 423//606 699//606 701//606
f 423//606 701//606 421//606
f 421//606 701//606 703//606
f 421//606 703//606 419//606
f 419//606 703//606 705//606
f 419//606 705//606 417//606
f 417//606 705//606 707//606
f 417//606 707//606 415//606
f 415//606 707//606 709//606
f 415//606 709//606 413//606
f 413//606 709//606 711//606
f 413//606 711//606 411//606
f 411//606 711//606 713//606
f 411//606 713//606 409//606
f 409//606 713//606 715//606
f 409//606 715//606 407//606
f 407//606 715//606 717//606
f 407//606 717//606 405//606
f 405//606 717//606 719//606
f 405//606 719//606 403//606
f 403//606 719//606 721//606
f 403//606 721//606 401//606
f 401//606 721//606 723//606
f 401//606 723//606 399//606
f 399//606 723//606 725//606
f 399//606 725//606 284//606
f 663//606 475//606 627//606
f 627//606 475//606 477//606
f 627//606 477//606 625//606
f 625//606 477//606 479//606
f 625//606 479//606 623//606
f 623//606 479//606 481//606
f 623//606 481//606 621//606
f 621//606 481//606 483//606
f 621//606 483//606 619//606
f 619//606 483//606 485//606
f 619//606 485//606 617//606
f 617//606 485//606 487//606
f 617//606 487//606 615//606
f 615//606 487//606 489//606
f 615//606 489//606 613//606
f 613//606 489//606 491//606
f 613//606 491//606 611//606
f 611//606 491//606 493//606
f 611//606 493//606 609//606
f 609//606 493//606 495//606
f 609//606 495//606 607//606
f 607//606 495//606 497//606
f 607//606 497//606 605//606
f 605//606 497//606 499//606
f 605//606 499//606 603//606
f 603//606 499//606 501//606
f 603//606 501//606 601//606
f 601//606 501//606 503//606
f 601//606 503//606 599//606
f 599//606 503//606 505//606
f 599//606 505//606 597//606
f 597//606 505//606 507//606
f 597//606 507//606 595//606
f 595//606 507//606 474//606
f 595//606 474//606 593//606
f 665//606 543//606 663//606
f 663//606 543//606 510//606
f 663//606 510//606 475//606
f 543//606 665//606 541//606
f 541//606 665//606 667//606
f 541//606 667//606 539//606
f 539//606 667//606 669//606
f 539//606 669//606 537//606
f 537//606 669//606 671//606
f 537//606 671//606 535//606
f 535//606 671//606 673//606
f 535//606 673//606 533//606
f 533//606 673//606 675//606
f 533//606 675//606 531//606
f 531//606 675//606 677//606
f 531//606 677//606 529//606
f 529//606 677//606 679//606
f 529//606 679//606 527//606
f 527//606 679//606 681//606
f 527//606 681//606 525//606
f 525//606 681//606 683//606
f 525//606 683//606 523//606
f 523//606 683//606 685//606
f 523//606 685//606 521//606
f 521//606 685//606 687//606
f 521//606 687//606 519//606
f 519//606 687//606 689//606
f 519//606 689//606 517//606
f 517//606 689//606 691//606
f 517//606 691//606 515//606
f 515//606 691//606 693//606
f 515//606 693//606 513//606
f 513//606 693//606 695//606
f 513//606 695//606 511//606
f 511//606 695//606 662//606
f 267//606 631//606 259//606
f 259//606 631//606 633//606
f 259//606 633//606 257//606
f 257//606 633//606 635//606
f 257//606 635//606 255//606
f 255//606 635//606 637//606
f 255//606 637//606 253//606
f 253//606 637//606 639//606
f 253//606 639//606 251//606
f 251//606 639//606 641//606
f 251//606 641//606 249//606
f 249//606 641//606 643//606
f 249//606 643//606 247//606
f 247//606 643//606 630//606
f 247//606 630//606 245//606
f 546//606 511//606 1009//606
f 1459//606 327//606 1457//606
f 1457//606 327//606 329//606
f 1457//606 329//606 1455//606
f 1455//606 329//606 331//606
f 1455//606 331//606 1453//606
f 1453//606 331//606 333//606
f 1453//606 333//606 1451//606
f 1451//606 333//606 335//606
f 1451//606 335//606 1449//606
f 1449//606 335//606 337//606
f 1449//606 337//606 1447//606
f 1447//606 337//606 339//606
f 1447//606 339//606 1445//606
f 1445//606 339//606 341//606
f 1445//606 341//606 1443//606
f 1443//606 341//606 343//606
f 1443//606 343//606 1441//606
f 1441//606 343//606 345//606
f 1441//606 345//606 1439//606
f 1439//606 345//606 347//606
f 1439//606 347//606 1437//606
f 1437//606 347//606 349//606
f 1437//606 349//606 1435//606
f 1435//606 349//606 351//606
f 1435//606 351//606 1433//606
f 1433//606 351//606 353//606
f 1433//606 353//606 1431//606
f 1431//606 353//606 355//606
f 1431//606 355//606 1429//606
f 1429//606 355//606 357//606
f 1429//606 357//606 1427//606
f 1427//606 357//606 359//606
f 1427//606 359//606 1425//606
f 1425//606 359//606 361//606
f 1425//606 361//606 1423//606
f 1423//606 361//606 363//606
f 1423//606 363//606 1421//606
f 1421//606 363//606 365//606
f 1421//606 365//606 1419//606
f 1419//606 365//606 326//606
f 1419//606 326//606 1239//606
f 1239//606 326//606 285//606
f 1239//606 285//606 287//606
f 1239//606 287//606 1237//606
f 1237//606 287//606 289//606
f 1237//606 289//606 1235//606
f 1235//606 289//606 291//606
f 1235//606 291//606 1233//606
f 1233//606 291//606 293//606
f 1233//606 293//606 1231//606
f 1231//606 293//606 295//606
f 1231//606 295//606 1229//606
f 1229//606 295//606 297//606
f 1229//606 297//606 1227//606
f 1227//606 297//606 299//606
f 1227//606 299//606 1225//606
f 1225//606 299//606 301//606
f 1225//606 301//606 1223//606
f 1223//606 301//606 303//606
f 1223//606 303//606 1221//606
f 1221//606 303//606 305//606
f 1221//606 305//606 1219//606
f 1219//606 305//606 307//606
f 1219//606 307//606 1217//606
f 1217//606 307//606 309//606
f 1217//606 309//606 1215//606
f 1215//606 309//606 311//606
f 1215//606 311//606 1213//606
f 1213//606 311//606 313//606
f 1213//606 313//606 1211//606
f 1211//606 313//606 315//606
f 1211//606 315//606 1209//606
f 1209//606 315//606 317//606
f 1209//606 317//606 1207//606
f 1207//606 317//606 319//606
f 1207//606 319//606 1205//606
f 1205//606 319//606 321//606
f 1205//606 321//606 1203//606
f 1203//606 321//606 323//606
f 1203//606 323//606 1201//606
f 1201//606 323//606 283//606
f 1201//606 283//606 1199//606
f 266//606 264//606 208//606
f 244//606 242//606 207//606
f 207//606 242//606 210//606
f 210//606 242//606 204//606
f 210//606 204//606 212//606
f 212//606 204//606 189//606
f 242//606 239//606 204//606
f 204//606 239//606 172//606
f 1152//607 174//607 1139//607
f 1139//607 174//607 187//607
f 1139//607 187//607 1126//607
f 1126//607 187//607 1128//607
f 1128//607 187//607 202//607
f 1128//607 202//607 1130//607
f 1130//607 202//607 200//607
f 1130//607 200//607 1132//607
f 1132//607 200//607 198//607
f 1132//607 198//607 1134//607
f 1134//607 198//607 196//607
f 1134//607 196//607 1136//607
f 1136//607 196//607 194//607
f 1136//607 194//607 1138//607
f 1138//607 194//607 192//607
f 1138//607 192//607 1123//607
f 1123//607 192//607 190//607
f 1123//607 190//607 836//607
f 836//607 190//607 211//607
f 836//607 211//607 838//607
f 838//607 211//607 224//607
f 838//607 224//607 840//607
f 840//607 224//607 222//607
f 840//607 222//607 842//607
f 842//607 222//607 220//607
f 842//607 220//607 844//607
f 844//607 220//607 218//607
f 844//607 218//607 846//607
f 846//607 218//607 216//607
f 846//607 216//607 833//607
f 833//607 216//607 214//607
f 833//607 214//607 822//607
f 822//607 214//607 225//607
f 822//607 225//607 236//607
f 174//607 1152//607 176//607
f 176//607 1152//607 1150//607
f 176//607 1150//607 178//607
f 178//607 1150//607 1148//607
f 178//607 1148//607 180//607
f 180//607 1148//607 1146//607
f 180//607 1146//607 182//607
f 182//607 1146//607 1144//607
f 182//607 1144//607 184//607
f 184//607 1144//607 1142//607
f 184//607 1142//607 186//607
f 186//607 1142//607 1050//607
f 186//607 1050//607 169//607
f 169//607 1050//607 757//607
f 169//607 757//607 802//607
f 802//607 757//607 770//607
f 802//607 770//607 804//607
f 804//607 770//607 768//607
f 804//607 768//607 806//607
f 806//607 768//607 766//607
f 806//607 766//607 808//607
f 808//607 766//607 764//607
f 808//607 764//607 810//607
f 810//607 764//607 762//607
f 810//607 762//607 812//607
f 812//607 762//607 760//607
f 812//607 760//607 799//607
f 799//607 760//607 786//607
f 786//607 760//607 771//607
f 786//607 771//607 788//607
f 788//607 771//607 784//607
f 788//607 784//607 790//607
f 790//607 784//607 782//607
f 790//607 782//607 792//607
f 792//607 782//607 780//607
f 792//607 780//607 794//607
f 794//607 780//607 778//607
f 794//607 778//607 796//607
f 796//607 778//607 776//607
f 796//607 776//607 798//607
f 798//607 776//607 774//607
f 798//607 774//607 246//607
f 246//607 774//607 629//607
f 246//607 629//607 248//607
f 248//607 629//607 644//607
f 248//607 644//607 250//607
f 250//607 644//607 642//607
f 250//607 642//607 252//607
f 252//607 642//607 640//607
f 252//607 640//607 254//607
f 254//607 640//607 638//607
f 254//607 638//607 256//607
f 256//607 638//607 636//607
f 256//607 636//607 258//607
f 258//607 636//607 634//607
f 258//607 634//607 260//607
f 260//607 634//607 632//607
f 260//607 632//607 645//607
f 757//607 1050//607 730//607
f 730//607 1050//607 1049//607
f 730//607 1049//607 367//607
f 367//607 1049//607 2//607
f 367//607 2//607 328//607
f 328//607 2//607 1//607
f 328//607 1//607 1460//607
f 1460//607 1//607 50//607
f 1460//607 50//607 1462//607
f 1462//607 50//607 48//607
f 1462//607 48//607 1464//607
f 1464//607 48//607 46//607
f 1464//607 46//607 1466//607
f 1466//607 46//607 44//607
f 1466//607 44//607 1468//607
f 1468//607 44//607 42//607
f 1468//607 42//607 1470//607
f 1470//607 42//607 40//607
f 1470//607 40//607 1472//607
f 1472//607 40//607 38//607
f 1472//607 38//607 1474//607
f 1474//607 38//607 36//607
f 1474//607 36//607 1476//607
f 1476//607 36//607 34//607
f 1476//607 34//607 1478//607
f 1478//607 34//607 32//607
f 1478//607 32//607 1480//607
f 1480//607 32//607 30//607
f 1480//607 30//607 1482//607
f 1482//607 30//607 28//607
f 1482//607 28//607 1484//607
f 1484//607 28//607 26//607
f 1484//607 26//607 1486//607
f 1486//607 26//607 24//607
f 1486//607 24//607 1488//607
f 1488//607 24//607 22//607
f 1488//607 22//607 1490//607
f 1490//607 22//607 20//607
f 1490//607 20//607 1492//607
f 1492//607 20//607 18//607
f 1492//607 18//607 1494//607
f 1494//607 18//607 16//607
f 1494//607 16//607 1496//607
f 1496//607 16//607 14//607
f 1496//607 14//607 1498//607
f 1498//607 14//607 12//607
f 1498//607 12//607 1500//607
f 1500//607 12//607 10//607
f 1500//607 10//607 1502//607
f 1502//607 10//607 8//607
f 1502//607 8//607 1504//607
f 1504//607 8//607 6//607
f 1504//607 6//607 1417//607
f 1417//607 6//607 51//607
f 1417//607 51//607 1332//607
f 1332//607 51//607 1334//607
f 1334//607 51//607 98//607
f 1334//607 98//607 1336//607
f 1336//607 98//607 96//607
f 1336//607 96//607 1338//607
f 1338//607 96//607 94//607
f 1338//607 94//607 1340//607
f 1340//607 94//607 92//607
f 1340//607 92//607 1342//607
f 1342//607 92//607 90//607
f 1342//607 90//607 1344//607
f 1344//607 90//607 88//607
f 1344//607 88//607 1346//607
f 1346//607 88//607 86//607
f 1346//607 86//607 1348//607
f 1348//607 86//607 84//607
f 1348//607 84//607 1350//607
f 1350//607 84//607 82//607
f 1350//607 82//607 1352//607
f 1352//607 82//607 80//607
f 1352//607 80//607 1354//607
f 1354//607 80//607 78//607
f 1354//607 78//607 1356//607
f 1356//607 78//607 76//607
f 1356//607 76//607 1358//607
f 1358//607 76//607 74//607
f 1358//607 74//607 1360//607
f 1360//607 74//607 72//607
f 1360//607 72//607 1362//607
f 1362//607 72//607 70//607
f 1362//607 70//607 1364//607
f 1364//607 70//607 68//607
f 1364//607 68//607 1366//607
f 1366//607 68//607 66//607
f 1366//607 66//607 1368//607
f 1368//607 66//607 64//607
f 1368//607 64//607 1370//607
f 1370//607 64//607 62//607
f 1370//607 62//607 1372//607
f 1372//607 62//607 60//607
f 1372//607 60//607 1374//607
f 1374//607 60//607 58//607
f 1374//607 58//607 1376//607
f 1376//607 58//607 56//607
f 1376//607 56//607 1378//607
f 1378//607 56//607 54//607
f 1378//607 54//607 965//607
f 965//607 54//607 99//607
f 965//607 99//607 938//607
f 938//607 99//607 1090//607
f 938//607 1090//607 847//607
f 847//607 1090//607 1123//607
f 847//607 1123//607 836//607
f 1049//607 1086//607 2//607
f 2//607 1086//607 138//607
f 138//607 1086//607 1084//607
f 138//607 1084//607 140//607
f 140//607 1084//607 1082//607
f 140//607 1082//607 142//607
f 142//607 1082//607 1080//607
f 142//607 1080//607 144//607
f 144//607 1080//607 1078//607
f 144//607 1078//607 146//607
f 146//607 1078//607 1076//607
f 146//607 1076//607 148//607
f 148//607 1076//607 1074//607
f 148//607 1074//607 150//607
f 150//607 1074//607 1072//607
f 150//607 1072//607 152//607
f 152//607 1072//607 1070//607
f 152//607 1070//607 154//607
f 154//607 1070//607 1068//607
f 154//607 1068//607 156//607
f 156//607 1068//607 1066//607
f 156//607 1066//607 158//607
f 158//607 1066//607 1064//607
f 158//607 1064//607 160//607
f 160//607 1064//607 1062//607
f 160//607 1062//607 162//607
f 162//607 1062//607 1060//607
f 162//607 1060//607 164//607
f 164//607 1060//607 1058//607
f 164//607 1058//607 166//607
f 166//607 1058//607 1056//607
f 166//607 1056//607 168//607
f 168//607 1056//607 1054//607
f 168//607 1054//607 135//607
f 135//607 1054//607 1087//607
f 135//607 1087//607 102//607
f 102//607 1087//607 104//607
f 104//607 1087//607 1122//607
f 104//607 1122//607 106//607
f 106//607 1122//607 1120//607
f 106//607 1120//607 108//607
f 108//607 1120//607 1118//607
f 108//607 1118//607 110//607
f 110//607 1118//607 1116//607
f 110//607 1116//607 112//607
f 112//607 1116//607 1114//607
f 112//607 1114//607 114//607
f 114//607 1114//607 1112//607
f 114//607 1112//607 116//607
f 116//607 1112//607 1110//607
f 116//607 1110//607 118//607
f 118//607 1110//607 1108//607
f 118//607 1108//607 120//607
f 120//607 1108//607 1106//607
f 120//607 1106//607 122//607
f 122//607 1106//607 1104//607
f 122//607 1104//607 124//607
f 124//607 1104//607 1102//607
f 124//607 1102//607 126//607
f 126//607 1102//607 1100//607
f 126//607 1100//607 128//607
f 128//607 1100//607 1098//607
f 128//607 1098//607 130//607
f 130//607 1098//607 1096//607
f 130//607 1096//607 132//607
f 132//607 1096//607 1094//607
f 132//607 1094//607 134//607
f 134//607 1094//607 1092//607
f 134//607 1092//607 99//607
f 99//607 1092//607 1090//607
f 934//607 512//607 1010//607
f 1010//607 512//607 545//607
f 1010//607 545//607 1284//607
f 1284//607 545//607 592//607
f 1284//607 592//607 1286//607
f 1286//607 592//607 590//607
f 1286//607 590//607 1288//607
f 1288//607 590//607 588//607
f 1288//607 588//607 1290//607
f 1290//607 588//607 586//607
f 1290//607 586//607 1292//607
f 1292//607 586//607 584//607
f 1292//607 584//607 1294//607
f 1294//607 584//607 582//607
f 1294//607 582//607 1296//607
f 1296//607 582//607 580//607
f 1296//607 580//607 1298//607
f 1298//607 580//607 578//607
f 1298//607 578//607 1300//607
f 1300//607 578//607 576//607
f 1300//607 576//607 1302//607
f 1302//607 576//607 574//607
f 1302//607 574//607 1304//607
f 1304//607 574//607 572//607
f 1304//607 572//607 1306//607
f 1306//607 572//607 570//607
f 1306//607 570//607 1308//607
f 1308//607 570//607 568//607
f 1308//607 568//607 1310//607
f 1310//607 568//607 566//607
f 1310//607 566//607 1312//607
f 1312//607 566//607 564//607
f 1312//607 564//607 1314//607
f 1314//607 564//607 562//607
f 1314//607 562//607 1316//607
f 1316//607 562//607 560//607
f 1316//607 560//607 1318//607
f 1318//607 560//607 558//607
f 1318//607 558//607 1320//607
f 1320//607 558//607 556//607
f 1320//607 556//607 1322//607
f 1322//607 556//607 554//607
f 1322//607 554//607 1324//607
f 1324//607 554//607 552//607
f 1324//607 552//607 1326//607
f 1326//607 552//607 550//607
f 1326//607 550//607 1328//607
f 1328//607 550//607 548//607
f 1328//607 548//607 1241//607
f 1241//607 548//607 472//607
f 1241//607 472//607 1154//607
f 1154//607 472//607 1156//607
f 1156//607 472//607 470//607
f 1156//607 470//607 1158//607
f 1158//607 470//607 468//607
f 1158//607 468//607 1160//607
f 1160//607 468//607 466//607
f 1160//607 466//607 1162//607
f 1162//607 466//607 464//607
f 1162//607 464//607 1164//607
f 1164//607 464//607 462//607
f 1164//607 462//607 1166//607
f 1166//607 462//607 460//607
f 1166//607 460//607 1168//607
f 1168//607 460//607 458//607
f 1168//607 458//607 1170//607
f 1170//607 458//607 456//607
f 1170//607 456//607 1172//607
f 1172//607 456//607 454//607
f 1172//607 454//607 1174//607
f 1174//607 454//607 452//607
f 1174//607 452//607 1176//607
f 1176//607 452//607 450//607
f 1176//607 450//607 1178//607
f 1178//607 450//607 448//607
f 1178//607 448//607 1180//607
f 1180//607 448//607 446//607
f 1180//607 446//607 1182//607
f 1182//607 446//607 444//607
f 1182//607 444//607 1184//607
f 1184//607 444//607 442//607
f 1184//607 442//607 1186//607
f 1186//607 442//607 440//607
f 1186//607 440//607 1188//607
f 1188//607 440//607 438//607
f 1188//607 438//607 1190//607
f 1190//607 438//607 436//607
f 1190//607 436//607 1192//607
f 1192//607 436//607 434//607
f 1192//607 434//607 1194//607
f 1194//607 434//607 432//607
f 1194//607 432//607 1196//607
f 1196//607 432//607 430//607
f 1196//607 430//607 1198//607
f 1198//607 430//607 428//607
f 1198//607 428//607 1200//607
f 1200//607 428//607 426//607
f 1200//607 426//607 281//607
f 281//607 426//607 473//607
f 281//607 473//607 282//607
f 282//607 473//607 594//607
f 282//607 594//607 726//607
f 726//607 594//607 629//607
f 726//607 629//607 774//607
f 932//607 818//607 934//607
f 934//607 818//607 661//607
f 934//607 661//607 512//607
f 512//607 661//607 696//607
f 512//607 696//607 514//607
f 514//607 696//607 694//607
f 514//607 694//607 516//607
f 516//607 694//607 692//607
f 516//607 692//607 518//607
f 518//607 692//607 690//607
f 518//607 690//607 520//607
f 520//607 690//607 688//607
f 520//607 688//607 522//607
f 522//607 688//607 686//607
f 522//607 686//607 524//607
f 524//607 686//607 684//607
f 524//607 684//607 526//607
f 526//607 684//607 682//607
f 526//607 682//607 528//607
f 528//607 682//607 680//607
f 528//607 680//607 530//607
f 530//607 680//607 678//607
f 530//607 678//607 532//607
f 532//607 678//607 676//607
f 532//607 676//607 534//607
f 534//607 676//607 674//607
f 534//607 674//607 536//607
f 536//607 674//607 672//607
f 536//607 672//607 538//607
f 538//607 672//607 670//607
f 538//607 670//607 540//607
f 540//607 670//607 668//607
f 540//607 668//607 542//607
f 542//607 668//607 666//607
f 542//607 666//607 544//607
f 544//607 666//607 664//607
f 544//607 664//607 509//607
f 509//607 664//607 628//607
f 509//607 628//607 476//607
f 476//607 628//607 478//607
f 478//607 628//607 626//607
f 478//607 626//607 480//607
f 480//607 626//607 624//607
f 480//607 624//607 482//607
f 482//607 624//607 622//607
f 482//607 622//607 484//607
f 484//607 622//607 620//607
f 484//607 620//607 486//607
f 486//607 620//607 618//607
f 486//607 618//607 488//607
f 488//607 618//607 616//607
f 488//607 616//607 490//607
f 490//607 616//607 614//607
f 490//607 614//607 492//607
f 492//607 614//607 612//607
f 492//607 612//607 494//607
f 494//607 612//607 610//607
f 494//607 610//607 496//607
f 496//607 610//607 608//607
f 496//607 608//607 498//607
f 498//607 608//607 606//607
f 498//607 606//607 500//607
f 500//607 606//607 604//607
f 500//607 604//607 502//607
f 502//607 604//607 602//607
f 502//607 602//607 504//607
f 504//607 602//607 600//607
f 504//607 600//607 506//607
f 506//607 600//607 598//607
f 506//607 598//607 508//607
f 508//607 598//607 596//607
f 508//607 596//607 473//607
f 473//607 596//607 594//607
f 818//607 932//607 880//607
f 880//607 932//607 930//607
f 880//607 930//607 882//607
f 882//607 930//607 928//607
f 882//607 928//607 884//607
f 884//607 928//607 926//607
f 884//607 926//607 886//607
f 886//607 926//607 924//607
f 886//607 924//607 888//607
f 888//607 924//607 922//607
f 888//607 922//607 890//607
f 890//607 922//607 920//607
f 890//607 920//607 892//607
f 892//607 920//607 918//607
f 892//607 918//607 894//607
f 894//607 918//607 916//607
f 894//607 916//607 896//607
f 896//607 916//607 914//607
f 896//607 914//607 898//607
f 898//607 914//607 912//607
f 898//607 912//607 900//607
f 900//607 912//607 910//607
f 900//607 910//607 902//607
f 902//607 910//607 908//607
f 902//607 908//607 904//607
f 904//607 908//607 906//607
f 904//607 906//607 877//607
f 877//607 906//607 850//607
f 850//607 906//607 935//607
f 850//607 935//607 852//607
f 852//607 935//607 964//607
f 852//607 964//607 854//607
f 854//607 964//607 962//607
f 854//607 962//607 856//607
f 856//607 962//607 960//607
f 856//607 960//607 858//607
f 858//607 960//607 958//607
f 858//607 958//607 860//607
f 860//607 958//607 956//607
f 860//607 956//607 862//607
f 862//607 956//607 954//607
f 862//607 954//607 864//607
f 864//607 954//607 952//607
f 864//607 952//607 866//607
f 866//607 952//607 950//607
f 866//607 950//607 868//607
f 868//607 950//607 948//607
f 868//607 948//607 870//607
f 870//607 948//607 946//607
f 870//607 946//607 872//607
f 872//607 946//607 944//607
f 872//607 944//607 874//607
f 874//607 944//607 942//607
f 874//607 942//607 876//607
f 876//607 942//607 940//607
f 876//607 940//607 847//607
f 847//607 940//607 938//607
f 1378//607 965//607 1380//607
f 1380//607 965//607 1006//607
f 1380//607 1006//607 1382//607
f 1382//607 1006//607 1004//607
f 1382//607 1004//607 1384//607
f 1384//607 1004//607 1002//607
f 1384//607 1002//607 1386//607
f 1386//607 1002//607 1000//607
f 1386//607 1000//607 1388//607
f 1388//607 1000//607 998//607
f 1388//607 998//607 1390//607
f 1390//607 998//607 996//607
f 1390//607 996//607 1392//607
f 1392//607 996//607 994//607
f 1392//607 994//607 1394//607
f 1394//607 994//607 992//607
f 1394//607 992//607 1396//607
f 1396//607 992//607 990//607
f 1396//607 990//607 1398//607
f 1398//607 990//607 988//607
f 1398//607 988//607 1400//607
f 1400//607 988//607 986//607
f 1400//607 986//607 1402//607
f 1402//607 986//607 984//607
f 1402//607 984//607 1404//607
f 1404//607 984//607 982//607
f 1404//607 982//607 1406//607
f 1406//607 982//607 980//607
f 1406//607 980//607 1408//607
f 1408//607 980//607 978//607
f 1408//607 978//607 1410//607
f 1410//607 978//607 976//607
f 1410//607 976//607 1412//607
f 1412//607 976//607 974//607
f 1412//607 974//607 1414//607
f 1414//607 974//607 972//607
f 1414//607 972//607 1416//607
f 1416//607 972//607 970//607
f 1416//607 970//607 1329//607
f 1329//607 970//607 968//607
f 1329//607 968//607 1244//607
f 1244//607 968//607 1007//607
f 1244//607 1007//607 1048//607
f 1244//607 1048//607 1246//607
f 1246//607 1048//607 1046//607
f 1246//607 1046//607 1248//607
f 1248//607 1046//607 1044//607
f 1248//607 1044//607 1250//607
f 1250//607 1044//607 1042//607
f 1250//607 1042//607 1252//607
f 1252//607 1042//607 1040//607
f 1252//607 1040//607 1254//607
f 1254//607 1040//607 1038//607
f 1254//607 1038//607 1256//607
f 1256//607 1038//607 1036//607
f 1256//607 1036//607 1258//607
f 1258//607 1036//607 1034//607
f 1258//607 1034//607 1260//607
f 1260//607 1034//607 1032//607
f 1260//607 1032//607 1262//607
f 1262//607 1032//607 1030//607
f 1262//607 1030//607 1264//607
f 1264//607 1030//607 1028//607
f 1264//607 1028//607 1266//607
f 1266//607 1028//607 1026//607
f 1266//607 1026//607 1268//607
f 1268//607 1026//607 1024//607
f 1268//607 1024//607 1270//607
f 1270//607 1024//607 1022//607
f 1270//607 1022//607 1272//607
f 1272//607 1022//607 1020//607
f 1272//607 1020//607 1274//607
f 1274//607 1020//607 1018//607
f 1274//607 1018//607 1276//607
f 1276//607 1018//607 1016//607
f 1276//607 1016//607 1278//607
f 1278//607 1016//607 1014//607
f 1278//607 1014//607 1280//607
f 1280//607 1014//607 1012//607
f 1280//607 1012//607 1282//607
f 1282//607 1012//607 1010//607
f 1282//607 1010//607 1284//607
f 661//607 818//607 648//607
f 648//607 818//607 817//607
f 648//607 817//607 265//607
f 265//607 817//607 206//607
f 265//607 206//607 263//607
f 263//607 206//607 205//607
f 263//607 205//607 243//607
f 243//607 205//607 241//607
f 241//607 205//607 209//607
f 241//607 209//607 203//607
f 203//607 209//607 211//607
f 203//607 211//607 190//607
f 817//607 832//607 206//607
f 206//607 832//607 228//607
f 228//607 832//607 830//607
f 228//607 830//607 230//607
f 230//607 830//607 828//607
f 230//607 828//607 232//607
f 232//607 828//607 826//607
f 232//607 826//607 234//607
f 234//607 826//607 824//607
f 234//607 824//607 236//607
f 236//607 824//607 822//607
f 798//607 261//607 815//607
f 815//607 261//607 238//607
f 815//607 238//607 237//607
f 169//607 802//607 170//607
f 170//607 802//607 813//607
f 170//607 813//607 237//607
f 237//607 813//607 815//607
f 282//607 726//607 400//607
f 400//607 726//607 724//607
f 400//607 724//607 402//607
f 402//607 724//607 722//607
f 402//607 722//607 404//607
f 404//607 722//607 720//607
f 404//607 720//607 406//607
f 406//607 720//607 718//607
f 406//607 718//607 408//607
f 408//607 718//607 716//607
f 408//607 716//607 410//607
f 410//607 716//607 714//607
f 410//607 714//607 412//607
f 412//607 714//607 712//607
f 412//607 712//607 414//607
f 414//607 712//607 710//607
f 414//607 710//607 416//607
f 416//607 710//607 708//607
f 416//607 708//607 418//607
f 418//607 708//607 706//607
f 418//607 706//607 420//607
f 420//607 706//607 704//607
f 420//607 704//607 422//607
f 422//607 704//607 702//607
f 422//607 702//607 424//607
f 424//607 702//607 700//607
f 424//607 700//607 397//607
f 397//607 700//607 698//607
f 397//607 698//607 370//607
f 370//607 698//607 727//607
f 370//607 727//607 756//607
f 370//607 756//607 372//607
f 372//607 756//607 754//607
f 372//607 754//607 374//607
f 374//607 754//607 752//607
f 374//607 752//607 376//607
f 376//607 752//607 750//607
f 376//607 750//607 378//607
f 378//607 750//607 748//607
f 378//607 748//607 380//607
f 380//607 748//607 746//607
f 380//607 746//607 382//607
f 382//607 746//607 744//607
f 382//607 744//607 384//607
f 384//607 744//607 742//607
f 384//607 742//607 386//607
f 386//607 742//607 740//607
f 386//607 740//607 388//607
f 388//607 740//607 738//607
f 388//607 738//607 390//607
f 390//607 738//607 736//607
f 390//607 736//607 392//607
f 392//607 736//607 734//607
f 392//607 734//607 394//607
f 394//607 734//607 732//607
f 394//607 732//607 396//607
f 396//607 732//607 730//607
f 396//607 730//607 367//607
f 260//607 645//607 268//607
f 268//607 645//607 660//607
f 268//607 660//607 270//607
f 270//607 660//607 658//607
f 270//607 658//607 272//607
f 272//607 658//607 656//607
f 272//607 656//607 274//607
f 274//607 656//607 654//607
f 274//607 654//607 276//607
f 276//607 654//607 652//607
f 276//607 652//607 278//607
f 278//607 652//607 650//607
f 278//607 650//607 280//607
f 280//607 650//607 648//607
f 280//607 648//607 265//607
f 1200//607 281//607 1202//607
f 1202//607 281//607 324//607
f 1202//607 324//607 1204//607
f 1204//607 324//607 322//607
f 1204//607 322//607 1206//607
f 1206//607 322//607 320//607
f 1206//607 320//607 1208//607
f 1208//607 320//607 318//607
f 1208//607 318//607 1210//607
f 1210//607 318//607 316//607
f 1210//607 316//607 1212//607
f 1212//607 316//607 314//607
f 1212//607 314//607 1214//607
f 1214//607 314//607 312//607
f 1214//607 312//607 1216//607
f 1216//607 312//607 310//607
f 1216//607 310//607 1218//607
f 1218//607 310//607 308//607
f 1218//607 308//607 1220//607
f 1220//607 308//607 306//607
f 1220//607 306//607 1222//607
f 1222//607 306//607 304//607
f 1222//607 304//607 1224//607
f 1224//607 304//607 302//607
f 1224//607 302//607 1226//607
f 1226//607 302//607 300//607
f 1226//607 300//607 1228//607
f 1228//607 300//607 298//607
f 1228//607 298//607 1230//607
f 1230//607 298//607 296//607
f 1230//607 296//607 1232//607
f 1232//607 296//607 294//607
f 1232//607 294//607 1234//607
f 1234//607 294//607 292//607
f 1234//607 292//607 1236//607
f 1236//607 292//607 290//607
f 1236//607 290//607 1238//607
f 1238//607 290//607 288//607
f 1238//607 288//607 1240//607
f 1240//607 288//607 286//607
f 1240//607 286//607 1420//607
f 1420//607 286//607 325//607
f 1420//607 325//607 366//607
f 1420//607 366//607 1422//607
f 1422//607 366//607 364//607
f 1422//607 364//607 1424//607
f 1424//607 364//607 362//607
f 1424//607 362//607 1426//607
f 1426//607 362//607 360//607
f 1426//607 360//607 1428//607
f 1428//607 360//607 358//607
f 1428//607 358//607 1430//607
f 1430//607 358//607 356//607
f 1430//607 356//607 1432//607
f 1432//607 356//607 354//607
f 1432//607 354//607 1434//607
f 1434//607 354//607 352//607
f 1434//607 352//607 1436//607
f 1436//607 352//607 350//607
f 1436//607 350//607 1438//607
f 1438//607 350//607 348//607
f 1438//607 348//607 1440//607
f 1440//607 348//607 346//607
f 1440//607 346//607 1442//607
f 1442//607 346//607 344//607
f 1442//607 344//607 1444//607
f 1444//607 344//607 342//607
f 1444//607 342//607 1446//607
f 1446//607 342//607 340//607
f 1446//607 340//607 1448//607
f 1448//607 340//607 338//607
f 1448//607 338//607 1450//607
f 1450//607 338//607 336//607
f 1450//607 336//607 1452//607
f 1452//607 336//607 334//607
f 1452//607 334//607 1454//607
f 1454//607 334//607 332//607
f 1454//607 332//607 1456//607
f 1456//607 332//607 330//607
f 1456//607 330//607 1458//607
f 1458//607 330//607 328//607
f 1458//607 328//607 1460//607
f 246//607 261//607 798//607
f 261//607 263//607 238//607
f 238//607 263//607 243//607
f 237//607 241//607 170//607
f 170//607 241//607 203//607
