# Blender v2.81 (sub 16) OBJ File: ''
# www.blender.org
mtllib Range Warmachine.mtl
o Range_Warmachine_Range_Warmachine.001
v -1.379753 0.199948 -8.799213
v -1.379753 -0.199950 -8.799213
v -1.674626 0.199948 -8.791997
v -1.674626 -0.199950 -8.791997
v -1.968788 -0.199950 -8.770376
v -1.968788 0.199948 -8.770376
v -2.261528 -0.199950 -8.734380
v -2.261528 0.199948 -8.734380
v -2.552173 -0.199950 -8.684113
v -2.552173 0.199948 -8.684113
v -2.839993 -0.199950 -8.619692
v -2.839993 0.199948 -8.619692
v -3.124335 -0.199950 -8.541260
v -3.124335 0.199948 -8.541260
v -3.404506 -0.199950 -8.449029
v -3.404506 0.199948 -8.449029
v -3.679814 -0.199950 -8.343191
v -3.679814 0.199948 -8.343191
v -3.949626 -0.199950 -8.224026
v -3.949626 0.199948 -8.224026
v -4.213269 -0.199950 -8.091801
v -4.213269 0.199948 -8.091801
v -4.470147 -0.199950 -7.946833
v -4.470147 0.199948 -7.946833
v -4.719625 -0.199950 -7.789480
v -4.719625 0.199948 -7.789480
v -4.961109 -0.199950 -7.620115
v -4.961109 0.199948 -7.620115
v -5.194021 -0.199950 -7.439132
v -5.194021 0.199948 -7.439132
v -5.417785 -0.199950 -7.246983
v -5.417785 0.199948 -7.246983
v -5.631901 -0.199950 -7.044109
v -5.631901 0.199948 -7.044109
v 1.379541 -0.199950 -8.799213
v 1.379541 0.199948 -8.799213
v 5.631690 0.199948 -7.044109
v 5.631690 -0.199950 -7.044109
v 5.417573 0.199948 -7.246983
v 5.417573 -0.199950 -7.246983
v 5.193810 -0.199950 -7.439132
v 5.193810 0.199948 -7.439132
v 4.960898 -0.199950 -7.620115
v 4.960898 0.199948 -7.620115
v 4.719414 -0.199950 -7.789480
v 4.719414 0.199948 -7.789480
v 4.469935 -0.199950 -7.946833
v 4.469935 0.199948 -7.946833
v 4.213058 -0.199950 -8.091801
v 4.213058 0.199948 -8.091801
v 3.949415 -0.199950 -8.224026
v 3.949415 0.199948 -8.224026
v 3.679603 -0.199950 -8.343191
v 3.679603 0.199948 -8.343191
v 3.404294 -0.199950 -8.449029
v 3.404294 0.199948 -8.449029
v 3.124123 -0.199950 -8.541260
v 3.124123 0.199948 -8.541260
v 2.839782 -0.199950 -8.619692
v 2.839782 0.199948 -8.619692
v 2.551962 -0.199950 -8.684113
v 2.551962 0.199948 -8.684113
v 2.261317 -0.199950 -8.734380
v 2.261317 0.199948 -8.734380
v 1.968577 -0.199950 -8.770376
v 1.968577 0.199948 -8.770376
v 1.674414 -0.199950 -8.791997
v 1.674414 0.199948 -8.791997
v 9.852032 -0.199950 -11.264470
v 9.852032 0.199948 -11.264470
v 1.379541 -0.199950 -14.767693
v 1.807062 -0.199950 -14.760073
v 1.379541 0.199948 -14.767693
v 1.807062 0.199948 -14.760073
v 2.234026 -0.199950 -14.737222
v 2.234026 0.199948 -14.737222
v 2.659914 -0.199950 -14.699168
v 2.659914 0.199948 -14.699168
v 3.084187 -0.199950 -14.645962
v 3.084187 0.199948 -14.645962
v 3.506288 -0.199950 -14.577677
v 3.506288 0.199948 -14.577677
v 3.925680 -0.199950 -14.494392
v 3.925680 0.199948 -14.494392
v 4.341843 -0.199950 -14.396214
v 4.341843 0.199948 -14.396214
v 4.754239 -0.199950 -14.283265
v 4.754239 0.199948 -14.283265
v 5.162349 -0.199950 -14.155691
v 5.162349 0.199948 -14.155691
v 5.565654 -0.199950 -14.013664
v 5.565654 0.199948 -14.013664
v 5.963636 -0.199950 -13.857348
v 5.963636 0.199948 -13.857348
v 6.355794 -0.199950 -13.686946
v 6.355794 0.199948 -13.686946
v 6.741650 -0.199950 -13.502686
v 6.741650 0.199948 -13.502686
v 7.120682 -0.199950 -13.304781
v 7.120682 0.199948 -13.304781
v 7.492411 -0.199950 -13.093499
v 7.492411 0.199948 -13.093499
v 7.856395 -0.199950 -12.869111
v 7.856395 0.199948 -12.869111
v 8.212133 -0.199950 -12.631894
v 8.212133 0.199948 -12.631894
v 8.559205 -0.199950 -12.382146
v 8.559205 0.199948 -12.382146
v 8.897148 -0.199950 -12.120185
v 8.897148 0.199948 -12.120185
v 9.225557 -0.199950 -11.846356
v 9.225557 0.199948 -11.846356
v 9.543974 -0.199950 -11.560996
v 9.543974 0.199948 -11.560996
v -1.379753 -0.199950 -14.767693
v -1.379753 0.199948 -14.767693
v -9.852242 -0.199950 -11.264470
v -9.544186 -0.199950 -11.560996
v -9.852242 0.199948 -11.264470
v -9.544186 0.199948 -11.560996
v -9.225769 -0.199950 -11.846356
v -9.225769 0.199948 -11.846356
v -8.897359 -0.199950 -12.120185
v -8.897359 0.199948 -12.120185
v -8.559417 -0.199950 -12.382146
v -8.559417 0.199948 -12.382146
v -8.212345 -0.199950 -12.631894
v -8.212345 0.199948 -12.631894
v -7.856606 -0.199950 -12.869111
v -7.856606 0.199948 -12.869111
v -7.492622 -0.199950 -13.093499
v -7.492622 0.199948 -13.093499
v -7.120893 -0.199950 -13.304781
v -7.120893 0.199948 -13.304781
v -6.741861 -0.199950 -13.502686
v -6.741861 0.199948 -13.502686
v -6.356006 -0.199950 -13.686946
v -6.356006 0.199948 -13.686946
v -5.963848 -0.199950 -13.857348
v -5.963848 0.199948 -13.857348
v -5.565866 -0.199950 -14.013664
v -5.565866 0.199948 -14.013664
v -5.162560 -0.199950 -14.155691
v -5.162560 0.199948 -14.155691
v -4.754450 -0.199950 -14.283265
v -4.754450 0.199948 -14.283265
v -4.342054 -0.199950 -14.396214
v -4.342054 0.199948 -14.396214
v -3.925891 -0.199950 -14.494392
v -3.925891 0.199948 -14.494392
v -3.506500 -0.199950 -14.577677
v -3.506500 0.199948 -14.577677
v -3.084398 -0.199950 -14.645962
v -3.084398 0.199948 -14.645962
v -2.660125 -0.199950 -14.699168
v -2.660125 0.199948 -14.699168
v -2.234237 -0.199950 -14.737222
v -2.234237 0.199948 -14.737222
v -1.807274 -0.199950 -14.760073
v -1.807274 0.199948 -14.760073
v 1.388324 -0.199950 -2.800753
v -1.388535 -0.199950 -2.800753
v 1.388324 0.199948 -2.800753
v -1.388535 0.199948 -2.800753
v 2.075779 -0.199950 -3.488213
v 2.075779 0.199948 -3.488213
v 1.379541 0.199948 -3.770503
v 1.379541 -0.199950 -3.770503
v 1.489357 0.199948 -3.764458
v 1.489357 -0.199950 -3.764458
v 1.597828 -0.199950 -3.746383
v 1.597828 0.199948 -3.746383
v 1.703665 -0.199950 -3.716508
v 1.703665 0.199948 -3.716508
v 1.805582 -0.199950 -3.675183
v 1.805582 0.199948 -3.675183
v 1.902330 -0.199950 -3.622917
v 1.902330 0.199948 -3.622917
v 1.992773 -0.199950 -3.560341
v 1.992773 0.199948 -3.560341
v -1.379753 -0.199950 -3.770503
v -1.379753 0.199948 -3.770503
v -2.075990 0.199948 -3.488213
v -2.075990 -0.199950 -3.488213
v -1.992984 0.199948 -3.560341
v -1.992984 -0.199950 -3.560341
v -1.902541 -0.199950 -3.622917
v -1.902541 0.199948 -3.622917
v -1.805794 -0.199950 -3.675183
v -1.805794 0.199948 -3.675183
v -1.703877 -0.199950 -3.716508
v -1.703877 0.199948 -3.716508
v -1.598039 -0.199950 -3.746383
v -1.598039 0.199948 -3.746383
v -1.489568 -0.199950 -3.764458
v -1.489568 0.199948 -3.764458
v 2.379281 0.199948 2.770734
v 2.379281 -0.199950 2.770734
v 2.373227 0.199948 2.880540
v 2.373227 -0.199950 2.880540
v 2.355162 -0.199950 2.989020
v 2.355162 0.199948 2.989020
v 2.325277 -0.199950 3.094853
v 2.325277 0.199948 3.094853
v 2.283956 -0.199950 3.196770
v 2.283956 0.199948 3.196770
v 2.231701 -0.199950 3.293527
v 2.231701 0.199948 3.293527
v 2.169124 -0.199950 3.383961
v 2.169124 0.199948 3.383961
v 2.096996 -0.199950 3.466976
v 2.096996 0.199948 3.466976
v 2.379281 -0.199950 -2.770762
v 2.379281 0.199948 -2.770762
v 2.096996 0.199948 -3.467005
v 2.096996 -0.199950 -3.467005
v 2.169124 0.199948 -3.383990
v 2.169124 -0.199950 -3.383990
v 2.231701 -0.199950 -3.293556
v 2.231701 0.199948 -3.293556
v 2.283956 -0.199950 -3.196799
v 2.283956 0.199948 -3.196799
v 2.325277 -0.199950 -3.094882
v 2.325277 0.199948 -3.094882
v 2.355162 -0.199950 -2.989044
v 2.355162 0.199948 -2.989044
v 2.373227 -0.199950 -2.880569
v 2.373227 0.199948 -2.880569
v 1.409542 -0.199950 -2.779546
v 1.409542 0.199948 -2.779546
v 1.409542 -0.199950 2.779517
v 1.409542 0.199948 2.779517
v 1.379541 -0.199950 3.770479
v -1.379753 -0.199950 3.770479
v 1.379541 0.199948 3.770479
v -1.379753 0.199948 3.770479
v 2.075779 0.199948 3.488184
v 2.075779 -0.199950 3.488184
v 1.992773 0.199948 3.560317
v 1.992773 -0.199950 3.560317
v 1.902330 -0.199950 3.622893
v 1.902330 0.199948 3.622893
v 1.805582 -0.199950 3.675159
v 1.805582 0.199948 3.675159
v 1.703665 -0.199950 3.716479
v 1.703665 0.199948 3.716479
v 1.597828 -0.199950 3.746354
v 1.597828 0.199948 3.746354
v 1.489357 -0.199950 3.764430
v 1.489357 0.199948 3.764430
v 1.388324 -0.199950 2.800725
v 1.388324 0.199948 2.800725
v -1.388535 -0.199950 2.800725
v -1.388535 0.199948 2.800725
v -2.075990 -0.199950 3.488184
v -2.075990 0.199948 3.488184
v -1.489568 0.199948 3.764430
v -1.489568 -0.199950 3.764430
v -1.598039 -0.199950 3.746354
v -1.598039 0.199948 3.746354
v -1.703877 -0.199950 3.716479
v -1.703877 0.199948 3.716479
v -1.805794 -0.199950 3.675159
v -1.805794 0.199948 3.675159
v -1.902541 -0.199950 3.622893
v -1.902541 0.199948 3.622893
v -1.992984 -0.199950 3.560317
v -1.992984 0.199948 3.560317
v 9.873249 -0.199950 11.243234
v 5.652888 -0.199950 7.022878
v 9.873249 0.199948 11.243234
v 5.652888 0.199948 7.022878
v 13.376462 -0.199950 2.770734
v 13.368852 -0.199950 3.198250
v 13.376462 0.199948 2.770734
v 13.368852 0.199948 3.198250
v 13.346001 -0.199950 3.625223
v 13.346001 0.199948 3.625223
v 13.307947 -0.199950 4.051116
v 13.307947 0.199948 4.051116
v 13.254749 -0.199950 4.475374
v 13.254749 0.199948 4.475374
v 13.186465 -0.199950 4.897471
v 13.186465 0.199948 4.897471
v 13.103171 -0.199950 5.316867
v 13.103171 0.199948 5.316867
v 13.004983 -0.199950 5.733030
v 13.004983 0.199948 5.733030
v 12.892054 -0.199950 6.145426
v 12.892054 0.199948 6.145426
v 12.764480 -0.199950 6.553536
v 12.764480 0.199948 6.553536
v 12.622434 -0.199950 6.956842
v 12.622434 0.199948 6.956842
v 12.466127 -0.199950 7.354833
v 12.466127 0.199948 7.354833
v 12.295734 -0.199950 7.746997
v 12.295734 0.199948 7.746997
v 12.111465 -0.199950 8.132842
v 12.111465 0.199948 8.132842
v 11.913569 -0.199950 8.511874
v 11.913569 0.199948 8.511874
v 11.702278 -0.199950 8.883613
v 11.702278 0.199948 8.883613
v 11.477900 -0.199950 9.247587
v 11.477900 0.199948 9.247587
v 11.240663 -0.199950 9.603332
v 11.240663 0.199948 9.603332
v 10.990915 -0.199950 9.950397
v 10.990915 0.199948 9.950397
v 10.728964 -0.199950 10.288345
v 10.728964 0.199948 10.288345
v 10.455135 -0.199950 10.616740
v 10.455135 0.199948 10.616740
v 10.169775 -0.199950 10.935171
v 10.169775 0.199948 10.935171
v 13.376462 -0.199950 -2.770762
v 13.376462 0.199948 -2.770762
v 9.873249 -0.199950 -11.243262
v 10.169775 -0.199950 -10.935205
v 9.873249 0.199948 -11.243262
v 10.169775 0.199948 -10.935205
v 10.455135 -0.199950 -10.616770
v 10.455135 0.199948 -10.616770
v 10.728964 -0.199950 -10.288369
v 10.728964 0.199948 -10.288369
v 10.990915 -0.199950 -9.950426
v 10.990915 0.199948 -9.950426
v 11.240663 -0.199950 -9.603355
v 11.240663 0.199948 -9.603355
v 11.477900 -0.199950 -9.247616
v 11.477900 0.199948 -9.247616
v 11.702278 -0.199950 -8.883642
v 11.702278 0.199948 -8.883642
v 11.913569 -0.199950 -8.511903
v 11.913569 0.199948 -8.511903
v 12.111465 -0.199950 -8.132871
v 12.111465 0.199948 -8.132871
v 12.295734 -0.199950 -7.747025
v 12.295734 0.199948 -7.747025
v 12.466127 -0.199950 -7.354857
v 12.466127 0.199948 -7.354857
v 12.622434 -0.199950 -6.956866
v 12.622434 0.199948 -6.956866
v 12.764480 -0.199950 -6.553560
v 12.764480 0.199948 -6.553560
v 12.892054 -0.199950 -6.145450
v 12.892054 0.199948 -6.145450
v 13.004983 -0.199950 -5.733054
v 13.004983 0.199948 -5.733054
v 13.103171 -0.199950 -5.316892
v 13.103171 0.199948 -5.316892
v 13.186465 -0.199950 -4.897500
v 13.186465 0.199948 -4.897500
v 13.254749 -0.199950 -4.475399
v 13.254749 0.199948 -4.475399
v 13.307947 -0.199950 -4.051140
v 13.307947 0.199948 -4.051140
v 13.346001 -0.199950 -3.625252
v 13.346001 0.199948 -3.625252
v 13.368852 -0.199950 -3.198279
v 13.368852 0.199948 -3.198279
v 5.652888 -0.199950 -7.022911
v 5.652888 0.199948 -7.022911
v 7.408002 0.199948 -2.770762
v 7.408002 -0.199950 -2.770762
v 7.400776 0.199948 -3.065626
v 7.400776 -0.199950 -3.065626
v 7.379155 -0.199950 -3.359788
v 7.379155 0.199948 -3.359788
v 7.343158 -0.199950 -3.652538
v 7.343158 0.199948 -3.652538
v 7.292901 -0.199950 -3.943178
v 7.292901 0.199948 -3.943178
v 7.228460 -0.199950 -4.231013
v 7.228460 0.199948 -4.231013
v 7.150048 -0.199950 -4.515345
v 7.150048 0.199948 -4.515345
v 7.057798 -0.199950 -4.795506
v 7.057798 0.199948 -4.795506
v 6.951980 -0.199950 -5.070824
v 6.951980 0.199948 -5.070824
v 6.832804 -0.199950 -5.340627
v 6.832804 0.199948 -5.340627
v 6.700579 -0.199950 -5.604289
v 6.700579 0.199948 -5.604289
v 6.555612 -0.199950 -5.861157
v 6.555612 0.199948 -5.861157
v 6.398268 -0.199950 -6.110635
v 6.398268 0.199948 -6.110635
v 6.228893 -0.199950 -6.352119
v 6.228893 0.199948 -6.352119
v 6.047910 -0.199950 -6.585021
v 6.047910 0.199948 -6.585021
v 5.855761 -0.199950 -6.808795
v 5.855761 0.199948 -6.808795
v 7.408002 -0.199950 2.770734
v 7.408002 0.199948 2.770734
v 5.855761 0.199948 6.808771
v 5.855761 -0.199950 6.808771
v 6.047910 -0.199950 6.584993
v 6.047910 0.199948 6.584993
v 6.228893 -0.199950 6.352086
v 6.228893 0.199948 6.352086
v 6.398268 -0.199950 6.110607
v 6.398268 0.199948 6.110607
v 6.555612 -0.199950 5.861133
v 6.555612 0.199948 5.861133
v 6.700579 -0.199950 5.604260
v 6.700579 0.199948 5.604260
v 6.832804 -0.199950 5.340602
v 6.832804 0.199948 5.340602
v 6.951980 -0.199950 5.070796
v 6.951980 0.199948 5.070796
v 7.057798 -0.199950 4.795482
v 7.057798 0.199948 4.795482
v 7.150048 -0.199950 4.515321
v 7.150048 0.199948 4.515321
v 7.228460 -0.199950 4.230984
v 7.228460 0.199948 4.230984
v 7.292901 -0.199950 3.943150
v 7.292901 0.199948 3.943150
v 7.343158 -0.199950 3.652509
v 7.343158 0.199948 3.652509
v 7.379155 -0.199950 3.359760
v 7.379155 0.199948 3.359760
v 7.400776 -0.199950 3.065602
v 7.400776 0.199948 3.065602
v -5.653100 -0.199950 7.022878
v -9.873460 -0.199950 11.243234
v -5.653100 0.199948 7.022878
v -9.873460 0.199948 11.243234
v -7.408214 0.199948 2.770734
v -7.408214 -0.199950 2.770734
v -7.400987 0.199948 3.065602
v -7.400987 -0.199950 3.065602
v -7.379366 -0.199950 3.359760
v -7.379366 0.199948 3.359760
v -7.343369 -0.199950 3.652509
v -7.343369 0.199948 3.652509
v -7.293112 -0.199950 3.943150
v -7.293112 0.199948 3.943150
v -7.228672 -0.199950 4.230984
v -7.228672 0.199948 4.230984
v -7.150259 -0.199950 4.515321
v -7.150259 0.199948 4.515321
v -7.058009 -0.199950 4.795482
v -7.058009 0.199948 4.795482
v -6.952191 -0.199950 5.070796
v -6.952191 0.199948 5.070796
v -6.833015 -0.199950 5.340602
v -6.833015 0.199948 5.340602
v -6.700790 -0.199950 5.604260
v -6.700790 0.199948 5.604260
v -6.555823 -0.199950 5.861133
v -6.555823 0.199948 5.861133
v -6.398479 -0.199950 6.110607
v -6.398479 0.199948 6.110607
v -6.229105 -0.199950 6.352086
v -6.229105 0.199948 6.352086
v -6.048121 -0.199950 6.584993
v -6.048121 0.199948 6.584993
v -5.855973 -0.199950 6.808771
v -5.855973 0.199948 6.808771
v -7.408214 -0.199950 -2.770762
v -7.408214 0.199948 -2.770762
v -5.653100 0.199948 -7.022911
v -5.653100 -0.199950 -7.022911
v -5.855973 0.199948 -6.808795
v -5.855973 -0.199950 -6.808795
v -6.048121 -0.199950 -6.585021
v -6.048121 0.199948 -6.585021
v -6.229105 -0.199950 -6.352119
v -6.229105 0.199948 -6.352119
v -6.398479 -0.199950 -6.110635
v -6.398479 0.199948 -6.110635
v -6.555823 -0.199950 -5.861157
v -6.555823 0.199948 -5.861157
v -6.700790 -0.199950 -5.604289
v -6.700790 0.199948 -5.604289
v -6.833015 -0.199950 -5.340627
v -6.833015 0.199948 -5.340627
v -6.952191 -0.199950 -5.070824
v -6.952191 0.199948 -5.070824
v -7.058009 -0.199950 -4.795506
v -7.058009 0.199948 -4.795506
v -7.150259 -0.199950 -4.515345
v -7.150259 0.199948 -4.515345
v -7.228672 -0.199950 -4.231013
v -7.228672 0.199948 -4.231013
v -7.293112 -0.199950 -3.943178
v -7.293112 0.199948 -3.943178
v -7.343369 -0.199950 -3.652538
v -7.343369 0.199948 -3.652538
v -7.379366 -0.199950 -3.359788
v -7.379366 0.199948 -3.359788
v -7.400987 -0.199950 -3.065626
v -7.400987 0.199948 -3.065626
v -9.873460 -0.199950 -11.243262
v -9.873460 0.199948 -11.243262
v -13.376674 -0.199950 -2.770762
v -13.369062 -0.199950 -3.198279
v -13.376674 0.199948 -2.770762
v -13.369062 0.199948 -3.198279
v -13.346211 -0.199950 -3.625252
v -13.346211 0.199948 -3.625252
v -13.308159 -0.199950 -4.051140
v -13.308159 0.199948 -4.051140
v -13.254961 -0.199950 -4.475399
v -13.254961 0.199948 -4.475399
v -13.186677 -0.199950 -4.897500
v -13.186677 0.199948 -4.897500
v -13.103383 -0.199950 -5.316892
v -13.103383 0.199948 -5.316892
v -13.005194 -0.199950 -5.733054
v -13.005194 0.199948 -5.733054
v -12.892264 -0.199950 -6.145450
v -12.892264 0.199948 -6.145450
v -12.764690 -0.199950 -6.553560
v -12.764690 0.199948 -6.553560
v -12.622645 -0.199950 -6.956866
v -12.622645 0.199948 -6.956866
v -12.466339 -0.199950 -7.354857
v -12.466339 0.199948 -7.354857
v -12.295945 -0.199950 -7.747025
v -12.295945 0.199948 -7.747025
v -12.111676 -0.199950 -8.132871
v -12.111676 0.199948 -8.132871
v -11.913780 -0.199950 -8.511903
v -11.913780 0.199948 -8.511903
v -11.702490 -0.199950 -8.883642
v -11.702490 0.199948 -8.883642
v -11.478110 -0.199950 -9.247616
v -11.478110 0.199948 -9.247616
v -11.240874 -0.199950 -9.603355
v -11.240874 0.199948 -9.603355
v -10.991146 -0.199950 -9.950426
v -10.991146 0.199948 -9.950426
v -10.729176 -0.199950 -10.288369
v -10.729176 0.199948 -10.288369
v -10.455346 -0.199950 -10.616770
v -10.455346 0.199948 -10.616770
v -10.169987 -0.199950 -10.935205
v -10.169987 0.199948 -10.935205
v -13.376674 -0.199950 2.770734
v -13.376674 0.199948 2.770734
v -10.169987 -0.199950 10.935171
v -10.169987 0.199948 10.935171
v -10.455346 -0.199950 10.616740
v -10.455346 0.199948 10.616740
v -10.729176 -0.199950 10.288345
v -10.729176 0.199948 10.288345
v -10.991146 -0.199950 9.950397
v -10.991146 0.199948 9.950397
v -11.240874 -0.199950 9.603332
v -11.240874 0.199948 9.603332
v -11.478110 -0.199950 9.247587
v -11.478110 0.199948 9.247587
v -11.702490 -0.199950 8.883613
v -11.702490 0.199948 8.883613
v -11.913780 -0.199950 8.511874
v -11.913780 0.199948 8.511874
v -12.111676 -0.199950 8.132842
v -12.111676 0.199948 8.132842
v -12.295945 -0.199950 7.746997
v -12.295945 0.199948 7.746997
v -12.466339 -0.199950 7.354833
v -12.466339 0.199948 7.354833
v -12.622645 -0.199950 6.956842
v -12.622645 0.199948 6.956842
v -12.764690 -0.199950 6.553536
v -12.764690 0.199948 6.553536
v -12.892264 -0.199950 6.145426
v -12.892264 0.199948 6.145426
v -13.005194 -0.199950 5.733030
v -13.005194 0.199948 5.733030
v -13.103383 -0.199950 5.316867
v -13.103383 0.199948 5.316867
v -13.186677 -0.199950 4.897471
v -13.186677 0.199948 4.897471
v -13.254961 -0.199950 4.475374
v -13.254961 0.199948 4.475374
v -13.308159 -0.199950 4.051116
v -13.308159 0.199948 4.051116
v -13.346211 -0.199950 3.625223
v -13.346211 0.199948 3.625223
v -13.369062 -0.199950 3.198250
v -13.369062 0.199948 3.198250
v 1.379541 -0.199950 14.767664
v -1.379753 -0.199950 14.767664
v 1.379541 0.199948 14.767664
v -1.379753 0.199948 14.767664
v 9.852032 -0.199950 11.264441
v 9.543974 -0.199950 11.560967
v 9.852032 0.199948 11.264441
v 9.543974 0.199948 11.560967
v 9.225557 -0.199950 11.846328
v 9.225557 0.199948 11.846328
v 8.897148 -0.199950 12.120161
v 8.897148 0.199948 12.120161
v 8.559205 -0.199950 12.382117
v 8.559205 0.199948 12.382117
v 8.212133 -0.199950 12.631866
v 8.212133 0.199948 12.631866
v 7.856395 -0.199950 12.869082
v 7.856395 0.199948 12.869082
v 7.492411 -0.199950 13.093475
v 7.492411 0.199948 13.093475
v 7.120682 -0.199950 13.304757
v 7.120682 0.199948 13.304757
v 6.741650 -0.199950 13.502652
v 6.741650 0.199948 13.502652
v 6.355794 -0.199950 13.686917
v 6.355794 0.199948 13.686917
v 5.963636 -0.199950 13.857320
v 5.963636 0.199948 13.857320
v 5.565654 -0.199950 14.013631
v 5.565654 0.199948 14.013631
v 5.162349 -0.199950 14.155667
v 5.162349 0.199948 14.155667
v 4.754239 -0.199950 14.283237
v 4.754239 0.199948 14.283237
v 4.341843 -0.199950 14.396185
v 4.341843 0.199948 14.396185
v 3.925680 -0.199950 14.494364
v 3.925680 0.199948 14.494364
v 3.506288 -0.199950 14.577648
v 3.506288 0.199948 14.577648
v 3.084187 -0.199950 14.645937
v 3.084187 0.199948 14.645937
v 2.659914 -0.199950 14.699140
v 2.659914 0.199948 14.699140
v 2.234026 -0.199950 14.737193
v 2.234026 0.199948 14.737193
v 1.807062 -0.199950 14.760044
v 1.807062 0.199948 14.760044
v 5.631690 -0.199950 7.044086
v 5.631690 0.199948 7.044086
v 1.379541 0.199948 8.799190
v 1.379541 -0.199950 8.799190
v 1.674414 0.199948 8.791973
v 1.674414 -0.199950 8.791973
v 1.968577 -0.199950 8.770348
v 1.968577 0.199948 8.770348
v 2.261317 -0.199950 8.734355
v 2.261317 0.199948 8.734355
v 2.551962 -0.199950 8.684084
v 2.551962 0.199948 8.684084
v 2.839782 -0.199950 8.619662
v 2.839782 0.199948 8.619662
v 3.124123 -0.199950 8.541236
v 3.124123 0.199948 8.541236
v 3.404294 -0.199950 8.449000
v 3.404294 0.199948 8.449000
v 3.679603 -0.199950 8.343167
v 3.679603 0.199948 8.343167
v 3.949415 -0.199950 8.223996
v 3.949415 0.199948 8.223996
v 4.213058 -0.199950 8.091771
v 4.213058 0.199948 8.091771
v 4.469935 -0.199950 7.946805
v 4.469935 0.199948 7.946805
v 4.719414 -0.199950 7.789451
v 4.719414 0.199948 7.789451
v 4.960898 -0.199950 7.620086
v 4.960898 0.199948 7.620086
v 5.193810 -0.199950 7.439107
v 5.193810 0.199948 7.439107
v 5.417573 -0.199950 7.246953
v 5.417573 0.199948 7.246953
v -1.379753 -0.199950 8.799190
v -1.379753 0.199948 8.799190
v -5.631901 0.199948 7.044086
v -5.631901 -0.199950 7.044086
v -5.417785 0.199948 7.246953
v -5.417785 -0.199950 7.246953
v -5.194021 -0.199950 7.439107
v -5.194021 0.199948 7.439107
v -4.961109 -0.199950 7.620086
v -4.961109 0.199948 7.620086
v -4.719625 -0.199950 7.789451
v -4.719625 0.199948 7.789451
v -4.470147 -0.199950 7.946805
v -4.470147 0.199948 7.946805
v -4.213269 -0.199950 8.091771
v -4.213269 0.199948 8.091771
v -3.949626 -0.199950 8.223996
v -3.949626 0.199948 8.223996
v -3.679814 -0.199950 8.343167
v -3.679814 0.199948 8.343167
v -3.404506 -0.199950 8.449000
v -3.404506 0.199948 8.449000
v -3.124335 -0.199950 8.541236
v -3.124335 0.199948 8.541236
v -2.839993 -0.199950 8.619662
v -2.839993 0.199948 8.619662
v -2.552173 -0.199950 8.684084
v -2.552173 0.199948 8.684084
v -2.261528 -0.199950 8.734355
v -2.261528 0.199948 8.734355
v -1.968788 -0.199950 8.770348
v -1.968788 0.199948 8.770348
v -1.674626 -0.199950 8.791973
v -1.674626 0.199948 8.791973
v -9.852242 -0.199950 11.264441
v -9.852242 0.199948 11.264441
v -1.807274 -0.199950 14.760044
v -1.807274 0.199948 14.760044
v -2.234237 -0.199950 14.737193
v -2.234237 0.199948 14.737193
v -2.660125 -0.199950 14.699140
v -2.660125 0.199948 14.699140
v -3.084398 -0.199950 14.645937
v -3.084398 0.199948 14.645937
v -3.506500 -0.199950 14.577648
v -3.506500 0.199948 14.577648
v -3.925891 -0.199950 14.494364
v -3.925891 0.199948 14.494364
v -4.342054 -0.199950 14.396185
v -4.342054 0.199948 14.396185
v -4.754450 -0.199950 14.283237
v -4.754450 0.199948 14.283237
v -5.162560 -0.199950 14.155667
v -5.162560 0.199948 14.155667
v -5.565866 -0.199950 14.013631
v -5.565866 0.199948 14.013631
v -5.963848 -0.199950 13.857320
v -5.963848 0.199948 13.857320
v -6.356006 -0.199950 13.686917
v -6.356006 0.199948 13.686917
v -6.741861 -0.199950 13.502652
v -6.741861 0.199948 13.502652
v -7.120893 -0.199950 13.304757
v -7.120893 0.199948 13.304757
v -7.492622 -0.199950 13.093475
v -7.492622 0.199948 13.093475
v -7.856606 -0.199950 12.869082
v -7.856606 0.199948 12.869082
v -8.212345 -0.199950 12.631866
v -8.212345 0.199948 12.631866
v -8.559417 -0.199950 12.382117
v -8.559417 0.199948 12.382117
v -8.897359 -0.199950 12.120161
v -8.897359 0.199948 12.120161
v -9.225769 -0.199950 11.846328
v -9.225769 0.199948 11.846328
v -9.544186 -0.199950 11.560967
v -9.544186 0.199948 11.560967
v 1.379541 -0.199950 8.769198
v -1.379753 -0.199950 8.769198
v 1.379541 0.199948 8.769198
v -1.379753 0.199948 8.769198
v 5.610472 0.199948 7.022878
v 5.610472 -0.199950 7.022878
v 5.397432 0.199948 7.224732
v 5.397432 -0.199950 7.224732
v 5.174783 -0.199950 7.415920
v 5.174783 0.199948 7.415920
v 4.943024 -0.199950 7.595995
v 4.943024 0.199948 7.595995
v 4.702752 -0.199950 7.764514
v 4.702752 0.199948 7.764514
v 4.454522 -0.199950 7.921080
v 4.454522 0.199948 7.921080
v 4.198932 -0.199950 8.065317
v 4.198932 0.199948 8.065317
v 3.936596 -0.199950 8.196884
v 3.936596 0.199948 8.196884
v 3.668129 -0.199950 8.315458
v 3.668129 0.199948 8.315458
v 3.394185 -0.199950 8.420758
v 3.394185 0.199948 8.420758
v 3.115417 -0.199950 8.512537
v 3.115417 0.199948 8.512537
v 2.832498 -0.199950 8.590570
v 2.832498 0.199948 8.590570
v 2.546100 -0.199950 8.654670
v 2.546100 0.199948 8.654670
v 2.256916 -0.199950 8.704686
v 2.256916 0.199948 8.704686
v 1.965636 -0.199950 8.740496
v 1.965636 0.199948 8.740496
v 1.672935 -0.199950 8.762021
v 1.672935 0.199948 8.762021
v 2.096996 -0.199950 3.509392
v 2.096996 0.199948 3.509392
v 1.379541 -0.199950 3.800470
v 1.492701 -0.199950 3.794233
v 1.379541 0.199948 3.800470
v 1.492701 0.199948 3.794233
v 1.604497 -0.199950 3.775596
v 1.604497 0.199948 3.775596
v 1.713563 -0.199950 3.744788
v 1.713563 0.199948 3.744788
v 1.818594 -0.199950 3.702180
v 1.818594 0.199948 3.702180
v 1.918300 0.199948 3.648286
v 1.918300 -0.199950 3.648286
v 2.011473 -0.199950 3.583764
v 2.011473 0.199948 3.583764
v -1.379753 -0.199950 3.800470
v -1.379753 0.199948 3.800470
v -2.097208 -0.199950 3.509392
v -2.011684 -0.199950 3.583764
v -2.097208 0.199948 3.509392
v -2.011684 0.199948 3.583764
v -1.918512 -0.199950 3.648286
v -1.918512 0.199948 3.648286
v -1.818805 -0.199950 3.702180
v -1.818805 0.199948 3.702180
v -1.713774 -0.199950 3.744788
v -1.713774 0.199948 3.744788
v -1.604708 0.199948 3.775596
v -1.604708 -0.199950 3.775596
v -1.492913 -0.199950 3.794233
v -1.492913 0.199948 3.794233
v -5.610683 -0.199950 7.022878
v -5.610683 0.199948 7.022878
v -1.673146 0.199948 8.762021
v -1.673146 -0.199950 8.762021
v -1.965848 -0.199950 8.740496
v -1.965848 0.199948 8.740496
v -2.257127 -0.199950 8.704686
v -2.257127 0.199948 8.704686
v -2.546312 -0.199950 8.654670
v -2.546312 0.199948 8.654670
v -2.832709 -0.199950 8.590570
v -2.832709 0.199948 8.590570
v -3.115628 -0.199950 8.512537
v -3.115628 0.199948 8.512537
v -3.394397 -0.199950 8.420758
v -3.394397 0.199948 8.420758
v -3.668341 -0.199950 8.315458
v -3.668341 0.199948 8.315458
v -3.936807 -0.199950 8.196884
v -3.936807 0.199948 8.196884
v -4.199143 -0.199950 8.065317
v -4.199143 0.199948 8.065317
v -4.454733 -0.199950 7.921080
v -4.454733 0.199948 7.921080
v -4.702963 -0.199950 7.764514
v -4.702963 0.199948 7.764514
v -4.943236 -0.199950 7.595995
v -4.943236 0.199948 7.595995
v -5.174994 -0.199950 7.415920
v -5.174994 0.199948 7.415920
v -5.397644 -0.199950 7.224732
v -5.397644 0.199948 7.224732
v -2.118406 -0.199950 3.488184
v -5.631901 -0.199950 7.001669
v -2.118406 0.199948 3.488184
v -5.631901 0.199948 7.001669
v -2.409493 -0.199950 2.770734
v -2.403247 -0.199950 2.883898
v -2.409493 0.199948 2.770734
v -2.403247 0.199948 2.883898
v -2.384624 -0.199950 2.995694
v -2.384624 0.199948 2.995694
v -2.353817 -0.199950 3.104760
v -2.353817 0.199948 3.104760
v -2.311208 -0.199950 3.209781
v -2.311208 0.199948 3.209781
v -2.257300 0.199948 3.309488
v -2.257300 -0.199950 3.309488
v -2.192783 -0.199950 3.402665
v -2.192783 0.199948 3.402665
v -2.409493 -0.199950 -2.770762
v -2.409493 0.199948 -2.770762
v -2.118406 -0.199950 -3.488213
v -2.192783 -0.199950 -3.402689
v -2.118406 0.199948 -3.488213
v -2.192783 0.199948 -3.402689
v -2.257300 -0.199950 -3.309512
v -2.257300 0.199948 -3.309512
v -2.311208 -0.199950 -3.209810
v -2.311208 0.199948 -3.209810
v -2.353817 -0.199950 -3.104789
v -2.353817 0.199948 -3.104789
v -2.384624 0.199948 -2.995718
v -2.384624 -0.199950 -2.995718
v -2.403247 -0.199950 -2.883927
v -2.403247 0.199948 -2.883927
v -5.631901 -0.199950 -7.001703
v -5.631901 0.199948 -7.001703
v -7.378213 0.199948 -2.770762
v -7.378213 -0.199950 -2.770762
v -7.371044 0.199948 -3.064156
v -7.371044 -0.199950 -3.064156
v -7.349519 -0.199950 -3.356848
v -7.349519 0.199948 -3.356848
v -7.313695 -0.199950 -3.648137
v -7.313695 0.199948 -3.648137
v -7.263689 -0.199950 -3.937326
v -7.263689 0.199948 -3.937326
v -7.199594 -0.199950 -4.223719
v -7.199594 0.199948 -4.223719
v -7.121547 -0.199950 -4.506639
v -7.121547 0.199948 -4.506639
v -7.029777 -0.199950 -4.785407
v -7.029777 0.199948 -4.785407
v -6.924478 -0.199950 -5.059341
v -6.924478 0.199948 -5.059341
v -6.805898 -0.199950 -5.327808
v -6.805898 0.199948 -5.327808
v -6.674345 -0.199950 -5.590144
v -6.674345 0.199948 -5.590144
v -6.530109 -0.199950 -5.845743
v -6.530109 0.199948 -5.845743
v -6.373534 -0.199950 -6.093973
v -6.373534 0.199948 -6.093973
v -6.205004 -0.199950 -6.334246
v -6.205004 0.199948 -6.334246
v -6.024944 -0.199950 -6.565995
v -6.024944 0.199948 -6.565995
v -5.833755 -0.199950 -6.788654
v -5.833755 0.199948 -6.788654
v -7.378213 -0.199950 2.770734
v -7.378213 0.199948 2.770734
v -5.833755 0.199948 6.788630
v -5.833755 -0.199950 6.788630
v -6.024944 -0.199950 6.565966
v -6.024944 0.199948 6.565966
v -6.205004 -0.199950 6.334221
v -6.205004 0.199948 6.334221
v -6.373534 -0.199950 6.093944
v -6.373534 0.199948 6.093944
v -6.530109 -0.199950 5.845715
v -6.530109 0.199948 5.845715
v -6.674345 -0.199950 5.590120
v -6.674345 0.199948 5.590120
v -6.805898 -0.199950 5.327779
v -6.805898 0.199948 5.327779
v -6.924478 -0.199950 5.059317
v -6.924478 0.199948 5.059317
v -7.029777 -0.199950 4.785378
v -7.029777 0.199948 4.785378
v -7.121547 -0.199950 4.506615
v -7.121547 0.199948 4.506615
v -7.199594 -0.199950 4.223695
v -7.199594 0.199948 4.223695
v -7.263689 -0.199950 3.937297
v -7.263689 0.199948 3.937297
v -7.313695 -0.199950 3.648108
v -7.313695 0.199948 3.648108
v -7.349519 -0.199950 3.356819
v -7.349519 0.199948 3.356819
v -7.371044 -0.199950 3.064127
v -7.371044 0.199948 3.064127
v 7.378002 0.199948 2.770734
v 7.378002 -0.199950 2.770734
v 7.370833 0.199948 3.064127
v 7.370833 -0.199950 3.064127
v 7.349308 -0.199950 3.356819
v 7.349308 0.199948 3.356819
v 7.313484 -0.199950 3.648108
v 7.313484 0.199948 3.648108
v 7.263477 -0.199950 3.937297
v 7.263477 0.199948 3.937297
v 7.199382 -0.199950 4.223695
v 7.199382 0.199948 4.223695
v 7.121335 -0.199950 4.506615
v 7.121335 0.199948 4.506615
v 7.029566 -0.199950 4.785378
v 7.029566 0.199948 4.785378
v 6.924266 -0.199950 5.059317
v 6.924266 0.199948 5.059317
v 6.805686 -0.199950 5.327779
v 6.805686 0.199948 5.327779
v 6.674134 -0.199950 5.590120
v 6.674134 0.199948 5.590120
v 6.529897 -0.199950 5.845715
v 6.529897 0.199948 5.845715
v 6.373322 -0.199950 6.093944
v 6.373322 0.199948 6.093944
v 6.204793 -0.199950 6.334221
v 6.204793 0.199948 6.334221
v 6.024733 -0.199950 6.565966
v 6.024733 0.199948 6.565966
v 5.833544 -0.199950 6.788630
v 5.833544 0.199948 6.788630
v 5.631690 -0.199950 7.001669
v 5.631690 0.199948 7.001669
v 7.378002 -0.199950 -2.770762
v 7.378002 0.199948 -2.770762
v 5.631690 0.199948 -7.001703
v 5.631690 -0.199950 -7.001703
v 5.833544 0.199948 -6.788654
v 5.833544 -0.199950 -6.788654
v 6.024733 -0.199950 -6.565995
v 6.024733 0.199948 -6.565995
v 6.204793 -0.199950 -6.334246
v 6.204793 0.199948 -6.334246
v 6.373322 -0.199950 -6.093973
v 6.373322 0.199948 -6.093973
v 6.529897 -0.199950 -5.845743
v 6.529897 0.199948 -5.845743
v 6.674134 -0.199950 -5.590144
v 6.674134 0.199948 -5.590144
v 6.805686 -0.199950 -5.327808
v 6.805686 0.199948 -5.327808
v 6.924266 -0.199950 -5.059341
v 6.924266 0.199948 -5.059341
v 7.029566 -0.199950 -4.785407
v 7.029566 0.199948 -4.785407
v 7.121335 -0.199950 -4.506639
v 7.121335 0.199948 -4.506639
v 7.199382 -0.199950 -4.223719
v 7.199382 0.199948 -4.223719
v 7.263477 -0.199950 -3.937326
v 7.263477 0.199948 -3.937326
v 7.313484 -0.199950 -3.648137
v 7.313484 0.199948 -3.648137
v 7.349308 -0.199950 -3.356848
v 7.349308 0.199948 -3.356848
v 7.370833 -0.199950 -3.064156
v 7.370833 0.199948 -3.064156
v 2.118195 -0.199950 -3.488213
v 2.118195 0.199948 -3.488213
v 2.409282 -0.199950 -2.770762
v 2.403036 -0.199950 -2.883927
v 2.409282 0.199948 -2.770762
v 2.403036 0.199948 -2.883927
v 2.384413 -0.199950 -2.995718
v 2.384413 0.199948 -2.995718
v 2.353605 -0.199950 -3.104789
v 2.353605 0.199948 -3.104789
v 2.310978 -0.199950 -3.209810
v 2.310978 0.199948 -3.209810
v 2.257088 0.199948 -3.309512
v 2.257088 -0.199950 -3.309512
v 2.192571 -0.199950 -3.402689
v 2.192571 0.199948 -3.402689
v 2.409282 -0.199950 2.770734
v 2.409282 0.199948 2.770734
v 2.118195 -0.199950 3.488184
v 2.192571 -0.199950 3.402665
v 2.118195 0.199948 3.488184
v 2.192571 0.199948 3.402665
v 2.257088 -0.199950 3.309488
v 2.257088 0.199948 3.309488
v 2.310978 -0.199950 3.209781
v 2.310978 0.199948 3.209781
v 2.353605 -0.199950 3.104760
v 2.353605 0.199948 3.104760
v 2.384413 0.199948 2.995694
v 2.384413 -0.199950 2.995694
v 2.403036 -0.199950 2.883898
v 2.403036 0.199948 2.883898
v -1.409753 -0.199950 2.779517
v -2.097208 -0.199950 3.466976
v -1.409753 0.199948 2.779517
v -2.097208 0.199948 3.466976
v -1.409753 -0.199950 -2.779546
v -1.409753 0.199948 -2.779546
v -2.097208 -0.199950 -3.467005
v -2.097208 0.199948 -3.467005
v -2.379493 0.199948 -2.770762
v -2.379493 -0.199950 -2.770762
v -2.373439 0.199948 -2.880569
v -2.373439 -0.199950 -2.880569
v -2.355373 -0.199950 -2.989044
v -2.355373 0.199948 -2.989044
v -2.325488 -0.199950 -3.094882
v -2.325488 0.199948 -3.094882
v -2.284168 -0.199950 -3.196799
v -2.284168 0.199948 -3.196799
v -2.231912 -0.199950 -3.293556
v -2.231912 0.199948 -3.293556
v -2.169336 -0.199950 -3.383990
v -2.169336 0.199948 -3.383990
v -2.379493 -0.199950 2.770734
v -2.379493 0.199948 2.770734
v -2.169336 0.199948 3.383961
v -2.169336 -0.199950 3.383961
v -2.231912 -0.199950 3.293527
v -2.231912 0.199948 3.293527
v -2.284168 -0.199950 3.196770
v -2.284168 0.199948 3.196770
v -2.325488 -0.199950 3.094853
v -2.325488 0.199948 3.094853
v -2.355373 -0.199950 2.989020
v -2.355373 0.199948 2.989020
v -2.373439 -0.199950 2.880540
v -2.373439 0.199948 2.880540
v 1.379541 -0.199950 2.770734
v -1.379753 -0.199950 2.770734
v 1.379541 0.199948 2.770734
v -1.379753 0.199948 2.770734
v 1.379541 -0.199950 -2.770762
v 1.379541 0.199948 -2.770762
v -1.379753 -0.199950 -2.770762
v -1.379753 0.199948 -2.770762
v -1.379753 -0.199950 -3.800498
v -1.492913 -0.199950 -3.794262
v -1.379753 0.199948 -3.800498
v -1.492913 0.199948 -3.794262
v -1.604708 -0.199950 -3.775625
v -1.604708 0.199948 -3.775625
v -1.713774 -0.199950 -3.744817
v -1.713774 0.199948 -3.744817
v -1.818805 -0.199950 -3.702209
v -1.818805 0.199948 -3.702209
v -1.918512 0.199948 -3.648315
v -1.918512 -0.199950 -3.648315
v -2.011684 -0.199950 -3.583792
v -2.011684 0.199948 -3.583792
v -2.097208 -0.199950 -3.509421
v -2.097208 0.199948 -3.509421
v 1.379541 -0.199950 -3.800498
v 1.379541 0.199948 -3.800498
v 2.096996 -0.199950 -3.509421
v 2.011473 -0.199950 -3.583792
v 2.096996 0.199948 -3.509421
v 2.011473 0.199948 -3.583792
v 1.918300 -0.199950 -3.648315
v 1.918300 0.199948 -3.648315
v 1.818594 -0.199950 -3.702209
v 1.818594 0.199948 -3.702209
v 1.713563 -0.199950 -3.744817
v 1.713563 0.199948 -3.744817
v 1.604497 0.199948 -3.775625
v 1.604497 -0.199950 -3.775625
v 1.492701 -0.199950 -3.794262
v 1.492701 0.199948 -3.794262
v 5.610472 -0.199950 -7.022911
v 5.610472 0.199948 -7.022911
v 1.379541 0.199948 -8.769223
v 1.379541 -0.199950 -8.769223
v 1.672935 0.199948 -8.762045
v 1.672935 -0.199950 -8.762045
v 1.965636 -0.199950 -8.740520
v 1.965636 0.199948 -8.740520
v 2.256916 -0.199950 -8.704715
v 2.256916 0.199948 -8.704715
v 2.546100 -0.199950 -8.654698
v 2.546100 0.199948 -8.654698
v 2.832498 -0.199950 -8.590594
v 2.832498 0.199948 -8.590594
v 3.115417 -0.199950 -8.512567
v 3.115417 0.199948 -8.512567
v 3.394185 -0.199950 -8.420787
v 3.394185 0.199948 -8.420787
v 3.668129 -0.199950 -8.315488
v 3.668129 0.199948 -8.315488
v 3.936596 -0.199950 -8.196908
v 3.936596 0.199948 -8.196908
v 4.198932 -0.199950 -8.065346
v 4.198932 0.199948 -8.065346
v 4.454522 -0.199950 -7.921109
v 4.454522 0.199948 -7.921109
v 4.702752 -0.199950 -7.764544
v 4.702752 0.199948 -7.764544
v 4.943024 -0.199950 -7.596024
v 4.943024 0.199948 -7.596024
v 5.174783 -0.199950 -7.415954
v 5.174783 0.199948 -7.415954
v 5.397432 -0.199950 -7.224756
v 5.397432 0.199948 -7.224756
v -1.379753 -0.199950 -8.769223
v -1.379753 0.199948 -8.769223
v -5.610683 0.199948 -7.022911
v -5.610683 -0.199950 -7.022911
v -5.397644 0.199948 -7.224756
v -5.397644 -0.199950 -7.224756
v -5.174994 -0.199950 -7.415954
v -5.174994 0.199948 -7.415954
v -4.943236 -0.199950 -7.596024
v -4.943236 0.199948 -7.596024
v -4.702963 -0.199950 -7.764544
v -4.702963 0.199948 -7.764544
v -4.454733 -0.199950 -7.921109
v -4.454733 0.199948 -7.921109
v -4.199143 -0.199950 -8.065346
v -4.199143 0.199948 -8.065346
v -3.936807 -0.199950 -8.196908
v -3.936807 0.199948 -8.196908
v -3.668341 -0.199950 -8.315488
v -3.668341 0.199948 -8.315488
v -3.394397 -0.199950 -8.420787
v -3.394397 0.199948 -8.420787
v -3.115628 -0.199950 -8.512567
v -3.115628 0.199948 -8.512567
v -2.832709 -0.199950 -8.590594
v -2.832709 0.199948 -8.590594
v -2.546312 -0.199950 -8.654698
v -2.546312 0.199948 -8.654698
v -2.257127 -0.199950 -8.704715
v -2.257127 0.199948 -8.704715
v -1.965848 -0.199950 -8.740520
v -1.965848 0.199948 -8.740520
v -1.673146 -0.199950 -8.762045
v -1.673146 0.199948 -8.762045
v -1.379753 -0.199950 14.797655
v 1.379541 -0.199950 14.797655
v -1.379753 0.199948 14.797655
v 1.379541 0.199948 14.797655
v -13.406673 -0.199950 2.770734
v -13.399006 -0.199950 3.200004
v -13.406673 0.199948 2.770734
v -13.399006 0.199948 3.200004
v -13.376040 -0.199950 3.628726
v -13.376040 0.199948 3.628726
v -13.337755 -0.199950 4.056353
v -13.337755 0.199948 4.056353
v -13.284250 -0.199950 4.482341
v -13.284250 0.199948 4.482341
v -13.215582 -0.199950 4.906153
v -13.215582 0.199948 4.906153
v -13.131826 -0.199950 5.327241
v -13.131826 0.199948 5.327241
v -13.033080 -0.199950 5.745071
v -13.033080 0.199948 5.745071
v -12.919497 -0.199950 6.159110
v -12.919497 0.199948 6.159110
v -12.791213 -0.199950 6.568830
v -12.791213 0.199948 6.568830
v -12.648378 -0.199950 6.973711
v -12.648378 0.199948 6.973711
v -12.491169 -0.199950 7.373235
v -12.491169 0.199948 7.373235
v -12.319815 -0.199950 7.766898
v -12.319815 0.199948 7.766898
v -12.134527 -0.199950 8.154189
v -12.134527 0.199948 8.154189
v -11.935536 -0.199950 8.534624
v -11.935536 0.199948 8.534624
v -11.723073 -0.199950 8.907713
v -11.723073 0.199948 8.907713
v -11.497445 -0.199950 9.272980
v -11.497445 0.199948 9.272980
v -11.258921 -0.199950 9.629959
v -11.258921 0.199948 9.629959
v -11.007790 -0.199950 9.978198
v -11.007790 0.199948 9.978198
v -10.744415 -0.199950 10.317255
v -10.744415 0.199948 10.317255
v -10.469088 -0.199950 10.646693
v -10.469088 0.199948 10.646693
v -10.182190 -0.199950 10.966094
v -10.182190 0.199948 10.966094
v -9.884069 -0.199950 11.275050
v -9.884069 0.199948 11.275050
v -9.575109 -0.199950 11.573172
v -9.575109 0.199948 11.573172
v -9.255712 -0.199950 11.860074
v -9.255712 0.199948 11.860074
v -8.926264 -0.199950 12.135392
v -8.926264 0.199948 12.135392
v -8.587226 -0.199950 12.398780
v -8.587226 0.199948 12.398780
v -8.238982 -0.199950 12.649898
v -8.238982 0.199948 12.649898
v -7.881994 -0.199950 12.888421
v -7.881994 0.199948 12.888421
v -7.516723 0.199948 13.114058
v -7.516723 -0.199950 13.114058
v -7.143648 0.199948 13.326508
v -7.143648 -0.199950 13.326508
v -6.763213 -0.199950 13.525508
v -6.763213 0.199948 13.525508
v -6.375916 -0.199950 13.710806
v -6.375916 0.199948 13.710806
v -5.982259 -0.199950 13.882160
v -5.982259 0.199948 13.882160
v -5.582740 -0.199950 14.039355
v -5.582740 0.199948 14.039355
v -5.177858 -0.199950 14.182189
v -5.177858 0.199948 14.182189
v -4.768134 -0.199950 14.310479
v -4.768134 0.199948 14.310479
v -4.354085 -0.199950 14.424067
v -4.354085 0.199948 14.424067
v -3.936250 -0.199950 14.522802
v -3.936250 0.199948 14.522802
v -3.515167 -0.199950 14.606563
v -3.515167 0.199948 14.606563
v -3.091355 -0.199950 14.675237
v -3.091355 0.199948 14.675237
v -2.665372 -0.199950 14.728746
v -2.665372 0.199948 14.728746
v -2.237735 -0.199950 14.767011
v -2.237735 0.199948 14.767011
v -1.809023 -0.199950 14.789991
v -1.809023 0.199948 14.789991
v -13.406673 -0.199950 -2.770762
v -13.406673 0.199948 -2.770762
v -1.379753 -0.199950 -14.797684
v -1.809023 -0.199950 -14.790015
v -1.379753 0.199948 -14.797684
v -1.809023 0.199948 -14.790015
v -2.237735 -0.199950 -14.767039
v -2.237735 0.199948 -14.767039
v -2.665372 -0.199950 -14.728775
v -2.665372 0.199948 -14.728775
v -3.091355 -0.199950 -14.675261
v -3.091355 0.199948 -14.675261
v -3.515167 -0.199950 -14.606592
v -3.515167 0.199948 -14.606592
v -3.936250 -0.199950 -14.522827
v -3.936250 0.199948 -14.522827
v -4.354085 -0.199950 -14.424090
v -4.354085 0.199948 -14.424090
v -4.768134 -0.199950 -14.310508
v -4.768134 0.199948 -14.310508
v -5.177858 -0.199950 -14.182213
v -5.177858 0.199948 -14.182213
v -5.582740 -0.199950 -14.039379
v -5.582740 0.199948 -14.039379
v -5.982259 -0.199950 -13.882189
v -5.982259 0.199948 -13.882189
v -6.375916 -0.199950 -13.710835
v -6.375916 0.199948 -13.710835
v -6.763213 -0.199950 -13.525537
v -6.763213 0.199948 -13.525537
v -7.143648 -0.199950 -13.326536
v -7.143648 0.199948 -13.326536
v -7.516723 -0.199950 -13.114082
v -7.516723 0.199948 -13.114082
v -7.881994 -0.199950 -12.888454
v -7.881994 0.199948 -12.888454
v -8.238982 -0.199950 -12.649921
v -8.238982 0.199948 -12.649921
v -8.587226 -0.199950 -12.398808
v -8.587226 0.199948 -12.398808
v -8.926264 -0.199950 -12.135426
v -8.926264 0.199948 -12.135426
v -9.255712 -0.199950 -11.860098
v -9.255712 0.199948 -11.860098
v -9.575109 -0.199950 -11.573200
v -9.575109 0.199948 -11.573200
v -9.884069 -0.199950 -11.275079
v -9.884069 0.199948 -11.275079
v -10.182190 -0.199950 -10.966118
v -10.182190 0.199948 -10.966118
v -10.469088 -0.199950 -10.646722
v -10.469088 0.199948 -10.646722
v -10.744415 -0.199950 -10.317284
v -10.744415 0.199948 -10.317284
v -11.007790 -0.199950 -9.978227
v -11.007790 0.199948 -9.978227
v -11.258921 -0.199950 -9.629983
v -11.258921 0.199948 -9.629983
v -11.497445 -0.199950 -9.273004
v -11.497445 0.199948 -9.273004
v -11.723073 0.199948 -8.907743
v -11.723073 -0.199950 -8.907743
v -11.935536 0.199948 -8.534649
v -11.935536 -0.199950 -8.534649
v -12.134527 -0.199950 -8.154213
v -12.134527 0.199948 -8.154213
v -12.319815 -0.199950 -7.766927
v -12.319815 0.199948 -7.766927
v -12.491169 -0.199950 -7.373269
v -12.491169 0.199948 -7.373269
v -12.648378 -0.199950 -6.973740
v -12.648378 0.199948 -6.973740
v -12.791213 -0.199950 -6.568859
v -12.791213 0.199948 -6.568859
v -12.919497 -0.199950 -6.159134
v -12.919497 0.199948 -6.159134
v -13.033080 -0.199950 -5.745095
v -13.033080 0.199948 -5.745095
v -13.131826 -0.199950 -5.327270
v -13.131826 0.199948 -5.327270
v -13.215582 -0.199950 -4.906177
v -13.215582 0.199948 -4.906177
v -13.284250 -0.199950 -4.482375
v -13.284250 0.199948 -4.482375
v -13.337755 -0.199950 -4.056382
v -13.337755 0.199948 -4.056382
v -13.376040 -0.199950 -3.628750
v -13.376040 0.199948 -3.628750
v -13.399006 -0.199950 -3.200028
v -13.399006 0.199948 -3.200028
v 1.379541 -0.199950 -14.797684
v 1.379541 0.199948 -14.797684
v 13.406463 -0.199950 -2.770762
v 13.398794 -0.199950 -3.200028
v 13.406463 0.199948 -2.770762
v 13.398794 0.199948 -3.200028
v 13.375828 -0.199950 -3.628750
v 13.375828 0.199948 -3.628750
v 13.337544 -0.199950 -4.056382
v 13.337544 0.199948 -4.056382
v 13.284039 -0.199950 -4.482375
v 13.284039 0.199948 -4.482375
v 13.215370 -0.199950 -4.906177
v 13.215370 0.199948 -4.906177
v 13.131615 -0.199950 -5.327270
v 13.131615 0.199948 -5.327270
v 13.032869 -0.199950 -5.745095
v 13.032869 0.199948 -5.745095
v 12.919287 -0.199950 -6.159134
v 12.919287 0.199948 -6.159134
v 12.791001 -0.199950 -6.568859
v 12.791001 0.199948 -6.568859
v 12.648168 -0.199950 -6.973740
v 12.648168 0.199948 -6.973740
v 12.490958 -0.199950 -7.373269
v 12.490958 0.199948 -7.373269
v 12.319604 -0.199950 -7.766927
v 12.319604 0.199948 -7.766927
v 12.134315 -0.199950 -8.154213
v 12.134315 0.199948 -8.154213
v 11.935325 -0.199950 -8.534649
v 11.935325 0.199948 -8.534649
v 11.722861 -0.199950 -8.907743
v 11.722861 0.199948 -8.907743
v 11.497233 -0.199950 -9.273004
v 11.497233 0.199948 -9.273004
v 11.258709 -0.199950 -9.629983
v 11.258709 0.199948 -9.629983
v 11.007578 -0.199950 -9.978227
v 11.007578 0.199948 -9.978227
v 10.744205 -0.199950 -10.317284
v 10.744205 0.199948 -10.317284
v 10.468877 -0.199950 -10.646722
v 10.468877 0.199948 -10.646722
v 10.181979 -0.199950 -10.966118
v 10.181979 0.199948 -10.966118
v 9.883858 -0.199950 -11.275079
v 9.883858 0.199948 -11.275079
v 9.574897 -0.199950 -11.573200
v 9.574897 0.199948 -11.573200
v 9.255501 -0.199950 -11.860098
v 9.255501 0.199948 -11.860098
v 8.926053 -0.199950 -12.135426
v 8.926053 0.199948 -12.135426
v 8.587015 -0.199950 -12.398808
v 8.587015 0.199948 -12.398808
v 8.238771 -0.199950 -12.649921
v 8.238771 0.199948 -12.649921
v 7.881783 -0.199950 -12.888454
v 7.881783 0.199948 -12.888454
v 7.516511 0.199948 -13.114082
v 7.516511 -0.199950 -13.114082
v 7.143437 0.199948 -13.326536
v 7.143437 -0.199950 -13.326536
v 6.763001 -0.199950 -13.525537
v 6.763001 0.199948 -13.525537
v 6.375705 -0.199950 -13.710835
v 6.375705 0.199948 -13.710835
v 5.982048 -0.199950 -13.882189
v 5.982048 0.199948 -13.882189
v 5.582528 -0.199950 -14.039379
v 5.582528 0.199948 -14.039379
v 5.177647 -0.199950 -14.182213
v 5.177647 0.199948 -14.182213
v 4.767922 -0.199950 -14.310508
v 4.767922 0.199948 -14.310508
v 4.353873 -0.199950 -14.424090
v 4.353873 0.199948 -14.424090
v 3.936038 -0.199950 -14.522827
v 3.936038 0.199948 -14.522827
v 3.514956 -0.199950 -14.606592
v 3.514956 0.199948 -14.606592
v 3.091144 -0.199950 -14.675261
v 3.091144 0.199948 -14.675261
v 2.665160 -0.199950 -14.728775
v 2.665160 0.199948 -14.728775
v 2.237524 -0.199950 -14.767039
v 2.237524 0.199948 -14.767039
v 1.808811 -0.199950 -14.790015
v 1.808811 0.199948 -14.790015
v 13.406463 -0.199950 2.770734
v 13.406463 0.199948 2.770734
v 1.808811 -0.199950 14.789991
v 1.808811 0.199948 14.789991
v 2.237524 -0.199950 14.767011
v 2.237524 0.199948 14.767011
v 2.665160 -0.199950 14.728746
v 2.665160 0.199948 14.728746
v 3.091144 -0.199950 14.675237
v 3.091144 0.199948 14.675237
v 3.514956 -0.199950 14.606563
v 3.514956 0.199948 14.606563
v 3.936038 -0.199950 14.522802
v 3.936038 0.199948 14.522802
v 4.353873 -0.199950 14.424067
v 4.353873 0.199948 14.424067
v 4.767922 -0.199950 14.310479
v 4.767922 0.199948 14.310479
v 5.177647 -0.199950 14.182189
v 5.177647 0.199948 14.182189
v 5.582528 -0.199950 14.039355
v 5.582528 0.199948 14.039355
v 5.982048 -0.199950 13.882160
v 5.982048 0.199948 13.882160
v 6.375705 -0.199950 13.710806
v 6.375705 0.199948 13.710806
v 6.763001 -0.199950 13.525508
v 6.763001 0.199948 13.525508
v 7.143437 -0.199950 13.326508
v 7.143437 0.199948 13.326508
v 7.516511 -0.199950 13.114058
v 7.516511 0.199948 13.114058
v 7.881783 -0.199950 12.888421
v 7.881783 0.199948 12.888421
v 8.238771 -0.199950 12.649898
v 8.238771 0.199948 12.649898
v 8.587015 -0.199950 12.398780
v 8.587015 0.199948 12.398780
v 8.926053 -0.199950 12.135392
v 8.926053 0.199948 12.135392
v 9.255501 -0.199950 11.860074
v 9.255501 0.199948 11.860074
v 9.574897 -0.199950 11.573172
v 9.574897 0.199948 11.573172
v 9.883858 -0.199950 11.275050
v 9.883858 0.199948 11.275050
v 10.181979 -0.199950 10.966094
v 10.181979 0.199948 10.966094
v 10.468877 -0.199950 10.646693
v 10.468877 0.199948 10.646693
v 10.744205 -0.199950 10.317255
v 10.744205 0.199948 10.317255
v 11.007578 -0.199950 9.978198
v 11.007578 0.199948 9.978198
v 11.258709 -0.199950 9.629959
v 11.258709 0.199948 9.629959
v 11.497233 -0.199950 9.272980
v 11.497233 0.199948 9.272980
v 11.722861 0.199948 8.907713
v 11.722861 -0.199950 8.907713
v 11.935325 0.199948 8.534624
v 11.935325 -0.199950 8.534624
v 12.134315 -0.199950 8.154189
v 12.134315 0.199948 8.154189
v 12.319604 -0.199950 7.766898
v 12.319604 0.199948 7.766898
v 12.490958 -0.199950 7.373235
v 12.490958 0.199948 7.373235
v 12.648168 -0.199950 6.973711
v 12.648168 0.199948 6.973711
v 12.791001 -0.199950 6.568830
v 12.791001 0.199948 6.568830
v 12.919287 -0.199950 6.159110
v 12.919287 0.199948 6.159110
v 13.032869 -0.199950 5.745071
v 13.032869 0.199948 5.745071
v 13.131615 -0.199950 5.327241
v 13.131615 0.199948 5.327241
v 13.215370 -0.199950 4.906153
v 13.215370 0.199948 4.906153
v 13.284039 -0.199950 4.482341
v 13.284039 0.199948 4.482341
v 13.337544 -0.199950 4.056353
v 13.337544 0.199948 4.056353
v 13.375828 -0.199950 3.628726
v 13.375828 0.199948 3.628726
v 13.398794 -0.199950 3.200004
v 13.398794 0.199948 3.200004
vn -0.0245 0.0000 -0.9997
vn -0.0733 0.0000 -0.9973
vn -0.1220 0.0000 -0.9925
vn -0.1704 0.0000 -0.9854
vn -0.2184 0.0000 -0.9759
vn -0.2659 0.0000 -0.9640
vn -0.3127 0.0000 -0.9499
vn -0.3588 0.0000 -0.9334
vn -0.4040 0.0000 -0.9148
vn -0.4483 0.0000 -0.8939
vn -0.4915 0.0000 -0.8709
vn -0.5335 0.0000 -0.8458
vn -0.5742 0.0000 -0.8187
vn -0.6136 0.0000 -0.7896
vn -0.6515 0.0000 -0.7587
vn -0.6878 0.0000 -0.7259
vn 0.0000 0.0000 -1.0000
vn 0.6878 0.0000 -0.7259
vn 0.6515 0.0000 -0.7587
vn 0.6136 0.0000 -0.7896
vn 0.5742 0.0000 -0.8187
vn 0.5335 0.0000 -0.8458
vn 0.4915 0.0000 -0.8709
vn 0.4483 0.0000 -0.8939
vn 0.4040 0.0000 -0.9148
vn 0.3588 0.0000 -0.9334
vn 0.3127 0.0000 -0.9499
vn 0.2659 0.0000 -0.9640
vn 0.2184 0.0000 -0.9759
vn 0.1704 0.0000 -0.9854
vn 0.1220 0.0000 -0.9925
vn 0.0733 0.0000 -0.9973
vn 0.0245 0.0000 -0.9997
vn -0.7071 0.0000 -0.7071
vn -0.0178 0.0000 0.9998
vn -0.0534 0.0000 0.9986
vn -0.0890 0.0000 0.9960
vn -0.1244 0.0000 0.9922
vn -0.1597 0.0000 0.9872
vn -0.1948 0.0000 0.9808
vn -0.2296 0.0000 0.9733
vn -0.2642 0.0000 0.9645
vn -0.2984 0.0000 0.9545
vn -0.3322 0.0000 0.9432
vn -0.3656 0.0000 0.9308
vn -0.3985 0.0000 0.9172
vn -0.4309 0.0000 0.9024
vn -0.4628 0.0000 0.8864
vn -0.4941 0.0000 0.8694
vn -0.5248 0.0000 0.8512
vn -0.5548 0.0000 0.8320
vn -0.5841 0.0000 0.8117
vn -0.6127 0.0000 0.7904
vn -0.6404 0.0000 0.7680
vn -0.6674 0.0000 0.7447
vn -0.6935 0.0000 0.7205
vn 0.0000 0.0000 1.0000
vn 0.6935 0.0000 0.7205
vn 0.6674 0.0000 0.7447
vn 0.6404 0.0000 0.7680
vn 0.6127 0.0000 0.7903
vn 0.6127 0.0000 0.7904
vn 0.5841 0.0000 0.8117
vn 0.5548 0.0000 0.8320
vn 0.5248 0.0000 0.8512
vn 0.4941 0.0000 0.8694
vn 0.4628 0.0000 0.8864
vn 0.4309 0.0000 0.9024
vn 0.3985 0.0000 0.9172
vn 0.3656 0.0000 0.9308
vn 0.3322 0.0000 0.9432
vn 0.2984 0.0000 0.9545
vn 0.2642 0.0000 0.9645
vn 0.2296 0.0000 0.9733
vn 0.1948 0.0000 0.9808
vn 0.1597 0.0000 0.9872
vn 0.1244 0.0000 0.9922
vn 0.0890 0.0000 0.9960
vn 0.0534 0.0000 0.9986
vn 0.0178 0.0000 0.9998
vn 0.7071 0.0000 -0.7071
vn -0.0550 0.0000 0.9985
vn -0.1644 0.0000 0.9864
vn -0.2717 0.0000 0.9624
vn -0.3758 0.0000 0.9267
vn -0.4753 0.0000 0.8798
vn -0.5690 0.0000 0.8224
vn -0.6559 0.0000 0.7548
vn 0.6559 0.0000 0.7548
vn 0.5690 0.0000 0.8224
vn 0.4753 0.0000 0.8798
vn 0.3758 0.0000 0.9267
vn 0.2717 0.0000 0.9624
vn 0.1644 0.0000 0.9864
vn 0.0550 0.0000 0.9985
vn -0.9985 0.0000 -0.0550
vn -0.9864 0.0000 -0.1643
vn -0.9624 0.0000 -0.2718
vn -0.9267 0.0000 -0.3757
vn -0.8799 0.0000 -0.4752
vn -0.8223 0.0000 -0.5690
vn -0.7549 0.0000 -0.6559
vn -1.0000 0.0000 0.0000
vn -0.7549 0.0000 0.6559
vn -0.8223 0.0000 0.5690
vn -0.8799 0.0000 0.4752
vn -0.9267 0.0000 0.3757
vn -0.9624 0.0000 0.2717
vn -0.9864 0.0000 0.1643
vn -0.9985 0.0000 0.0550
vn 0.7071 0.0000 0.7071
vn 1.0000 0.0000 0.0000
vn -0.6559 0.0000 -0.7548
vn -0.5690 0.0000 -0.8224
vn -0.4753 0.0000 -0.8798
vn -0.3757 0.0000 -0.9267
vn -0.2717 0.0000 -0.9624
vn -0.1644 0.0000 -0.9864
vn -0.0550 0.0000 -0.9985
vn -0.7071 0.0000 0.7071
vn 0.0550 0.0000 -0.9985
vn 0.1644 0.0000 -0.9864
vn 0.2717 0.0000 -0.9624
vn 0.3757 0.0000 -0.9267
vn 0.4753 0.0000 -0.8798
vn 0.5690 0.0000 -0.8224
vn 0.6559 0.0000 -0.7548
vn -0.9998 0.0000 -0.0178
vn -0.9986 0.0000 -0.0534
vn -0.9960 0.0000 -0.0890
vn -0.9922 0.0000 -0.1244
vn -0.9872 0.0000 -0.1597
vn -0.9808 0.0000 -0.1948
vn -0.9733 0.0000 -0.2296
vn -0.9645 0.0000 -0.2641
vn -0.9545 0.0000 -0.2984
vn -0.9432 0.0000 -0.3322
vn -0.9308 0.0000 -0.3656
vn -0.9172 0.0000 -0.3985
vn -0.9024 0.0000 -0.4310
vn -0.8865 0.0000 -0.4628
vn -0.8694 0.0000 -0.4941
vn -0.8512 0.0000 -0.5248
vn -0.8320 0.0000 -0.5548
vn -0.8117 0.0000 -0.5841
vn -0.7904 0.0000 -0.6126
vn -0.7680 0.0000 -0.6404
vn -0.7447 0.0000 -0.6674
vn -0.7205 0.0000 -0.6935
vn -0.7205 0.0000 0.6935
vn -0.7447 0.0000 0.6674
vn -0.7680 0.0000 0.6404
vn -0.7904 0.0000 0.6126
vn -0.8117 0.0000 0.5841
vn -0.8320 0.0000 0.5548
vn -0.8512 0.0000 0.5248
vn -0.8694 0.0000 0.4941
vn -0.8865 0.0000 0.4628
vn -0.9024 0.0000 0.4310
vn -0.9172 0.0000 0.3985
vn -0.9308 0.0000 0.3656
vn -0.9432 0.0000 0.3322
vn -0.9545 0.0000 0.2984
vn -0.9645 0.0000 0.2641
vn -0.9733 0.0000 0.2296
vn -0.9808 0.0000 0.1948
vn -0.9872 0.0000 0.1597
vn -0.9922 0.0000 0.1244
vn -0.9960 0.0000 0.0890
vn -0.9986 0.0000 0.0534
vn -0.9998 0.0000 0.0178
vn 0.9997 0.0000 -0.0245
vn 0.9973 0.0000 -0.0733
vn 0.9925 0.0000 -0.1220
vn 0.9854 0.0000 -0.1704
vn 0.9758 0.0000 -0.2185
vn 0.9640 0.0000 -0.2659
vn 0.9498 0.0000 -0.3128
vn 0.9334 0.0000 -0.3588
vn 0.9147 0.0000 -0.4040
vn 0.9147 0.0000 -0.4041
vn 0.8939 0.0000 -0.4483
vn 0.8709 0.0000 -0.4915
vn 0.8458 0.0000 -0.5335
vn 0.8187 0.0000 -0.5742
vn 0.7896 0.0000 -0.6136
vn 0.7587 0.0000 -0.6515
vn 0.7259 0.0000 -0.6878
vn 0.7259 0.0000 0.6878
vn 0.7587 0.0000 0.6515
vn 0.7896 0.0000 0.6136
vn 0.8187 0.0000 0.5742
vn 0.8458 0.0000 0.5335
vn 0.8709 0.0000 0.4915
vn 0.8939 0.0000 0.4483
vn 0.9147 0.0000 0.4040
vn 0.9334 0.0000 0.3588
vn 0.9498 0.0000 0.3128
vn 0.9640 0.0000 0.2658
vn 0.9758 0.0000 0.2185
vn 0.9854 0.0000 0.1704
vn 0.9925 0.0000 0.1220
vn 0.9973 0.0000 0.0733
vn 0.9997 0.0000 0.0245
vn -0.9997 0.0000 0.0245
vn -0.9973 0.0000 0.0733
vn -0.9925 0.0000 0.1220
vn -0.9854 0.0000 0.1704
vn -0.9758 0.0000 0.2185
vn -0.9640 0.0000 0.2658
vn -0.9498 0.0000 0.3128
vn -0.9334 0.0000 0.3588
vn -0.9147 0.0000 0.4040
vn -0.8939 0.0000 0.4483
vn -0.8709 0.0000 0.4915
vn -0.8458 0.0000 0.5335
vn -0.8187 0.0000 0.5742
vn -0.7896 0.0000 0.6136
vn -0.7587 0.0000 0.6515
vn -0.7259 0.0000 0.6878
vn -0.7259 0.0000 -0.6878
vn -0.7587 0.0000 -0.6515
vn -0.7896 0.0000 -0.6136
vn -0.8187 0.0000 -0.5742
vn -0.8458 0.0000 -0.5335
vn -0.8709 0.0000 -0.4915
vn -0.8939 0.0000 -0.4483
vn -0.9147 0.0000 -0.4041
vn -0.9147 0.0000 -0.4040
vn -0.9334 0.0000 -0.3588
vn -0.9498 0.0000 -0.3128
vn -0.9640 0.0000 -0.2659
vn -0.9758 0.0000 -0.2185
vn -0.9854 0.0000 -0.1704
vn -0.9925 0.0000 -0.1220
vn -0.9973 0.0000 -0.0733
vn -0.9997 0.0000 -0.0245
vn 0.9998 0.0000 0.0178
vn 0.9986 0.0000 0.0534
vn 0.9960 0.0000 0.0890
vn 0.9922 0.0000 0.1244
vn 0.9872 0.0000 0.1597
vn 0.9808 0.0000 0.1948
vn 0.9733 0.0000 0.2296
vn 0.9645 0.0000 0.2641
vn 0.9545 0.0000 0.2984
vn 0.9432 0.0000 0.3322
vn 0.9308 0.0000 0.3656
vn 0.9172 0.0000 0.3985
vn 0.9024 0.0000 0.4310
vn 0.9024 0.0000 0.4309
vn 0.8865 0.0000 0.4628
vn 0.8694 0.0000 0.4941
vn 0.8512 0.0000 0.5248
vn 0.8320 0.0000 0.5548
vn 0.8117 0.0000 0.5841
vn 0.7903 0.0000 0.6127
vn 0.7680 0.0000 0.6404
vn 0.7447 0.0000 0.6674
vn 0.7205 0.0000 0.6935
vn 0.7205 0.0000 -0.6935
vn 0.7447 0.0000 -0.6674
vn 0.7680 0.0000 -0.6404
vn 0.7903 0.0000 -0.6127
vn 0.8117 0.0000 -0.5841
vn 0.8320 0.0000 -0.5548
vn 0.8512 0.0000 -0.5248
vn 0.8694 0.0000 -0.4941
vn 0.8865 0.0000 -0.4628
vn 0.9024 0.0000 -0.4309
vn 0.9024 0.0000 -0.4310
vn 0.9172 0.0000 -0.3985
vn 0.9308 0.0000 -0.3656
vn 0.9432 0.0000 -0.3322
vn 0.9545 0.0000 -0.2984
vn 0.9645 0.0000 -0.2641
vn 0.9733 0.0000 -0.2296
vn 0.9808 0.0000 -0.1948
vn 0.9872 0.0000 -0.1597
vn 0.9922 0.0000 -0.1244
vn 0.9960 0.0000 -0.0890
vn 0.9986 0.0000 -0.0534
vn 0.9998 0.0000 -0.0178
vn -0.6935 0.0000 -0.7205
vn -0.6674 0.0000 -0.7447
vn -0.6404 0.0000 -0.7680
vn -0.6126 0.0000 -0.7904
vn -0.5841 0.0000 -0.8117
vn -0.5548 0.0000 -0.8320
vn -0.5248 0.0000 -0.8512
vn -0.4941 0.0000 -0.8694
vn -0.4628 0.0000 -0.8865
vn -0.4309 0.0000 -0.9024
vn -0.3985 0.0000 -0.9172
vn -0.3656 0.0000 -0.9308
vn -0.3322 0.0000 -0.9432
vn -0.2983 0.0000 -0.9545
vn -0.2984 0.0000 -0.9545
vn -0.2642 0.0000 -0.9645
vn -0.2296 0.0000 -0.9733
vn -0.1948 0.0000 -0.9808
vn -0.1597 0.0000 -0.9872
vn -0.1244 0.0000 -0.9922
vn -0.0890 0.0000 -0.9960
vn -0.0534 0.0000 -0.9986
vn -0.0178 0.0000 -0.9998
vn 0.0245 0.0000 0.9997
vn 0.0733 0.0000 0.9973
vn 0.1220 0.0000 0.9925
vn 0.1704 0.0000 0.9854
vn 0.2184 0.0000 0.9759
vn 0.2659 0.0000 0.9640
vn 0.3127 0.0000 0.9499
vn 0.3588 0.0000 0.9334
vn 0.4040 0.0000 0.9147
vn 0.4483 0.0000 0.8939
vn 0.4915 0.0000 0.8709
vn 0.5335 0.0000 0.8458
vn 0.5742 0.0000 0.8187
vn 0.6136 0.0000 0.7896
vn 0.6515 0.0000 0.7587
vn 0.6878 0.0000 0.7259
vn -0.6878 0.0000 0.7259
vn -0.6515 0.0000 0.7587
vn -0.6136 0.0000 0.7896
vn -0.5742 0.0000 0.8187
vn -0.5335 0.0000 0.8458
vn -0.4915 0.0000 0.8709
vn -0.4483 0.0000 0.8939
vn -0.4040 0.0000 0.9147
vn -0.3588 0.0000 0.9334
vn -0.3127 0.0000 0.9499
vn -0.2659 0.0000 0.9640
vn -0.2184 0.0000 0.9759
vn -0.1704 0.0000 0.9854
vn -0.1220 0.0000 0.9925
vn -0.0733 0.0000 0.9973
vn -0.0245 0.0000 0.9997
vn 0.0178 0.0000 -0.9998
vn 0.0534 0.0000 -0.9986
vn 0.0890 0.0000 -0.9960
vn 0.1244 0.0000 -0.9922
vn 0.1597 0.0000 -0.9872
vn 0.1948 0.0000 -0.9808
vn 0.2296 0.0000 -0.9733
vn 0.2642 0.0000 -0.9645
vn 0.2984 0.0000 -0.9545
vn 0.2983 0.0000 -0.9545
vn 0.3322 0.0000 -0.9432
vn 0.3656 0.0000 -0.9308
vn 0.3985 0.0000 -0.9172
vn 0.4309 0.0000 -0.9024
vn 0.4628 0.0000 -0.8865
vn 0.4941 0.0000 -0.8694
vn 0.5248 0.0000 -0.8512
vn 0.5548 0.0000 -0.8320
vn 0.5841 0.0000 -0.8117
vn 0.6126 0.0000 -0.7904
vn 0.6404 0.0000 -0.7680
vn 0.6674 0.0000 -0.7447
vn 0.6935 0.0000 -0.7205
vn -0.6136 0.0000 -0.7897
vn -0.3127 0.0000 -0.9498
vn 0.2718 0.0000 0.9623
vn 0.3759 0.0000 0.9267
vn 0.4755 0.0000 0.8797
vn 0.5693 0.0000 0.8221
vn 0.6562 0.0000 0.7546
vn -0.6562 0.0000 0.7546
vn -0.5693 0.0000 0.8221
vn -0.4755 0.0000 0.8797
vn -0.3759 0.0000 0.9267
vn -0.2718 0.0000 0.9623
vn 0.3127 0.0000 -0.9498
vn 0.6136 0.0000 -0.7897
vn -0.9985 0.0000 0.0551
vn -0.9623 0.0000 0.2718
vn -0.9266 0.0000 0.3759
vn -0.8797 0.0000 0.4756
vn -0.8222 0.0000 0.5693
vn -0.7545 0.0000 0.6562
vn -0.7546 0.0000 0.6562
vn -0.7546 0.0000 -0.6562
vn -0.8222 0.0000 -0.5693
vn -0.8796 0.0000 -0.4756
vn -0.9266 0.0000 -0.3759
vn -0.9623 0.0000 -0.2718
vn -0.9985 0.0000 -0.0551
vn 0.9997 0.0000 0.0244
vn 0.9925 0.0000 0.1221
vn 0.9759 0.0000 0.2184
vn 0.9640 0.0000 0.2659
vn 0.9499 0.0000 0.3127
vn 0.7897 0.0000 0.6135
vn 0.7587 0.0000 -0.6514
vn 0.7897 0.0000 -0.6135
vn 0.9499 0.0000 -0.3127
vn 0.9759 0.0000 -0.2184
vn 0.9925 0.0000 -0.1221
vn 0.9997 0.0000 -0.0244
vn -0.9997 0.0000 -0.0244
vn -0.9925 0.0000 -0.1221
vn -0.9759 0.0000 -0.2184
vn -0.9499 0.0000 -0.3127
vn -0.7897 0.0000 -0.6135
vn -0.7587 0.0000 -0.6514
vn -0.7897 0.0000 0.6135
vn -0.9499 0.0000 0.3127
vn -0.9640 0.0000 0.2659
vn -0.9759 0.0000 0.2184
vn -0.9925 0.0000 0.1221
vn -0.9997 0.0000 0.0244
vn 0.9985 0.0000 -0.0551
vn 0.9864 0.0000 -0.1643
vn 0.9623 0.0000 -0.2718
vn 0.9266 0.0000 -0.3761
vn 0.8797 0.0000 -0.4755
vn 0.8222 0.0000 -0.5693
vn 0.7546 0.0000 -0.6562
vn 0.7546 0.0000 0.6562
vn 0.7545 0.0000 0.6562
vn 0.8222 0.0000 0.5693
vn 0.8797 0.0000 0.4755
vn 0.9266 0.0000 0.3761
vn 0.9623 0.0000 0.2718
vn 0.9864 0.0000 0.1643
vn 0.9985 0.0000 0.0551
vn 0.9985 0.0000 0.0550
vn 0.9624 0.0000 0.2717
vn 0.9267 0.0000 0.3757
vn 0.8799 0.0000 0.4752
vn 0.8223 0.0000 0.5690
vn 0.7549 0.0000 0.6559
vn 0.7549 0.0000 -0.6559
vn 0.8223 0.0000 -0.5690
vn 0.8799 0.0000 -0.4752
vn 0.9267 0.0000 -0.3757
vn 0.9624 0.0000 -0.2718
vn 0.9985 0.0000 -0.0550
vn -0.2718 0.0000 -0.9623
vn -0.3759 0.0000 -0.9267
vn -0.4755 0.0000 -0.8797
vn -0.5693 0.0000 -0.8221
vn -0.6562 0.0000 -0.7546
vn 0.6562 0.0000 -0.7546
vn 0.5693 0.0000 -0.8221
vn 0.4755 0.0000 -0.8797
vn 0.3759 0.0000 -0.9267
vn 0.2718 0.0000 -0.9623
vn -0.3127 0.0000 0.9498
vn -0.6135 0.0000 0.7897
vn 0.6135 0.0000 0.7897
vn 0.3127 0.0000 0.9498
vn -0.9998 0.0000 0.0179
vn -0.9986 0.0000 0.0535
vn -0.9960 0.0000 0.0892
vn -0.9922 0.0000 0.1246
vn -0.9871 0.0000 0.1599
vn -0.9808 0.0000 0.1951
vn -0.9732 0.0000 0.2300
vn -0.9644 0.0000 0.2646
vn -0.9543 0.0000 0.2988
vn -0.9430 0.0000 0.3327
vn -0.9306 0.0000 0.3662
vn -0.9169 0.0000 0.3991
vn -0.9021 0.0000 0.4316
vn -0.8861 0.0000 0.4635
vn -0.8690 0.0000 0.4949
vn -0.8508 0.0000 0.5255
vn -0.8315 0.0000 0.5556
vn -0.8111 0.0000 0.5849
vn -0.7673 0.0000 0.6413
vn -0.7439 0.0000 0.6682
vn -0.7196 0.0000 0.6944
vn -0.6944 0.0000 0.7196
vn -0.6683 0.0000 0.7439
vn -0.6682 0.0000 0.7439
vn -0.6413 0.0000 0.7673
vn -0.5849 0.0000 0.8111
vn -0.5556 0.0000 0.8315
vn -0.5255 0.0000 0.8508
vn -0.4948 0.0000 0.8690
vn -0.4635 0.0000 0.8861
vn -0.4316 0.0000 0.9021
vn -0.3991 0.0000 0.9169
vn -0.3661 0.0000 0.9306
vn -0.3327 0.0000 0.9430
vn -0.2988 0.0000 0.9543
vn -0.2646 0.0000 0.9644
vn -0.2300 0.0000 0.9732
vn -0.1951 0.0000 0.9808
vn -0.1600 0.0000 0.9871
vn -0.1599 0.0000 0.9871
vn -0.1246 0.0000 0.9922
vn -0.0891 0.0000 0.9960
vn -0.0535 0.0000 0.9986
vn -0.0179 0.0000 0.9998
vn -0.0179 0.0000 -0.9998
vn -0.0535 0.0000 -0.9986
vn -0.0891 0.0000 -0.9960
vn -0.1246 0.0000 -0.9922
vn -0.1599 0.0000 -0.9871
vn -0.1951 0.0000 -0.9808
vn -0.2300 0.0000 -0.9732
vn -0.2645 0.0000 -0.9644
vn -0.2988 0.0000 -0.9543
vn -0.3327 0.0000 -0.9430
vn -0.3661 0.0000 -0.9306
vn -0.3991 0.0000 -0.9169
vn -0.4316 0.0000 -0.9021
vn -0.4635 0.0000 -0.8861
vn -0.4949 0.0000 -0.8690
vn -0.5255 0.0000 -0.8508
vn -0.5556 0.0000 -0.8315
vn -0.5849 0.0000 -0.8111
vn -0.6135 0.0000 -0.7897
vn -0.6413 0.0000 -0.7673
vn -0.6682 0.0000 -0.7439
vn -0.6944 0.0000 -0.7196
vn -0.7196 0.0000 -0.6944
vn -0.7439 0.0000 -0.6682
vn -0.7673 0.0000 -0.6413
vn -0.8111 0.0000 -0.5849
vn -0.8315 0.0000 -0.5556
vn -0.8508 0.0000 -0.5255
vn -0.8690 0.0000 -0.4949
vn -0.8861 0.0000 -0.4635
vn -0.9021 0.0000 -0.4316
vn -0.9169 0.0000 -0.3991
vn -0.9306 0.0000 -0.3662
vn -0.9430 0.0000 -0.3327
vn -0.9543 0.0000 -0.2988
vn -0.9644 0.0000 -0.2646
vn -0.9732 0.0000 -0.2300
vn -0.9808 0.0000 -0.1951
vn -0.9871 0.0000 -0.1599
vn -0.9922 0.0000 -0.1246
vn -0.9960 0.0000 -0.0892
vn -0.9986 0.0000 -0.0535
vn -0.9998 0.0000 -0.0179
vn 0.9998 0.0000 -0.0179
vn 0.9986 0.0000 -0.0535
vn 0.9960 0.0000 -0.0892
vn 0.9922 0.0000 -0.1246
vn 0.9871 0.0000 -0.1599
vn 0.9808 0.0000 -0.1951
vn 0.9732 0.0000 -0.2300
vn 0.9644 0.0000 -0.2646
vn 0.9543 0.0000 -0.2988
vn 0.9430 0.0000 -0.3327
vn 0.9306 0.0000 -0.3662
vn 0.9169 0.0000 -0.3991
vn 0.9021 0.0000 -0.4316
vn 0.8861 0.0000 -0.4635
vn 0.8690 0.0000 -0.4949
vn 0.8508 0.0000 -0.5255
vn 0.8315 0.0000 -0.5556
vn 0.8111 0.0000 -0.5849
vn 0.7897 0.0000 -0.6134
vn 0.7673 0.0000 -0.6413
vn 0.7439 0.0000 -0.6682
vn 0.7196 0.0000 -0.6944
vn 0.6944 0.0000 -0.7196
vn 0.6682 0.0000 -0.7439
vn 0.6413 0.0000 -0.7673
vn 0.6135 0.0000 -0.7897
vn 0.5849 0.0000 -0.8111
vn 0.5556 0.0000 -0.8315
vn 0.5255 0.0000 -0.8508
vn 0.4949 0.0000 -0.8690
vn 0.4635 0.0000 -0.8861
vn 0.4316 0.0000 -0.9021
vn 0.3991 0.0000 -0.9169
vn 0.3661 0.0000 -0.9306
vn 0.3327 0.0000 -0.9430
vn 0.2988 0.0000 -0.9543
vn 0.2645 0.0000 -0.9644
vn 0.2300 0.0000 -0.9732
vn 0.1951 0.0000 -0.9808
vn 0.1599 0.0000 -0.9871
vn 0.1246 0.0000 -0.9922
vn 0.0891 0.0000 -0.9960
vn 0.0535 0.0000 -0.9986
vn 0.0179 0.0000 -0.9998
vn 0.0179 0.0000 0.9998
vn 0.0535 0.0000 0.9986
vn 0.0891 0.0000 0.9960
vn 0.1246 0.0000 0.9922
vn 0.1599 0.0000 0.9871
vn 0.1600 0.0000 0.9871
vn 0.1951 0.0000 0.9808
vn 0.2300 0.0000 0.9732
vn 0.2646 0.0000 0.9644
vn 0.2988 0.0000 0.9543
vn 0.3327 0.0000 0.9430
vn 0.3661 0.0000 0.9306
vn 0.3991 0.0000 0.9169
vn 0.4316 0.0000 0.9021
vn 0.4635 0.0000 0.8861
vn 0.4948 0.0000 0.8690
vn 0.5255 0.0000 0.8508
vn 0.5556 0.0000 0.8315
vn 0.5849 0.0000 0.8111
vn 0.6413 0.0000 0.7673
vn 0.6682 0.0000 0.7439
vn 0.6683 0.0000 0.7439
vn 0.6944 0.0000 0.7196
vn 0.7196 0.0000 0.6944
vn 0.7439 0.0000 0.6682
vn 0.7673 0.0000 0.6413
vn 0.8111 0.0000 0.5849
vn 0.8315 0.0000 0.5556
vn 0.8508 0.0000 0.5255
vn 0.8690 0.0000 0.4949
vn 0.8861 0.0000 0.4635
vn 0.9021 0.0000 0.4316
vn 0.9169 0.0000 0.3991
vn 0.9306 0.0000 0.3662
vn 0.9430 0.0000 0.3327
vn 0.9543 0.0000 0.2988
vn 0.9644 0.0000 0.2646
vn 0.9732 0.0000 0.2300
vn 0.9808 0.0000 0.1951
vn 0.9871 0.0000 0.1599
vn 0.9922 0.0000 0.1246
vn 0.9960 0.0000 0.0892
vn 0.9986 0.0000 0.0535
vn 0.9998 0.0000 0.0179
vn 0.0000 1.0000 -0.0000
vn 0.0000 -1.0000 0.0000
usemtl None
s off
f 1//1 2//1 3//1
f 3//1 2//1 4//1
f 3//2 4//2 5//2
f 3//2 5//2 6//2
f 6//3 5//3 7//3
f 6//3 7//3 8//3
f 8//4 7//4 9//4
f 8//4 9//4 10//4
f 10//5 9//5 11//5
f 10//5 11//5 12//5
f 12//6 11//6 13//6
f 12//6 13//6 14//6
f 14//7 13//7 15//7
f 14//7 15//7 16//7
f 16//8 15//8 17//8
f 16//8 17//8 18//8
f 18//9 17//9 19//9
f 18//9 19//9 20//9
f 20//10 19//10 21//10
f 20//10 21//10 22//10
f 22//11 21//11 23//11
f 22//11 23//11 24//11
f 24//12 23//12 25//12
f 24//12 25//12 26//12
f 26//13 25//13 27//13
f 26//13 27//13 28//13
f 28//14 27//14 29//14
f 28//14 29//14 30//14
f 30//15 29//15 31//15
f 30//15 31//15 32//15
f 32//16 31//16 33//16
f 32//16 33//16 34//16
f 35//17 2//17 36//17
f 36//17 2//17 1//17
f 37//18 38//18 39//18
f 39//18 38//18 40//18
f 39//19 40//19 41//19
f 39//19 41//19 42//19
f 42//20 41//20 43//20
f 42//20 43//20 44//20
f 44//21 43//21 45//21
f 44//21 45//21 46//21
f 46//22 45//22 47//22
f 46//22 47//22 48//22
f 48//23 47//23 49//23
f 48//23 49//23 50//23
f 50//24 49//24 51//24
f 50//24 51//24 52//24
f 52//25 51//25 53//25
f 52//25 53//25 54//25
f 54//26 53//26 55//26
f 54//26 55//26 56//26
f 56//27 55//27 57//27
f 56//27 57//27 58//27
f 58//28 57//28 59//28
f 58//28 59//28 60//28
f 60//29 59//29 61//29
f 60//29 61//29 62//29
f 62//30 61//30 63//30
f 62//30 63//30 64//30
f 64//31 63//31 65//31
f 64//31 65//31 66//31
f 66//32 65//32 67//32
f 66//32 67//32 68//32
f 68//33 67//33 35//33
f 68//33 35//33 36//33
f 69//34 38//34 70//34
f 70//34 38//34 37//34
f 71//35 72//35 73//35
f 73//35 72//35 74//35
f 74//36 72//36 75//36
f 74//36 75//36 76//36
f 76//37 75//37 77//37
f 76//37 77//37 78//37
f 78//38 77//38 79//38
f 78//38 79//38 80//38
f 80//39 79//39 81//39
f 80//39 81//39 82//39
f 82//40 81//40 83//40
f 82//40 83//40 84//40
f 84//41 83//41 85//41
f 84//41 85//41 86//41
f 86//42 85//42 87//42
f 86//42 87//42 88//42
f 88//43 87//43 89//43
f 88//43 89//43 90//43
f 90//44 89//44 91//44
f 90//44 91//44 92//44
f 92//45 91//45 93//45
f 92//45 93//45 94//45
f 94//46 93//46 95//46
f 94//46 95//46 96//46
f 96//47 95//47 97//47
f 96//47 97//47 98//47
f 98//48 97//48 99//48
f 98//48 99//48 100//48
f 100//49 99//49 101//49
f 100//49 101//49 102//49
f 102//50 101//50 103//50
f 102//50 103//50 104//50
f 104//51 103//51 105//51
f 104//51 105//51 106//51
f 106//52 105//52 107//52
f 106//52 107//52 108//52
f 108//53 107//53 109//53
f 108//53 109//53 110//53
f 110//54 109//54 111//54
f 110//54 111//54 112//54
f 112//55 111//55 113//55
f 112//55 113//55 114//55
f 114//56 113//56 69//56
f 114//56 69//56 70//56
f 115//57 71//57 116//57
f 116//57 71//57 73//57
f 117//58 118//58 119//58
f 119//58 118//58 120//58
f 120//59 118//59 121//59
f 120//59 121//59 122//59
f 122//60 121//60 123//60
f 122//60 123//60 124//60
f 124//61 123//61 125//61
f 124//62 125//62 126//62
f 126//63 125//63 127//63
f 126//63 127//63 128//63
f 128//64 127//64 129//64
f 128//64 129//64 130//64
f 130//65 129//65 131//65
f 130//65 131//65 132//65
f 132//66 131//66 133//66
f 132//66 133//66 134//66
f 134//67 133//67 135//67
f 134//67 135//67 136//67
f 136//68 135//68 137//68
f 136//68 137//68 138//68
f 138//69 137//69 139//69
f 138//69 139//69 140//69
f 140//70 139//70 141//70
f 140//70 141//70 142//70
f 142//71 141//71 143//71
f 142//71 143//71 144//71
f 144//72 143//72 145//72
f 144//72 145//72 146//72
f 146//73 145//73 147//73
f 146//73 147//73 148//73
f 148//74 147//74 149//74
f 148//74 149//74 150//74
f 150//75 149//75 151//75
f 150//75 151//75 152//75
f 152//76 151//76 153//76
f 152//76 153//76 154//76
f 154//77 153//77 155//77
f 154//77 155//77 156//77
f 156//78 155//78 157//78
f 156//78 157//78 158//78
f 158//79 157//79 159//79
f 158//79 159//79 160//79
f 160//80 159//80 115//80
f 160//80 115//80 116//80
f 33//81 117//81 34//81
f 34//81 117//81 119//81
f 161//17 162//17 163//17
f 163//17 162//17 164//17
f 165//34 161//34 166//34
f 166//34 161//34 163//34
f 167//82 168//82 169//82
f 169//82 168//82 170//82
f 169//83 170//83 171//83
f 169//83 171//83 172//83
f 172//84 171//84 173//84
f 172//84 173//84 174//84
f 174//85 173//85 175//85
f 174//85 175//85 176//85
f 176//86 175//86 177//86
f 176//86 177//86 178//86
f 178//87 177//87 179//87
f 178//87 179//87 180//87
f 180//88 179//88 165//88
f 180//88 165//88 166//88
f 181//57 168//57 182//57
f 182//57 168//57 167//57
f 183//89 184//89 185//89
f 185//89 184//89 186//89
f 185//90 186//90 187//90
f 185//90 187//90 188//90
f 188//91 187//91 189//91
f 188//91 189//91 190//91
f 190//92 189//92 191//92
f 190//92 191//92 192//92
f 192//93 191//93 193//93
f 192//93 193//93 194//93
f 194//94 193//94 195//94
f 194//94 195//94 196//94
f 196//95 195//95 181//95
f 196//95 181//95 182//95
f 162//81 184//81 164//81
f 164//81 184//81 183//81
f 197//96 198//96 199//96
f 199//96 198//96 200//96
f 199//97 200//97 201//97
f 199//97 201//97 202//97
f 202//98 201//98 203//98
f 202//98 203//98 204//98
f 204//99 203//99 205//99
f 204//99 205//99 206//99
f 206//100 205//100 207//100
f 206//100 207//100 208//100
f 208//101 207//101 209//101
f 208//101 209//101 210//101
f 210//102 209//102 211//102
f 210//102 211//102 212//102
f 213//103 198//103 214//103
f 214//103 198//103 197//103
f 215//104 216//104 217//104
f 217//104 216//104 218//104
f 217//105 218//105 219//105
f 217//105 219//105 220//105
f 220//106 219//106 221//106
f 220//106 221//106 222//106
f 222//107 221//107 223//107
f 222//107 223//107 224//107
f 224//108 223//108 225//108
f 224//108 225//108 226//108
f 226//109 225//109 227//109
f 226//109 227//109 228//109
f 228//110 227//110 213//110
f 228//110 213//110 214//110
f 229//111 216//111 230//111
f 230//111 216//111 215//111
f 231//112 229//112 232//112
f 232//112 229//112 230//112
f 211//81 231//81 212//81
f 212//81 231//81 232//81
f 233//17 234//17 235//17
f 235//17 234//17 236//17
f 237//113 238//113 239//113
f 239//113 238//113 240//113
f 239//114 240//114 241//114
f 239//114 241//114 242//114
f 242//115 241//115 243//115
f 242//115 243//115 244//115
f 244//116 243//116 245//116
f 244//116 245//116 246//116
f 246//117 245//117 247//117
f 246//117 247//117 248//117
f 248//118 247//118 249//118
f 248//118 249//118 250//118
f 250//119 249//119 233//119
f 250//119 233//119 235//119
f 251//120 238//120 252//120
f 252//120 238//120 237//120
f 253//57 251//57 254//57
f 254//57 251//57 252//57
f 255//111 253//111 256//111
f 256//111 253//111 254//111
f 236//121 234//121 257//121
f 257//121 234//121 258//121
f 257//122 258//122 259//122
f 257//122 259//122 260//122
f 260//123 259//123 261//123
f 260//123 261//123 262//123
f 262//124 261//124 263//124
f 262//124 263//124 264//124
f 264//125 263//125 265//125
f 264//125 265//125 266//125
f 266//126 265//126 267//126
f 266//126 267//126 268//126
f 268//127 267//127 255//127
f 268//127 255//127 256//127
f 269//81 270//81 271//81
f 271//81 270//81 272//81
f 273//128 274//128 275//128
f 275//128 274//128 276//128
f 276//129 274//129 277//129
f 276//129 277//129 278//129
f 278//130 277//130 279//130
f 278//130 279//130 280//130
f 280//131 279//131 281//131
f 280//131 281//131 282//131
f 282//132 281//132 283//132
f 282//132 283//132 284//132
f 284//133 283//133 285//133
f 284//133 285//133 286//133
f 286//134 285//134 287//134
f 286//134 287//134 288//134
f 288//135 287//135 289//135
f 288//135 289//135 290//135
f 290//136 289//136 291//136
f 290//136 291//136 292//136
f 292//137 291//137 293//137
f 292//137 293//137 294//137
f 294//138 293//138 295//138
f 294//138 295//138 296//138
f 296//139 295//139 297//139
f 296//139 297//139 298//139
f 298//140 297//140 299//140
f 298//140 299//140 300//140
f 300//141 299//141 301//141
f 300//141 301//141 302//141
f 302//142 301//142 303//142
f 302//142 303//142 304//142
f 304//143 303//143 305//143
f 304//143 305//143 306//143
f 306//144 305//144 307//144
f 306//144 307//144 308//144
f 308//145 307//145 309//145
f 308//145 309//145 310//145
f 310//146 309//146 311//146
f 310//146 311//146 312//146
f 312//147 311//147 313//147
f 312//147 313//147 314//147
f 314//148 313//148 315//148
f 314//148 315//148 316//148
f 316//149 315//149 269//149
f 316//149 269//149 271//149
f 317//103 273//103 318//103
f 318//103 273//103 275//103
f 319//150 320//150 321//150
f 321//150 320//150 322//150
f 322//151 320//151 323//151
f 322//151 323//151 324//151
f 324//152 323//152 325//152
f 324//152 325//152 326//152
f 326//153 325//153 327//153
f 326//153 327//153 328//153
f 328//154 327//154 329//154
f 328//154 329//154 330//154
f 330//155 329//155 331//155
f 330//155 331//155 332//155
f 332//156 331//156 333//156
f 332//156 333//156 334//156
f 334//157 333//157 335//157
f 334//157 335//157 336//157
f 336//158 335//158 337//158
f 336//158 337//158 338//158
f 338//159 337//159 339//159
f 338//159 339//159 340//159
f 340//160 339//160 341//160
f 340//160 341//160 342//160
f 342//161 341//161 343//161
f 342//161 343//161 344//161
f 344//162 343//162 345//162
f 344//162 345//162 346//162
f 346//163 345//163 347//163
f 346//163 347//163 348//163
f 348//164 347//164 349//164
f 348//164 349//164 350//164
f 350//165 349//165 351//165
f 350//165 351//165 352//165
f 352//166 351//166 353//166
f 352//166 353//166 354//166
f 354//167 353//167 355//167
f 354//167 355//167 356//167
f 356//168 355//168 357//168
f 356//168 357//168 358//168
f 358//169 357//169 359//169
f 358//169 359//169 360//169
f 360//170 359//170 361//170
f 360//170 361//170 362//170
f 362//171 361//171 317//171
f 362//171 317//171 318//171
f 363//111 319//111 364//111
f 364//111 319//111 321//111
f 365//172 366//172 367//172
f 367//172 366//172 368//172
f 367//173 368//173 369//173
f 367//173 369//173 370//173
f 370//174 369//174 371//174
f 370//174 371//174 372//174
f 372//175 371//175 373//175
f 372//175 373//175 374//175
f 374//176 373//176 375//176
f 374//176 375//176 376//176
f 376//177 375//177 377//177
f 376//177 377//177 378//177
f 378//178 377//178 379//178
f 378//178 379//178 380//178
f 380//179 379//179 381//179
f 380//179 381//179 382//179
f 382//180 381//180 383//180
f 382//181 383//181 384//181
f 384//182 383//182 385//182
f 384//182 385//182 386//182
f 386//183 385//183 387//183
f 386//183 387//183 388//183
f 388//184 387//184 389//184
f 388//184 389//184 390//184
f 390//185 389//185 391//185
f 390//185 391//185 392//185
f 392//186 391//186 393//186
f 392//186 393//186 394//186
f 394//187 393//187 395//187
f 394//187 395//187 396//187
f 396//188 395//188 363//188
f 396//188 363//188 364//188
f 397//112 366//112 398//112
f 398//112 366//112 365//112
f 272//189 270//189 399//189
f 399//189 270//189 400//189
f 399//190 400//190 401//190
f 399//190 401//190 402//190
f 402//191 401//191 403//191
f 402//191 403//191 404//191
f 404//192 403//192 405//192
f 404//192 405//192 406//192
f 406//193 405//193 407//193
f 406//193 407//193 408//193
f 408//194 407//194 409//194
f 408//194 409//194 410//194
f 410//195 409//195 411//195
f 410//195 411//195 412//195
f 412//196 411//196 413//196
f 412//196 413//196 414//196
f 414//197 413//197 415//197
f 414//197 415//197 416//197
f 416//198 415//198 417//198
f 416//198 417//198 418//198
f 418//199 417//199 419//199
f 418//199 419//199 420//199
f 420//200 419//200 421//200
f 420//200 421//200 422//200
f 422//201 421//201 423//201
f 422//201 423//201 424//201
f 424//202 423//202 425//202
f 424//202 425//202 426//202
f 426//203 425//203 427//203
f 426//203 427//203 428//203
f 428//204 427//204 397//204
f 428//204 397//204 398//204
f 429//34 430//34 431//34
f 431//34 430//34 432//34
f 433//205 434//205 435//205
f 435//205 434//205 436//205
f 435//206 436//206 437//206
f 435//206 437//206 438//206
f 438//207 437//207 439//207
f 438//207 439//207 440//207
f 440//208 439//208 441//208
f 440//208 441//208 442//208
f 442//209 441//209 443//209
f 442//209 443//209 444//209
f 444//210 443//210 445//210
f 444//210 445//210 446//210
f 446//211 445//211 447//211
f 446//211 447//211 448//211
f 448//212 447//212 449//212
f 448//212 449//212 450//212
f 450//213 449//213 451//213
f 450//213 451//213 452//213
f 452//214 451//214 453//214
f 452//214 453//214 454//214
f 454//215 453//215 455//215
f 454//215 455//215 456//215
f 456//216 455//216 457//216
f 456//216 457//216 458//216
f 458//217 457//217 459//217
f 458//217 459//217 460//217
f 460//218 459//218 461//218
f 460//218 461//218 462//218
f 462//219 461//219 463//219
f 462//219 463//219 464//219
f 464//220 463//220 429//220
f 464//220 429//220 431//220
f 465//103 434//103 466//103
f 466//103 434//103 433//103
f 467//221 468//221 469//221
f 469//221 468//221 470//221
f 469//222 470//222 471//222
f 469//222 471//222 472//222
f 472//223 471//223 473//223
f 472//223 473//223 474//223
f 474//224 473//224 475//224
f 474//224 475//224 476//224
f 476//225 475//225 477//225
f 476//225 477//225 478//225
f 478//226 477//226 479//226
f 478//226 479//226 480//226
f 480//227 479//227 481//227
f 480//227 481//227 482//227
f 482//228 481//228 483//228
f 482//229 483//229 484//229
f 484//230 483//230 485//230
f 484//230 485//230 486//230
f 486//231 485//231 487//231
f 486//231 487//231 488//231
f 488//232 487//232 489//232
f 488//232 489//232 490//232
f 490//233 489//233 491//233
f 490//233 491//233 492//233
f 492//234 491//234 493//234
f 492//234 493//234 494//234
f 494//235 493//235 495//235
f 494//235 495//235 496//235
f 496//236 495//236 497//236
f 496//236 497//236 498//236
f 498//237 497//237 465//237
f 498//237 465//237 466//237
f 499//120 468//120 500//120
f 500//120 468//120 467//120
f 501//238 502//238 503//238
f 503//238 502//238 504//238
f 504//239 502//239 505//239
f 504//239 505//239 506//239
f 506//240 505//240 507//240
f 506//240 507//240 508//240
f 508//241 507//241 509//241
f 508//241 509//241 510//241
f 510//242 509//242 511//242
f 510//242 511//242 512//242
f 512//243 511//243 513//243
f 512//243 513//243 514//243
f 514//244 513//244 515//244
f 514//244 515//244 516//244
f 516//245 515//245 517//245
f 516//245 517//245 518//245
f 518//246 517//246 519//246
f 518//246 519//246 520//246
f 520//247 519//247 521//247
f 520//247 521//247 522//247
f 522//248 521//248 523//248
f 522//248 523//248 524//248
f 524//249 523//249 525//249
f 524//249 525//249 526//249
f 526//250 525//250 527//250
f 526//251 527//251 528//251
f 528//252 527//252 529//252
f 528//252 529//252 530//252
f 530//253 529//253 531//253
f 530//253 531//253 532//253
f 532//254 531//254 533//254
f 532//254 533//254 534//254
f 534//255 533//255 535//255
f 534//255 535//255 536//255
f 536//256 535//256 537//256
f 536//256 537//256 538//256
f 538//257 537//257 539//257
f 538//257 539//257 540//257
f 540//258 539//258 541//258
f 540//258 541//258 542//258
f 542//259 541//259 543//259
f 542//259 543//259 544//259
f 544//260 543//260 499//260
f 544//260 499//260 500//260
f 545//112 501//112 546//112
f 546//112 501//112 503//112
f 430//261 547//261 432//261
f 432//261 547//261 548//261
f 548//262 547//262 549//262
f 548//262 549//262 550//262
f 550//263 549//263 551//263
f 550//263 551//263 552//263
f 552//264 551//264 553//264
f 552//264 553//264 554//264
f 554//265 553//265 555//265
f 554//265 555//265 556//265
f 556//266 555//266 557//266
f 556//266 557//266 558//266
f 558//267 557//267 559//267
f 558//267 559//267 560//267
f 560//268 559//268 561//268
f 560//268 561//268 562//268
f 562//269 561//269 563//269
f 562//269 563//269 564//269
f 564//270 563//270 565//270
f 564//271 565//271 566//271
f 566//272 565//272 567//272
f 566//272 567//272 568//272
f 568//273 567//273 569//273
f 568//273 569//273 570//273
f 570//274 569//274 571//274
f 570//274 571//274 572//274
f 572//275 571//275 573//275
f 572//275 573//275 574//275
f 574//276 573//276 575//276
f 574//276 575//276 576//276
f 576//277 575//277 577//277
f 576//277 577//277 578//277
f 578//278 577//278 579//278
f 578//278 579//278 580//278
f 580//279 579//279 581//279
f 580//279 581//279 582//279
f 582//280 581//280 583//280
f 582//280 583//280 584//280
f 584//281 583//281 585//281
f 584//281 585//281 586//281
f 586//282 585//282 587//282
f 586//282 587//282 588//282
f 588//283 587//283 545//283
f 588//283 545//283 546//283
f 589//17 590//17 591//17
f 591//17 590//17 592//17
f 593//284 594//284 595//284
f 595//284 594//284 596//284
f 596//285 594//285 597//285
f 596//285 597//285 598//285
f 598//286 597//286 599//286
f 598//286 599//286 600//286
f 600//287 599//287 601//287
f 600//287 601//287 602//287
f 602//288 601//288 603//288
f 602//288 603//288 604//288
f 604//289 603//289 605//289
f 604//289 605//289 606//289
f 606//290 605//290 607//290
f 606//290 607//290 608//290
f 608//291 607//291 609//291
f 608//291 609//291 610//291
f 610//292 609//292 611//292
f 610//292 611//292 612//292
f 612//293 611//293 613//293
f 612//293 613//293 614//293
f 614//294 613//294 615//294
f 614//294 615//294 616//294
f 616//295 615//295 617//295
f 616//295 617//295 618//295
f 618//296 617//296 619//296
f 618//296 619//296 620//296
f 620//297 619//297 621//297
f 620//298 621//298 622//298
f 622//299 621//299 623//299
f 622//299 623//299 624//299
f 624//300 623//300 625//300
f 624//300 625//300 626//300
f 626//301 625//301 627//301
f 626//301 627//301 628//301
f 628//302 627//302 629//302
f 628//302 629//302 630//302
f 630//303 629//303 631//303
f 630//303 631//303 632//303
f 632//304 631//304 633//304
f 632//304 633//304 634//304
f 634//305 633//305 635//305
f 634//305 635//305 636//305
f 636//306 635//306 589//306
f 636//306 589//306 591//306
f 637//120 593//120 638//120
f 638//120 593//120 595//120
f 639//307 640//307 641//307
f 641//307 640//307 642//307
f 641//308 642//308 643//308
f 641//308 643//308 644//308
f 644//309 643//309 645//309
f 644//309 645//309 646//309
f 646//310 645//310 647//310
f 646//310 647//310 648//310
f 648//311 647//311 649//311
f 648//311 649//311 650//311
f 650//312 649//312 651//312
f 650//312 651//312 652//312
f 652//313 651//313 653//313
f 652//313 653//313 654//313
f 654//314 653//314 655//314
f 654//314 655//314 656//314
f 656//315 655//315 657//315
f 656//315 657//315 658//315
f 658//316 657//316 659//316
f 658//316 659//316 660//316
f 660//317 659//317 661//317
f 660//317 661//317 662//317
f 662//318 661//318 663//318
f 662//318 663//318 664//318
f 664//319 663//319 665//319
f 664//319 665//319 666//319
f 666//320 665//320 667//320
f 666//320 667//320 668//320
f 668//321 667//321 669//321
f 668//321 669//321 670//321
f 670//322 669//322 637//322
f 670//322 637//322 638//322
f 671//57 640//57 672//57
f 672//57 640//57 639//57
f 673//323 674//323 675//323
f 675//323 674//323 676//323
f 675//324 676//324 677//324
f 675//324 677//324 678//324
f 678//325 677//325 679//325
f 678//325 679//325 680//325
f 680//326 679//326 681//326
f 680//326 681//326 682//326
f 682//327 681//327 683//327
f 682//327 683//327 684//327
f 684//328 683//328 685//328
f 684//328 685//328 686//328
f 686//329 685//329 687//329
f 686//329 687//329 688//329
f 688//330 687//330 689//330
f 688//330 689//330 690//330
f 690//331 689//331 691//331
f 690//331 691//331 692//331
f 692//332 691//332 693//332
f 692//332 693//332 694//332
f 694//333 693//333 695//333
f 694//333 695//333 696//333
f 696//334 695//334 697//334
f 696//334 697//334 698//334
f 698//335 697//335 699//335
f 698//335 699//335 700//335
f 700//336 699//336 701//336
f 700//336 701//336 702//336
f 702//337 701//337 703//337
f 702//337 703//337 704//337
f 704//338 703//338 671//338
f 704//338 671//338 672//338
f 705//111 674//111 706//111
f 706//111 674//111 673//111
f 590//339 707//339 592//339
f 592//339 707//339 708//339
f 708//340 707//340 709//340
f 708//340 709//340 710//340
f 710//341 709//341 711//341
f 710//341 711//341 712//341
f 712//342 711//342 713//342
f 712//342 713//342 714//342
f 714//343 713//343 715//343
f 714//343 715//343 716//343
f 716//344 715//344 717//344
f 716//344 717//344 718//344
f 718//345 717//345 719//345
f 718//345 719//345 720//345
f 720//346 719//346 721//346
f 720//346 721//346 722//346
f 722//347 721//347 723//347
f 722//348 723//348 724//348
f 724//349 723//349 725//349
f 724//349 725//349 726//349
f 726//350 725//350 727//350
f 726//350 727//350 728//350
f 728//351 727//351 729//351
f 728//351 729//351 730//351
f 730//352 729//352 731//352
f 730//352 731//352 732//352
f 732//353 731//353 733//353
f 732//353 733//353 734//353
f 734//354 733//354 735//354
f 734//354 735//354 736//354
f 736//355 735//355 737//355
f 736//355 737//355 738//355
f 738//356 737//356 739//356
f 738//356 739//356 740//356
f 740//357 739//357 741//357
f 740//357 741//357 742//357
f 742//358 741//358 743//358
f 742//358 743//358 744//358
f 744//359 743//359 745//359
f 744//359 745//359 746//359
f 746//360 745//360 747//360
f 746//360 747//360 748//360
f 748//361 747//361 705//361
f 748//361 705//361 706//361
f 749//17 750//17 751//17
f 751//17 750//17 752//17
f 753//16 754//16 755//16
f 755//16 754//16 756//16
f 755//15 756//15 757//15
f 755//15 757//15 758//15
f 758//362 757//362 759//362
f 758//362 759//362 760//362
f 760//13 759//13 761//13
f 760//13 761//13 762//13
f 762//12 761//12 763//12
f 762//12 763//12 764//12
f 764//11 763//11 765//11
f 764//11 765//11 766//11
f 766//10 765//10 767//10
f 766//10 767//10 768//10
f 768//9 767//9 769//9
f 768//9 769//9 770//9
f 770//8 769//8 771//8
f 770//8 771//8 772//8
f 772//363 771//363 773//363
f 772//363 773//363 774//363
f 774//6 773//6 775//6
f 774//6 775//6 776//6
f 776//5 775//5 777//5
f 776//5 777//5 778//5
f 778//4 777//4 779//4
f 778//4 779//4 780//4
f 780//3 779//3 781//3
f 780//3 781//3 782//3
f 782//2 781//2 783//2
f 782//2 783//2 784//2
f 784//1 783//1 749//1
f 784//1 749//1 751//1
f 785//120 754//120 786//120
f 786//120 754//120 753//120
f 787//95 788//95 789//95
f 789//95 788//95 790//95
f 790//94 788//94 791//94
f 790//94 791//94 792//94
f 792//364 791//364 793//364
f 792//364 793//364 794//364
f 794//365 793//365 795//365
f 794//365 795//365 796//365
f 796//366 795//366 797//366
f 797//366 795//366 798//366
f 797//367 798//367 799//367
f 797//367 799//367 800//367
f 800//368 799//368 785//368
f 800//368 785//368 786//368
f 801//57 787//57 802//57
f 802//57 787//57 789//57
f 803//369 804//369 805//369
f 805//369 804//369 806//369
f 806//370 804//370 807//370
f 806//370 807//370 808//370
f 808//371 807//371 809//371
f 808//371 809//371 810//371
f 810//372 809//372 811//372
f 810//372 811//372 812//372
f 812//373 811//373 813//373
f 813//373 811//373 814//373
f 813//83 814//83 815//83
f 813//83 815//83 816//83
f 816//82 815//82 801//82
f 816//82 801//82 802//82
f 817//111 803//111 818//111
f 818//111 803//111 805//111
f 752//33 750//33 819//33
f 819//33 750//33 820//33
f 819//32 820//32 821//32
f 819//32 821//32 822//32
f 822//31 821//31 823//31
f 822//31 823//31 824//31
f 824//30 823//30 825//30
f 824//30 825//30 826//30
f 826//29 825//29 827//29
f 826//29 827//29 828//29
f 828//28 827//28 829//28
f 828//28 829//28 830//28
f 830//374 829//374 831//374
f 830//374 831//374 832//374
f 832//26 831//26 833//26
f 832//26 833//26 834//26
f 834//25 833//25 835//25
f 834//25 835//25 836//25
f 836//24 835//24 837//24
f 836//24 837//24 838//24
f 838//23 837//23 839//23
f 838//23 839//23 840//23
f 840//22 839//22 841//22
f 840//22 841//22 842//22
f 842//21 841//21 843//21
f 842//21 843//21 844//21
f 844//375 843//375 845//375
f 844//375 845//375 846//375
f 846//19 845//19 847//19
f 846//19 847//19 848//19
f 848//18 847//18 817//18
f 848//18 817//18 818//18
f 849//34 850//34 851//34
f 851//34 850//34 852//34
f 853//376 854//376 855//376
f 855//376 854//376 856//376
f 856//109 854//109 857//109
f 856//109 857//109 858//109
f 858//377 857//377 859//377
f 858//377 859//377 860//377
f 860//378 859//378 861//378
f 860//378 861//378 862//378
f 862//379 861//379 863//379
f 863//379 861//379 864//379
f 863//380 864//380 865//380
f 863//380 865//380 866//380
f 866//381 865//381 849//381
f 866//382 849//382 851//382
f 867//103 853//103 868//103
f 868//103 853//103 855//103
f 869//383 870//383 871//383
f 871//383 870//383 872//383
f 872//384 870//384 873//384
f 872//384 873//384 874//384
f 874//385 873//385 875//385
f 874//385 875//385 876//385
f 876//386 875//386 877//386
f 876//386 877//386 878//386
f 878//387 877//387 879//387
f 879//387 877//387 880//387
f 879//97 880//97 881//97
f 879//97 881//97 882//97
f 882//388 881//388 867//388
f 882//388 867//388 868//388
f 883//120 869//120 884//120
f 884//120 869//120 871//120
f 885//389 886//389 887//389
f 887//389 886//389 888//389
f 887//203 888//203 889//203
f 887//203 889//203 890//203
f 890//390 889//390 891//390
f 890//390 891//390 892//390
f 892//201 891//201 893//201
f 892//201 893//201 894//201
f 894//391 893//391 895//391
f 894//391 895//391 896//391
f 896//392 895//392 897//392
f 896//392 897//392 898//392
f 898//393 897//393 899//393
f 898//393 899//393 900//393
f 900//197 899//197 901//197
f 900//197 901//197 902//197
f 902//196 901//196 903//196
f 902//196 903//196 904//196
f 904//195 903//195 905//195
f 904//195 905//195 906//195
f 906//194 905//194 907//194
f 906//194 907//194 908//194
f 908//193 907//193 909//193
f 908//193 909//193 910//193
f 910//192 909//192 911//192
f 910//192 911//192 912//192
f 912//394 911//394 913//394
f 912//394 913//394 914//394
f 914//190 913//190 915//190
f 914//190 915//190 916//190
f 916//189 915//189 883//189
f 916//189 883//189 884//189
f 917//112 886//112 918//112
f 918//112 886//112 885//112
f 852//188 850//188 919//188
f 919//188 850//188 920//188
f 919//395 920//395 921//395
f 919//395 921//395 922//395
f 922//396 921//396 923//396
f 922//396 923//396 924//396
f 924//185 923//185 925//185
f 924//185 925//185 926//185
f 926//184 925//184 927//184
f 926//184 927//184 928//184
f 928//183 927//183 929//183
f 928//183 929//183 930//183
f 930//182 929//182 931//182
f 930//182 931//182 932//182
f 932//180 931//180 933//180
f 932//180 933//180 934//180
f 934//179 933//179 935//179
f 934//179 935//179 936//179
f 936//397 935//397 937//397
f 936//397 937//397 938//397
f 938//177 937//177 939//177
f 938//177 939//177 940//177
f 940//398 939//398 941//398
f 940//398 941//398 942//398
f 942//175 941//175 943//175
f 942//175 943//175 944//175
f 944//399 943//399 945//399
f 944//399 945//399 946//399
f 946//173 945//173 947//173
f 946//173 947//173 948//173
f 948//400 947//400 917//400
f 948//400 917//400 918//400
f 949//401 950//401 951//401
f 951//401 950//401 952//401
f 951//236 952//236 953//236
f 951//236 953//236 954//236
f 954//402 953//402 955//402
f 954//402 955//402 956//402
f 956//234 955//234 957//234
f 956//234 957//234 958//234
f 958//403 957//403 959//403
f 958//403 959//403 960//403
f 960//232 959//232 961//232
f 960//232 961//232 962//232
f 962//404 961//404 963//404
f 962//404 963//404 964//404
f 964//230 963//230 965//230
f 964//230 965//230 966//230
f 966//229 965//229 967//229
f 966//229 967//229 968//229
f 968//227 967//227 969//227
f 968//227 969//227 970//227
f 970//226 969//226 971//226
f 970//226 971//226 972//226
f 972//225 971//225 973//225
f 972//225 973//225 974//225
f 974//224 973//224 975//224
f 974//224 975//224 976//224
f 976//405 975//405 977//405
f 976//405 977//405 978//405
f 978//406 977//406 979//406
f 978//406 979//406 980//406
f 980//221 979//221 981//221
f 980//221 981//221 982//221
f 983//103 950//103 984//103
f 984//103 950//103 949//103
f 985//220 986//220 987//220
f 987//220 986//220 988//220
f 987//219 988//219 989//219
f 987//219 989//219 990//219
f 990//407 989//407 991//407
f 990//407 991//407 992//407
f 992//217 991//217 993//217
f 992//217 993//217 994//217
f 994//216 993//216 995//216
f 994//216 995//216 996//216
f 996//215 995//215 997//215
f 996//215 997//215 998//215
f 998//214 997//214 999//214
f 998//214 999//214 1000//214
f 1000//213 999//213 1001//213
f 1000//213 1001//213 1002//213
f 1002//212 1001//212 1003//212
f 1002//212 1003//212 1004//212
f 1004//408 1003//408 1005//408
f 1004//408 1005//408 1006//408
f 1006//409 1005//409 1007//409
f 1006//409 1007//409 1008//409
f 1008//410 1007//410 1009//410
f 1008//410 1009//410 1010//410
f 1010//208 1009//208 1011//208
f 1010//208 1011//208 1012//208
f 1012//411 1011//411 1013//411
f 1012//411 1013//411 1014//411
f 1014//206 1013//206 1015//206
f 1014//206 1015//206 1016//206
f 1016//412 1015//412 983//412
f 1016//412 983//412 984//412
f 1017//111 986//111 1018//111
f 1018//111 986//111 985//111
f 1019//413 1020//413 1021//413
f 1021//413 1020//413 1022//413
f 1022//414 1020//414 1023//414
f 1022//414 1023//414 1024//414
f 1024//415 1023//415 1025//415
f 1024//415 1025//415 1026//415
f 1026//416 1025//416 1027//416
f 1026//416 1027//416 1028//416
f 1028//417 1027//417 1029//417
f 1029//417 1027//417 1030//417
f 1029//418 1030//418 1031//418
f 1029//418 1031//418 1032//418
f 1032//419 1031//419 1017//419
f 1032//419 1017//419 1018//419
f 1033//112 1019//112 1034//112
f 1034//112 1019//112 1021//112
f 1035//420 1036//420 1037//420
f 1037//421 1036//421 1038//421
f 1038//422 1036//422 1039//422
f 1038//422 1039//422 1040//422
f 1040//423 1039//423 1041//423
f 1040//423 1041//423 1042//423
f 1042//424 1041//424 1043//424
f 1042//424 1043//424 1044//424
f 1044//425 1043//425 1045//425
f 1045//425 1043//425 1046//425
f 1045//426 1046//426 1047//426
f 1045//426 1047//426 1048//426
f 1048//427 1047//427 1033//427
f 1048//427 1033//427 1034//427
f 981//81 1035//81 982//81
f 982//81 1035//81 1037//81
f 1049//34 1050//34 1051//34
f 1051//34 1050//34 1052//34
f 1053//103 1049//103 1054//103
f 1054//103 1049//103 1051//103
f 1055//120 1053//120 1056//120
f 1056//120 1053//120 1054//120
f 1057//428 1058//428 1059//428
f 1059//428 1058//428 1060//428
f 1059//426 1060//426 1061//426
f 1059//426 1061//426 1062//426
f 1062//429 1061//429 1063//429
f 1062//429 1063//429 1064//429
f 1064//430 1063//430 1065//430
f 1064//430 1065//430 1066//430
f 1066//431 1065//431 1067//431
f 1066//431 1067//431 1068//431
f 1068//432 1067//432 1069//432
f 1068//432 1069//432 1070//432
f 1070//433 1069//433 1055//433
f 1070//433 1055//433 1056//433
f 1071//112 1058//112 1072//112
f 1072//112 1058//112 1057//112
f 1052//434 1050//434 1073//434
f 1073//434 1050//434 1074//434
f 1073//435 1074//435 1075//435
f 1073//435 1075//435 1076//435
f 1076//436 1075//436 1077//436
f 1076//436 1077//436 1078//436
f 1078//437 1077//437 1079//437
f 1078//437 1079//437 1080//437
f 1080//438 1079//438 1081//438
f 1080//438 1081//438 1082//438
f 1082//414 1081//414 1083//414
f 1082//414 1083//414 1084//414
f 1084//439 1083//439 1071//439
f 1084//439 1071//439 1072//439
f 1085//17 1086//17 1087//17
f 1087//17 1086//17 1088//17
f 1089//103 1085//103 1090//103
f 1090//103 1085//103 1087//103
f 1091//57 1089//57 1092//57
f 1092//57 1089//57 1090//57
f 1086//112 1091//112 1088//112
f 1088//112 1091//112 1092//112
f 1093//119 1094//119 1095//119
f 1095//119 1094//119 1096//119
f 1096//118 1094//118 1097//118
f 1096//118 1097//118 1098//118
f 1098//440 1097//440 1099//440
f 1098//440 1099//440 1100//440
f 1100//441 1099//441 1101//441
f 1100//441 1101//441 1102//441
f 1102//442 1101//442 1103//442
f 1103//442 1101//442 1104//442
f 1103//443 1104//443 1105//443
f 1103//443 1105//443 1106//443
f 1106//444 1105//444 1107//444
f 1106//444 1107//444 1108//444
f 1109//17 1093//17 1110//17
f 1110//17 1093//17 1095//17
f 1111//445 1112//445 1113//445
f 1113//445 1112//445 1114//445
f 1114//446 1112//446 1115//446
f 1114//446 1115//446 1116//446
f 1116//447 1115//447 1117//447
f 1116//447 1117//447 1118//447
f 1118//448 1117//448 1119//448
f 1118//448 1119//448 1120//448
f 1120//449 1119//449 1121//449
f 1121//449 1119//449 1122//449
f 1121//122 1122//122 1123//122
f 1121//122 1123//122 1124//122
f 1124//121 1123//121 1109//121
f 1124//121 1109//121 1110//121
f 1125//34 1111//34 1126//34
f 1126//34 1111//34 1113//34
f 1127//338 1128//338 1129//338
f 1129//338 1128//338 1130//338
f 1129//337 1130//337 1131//337
f 1129//337 1131//337 1132//337
f 1132//336 1131//336 1133//336
f 1132//336 1133//336 1134//336
f 1134//335 1133//335 1135//335
f 1134//335 1135//335 1136//335
f 1136//334 1135//334 1137//334
f 1136//334 1137//334 1138//334
f 1138//333 1137//333 1139//333
f 1138//333 1139//333 1140//333
f 1140//450 1139//450 1141//450
f 1140//450 1141//450 1142//450
f 1142//331 1141//331 1143//331
f 1142//331 1143//331 1144//331
f 1144//330 1143//330 1145//330
f 1144//330 1145//330 1146//330
f 1146//329 1145//329 1147//329
f 1146//329 1147//329 1148//329
f 1148//328 1147//328 1149//328
f 1148//328 1149//328 1150//328
f 1150//327 1149//327 1151//327
f 1150//327 1151//327 1152//327
f 1152//326 1151//326 1153//326
f 1152//326 1153//326 1154//326
f 1154//451 1153//451 1155//451
f 1154//451 1155//451 1156//451
f 1156//324 1155//324 1157//324
f 1156//324 1157//324 1158//324
f 1158//323 1157//323 1125//323
f 1158//323 1125//323 1126//323
f 1159//57 1128//57 1160//57
f 1160//57 1128//57 1127//57
f 1161//322 1162//322 1163//322
f 1163//322 1162//322 1164//322
f 1163//321 1164//321 1165//321
f 1163//321 1165//321 1166//321
f 1166//452 1165//452 1167//452
f 1166//452 1167//452 1168//452
f 1168//319 1167//319 1169//319
f 1168//319 1169//319 1170//319
f 1170//318 1169//318 1171//318
f 1170//318 1171//318 1172//318
f 1172//317 1171//317 1173//317
f 1172//317 1173//317 1174//317
f 1174//316 1173//316 1175//316
f 1174//316 1175//316 1176//316
f 1176//315 1175//315 1177//315
f 1176//315 1177//315 1178//315
f 1178//314 1177//314 1179//314
f 1178//314 1179//314 1180//314
f 1180//453 1179//453 1181//453
f 1180//453 1181//453 1182//453
f 1182//312 1181//312 1183//312
f 1182//312 1183//312 1184//312
f 1184//311 1183//311 1185//311
f 1184//311 1185//311 1186//311
f 1186//310 1185//310 1187//310
f 1186//310 1187//310 1188//310
f 1188//309 1187//309 1189//309
f 1188//309 1189//309 1190//309
f 1190//308 1189//308 1191//308
f 1190//308 1191//308 1192//308
f 1192//307 1191//307 1159//307
f 1192//307 1159//307 1160//307
f 1107//81 1162//81 1108//81
f 1108//81 1162//81 1161//81
f 1193//57 1194//57 1195//57
f 1195//57 1194//57 1196//57
f 1197//454 1198//454 1199//454
f 1199//454 1198//454 1200//454
f 1200//455 1198//455 1201//455
f 1200//455 1201//455 1202//455
f 1202//456 1201//456 1203//456
f 1202//456 1203//456 1204//456
f 1204//457 1203//457 1205//457
f 1204//457 1205//457 1206//457
f 1206//458 1205//458 1207//458
f 1206//458 1207//458 1208//458
f 1208//459 1207//459 1209//459
f 1208//459 1209//459 1210//459
f 1210//460 1209//460 1211//460
f 1210//460 1211//460 1212//460
f 1212//461 1211//461 1213//461
f 1212//461 1213//461 1214//461
f 1214//462 1213//462 1215//462
f 1214//462 1215//462 1216//462
f 1216//463 1215//463 1217//463
f 1216//463 1217//463 1218//463
f 1218//464 1217//464 1219//464
f 1218//464 1219//464 1220//464
f 1220//465 1219//465 1221//465
f 1220//465 1221//465 1222//465
f 1222//466 1221//466 1223//466
f 1222//466 1223//466 1224//466
f 1224//467 1223//467 1225//467
f 1224//467 1225//467 1226//467
f 1226//468 1225//468 1227//468
f 1226//468 1227//468 1228//468
f 1228//469 1227//469 1229//469
f 1228//469 1229//469 1230//469
f 1230//470 1229//470 1231//470
f 1230//470 1231//470 1232//470
f 1232//471 1231//471 1233//471
f 1232//471 1233//471 1234//471
f 1234//407 1233//407 1235//407
f 1234//407 1235//407 1236//407
f 1236//472 1235//472 1237//472
f 1236//472 1237//472 1238//472
f 1238//473 1237//473 1239//473
f 1238//473 1239//473 1240//473
f 1240//474 1239//474 1241//474
f 1240//474 1241//474 1242//474
f 1242//475 1241//475 1243//475
f 1242//475 1243//475 1244//475
f 1244//476 1243//476 1245//476
f 1244//477 1245//477 1246//477
f 1246//478 1245//478 1247//478
f 1246//478 1247//478 1248//478
f 1248//451 1247//451 1249//451
f 1248//451 1249//451 1250//451
f 1250//479 1249//479 1251//479
f 1250//479 1251//479 1252//479
f 1252//480 1251//480 1253//480
f 1252//480 1253//480 1254//480
f 1254//481 1253//481 1255//481
f 1255//481 1253//481 1256//481
f 1255//482 1256//482 1257//482
f 1257//482 1256//482 1258//482
f 1257//483 1258//483 1259//483
f 1257//483 1259//483 1260//483
f 1260//484 1259//484 1261//484
f 1260//484 1261//484 1262//484
f 1262//485 1261//485 1263//485
f 1262//485 1263//485 1264//485
f 1264//486 1263//486 1265//486
f 1264//486 1265//486 1266//486
f 1266//487 1265//487 1267//487
f 1266//487 1267//487 1268//487
f 1268//488 1267//488 1269//488
f 1268//488 1269//488 1270//488
f 1270//489 1269//489 1271//489
f 1270//489 1271//489 1272//489
f 1272//490 1271//490 1273//490
f 1272//490 1273//490 1274//490
f 1274//491 1273//491 1275//491
f 1274//491 1275//491 1276//491
f 1276//492 1275//492 1277//492
f 1276//493 1277//493 1278//493
f 1278//494 1277//494 1279//494
f 1278//494 1279//494 1280//494
f 1280//495 1279//495 1281//495
f 1280//495 1281//495 1282//495
f 1282//496 1281//496 1283//496
f 1282//496 1283//496 1284//496
f 1284//497 1283//497 1193//497
f 1284//35 1193//35 1195//35
f 1285//103 1197//103 1286//103
f 1286//103 1197//103 1199//103
f 1287//498 1288//498 1289//498
f 1289//498 1288//498 1290//498
f 1290//499 1288//499 1291//499
f 1290//499 1291//499 1292//499
f 1292//500 1291//500 1293//500
f 1292//500 1293//500 1294//500
f 1294//501 1293//501 1295//501
f 1294//501 1295//501 1296//501
f 1296//502 1295//502 1297//502
f 1296//502 1297//502 1298//502
f 1298//503 1297//503 1299//503
f 1298//503 1299//503 1300//503
f 1300//504 1299//504 1301//504
f 1300//504 1301//504 1302//504
f 1302//505 1301//505 1303//505
f 1302//505 1303//505 1304//505
f 1304//506 1303//506 1305//506
f 1304//506 1305//506 1306//506
f 1306//507 1305//507 1307//507
f 1306//507 1307//507 1308//507
f 1308//508 1307//508 1309//508
f 1308//508 1309//508 1310//508
f 1310//509 1309//509 1311//509
f 1310//509 1311//509 1312//509
f 1312//510 1311//510 1313//510
f 1312//510 1313//510 1314//510
f 1314//511 1313//511 1315//511
f 1314//511 1315//511 1316//511
f 1316//512 1315//512 1317//512
f 1316//512 1317//512 1318//512
f 1318//513 1317//513 1319//513
f 1318//513 1319//513 1320//513
f 1320//514 1319//514 1321//514
f 1320//514 1321//514 1322//514
f 1322//515 1321//515 1323//515
f 1322//515 1323//515 1324//515
f 1324//516 1323//516 1325//516
f 1324//516 1325//516 1326//516
f 1326//517 1325//517 1327//517
f 1326//517 1327//517 1328//517
f 1328//518 1327//518 1329//518
f 1328//518 1329//518 1330//518
f 1330//519 1329//519 1331//519
f 1330//519 1331//519 1332//519
f 1332//520 1331//520 1333//520
f 1332//520 1333//520 1334//520
f 1334//521 1333//521 1335//521
f 1334//521 1335//521 1336//521
f 1336//522 1335//522 1337//522
f 1336//522 1337//522 1338//522
f 1338//405 1337//405 1339//405
f 1338//405 1339//405 1340//405
f 1340//523 1339//523 1341//523
f 1340//523 1341//523 1342//523
f 1342//524 1341//524 1343//524
f 1342//524 1343//524 1344//524
f 1344//525 1343//525 1345//525
f 1345//525 1343//525 1346//525
f 1345//526 1346//526 1347//526
f 1347//526 1346//526 1348//526
f 1347//527 1348//527 1349//527
f 1347//527 1349//527 1350//527
f 1350//528 1349//528 1351//528
f 1350//528 1351//528 1352//528
f 1352//529 1351//529 1353//529
f 1352//529 1353//529 1354//529
f 1354//530 1353//530 1355//530
f 1354//530 1355//530 1356//530
f 1356//531 1355//531 1357//531
f 1356//531 1357//531 1358//531
f 1358//532 1357//532 1359//532
f 1358//532 1359//532 1360//532
f 1360//533 1359//533 1361//533
f 1360//533 1361//533 1362//533
f 1362//534 1361//534 1363//534
f 1362//534 1363//534 1364//534
f 1364//535 1363//535 1365//535
f 1364//535 1365//535 1366//535
f 1366//536 1365//536 1367//536
f 1366//536 1367//536 1368//536
f 1368//537 1367//537 1369//537
f 1368//537 1369//537 1370//537
f 1370//538 1369//538 1371//538
f 1370//538 1371//538 1372//538
f 1372//539 1371//539 1373//539
f 1372//539 1373//539 1374//539
f 1374//540 1373//540 1285//540
f 1374//540 1285//540 1286//540
f 1375//17 1287//17 1376//17
f 1376//17 1287//17 1289//17
f 1377//541 1378//541 1379//541
f 1379//541 1378//541 1380//541
f 1380//542 1378//542 1381//542
f 1380//542 1381//542 1382//542
f 1382//543 1381//543 1383//543
f 1382//543 1383//543 1384//543
f 1384//544 1383//544 1385//544
f 1384//544 1385//544 1386//544
f 1386//545 1385//545 1387//545
f 1386//545 1387//545 1388//545
f 1388//546 1387//546 1389//546
f 1388//546 1389//546 1390//546
f 1390//547 1389//547 1391//547
f 1390//547 1391//547 1392//547
f 1392//548 1391//548 1393//548
f 1392//548 1393//548 1394//548
f 1394//549 1393//549 1395//549
f 1394//549 1395//549 1396//549
f 1396//550 1395//550 1397//550
f 1396//550 1397//550 1398//550
f 1398//551 1397//551 1399//551
f 1398//551 1399//551 1400//551
f 1400//552 1399//552 1401//552
f 1400//552 1401//552 1402//552
f 1402//553 1401//553 1403//553
f 1402//553 1403//553 1404//553
f 1404//554 1403//554 1405//554
f 1404//554 1405//554 1406//554
f 1406//555 1405//555 1407//555
f 1406//555 1407//555 1408//555
f 1408//556 1407//556 1409//556
f 1408//556 1409//556 1410//556
f 1410//557 1409//557 1411//557
f 1410//557 1411//557 1412//557
f 1412//558 1411//558 1413//558
f 1412//558 1413//558 1414//558
f 1414//396 1413//396 1415//396
f 1414//559 1415//559 1416//559
f 1416//560 1415//560 1417//560
f 1416//560 1417//560 1418//560
f 1418//561 1417//561 1419//561
f 1418//561 1419//561 1420//561
f 1420//562 1419//562 1421//562
f 1420//562 1421//562 1422//562
f 1422//563 1421//563 1423//563
f 1422//563 1423//563 1424//563
f 1424//564 1423//564 1425//564
f 1424//564 1425//564 1426//564
f 1426//565 1425//565 1427//565
f 1426//565 1427//565 1428//565
f 1428//566 1427//566 1429//566
f 1428//566 1429//566 1430//566
f 1430//567 1429//567 1431//567
f 1430//567 1431//567 1432//567
f 1432//568 1431//568 1433//568
f 1432//568 1433//568 1434//568
f 1434//569 1433//569 1435//569
f 1435//569 1433//569 1436//569
f 1435//570 1436//570 1437//570
f 1437//570 1436//570 1438//570
f 1437//571 1438//571 1439//571
f 1437//571 1439//571 1440//571
f 1440//572 1439//572 1441//572
f 1440//572 1441//572 1442//572
f 1442//573 1441//573 1443//573
f 1442//573 1443//573 1444//573
f 1444//574 1443//574 1445//574
f 1444//574 1445//574 1446//574
f 1446//575 1445//575 1447//575
f 1446//575 1447//575 1448//575
f 1448//576 1447//576 1449//576
f 1448//576 1449//576 1450//576
f 1450//577 1449//577 1451//577
f 1450//577 1451//577 1452//577
f 1452//578 1451//578 1453//578
f 1452//578 1453//578 1454//578
f 1454//579 1453//579 1455//579
f 1454//579 1455//579 1456//579
f 1456//580 1455//580 1457//580
f 1456//580 1457//580 1458//580
f 1458//581 1457//581 1459//581
f 1458//581 1459//581 1460//581
f 1460//582 1459//582 1461//582
f 1460//582 1461//582 1462//582
f 1462//583 1461//583 1463//583
f 1462//583 1463//583 1464//583
f 1464//584 1463//584 1375//584
f 1464//584 1375//584 1376//584
f 1465//112 1377//112 1466//112
f 1466//112 1377//112 1379//112
f 1194//80 1467//80 1196//80
f 1196//585 1467//585 1468//585
f 1468//586 1467//586 1469//586
f 1468//586 1469//586 1470//586
f 1470//587 1469//587 1471//587
f 1470//587 1471//587 1472//587
f 1472//588 1471//588 1473//588
f 1472//588 1473//588 1474//588
f 1474//589 1473//589 1475//589
f 1474//590 1475//590 1476//590
f 1476//591 1475//591 1477//591
f 1476//591 1477//591 1478//591
f 1478//592 1477//592 1479//592
f 1478//592 1479//592 1480//592
f 1480//593 1479//593 1481//593
f 1480//593 1481//593 1482//593
f 1482//594 1481//594 1483//594
f 1482//594 1483//594 1484//594
f 1484//595 1483//595 1485//595
f 1484//595 1485//595 1486//595
f 1486//596 1485//596 1487//596
f 1486//596 1487//596 1488//596
f 1488//597 1487//597 1489//597
f 1488//597 1489//597 1490//597
f 1490//598 1489//598 1491//598
f 1490//598 1491//598 1492//598
f 1492//599 1491//599 1493//599
f 1492//599 1493//599 1494//599
f 1494//600 1493//600 1495//600
f 1494//600 1495//600 1496//600
f 1496//601 1495//601 1497//601
f 1496//601 1497//601 1498//601
f 1498//602 1497//602 1499//602
f 1498//602 1499//602 1500//602
f 1500//603 1499//603 1501//603
f 1500//603 1501//603 1502//603
f 1502//452 1501//452 1503//452
f 1502//452 1503//452 1504//452
f 1504//604 1503//604 1505//604
f 1504//604 1505//604 1506//604
f 1506//605 1505//605 1507//605
f 1506//606 1507//606 1508//606
f 1508//607 1507//607 1509//607
f 1508//607 1509//607 1510//607
f 1510//608 1509//608 1511//608
f 1510//608 1511//608 1512//608
f 1512//609 1511//609 1513//609
f 1512//609 1513//609 1514//609
f 1514//610 1513//610 1515//610
f 1514//610 1515//610 1516//610
f 1516//394 1515//394 1517//394
f 1516//394 1517//394 1518//394
f 1518//611 1517//611 1519//611
f 1518//611 1519//611 1520//611
f 1520//612 1519//612 1521//612
f 1520//612 1521//612 1522//612
f 1522//613 1521//613 1523//613
f 1523//613 1521//613 1524//613
f 1523//614 1524//614 1525//614
f 1525//614 1524//614 1526//614
f 1525//615 1526//615 1527//615
f 1525//615 1527//615 1528//615
f 1528//616 1527//616 1529//616
f 1528//616 1529//616 1530//616
f 1530//617 1529//617 1531//617
f 1530//617 1531//617 1532//617
f 1532//618 1531//618 1533//618
f 1532//618 1533//618 1534//618
f 1534//619 1533//619 1535//619
f 1534//619 1535//619 1536//619
f 1536//620 1535//620 1537//620
f 1536//620 1537//620 1538//620
f 1538//621 1537//621 1539//621
f 1538//621 1539//621 1540//621
f 1540//622 1539//622 1541//622
f 1540//622 1541//622 1542//622
f 1542//623 1541//623 1543//623
f 1542//623 1543//623 1544//623
f 1544//624 1543//624 1545//624
f 1544//624 1545//624 1546//624
f 1546//625 1545//625 1547//625
f 1546//625 1547//625 1548//625
f 1548//626 1547//626 1549//626
f 1548//626 1549//626 1550//626
f 1550//627 1549//627 1551//627
f 1550//627 1551//627 1552//627
f 1552//628 1551//628 1465//628
f 1552//628 1465//628 1466//628
f 1161//629 871//629 1108//629
f 1108//629 871//629 1056//629
f 1108//629 1056//629 183//629
f 183//629 1056//629 1054//629
f 183//629 1054//629 164//629
f 164//629 1054//629 1092//629
f 164//629 1092//629 1090//629
f 1163//629 32//629 1161//629
f 1161//629 32//629 34//629
f 1161//629 34//629 884//629
f 884//629 34//629 467//629
f 884//629 467//629 916//629
f 916//629 467//629 469//629
f 916//629 469//629 914//629
f 914//629 469//629 472//629
f 914//629 472//629 912//629
f 912//629 472//629 474//629
f 912//629 474//629 910//629
f 910//629 474//629 476//629
f 910//629 476//629 908//629
f 908//629 476//629 478//629
f 908//629 478//629 906//629
f 906//629 478//629 480//629
f 906//629 480//629 904//629
f 904//629 480//629 482//629
f 904//629 482//629 902//629
f 902//629 482//629 484//629
f 902//629 484//629 900//629
f 900//629 484//629 486//629
f 900//629 486//629 898//629
f 898//629 486//629 488//629
f 898//629 488//629 896//629
f 896//629 488//629 490//629
f 896//629 490//629 894//629
f 894//629 490//629 492//629
f 894//629 492//629 892//629
f 892//629 492//629 494//629
f 892//629 494//629 890//629
f 890//629 494//629 496//629
f 890//629 496//629 887//629
f 887//629 496//629 498//629
f 887//629 498//629 885//629
f 885//629 498//629 466//629
f 885//629 466//629 918//629
f 918//629 466//629 433//629
f 918//629 433//629 435//629
f 32//629 1163//629 30//629
f 30//629 1163//629 1166//629
f 30//629 1166//629 28//629
f 28//629 1166//629 1168//629
f 28//629 1168//629 26//629
f 26//629 1168//629 1170//629
f 26//629 1170//629 24//629
f 24//629 1170//629 1172//629
f 24//629 1172//629 22//629
f 22//629 1172//629 1174//629
f 22//629 1174//629 20//629
f 20//629 1174//629 1176//629
f 20//629 1176//629 18//629
f 18//629 1176//629 1178//629
f 18//629 1178//629 16//629
f 16//629 1178//629 1180//629
f 16//629 1180//629 14//629
f 14//629 1180//629 1182//629
f 14//629 1182//629 12//629
f 12//629 1182//629 1184//629
f 12//629 1184//629 10//629
f 10//629 1184//629 1186//629
f 10//629 1186//629 8//629
f 8//629 1186//629 1188//629
f 8//629 1188//629 6//629
f 6//629 1188//629 1190//629
f 6//629 1190//629 3//629
f 3//629 1190//629 1192//629
f 3//629 1192//629 1//629
f 1//629 1192//629 1160//629
f 1//629 1160//629 1127//629
f 1//629 1127//629 36//629
f 36//629 1127//629 1129//629
f 36//629 1129//629 68//629
f 68//629 1129//629 1132//629
f 68//629 1132//629 66//629
f 66//629 1132//629 1134//629
f 66//629 1134//629 64//629
f 64//629 1134//629 1136//629
f 64//629 1136//629 62//629
f 62//629 1136//629 1138//629
f 62//629 1138//629 60//629
f 60//629 1138//629 1140//629
f 60//629 1140//629 58//629
f 58//629 1140//629 1142//629
f 58//629 1142//629 56//629
f 56//629 1142//629 1144//629
f 56//629 1144//629 54//629
f 54//629 1144//629 1146//629
f 54//629 1146//629 52//629
f 52//629 1146//629 1148//629
f 52//629 1148//629 50//629
f 50//629 1148//629 1150//629
f 50//629 1150//629 48//629
f 48//629 1150//629 1152//629
f 48//629 1152//629 46//629
f 46//629 1152//629 1154//629
f 46//629 1154//629 44//629
f 44//629 1154//629 1156//629
f 44//629 1156//629 42//629
f 42//629 1156//629 1158//629
f 42//629 1158//629 39//629
f 39//629 1158//629 1126//629
f 39//629 1126//629 37//629
f 37//629 1126//629 985//629
f 37//629 985//629 364//629
f 364//629 985//629 987//629
f 364//629 987//629 396//629
f 396//629 987//629 990//629
f 396//629 990//629 394//629
f 394//629 990//629 992//629
f 394//629 992//629 392//629
f 392//629 992//629 994//629
f 392//629 994//629 390//629
f 390//629 994//629 996//629
f 390//629 996//629 388//629
f 388//629 996//629 998//629
f 388//629 998//629 386//629
f 386//629 998//629 1000//629
f 386//629 1000//629 384//629
f 384//629 1000//629 1002//629
f 384//629 1002//629 382//629
f 382//629 1002//629 1004//629
f 382//629 1004//629 380//629
f 380//629 1004//629 1006//629
f 380//629 1006//629 378//629
f 378//629 1006//629 1008//629
f 378//629 1008//629 376//629
f 376//629 1008//629 1010//629
f 376//629 1010//629 374//629
f 374//629 1010//629 1012//629
f 374//629 1012//629 372//629
f 372//629 1012//629 1014//629
f 372//629 1014//629 370//629
f 370//629 1014//629 1016//629
f 370//629 1016//629 367//629
f 367//629 1016//629 984//629
f 367//629 984//629 365//629
f 365//629 984//629 398//629
f 398//629 984//629 949//629
f 398//629 949//629 428//629
f 428//629 949//629 951//629
f 428//629 951//629 426//629
f 426//629 951//629 954//629
f 426//629 954//629 424//629
f 424//629 954//629 956//629
f 424//629 956//629 422//629
f 422//629 956//629 958//629
f 422//629 958//629 420//629
f 420//629 958//629 960//629
f 420//629 960//629 418//629
f 418//629 960//629 962//629
f 418//629 962//629 416//629
f 416//629 962//629 964//629
f 416//629 964//629 414//629
f 414//629 964//629 966//629
f 414//629 966//629 412//629
f 412//629 966//629 968//629
f 412//629 968//629 410//629
f 410//629 968//629 970//629
f 410//629 970//629 408//629
f 408//629 970//629 972//629
f 408//629 972//629 406//629
f 406//629 972//629 974//629
f 406//629 974//629 404//629
f 404//629 974//629 976//629
f 404//629 976//629 402//629
f 402//629 976//629 978//629
f 402//629 978//629 399//629
f 399//629 978//629 980//629
f 399//629 980//629 272//629
f 272//629 980//629 982//629
f 272//629 982//629 638//629
f 638//629 982//629 753//629
f 638//629 753//629 670//629
f 670//629 753//629 755//629
f 670//629 755//629 668//629
f 668//629 755//629 758//629
f 668//629 758//629 666//629
f 666//629 758//629 760//629
f 666//629 760//629 664//629
f 664//629 760//629 762//629
f 664//629 762//629 662//629
f 662//629 762//629 764//629
f 662//629 764//629 660//629
f 660//629 764//629 766//629
f 660//629 766//629 658//629
f 658//629 766//629 768//629
f 658//629 768//629 656//629
f 656//629 768//629 770//629
f 656//629 770//629 654//629
f 654//629 770//629 772//629
f 654//629 772//629 652//629
f 652//629 772//629 774//629
f 652//629 774//629 650//629
f 650//629 774//629 776//629
f 650//629 776//629 648//629
f 648//629 776//629 778//629
f 648//629 778//629 646//629
f 646//629 778//629 780//629
f 646//629 780//629 644//629
f 644//629 780//629 782//629
f 644//629 782//629 641//629
f 641//629 782//629 784//629
f 641//629 784//629 639//629
f 639//629 784//629 751//629
f 639//629 751//629 752//629
f 985//629 1126//629 1018//629
f 1018//629 1126//629 1113//629
f 1018//629 1113//629 215//629
f 215//629 1113//629 166//629
f 215//629 166//629 230//629
f 230//629 166//629 163//629
f 230//629 163//629 1090//629
f 1090//629 163//629 164//629
f 1113//629 1114//629 166//629
f 166//629 1114//629 180//629
f 180//629 1114//629 1116//629
f 180//629 1116//629 178//629
f 178//629 1116//629 1118//629
f 178//629 1118//629 176//629
f 176//629 1118//629 1120//629
f 176//629 1120//629 174//629
f 174//629 1120//629 1121//629
f 174//629 1121//629 172//629
f 172//629 1121//629 1124//629
f 172//629 1124//629 169//629
f 169//629 1124//629 1110//629
f 169//629 1110//629 167//629
f 167//629 1110//629 1095//629
f 167//629 1095//629 182//629
f 182//629 1095//629 196//629
f 196//629 1095//629 1096//629
f 196//629 1096//629 194//629
f 194//629 1096//629 1098//629
f 194//629 1098//629 192//629
f 192//629 1098//629 1100//629
f 192//629 1100//629 190//629
f 190//629 1100//629 1102//629
f 190//629 1102//629 188//629
f 188//629 1102//629 1103//629
f 188//629 1103//629 185//629
f 185//629 1103//629 1106//629
f 185//629 1106//629 183//629
f 183//629 1106//629 1108//629
f 1092//629 1051//629 1088//629
f 1088//629 1051//629 254//629
f 1088//629 254//629 252//629
f 230//629 1090//629 232//629
f 232//629 1090//629 1087//629
f 232//629 1087//629 252//629
f 252//629 1087//629 1088//629
f 1073//629 851//629 1052//629
f 1052//629 851//629 805//629
f 1052//629 805//629 256//629
f 256//629 805//629 806//629
f 256//629 806//629 268//629
f 268//629 806//629 808//629
f 268//629 808//629 266//629
f 266//629 808//629 810//629
f 266//629 810//629 264//629
f 264//629 810//629 812//629
f 264//629 812//629 262//629
f 262//629 812//629 813//629
f 262//629 813//629 260//629
f 260//629 813//629 816//629
f 260//629 816//629 257//629
f 257//629 816//629 802//629
f 257//629 802//629 236//629
f 236//629 802//629 789//629
f 236//629 789//629 235//629
f 235//629 789//629 250//629
f 250//629 789//629 790//629
f 250//629 790//629 248//629
f 248//629 790//629 792//629
f 248//629 792//629 246//629
f 246//629 792//629 794//629
f 246//629 794//629 244//629
f 244//629 794//629 796//629
f 244//629 796//629 242//629
f 242//629 796//629 797//629
f 242//629 797//629 239//629
f 239//629 797//629 800//629
f 239//629 800//629 237//629
f 237//629 800//629 786//629
f 237//629 786//629 212//629
f 212//629 786//629 1037//629
f 212//629 1037//629 210//629
f 210//629 1037//629 1038//629
f 210//629 1038//629 208//629
f 208//629 1038//629 1040//629
f 208//629 1040//629 206//629
f 206//629 1040//629 1042//629
f 206//629 1042//629 204//629
f 204//629 1042//629 1044//629
f 204//629 1044//629 202//629
f 202//629 1044//629 1045//629
f 202//629 1045//629 199//629
f 199//629 1045//629 1048//629
f 199//629 1048//629 197//629
f 197//629 1048//629 1034//629
f 197//629 1034//629 214//629
f 214//629 1034//629 1021//629
f 214//629 1021//629 1022//629
f 851//629 1073//629 866//629
f 866//629 1073//629 1076//629
f 866//629 1076//629 863//629
f 863//629 1076//629 1078//629
f 863//629 1078//629 862//629
f 862//629 1078//629 1080//629
f 862//629 1080//629 860//629
f 860//629 1080//629 1082//629
f 860//629 1082//629 858//629
f 858//629 1082//629 1084//629
f 858//629 1084//629 856//629
f 856//629 1084//629 1072//629
f 856//629 1072//629 855//629
f 855//629 1072//629 868//629
f 868//629 1072//629 1057//629
f 868//629 1057//629 882//629
f 882//629 1057//629 1059//629
f 882//629 1059//629 879//629
f 879//629 1059//629 1062//629
f 879//629 1062//629 878//629
f 878//629 1062//629 1064//629
f 878//629 1064//629 876//629
f 876//629 1064//629 1066//629
f 876//629 1066//629 874//629
f 874//629 1066//629 1068//629
f 874//629 1068//629 872//629
f 872//629 1068//629 1070//629
f 872//629 1070//629 871//629
f 871//629 1070//629 1056//629
f 1054//629 1051//629 1092//629
f 254//629 1051//629 256//629
f 256//629 1051//629 1052//629
f 982//629 1037//629 753//629
f 753//629 1037//629 786//629
f 214//629 1022//629 228//629
f 228//629 1022//629 1024//629
f 228//629 1024//629 226//629
f 226//629 1024//629 1026//629
f 226//629 1026//629 224//629
f 224//629 1026//629 1028//629
f 224//629 1028//629 222//629
f 222//629 1028//629 1029//629
f 222//629 1029//629 220//629
f 220//629 1029//629 1032//629
f 220//629 1032//629 217//629
f 217//629 1032//629 1018//629
f 217//629 1018//629 215//629
f 919//629 431//629 852//629
f 852//629 431//629 673//629
f 852//629 673//629 818//629
f 818//629 673//629 675//629
f 818//629 675//629 848//629
f 848//629 675//629 678//629
f 848//629 678//629 846//629
f 846//629 678//629 680//629
f 846//629 680//629 844//629
f 844//629 680//629 682//629
f 844//629 682//629 842//629
f 842//629 682//629 684//629
f 842//629 684//629 840//629
f 840//629 684//629 686//629
f 840//629 686//629 838//629
f 838//629 686//629 688//629
f 838//629 688//629 836//629
f 836//629 688//629 690//629
f 836//629 690//629 834//629
f 834//629 690//629 692//629
f 834//629 692//629 832//629
f 832//629 692//629 694//629
f 832//629 694//629 830//629
f 830//629 694//629 696//629
f 830//629 696//629 828//629
f 828//629 696//629 698//629
f 828//629 698//629 826//629
f 826//629 698//629 700//629
f 826//629 700//629 824//629
f 824//629 700//629 702//629
f 824//629 702//629 822//629
f 822//629 702//629 704//629
f 822//629 704//629 819//629
f 819//629 704//629 672//629
f 819//629 672//629 752//629
f 752//629 672//629 639//629
f 431//629 919//629 464//629
f 464//629 919//629 922//629
f 464//629 922//629 462//629
f 462//629 922//629 924//629
f 462//629 924//629 460//629
f 460//629 924//629 926//629
f 460//629 926//629 458//629
f 458//629 926//629 928//629
f 458//629 928//629 456//629
f 456//629 928//629 930//629
f 456//629 930//629 454//629
f 454//629 930//629 932//629
f 454//629 932//629 452//629
f 452//629 932//629 934//629
f 452//629 934//629 450//629
f 450//629 934//629 936//629
f 450//629 936//629 448//629
f 448//629 936//629 938//629
f 448//629 938//629 446//629
f 446//629 938//629 940//629
f 446//629 940//629 444//629
f 444//629 940//629 942//629
f 444//629 942//629 442//629
f 442//629 942//629 944//629
f 442//629 944//629 440//629
f 440//629 944//629 946//629
f 440//629 946//629 438//629
f 438//629 946//629 948//629
f 438//629 948//629 435//629
f 435//629 948//629 918//629
f 884//629 871//629 1161//629
f 805//629 851//629 818//629
f 818//629 851//629 852//629
f 708//629 1195//629 592//629
f 592//629 1195//629 1196//629
f 592//629 1196//629 591//629
f 591//629 1196//629 636//629
f 636//629 1196//629 1468//629
f 636//629 1468//629 634//629
f 634//629 1468//629 1470//629
f 634//629 1470//629 632//629
f 632//629 1470//629 1472//629
f 632//629 1472//629 630//629
f 630//629 1472//629 1474//629
f 630//629 1474//629 628//629
f 628//629 1474//629 1476//629
f 628//629 1476//629 626//629
f 626//629 1476//629 1478//629
f 626//629 1478//629 624//629
f 624//629 1478//629 1480//629
f 624//629 1480//629 622//629
f 622//629 1480//629 1482//629
f 622//629 1482//629 620//629
f 620//629 1482//629 1484//629
f 620//629 1484//629 618//629
f 618//629 1484//629 1486//629
f 618//629 1486//629 616//629
f 616//629 1486//629 1488//629
f 616//629 1488//629 614//629
f 614//629 1488//629 1490//629
f 614//629 1490//629 612//629
f 612//629 1490//629 1492//629
f 612//629 1492//629 610//629
f 610//629 1492//629 1494//629
f 610//629 1494//629 608//629
f 608//629 1494//629 1496//629
f 608//629 1496//629 606//629
f 606//629 1496//629 1498//629
f 606//629 1498//629 604//629
f 604//629 1498//629 1500//629
f 604//629 1500//629 602//629
f 602//629 1500//629 1502//629
f 602//629 1502//629 600//629
f 600//629 1502//629 1504//629
f 600//629 1504//629 598//629
f 598//629 1504//629 1506//629
f 598//629 1506//629 596//629
f 596//629 1506//629 1508//629
f 596//629 1508//629 595//629
f 595//629 1508//629 1510//629
f 595//629 1510//629 271//629
f 271//629 1510//629 1512//629
f 271//629 1512//629 316//629
f 316//629 1512//629 1514//629
f 316//629 1514//629 314//629
f 314//629 1514//629 1516//629
f 314//629 1516//629 312//629
f 312//629 1516//629 1518//629
f 312//629 1518//629 310//629
f 310//629 1518//629 1520//629
f 310//629 1520//629 308//629
f 308//629 1520//629 1522//629
f 308//629 1522//629 306//629
f 306//629 1522//629 1523//629
f 306//629 1523//629 304//629
f 304//629 1523//629 1525//629
f 304//629 1525//629 302//629
f 302//629 1525//629 1528//629
f 302//629 1528//629 300//629
f 300//629 1528//629 1530//629
f 300//629 1530//629 298//629
f 298//629 1530//629 1532//629
f 298//629 1532//629 296//629
f 296//629 1532//629 1534//629
f 296//629 1534//629 294//629
f 294//629 1534//629 1536//629
f 294//629 1536//629 292//629
f 292//629 1536//629 1538//629
f 292//629 1538//629 290//629
f 290//629 1538//629 1540//629
f 290//629 1540//629 288//629
f 288//629 1540//629 1542//629
f 288//629 1542//629 286//629
f 286//629 1542//629 1544//629
f 286//629 1544//629 284//629
f 284//629 1544//629 1546//629
f 284//629 1546//629 282//629
f 282//629 1546//629 1548//629
f 282//629 1548//629 280//629
f 280//629 1548//629 1550//629
f 280//629 1550//629 278//629
f 278//629 1550//629 1552//629
f 278//629 1552//629 276//629
f 276//629 1552//629 1466//629
f 276//629 1466//629 275//629
f 275//629 1466//629 318//629
f 318//629 1466//629 1379//629
f 318//629 1379//629 362//629
f 362//629 1379//629 1380//629
f 362//629 1380//629 360//629
f 360//629 1380//629 1382//629
f 360//629 1382//629 358//629
f 358//629 1382//629 1384//629
f 358//629 1384//629 356//629
f 356//629 1384//629 1386//629
f 356//629 1386//629 354//629
f 354//629 1386//629 1388//629
f 354//629 1388//629 352//629
f 352//629 1388//629 1390//629
f 352//629 1390//629 350//629
f 350//629 1390//629 1392//629
f 350//629 1392//629 348//629
f 348//629 1392//629 1394//629
f 348//629 1394//629 346//629
f 346//629 1394//629 1396//629
f 346//629 1396//629 344//629
f 344//629 1396//629 1398//629
f 344//629 1398//629 342//629
f 342//629 1398//629 1400//629
f 342//629 1400//629 340//629
f 340//629 1400//629 1402//629
f 340//629 1402//629 338//629
f 338//629 1402//629 1404//629
f 338//629 1404//629 336//629
f 336//629 1404//629 1406//629
f 336//629 1406//629 334//629
f 334//629 1406//629 1408//629
f 334//629 1408//629 332//629
f 332//629 1408//629 1410//629
f 332//629 1410//629 330//629
f 330//629 1410//629 1412//629
f 330//629 1412//629 328//629
f 328//629 1412//629 1414//629
f 328//629 1414//629 326//629
f 326//629 1414//629 1416//629
f 326//629 1416//629 324//629
f 324//629 1416//629 1418//629
f 324//629 1418//629 322//629
f 322//629 1418//629 1420//629
f 322//629 1420//629 321//629
f 321//629 1420//629 1422//629
f 321//629 1422//629 70//629
f 70//629 1422//629 1424//629
f 70//629 1424//629 114//629
f 114//629 1424//629 1426//629
f 114//629 1426//629 112//629
f 112//629 1426//629 1428//629
f 112//629 1428//629 110//629
f 110//629 1428//629 1430//629
f 110//629 1430//629 108//629
f 108//629 1430//629 1432//629
f 108//629 1432//629 106//629
f 106//629 1432//629 1434//629
f 106//629 1434//629 104//629
f 104//629 1434//629 1435//629
f 104//629 1435//629 102//629
f 102//629 1435//629 1437//629
f 102//629 1437//629 100//629
f 100//629 1437//629 1440//629
f 100//629 1440//629 98//629
f 98//629 1440//629 1442//629
f 98//629 1442//629 96//629
f 96//629 1442//629 1444//629
f 96//629 1444//629 94//629
f 94//629 1444//629 1446//629
f 94//629 1446//629 92//629
f 92//629 1446//629 1448//629
f 92//629 1448//629 90//629
f 90//629 1448//629 1450//629
f 90//629 1450//629 88//629
f 88//629 1450//629 1452//629
f 88//629 1452//629 86//629
f 86//629 1452//629 1454//629
f 86//629 1454//629 84//629
f 84//629 1454//629 1456//629
f 84//629 1456//629 82//629
f 82//629 1456//629 1458//629
f 82//629 1458//629 80//629
f 80//629 1458//629 1460//629
f 80//629 1460//629 78//629
f 78//629 1460//629 1462//629
f 78//629 1462//629 76//629
f 76//629 1462//629 1464//629
f 76//629 1464//629 74//629
f 74//629 1464//629 1376//629
f 74//629 1376//629 73//629
f 73//629 1376//629 1289//629
f 73//629 1289//629 116//629
f 116//629 1289//629 160//629
f 160//629 1289//629 1290//629
f 160//629 1290//629 158//629
f 158//629 1290//629 1292//629
f 158//629 1292//629 156//629
f 156//629 1292//629 1294//629
f 156//629 1294//629 154//629
f 154//629 1294//629 1296//629
f 154//629 1296//629 152//629
f 152//629 1296//629 1298//629
f 152//629 1298//629 150//629
f 150//629 1298//629 1300//629
f 150//629 1300//629 148//629
f 148//629 1300//629 1302//629
f 148//629 1302//629 146//629
f 146//629 1302//629 1304//629
f 146//629 1304//629 144//629
f 144//629 1304//629 1306//629
f 144//629 1306//629 142//629
f 142//629 1306//629 1308//629
f 142//629 1308//629 140//629
f 140//629 1308//629 1310//629
f 140//629 1310//629 138//629
f 138//629 1310//629 1312//629
f 138//629 1312//629 136//629
f 136//629 1312//629 1314//629
f 136//629 1314//629 134//629
f 134//629 1314//629 1316//629
f 134//629 1316//629 132//629
f 132//629 1316//629 1318//629
f 132//629 1318//629 130//629
f 130//629 1318//629 1320//629
f 130//629 1320//629 128//629
f 128//629 1320//629 1322//629
f 128//629 1322//629 126//629
f 126//629 1322//629 1324//629
f 126//629 1324//629 124//629
f 124//629 1324//629 1326//629
f 124//629 1326//629 122//629
f 122//629 1326//629 1328//629
f 122//629 1328//629 120//629
f 120//629 1328//629 1330//629
f 120//629 1330//629 119//629
f 119//629 1330//629 1332//629
f 119//629 1332//629 500//629
f 500//629 1332//629 1334//629
f 500//629 1334//629 544//629
f 544//629 1334//629 1336//629
f 544//629 1336//629 542//629
f 542//629 1336//629 1338//629
f 542//629 1338//629 540//629
f 540//629 1338//629 1340//629
f 540//629 1340//629 538//629
f 538//629 1340//629 1342//629
f 538//629 1342//629 536//629
f 536//629 1342//629 1344//629
f 536//629 1344//629 534//629
f 534//629 1344//629 1345//629
f 534//629 1345//629 532//629
f 532//629 1345//629 1347//629
f 532//629 1347//629 530//629
f 530//629 1347//629 1350//629
f 530//629 1350//629 528//629
f 528//629 1350//629 1352//629
f 528//629 1352//629 526//629
f 526//629 1352//629 1354//629
f 526//629 1354//629 524//629
f 524//629 1354//629 1356//629
f 524//629 1356//629 522//629
f 522//629 1356//629 1358//629
f 522//629 1358//629 520//629
f 520//629 1358//629 1360//629
f 520//629 1360//629 518//629
f 518//629 1360//629 1362//629
f 518//629 1362//629 516//629
f 516//629 1362//629 1364//629
f 516//629 1364//629 514//629
f 514//629 1364//629 1366//629
f 514//629 1366//629 512//629
f 512//629 1366//629 1368//629
f 512//629 1368//629 510//629
f 510//629 1368//629 1370//629
f 510//629 1370//629 508//629
f 508//629 1370//629 1372//629
f 508//629 1372//629 506//629
f 506//629 1372//629 1374//629
f 506//629 1374//629 504//629
f 504//629 1374//629 1286//629
f 504//629 1286//629 503//629
f 503//629 1286//629 546//629
f 546//629 1286//629 1199//629
f 546//629 1199//629 588//629
f 588//629 1199//629 1200//629
f 588//629 1200//629 586//629
f 586//629 1200//629 1202//629
f 586//629 1202//629 584//629
f 584//629 1202//629 1204//629
f 584//629 1204//629 582//629
f 582//629 1204//629 1206//629
f 582//629 1206//629 580//629
f 580//629 1206//629 1208//629
f 580//629 1208//629 578//629
f 578//629 1208//629 1210//629
f 578//629 1210//629 576//629
f 576//629 1210//629 1212//629
f 576//629 1212//629 574//629
f 574//629 1212//629 1214//629
f 574//629 1214//629 572//629
f 572//629 1214//629 1216//629
f 572//629 1216//629 570//629
f 570//629 1216//629 1218//629
f 570//629 1218//629 568//629
f 568//629 1218//629 1220//629
f 568//629 1220//629 566//629
f 566//629 1220//629 1222//629
f 566//629 1222//629 564//629
f 564//629 1222//629 1224//629
f 564//629 1224//629 562//629
f 562//629 1224//629 1226//629
f 562//629 1226//629 560//629
f 560//629 1226//629 1228//629
f 560//629 1228//629 558//629
f 558//629 1228//629 1230//629
f 558//629 1230//629 556//629
f 556//629 1230//629 1232//629
f 556//629 1232//629 554//629
f 554//629 1232//629 1234//629
f 554//629 1234//629 552//629
f 552//629 1234//629 1236//629
f 552//629 1236//629 550//629
f 550//629 1236//629 1238//629
f 550//629 1238//629 548//629
f 548//629 1238//629 1240//629
f 548//629 1240//629 432//629
f 432//629 1240//629 1242//629
f 432//629 1242//629 706//629
f 706//629 1242//629 1244//629
f 706//629 1244//629 748//629
f 748//629 1244//629 1246//629
f 748//629 1246//629 746//629
f 746//629 1246//629 1248//629
f 746//629 1248//629 744//629
f 744//629 1248//629 1250//629
f 744//629 1250//629 742//629
f 742//629 1250//629 1252//629
f 742//629 1252//629 740//629
f 740//629 1252//629 1254//629
f 740//629 1254//629 738//629
f 738//629 1254//629 1255//629
f 738//629 1255//629 736//629
f 736//629 1255//629 1257//629
f 736//629 1257//629 734//629
f 734//629 1257//629 1260//629
f 734//629 1260//629 732//629
f 732//629 1260//629 1262//629
f 732//629 1262//629 730//629
f 730//629 1262//629 1264//629
f 730//629 1264//629 728//629
f 728//629 1264//629 1266//629
f 728//629 1266//629 726//629
f 726//629 1266//629 1268//629
f 726//629 1268//629 724//629
f 724//629 1268//629 1270//629
f 724//629 1270//629 722//629
f 722//629 1270//629 1272//629
f 722//629 1272//629 720//629
f 720//629 1272//629 1274//629
f 720//629 1274//629 718//629
f 718//629 1274//629 1276//629
f 718//629 1276//629 716//629
f 716//629 1276//629 1278//629
f 716//629 1278//629 714//629
f 714//629 1278//629 1280//629
f 714//629 1280//629 712//629
f 712//629 1280//629 1282//629
f 712//629 1282//629 710//629
f 710//629 1282//629 1284//629
f 710//629 1284//629 708//629
f 708//629 1284//629 1195//629
f 432//629 706//629 431//629
f 431//629 706//629 673//629
f 638//629 595//629 272//629
f 272//629 595//629 271//629
f 500//629 467//629 119//629
f 119//629 467//629 34//629
f 37//629 364//629 70//629
f 70//629 364//629 321//629
f 252//629 237//629 232//629
f 232//629 237//629 212//629
f 1107//630 869//630 1162//630
f 1162//630 869//630 883//630
f 1162//630 883//630 33//630
f 33//630 883//630 468//630
f 33//630 468//630 117//630
f 117//630 468//630 499//630
f 117//630 499//630 1331//630
f 1331//630 499//630 1333//630
f 1333//630 499//630 543//630
f 1333//630 543//630 1335//630
f 1335//630 543//630 541//630
f 1335//630 541//630 1337//630
f 1337//630 541//630 539//630
f 1337//630 539//630 1339//630
f 1339//630 539//630 537//630
f 1339//630 537//630 1341//630
f 1341//630 537//630 535//630
f 1341//630 535//630 1343//630
f 1343//630 535//630 533//630
f 1343//630 533//630 1346//630
f 1346//630 533//630 531//630
f 1346//630 531//630 1348//630
f 1348//630 531//630 529//630
f 1348//630 529//630 1349//630
f 1349//630 529//630 527//630
f 1349//630 527//630 1351//630
f 1351//630 527//630 525//630
f 1351//630 525//630 1353//630
f 1353//630 525//630 523//630
f 1353//630 523//630 1355//630
f 1355//630 523//630 521//630
f 1355//630 521//630 1357//630
f 1357//630 521//630 519//630
f 1357//630 519//630 1359//630
f 1359//630 519//630 517//630
f 1359//630 517//630 1361//630
f 1361//630 517//630 515//630
f 1361//630 515//630 1363//630
f 1363//630 515//630 513//630
f 1363//630 513//630 1365//630
f 1365//630 513//630 511//630
f 1365//630 511//630 1367//630
f 1367//630 511//630 509//630
f 1367//630 509//630 1369//630
f 1369//630 509//630 507//630
f 1369//630 507//630 1371//630
f 1371//630 507//630 505//630
f 1371//630 505//630 1373//630
f 1373//630 505//630 502//630
f 1373//630 502//630 1285//630
f 1285//630 502//630 501//630
f 1285//630 501//630 1197//630
f 1197//630 501//630 545//630
f 1197//630 545//630 587//630
f 1105//630 184//630 1107//630
f 1107//630 184//630 1055//630
f 1107//630 1055//630 869//630
f 869//630 1055//630 1069//630
f 869//630 1069//630 870//630
f 870//630 1069//630 1067//630
f 870//630 1067//630 873//630
f 873//630 1067//630 1065//630
f 873//630 1065//630 875//630
f 875//630 1065//630 1063//630
f 875//630 1063//630 877//630
f 877//630 1063//630 1061//630
f 877//630 1061//630 880//630
f 880//630 1061//630 1060//630
f 880//630 1060//630 881//630
f 881//630 1060//630 1058//630
f 881//630 1058//630 867//630
f 867//630 1058//630 853//630
f 853//630 1058//630 1071//630
f 853//630 1071//630 854//630
f 854//630 1071//630 1083//630
f 854//630 1083//630 857//630
f 857//630 1083//630 1081//630
f 857//630 1081//630 859//630
f 859//630 1081//630 1079//630
f 859//630 1079//630 861//630
f 861//630 1079//630 1077//630
f 861//630 1077//630 864//630
f 864//630 1077//630 1075//630
f 864//630 1075//630 865//630
f 865//630 1075//630 1074//630
f 865//630 1074//630 849//630
f 849//630 1074//630 1050//630
f 849//630 1050//630 803//630
f 803//630 1050//630 255//630
f 803//630 255//630 804//630
f 804//630 255//630 267//630
f 804//630 267//630 807//630
f 807//630 267//630 265//630
f 807//630 265//630 809//630
f 809//630 265//630 263//630
f 809//630 263//630 811//630
f 811//630 263//630 261//630
f 811//630 261//630 814//630
f 814//630 261//630 259//630
f 814//630 259//630 815//630
f 815//630 259//630 258//630
f 815//630 258//630 801//630
f 801//630 258//630 234//630
f 801//630 234//630 233//630
f 184//630 1105//630 186//630
f 186//630 1105//630 1104//630
f 186//630 1104//630 187//630
f 187//630 1104//630 1101//630
f 187//630 1101//630 189//630
f 189//630 1101//630 1099//630
f 189//630 1099//630 191//630
f 191//630 1099//630 1097//630
f 191//630 1097//630 193//630
f 193//630 1097//630 1094//630
f 193//630 1094//630 195//630
f 195//630 1094//630 1093//630
f 195//630 1093//630 181//630
f 181//630 1093//630 1109//630
f 181//630 1109//630 168//630
f 168//630 1109//630 170//630
f 170//630 1109//630 1123//630
f 170//630 1123//630 171//630
f 171//630 1123//630 1122//630
f 171//630 1122//630 173//630
f 173//630 1122//630 1119//630
f 173//630 1119//630 175//630
f 175//630 1119//630 1117//630
f 175//630 1117//630 177//630
f 177//630 1117//630 1115//630
f 177//630 1115//630 179//630
f 179//630 1115//630 1112//630
f 179//630 1112//630 165//630
f 165//630 1112//630 1111//630
f 165//630 1111//630 216//630
f 216//630 1111//630 1017//630
f 216//630 1017//630 218//630
f 218//630 1017//630 1031//630
f 218//630 1031//630 219//630
f 219//630 1031//630 1030//630
f 219//630 1030//630 221//630
f 221//630 1030//630 1027//630
f 221//630 1027//630 223//630
f 223//630 1027//630 1025//630
f 223//630 1025//630 225//630
f 225//630 1025//630 1023//630
f 225//630 1023//630 227//630
f 227//630 1023//630 1020//630
f 227//630 1020//630 213//630
f 213//630 1020//630 1019//630
f 213//630 1019//630 198//630
f 198//630 1019//630 1033//630
f 198//630 1033//630 1047//630
f 1111//630 1125//630 1017//630
f 1017//630 1125//630 986//630
f 986//630 1125//630 38//630
f 986//630 38//630 363//630
f 363//630 38//630 69//630
f 363//630 69//630 319//630
f 319//630 69//630 1421//630
f 319//630 1421//630 1419//630
f 38//630 1125//630 40//630
f 40//630 1125//630 1157//630
f 40//630 1157//630 41//630
f 41//630 1157//630 1155//630
f 41//630 1155//630 43//630
f 43//630 1155//630 1153//630
f 43//630 1153//630 45//630
f 45//630 1153//630 1151//630
f 45//630 1151//630 47//630
f 47//630 1151//630 1149//630
f 47//630 1149//630 49//630
f 49//630 1149//630 1147//630
f 49//630 1147//630 51//630
f 51//630 1147//630 1145//630
f 51//630 1145//630 53//630
f 53//630 1145//630 1143//630
f 53//630 1143//630 55//630
f 55//630 1143//630 1141//630
f 55//630 1141//630 57//630
f 57//630 1141//630 1139//630
f 57//630 1139//630 59//630
f 59//630 1139//630 1137//630
f 59//630 1137//630 61//630
f 61//630 1137//630 1135//630
f 61//630 1135//630 63//630
f 63//630 1135//630 1133//630
f 63//630 1133//630 65//630
f 65//630 1133//630 1131//630
f 65//630 1131//630 67//630
f 67//630 1131//630 1130//630
f 67//630 1130//630 35//630
f 35//630 1130//630 1128//630
f 35//630 1128//630 1159//630
f 35//630 1159//630 2//630
f 2//630 1159//630 1191//630
f 2//630 1191//630 4//630
f 4//630 1191//630 1189//630
f 4//630 1189//630 5//630
f 5//630 1189//630 1187//630
f 5//630 1187//630 7//630
f 7//630 1187//630 1185//630
f 7//630 1185//630 9//630
f 9//630 1185//630 1183//630
f 9//630 1183//630 11//630
f 11//630 1183//630 1181//630
f 11//630 1181//630 13//630
f 13//630 1181//630 1179//630
f 13//630 1179//630 15//630
f 15//630 1179//630 1177//630
f 15//630 1177//630 17//630
f 17//630 1177//630 1175//630
f 17//630 1175//630 19//630
f 19//630 1175//630 1173//630
f 19//630 1173//630 21//630
f 21//630 1173//630 1171//630
f 21//630 1171//630 23//630
f 23//630 1171//630 1169//630
f 23//630 1169//630 25//630
f 25//630 1169//630 1167//630
f 25//630 1167//630 27//630
f 27//630 1167//630 1165//630
f 27//630 1165//630 29//630
f 29//630 1165//630 1164//630
f 29//630 1164//630 31//630
f 31//630 1164//630 1162//630
f 31//630 1162//630 33//630
f 1086//630 1049//630 1091//630
f 1091//630 1049//630 1053//630
f 1091//630 1053//630 162//630
f 162//630 1053//630 184//630
f 184//630 1053//630 1055//630
f 1049//630 1086//630 253//630
f 253//630 1086//630 1085//630
f 253//630 1085//630 251//630
f 251//630 1085//630 231//630
f 251//630 231//630 238//630
f 238//630 231//630 211//630
f 238//630 211//630 785//630
f 785//630 211//630 1035//630
f 785//630 1035//630 754//630
f 754//630 1035//630 981//630
f 754//630 981//630 637//630
f 637//630 981//630 270//630
f 637//630 270//630 593//630
f 593//630 270//630 269//630
f 593//630 269//630 1509//630
f 1509//630 269//630 1511//630
f 1511//630 269//630 315//630
f 1511//630 315//630 1513//630
f 1513//630 315//630 313//630
f 1513//630 313//630 1515//630
f 1515//630 313//630 311//630
f 1515//630 311//630 1517//630
f 1517//630 311//630 309//630
f 1517//630 309//630 1519//630
f 1519//630 309//630 307//630
f 1519//630 307//630 1521//630
f 1521//630 307//630 305//630
f 1521//630 305//630 1524//630
f 1524//630 305//630 303//630
f 1524//630 303//630 1526//630
f 1526//630 303//630 301//630
f 1526//630 301//630 1527//630
f 1527//630 301//630 299//630
f 1527//630 299//630 1529//630
f 1529//630 299//630 297//630
f 1529//630 297//630 1531//630
f 1531//630 297//630 295//630
f 1531//630 295//630 1533//630
f 1533//630 295//630 293//630
f 1533//630 293//630 1535//630
f 1535//630 293//630 291//630
f 1535//630 291//630 1537//630
f 1537//630 291//630 289//630
f 1537//630 289//630 1539//630
f 1539//630 289//630 287//630
f 1539//630 287//630 1541//630
f 1541//630 287//630 285//630
f 1541//630 285//630 1543//630
f 1543//630 285//630 283//630
f 1543//630 283//630 1545//630
f 1545//630 283//630 281//630
f 1545//630 281//630 1547//630
f 1547//630 281//630 279//630
f 1547//630 279//630 1549//630
f 1549//630 279//630 277//630
f 1549//630 277//630 1551//630
f 1551//630 277//630 274//630
f 1551//630 274//630 1465//630
f 1465//630 274//630 273//630
f 1465//630 273//630 1377//630
f 1377//630 273//630 317//630
f 1377//630 317//630 361//630
f 1085//630 1089//630 231//630
f 231//630 1089//630 229//630
f 229//630 1089//630 161//630
f 229//630 161//630 165//630
f 1089//630 1091//630 161//630
f 161//630 1091//630 162//630
f 1050//630 1049//630 255//630
f 255//630 1049//630 253//630
f 981//630 979//630 270//630
f 270//630 979//630 400//630
f 400//630 979//630 977//630
f 400//630 977//630 401//630
f 401//630 977//630 975//630
f 401//630 975//630 403//630
f 403//630 975//630 973//630
f 403//630 973//630 405//630
f 405//630 973//630 971//630
f 405//630 971//630 407//630
f 407//630 971//630 969//630
f 407//630 969//630 409//630
f 409//630 969//630 967//630
f 409//630 967//630 411//630
f 411//630 967//630 965//630
f 411//630 965//630 413//630
f 413//630 965//630 963//630
f 413//630 963//630 415//630
f 415//630 963//630 961//630
f 415//630 961//630 417//630
f 417//630 961//630 959//630
f 417//630 959//630 419//630
f 419//630 959//630 957//630
f 419//630 957//630 421//630
f 421//630 957//630 955//630
f 421//630 955//630 423//630
f 423//630 955//630 953//630
f 423//630 953//630 425//630
f 425//630 953//630 952//630
f 425//630 952//630 427//630
f 427//630 952//630 950//630
f 427//630 950//630 397//630
f 397//630 950//630 366//630
f 366//630 950//630 983//630
f 366//630 983//630 368//630
f 368//630 983//630 1015//630
f 368//630 1015//630 369//630
f 369//630 1015//630 1013//630
f 369//630 1013//630 371//630
f 371//630 1013//630 1011//630
f 371//630 1011//630 373//630
f 373//630 1011//630 1009//630
f 373//630 1009//630 375//630
f 375//630 1009//630 1007//630
f 375//630 1007//630 377//630
f 377//630 1007//630 1005//630
f 377//630 1005//630 379//630
f 379//630 1005//630 1003//630
f 379//630 1003//630 381//630
f 381//630 1003//630 1001//630
f 381//630 1001//630 383//630
f 383//630 1001//630 999//630
f 383//630 999//630 385//630
f 385//630 999//630 997//630
f 385//630 997//630 387//630
f 387//630 997//630 995//630
f 387//630 995//630 389//630
f 389//630 995//630 993//630
f 389//630 993//630 391//630
f 391//630 993//630 991//630
f 391//630 991//630 393//630
f 393//630 991//630 989//630
f 393//630 989//630 395//630
f 395//630 989//630 988//630
f 395//630 988//630 363//630
f 363//630 988//630 986//630
f 198//630 1047//630 200//630
f 200//630 1047//630 1046//630
f 200//630 1046//630 201//630
f 201//630 1046//630 1043//630
f 201//630 1043//630 203//630
f 203//630 1043//630 1041//630
f 203//630 1041//630 205//630
f 205//630 1041//630 1039//630
f 205//630 1039//630 207//630
f 207//630 1039//630 1036//630
f 207//630 1036//630 209//630
f 209//630 1036//630 1035//630
f 209//630 1035//630 211//630
f 947//630 436//630 917//630
f 917//630 436//630 434//630
f 917//630 434//630 886//630
f 886//630 434//630 465//630
f 886//630 465//630 497//630
f 436//630 947//630 437//630
f 437//630 947//630 945//630
f 437//630 945//630 439//630
f 439//630 945//630 943//630
f 439//630 943//630 441//630
f 441//630 943//630 941//630
f 441//630 941//630 443//630
f 443//630 941//630 939//630
f 443//630 939//630 445//630
f 445//630 939//630 937//630
f 445//630 937//630 447//630
f 447//630 937//630 935//630
f 447//630 935//630 449//630
f 449//630 935//630 933//630
f 449//630 933//630 451//630
f 451//630 933//630 931//630
f 451//630 931//630 453//630
f 453//630 931//630 929//630
f 453//630 929//630 455//630
f 455//630 929//630 927//630
f 455//630 927//630 457//630
f 457//630 927//630 925//630
f 457//630 925//630 459//630
f 459//630 925//630 923//630
f 459//630 923//630 461//630
f 461//630 923//630 921//630
f 461//630 921//630 463//630
f 463//630 921//630 920//630
f 463//630 920//630 429//630
f 429//630 920//630 850//630
f 429//630 850//630 674//630
f 674//630 850//630 817//630
f 674//630 817//630 676//630
f 676//630 817//630 847//630
f 676//630 847//630 677//630
f 677//630 847//630 845//630
f 677//630 845//630 679//630
f 679//630 845//630 843//630
f 679//630 843//630 681//630
f 681//630 843//630 841//630
f 681//630 841//630 683//630
f 683//630 841//630 839//630
f 683//630 839//630 685//630
f 685//630 839//630 837//630
f 685//630 837//630 687//630
f 687//630 837//630 835//630
f 687//630 835//630 689//630
f 689//630 835//630 833//630
f 689//630 833//630 691//630
f 691//630 833//630 831//630
f 691//630 831//630 693//630
f 693//630 831//630 829//630
f 693//630 829//630 695//630
f 695//630 829//630 827//630
f 695//630 827//630 697//630
f 697//630 827//630 825//630
f 697//630 825//630 699//630
f 699//630 825//630 823//630
f 699//630 823//630 701//630
f 701//630 823//630 821//630
f 701//630 821//630 703//630
f 703//630 821//630 820//630
f 703//630 820//630 671//630
f 671//630 820//630 750//630
f 671//630 750//630 749//630
f 850//630 849//630 817//630
f 817//630 849//630 803//630
f 883//630 915//630 468//630
f 468//630 915//630 470//630
f 470//630 915//630 913//630
f 470//630 913//630 471//630
f 471//630 913//630 911//630
f 471//630 911//630 473//630
f 473//630 911//630 909//630
f 473//630 909//630 475//630
f 475//630 909//630 907//630
f 475//630 907//630 477//630
f 477//630 907//630 905//630
f 477//630 905//630 479//630
f 479//630 905//630 903//630
f 479//630 903//630 481//630
f 481//630 903//630 901//630
f 481//630 901//630 483//630
f 483//630 901//630 899//630
f 483//630 899//630 485//630
f 485//630 899//630 897//630
f 485//630 897//630 487//630
f 487//630 897//630 895//630
f 487//630 895//630 489//630
f 489//630 895//630 893//630
f 489//630 893//630 491//630
f 491//630 893//630 891//630
f 491//630 891//630 493//630
f 493//630 891//630 889//630
f 493//630 889//630 495//630
f 495//630 889//630 888//630
f 495//630 888//630 497//630
f 497//630 888//630 886//630
f 671//630 749//630 640//630
f 640//630 749//630 783//630
f 640//630 783//630 642//630
f 642//630 783//630 781//630
f 642//630 781//630 643//630
f 643//630 781//630 779//630
f 643//630 779//630 645//630
f 645//630 779//630 777//630
f 645//630 777//630 647//630
f 647//630 777//630 775//630
f 647//630 775//630 649//630
f 649//630 775//630 773//630
f 649//630 773//630 651//630
f 651//630 773//630 771//630
f 651//630 771//630 653//630
f 653//630 771//630 769//630
f 653//630 769//630 655//630
f 655//630 769//630 767//630
f 655//630 767//630 657//630
f 657//630 767//630 765//630
f 657//630 765//630 659//630
f 659//630 765//630 763//630
f 659//630 763//630 661//630
f 661//630 763//630 761//630
f 661//630 761//630 663//630
f 663//630 761//630 759//630
f 663//630 759//630 665//630
f 665//630 759//630 757//630
f 665//630 757//630 667//630
f 667//630 757//630 756//630
f 667//630 756//630 669//630
f 669//630 756//630 754//630
f 669//630 754//630 637//630
f 785//630 799//630 238//630
f 238//630 799//630 240//630
f 240//630 799//630 798//630
f 240//630 798//630 241//630
f 241//630 798//630 795//630
f 241//630 795//630 243//630
f 243//630 795//630 793//630
f 243//630 793//630 245//630
f 245//630 793//630 791//630
f 245//630 791//630 247//630
f 247//630 791//630 788//630
f 247//630 788//630 249//630
f 249//630 788//630 787//630
f 249//630 787//630 233//630
f 233//630 787//630 801//630
f 747//630 1243//630 705//630
f 705//630 1243//630 1241//630
f 705//630 1241//630 430//630
f 430//630 1241//630 1239//630
f 430//630 1239//630 547//630
f 547//630 1239//630 1237//630
f 547//630 1237//630 549//630
f 549//630 1237//630 1235//630
f 549//630 1235//630 551//630
f 551//630 1235//630 1233//630
f 551//630 1233//630 553//630
f 553//630 1233//630 1231//630
f 553//630 1231//630 555//630
f 555//630 1231//630 1229//630
f 555//630 1229//630 557//630
f 557//630 1229//630 1227//630
f 557//630 1227//630 559//630
f 559//630 1227//630 1225//630
f 559//630 1225//630 561//630
f 561//630 1225//630 1223//630
f 561//630 1223//630 563//630
f 563//630 1223//630 1221//630
f 563//630 1221//630 565//630
f 565//630 1221//630 1219//630
f 565//630 1219//630 567//630
f 567//630 1219//630 1217//630
f 567//630 1217//630 569//630
f 569//630 1217//630 1215//630
f 569//630 1215//630 571//630
f 571//630 1215//630 1213//630
f 571//630 1213//630 573//630
f 573//630 1213//630 1211//630
f 573//630 1211//630 575//630
f 575//630 1211//630 1209//630
f 575//630 1209//630 577//630
f 577//630 1209//630 1207//630
f 577//630 1207//630 579//630
f 579//630 1207//630 1205//630
f 579//630 1205//630 581//630
f 581//630 1205//630 1203//630
f 581//630 1203//630 583//630
f 583//630 1203//630 1201//630
f 583//630 1201//630 585//630
f 585//630 1201//630 1198//630
f 585//630 1198//630 587//630
f 587//630 1198//630 1197//630
f 1243//630 747//630 1245//630
f 1245//630 747//630 745//630
f 1245//630 745//630 1247//630
f 1247//630 745//630 743//630
f 1247//630 743//630 1249//630
f 1249//630 743//630 741//630
f 1249//630 741//630 1251//630
f 1251//630 741//630 739//630
f 1251//630 739//630 1253//630
f 1253//630 739//630 737//630
f 1253//630 737//630 1256//630
f 1256//630 737//630 735//630
f 1256//630 735//630 1258//630
f 1258//630 735//630 733//630
f 1258//630 733//630 1259//630
f 1259//630 733//630 731//630
f 1259//630 731//630 1261//630
f 1261//630 731//630 729//630
f 1261//630 729//630 1263//630
f 1263//630 729//630 727//630
f 1263//630 727//630 1265//630
f 1265//630 727//630 725//630
f 1265//630 725//630 1267//630
f 1267//630 725//630 723//630
f 1267//630 723//630 1269//630
f 1269//630 723//630 721//630
f 1269//630 721//630 1271//630
f 1271//630 721//630 719//630
f 1271//630 719//630 1273//630
f 1273//630 719//630 717//630
f 1273//630 717//630 1275//630
f 1275//630 717//630 715//630
f 1275//630 715//630 1277//630
f 1277//630 715//630 713//630
f 1277//630 713//630 1279//630
f 1279//630 713//630 711//630
f 1279//630 711//630 1281//630
f 1281//630 711//630 709//630
f 1281//630 709//630 1283//630
f 1283//630 709//630 707//630
f 1283//630 707//630 1193//630
f 1193//630 707//630 590//630
f 1193//630 590//630 589//630
f 1193//630 589//630 1194//630
f 1194//630 589//630 635//630
f 1194//630 635//630 1467//630
f 1467//630 635//630 633//630
f 1467//630 633//630 1469//630
f 1469//630 633//630 631//630
f 1469//630 631//630 1471//630
f 1471//630 631//630 629//630
f 1471//630 629//630 1473//630
f 1473//630 629//630 627//630
f 1473//630 627//630 1475//630
f 1475//630 627//630 625//630
f 1475//630 625//630 1477//630
f 1477//630 625//630 623//630
f 1477//630 623//630 1479//630
f 1479//630 623//630 621//630
f 1479//630 621//630 1481//630
f 1481//630 621//630 619//630
f 1481//630 619//630 1483//630
f 1483//630 619//630 617//630
f 1483//630 617//630 1485//630
f 1485//630 617//630 615//630
f 1485//630 615//630 1487//630
f 1487//630 615//630 613//630
f 1487//630 613//630 1489//630
f 1489//630 613//630 611//630
f 1489//630 611//630 1491//630
f 1491//630 611//630 609//630
f 1491//630 609//630 1493//630
f 1493//630 609//630 607//630
f 1493//630 607//630 1495//630
f 1495//630 607//630 605//630
f 1495//630 605//630 1497//630
f 1497//630 605//630 603//630
f 1497//630 603//630 1499//630
f 1499//630 603//630 601//630
f 1499//630 601//630 1501//630
f 1501//630 601//630 599//630
f 1501//630 599//630 1503//630
f 1503//630 599//630 597//630
f 1503//630 597//630 1505//630
f 1505//630 597//630 594//630
f 1505//630 594//630 1507//630
f 1507//630 594//630 593//630
f 1507//630 593//630 1509//630
f 674//630 705//630 429//630
f 429//630 705//630 430//630
f 1377//630 361//630 1378//630
f 1378//630 361//630 359//630
f 1378//630 359//630 1381//630
f 1381//630 359//630 357//630
f 1381//630 357//630 1383//630
f 1383//630 357//630 355//630
f 1383//630 355//630 1385//630
f 1385//630 355//630 353//630
f 1385//630 353//630 1387//630
f 1387//630 353//630 351//630
f 1387//630 351//630 1389//630
f 1389//630 351//630 349//630
f 1389//630 349//630 1391//630
f 1391//630 349//630 347//630
f 1391//630 347//630 1393//630
f 1393//630 347//630 345//630
f 1393//630 345//630 1395//630
f 1395//630 345//630 343//630
f 1395//630 343//630 1397//630
f 1397//630 343//630 341//630
f 1397//630 341//630 1399//630
f 1399//630 341//630 339//630
f 1399//630 339//630 1401//630
f 1401//630 339//630 337//630
f 1401//630 337//630 1403//630
f 1403//630 337//630 335//630
f 1403//630 335//630 1405//630
f 1405//630 335//630 333//630
f 1405//630 333//630 1407//630
f 1407//630 333//630 331//630
f 1407//630 331//630 1409//630
f 1409//630 331//630 329//630
f 1409//630 329//630 1411//630
f 1411//630 329//630 327//630
f 1411//630 327//630 1413//630
f 1413//630 327//630 325//630
f 1413//630 325//630 1415//630
f 1415//630 325//630 323//630
f 1415//630 323//630 1417//630
f 1417//630 323//630 320//630
f 1417//630 320//630 1419//630
f 1419//630 320//630 319//630
f 216//630 229//630 165//630
f 1421//630 69//630 1423//630
f 1423//630 69//630 113//630
f 1423//630 113//630 1425//630
f 1425//630 113//630 111//630
f 1425//630 111//630 1427//630
f 1427//630 111//630 109//630
f 1427//630 109//630 1429//630
f 1429//630 109//630 107//630
f 1429//630 107//630 1431//630
f 1431//630 107//630 105//630
f 1431//630 105//630 1433//630
f 1433//630 105//630 103//630
f 1433//630 103//630 1436//630
f 1436//630 103//630 101//630
f 1436//630 101//630 1438//630
f 1438//630 101//630 99//630
f 1438//630 99//630 1439//630
f 1439//630 99//630 97//630
f 1439//630 97//630 1441//630
f 1441//630 97//630 95//630
f 1441//630 95//630 1443//630
f 1443//630 95//630 93//630
f 1443//630 93//630 1445//630
f 1445//630 93//630 91//630
f 1445//630 91//630 1447//630
f 1447//630 91//630 89//630
f 1447//630 89//630 1449//630
f 1449//630 89//630 87//630
f 1449//630 87//630 1451//630
f 1451//630 87//630 85//630
f 1451//630 85//630 1453//630
f 1453//630 85//630 83//630
f 1453//630 83//630 1455//630
f 1455//630 83//630 81//630
f 1455//630 81//630 1457//630
f 1457//630 81//630 79//630
f 1457//630 79//630 1459//630
f 1459//630 79//630 77//630
f 1459//630 77//630 1461//630
f 1461//630 77//630 75//630
f 1461//630 75//630 1463//630
f 1463//630 75//630 72//630
f 1463//630 72//630 1375//630
f 1375//630 72//630 71//630
f 1375//630 71//630 115//630
f 1375//630 115//630 1287//630
f 1287//630 115//630 159//630
f 1287//630 159//630 1288//630
f 1288//630 159//630 157//630
f 1288//630 157//630 1291//630
f 1291//630 157//630 155//630
f 1291//630 155//630 1293//630
f 1293//630 155//630 153//630
f 1293//630 153//630 1295//630
f 1295//630 153//630 151//630
f 1295//630 151//630 1297//630
f 1297//630 151//630 149//630
f 1297//630 149//630 1299//630
f 1299//630 149//630 147//630
f 1299//630 147//630 1301//630
f 1301//630 147//630 145//630
f 1301//630 145//630 1303//630
f 1303//630 145//630 143//630
f 1303//630 143//630 1305//630
f 1305//630 143//630 141//630
f 1305//630 141//630 1307//630
f 1307//630 141//630 139//630
f 1307//630 139//630 1309//630
f 1309//630 139//630 137//630
f 1309//630 137//630 1311//630
f 1311//630 137//630 135//630
f 1311//630 135//630 1313//630
f 1313//630 135//630 133//630
f 1313//630 133//630 1315//630
f 1315//630 133//630 131//630
f 1315//630 131//630 1317//630
f 1317//630 131//630 129//630
f 1317//630 129//630 1319//630
f 1319//630 129//630 127//630
f 1319//630 127//630 1321//630
f 1321//630 127//630 125//630
f 1321//630 125//630 1323//630
f 1323//630 125//630 123//630
f 1323//630 123//630 1325//630
f 1325//630 123//630 121//630
f 1325//630 121//630 1327//630
f 1327//630 121//630 118//630
f 1327//630 118//630 1329//630
f 1329//630 118//630 117//630
f 1329//630 117//630 1331//630
