# Blender v2.81 (sub 16) OBJ File: ''
# www.blender.org
mtllib Range Solo.mtl
o Range_Solo
v 9.852139 -0.199949 -9.873355
v 5.631797 -0.199949 -5.653004
v 9.852139 0.199949 -9.873355
v 5.631797 0.199949 -5.653004
v 1.379648 -0.199949 -13.376577
v 1.788584 -0.199949 -13.369601
v 1.379648 0.199949 -13.376577
v 1.788584 0.199949 -13.369601
v 2.197041 -0.199949 -13.348701
v 2.197041 0.199949 -13.348701
v 2.604555 -0.199949 -13.313876
v 2.604555 0.199949 -13.313876
v 3.010647 -0.199949 -13.265185
v 3.010647 0.199949 -13.265185
v 3.414837 -0.199949 -13.202686
v 3.414837 0.199949 -13.202686
v 3.816662 -0.199949 -13.126445
v 3.816662 0.199949 -13.126445
v 4.215663 -0.199949 -13.036550
v 4.215663 0.199949 -13.036550
v 4.611358 -0.199949 -12.933105
v 4.611358 0.199949 -12.933105
v 5.003305 -0.199949 -12.816226
v 5.003305 0.199949 -12.816226
v 5.391024 -0.199949 -12.686067
v 5.391024 0.199949 -12.686067
v 5.774092 -0.199949 -12.542762
v 5.774092 0.199949 -12.542762
v 6.152068 -0.199949 -12.386476
v 6.152068 0.199949 -12.386476
v 6.524469 0.199949 -12.217408
v 6.524469 -0.199949 -12.217408
v 6.890913 -0.199949 -12.035743
v 6.890913 0.199949 -12.035743
v 7.250938 -0.199949 -11.841681
v 7.250938 0.199949 -11.841681
v 7.604140 -0.199949 -11.635474
v 7.604140 0.199949 -11.635474
v 7.950116 -0.199949 -11.417341
v 7.950116 0.199949 -11.417341
v 8.288443 -0.199949 -11.187542
v 8.288443 0.199949 -11.187542
v 8.618755 -0.199949 -10.946338
v 8.618755 0.199949 -10.946338
v 8.940651 -0.199949 -10.694024
v 8.940651 0.199949 -10.694024
v 9.253743 -0.199949 -10.430881
v 9.253743 0.199949 -10.430881
v 9.557707 -0.199949 -10.157215
v 9.557707 0.199949 -10.157215
v -1.379646 -0.199949 -13.376577
v -1.379646 0.199949 -13.376577
v -9.852136 -0.199949 -9.873355
v -9.557705 -0.199949 -10.157215
v -9.852136 0.199949 -9.873355
v -9.557705 0.199949 -10.157215
v -9.253741 -0.199949 -10.430881
v -9.253741 0.199949 -10.430881
v -8.940648 -0.199949 -10.694024
v -8.940648 0.199949 -10.694024
v -8.618753 -0.199949 -10.946338
v -8.618753 0.199949 -10.946338
v -8.288441 -0.199949 -11.187542
v -8.288441 0.199949 -11.187542
v -7.950114 -0.199949 -11.417341
v -7.950114 0.199949 -11.417341
v -7.604138 -0.199949 -11.635474
v -7.604138 0.199949 -11.635474
v -7.250936 -0.199949 -11.841681
v -7.250936 0.199949 -11.841681
v -6.890911 -0.199949 -12.035743
v -6.890911 0.199949 -12.035743
v -6.524467 -0.199949 -12.217408
v -6.524467 0.199949 -12.217408
v -6.152065 -0.199949 -12.386476
v -6.152065 0.199949 -12.386476
v -5.774090 -0.199949 -12.542762
v -5.774090 0.199949 -12.542762
v -5.391022 0.199949 -12.686067
v -5.391022 -0.199949 -12.686067
v -5.003303 -0.199949 -12.816226
v -5.003303 0.199949 -12.816226
v -4.611356 -0.199949 -12.933105
v -4.611356 0.199949 -12.933105
v -4.215661 -0.199949 -13.036550
v -4.215661 0.199949 -13.036550
v -3.816660 -0.199949 -13.126445
v -3.816660 0.199949 -13.126445
v -3.414835 -0.199949 -13.202686
v -3.414835 0.199949 -13.202686
v -3.010645 -0.199949 -13.265185
v -3.010645 0.199949 -13.265185
v -2.604553 -0.199949 -13.313876
v -2.604553 0.199949 -13.313876
v -2.197039 -0.199949 -13.348701
v -2.197039 0.199949 -13.348701
v -1.788583 -0.199949 -13.369601
v -1.788583 0.199949 -13.369601
v -5.631794 -0.199949 -5.653004
v -5.631794 0.199949 -5.653004
v -1.379646 0.199949 -7.408108
v -1.379646 -0.199949 -7.408108
v -1.674519 0.199949 -7.400892
v -1.674519 -0.199949 -7.400892
v -1.968681 -0.199949 -7.379261
v -1.968681 0.199949 -7.379261
v -2.261421 -0.199949 -7.343264
v -2.261421 0.199949 -7.343264
v -2.552067 -0.199949 -7.292998
v -2.552067 0.199949 -7.292998
v -2.839887 -0.199949 -7.228576
v -2.839887 0.199949 -7.228576
v -3.124228 -0.199949 -7.150154
v -3.124228 0.199949 -7.150154
v -3.404399 -0.199949 -7.057914
v -3.404399 0.199949 -7.057914
v -3.679708 -0.199949 -6.952076
v -3.679708 0.199949 -6.952076
v -3.949520 -0.199949 -6.832911
v -3.949520 0.199949 -6.832911
v -4.213162 -0.199949 -6.700686
v -4.213162 0.199949 -6.700686
v -4.470040 -0.199949 -6.555718
v -4.470040 0.199949 -6.555718
v -4.719519 -0.199949 -6.398365
v -4.719519 0.199949 -6.398365
v -4.961002 -0.199949 -6.229000
v -4.961002 0.199949 -6.229000
v -5.193914 -0.199949 -6.048017
v -5.193914 0.199949 -6.048017
v -5.417678 -0.199949 -5.855867
v -5.417678 0.199949 -5.855867
v 1.379648 -0.199949 -7.408108
v 1.379648 0.199949 -7.408108
v 5.417681 0.199949 -5.855867
v 5.417681 -0.199949 -5.855867
v 5.193917 -0.199949 -6.048017
v 5.193917 0.199949 -6.048017
v 4.961004 -0.199949 -6.229000
v 4.961004 0.199949 -6.229000
v 4.719521 -0.199949 -6.398365
v 4.719521 0.199949 -6.398365
v 4.470042 -0.199949 -6.555718
v 4.470042 0.199949 -6.555718
v 4.213164 -0.199949 -6.700686
v 4.213164 0.199949 -6.700686
v 3.949522 -0.199949 -6.832911
v 3.949522 0.199949 -6.832911
v 3.679709 -0.199949 -6.952076
v 3.679709 0.199949 -6.952076
v 3.404401 -0.199949 -7.057914
v 3.404401 0.199949 -7.057914
v 3.124230 -0.199949 -7.150154
v 3.124230 0.199949 -7.150154
v 2.839888 -0.199949 -7.228576
v 2.839888 0.199949 -7.228576
v 2.552068 -0.199949 -7.292998
v 2.552068 0.199949 -7.292998
v 2.261423 -0.199949 -7.343264
v 2.261423 0.199949 -7.343264
v 1.968683 -0.199949 -7.379261
v 1.968683 0.199949 -7.379261
v 1.674521 -0.199949 -7.400892
v 1.674521 0.199949 -7.400892
v 1.388431 -0.199949 -1.409638
v -1.388429 -0.199949 -1.409638
v 1.388431 0.199949 -1.409638
v -1.388429 0.199949 -1.409638
v 2.075886 -0.199949 -2.097098
v 2.075886 0.199949 -2.097098
v 1.379648 -0.199949 -2.379392
v 1.489464 -0.199949 -2.373343
v 1.379648 0.199949 -2.379392
v 1.489464 0.199949 -2.373343
v 1.597934 -0.199949 -2.355268
v 1.597934 0.199949 -2.355268
v 1.703772 -0.199949 -2.325392
v 1.703772 0.199949 -2.325392
v 1.805689 -0.199949 -2.284072
v 1.805689 0.199949 -2.284072
v 1.902436 0.199949 -2.231807
v 1.902436 -0.199949 -2.231807
v 1.992880 -0.199949 -2.169230
v 1.992880 0.199949 -2.169230
v -1.379646 -0.199949 -2.379392
v -1.379646 0.199949 -2.379392
v -2.075884 -0.199949 -2.097098
v -1.992878 -0.199949 -2.169230
v -2.075884 0.199949 -2.097098
v -1.992878 0.199949 -2.169230
v -1.902434 -0.199949 -2.231807
v -1.902434 0.199949 -2.231807
v -1.805687 -0.199949 -2.284072
v -1.805687 0.199949 -2.284072
v -1.703770 -0.199949 -2.325392
v -1.703770 0.199949 -2.325392
v -1.597933 0.199949 -2.355268
v -1.597933 -0.199949 -2.355268
v -1.489462 -0.199949 -2.373343
v -1.489462 0.199949 -2.373343
v -1.409646 -0.199949 1.388430
v -2.097101 -0.199949 2.075889
v -1.409646 0.199949 1.388430
v -2.097101 0.199949 2.075889
v -1.409646 -0.199949 -1.388430
v -1.409646 0.199949 -1.388430
v -2.097101 -0.199949 -2.075890
v -2.097101 0.199949 -2.075890
v -2.379386 -0.199949 -1.379647
v -2.373332 -0.199949 -1.489453
v -2.379386 0.199949 -1.379647
v -2.373332 0.199949 -1.489453
v -2.355267 -0.199949 -1.597934
v -2.355267 0.199949 -1.597934
v -2.325382 -0.199949 -1.703767
v -2.325382 0.199949 -1.703767
v -2.284061 -0.199949 -1.805684
v -2.284061 0.199949 -1.805684
v -2.231805 0.199949 -1.902440
v -2.231805 -0.199949 -1.902440
v -2.169229 -0.199949 -1.992874
v -2.169229 0.199949 -1.992874
v -2.379386 -0.199949 1.379647
v -2.379386 0.199949 1.379647
v -2.169229 -0.199949 1.992874
v -2.169229 0.199949 1.992874
v -2.231805 -0.199949 1.902440
v -2.231805 0.199949 1.902440
v -2.284061 -0.199949 1.805683
v -2.284061 0.199949 1.805683
v -2.325382 -0.199949 1.703766
v -2.325382 0.199949 1.703766
v -2.355267 0.199949 1.597933
v -2.355267 -0.199949 1.597933
v -2.373332 -0.199949 1.489453
v -2.373332 0.199949 1.489453
v 1.379648 -0.199949 2.379392
v -1.379646 -0.199949 2.379392
v 1.379648 0.199949 2.379392
v -1.379646 0.199949 2.379392
v 2.075886 -0.199949 2.097097
v 1.992880 -0.199949 2.169230
v 2.075886 0.199949 2.097097
v 1.992880 0.199949 2.169230
v 1.902436 -0.199949 2.231806
v 1.902436 0.199949 2.231806
v 1.805689 -0.199949 2.284071
v 1.805689 0.199949 2.284071
v 1.703772 -0.199949 2.325392
v 1.703772 0.199949 2.325392
v 1.597934 0.199949 2.355267
v 1.597934 -0.199949 2.355267
v 1.489464 -0.199949 2.373343
v 1.489464 0.199949 2.373343
v 1.388431 -0.199949 1.409637
v 1.388431 0.199949 1.409637
v -1.388429 -0.199949 1.409637
v -1.388429 0.199949 1.409637
v -2.075884 -0.199949 2.097097
v -2.075884 0.199949 2.097097
v -1.489462 -0.199949 2.373343
v -1.489462 0.199949 2.373343
v -1.597933 -0.199949 2.355267
v -1.597933 0.199949 2.355267
v -1.703770 -0.199949 2.325392
v -1.703770 0.199949 2.325392
v -1.805687 -0.199949 2.284071
v -1.805687 0.199949 2.284071
v -1.902434 0.199949 2.231806
v -1.902434 -0.199949 2.231806
v -1.992878 -0.199949 2.169230
v -1.992878 0.199949 2.169230
v -5.652993 -0.199949 5.631790
v -9.873353 -0.199949 9.852146
v -5.652993 0.199949 5.631790
v -9.873353 0.199949 9.852146
v -7.408106 0.199949 1.379647
v -7.408106 -0.199949 1.379647
v -7.400880 0.199949 1.674515
v -7.400880 -0.199949 1.674515
v -7.379259 -0.199949 1.968672
v -7.379259 0.199949 1.968672
v -7.343263 -0.199949 2.261422
v -7.343263 0.199949 2.261422
v -7.293005 -0.199949 2.552063
v -7.293005 0.199949 2.552063
v -7.228565 -0.199949 2.839897
v -7.228565 0.199949 2.839897
v -7.150153 -0.199949 3.124233
v -7.150153 0.199949 3.124233
v -7.057902 -0.199949 3.404395
v -7.057902 0.199949 3.404395
v -6.952084 -0.199949 3.679708
v -6.952084 0.199949 3.679708
v -6.832909 -0.199949 3.949515
v -6.832909 0.199949 3.949515
v -6.700684 -0.199949 4.213173
v -6.700684 0.199949 4.213173
v -6.555717 -0.199949 4.470046
v -6.555717 0.199949 4.470046
v -6.398373 -0.199949 4.719520
v -6.398373 0.199949 4.719520
v -6.228998 -0.199949 4.960999
v -6.228998 0.199949 4.960999
v -6.048015 -0.199949 5.193905
v -6.048015 0.199949 5.193905
v -5.855865 -0.199949 5.417684
v -5.855865 0.199949 5.417684
v -7.408106 -0.199949 -1.379647
v -7.408106 0.199949 -1.379647
v -5.652993 0.199949 -5.631796
v -5.652993 -0.199949 -5.631796
v -5.855865 0.199949 -5.417685
v -5.855865 -0.199949 -5.417685
v -6.048015 -0.199949 -5.193906
v -6.048015 0.199949 -5.193906
v -6.228998 -0.199949 -4.960999
v -6.228998 0.199949 -4.960999
v -6.398373 -0.199949 -4.719520
v -6.398373 0.199949 -4.719520
v -6.555717 -0.199949 -4.470047
v -6.555717 0.199949 -4.470047
v -6.700684 -0.199949 -4.213173
v -6.700684 0.199949 -4.213173
v -6.832909 -0.199949 -3.949516
v -6.832909 0.199949 -3.949516
v -6.952084 -0.199949 -3.679709
v -6.952084 0.199949 -3.679709
v -7.057902 -0.199949 -3.404395
v -7.057902 0.199949 -3.404395
v -7.150153 -0.199949 -3.124234
v -7.150153 0.199949 -3.124234
v -7.228565 -0.199949 -2.839897
v -7.228565 0.199949 -2.839897
v -7.293005 -0.199949 -2.552063
v -7.293005 0.199949 -2.552063
v -7.343263 -0.199949 -2.261423
v -7.343263 0.199949 -2.261423
v -7.379259 -0.199949 -1.968673
v -7.379259 0.199949 -1.968673
v -7.400880 -0.199949 -1.674511
v -7.400880 0.199949 -1.674511
v -9.873353 -0.199949 -9.852147
v -9.873353 0.199949 -9.852147
v -13.376567 -0.199949 -1.379647
v -13.369609 -0.199949 -1.788584
v -13.376567 0.199949 -1.379647
v -13.369609 0.199949 -1.788584
v -13.348700 -0.199949 -2.197045
v -13.348700 0.199949 -2.197045
v -13.313875 -0.199949 -2.604559
v -13.313875 0.199949 -2.604559
v -13.265194 -0.199949 -3.010646
v -13.265194 0.199949 -3.010646
v -13.202695 -0.199949 -3.414836
v -13.202695 0.199949 -3.414836
v -13.126434 -0.199949 -3.816662
v -13.126434 0.199949 -3.816662
v -13.036549 -0.199949 -4.215657
v -13.036549 0.199949 -4.215657
v -12.933094 -0.199949 -4.611357
v -12.933094 0.199949 -4.611357
v -12.816225 -0.199949 -5.003299
v -12.816225 0.199949 -5.003299
v -12.686056 -0.199949 -5.391028
v -12.686056 0.199949 -5.391028
v -12.542761 -0.199949 -5.774101
v -12.542761 0.199949 -5.774101
v -12.386474 -0.199949 -6.152057
v -12.386474 0.199949 -6.152057
v -12.217406 0.199949 -6.524478
v -12.217406 -0.199949 -6.524478
v -12.035732 -0.199949 -6.890913
v -12.035732 0.199949 -6.890913
v -11.841681 -0.199949 -7.250937
v -11.841681 0.199949 -7.250937
v -11.635463 -0.199949 -7.604140
v -11.635463 0.199949 -7.604140
v -11.417330 -0.199949 -7.950116
v -11.417330 0.199949 -7.950116
v -11.187531 -0.199949 -8.288452
v -11.187531 0.199949 -8.288452
v -10.946336 -0.199949 -8.618755
v -10.946336 0.199949 -8.618755
v -10.694014 -0.199949 -8.940640
v -10.694014 0.199949 -8.940640
v -10.430870 -0.199949 -9.253753
v -10.430870 0.199949 -9.253753
v -10.157214 -0.199949 -9.557696
v -10.157214 0.199949 -9.557696
v -13.376567 -0.199949 1.379647
v -13.376567 0.199949 1.379647
v -10.157214 -0.199949 9.557700
v -10.157214 0.199949 9.557700
v -10.430870 -0.199949 9.253746
v -10.430870 0.199949 9.253746
v -10.694014 -0.199949 8.940644
v -10.694014 0.199949 8.940644
v -10.946336 -0.199949 8.618753
v -10.946336 0.199949 8.618753
v -11.187531 -0.199949 8.288446
v -11.187531 0.199949 8.288446
v -11.417330 -0.199949 7.950114
v -11.417330 0.199949 7.950114
v -11.635463 -0.199949 7.604143
v -11.635463 0.199949 7.604143
v -11.841681 -0.199949 7.250936
v -11.841681 0.199949 7.250936
v -12.035732 -0.199949 6.890906
v -12.035732 0.199949 6.890906
v -12.217406 -0.199949 6.524472
v -12.217406 0.199949 6.524472
v -12.386474 -0.199949 6.152056
v -12.386474 0.199949 6.152056
v -12.542761 -0.199949 5.774096
v -12.542761 0.199949 5.774096
v -12.686056 0.199949 5.391027
v -12.686056 -0.199949 5.391027
v -12.816225 -0.199949 5.003299
v -12.816225 0.199949 5.003299
v -12.933094 -0.199949 4.611356
v -12.933094 0.199949 4.611356
v -13.036549 -0.199949 4.215657
v -13.036549 0.199949 4.215657
v -13.126434 -0.199949 3.816666
v -13.126434 0.199949 3.816666
v -13.202695 -0.199949 3.414835
v -13.202695 0.199949 3.414835
v -13.265194 -0.199949 3.010646
v -13.265194 0.199949 3.010646
v -13.313875 -0.199949 2.604558
v -13.313875 0.199949 2.604558
v -13.348700 -0.199949 2.197044
v -13.348700 0.199949 2.197044
v -13.369609 -0.199949 1.788583
v -13.369609 0.199949 1.788583
v 9.873356 -0.199949 9.852146
v 5.652995 -0.199949 5.631790
v 9.873356 0.199949 9.852146
v 5.652995 0.199949 5.631790
v 13.376569 -0.199949 1.379647
v 13.369612 -0.199949 1.788583
v 13.376569 0.199949 1.379647
v 13.369612 0.199949 1.788583
v 13.348701 -0.199949 2.197044
v 13.348701 0.199949 2.197044
v 13.313877 -0.199949 2.604558
v 13.313877 0.199949 2.604558
v 13.265196 -0.199949 3.010646
v 13.265196 0.199949 3.010646
v 13.202697 -0.199949 3.414835
v 13.202697 0.199949 3.414835
v 13.126437 -0.199949 3.816666
v 13.126437 0.199949 3.816666
v 13.036551 -0.199949 4.215657
v 13.036551 0.199949 4.215657
v 12.933096 -0.199949 4.611356
v 12.933096 0.199949 4.611356
v 12.816227 -0.199949 5.003299
v 12.816227 0.199949 5.003299
v 12.686058 -0.199949 5.391027
v 12.686058 0.199949 5.391027
v 12.542764 -0.199949 5.774096
v 12.542764 0.199949 5.774096
v 12.386477 -0.199949 6.152056
v 12.386477 0.199949 6.152056
v 12.217409 0.199949 6.524472
v 12.217409 -0.199949 6.524472
v 12.035734 -0.199949 6.890906
v 12.035734 0.199949 6.890906
v 11.841682 -0.199949 7.250936
v 11.841682 0.199949 7.250936
v 11.635466 -0.199949 7.604143
v 11.635466 0.199949 7.604143
v 11.417333 -0.199949 7.950114
v 11.417333 0.199949 7.950114
v 11.187534 -0.199949 8.288446
v 11.187534 0.199949 8.288446
v 10.946339 -0.199949 8.618753
v 10.946339 0.199949 8.618753
v 10.694016 -0.199949 8.940644
v 10.694016 0.199949 8.940644
v 10.430873 -0.199949 9.253746
v 10.430873 0.199949 9.253746
v 10.157217 -0.199949 9.557700
v 10.157217 0.199949 9.557700
v 13.376569 -0.199949 -1.379647
v 13.376569 0.199949 -1.379647
v 9.873356 -0.199949 -9.852147
v 10.157217 -0.199949 -9.557696
v 9.873356 0.199949 -9.852147
v 10.157217 0.199949 -9.557696
v 10.430873 -0.199949 -9.253753
v 10.430873 0.199949 -9.253753
v 10.694016 -0.199949 -8.940640
v 10.694016 0.199949 -8.940640
v 10.946339 -0.199949 -8.618755
v 10.946339 0.199949 -8.618755
v 11.187534 -0.199949 -8.288452
v 11.187534 0.199949 -8.288452
v 11.417333 -0.199949 -7.950116
v 11.417333 0.199949 -7.950116
v 11.635466 -0.199949 -7.604140
v 11.635466 0.199949 -7.604140
v 11.841682 -0.199949 -7.250937
v 11.841682 0.199949 -7.250937
v 12.035734 -0.199949 -6.890913
v 12.035734 0.199949 -6.890913
v 12.217409 -0.199949 -6.524478
v 12.217409 0.199949 -6.524478
v 12.386477 -0.199949 -6.152057
v 12.386477 0.199949 -6.152057
v 12.542764 -0.199949 -5.774101
v 12.542764 0.199949 -5.774101
v 12.686058 0.199949 -5.391028
v 12.686058 -0.199949 -5.391028
v 12.816227 -0.199949 -5.003299
v 12.816227 0.199949 -5.003299
v 12.933096 -0.199949 -4.611357
v 12.933096 0.199949 -4.611357
v 13.036551 -0.199949 -4.215657
v 13.036551 0.199949 -4.215657
v 13.126437 -0.199949 -3.816662
v 13.126437 0.199949 -3.816662
v 13.202697 -0.199949 -3.414836
v 13.202697 0.199949 -3.414836
v 13.265196 -0.199949 -3.010646
v 13.265196 0.199949 -3.010646
v 13.313877 -0.199949 -2.604559
v 13.313877 0.199949 -2.604559
v 13.348701 -0.199949 -2.197045
v 13.348701 0.199949 -2.197045
v 13.369612 -0.199949 -1.788584
v 13.369612 0.199949 -1.788584
v 5.652995 -0.199949 -5.631796
v 5.652995 0.199949 -5.631796
v 7.408109 0.199949 -1.379647
v 7.408109 -0.199949 -1.379647
v 7.400883 0.199949 -1.674511
v 7.400883 -0.199949 -1.674511
v 7.379261 -0.199949 -1.968673
v 7.379261 0.199949 -1.968673
v 7.343265 -0.199949 -2.261423
v 7.343265 0.199949 -2.261423
v 7.293008 -0.199949 -2.552063
v 7.293008 0.199949 -2.552063
v 7.228568 -0.199949 -2.839897
v 7.228568 0.199949 -2.839897
v 7.150155 -0.199949 -3.124234
v 7.150155 0.199949 -3.124234
v 7.057905 -0.199949 -3.404395
v 7.057905 0.199949 -3.404395
v 6.952086 -0.199949 -3.679709
v 6.952086 0.199949 -3.679709
v 6.832911 -0.199949 -3.949516
v 6.832911 0.199949 -3.949516
v 6.700686 -0.199949 -4.213173
v 6.700686 0.199949 -4.213173
v 6.555719 -0.199949 -4.470047
v 6.555719 0.199949 -4.470047
v 6.398375 -0.199949 -4.719520
v 6.398375 0.199949 -4.719520
v 6.229000 -0.199949 -4.960999
v 6.229000 0.199949 -4.960999
v 6.048017 -0.199949 -5.193906
v 6.048017 0.199949 -5.193906
v 5.855868 -0.199949 -5.417685
v 5.855868 0.199949 -5.417685
v 7.408109 -0.199949 1.379647
v 7.408109 0.199949 1.379647
v 5.855868 0.199949 5.417684
v 5.855868 -0.199949 5.417684
v 6.048017 -0.199949 5.193905
v 6.048017 0.199949 5.193905
v 6.229000 -0.199949 4.960999
v 6.229000 0.199949 4.960999
v 6.398375 -0.199949 4.719520
v 6.398375 0.199949 4.719520
v 6.555719 -0.199949 4.470046
v 6.555719 0.199949 4.470046
v 6.700686 -0.199949 4.213173
v 6.700686 0.199949 4.213173
v 6.832911 -0.199949 3.949515
v 6.832911 0.199949 3.949515
v 6.952086 -0.199949 3.679708
v 6.952086 0.199949 3.679708
v 7.057905 -0.199949 3.404395
v 7.057905 0.199949 3.404395
v 7.150155 -0.199949 3.124233
v 7.150155 0.199949 3.124233
v 7.228568 -0.199949 2.839897
v 7.228568 0.199949 2.839897
v 7.293008 -0.199949 2.552063
v 7.293008 0.199949 2.552063
v 7.343265 -0.199949 2.261422
v 7.343265 0.199949 2.261422
v 7.379261 -0.199949 1.968672
v 7.379261 0.199949 1.968672
v 7.400883 -0.199949 1.674515
v 7.400883 0.199949 1.674515
v 1.379648 -0.199949 13.376577
v -1.379646 -0.199949 13.376577
v 1.379648 0.199949 13.376577
v -1.379646 0.199949 13.376577
v 9.852139 -0.199949 9.873354
v 9.557707 -0.199949 10.157220
v 9.852139 0.199949 9.873354
v 9.557707 0.199949 10.157220
v 9.253743 -0.199949 10.430881
v 9.253743 0.199949 10.430881
v 8.940651 -0.199949 10.694024
v 8.940651 0.199949 10.694024
v 8.618755 -0.199949 10.946342
v 8.618755 0.199949 10.946342
v 8.288443 -0.199949 11.187537
v 8.288443 0.199949 11.187537
v 7.950116 -0.199949 11.417341
v 7.950116 0.199949 11.417341
v 7.604140 -0.199949 11.635474
v 7.604140 0.199949 11.635474
v 7.250938 -0.199949 11.841686
v 7.250938 0.199949 11.841686
v 6.890913 -0.199949 12.035738
v 6.890913 0.199949 12.035738
v 6.524469 -0.199949 12.217408
v 6.524469 0.199949 12.217408
v 6.152068 -0.199949 12.386480
v 6.152068 0.199949 12.386480
v 5.774092 -0.199949 12.542762
v 5.774092 0.199949 12.542762
v 5.391024 0.199949 12.686067
v 5.391024 -0.199949 12.686067
v 5.003305 -0.199949 12.816231
v 5.003305 0.199949 12.816231
v 4.611358 -0.199949 12.933105
v 4.611358 0.199949 12.933105
v 4.215663 -0.199949 13.036550
v 4.215663 0.199949 13.036550
v 3.816662 -0.199949 13.126445
v 3.816662 0.199949 13.126445
v 3.414837 -0.199949 13.202686
v 3.414837 0.199949 13.202686
v 3.010647 -0.199949 13.265190
v 3.010647 0.199949 13.265190
v 2.604555 -0.199949 13.313881
v 2.604555 0.199949 13.313881
v 2.197041 -0.199949 13.348696
v 2.197041 0.199949 13.348696
v 1.788584 -0.199949 13.369606
v 1.788584 0.199949 13.369606
v 5.631797 -0.199949 5.652998
v 5.631797 0.199949 5.652998
v 1.379648 0.199949 7.408103
v 1.379648 -0.199949 7.408103
v 1.674521 0.199949 7.400886
v 1.674521 -0.199949 7.400886
v 1.968683 -0.199949 7.379260
v 1.968683 0.199949 7.379260
v 2.261423 -0.199949 7.343268
v 2.261423 0.199949 7.343268
v 2.552068 -0.199949 7.292996
v 2.552068 0.199949 7.292996
v 2.839888 -0.199949 7.228575
v 2.839888 0.199949 7.228575
v 3.124230 -0.199949 7.150148
v 3.124230 0.199949 7.150148
v 3.404401 -0.199949 7.057913
v 3.404401 0.199949 7.057913
v 3.679709 -0.199949 6.952080
v 3.679709 0.199949 6.952080
v 3.949522 -0.199949 6.832909
v 3.949522 0.199949 6.832909
v 4.213164 -0.199949 6.700684
v 4.213164 0.199949 6.700684
v 4.470042 -0.199949 6.555717
v 4.470042 0.199949 6.555717
v 4.719521 -0.199949 6.398364
v 4.719521 0.199949 6.398364
v 4.961004 -0.199949 6.228998
v 4.961004 0.199949 6.228998
v 5.193917 -0.199949 6.048020
v 5.193917 0.199949 6.048020
v 5.417681 -0.199949 5.855866
v 5.417681 0.199949 5.855866
v -1.379646 -0.199949 7.408103
v -1.379646 0.199949 7.408103
v -5.631794 0.199949 5.652998
v -5.631794 -0.199949 5.652998
v -5.417678 0.199949 5.855866
v -5.417678 -0.199949 5.855866
v -5.193914 -0.199949 6.048020
v -5.193914 0.199949 6.048020
v -4.961002 -0.199949 6.228998
v -4.961002 0.199949 6.228998
v -4.719519 -0.199949 6.398364
v -4.719519 0.199949 6.398364
v -4.470040 -0.199949 6.555717
v -4.470040 0.199949 6.555717
v -4.213162 -0.199949 6.700684
v -4.213162 0.199949 6.700684
v -3.949520 -0.199949 6.832909
v -3.949520 0.199949 6.832909
v -3.679708 -0.199949 6.952080
v -3.679708 0.199949 6.952080
v -3.404399 -0.199949 7.057913
v -3.404399 0.199949 7.057913
v -3.124228 -0.199949 7.150148
v -3.124228 0.199949 7.150148
v -2.839887 -0.199949 7.228575
v -2.839887 0.199949 7.228575
v -2.552067 -0.199949 7.292996
v -2.552067 0.199949 7.292996
v -2.261421 -0.199949 7.343268
v -2.261421 0.199949 7.343268
v -1.968681 -0.199949 7.379260
v -1.968681 0.199949 7.379260
v -1.674519 -0.199949 7.400886
v -1.674519 0.199949 7.400886
v -9.852136 -0.199949 9.873354
v -9.852136 0.199949 9.873354
v -1.788583 -0.199949 13.369606
v -1.788583 0.199949 13.369606
v -2.197039 -0.199949 13.348696
v -2.197039 0.199949 13.348696
v -2.604553 -0.199949 13.313881
v -2.604553 0.199949 13.313881
v -3.010645 -0.199949 13.265190
v -3.010645 0.199949 13.265190
v -3.414835 -0.199949 13.202686
v -3.414835 0.199949 13.202686
v -3.816660 -0.199949 13.126445
v -3.816660 0.199949 13.126445
v -4.215661 -0.199949 13.036550
v -4.215661 0.199949 13.036550
v -4.611356 -0.199949 12.933105
v -4.611356 0.199949 12.933105
v -5.003303 -0.199949 12.816231
v -5.003303 0.199949 12.816231
v -5.391022 -0.199949 12.686067
v -5.391022 0.199949 12.686067
v -5.774090 -0.199949 12.542762
v -5.774090 0.199949 12.542762
v -6.152065 -0.199949 12.386480
v -6.152065 0.199949 12.386480
v -6.524467 0.199949 12.217408
v -6.524467 -0.199949 12.217408
v -6.890911 -0.199949 12.035738
v -6.890911 0.199949 12.035738
v -7.250936 -0.199949 11.841686
v -7.250936 0.199949 11.841686
v -7.604138 -0.199949 11.635474
v -7.604138 0.199949 11.635474
v -7.950114 -0.199949 11.417341
v -7.950114 0.199949 11.417341
v -8.288441 -0.199949 11.187537
v -8.288441 0.199949 11.187537
v -8.618753 -0.199949 10.946342
v -8.618753 0.199949 10.946342
v -8.940648 -0.199949 10.694024
v -8.940648 0.199949 10.694024
v -9.253741 -0.199949 10.430881
v -9.253741 0.199949 10.430881
v -9.557705 -0.199949 10.157220
v -9.557705 0.199949 10.157220
v 1.379648 -0.199949 7.378111
v -1.379646 -0.199949 7.378111
v 1.379648 0.199949 7.378111
v -1.379646 0.199949 7.378111
v 5.610579 -0.199949 5.631790
v 5.397539 -0.199949 5.833644
v 5.610579 0.199949 5.631790
v 5.397539 0.199949 5.833644
v 5.174890 -0.199949 6.024833
v 5.174890 0.199949 6.024833
v 4.943131 -0.199949 6.204907
v 4.943131 0.199949 6.204907
v 4.702858 -0.199949 6.373427
v 4.702858 0.199949 6.373427
v 4.454628 -0.199949 6.529993
v 4.454628 0.199949 6.529993
v 4.199039 -0.199949 6.674230
v 4.199039 0.199949 6.674230
v 3.936702 -0.199949 6.805796
v 3.936702 0.199949 6.805796
v 3.668236 -0.199949 6.924371
v 3.668236 0.199949 6.924371
v 3.394292 -0.199949 7.029671
v 3.394292 0.199949 7.029671
v 3.115524 -0.199949 7.121450
v 3.115524 0.199949 7.121450
v 2.832605 -0.199949 7.199483
v 2.832605 0.199949 7.199483
v 2.546207 -0.199949 7.263582
v 2.546207 0.199949 7.263582
v 2.257022 -0.199949 7.313599
v 2.257022 0.199949 7.313599
v 1.965743 -0.199949 7.349408
v 1.965743 0.199949 7.349408
v 1.673041 -0.199949 7.370933
v 1.673041 0.199949 7.370933
v 2.097103 -0.199949 2.118305
v 2.097103 0.199949 2.118305
v 1.379648 0.199949 2.409382
v 1.379648 -0.199949 2.409382
v 1.492808 0.199949 2.403146
v 1.492808 -0.199949 2.403146
v 1.604603 -0.199949 2.384509
v 1.604603 0.199949 2.384509
v 1.713670 -0.199949 2.353701
v 1.713670 0.199949 2.353701
v 1.818700 -0.199949 2.311093
v 1.818700 0.199949 2.311093
v 1.918407 -0.199949 2.257199
v 1.918407 0.199949 2.257199
v 2.011580 -0.199949 2.192677
v 2.011580 0.199949 2.192677
v -1.379646 -0.199949 2.409382
v -1.379646 0.199949 2.409382
v -2.097101 0.199949 2.118305
v -2.097101 -0.199949 2.118305
v -2.011578 0.199949 2.192677
v -2.011578 -0.199949 2.192677
v -1.918405 -0.199949 2.257199
v -1.918405 0.199949 2.257199
v -1.818698 -0.199949 2.311093
v -1.818698 0.199949 2.311093
v -1.713668 -0.199949 2.353701
v -1.713668 0.199949 2.353701
v -1.604601 -0.199949 2.384509
v -1.604601 0.199949 2.384509
v -1.492806 -0.199949 2.403146
v -1.492806 0.199949 2.403146
v -5.610577 -0.199949 5.631790
v -5.610577 0.199949 5.631790
v -1.673039 -0.199949 7.370933
v -1.673039 0.199949 7.370933
v -1.965741 -0.199949 7.349408
v -1.965741 0.199949 7.349408
v -2.257020 -0.199949 7.313599
v -2.257020 0.199949 7.313599
v -2.546205 -0.199949 7.263582
v -2.546205 0.199949 7.263582
v -2.832603 -0.199949 7.199483
v -2.832603 0.199949 7.199483
v -3.115522 -0.199949 7.121450
v -3.115522 0.199949 7.121450
v -3.394290 -0.199949 7.029671
v -3.394290 0.199949 7.029671
v -3.668234 -0.199949 6.924371
v -3.668234 0.199949 6.924371
v -3.936701 -0.199949 6.805796
v -3.936701 0.199949 6.805796
v -4.199037 -0.199949 6.674230
v -4.199037 0.199949 6.674230
v -4.454627 -0.199949 6.529993
v -4.454627 0.199949 6.529993
v -4.702856 -0.199949 6.373427
v -4.702856 0.199949 6.373427
v -4.943129 -0.199949 6.204907
v -4.943129 0.199949 6.204907
v -5.174888 -0.199949 6.024833
v -5.174888 0.199949 6.024833
v -5.397537 -0.199949 5.833644
v -5.397537 0.199949 5.833644
v 7.378109 -0.199949 1.379647
v 7.370940 -0.199949 1.673040
v 7.378109 0.199949 1.379647
v 7.370940 0.199949 1.673040
v 7.349415 -0.199949 1.965732
v 7.349415 0.199949 1.965732
v 7.313591 -0.199949 2.257021
v 7.313591 0.199949 2.257021
v 7.263584 -0.199949 2.546210
v 7.263584 0.199949 2.546210
v 7.199490 -0.199949 2.832608
v 7.199490 0.199949 2.832608
v 7.121442 -0.199949 3.115527
v 7.121442 0.199949 3.115527
v 7.029673 -0.199949 3.394290
v 7.029673 0.199949 3.394290
v 6.924373 -0.199949 3.668230
v 6.924373 0.199949 3.668230
v 6.805793 -0.199949 3.936692
v 6.805793 0.199949 3.936692
v 6.674241 -0.199949 4.199032
v 6.674241 0.199949 4.199032
v 6.530004 -0.199949 4.454628
v 6.530004 0.199949 4.454628
v 6.373429 -0.199949 4.702857
v 6.373429 0.199949 4.702857
v 6.204900 -0.199949 4.943134
v 6.204900 0.199949 4.943134
v 6.024839 -0.199949 5.174879
v 6.024839 0.199949 5.174879
v 5.833651 -0.199949 5.397542
v 5.833651 0.199949 5.397542
v 5.631797 -0.199949 5.610582
v 5.631797 0.199949 5.610582
v 7.378109 -0.199949 -1.379647
v 7.378109 0.199949 -1.379647
v 5.631797 -0.199949 -5.610588
v 5.833651 -0.199949 -5.397543
v 5.631797 0.199949 -5.610588
v 5.833651 0.199949 -5.397543
v 6.024839 -0.199949 -5.174880
v 6.024839 0.199949 -5.174880
v 6.204900 -0.199949 -4.943135
v 6.204900 0.199949 -4.943135
v 6.373429 -0.199949 -4.702857
v 6.373429 0.199949 -4.702857
v 6.530004 -0.199949 -4.454628
v 6.530004 0.199949 -4.454628
v 6.674241 -0.199949 -4.199033
v 6.674241 0.199949 -4.199033
v 6.805793 -0.199949 -3.936692
v 6.805793 0.199949 -3.936692
v 6.924373 -0.199949 -3.668231
v 6.924373 0.199949 -3.668231
v 7.029673 -0.199949 -3.394291
v 7.029673 0.199949 -3.394291
v 7.121442 -0.199949 -3.115528
v 7.121442 0.199949 -3.115528
v 7.199490 -0.199949 -2.832609
v 7.199490 0.199949 -2.832609
v 7.263584 -0.199949 -2.546211
v 7.263584 0.199949 -2.546211
v 7.313591 -0.199949 -2.257022
v 7.313591 0.199949 -2.257022
v 7.349415 -0.199949 -1.965733
v 7.349415 0.199949 -1.965733
v 7.370940 -0.199949 -1.673041
v 7.370940 0.199949 -1.673041
v 2.118301 -0.199949 -2.097098
v 2.118301 0.199949 -2.097098
v 2.409389 0.199949 -1.379647
v 2.409389 -0.199949 -1.379647
v 2.403142 0.199949 -1.492812
v 2.403142 -0.199949 -1.492812
v 2.384519 -0.199949 -1.604607
v 2.384519 0.199949 -1.604607
v 2.353712 -0.199949 -1.713674
v 2.353712 0.199949 -1.713674
v 2.311085 -0.199949 -1.818695
v 2.311085 0.199949 -1.818695
v 2.257195 -0.199949 -1.918402
v 2.257195 0.199949 -1.918402
v 2.192678 -0.199949 -2.011579
v 2.192678 0.199949 -2.011579
v 2.409389 -0.199949 1.379647
v 2.409389 0.199949 1.379647
v 2.118301 0.199949 2.097097
v 2.118301 -0.199949 2.097097
v 2.192678 0.199949 2.011578
v 2.192678 -0.199949 2.011578
v 2.257195 -0.199949 1.918401
v 2.257195 0.199949 1.918401
v 2.311085 -0.199949 1.818694
v 2.311085 0.199949 1.818694
v 2.353712 -0.199949 1.713673
v 2.353712 0.199949 1.713673
v 2.384519 -0.199949 1.604607
v 2.384519 0.199949 1.604607
v 2.403142 -0.199949 1.492811
v 2.403142 0.199949 1.492811
v -2.118299 -0.199949 2.097097
v -5.631794 -0.199949 5.610582
v -2.118299 0.199949 2.097097
v -5.631794 0.199949 5.610582
v -2.409387 0.199949 1.379647
v -2.409387 -0.199949 1.379647
v -2.403141 0.199949 1.492811
v -2.403141 -0.199949 1.492811
v -2.384518 -0.199949 1.604607
v -2.384518 0.199949 1.604607
v -2.353710 -0.199949 1.713673
v -2.353710 0.199949 1.713673
v -2.311102 -0.199949 1.818694
v -2.311102 0.199949 1.818694
v -2.257193 -0.199949 1.918401
v -2.257193 0.199949 1.918401
v -2.192676 -0.199949 2.011578
v -2.192676 0.199949 2.011578
v -2.409387 -0.199949 -1.379647
v -2.409387 0.199949 -1.379647
v -2.118299 0.199949 -2.097098
v -2.118299 -0.199949 -2.097098
v -2.192676 0.199949 -2.011579
v -2.192676 -0.199949 -2.011579
v -2.257193 -0.199949 -1.918402
v -2.257193 0.199949 -1.918402
v -2.311102 -0.199949 -1.818695
v -2.311102 0.199949 -1.818695
v -2.353710 -0.199949 -1.713674
v -2.353710 0.199949 -1.713674
v -2.384518 -0.199949 -1.604607
v -2.384518 0.199949 -1.604607
v -2.403141 -0.199949 -1.492812
v -2.403141 0.199949 -1.492812
v -5.631794 -0.199949 -5.610588
v -5.631794 0.199949 -5.610588
v -7.378106 -0.199949 -1.379647
v -7.370937 -0.199949 -1.673041
v -7.378106 0.199949 -1.379647
v -7.370937 0.199949 -1.673041
v -7.349412 -0.199949 -1.965733
v -7.349412 0.199949 -1.965733
v -7.313589 -0.199949 -2.257022
v -7.313589 0.199949 -2.257022
v -7.263582 -0.199949 -2.546211
v -7.263582 0.199949 -2.546211
v -7.199487 -0.199949 -2.832609
v -7.199487 0.199949 -2.832609
v -7.121439 -0.199949 -3.115528
v -7.121439 0.199949 -3.115528
v -7.029670 -0.199949 -3.394291
v -7.029670 0.199949 -3.394291
v -6.924371 -0.199949 -3.668231
v -6.924371 0.199949 -3.668231
v -6.805791 -0.199949 -3.936692
v -6.805791 0.199949 -3.936692
v -6.674239 -0.199949 -4.199033
v -6.674239 0.199949 -4.199033
v -6.530002 -0.199949 -4.454628
v -6.530002 0.199949 -4.454628
v -6.373426 -0.199949 -4.702857
v -6.373426 0.199949 -4.702857
v -6.204897 -0.199949 -4.943135
v -6.204897 0.199949 -4.943135
v -6.024837 -0.199949 -5.174880
v -6.024837 0.199949 -5.174880
v -5.833649 -0.199949 -5.397543
v -5.833649 0.199949 -5.397543
v -7.378106 -0.199949 1.379647
v -7.378106 0.199949 1.379647
v -5.833649 -0.199949 5.397542
v -5.833649 0.199949 5.397542
v -6.024837 -0.199949 5.174879
v -6.024837 0.199949 5.174879
v -6.204897 -0.199949 4.943134
v -6.204897 0.199949 4.943134
v -6.373426 -0.199949 4.702857
v -6.373426 0.199949 4.702857
v -6.530002 -0.199949 4.454628
v -6.530002 0.199949 4.454628
v -6.674239 -0.199949 4.199032
v -6.674239 0.199949 4.199032
v -6.805791 -0.199949 3.936692
v -6.805791 0.199949 3.936692
v -6.924371 -0.199949 3.668230
v -6.924371 0.199949 3.668230
v -7.029670 -0.199949 3.394290
v -7.029670 0.199949 3.394290
v -7.121439 -0.199949 3.115527
v -7.121439 0.199949 3.115527
v -7.199487 -0.199949 2.832608
v -7.199487 0.199949 2.832608
v -7.263582 -0.199949 2.546210
v -7.263582 0.199949 2.546210
v -7.313589 -0.199949 2.257021
v -7.313589 0.199949 2.257021
v -7.349412 -0.199949 1.965732
v -7.349412 0.199949 1.965732
v -7.370937 -0.199949 1.673040
v -7.370937 0.199949 1.673040
v 2.379388 -0.199949 1.379647
v 2.373334 -0.199949 1.489453
v 2.379388 0.199949 1.379647
v 2.373334 0.199949 1.489453
v 2.355268 -0.199949 1.597933
v 2.355268 0.199949 1.597933
v 2.325383 -0.199949 1.703766
v 2.325383 0.199949 1.703766
v 2.284063 -0.199949 1.805683
v 2.284063 0.199949 1.805683
v 2.231807 0.199949 1.902440
v 2.231807 -0.199949 1.902440
v 2.169231 -0.199949 1.992874
v 2.169231 0.199949 1.992874
v 2.097103 -0.199949 2.075889
v 2.097103 0.199949 2.075889
v 2.379388 -0.199949 -1.379647
v 2.379388 0.199949 -1.379647
v 2.097103 -0.199949 -2.075890
v 2.169231 -0.199949 -1.992874
v 2.097103 0.199949 -2.075890
v 2.169231 0.199949 -1.992874
v 2.231807 -0.199949 -1.902440
v 2.231807 0.199949 -1.902440
v 2.284063 -0.199949 -1.805684
v 2.284063 0.199949 -1.805684
v 2.325383 -0.199949 -1.703767
v 2.325383 0.199949 -1.703767
v 2.355268 0.199949 -1.597934
v 2.355268 -0.199949 -1.597934
v 2.373334 -0.199949 -1.489453
v 2.373334 0.199949 -1.489453
v 1.409648 -0.199949 -1.388430
v 1.409648 0.199949 -1.388430
v 1.409648 -0.199949 1.388430
v 1.409648 0.199949 1.388430
v 1.379648 -0.199949 1.379647
v -1.379646 -0.199949 1.379647
v 1.379648 0.199949 1.379647
v -1.379646 0.199949 1.379647
v 1.379648 -0.199949 -1.379647
v 1.379648 0.199949 -1.379647
v -1.379646 -0.199949 -1.379647
v -1.379646 0.199949 -1.379647
v 5.610579 -0.199949 -5.631796
v 2.097103 -0.199949 -2.118305
v 5.610579 0.199949 -5.631796
v 2.097103 0.199949 -2.118305
v 1.379648 -0.199949 -7.378108
v 1.673041 -0.199949 -7.370930
v 1.379648 0.199949 -7.378108
v 1.673041 0.199949 -7.370930
v 1.965743 -0.199949 -7.349414
v 1.965743 0.199949 -7.349414
v 2.257022 -0.199949 -7.313600
v 2.257022 0.199949 -7.313600
v 2.546207 -0.199949 -7.263583
v 2.546207 0.199949 -7.263583
v 2.832605 -0.199949 -7.199479
v 2.832605 0.199949 -7.199479
v 3.115524 -0.199949 -7.121451
v 3.115524 0.199949 -7.121451
v 3.394292 -0.199949 -7.029672
v 3.394292 0.199949 -7.029672
v 3.668236 -0.199949 -6.924372
v 3.668236 0.199949 -6.924372
v 3.936702 -0.199949 -6.805793
v 3.936702 0.199949 -6.805793
v 4.199039 -0.199949 -6.674231
v 4.199039 0.199949 -6.674231
v 4.454628 -0.199949 -6.529994
v 4.454628 0.199949 -6.529994
v 4.702858 -0.199949 -6.373428
v 4.702858 0.199949 -6.373428
v 4.943131 -0.199949 -6.204909
v 4.943131 0.199949 -6.204909
v 5.174890 -0.199949 -6.024839
v 5.174890 0.199949 -6.024839
v 5.397539 -0.199949 -5.833641
v 5.397539 0.199949 -5.833641
v -1.379646 -0.199949 -7.378108
v -1.379646 0.199949 -7.378108
v -5.610577 -0.199949 -5.631796
v -5.397537 -0.199949 -5.833641
v -5.610577 0.199949 -5.631796
v -5.397537 0.199949 -5.833641
v -5.174888 -0.199949 -6.024839
v -5.174888 0.199949 -6.024839
v -4.943129 -0.199949 -6.204909
v -4.943129 0.199949 -6.204909
v -4.702856 -0.199949 -6.373428
v -4.702856 0.199949 -6.373428
v -4.454627 -0.199949 -6.529994
v -4.454627 0.199949 -6.529994
v -4.199037 -0.199949 -6.674231
v -4.199037 0.199949 -6.674231
v -3.936701 -0.199949 -6.805793
v -3.936701 0.199949 -6.805793
v -3.668234 -0.199949 -6.924372
v -3.668234 0.199949 -6.924372
v -3.394290 -0.199949 -7.029672
v -3.394290 0.199949 -7.029672
v -3.115522 -0.199949 -7.121451
v -3.115522 0.199949 -7.121451
v -2.832603 -0.199949 -7.199479
v -2.832603 0.199949 -7.199479
v -2.546205 -0.199949 -7.263583
v -2.546205 0.199949 -7.263583
v -2.257020 -0.199949 -7.313600
v -2.257020 0.199949 -7.313600
v -1.965741 -0.199949 -7.349414
v -1.965741 0.199949 -7.349414
v -1.673039 -0.199949 -7.370930
v -1.673039 0.199949 -7.370930
v -2.097101 -0.199949 -2.118305
v -2.097101 0.199949 -2.118305
v -1.379646 0.199949 -2.409383
v -1.379646 -0.199949 -2.409383
v -1.492806 0.199949 -2.403147
v -1.492806 -0.199949 -2.403147
v -1.604601 -0.199949 -2.384509
v -1.604601 0.199949 -2.384509
v -1.713668 -0.199949 -2.353702
v -1.713668 0.199949 -2.353702
v -1.818698 -0.199949 -2.311094
v -1.818698 0.199949 -2.311094
v -1.918405 -0.199949 -2.257199
v -1.918405 0.199949 -2.257199
v -2.011578 -0.199949 -2.192677
v -2.011578 0.199949 -2.192677
v 1.379648 -0.199949 -2.409383
v 1.379648 0.199949 -2.409383
v 2.011580 0.199949 -2.192677
v 2.011580 -0.199949 -2.192677
v 1.918407 -0.199949 -2.257199
v 1.918407 0.199949 -2.257199
v 1.818700 -0.199949 -2.311094
v 1.818700 0.199949 -2.311094
v 1.713670 -0.199949 -2.353702
v 1.713670 0.199949 -2.353702
v 1.604603 -0.199949 -2.384509
v 1.604603 0.199949 -2.384509
v 1.492808 -0.199949 -2.403147
v 1.492808 0.199949 -2.403147
v -1.379646 -0.199949 13.406569
v 1.379648 -0.199949 13.406569
v -1.379646 0.199949 13.406569
v 1.379648 0.199949 13.406569
v -13.406567 -0.199949 1.379647
v -13.399244 -0.199949 1.799379
v -13.406567 0.199949 1.379647
v -13.399244 0.199949 1.799379
v -13.377277 -0.199949 2.218603
v -13.377277 0.199949 2.218603
v -13.340685 -0.199949 2.636803
v -13.340685 0.199949 2.636803
v -13.289525 -0.199949 3.053470
v -13.289525 0.199949 3.053470
v -13.223854 -0.199949 3.468100
v -13.223854 0.199949 3.468100
v -13.143750 -0.199949 3.880184
v -13.143750 0.199949 3.880184
v -13.049310 -0.199949 4.289221
v -13.049310 0.199949 4.289221
v -12.940666 -0.199949 4.694713
v -12.940666 0.199949 4.694713
v -12.817935 -0.199949 5.096169
v -12.817935 0.199949 5.096169
v -12.681252 -0.199949 5.493093
v -12.681252 0.199949 5.493093
v -12.530807 -0.199949 5.885012
v -12.530807 0.199949 5.885012
v -12.366794 -0.199949 6.271433
v -12.366794 0.199949 6.271433
v -12.189366 -0.199949 6.651902
v -12.189366 0.199949 6.651902
v -11.998794 -0.199949 7.025942
v -11.998794 0.199949 7.025942
v -11.795267 -0.199949 7.393107
v -11.795267 0.199949 7.393107
v -11.579056 -0.199949 7.752944
v -11.579056 0.199949 7.752944
v -11.350410 -0.199949 8.105013
v -11.350410 0.199949 8.105013
v -11.109638 -0.199949 8.448894
v -11.109638 0.199949 8.448894
v -10.856988 -0.199949 8.784160
v -10.856988 0.199949 8.784160
v -10.592808 -0.199949 9.110403
v -10.592808 0.199949 9.110403
v -10.317384 -0.199949 9.427229
v -10.317384 0.199949 9.427229
v -10.031081 -0.199949 9.734249
v -10.031081 0.199949 9.734249
v -9.734248 -0.199949 10.031087
v -9.734248 0.199949 10.031087
v -9.427229 -0.199949 10.317389
v -9.427229 0.199949 10.317389
v -9.110408 -0.199949 10.592804
v -9.110408 0.199949 10.592804
v -8.784150 -0.199949 10.856990
v -8.784150 0.199949 10.856990
v -8.448898 -0.199949 11.109630
v -8.448898 0.199949 11.109630
v -8.105017 -0.199949 11.350416
v -8.105017 0.199949 11.350416
v -7.752949 -0.199949 11.579052
v -7.752949 0.199949 11.579052
v -7.393097 0.199949 11.795268
v -7.393097 -0.199949 11.795268
v -7.025942 0.199949 11.998790
v -7.025942 -0.199949 11.998790
v -6.651906 -0.199949 12.189373
v -6.651906 0.199949 12.189373
v -6.271433 -0.199949 12.366786
v -6.271433 0.199949 12.366786
v -5.885001 -0.199949 12.530813
v -5.885001 0.199949 12.530813
v -5.493093 -0.199949 12.681257
v -5.493093 0.199949 12.681257
v -5.096168 -0.199949 12.817926
v -5.096168 0.199949 12.817926
v -4.694707 -0.199949 12.940667
v -4.694707 0.199949 12.940667
v -4.289230 -0.199949 13.049315
v -4.289230 0.199949 13.049315
v -3.880178 -0.199949 13.143752
v -3.880178 0.199949 13.143752
v -3.468090 -0.199949 13.223850
v -3.468090 0.199949 13.223850
v -3.053465 -0.199949 13.289521
v -3.053465 0.199949 13.289521
v -2.636802 -0.199949 13.340681
v -2.636802 0.199949 13.340681
v -2.218602 -0.199949 13.377269
v -2.218602 0.199949 13.377269
v -1.799384 -0.199949 13.399241
v -1.799384 0.199949 13.399241
v -13.406567 -0.199949 -1.379647
v -13.406567 0.199949 -1.379647
v -1.379646 -0.199949 -13.406569
v -1.799384 -0.199949 -13.399246
v -1.379646 0.199949 -13.406569
v -1.799384 0.199949 -13.399246
v -2.218602 -0.199949 -13.377269
v -2.218602 0.199949 -13.377269
v -2.636802 -0.199949 -13.340686
v -2.636802 0.199949 -13.340686
v -3.053465 -0.199949 -13.289526
v -3.053465 0.199949 -13.289526
v -3.468090 -0.199949 -13.223855
v -3.468090 0.199949 -13.223855
v -3.880178 -0.199949 -13.143752
v -3.880178 0.199949 -13.143752
v -4.289230 -0.199949 -13.049320
v -4.289230 0.199949 -13.049320
v -4.694707 -0.199949 -12.940667
v -4.694707 0.199949 -12.940667
v -5.096168 -0.199949 -12.817926
v -5.096168 0.199949 -12.817926
v -5.493093 -0.199949 -12.681252
v -5.493093 0.199949 -12.681252
v -5.885001 -0.199949 -12.530818
v -5.885001 0.199949 -12.530818
v -6.271433 -0.199949 -12.366786
v -6.271433 0.199949 -12.366786
v -6.651906 -0.199949 -12.189368
v -6.651906 0.199949 -12.189368
v -7.025942 -0.199949 -11.998785
v -7.025942 0.199949 -11.998785
v -7.393097 -0.199949 -11.795268
v -7.393097 0.199949 -11.795268
v -7.752949 -0.199949 -11.579057
v -7.752949 0.199949 -11.579057
v -8.105017 -0.199949 -11.350411
v -8.105017 0.199949 -11.350411
v -8.448898 -0.199949 -11.109630
v -8.448898 0.199949 -11.109630
v -8.784150 -0.199949 -10.856990
v -8.784150 0.199949 -10.856990
v -9.110408 -0.199949 -10.592799
v -9.110408 0.199949 -10.592799
v -9.427229 -0.199949 -10.317394
v -9.427229 0.199949 -10.317394
v -9.734248 -0.199949 -10.031093
v -9.734248 0.199949 -10.031093
v -10.031081 -0.199949 -9.734250
v -10.031081 0.199949 -9.734250
v -10.317384 -0.199949 -9.427230
v -10.317384 0.199949 -9.427230
v -10.592808 -0.199949 -9.110399
v -10.592808 0.199949 -9.110399
v -10.856988 -0.199949 -8.784162
v -10.856988 0.199949 -8.784162
v -11.109638 -0.199949 -8.448890
v -11.109638 0.199949 -8.448890
v -11.350410 -0.199949 -8.105019
v -11.350410 0.199949 -8.105019
v -11.579056 -0.199949 -7.752941
v -11.579056 0.199949 -7.752941
v -11.795267 0.199949 -7.393108
v -11.795267 -0.199949 -7.393108
v -11.998794 0.199949 -7.025943
v -11.998794 -0.199949 -7.025943
v -12.189366 -0.199949 -6.651898
v -12.189366 0.199949 -6.651898
v -12.366794 -0.199949 -6.271434
v -12.366794 0.199949 -6.271434
v -12.530807 -0.199949 -5.885013
v -12.530807 0.199949 -5.885013
v -12.681252 -0.199949 -5.493094
v -12.681252 0.199949 -5.493094
v -12.817935 -0.199949 -5.096169
v -12.817935 0.199949 -5.096169
v -12.940666 -0.199949 -4.694714
v -12.940666 0.199949 -4.694714
v -13.049310 -0.199949 -4.289222
v -13.049310 0.199949 -4.289222
v -13.143750 -0.199949 -3.880184
v -13.143750 0.199949 -3.880184
v -13.223854 -0.199949 -3.468101
v -13.223854 0.199949 -3.468101
v -13.289525 -0.199949 -3.053471
v -13.289525 0.199949 -3.053471
v -13.340685 -0.199949 -2.636803
v -13.340685 0.199949 -2.636803
v -13.377277 -0.199949 -2.218603
v -13.377277 0.199949 -2.218603
v -13.399244 -0.199949 -1.799380
v -13.399244 0.199949 -1.799380
v 1.379648 -0.199949 -13.406569
v 1.379648 0.199949 -13.406569
v 13.406569 -0.199949 -1.379647
v 13.399247 -0.199949 -1.799380
v 13.406569 0.199949 -1.379647
v 13.399247 0.199949 -1.799380
v 13.377280 -0.199949 -2.218603
v 13.377280 0.199949 -2.218603
v 13.340688 -0.199949 -2.636803
v 13.340688 0.199949 -2.636803
v 13.289527 -0.199949 -3.053471
v 13.289527 0.199949 -3.053471
v 13.223857 -0.199949 -3.468101
v 13.223857 0.199949 -3.468101
v 13.143753 -0.199949 -3.880184
v 13.143753 0.199949 -3.880184
v 13.049312 -0.199949 -4.289222
v 13.049312 0.199949 -4.289222
v 12.940668 -0.199949 -4.694714
v 12.940668 0.199949 -4.694714
v 12.817938 -0.199949 -5.096169
v 12.817938 0.199949 -5.096169
v 12.681253 -0.199949 -5.493094
v 12.681253 0.199949 -5.493094
v 12.530809 -0.199949 -5.885013
v 12.530809 0.199949 -5.885013
v 12.366777 -0.199949 -6.271434
v 12.366777 0.199949 -6.271434
v 12.189369 -0.199949 -6.651898
v 12.189369 0.199949 -6.651898
v 11.998796 -0.199949 -7.025943
v 11.998796 0.199949 -7.025943
v 11.795269 -0.199949 -7.393108
v 11.795269 0.199949 -7.393108
v 11.579059 -0.199949 -7.752941
v 11.579059 0.199949 -7.752941
v 11.350413 -0.199949 -8.105019
v 11.350413 0.199949 -8.105019
v 11.109640 -0.199949 -8.448890
v 11.109640 0.199949 -8.448890
v 10.856991 -0.199949 -8.784162
v 10.856991 0.199949 -8.784162
v 10.592810 -0.199949 -9.110399
v 10.592810 0.199949 -9.110399
v 10.317386 -0.199949 -9.427230
v 10.317386 0.199949 -9.427230
v 10.031084 -0.199949 -9.734250
v 10.031084 0.199949 -9.734250
v 9.734250 -0.199949 -10.031093
v 9.734250 0.199949 -10.031093
v 9.427231 -0.199949 -10.317394
v 9.427231 0.199949 -10.317394
v 9.110410 -0.199949 -10.592799
v 9.110410 0.199949 -10.592799
v 8.784152 -0.199949 -10.856990
v 8.784152 0.199949 -10.856990
v 8.448900 -0.199949 -11.109630
v 8.448900 0.199949 -11.109630
v 8.105020 -0.199949 -11.350411
v 8.105020 0.199949 -11.350411
v 7.752951 -0.199949 -11.579057
v 7.752951 0.199949 -11.579057
v 7.393099 0.199949 -11.795268
v 7.393099 -0.199949 -11.795268
v 7.025944 0.199949 -11.998785
v 7.025944 -0.199949 -11.998785
v 6.651909 -0.199949 -12.189368
v 6.651909 0.199949 -12.189368
v 6.271435 -0.199949 -12.366786
v 6.271435 0.199949 -12.366786
v 5.885004 -0.199949 -12.530818
v 5.885004 0.199949 -12.530818
v 5.493095 -0.199949 -12.681252
v 5.493095 0.199949 -12.681252
v 5.096170 -0.199949 -12.817926
v 5.096170 0.199949 -12.817926
v 4.694709 -0.199949 -12.940667
v 4.694709 0.199949 -12.940667
v 4.289232 -0.199949 -13.049320
v 4.289232 0.199949 -13.049320
v 3.880180 -0.199949 -13.143752
v 3.880180 0.199949 -13.143752
v 3.468092 -0.199949 -13.223855
v 3.468092 0.199949 -13.223855
v 3.053466 -0.199949 -13.289526
v 3.053466 0.199949 -13.289526
v 2.636804 -0.199949 -13.340686
v 2.636804 0.199949 -13.340686
v 2.218604 -0.199949 -13.377269
v 2.218604 0.199949 -13.377269
v 1.799385 -0.199949 -13.399246
v 1.799385 0.199949 -13.399246
v 13.406569 -0.199949 1.379647
v 13.406569 0.199949 1.379647
v 1.799385 -0.199949 13.399241
v 1.799385 0.199949 13.399241
v 2.218604 -0.199949 13.377269
v 2.218604 0.199949 13.377269
v 2.636804 -0.199949 13.340681
v 2.636804 0.199949 13.340681
v 3.053466 -0.199949 13.289521
v 3.053466 0.199949 13.289521
v 3.468092 -0.199949 13.223850
v 3.468092 0.199949 13.223850
v 3.880180 -0.199949 13.143752
v 3.880180 0.199949 13.143752
v 4.289232 -0.199949 13.049315
v 4.289232 0.199949 13.049315
v 4.694709 -0.199949 12.940667
v 4.694709 0.199949 12.940667
v 5.096170 -0.199949 12.817926
v 5.096170 0.199949 12.817926
v 5.493095 -0.199949 12.681257
v 5.493095 0.199949 12.681257
v 5.885004 -0.199949 12.530813
v 5.885004 0.199949 12.530813
v 6.271435 -0.199949 12.366786
v 6.271435 0.199949 12.366786
v 6.651909 -0.199949 12.189373
v 6.651909 0.199949 12.189373
v 7.025944 -0.199949 11.998790
v 7.025944 0.199949 11.998790
v 7.393099 -0.199949 11.795268
v 7.393099 0.199949 11.795268
v 7.752951 -0.199949 11.579052
v 7.752951 0.199949 11.579052
v 8.105020 -0.199949 11.350416
v 8.105020 0.199949 11.350416
v 8.448900 -0.199949 11.109630
v 8.448900 0.199949 11.109630
v 8.784152 -0.199949 10.856990
v 8.784152 0.199949 10.856990
v 9.110410 -0.199949 10.592804
v 9.110410 0.199949 10.592804
v 9.427231 -0.199949 10.317389
v 9.427231 0.199949 10.317389
v 9.734250 -0.199949 10.031087
v 9.734250 0.199949 10.031087
v 10.031084 -0.199949 9.734249
v 10.031084 0.199949 9.734249
v 10.317386 -0.199949 9.427229
v 10.317386 0.199949 9.427229
v 10.592810 -0.199949 9.110403
v 10.592810 0.199949 9.110403
v 10.856991 -0.199949 8.784160
v 10.856991 0.199949 8.784160
v 11.109640 -0.199949 8.448894
v 11.109640 0.199949 8.448894
v 11.350413 -0.199949 8.105013
v 11.350413 0.199949 8.105013
v 11.579059 -0.199949 7.752944
v 11.579059 0.199949 7.752944
v 11.795269 0.199949 7.393107
v 11.795269 -0.199949 7.393107
v 11.998796 0.199949 7.025942
v 11.998796 -0.199949 7.025942
v 12.189369 -0.199949 6.651902
v 12.189369 0.199949 6.651902
v 12.366777 -0.199949 6.271433
v 12.366777 0.199949 6.271433
v 12.530809 -0.199949 5.885012
v 12.530809 0.199949 5.885012
v 12.681253 -0.199949 5.493093
v 12.681253 0.199949 5.493093
v 12.817938 -0.199949 5.096169
v 12.817938 0.199949 5.096169
v 12.940668 -0.199949 4.694713
v 12.940668 0.199949 4.694713
v 13.049312 -0.199949 4.289221
v 13.049312 0.199949 4.289221
v 13.143753 -0.199949 3.880184
v 13.143753 0.199949 3.880184
v 13.223857 -0.199949 3.468100
v 13.223857 0.199949 3.468100
v 13.289527 -0.199949 3.053470
v 13.289527 0.199949 3.053470
v 13.340688 -0.199949 2.636803
v 13.340688 0.199949 2.636803
v 13.377280 -0.199949 2.218603
v 13.377280 0.199949 2.218603
v 13.399247 -0.199949 1.799379
v 13.399247 0.199949 1.799379
vn -0.7071 0.0000 -0.7071
vn -0.0171 0.0000 0.9999
vn -0.0511 0.0000 0.9987
vn -0.0851 0.0000 0.9964
vn -0.1190 0.0000 0.9929
vn -0.1191 0.0000 0.9929
vn -0.1528 0.0000 0.9883
vn -0.1864 0.0000 0.9825
vn -0.2198 0.0000 0.9755
vn -0.2529 0.0000 0.9675
vn -0.2858 0.0000 0.9583
vn -0.3182 0.0000 0.9480
vn -0.3183 0.0000 0.9480
vn -0.3504 0.0000 0.9366
vn -0.3821 0.0000 0.9241
vn -0.4134 0.0000 0.9106
vn -0.4442 0.0000 0.8959
vn -0.4745 0.0000 0.8803
vn -0.5042 0.0000 0.8636
vn -0.5333 0.0000 0.8459
vn -0.5619 0.0000 0.8272
vn -0.5897 0.0000 0.8076
vn -0.6169 0.0000 0.7870
vn -0.6434 0.0000 0.7655
vn -0.6691 0.0000 0.7432
vn -0.6941 0.0000 0.7199
vn 0.0000 0.0000 1.0000
vn 0.6941 0.0000 0.7199
vn 0.6691 0.0000 0.7432
vn 0.6434 0.0000 0.7655
vn 0.6169 0.0000 0.7870
vn 0.5897 0.0000 0.8076
vn 0.5619 0.0000 0.8272
vn 0.5333 0.0000 0.8459
vn 0.5042 0.0000 0.8636
vn 0.4745 0.0000 0.8803
vn 0.4442 0.0000 0.8959
vn 0.4134 0.0000 0.9106
vn 0.3821 0.0000 0.9241
vn 0.3504 0.0000 0.9366
vn 0.3183 0.0000 0.9480
vn 0.3182 0.0000 0.9480
vn 0.2858 0.0000 0.9583
vn 0.2529 0.0000 0.9675
vn 0.2198 0.0000 0.9755
vn 0.1864 0.0000 0.9825
vn 0.1528 0.0000 0.9883
vn 0.1191 0.0000 0.9929
vn 0.1190 0.0000 0.9929
vn 0.0851 0.0000 0.9964
vn 0.0511 0.0000 0.9987
vn 0.0171 0.0000 0.9999
vn 0.7071 0.0000 -0.7071
vn -0.0245 0.0000 -0.9997
vn -0.0733 0.0000 -0.9973
vn -0.1220 0.0000 -0.9925
vn -0.1704 0.0000 -0.9854
vn -0.2184 0.0000 -0.9759
vn -0.2659 0.0000 -0.9640
vn -0.3127 0.0000 -0.9498
vn -0.3588 0.0000 -0.9334
vn -0.4040 0.0000 -0.9148
vn -0.4483 0.0000 -0.8939
vn -0.4915 0.0000 -0.8709
vn -0.5335 0.0000 -0.8458
vn -0.5742 0.0000 -0.8187
vn -0.6136 0.0000 -0.7896
vn -0.6515 0.0000 -0.7587
vn -0.6878 0.0000 -0.7259
vn 0.0000 0.0000 -1.0000
vn 0.6878 0.0000 -0.7259
vn 0.6515 0.0000 -0.7587
vn 0.6136 0.0000 -0.7896
vn 0.5742 0.0000 -0.8187
vn 0.5335 0.0000 -0.8458
vn 0.4915 0.0000 -0.8709
vn 0.4483 0.0000 -0.8939
vn 0.4040 0.0000 -0.9148
vn 0.3588 0.0000 -0.9334
vn 0.3127 0.0000 -0.9498
vn 0.2659 0.0000 -0.9640
vn 0.2184 0.0000 -0.9759
vn 0.1704 0.0000 -0.9854
vn 0.1220 0.0000 -0.9925
vn 0.0733 0.0000 -0.9973
vn 0.0245 0.0000 -0.9997
vn -0.0550 0.0000 0.9985
vn -0.1644 0.0000 0.9864
vn -0.2717 0.0000 0.9624
vn -0.3757 0.0000 0.9267
vn -0.4753 0.0000 0.8798
vn -0.5690 0.0000 0.8224
vn -0.6559 0.0000 0.7548
vn 0.6559 0.0000 0.7548
vn 0.5690 0.0000 0.8224
vn 0.4753 0.0000 0.8798
vn 0.3757 0.0000 0.9267
vn 0.2717 0.0000 0.9624
vn 0.1644 0.0000 0.9864
vn 0.0550 0.0000 0.9985
vn -1.0000 0.0000 0.0000
vn -0.7071 0.0000 0.7071
vn 0.9985 0.0000 0.0550
vn 0.9864 0.0000 0.1643
vn 0.9624 0.0000 0.2718
vn 0.9267 0.0000 0.3757
vn 0.8799 0.0000 0.4752
vn 0.8223 0.0000 0.5690
vn 0.7549 0.0000 0.6559
vn 1.0000 0.0000 0.0000
vn 0.7549 0.0000 -0.6559
vn 0.8223 0.0000 -0.5690
vn 0.8799 0.0000 -0.4752
vn 0.9267 0.0000 -0.3757
vn 0.9624 0.0000 -0.2718
vn 0.9864 0.0000 -0.1643
vn 0.9985 0.0000 -0.0550
vn -0.6559 0.0000 -0.7548
vn -0.5690 0.0000 -0.8224
vn -0.4753 0.0000 -0.8798
vn -0.3757 0.0000 -0.9267
vn -0.2717 0.0000 -0.9624
vn -0.1644 0.0000 -0.9864
vn -0.0550 0.0000 -0.9985
vn 0.7071 0.0000 0.7071
vn 0.0550 0.0000 -0.9985
vn 0.1644 0.0000 -0.9864
vn 0.2717 0.0000 -0.9624
vn 0.3757 0.0000 -0.9267
vn 0.4753 0.0000 -0.8798
vn 0.5690 0.0000 -0.8224
vn 0.6559 0.0000 -0.7548
vn -0.9997 0.0000 0.0245
vn -0.9973 0.0000 0.0733
vn -0.9925 0.0000 0.1220
vn -0.9854 0.0000 0.1704
vn -0.9758 0.0000 0.2185
vn -0.9640 0.0000 0.2658
vn -0.9498 0.0000 0.3128
vn -0.9334 0.0000 0.3588
vn -0.9147 0.0000 0.4040
vn -0.8939 0.0000 0.4483
vn -0.8709 0.0000 0.4915
vn -0.8458 0.0000 0.5335
vn -0.8187 0.0000 0.5742
vn -0.7896 0.0000 0.6136
vn -0.7587 0.0000 0.6515
vn -0.7259 0.0000 0.6878
vn -0.7259 0.0000 -0.6878
vn -0.7587 0.0000 -0.6515
vn -0.7896 0.0000 -0.6136
vn -0.8187 0.0000 -0.5742
vn -0.8458 0.0000 -0.5335
vn -0.8709 0.0000 -0.4915
vn -0.8939 0.0000 -0.4483
vn -0.9147 0.0000 -0.4040
vn -0.9334 0.0000 -0.3588
vn -0.9498 0.0000 -0.3128
vn -0.9640 0.0000 -0.2658
vn -0.9758 0.0000 -0.2185
vn -0.9854 0.0000 -0.1704
vn -0.9925 0.0000 -0.1220
vn -0.9973 0.0000 -0.0733
vn -0.9997 0.0000 -0.0245
vn 0.9999 0.0000 0.0170
vn 0.9987 0.0000 0.0511
vn 0.9964 0.0000 0.0851
vn 0.9929 0.0000 0.1190
vn 0.9883 0.0000 0.1528
vn 0.9825 0.0000 0.1865
vn 0.9756 0.0000 0.2198
vn 0.9675 0.0000 0.2529
vn 0.9583 0.0000 0.2857
vn 0.9480 0.0000 0.3183
vn 0.9366 0.0000 0.3504
vn 0.9241 0.0000 0.3821
vn 0.9106 0.0000 0.4134
vn 0.8959 0.0000 0.4442
vn 0.8803 0.0000 0.4745
vn 0.8636 0.0000 0.5042
vn 0.8459 0.0000 0.5333
vn 0.8272 0.0000 0.5619
vn 0.8076 0.0000 0.5897
vn 0.7870 0.0000 0.6169
vn 0.7655 0.0000 0.6434
vn 0.7656 0.0000 0.6434
vn 0.7432 0.0000 0.6691
vn 0.7199 0.0000 0.6940
vn 0.7199 0.0000 -0.6940
vn 0.7432 0.0000 -0.6691
vn 0.7655 0.0000 -0.6434
vn 0.7870 0.0000 -0.6169
vn 0.8076 0.0000 -0.5897
vn 0.8272 0.0000 -0.5619
vn 0.8459 0.0000 -0.5333
vn 0.8636 0.0000 -0.5042
vn 0.8803 0.0000 -0.4745
vn 0.8959 0.0000 -0.4442
vn 0.9106 0.0000 -0.4134
vn 0.9241 0.0000 -0.3821
vn 0.9366 0.0000 -0.3504
vn 0.9480 0.0000 -0.3183
vn 0.9583 0.0000 -0.2857
vn 0.9675 0.0000 -0.2529
vn 0.9756 0.0000 -0.2198
vn 0.9825 0.0000 -0.1865
vn 0.9883 0.0000 -0.1528
vn 0.9929 0.0000 -0.1190
vn 0.9964 0.0000 -0.0851
vn 0.9987 0.0000 -0.0511
vn 0.9999 0.0000 -0.0170
vn -0.9999 0.0000 -0.0170
vn -0.9987 0.0000 -0.0511
vn -0.9964 0.0000 -0.0851
vn -0.9929 0.0000 -0.1190
vn -0.9883 0.0000 -0.1528
vn -0.9825 0.0000 -0.1865
vn -0.9756 0.0000 -0.2198
vn -0.9675 0.0000 -0.2529
vn -0.9583 0.0000 -0.2857
vn -0.9480 0.0000 -0.3183
vn -0.9366 0.0000 -0.3504
vn -0.9241 0.0000 -0.3821
vn -0.9106 0.0000 -0.4134
vn -0.8959 0.0000 -0.4442
vn -0.8803 0.0000 -0.4745
vn -0.8636 0.0000 -0.5042
vn -0.8459 0.0000 -0.5333
vn -0.8272 0.0000 -0.5619
vn -0.8076 0.0000 -0.5897
vn -0.7870 0.0000 -0.6169
vn -0.7655 0.0000 -0.6434
vn -0.7432 0.0000 -0.6691
vn -0.7199 0.0000 -0.6940
vn -0.7199 0.0000 0.6940
vn -0.7432 0.0000 0.6691
vn -0.7656 0.0000 0.6434
vn -0.7655 0.0000 0.6434
vn -0.7870 0.0000 0.6169
vn -0.8076 0.0000 0.5897
vn -0.8272 0.0000 0.5619
vn -0.8459 0.0000 0.5333
vn -0.8636 0.0000 0.5042
vn -0.8803 0.0000 0.4745
vn -0.8959 0.0000 0.4442
vn -0.9106 0.0000 0.4134
vn -0.9241 0.0000 0.3821
vn -0.9366 0.0000 0.3504
vn -0.9480 0.0000 0.3183
vn -0.9583 0.0000 0.2857
vn -0.9675 0.0000 0.2529
vn -0.9756 0.0000 0.2198
vn -0.9825 0.0000 0.1865
vn -0.9883 0.0000 0.1528
vn -0.9929 0.0000 0.1190
vn -0.9964 0.0000 0.0851
vn -0.9987 0.0000 0.0511
vn -0.9999 0.0000 0.0170
vn 0.9997 0.0000 -0.0245
vn 0.9973 0.0000 -0.0733
vn 0.9925 0.0000 -0.1220
vn 0.9854 0.0000 -0.1704
vn 0.9758 0.0000 -0.2185
vn 0.9640 0.0000 -0.2658
vn 0.9640 0.0000 -0.2659
vn 0.9498 0.0000 -0.3128
vn 0.9334 0.0000 -0.3588
vn 0.9147 0.0000 -0.4040
vn 0.8939 0.0000 -0.4483
vn 0.8709 0.0000 -0.4915
vn 0.8458 0.0000 -0.5335
vn 0.8187 0.0000 -0.5742
vn 0.7896 0.0000 -0.6136
vn 0.7587 0.0000 -0.6515
vn 0.7259 0.0000 -0.6878
vn 0.7259 0.0000 0.6878
vn 0.7587 0.0000 0.6515
vn 0.7896 0.0000 0.6136
vn 0.8187 0.0000 0.5742
vn 0.8458 0.0000 0.5335
vn 0.8709 0.0000 0.4915
vn 0.8939 0.0000 0.4483
vn 0.9147 0.0000 0.4040
vn 0.9334 0.0000 0.3588
vn 0.9498 0.0000 0.3128
vn 0.9640 0.0000 0.2659
vn 0.9640 0.0000 0.2658
vn 0.9758 0.0000 0.2185
vn 0.9854 0.0000 0.1704
vn 0.9925 0.0000 0.1220
vn 0.9973 0.0000 0.0733
vn 0.9997 0.0000 0.0245
vn -0.6941 0.0000 -0.7199
vn -0.6691 0.0000 -0.7432
vn -0.6434 0.0000 -0.7655
vn -0.6169 0.0000 -0.7870
vn -0.5897 0.0000 -0.8076
vn -0.5619 0.0000 -0.8272
vn -0.5333 0.0000 -0.8459
vn -0.5042 0.0000 -0.8636
vn -0.4745 0.0000 -0.8803
vn -0.4442 0.0000 -0.8959
vn -0.4134 0.0000 -0.9105
vn -0.4134 0.0000 -0.9106
vn -0.3821 0.0000 -0.9241
vn -0.3504 0.0000 -0.9366
vn -0.3183 0.0000 -0.9480
vn -0.2858 0.0000 -0.9583
vn -0.2857 0.0000 -0.9583
vn -0.2529 0.0000 -0.9675
vn -0.2198 0.0000 -0.9755
vn -0.1864 0.0000 -0.9825
vn -0.1528 0.0000 -0.9883
vn -0.1191 0.0000 -0.9929
vn -0.1190 0.0000 -0.9929
vn -0.0851 0.0000 -0.9964
vn -0.0511 0.0000 -0.9987
vn -0.0170 0.0000 -0.9999
vn 0.0245 0.0000 0.9997
vn 0.0733 0.0000 0.9973
vn 0.1220 0.0000 0.9925
vn 0.1704 0.0000 0.9854
vn 0.2184 0.0000 0.9759
vn 0.2659 0.0000 0.9640
vn 0.3127 0.0000 0.9499
vn 0.3588 0.0000 0.9334
vn 0.4040 0.0000 0.9147
vn 0.4483 0.0000 0.8939
vn 0.4915 0.0000 0.8709
vn 0.5335 0.0000 0.8458
vn 0.5742 0.0000 0.8187
vn 0.6136 0.0000 0.7896
vn 0.6515 0.0000 0.7587
vn 0.6878 0.0000 0.7259
vn -0.6878 0.0000 0.7259
vn -0.6515 0.0000 0.7587
vn -0.6136 0.0000 0.7896
vn -0.5742 0.0000 0.8187
vn -0.5335 0.0000 0.8458
vn -0.4915 0.0000 0.8709
vn -0.4483 0.0000 0.8939
vn -0.4040 0.0000 0.9147
vn -0.3588 0.0000 0.9334
vn -0.3127 0.0000 0.9499
vn -0.2659 0.0000 0.9640
vn -0.2184 0.0000 0.9759
vn -0.1704 0.0000 0.9854
vn -0.1220 0.0000 0.9925
vn -0.0733 0.0000 0.9973
vn -0.0245 0.0000 0.9997
vn 0.0170 0.0000 -0.9999
vn 0.0511 0.0000 -0.9987
vn 0.0851 0.0000 -0.9964
vn 0.1190 0.0000 -0.9929
vn 0.1191 0.0000 -0.9929
vn 0.1528 0.0000 -0.9883
vn 0.1864 0.0000 -0.9825
vn 0.2198 0.0000 -0.9755
vn 0.2529 0.0000 -0.9675
vn 0.2857 0.0000 -0.9583
vn 0.2858 0.0000 -0.9583
vn 0.3183 0.0000 -0.9480
vn 0.3504 0.0000 -0.9366
vn 0.3821 0.0000 -0.9241
vn 0.4134 0.0000 -0.9106
vn 0.4134 0.0000 -0.9105
vn 0.4442 0.0000 -0.8959
vn 0.4745 0.0000 -0.8803
vn 0.5042 0.0000 -0.8636
vn 0.5333 0.0000 -0.8459
vn 0.5619 0.0000 -0.8272
vn 0.5897 0.0000 -0.8076
vn 0.6169 0.0000 -0.7870
vn 0.6434 0.0000 -0.7655
vn 0.6691 0.0000 -0.7432
vn 0.6941 0.0000 -0.7199
vn -0.6136 0.0000 -0.7897
vn -0.4040 0.0000 -0.9147
vn 0.2718 0.0000 0.9623
vn 0.3759 0.0000 0.9267
vn 0.4755 0.0000 0.8797
vn 0.5693 0.0000 0.8221
vn 0.6562 0.0000 0.7546
vn -0.6562 0.0000 0.7546
vn -0.5693 0.0000 0.8221
vn -0.4755 0.0000 0.8797
vn -0.3759 0.0000 0.9267
vn -0.2718 0.0000 0.9623
vn 0.4040 0.0000 -0.9147
vn 0.6136 0.0000 -0.7897
vn -0.9997 0.0000 -0.0244
vn -0.9925 0.0000 -0.1221
vn -0.9759 0.0000 -0.2184
vn -0.9640 0.0000 -0.2659
vn -0.9499 0.0000 -0.3127
vn -0.7897 0.0000 -0.6135
vn -0.7587 0.0000 -0.6514
vn -0.7587 0.0000 0.6514
vn -0.7897 0.0000 0.6135
vn -0.9499 0.0000 0.3127
vn -0.9640 0.0000 0.2659
vn -0.9759 0.0000 0.2184
vn -0.9925 0.0000 0.1221
vn -0.9997 0.0000 0.0244
vn 0.9985 0.0000 -0.0551
vn 0.9623 0.0000 -0.2718
vn 0.9266 0.0000 -0.3761
vn 0.8797 0.0000 -0.4755
vn 0.8221 0.0000 -0.5693
vn 0.8222 0.0000 -0.5693
vn 0.7546 0.0000 -0.6562
vn 0.7546 0.0000 0.6562
vn 0.7545 0.0000 0.6562
vn 0.8222 0.0000 0.5693
vn 0.8797 0.0000 0.4755
vn 0.9266 0.0000 0.3761
vn 0.9623 0.0000 0.2718
vn 0.9985 0.0000 0.0551
vn -0.9985 0.0000 0.0551
vn -0.9864 0.0000 0.1643
vn -0.9623 0.0000 0.2718
vn -0.9266 0.0000 0.3759
vn -0.8797 0.0000 0.4756
vn -0.8222 0.0000 0.5693
vn -0.7545 0.0000 0.6562
vn -0.7546 0.0000 0.6562
vn -0.7546 0.0000 -0.6562
vn -0.8222 0.0000 -0.5693
vn -0.8797 0.0000 -0.4756
vn -0.9266 0.0000 -0.3759
vn -0.9623 0.0000 -0.2718
vn -0.9864 0.0000 -0.1643
vn -0.9985 0.0000 -0.0551
vn 0.9997 0.0000 0.0244
vn 0.9925 0.0000 0.1221
vn 0.9759 0.0000 0.2184
vn 0.9499 0.0000 0.3127
vn 0.7897 0.0000 0.6135
vn 0.7587 0.0000 0.6514
vn 0.7587 0.0000 -0.6514
vn 0.7897 0.0000 -0.6135
vn 0.9499 0.0000 -0.3127
vn 0.9759 0.0000 -0.2184
vn 0.9925 0.0000 -0.1221
vn 0.9997 0.0000 -0.0244
vn -0.9985 0.0000 -0.0550
vn -0.9624 0.0000 -0.2718
vn -0.9267 0.0000 -0.3757
vn -0.8799 0.0000 -0.4752
vn -0.8223 0.0000 -0.5690
vn -0.7549 0.0000 -0.6559
vn -0.7549 0.0000 0.6559
vn -0.8223 0.0000 0.5690
vn -0.8799 0.0000 0.4752
vn -0.9267 0.0000 0.3757
vn -0.9624 0.0000 0.2718
vn -0.9985 0.0000 0.0550
vn -0.3127 0.0000 0.9498
vn -0.6135 0.0000 0.7897
vn 0.6135 0.0000 0.7897
vn 0.3127 0.0000 0.9498
vn -0.2718 0.0000 -0.9623
vn -0.3759 0.0000 -0.9267
vn -0.4755 0.0000 -0.8797
vn -0.5693 0.0000 -0.8221
vn -0.6562 0.0000 -0.7546
vn 0.6562 0.0000 -0.7546
vn 0.5693 0.0000 -0.8221
vn 0.4755 0.0000 -0.8797
vn 0.3759 0.0000 -0.9267
vn 0.2718 0.0000 -0.9623
vn -0.9998 0.0000 0.0174
vn -0.9986 0.0000 0.0523
vn -0.9962 0.0000 0.0872
vn -0.9925 0.0000 0.1219
vn -0.9877 0.0000 0.1564
vn -0.9816 0.0000 0.1908
vn -0.9744 0.0000 0.2250
vn -0.9659 0.0000 0.2588
vn -0.9563 0.0000 0.2924
vn -0.9455 0.0000 0.3256
vn -0.9336 0.0000 0.3584
vn -0.9205 0.0000 0.3907
vn -0.9063 0.0000 0.4226
vn -0.8910 0.0000 0.4540
vn -0.8746 0.0000 0.4848
vn -0.8572 0.0000 0.5150
vn -0.8387 0.0000 0.5447
vn -0.8192 0.0000 0.5736
vn -0.7986 0.0000 0.6018
vn -0.7772 0.0000 0.6293
vn -0.7547 0.0000 0.6561
vn -0.7314 0.0000 0.6820
vn -0.6820 0.0000 0.7314
vn -0.6561 0.0000 0.7547
vn -0.6293 0.0000 0.7772
vn -0.6018 0.0000 0.7986
vn -0.5736 0.0000 0.8192
vn -0.5446 0.0000 0.8387
vn -0.5150 0.0000 0.8572
vn -0.4848 0.0000 0.8746
vn -0.4540 0.0000 0.8910
vn -0.4226 0.0000 0.9063
vn -0.3907 0.0000 0.9205
vn -0.3584 0.0000 0.9336
vn -0.3256 0.0000 0.9455
vn -0.2924 0.0000 0.9563
vn -0.2588 0.0000 0.9659
vn -0.2249 0.0000 0.9744
vn -0.2250 0.0000 0.9744
vn -0.1908 0.0000 0.9816
vn -0.1564 0.0000 0.9877
vn -0.1219 0.0000 0.9925
vn -0.0871 0.0000 0.9962
vn -0.0872 0.0000 0.9962
vn -0.0523 0.0000 0.9986
vn -0.0175 0.0000 0.9998
vn -0.0174 0.0000 -0.9998
vn -0.0523 0.0000 -0.9986
vn -0.0524 0.0000 -0.9986
vn -0.0871 0.0000 -0.9962
vn -0.1219 0.0000 -0.9925
vn -0.1564 0.0000 -0.9877
vn -0.1908 0.0000 -0.9816
vn -0.2249 0.0000 -0.9744
vn -0.2588 0.0000 -0.9659
vn -0.2924 0.0000 -0.9563
vn -0.3256 0.0000 -0.9455
vn -0.3584 0.0000 -0.9336
vn -0.3907 0.0000 -0.9205
vn -0.4226 0.0000 -0.9063
vn -0.4540 0.0000 -0.8910
vn -0.4848 0.0000 -0.8746
vn -0.5150 0.0000 -0.8572
vn -0.5447 0.0000 -0.8387
vn -0.5736 0.0000 -0.8192
vn -0.6018 0.0000 -0.7986
vn -0.6293 0.0000 -0.7772
vn -0.6561 0.0000 -0.7547
vn -0.6820 0.0000 -0.7314
vn -0.6820 0.0000 -0.7313
vn -0.7314 0.0000 -0.6820
vn -0.7547 0.0000 -0.6561
vn -0.7771 0.0000 -0.6293
vn -0.7986 0.0000 -0.6018
vn -0.8192 0.0000 -0.5736
vn -0.8387 0.0000 -0.5446
vn -0.8572 0.0000 -0.5150
vn -0.8746 0.0000 -0.4848
vn -0.8910 0.0000 -0.4540
vn -0.9063 0.0000 -0.4226
vn -0.9205 0.0000 -0.3907
vn -0.9336 0.0000 -0.3584
vn -0.9455 0.0000 -0.3256
vn -0.9563 0.0000 -0.2924
vn -0.9659 0.0000 -0.2588
vn -0.9744 0.0000 -0.2250
vn -0.9816 0.0000 -0.1908
vn -0.9877 0.0000 -0.1564
vn -0.9925 0.0000 -0.1219
vn -0.9962 0.0000 -0.0872
vn -0.9986 0.0000 -0.0523
vn -0.9998 0.0000 -0.0174
vn 0.9998 0.0000 -0.0174
vn 0.9986 0.0000 -0.0523
vn 0.9962 0.0000 -0.0872
vn 0.9925 0.0000 -0.1219
vn 0.9877 0.0000 -0.1564
vn 0.9816 0.0000 -0.1908
vn 0.9744 0.0000 -0.2250
vn 0.9659 0.0000 -0.2588
vn 0.9563 0.0000 -0.2924
vn 0.9455 0.0000 -0.3256
vn 0.9336 0.0000 -0.3584
vn 0.9205 0.0000 -0.3907
vn 0.9063 0.0000 -0.4226
vn 0.8910 0.0000 -0.4540
vn 0.8746 0.0000 -0.4848
vn 0.8572 0.0000 -0.5150
vn 0.8387 0.0000 -0.5446
vn 0.8192 0.0000 -0.5736
vn 0.7986 0.0000 -0.6018
vn 0.7771 0.0000 -0.6293
vn 0.7547 0.0000 -0.6561
vn 0.7314 0.0000 -0.6820
vn 0.6820 0.0000 -0.7313
vn 0.6820 0.0000 -0.7314
vn 0.6561 0.0000 -0.7547
vn 0.6293 0.0000 -0.7772
vn 0.6018 0.0000 -0.7986
vn 0.5736 0.0000 -0.8192
vn 0.5447 0.0000 -0.8387
vn 0.5150 0.0000 -0.8572
vn 0.4848 0.0000 -0.8746
vn 0.4540 0.0000 -0.8910
vn 0.4226 0.0000 -0.9063
vn 0.3907 0.0000 -0.9205
vn 0.3584 0.0000 -0.9336
vn 0.3256 0.0000 -0.9455
vn 0.2924 0.0000 -0.9563
vn 0.2588 0.0000 -0.9659
vn 0.2249 0.0000 -0.9744
vn 0.1908 0.0000 -0.9816
vn 0.1564 0.0000 -0.9877
vn 0.1219 0.0000 -0.9925
vn 0.0871 0.0000 -0.9962
vn 0.0524 0.0000 -0.9986
vn 0.0523 0.0000 -0.9986
vn 0.0174 0.0000 -0.9998
vn 0.0175 0.0000 0.9998
vn 0.0523 0.0000 0.9986
vn 0.0872 0.0000 0.9962
vn 0.0871 0.0000 0.9962
vn 0.1219 0.0000 0.9925
vn 0.1564 0.0000 0.9877
vn 0.1908 0.0000 0.9816
vn 0.2250 0.0000 0.9744
vn 0.2249 0.0000 0.9744
vn 0.2588 0.0000 0.9659
vn 0.2924 0.0000 0.9563
vn 0.3256 0.0000 0.9455
vn 0.3584 0.0000 0.9336
vn 0.3907 0.0000 0.9205
vn 0.4226 0.0000 0.9063
vn 0.4540 0.0000 0.8910
vn 0.4848 0.0000 0.8746
vn 0.5150 0.0000 0.8572
vn 0.5446 0.0000 0.8387
vn 0.5736 0.0000 0.8192
vn 0.6018 0.0000 0.7986
vn 0.6293 0.0000 0.7772
vn 0.6561 0.0000 0.7547
vn 0.6820 0.0000 0.7314
vn 0.7314 0.0000 0.6820
vn 0.7547 0.0000 0.6561
vn 0.7772 0.0000 0.6293
vn 0.7986 0.0000 0.6018
vn 0.8192 0.0000 0.5736
vn 0.8387 0.0000 0.5447
vn 0.8572 0.0000 0.5150
vn 0.8746 0.0000 0.4848
vn 0.8910 0.0000 0.4540
vn 0.9063 0.0000 0.4226
vn 0.9205 0.0000 0.3907
vn 0.9336 0.0000 0.3584
vn 0.9455 0.0000 0.3256
vn 0.9563 0.0000 0.2924
vn 0.9659 0.0000 0.2588
vn 0.9744 0.0000 0.2250
vn 0.9816 0.0000 0.1908
vn 0.9877 0.0000 0.1564
vn 0.9925 0.0000 0.1219
vn 0.9962 0.0000 0.0872
vn 0.9986 0.0000 0.0523
vn 0.9998 0.0000 0.0174
vn 0.0000 1.0000 0.0000
vn 0.0000 -1.0000 0.0000
usemtl None
s off
f 1//1 2//1 3//1
f 3//1 2//1 4//1
f 5//2 6//2 7//2
f 7//2 6//2 8//2
f 8//3 6//3 9//3
f 8//3 9//3 10//3
f 10//4 9//4 11//4
f 10//4 11//4 12//4
f 12//5 11//5 13//5
f 12//6 13//6 14//6
f 14//7 13//7 15//7
f 14//7 15//7 16//7
f 16//8 15//8 17//8
f 16//8 17//8 18//8
f 18//9 17//9 19//9
f 18//9 19//9 20//9
f 20//10 19//10 21//10
f 20//10 21//10 22//10
f 22//11 21//11 23//11
f 22//11 23//11 24//11
f 24//12 23//12 25//12
f 24//13 25//13 26//13
f 26//14 25//14 27//14
f 26//14 27//14 28//14
f 28//15 27//15 29//15
f 28//15 29//15 30//15
f 30//16 29//16 31//16
f 31//16 29//16 32//16
f 31//17 32//17 33//17
f 31//17 33//17 34//17
f 34//18 33//18 35//18
f 34//18 35//18 36//18
f 36//19 35//19 37//19
f 36//19 37//19 38//19
f 38//20 37//20 39//20
f 38//20 39//20 40//20
f 40//21 39//21 41//21
f 40//21 41//21 42//21
f 42//22 41//22 43//22
f 42//22 43//22 44//22
f 44//23 43//23 45//23
f 44//23 45//23 46//23
f 46//24 45//24 47//24
f 46//24 47//24 48//24
f 48//25 47//25 49//25
f 48//25 49//25 50//25
f 50//26 49//26 1//26
f 50//26 1//26 3//26
f 51//27 5//27 52//27
f 52//27 5//27 7//27
f 53//28 54//28 55//28
f 55//28 54//28 56//28
f 56//29 54//29 57//29
f 56//29 57//29 58//29
f 58//30 57//30 59//30
f 58//30 59//30 60//30
f 60//31 59//31 61//31
f 60//31 61//31 62//31
f 62//32 61//32 63//32
f 62//32 63//32 64//32
f 64//33 63//33 65//33
f 64//33 65//33 66//33
f 66//34 65//34 67//34
f 66//34 67//34 68//34
f 68//35 67//35 69//35
f 68//35 69//35 70//35
f 70//36 69//36 71//36
f 70//36 71//36 72//36
f 72//37 71//37 73//37
f 72//37 73//37 74//37
f 74//38 73//38 75//38
f 74//38 75//38 76//38
f 76//39 75//39 77//39
f 76//39 77//39 78//39
f 78//40 77//40 79//40
f 79//40 77//40 80//40
f 79//41 80//41 81//41
f 79//42 81//42 82//42
f 82//43 81//43 83//43
f 82//43 83//43 84//43
f 84//44 83//44 85//44
f 84//44 85//44 86//44
f 86//45 85//45 87//45
f 86//45 87//45 88//45
f 88//46 87//46 89//46
f 88//46 89//46 90//46
f 90//47 89//47 91//47
f 90//47 91//47 92//47
f 92//48 91//48 93//48
f 92//49 93//49 94//49
f 94//50 93//50 95//50
f 94//50 95//50 96//50
f 96//51 95//51 97//51
f 96//51 97//51 98//51
f 98//52 97//52 51//52
f 98//52 51//52 52//52
f 99//53 53//53 100//53
f 100//53 53//53 55//53
f 101//54 102//54 103//54
f 103//54 102//54 104//54
f 103//55 104//55 105//55
f 103//55 105//55 106//55
f 106//56 105//56 107//56
f 106//56 107//56 108//56
f 108//57 107//57 109//57
f 108//57 109//57 110//57
f 110//58 109//58 111//58
f 110//58 111//58 112//58
f 112//59 111//59 113//59
f 112//59 113//59 114//59
f 114//60 113//60 115//60
f 114//60 115//60 116//60
f 116//61 115//61 117//61
f 116//61 117//61 118//61
f 118//62 117//62 119//62
f 118//62 119//62 120//62
f 120//63 119//63 121//63
f 120//63 121//63 122//63
f 122//64 121//64 123//64
f 122//64 123//64 124//64
f 124//65 123//65 125//65
f 124//65 125//65 126//65
f 126//66 125//66 127//66
f 126//66 127//66 128//66
f 128//67 127//67 129//67
f 128//67 129//67 130//67
f 130//68 129//68 131//68
f 130//68 131//68 132//68
f 132//69 131//69 99//69
f 132//69 99//69 100//69
f 133//70 102//70 134//70
f 134//70 102//70 101//70
f 4//71 2//71 135//71
f 135//71 2//71 136//71
f 135//72 136//72 137//72
f 135//72 137//72 138//72
f 138//73 137//73 139//73
f 138//73 139//73 140//73
f 140//74 139//74 141//74
f 140//74 141//74 142//74
f 142//75 141//75 143//75
f 142//75 143//75 144//75
f 144//76 143//76 145//76
f 144//76 145//76 146//76
f 146//77 145//77 147//77
f 146//77 147//77 148//77
f 148//78 147//78 149//78
f 148//78 149//78 150//78
f 150//79 149//79 151//79
f 150//79 151//79 152//79
f 152//80 151//80 153//80
f 152//80 153//80 154//80
f 154//81 153//81 155//81
f 154//81 155//81 156//81
f 156//82 155//82 157//82
f 156//82 157//82 158//82
f 158//83 157//83 159//83
f 158//83 159//83 160//83
f 160//84 159//84 161//84
f 160//84 161//84 162//84
f 162//85 161//85 163//85
f 162//85 163//85 164//85
f 164//86 163//86 133//86
f 164//86 133//86 134//86
f 165//70 166//70 167//70
f 167//70 166//70 168//70
f 169//1 165//1 170//1
f 170//1 165//1 167//1
f 171//87 172//87 173//87
f 173//87 172//87 174//87
f 174//88 172//88 175//88
f 174//88 175//88 176//88
f 176//89 175//89 177//89
f 176//89 177//89 178//89
f 178//90 177//90 179//90
f 178//90 179//90 180//90
f 180//91 179//91 181//91
f 181//91 179//91 182//91
f 181//92 182//92 183//92
f 181//92 183//92 184//92
f 184//93 183//93 169//93
f 184//93 169//93 170//93
f 185//27 171//27 186//27
f 186//27 171//27 173//27
f 187//94 188//94 189//94
f 189//94 188//94 190//94
f 190//95 188//95 191//95
f 190//95 191//95 192//95
f 192//96 191//96 193//96
f 192//96 193//96 194//96
f 194//97 193//97 195//97
f 194//97 195//97 196//97
f 196//98 195//98 197//98
f 197//98 195//98 198//98
f 197//99 198//99 199//99
f 197//99 199//99 200//99
f 200//100 199//100 185//100
f 200//100 185//100 186//100
f 166//53 187//53 168//53
f 168//53 187//53 189//53
f 201//1 202//1 203//1
f 203//1 202//1 204//1
f 205//101 201//101 206//101
f 206//101 201//101 203//101
f 207//102 205//102 208//102
f 208//102 205//102 206//102
f 209//103 210//103 211//103
f 211//103 210//103 212//103
f 212//104 210//104 213//104
f 212//104 213//104 214//104
f 214//105 213//105 215//105
f 214//105 215//105 216//105
f 216//106 215//106 217//106
f 216//106 217//106 218//106
f 218//107 217//107 219//107
f 219//107 217//107 220//107
f 219//108 220//108 221//108
f 219//108 221//108 222//108
f 222//109 221//109 207//109
f 222//109 207//109 208//109
f 223//110 209//110 224//110
f 224//110 209//110 211//110
f 202//111 225//111 204//111
f 204//111 225//111 226//111
f 226//112 225//112 227//112
f 226//112 227//112 228//112
f 228//113 227//113 229//113
f 228//113 229//113 230//113
f 230//114 229//114 231//114
f 230//114 231//114 232//114
f 232//115 231//115 233//115
f 233//115 231//115 234//115
f 233//116 234//116 235//116
f 233//116 235//116 236//116
f 236//117 235//117 223//117
f 236//117 223//117 224//117
f 237//70 238//70 239//70
f 239//70 238//70 240//70
f 241//118 242//118 243//118
f 243//118 242//118 244//118
f 244//119 242//119 245//119
f 244//119 245//119 246//119
f 246//120 245//120 247//120
f 246//120 247//120 248//120
f 248//121 247//121 249//121
f 248//121 249//121 250//121
f 250//122 249//122 251//122
f 251//122 249//122 252//122
f 251//123 252//123 253//123
f 251//123 253//123 254//123
f 254//124 253//124 237//124
f 254//124 237//124 239//124
f 255//102 241//102 256//102
f 256//102 241//102 243//102
f 257//27 255//27 258//27
f 258//27 255//27 256//27
f 259//125 257//125 260//125
f 260//125 257//125 258//125
f 238//126 261//126 240//126
f 240//126 261//126 262//126
f 262//127 261//127 263//127
f 262//127 263//127 264//127
f 264//128 263//128 265//128
f 264//128 265//128 266//128
f 266//129 265//129 267//129
f 266//129 267//129 268//129
f 268//130 267//130 269//130
f 269//130 267//130 270//130
f 269//131 270//131 271//131
f 269//131 271//131 272//131
f 272//132 271//132 259//132
f 272//132 259//132 260//132
f 273//1 274//1 275//1
f 275//1 274//1 276//1
f 277//133 278//133 279//133
f 279//133 278//133 280//133
f 279//134 280//134 281//134
f 279//134 281//134 282//134
f 282//135 281//135 283//135
f 282//135 283//135 284//135
f 284//136 283//136 285//136
f 284//136 285//136 286//136
f 286//137 285//137 287//137
f 286//137 287//137 288//137
f 288//138 287//138 289//138
f 288//138 289//138 290//138
f 290//139 289//139 291//139
f 290//139 291//139 292//139
f 292//140 291//140 293//140
f 292//140 293//140 294//140
f 294//141 293//141 295//141
f 294//141 295//141 296//141
f 296//142 295//142 297//142
f 296//142 297//142 298//142
f 298//143 297//143 299//143
f 298//143 299//143 300//143
f 300//144 299//144 301//144
f 300//144 301//144 302//144
f 302//145 301//145 303//145
f 302//145 303//145 304//145
f 304//146 303//146 305//146
f 304//146 305//146 306//146
f 306//147 305//147 307//147
f 306//147 307//147 308//147
f 308//148 307//148 273//148
f 308//148 273//148 275//148
f 309//101 278//101 310//101
f 310//101 278//101 277//101
f 311//149 312//149 313//149
f 313//149 312//149 314//149
f 313//150 314//150 315//150
f 313//150 315//150 316//150
f 316//151 315//151 317//151
f 316//151 317//151 318//151
f 318//152 317//152 319//152
f 318//152 319//152 320//152
f 320//153 319//153 321//153
f 320//153 321//153 322//153
f 322//154 321//154 323//154
f 322//154 323//154 324//154
f 324//155 323//155 325//155
f 324//155 325//155 326//155
f 326//156 325//156 327//156
f 326//156 327//156 328//156
f 328//157 327//157 329//157
f 328//157 329//157 330//157
f 330//158 329//158 331//158
f 330//158 331//158 332//158
f 332//159 331//159 333//159
f 332//159 333//159 334//159
f 334//160 333//160 335//160
f 334//160 335//160 336//160
f 336//161 335//161 337//161
f 336//161 337//161 338//161
f 338//162 337//162 339//162
f 338//162 339//162 340//162
f 340//163 339//163 341//163
f 340//163 341//163 342//163
f 342//164 341//164 309//164
f 342//164 309//164 310//164
f 343//102 312//102 344//102
f 344//102 312//102 311//102
f 345//165 346//165 347//165
f 347//165 346//165 348//165
f 348//166 346//166 349//166
f 348//166 349//166 350//166
f 350//167 349//167 351//167
f 350//167 351//167 352//167
f 352//168 351//168 353//168
f 352//168 353//168 354//168
f 354//169 353//169 355//169
f 354//169 355//169 356//169
f 356//170 355//170 357//170
f 356//170 357//170 358//170
f 358//171 357//171 359//171
f 358//171 359//171 360//171
f 360//172 359//172 361//172
f 360//172 361//172 362//172
f 362//173 361//173 363//173
f 362//173 363//173 364//173
f 364//174 363//174 365//174
f 364//174 365//174 366//174
f 366//175 365//175 367//175
f 366//175 367//175 368//175
f 368//176 367//176 369//176
f 368//176 369//176 370//176
f 370//177 369//177 371//177
f 371//177 369//177 372//177
f 371//178 372//178 373//178
f 371//178 373//178 374//178
f 374//179 373//179 375//179
f 374//179 375//179 376//179
f 376//180 375//180 377//180
f 376//180 377//180 378//180
f 378//181 377//181 379//181
f 378//181 379//181 380//181
f 380//182 379//182 381//182
f 380//182 381//182 382//182
f 382//183 381//183 383//183
f 382//183 383//183 384//183
f 384//184 383//184 385//184
f 384//184 385//184 386//184
f 386//185 385//185 387//185
f 386//186 387//186 388//186
f 388//187 387//187 389//187
f 388//187 389//187 390//187
f 390//188 389//188 343//188
f 390//188 343//188 344//188
f 391//110 345//110 392//110
f 392//110 345//110 347//110
f 274//189 393//189 276//189
f 276//189 393//189 394//189
f 394//190 393//190 395//190
f 394//190 395//190 396//190
f 396//191 395//191 397//191
f 396//191 397//191 398//191
f 398//192 397//192 399//192
f 398//192 399//192 400//192
f 400//193 399//193 401//193
f 400//193 401//193 402//193
f 402//194 401//194 403//194
f 402//194 403//194 404//194
f 404//195 403//195 405//195
f 404//195 405//195 406//195
f 406//196 405//196 407//196
f 406//196 407//196 408//196
f 408//197 407//197 409//197
f 408//197 409//197 410//197
f 410//198 409//198 411//198
f 410//198 411//198 412//198
f 412//199 411//199 413//199
f 412//199 413//199 414//199
f 414//200 413//200 415//200
f 414//200 415//200 416//200
f 416//201 415//201 417//201
f 417//201 415//201 418//201
f 417//202 418//202 419//202
f 417//202 419//202 420//202
f 420//203 419//203 421//203
f 420//203 421//203 422//203
f 422//204 421//204 423//204
f 422//204 423//204 424//204
f 424//205 423//205 425//205
f 424//205 425//205 426//205
f 426//206 425//206 427//206
f 426//206 427//206 428//206
f 428//207 427//207 429//207
f 428//207 429//207 430//207
f 430//208 429//208 431//208
f 430//208 431//208 432//208
f 432//209 431//209 433//209
f 432//209 433//209 434//209
f 434//210 433//210 435//210
f 434//210 435//210 436//210
f 436//211 435//211 391//211
f 436//211 391//211 392//211
f 437//53 438//53 439//53
f 439//53 438//53 440//53
f 441//212 442//212 443//212
f 443//212 442//212 444//212
f 444//213 442//213 445//213
f 444//213 445//213 446//213
f 446//214 445//214 447//214
f 446//214 447//214 448//214
f 448//215 447//215 449//215
f 448//215 449//215 450//215
f 450//216 449//216 451//216
f 450//216 451//216 452//216
f 452//217 451//217 453//217
f 452//217 453//217 454//217
f 454//218 453//218 455//218
f 454//218 455//218 456//218
f 456//219 455//219 457//219
f 456//219 457//219 458//219
f 458//220 457//220 459//220
f 458//220 459//220 460//220
f 460//221 459//221 461//221
f 460//221 461//221 462//221
f 462//222 461//222 463//222
f 462//222 463//222 464//222
f 464//223 463//223 465//223
f 464//223 465//223 466//223
f 466//224 465//224 467//224
f 467//224 465//224 468//224
f 467//225 468//225 469//225
f 467//225 469//225 470//225
f 470//226 469//226 471//226
f 470//226 471//226 472//226
f 472//227 471//227 473//227
f 472//227 473//227 474//227
f 474//228 473//228 475//228
f 474//228 475//228 476//228
f 476//229 475//229 477//229
f 476//229 477//229 478//229
f 478//230 477//230 479//230
f 478//230 479//230 480//230
f 480//231 479//231 481//231
f 480//231 481//231 482//231
f 482//232 481//232 483//232
f 482//232 483//232 484//232
f 484//233 483//233 485//233
f 484//233 485//233 486//233
f 486//234 485//234 437//234
f 486//234 437//234 439//234
f 487//101 441//101 488//101
f 488//101 441//101 443//101
f 489//235 490//235 491//235
f 491//235 490//235 492//235
f 492//236 490//236 493//236
f 492//236 493//236 494//236
f 494//237 493//237 495//237
f 494//238 495//238 496//238
f 496//239 495//239 497//239
f 496//239 497//239 498//239
f 498//240 497//240 499//240
f 498//240 499//240 500//240
f 500//241 499//241 501//241
f 500//241 501//241 502//241
f 502//242 501//242 503//242
f 502//242 503//242 504//242
f 504//243 503//243 505//243
f 504//243 505//243 506//243
f 506//244 505//244 507//244
f 506//244 507//244 508//244
f 508//245 507//245 509//245
f 508//245 509//245 510//245
f 510//246 509//246 511//246
f 510//246 511//246 512//246
f 512//247 511//247 513//247
f 512//247 513//247 514//247
f 514//248 513//248 515//248
f 515//248 513//248 516//248
f 515//249 516//249 517//249
f 515//249 517//249 518//249
f 518//250 517//250 519//250
f 518//250 519//250 520//250
f 520//251 519//251 521//251
f 520//251 521//251 522//251
f 522//252 521//252 523//252
f 522//252 523//252 524//252
f 524//253 523//253 525//253
f 524//253 525//253 526//253
f 526//254 525//254 527//254
f 526//254 527//254 528//254
f 528//255 527//255 529//255
f 528//255 529//255 530//255
f 530//256 529//256 531//256
f 530//256 531//256 532//256
f 532//257 531//257 533//257
f 532//257 533//257 534//257
f 534//258 533//258 487//258
f 534//258 487//258 488//258
f 535//125 489//125 536//125
f 536//125 489//125 491//125
f 537//259 538//259 539//259
f 539//259 538//259 540//259
f 539//260 540//260 541//260
f 539//260 541//260 542//260
f 542//261 541//261 543//261
f 542//261 543//261 544//261
f 544//262 543//262 545//262
f 544//262 545//262 546//262
f 546//263 545//263 547//263
f 546//263 547//263 548//263
f 548//264 547//264 549//264
f 548//265 549//265 550//265
f 550//266 549//266 551//266
f 550//266 551//266 552//266
f 552//267 551//267 553//267
f 552//267 553//267 554//267
f 554//268 553//268 555//268
f 554//268 555//268 556//268
f 556//269 555//269 557//269
f 556//269 557//269 558//269
f 558//270 557//270 559//270
f 558//270 559//270 560//270
f 560//271 559//271 561//271
f 560//271 561//271 562//271
f 562//272 561//272 563//272
f 562//272 563//272 564//272
f 564//273 563//273 565//273
f 564//273 565//273 566//273
f 566//274 565//274 567//274
f 566//274 567//274 568//274
f 568//275 567//275 535//275
f 568//275 535//275 536//275
f 569//110 538//110 570//110
f 570//110 538//110 537//110
f 440//276 438//276 571//276
f 571//276 438//276 572//276
f 571//277 572//277 573//277
f 571//277 573//277 574//277
f 574//278 573//278 575//278
f 574//278 575//278 576//278
f 576//279 575//279 577//279
f 576//279 577//279 578//279
f 578//280 577//280 579//280
f 578//280 579//280 580//280
f 580//281 579//281 581//281
f 580//281 581//281 582//281
f 582//282 581//282 583//282
f 582//282 583//282 584//282
f 584//283 583//283 585//283
f 584//283 585//283 586//283
f 586//284 585//284 587//284
f 586//284 587//284 588//284
f 588//285 587//285 589//285
f 588//285 589//285 590//285
f 590//286 589//286 591//286
f 590//287 591//287 592//287
f 592//288 591//288 593//288
f 592//288 593//288 594//288
f 594//289 593//289 595//289
f 594//289 595//289 596//289
f 596//290 595//290 597//290
f 596//290 597//290 598//290
f 598//291 597//291 599//291
f 598//291 599//291 600//291
f 600//292 599//292 569//292
f 600//292 569//292 570//292
f 601//70 602//70 603//70
f 603//70 602//70 604//70
f 605//293 606//293 607//293
f 607//293 606//293 608//293
f 608//294 606//294 609//294
f 608//294 609//294 610//294
f 610//295 609//295 611//295
f 610//295 611//295 612//295
f 612//296 611//296 613//296
f 612//296 613//296 614//296
f 614//297 613//297 615//297
f 614//297 615//297 616//297
f 616//298 615//298 617//298
f 616//298 617//298 618//298
f 618//299 617//299 619//299
f 618//299 619//299 620//299
f 620//300 619//300 621//300
f 620//300 621//300 622//300
f 622//301 621//301 623//301
f 622//301 623//301 624//301
f 624//302 623//302 625//302
f 624//302 625//302 626//302
f 626//303 625//303 627//303
f 626//304 627//304 628//304
f 628//305 627//305 629//305
f 628//305 629//305 630//305
f 630//306 629//306 631//306
f 631//306 629//306 632//306
f 631//307 632//307 633//307
f 631//307 633//307 634//307
f 634//308 633//308 635//308
f 634//309 635//309 636//309
f 636//310 635//310 637//310
f 636//310 637//310 638//310
f 638//311 637//311 639//311
f 638//311 639//311 640//311
f 640//312 639//312 641//312
f 640//312 641//312 642//312
f 642//313 641//313 643//313
f 642//313 643//313 644//313
f 644//314 643//314 645//314
f 644//315 645//315 646//315
f 646//316 645//316 647//316
f 646//316 647//316 648//316
f 648//317 647//317 649//317
f 648//317 649//317 650//317
f 650//318 649//318 601//318
f 650//318 601//318 603//318
f 651//102 605//102 652//102
f 652//102 605//102 607//102
f 653//319 654//319 655//319
f 655//319 654//319 656//319
f 655//320 656//320 657//320
f 655//320 657//320 658//320
f 658//321 657//321 659//321
f 658//321 659//321 660//321
f 660//322 659//322 661//322
f 660//322 661//322 662//322
f 662//323 661//323 663//323
f 662//323 663//323 664//323
f 664//324 663//324 665//324
f 664//324 665//324 666//324
f 666//325 665//325 667//325
f 666//325 667//325 668//325
f 668//326 667//326 669//326
f 668//326 669//326 670//326
f 670//327 669//327 671//327
f 670//327 671//327 672//327
f 672//328 671//328 673//328
f 672//328 673//328 674//328
f 674//329 673//329 675//329
f 674//329 675//329 676//329
f 676//330 675//330 677//330
f 676//330 677//330 678//330
f 678//331 677//331 679//331
f 678//331 679//331 680//331
f 680//332 679//332 681//332
f 680//332 681//332 682//332
f 682//333 681//333 683//333
f 682//333 683//333 684//333
f 684//334 683//334 651//334
f 684//334 651//334 652//334
f 685//27 654//27 686//27
f 686//27 654//27 653//27
f 687//335 688//335 689//335
f 689//335 688//335 690//335
f 689//336 690//336 691//336
f 689//336 691//336 692//336
f 692//337 691//337 693//337
f 692//337 693//337 694//337
f 694//338 693//338 695//338
f 694//338 695//338 696//338
f 696//339 695//339 697//339
f 696//339 697//339 698//339
f 698//340 697//340 699//340
f 698//340 699//340 700//340
f 700//341 699//341 701//341
f 700//341 701//341 702//341
f 702//342 701//342 703//342
f 702//342 703//342 704//342
f 704//343 703//343 705//343
f 704//343 705//343 706//343
f 706//344 705//344 707//344
f 706//344 707//344 708//344
f 708//345 707//345 709//345
f 708//345 709//345 710//345
f 710//346 709//346 711//346
f 710//346 711//346 712//346
f 712//347 711//347 713//347
f 712//347 713//347 714//347
f 714//348 713//348 715//348
f 714//348 715//348 716//348
f 716//349 715//349 717//349
f 716//349 717//349 718//349
f 718//350 717//350 685//350
f 718//350 685//350 686//350
f 719//125 688//125 720//125
f 720//125 688//125 687//125
f 602//351 721//351 604//351
f 604//351 721//351 722//351
f 722//352 721//352 723//352
f 722//352 723//352 724//352
f 724//353 723//353 725//353
f 724//353 725//353 726//353
f 726//354 725//354 727//354
f 726//355 727//355 728//355
f 728//356 727//356 729//356
f 728//356 729//356 730//356
f 730//357 729//357 731//357
f 730//357 731//357 732//357
f 732//358 731//358 733//358
f 732//358 733//358 734//358
f 734//359 733//359 735//359
f 734//359 735//359 736//359
f 736//360 735//360 737//360
f 736//361 737//361 738//361
f 738//362 737//362 739//362
f 738//362 739//362 740//362
f 740//363 739//363 741//363
f 740//363 741//363 742//363
f 742//364 741//364 743//364
f 742//364 743//364 744//364
f 744//365 743//365 745//365
f 745//366 743//366 746//366
f 745//367 746//367 747//367
f 745//367 747//367 748//367
f 748//368 747//368 749//368
f 748//368 749//368 750//368
f 750//369 749//369 751//369
f 750//369 751//369 752//369
f 752//370 751//370 753//370
f 752//370 753//370 754//370
f 754//371 753//371 755//371
f 754//371 755//371 756//371
f 756//372 755//372 757//372
f 756//372 757//372 758//372
f 758//373 757//373 759//373
f 758//373 759//373 760//373
f 760//374 759//374 761//374
f 760//374 761//374 762//374
f 762//375 761//375 763//375
f 762//375 763//375 764//375
f 764//376 763//376 719//376
f 764//376 719//376 720//376
f 765//70 766//70 767//70
f 767//70 766//70 768//70
f 769//69 770//69 771//69
f 771//69 770//69 772//69
f 772//68 770//68 773//68
f 772//68 773//68 774//68
f 774//377 773//377 775//377
f 774//377 775//377 776//377
f 776//66 775//66 777//66
f 776//66 777//66 778//66
f 778//65 777//65 779//65
f 778//65 779//65 780//65
f 780//64 779//64 781//64
f 780//64 781//64 782//64
f 782//63 781//63 783//63
f 782//63 783//63 784//63
f 784//378 783//378 785//378
f 784//62 785//62 786//62
f 786//61 785//61 787//61
f 786//61 787//61 788//61
f 788//60 787//60 789//60
f 788//60 789//60 790//60
f 790//59 789//59 791//59
f 790//59 791//59 792//59
f 792//58 791//58 793//58
f 792//58 793//58 794//58
f 794//57 793//57 795//57
f 794//57 795//57 796//57
f 796//56 795//56 797//56
f 796//56 797//56 798//56
f 798//55 797//55 799//55
f 798//55 799//55 800//55
f 800//54 799//54 765//54
f 800//54 765//54 767//54
f 801//102 769//102 802//102
f 802//102 769//102 771//102
f 803//100 804//100 805//100
f 805//100 804//100 806//100
f 805//99 806//99 807//99
f 805//99 807//99 808//99
f 808//379 807//379 809//379
f 808//379 809//379 810//379
f 810//380 809//380 811//380
f 810//380 811//380 812//380
f 812//381 811//381 813//381
f 812//381 813//381 814//381
f 814//382 813//382 815//382
f 814//382 815//382 816//382
f 816//383 815//383 801//383
f 816//383 801//383 802//383
f 817//27 804//27 818//27
f 818//27 804//27 803//27
f 819//384 820//384 821//384
f 821//384 820//384 822//384
f 821//385 822//385 823//385
f 821//385 823//385 824//385
f 824//386 823//386 825//386
f 824//386 825//386 826//386
f 826//387 825//387 827//387
f 826//387 827//387 828//387
f 828//388 827//388 829//388
f 828//388 829//388 830//388
f 830//88 829//88 831//88
f 830//88 831//88 832//88
f 832//87 831//87 817//87
f 832//87 817//87 818//87
f 833//125 820//125 834//125
f 834//125 820//125 819//125
f 766//86 835//86 768//86
f 768//86 835//86 836//86
f 836//85 835//85 837//85
f 836//85 837//85 838//85
f 838//84 837//84 839//84
f 838//84 839//84 840//84
f 840//83 839//83 841//83
f 840//83 841//83 842//83
f 842//82 841//82 843//82
f 842//82 843//82 844//82
f 844//81 843//81 845//81
f 844//81 845//81 846//81
f 846//80 845//80 847//80
f 846//80 847//80 848//80
f 848//79 847//79 849//79
f 848//79 849//79 850//79
f 850//78 849//78 851//78
f 850//389 851//389 852//389
f 852//77 851//77 853//77
f 852//77 853//77 854//77
f 854//76 853//76 855//76
f 854//76 855//76 856//76
f 856//75 855//75 857//75
f 856//75 857//75 858//75
f 858//74 857//74 859//74
f 858//74 859//74 860//74
f 860//390 859//390 861//390
f 860//390 861//390 862//390
f 862//72 861//72 863//72
f 862//72 863//72 864//72
f 864//71 863//71 833//71
f 864//71 833//71 834//71
f 865//391 866//391 867//391
f 867//391 866//391 868//391
f 868//163 866//163 869//163
f 868//163 869//163 870//163
f 870//392 869//392 871//392
f 870//392 871//392 872//392
f 872//161 871//161 873//161
f 872//161 873//161 874//161
f 874//393 873//393 875//393
f 874//393 875//393 876//393
f 876//394 875//394 877//394
f 876//394 877//394 878//394
f 878//395 877//395 879//395
f 878//395 879//395 880//395
f 880//157 879//157 881//157
f 880//157 881//157 882//157
f 882//156 881//156 883//156
f 882//156 883//156 884//156
f 884//155 883//155 885//155
f 884//155 885//155 886//155
f 886//154 885//154 887//154
f 886//154 887//154 888//154
f 888//153 887//153 889//153
f 888//153 889//153 890//153
f 890//152 889//152 891//152
f 890//152 891//152 892//152
f 892//396 891//396 893//396
f 892//396 893//396 894//396
f 894//397 893//397 895//397
f 894//397 895//397 896//397
f 896//149 895//149 897//149
f 896//149 897//149 898//149
f 899//101 865//101 900//101
f 900//101 865//101 867//101
f 901//148 902//148 903//148
f 903//148 902//148 904//148
f 904//398 902//398 905//398
f 904//398 905//398 906//398
f 906//399 905//399 907//399
f 906//399 907//399 908//399
f 908//145 907//145 909//145
f 908//145 909//145 910//145
f 910//144 909//144 911//144
f 910//144 911//144 912//144
f 912//143 911//143 913//143
f 912//143 913//143 914//143
f 914//142 913//142 915//142
f 914//142 915//142 916//142
f 916//141 915//141 917//141
f 916//141 917//141 918//141
f 918//140 917//140 919//140
f 918//140 919//140 920//140
f 920//400 919//400 921//400
f 920//400 921//400 922//400
f 922//401 921//401 923//401
f 922//401 923//401 924//401
f 924//402 923//402 925//402
f 924//402 925//402 926//402
f 926//136 925//136 927//136
f 926//136 927//136 928//136
f 928//403 927//403 929//403
f 928//403 929//403 930//403
f 930//134 929//134 931//134
f 930//134 931//134 932//134
f 932//404 931//404 899//404
f 932//404 899//404 900//404
f 933//125 901//125 934//125
f 934//125 901//125 903//125
f 935//405 936//405 937//405
f 937//405 936//405 938//405
f 937//116 938//116 939//116
f 937//116 939//116 940//116
f 940//406 939//406 941//406
f 940//406 941//406 942//406
f 942//407 941//407 943//407
f 942//407 943//407 944//407
f 944//408 943//408 945//408
f 944//408 945//408 946//408
f 946//409 945//409 947//409
f 946//410 947//410 948//410
f 948//411 947//411 933//411
f 948//411 933//411 934//411
f 949//110 936//110 950//110
f 950//110 936//110 935//110
f 951//412 952//412 953//412
f 953//413 952//413 954//413
f 953//414 954//414 955//414
f 953//414 955//414 956//414
f 956//415 955//415 957//415
f 956//415 957//415 958//415
f 958//416 957//416 959//416
f 958//416 959//416 960//416
f 960//417 959//417 961//417
f 960//417 961//417 962//417
f 962//104 961//104 963//104
f 962//104 963//104 964//104
f 964//418 963//418 949//418
f 964//418 949//418 950//418
f 897//53 952//53 898//53
f 898//53 952//53 951//53
f 965//1 966//1 967//1
f 967//1 966//1 968//1
f 969//419 970//419 971//419
f 971//419 970//419 972//419
f 971//420 972//420 973//420
f 971//420 973//420 974//420
f 974//421 973//421 975//421
f 974//421 975//421 976//421
f 976//422 975//422 977//422
f 976//422 977//422 978//422
f 978//423 977//423 979//423
f 978//423 979//423 980//423
f 980//424 979//424 981//424
f 980//424 981//424 982//424
f 982//425 981//425 965//425
f 982//426 965//426 967//426
f 983//101 970//101 984//101
f 984//101 970//101 969//101
f 985//427 986//427 987//427
f 987//427 986//427 988//427
f 987//428 988//428 989//428
f 987//428 989//428 990//428
f 990//429 989//429 991//429
f 990//429 991//429 992//429
f 992//430 991//430 993//430
f 992//430 993//430 994//430
f 994//431 993//431 995//431
f 994//431 995//431 996//431
f 996//432 995//432 997//432
f 996//432 997//432 998//432
f 998//433 997//433 983//433
f 998//433 983//433 984//433
f 999//102 986//102 1000//102
f 1000//102 986//102 985//102
f 1001//434 1002//434 1003//434
f 1003//434 1002//434 1004//434
f 1004//291 1002//291 1005//291
f 1004//291 1005//291 1006//291
f 1006//435 1005//435 1007//435
f 1006//435 1007//435 1008//435
f 1008//289 1007//289 1009//289
f 1008//289 1009//289 1010//289
f 1010//436 1009//436 1011//436
f 1010//436 1011//436 1012//436
f 1012//286 1011//286 1013//286
f 1012//286 1013//286 1014//286
f 1014//437 1013//437 1015//437
f 1014//437 1015//437 1016//437
f 1016//284 1015//284 1017//284
f 1016//284 1017//284 1018//284
f 1018//283 1017//283 1019//283
f 1018//283 1019//283 1020//283
f 1020//282 1019//282 1021//282
f 1020//282 1021//282 1022//282
f 1022//281 1021//281 1023//281
f 1022//281 1023//281 1024//281
f 1024//280 1023//280 1025//280
f 1024//280 1025//280 1026//280
f 1026//279 1025//279 1027//279
f 1026//279 1027//279 1028//279
f 1028//438 1027//438 1029//438
f 1028//438 1029//438 1030//438
f 1030//439 1029//439 1031//439
f 1030//439 1031//439 1032//439
f 1032//276 1031//276 999//276
f 1032//276 999//276 1000//276
f 1033//110 1001//110 1034//110
f 1034//110 1001//110 1003//110
f 966//275 1035//275 968//275
f 968//275 1035//275 1036//275
f 1036//440 1035//440 1037//440
f 1036//440 1037//440 1038//440
f 1038//441 1037//441 1039//441
f 1038//441 1039//441 1040//441
f 1040//272 1039//272 1041//272
f 1040//272 1041//272 1042//272
f 1042//271 1041//271 1043//271
f 1042//271 1043//271 1044//271
f 1044//270 1043//270 1045//270
f 1044//270 1045//270 1046//270
f 1046//269 1045//269 1047//269
f 1046//269 1047//269 1048//269
f 1048//268 1047//268 1049//268
f 1048//268 1049//268 1050//268
f 1050//267 1049//267 1051//267
f 1050//267 1051//267 1052//267
f 1052//442 1051//442 1053//442
f 1052//442 1053//442 1054//442
f 1054//265 1053//265 1055//265
f 1054//265 1055//265 1056//265
f 1056//443 1055//443 1057//443
f 1056//443 1057//443 1058//443
f 1058//262 1057//262 1059//262
f 1058//262 1059//262 1060//262
f 1060//444 1059//444 1061//444
f 1060//444 1061//444 1062//444
f 1062//260 1061//260 1063//260
f 1062//260 1063//260 1064//260
f 1064//445 1063//445 1033//445
f 1064//445 1033//445 1034//445
f 1065//446 1066//446 1067//446
f 1067//446 1066//446 1068//446
f 1068//432 1066//432 1069//432
f 1068//432 1069//432 1070//432
f 1070//447 1069//447 1071//447
f 1070//447 1071//447 1072//447
f 1072//448 1071//448 1073//448
f 1072//448 1073//448 1074//448
f 1074//449 1073//449 1075//449
f 1075//449 1073//449 1076//449
f 1075//450 1076//450 1077//450
f 1075//450 1077//450 1078//450
f 1078//451 1077//451 1079//451
f 1078//451 1079//451 1080//451
f 1081//101 1065//101 1082//101
f 1082//101 1065//101 1067//101
f 1083//452 1084//452 1085//452
f 1085//452 1084//452 1086//452
f 1086//453 1084//453 1087//453
f 1086//453 1087//453 1088//453
f 1088//454 1087//454 1089//454
f 1088//454 1089//454 1090//454
f 1090//455 1089//455 1091//455
f 1090//455 1091//455 1092//455
f 1092//456 1091//456 1093//456
f 1093//456 1091//456 1094//456
f 1093//420 1094//420 1095//420
f 1093//420 1095//420 1096//420
f 1096//457 1095//457 1081//457
f 1096//457 1081//457 1082//457
f 1097//125 1083//125 1098//125
f 1098//125 1083//125 1085//125
f 1099//110 1097//110 1100//110
f 1100//110 1097//110 1098//110
f 1079//53 1099//53 1080//53
f 1080//53 1099//53 1100//53
f 1101//70 1102//70 1103//70
f 1103//70 1102//70 1104//70
f 1105//101 1101//101 1106//101
f 1106//101 1101//101 1103//101
f 1107//27 1105//27 1108//27
f 1108//27 1105//27 1106//27
f 1102//110 1107//110 1104//110
f 1104//110 1107//110 1108//110
f 1109//1 1110//1 1111//1
f 1111//1 1110//1 1112//1
f 1113//350 1114//350 1115//350
f 1115//350 1114//350 1116//350
f 1116//349 1114//349 1117//349
f 1116//349 1117//349 1118//349
f 1118//348 1117//348 1119//348
f 1118//348 1119//348 1120//348
f 1120//347 1119//347 1121//347
f 1120//347 1121//347 1122//347
f 1122//346 1121//346 1123//346
f 1122//346 1123//346 1124//346
f 1124//345 1123//345 1125//345
f 1124//345 1125//345 1126//345
f 1126//458 1125//458 1127//458
f 1126//458 1127//458 1128//458
f 1128//343 1127//343 1129//343
f 1128//343 1129//343 1130//343
f 1130//342 1129//342 1131//342
f 1130//342 1131//342 1132//342
f 1132//341 1131//341 1133//341
f 1132//341 1133//341 1134//341
f 1134//340 1133//340 1135//340
f 1134//340 1135//340 1136//340
f 1136//339 1135//339 1137//339
f 1136//339 1137//339 1138//339
f 1138//338 1137//338 1139//338
f 1138//338 1139//338 1140//338
f 1140//459 1139//459 1141//459
f 1140//459 1141//459 1142//459
f 1142//336 1141//336 1143//336
f 1142//336 1143//336 1144//336
f 1144//335 1143//335 1109//335
f 1144//335 1109//335 1111//335
f 1145//27 1113//27 1146//27
f 1146//27 1113//27 1115//27
f 1147//334 1148//334 1149//334
f 1149//334 1148//334 1150//334
f 1150//333 1148//333 1151//333
f 1150//333 1151//333 1152//333
f 1152//460 1151//460 1153//460
f 1152//460 1153//460 1154//460
f 1154//331 1153//331 1155//331
f 1154//331 1155//331 1156//331
f 1156//330 1155//330 1157//330
f 1156//330 1157//330 1158//330
f 1158//329 1157//329 1159//329
f 1158//329 1159//329 1160//329
f 1160//328 1159//328 1161//328
f 1160//328 1161//328 1162//328
f 1162//327 1161//327 1163//327
f 1162//327 1163//327 1164//327
f 1164//326 1163//326 1165//326
f 1164//326 1165//326 1166//326
f 1166//461 1165//461 1167//461
f 1166//461 1167//461 1168//461
f 1168//324 1167//324 1169//324
f 1168//324 1169//324 1170//324
f 1170//323 1169//323 1171//323
f 1170//323 1171//323 1172//323
f 1172//322 1171//322 1173//322
f 1172//322 1173//322 1174//322
f 1174//321 1173//321 1175//321
f 1174//321 1175//321 1176//321
f 1176//320 1175//320 1177//320
f 1176//320 1177//320 1178//320
f 1178//319 1177//319 1145//319
f 1178//319 1145//319 1146//319
f 1179//53 1147//53 1180//53
f 1180//53 1147//53 1149//53
f 1181//124 1182//124 1183//124
f 1183//124 1182//124 1184//124
f 1183//123 1184//123 1185//123
f 1183//123 1185//123 1186//123
f 1186//462 1185//462 1187//462
f 1186//462 1187//462 1188//462
f 1188//463 1187//463 1189//463
f 1188//463 1189//463 1190//463
f 1190//464 1189//464 1191//464
f 1190//464 1191//464 1192//464
f 1192//465 1191//465 1193//465
f 1192//465 1193//465 1194//465
f 1194//466 1193//466 1179//466
f 1194//466 1179//466 1180//466
f 1195//70 1182//70 1196//70
f 1196//70 1182//70 1181//70
f 1112//467 1110//467 1197//467
f 1197//467 1110//467 1198//467
f 1197//468 1198//468 1199//468
f 1197//468 1199//468 1200//468
f 1200//469 1199//469 1201//469
f 1200//469 1201//469 1202//469
f 1202//470 1201//470 1203//470
f 1202//470 1203//470 1204//470
f 1204//471 1203//471 1205//471
f 1204//471 1205//471 1206//471
f 1206//127 1205//127 1207//127
f 1206//127 1207//127 1208//127
f 1208//126 1207//126 1195//126
f 1208//126 1195//126 1196//126
f 1209//27 1210//27 1211//27
f 1211//27 1210//27 1212//27
f 1213//472 1214//472 1215//472
f 1215//472 1214//472 1216//472
f 1216//473 1214//473 1217//473
f 1216//473 1217//473 1218//473
f 1218//474 1217//474 1219//474
f 1218//474 1219//474 1220//474
f 1220//475 1219//475 1221//475
f 1220//475 1221//475 1222//475
f 1222//476 1221//476 1223//476
f 1222//476 1223//476 1224//476
f 1224//477 1223//477 1225//477
f 1224//477 1225//477 1226//477
f 1226//478 1225//478 1227//478
f 1226//478 1227//478 1228//478
f 1228//479 1227//479 1229//479
f 1228//479 1229//479 1230//479
f 1230//480 1229//480 1231//480
f 1230//480 1231//480 1232//480
f 1232//481 1231//481 1233//481
f 1232//481 1233//481 1234//481
f 1234//482 1233//482 1235//482
f 1234//482 1235//482 1236//482
f 1236//483 1235//483 1237//483
f 1236//483 1237//483 1238//483
f 1238//484 1237//484 1239//484
f 1238//484 1239//484 1240//484
f 1240//485 1239//485 1241//485
f 1240//485 1241//485 1242//485
f 1242//486 1241//486 1243//486
f 1242//486 1243//486 1244//486
f 1244//487 1243//487 1245//487
f 1244//487 1245//487 1246//487
f 1246//488 1245//488 1247//488
f 1246//488 1247//488 1248//488
f 1248//489 1247//489 1249//489
f 1248//489 1249//489 1250//489
f 1250//490 1249//490 1251//490
f 1250//490 1251//490 1252//490
f 1252//491 1251//491 1253//491
f 1252//491 1253//491 1254//491
f 1254//492 1253//492 1255//492
f 1254//492 1255//492 1256//492
f 1256//493 1255//493 1257//493
f 1256//493 1257//493 1258//493
f 1258//102 1257//102 1259//102
f 1258//102 1259//102 1260//102
f 1260//494 1259//494 1261//494
f 1260//494 1261//494 1262//494
f 1262//495 1261//495 1263//495
f 1262//495 1263//495 1264//495
f 1264//496 1263//496 1265//496
f 1264//496 1265//496 1266//496
f 1266//497 1265//497 1267//497
f 1266//497 1267//497 1268//497
f 1268//498 1267//498 1269//498
f 1268//498 1269//498 1270//498
f 1270//499 1269//499 1271//499
f 1270//499 1271//499 1272//499
f 1272//500 1271//500 1273//500
f 1273//500 1271//500 1274//500
f 1273//501 1274//501 1275//501
f 1275//501 1274//501 1276//501
f 1275//502 1276//502 1277//502
f 1275//502 1277//502 1278//502
f 1278//503 1277//503 1279//503
f 1278//503 1279//503 1280//503
f 1280//504 1279//504 1281//504
f 1280//504 1281//504 1282//504
f 1282//505 1281//505 1283//505
f 1282//505 1283//505 1284//505
f 1284//506 1283//506 1285//506
f 1284//506 1285//506 1286//506
f 1286//507 1285//507 1287//507
f 1286//507 1287//507 1288//507
f 1288//508 1287//508 1289//508
f 1288//508 1289//508 1290//508
f 1290//509 1289//509 1291//509
f 1290//510 1291//510 1292//510
f 1292//511 1291//511 1293//511
f 1292//511 1293//511 1294//511
f 1294//512 1293//512 1295//512
f 1294//512 1295//512 1296//512
f 1296//513 1295//513 1297//513
f 1296//513 1297//513 1298//513
f 1298//514 1297//514 1299//514
f 1298//515 1299//515 1300//515
f 1300//516 1299//516 1301//516
f 1300//516 1301//516 1302//516
f 1302//517 1301//517 1209//517
f 1302//517 1209//517 1211//517
f 1303//101 1213//101 1304//101
f 1304//101 1213//101 1215//101
f 1305//518 1306//518 1307//518
f 1307//518 1306//518 1308//518
f 1308//519 1306//519 1309//519
f 1308//520 1309//520 1310//520
f 1310//521 1309//521 1311//521
f 1310//521 1311//521 1312//521
f 1312//522 1311//522 1313//522
f 1312//522 1313//522 1314//522
f 1314//523 1313//523 1315//523
f 1314//523 1315//523 1316//523
f 1316//524 1315//524 1317//524
f 1316//524 1317//524 1318//524
f 1318//525 1317//525 1319//525
f 1318//525 1319//525 1320//525
f 1320//526 1319//526 1321//526
f 1320//526 1321//526 1322//526
f 1322//527 1321//527 1323//527
f 1322//527 1323//527 1324//527
f 1324//528 1323//528 1325//528
f 1324//528 1325//528 1326//528
f 1326//529 1325//529 1327//529
f 1326//529 1327//529 1328//529
f 1328//530 1327//530 1329//530
f 1328//530 1329//530 1330//530
f 1330//531 1329//531 1331//531
f 1330//531 1331//531 1332//531
f 1332//532 1331//532 1333//532
f 1332//532 1333//532 1334//532
f 1334//533 1333//533 1335//533
f 1334//533 1335//533 1336//533
f 1336//534 1335//534 1337//534
f 1336//534 1337//534 1338//534
f 1338//535 1337//535 1339//535
f 1338//535 1339//535 1340//535
f 1340//536 1339//536 1341//536
f 1340//536 1341//536 1342//536
f 1342//537 1341//537 1343//537
f 1342//537 1343//537 1344//537
f 1344//538 1343//538 1345//538
f 1344//538 1345//538 1346//538
f 1346//539 1345//539 1347//539
f 1346//539 1347//539 1348//539
f 1348//540 1347//540 1349//540
f 1348//541 1349//541 1350//541
f 1350//1 1349//1 1351//1
f 1350//1 1351//1 1352//1
f 1352//542 1351//542 1353//542
f 1352//542 1353//542 1354//542
f 1354//543 1353//543 1355//543
f 1354//543 1355//543 1356//543
f 1356//544 1355//544 1357//544
f 1356//544 1357//544 1358//544
f 1358//545 1357//545 1359//545
f 1358//545 1359//545 1360//545
f 1360//546 1359//546 1361//546
f 1360//546 1361//546 1362//546
f 1362//547 1361//547 1363//547
f 1362//547 1363//547 1364//547
f 1364//548 1363//548 1365//548
f 1365//548 1363//548 1366//548
f 1365//549 1366//549 1367//549
f 1367//549 1366//549 1368//549
f 1367//550 1368//550 1369//550
f 1367//550 1369//550 1370//550
f 1370//551 1369//551 1371//551
f 1370//551 1371//551 1372//551
f 1372//552 1371//552 1373//552
f 1372//552 1373//552 1374//552
f 1374//553 1373//553 1375//553
f 1374//553 1375//553 1376//553
f 1376//554 1375//554 1377//554
f 1376//554 1377//554 1378//554
f 1378//555 1377//555 1379//555
f 1378//555 1379//555 1380//555
f 1380//556 1379//556 1381//556
f 1380//556 1381//556 1382//556
f 1382//557 1381//557 1383//557
f 1382//557 1383//557 1384//557
f 1384//558 1383//558 1385//558
f 1384//558 1385//558 1386//558
f 1386//559 1385//559 1387//559
f 1386//559 1387//559 1388//559
f 1388//560 1387//560 1389//560
f 1388//560 1389//560 1390//560
f 1390//561 1389//561 1391//561
f 1390//561 1391//561 1392//561
f 1392//562 1391//562 1393//562
f 1392//562 1393//562 1394//562
f 1394//563 1393//563 1303//563
f 1394//563 1303//563 1304//563
f 1395//70 1305//70 1396//70
f 1396//70 1305//70 1307//70
f 1397//564 1398//564 1399//564
f 1399//564 1398//564 1400//564
f 1400//565 1398//565 1401//565
f 1400//565 1401//565 1402//565
f 1402//566 1401//566 1403//566
f 1402//566 1403//566 1404//566
f 1404//567 1403//567 1405//567
f 1404//567 1405//567 1406//567
f 1406//568 1405//568 1407//568
f 1406//568 1407//568 1408//568
f 1408//569 1407//569 1409//569
f 1408//569 1409//569 1410//569
f 1410//570 1409//570 1411//570
f 1410//570 1411//570 1412//570
f 1412//571 1411//571 1413//571
f 1412//571 1413//571 1414//571
f 1414//572 1413//572 1415//572
f 1414//572 1415//572 1416//572
f 1416//573 1415//573 1417//573
f 1416//573 1417//573 1418//573
f 1418//574 1417//574 1419//574
f 1418//574 1419//574 1420//574
f 1420//575 1419//575 1421//575
f 1420//575 1421//575 1422//575
f 1422//576 1421//576 1423//576
f 1422//576 1423//576 1424//576
f 1424//577 1423//577 1425//577
f 1424//577 1425//577 1426//577
f 1426//578 1425//578 1427//578
f 1426//578 1427//578 1428//578
f 1428//579 1427//579 1429//579
f 1428//579 1429//579 1430//579
f 1430//580 1429//580 1431//580
f 1430//580 1431//580 1432//580
f 1432//581 1431//581 1433//581
f 1432//581 1433//581 1434//581
f 1434//582 1433//582 1435//582
f 1434//582 1435//582 1436//582
f 1436//583 1435//583 1437//583
f 1436//583 1437//583 1438//583
f 1438//584 1437//584 1439//584
f 1438//584 1439//584 1440//584
f 1440//585 1439//585 1441//585
f 1440//585 1441//585 1442//585
f 1442//53 1441//53 1443//53
f 1442//53 1443//53 1444//53
f 1444//586 1443//586 1445//586
f 1444//587 1445//587 1446//587
f 1446//588 1445//588 1447//588
f 1446//588 1447//588 1448//588
f 1448//589 1447//589 1449//589
f 1448//589 1449//589 1450//589
f 1450//590 1449//590 1451//590
f 1450//590 1451//590 1452//590
f 1452//591 1451//591 1453//591
f 1452//591 1453//591 1454//591
f 1454//592 1453//592 1455//592
f 1454//592 1455//592 1456//592
f 1456//593 1455//593 1457//593
f 1457//593 1455//593 1458//593
f 1457//594 1458//594 1459//594
f 1459//594 1458//594 1460//594
f 1459//595 1460//595 1461//595
f 1459//595 1461//595 1462//595
f 1462//596 1461//596 1463//596
f 1462//596 1463//596 1464//596
f 1464//597 1463//597 1465//597
f 1464//597 1465//597 1466//597
f 1466//598 1465//598 1467//598
f 1466//598 1467//598 1468//598
f 1468//599 1467//599 1469//599
f 1468//599 1469//599 1470//599
f 1470//600 1469//600 1471//600
f 1470//600 1471//600 1472//600
f 1472//601 1471//601 1473//601
f 1472//601 1473//601 1474//601
f 1474//602 1473//602 1475//602
f 1474//602 1475//602 1476//602
f 1476//603 1475//603 1477//603
f 1476//603 1477//603 1478//603
f 1478//604 1477//604 1479//604
f 1478//604 1479//604 1480//604
f 1480//605 1479//605 1481//605
f 1480//605 1481//605 1482//605
f 1482//606 1481//606 1483//606
f 1482//606 1483//606 1484//606
f 1484//607 1483//607 1485//607
f 1484//608 1485//608 1486//608
f 1486//609 1485//609 1395//609
f 1486//609 1395//609 1396//609
f 1487//110 1397//110 1488//110
f 1488//110 1397//110 1399//110
f 1210//610 1489//610 1212//610
f 1212//610 1489//610 1490//610
f 1490//611 1489//611 1491//611
f 1490//611 1491//611 1492//611
f 1492//612 1491//612 1493//612
f 1492//613 1493//613 1494//613
f 1494//614 1493//614 1495//614
f 1494//614 1495//614 1496//614
f 1496//615 1495//615 1497//615
f 1496//615 1497//615 1498//615
f 1498//616 1497//616 1499//616
f 1498//616 1499//616 1500//616
f 1500//617 1499//617 1501//617
f 1500//618 1501//618 1502//618
f 1502//619 1501//619 1503//619
f 1502//619 1503//619 1504//619
f 1504//620 1503//620 1505//620
f 1504//620 1505//620 1506//620
f 1506//621 1505//621 1507//621
f 1506//621 1507//621 1508//621
f 1508//622 1507//622 1509//622
f 1508//622 1509//622 1510//622
f 1510//623 1509//623 1511//623
f 1510//623 1511//623 1512//623
f 1512//624 1511//624 1513//624
f 1512//624 1513//624 1514//624
f 1514//625 1513//625 1515//625
f 1514//625 1515//625 1516//625
f 1516//626 1515//626 1517//626
f 1516//626 1517//626 1518//626
f 1518//627 1517//627 1519//627
f 1518//627 1519//627 1520//627
f 1520//628 1519//628 1521//628
f 1520//628 1521//628 1522//628
f 1522//629 1521//629 1523//629
f 1522//629 1523//629 1524//629
f 1524//630 1523//630 1525//630
f 1524//630 1525//630 1526//630
f 1526//631 1525//631 1527//631
f 1526//631 1527//631 1528//631
f 1528//632 1527//632 1529//632
f 1528//632 1529//632 1530//632
f 1530//633 1529//633 1531//633
f 1530//633 1531//633 1532//633
f 1532//125 1531//125 1533//125
f 1532//125 1533//125 1534//125
f 1534//634 1533//634 1535//634
f 1534//634 1535//634 1536//634
f 1536//635 1535//635 1537//635
f 1536//635 1537//635 1538//635
f 1538//636 1537//636 1539//636
f 1538//636 1539//636 1540//636
f 1540//637 1539//637 1541//637
f 1540//637 1541//637 1542//637
f 1542//638 1541//638 1543//638
f 1542//638 1543//638 1544//638
f 1544//639 1543//639 1545//639
f 1544//639 1545//639 1546//639
f 1546//640 1545//640 1547//640
f 1547//640 1545//640 1548//640
f 1547//641 1548//641 1549//641
f 1549//641 1548//641 1550//641
f 1549//642 1550//642 1551//642
f 1549//642 1551//642 1552//642
f 1552//643 1551//643 1553//643
f 1552//643 1553//643 1554//643
f 1554//644 1553//644 1555//644
f 1554//644 1555//644 1556//644
f 1556//645 1555//645 1557//645
f 1556//645 1557//645 1558//645
f 1558//646 1557//646 1559//646
f 1558//646 1559//646 1560//646
f 1560//647 1559//647 1561//647
f 1560//647 1561//647 1562//647
f 1562//648 1561//648 1563//648
f 1562//648 1563//648 1564//648
f 1564//649 1563//649 1565//649
f 1564//649 1565//649 1566//649
f 1566//650 1565//650 1567//650
f 1566//650 1567//650 1568//650
f 1568//651 1567//651 1569//651
f 1568//651 1569//651 1570//651
f 1570//652 1569//652 1571//652
f 1570//652 1571//652 1572//652
f 1572//653 1571//653 1573//653
f 1572//653 1573//653 1574//653
f 1574//654 1573//654 1575//654
f 1574//654 1575//654 1576//654
f 1576//655 1575//655 1487//655
f 1576//655 1487//655 1488//655
f 1197//656 170//656 1112//656
f 1112//656 170//656 934//656
f 1112//656 934//656 903//656
f 170//656 1197//656 184//656
f 184//656 1197//656 1200//656
f 184//656 1200//656 181//656
f 181//656 1200//656 1202//656
f 181//656 1202//656 180//656
f 180//656 1202//656 1204//656
f 180//656 1204//656 178//656
f 178//656 1204//656 1206//656
f 178//656 1206//656 176//656
f 176//656 1206//656 1208//656
f 176//656 1208//656 174//656
f 174//656 1208//656 1196//656
f 174//656 1196//656 173//656
f 173//656 1196//656 1181//656
f 173//656 1181//656 186//656
f 186//656 1181//656 200//656
f 200//656 1181//656 1183//656
f 200//656 1183//656 197//656
f 197//656 1183//656 1186//656
f 197//656 1186//656 196//656
f 196//656 1186//656 1188//656
f 196//656 1188//656 194//656
f 194//656 1188//656 1190//656
f 194//656 1190//656 192//656
f 192//656 1190//656 1192//656
f 192//656 1192//656 190//656
f 190//656 1192//656 1194//656
f 190//656 1194//656 189//656
f 189//656 1194//656 1180//656
f 189//656 1180//656 985//656
f 985//656 1180//656 1000//656
f 1000//656 1180//656 1149//656
f 1000//656 1149//656 311//656
f 311//656 1149//656 100//656
f 311//656 100//656 344//656
f 344//656 100//656 55//656
f 344//656 55//656 1352//656
f 1352//656 55//656 1350//656
f 1350//656 55//656 56//656
f 1350//656 56//656 1348//656
f 1348//656 56//656 58//656
f 1348//656 58//656 1346//656
f 1346//656 58//656 60//656
f 1346//656 60//656 1344//656
f 1344//656 60//656 62//656
f 1344//656 62//656 1342//656
f 1342//656 62//656 64//656
f 1342//656 64//656 1340//656
f 1340//656 64//656 66//656
f 1340//656 66//656 1338//656
f 1338//656 66//656 68//656
f 1338//656 68//656 1336//656
f 1336//656 68//656 70//656
f 1336//656 70//656 1334//656
f 1334//656 70//656 72//656
f 1334//656 72//656 1332//656
f 1332//656 72//656 74//656
f 1332//656 74//656 1330//656
f 1330//656 74//656 76//656
f 1330//656 76//656 1328//656
f 1328//656 76//656 78//656
f 1328//656 78//656 1326//656
f 1326//656 78//656 79//656
f 1326//656 79//656 1324//656
f 1324//656 79//656 82//656
f 1324//656 82//656 1322//656
f 1322//656 82//656 84//656
f 1322//656 84//656 1320//656
f 1320//656 84//656 86//656
f 1320//656 86//656 1318//656
f 1318//656 86//656 88//656
f 1318//656 88//656 1316//656
f 1316//656 88//656 90//656
f 1316//656 90//656 1314//656
f 1314//656 90//656 92//656
f 1314//656 92//656 1312//656
f 1312//656 92//656 94//656
f 1312//656 94//656 1310//656
f 1310//656 94//656 96//656
f 1310//656 96//656 1308//656
f 1308//656 96//656 98//656
f 1308//656 98//656 1307//656
f 1307//656 98//656 52//656
f 1307//656 52//656 7//656
f 100//656 1149//656 132//656
f 132//656 1149//656 1150//656
f 132//656 1150//656 130//656
f 130//656 1150//656 1152//656
f 130//656 1152//656 128//656
f 128//656 1152//656 1154//656
f 128//656 1154//656 126//656
f 126//656 1154//656 1156//656
f 126//656 1156//656 124//656
f 124//656 1156//656 1158//656
f 124//656 1158//656 122//656
f 122//656 1158//656 1160//656
f 122//656 1160//656 120//656
f 120//656 1160//656 1162//656
f 120//656 1162//656 118//656
f 118//656 1162//656 1164//656
f 118//656 1164//656 116//656
f 116//656 1164//656 1166//656
f 116//656 1166//656 114//656
f 114//656 1166//656 1168//656
f 114//656 1168//656 112//656
f 112//656 1168//656 1170//656
f 112//656 1170//656 110//656
f 110//656 1170//656 1172//656
f 110//656 1172//656 108//656
f 108//656 1172//656 1174//656
f 108//656 1174//656 106//656
f 106//656 1174//656 1176//656
f 106//656 1176//656 103//656
f 103//656 1176//656 1178//656
f 103//656 1178//656 101//656
f 101//656 1178//656 1146//656
f 101//656 1146//656 1115//656
f 101//656 1115//656 134//656
f 134//656 1115//656 1116//656
f 134//656 1116//656 164//656
f 164//656 1116//656 1118//656
f 164//656 1118//656 162//656
f 162//656 1118//656 1120//656
f 162//656 1120//656 160//656
f 160//656 1120//656 1122//656
f 160//656 1122//656 158//656
f 158//656 1122//656 1124//656
f 158//656 1124//656 156//656
f 156//656 1124//656 1126//656
f 156//656 1126//656 154//656
f 154//656 1126//656 1128//656
f 154//656 1128//656 152//656
f 152//656 1128//656 1130//656
f 152//656 1130//656 150//656
f 150//656 1130//656 1132//656
f 150//656 1132//656 148//656
f 148//656 1132//656 1134//656
f 148//656 1134//656 146//656
f 146//656 1134//656 1136//656
f 146//656 1136//656 144//656
f 144//656 1136//656 1138//656
f 144//656 1138//656 142//656
f 142//656 1138//656 1140//656
f 142//656 1140//656 140//656
f 140//656 1140//656 1142//656
f 140//656 1142//656 138//656
f 138//656 1142//656 1144//656
f 138//656 1144//656 135//656
f 135//656 1144//656 1111//656
f 135//656 1111//656 4//656
f 4//656 1111//656 536//656
f 4//656 536//656 491//656
f 536//656 1111//656 903//656
f 903//656 1111//656 1112//656
f 1108//656 203//656 1104//656
f 1104//656 203//656 258//656
f 1104//656 258//656 256//656
f 1106//656 168//656 1108//656
f 1108//656 168//656 206//656
f 1108//656 206//656 203//656
f 1103//656 1100//656 1106//656
f 1106//656 1100//656 1098//656
f 1106//656 1098//656 167//656
f 167//656 1098//656 1085//656
f 167//656 1085//656 170//656
f 170//656 1085//656 934//656
f 1100//656 1103//656 256//656
f 256//656 1103//656 1104//656
f 1100//656 256//656 1080//656
f 1080//656 256//656 243//656
f 1080//656 243//656 951//656
f 951//656 243//656 802//656
f 951//656 802//656 898//656
f 898//656 802//656 771//656
f 898//656 771//656 440//656
f 440//656 771//656 652//656
f 440//656 652//656 439//656
f 439//656 652//656 607//656
f 439//656 607//656 1532//656
f 1532//656 607//656 608//656
f 1532//656 608//656 1530//656
f 1530//656 608//656 610//656
f 1530//656 610//656 1528//656
f 1528//656 610//656 612//656
f 1528//656 612//656 1526//656
f 1526//656 612//656 614//656
f 1526//656 614//656 1524//656
f 1524//656 614//656 616//656
f 1524//656 616//656 1522//656
f 1522//656 616//656 618//656
f 1522//656 618//656 1520//656
f 1520//656 618//656 620//656
f 1520//656 620//656 1518//656
f 1518//656 620//656 622//656
f 1518//656 622//656 1516//656
f 1516//656 622//656 624//656
f 1516//656 624//656 1514//656
f 1514//656 624//656 626//656
f 1514//656 626//656 1512//656
f 1512//656 626//656 628//656
f 1512//656 628//656 1510//656
f 1510//656 628//656 630//656
f 1510//656 630//656 1508//656
f 1508//656 630//656 631//656
f 1508//656 631//656 1506//656
f 1506//656 631//656 634//656
f 1506//656 634//656 1504//656
f 1504//656 634//656 636//656
f 1504//656 636//656 1502//656
f 1502//656 636//656 638//656
f 1502//656 638//656 1500//656
f 1500//656 638//656 640//656
f 1500//656 640//656 1498//656
f 1498//656 640//656 642//656
f 1498//656 642//656 1496//656
f 1496//656 642//656 644//656
f 1496//656 644//656 1494//656
f 1494//656 644//656 646//656
f 1494//656 646//656 1492//656
f 1492//656 646//656 648//656
f 1492//656 648//656 1490//656
f 1490//656 648//656 650//656
f 1490//656 650//656 1212//656
f 1212//656 650//656 603//656
f 1212//656 603//656 604//656
f 934//656 1085//656 948//656
f 948//656 1085//656 1086//656
f 948//656 1086//656 946//656
f 946//656 1086//656 1088//656
f 946//656 1088//656 944//656
f 944//656 1088//656 1090//656
f 944//656 1090//656 942//656
f 942//656 1090//656 1092//656
f 942//656 1092//656 940//656
f 940//656 1092//656 1093//656
f 940//656 1093//656 937//656
f 937//656 1093//656 1096//656
f 937//656 1096//656 935//656
f 935//656 1096//656 1082//656
f 935//656 1082//656 950//656
f 950//656 1082//656 1067//656
f 950//656 1067//656 1068//656
f 950//656 1068//656 964//656
f 964//656 1068//656 1070//656
f 964//656 1070//656 962//656
f 962//656 1070//656 1072//656
f 962//656 1072//656 960//656
f 960//656 1072//656 1074//656
f 960//656 1074//656 958//656
f 958//656 1074//656 1075//656
f 958//656 1075//656 956//656
f 956//656 1075//656 1078//656
f 956//656 1078//656 953//656
f 953//656 1078//656 1080//656
f 953//656 1080//656 951//656
f 1036//656 308//656 968//656
f 968//656 308//656 275//656
f 968//656 275//656 834//656
f 834//656 275//656 687//656
f 834//656 687//656 689//656
f 308//656 1036//656 306//656
f 306//656 1036//656 1038//656
f 306//656 1038//656 304//656
f 304//656 1038//656 1040//656
f 304//656 1040//656 302//656
f 302//656 1040//656 1042//656
f 302//656 1042//656 300//656
f 300//656 1042//656 1044//656
f 300//656 1044//656 298//656
f 298//656 1044//656 1046//656
f 298//656 1046//656 296//656
f 296//656 1046//656 1048//656
f 296//656 1048//656 294//656
f 294//656 1048//656 1050//656
f 294//656 1050//656 292//656
f 292//656 1050//656 1052//656
f 292//656 1052//656 290//656
f 290//656 1052//656 1054//656
f 290//656 1054//656 288//656
f 288//656 1054//656 1056//656
f 288//656 1056//656 286//656
f 286//656 1056//656 1058//656
f 286//656 1058//656 284//656
f 284//656 1058//656 1060//656
f 284//656 1060//656 282//656
f 282//656 1060//656 1062//656
f 282//656 1062//656 279//656
f 279//656 1062//656 1064//656
f 279//656 1064//656 277//656
f 277//656 1064//656 1034//656
f 277//656 1034//656 310//656
f 310//656 1034//656 1003//656
f 310//656 1003//656 1004//656
f 310//656 1004//656 342//656
f 342//656 1004//656 1006//656
f 342//656 1006//656 340//656
f 340//656 1006//656 1008//656
f 340//656 1008//656 338//656
f 338//656 1008//656 1010//656
f 338//656 1010//656 336//656
f 336//656 1010//656 1012//656
f 336//656 1012//656 334//656
f 334//656 1012//656 1014//656
f 334//656 1014//656 332//656
f 332//656 1014//656 1016//656
f 332//656 1016//656 330//656
f 330//656 1016//656 1018//656
f 330//656 1018//656 328//656
f 328//656 1018//656 1020//656
f 328//656 1020//656 326//656
f 326//656 1020//656 1022//656
f 326//656 1022//656 324//656
f 324//656 1022//656 1024//656
f 324//656 1024//656 322//656
f 322//656 1024//656 1026//656
f 322//656 1026//656 320//656
f 320//656 1026//656 1028//656
f 320//656 1028//656 318//656
f 318//656 1028//656 1030//656
f 318//656 1030//656 316//656
f 316//656 1030//656 1032//656
f 316//656 1032//656 313//656
f 313//656 1032//656 1000//656
f 313//656 1000//656 311//656
f 189//656 985//656 208//656
f 208//656 985//656 987//656
f 208//656 987//656 222//656
f 222//656 987//656 990//656
f 222//656 990//656 219//656
f 219//656 990//656 992//656
f 219//656 992//656 218//656
f 218//656 992//656 994//656
f 218//656 994//656 216//656
f 216//656 994//656 996//656
f 216//656 996//656 214//656
f 214//656 996//656 998//656
f 214//656 998//656 212//656
f 212//656 998//656 984//656
f 212//656 984//656 211//656
f 211//656 984//656 224//656
f 224//656 984//656 969//656
f 224//656 969//656 236//656
f 236//656 969//656 971//656
f 236//656 971//656 233//656
f 233//656 971//656 974//656
f 233//656 974//656 232//656
f 232//656 974//656 976//656
f 232//656 976//656 230//656
f 230//656 976//656 978//656
f 230//656 978//656 228//656
f 228//656 978//656 980//656
f 228//656 980//656 226//656
f 226//656 980//656 982//656
f 226//656 982//656 204//656
f 204//656 982//656 967//656
f 204//656 967//656 260//656
f 260//656 967//656 819//656
f 260//656 819//656 821//656
f 967//656 968//656 819//656
f 819//656 968//656 834//656
f 536//656 903//656 568//656
f 568//656 903//656 904//656
f 568//656 904//656 566//656
f 566//656 904//656 906//656
f 566//656 906//656 564//656
f 564//656 906//656 908//656
f 564//656 908//656 562//656
f 562//656 908//656 910//656
f 562//656 910//656 560//656
f 560//656 910//656 912//656
f 560//656 912//656 558//656
f 558//656 912//656 914//656
f 558//656 914//656 556//656
f 556//656 914//656 916//656
f 556//656 916//656 554//656
f 554//656 916//656 918//656
f 554//656 918//656 552//656
f 552//656 918//656 920//656
f 552//656 920//656 550//656
f 550//656 920//656 922//656
f 550//656 922//656 548//656
f 548//656 922//656 924//656
f 548//656 924//656 546//656
f 546//656 924//656 926//656
f 546//656 926//656 544//656
f 544//656 926//656 928//656
f 544//656 928//656 542//656
f 542//656 928//656 930//656
f 542//656 930//656 539//656
f 539//656 930//656 932//656
f 539//656 932//656 537//656
f 537//656 932//656 900//656
f 537//656 900//656 570//656
f 570//656 900//656 867//656
f 570//656 867//656 868//656
f 570//656 868//656 600//656
f 600//656 868//656 870//656
f 600//656 870//656 598//656
f 598//656 870//656 872//656
f 598//656 872//656 596//656
f 596//656 872//656 874//656
f 596//656 874//656 594//656
f 594//656 874//656 876//656
f 594//656 876//656 592//656
f 592//656 876//656 878//656
f 592//656 878//656 590//656
f 590//656 878//656 880//656
f 590//656 880//656 588//656
f 588//656 880//656 882//656
f 588//656 882//656 586//656
f 586//656 882//656 884//656
f 586//656 884//656 584//656
f 584//656 884//656 886//656
f 584//656 886//656 582//656
f 582//656 886//656 888//656
f 582//656 888//656 580//656
f 580//656 888//656 890//656
f 580//656 890//656 578//656
f 578//656 890//656 892//656
f 578//656 892//656 576//656
f 576//656 892//656 894//656
f 576//656 894//656 574//656
f 574//656 894//656 896//656
f 574//656 896//656 571//656
f 571//656 896//656 898//656
f 571//656 898//656 440//656
f 836//656 686//656 768//656
f 768//656 686//656 653//656
f 768//656 653//656 767//656
f 767//656 653//656 800//656
f 800//656 653//656 655//656
f 800//656 655//656 798//656
f 798//656 655//656 658//656
f 798//656 658//656 796//656
f 796//656 658//656 660//656
f 796//656 660//656 794//656
f 794//656 660//656 662//656
f 794//656 662//656 792//656
f 792//656 662//656 664//656
f 792//656 664//656 790//656
f 790//656 664//656 666//656
f 790//656 666//656 788//656
f 788//656 666//656 668//656
f 788//656 668//656 786//656
f 786//656 668//656 670//656
f 786//656 670//656 784//656
f 784//656 670//656 672//656
f 784//656 672//656 782//656
f 782//656 672//656 674//656
f 782//656 674//656 780//656
f 780//656 674//656 676//656
f 780//656 676//656 778//656
f 778//656 676//656 678//656
f 778//656 678//656 776//656
f 776//656 678//656 680//656
f 776//656 680//656 774//656
f 774//656 680//656 682//656
f 774//656 682//656 772//656
f 772//656 682//656 684//656
f 772//656 684//656 771//656
f 771//656 684//656 652//656
f 686//656 836//656 718//656
f 718//656 836//656 838//656
f 718//656 838//656 716//656
f 716//656 838//656 840//656
f 716//656 840//656 714//656
f 714//656 840//656 842//656
f 714//656 842//656 712//656
f 712//656 842//656 844//656
f 712//656 844//656 710//656
f 710//656 844//656 846//656
f 710//656 846//656 708//656
f 708//656 846//656 848//656
f 708//656 848//656 706//656
f 706//656 848//656 850//656
f 706//656 850//656 704//656
f 704//656 850//656 852//656
f 704//656 852//656 702//656
f 702//656 852//656 854//656
f 702//656 854//656 700//656
f 700//656 854//656 856//656
f 700//656 856//656 698//656
f 698//656 856//656 858//656
f 698//656 858//656 696//656
f 696//656 858//656 860//656
f 696//656 860//656 694//656
f 694//656 860//656 862//656
f 694//656 862//656 692//656
f 692//656 862//656 864//656
f 692//656 864//656 689//656
f 689//656 864//656 834//656
f 260//656 821//656 272//656
f 272//656 821//656 824//656
f 272//656 824//656 269//656
f 269//656 824//656 826//656
f 269//656 826//656 268//656
f 268//656 826//656 828//656
f 268//656 828//656 266//656
f 266//656 828//656 830//656
f 266//656 830//656 264//656
f 264//656 830//656 832//656
f 264//656 832//656 262//656
f 262//656 832//656 818//656
f 262//656 818//656 240//656
f 240//656 818//656 803//656
f 240//656 803//656 239//656
f 239//656 803//656 254//656
f 254//656 803//656 805//656
f 254//656 805//656 251//656
f 251//656 805//656 808//656
f 251//656 808//656 250//656
f 250//656 808//656 810//656
f 250//656 810//656 248//656
f 248//656 810//656 812//656
f 248//656 812//656 246//656
f 246//656 812//656 814//656
f 246//656 814//656 244//656
f 244//656 814//656 816//656
f 244//656 816//656 243//656
f 243//656 816//656 802//656
f 1212//656 604//656 1211//656
f 1211//656 604//656 722//656
f 1211//656 722//656 1302//656
f 1302//656 722//656 724//656
f 1302//656 724//656 1300//656
f 1300//656 724//656 726//656
f 1300//656 726//656 1298//656
f 1298//656 726//656 728//656
f 1298//656 728//656 1296//656
f 1296//656 728//656 730//656
f 1296//656 730//656 1294//656
f 1294//656 730//656 732//656
f 1294//656 732//656 1292//656
f 1292//656 732//656 734//656
f 1292//656 734//656 1290//656
f 1290//656 734//656 736//656
f 1290//656 736//656 1288//656
f 1288//656 736//656 738//656
f 1288//656 738//656 1286//656
f 1286//656 738//656 740//656
f 1286//656 740//656 1284//656
f 1284//656 740//656 742//656
f 1284//656 742//656 1282//656
f 1282//656 742//656 744//656
f 1282//656 744//656 1280//656
f 1280//656 744//656 745//656
f 1280//656 745//656 1278//656
f 1278//656 745//656 748//656
f 1278//656 748//656 1275//656
f 1275//656 748//656 750//656
f 1275//656 750//656 1273//656
f 1273//656 750//656 752//656
f 1273//656 752//656 1272//656
f 1272//656 752//656 754//656
f 1272//656 754//656 1270//656
f 1270//656 754//656 756//656
f 1270//656 756//656 1268//656
f 1268//656 756//656 758//656
f 1268//656 758//656 1266//656
f 1266//656 758//656 760//656
f 1266//656 760//656 1264//656
f 1264//656 760//656 762//656
f 1264//656 762//656 1262//656
f 1262//656 762//656 764//656
f 1262//656 764//656 1260//656
f 1260//656 764//656 720//656
f 1260//656 720//656 276//656
f 276//656 720//656 687//656
f 276//656 687//656 275//656
f 492//656 1442//656 491//656
f 491//656 1442//656 3//656
f 491//656 3//656 4//656
f 1442//656 492//656 1440//656
f 1440//656 492//656 494//656
f 1440//656 494//656 1438//656
f 1438//656 494//656 496//656
f 1438//656 496//656 1436//656
f 1436//656 496//656 498//656
f 1436//656 498//656 1434//656
f 1434//656 498//656 500//656
f 1434//656 500//656 1432//656
f 1432//656 500//656 502//656
f 1432//656 502//656 1430//656
f 1430//656 502//656 504//656
f 1430//656 504//656 1428//656
f 1428//656 504//656 506//656
f 1428//656 506//656 1426//656
f 1426//656 506//656 508//656
f 1426//656 508//656 1424//656
f 1424//656 508//656 510//656
f 1424//656 510//656 1422//656
f 1422//656 510//656 512//656
f 1422//656 512//656 1420//656
f 1420//656 512//656 514//656
f 1420//656 514//656 1418//656
f 1418//656 514//656 515//656
f 1418//656 515//656 1416//656
f 1416//656 515//656 518//656
f 1416//656 518//656 1414//656
f 1414//656 518//656 520//656
f 1414//656 520//656 1412//656
f 1412//656 520//656 522//656
f 1412//656 522//656 1410//656
f 1410//656 522//656 524//656
f 1410//656 524//656 1408//656
f 1408//656 524//656 526//656
f 1408//656 526//656 1406//656
f 1406//656 526//656 528//656
f 1406//656 528//656 1404//656
f 1404//656 528//656 530//656
f 1404//656 530//656 1402//656
f 1402//656 530//656 532//656
f 1402//656 532//656 1400//656
f 1400//656 532//656 534//656
f 1400//656 534//656 1399//656
f 1399//656 534//656 488//656
f 1399//656 488//656 1488//656
f 1488//656 488//656 443//656
f 1488//656 443//656 444//656
f 1488//656 444//656 1576//656
f 1576//656 444//656 446//656
f 1576//656 446//656 1574//656
f 1574//656 446//656 448//656
f 1574//656 448//656 1572//656
f 1572//656 448//656 450//656
f 1572//656 450//656 1570//656
f 1570//656 450//656 452//656
f 1570//656 452//656 1568//656
f 1568//656 452//656 454//656
f 1568//656 454//656 1566//656
f 1566//656 454//656 456//656
f 1566//656 456//656 1564//656
f 1564//656 456//656 458//656
f 1564//656 458//656 1562//656
f 1562//656 458//656 460//656
f 1562//656 460//656 1560//656
f 1560//656 460//656 462//656
f 1560//656 462//656 1558//656
f 1558//656 462//656 464//656
f 1558//656 464//656 1556//656
f 1556//656 464//656 466//656
f 1556//656 466//656 1554//656
f 1554//656 466//656 467//656
f 1554//656 467//656 1552//656
f 1552//656 467//656 470//656
f 1552//656 470//656 1549//656
f 1549//656 470//656 472//656
f 1549//656 472//656 1547//656
f 1547//656 472//656 474//656
f 1547//656 474//656 1546//656
f 1546//656 474//656 476//656
f 1546//656 476//656 1544//656
f 1544//656 476//656 478//656
f 1544//656 478//656 1542//656
f 1542//656 478//656 480//656
f 1542//656 480//656 1540//656
f 1540//656 480//656 482//656
f 1540//656 482//656 1538//656
f 1538//656 482//656 484//656
f 1538//656 484//656 1536//656
f 1536//656 484//656 486//656
f 1536//656 486//656 1534//656
f 1534//656 486//656 439//656
f 1534//656 439//656 1532//656
f 1260//656 276//656 1258//656
f 1258//656 276//656 394//656
f 1258//656 394//656 1256//656
f 1256//656 394//656 396//656
f 1256//656 396//656 1254//656
f 1254//656 396//656 398//656
f 1254//656 398//656 1252//656
f 1252//656 398//656 400//656
f 1252//656 400//656 1250//656
f 1250//656 400//656 402//656
f 1250//656 402//656 1248//656
f 1248//656 402//656 404//656
f 1248//656 404//656 1246//656
f 1246//656 404//656 406//656
f 1246//656 406//656 1244//656
f 1244//656 406//656 408//656
f 1244//656 408//656 1242//656
f 1242//656 408//656 410//656
f 1242//656 410//656 1240//656
f 1240//656 410//656 412//656
f 1240//656 412//656 1238//656
f 1238//656 412//656 414//656
f 1238//656 414//656 1236//656
f 1236//656 414//656 416//656
f 1236//656 416//656 1234//656
f 1234//656 416//656 417//656
f 1234//656 417//656 1232//656
f 1232//656 417//656 420//656
f 1232//656 420//656 1230//656
f 1230//656 420//656 422//656
f 1230//656 422//656 1228//656
f 1228//656 422//656 424//656
f 1228//656 424//656 1226//656
f 1226//656 424//656 426//656
f 1226//656 426//656 1224//656
f 1224//656 426//656 428//656
f 1224//656 428//656 1222//656
f 1222//656 428//656 430//656
f 1222//656 430//656 1220//656
f 1220//656 430//656 432//656
f 1220//656 432//656 1218//656
f 1218//656 432//656 434//656
f 1218//656 434//656 1216//656
f 1216//656 434//656 436//656
f 1216//656 436//656 1215//656
f 1215//656 436//656 392//656
f 1215//656 392//656 1304//656
f 1304//656 392//656 347//656
f 1304//656 347//656 348//656
f 1304//656 348//656 1394//656
f 1394//656 348//656 350//656
f 1394//656 350//656 1392//656
f 1392//656 350//656 352//656
f 1392//656 352//656 1390//656
f 1390//656 352//656 354//656
f 1390//656 354//656 1388//656
f 1388//656 354//656 356//656
f 1388//656 356//656 1386//656
f 1386//656 356//656 358//656
f 1386//656 358//656 1384//656
f 1384//656 358//656 360//656
f 1384//656 360//656 1382//656
f 1382//656 360//656 362//656
f 1382//656 362//656 1380//656
f 1380//656 362//656 364//656
f 1380//656 364//656 1378//656
f 1378//656 364//656 366//656
f 1378//656 366//656 1376//656
f 1376//656 366//656 368//656
f 1376//656 368//656 1374//656
f 1374//656 368//656 370//656
f 1374//656 370//656 1372//656
f 1372//656 370//656 371//656
f 1372//656 371//656 1370//656
f 1370//656 371//656 374//656
f 1370//656 374//656 1367//656
f 1367//656 374//656 376//656
f 1367//656 376//656 1365//656
f 1365//656 376//656 378//656
f 1365//656 378//656 1364//656
f 1364//656 378//656 380//656
f 1364//656 380//656 1362//656
f 1362//656 380//656 382//656
f 1362//656 382//656 1360//656
f 1360//656 382//656 384//656
f 1360//656 384//656 1358//656
f 1358//656 384//656 386//656
f 1358//656 386//656 1356//656
f 1356//656 386//656 388//656
f 1356//656 388//656 1354//656
f 1354//656 388//656 390//656
f 1354//656 390//656 1352//656
f 1352//656 390//656 344//656
f 260//656 258//656 204//656
f 204//656 258//656 203//656
f 189//656 208//656 168//656
f 168//656 208//656 206//656
f 167//656 168//656 1106//656
f 1307//656 7//656 1396//656
f 1396//656 7//656 8//656
f 1396//656 8//656 1486//656
f 1486//656 8//656 10//656
f 1486//656 10//656 1484//656
f 1484//656 10//656 12//656
f 1484//656 12//656 1482//656
f 1482//656 12//656 14//656
f 1482//656 14//656 1480//656
f 1480//656 14//656 16//656
f 1480//656 16//656 1478//656
f 1478//656 16//656 18//656
f 1478//656 18//656 1476//656
f 1476//656 18//656 20//656
f 1476//656 20//656 1474//656
f 1474//656 20//656 22//656
f 1474//656 22//656 1472//656
f 1472//656 22//656 24//656
f 1472//656 24//656 1470//656
f 1470//656 24//656 26//656
f 1470//656 26//656 1468//656
f 1468//656 26//656 28//656
f 1468//656 28//656 1466//656
f 1466//656 28//656 30//656
f 1466//656 30//656 1464//656
f 1464//656 30//656 31//656
f 1464//656 31//656 1462//656
f 1462//656 31//656 34//656
f 1462//656 34//656 1459//656
f 1459//656 34//656 36//656
f 1459//656 36//656 1457//656
f 1457//656 36//656 38//656
f 1457//656 38//656 1456//656
f 1456//656 38//656 40//656
f 1456//656 40//656 1454//656
f 1454//656 40//656 42//656
f 1454//656 42//656 1452//656
f 1452//656 42//656 44//656
f 1452//656 44//656 1450//656
f 1450//656 44//656 46//656
f 1450//656 46//656 1448//656
f 1448//656 46//656 48//656
f 1448//656 48//656 1446//656
f 1446//656 48//656 50//656
f 1446//656 50//656 1444//656
f 1444//656 50//656 3//656
f 1444//656 3//656 1442//656
f 1207//657 172//657 1195//657
f 1195//657 172//657 171//657
f 1195//657 171//657 185//657
f 172//657 1207//657 175//657
f 175//657 1207//657 1205//657
f 175//657 1205//657 177//657
f 177//657 1205//657 1203//657
f 177//657 1203//657 179//657
f 179//657 1203//657 1201//657
f 179//657 1201//657 182//657
f 182//657 1201//657 1199//657
f 182//657 1199//657 183//657
f 183//657 1199//657 1198//657
f 183//657 1198//657 169//657
f 169//657 1198//657 1110//657
f 169//657 1110//657 933//657
f 933//657 1110//657 901//657
f 901//657 1110//657 1109//657
f 901//657 1109//657 535//657
f 535//657 1109//657 2//657
f 535//657 2//657 489//657
f 489//657 2//657 1//657
f 489//657 1//657 1441//657
f 1441//657 1//657 1443//657
f 1443//657 1//657 49//657
f 1443//657 49//657 1445//657
f 1445//657 49//657 47//657
f 1445//657 47//657 1447//657
f 1447//657 47//657 45//657
f 1447//657 45//657 1449//657
f 1449//657 45//657 43//657
f 1449//657 43//657 1451//657
f 1451//657 43//657 41//657
f 1451//657 41//657 1453//657
f 1453//657 41//657 39//657
f 1453//657 39//657 1455//657
f 1455//657 39//657 37//657
f 1455//657 37//657 1458//657
f 1458//657 37//657 35//657
f 1458//657 35//657 1460//657
f 1460//657 35//657 33//657
f 1460//657 33//657 1461//657
f 1461//657 33//657 32//657
f 1461//657 32//657 1463//657
f 1463//657 32//657 29//657
f 1463//657 29//657 1465//657
f 1465//657 29//657 27//657
f 1465//657 27//657 1467//657
f 1467//657 27//657 25//657
f 1467//657 25//657 1469//657
f 1469//657 25//657 23//657
f 1469//657 23//657 1471//657
f 1471//657 23//657 21//657
f 1471//657 21//657 1473//657
f 1473//657 21//657 19//657
f 1473//657 19//657 1475//657
f 1475//657 19//657 17//657
f 1475//657 17//657 1477//657
f 1477//657 17//657 15//657
f 1477//657 15//657 1479//657
f 1479//657 15//657 13//657
f 1479//657 13//657 1481//657
f 1481//657 13//657 11//657
f 1481//657 11//657 1483//657
f 1483//657 11//657 9//657
f 1483//657 9//657 1485//657
f 1485//657 9//657 6//657
f 1485//657 6//657 1395//657
f 1395//657 6//657 5//657
f 1395//657 5//657 51//657
f 2//657 1109//657 136//657
f 136//657 1109//657 1143//657
f 136//657 1143//657 137//657
f 137//657 1143//657 1141//657
f 137//657 1141//657 139//657
f 139//657 1141//657 1139//657
f 139//657 1139//657 141//657
f 141//657 1139//657 1137//657
f 141//657 1137//657 143//657
f 143//657 1137//657 1135//657
f 143//657 1135//657 145//657
f 145//657 1135//657 1133//657
f 145//657 1133//657 147//657
f 147//657 1133//657 1131//657
f 147//657 1131//657 149//657
f 149//657 1131//657 1129//657
f 149//657 1129//657 151//657
f 151//657 1129//657 1127//657
f 151//657 1127//657 153//657
f 153//657 1127//657 1125//657
f 153//657 1125//657 155//657
f 155//657 1125//657 1123//657
f 155//657 1123//657 157//657
f 157//657 1123//657 1121//657
f 157//657 1121//657 159//657
f 159//657 1121//657 1119//657
f 159//657 1119//657 161//657
f 161//657 1119//657 1117//657
f 161//657 1117//657 163//657
f 163//657 1117//657 1114//657
f 163//657 1114//657 133//657
f 133//657 1114//657 1113//657
f 133//657 1113//657 1145//657
f 133//657 1145//657 102//657
f 102//657 1145//657 1177//657
f 102//657 1177//657 104//657
f 104//657 1177//657 1175//657
f 104//657 1175//657 105//657
f 105//657 1175//657 1173//657
f 105//657 1173//657 107//657
f 107//657 1173//657 1171//657
f 107//657 1171//657 109//657
f 109//657 1171//657 1169//657
f 109//657 1169//657 111//657
f 111//657 1169//657 1167//657
f 111//657 1167//657 113//657
f 113//657 1167//657 1165//657
f 113//657 1165//657 115//657
f 115//657 1165//657 1163//657
f 115//657 1163//657 117//657
f 117//657 1163//657 1161//657
f 117//657 1161//657 119//657
f 119//657 1161//657 1159//657
f 119//657 1159//657 121//657
f 121//657 1159//657 1157//657
f 121//657 1157//657 123//657
f 123//657 1157//657 1155//657
f 123//657 1155//657 125//657
f 125//657 1155//657 1153//657
f 125//657 1153//657 127//657
f 127//657 1153//657 1151//657
f 127//657 1151//657 129//657
f 129//657 1151//657 1148//657
f 129//657 1148//657 131//657
f 131//657 1148//657 1147//657
f 131//657 1147//657 99//657
f 99//657 1147//657 312//657
f 99//657 312//657 343//657
f 312//657 1147//657 999//657
f 999//657 1147//657 1179//657
f 999//657 1179//657 986//657
f 986//657 1179//657 187//657
f 986//657 187//657 207//657
f 207//657 187//657 166//657
f 207//657 166//657 205//657
f 205//657 166//657 1107//657
f 205//657 1107//657 201//657
f 201//657 1107//657 1102//657
f 201//657 1102//657 257//657
f 257//657 1102//657 1101//657
f 257//657 1101//657 255//657
f 255//657 1101//657 1099//657
f 255//657 1099//657 1079//657
f 1179//657 1193//657 187//657
f 187//657 1193//657 188//657
f 188//657 1193//657 1191//657
f 188//657 1191//657 191//657
f 191//657 1191//657 1189//657
f 191//657 1189//657 193//657
f 193//657 1189//657 1187//657
f 193//657 1187//657 195//657
f 195//657 1187//657 1185//657
f 195//657 1185//657 198//657
f 198//657 1185//657 1184//657
f 198//657 1184//657 199//657
f 199//657 1184//657 1182//657
f 199//657 1182//657 185//657
f 185//657 1182//657 1195//657
f 1101//657 1105//657 1099//657
f 1099//657 1105//657 1097//657
f 1097//657 1105//657 165//657
f 1097//657 165//657 1083//657
f 1083//657 165//657 169//657
f 1083//657 169//657 933//657
f 1105//657 1107//657 165//657
f 165//657 1107//657 166//657
f 1077//657 954//657 1079//657
f 1079//657 954//657 952//657
f 1079//657 952//657 241//657
f 241//657 952//657 801//657
f 241//657 801//657 815//657
f 954//657 1077//657 955//657
f 955//657 1077//657 1076//657
f 955//657 1076//657 957//657
f 957//657 1076//657 1073//657
f 957//657 1073//657 959//657
f 959//657 1073//657 1071//657
f 959//657 1071//657 961//657
f 961//657 1071//657 1069//657
f 961//657 1069//657 963//657
f 963//657 1069//657 1066//657
f 963//657 1066//657 949//657
f 949//657 1066//657 1065//657
f 949//657 1065//657 936//657
f 936//657 1065//657 1081//657
f 936//657 1081//657 1095//657
f 936//657 1095//657 938//657
f 938//657 1095//657 1094//657
f 938//657 1094//657 939//657
f 939//657 1094//657 1091//657
f 939//657 1091//657 941//657
f 941//657 1091//657 1089//657
f 941//657 1089//657 943//657
f 943//657 1089//657 1087//657
f 943//657 1087//657 945//657
f 945//657 1087//657 1084//657
f 945//657 1084//657 947//657
f 947//657 1084//657 1083//657
f 947//657 1083//657 933//657
f 1001//657 1033//657 278//657
f 278//657 1033//657 1063//657
f 278//657 1063//657 280//657
f 280//657 1063//657 1061//657
f 280//657 1061//657 281//657
f 281//657 1061//657 1059//657
f 281//657 1059//657 283//657
f 283//657 1059//657 1057//657
f 283//657 1057//657 285//657
f 285//657 1057//657 1055//657
f 285//657 1055//657 287//657
f 287//657 1055//657 1053//657
f 287//657 1053//657 289//657
f 289//657 1053//657 1051//657
f 289//657 1051//657 291//657
f 291//657 1051//657 1049//657
f 291//657 1049//657 293//657
f 293//657 1049//657 1047//657
f 293//657 1047//657 295//657
f 295//657 1047//657 1045//657
f 295//657 1045//657 297//657
f 297//657 1045//657 1043//657
f 297//657 1043//657 299//657
f 299//657 1043//657 1041//657
f 299//657 1041//657 301//657
f 301//657 1041//657 1039//657
f 301//657 1039//657 303//657
f 303//657 1039//657 1037//657
f 303//657 1037//657 305//657
f 305//657 1037//657 1035//657
f 305//657 1035//657 307//657
f 307//657 1035//657 966//657
f 307//657 966//657 273//657
f 273//657 966//657 833//657
f 273//657 833//657 688//657
f 688//657 833//657 690//657
f 690//657 833//657 863//657
f 690//657 863//657 691//657
f 691//657 863//657 861//657
f 691//657 861//657 693//657
f 693//657 861//657 859//657
f 693//657 859//657 695//657
f 695//657 859//657 857//657
f 695//657 857//657 697//657
f 697//657 857//657 855//657
f 697//657 855//657 699//657
f 699//657 855//657 853//657
f 699//657 853//657 701//657
f 701//657 853//657 851//657
f 701//657 851//657 703//657
f 703//657 851//657 849//657
f 703//657 849//657 705//657
f 705//657 849//657 847//657
f 705//657 847//657 707//657
f 707//657 847//657 845//657
f 707//657 845//657 709//657
f 709//657 845//657 843//657
f 709//657 843//657 711//657
f 711//657 843//657 841//657
f 711//657 841//657 713//657
f 713//657 841//657 839//657
f 713//657 839//657 715//657
f 715//657 839//657 837//657
f 715//657 837//657 717//657
f 717//657 837//657 835//657
f 717//657 835//657 685//657
f 685//657 835//657 766//657
f 685//657 766//657 765//657
f 833//657 966//657 820//657
f 820//657 966//657 965//657
f 820//657 965//657 259//657
f 259//657 965//657 202//657
f 259//657 202//657 257//657
f 257//657 202//657 201//657
f 965//657 981//657 202//657
f 202//657 981//657 225//657
f 225//657 981//657 979//657
f 225//657 979//657 227//657
f 227//657 979//657 977//657
f 227//657 977//657 229//657
f 229//657 977//657 975//657
f 229//657 975//657 231//657
f 231//657 975//657 973//657
f 231//657 973//657 234//657
f 234//657 973//657 972//657
f 234//657 972//657 235//657
f 235//657 972//657 970//657
f 235//657 970//657 223//657
f 223//657 970//657 209//657
f 209//657 970//657 983//657
f 209//657 983//657 210//657
f 210//657 983//657 997//657
f 210//657 997//657 213//657
f 213//657 997//657 995//657
f 213//657 995//657 215//657
f 215//657 995//657 993//657
f 215//657 993//657 217//657
f 217//657 993//657 991//657
f 217//657 991//657 220//657
f 220//657 991//657 989//657
f 220//657 989//657 221//657
f 221//657 989//657 988//657
f 221//657 988//657 207//657
f 207//657 988//657 986//657
f 312//657 999//657 314//657
f 314//657 999//657 1031//657
f 314//657 1031//657 315//657
f 315//657 1031//657 1029//657
f 315//657 1029//657 317//657
f 317//657 1029//657 1027//657
f 317//657 1027//657 319//657
f 319//657 1027//657 1025//657
f 319//657 1025//657 321//657
f 321//657 1025//657 1023//657
f 321//657 1023//657 323//657
f 323//657 1023//657 1021//657
f 323//657 1021//657 325//657
f 325//657 1021//657 1019//657
f 325//657 1019//657 327//657
f 327//657 1019//657 1017//657
f 327//657 1017//657 329//657
f 329//657 1017//657 1015//657
f 329//657 1015//657 331//657
f 331//657 1015//657 1013//657
f 331//657 1013//657 333//657
f 333//657 1013//657 1011//657
f 333//657 1011//657 335//657
f 335//657 1011//657 1009//657
f 335//657 1009//657 337//657
f 337//657 1009//657 1007//657
f 337//657 1007//657 339//657
f 339//657 1007//657 1005//657
f 339//657 1005//657 341//657
f 341//657 1005//657 1002//657
f 341//657 1002//657 309//657
f 309//657 1002//657 1001//657
f 309//657 1001//657 278//657
f 952//657 897//657 801//657
f 801//657 897//657 769//657
f 769//657 897//657 438//657
f 769//657 438//657 651//657
f 651//657 438//657 437//657
f 651//657 437//657 605//657
f 605//657 437//657 1531//657
f 605//657 1531//657 606//657
f 606//657 1531//657 1529//657
f 606//657 1529//657 609//657
f 609//657 1529//657 1527//657
f 609//657 1527//657 611//657
f 611//657 1527//657 1525//657
f 611//657 1525//657 613//657
f 613//657 1525//657 1523//657
f 613//657 1523//657 615//657
f 615//657 1523//657 1521//657
f 615//657 1521//657 617//657
f 617//657 1521//657 1519//657
f 617//657 1519//657 619//657
f 619//657 1519//657 1517//657
f 619//657 1517//657 621//657
f 621//657 1517//657 1515//657
f 621//657 1515//657 623//657
f 623//657 1515//657 1513//657
f 623//657 1513//657 625//657
f 625//657 1513//657 1511//657
f 625//657 1511//657 627//657
f 627//657 1511//657 1509//657
f 627//657 1509//657 629//657
f 629//657 1509//657 1507//657
f 629//657 1507//657 632//657
f 632//657 1507//657 1505//657
f 632//657 1505//657 633//657
f 633//657 1505//657 1503//657
f 633//657 1503//657 635//657
f 635//657 1503//657 1501//657
f 635//657 1501//657 637//657
f 637//657 1501//657 1499//657
f 637//657 1499//657 639//657
f 639//657 1499//657 1497//657
f 639//657 1497//657 641//657
f 641//657 1497//657 1495//657
f 641//657 1495//657 643//657
f 643//657 1495//657 1493//657
f 643//657 1493//657 645//657
f 645//657 1493//657 1491//657
f 645//657 1491//657 647//657
f 647//657 1491//657 1489//657
f 647//657 1489//657 649//657
f 649//657 1489//657 1210//657
f 649//657 1210//657 601//657
f 601//657 1210//657 1209//657
f 601//657 1209//657 602//657
f 602//657 1209//657 721//657
f 721//657 1209//657 1301//657
f 721//657 1301//657 723//657
f 723//657 1301//657 1299//657
f 723//657 1299//657 725//657
f 725//657 1299//657 1297//657
f 725//657 1297//657 727//657
f 727//657 1297//657 1295//657
f 727//657 1295//657 729//657
f 729//657 1295//657 1293//657
f 729//657 1293//657 731//657
f 731//657 1293//657 1291//657
f 731//657 1291//657 733//657
f 733//657 1291//657 1289//657
f 733//657 1289//657 735//657
f 735//657 1289//657 1287//657
f 735//657 1287//657 737//657
f 737//657 1287//657 1285//657
f 737//657 1285//657 739//657
f 739//657 1285//657 1283//657
f 739//657 1283//657 741//657
f 741//657 1283//657 1281//657
f 741//657 1281//657 743//657
f 743//657 1281//657 1279//657
f 743//657 1279//657 746//657
f 746//657 1279//657 1277//657
f 746//657 1277//657 747//657
f 747//657 1277//657 1276//657
f 747//657 1276//657 749//657
f 749//657 1276//657 1274//657
f 749//657 1274//657 751//657
f 751//657 1274//657 1271//657
f 751//657 1271//657 753//657
f 753//657 1271//657 1269//657
f 753//657 1269//657 755//657
f 755//657 1269//657 1267//657
f 755//657 1267//657 757//657
f 757//657 1267//657 1265//657
f 757//657 1265//657 759//657
f 759//657 1265//657 1263//657
f 759//657 1263//657 761//657
f 761//657 1263//657 1261//657
f 761//657 1261//657 763//657
f 763//657 1261//657 1259//657
f 763//657 1259//657 719//657
f 719//657 1259//657 274//657
f 719//657 274//657 688//657
f 688//657 274//657 273//657
f 438//657 897//657 572//657
f 572//657 897//657 895//657
f 572//657 895//657 573//657
f 573//657 895//657 893//657
f 573//657 893//657 575//657
f 575//657 893//657 891//657
f 575//657 891//657 577//657
f 577//657 891//657 889//657
f 577//657 889//657 579//657
f 579//657 889//657 887//657
f 579//657 887//657 581//657
f 581//657 887//657 885//657
f 581//657 885//657 583//657
f 583//657 885//657 883//657
f 583//657 883//657 585//657
f 585//657 883//657 881//657
f 585//657 881//657 587//657
f 587//657 881//657 879//657
f 587//657 879//657 589//657
f 589//657 879//657 877//657
f 589//657 877//657 591//657
f 591//657 877//657 875//657
f 591//657 875//657 593//657
f 593//657 875//657 873//657
f 593//657 873//657 595//657
f 595//657 873//657 871//657
f 595//657 871//657 597//657
f 597//657 871//657 869//657
f 597//657 869//657 599//657
f 599//657 869//657 866//657
f 599//657 866//657 569//657
f 569//657 866//657 865//657
f 569//657 865//657 538//657
f 538//657 865//657 899//657
f 538//657 899//657 931//657
f 538//657 931//657 540//657
f 540//657 931//657 929//657
f 540//657 929//657 541//657
f 541//657 929//657 927//657
f 541//657 927//657 543//657
f 543//657 927//657 925//657
f 543//657 925//657 545//657
f 545//657 925//657 923//657
f 545//657 923//657 547//657
f 547//657 923//657 921//657
f 547//657 921//657 549//657
f 549//657 921//657 919//657
f 549//657 919//657 551//657
f 551//657 919//657 917//657
f 551//657 917//657 553//657
f 553//657 917//657 915//657
f 553//657 915//657 555//657
f 555//657 915//657 913//657
f 555//657 913//657 557//657
f 557//657 913//657 911//657
f 557//657 911//657 559//657
f 559//657 911//657 909//657
f 559//657 909//657 561//657
f 561//657 909//657 907//657
f 561//657 907//657 563//657
f 563//657 907//657 905//657
f 563//657 905//657 565//657
f 565//657 905//657 902//657
f 565//657 902//657 567//657
f 567//657 902//657 901//657
f 567//657 901//657 535//657
f 685//657 765//657 654//657
f 654//657 765//657 799//657
f 654//657 799//657 656//657
f 656//657 799//657 797//657
f 656//657 797//657 657//657
f 657//657 797//657 795//657
f 657//657 795//657 659//657
f 659//657 795//657 793//657
f 659//657 793//657 661//657
f 661//657 793//657 791//657
f 661//657 791//657 663//657
f 663//657 791//657 789//657
f 663//657 789//657 665//657
f 665//657 789//657 787//657
f 665//657 787//657 667//657
f 667//657 787//657 785//657
f 667//657 785//657 669//657
f 669//657 785//657 783//657
f 669//657 783//657 671//657
f 671//657 783//657 781//657
f 671//657 781//657 673//657
f 673//657 781//657 779//657
f 673//657 779//657 675//657
f 675//657 779//657 777//657
f 675//657 777//657 677//657
f 677//657 777//657 775//657
f 677//657 775//657 679//657
f 679//657 775//657 773//657
f 679//657 773//657 681//657
f 681//657 773//657 770//657
f 681//657 770//657 683//657
f 683//657 770//657 769//657
f 683//657 769//657 651//657
f 241//657 815//657 242//657
f 242//657 815//657 813//657
f 242//657 813//657 245//657
f 245//657 813//657 811//657
f 245//657 811//657 247//657
f 247//657 811//657 809//657
f 247//657 809//657 249//657
f 249//657 809//657 807//657
f 249//657 807//657 252//657
f 252//657 807//657 806//657
f 252//657 806//657 253//657
f 253//657 806//657 804//657
f 253//657 804//657 237//657
f 237//657 804//657 817//657
f 237//657 817//657 238//657
f 238//657 817//657 261//657
f 261//657 817//657 831//657
f 261//657 831//657 263//657
f 263//657 831//657 829//657
f 263//657 829//657 265//657
f 265//657 829//657 827//657
f 265//657 827//657 267//657
f 267//657 827//657 825//657
f 267//657 825//657 270//657
f 270//657 825//657 823//657
f 270//657 823//657 271//657
f 271//657 823//657 822//657
f 271//657 822//657 259//657
f 259//657 822//657 820//657
f 1531//657 437//657 1533//657
f 1533//657 437//657 485//657
f 1533//657 485//657 1535//657
f 1535//657 485//657 483//657
f 1535//657 483//657 1537//657
f 1537//657 483//657 481//657
f 1537//657 481//657 1539//657
f 1539//657 481//657 479//657
f 1539//657 479//657 1541//657
f 1541//657 479//657 477//657
f 1541//657 477//657 1543//657
f 1543//657 477//657 475//657
f 1543//657 475//657 1545//657
f 1545//657 475//657 473//657
f 1545//657 473//657 1548//657
f 1548//657 473//657 471//657
f 1548//657 471//657 1550//657
f 1550//657 471//657 469//657
f 1550//657 469//657 1551//657
f 1551//657 469//657 468//657
f 1551//657 468//657 1553//657
f 1553//657 468//657 465//657
f 1553//657 465//657 1555//657
f 1555//657 465//657 463//657
f 1555//657 463//657 1557//657
f 1557//657 463//657 461//657
f 1557//657 461//657 1559//657
f 1559//657 461//657 459//657
f 1559//657 459//657 1561//657
f 1561//657 459//657 457//657
f 1561//657 457//657 1563//657
f 1563//657 457//657 455//657
f 1563//657 455//657 1565//657
f 1565//657 455//657 453//657
f 1565//657 453//657 1567//657
f 1567//657 453//657 451//657
f 1567//657 451//657 1569//657
f 1569//657 451//657 449//657
f 1569//657 449//657 1571//657
f 1571//657 449//657 447//657
f 1571//657 447//657 1573//657
f 1573//657 447//657 445//657
f 1573//657 445//657 1575//657
f 1575//657 445//657 442//657
f 1575//657 442//657 1487//657
f 1487//657 442//657 441//657
f 1487//657 441//657 1397//657
f 1397//657 441//657 487//657
f 1397//657 487//657 533//657
f 1397//657 533//657 1398//657
f 1398//657 533//657 531//657
f 1398//657 531//657 1401//657
f 1401//657 531//657 529//657
f 1401//657 529//657 1403//657
f 1403//657 529//657 527//657
f 1403//657 527//657 1405//657
f 1405//657 527//657 525//657
f 1405//657 525//657 1407//657
f 1407//657 525//657 523//657
f 1407//657 523//657 1409//657
f 1409//657 523//657 521//657
f 1409//657 521//657 1411//657
f 1411//657 521//657 519//657
f 1411//657 519//657 1413//657
f 1413//657 519//657 517//657
f 1413//657 517//657 1415//657
f 1415//657 517//657 516//657
f 1415//657 516//657 1417//657
f 1417//657 516//657 513//657
f 1417//657 513//657 1419//657
f 1419//657 513//657 511//657
f 1419//657 511//657 1421//657
f 1421//657 511//657 509//657
f 1421//657 509//657 1423//657
f 1423//657 509//657 507//657
f 1423//657 507//657 1425//657
f 1425//657 507//657 505//657
f 1425//657 505//657 1427//657
f 1427//657 505//657 503//657
f 1427//657 503//657 1429//657
f 1429//657 503//657 501//657
f 1429//657 501//657 1431//657
f 1431//657 501//657 499//657
f 1431//657 499//657 1433//657
f 1433//657 499//657 497//657
f 1433//657 497//657 1435//657
f 1435//657 497//657 495//657
f 1435//657 495//657 1437//657
f 1437//657 495//657 493//657
f 1437//657 493//657 1439//657
f 1439//657 493//657 490//657
f 1439//657 490//657 1441//657
f 1441//657 490//657 489//657
f 345//657 391//657 1213//657
f 1213//657 391//657 435//657
f 1213//657 435//657 1214//657
f 1214//657 435//657 433//657
f 1214//657 433//657 1217//657
f 1217//657 433//657 431//657
f 1217//657 431//657 1219//657
f 1219//657 431//657 429//657
f 1219//657 429//657 1221//657
f 1221//657 429//657 427//657
f 1221//657 427//657 1223//657
f 1223//657 427//657 425//657
f 1223//657 425//657 1225//657
f 1225//657 425//657 423//657
f 1225//657 423//657 1227//657
f 1227//657 423//657 421//657
f 1227//657 421//657 1229//657
f 1229//657 421//657 419//657
f 1229//657 419//657 1231//657
f 1231//657 419//657 418//657
f 1231//657 418//657 1233//657
f 1233//657 418//657 415//657
f 1233//657 415//657 1235//657
f 1235//657 415//657 413//657
f 1235//657 413//657 1237//657
f 1237//657 413//657 411//657
f 1237//657 411//657 1239//657
f 1239//657 411//657 409//657
f 1239//657 409//657 1241//657
f 1241//657 409//657 407//657
f 1241//657 407//657 1243//657
f 1243//657 407//657 405//657
f 1243//657 405//657 1245//657
f 1245//657 405//657 403//657
f 1245//657 403//657 1247//657
f 1247//657 403//657 401//657
f 1247//657 401//657 1249//657
f 1249//657 401//657 399//657
f 1249//657 399//657 1251//657
f 1251//657 399//657 397//657
f 1251//657 397//657 1253//657
f 1253//657 397//657 395//657
f 1253//657 395//657 1255//657
f 1255//657 395//657 393//657
f 1255//657 393//657 1257//657
f 1257//657 393//657 274//657
f 1257//657 274//657 1259//657
f 389//657 1351//657 343//657
f 343//657 1351//657 53//657
f 343//657 53//657 99//657
f 1351//657 389//657 1353//657
f 1353//657 389//657 387//657
f 1353//657 387//657 1355//657
f 1355//657 387//657 385//657
f 1355//657 385//657 1357//657
f 1357//657 385//657 383//657
f 1357//657 383//657 1359//657
f 1359//657 383//657 381//657
f 1359//657 381//657 1361//657
f 1361//657 381//657 379//657
f 1361//657 379//657 1363//657
f 1363//657 379//657 377//657
f 1363//657 377//657 1366//657
f 1366//657 377//657 375//657
f 1366//657 375//657 1368//657
f 1368//657 375//657 373//657
f 1368//657 373//657 1369//657
f 1369//657 373//657 372//657
f 1369//657 372//657 1371//657
f 1371//657 372//657 369//657
f 1371//657 369//657 1373//657
f 1373//657 369//657 367//657
f 1373//657 367//657 1375//657
f 1375//657 367//657 365//657
f 1375//657 365//657 1377//657
f 1377//657 365//657 363//657
f 1377//657 363//657 1379//657
f 1379//657 363//657 361//657
f 1379//657 361//657 1381//657
f 1381//657 361//657 359//657
f 1381//657 359//657 1383//657
f 1383//657 359//657 357//657
f 1383//657 357//657 1385//657
f 1385//657 357//657 355//657
f 1385//657 355//657 1387//657
f 1387//657 355//657 353//657
f 1387//657 353//657 1389//657
f 1389//657 353//657 351//657
f 1389//657 351//657 1391//657
f 1391//657 351//657 349//657
f 1391//657 349//657 1393//657
f 1393//657 349//657 346//657
f 1393//657 346//657 1303//657
f 1303//657 346//657 345//657
f 1303//657 345//657 1213//657
f 241//657 255//657 1079//657
f 1395//657 51//657 1305//657
f 1305//657 51//657 97//657
f 1305//657 97//657 1306//657
f 1306//657 97//657 95//657
f 1306//657 95//657 1309//657
f 1309//657 95//657 93//657
f 1309//657 93//657 1311//657
f 1311//657 93//657 91//657
f 1311//657 91//657 1313//657
f 1313//657 91//657 89//657
f 1313//657 89//657 1315//657
f 1315//657 89//657 87//657
f 1315//657 87//657 1317//657
f 1317//657 87//657 85//657
f 1317//657 85//657 1319//657
f 1319//657 85//657 83//657
f 1319//657 83//657 1321//657
f 1321//657 83//657 81//657
f 1321//657 81//657 1323//657
f 1323//657 81//657 80//657
f 1323//657 80//657 1325//657
f 1325//657 80//657 77//657
f 1325//657 77//657 1327//657
f 1327//657 77//657 75//657
f 1327//657 75//657 1329//657
f 1329//657 75//657 73//657
f 1329//657 73//657 1331//657
f 1331//657 73//657 71//657
f 1331//657 71//657 1333//657
f 1333//657 71//657 69//657
f 1333//657 69//657 1335//657
f 1335//657 69//657 67//657
f 1335//657 67//657 1337//657
f 1337//657 67//657 65//657
f 1337//657 65//657 1339//657
f 1339//657 65//657 63//657
f 1339//657 63//657 1341//657
f 1341//657 63//657 61//657
f 1341//657 61//657 1343//657
f 1343//657 61//657 59//657
f 1343//657 59//657 1345//657
f 1345//657 59//657 57//657
f 1345//657 57//657 1347//657
f 1347//657 57//657 54//657
f 1347//657 54//657 1349//657
f 1349//657 54//657 53//657
f 1349//657 53//657 1351//657
