# Blender v2.81 (sub 16) OBJ File: ''
# www.blender.org
mtllib infantry tray movement guide_thickness.mtl
o NurbsPath.007_NurbsPath.019
v -3.750126 0.199999 -1.400002
v -3.750126 0.199999 -2.400002
v -3.750126 -0.200001 -2.400002
v -3.750126 -0.200001 -1.400002
v 8.749876 0.200000 -1.399996
v 8.749876 0.200000 -2.399996
v 8.749876 -0.200000 -2.399996
v 8.749876 -0.200000 -1.399996
v 5.749876 -0.200000 -1.399996
v 5.749876 -0.200000 -2.399996
v 5.750126 -0.200000 -2.399996
v 5.750126 -0.200000 -1.399996
v 1.750000 0.199996 11.499500
v 2.750000 0.199996 11.499501
v 2.750000 -0.200004 11.499501
v 1.750000 -0.200004 11.499500
v -8.749876 -0.200001 -1.400003
v -8.749876 -0.200001 -2.400003
v -8.749876 0.199999 -2.400003
v -8.749876 0.199999 -1.400003
v -3.749876 -0.200001 -1.400002
v -3.749876 -0.200001 -2.400002
v -3.749876 0.199999 -2.400002
v -3.749876 0.199999 -1.400002
v 11.749876 0.200000 -1.399994
v 11.749876 0.200000 -2.399994
v 11.749876 -0.200000 -2.399994
v 11.749876 -0.200000 -1.399994
v -1.750000 -0.200004 11.499500
v -2.750000 -0.200004 11.499500
v -2.750000 0.199996 11.499500
v -1.750000 0.199996 11.499500
v -14.749874 -0.200000 -1.400007
v -14.749876 -0.200000 -2.400007
v -14.749876 0.200000 -2.400007
v -14.749874 0.200000 -1.400007
v 8.749876 -0.200001 1.400003
v 8.749876 -0.200001 2.400003
v 8.749876 0.199999 2.400003
v 8.749876 0.199999 1.400003
v 13.749876 -0.200000 1.400006
v 13.749876 -0.200000 2.400006
v 13.749876 0.200000 2.400006
v 13.749876 0.200000 1.400006
v -10.750127 0.200000 -1.400005
v -10.749877 0.200000 -1.400005
v -10.749877 0.200000 -2.400005
v -10.750127 0.200000 -2.400005
v -6.750126 0.199999 -1.400003
v -6.750126 0.199999 -2.400003
v -6.750126 -0.200001 -2.400003
v -6.750126 -0.200001 -1.400003
v -9.749876 0.200000 1.399996
v -9.750127 0.200000 1.399996
v -9.750127 0.200000 2.399996
v -9.749876 0.200000 2.399996
v 1.750000 -0.199999 -3.499500
v 2.750000 -0.199999 -3.499500
v 2.750000 0.200001 -3.499500
v 1.750000 0.200001 -3.499500
v 10.750126 0.200000 1.400004
v 10.750126 0.200000 2.400004
v 10.750126 -0.200000 2.400004
v 10.750126 -0.200000 1.400004
v -13.749876 -0.200000 -1.400007
v -13.749876 -0.200000 -2.400007
v -13.749876 0.200000 -2.400007
v -13.749876 0.200000 -1.400007
v 7.750125 0.199999 -0.349997
v 7.750126 0.199999 2.400003
v 7.750126 -0.200001 2.400003
v 7.750125 -0.200001 -0.349997
v -1.750000 -0.200005 9.499500
v -2.750000 -0.200005 9.499500
v -2.750000 0.199995 9.499500
v -1.750000 0.199995 9.499500
v 1.750000 -0.199997 -9.500500
v 2.750000 -0.199997 -9.500500
v 2.750000 -0.199997 -9.499500
v 1.750000 -0.199997 -9.499500
v 1.750000 -0.200002 6.499501
v 2.750000 -0.200002 6.499501
v 2.750000 -0.200002 6.500501
v 1.750000 -0.200002 6.500501
v 1.750000 -0.200004 9.500502
v 2.750000 -0.200004 9.500502
v 2.750000 0.199996 9.500502
v 1.750000 0.199996 9.500502
v 1.750000 0.200001 -3.500500
v 2.750000 0.200001 -3.500500
v 2.750000 -0.199999 -3.500500
v 1.750000 -0.199999 -3.500500
v 11.749876 0.200000 -1.399994
v 11.750126 0.200000 -1.399994
v 11.750126 0.200000 -2.399994
v 11.749876 0.200000 -2.399994
v -9.750127 -0.200000 1.399996
v -9.750127 -0.200000 2.399996
v -9.750127 0.200000 2.399996
v -9.750127 0.200000 1.399996
v 0.000000 -0.200004 12.499500
v -2.750000 -0.200004 12.499500
v -2.750000 0.199996 12.499500
v 0.000000 0.199996 12.499500
v -1.750000 0.200004 -9.499500
v -2.750000 0.200004 -9.499500
v -2.750000 -0.199996 -9.499500
v -1.750000 -0.199996 -9.499500
v -1.749999 -0.199998 -6.500500
v -2.749999 -0.199998 -6.500500
v -2.749999 0.200002 -6.500500
v -1.749999 0.200002 -6.500500
v -1.750000 0.199994 15.500499
v -2.750000 0.199994 15.500499
v -2.750000 -0.200006 15.500499
v -1.750000 -0.200006 15.500500
v 0.000000 -0.199999 -7.499500
v 2.750000 -0.199999 -7.499500
v 2.750000 0.200001 -7.499500
v 0.000000 0.200001 -7.499500
v -4.749876 -0.200001 -1.400003
v -4.749876 -0.200001 -2.400003
v -4.749876 0.199999 -2.400003
v -4.749876 0.199999 -1.400003
v -5.749876 -0.200001 -1.400003
v -5.749876 -0.200001 -2.400003
v -5.749876 0.199999 -2.400003
v -5.749876 0.199999 -1.400003
v -11.749876 -0.200000 -1.400005
v -11.749876 -0.200000 -2.400005
v -11.749876 0.200000 -2.400005
v -11.749876 0.200000 -1.400005
v 1.750000 0.199996 14.499500
v 2.750000 0.199996 14.499501
v 2.750000 -0.200004 14.499501
v 1.750000 -0.200004 14.499500
v -1.750001 0.199997 5.500500
v -2.750000 0.199997 5.500500
v -2.750000 -0.200003 5.500500
v -1.750001 -0.200003 5.500500
v 6.750126 -0.200001 1.400002
v 6.750126 -0.200001 2.400002
v 6.749876 -0.200001 2.400002
v 6.749876 -0.200001 1.400002
v -13.749876 -0.200000 1.399994
v -13.749876 -0.200000 2.399994
v -13.750126 -0.200000 2.399994
v -13.750126 -0.200000 1.399994
v 6.749876 -0.200001 1.400002
v 6.749876 -0.200001 2.400002
v 6.749876 0.199999 2.400002
v 6.749876 0.199999 1.400002
v 1.750000 0.199994 15.499500
v 2.750000 0.199994 15.499500
v 2.750000 -0.200006 15.499500
v 1.750000 -0.200006 15.499500
v 10.749876 -0.200000 1.400004
v 10.749876 -0.200000 2.400004
v 10.749876 0.200000 2.400004
v 10.749876 0.200000 1.400004
v 0.000000 0.200004 -12.499500
v -2.750000 0.200004 -12.499500
v -2.750000 -0.199996 -12.499500
v 0.000000 -0.199996 -12.499500
v 9.749876 0.200000 -1.399994
v 9.749876 0.200000 -2.399994
v 9.749876 -0.200000 -2.399994
v 9.749876 -0.200000 -1.399994
v 8.750126 -0.200000 -1.399996
v 8.750126 -0.200000 -2.399996
v 8.750126 0.200000 -2.399996
v 8.750126 0.200000 -1.399996
v 10.750126 -0.200000 -1.399994
v 10.750126 -0.200000 -2.399994
v 10.750126 0.200000 -2.399994
v 10.750126 0.200000 -1.399994
v 1.750000 0.200001 -8.500500
v 1.750000 0.200001 -8.499500
v 2.750000 0.200001 -8.499500
v 2.750000 0.200001 -8.500500
v -4.750126 0.199999 -1.400003
v -4.749876 0.199999 -1.400003
v -4.749876 0.199999 -2.400003
v -4.750125 0.199999 -2.400003
v -1.750000 -0.200004 13.500500
v -2.750000 -0.200004 13.500500
v -2.750000 -0.200004 13.499500
v -1.750000 -0.200004 13.499500
v 1.750000 -0.200006 15.500500
v 2.750000 -0.200006 15.500500
v 2.750000 0.199994 15.500500
v 1.750000 0.199994 15.500500
v 1.750000 -0.200002 4.499501
v 2.750000 -0.200002 4.499501
v 2.750000 -0.200002 4.500501
v 1.750000 -0.200002 4.500501
v -1.750000 0.199996 14.500500
v -1.750000 0.199996 14.499500
v -2.750000 0.199996 14.499500
v -2.750000 0.199996 14.500500
v -1.749999 0.200002 -4.499500
v -1.749999 0.200002 -4.500500
v -2.749999 0.200002 -4.500500
v -2.749999 0.200002 -4.499500
v 1.750000 0.200001 -4.500500
v 2.750000 0.200001 -4.500500
v 2.750000 -0.199999 -4.500500
v 1.750000 -0.199999 -4.500500
v -1.749999 0.200002 -5.499500
v -2.749999 0.200002 -5.499500
v -2.749999 -0.199998 -5.499500
v -1.749999 -0.199998 -5.499500
v 1.750000 0.200004 -13.500500
v 2.750000 0.200004 -13.500500
v 2.750000 -0.199996 -13.500500
v 1.750000 -0.199996 -13.500500
v 1.750000 0.200003 -9.500500
v 2.750000 0.200004 -9.500500
v 2.750000 -0.199997 -9.500500
v 1.750000 -0.199997 -9.500500
v 1.750000 0.200004 -10.500500
v 2.750000 0.200004 -10.500500
v 2.750000 -0.199996 -10.500500
v 1.750000 -0.199996 -10.500500
v -9.750127 0.199999 -1.400005
v -9.749876 0.199999 -1.400005
v -9.749876 0.199999 -2.400005
v -9.750127 0.199999 -2.400005
v -2.749875 -0.200006 16.000000
v -2.749876 -0.199994 -16.000002
v -2.749876 0.200006 -16.000002
v -2.749875 0.199994 16.000000
v 1.750000 0.200003 -9.500500
v 1.750000 0.200003 -9.499500
v 2.750000 0.200004 -9.499500
v 2.750000 0.200004 -9.500500
v 1.750000 0.200001 -5.500500
v 1.750000 0.200001 -5.499500
v 2.750000 0.200001 -5.499500
v 2.750000 0.200001 -5.500500
v -10.750127 -0.200000 1.399996
v -10.750127 -0.200000 2.399996
v -10.750127 0.200000 2.399996
v -10.750127 0.200000 1.399996
v 1.750000 0.199996 10.499500
v 2.750000 0.199996 10.499500
v 2.750000 -0.200004 10.499500
v 1.750000 -0.200004 10.499500
v 0.000001 0.200002 -7.499500
v 0.000001 0.200002 -7.500500
v -2.750000 0.200002 -7.500500
v -2.750000 0.200002 -7.499500
v -10.749877 0.200000 1.399996
v -10.749877 0.200000 2.399996
v -10.749877 -0.200000 2.399996
v -10.749877 -0.200000 1.399996
v -1.750000 0.200002 -8.499500
v -2.750000 0.200002 -8.499500
v -2.750000 -0.199998 -8.499500
v -1.750000 -0.199998 -8.499500
v 1.750000 0.199998 5.499501
v 2.750000 0.199998 5.499501
v 2.750000 -0.200002 5.499501
v 1.750000 -0.200002 5.499501
v -11.749876 0.200000 1.399995
v -11.749876 0.200000 2.399995
v -11.749876 -0.200000 2.399995
v -11.749876 -0.200000 1.399995
v 1.750000 -0.200002 4.500501
v 2.750000 -0.200002 4.500501
v 2.750000 0.199998 4.500501
v 1.750000 0.199998 4.500501
v -1.750000 0.200006 -15.499500
v -2.750000 0.200006 -15.499500
v -2.750000 -0.199994 -15.499500
v -1.750000 -0.199994 -15.499500
v -13.749876 0.200000 1.399994
v -13.749876 0.200000 2.399994
v -13.749876 -0.200000 2.399994
v -13.749876 -0.200000 1.399994
v -7.750124 0.199999 0.349997
v -7.750126 0.199999 -2.400003
v -7.750126 -0.200001 -2.400003
v -7.750124 -0.200001 0.349997
v 3.750126 0.199999 1.400002
v 3.749876 0.199999 1.400002
v 3.749876 0.199999 2.400002
v 3.750126 0.199999 2.400002
v 0.000000 -0.200004 12.500500
v 2.750000 -0.200004 12.500502
v 2.750000 0.199996 12.500502
v 0.000000 0.199996 12.500500
v 4.750126 0.199999 1.400002
v 4.750126 0.199999 2.400002
v 4.750126 -0.200001 2.400002
v 4.750126 -0.200001 1.400002
v 7.749875 -0.200000 0.350004
v 7.749876 -0.200000 -2.399996
v 7.750126 -0.200000 -2.399996
v 7.750125 -0.200000 0.350004
v -1.750000 0.200004 -11.499500
v -2.750000 0.200004 -11.499502
v -2.750000 -0.199996 -11.499502
v -1.750000 -0.199996 -11.499500
v -1.750001 0.199997 4.500500
v -2.750000 0.199997 4.500500
v -2.750000 -0.200003 4.500500
v -1.750001 -0.200003 4.500500
v -7.749874 0.200000 -0.350003
v -7.750124 0.200000 -0.350003
v -7.750126 0.200000 2.399997
v -7.749876 0.200000 2.399997
v -10.749877 -0.200000 -1.400005
v -10.749877 -0.200000 -2.400005
v -10.749877 0.200000 -2.400005
v -10.749877 0.200000 -1.400005
v 13.750126 0.200000 1.400006
v 13.750126 0.200000 2.400006
v 13.750126 -0.200000 2.400006
v 13.750126 -0.200000 1.400006
v 1.750000 0.199998 6.499501
v 2.750000 0.199998 6.499501
v 2.750000 -0.200002 6.499501
v 1.750000 -0.200002 6.499501
v -1.750001 0.199997 3.500500
v -2.750000 0.199997 3.500500
v -2.750000 -0.200003 3.500500
v -1.750001 -0.200003 3.500500
v 4.749876 -0.200001 1.400002
v 4.749876 -0.200001 2.400002
v 4.749876 0.199999 2.400002
v 4.749876 0.199999 1.400002
v -1.750000 0.200004 -13.499500
v -2.750000 0.200004 -13.499502
v -2.750000 -0.199996 -13.499502
v -1.750000 -0.199996 -13.499500
v 3.749876 -0.200001 1.400002
v 3.749876 -0.200001 2.400002
v 3.749876 0.199999 2.400002
v 3.749876 0.199999 1.400002
v 12.749876 0.200000 0.350007
v 12.749877 0.200000 -2.399994
v 12.749877 -0.200000 -2.399994
v 12.749876 -0.200000 0.350007
v 5.749876 -0.200001 1.400002
v 5.749876 -0.200001 2.400002
v 5.749876 0.199999 2.400002
v 5.749876 0.199999 1.400002
v -1.750000 0.199997 8.500500
v -2.750000 0.199997 8.500501
v -2.750000 -0.200003 8.500501
v -1.750000 -0.200003 8.500500
v 9.749876 -0.200001 1.400004
v 9.749876 -0.200001 2.400004
v 9.749876 0.199999 2.400004
v 9.749876 0.199999 1.400004
v -1.750001 -0.200003 4.500500
v -2.750000 -0.200003 4.500500
v -2.750000 -0.200003 4.499500
v -1.750001 -0.200003 4.499500
v 0.000000 0.199998 7.499500
v 2.750000 0.199998 7.499501
v 2.750000 -0.200002 7.499501
v 0.000000 -0.200002 7.499500
v 3.749876 0.200000 -1.399998
v 3.749876 0.200000 -2.399998
v 3.749876 -0.200000 -2.399998
v 3.749876 -0.200000 -1.399998
v 14.749877 -0.200000 1.400007
v 14.749877 -0.200000 2.400006
v 14.749877 0.200000 2.400006
v 14.749877 0.200000 1.400007
v 4.750126 -0.200000 -1.399996
v 4.750126 -0.200000 -2.399996
v 4.750126 0.200000 -2.399996
v 4.750126 0.200000 -1.399996
v 0.000001 0.200002 -7.499500
v -2.750000 0.200002 -7.499500
v -2.750000 -0.199998 -7.499500
v 0.000001 -0.199998 -7.499500
v 5.750126 -0.200000 -1.399996
v 5.750126 -0.200000 -2.399996
v 5.750126 0.200000 -2.399996
v 5.750126 0.200000 -1.399996
v 6.750126 -0.200000 -1.399996
v 6.750126 -0.200000 -2.399996
v 6.750126 0.200000 -2.399996
v 6.750126 0.200000 -1.399996
v 14.750127 -0.200000 -1.399992
v 14.750127 -0.200000 -2.399992
v 14.750127 0.200000 -2.399992
v 14.750127 0.200000 -1.399992
v 1.750000 0.199998 8.499500
v 2.750000 0.199998 8.499500
v 2.750000 -0.200002 8.499500
v 1.750000 -0.200002 8.499500
v -1.750000 0.199996 11.500500
v -2.750000 0.199996 11.500500
v -2.750000 -0.200004 11.500500
v -1.750000 -0.200004 11.500500
v -9.749876 -0.200001 -1.400005
v -9.749876 -0.200001 -2.400005
v -9.749876 0.199999 -2.400005
v -9.749876 0.199999 -1.400005
v -15.749874 -0.200000 1.399993
v -15.749874 -0.200000 2.399993
v -15.750126 -0.200000 2.399993
v -15.750126 -0.200000 1.399993
v 10.750126 -0.200000 1.400004
v 10.750126 -0.200000 2.400004
v 10.749876 -0.200000 2.400004
v 10.749876 -0.200000 1.400004
v -1.750000 -0.200004 14.499500
v -2.750000 -0.200004 14.499500
v -2.750000 0.199996 14.499500
v -1.750000 0.199996 14.499500
v 1.750000 0.200004 -11.500500
v 1.750000 0.200004 -11.499500
v 2.750000 0.200004 -11.499500
v 2.750000 0.200004 -11.500500
v 1.750000 -0.200002 6.500501
v 2.750000 -0.200002 6.500501
v 2.750000 0.199998 6.500501
v 1.750000 0.199998 6.500501
v 1.750000 -0.200004 10.499500
v 2.750000 -0.200004 10.499500
v 2.750000 -0.200004 10.500502
v 1.750000 -0.200004 10.500502
v 1.750000 -0.200002 8.500502
v 2.750000 -0.200002 8.500502
v 2.750000 0.199998 8.500502
v 1.750000 0.199998 8.500502
v -16.000002 -0.200000 2.399492
v 16.000000 -0.200000 2.399508
v 16.000000 -0.200000 2.400507
v -16.000002 -0.200000 2.400492
v -1.750000 -0.200004 10.500500
v -2.750000 -0.200004 10.500500
v -2.750000 -0.200004 10.499500
v -1.750000 -0.200004 10.499500
v -1.750000 -0.199996 -9.499500
v -2.750000 -0.199996 -9.499500
v -2.750000 -0.199996 -9.500500
v -1.750000 -0.199996 -9.500500
v -16.000002 0.200000 -2.400507
v 16.000000 0.200000 -2.400492
v 16.000000 -0.200000 -2.400492
v -16.000002 -0.200000 -2.400507
v 0.000000 -0.200002 7.500500
v 2.750000 -0.200002 7.500501
v 2.750000 0.199998 7.500501
v 0.000000 0.199998 7.500500
v -16.000002 -0.200000 2.400492
v 16.000000 -0.200000 2.400507
v 16.000000 0.200000 2.400507
v -16.000002 0.200000 2.400492
v 0.000000 -0.199996 -12.500500
v -2.750000 -0.199996 -12.500500
v -2.750000 0.200004 -12.500500
v 0.000000 0.200004 -12.500500
v 12.750126 -0.200000 -0.349995
v 12.750127 -0.200000 2.400006
v 12.749877 -0.200000 2.400006
v 12.749876 -0.200000 -0.349995
v 1.750000 -0.199999 -6.500500
v 2.750000 -0.199999 -6.500500
v 2.750000 -0.199999 -6.499500
v 1.750000 -0.199999 -6.499500
v -4.749876 0.200000 1.399999
v -4.749876 0.200000 2.399999
v -4.749876 -0.200000 2.399999
v -4.749876 -0.200000 1.399999
v 1.750000 0.200004 -14.500500
v 2.750000 0.200004 -14.500500
v 2.750000 -0.199996 -14.500500
v 1.750000 -0.199996 -14.500500
v 7.750125 0.199999 -0.349997
v 7.749875 0.199999 -0.349997
v 7.749876 0.199999 2.400003
v 7.750126 0.199999 2.400003
v 1.750000 0.200004 -11.500500
v 2.750000 0.200004 -11.500500
v 2.750000 -0.199996 -11.500500
v 1.750000 -0.199996 -11.500500
v -1.750000 -0.199996 -14.500500
v -2.750000 -0.199996 -14.500502
v -2.750000 0.200004 -14.500502
v -1.750000 0.200004 -14.500500
v 2.750126 -0.200006 16.000004
v 2.750124 -0.199994 -15.999998
v 2.750124 0.200006 -15.999998
v 2.750126 0.199994 16.000004
v -3.749876 0.200000 1.399999
v -3.749876 0.200000 2.399999
v -3.749876 -0.200000 2.399999
v -3.749876 -0.200000 1.399999
v 0.000000 0.200001 -7.500500
v 2.750000 0.200001 -7.500500
v 2.750000 -0.199999 -7.500500
v 0.000000 -0.199999 -7.500500
v -1.750000 0.199994 15.500499
v -1.750000 0.199994 15.499499
v -2.750000 0.199994 15.499498
v -2.750000 0.199994 15.500499
v -1.750000 0.199996 10.500500
v -1.750000 0.199996 10.499500
v -2.750000 0.199996 10.499500
v -2.750000 0.199996 10.500500
v -2.750000 0.200004 -12.499500
v 0.000000 0.200004 -12.499500
v 0.000000 0.200004 -12.500500
v -2.750000 0.200004 -12.500500
v -3.750126 -0.200000 1.399999
v -3.750126 -0.200000 2.399999
v -3.750126 0.200000 2.399999
v -3.750126 0.200000 1.399999
v -5.750126 -0.200000 1.399998
v -5.750126 -0.200000 2.399998
v -5.750126 0.200000 2.399998
v -5.750126 0.200000 1.399998
v -6.750126 -0.200000 1.399998
v -6.750126 -0.200000 2.399998
v -6.750126 0.200000 2.399998
v -6.750126 0.200000 1.399998
v -8.749876 0.200000 1.399997
v -8.749876 0.200000 2.399997
v -8.749876 -0.200000 2.399997
v -8.749876 -0.200000 1.399997
v 0.000000 0.200004 -12.500502
v 2.750000 0.200004 -12.500500
v 2.750000 -0.199996 -12.500500
v 0.000000 -0.199996 -12.500502
v -5.750126 0.199999 -1.400003
v -5.750126 0.199999 -2.400003
v -5.750126 -0.200001 -2.400003
v -5.750126 -0.200001 -1.400003
v -1.749999 0.200002 -6.499500
v -2.749999 0.200002 -6.499500
v -2.749999 -0.199998 -6.499500
v -1.749999 -0.199998 -6.499500
v 0.000000 -0.199999 -7.500500
v 2.750000 -0.199999 -7.500500
v 2.750000 -0.199999 -7.499500
v 0.000000 -0.199999 -7.499500
v -9.749876 0.200000 1.399996
v -9.749876 0.200000 2.399996
v -9.749876 -0.200000 2.399996
v -9.749876 -0.200000 1.399996
v -7.750124 -0.200000 -0.350003
v -7.750126 -0.200000 2.399997
v -7.750126 0.200000 2.399997
v -7.750124 0.200000 -0.350003
v -8.750126 0.199999 -1.400003
v -8.750126 0.199999 -2.400003
v -8.750126 -0.200001 -2.400003
v -8.750126 -0.200001 -1.400003
v 1.750000 0.200006 -15.500500
v 2.750000 0.200006 -15.500500
v 2.750000 -0.199994 -15.500500
v 1.750000 -0.199994 -15.500500
v -1.750001 -0.200003 4.499500
v -2.750000 -0.200003 4.499500
v -2.750000 0.199997 4.499500
v -1.750001 0.199997 4.499500
v -1.750001 -0.200003 3.499500
v -2.750000 -0.200003 3.499500
v -2.750000 0.199997 3.499500
v -1.750001 0.199997 3.499500
v -10.750127 0.200000 -1.400005
v -10.750127 0.200000 -2.400005
v -10.750127 -0.200000 -2.400005
v -10.750127 -0.200000 -1.400005
v -11.750126 0.200000 -1.400005
v -11.749876 0.200000 -1.400005
v -11.749876 0.200000 -2.400005
v -11.750126 0.200000 -2.400005
v 1.750000 -0.200004 11.499500
v 2.750000 -0.200004 11.499501
v 2.750000 -0.200004 11.500502
v 1.750000 -0.200004 11.500501
v -1.750001 -0.200003 6.499500
v -2.750000 -0.200003 6.499500
v -2.750000 0.199997 6.499500
v -1.750001 0.199997 6.499500
v -1.750000 -0.200003 8.499500
v -2.750000 -0.200003 8.499500
v -2.750000 0.199997 8.499500
v -1.750000 0.199997 8.499500
v 1.750000 -0.200004 9.499500
v 2.750000 -0.200004 9.499500
v 2.750000 -0.200004 9.500502
v 1.750000 -0.200004 9.500502
v -13.750126 0.200000 -1.400007
v -13.750126 0.200000 -2.400007
v -13.750126 -0.200000 -2.400007
v -13.750126 -0.200000 -1.400007
v -1.750000 -0.200004 10.499500
v -2.750000 -0.200004 10.499500
v -2.750000 0.199996 10.499500
v -1.750000 0.199996 10.499500
v -5.750126 -0.200001 -1.400003
v -5.750126 -0.200001 -2.400003
v -5.749876 -0.200001 -2.400003
v -5.749876 -0.200001 -1.400003
v 1.750000 -0.199999 -5.499500
v 2.750000 -0.199999 -5.499500
v 2.750000 0.200001 -5.499500
v 1.750000 0.200001 -5.499500
v -16.000002 0.200000 -2.400507
v -16.000002 0.200000 -2.399508
v 16.000000 0.200000 -2.399492
v 16.000000 0.200000 -2.400492
v 15.750126 0.200000 1.400007
v 15.750126 0.200000 2.400007
v 15.750126 -0.200000 2.400007
v 15.750126 -0.200000 1.400007
v 0.000000 -0.199996 -12.499502
v 2.750000 -0.199996 -12.499500
v 2.750000 0.200004 -12.499500
v 0.000000 0.200004 -12.499502
v 4.749876 0.200000 -1.399996
v 4.750126 0.200000 -1.399996
v 4.750126 0.200000 -2.399996
v 4.749876 0.200000 -2.399996
v 1.750000 -0.199999 -4.499500
v 2.750000 -0.199999 -4.499500
v 2.750000 0.200001 -4.499500
v 1.750000 0.200001 -4.499500
v -14.749874 0.200000 1.399994
v -14.749876 0.200000 2.399994
v -14.749876 -0.200000 2.399994
v -14.749874 -0.200000 1.399994
v -12.749875 0.200000 -0.350006
v -12.750125 0.200000 -0.350006
v -12.750127 0.200000 2.399995
v -12.749877 0.200000 2.399995
v 3.750126 0.199999 1.400002
v 3.750126 0.199999 2.400002
v 3.750126 -0.200001 2.400002
v 3.750126 -0.200001 1.400002
v 1.750000 -0.199997 -9.499500
v 2.750000 -0.199997 -9.499500
v 2.750000 0.200004 -9.499500
v 1.750000 0.200003 -9.499500
v -7.749874 0.200000 -0.350003
v -7.749876 0.200000 2.399997
v -7.749876 -0.200000 2.399997
v -7.749874 -0.200000 -0.350003
v -1.750000 0.200004 -10.499500
v -2.750000 0.200004 -10.499500
v -2.750000 -0.199996 -10.499500
v -1.750000 -0.199996 -10.499500
v 5.750126 0.199999 1.400002
v 5.750126 0.199999 2.400002
v 5.750126 -0.200001 2.400002
v 5.750126 -0.200001 1.400002
v 1.750000 -0.199996 -13.499500
v 2.750000 -0.199996 -13.499500
v 2.750000 0.200004 -13.499500
v 1.750000 0.200004 -13.499500
v -1.750000 0.200004 -14.499500
v -2.750000 0.200004 -14.499502
v -2.750000 -0.199996 -14.499502
v -1.750000 -0.199996 -14.499500
v 6.750126 0.199999 1.400002
v 6.750126 0.199999 2.400002
v 6.750126 -0.200001 2.400002
v 6.750126 -0.200001 1.400002
v 8.750126 0.199999 1.400003
v 8.750126 0.199999 2.400003
v 8.750126 -0.200001 2.400003
v 8.750126 -0.200001 1.400003
v -15.749874 -0.200000 -1.400007
v -15.749874 -0.200000 -2.400007
v -15.749874 0.200000 -2.400007
v -15.749874 0.200000 -1.400007
v 0.000000 0.199996 12.500500
v -2.750000 0.199996 12.500501
v -2.750000 -0.200004 12.500501
v 0.000000 -0.200004 12.500500
v -12.749875 -0.200000 0.349994
v -12.749877 -0.200000 -2.400005
v -12.749877 0.200000 -2.400005
v -12.749875 0.200000 0.349994
v -6.749876 -0.200001 -1.400003
v -6.749876 -0.200001 -2.400003
v -6.749876 0.199999 -2.400003
v -6.749876 0.199999 -1.400003
v 11.750126 0.200000 1.400005
v 11.750126 0.200000 2.400005
v 11.750126 -0.200000 2.400005
v 11.750126 -0.200000 1.400005
v 9.750126 0.199999 1.400004
v 9.750126 0.199999 2.400004
v 9.750126 -0.200001 2.400004
v 9.750126 -0.200001 1.400004
v 14.750127 0.200000 1.400007
v 14.750127 0.200000 2.400006
v 14.750127 -0.200000 2.400006
v 14.750127 -0.200000 1.400007
v -7.749874 -0.200001 0.349997
v -7.749876 -0.200001 -2.400003
v -7.749876 0.199999 -2.400003
v -7.749874 0.199999 0.349997
v 15.749876 -0.200000 1.400007
v 15.749876 -0.200000 2.400007
v 15.749876 0.200000 2.400007
v 15.749876 0.200000 1.400007
v 15.749876 0.200000 -1.399992
v 15.749876 0.200000 -2.399992
v 15.749876 -0.200000 -2.399992
v 15.749876 -0.200000 -1.399992
v 12.749876 -0.200000 -0.349995
v 12.749877 -0.200000 2.400006
v 12.749877 0.200000 2.400006
v 12.749876 0.200000 -0.349995
v 4.749876 0.200000 -1.399996
v 4.749876 0.200000 -2.399996
v 4.749876 -0.200000 -2.399996
v 4.749876 -0.200000 -1.399996
v -1.750001 0.199997 6.500500
v -2.750000 0.199997 6.500500
v -2.750000 -0.200003 6.500500
v -1.750001 -0.200003 6.500500
v 3.749876 -0.200000 -1.399998
v 3.749876 -0.200000 -2.399998
v 3.750126 -0.200000 -2.399998
v 3.750126 -0.200000 -1.399998
v 11.749876 -0.200000 1.400005
v 11.749876 -0.200000 2.400005
v 11.749876 0.200000 2.400005
v 11.749876 0.200000 1.400005
v 5.749876 0.200000 -1.399996
v 5.749876 0.200000 -2.399996
v 5.749876 -0.200000 -2.399996
v 5.749876 -0.200000 -1.399996
v 6.749876 0.200000 -1.399996
v 6.749876 0.200000 -2.399996
v 6.749876 -0.200000 -2.399996
v 6.749876 -0.200000 -1.399996
v -1.749999 -0.199998 -5.500500
v -2.749999 -0.199998 -5.500500
v -2.749999 0.200002 -5.500500
v -1.749999 0.200002 -5.500500
v 7.749875 -0.200001 -0.349997
v 7.749876 -0.200001 2.400003
v 7.749876 0.199999 2.400003
v 7.749875 0.199999 -0.349997
v 15.750126 -0.200000 -1.399992
v 15.750126 -0.200000 -2.399992
v 15.750126 0.200000 -2.399992
v 15.750126 0.200000 -1.399992
v -1.750000 0.199995 9.500500
v -2.750000 0.199995 9.500500
v -2.750000 -0.200005 9.500500
v -1.750000 -0.200005 9.500500
v 3.750126 -0.200000 -1.399998
v 3.750126 -0.200000 -2.399998
v 3.750126 0.200000 -2.399998
v 3.750126 0.200000 -1.399998
v -1.750000 0.199996 10.500500
v -2.750000 0.199996 10.500500
v -2.750000 -0.200004 10.500500
v -1.750000 -0.200004 10.500500
v 10.749876 0.200000 -1.399994
v 10.749876 0.200000 -2.399994
v 10.749876 -0.200000 -2.399994
v 10.749876 -0.200000 -1.399994
v 9.750126 -0.200000 -1.399994
v 9.750126 -0.200000 -2.399994
v 9.750126 0.200000 -2.399994
v 9.750126 0.200000 -1.399994
v 13.749876 0.200000 -1.399992
v 13.749876 0.200000 -2.399992
v 13.749876 -0.200000 -2.399992
v 13.749876 -0.200000 -1.399992
v 2.749876 0.199994 16.000004
v 2.749874 0.200006 -15.999998
v 2.749874 -0.199994 -15.999998
v 2.749876 -0.200006 16.000004
v 11.750126 -0.200000 -1.399994
v 11.750126 -0.200000 -2.399994
v 11.750126 0.200000 -2.399994
v 11.750126 0.200000 -1.399994
v 14.749877 0.200000 -1.399992
v 14.749877 0.200000 -2.399992
v 14.749877 -0.200000 -2.399992
v 14.749877 -0.200000 -1.399992
v 13.750126 -0.200000 -1.399992
v 13.750126 -0.200000 -2.399992
v 13.750126 0.200000 -2.399992
v 13.750126 0.200000 -1.399992
v 7.749875 0.200000 0.350004
v 7.749876 0.200000 -2.399996
v 7.749876 -0.200000 -2.399996
v 7.749875 -0.200000 0.350004
v -1.750000 0.199996 13.500500
v -2.750000 0.199996 13.500500
v -2.750000 -0.200004 13.500500
v -1.750000 -0.200004 13.500500
v -0.000001 0.199997 7.500500
v -0.000001 -0.200003 7.500500
v -0.000001 -0.200003 7.499500
v -0.000001 0.199997 7.499500
v -2.750000 -0.200004 12.500501
v -2.750000 0.199996 12.500501
v -2.750000 0.199996 12.499500
v -2.750000 -0.200004 12.499500
v 7.750125 -0.200000 0.350004
v 7.750126 -0.200000 -2.399996
v 7.750126 0.200000 -2.399996
v 7.750125 0.200000 0.350004
v 1.750000 0.199998 3.499501
v 2.750000 0.199998 3.499501
v 2.750000 -0.200002 3.499501
v 1.750000 -0.200002 3.499501
v 1.750000 0.200003 -9.500500
v 1.750000 -0.199997 -9.500500
v 1.750000 -0.199997 -9.499500
v 1.750000 0.200003 -9.499500
v 1.750000 0.199994 15.499500
v 1.750000 -0.200006 15.499500
v 1.750000 -0.200006 15.500500
v 1.750000 0.199994 15.500500
v 4.749876 -0.200000 -2.399996
v 4.749876 0.200000 -2.399996
v 4.750126 0.200000 -2.399996
v 4.750126 -0.200000 -2.399996
v 13.750126 -0.200000 1.400006
v 13.750126 -0.200000 2.400006
v 13.749876 -0.200000 2.400006
v 13.749876 -0.200000 1.400006
v 15.750126 -0.200000 2.400007
v 15.750126 0.200000 2.400007
v 15.749876 0.200000 2.400007
v 15.749876 -0.200000 2.400007
v 10.750126 0.200000 1.400004
v 10.749876 0.200000 1.400004
v 10.749876 0.200000 2.400004
v 10.750126 0.200000 2.400004
v 1.750000 0.199998 6.499501
v 1.750000 0.199998 6.500501
v 2.750000 0.199998 6.500501
v 2.750000 0.199998 6.499501
v -1.749999 -0.199998 -5.499500
v -2.749999 -0.199998 -5.499500
v -2.749999 -0.199998 -5.500500
v -1.749999 -0.199998 -5.500500
v -1.750001 0.199997 5.500500
v -1.750001 0.199997 5.499500
v -2.750000 0.199997 5.499500
v -2.750000 0.199997 5.500500
v 9.750126 -0.200001 2.400004
v 9.750126 0.199999 2.400004
v 9.749876 0.199999 2.400004
v 9.749876 -0.200001 2.400004
v 9.749876 0.200000 -1.399994
v 9.750126 0.200000 -1.399994
v 9.750126 0.200000 -2.399994
v 9.749876 0.200000 -2.399994
v -9.749876 -0.200000 1.399996
v -9.749876 -0.200000 2.399996
v -9.750127 -0.200000 2.399996
v -9.750127 -0.200000 1.399996
v -1.750001 0.199997 4.500500
v -1.750001 -0.200003 4.500500
v -1.750001 -0.200003 4.499500
v -1.750001 0.199997 4.499500
v -1.750000 0.200004 -9.499500
v -1.750000 0.200004 -9.500500
v -2.750000 0.200004 -9.500500
v -2.750000 0.200004 -9.499500
v 9.749876 -0.200000 -1.399994
v 9.749876 -0.200000 -2.399994
v 9.750126 -0.200000 -2.399994
v 9.750126 -0.200000 -1.399994
v -2.750000 -0.199996 -14.499502
v -2.750000 0.200004 -14.499502
v -2.750000 0.200004 -14.500502
v -2.750000 -0.199996 -14.500502
v 1.750000 0.200001 -5.500500
v 2.750000 0.200001 -5.500500
v 2.750000 -0.199999 -5.500500
v 1.750000 -0.199999 -5.500500
v 3.749876 0.200000 -1.399998
v 3.749876 -0.200000 -1.399998
v 3.750126 -0.200000 -1.399998
v 3.750126 0.200000 -1.399998
v -1.750000 0.199995 9.500500
v -1.750000 0.199995 9.499500
v -2.750000 0.199995 9.499500
v -2.750000 0.199995 9.500500
v -1.750000 0.199996 14.500500
v -2.750000 0.199996 14.500500
v -2.750000 -0.200004 14.500500
v -1.750000 -0.200004 14.500500
v 12.750126 0.200000 -0.349995
v 12.750127 0.200000 2.400006
v 12.750127 -0.200000 2.400006
v 12.750126 -0.200000 -0.349995
v -5.750126 0.199999 -1.400003
v -5.750126 -0.200001 -1.400003
v -5.749876 -0.200001 -1.400003
v -5.749876 0.199999 -1.400003
v -5.749876 -0.200000 2.399998
v -5.749876 0.200000 2.399998
v -5.750126 0.200000 2.399998
v -5.750126 -0.200000 2.399998
v 1.750000 -0.199996 -11.499500
v 2.750000 -0.199996 -11.499500
v 2.750000 0.200004 -11.499500
v 1.750000 0.200004 -11.499500
v 14.749877 0.200000 -1.399992
v 14.750127 0.200000 -1.399992
v 14.750127 0.200000 -2.399992
v 14.749877 0.200000 -2.399992
v 10.750126 0.200000 1.400004
v 10.750126 -0.200000 1.400004
v 10.749876 -0.200000 1.400004
v 10.749876 0.200000 1.400004
v -0.000001 -0.200003 7.499500
v -2.750000 -0.200003 7.499500
v -2.750000 0.199997 7.499500
v -0.000001 0.199997 7.499500
v 4.749876 -0.200000 -1.399996
v 4.749876 -0.200000 -2.399996
v 4.750126 -0.200000 -2.399996
v 4.750126 -0.200000 -1.399996
v -10.750127 -0.200000 -1.400005
v -10.750127 -0.200000 -2.400005
v -10.749877 -0.200000 -2.400005
v -10.749877 -0.200000 -1.400005
v 1.750000 0.199996 13.499500
v 2.750000 0.199996 13.499501
v 2.750000 -0.200004 13.499501
v 1.750000 -0.200004 13.499500
v -15.750126 -0.200000 -2.400007
v -15.750126 0.200000 -2.400007
v -15.749874 0.200000 -2.400007
v -15.749874 -0.200000 -2.400007
v 1.750000 -0.199999 -4.500500
v 2.750000 -0.199999 -4.500500
v 2.750000 -0.199999 -4.499500
v 1.750000 -0.199999 -4.499500
v 2.750000 0.199998 5.499501
v 1.750000 0.199998 5.499501
v 1.750000 0.199998 5.500501
v 2.750000 0.199998 5.500501
v -7.749876 -0.200000 2.399997
v -7.749876 0.200000 2.399997
v -7.750126 0.200000 2.399997
v -7.750126 -0.200000 2.399997
v 1.750000 0.200004 -11.500500
v 1.750000 -0.199996 -11.500500
v 1.750000 -0.199996 -11.499500
v 1.750000 0.200004 -11.499500
v -14.750126 -0.200000 -1.400007
v -14.750128 -0.200000 -2.400007
v -14.749876 -0.200000 -2.400007
v -14.749874 -0.200000 -1.400007
v 8.749876 -0.200000 -1.399996
v 8.749876 -0.200000 -2.399996
v 8.750126 -0.200000 -2.399996
v 8.750126 -0.200000 -1.399996
v -8.750126 0.199999 -1.400003
v -8.749876 0.199999 -1.400003
v -8.749876 0.199999 -2.400003
v -8.750126 0.199999 -2.400003
v -6.749876 0.200000 1.399998
v -6.750126 0.200000 1.399998
v -6.750126 0.200000 2.399998
v -6.749876 0.200000 2.399998
v -8.750126 0.199999 -1.400003
v -8.750126 -0.200001 -1.400003
v -8.749876 -0.200001 -1.400003
v -8.749876 0.199999 -1.400003
v -16.000002 -0.200000 -2.399508
v 16.000000 -0.200000 -2.399492
v 16.000000 0.200000 -2.399492
v -16.000002 0.200000 -2.399508
v 12.750126 0.200000 -0.349995
v 12.750126 -0.200000 -0.349995
v 12.749876 -0.200000 -0.349995
v 12.749876 0.200000 -0.349995
v -1.750000 0.200004 -13.499500
v -1.750000 0.200004 -13.500500
v -2.750000 0.200004 -13.500502
v -2.750000 0.200004 -13.499502
v 10.750126 -0.200000 2.400004
v 10.750126 0.200000 2.400004
v 10.749876 0.200000 2.400004
v 10.749876 -0.200000 2.400004
v 2.750000 0.200004 -12.500500
v 0.000000 0.200004 -12.500502
v 0.000000 0.200004 -12.499502
v 2.750000 0.200004 -12.499500
v 3.750126 -0.200001 2.400002
v 3.750126 0.199999 2.400002
v 3.749876 0.199999 2.400002
v 3.749876 -0.200001 2.400002
v -16.000002 -0.200000 -2.400507
v 16.000000 -0.200000 -2.400492
v 16.000000 -0.200000 -2.399492
v -16.000002 -0.200000 -2.399508
v 3.750126 -0.200001 1.400002
v 3.750126 -0.200001 2.400002
v 3.749876 -0.200001 2.400002
v 3.749876 -0.200001 1.400002
v -6.749876 -0.200000 1.399998
v -6.749876 -0.200000 2.399998
v -6.750126 -0.200000 2.399998
v -6.750126 -0.200000 1.399998
v -6.750126 -0.200001 -2.400003
v -6.750126 0.199999 -2.400003
v -6.749876 0.199999 -2.400003
v -6.749876 -0.200001 -2.400003
v -1.750000 -0.200004 13.499500
v -2.750000 -0.200004 13.499500
v -2.750000 0.199996 13.499500
v -1.750000 0.199996 13.499500
v 0.000001 0.200002 -7.499500
v 0.000001 -0.199998 -7.499500
v 0.000001 -0.199998 -7.500500
v 0.000001 0.200002 -7.500500
v -1.750001 -0.200003 5.500500
v -2.750000 -0.200003 5.500500
v -2.750000 -0.200003 5.499500
v -1.750001 -0.200003 5.499500
v -1.750000 -0.200005 9.500500
v -2.750000 -0.200005 9.500500
v -2.750000 -0.200005 9.499500
v -1.750000 -0.200005 9.499500
v 0.000000 0.199998 7.499500
v 0.000000 0.199998 7.500500
v 2.750000 0.199998 7.500501
v 2.750000 0.199998 7.499501
v -6.749876 0.200000 1.399998
v -6.749876 -0.200000 1.399998
v -6.750126 -0.200000 1.399998
v -6.750126 0.200000 1.399998
v 11.750126 0.200000 1.400005
v 11.749876 0.200000 1.400005
v 11.749876 0.200000 2.400005
v 11.750126 0.200000 2.400005
v -2.750000 -0.199996 -12.499500
v -2.750000 0.200004 -12.499500
v -2.750000 0.200004 -12.500500
v -2.750000 -0.199996 -12.500500
v -0.000001 0.199997 7.500500
v -0.000001 0.199997 7.499500
v -2.750000 0.199997 7.499500
v -2.750000 0.199997 7.500500
v 15.750126 0.200000 1.400007
v 15.749876 0.200000 1.400007
v 15.749876 0.200000 2.400007
v 15.750126 0.200000 2.400007
v 1.750000 -0.200002 3.500501
v 2.750000 -0.200002 3.500501
v 2.750000 0.199998 3.500501
v 1.750000 0.199998 3.500501
v -0.000001 0.199997 7.500500
v -2.750000 0.199997 7.500500
v -2.750000 -0.200003 7.500500
v -0.000001 -0.200003 7.500500
v -6.749876 0.200000 1.399998
v -6.749876 0.200000 2.399998
v -6.749876 -0.200000 2.399998
v -6.749876 -0.200000 1.399998
v -1.750001 -0.200003 5.499500
v -2.750000 -0.200003 5.499500
v -2.750000 0.199997 5.499500
v -1.750001 0.199997 5.499500
v 1.750000 0.199994 15.499500
v 1.750000 0.199994 15.500500
v 2.750000 0.199994 15.500500
v 2.750000 0.199994 15.499500
v -1.750000 0.199996 11.500500
v -1.750000 0.199996 11.499500
v -2.750000 0.199996 11.499500
v -2.750000 0.199996 11.500500
v -1.749999 0.200002 -4.499500
v -1.749999 -0.199998 -4.499500
v -1.749999 -0.199998 -4.500500
v -1.749999 0.200002 -4.500500
v -9.749876 -0.200000 2.399996
v -9.749876 0.200000 2.399996
v -9.750127 0.200000 2.399996
v -9.750127 -0.200000 2.399996
v 0.000001 -0.199998 -7.499500
v -2.750000 -0.199998 -7.499500
v -2.750000 -0.199998 -7.500500
v 0.000001 -0.199998 -7.500500
v 1.750000 0.199996 9.499500
v 1.750000 0.199996 9.500502
v 2.750000 0.199996 9.500502
v 2.750000 0.199996 9.499500
v 2.750000 -0.200002 5.499501
v 2.750000 0.199998 5.499501
v 2.750000 0.199998 5.500501
v 2.750000 -0.200002 5.500501
v -16.000002 0.200000 2.399492
v 16.000000 0.200000 2.399508
v 16.000000 -0.200000 2.399508
v -16.000002 -0.200000 2.399492
v 2.750000 -0.199996 -12.500500
v 2.750000 0.200004 -12.500500
v 2.750000 0.200004 -12.499500
v 2.750000 -0.199996 -12.499500
v -9.750127 0.199999 -1.400005
v -9.750127 0.199999 -2.400005
v -9.750127 -0.200001 -2.400005
v -9.750127 -0.200001 -1.400005
v -10.750127 -0.200000 -2.400005
v -10.750127 0.200000 -2.400005
v -10.749877 0.200000 -2.400005
v -10.749877 -0.200000 -2.400005
v -2.750124 0.199994 16.000000
v -2.750125 0.200006 -16.000002
v -2.750125 -0.199994 -16.000002
v -2.750124 -0.200006 16.000000
v -3.749876 -0.200000 1.399999
v -3.749876 -0.200000 2.399999
v -3.750126 -0.200000 2.399999
v -3.750126 -0.200000 1.399999
v -2.750124 -0.200006 16.000000
v -2.750125 -0.199994 -16.000002
v -2.749876 -0.199994 -16.000002
v -2.749875 -0.200006 16.000000
v -2.750000 -0.200003 8.500501
v -2.750000 0.199997 8.500501
v -2.750000 0.199997 8.499500
v -2.750000 -0.200003 8.499500
v -3.749876 0.200000 1.399999
v -3.750126 0.200000 1.399999
v -3.750126 0.200000 2.399999
v -3.749876 0.200000 2.399999
v 1.750000 0.199998 6.499501
v 1.750000 -0.200002 6.499501
v 1.750000 -0.200002 6.500501
v 1.750000 0.199998 6.500501
v -1.750000 0.200002 -8.499500
v -1.750000 0.200002 -8.500500
v -2.750000 0.200002 -8.500500
v -2.750000 0.200002 -8.499500
v 1.750000 0.200001 -4.500500
v 1.750000 -0.199999 -4.500500
v 1.750000 -0.199999 -4.499500
v 1.750000 0.200001 -4.499500
v 0.000000 -0.200002 7.499500
v 2.750000 -0.200002 7.499501
v 2.750000 -0.200002 7.500501
v 0.000000 -0.200002 7.500500
v 1.750000 -0.200002 5.500501
v 2.750000 -0.200002 5.500501
v 2.750000 0.199998 5.500501
v 1.750000 0.199998 5.500501
v 7.749875 0.200000 0.350004
v 7.749875 -0.200000 0.350004
v 7.750125 -0.200000 0.350004
v 7.750125 0.200000 0.350004
v -10.749877 0.200000 1.399996
v -10.750127 0.200000 1.399996
v -10.750127 0.200000 2.399996
v -10.749877 0.200000 2.399996
v -11.750126 0.200000 -1.400005
v -11.750126 0.200000 -2.400005
v -11.750126 -0.200000 -2.400005
v -11.750126 -0.200000 -1.400005
v 1.750000 -0.200002 5.499501
v 2.750000 -0.200002 5.499501
v 2.750000 -0.200002 5.500501
v 1.750000 -0.200002 5.500501
v 1.750000 0.199998 4.499501
v 1.750000 0.199998 4.500501
v 2.750000 0.199998 4.500501
v 2.750000 0.199998 4.499501
v -1.750000 0.199995 9.500500
v -1.750000 -0.200005 9.500500
v -1.750000 -0.200005 9.499500
v -1.750000 0.199995 9.499500
v -7.749874 -0.200000 -0.350003
v -7.749876 -0.200000 2.399997
v -7.750126 -0.200000 2.399997
v -7.750124 -0.200000 -0.350003
v 16.000000 -0.200000 -2.400492
v 16.000000 0.200000 -2.400492
v 16.000000 0.200000 -2.399492
v 16.000000 -0.200000 -2.399492
v 14.750127 -0.200000 1.400007
v 14.750127 -0.200000 2.400006
v 14.749877 -0.200000 2.400006
v 14.749877 -0.200000 1.400007
v 6.749876 -0.200000 -2.399996
v 6.749876 0.200000 -2.399996
v 6.750126 0.200000 -2.399996
v 6.750126 -0.200000 -2.399996
v -1.750000 -0.199998 -8.499500
v -2.750000 -0.199998 -8.499500
v -2.750000 -0.199998 -8.500500
v -1.750000 -0.199998 -8.500500
v -1.749999 0.200002 -5.499500
v -1.749999 0.200002 -5.500500
v -2.749999 0.200002 -5.500500
v -2.749999 0.200002 -5.499500
v 10.749876 0.200000 -1.399994
v 10.750126 0.200000 -1.399994
v 10.750126 0.200000 -2.399994
v 10.749876 0.200000 -2.399994
v -13.750126 -0.200000 1.399994
v -13.750126 -0.200000 2.399994
v -13.750126 0.200000 2.399994
v -13.750126 0.200000 1.399994
v -12.750125 0.200000 0.349994
v -12.750125 -0.200000 0.349994
v -12.749875 -0.200000 0.349994
v -12.749875 0.200000 0.349994
v 11.750126 -0.200000 1.400005
v 11.750126 -0.200000 2.400005
v 11.749876 -0.200000 2.400005
v 11.749876 -0.200000 1.400005
v -14.750126 0.200000 -1.400007
v -14.749874 0.200000 -1.400007
v -14.749876 0.200000 -2.400007
v -14.750128 0.200000 -2.400007
v 15.750126 -0.200000 1.400007
v 15.750126 -0.200000 2.400007
v 15.749876 -0.200000 2.400007
v 15.749876 -0.200000 1.400007
v 5.749876 0.200000 -1.399996
v 5.750126 0.200000 -1.399996
v 5.750126 0.200000 -2.399996
v 5.749876 0.200000 -2.399996
v 8.749876 0.200000 -1.399996
v 8.749876 -0.200000 -1.399996
v 8.750126 -0.200000 -1.399996
v 8.750126 0.200000 -1.399996
v -11.750126 0.200000 -1.400005
v -11.750126 -0.200000 -1.400005
v -11.749876 -0.200000 -1.400005
v -11.749876 0.200000 -1.400005
v -13.749876 0.200000 1.399994
v -13.750126 0.200000 1.399994
v -13.750126 0.200000 2.399994
v -13.749876 0.200000 2.399994
v 4.750126 0.199999 1.400002
v 4.749876 0.199999 1.400002
v 4.749876 0.199999 2.400002
v 4.750126 0.199999 2.400002
v 13.749876 -0.200000 -1.399992
v 13.749876 -0.200000 -2.399992
v 13.750126 -0.200000 -2.399992
v 13.750126 -0.200000 -1.399992
v 4.750126 -0.200001 2.400002
v 4.750126 0.199999 2.400002
v 4.749876 0.199999 2.400002
v 4.749876 -0.200001 2.400002
v 12.750126 -0.200000 0.350007
v 12.750127 -0.200000 -2.399994
v 12.750127 0.200000 -2.399994
v 12.750126 0.200000 0.350007
v 11.750126 0.200000 1.400005
v 11.750126 -0.200000 1.400005
v 11.749876 -0.200000 1.400005
v 11.749876 0.200000 1.400005
v 1.750000 0.199996 10.499500
v 1.750000 0.199996 10.500502
v 2.750000 0.199996 10.500502
v 2.750000 0.199996 10.499500
v -6.750126 0.199999 -1.400003
v -6.749876 0.199999 -1.400003
v -6.749876 0.199999 -2.400003
v -6.750126 0.199999 -2.400003
v -6.750126 -0.200001 -1.400003
v -6.750126 -0.200001 -2.400003
v -6.749876 -0.200001 -2.400003
v -6.749876 -0.200001 -1.400003
v 3.750126 0.199999 1.400002
v 3.750126 -0.200001 1.400002
v 3.749876 -0.200001 1.400002
v 3.749876 0.199999 1.400002
v -15.749874 0.200000 1.399993
v -15.749874 -0.200000 1.399993
v -15.750126 -0.200000 1.399993
v -15.750126 0.200000 1.399993
v 1.750000 -0.199999 -3.500500
v 2.750000 -0.199999 -3.500500
v 2.750000 -0.199999 -3.499500
v 1.750000 -0.199999 -3.499500
v 11.750126 -0.200000 2.400005
v 11.750126 0.200000 2.400005
v 11.749876 0.200000 2.400005
v 11.749876 -0.200000 2.400005
v -1.750000 0.200004 -11.499500
v -1.750000 -0.199996 -11.499500
v -1.750000 -0.199996 -11.500500
v -1.750000 0.200004 -11.500500
v -8.750126 -0.200001 -2.400003
v -8.750126 0.199999 -2.400003
v -8.749876 0.199999 -2.400003
v -8.749876 -0.200001 -2.400003
v -2.749999 -0.199998 -5.499500
v -2.749999 0.200002 -5.499500
v -2.749999 0.200002 -5.500500
v -2.749999 -0.199998 -5.500500
v 2.749874 -0.199994 -15.999998
v 2.749874 0.200006 -15.999998
v 2.750124 0.200006 -15.999998
v 2.750124 -0.199994 -15.999998
v -10.749877 0.200000 1.399996
v -10.749877 -0.200000 1.399996
v -10.750127 -0.200000 1.399996
v -10.750127 0.200000 1.399996
v -12.750125 -0.200000 0.349994
v -12.750127 -0.200000 -2.400005
v -12.749877 -0.200000 -2.400005
v -12.749875 -0.200000 0.349994
v -2.750000 -0.199996 -10.499500
v -2.750000 0.200004 -10.499500
v -2.750000 0.200004 -10.500500
v -2.750000 -0.199996 -10.500500
v -3.750126 0.199999 -1.400002
v -3.749876 0.199999 -1.400002
v -3.749876 0.199999 -2.400002
v -3.750126 0.199999 -2.400002
v 1.750000 0.200004 -10.500500
v 1.750000 0.200004 -10.499500
v 2.750000 0.200004 -10.499500
v 2.750000 0.200004 -10.500500
v 2.750000 -0.200004 11.499501
v 2.750000 0.199996 11.499501
v 2.750000 0.199996 11.500502
v 2.750000 -0.200004 11.500502
v -1.749999 0.200002 -6.499500
v -1.749999 -0.199998 -6.499500
v -1.749999 -0.199998 -6.500500
v -1.749999 0.200002 -6.500500
v -2.750000 -0.200005 9.500500
v -2.750000 0.199995 9.500500
v -2.750000 0.199995 9.499500
v -2.750000 -0.200005 9.499500
v 2.750000 -0.200004 12.499502
v 2.750000 0.199996 12.499502
v 2.750000 0.199996 12.500502
v 2.750000 -0.200004 12.500502
v -1.750000 0.200004 -11.499500
v -1.750000 0.200004 -11.500500
v -2.750000 0.200004 -11.500502
v -2.750000 0.200004 -11.499502
v 1.750000 -0.200004 11.500501
v 2.750000 -0.200004 11.500502
v 2.750000 0.199996 11.500502
v 1.750000 0.199996 11.500501
v 7.750125 -0.200001 -0.349997
v 7.750126 -0.200001 2.400003
v 7.749876 -0.200001 2.400003
v 7.749875 -0.200001 -0.349997
v 1.750000 0.200004 -14.500500
v 1.750000 0.200004 -14.499500
v 2.750000 0.200004 -14.499500
v 2.750000 0.200004 -14.500500
v 1.750000 0.199996 13.499500
v 1.750000 -0.200004 13.499500
v 1.750000 -0.200004 13.500501
v 1.750000 0.199996 13.500501
v 2.750000 -0.199996 -13.500500
v 2.750000 0.200004 -13.500500
v 2.750000 0.200004 -13.499500
v 2.750000 -0.199996 -13.499500
v 1.750000 0.199998 4.499501
v 1.750000 -0.200002 4.499501
v 1.750000 -0.200002 4.500501
v 1.750000 0.199998 4.500501
v 2.750000 -0.199999 -5.500500
v 2.750000 0.200001 -5.500500
v 2.750000 0.200001 -5.499500
v 2.750000 -0.199999 -5.499500
v 5.749876 -0.200000 -2.399996
v 5.749876 0.200000 -2.399996
v 5.750126 0.200000 -2.399996
v 5.750126 -0.200000 -2.399996
v 2.750000 -0.200004 14.499501
v 2.750000 0.199996 14.499501
v 2.750000 0.199996 14.500502
v 2.750000 -0.200004 14.500502
v -12.750125 -0.200000 -0.350006
v -12.750127 -0.200000 2.399995
v -12.750127 0.200000 2.399995
v -12.750125 0.200000 -0.350006
v 1.750000 0.200001 -6.500500
v 1.750000 -0.199999 -6.500500
v 1.750000 -0.199999 -6.499500
v 1.750000 0.200001 -6.499500
v -1.750001 0.199997 3.500500
v -1.750001 0.199997 3.499500
v -2.750000 0.199997 3.499500
v -2.750000 0.199997 3.500500
v -5.749876 0.200000 1.399998
v -5.750126 0.200000 1.399998
v -5.750126 0.200000 2.399998
v -5.749876 0.200000 2.399998
v 6.749876 0.200000 -1.399996
v 6.749876 -0.200000 -1.399996
v 6.750126 -0.200000 -1.399996
v 6.750126 0.200000 -1.399996
v 13.750126 0.200000 1.400006
v 13.750126 -0.200000 1.400006
v 13.749876 -0.200000 1.400006
v 13.749876 0.200000 1.400006
v -1.750000 -0.200006 15.499499
v -2.750000 -0.200006 15.499499
v -2.750000 0.199994 15.499498
v -1.750000 0.199994 15.499499
v -1.750000 0.199996 10.500500
v -1.750000 -0.200004 10.500500
v -1.750000 -0.200004 10.499500
v -1.750000 0.199996 10.499500
v -0.000001 -0.200003 7.500500
v -2.750000 -0.200003 7.500500
v -2.750000 -0.200003 7.499500
v -0.000001 -0.200003 7.499500
v -1.750000 0.199994 15.500499
v -1.750000 -0.200006 15.500500
v -1.750000 -0.200006 15.499499
v -1.750000 0.199994 15.499499
v 14.750127 0.200000 1.400007
v 14.749877 0.200000 1.400007
v 14.749877 0.200000 2.400006
v 14.750127 0.200000 2.400006
v 2.750000 -0.199999 -3.500500
v 2.750000 0.200001 -3.500500
v 2.750000 0.200001 -3.499500
v 2.750000 -0.199999 -3.499500
v 1.750000 0.200004 -14.500500
v 1.750000 -0.199996 -14.500500
v 1.750000 -0.199996 -14.499500
v 1.750000 0.200004 -14.499500
v -9.750127 -0.200001 -2.400005
v -9.750127 0.199999 -2.400005
v -9.749876 0.199999 -2.400005
v -9.749876 -0.200001 -2.400005
v 1.750000 -0.200004 14.500501
v 2.750000 -0.200004 14.500502
v 2.750000 0.199996 14.500502
v 1.750000 0.199996 14.500501
v -10.750127 0.200000 -1.400005
v -10.750127 -0.200000 -1.400005
v -10.749877 -0.200000 -1.400005
v -10.749877 0.200000 -1.400005
v -2.750124 0.199994 16.000000
v -2.750124 -0.200006 16.000000
v -2.749875 -0.200006 16.000000
v -2.749875 0.199994 16.000000
v 1.750000 -0.199999 -8.499500
v 2.750000 -0.199999 -8.499500
v 2.750000 0.200001 -8.499500
v 1.750000 0.200001 -8.499500
v -8.750126 -0.200001 -1.400003
v -8.750126 -0.200001 -2.400003
v -8.749876 -0.200001 -2.400003
v -8.749876 -0.200001 -1.400003
v 2.750000 -0.200002 4.499501
v 2.750000 0.199998 4.499501
v 2.750000 0.199998 4.500501
v 2.750000 -0.200002 4.500501
v -1.750000 -0.199994 -15.500500
v -2.750000 -0.199994 -15.500500
v -2.750000 0.200006 -15.500500
v -1.750000 0.200006 -15.500500
v -8.749876 -0.200000 2.399997
v -8.749876 0.200000 2.399997
v -8.750126 0.200000 2.399997
v -8.750126 -0.200000 2.399997
v 0.000000 0.200001 -7.500500
v 0.000000 0.200001 -7.499500
v 2.750000 0.200001 -7.499500
v 2.750000 0.200001 -7.500500
v 2.750000 -0.200002 7.499501
v 2.750000 0.199998 7.499501
v 2.750000 0.199998 7.500501
v 2.750000 -0.200002 7.500501
v -2.750125 -0.199994 -16.000002
v -2.750125 0.200006 -16.000002
v -2.749876 0.200006 -16.000002
v -2.749876 -0.199994 -16.000002
v -1.749999 0.200002 -6.499500
v -1.749999 0.200002 -6.500500
v -2.749999 0.200002 -6.500500
v -2.749999 0.200002 -6.499500
v -9.749876 0.200000 1.399996
v -9.749876 -0.200000 1.399996
v -9.750127 -0.200000 1.399996
v -9.750127 0.200000 1.399996
v -1.750000 -0.200004 14.500500
v -2.750000 -0.200004 14.500500
v -2.750000 -0.200004 14.499500
v -1.750000 -0.200004 14.499500
v -2.750000 -0.199996 -9.499500
v -2.750000 0.200004 -9.499500
v -2.750000 0.200004 -9.500500
v -2.750000 -0.199996 -9.500500
v -1.750000 0.200006 -15.499500
v -1.750000 -0.199994 -15.499500
v -1.750000 -0.199994 -15.500500
v -1.750000 0.200006 -15.500500
v -4.749876 -0.200000 1.399999
v -4.749876 -0.200000 2.399999
v -4.750125 -0.200000 2.399999
v -4.750126 -0.200000 1.399999
v -2.750000 -0.200004 10.500500
v -2.750000 0.199996 10.500500
v -2.750000 0.199996 10.499500
v -2.750000 -0.200004 10.499500
v -1.750000 0.200004 -10.499500
v -1.750000 -0.199996 -10.499500
v -1.750000 -0.199996 -10.500500
v -1.750000 0.200004 -10.500500
v 1.750000 0.200001 -5.500500
v 1.750000 -0.199999 -5.500500
v 1.750000 -0.199999 -5.499500
v 1.750000 0.200001 -5.499500
v 3.749876 -0.200000 -2.399998
v 3.749876 0.200000 -2.399998
v 3.750126 0.200000 -2.399998
v 3.750126 -0.200000 -2.399998
v 12.749876 0.200000 0.350007
v 12.750126 0.200000 0.350007
v 12.750127 0.200000 -2.399994
v 12.749877 0.200000 -2.399994
v -1.750000 0.199996 11.500500
v -1.750000 -0.200004 11.500500
v -1.750000 -0.200004 11.499500
v -1.750000 0.199996 11.499500
v -1.749999 -0.199998 -4.500500
v -2.749999 -0.199998 -4.500500
v -2.749999 0.200002 -4.500500
v -1.749999 0.200002 -4.500500
v 1.750000 0.199998 3.499501
v 1.750000 -0.200002 3.499501
v 1.750000 -0.200002 3.500501
v 1.750000 0.199998 3.500501
v 1.750000 0.199996 9.499500
v 2.750000 0.199996 9.499500
v 2.750000 -0.200004 9.499500
v 1.750000 -0.200004 9.499500
v 2.750000 -0.199996 -14.500500
v 2.750000 0.200004 -14.500500
v 2.750000 0.200004 -14.499500
v 2.750000 -0.199996 -14.499500
v 8.750126 -0.200001 2.400003
v 8.750126 0.199999 2.400003
v 8.749876 0.199999 2.400003
v 8.749876 -0.200001 2.400003
v -8.749876 -0.200000 1.399997
v -8.749876 -0.200000 2.399997
v -8.750126 -0.200000 2.399997
v -8.750126 -0.200000 1.399997
v 0.000000 0.199996 12.500500
v 0.000000 -0.200004 12.500500
v 0.000000 -0.200004 12.499500
v 0.000000 0.199996 12.499500
v 0.000000 0.200001 -7.500500
v 0.000000 -0.199999 -7.500500
v 0.000000 -0.199999 -7.499500
v 0.000000 0.200001 -7.499500
v -2.750000 -0.200004 13.500500
v -2.750000 0.199996 13.500500
v -2.750000 0.199996 13.499500
v -2.750000 -0.200004 13.499500
v 12.750127 -0.200000 2.400006
v 12.750127 0.200000 2.400006
v 12.749877 0.200000 2.400006
v 12.749877 -0.200000 2.400006
v 0.000001 -0.199998 -7.500500
v -2.750000 -0.199998 -7.500500
v -2.750000 0.200002 -7.500500
v 0.000001 0.200002 -7.500500
v 14.749877 -0.200000 -2.399992
v 14.749877 0.200000 -2.399992
v 14.750127 0.200000 -2.399992
v 14.750127 -0.200000 -2.399992
v 2.750000 -0.199999 -4.500500
v 2.750000 0.200001 -4.500500
v 2.750000 0.200001 -4.499500
v 2.750000 -0.199999 -4.499500
v -9.750127 0.199999 -1.400005
v -9.750127 -0.200001 -1.400005
v -9.749876 -0.200001 -1.400005
v -9.749876 0.199999 -1.400005
v 1.750000 0.200001 -8.500500
v 2.750000 0.200001 -8.500500
v 2.750000 -0.199999 -8.500500
v 1.750000 -0.199999 -8.500500
v -2.750000 -0.200003 6.500500
v -2.750000 0.199997 6.500500
v -2.750000 0.199997 6.499500
v -2.750000 -0.200003 6.499500
v 4.750126 0.199999 1.400002
v 4.750126 -0.200001 1.400002
v 4.749876 -0.200001 1.400002
v 4.749876 0.199999 1.400002
v 5.749876 0.200000 -1.399996
v 5.749876 -0.200000 -1.399996
v 5.750126 -0.200000 -1.399996
v 5.750126 0.200000 -1.399996
v -16.000002 0.200000 2.399492
v -16.000002 -0.200000 2.399492
v -16.000002 -0.200000 2.400492
v -16.000002 0.200000 2.400492
v 2.749876 0.199994 16.000004
v 2.750126 0.199994 16.000004
v 2.750124 0.200006 -15.999998
v 2.749874 0.200006 -15.999998
v -6.749876 -0.200000 2.399998
v -6.749876 0.200000 2.399998
v -6.750126 0.200000 2.399998
v -6.750126 -0.200000 2.399998
v 8.749876 -0.200000 -2.399996
v 8.749876 0.200000 -2.399996
v 8.750126 0.200000 -2.399996
v 8.750126 -0.200000 -2.399996
v -15.749874 0.200000 1.399993
v -15.750126 0.200000 1.399993
v -15.750126 0.200000 2.399993
v -15.749874 0.200000 2.399993
v 9.750126 0.199999 1.400004
v 9.750126 -0.200001 1.400004
v 9.749876 -0.200001 1.400004
v 9.749876 0.199999 1.400004
v 1.750000 -0.200004 13.500501
v 2.750000 -0.200004 13.500502
v 2.750000 0.199996 13.500502
v 1.750000 0.199996 13.500501
v 1.750000 0.200004 -10.500500
v 1.750000 -0.199996 -10.500500
v 1.750000 -0.199996 -10.499500
v 1.750000 0.200004 -10.499500
v -2.750000 -0.200006 15.500499
v -2.750000 0.199994 15.500499
v -2.750000 0.199994 15.499498
v -2.750000 -0.200006 15.499499
v -8.749876 0.200000 1.399997
v -8.749876 -0.200000 1.399997
v -8.750126 -0.200000 1.399997
v -8.750126 0.200000 1.399997
v -11.749876 0.200000 1.399995
v -11.750126 0.200000 1.399995
v -11.750126 0.200000 2.399995
v -11.749876 0.200000 2.399995
v -7.750124 -0.200001 0.349997
v -7.750126 -0.200001 -2.400003
v -7.749876 -0.200001 -2.400003
v -7.749874 -0.200001 0.349997
v 9.750126 0.199999 1.400004
v 9.749876 0.199999 1.400004
v 9.749876 0.199999 2.400004
v 9.750126 0.199999 2.400004
v 2.750000 -0.199997 -9.500500
v 2.750000 0.200004 -9.500500
v 2.750000 0.200004 -9.499500
v 2.750000 -0.199997 -9.499500
v -15.749874 0.200000 1.399993
v -15.749874 0.200000 2.399993
v -15.749874 -0.200000 2.399993
v -15.749874 -0.200000 1.399993
v -2.750000 -0.199998 -8.499500
v -2.750000 0.200002 -8.499500
v -2.750000 0.200002 -8.500500
v -2.750000 -0.199998 -8.500500
v 1.750000 -0.199996 -10.500500
v 2.750000 -0.199996 -10.500500
v 2.750000 -0.199996 -10.499500
v 1.750000 -0.199996 -10.499500
v 0.000000 0.199998 7.499500
v 0.000000 -0.200002 7.499500
v 0.000000 -0.200002 7.500500
v 0.000000 0.199998 7.500500
v -1.750000 0.199997 8.500500
v -1.750000 0.199997 8.499500
v -2.750000 0.199997 8.499500
v -2.750000 0.199997 8.500501
v 6.750126 0.199999 1.400002
v 6.749876 0.199999 1.400002
v 6.749876 0.199999 2.400002
v 6.750126 0.199999 2.400002
v 2.750000 -0.200002 3.499501
v 2.750000 0.199998 3.499501
v 2.750000 0.199998 3.500501
v 2.750000 -0.200002 3.500501
v -1.750000 0.200004 -9.499500
v -1.750000 -0.199996 -9.499500
v -1.750000 -0.199996 -9.500500
v -1.750000 0.200004 -9.500500
v -1.750000 -0.199994 -15.499500
v -2.750000 -0.199994 -15.499500
v -2.750000 -0.199994 -15.500500
v -1.750000 -0.199994 -15.500500
v -1.750001 -0.200003 3.500500
v -2.750000 -0.200003 3.500500
v -2.750000 -0.200003 3.499500
v -1.750001 -0.200003 3.499500
v 1.750000 0.199998 5.499501
v 1.750000 -0.200002 5.499501
v 1.750000 -0.200002 5.500501
v 1.750000 0.199998 5.500501
v 0.000000 0.199996 12.499500
v 0.000000 0.199996 12.500500
v 2.750000 0.199996 12.500502
v 2.750000 0.199996 12.499502
v -1.750000 -0.199996 -13.499500
v -2.750000 -0.199996 -13.499502
v -2.750000 -0.199996 -13.500502
v -1.750000 -0.199996 -13.500500
v -1.750001 -0.200003 6.500500
v -2.750000 -0.200003 6.500500
v -2.750000 -0.200003 6.499500
v -1.750001 -0.200003 6.499500
v -12.750125 0.200000 0.349994
v -12.750127 0.200000 -2.400005
v -12.750127 -0.200000 -2.400005
v -12.750125 -0.200000 0.349994
v 14.750127 -0.200000 2.400006
v 14.750127 0.200000 2.400006
v 14.749877 0.200000 2.400006
v 14.749877 -0.200000 2.400006
v 11.749876 -0.200000 -1.399994
v 11.749876 -0.200000 -2.399994
v 11.750126 -0.200000 -2.399994
v 11.750126 -0.200000 -1.399994
v -1.750000 -0.199998 -8.500500
v -2.750000 -0.199998 -8.500500
v -2.750000 0.200002 -8.500500
v -1.750000 0.200002 -8.500500
v -1.750000 0.200004 -10.499500
v -1.750000 0.200004 -10.500500
v -2.750000 0.200004 -10.500500
v -2.750000 0.200004 -10.499500
v -1.750000 -0.199996 -10.500500
v -2.750000 -0.199996 -10.500500
v -2.750000 0.200004 -10.500500
v -1.750000 0.200004 -10.500500
v -12.749875 0.200000 -0.350006
v -12.749877 0.200000 2.399995
v -12.749877 -0.200000 2.399995
v -12.749875 -0.200000 -0.350006
v 1.750000 -0.199996 -10.499500
v 2.750000 -0.199996 -10.499500
v 2.750000 0.200004 -10.499500
v 1.750000 0.200004 -10.499500
v -14.749874 0.200000 1.399994
v -14.750126 0.200000 1.399994
v -14.750128 0.200000 2.399994
v -14.749876 0.200000 2.399994
v 1.750000 0.200001 -3.500500
v 1.750000 -0.199999 -3.500500
v 1.750000 -0.199999 -3.499500
v 1.750000 0.200001 -3.499500
v 1.750000 -0.199994 -15.500500
v 2.750000 -0.199994 -15.500500
v 2.750000 -0.199994 -15.499500
v 1.750000 -0.199994 -15.499500
v -5.750126 0.199999 -1.400003
v -5.749876 0.199999 -1.400003
v -5.749876 0.199999 -2.400003
v -5.750126 0.199999 -2.400003
v 2.750000 -0.199999 -7.500500
v 2.750000 0.200001 -7.500500
v 2.750000 0.200001 -7.499500
v 2.750000 -0.199999 -7.499500
v -1.750000 0.199997 8.500500
v -1.750000 -0.200003 8.500500
v -1.750000 -0.200003 8.499500
v -1.750000 0.199997 8.499500
v 13.750126 0.200000 1.400006
v 13.749876 0.200000 1.400006
v 13.749876 0.200000 2.400006
v 13.750126 0.200000 2.400006
v 9.749876 0.200000 -1.399994
v 9.749876 -0.200000 -1.399994
v 9.750126 -0.200000 -1.399994
v 9.750126 0.200000 -1.399994
v 4.750126 -0.200001 1.400002
v 4.750126 -0.200001 2.400002
v 4.749876 -0.200001 2.400002
v 4.749876 -0.200001 1.400002
v -15.750126 0.200000 -1.400007
v -15.750126 -0.200000 -1.400007
v -15.749874 -0.200000 -1.400007
v -15.749874 0.200000 -1.400007
v 7.750125 0.199999 -0.349997
v 7.750125 -0.200001 -0.349997
v 7.749875 -0.200001 -0.349997
v 7.749875 0.199999 -0.349997
v 12.749876 0.200000 0.350007
v 12.749876 -0.200000 0.350007
v 12.750126 -0.200000 0.350007
v 12.750126 0.200000 0.350007
v 1.750000 -0.199999 -8.500500
v 2.750000 -0.199999 -8.500500
v 2.750000 -0.199999 -8.499500
v 1.750000 -0.199999 -8.499500
v -1.749999 0.200002 -4.499500
v -2.749999 0.200002 -4.499500
v -2.749999 -0.199998 -4.499500
v -1.749999 -0.199998 -4.499500
v 12.749876 -0.200000 0.350007
v 12.749877 -0.200000 -2.399994
v 12.750127 -0.200000 -2.399994
v 12.750126 -0.200000 0.350007
v -11.750126 -0.200000 -2.400005
v -11.750126 0.200000 -2.400005
v -11.749876 0.200000 -2.400005
v -11.749876 -0.200000 -2.400005
v -1.749999 0.200002 -3.499500
v -1.749999 0.200002 -3.500500
v -2.749999 0.200002 -3.500500
v -2.749999 0.200002 -3.499500
v 5.750126 0.199999 1.400002
v 5.750126 -0.200001 1.400002
v 5.749876 -0.200001 1.400002
v 5.749876 0.199999 1.400002
v 16.000000 -0.200000 2.399508
v 16.000000 0.200000 2.399508
v 16.000000 0.200000 2.400507
v 16.000000 -0.200000 2.400507
v 15.749876 -0.200000 -2.399992
v 15.749876 0.200000 -2.399992
v 15.750126 0.200000 -2.399992
v 15.750126 -0.200000 -2.399992
v 1.750000 0.200001 -3.500500
v 1.750000 0.200001 -3.499500
v 2.750000 0.200001 -3.499500
v 2.750000 0.200001 -3.500500
v 0.000000 -0.200004 12.499500
v 2.750000 -0.200004 12.499502
v 2.750000 -0.200004 12.500502
v 0.000000 -0.200004 12.500500
v -13.750126 0.200000 -1.400007
v -13.750126 -0.200000 -1.400007
v -13.749876 -0.200000 -1.400007
v -13.749876 0.200000 -1.400007
v 2.749876 -0.200006 16.000004
v 2.749874 -0.199994 -15.999998
v 2.750124 -0.199994 -15.999998
v 2.750126 -0.200006 16.000004
v -2.749999 -0.199998 -6.499500
v -2.749999 0.200002 -6.499500
v -2.749999 0.200002 -6.500500
v -2.749999 -0.199998 -6.500500
v -16.000002 0.200000 -2.400507
v -16.000002 -0.200000 -2.400507
v -16.000002 -0.200000 -2.399508
v -16.000002 0.200000 -2.399508
v 2.750000 -0.200004 10.499500
v 2.750000 0.199996 10.499500
v 2.750000 0.199996 10.500502
v 2.750000 -0.200004 10.500502
v -10.749877 -0.200000 2.399996
v -10.749877 0.200000 2.399996
v -10.750127 0.200000 2.399996
v -10.750127 -0.200000 2.399996
v 12.750126 0.200000 -0.349995
v 12.749876 0.200000 -0.349995
v 12.749877 0.200000 2.400006
v 12.750127 0.200000 2.400006
v -1.750000 -0.200003 8.500500
v -2.750000 -0.200003 8.500501
v -2.750000 -0.200003 8.499500
v -1.750000 -0.200003 8.499500
v -13.750126 0.200000 -1.400007
v -13.749876 0.200000 -1.400007
v -13.749876 0.200000 -2.400007
v -13.750126 0.200000 -2.400007
v 2.750000 -0.199999 -6.500500
v 2.750000 0.200001 -6.500500
v 2.750000 0.200001 -6.499500
v 2.750000 -0.199999 -6.499500
v 1.750000 0.200004 -13.500500
v 1.750000 0.200004 -13.499500
v 2.750000 0.200004 -13.499500
v 2.750000 0.200004 -13.500500
v -1.750000 -0.199996 -11.500500
v -2.750000 -0.199996 -11.500502
v -2.750000 0.200004 -11.500502
v -1.750000 0.200004 -11.500500
v -14.749874 -0.200000 1.399994
v -14.749876 -0.200000 2.399994
v -14.750128 -0.200000 2.399994
v -14.750126 -0.200000 1.399994
v -11.749876 0.200000 1.399995
v -11.749876 -0.200000 1.399995
v -11.750126 -0.200000 1.399995
v -11.750126 0.200000 1.399995
v -2.750000 -0.200003 4.500500
v -2.750000 0.199997 4.500500
v -2.750000 0.199997 4.499500
v -2.750000 -0.200003 4.499500
v -15.750126 -0.200000 -1.400007
v -15.750126 -0.200000 -2.400007
v -15.749874 -0.200000 -2.400007
v -15.749874 -0.200000 -1.400007
v 1.750000 0.199996 14.499500
v 1.750000 -0.200004 14.499500
v 1.750000 -0.200004 14.500501
v 1.750000 0.199996 14.500501
v -1.750000 0.200002 -8.499500
v -1.750000 -0.199998 -8.499500
v -1.750000 -0.199998 -8.500500
v -1.750000 0.200002 -8.500500
v -1.750000 -0.199996 -13.500500
v -2.750000 -0.199996 -13.500502
v -2.750000 0.200004 -13.500502
v -1.750000 0.200004 -13.500500
v -1.749999 -0.199998 -3.499500
v -2.749999 -0.199998 -3.499500
v -2.749999 -0.199998 -3.500500
v -1.749999 -0.199998 -3.500500
v 11.749876 -0.200000 -2.399994
v 11.749876 0.200000 -2.399994
v 11.750126 0.200000 -2.399994
v 11.750126 -0.200000 -2.399994
v 1.750000 0.199996 11.499500
v 1.750000 -0.200004 11.499500
v 1.750000 -0.200004 11.500501
v 1.750000 0.199996 11.500501
v -9.750127 -0.200001 -1.400005
v -9.750127 -0.200001 -2.400005
v -9.749876 -0.200001 -2.400005
v -9.749876 -0.200001 -1.400005
v 2.750000 -0.200004 13.499501
v 2.750000 0.199996 13.499501
v 2.750000 0.199996 13.500502
v 2.750000 -0.200004 13.500502
v -8.749876 0.200000 1.399997
v -8.750126 0.200000 1.399997
v -8.750126 0.200000 2.399997
v -8.749876 0.200000 2.399997
v 2.750000 -0.200002 6.499501
v 2.750000 0.199998 6.499501
v 2.750000 0.199998 6.500501
v 2.750000 -0.200002 6.500501
v -1.750000 0.199996 14.500500
v -1.750000 -0.200004 14.500500
v -1.750000 -0.200004 14.499500
v -1.750000 0.199996 14.499500
v 1.750000 0.200001 -8.500500
v 1.750000 -0.199999 -8.500500
v 1.750000 -0.199999 -8.499500
v 1.750000 0.200001 -8.499500
v 0.000000 0.199996 12.499500
v 0.000000 -0.200004 12.499500
v 0.000000 -0.200004 12.500500
v 0.000000 0.199996 12.500500
v -1.749999 -0.199998 -3.500500
v -2.749999 -0.199998 -3.500500
v -2.749999 0.200002 -3.500500
v -1.749999 0.200002 -3.500500
v 1.750000 0.199998 8.499500
v 1.750000 0.199998 8.500502
v 2.750000 0.199998 8.500502
v 2.750000 0.199998 8.499500
v 15.749876 0.200000 -1.399992
v 15.750126 0.200000 -1.399992
v 15.750126 0.200000 -2.399992
v 15.749876 0.200000 -2.399992
v -1.750000 -0.199996 -9.500500
v -2.750000 -0.199996 -9.500500
v -2.750000 0.200004 -9.500500
v -1.750000 0.200004 -9.500500
v -1.750001 0.199997 3.500500
v -1.750001 -0.200003 3.500500
v -1.750001 -0.200003 3.499500
v -1.750001 0.199997 3.499500
v -16.000002 0.200000 2.399492
v -16.000002 0.200000 2.400492
v 16.000000 0.200000 2.400507
v 16.000000 0.200000 2.399508
v 7.750126 -0.200001 2.400003
v 7.750126 0.199999 2.400003
v 7.749876 0.199999 2.400003
v 7.749876 -0.200001 2.400003
v 2.750000 -0.199996 -11.500500
v 2.750000 0.200004 -11.500500
v 2.750000 0.200004 -11.499500
v 2.750000 -0.199996 -11.499500
v -1.750000 0.199996 13.500500
v -1.750000 0.199996 13.499500
v -2.750000 0.199996 13.499500
v -2.750000 0.199996 13.500500
v -11.749876 -0.200000 1.399995
v -11.749876 -0.200000 2.399995
v -11.750126 -0.200000 2.399995
v -11.750126 -0.200000 1.399995
v -7.750126 -0.200001 -2.400003
v -7.750126 0.199999 -2.400003
v -7.749876 0.199999 -2.400003
v -7.749876 -0.200001 -2.400003
v 4.749876 0.200000 -1.399996
v 4.749876 -0.200000 -1.399996
v 4.750126 -0.200000 -1.399996
v 4.750126 0.200000 -1.399996
v 15.749876 0.200000 -1.399992
v 15.749876 -0.200000 -1.399992
v 15.750126 -0.200000 -1.399992
v 15.750126 0.200000 -1.399992
v -5.750126 -0.200001 -2.400003
v -5.750126 0.199999 -2.400003
v -5.749876 0.199999 -2.400003
v -5.749876 -0.200001 -2.400003
v 13.749876 0.200000 -1.399992
v 13.749876 -0.200000 -1.399992
v 13.750126 -0.200000 -1.399992
v 13.750126 0.200000 -1.399992
v 1.750000 -0.200002 3.499501
v 2.750000 -0.200002 3.499501
v 2.750000 -0.200002 3.500501
v 1.750000 -0.200002 3.500501
v -2.750000 -0.199994 -15.499500
v -2.750000 0.200006 -15.499500
v -2.750000 0.200006 -15.500500
v -2.750000 -0.199994 -15.500500
v 1.750000 0.200004 -13.500500
v 1.750000 -0.199996 -13.500500
v 1.750000 -0.199996 -13.499500
v 1.750000 0.200004 -13.499500
v 5.750126 -0.200001 2.400002
v 5.750126 0.199999 2.400002
v 5.749876 0.199999 2.400002
v 5.749876 -0.200001 2.400002
v 3.749876 0.200000 -1.399998
v 3.750126 0.200000 -1.399998
v 3.750126 0.200000 -2.399998
v 3.749876 0.200000 -2.399998
v 15.750126 0.200000 1.400007
v 15.750126 -0.200000 1.400007
v 15.749876 -0.200000 1.400007
v 15.749876 0.200000 1.400007
v 12.749877 -0.200000 -2.399994
v 12.749877 0.200000 -2.399994
v 12.750127 0.200000 -2.399994
v 12.750127 -0.200000 -2.399994
v -11.750126 -0.200000 -1.400005
v -11.750126 -0.200000 -2.400005
v -11.749876 -0.200000 -2.400005
v -11.749876 -0.200000 -1.400005
v -6.750126 0.199999 -1.400003
v -6.750126 -0.200001 -1.400003
v -6.749876 -0.200001 -1.400003
v -6.749876 0.199999 -1.400003
v -2.750000 -0.199998 -7.499500
v -2.750000 0.200002 -7.499500
v -2.750000 0.200002 -7.500500
v -2.750000 -0.199998 -7.500500
v 1.750000 -0.199996 -13.500500
v 2.750000 -0.199996 -13.500500
v 2.750000 -0.199996 -13.499500
v 1.750000 -0.199996 -13.499500
v 1.750000 0.199996 11.499500
v 1.750000 0.199996 11.500501
v 2.750000 0.199996 11.500502
v 2.750000 0.199996 11.499501
v 0.000000 -0.199996 -12.500502
v 2.750000 -0.199996 -12.500500
v 2.750000 -0.199996 -12.499500
v 0.000000 -0.199996 -12.499502
v 0.000000 0.199996 12.500500
v 0.000000 0.199996 12.499500
v -2.750000 0.199996 12.499500
v -2.750000 0.199996 12.500501
v 1.750000 0.200001 -6.500500
v 2.750000 0.200001 -6.500500
v 2.750000 -0.199999 -6.500500
v 1.750000 -0.199999 -6.500500
v 6.750126 0.199999 1.400002
v 6.750126 -0.200001 1.400002
v 6.749876 -0.200001 1.400002
v 6.749876 0.199999 1.400002
v -3.749876 -0.200000 2.399999
v -3.749876 0.200000 2.399999
v -3.750126 0.200000 2.399999
v -3.750126 -0.200000 2.399999
v 2.749876 0.199994 16.000004
v 2.749876 -0.200006 16.000004
v 2.750126 -0.200006 16.000004
v 2.750126 0.199994 16.000004
v -1.749999 0.200002 -3.499500
v -2.749999 0.200002 -3.499500
v -2.749999 -0.199998 -3.499500
v -1.749999 -0.199998 -3.499500
v -1.750000 -0.199996 -10.499500
v -2.750000 -0.199996 -10.499500
v -2.750000 -0.199996 -10.500500
v -1.750000 -0.199996 -10.500500
v -14.749876 -0.200000 2.399994
v -14.749876 0.200000 2.399994
v -14.750128 0.200000 2.399994
v -14.750128 -0.200000 2.399994
v -14.750126 -0.200000 1.399994
v -14.750128 -0.200000 2.399994
v -14.750128 0.200000 2.399994
v -14.750126 0.200000 1.399994
v 2.750000 -0.199994 -15.500500
v 2.750000 0.200006 -15.500500
v 2.750000 0.200006 -15.499500
v 2.750000 -0.199994 -15.499500
v -5.749876 0.200000 1.399998
v -5.749876 -0.200000 1.399998
v -5.750126 -0.200000 1.399998
v -5.750126 0.200000 1.399998
v -14.750128 -0.200000 -2.400007
v -14.750128 0.200000 -2.400007
v -14.749876 0.200000 -2.400007
v -14.749876 -0.200000 -2.400007
v 1.750000 0.199998 4.499501
v 2.750000 0.199998 4.499501
v 2.750000 -0.200002 4.499501
v 1.750000 -0.200002 4.499501
v 8.749876 0.200000 -1.399996
v 8.750126 0.200000 -1.399996
v 8.750126 0.200000 -2.399996
v 8.749876 0.200000 -2.399996
v 15.749876 -0.200000 -1.399992
v 15.749876 -0.200000 -2.399992
v 15.750126 -0.200000 -2.399992
v 15.750126 -0.200000 -1.399992
v -7.749874 0.200000 -0.350003
v -7.749874 -0.200000 -0.350003
v -7.750124 -0.200000 -0.350003
v -7.750124 0.200000 -0.350003
v 0.000000 0.200004 -12.499500
v 0.000000 -0.199996 -12.499500
v 0.000000 -0.199996 -12.500500
v 0.000000 0.200004 -12.500500
v -4.749876 0.200000 1.399999
v -4.749876 -0.200000 1.399999
v -4.750126 -0.200000 1.399999
v -4.750126 0.200000 1.399999
v 6.749876 0.200000 -1.399996
v 6.750126 0.200000 -1.399996
v 6.750126 0.200000 -2.399996
v 6.749876 0.200000 -2.399996
v 11.749876 0.200000 -1.399994
v 11.749876 -0.200000 -1.399994
v 11.750126 -0.200000 -1.399994
v 11.750126 0.200000 -1.399994
v -10.749877 -0.200000 1.399996
v -10.749877 -0.200000 2.399996
v -10.750127 -0.200000 2.399996
v -10.750127 -0.200000 1.399996
v 1.750000 0.199998 8.499500
v 1.750000 -0.200002 8.499500
v 1.750000 -0.200002 8.500502
v 1.750000 0.199998 8.500502
v -12.749877 -0.200000 2.399995
v -12.749877 0.200000 2.399995
v -12.750127 0.200000 2.399995
v -12.750127 -0.200000 2.399995
v 1.750000 0.200001 -6.500500
v 1.750000 0.200001 -6.499500
v 2.750000 0.200001 -6.499500
v 2.750000 0.200001 -6.500500
v 10.749876 -0.200000 -2.399994
v 10.749876 0.200000 -2.399994
v 10.750126 0.200000 -2.399994
v 10.750126 -0.200000 -2.399994
v 0.000000 0.200004 -12.500502
v 0.000000 -0.199996 -12.500502
v 0.000000 -0.199996 -12.499502
v 0.000000 0.200004 -12.499502
v -2.749999 -0.199998 -3.499500
v -2.749999 0.200002 -3.499500
v -2.749999 0.200002 -3.500500
v -2.749999 -0.199998 -3.500500
v -7.750124 0.199999 0.349997
v -7.749874 0.199999 0.349997
v -7.749876 0.199999 -2.400003
v -7.750126 0.199999 -2.400003
v 8.750126 0.199999 1.400003
v 8.750126 -0.200001 1.400003
v 8.749876 -0.200001 1.400003
v 8.749876 0.199999 1.400003
v -2.750000 -0.200003 3.500500
v -2.750000 0.199997 3.500500
v -2.750000 0.199997 3.499500
v -2.750000 -0.200003 3.499500
v -13.750126 -0.200000 -1.400007
v -13.750126 -0.200000 -2.400007
v -13.749876 -0.200000 -2.400007
v -13.749876 -0.200000 -1.400007
v -12.750127 -0.200000 -2.400005
v -12.750127 0.200000 -2.400005
v -12.749877 0.200000 -2.400005
v -12.749877 -0.200000 -2.400005
v 5.750126 0.199999 1.400002
v 5.749876 0.199999 1.400002
v 5.749876 0.199999 2.400002
v 5.750126 0.199999 2.400002
v 6.750126 -0.200001 2.400002
v 6.750126 0.199999 2.400002
v 6.749876 0.199999 2.400002
v 6.749876 -0.200001 2.400002
v 1.750000 -0.200002 8.499500
v 2.750000 -0.200002 8.499500
v 2.750000 -0.200002 8.500502
v 1.750000 -0.200002 8.500502
v -1.750001 0.199997 5.500500
v -1.750001 -0.200003 5.500500
v -1.750001 -0.200003 5.499500
v -1.750001 0.199997 5.499500
v -1.750001 0.199997 6.500500
v -1.750001 -0.200003 6.500500
v -1.750001 -0.200003 6.499500
v -1.750001 0.199997 6.499500
v 5.750126 -0.200001 1.400002
v 5.750126 -0.200001 2.400002
v 5.749876 -0.200001 2.400002
v 5.749876 -0.200001 1.400002
v -4.750126 0.199999 -1.400003
v -4.750126 -0.200001 -1.400003
v -4.749876 -0.200001 -1.400003
v -4.749876 0.199999 -1.400003
v -15.750126 0.200000 -1.400007
v -15.750126 0.200000 -2.400007
v -15.750126 -0.200000 -2.400007
v -15.750126 -0.200000 -1.400007
v -1.750000 -0.200006 15.500500
v -2.750000 -0.200006 15.500499
v -2.750000 -0.200006 15.499499
v -1.750000 -0.200006 15.499499
v 7.749876 -0.200000 -2.399996
v 7.749876 0.200000 -2.399996
v 7.750126 0.200000 -2.399996
v 7.750126 -0.200000 -2.399996
v 8.750126 -0.200001 1.400003
v 8.750126 -0.200001 2.400003
v 8.749876 -0.200001 2.400003
v 8.749876 -0.200001 1.400003
v -2.750000 -0.200003 5.500500
v -2.750000 0.199997 5.500500
v -2.750000 0.199997 5.499500
v -2.750000 -0.200003 5.499500
v 7.749875 0.200000 0.350004
v 7.750125 0.200000 0.350004
v 7.750126 0.200000 -2.399996
v 7.749876 0.200000 -2.399996
v -13.749876 -0.200000 2.399994
v -13.749876 0.200000 2.399994
v -13.750126 0.200000 2.399994
v -13.750126 -0.200000 2.399994
v 0.000000 -0.199996 -12.499500
v -2.750000 -0.199996 -12.499500
v -2.750000 -0.199996 -12.500500
v 0.000000 -0.199996 -12.500500
v 13.749876 0.200000 -1.399992
v 13.750126 0.200000 -1.399992
v 13.750126 0.200000 -2.399992
v 13.749876 0.200000 -2.399992
v -1.750000 -0.199996 -11.499500
v -2.750000 -0.199996 -11.499502
v -2.750000 -0.199996 -11.500502
v -1.750000 -0.199996 -11.500500
v -12.749875 -0.200000 -0.350006
v -12.749877 -0.200000 2.399995
v -12.750127 -0.200000 2.399995
v -12.750125 -0.200000 -0.350006
v -15.749874 -0.200000 2.399993
v -15.749874 0.200000 2.399993
v -15.750126 0.200000 2.399993
v -15.750126 -0.200000 2.399993
v -2.750000 -0.199996 -11.499502
v -2.750000 0.200004 -11.499502
v -2.750000 0.200004 -11.500502
v -2.750000 -0.199996 -11.500502
v -7.750124 0.199999 0.349997
v -7.750124 -0.200001 0.349997
v -7.749874 -0.200001 0.349997
v -7.749874 0.199999 0.349997
v 2.750000 -0.199996 -10.500500
v 2.750000 0.200004 -10.500500
v 2.750000 0.200004 -10.499500
v 2.750000 -0.199996 -10.499500
v -14.750126 0.200000 -1.400007
v -14.750126 -0.200000 -1.400007
v -14.749874 -0.200000 -1.400007
v -14.749874 0.200000 -1.400007
v 14.749877 -0.200000 -1.399992
v 14.749877 -0.200000 -2.399992
v 14.750127 -0.200000 -2.399992
v 14.750127 -0.200000 -1.399992
v 1.750000 0.200006 -15.500500
v 1.750000 -0.199994 -15.500500
v 1.750000 -0.199994 -15.499500
v 1.750000 0.200006 -15.499500
v -12.749875 0.200000 -0.350006
v -12.749875 -0.200000 -0.350006
v -12.750125 -0.200000 -0.350006
v -12.750125 0.200000 -0.350006
v 1.750000 -0.199996 -14.499500
v 2.750000 -0.199996 -14.499500
v 2.750000 0.200004 -14.499500
v 1.750000 0.200004 -14.499500
v -1.750000 0.200006 -15.499500
v -1.750000 0.200006 -15.500500
v -2.750000 0.200006 -15.500500
v -2.750000 0.200006 -15.499500
v -1.750000 0.200004 -13.499500
v -1.750000 -0.199996 -13.499500
v -1.750000 -0.199996 -13.500500
v -1.750000 0.200004 -13.500500
v -1.749999 -0.199998 -4.499500
v -2.749999 -0.199998 -4.499500
v -2.749999 -0.199998 -4.500500
v -1.749999 -0.199998 -4.500500
v -13.750126 -0.200000 -2.400007
v -13.750126 0.200000 -2.400007
v -13.749876 0.200000 -2.400007
v -13.749876 -0.200000 -2.400007
v 9.750126 -0.200001 1.400004
v 9.750126 -0.200001 2.400004
v 9.749876 -0.200001 2.400004
v 9.749876 -0.200001 1.400004
v -4.750126 -0.200001 -1.400003
v -4.750125 -0.200001 -2.400003
v -4.749876 -0.200001 -2.400003
v -4.749876 -0.200001 -1.400003
v -2.750000 -0.200003 7.500500
v -2.750000 0.199997 7.500500
v -2.750000 0.199997 7.499500
v -2.750000 -0.200003 7.499500
v -5.749876 0.200000 1.399998
v -5.749876 0.200000 2.399998
v -5.749876 -0.200000 2.399998
v -5.749876 -0.200000 1.399998
v -3.749876 0.200000 1.399999
v -3.749876 -0.200000 1.399999
v -3.750126 -0.200000 1.399999
v -3.750126 0.200000 1.399999
v 1.750000 -0.199999 -6.499500
v 2.750000 -0.199999 -6.499500
v 2.750000 0.200001 -6.499500
v 1.750000 0.200001 -6.499500
v -14.749874 0.200000 1.399994
v -14.749874 -0.200000 1.399994
v -14.750126 -0.200000 1.399994
v -14.750126 0.200000 1.399994
v 2.750000 -0.200002 8.499500
v 2.750000 0.199998 8.499500
v 2.750000 0.199998 8.500502
v 2.750000 -0.200002 8.500502
v -4.750126 -0.200000 1.399999
v -4.750125 -0.200000 2.399999
v -4.750125 0.200000 2.399999
v -4.750126 0.200000 1.399999
v -11.750126 -0.200000 1.399995
v -11.750126 -0.200000 2.399995
v -11.750126 0.200000 2.399995
v -11.750126 0.200000 1.399995
v -4.749876 -0.200000 2.399999
v -4.749876 0.200000 2.399999
v -4.750125 0.200000 2.399999
v -4.750125 -0.200000 2.399999
v -3.750126 0.199999 -1.400002
v -3.750126 -0.200001 -1.400002
v -3.749876 -0.200001 -1.400002
v -3.749876 0.199999 -1.400002
v -1.749999 0.200002 -5.499500
v -1.749999 -0.199998 -5.499500
v -1.749999 -0.199998 -5.500500
v -1.749999 0.200002 -5.500500
v 1.750000 0.199996 9.499500
v 1.750000 -0.200004 9.499500
v 1.750000 -0.200004 9.500502
v 1.750000 0.199996 9.500502
v 1.750000 -0.200006 15.499500
v 2.750000 -0.200006 15.499500
v 2.750000 -0.200006 15.500500
v 1.750000 -0.200006 15.500500
v 1.750000 0.199996 14.499500
v 1.750000 0.199996 14.500501
v 2.750000 0.199996 14.500502
v 2.750000 0.199996 14.499501
v -1.749999 0.200002 -3.499500
v -1.749999 -0.199998 -3.499500
v -1.749999 -0.199998 -3.500500
v -1.749999 0.200002 -3.500500
v 0.000000 -0.200004 12.500500
v -2.750000 -0.200004 12.500501
v -2.750000 -0.200004 12.499500
v 0.000000 -0.200004 12.499500
v -4.749876 0.200000 1.399999
v -4.750126 0.200000 1.399999
v -4.750125 0.200000 2.399999
v -4.749876 0.200000 2.399999
v -4.750125 -0.200001 -2.400003
v -4.750125 0.199999 -2.400003
v -4.749876 0.199999 -2.400003
v -4.749876 -0.200001 -2.400003
v -1.750000 0.200004 -14.499500
v -1.750000 0.200004 -14.500500
v -2.750000 0.200004 -14.500502
v -2.750000 0.200004 -14.499502
v 1.750000 -0.199994 -15.499500
v 2.750000 -0.199994 -15.499500
v 2.750000 0.200006 -15.499500
v 1.750000 0.200006 -15.499500
v 1.750000 -0.200004 14.499500
v 2.750000 -0.200004 14.499501
v 2.750000 -0.200004 14.500502
v 1.750000 -0.200004 14.500501
v -2.749999 -0.199998 -4.499500
v -2.749999 0.200002 -4.499500
v -2.749999 0.200002 -4.500500
v -2.749999 -0.199998 -4.500500
v -5.749876 -0.200000 1.399998
v -5.749876 -0.200000 2.399998
v -5.750126 -0.200000 2.399998
v -5.750126 -0.200000 1.399998
v 1.750000 0.200006 -15.500500
v 1.750000 0.200006 -15.499500
v 2.750000 0.200006 -15.499500
v 2.750000 0.200006 -15.500500
v -15.750126 -0.200000 1.399993
v -15.750126 -0.200000 2.399993
v -15.750126 0.200000 2.399993
v -15.750126 0.200000 1.399993
v 9.749876 -0.200000 -2.399994
v 9.749876 0.200000 -2.399994
v 9.750126 0.200000 -2.399994
v 9.750126 -0.200000 -2.399994
v 2.750000 -0.200006 15.499500
v 2.750000 0.199994 15.499500
v 2.750000 0.199994 15.500500
v 2.750000 -0.200006 15.500500
v -1.750000 0.200004 -14.499500
v -1.750000 -0.199996 -14.499500
v -1.750000 -0.199996 -14.500500
v -1.750000 0.200004 -14.500500
v 6.749876 -0.200000 -1.399996
v 6.749876 -0.200000 -2.399996
v 6.750126 -0.200000 -2.399996
v 6.750126 -0.200000 -1.399996
v 13.750126 -0.200000 2.400006
v 13.750126 0.200000 2.400006
v 13.749876 0.200000 2.400006
v 13.749876 -0.200000 2.400006
v -1.749999 -0.199998 -6.499500
v -2.749999 -0.199998 -6.499500
v -2.749999 -0.199998 -6.500500
v -1.749999 -0.199998 -6.500500
v 10.749876 0.200000 -1.399994
v 10.749876 -0.200000 -1.399994
v 10.750126 -0.200000 -1.399994
v 10.750126 0.200000 -1.399994
v 1.750000 -0.199999 -5.500500
v 2.750000 -0.199999 -5.500500
v 2.750000 -0.199999 -5.499500
v 1.750000 -0.199999 -5.499500
v -2.750000 -0.199996 -13.499502
v -2.750000 0.200004 -13.499502
v -2.750000 0.200004 -13.500502
v -2.750000 -0.199996 -13.500502
v 0.000000 0.199996 12.499500
v 2.750000 0.199996 12.499502
v 2.750000 -0.200004 12.499502
v 0.000000 -0.200004 12.499500
v -13.749876 0.200000 1.399994
v -13.749876 -0.200000 1.399994
v -13.750126 -0.200000 1.399994
v -13.750126 0.200000 1.399994
v 14.750127 0.200000 1.400007
v 14.750127 -0.200000 1.400007
v 14.749877 -0.200000 1.400007
v 14.749877 0.200000 1.400007
v 1.750000 -0.200004 10.500502
v 2.750000 -0.200004 10.500502
v 2.750000 0.199996 10.500502
v 1.750000 0.199996 10.500502
v -11.749876 -0.200000 2.399995
v -11.749876 0.200000 2.399995
v -11.750126 0.200000 2.399995
v -11.750126 -0.200000 2.399995
v -1.750001 0.199997 4.500500
v -1.750001 0.199997 4.499500
v -2.750000 0.199997 4.499500
v -2.750000 0.199997 4.500500
v -15.750126 0.200000 -1.400007
v -15.749874 0.200000 -1.400007
v -15.749874 0.200000 -2.400007
v -15.750126 0.200000 -2.400007
v -1.750000 -0.200004 11.500500
v -2.750000 -0.200004 11.500500
v -2.750000 -0.200004 11.499500
v -1.750000 -0.200004 11.499500
v 1.750000 0.199996 10.499500
v 1.750000 -0.200004 10.499500
v 1.750000 -0.200004 10.500502
v 1.750000 0.199996 10.500502
v 10.749876 -0.200000 -1.399994
v 10.749876 -0.200000 -2.399994
v 10.750126 -0.200000 -2.399994
v 10.750126 -0.200000 -1.399994
v -14.750126 0.200000 -1.400007
v -14.750128 0.200000 -2.400007
v -14.750128 -0.200000 -2.400007
v -14.750126 -0.200000 -1.400007
v 8.750126 0.199999 1.400003
v 8.749876 0.199999 1.400003
v 8.749876 0.199999 2.400003
v 8.750126 0.199999 2.400003
v -3.750126 -0.200001 -1.400002
v -3.750126 -0.200001 -2.400002
v -3.749876 -0.200001 -2.400002
v -3.749876 -0.200001 -1.400002
v 2.750000 -0.200004 9.499500
v 2.750000 0.199996 9.499500
v 2.750000 0.199996 9.500502
v 2.750000 -0.200004 9.500502
v -1.750000 -0.199996 -14.499500
v -2.750000 -0.199996 -14.499502
v -2.750000 -0.199996 -14.500502
v -1.750000 -0.199996 -14.500500
v -8.750126 -0.200000 1.399997
v -8.750126 -0.200000 2.399997
v -8.750126 0.200000 2.399997
v -8.750126 0.200000 1.399997
v -4.750126 0.199999 -1.400003
v -4.750125 0.199999 -2.400003
v -4.750125 -0.200001 -2.400003
v -4.750126 -0.200001 -1.400003
v -1.750001 0.199997 6.500500
v -1.750001 0.199997 6.499500
v -2.750000 0.199997 6.499500
v -2.750000 0.199997 6.500500
v 1.750000 -0.199996 -11.500500
v 2.750000 -0.199996 -11.500500
v 2.750000 -0.199996 -11.499500
v 1.750000 -0.199996 -11.499500
v 13.749876 -0.200000 -2.399992
v 13.749876 0.200000 -2.399992
v 13.750126 0.200000 -2.399992
v 13.750126 -0.200000 -2.399992
v -3.750126 -0.200001 -2.400002
v -3.750126 0.199999 -2.400002
v -3.749876 0.199999 -2.400002
v -3.749876 -0.200001 -2.400002
v -2.750000 -0.200004 11.500500
v -2.750000 0.199996 11.500500
v -2.750000 0.199996 11.499500
v -2.750000 -0.200004 11.499500
v 1.750000 -0.199996 -14.500500
v 2.750000 -0.199996 -14.500500
v 2.750000 -0.199996 -14.499500
v 1.750000 -0.199996 -14.499500
v -2.750000 -0.200004 14.500500
v -2.750000 0.199996 14.500500
v -2.750000 0.199996 14.499500
v -2.750000 -0.200004 14.499500
v 2.750000 -0.199999 -8.500500
v 2.750000 0.200001 -8.500500
v 2.750000 0.200001 -8.499500
v 2.750000 -0.199999 -8.499500
v -12.750127 0.200000 -2.400005
v -12.750125 0.200000 0.349994
v -12.749875 0.200000 0.349994
v -12.749877 0.200000 -2.400005
v 1.750000 0.199998 3.499501
v 1.750000 0.199998 3.500501
v 2.750000 0.199998 3.500501
v 2.750000 0.199998 3.499501
v 1.750000 0.200001 -4.500500
v 1.750000 0.200001 -4.499500
v 2.750000 0.200001 -4.499500
v 2.750000 0.200001 -4.500500
v 14.749877 0.200000 -1.399992
v 14.749877 -0.200000 -1.399992
v 14.750127 -0.200000 -1.399992
v 14.750127 0.200000 -1.399992
v -2.750125 0.200006 -16.000002
v -2.750124 0.199994 16.000000
v -2.749875 0.199994 16.000000
v -2.749876 0.200006 -16.000002
v 1.750000 0.199996 13.499500
v 1.750000 0.199996 13.500501
v 2.750000 0.199996 13.500502
v 2.750000 0.199996 13.499501
v -1.750000 0.199996 13.500500
v -1.750000 -0.200004 13.500500
v -1.750000 -0.200004 13.499500
v -1.750000 0.199996 13.499500
v 1.750000 -0.200004 13.499500
v 2.750000 -0.200004 13.499501
v 2.750000 -0.200004 13.500502
v 1.750000 -0.200004 13.500501
v 10.789779 0.205874 1.400004
v 10.789779 -0.194126 1.400004
v 10.789779 0.205874 2.400004
v 10.789779 -0.194126 2.400004
v 7.789778 0.205874 -0.349997
v 7.789778 -0.194126 -0.349997
v 7.789779 0.205873 2.400003
v 7.789779 -0.194127 2.400003
v 11.789529 0.205875 -1.399994
v 11.789529 0.205875 -2.399994
v 11.789779 0.205875 -1.399994
v 11.789779 0.205875 -2.399994
v 8.789779 -0.194125 -1.399996
v 8.789779 0.205875 -1.399996
v 8.789779 -0.194125 -2.399996
v 8.789779 0.205875 -2.399996
v 10.789779 -0.194125 -1.399994
v 10.789779 0.205875 -1.399994
v 10.789779 -0.194125 -2.399994
v 10.789779 0.205875 -2.399994
v 3.789779 0.205873 1.400002
v 3.789779 0.205873 2.400002
v 3.789529 0.205873 1.400002
v 3.789529 0.205873 2.400002
v 4.789779 0.205873 1.400002
v 4.789779 -0.194127 1.400002
v 4.789779 0.205873 2.400002
v 4.789779 -0.194127 2.400002
v 13.789779 0.205874 1.400006
v 13.789779 -0.194126 1.400006
v 13.789779 0.205874 2.400006
v 13.789779 -0.194126 2.400006
v 4.789779 -0.194125 -1.399996
v 4.789779 0.205875 -1.399996
v 4.789779 -0.194125 -2.399996
v 4.789779 0.205875 -2.399996
v 5.789779 -0.194125 -1.399996
v 5.789779 0.205875 -1.399996
v 5.789779 -0.194125 -2.399996
v 5.789779 0.205875 -2.399996
v 6.789779 -0.194125 -1.399996
v 6.789779 0.205875 -1.399996
v 6.789779 -0.194125 -2.399996
v 6.789779 0.205875 -2.399996
v 14.789780 -0.194125 -1.399992
v 14.789780 0.205875 -1.399992
v 14.789780 -0.194125 -2.399992
v 14.789780 0.205875 -2.399992
v 2.789779 -0.194131 16.000004
v 2.789779 0.205869 16.000004
v 2.789777 -0.194120 -15.999998
v 2.789777 0.205880 -15.999998
v 15.789779 0.205874 1.400007
v 15.789779 -0.194126 1.400007
v 15.789779 0.205874 2.400007
v 15.789779 -0.194126 2.400007
v 3.789779 0.205873 1.400002
v 3.789779 -0.194127 1.400002
v 3.789779 0.205873 2.400002
v 3.789779 -0.194127 2.400002
v 5.789779 0.205873 1.400002
v 5.789779 -0.194127 1.400002
v 5.789779 0.205873 2.400002
v 5.789779 -0.194127 2.400002
v 6.789779 0.205873 1.400002
v 6.789779 -0.194127 1.400002
v 6.789779 0.205873 2.400002
v 6.789779 -0.194127 2.400002
v 8.789779 0.205873 1.400003
v 8.789779 -0.194127 1.400003
v 8.789779 0.205873 2.400003
v 8.789779 -0.194127 2.400003
v 11.789779 0.205874 1.400005
v 11.789779 -0.194126 1.400005
v 11.789779 0.205874 2.400005
v 11.789779 -0.194126 2.400005
v 9.789779 0.205873 1.400004
v 9.789779 -0.194127 1.400004
v 9.789779 0.205873 2.400004
v 9.789779 -0.194127 2.400004
v 14.789780 0.205874 1.400007
v 14.789780 -0.194126 1.400007
v 14.789780 0.205874 2.400006
v 14.789780 -0.194126 2.400006
v 15.789779 -0.194125 -1.399992
v 15.789779 0.205875 -1.399992
v 15.789779 -0.194125 -2.399992
v 15.789779 0.205875 -2.399992
v 3.789779 -0.194125 -1.399998
v 3.789779 0.205875 -1.399998
v 3.789779 -0.194125 -2.399998
v 3.789779 0.205875 -2.399998
v 9.789779 -0.194125 -1.399994
v 9.789779 0.205875 -1.399994
v 9.789779 -0.194125 -2.399994
v 9.789779 0.205875 -2.399994
v 11.789779 -0.194125 -1.399994
v 11.789779 0.205875 -1.399994
v 11.789779 -0.194125 -2.399994
v 11.789779 0.205875 -2.399994
v 13.789779 -0.194125 -1.399992
v 13.789779 0.205875 -1.399992
v 13.789779 -0.194125 -2.399992
v 13.789779 0.205875 -2.399992
v 7.789778 -0.194126 0.350004
v 7.789778 0.205874 0.350004
v 7.789779 -0.194125 -2.399996
v 7.789779 0.205875 -2.399996
v 12.789779 0.205875 -0.349995
v 12.789779 -0.194125 -0.349995
v 12.789780 0.205874 2.400006
v 12.789780 -0.194126 2.400006
v 14.789530 0.205875 -1.399992
v 14.789530 0.205875 -2.399992
v 14.789780 0.205875 -1.399992
v 14.789780 0.205875 -2.399992
v 12.789779 -0.194126 0.350007
v 12.789779 0.205874 0.350007
v 12.789780 -0.194125 -2.399994
v 12.789780 0.205875 -2.399994
v 7.789528 0.205874 0.350004
v 7.789529 0.205875 -2.399996
v 7.789778 0.205874 0.350004
v 7.789779 0.205875 -2.399996
v -3.797709 0.199999 -1.400002
v -3.797709 -0.200001 -1.400002
v -3.797709 0.199999 -2.400002
v -3.797709 -0.200001 -2.400002
v -6.797709 0.199999 -1.400003
v -6.797709 -0.200001 -1.400003
v -6.797709 0.199999 -2.400003
v -6.797709 -0.200001 -2.400003
v -9.797710 -0.200000 1.399996
v -9.797710 0.200000 1.399996
v -9.797710 -0.200000 2.399996
v -9.797710 0.200000 2.399996
v -10.797710 -0.200000 1.399996
v -10.797710 0.200000 1.399996
v -10.797710 -0.200000 2.399996
v -10.797710 0.200000 2.399996
v -7.797708 0.199999 0.349997
v -7.797708 -0.200001 0.349997
v -7.797709 0.199999 -2.400003
v -7.797709 -0.200001 -2.400003
v -3.797709 -0.200000 1.399999
v -3.797709 0.200000 1.399999
v -3.797709 -0.200000 2.399999
v -3.797709 0.200000 2.399999
v -5.797709 -0.200000 1.399998
v -5.797709 0.200000 1.399998
v -5.797709 -0.200000 2.399998
v -5.797709 0.200000 2.399998
v -6.797709 -0.200000 1.399998
v -6.797709 0.200000 1.399998
v -6.797709 -0.200000 2.399998
v -6.797709 0.200000 2.399998
v -5.797709 0.199999 -1.400003
v -5.797709 -0.200001 -1.400003
v -5.797709 0.199999 -2.400003
v -5.797709 -0.200001 -2.400003
v -7.797708 -0.200000 -0.350003
v -7.797708 0.200000 -0.350003
v -7.797709 -0.200000 2.399997
v -7.797709 0.200000 2.399997
v -8.797709 0.199999 -1.400003
v -8.797709 -0.200001 -1.400003
v -8.797709 0.199999 -2.400003
v -8.797709 -0.200001 -2.400003
v -10.797710 0.200000 -1.400005
v -10.797710 -0.200000 -1.400005
v -10.797710 0.200000 -2.400005
v -10.797710 -0.200000 -2.400005
v -13.797709 0.200000 -1.400007
v -13.797709 -0.200000 -1.400007
v -13.797709 0.200000 -2.400007
v -13.797709 -0.200000 -2.400007
v -9.797710 0.199999 -1.400005
v -9.797710 -0.200001 -1.400005
v -9.797710 0.199999 -2.400005
v -9.797710 -0.200001 -2.400005
v -2.797708 0.199994 16.000000
v -2.797708 -0.200006 16.000000
v -2.797709 0.200006 -16.000002
v -2.797709 -0.199994 -16.000002
v -11.797709 0.200000 -1.400005
v -11.797709 -0.200000 -1.400005
v -11.797709 0.200000 -2.400005
v -11.797709 -0.200000 -2.400005
v -13.797709 -0.200000 1.399994
v -13.797709 0.200000 1.399994
v -13.797709 -0.200000 2.399994
v -13.797709 0.200000 2.399994
v -12.797709 -0.200000 -0.350006
v -12.797709 0.200000 -0.350006
v -12.797710 -0.200000 2.399995
v -12.797710 0.200000 2.399995
v -12.797709 0.200000 0.349994
v -12.797709 -0.200000 0.349994
v -12.797710 0.200000 -2.400005
v -12.797710 -0.200000 -2.400005
v -14.797709 -0.200000 1.399994
v -14.797709 0.200000 1.399994
v -14.797711 -0.200000 2.399994
v -14.797711 0.200000 2.399994
v -15.797709 0.200000 -1.400007
v -15.797709 -0.200000 -1.400007
v -15.797709 0.200000 -2.400007
v -15.797709 -0.200000 -2.400007
v -4.797709 -0.200000 1.399999
v -4.797709 0.200000 1.399999
v -4.797709 -0.200000 2.399999
v -4.797709 0.200000 2.399999
v -11.797709 -0.200000 1.399995
v -11.797709 0.200000 1.399995
v -11.797709 -0.200000 2.399995
v -11.797709 0.200000 2.399995
v -15.797709 -0.200000 1.399993
v -15.797709 0.200000 1.399993
v -15.797709 -0.200000 2.399993
v -15.797709 0.200000 2.399993
v -14.797709 0.200000 -1.400007
v -14.797709 -0.200000 -1.400007
v -14.797711 0.200000 -2.400007
v -14.797711 -0.200000 -2.400007
v -8.797709 -0.200000 1.399997
v -8.797709 0.200000 1.399997
v -8.797709 -0.200000 2.399997
v -8.797709 0.200000 2.399997
v -4.797709 0.199999 -1.400003
v -4.797709 -0.200001 -1.400003
v -4.797709 0.199999 -2.400003
v -4.797709 -0.200001 -2.400003
v 1.750000 -0.192073 9.543326
v 1.750000 0.207927 9.543326
v 2.750000 -0.192073 9.543326
v 2.750000 0.207927 9.543326
v -1.750000 0.207925 15.543324
v -1.750000 -0.192075 15.543324
v -2.750000 0.207925 15.543324
v -2.750000 -0.192075 15.543324
v -1.750001 0.207928 5.543325
v -1.750001 -0.192072 5.543325
v -2.750000 0.207928 5.543325
v -2.750000 -0.192072 5.543325
v 1.750000 -0.192075 15.543324
v 1.750000 0.207925 15.543324
v 2.750000 -0.192075 15.543324
v 2.750000 0.207925 15.543324
v 1.750000 -0.192071 4.543326
v 1.750000 0.207929 4.543326
v 2.750000 -0.192071 4.543326
v 2.750000 0.207929 4.543326
v -0.000000 -0.192074 12.543324
v -0.000000 0.207926 12.543324
v 2.750000 -0.192074 12.543326
v 2.750000 0.207926 12.543326
v -1.750001 0.207928 4.543325
v -1.750001 -0.192072 4.543325
v -2.750000 0.207928 4.543325
v -2.750000 -0.192072 4.543325
v -1.750001 0.207928 3.543325
v -1.750001 -0.192072 3.543325
v -2.750000 0.207928 3.543325
v -2.750000 -0.192072 3.543325
v -1.750000 0.207927 8.543324
v -1.750000 -0.192073 8.543324
v -2.750000 0.207927 8.543325
v -2.750000 -0.192073 8.543325
v -1.750000 0.207927 11.543324
v -1.750000 -0.192073 11.543324
v -2.750000 0.207927 11.543324
v -2.750000 -0.192073 11.543324
v 1.750000 -0.192072 6.543326
v 1.750000 0.207928 6.543326
v 2.750000 -0.192072 6.543326
v 2.750000 0.207928 6.543326
v 1.750000 -0.192072 8.543326
v 1.750000 0.207928 8.543326
v 2.750000 -0.192072 8.543326
v 2.750000 0.207928 8.543326
v -0.000000 -0.192072 7.543325
v -0.000000 0.207928 7.543325
v 2.750000 -0.192072 7.543326
v 2.750000 0.207928 7.543326
v -16.000002 -0.192070 2.443317
v -16.000002 0.207930 2.443317
v 16.000000 -0.192070 2.443332
v 16.000000 0.207930 2.443332
v -0.000000 0.207926 12.543324
v -0.000000 -0.192074 12.543324
v -2.750000 0.207926 12.543325
v -2.750000 -0.192074 12.543325
v -1.750001 0.207927 6.543325
v -1.750001 -0.192073 6.543325
v -2.750000 0.207927 6.543325
v -2.750000 -0.192073 6.543325
v -1.750000 0.207926 9.543324
v -1.750000 -0.192074 9.543324
v -2.750000 0.207926 9.543324
v -2.750000 -0.192074 9.543324
v -1.750000 0.207927 10.543324
v -1.750000 -0.192073 10.543324
v -2.750000 0.207927 10.543324
v -2.750000 -0.192073 10.543324
v -1.750000 0.207926 13.543324
v -1.750000 -0.192074 13.543324
v -2.750000 0.207926 13.543324
v -2.750000 -0.192074 13.543324
v -1.750000 0.207926 14.543324
v -1.750000 -0.192074 14.543324
v -2.750000 0.207926 14.543324
v -2.750000 -0.192074 14.543324
v 2.750000 0.207929 5.542326
v 2.750000 0.207929 5.543326
v 1.750000 0.207929 5.542326
v 1.750000 0.207929 5.543326
v 1.750000 -0.192071 3.543326
v 1.750000 0.207929 3.543326
v 2.750000 -0.192071 3.543326
v 2.750000 0.207929 3.543326
v -0.000001 0.207927 7.543325
v -0.000001 -0.192073 7.543325
v -2.750000 0.207927 7.543325
v -2.750000 -0.192073 7.543325
v 1.750000 -0.192071 5.543326
v 1.750000 0.207929 5.543326
v 2.750000 -0.192071 5.543326
v 2.750000 0.207929 5.543326
v 1.750000 -0.192073 11.543325
v 1.750000 0.207927 11.543325
v 2.750000 -0.192073 11.543326
v 2.750000 0.207927 11.543326
v 1.750000 -0.192074 14.543325
v 1.750000 0.207926 14.543325
v 2.750000 -0.192074 14.543326
v 2.750000 0.207926 14.543326
v 1.750000 -0.192074 13.543325
v 1.750000 0.207926 13.543325
v 2.750000 -0.192074 13.543326
v 2.750000 0.207926 13.543326
v -0.000000 0.207926 12.542325
v 2.750000 0.207926 12.542327
v -0.000000 0.207926 12.543324
v 2.750000 0.207926 12.543326
v -16.000002 0.207930 2.442317
v 16.000000 0.207930 2.442333
v -16.000002 0.207930 2.443317
v 16.000000 0.207930 2.443332
v -1.750000 0.207926 13.543324
v -2.750000 0.207926 13.543324
v -1.750000 0.207926 13.542325
v -2.750000 0.207926 13.542325
v 1.750000 -0.192073 10.543326
v 1.750000 0.207927 10.543326
v 2.750000 -0.192073 10.543326
v 2.750000 0.207927 10.543326
v -1.750001 0.207927 6.543325
v -2.750000 0.207927 6.543325
v -1.750001 0.207927 6.542325
v -2.750000 0.207927 6.542325
v 1.750000 0.207402 -3.550462
v 1.750000 -0.192598 -3.550462
v 2.750000 0.207402 -3.550462
v 2.750000 -0.192598 -3.550462
v -1.749999 -0.192596 -6.550462
v -1.749999 0.207404 -6.550462
v -2.749999 -0.192596 -6.550462
v -2.749999 0.207404 -6.550462
v 1.750000 0.207403 -4.550462
v 1.750000 -0.192597 -4.550462
v 2.750000 0.207403 -4.550462
v 2.750000 -0.192597 -4.550462
v 1.750000 0.207406 -13.550462
v 1.750000 -0.192594 -13.550462
v 2.750000 0.207406 -13.550462
v 2.750000 -0.192594 -13.550462
v 1.750000 0.207404 -9.550462
v 1.750000 -0.192596 -9.550462
v 2.750000 0.207405 -9.550462
v 2.750000 -0.192596 -9.550462
v 1.750000 0.207405 -10.550462
v 1.750000 -0.192595 -10.550462
v 2.750000 0.207405 -10.550462
v 2.750000 -0.192595 -10.550462
v 0.000001 0.207404 -7.549462
v -2.750000 0.207404 -7.549462
v 0.000001 0.207404 -7.550462
v -2.750000 0.207404 -7.550462
v -16.000002 0.207402 -2.450469
v -16.000002 -0.192598 -2.450469
v 16.000000 0.207402 -2.450454
v 16.000000 -0.192598 -2.450454
v 0.000000 -0.192594 -12.550462
v 0.000000 0.207406 -12.550462
v -2.750000 -0.192594 -12.550462
v -2.750000 0.207406 -12.550462
v 1.750000 0.207406 -14.550462
v 1.750000 -0.192594 -14.550462
v 2.750000 0.207406 -14.550462
v 2.750000 -0.192594 -14.550462
v 1.750000 0.207406 -11.550462
v 1.750000 -0.192594 -11.550462
v 2.750000 0.207406 -11.550462
v 2.750000 -0.192594 -11.550462
v -1.750000 -0.192594 -14.550462
v -1.750000 0.207406 -14.550462
v -2.750000 -0.192594 -14.550464
v -2.750000 0.207406 -14.550464
v 0.000000 0.207403 -7.550462
v 0.000000 -0.192597 -7.550462
v 2.750000 0.207403 -7.550462
v 2.750000 -0.192597 -7.550462
v -2.750000 0.207406 -12.549462
v -2.750000 0.207406 -12.550462
v 0.000000 0.207406 -12.549462
v 0.000000 0.207406 -12.550462
v 0.000000 0.207406 -12.550464
v 0.000000 -0.192594 -12.550464
v 2.750000 0.207406 -12.550462
v 2.750000 -0.192594 -12.550462
v 1.750000 0.207407 -15.550462
v 1.750000 -0.192593 -15.550462
v 2.750000 0.207407 -15.550462
v 2.750000 -0.192593 -15.550462
v -16.000002 0.207402 -2.450469
v 16.000000 0.207402 -2.450454
v -16.000002 0.207402 -2.449470
v 16.000000 0.207402 -2.449454
v -1.749999 -0.192596 -5.550462
v -1.749999 0.207404 -5.550462
v -2.749999 -0.192596 -5.550462
v -2.749999 0.207404 -5.550462
v 1.750000 0.207403 -5.550462
v 1.750000 -0.192597 -5.550462
v 2.750000 0.207403 -5.550462
v 2.750000 -0.192597 -5.550462
v -1.750000 0.207404 -8.549462
v -2.750000 0.207404 -8.549462
v -1.750000 0.207404 -8.550462
v -2.750000 0.207404 -8.550462
v -1.750000 -0.192593 -15.550462
v -1.750000 0.207407 -15.550462
v -2.750000 -0.192593 -15.550462
v -2.750000 0.207407 -15.550462
v -1.749999 -0.192596 -4.550462
v -1.749999 0.207404 -4.550462
v -2.749999 -0.192596 -4.550462
v -2.749999 0.207404 -4.550462
v 0.000001 -0.192596 -7.550462
v 0.000001 0.207404 -7.550462
v -2.750000 -0.192596 -7.550462
v -2.750000 0.207404 -7.550462
v 1.750000 0.207403 -8.550462
v 1.750000 -0.192597 -8.550462
v 2.750000 0.207403 -8.550462
v 2.750000 -0.192597 -8.550462
v -1.750000 -0.192596 -8.550462
v -1.750000 0.207404 -8.550462
v -2.750000 -0.192596 -8.550462
v -2.750000 0.207404 -8.550462
v -1.750000 -0.192595 -10.550462
v -1.750000 0.207405 -10.550462
v -2.750000 -0.192595 -10.550462
v -2.750000 0.207405 -10.550462
v -1.750000 -0.192594 -11.550462
v -1.750000 0.207406 -11.550462
v -2.750000 -0.192594 -11.550464
v -2.750000 0.207406 -11.550464
v -1.750000 -0.192594 -13.550462
v -1.750000 0.207406 -13.550462
v -2.750000 -0.192594 -13.550464
v -2.750000 0.207406 -13.550464
v -1.749999 -0.192597 -3.550462
v -1.749999 0.207403 -3.550462
v -2.749999 -0.192597 -3.550462
v -2.749999 0.207403 -3.550462
v -1.750000 -0.192595 -9.550462
v -1.750000 0.207405 -9.550462
v -2.750000 -0.192595 -9.550462
v -2.750000 0.207405 -9.550462
v 1.750000 0.207403 -6.550462
v 1.750000 -0.192597 -6.550462
v 2.750000 0.207403 -6.550462
v 2.750000 -0.192597 -6.550462
v -1.750000 -0.192594 -14.549462
v -1.750000 -0.192594 -14.550462
v -2.750000 -0.192594 -14.549464
v -2.750000 -0.192594 -14.550464
v 1.750000 0.207403 -4.550462
v 2.750000 0.207403 -4.550462
v 1.750000 0.207403 -4.549462
v 2.750000 0.207403 -4.549462
vn 1.0000 0.0000 0.0000
vn -1.0000 0.0000 0.0000
vn 0.0000 -1.0000 -0.0000
vn 0.0000 0.0000 -1.0000
vn 0.0000 1.0000 0.0000
vn 0.0000 0.0000 1.0000
vn 0.1086 -0.7329 -0.6716
vn -0.0989 0.6675 -0.7380
vn -0.1086 0.7329 -0.6716
vn 0.0989 -0.6675 -0.7380
vn -0.0989 0.6675 0.7380
vn 0.1086 -0.7329 0.6716
vn 0.0989 -0.6675 0.7380
vn -0.1086 0.7329 0.6716
vn 0.0681 -0.4595 0.8856
vn 0.0681 -0.4595 -0.8856
vn 0.1459 -0.9849 -0.0932
vn 0.1459 -0.9849 0.0932
vn -0.1459 0.9849 -0.0932
vn -0.0681 0.4595 -0.8856
vn -0.1459 0.9849 0.0932
vn -0.0681 0.4595 0.8856
vn 0.0000 -0.7071 0.7071
vn 0.0000 0.7071 0.7071
vn 0.0000 0.7071 -0.7071
vn 0.0000 -0.7071 -0.7071
vn 0.7449 0.6560 -0.1215
vn -0.7449 0.6560 -0.1215
vn -0.6621 0.7369 -0.1365
vn 0.6621 0.7369 -0.1365
vn 0.6621 -0.7369 0.1365
vn 0.7449 -0.6560 0.1215
vn 0.1158 0.9767 -0.1809
vn -0.1158 0.9767 -0.1809
vn -0.8832 0.4611 -0.0854
vn 0.8832 0.4611 -0.0854
vn -0.8832 -0.4611 0.0854
vn -0.1158 -0.9767 0.1809
vn 0.8833 -0.4610 0.0854
vn 0.1158 -0.9767 0.1809
vn -0.6621 -0.7369 0.1365
vn -0.7449 -0.6560 0.1215
vn 0.8832 -0.4611 0.0854
vn 0.8832 0.4612 -0.0854
vn -0.8833 0.4609 -0.0854
vn -0.8831 -0.4613 0.0854
vn 0.7380 0.6675 0.0989
vn 0.6716 -0.7329 -0.1086
vn 0.7380 -0.6675 -0.0989
vn 0.6716 0.7329 0.1086
vn -0.7380 0.6675 0.0989
vn -0.6716 0.7329 0.1086
vn -0.6716 -0.7329 -0.1086
vn -0.7380 -0.6675 -0.0989
vn -0.0932 0.9849 0.1459
vn 0.0932 0.9849 0.1459
vn 0.8856 0.4595 0.0681
vn -0.8856 0.4595 0.0681
vn 0.8856 -0.4595 -0.0681
vn -0.8855 -0.4597 -0.0681
vn -0.0932 -0.9849 -0.1459
vn 0.0932 -0.9849 -0.1459
vn -0.8856 0.4593 0.0681
vn -0.8856 -0.4595 -0.0681
usemtl None.002
s 1
f 1//1 4//1 3//1 2//1
f 5//2 6//2 7//2 8//2
f 9//3 10//3 11//3 12//3
f 13//4 14//4 15//4 16//4
f 17//1 18//1 19//1 20//1
f 21//1 22//1 23//1 24//1
f 25//2 26//2 27//2 28//2
f 29//4 30//4 31//4 32//4
f 33//1 34//1 35//1 36//1
f 37//2 38//2 39//2 40//2
f 41//2 42//2 43//2 44//2
f 45//5 46//5 47//5 48//5
f 49//1 52//1 51//1 50//1
f 53//5 54//5 55//5 56//5
f 57//6 58//6 59//6 60//6
f 61//2 64//2 63//2 62//2
f 65//1 66//1 67//1 68//1
f 69//2 72//2 71//2 70//2
f 73//4 74//4 75//4 76//4
f 77//3 78//3 79//3 80//3
f 81//3 82//3 83//3 84//3
f 85//4 88//4 87//4 86//4
f 89//6 92//6 91//6 90//6
f 93//3 96//3 95//3 94//3
f 97//1 100//1 99//1 98//1
f 101//4 102//4 103//4 104//4
f 105//6 106//6 107//6 108//6
f 109//6 112//6 111//6 110//6
f 113//4 116//4 115//4 114//4
f 117//6 118//6 119//6 120//6
f 121//1 122//1 123//1 124//1
f 125//1 126//1 127//1 128//1
f 129//1 130//1 131//1 132//1
f 133//4 134//4 135//4 136//4
f 137//4 140//4 139//4 138//4
f 141//3 142//3 143//3 144//3
f 145//3 146//3 147//3 148//3
f 149//2 150//2 151//2 152//2
f 153//4 154//4 155//4 156//4
f 157//2 158//2 159//2 160//2
f 161//6 162//6 163//6 164//6
f 165//2 166//2 167//2 168//2
f 169//2 172//2 171//2 170//2
f 173//2 176//2 175//2 174//2
f 177//5 178//5 179//5 180//5
f 181//5 182//5 183//5 184//5
f 185//3 186//3 187//3 188//3
f 189//4 192//4 191//4 190//4
f 193//3 194//3 195//3 196//3
f 197//5 198//5 199//5 200//5
f 201//5 202//5 203//5 204//5
f 205//6 208//6 207//6 206//6
f 209//6 210//6 211//6 212//6
f 213//6 216//6 215//6 214//6
f 217//6 220//6 219//6 218//6
f 221//6 224//6 223//6 222//6
f 225//5 226//5 227//5 228//5
f 229//1 230//1 231//1 232//1
f 233//5 234//5 235//5 236//5
f 237//5 238//5 239//5 240//5
f 241//1 244//1 243//1 242//1
f 245//4 246//4 247//4 248//4
f 249//3 252//3 251//3 250//3
f 253//1 254//1 255//1 256//1
f 257//6 258//6 259//6 260//6
f 261//4 262//4 263//4 264//4
f 265//1 266//1 267//1 268//1
f 269//4 272//4 271//4 270//4
f 273//6 274//6 275//6 276//6
f 277//1 278//1 279//1 280//1
f 281//1 284//1 283//1 282//1
f 285//3 288//3 287//3 286//3
f 289//4 292//4 291//4 290//4
f 293//2 296//2 295//2 294//2
f 297//3 298//3 299//3 300//3
f 301//6 302//6 303//6 304//6
f 305//4 308//4 307//4 306//4
f 309//5 310//5 311//5 312//5
f 313//1 314//1 315//1 316//1
f 317//2 320//2 319//2 318//2
f 321//4 322//4 323//4 324//4
f 325//4 328//4 327//4 326//4
f 329//2 330//2 331//2 332//2
f 333//6 334//6 335//6 336//6
f 337//2 338//2 339//2 340//2
f 341//2 342//2 343//2 344//2
f 345//2 346//2 347//2 348//2
f 349//4 352//4 351//4 350//4
f 353//2 354//2 355//2 356//2
f 357//3 358//3 359//3 360//3
f 361//4 362//4 363//4 364//4
f 365//2 366//2 367//2 368//2
f 369//2 370//2 371//2 372//2
f 373//2 376//2 375//2 374//2
f 377//6 378//6 379//6 380//6
f 381//2 384//2 383//2 382//2
f 385//2 388//2 387//2 386//2
f 389//2 392//2 391//2 390//2
f 393//4 394//4 395//4 396//4
f 397//4 400//4 399//4 398//4
f 401//1 402//1 403//1 404//1
f 405//3 406//3 407//3 408//3
f 409//3 410//3 411//3 412//3
f 413//4 414//4 415//4 416//4
f 417//5 418//5 419//5 420//5
f 421//4 424//4 423//4 422//4
f 425//3 426//3 427//3 428//3
f 429//4 432//4 431//4 430//4
f 433//3 434//3 435//3 436//3
f 437//3 438//3 439//3 440//3
f 441//3 442//3 443//3 444//3
f 445//6 448//6 447//6 446//6
f 449//4 452//4 451//4 450//4
f 453//4 456//4 455//4 454//4
f 457//6 460//6 459//6 458//6
f 461//3 462//3 463//3 464//3
f 465//3 466//3 467//3 468//3
f 469//1 470//1 471//1 472//1
f 473//6 476//6 475//6 474//6
f 477//5 478//5 479//5 480//5
f 481//6 484//6 483//6 482//6
f 485//6 488//6 487//6 486//6
f 489//2 492//2 491//2 490//2
f 493//1 494//1 495//1 496//1
f 497//6 500//6 499//6 498//6
f 501//5 502//5 503//5 504//5
f 505//5 506//5 507//5 508//5
f 509//3 512//3 511//3 510//3
f 513//1 516//1 515//1 514//1
f 517//1 520//1 519//1 518//1
f 521//1 524//1 523//1 522//1
f 525//1 526//1 527//1 528//1
f 529//6 532//6 531//6 530//6
f 533//1 536//1 535//1 534//1
f 537//6 538//6 539//6 540//6
f 541//3 542//3 543//3 544//3
f 545//1 546//1 547//1 548//1
f 549//1 552//1 551//1 550//1
f 553//1 556//1 555//1 554//1
f 557//6 560//6 559//6 558//6
f 561//4 562//4 563//4 564//4
f 565//4 566//4 567//4 568//4
f 569//1 572//1 571//1 570//1
f 573//5 574//5 575//5 576//5
f 577//3 578//3 579//3 580//3
f 581//4 582//4 583//4 584//4
f 585//4 586//4 587//4 588//4
f 589//3 590//3 591//3 592//3
f 593//1 596//1 595//1 594//1
f 597//4 598//4 599//4 600//4
f 601//3 602//3 603//3 604//3
f 605//6 606//6 607//6 608//6
f 609//3 612//3 611//3 610//3
f 613//2 616//2 615//2 614//2
f 617//6 618//6 619//6 620//6
f 621//5 622//5 623//5 624//5
f 625//6 626//6 627//6 628//6
f 629//1 630//1 631//1 632//1
f 633//5 634//5 635//5 636//5
f 637//2 640//2 639//2 638//2
f 641//6 642//6 643//6 644//6
f 645//1 646//1 647//1 648//1
f 649//6 650//6 651//6 652//6
f 653//2 656//2 655//2 654//2
f 657//6 658//6 659//6 660//6
f 661//6 662//6 663//6 664//6
f 665//2 668//2 667//2 666//2
f 669//2 672//2 671//2 670//2
f 673//1 674//1 675//1 676//1
f 677//4 680//4 679//4 678//4
f 681//1 682//1 683//1 684//1
f 685//1 686//1 687//1 688//1
f 689//2 692//2 691//2 690//2
f 693//2 696//2 695//2 694//2
f 697//2 700//2 699//2 698//2
f 701//1 702//1 703//1 704//1
f 705//2 706//2 707//2 708//2
f 709//2 710//2 711//2 712//2
f 713//2 714//2 715//2 716//2
f 717//2 718//2 719//2 720//2
f 721//4 724//4 723//4 722//4
f 725//3 726//3 727//3 728//3
f 729//2 730//2 731//2 732//2
f 733//2 734//2 735//2 736//2
f 737//2 738//2 739//2 740//2
f 741//6 744//6 743//6 742//6
f 745//2 746//2 747//2 748//2
f 749//2 752//2 751//2 750//2
f 753//4 756//4 755//4 754//4
f 757//2 760//2 759//2 758//2
f 761//4 764//4 763//4 762//4
f 765//2 766//2 767//2 768//2
f 769//2 772//2 771//2 770//2
f 773//2 774//2 775//2 776//2
f 777//2 778//2 779//2 780//2
f 781//2 784//2 783//2 782//2
f 785//2 786//2 787//2 788//2
f 789//2 792//2 791//2 790//2
f 793//2 794//2 795//2 796//2
f 797//4 800//4 799//4 798//4
f 801//1 802//1 803//1 804//1
f 805//2 806//2 807//2 808//2
f 809//2 812//2 811//2 810//2
f 813//4 814//4 815//4 816//4
f 817//2 818//2 819//2 820//2
f 821//2 822//2 823//2 824//2
f 825//4 826//4 827//4 828//4
f 829//3 830//3 831//3 832//3
f 833//6 834//6 835//6 836//6
f 837//5 838//5 839//5 840//5
f 841//5 842//5 843//5 844//5
f 845//3 846//3 847//3 848//3
f 849//5 850//5 851//5 852//5
f 853//6 854//6 855//6 856//6
f 857//5 858//5 859//5 860//5
f 861//3 862//3 863//3 864//3
f 865//1 866//1 867//1 868//1
f 869//5 870//5 871//5 872//5
f 873//3 874//3 875//3 876//3
f 877//2 878//2 879//2 880//2
f 881//6 884//6 883//6 882//6
f 885//6 886//6 887//6 888//6
f 889//5 890//5 891//5 892//5
f 893//4 896//4 895//4 894//4
f 897//2 900//2 899//2 898//2
f 901//6 902//6 903//6 904//6
f 905//6 906//6 907//6 908//6
f 909//6 910//6 911//6 912//6
f 913//3 916//3 915//3 914//3
f 917//4 918//4 919//4 920//4
f 921//4 922//4 923//4 924//4
f 925//3 926//3 927//3 928//3
f 929//3 930//3 931//3 932//3
f 933//4 934//4 935//4 936//4
f 937//4 938//4 939//4 940//4
f 941//3 942//3 943//3 944//3
f 945//3 948//3 947//3 946//3
f 949//6 950//6 951//6 952//6
f 953//2 954//2 955//2 956//2
f 957//3 958//3 959//3 960//3
f 961//3 962//3 963//3 964//3
f 965//5 966//5 967//5 968//5
f 969//5 970//5 971//5 972//5
f 973//6 974//6 975//6 976//6
f 977//6 978//6 979//6 980//6
f 981//4 982//4 983//4 984//4
f 985//5 986//5 987//5 988//5
f 989//6 990//6 991//6 992//6
f 993//5 994//5 995//5 996//5
f 997//6 998//6 999//6 1000//6
f 1001//3 1002//3 1003//3 1004//3
f 1005//3 1006//3 1007//3 1008//3
f 1009//3 1010//3 1011//3 1012//3
f 1013//4 1014//4 1015//4 1016//4
f 1017//4 1018//4 1019//4 1020//4
f 1021//1 1022//1 1023//1 1024//1
f 1025//3 1026//3 1027//3 1028//3
f 1029//3 1030//3 1031//3 1032//3
f 1033//5 1034//5 1035//5 1036//5
f 1037//4 1038//4 1039//4 1040//4
f 1041//5 1042//5 1043//5 1044//5
f 1045//2 1046//2 1047//2 1048//2
f 1049//5 1050//5 1051//5 1052//5
f 1053//5 1054//5 1055//5 1056//5
f 1057//4 1060//4 1059//4 1058//4
f 1061//4 1064//4 1063//4 1062//4
f 1065//1 1066//1 1067//1 1068//1
f 1069//4 1070//4 1071//4 1072//4
f 1073//5 1074//5 1075//5 1076//5
f 1077//5 1078//5 1079//5 1080//5
f 1081//1 1082//1 1083//1 1084//1
f 1085//6 1086//6 1087//6 1088//6
f 1089//3 1090//3 1091//3 1092//3
f 1093//5 1094//5 1095//5 1096//5
f 1097//1 1098//1 1099//1 1100//1
f 1101//4 1102//4 1103//4 1104//4
f 1105//1 1106//1 1107//1 1108//1
f 1109//1 1112//1 1111//1 1110//1
f 1113//4 1114//4 1115//4 1116//4
f 1117//1 1120//1 1119//1 1118//1
f 1121//3 1122//3 1123//3 1124//3
f 1125//3 1126//3 1127//3 1128//3
f 1129//2 1130//2 1131//2 1132//2
f 1133//5 1134//5 1135//5 1136//5
f 1137//2 1138//2 1139//2 1140//2
f 1141//3 1144//3 1143//3 1142//3
f 1145//2 1146//2 1147//2 1148//2
f 1149//3 1150//3 1151//3 1152//3
f 1153//4 1156//4 1155//4 1154//4
f 1157//6 1158//6 1159//6 1160//6
f 1161//5 1162//5 1163//5 1164//5
f 1165//1 1168//1 1167//1 1166//1
f 1169//3 1170//3 1171//3 1172//3
f 1173//5 1174//5 1175//5 1176//5
f 1177//1 1178//1 1179//1 1180//1
f 1181//3 1182//3 1183//3 1184//3
f 1185//1 1186//1 1187//1 1188//1
f 1189//3 1190//3 1191//3 1192//3
f 1193//4 1194//4 1195//4 1196//4
f 1197//3 1198//3 1199//3 1200//3
f 1201//5 1202//5 1203//5 1204//5
f 1205//5 1206//5 1207//5 1208//5
f 1209//1 1212//1 1211//1 1210//1
f 1213//6 1214//6 1215//6 1216//6
f 1217//3 1218//3 1219//3 1220//3
f 1221//5 1222//5 1223//5 1224//5
f 1225//3 1226//3 1227//3 1228//3
f 1229//5 1230//5 1231//5 1232//5
f 1233//6 1234//6 1235//6 1236//6
f 1237//6 1238//6 1239//6 1240//6
f 1241//5 1242//5 1243//5 1244//5
f 1245//5 1246//5 1247//5 1248//5
f 1249//3 1250//3 1251//3 1252//3
f 1253//6 1254//6 1255//6 1256//6
f 1257//2 1260//2 1259//2 1258//2
f 1261//4 1262//4 1263//4 1264//4
f 1265//5 1266//5 1267//5 1268//5
f 1269//5 1270//5 1271//5 1272//5
f 1273//3 1274//3 1275//3 1276//3
f 1277//4 1278//4 1279//4 1280//4
f 1281//4 1282//4 1283//4 1284//4
f 1285//3 1286//3 1287//3 1288//3
f 1289//6 1290//6 1291//6 1292//6
f 1293//1 1294//1 1295//1 1296//1
f 1297//4 1298//4 1299//4 1300//4
f 1301//2 1302//2 1303//2 1304//2
f 1305//4 1306//4 1307//4 1308//4
f 1309//4 1310//4 1311//4 1312//4
f 1313//3 1314//3 1315//3 1316//3
f 1317//2 1318//2 1319//2 1320//2
f 1321//5 1322//5 1323//5 1324//5
f 1325//5 1326//5 1327//5 1328//5
f 1329//1 1330//1 1331//1 1332//1
f 1333//1 1334//1 1335//1 1336//1
f 1337//2 1338//2 1339//2 1340//2
f 1341//1 1342//1 1343//1 1344//1
f 1345//5 1346//5 1347//5 1348//5
f 1349//4 1352//4 1351//4 1350//4
f 1353//3 1354//3 1355//3 1356//3
f 1357//5 1358//5 1359//5 1360//5
f 1361//2 1362//2 1363//2 1364//2
f 1365//1 1366//1 1367//1 1368//1
f 1369//2 1370//2 1371//2 1372//2
f 1373//1 1374//1 1375//1 1376//1
f 1377//4 1378//4 1379//4 1380//4
f 1381//1 1382//1 1383//1 1384//1
f 1385//1 1388//1 1387//1 1386//1
f 1389//2 1390//2 1391//2 1392//2
f 1393//5 1394//5 1395//5 1396//5
f 1397//5 1398//5 1399//5 1400//5
f 1401//6 1402//6 1403//6 1404//6
f 1405//4 1406//4 1407//4 1408//4
f 1409//4 1410//4 1411//4 1412//4
f 1413//1 1414//1 1415//1 1416//1
f 1417//3 1418//3 1419//3 1420//3
f 1421//1 1422//1 1423//1 1424//1
f 1425//5 1426//5 1427//5 1428//5
f 1429//1 1430//1 1431//1 1432//1
f 1433//2 1434//2 1435//2 1436//2
f 1437//4 1438//4 1439//4 1440//4
f 1441//4 1444//4 1443//4 1442//4
f 1445//6 1446//6 1447//6 1448//6
f 1449//6 1450//6 1451//6 1452//6
f 1453//6 1454//6 1455//6 1456//6
f 1457//3 1458//3 1459//3 1460//3
f 1461//1 1462//1 1463//1 1464//1
f 1465//6 1468//6 1467//6 1466//6
f 1469//6 1470//6 1471//6 1472//6
f 1473//5 1474//5 1475//5 1476//5
f 1477//1 1478//1 1479//1 1480//1
f 1481//4 1482//4 1483//4 1484//4
f 1485//5 1486//5 1487//5 1488//5
f 1489//4 1490//4 1491//4 1492//4
f 1493//3 1494//3 1495//3 1496//3
f 1497//2 1498//2 1499//2 1500//2
f 1501//1 1502//1 1503//1 1504//1
f 1505//3 1506//3 1507//3 1508//3
f 1509//2 1510//2 1511//2 1512//2
f 1513//1 1514//1 1515//1 1516//1
f 1517//2 1518//2 1519//2 1520//2
f 1521//4 1522//4 1523//4 1524//4
f 1525//5 1526//5 1527//5 1528//5
f 1529//1 1530//1 1531//1 1532//1
f 1533//6 1536//6 1535//6 1534//6
f 1537//2 1538//2 1539//2 1540//2
f 1541//4 1542//4 1543//4 1544//4
f 1545//1 1546//1 1547//1 1548//1
f 1549//6 1550//6 1551//6 1552//6
f 1553//3 1554//3 1555//3 1556//3
f 1557//1 1558//1 1559//1 1560//1
f 1561//2 1562//2 1563//2 1564//2
f 1565//2 1566//2 1567//2 1568//2
f 1569//6 1570//6 1571//6 1572//6
f 1573//6 1576//6 1575//6 1574//6
f 1577//4 1578//4 1579//4 1580//4
f 1581//1 1582//1 1583//1 1584//1
f 1585//6 1586//6 1587//6 1588//6
f 1589//6 1592//6 1591//6 1590//6
f 1593//2 1594//2 1595//2 1596//2
f 1597//4 1598//4 1599//4 1600//4
f 1601//6 1602//6 1603//6 1604//6
f 1605//2 1606//2 1607//2 1608//2
f 1609//5 1610//5 1611//5 1612//5
f 1613//6 1614//6 1615//6 1616//6
f 1617//4 1618//4 1619//4 1620//4
f 1621//5 1622//5 1623//5 1624//5
f 1625//4 1626//4 1627//4 1628//4
f 1629//4 1632//4 1631//4 1630//4
f 1633//2 1634//2 1635//2 1636//2
f 1637//2 1638//2 1639//2 1640//2
f 1641//4 1642//4 1643//4 1644//4
f 1645//5 1646//5 1647//5 1648//5
f 1649//3 1650//3 1651//3 1652//3
f 1653//5 1654//5 1655//5 1656//5
f 1657//1 1658//1 1659//1 1660//1
f 1661//1 1662//1 1663//1 1664//1
f 1665//2 1666//2 1667//2 1668//2
f 1669//3 1670//3 1671//3 1672//3
f 1673//2 1674//2 1675//2 1676//2
f 1677//5 1678//5 1679//5 1680//5
f 1681//5 1682//5 1683//5 1684//5
f 1685//1 1686//1 1687//1 1688//1
f 1689//1 1690//1 1691//1 1692//1
f 1693//3 1694//3 1695//3 1696//3
f 1697//3 1698//3 1699//3 1700//3
f 1701//2 1702//2 1703//2 1704//2
f 1705//3 1708//3 1707//3 1706//3
f 1709//3 1710//3 1711//3 1712//3
f 1713//3 1714//3 1715//3 1716//3
f 1717//1 1720//1 1719//1 1718//1
f 1721//6 1722//6 1723//6 1724//6
f 1725//3 1726//3 1727//3 1728//3
f 1729//6 1732//6 1731//6 1730//6
f 1733//5 1734//5 1735//5 1736//5
f 1737//6 1740//6 1739//6 1738//6
f 1741//1 1742//1 1743//1 1744//1
f 1745//6 1746//6 1747//6 1748//6
f 1749//5 1750//5 1751//5 1752//5
f 1753//2 1754//2 1755//2 1756//2
f 1757//3 1758//3 1759//3 1760//3
f 1761//5 1762//5 1763//5 1764//5
f 1765//1 1766//1 1767//1 1768//1
f 1769//1 1770//1 1771//1 1772//1
f 1773//5 1774//5 1775//5 1776//5
f 1777//6 1778//6 1779//6 1780//6
f 1781//3 1782//3 1783//3 1784//3
f 1785//6 1786//6 1787//6 1788//6
f 1789//4 1790//4 1791//4 1792//4
f 1793//6 1794//6 1795//6 1796//6
f 1797//3 1798//3 1799//3 1800//3
f 1801//6 1802//6 1803//6 1804//6
f 1805//3 1806//3 1807//3 1808//3
f 1809//4 1810//4 1811//4 1812//4
f 1813//5 1814//5 1815//5 1816//5
f 1817//4 1818//4 1819//4 1820//4
f 1821//1 1822//1 1823//1 1824//1
f 1825//4 1826//4 1827//4 1828//4
f 1829//5 1830//5 1831//5 1832//5
f 1833//3 1834//3 1835//3 1836//3
f 1837//6 1838//6 1839//6 1840//6
f 1841//3 1842//3 1843//3 1844//3
f 1845//2 1846//2 1847//2 1848//2
f 1849//2 1850//2 1851//2 1852//2
f 1853//1 1854//1 1855//1 1856//1
f 1857//6 1858//6 1859//6 1860//6
f 1861//5 1862//5 1863//5 1864//5
f 1865//3 1866//3 1867//3 1868//3
f 1869//5 1870//5 1871//5 1872//5
f 1873//1 1874//1 1875//1 1876//1
f 1877//5 1878//5 1879//5 1880//5
f 1881//6 1884//6 1883//6 1882//6
f 1885//3 1886//3 1887//3 1888//3
f 1889//4 1890//4 1891//4 1892//4
f 1893//2 1894//2 1895//2 1896//2
f 1897//3 1898//3 1899//3 1900//3
f 1901//2 1902//2 1903//2 1904//2
f 1905//1 1906//1 1907//1 1908//1
f 1909//6 1912//6 1911//6 1910//6
f 1913//3 1914//3 1915//3 1916//3
f 1917//4 1918//4 1919//4 1920//4
f 1921//2 1922//2 1923//2 1924//2
f 1925//3 1926//3 1927//3 1928//3
f 1929//1 1930//1 1931//1 1932//1
f 1933//5 1934//5 1935//5 1936//5
f 1937//1 1938//1 1939//1 1940//1
f 1941//1 1942//1 1943//1 1944//1
f 1945//2 1946//2 1947//2 1948//2
f 1949//2 1950//2 1951//2 1952//2
f 1953//6 1956//6 1955//6 1954//6
f 1957//5 1958//5 1959//5 1960//5
f 1961//5 1962//5 1963//5 1964//5
f 1965//6 1968//6 1967//6 1966//6
f 1969//1 1970//1 1971//1 1972//1
f 1973//3 1976//3 1975//3 1974//3
f 1977//6 1978//6 1979//6 1980//6
f 1981//1 1982//1 1983//1 1984//1
f 1985//3 1988//3 1987//3 1986//3
f 1989//3 1990//3 1991//3 1992//3
f 1993//4 1994//4 1995//4 1996//4
f 1997//6 1998//6 1999//6 2000//6
f 2001//6 2002//6 2003//6 2004//6
f 2005//4 2006//4 2007//4 2008//4
f 2009//6 2010//6 2011//6 2012//6
f 2013//3 2014//3 2015//3 2016//3
f 2017//2 2018//2 2019//2 2020//2
f 2021//2 2022//2 2023//2 2024//2
f 2025//6 2026//6 2027//6 2028//6
f 2029//5 2030//5 2031//5 2032//5
f 2033//4 2034//4 2035//4 2036//4
f 2037//4 2038//4 2039//4 2040//4
f 2041//3 2042//3 2043//3 2044//3
f 2045//6 2046//6 2047//6 2048//6
f 2049//2 2050//2 2051//2 2052//2
f 2053//3 2054//3 2055//3 2056//3
f 2057//5 2058//5 2059//5 2060//5
f 2061//3 2062//3 2063//3 2064//3
f 2065//5 2066//5 2067//5 2068//5
f 2069//6 2072//6 2071//6 2070//6
f 2073//4 2074//4 2075//4 2076//4
f 2077//6 2078//6 2079//6 2080//6
f 2081//6 2082//6 2083//6 2084//6
f 2085//6 2086//6 2087//6 2088//6
f 2089//3 2090//3 2091//3 2092//3
f 2093//6 2094//6 2095//6 2096//6
f 2097//1 2100//1 2099//1 2098//1
f 2101//1 2102//1 2103//1 2104//1
f 2105//4 2106//4 2107//4 2108//4
f 2109//4 2110//4 2111//4 2112//4
f 2113//4 2114//4 2115//4 2116//4
f 2117//5 2118//5 2119//5 2120//5
f 2121//3 2122//3 2123//3 2124//3
f 2125//4 2126//4 2127//4 2128//4
f 2129//1 2130//1 2131//1 2132//1
f 2133//4 2134//4 2135//4 2136//4
f 2137//5 2138//5 2139//5 2140//5
f 2141//6 2142//6 2143//6 2144//6
f 2145//3 2146//3 2147//3 2148//3
f 2149//2 2150//2 2151//2 2152//2
f 2153//6 2154//6 2155//6 2156//6
f 2157//5 2158//5 2159//5 2160//5
f 2161//4 2162//4 2163//4 2164//4
f 2165//2 2166//2 2167//2 2168//2
f 2169//2 2170//2 2171//2 2172//2
f 2173//5 2174//5 2175//5 2176//5
f 2177//4 2178//4 2179//4 2180//4
f 2181//2 2182//2 2183//2 2184//2
f 2185//3 2186//3 2187//3 2188//3
f 2189//4 2190//4 2191//4 2192//4
f 2193//5 2194//5 2195//5 2196//5
f 2197//6 2198//6 2199//6 2200//6
f 2201//3 2202//3 2203//3 2204//3
f 2205//1 2206//1 2207//1 2208//1
f 2209//1 2210//1 2211//1 2212//1
f 2213//3 2214//3 2215//3 2216//3
f 2217//6 2218//6 2219//6 2220//6
f 2221//1 2224//1 2223//1 2222//1
f 2225//3 2226//3 2227//3 2228//3
f 2229//4 2230//4 2231//4 2232//4
f 2233//3 2234//3 2235//3 2236//3
f 2237//2 2238//2 2239//2 2240//2
f 2241//3 2244//3 2243//3 2242//3
f 2245//6 2246//6 2247//6 2248//6
f 2249//3 2250//3 2251//3 2252//3
f 2253//5 2254//5 2255//5 2256//5
f 2257//3 2258//3 2259//3 2260//3
f 2261//3 2262//3 2263//3 2264//3
f 2265//6 2266//6 2267//6 2268//6
f 2269//2 2270//2 2271//2 2272//2
f 2273//6 2274//6 2275//6 2276//6
f 2277//1 2278//1 2279//1 2280//1
f 2281//6 2282//6 2283//6 2284//6
f 2285//3 2286//3 2287//3 2288//3
f 2289//2 2290//2 2291//2 2292//2
f 2293//4 2294//4 2295//4 2296//4
f 2297//6 2298//6 2299//6 2300//6
f 2301//5 2302//5 2303//5 2304//5
f 2305//1 2306//1 2307//1 2308//1
f 2309//3 2310//3 2311//3 2312//3
f 2313//4 2314//4 2315//4 2316//4
f 2317//3 2318//3 2319//3 2320//3
f 2321//3 2322//3 2323//3 2324//3
f 2325//2 2326//2 2327//2 2328//2
f 2329//1 2330//1 2331//1 2332//1
f 2333//4 2334//4 2335//4 2336//4
f 2337//6 2338//6 2339//6 2340//6
f 2341//4 2342//4 2343//4 2344//4
f 2345//1 2346//1 2347//1 2348//1
f 2349//1 2352//1 2351//1 2350//1
f 2353//1 2356//1 2355//1 2354//1
f 2357//6 2358//6 2359//6 2360//6
f 2361//6 2362//6 2363//6 2364//6
f 2365//1 2366//1 2367//1 2368//1
f 2369//2 2370//2 2371//2 2372//2
f 2373//3 2374//3 2375//3 2376//3
f 2377//5 2378//5 2379//5 2380//5
f 2381//1 2382//1 2383//1 2384//1
f 2385//3 2386//3 2387//3 2388//3
f 2389//5 2390//5 2391//5 2392//5
f 2393//4 2394//4 2395//4 2396//4
f 2397//5 2398//5 2399//5 2400//5
f 2401//6 2402//6 2403//6 2404//6
f 2405//3 2406//3 2407//3 2408//3
f 2409//2 2410//2 2411//2 2412//2
f 2413//3 2414//3 2415//3 2416//3
f 2417//5 2418//5 2419//5 2420//5
f 2421//1 2424//1 2423//1 2422//1
f 2425//4 2426//4 2427//4 2428//4
f 2429//1 2430//1 2431//1 2432//1
f 2433//1 2434//1 2435//1 2436//1
f 2437//3 2438//3 2439//3 2440//3
f 2441//6 2442//6 2443//6 2444//6
f 2445//3 2446//3 2447//3 2448//3
f 2449//6 2450//6 2451//6 2452//6
f 2453//3 2454//3 2455//3 2456//3
f 2457//2 2458//2 2459//2 2460//2
f 2461//4 2462//4 2463//4 2464//4
f 2465//4 2466//4 2467//4 2468//4
f 2469//4 2470//4 2471//4 2472//4
f 2473//4 2476//4 2475//4 2474//4
f 2477//6 2478//6 2479//6 2480//6
f 2481//5 2482//5 2483//5 2484//5
f 2485//5 2486//5 2487//5 2488//5
f 2489//3 2490//3 2491//3 2492//3
f 2493//2 2494//2 2495//2 2496//2
f 2497//3 2498//3 2499//3 2500//3
f 2501//1 2504//1 2503//1 2502//1
f 2505//5 2506//5 2507//5 2508//5
f 2509//3 2510//3 2511//3 2512//3
f 2513//1 2514//1 2515//1 2516//1
f 2517//5 2520//5 2519//5 2518//5
f 2521//1 2524//1 2523//1 2522//1
f 2525//1 2528//1 2527//1 2526//1
f 2529//3 2532//3 2531//3 2530//3
f 2533//3 2534//3 2535//3 2536//3
f 2537//4 2538//4 2539//4 2540//4
f 2541//4 2542//4 2543//4 2544//4
f 2545//2 2546//2 2547//2 2548//2
f 2549//3 2550//3 2551//3 2552//3
f 2553//2 2554//2 2555//2 2556//2
f 2557//1 2558//1 2559//1 2560//1
f 2561//5 2562//5 2563//5 2564//5
f 2565//5 2566//5 2567//5 2568//5
f 2569//3 2572//3 2571//3 2570//3
f 2573//6 2574//6 2575//6 2576//6
f 2577//5 2578//5 2579//5 2580//5
f 2581//5 2582//5 2583//5 2584//5
f 2585//1 2586//1 2587//1 2588//1
f 2589//3 2590//3 2591//3 2592//3
f 2593//1 2595//1 2596//1 2594//1
f 2597//1 2599//1 2600//1 2598//1
f 2601//5 2603//5 2604//5 2602//5
f 2605//1 2607//1 2608//1 2606//1
f 2609//1 2611//1 2612//1 2610//1
f 2613//5 2615//5 2616//5 2614//5
f 2617//1 2619//1 2620//1 2618//1
f 2621//1 2623//1 2624//1 2622//1
f 2625//1 2627//1 2628//1 2626//1
f 2629//1 2631//1 2632//1 2630//1
f 2633//1 2635//1 2636//1 2634//1
f 2637//1 2639//1 2640//1 2638//1
f 2641//1 2643//1 2644//1 2642//1
f 2645//1 2647//1 2648//1 2646//1
f 2649//1 2651//1 2652//1 2650//1
f 2653//1 2655//1 2656//1 2654//1
f 2657//1 2659//1 2660//1 2658//1
f 2661//1 2663//1 2664//1 2662//1
f 2665//1 2667//1 2668//1 2666//1
f 2669//1 2671//1 2672//1 2670//1
f 2673//1 2675//1 2676//1 2674//1
f 2677//1 2679//1 2680//1 2678//1
f 2681//1 2683//1 2684//1 2682//1
f 2685//1 2687//1 2688//1 2686//1
f 2689//1 2691//1 2692//1 2690//1
f 2693//1 2695//1 2696//1 2694//1
f 2697//1 2699//1 2700//1 2698//1
f 2701//1 2703//1 2704//1 2702//1
f 2705//5 2707//5 2708//5 2706//5
f 2709//1 2711//1 2712//1 2710//1
f 2713//5 2715//5 2716//5 2714//5
f 696//7 693//8 2669//9 2670//10
f 898//11 899//12 2704//13 2703//14
f 388//11 385//12 2633//13 2634//14
f 1258//7 1259//8 2712//9 2711//10
f 693//8 694//11 2671//14 2669//9
f 899//12 900//7 2702//10 2704//13
f 385//12 386//7 2635//10 2633//13
f 1259//8 1260//11 2710//14 2712//9
f 492//11 489//12 2641//13 2642//14
f 694//11 695//12 2672//13 2671//14
f 386//7 387//8 2636//9 2635//10
f 489//12 490//7 2643//10 2641//13
f 695//12 696//7 2670//10 2672//13
f 288//15 285//16 2613//17 2614//18
f 387//8 388//11 2634//14 2636//9
f 490//7 491//8 2644//9 2643//10
f 700//7 697//8 2673//9 2674//10
f 285//16 286//19 2615//20 2613//17
f 392//11 389//12 2637//13 2638//14
f 491//8 492//11 2642//14 2644//9
f 752//11 749//12 2677//13 2678//14
f 697//8 698//11 2675//14 2673//9
f 286//19 287//21 2616//22 2615//20
f 389//12 390//7 2639//10 2637//13
f 749//12 750//7 2679//10 2677//13
f 698//11 699//12 2676//13 2675//14
f 287//21 288//15 2614//18 2616//22
f 390//7 391//8 2640//9 2639//10
f 750//7 751//8 2680//9 2679//10
f 699//12 700//7 2674//10 2676//13
f 391//8 392//11 2638//14 2640//9
f 751//8 752//11 2678//14 2680//9
f 296//7 293//8 2617//9 2618//10
f 656//7 653//8 2653//9 2654//10
f 293//8 294//11 2619//14 2617//9
f 653//8 654//11 2655//14 2653//9
f 760//11 757//12 2681//13 2682//14
f 812//11 809//12 2697//13 2698//14
f 294//11 295//12 2620//13 2619//14
f 654//11 655//12 2656//13 2655//14
f 757//12 758//7 2683//10 2681//13
f 809//12 810//7 2699//10 2697//13
f 295//12 296//7 2618//10 2620//13
f 916//19 913//21 2705//22 2706//20
f 655//12 656//7 2654//10 2656//13
f 758//7 759//8 2684//9 2683//10
f 810//7 811//8 2700//9 2699//10
f 913//21 914//15 2707//18 2705//22
f 759//8 760//11 2682//14 2684//9
f 811//8 812//11 2698//14 2700//9
f 914//15 915//16 2708//17 2707//18
f 96//19 93//21 2601//22 2602//20
f 915//16 916//19 2706//20 2708//17
f 93//21 94//15 2603//18 2601//22
f 94//15 95//16 2604//17 2603//18
f 95//16 96//19 2602//20 2604//17
f 616//7 613//8 2645//9 2646//10
f 668//7 665//8 2657//9 2658//10
f 2244//19 2241//21 2713//22 2714//20
f 613//8 614//11 2647//14 2645//9
f 665//8 666//11 2659//14 2657//9
f 2241//21 2242//15 2715//18 2713//22
f 772//11 769//12 2685//13 2686//14
f 614//11 615//12 2648//13 2647//14
f 666//11 667//12 2660//13 2659//14
f 2242//15 2243//16 2716//17 2715//18
f 769//12 770//7 2687//10 2685//13
f 615//12 616//7 2646//10 2648//13
f 667//12 668//7 2658//10 2660//13
f 2243//16 2244//19 2714//20 2716//17
f 770//7 771//8 2688//9 2687//10
f 672//7 669//8 2661//9 2662//10
f 771//8 772//11 2686//14 2688//9
f 669//8 670//11 2663//14 2661//9
f 670//11 671//12 2664//13 2663//14
f 671//12 672//7 2662//10 2664//13
f 320//7 317//8 2621//9 2622//10
f 64//7 61//8 2593//9 2594//10
f 317//8 318//11 2623//14 2621//9
f 784//11 781//12 2689//13 2690//14
f 61//8 62//11 2595//14 2593//9
f 318//11 319//12 2624//13 2623//14
f 781//12 782//7 2691//10 2689//13
f 62//11 63//12 2596//13 2595//14
f 319//12 320//7 2622//10 2624//13
f 782//7 783//8 2692//9 2691//10
f 63//12 64//7 2594//10 2596//13
f 783//8 784//11 2690//14 2692//9
f 376//11 373//12 2625//13 2626//14
f 373//12 374//7 2627//10 2625//13
f 172//11 169//12 2605//13 2606//14
f 374//7 375//8 2628//9 2627//10
f 169//12 170//7 2607//10 2605//13
f 375//8 376//11 2626//14 2628//9
f 170//7 171//8 2608//9 2607//10
f 72//7 69//8 2597//9 2598//10
f 171//8 172//11 2606//14 2608//9
f 792//11 789//12 2693//13 2694//14
f 69//8 70//11 2599//14 2597//9
f 176//11 173//12 2609//13 2610//14
f 789//12 790//7 2695//10 2693//13
f 70//11 71//12 2600//13 2599//14
f 173//12 174//7 2611//10 2609//13
f 790//7 791//8 2696//9 2695//10
f 640//7 637//8 2649//9 2650//10
f 71//12 72//7 2598//10 2600//13
f 174//7 175//8 2612//9 2611//10
f 692//7 689//8 2665//9 2666//10
f 791//8 792//11 2694//14 2696//9
f 384//11 381//12 2629//13 2630//14
f 637//8 638//11 2651//14 2649//9
f 175//8 176//11 2610//14 2612//9
f 689//8 690//11 2667//14 2665//9
f 381//12 382//7 2631//10 2629//13
f 638//11 639//12 2652//13 2651//14
f 690//11 691//12 2668//13 2667//14
f 900//7 897//8 2701//9 2702//10
f 382//7 383//8 2632//9 2631//10
f 639//12 640//7 2650//10 2652//13
f 1260//11 1257//12 2709//13 2710//14
f 691//12 692//7 2666//10 2668//13
f 897//8 898//11 2703//14 2701//9
f 383//8 384//11 2630//14 2632//9
f 1257//12 1258//7 2711//10 2709//13
f 2717//2 2719//2 2720//2 2718//2
f 2721//2 2723//2 2724//2 2722//2
f 2725//2 2727//2 2728//2 2726//2
f 2729//2 2731//2 2732//2 2730//2
f 2733//2 2735//2 2736//2 2734//2
f 2737//2 2739//2 2740//2 2738//2
f 2741//2 2743//2 2744//2 2742//2
f 2745//2 2747//2 2748//2 2746//2
f 2749//2 2751//2 2752//2 2750//2
f 2753//2 2755//2 2756//2 2754//2
f 2757//2 2759//2 2760//2 2758//2
f 2761//2 2763//2 2764//2 2762//2
f 2765//2 2767//2 2768//2 2766//2
f 2769//2 2771//2 2772//2 2770//2
f 2773//2 2775//2 2776//2 2774//2
f 2777//2 2779//2 2780//2 2778//2
f 2781//2 2783//2 2784//2 2782//2
f 2785//2 2787//2 2788//2 2786//2
f 2789//2 2791//2 2792//2 2790//2
f 2793//2 2795//2 2796//2 2794//2
f 2797//2 2799//2 2800//2 2798//2
f 2801//2 2803//2 2804//2 2802//2
f 2805//2 2807//2 2808//2 2806//2
f 2809//2 2811//2 2812//2 2810//2
f 2813//2 2815//2 2816//2 2814//2
f 2817//2 2819//2 2820//2 2818//2
f 2821//2 2823//2 2824//2 2822//2
f 2422//23 2423//24 2812//24 2811//23
f 2525//24 2526//25 2823//25 2821//24
f 281//24 282//25 2735//25 2733//24
f 2423//24 2424//25 2810//25 2812//24
f 2526//25 2527//26 2824//26 2823//25
f 282//25 283//26 2736//26 2735//25
f 1212//25 1209//26 2781//26 2782//25
f 2527//26 2528//23 2822//23 2824//26
f 283//26 284//23 2734//23 2736//26
f 596//23 593//24 2765//24 2766//23
f 1209//26 1210//23 2783//23 2781//26
f 2224//23 2221//24 2797//24 2798//23
f 593//24 594//25 2767//25 2765//24
f 1210//23 1211//24 2784//24 2783//23
f 2221//24 2222//25 2799//25 2797//24
f 594//25 595//26 2768//26 2767//25
f 1112//23 1109//24 2769//24 2770//23
f 1211//24 1212//25 2782//25 2784//24
f 2222//25 2223//26 2800//26 2799//25
f 595//26 596//23 2766//23 2768//26
f 1109//24 1110//25 2771//25 2769//24
f 2223//26 2224//23 2798//23 2800//26
f 1110//25 1111//26 2772//26 2771//25
f 1111//26 1112//23 2770//23 2772//26
f 1168//23 1165//24 2777//24 2778//23
f 552//25 549//26 2753//26 2754//25
f 1165//24 1166//25 2779//25 2777//24
f 244//25 241//26 2729//26 2730//25
f 549//26 550//23 2755//23 2753//26
f 1166//25 1167//26 2780//26 2779//25
f 241//26 242//23 2731//23 2729//26
f 550//23 551//24 2756//24 2755//23
f 1167//26 1168//23 2778//23 2780//26
f 242//23 243//24 2732//24 2731//23
f 1120//23 1117//24 2773//24 2774//23
f 551//24 552//25 2754//25 2756//24
f 1720//23 1717//24 2789//24 2790//23
f 243//24 244//25 2730//25 2732//24
f 1117//24 1118//25 2775//25 2773//24
f 556//23 553//24 2757//24 2758//23
f 1717//24 1718//25 2791//25 2789//24
f 1118//25 1119//26 2776//26 2775//25
f 553//24 554//25 2759//25 2757//24
f 1718//25 1719//26 2792//26 2791//25
f 1119//26 1120//23 2774//23 2776//26
f 554//25 555//26 2760//26 2759//25
f 1719//26 1720//23 2790//23 2792//26
f 555//26 556//23 2758//23 2760//26
f 100//25 97//26 2725//26 2726//25
f 97//26 98//23 2727//23 2725//26
f 98//23 99//24 2728//24 2727//23
f 1388//25 1385//26 2785//26 2786//25
f 99//24 100//25 2726//25 2728//24
f 52//23 49//24 2721//24 2722//23
f 1385//26 1386//23 2787//23 2785//26
f 49//24 50//25 2723//25 2721//24
f 516//25 513//26 2737//26 2738//25
f 1386//23 1387//24 2788//24 2787//23
f 50//25 51//26 2724//26 2723//25
f 513//26 514//23 2739//23 2737//26
f 2504//23 2501//24 2813//24 2814//23
f 1387//24 1388//25 2786//25 2788//24
f 51//26 52//23 2722//23 2724//26
f 514//23 515//24 2740//24 2739//23
f 2501//24 2502//25 2815//25 2813//24
f 4//23 1//24 2717//24 2718//23
f 515//24 516//25 2738//25 2740//24
f 2502//25 2503//26 2816//26 2815//25
f 1//24 2//25 2719//25 2717//24
f 2352//25 2349//26 2801//26 2802//25
f 2503//26 2504//23 2814//23 2816//26
f 520//25 517//26 2741//26 2742//25
f 2//25 3//26 2720//26 2719//25
f 2349//26 2350//23 2803//23 2801//26
f 572//23 569//24 2761//24 2762//23
f 517//26 518//23 2743//23 2741//26
f 3//26 4//23 2718//23 2720//26
f 2350//23 2351//24 2804//24 2803//23
f 569//24 570//25 2763//25 2761//24
f 518//23 519//24 2744//24 2743//23
f 2351//24 2352//25 2802//25 2804//24
f 570//25 571//26 2764//26 2763//25
f 519//24 520//25 2742//25 2744//24
f 2356//25 2353//26 2805//26 2806//25
f 571//26 572//23 2762//23 2764//26
f 524//25 521//26 2745//26 2746//25
f 2353//26 2354//23 2807//23 2805//26
f 2100//25 2097//26 2793//26 2794//25
f 521//26 522//23 2747//23 2745//26
f 2097//26 2098//23 2795//23 2793//26
f 2354//23 2355//24 2808//24 2807//23
f 522//23 523//24 2748//24 2747//23
f 2098//23 2099//24 2796//24 2795//23
f 2355//24 2356//25 2806//25 2808//24
f 523//24 524//25 2746//25 2748//24
f 2099//24 2100//25 2794//25 2796//24
f 536//23 533//24 2749//24 2750//23
f 2524//25 2521//26 2817//26 2818//25
f 533//24 534//25 2751//25 2749//24
f 2521//26 2522//23 2819//23 2817//26
f 534//25 535//26 2752//26 2751//25
f 2522//23 2523//24 2820//24 2819//23
f 535//26 536//23 2750//23 2752//26
f 2424//25 2421//26 2809//26 2810//25
f 2523//24 2524//25 2818//25 2820//24
f 2421//26 2422//23 2811//23 2809//26
f 2528//23 2525//24 2821//24 2822//23
f 284//23 281//24 2733//24 2734//23
f 2825//6 2827//6 2828//6 2826//6
f 2829//6 2831//6 2832//6 2830//6
f 2833//6 2835//6 2836//6 2834//6
f 2837//6 2839//6 2840//6 2838//6
f 2841//6 2843//6 2844//6 2842//6
f 2845//6 2847//6 2848//6 2846//6
f 2849//6 2851//6 2852//6 2850//6
f 2853//6 2855//6 2856//6 2854//6
f 2857//6 2859//6 2860//6 2858//6
f 2861//6 2863//6 2864//6 2862//6
f 2865//6 2867//6 2868//6 2866//6
f 2869//6 2871//6 2872//6 2870//6
f 2873//6 2875//6 2876//6 2874//6
f 2877//6 2879//6 2880//6 2878//6
f 2881//6 2883//6 2884//6 2882//6
f 2885//6 2887//6 2888//6 2886//6
f 2889//6 2891//6 2892//6 2890//6
f 2893//6 2895//6 2896//6 2894//6
f 2897//6 2899//6 2900//6 2898//6
f 2901//6 2903//6 2904//6 2902//6
f 2905//5 2907//5 2908//5 2906//5
f 2909//6 2911//6 2912//6 2910//6
f 2913//6 2915//6 2916//6 2914//6
f 2917//6 2919//6 2920//6 2918//6
f 2921//6 2923//6 2924//6 2922//6
f 2925//6 2927//6 2928//6 2926//6
f 2929//6 2931//6 2932//6 2930//6
f 2933//5 2935//5 2936//5 2934//5
f 2937//5 2939//5 2940//5 2938//5
f 2941//5 2943//5 2944//5 2942//5
f 2945//6 2947//6 2948//6 2946//6
f 2949//5 2951//5 2952//5 2950//5
f 1155//27 1156//28 2918//29 2920//30
f 2474//31 2475//27 2948//30 2947//32
f 800//31 797//27 2897//30 2898//32
f 2475//27 2476//28 2946//29 2948//30
f 1708//33 1705//34 2933//35 2934//36
f 797//27 798//28 2899//29 2897//30
f 1705//34 1706//37 2935//38 2933//35
f 2532//37 2529//39 2949//40 2950//38
f 798//28 799//41 2900//42 2899//29
f 1706//37 1707//43 2936//40 2935//38
f 2529//39 2530//33 2951//44 2949//40
f 799//41 800//31 2898//32 2900//42
f 1060//28 1057//41 2909//42 2910//29
f 1707//43 1708//33 2934//36 2936//40
f 2530//33 2531//34 2952//35 2951//44
f 1057//41 1058//31 2911//32 2909//42
f 2531//34 2532//37 2950//38 2952//35
f 1058//31 1059//27 2912//30 2911//32
f 1059//27 1060//28 2910//29 2912//30
f 292//28 289//41 2845//42 2846//29
f 1064//31 1061//27 2913//30 2914//32
f 289//41 290//31 2847//32 2845//42
f 756//31 753//27 2889//30 2890//32
f 88//28 85//41 2825//42 2826//29
f 1061//27 1062//28 2915//29 2913//30
f 290//31 291//27 2848//30 2847//32
f 140//31 137//27 2833//30 2834//32
f 753//27 754//28 2891//29 2889//30
f 85//41 86//31 2827//32 2825//42
f 192//28 189//41 2837//42 2838//29
f 1062//28 1063//41 2916//42 2915//29
f 291//27 292//28 2846//29 2848//30
f 137//27 138//28 2835//29 2833//30
f 754//28 755//41 2892//42 2891//29
f 1632//28 1629//41 2929//42 2930//29
f 86//31 87//27 2828//30 2827//32
f 189//41 190//31 2839//32 2837//42
f 1063//41 1064//31 2914//32 2916//42
f 138//28 139//41 2836//42 2835//29
f 755//41 756//31 2890//32 2892//42
f 1629//41 1630//31 2931//32 2929//42
f 87//27 88//28 2826//29 2828//30
f 190//31 191//27 2840//30 2839//32
f 139//41 140//31 2834//32 2836//42
f 400//31 397//27 2861//30 2862//32
f 1976//33 1973//34 2937//45 2938//36
f 1630//31 1631//27 2932//30 2931//32
f 191//27 192//28 2838//29 2840//30
f 452//28 449//41 2873//42 2874//29
f 397//27 398//28 2863//29 2861//30
f 1973//34 1974//46 2939//38 2937//45
f 1631//27 1632//28 2930//29 2932//30
f 449//41 450//31 2875//32 2873//42
f 398//28 399//41 2864//42 2863//29
f 1974//46 1975//43 2940//40 2939//38
f 450//31 451//27 2876//30 2875//32
f 399//41 400//31 2862//32 2864//42
f 1975//43 1976//33 2938//36 2940//40
f 352//31 349//27 2857//30 2858//32
f 451//27 452//28 2874//29 2876//30
f 764//31 761//27 2893//30 2894//32
f 349//27 350//28 2859//29 2857//30
f 456//28 453//41 2877//42 2878//29
f 761//27 762//28 2895//29 2893//30
f 350//28 351//41 2860//42 2859//29
f 453//41 454//31 2879//32 2877//42
f 762//28 763//41 2896//42 2895//29
f 351//41 352//31 2858//32 2860//42
f 454//31 455//27 2880//30 2879//32
f 763//41 764//31 2894//32 2896//42
f 455//27 456//28 2878//29 2880//30
f 308//31 305//27 2849//30 2850//32
f 305//27 306//28 2851//29 2849//30
f 1988//37 1985//43 2941//40 2942//38
f 306//28 307//41 2852//42 2851//29
f 1985//43 1986//33 2943//36 2941//40
f 307//41 308//31 2850//32 2852//42
f 1986//33 1987//34 2944//35 2943//36
f 1987//34 1988//37 2942//38 2944//35
f 724//31 721//27 2885//30 2886//32
f 1444//28 1441//41 2925//42 2926//29
f 721//27 722//28 2887//29 2885//30
f 1441//41 1442//31 2927//32 2925//42
f 722//28 723//41 2888//42 2887//29
f 1442//31 1443//27 2928//30 2927//32
f 723//41 724//31 2886//32 2888//42
f 1443//27 1444//28 2926//29 2928//30
f 680//31 677//27 2881//30 2882//32
f 677//27 678//28 2883//29 2881//30
f 424//28 421//41 2865//42 2866//29
f 116//31 113//27 2829//30 2830//32
f 678//28 679//41 2884//42 2883//29
f 421//41 422//31 2867//32 2865//42
f 113//27 114//28 2831//29 2829//30
f 679//41 680//31 2882//32 2884//42
f 422//31 423//27 2868//30 2867//32
f 272//28 269//41 2841//42 2842//29
f 114//28 115//41 2832//42 2831//29
f 1352//28 1349//41 2921//42 2922//29
f 423//27 424//28 2866//29 2868//30
f 269//41 270//31 2843//32 2841//42
f 115//41 116//31 2830//32 2832//42
f 1349//41 1350//31 2923//32 2921//42
f 270//31 271//27 2844//30 2843//32
f 1350//31 1351//27 2924//30 2923//32
f 271//27 272//28 2842//29 2844//30
f 1351//27 1352//28 2922//29 2924//30
f 328//31 325//27 2853//30 2854//32
f 325//27 326//28 2855//29 2853//30
f 432//28 429//41 2869//42 2870//29
f 326//28 327//41 2856//42 2855//29
f 429//41 430//31 2871//32 2869//42
f 896//31 893//27 2901//30 2902//32
f 327//41 328//31 2854//32 2856//42
f 430//31 431//27 2872//30 2871//32
f 948//43 945//33 2905//36 2906//40
f 893//27 894//28 2903//29 2901//30
f 431//27 432//28 2870//29 2872//30
f 945//33 946//34 2907//35 2905//36
f 894//28 895//41 2904//42 2903//29
f 946//34 947//37 2908//38 2907//35
f 1156//28 1153//41 2917//42 2918//29
f 895//41 896//31 2902//32 2904//42
f 947//37 948//43 2906//40 2908//38
f 1153//41 1154//31 2919//32 2917//42
f 2476//28 2473//41 2945//42 2946//29
f 1154//31 1155//27 2920//30 2919//32
f 2473//41 2474//31 2947//32 2945//42
f 2953//4 2955//4 2956//4 2954//4
f 2957//4 2959//4 2960//4 2958//4
f 2961//4 2963//4 2964//4 2962//4
f 2965//4 2967//4 2968//4 2966//4
f 2969//4 2971//4 2972//4 2970//4
f 2973//4 2975//4 2976//4 2974//4
f 2977//5 2979//5 2980//5 2978//5
f 2981//4 2983//4 2984//4 2982//4
f 2985//4 2987//4 2988//4 2986//4
f 2989//4 2991//4 2992//4 2990//4
f 2993//4 2995//4 2996//4 2994//4
f 2997//4 2999//4 3000//4 2998//4
f 3001//4 3003//4 3004//4 3002//4
f 3005//5 3007//5 3008//5 3006//5
f 3009//4 3011//4 3012//4 3010//4
f 3013//4 3015//4 3016//4 3014//4
f 3017//5 3019//5 3020//5 3018//5
f 3021//4 3023//4 3024//4 3022//4
f 3025//4 3027//4 3028//4 3026//4
f 3029//5 3031//5 3032//5 3030//5
f 3033//4 3035//4 3036//4 3034//4
f 3037//4 3039//4 3040//4 3038//4
f 3041//4 3043//4 3044//4 3042//4
f 3045//4 3047//4 3048//4 3046//4
f 3049//4 3051//4 3052//4 3050//4
f 3053//4 3055//4 3056//4 3054//4
f 3057//4 3059//4 3060//4 3058//4
f 3061//4 3063//4 3064//4 3062//4
f 3065//4 3067//4 3068//4 3066//4
f 3069//4 3071//4 3072//4 3070//4
f 3073//4 3075//4 3076//4 3074//4
f 3077//3 3079//3 3080//3 3078//3
f 3081//5 3083//5 3084//5 3082//5
f 1912//47 1909//48 3061//49 3062//50
f 487//51 488//47 2998//50 3000//52
f 1909//48 1910//53 3063//54 3061//49
f 1468//47 1465//48 3033//49 3034//50
f 1910//53 1911//51 3064//52 3063//54
f 1465//48 1466//53 3035//54 3033//49
f 1911//51 1912//47 3062//50 3064//52
f 1466//53 1467//51 3036//52 3035//54
f 1467//51 1468//47 3034//50 3036//52
f 1968//47 1965//48 3069//49 3070//50
f 1965//48 1966//53 3071//54 3069//49
f 2072//53 2069//51 3073//52 3074//54
f 1576//47 1573//48 3041//49 3042//50
f 1966//53 1967//51 3072//52 3071//54
f 2069//51 2070//47 3075//50 3073//52
f 1573//48 1574//53 3043//54 3041//49
f 1967//51 1968//47 3070//50 3072//52
f 2070//47 2071//48 3076//49 3075//50
f 1574//53 1575//51 3044//52 3043//54
f 2071//48 2072//53 3074//54 3076//49
f 448//53 445//51 2981//52 2982//54
f 1575//51 1576//47 3042//50 3044//52
f 500//53 497//51 3001//52 3002//54
f 445//51 446//47 2983//50 2981//52
f 497//51 498//47 3003//50 3001//52
f 446//47 447//48 2984//49 2983//50
f 498//47 499//48 3004//49 3003//50
f 447//48 448//53 2982//54 2984//49
f 499//48 500//53 3002//54 3004//49
f 92//53 89//51 2953//52 2954//54
f 89//51 90//47 2955//50 2953//52
f 90//47 91//48 2956//49 2955//50
f 91//48 92//53 2954//54 2956//49
f 1536//47 1533//48 3037//49 3038//50
f 560//53 557//51 3013//52 3014//54
f 1533//48 1534//53 3039//54 3037//49
f 252//55 249//56 2977//57 2978//58
f 612//59 609//60 3017//61 3018//62
f 557//51 558//47 3015//50 3013//52
f 1534//53 1535//51 3040//52 3039//54
f 249//56 250//59 2979//62 2977//57
f 609//60 610//55 3019//63 3017//61
f 558//47 559//48 3016//49 3015//50
f 1535//51 1536//47 3038//50 3040//52
f 250//59 251//64 2980//61 2979//62
f 610//55 611//56 3020//57 3019//63
f 460//47 457//48 2985//49 2986//50
f 559//48 560//53 3014//54 3016//49
f 251//64 252//55 2978//58 2980//61
f 512//64 509//55 3005//58 3006//61
f 611//56 612//59 3018//62 3020//57
f 457//48 458//53 2987//54 2985//49
f 1592//53 1589//51 3045//52 3046//54
f 509//55 510//56 3007//57 3005//58
f 458//53 459//51 2988//52 2987//54
f 1589//51 1590//47 3047//50 3045//52
f 1884//47 1881//48 3057//49 3058//50
f 510//56 511//59 3008//62 3007//57
f 459//51 460//47 2986//50 2988//52
f 1590//47 1591//48 3048//49 3047//50
f 1881//48 1882//53 3059//54 3057//49
f 511//59 512//64 3006//61 3008//62
f 1591//48 1592//53 3046//54 3048//49
f 1882//53 1883//51 3060//52 3059//54
f 1732//47 1729//48 3049//49 3050//50
f 208//53 205//51 2961//52 2962//54
f 1883//51 1884//47 3058//50 3060//52
f 1729//48 1730//53 3051//54 3049//49
f 205//51 206//47 2963//50 2961//52
f 1730//53 1731//51 3052//52 3051//54
f 206//47 207//48 2964//49 2963//50
f 1731//51 1732//47 3050//50 3052//52
f 207//48 208//53 2962//54 2964//49
f 112//47 109//48 2957//49 2958//50
f 1740//47 1737//48 3053//49 3054//50
f 884//53 881//51 3025//52 3026//54
f 109//48 110//53 2959//54 2957//49
f 216//53 213//51 2965//52 2966//54
f 1737//48 1738//53 3055//54 3053//49
f 881//51 882//47 3027//50 3025//52
f 110//53 111//51 2960//52 2959//54
f 213//51 214//47 2967//50 2965//52
f 1738//53 1739//51 3056//52 3055//54
f 882//47 883//48 3028//49 3027//50
f 111//51 112//47 2958//50 2960//52
f 214//47 215//48 2968//49 2967//50
f 1739//51 1740//47 3054//50 3056//52
f 883//48 884//53 3026//54 3028//49
f 1144//55 1141//56 3029//57 3030//58
f 215//48 216//53 2966//54 2968//49
f 476//53 473//51 2989//52 2990//54
f 1141//56 1142//59 3031//62 3029//57
f 220//53 217//51 2969//52 2970//54
f 473//51 474//47 2991//50 2989//52
f 1142//59 1143//64 3032//61 3031//62
f 217//51 218//47 2971//50 2969//52
f 474//47 475//48 2992//49 2991//50
f 1143//64 1144//55 3030//58 3032//61
f 218//47 219//48 2972//49 2971//50
f 475//48 476//53 2990//54 2992//49
f 219//48 220//53 2970//54 2972//49
f 532//53 529//51 3009//52 3010//54
f 224//53 221//51 2973//52 2974//54
f 2520//58 2517//61 3077//64 3078//55
f 529//51 530//47 3011//50 3009//52
f 221//51 222//47 2975//50 2973//52
f 2572//59 2569//64 3081//61 3082//62
f 2517//61 2518//62 3079//59 3077//64
f 530//47 531//48 3012//49 3011//50
f 1956//47 1953//48 3065//49 3066//50
f 222//47 223//48 2976//49 2975//50
f 2569//64 2570//55 3083//58 3081//61
f 2518//62 2519//57 3080//56 3079//59
f 531//48 532//53 3010//54 3012//49
f 1953//48 1954//53 3067//54 3065//49
f 223//48 224//53 2974//54 2976//49
f 484//53 481//51 2993//52 2994//54
f 2570//55 2571//56 3084//57 3083//58
f 2519//57 2520//58 3078//55 3080//56
f 1954//53 1955//51 3068//52 3067//54
f 481//51 482//47 2995//50 2993//52
f 2571//56 2572//59 3082//62 3084//57
f 1955//51 1956//47 3066//50 3068//52
f 482//47 483//48 2996//49 2995//50
f 483//48 484//53 2994//54 2996//49
f 744//47 741//48 3021//49 3022//50
f 488//47 485//48 2997//49 2998//50
f 741//48 742//53 3023//54 3021//49
f 485//48 486//53 2999//54 2997//49
f 742//53 743//51 3024//52 3023//54
f 486//53 487//51 3000//52 2999//54
f 743//51 744//47 3022//50 3024//52
