# Blender v2.81 (sub 16) OBJ File: ''
# www.blender.org
mtllib solo range attack and arc_thickness.mtl
o NurbsPath
v 9.139730 0.250000 -9.139732
v 9.545941 -0.250000 -9.545943
v 9.545941 0.250000 -9.545943
v 8.733521 0.250000 -8.733523
v 9.139730 -0.250000 -9.139732
v 8.327312 0.250000 -8.327313
v 8.733521 -0.250000 -8.733523
v 7.921102 0.250000 -7.921103
v 8.327312 -0.250000 -8.327313
v 7.514890 0.250000 -7.514891
v 7.921102 -0.250000 -7.921103
v 7.108682 0.250000 -7.108683
v 7.514890 -0.250000 -7.514891
v 6.702470 0.250000 -6.702471
v 7.108682 -0.250000 -7.108683
v 6.296259 0.250000 -6.296260
v 6.702470 -0.250000 -6.702471
v 5.890049 0.250000 -5.890050
v 6.296259 -0.250000 -6.296260
v 5.483840 0.250000 -5.483840
v 5.890049 -0.250000 -5.890050
v 5.077630 0.250000 -5.077631
v 5.483840 -0.250000 -5.483840
v 4.671420 0.250000 -4.671421
v 5.077630 -0.250000 -5.077631
v 4.265209 0.250000 -4.265210
v 4.671420 -0.250000 -4.671421
v 3.858999 0.250000 -3.858999
v 4.265209 -0.250000 -4.265210
v 3.452788 0.250000 -3.452788
v 3.858999 -0.250000 -3.858999
v 3.046579 0.250001 -3.046579
v 3.452788 -0.250000 -3.452788
v 2.640368 0.250000 -2.640368
v 3.046579 -0.250001 -3.046579
v 2.234158 0.250000 -2.234158
v 2.640368 -0.250000 -2.640368
v 1.827947 0.250000 -1.827947
v 2.234158 -0.250000 -2.234158
v 1.421737 0.250000 -1.421737
v 1.827947 -0.250000 -1.827947
v 1.015527 0.250000 -1.015527
v 1.421737 -0.250000 -1.421737
v 0.609316 0.250000 -0.609316
v 1.015527 -0.250000 -1.015527
v 0.203106 0.250000 -0.203106
v 0.609316 -0.250000 -0.609316
v -0.203105 0.250000 0.203105
v 0.203106 -0.250000 -0.203106
v -0.609315 0.250000 0.609315
v -0.203105 -0.250000 0.203105
v -1.015526 0.250000 1.015526
v -0.609315 -0.250000 0.609315
v -1.421736 0.250000 1.421736
v -1.015526 -0.250000 1.015526
v -1.827946 0.250000 1.827946
v -1.421736 -0.250000 1.421736
v -2.234157 0.250000 2.234157
v -1.827946 -0.250000 1.827946
v -2.640367 0.250000 2.640367
v -2.234157 -0.250000 2.234157
v -3.046577 0.250001 3.046577
v -2.640367 -0.250000 2.640367
v -3.452787 0.250000 3.452787
v -3.046577 -0.250001 3.046577
v -3.858998 0.250000 3.858998
v -3.452787 -0.250000 3.452787
v -4.265207 0.250000 4.265208
v -3.858998 -0.250000 3.858999
v -4.671418 0.250000 4.671419
v -4.265207 -0.250000 4.265208
v -5.077629 0.250000 5.077630
v -4.671418 -0.250000 4.671419
v -5.483838 0.250000 5.483839
v -5.077629 -0.250000 5.077630
v -5.890049 0.250000 5.890049
v -5.483838 -0.250000 5.483839
v -6.296258 0.250000 6.296259
v -5.890049 -0.250000 5.890049
v -6.702469 0.250000 6.702470
v -6.296258 -0.250000 6.296259
v -7.108678 0.250000 7.108679
v -6.702469 -0.250000 6.702470
v -7.514890 0.250000 7.514891
v -7.108678 -0.250000 7.108679
v -7.921100 0.250000 7.921101
v -7.514890 -0.250000 7.514891
v -8.327310 0.250000 8.327312
v -7.921100 -0.250000 7.921101
v -8.733521 0.250000 8.733522
v -8.327310 -0.250000 8.327312
v -9.139729 0.250000 9.139731
v -8.733521 -0.250000 8.733522
v -9.545940 0.250000 9.545942
v -9.139729 -0.250000 9.139731
v 9.538870 -0.250000 -9.553015
v 9.132659 0.250001 -9.146804
v 9.538870 0.250000 -9.553015
v 9.132659 -0.250000 -9.146804
v 8.726450 0.250000 -8.740595
v 8.726450 -0.250000 -8.740595
v 8.320239 0.250000 -8.334384
v 8.320239 -0.250000 -8.334384
v 7.914031 0.250000 -7.928174
v 7.914031 -0.250000 -7.928174
v 7.507819 0.250000 -7.521962
v 7.507819 -0.250000 -7.521962
v 7.101611 0.250000 -7.115754
v 7.101611 -0.250000 -7.115754
v 6.695400 0.250000 -6.709542
v 6.695400 -0.250000 -6.709542
v 6.289188 0.250000 -6.303331
v 6.289188 -0.250000 -6.303331
v 5.882978 0.250000 -5.897121
v 5.882978 -0.250000 -5.897121
v 5.476768 0.250000 -5.490911
v 5.476768 -0.250000 -5.490911
v 5.070559 0.250000 -5.084702
v 5.070559 -0.250000 -5.084702
v 4.664349 0.250000 -4.678492
v 4.664349 -0.250000 -4.678492
v 4.258138 0.250000 -4.272281
v 4.258138 -0.250000 -4.272281
v 3.851928 0.250000 -3.866071
v 3.851928 -0.250000 -3.866070
v 3.445717 0.250000 -3.459859
v 3.445717 -0.250000 -3.459859
v 3.039508 0.250001 -3.053650
v 3.039508 -0.250001 -3.053650
v 2.633297 0.250000 -2.647439
v 2.633297 -0.250000 -2.647439
v 2.227087 0.250000 -2.241229
v 2.227087 -0.250000 -2.241229
v 1.820876 0.250000 -1.835018
v 1.820876 -0.250000 -1.835018
v 1.414666 0.250000 -1.428808
v 1.414666 -0.250000 -1.428808
v 1.008456 0.250000 -1.022598
v 1.008456 -0.250000 -1.022598
v 0.602245 0.250000 -0.616387
v 0.602245 -0.250000 -0.616387
v 0.196035 0.250000 -0.210177
v 0.196035 -0.250000 -0.210177
v -0.210176 0.250000 0.196034
v -0.210176 -0.250000 0.196034
v -0.616386 0.250000 0.602244
v -0.616386 -0.250000 0.602244
v -1.022597 0.250000 1.008455
v -1.022597 -0.250000 1.008455
v -1.428807 0.250000 1.414665
v -1.428807 -0.250000 1.414665
v -1.835017 0.250000 1.820875
v -1.835017 -0.250000 1.820875
v -2.241228 0.250000 2.227086
v -2.241228 -0.250000 2.227086
v -2.647438 0.250000 2.633296
v -2.647438 -0.250000 2.633296
v -3.053648 0.250001 3.039506
v -3.053648 -0.250001 3.039506
v -3.459858 0.250000 3.445716
v -3.459858 -0.250000 3.445716
v -3.866069 0.250000 3.851927
v -3.866069 -0.250000 3.851928
v -4.272278 0.250000 4.258138
v -4.272278 -0.250000 4.258138
v -4.678489 0.250000 4.664348
v -4.678489 -0.250000 4.664348
v -5.084700 0.250000 5.070559
v -5.084700 -0.250000 5.070559
v -5.490909 0.250000 5.476768
v -5.490909 -0.250000 5.476768
v -5.897120 0.250000 5.882978
v -5.897120 -0.250000 5.882978
v -6.303329 0.250000 6.289188
v -6.303329 -0.250000 6.289188
v -6.709540 0.250000 6.695399
v -6.709540 -0.250000 6.695399
v -7.115749 0.250000 7.101608
v -7.115749 -0.250000 7.101608
v -7.521961 0.250000 7.507820
v -7.521961 -0.250000 7.507820
v -7.928171 0.250000 7.914030
v -7.928171 -0.250000 7.914030
v -8.334381 0.250000 8.320240
v -8.334381 -0.250000 8.320240
v -8.740591 0.250000 8.726450
v -8.740591 -0.250000 8.726450
v -9.146801 0.250000 9.132660
v -9.146801 -0.250000 9.132660
v -9.553012 0.250000 9.538871
v -1.015526 -0.250000 1.015526
v -0.616386 -0.250000 0.602244
v -0.609315 -0.250000 0.609315
v 4.265209 -0.250000 -4.265210
v 4.664349 -0.250000 -4.678492
v 4.671420 -0.250000 -4.671421
v -3.452787 0.250000 3.452787
v -3.866069 0.250000 3.851927
v -3.858998 0.250000 3.858998
v 5.077630 0.250000 -5.077631
v 4.664349 0.250000 -4.678492
v 4.671420 0.250000 -4.671421
v -3.046577 0.250001 3.046577
v -3.459858 0.250000 3.445716
v 5.483840 0.250000 -5.483840
v 5.070559 0.250000 -5.084702
v -7.921100 0.250000 7.921101
v -8.334381 0.250000 8.320240
v -8.327310 0.250000 8.327312
v 0.609316 -0.250000 -0.609316
v 1.008456 -0.250000 -1.022598
v 1.015527 -0.250000 -1.015527
v 8.327312 0.250000 -8.327313
v 7.914031 0.250000 -7.928174
v 7.921102 0.250000 -7.921103
v 3.452788 -0.250000 -3.452788
v 3.851928 -0.250000 -3.866070
v 3.858999 -0.250000 -3.858999
v 2.640368 0.250000 -2.640368
v 2.227087 0.250000 -2.241229
v 2.234158 0.250000 -2.234158
v -8.740591 0.250000 8.726450
v -8.733521 0.250000 8.733522
v -0.210176 -0.250000 0.196034
v -0.203105 -0.250000 0.203105
v 8.733521 0.250000 -8.733523
v 8.320239 0.250000 -8.334384
v 3.046579 -0.250001 -3.046579
v 3.445717 -0.250000 -3.459859
v -2.640367 -0.250000 2.640367
v -2.241228 -0.250000 2.227086
v -2.234157 -0.250000 2.234157
v -5.483838 -0.250000 5.483839
v -5.084700 -0.250000 5.070559
v -5.077629 -0.250000 5.077630
v -6.702469 -0.250000 6.702470
v -6.303329 -0.250000 6.289188
v -6.296258 -0.250000 6.296259
v 3.046579 0.250001 -3.046579
v 2.633297 0.250000 -2.647439
v 5.890049 0.250000 -5.890050
v 5.476768 0.250000 -5.490911
v 1.414666 -0.250000 -1.428808
v 1.421737 -0.250000 -1.421737
v 7.108682 -0.250000 -7.108683
v 7.507819 -0.250000 -7.521962
v 7.514890 -0.250000 -7.514891
v -5.897120 -0.250000 5.882978
v -5.890049 -0.250000 5.890049
v -1.421736 0.250000 1.421736
v -1.835017 0.250000 1.820875
v -1.827946 0.250000 1.827946
v -9.146801 0.250000 9.132660
v -9.139729 0.250000 9.139731
v -1.835017 -0.250000 1.820875
v -1.827946 -0.250000 1.827946
v 9.139730 0.250000 -9.139732
v 8.726450 0.250000 -8.740595
v -1.015526 0.250000 1.015526
v -1.428807 0.250000 1.414665
v -8.327310 -0.250000 8.327312
v -7.928171 -0.250000 7.914030
v -7.921100 -0.250000 7.921101
v 0.203106 -0.250000 -0.203106
v 0.602245 -0.250000 -0.616387
v 6.296259 0.250000 -6.296260
v 5.882978 0.250000 -5.897121
v -7.521961 -0.250000 7.507820
v -7.514890 -0.250000 7.514891
v 0.196035 -0.250000 -0.210177
v 7.914031 -0.250000 -7.928174
v 7.921102 -0.250000 -7.921103
v -9.545940 0.250000 9.545942
v -9.553012 -0.250000 9.538871
v -9.545940 -0.250000 9.545942
v -9.553012 0.250000 9.538871
v -9.545940 0.250000 9.545942
v -3.046577 -0.250001 3.046577
v -2.647438 -0.250000 2.633296
v -4.678489 -0.250000 4.664348
v -4.671418 -0.250000 4.671419
v -7.115749 -0.250000 7.101608
v -7.108678 -0.250000 7.108679
v 4.265209 0.250000 -4.265210
v 3.851928 0.250000 -3.866071
v 3.858999 0.250000 -3.858999
v 9.545941 0.250000 -9.545943
v 9.132659 0.250001 -9.146804
v -3.452787 -0.250000 3.452787
v -3.053648 -0.250001 3.039506
v -4.272278 -0.250000 4.258138
v -4.265207 -0.250000 4.265208
v -4.671418 0.250000 4.671419
v -5.084700 0.250000 5.070559
v -5.077629 0.250000 5.077630
v 9.545941 -0.250000 -9.545943
v 9.538870 0.250000 -9.553015
v 9.545941 0.250000 -9.545943
v 6.702470 -0.250000 -6.702471
v 7.101611 -0.250000 -7.115754
v -0.609315 0.250000 0.609315
v -1.022597 0.250000 1.008455
v -3.866069 -0.250000 3.851928
v -3.858998 -0.250000 3.858999
v 0.203106 0.250000 -0.203106
v -0.210176 0.250000 0.196034
v -0.203105 0.250000 0.203105
v -5.490909 0.250000 5.476768
v -5.483838 0.250000 5.483839
v 1.827947 -0.250000 -1.827947
v 2.227087 -0.250000 -2.241229
v 2.234158 -0.250000 -2.234158
v 4.258138 0.250000 -4.272281
v 6.296259 -0.250000 -6.296260
v 6.695400 -0.250000 -6.709542
v 1.820876 -0.250000 -1.835018
v 1.015527 0.250000 -1.015527
v 0.602245 0.250000 -0.616387
v 0.609316 0.250000 -0.609316
v -0.616386 0.250000 0.602244
v 5.077630 -0.250000 -5.077631
v 5.476768 -0.250000 -5.490911
v 5.483840 -0.250000 -5.483840
v -9.139729 -0.250000 9.139731
v -8.740591 -0.250000 8.726450
v -8.733521 -0.250000 8.733522
v 3.445717 0.250000 -3.459859
v 3.452788 0.250000 -3.452788
v 5.070559 -0.250000 -5.084702
v -6.709540 -0.250000 6.695399
v 2.633297 -0.250000 -2.647439
v 2.640368 -0.250000 -2.640368
v -5.897120 0.250000 5.882978
v -5.890049 0.250000 5.890049
v -2.234157 0.250000 2.234157
v -2.647438 0.250000 2.633296
v -2.640367 0.250000 2.640367
v 8.327312 -0.250000 -8.327313
v 8.726450 -0.250000 -8.740595
v 8.733521 -0.250000 -8.733523
v -6.296258 0.250000 6.296259
v -6.709540 0.250000 6.695399
v -6.702469 0.250000 6.702470
v 1.421737 0.250000 -1.421737
v 1.008456 0.250000 -1.022598
v 6.702470 0.250000 -6.702471
v 6.289188 0.250000 -6.303331
v 8.320239 -0.250000 -8.334384
v 5.882978 -0.250000 -5.897121
v 5.890049 -0.250000 -5.890050
v -3.459858 -0.250000 3.445716
v -7.108678 0.250000 7.108679
v -7.521961 0.250000 7.507820
v -7.514890 0.250000 7.514891
v -6.303329 0.250000 6.289188
v -2.241228 0.250000 2.227086
v 3.039508 0.250001 -3.053650
v 0.196035 0.250000 -0.210177
v 3.039508 -0.250001 -3.053650
v 7.514890 0.250000 -7.514891
v 7.101611 0.250000 -7.115754
v 7.108682 0.250000 -7.108683
v 9.132659 -0.250000 -9.146804
v 9.139730 -0.250000 -9.139732
v -8.334381 -0.250000 8.320240
v -4.272278 0.250000 4.258138
v -4.265207 0.250000 4.265208
v -3.053648 0.250001 3.039506
v 6.289188 -0.250000 -6.303331
v -7.928171 0.250000 7.914030
v -1.421736 -0.250000 1.421736
v -1.022597 -0.250000 1.008455
v 7.507819 0.250000 -7.521962
v 4.258138 -0.250000 -4.272281
v -9.545940 -0.250000 9.545942
v -9.146801 -0.250000 9.132660
v -1.428807 -0.250000 1.414665
v 1.827947 0.250000 -1.827947
v 1.414666 0.250000 -1.428808
v 9.538870 -0.250000 -9.553015
v 9.545941 -0.250000 -9.545943
v -4.678489 0.250000 4.664348
v -7.115749 0.250000 7.101608
v -5.490909 -0.250000 5.476768
v 1.820876 0.250000 -1.835018
v 6.695400 0.250000 -6.709542
v -9.545940 -0.250000 9.545942
v -9.553012 -0.250000 9.538871
v -9.553012 0.250000 9.538871
v 9.538870 0.250000 -9.553015
v 9.538870 -0.250000 -9.553015
v -9.553012 -0.250000 9.538871
v -9.139731 0.250000 -9.139729
v -9.545942 -0.250000 -9.545940
v -9.545942 0.250000 -9.545940
v -8.733522 0.250000 -8.733521
v -9.139731 -0.250000 -9.139729
v -8.327312 0.250000 -8.327310
v -8.733522 -0.250000 -8.733521
v -7.921102 0.250000 -7.921101
v -8.327312 -0.250000 -8.327310
v -7.514889 0.250000 -7.514888
v -7.921102 -0.250000 -7.921100
v -7.108682 0.250000 -7.108681
v -7.514889 -0.250000 -7.514888
v -6.702470 0.250000 -6.702469
v -7.108682 -0.250000 -7.108681
v -6.296259 0.250000 -6.296258
v -6.702470 -0.250000 -6.702469
v -5.890049 0.250000 -5.890049
v -6.296259 -0.250000 -6.296258
v -5.483840 0.250000 -5.483840
v -5.890049 -0.250000 -5.890049
v -5.077630 0.250000 -5.077629
v -5.483840 -0.250000 -5.483840
v -4.671420 0.250000 -4.671419
v -5.077630 -0.250000 -5.077629
v -4.265208 0.250000 -4.265207
v -4.671420 -0.250000 -4.671419
v -3.858998 0.250000 -3.858998
v -4.265208 -0.250000 -4.265207
v -3.452788 0.250000 -3.452788
v -3.858998 -0.250000 -3.858998
v -3.046578 0.250001 -3.046578
v -3.452788 -0.250000 -3.452788
v -2.640368 0.250000 -2.640368
v -3.046578 -0.250001 -3.046578
v -2.234157 0.250000 -2.234157
v -2.640368 -0.250000 -2.640368
v -1.827947 0.250000 -1.827947
v -2.234157 -0.250000 -2.234157
v -1.421737 0.250000 -1.421737
v -1.827947 -0.250000 -1.827947
v -1.015526 0.250000 -1.015526
v -1.421737 -0.250000 -1.421737
v -0.609316 0.250000 -0.609316
v -1.015526 -0.250000 -1.015526
v -0.203106 0.250000 -0.203106
v -0.609316 -0.250000 -0.609316
v 0.203105 0.250000 0.203105
v -0.203106 -0.250000 -0.203106
v 0.609315 0.250000 0.609315
v 0.203105 -0.250000 0.203105
v 1.015526 0.250000 1.015526
v 0.609315 -0.250000 0.609315
v 1.421736 0.250000 1.421736
v 1.015526 -0.250000 1.015526
v 1.827946 0.250000 1.827946
v 1.421736 -0.250000 1.421736
v 2.234156 0.250000 2.234156
v 1.827946 -0.250000 1.827946
v 2.640366 0.250000 2.640366
v 2.234156 -0.250000 2.234156
v 3.046577 0.250001 3.046577
v 2.640366 -0.250000 2.640366
v 3.452787 0.250000 3.452787
v 3.046577 -0.250001 3.046577
v 3.858997 0.250000 3.858997
v 3.452787 -0.250000 3.452787
v 4.265207 0.250000 4.265206
v 3.858997 -0.250000 3.858997
v 4.671418 0.250000 4.671417
v 4.265207 -0.250000 4.265206
v 5.077629 0.250000 5.077628
v 4.671418 -0.250000 4.671417
v 5.483839 0.250000 5.483838
v 5.077629 -0.250000 5.077628
v 5.890049 0.250000 5.890048
v 5.483839 -0.250000 5.483838
v 6.296258 0.250000 6.296257
v 5.890049 -0.250000 5.890048
v 6.702469 0.250000 6.702468
v 6.296258 -0.250000 6.296257
v 7.108678 0.250000 7.108677
v 6.702469 -0.250000 6.702468
v 7.514889 0.250000 7.514888
v 7.108678 -0.250000 7.108677
v 7.921100 0.250000 7.921098
v 7.514889 -0.250000 7.514888
v 8.327310 0.250000 8.327308
v 7.921100 -0.250000 7.921099
v 8.733521 0.250000 8.733519
v 8.327310 -0.250000 8.327308
v 9.139729 0.250000 9.139728
v 8.733521 -0.250000 8.733519
v 9.545940 0.250000 9.545938
v 9.139729 -0.250000 9.139728
v -9.553014 -0.250000 -9.538869
v -9.146803 0.250000 -9.132658
v -9.553014 0.250000 -9.538869
v -9.146803 -0.250000 -9.132658
v -8.740593 0.250000 -8.726448
v -8.740593 -0.250000 -8.726448
v -8.334383 0.250000 -8.320238
v -8.334383 -0.250000 -8.320238
v -7.928173 0.250000 -7.914030
v -7.928173 -0.250000 -7.914029
v -7.521960 0.250000 -7.507818
v -7.521960 -0.250000 -7.507818
v -7.115753 0.250000 -7.101610
v -7.115753 -0.250000 -7.101610
v -6.709541 0.250000 -6.695398
v -6.709541 -0.250000 -6.695398
v -6.303330 0.250000 -6.289187
v -6.303330 -0.250000 -6.289187
v -5.897120 0.250000 -5.882977
v -5.897120 -0.250000 -5.882977
v -5.490911 0.250000 -5.476768
v -5.490911 -0.250000 -5.476768
v -5.084701 0.250000 -5.070558
v -5.084701 -0.250000 -5.070558
v -4.678491 0.250000 -4.664348
v -4.678491 -0.250000 -4.664348
v -4.272279 0.250000 -4.258137
v -4.272279 -0.250000 -4.258137
v -3.866069 0.250000 -3.851927
v -3.866069 -0.250000 -3.851927
v -3.459859 0.250000 -3.445717
v -3.459859 -0.250000 -3.445717
v -3.053649 0.250001 -3.039507
v -3.053649 -0.250001 -3.039507
v -2.647439 0.250000 -2.633297
v -2.647439 -0.250000 -2.633297
v -2.241228 0.250000 -2.227086
v -2.241228 -0.250000 -2.227086
v -1.835018 0.250000 -1.820876
v -1.835018 -0.250000 -1.820876
v -1.428808 0.250000 -1.414666
v -1.428808 -0.250000 -1.414666
v -1.022597 0.250000 -1.008455
v -1.022597 -0.250000 -1.008455
v -0.616387 0.250000 -0.602245
v -0.616387 -0.250000 -0.602245
v -0.210177 0.250000 -0.196035
v -0.210177 -0.250000 -0.196035
v 0.196034 0.250000 0.210176
v 0.196034 -0.250000 0.210176
v 0.602244 0.250000 0.616386
v 0.602244 -0.250000 0.616386
v 1.008455 0.250000 1.022597
v 1.008455 -0.250000 1.022597
v 1.414665 0.250000 1.428807
v 1.414665 -0.250000 1.428807
v 1.820875 0.250000 1.835017
v 1.820875 -0.250000 1.835017
v 2.227085 0.250000 2.241227
v 2.227085 -0.250000 2.241227
v 2.633295 0.250000 2.647437
v 2.633295 -0.250000 2.647437
v 3.039506 0.250001 3.053648
v 3.039506 -0.250001 3.053648
v 3.445716 0.250000 3.459858
v 3.445716 -0.250000 3.459858
v 3.851926 0.250000 3.866067
v 3.851926 -0.250000 3.866068
v 4.258136 0.250000 4.272277
v 4.258136 -0.250000 4.272277
v 4.664347 0.250000 4.678487
v 4.664347 -0.250000 4.678487
v 5.070558 0.250000 5.084699
v 5.070558 -0.250000 5.084699
v 5.476768 0.250000 5.490909
v 5.476768 -0.250000 5.490909
v 5.882977 0.250000 5.897119
v 5.882977 -0.250000 5.897119
v 6.289187 0.250000 6.303329
v 6.289187 -0.250000 6.303329
v 6.695398 0.250000 6.709539
v 6.695398 -0.250000 6.709539
v 7.101607 0.250000 7.115748
v 7.101607 -0.250000 7.115748
v 7.507819 0.250000 7.521959
v 7.507819 -0.250000 7.521959
v 7.914029 0.250000 7.928169
v 7.914029 -0.250000 7.928170
v 8.320238 0.250000 8.334379
v 8.320238 -0.250000 8.334379
v 8.726449 0.250000 8.740590
v 8.726449 -0.250000 8.740590
v 9.132659 0.250000 9.146800
v 9.132659 -0.250001 9.146800
v 9.538869 0.250000 9.553010
v 1.015526 -0.250000 1.015526
v 0.602244 -0.250000 0.616386
v 0.609315 -0.250000 0.609315
v -4.265208 -0.250000 -4.265207
v -4.678491 -0.250000 -4.664348
v -4.671420 -0.250000 -4.671419
v 3.452787 0.250000 3.452787
v 3.851926 0.250000 3.866067
v 3.858997 0.250000 3.858997
v -5.077630 0.250000 -5.077629
v -4.678491 0.250000 -4.664348
v -4.671420 0.250000 -4.671419
v 3.046577 0.250001 3.046577
v 3.445716 0.250000 3.459858
v -5.483840 0.250000 -5.483840
v -5.084701 0.250000 -5.070558
v 7.921100 0.250000 7.921098
v 8.320238 0.250000 8.334379
v 8.327310 0.250000 8.327308
v -0.609316 -0.250000 -0.609316
v -1.022597 -0.250000 -1.008455
v -1.015526 -0.250000 -1.015526
v -8.327312 0.250000 -8.327310
v -7.928173 0.250000 -7.914030
v -7.921102 0.250000 -7.921101
v -3.452788 -0.250000 -3.452788
v -3.866069 -0.250000 -3.851927
v -3.858998 -0.250000 -3.858998
v -2.640368 0.250000 -2.640368
v -2.241228 0.250000 -2.227086
v -2.234157 0.250000 -2.234157
v 8.726449 0.250000 8.740590
v 8.733521 0.250000 8.733519
v 0.196034 -0.250000 0.210176
v 0.203105 -0.250000 0.203105
v -8.733522 0.250000 -8.733521
v -8.334383 0.250000 -8.320238
v -3.046578 -0.250001 -3.046578
v -3.459859 -0.250000 -3.445717
v 2.640366 -0.250000 2.640366
v 2.227085 -0.250000 2.241227
v 2.234156 -0.250000 2.234156
v 5.483839 -0.250000 5.483838
v 5.070558 -0.250000 5.084699
v 5.077629 -0.250000 5.077628
v 6.702469 -0.250000 6.702468
v 6.289187 -0.250000 6.303329
v 6.296258 -0.250000 6.296257
v -3.046578 0.250001 -3.046578
v -2.647439 0.250000 -2.633297
v -5.890049 0.250000 -5.890049
v -5.490911 0.250000 -5.476768
v -1.428808 -0.250000 -1.414666
v -1.421737 -0.250000 -1.421737
v -7.108682 -0.250000 -7.108681
v -7.521960 -0.250000 -7.507818
v -7.514889 -0.250000 -7.514888
v 5.882977 -0.250000 5.897119
v 5.890049 -0.250000 5.890048
v 1.421736 0.250000 1.421736
v 1.820875 0.250000 1.835017
v 1.827946 0.250000 1.827946
v 9.132659 0.250000 9.146800
v 9.139729 0.250000 9.139728
v 1.820875 -0.250000 1.835017
v 1.827946 -0.250000 1.827946
v -9.139731 0.250000 -9.139729
v -8.740593 0.250000 -8.726448
v 1.015526 0.250000 1.015526
v 1.414665 0.250000 1.428807
v 8.327310 -0.250000 8.327308
v 7.914029 -0.250000 7.928170
v 7.921100 -0.250000 7.921099
v -0.203106 -0.250000 -0.203106
v -0.616387 -0.250000 -0.602245
v -6.296259 0.250000 -6.296258
v -5.897120 0.250000 -5.882977
v 7.507819 -0.250000 7.521959
v 7.514889 -0.250000 7.514888
v -0.210177 -0.250000 -0.196035
v -7.928173 -0.250000 -7.914029
v -7.921102 -0.250000 -7.921100
v 9.545940 0.250000 9.545938
v 9.538869 -0.250000 9.553010
v 9.545940 -0.250000 9.545938
v 9.538869 0.250000 9.553010
v 9.545940 0.250000 9.545938
v 3.046577 -0.250001 3.046577
v 2.633295 -0.250000 2.647437
v 4.664347 -0.250000 4.678487
v 4.671418 -0.250000 4.671417
v 7.101607 -0.250000 7.115748
v 7.108678 -0.250000 7.108677
v -4.265208 0.250000 -4.265207
v -3.866069 0.250000 -3.851927
v -3.858998 0.250000 -3.858998
v -9.545942 0.250000 -9.545940
v -9.146803 0.250000 -9.132658
v 3.452787 -0.250000 3.452787
v 3.039506 -0.250001 3.053648
v 4.258136 -0.250000 4.272277
v 4.265207 -0.250000 4.265206
v 4.671418 0.250000 4.671417
v 5.070558 0.250000 5.084699
v 5.077629 0.250000 5.077628
v -9.545942 -0.250000 -9.545940
v -9.553014 0.250000 -9.538869
v -9.545942 0.250000 -9.545940
v -6.702470 -0.250000 -6.702469
v -7.115753 -0.250000 -7.101610
v 0.609315 0.250000 0.609315
v 1.008455 0.250000 1.022597
v 3.851926 -0.250000 3.866068
v 3.858997 -0.250000 3.858997
v -0.203106 0.250000 -0.203106
v 0.196034 0.250000 0.210176
v 0.203105 0.250000 0.203105
v 5.476768 0.250000 5.490909
v 5.483839 0.250000 5.483838
v -1.827947 -0.250000 -1.827947
v -2.241228 -0.250000 -2.227086
v -2.234157 -0.250000 -2.234157
v -4.272279 0.250000 -4.258137
v -6.296259 -0.250000 -6.296258
v -6.709541 -0.250000 -6.695398
v -1.835018 -0.250000 -1.820876
v -1.015526 0.250000 -1.015526
v -0.616387 0.250000 -0.602245
v -0.609316 0.250000 -0.609316
v 0.602244 0.250000 0.616386
v -5.077630 -0.250000 -5.077629
v -5.490911 -0.250000 -5.476768
v -5.483840 -0.250000 -5.483840
v 9.139729 -0.250000 9.139728
v 8.726449 -0.250000 8.740590
v 8.733521 -0.250000 8.733519
v -3.459859 0.250000 -3.445717
v -3.452788 0.250000 -3.452788
v -5.084701 -0.250000 -5.070558
v 6.695398 -0.250000 6.709539
v -2.647439 -0.250000 -2.633297
v -2.640368 -0.250000 -2.640368
v 5.882977 0.250000 5.897119
v 5.890049 0.250000 5.890048
v 2.234156 0.250000 2.234156
v 2.633295 0.250000 2.647437
v 2.640366 0.250000 2.640366
v -8.327312 -0.250000 -8.327310
v -8.740593 -0.250000 -8.726448
v -8.733522 -0.250000 -8.733521
v 6.296258 0.250000 6.296257
v 6.695398 0.250000 6.709539
v 6.702469 0.250000 6.702468
v -1.421737 0.250000 -1.421737
v -1.022597 0.250000 -1.008455
v -6.702470 0.250000 -6.702469
v -6.303330 0.250000 -6.289187
v -8.334383 -0.250000 -8.320238
v -5.897120 -0.250000 -5.882977
v -5.890049 -0.250000 -5.890049
v 3.445716 -0.250000 3.459858
v 7.108678 0.250000 7.108677
v 7.507819 0.250000 7.521959
v 7.514889 0.250000 7.514888
v 6.289187 0.250000 6.303329
v 2.227085 0.250000 2.241227
v -3.053649 0.250001 -3.039507
v -0.210177 0.250000 -0.196035
v -3.053649 -0.250001 -3.039507
v -7.514889 0.250000 -7.514888
v -7.115753 0.250000 -7.101610
v -7.108682 0.250000 -7.108681
v -9.146803 -0.250000 -9.132658
v -9.139731 -0.250000 -9.139729
v 8.320238 -0.250000 8.334379
v 4.258136 0.250000 4.272277
v 4.265207 0.250000 4.265206
v 3.039506 0.250001 3.053648
v -6.303330 -0.250000 -6.289187
v 7.914029 0.250000 7.928169
v 1.421736 -0.250000 1.421736
v 1.008455 -0.250000 1.022597
v -7.521960 0.250000 -7.507818
v -4.272279 -0.250000 -4.258137
v 9.545940 -0.250000 9.545938
v 9.132659 -0.250001 9.146800
v 1.414665 -0.250000 1.428807
v -1.827947 0.250000 -1.827947
v -1.428808 0.250000 -1.414666
v -9.553014 -0.250000 -9.538869
v -9.545942 -0.250000 -9.545940
v 4.664347 0.250000 4.678487
v 7.101607 0.250000 7.115748
v 5.476768 -0.250000 5.490909
v -1.835018 0.250000 -1.820876
v -6.709541 0.250000 -6.695398
v 9.545940 -0.250000 9.545938
v 9.538869 -0.250000 9.553010
v 9.538869 0.250000 9.553010
v -9.553014 0.250000 -9.538869
v -9.553014 -0.250000 -9.538869
v 9.538869 -0.250000 9.553010
v 0.813963 0.260000 -4.570209
v 0.000000 -0.260000 -4.625000
v 0.000000 0.260000 -4.625000
v 1.594705 0.260000 -4.410607
v 0.813963 -0.260000 -4.570209
v 2.335067 0.260000 -4.153356
v 1.594705 -0.260000 -4.410607
v 3.027889 0.260000 -3.805611
v 2.335067 -0.260000 -4.153355
v 3.666014 0.260000 -3.374533
v 3.027889 -0.260000 -3.805611
v 4.242280 0.260000 -2.867281
v 3.666014 -0.260000 -3.374533
v 4.749534 0.260000 -2.291013
v 4.242280 -0.260000 -2.867281
v 5.180611 0.260000 -1.652889
v 4.749534 -0.260000 -2.291013
v 5.528355 0.260000 -0.960067
v 5.180611 -0.260000 -1.652889
v 5.785607 0.260000 -0.219706
v 5.528355 -0.260000 -0.960066
v 5.945208 0.260000 0.561036
v 5.785607 -0.260000 -0.219705
v 6.000000 0.260000 1.374999
v 5.945208 -0.260000 0.561037
v 5.945209 0.260000 2.188962
v 6.000000 -0.260000 1.375000
v 5.785607 0.260000 2.969705
v 5.945209 -0.260000 2.188962
v 5.528356 0.260000 3.710067
v 5.785607 -0.260000 2.969705
v 5.180612 0.260000 4.402888
v 5.528356 -0.260000 3.710067
v 4.749534 0.260000 5.041014
v 5.180612 -0.260000 4.402888
v 4.242281 0.260000 5.617280
v 4.749534 -0.260000 5.041014
v 3.666013 0.260000 6.124534
v 4.242281 -0.260000 5.617280
v 3.027889 0.260000 6.555611
v 3.666013 -0.260000 6.124534
v 2.335067 0.260000 6.903355
v 3.027889 -0.260000 6.555611
v 1.594706 0.260000 7.160607
v 2.335067 -0.260000 6.903355
v 0.813964 0.260000 7.320208
v 1.594706 -0.260000 7.160607
v 0.000001 0.260000 7.375000
v 0.813964 -0.260000 7.320208
v -0.813962 0.260000 7.320209
v 0.000001 -0.260000 7.375000
v -1.594704 0.260000 7.160607
v -0.813962 -0.260000 7.320209
v -2.335066 0.260000 6.903355
v -1.594704 -0.260000 7.160607
v -3.027889 0.260000 6.555611
v -2.335066 -0.260000 6.903356
v -3.666013 0.260000 6.124534
v -3.027889 -0.260000 6.555612
v -4.242280 0.260000 5.617281
v -3.666013 -0.260000 6.124534
v -4.749534 0.260000 5.041013
v -4.242280 -0.260000 5.617281
v -5.180611 0.260000 4.402889
v -4.749534 -0.260000 5.041013
v -5.528355 0.260000 3.710067
v -5.180611 -0.260000 4.402889
v -5.785606 0.260000 2.969706
v -5.528355 -0.260000 3.710067
v -5.945208 0.260000 2.188963
v -5.785606 -0.260000 2.969706
v -6.000000 0.260000 1.375000
v -5.945208 -0.260000 2.188963
v -5.945209 0.260000 0.561037
v -6.000000 -0.260000 1.375001
v -5.785607 0.260000 -0.219705
v -5.945209 -0.260000 0.561038
v -5.528355 0.260000 -0.960067
v -5.785607 -0.260000 -0.219704
v -5.180611 0.260000 -1.652889
v -5.528355 -0.260000 -0.960066
v -4.749533 0.260000 -2.291013
v -5.180611 -0.260000 -1.652889
v -4.242281 0.260000 -2.867281
v -4.749533 -0.260000 -2.291013
v -3.666013 0.260000 -3.374534
v -4.242281 -0.260000 -2.867280
v -3.027889 0.260000 -3.805611
v -3.666013 -0.260000 -3.374533
v -2.335067 0.260000 -4.153355
v -3.027889 -0.260000 -3.805611
v -1.594705 0.260000 -4.410607
v -2.335067 -0.260000 -4.153355
v -0.813963 0.260000 -4.570208
v -1.594705 -0.260000 -4.410607
v -0.813963 -0.260000 -4.570208
v 0.000000 -0.260000 -4.615000
v 0.812623 0.260000 -4.560299
v 0.000000 0.260000 -4.615000
v 0.812623 -0.260000 -4.560299
v 1.592057 0.260000 -4.400964
v 1.592057 -0.260000 -4.400964
v 2.331173 0.260000 -4.144145
v 2.331173 -0.260000 -4.144144
v 3.022837 0.260000 -3.796981
v 3.022837 -0.260000 -3.796981
v 3.659899 0.260000 -3.366621
v 3.659899 -0.260000 -3.366621
v 4.235209 0.260000 -2.860210
v 4.235209 -0.260000 -2.860210
v 4.741621 0.260000 -2.284899
v 4.741621 -0.260000 -2.284899
v 5.171981 0.260000 -1.647838
v 5.171981 -0.260000 -1.647837
v 5.519144 0.260000 -0.956175
v 5.519144 -0.260000 -0.956174
v 5.775964 0.260000 -0.217058
v 5.775964 -0.260000 -0.217057
v 5.935298 0.260000 0.562376
v 5.935298 -0.260000 0.562376
v 5.990000 0.260000 1.374999
v 5.990000 -0.260000 1.375000
v 5.935299 0.260000 2.187623
v 5.935299 -0.260000 2.187623
v 5.775964 0.260000 2.967057
v 5.775964 -0.260000 2.967057
v 5.519145 0.260000 3.706173
v 5.519145 -0.260000 3.706173
v 5.171981 0.260000 4.397837
v 5.171981 -0.260000 4.397837
v 4.741621 0.260000 5.034899
v 4.741621 -0.260000 5.034899
v 4.235210 0.260000 5.610209
v 4.235210 -0.260000 5.610209
v 3.659899 0.260000 6.116621
v 3.659899 -0.260000 6.116621
v 3.022837 0.260000 6.546980
v 3.022837 -0.260000 6.546981
v 2.331175 0.260000 6.894144
v 2.331175 -0.260000 6.894144
v 1.592058 0.260000 7.150964
v 1.592058 -0.260000 7.150964
v 0.812624 0.260000 7.310298
v 0.812624 -0.260000 7.310298
v 0.000001 0.260000 7.365000
v 0.000001 -0.260000 7.365000
v -0.812622 0.260000 7.310299
v -0.812622 -0.260000 7.310299
v -1.592056 0.260000 7.150964
v -1.592056 -0.260000 7.150964
v -2.331173 0.260000 6.894144
v -2.331173 -0.260000 6.894145
v -3.022836 0.260000 6.546981
v -3.022836 -0.260000 6.546981
v -3.659899 0.260000 6.116621
v -3.659899 -0.260000 6.116621
v -4.235209 0.260000 5.610210
v -4.235209 -0.260000 5.610210
v -4.741621 0.260000 5.034900
v -4.741621 -0.260000 5.034900
v -5.171980 0.260000 4.397838
v -5.171980 -0.260000 4.397838
v -5.519144 0.260000 3.706174
v -5.519144 -0.260000 3.706174
v -5.775963 0.260000 2.967057
v -5.775963 -0.260000 2.967057
v -5.935298 0.260000 2.187624
v -5.935298 -0.260000 2.187624
v -5.990000 0.260000 1.375000
v -5.990000 -0.260000 1.375001
v -5.935299 0.260000 0.562377
v -5.935299 -0.260000 0.562378
v -5.775964 0.260000 -0.217057
v -5.775964 -0.260000 -0.217056
v -5.519144 0.260000 -0.956174
v -5.519144 -0.260000 -0.956173
v -5.171981 0.260000 -1.647837
v -5.171981 -0.260000 -1.647837
v -4.741621 0.260000 -2.284899
v -4.741621 -0.260000 -2.284899
v -4.235210 0.260000 -2.860210
v -4.235210 -0.260000 -2.860209
v -3.659899 0.260000 -3.366621
v -3.659899 -0.260000 -3.366621
v -3.022837 0.260000 -3.796981
v -3.022837 -0.260000 -3.796981
v -2.331174 0.260000 -4.144144
v -2.331174 -0.260000 -4.144144
v -1.592057 0.260000 -4.400964
v -1.592057 -0.260000 -4.400964
v -0.812623 0.260000 -4.560298
v -0.812623 -0.260000 -4.560298
v -1.594704 -0.260000 7.160607
v -0.812622 -0.260000 7.310299
v -0.813962 -0.260000 7.320209
v 5.945209 -0.260000 2.188962
v 5.990000 -0.260000 1.375000
v 6.000000 -0.260000 1.375000
v -5.180611 0.260000 4.402889
v -5.519144 0.260000 3.706174
v -5.528355 0.260000 3.710067
v 5.945208 0.260000 0.561036
v 5.990000 0.260000 1.374999
v 6.000000 0.260000 1.374999
v -4.749534 0.260000 5.041013
v -5.171980 0.260000 4.397838
v 5.785607 0.260000 -0.219706
v 5.935298 0.260000 0.562376
v -3.666013 0.260000 -3.374534
v -3.022837 0.260000 -3.796981
v -3.027889 0.260000 -3.805611
v 2.335067 -0.260000 6.903355
v 1.592058 -0.260000 7.150964
v 2.331175 -0.260000 6.894144
v 3.027889 0.260000 -3.805611
v 2.331173 0.260000 -4.144145
v 3.022837 0.260000 -3.796981
v 5.528356 -0.260000 3.710067
v 5.775964 -0.260000 2.967057
v 5.785607 -0.260000 2.969705
v 4.242281 0.260000 5.617280
v 4.741621 0.260000 5.034899
v 4.235210 0.260000 5.610209
v -2.331174 0.260000 -4.144144
v -2.335067 0.260000 -4.153355
v 0.000001 -0.260000 7.365000
v 0.000001 -0.260000 7.375000
v 2.335067 0.260000 -4.153356
v 1.592057 0.260000 -4.400964
v 5.180612 -0.260000 4.402888
v 5.519145 -0.260000 3.706173
v -4.242280 -0.260000 5.617281
v -3.659899 -0.260000 6.116621
v -3.666013 -0.260000 6.124534
v -5.945209 -0.260000 0.561038
v -5.990000 -0.260000 1.375001
v -6.000000 -0.260000 1.375001
v -5.180611 -0.260000 -1.652889
v -5.519144 -0.260000 -0.956173
v -5.528355 -0.260000 -0.960066
v 4.749534 0.260000 5.041014
v 5.171981 0.260000 4.397837
v 5.528355 0.260000 -0.960067
v 5.775964 0.260000 -0.217058
v 3.027889 -0.260000 6.555611
v 3.022837 -0.260000 6.546981
v 4.242280 -0.260000 -2.867281
v 3.659899 -0.260000 -3.366621
v 3.666014 -0.260000 -3.374533
v -5.775964 -0.260000 -0.217056
v -5.785607 -0.260000 -0.219704
v -3.027889 0.260000 6.555611
v -2.331173 0.260000 6.894144
v -3.022836 0.260000 6.546981
v -1.592057 0.260000 -4.400964
v -1.594705 0.260000 -4.410607
v -3.022836 -0.260000 6.546981
v -3.027889 -0.260000 6.555612
v 1.594705 0.260000 -4.410607
v 0.812623 0.260000 -4.560299
v -2.335066 0.260000 6.903355
v -1.592056 0.260000 7.150964
v -3.666013 -0.260000 -3.374533
v -3.022837 -0.260000 -3.796981
v -3.659899 -0.260000 -3.366621
v 1.594706 -0.260000 7.160607
v 0.812624 -0.260000 7.310298
v 5.180611 0.260000 -1.652889
v 5.519144 0.260000 -0.956175
v -4.242281 -0.260000 -2.867280
v -4.235210 -0.260000 -2.860209
v 0.813964 -0.260000 7.320208
v 3.022837 -0.260000 -3.796981
v 3.027889 -0.260000 -3.805611
v -0.812623 0.260000 -4.560298
v -0.813963 0.260000 -4.570208
v -4.741621 -0.260000 5.034900
v -4.235209 -0.260000 5.610210
v -5.945208 -0.260000 2.188963
v -5.935298 -0.260000 2.187624
v -4.741621 -0.260000 -2.284899
v -4.749533 -0.260000 -2.291013
v 5.785607 0.260000 2.969705
v 5.935299 0.260000 2.187623
v 5.775964 0.260000 2.967057
v 0.813963 0.260000 -4.570209
v 0.000000 0.260000 -4.615000
v -4.749534 -0.260000 5.041013
v -5.171980 -0.260000 4.397838
v -5.785606 -0.260000 2.969706
v -5.775963 -0.260000 2.967057
v -5.945208 0.260000 2.188963
v -5.990000 0.260000 1.375000
v -6.000000 0.260000 1.375000
v 4.741621 -0.260000 -2.284899
v 4.235209 -0.260000 -2.860210
v -1.594704 0.260000 7.160607
v -0.812622 0.260000 7.310299
v -0.813963 -0.260000 -4.570208
v 0.000000 -0.260000 -4.615000
v -0.812623 -0.260000 -4.560298
v -5.528355 -0.260000 3.710067
v -5.519144 -0.260000 3.706174
v 0.813964 0.260000 7.320208
v 0.000001 0.260000 7.365000
v 0.000001 0.260000 7.375000
v -5.945209 0.260000 0.561037
v -5.935299 0.260000 0.562377
v 4.242281 -0.260000 5.617280
v 3.659899 -0.260000 6.116621
v 4.235210 -0.260000 5.610209
v 5.945209 0.260000 2.188962
v 4.749534 -0.260000 -2.291013
v 5.171981 -0.260000 -1.647837
v 3.666013 -0.260000 6.124534
v 2.335067 0.260000 6.903355
v 1.592058 0.260000 7.150964
v 1.594706 0.260000 7.160607
v -0.813962 0.260000 7.320209
v 5.785607 -0.260000 -0.219705
v 5.935298 -0.260000 0.562376
v 5.775964 -0.260000 -0.217057
v -2.335067 -0.260000 -4.153355
v -1.592057 -0.260000 -4.400964
v -2.331174 -0.260000 -4.144144
v 5.528356 0.260000 3.710067
v 5.519145 0.260000 3.706173
v 5.945208 -0.260000 0.561037
v -5.171981 -0.260000 -1.647837
v 4.741621 -0.260000 5.034899
v 4.749534 -0.260000 5.041014
v -5.785607 0.260000 -0.219705
v -5.775964 0.260000 -0.217057
v -4.242280 0.260000 5.617281
v -3.659899 0.260000 6.116621
v -4.235209 0.260000 5.610210
v 2.335067 -0.260000 -4.153355
v 1.592057 -0.260000 -4.400964
v 1.594705 -0.260000 -4.410607
v -5.180611 0.260000 -1.652889
v -5.519144 0.260000 -0.956174
v -5.171981 0.260000 -1.647837
v 3.027889 0.260000 6.555611
v 2.331175 0.260000 6.894144
v 4.749534 0.260000 -2.291013
v 5.171981 0.260000 -1.647838
v 2.331173 -0.260000 -4.144144
v 5.528355 -0.260000 -0.960066
v 5.519144 -0.260000 -0.956174
v -5.180611 -0.260000 4.402889
v -4.242281 0.260000 -2.867281
v -4.741621 0.260000 -2.284899
v -4.235210 0.260000 -2.860210
v -5.528355 0.260000 -0.960067
v -3.666013 0.260000 6.124534
v 5.180612 0.260000 4.402888
v 0.812624 0.260000 7.310298
v 5.171981 -0.260000 4.397837
v 4.242280 0.260000 -2.867281
v 3.659899 0.260000 -3.366621
v 4.235209 0.260000 -2.860210
v 0.812623 -0.260000 -4.560299
v 0.813963 -0.260000 -4.570209
v -3.027889 -0.260000 -3.805611
v -5.775963 0.260000 2.967057
v -5.785606 0.260000 2.969706
v -4.741621 0.260000 5.034900
v 5.180611 -0.260000 -1.652889
v -3.659899 0.260000 -3.366621
v -2.335066 -0.260000 6.903356
v -1.592056 -0.260000 7.150964
v 3.666014 0.260000 -3.374533
v 0.000000 0.260000 -4.625000
v 5.935299 -0.260000 2.187623
v -1.594705 -0.260000 -4.410607
v -2.331173 -0.260000 6.894145
v 3.666013 0.260000 6.124534
v 3.022837 0.260000 6.546980
v 0.000000 -0.260000 -4.625000
v -5.935298 0.260000 2.187624
v -4.749533 0.260000 -2.291013
v -5.935299 -0.260000 0.562378
v 3.659899 0.260000 6.116621
v 4.741621 0.260000 -2.284899
v 1.627926 0.250000 -10.515417
v -0.000001 -0.250000 -10.625000
v -0.000001 0.250000 -10.625000
v 3.189409 0.250000 -10.196215
v 1.627926 -0.250000 -10.515417
v 4.670133 0.250000 -9.681710
v 3.189409 -0.250000 -10.196215
v 6.055778 0.250000 -8.986222
v 4.670133 -0.250000 -9.681710
v 7.332026 0.250000 -8.124067
v 6.055778 -0.250000 -8.986222
v 8.484562 0.250000 -7.109563
v 7.332026 -0.250000 -8.124067
v 9.499066 0.250000 -5.957027
v 8.484562 -0.250000 -7.109562
v 10.361222 0.250000 -4.680779
v 9.499066 -0.250000 -5.957027
v 11.056710 0.250000 -3.295134
v 10.361222 -0.250000 -4.680779
v 11.571214 0.250000 -1.814411
v 11.056710 -0.250000 -3.295134
v 11.890415 0.250000 -0.252927
v 11.571214 -0.250000 -1.814411
v 12.000000 0.250000 1.374999
v 11.890415 -0.250000 -0.252927
v 11.890417 0.250000 3.002926
v 12.000000 -0.250000 1.374999
v 11.571215 0.250000 4.564409
v 11.890417 -0.250000 3.002926
v 11.056711 0.250000 6.045133
v 11.571215 -0.250000 4.564409
v 10.361222 0.250000 7.430778
v 11.056711 -0.250000 6.045133
v 9.499067 0.250000 8.707026
v 10.361222 -0.250000 7.430778
v 8.484563 0.250000 9.859562
v 9.499067 -0.250000 8.707026
v 7.332027 0.250000 10.874066
v 8.484563 -0.250000 9.859562
v 6.055779 0.250000 11.736221
v 7.332027 -0.250000 10.874066
v 4.670134 0.250000 12.431710
v 6.055779 -0.250000 11.736221
v 3.189411 0.250000 12.946214
v 4.670134 -0.250000 12.431710
v 1.627927 0.250000 13.265415
v 3.189411 -0.250000 12.946214
v 0.000001 0.250000 13.375000
v 1.627927 -0.250000 13.265415
v -1.627926 0.250000 13.265417
v 0.000001 -0.250000 13.375000
v -3.189409 0.250000 12.946215
v -1.627926 -0.250000 13.265417
v -4.670133 0.250000 12.431710
v -3.189409 -0.250000 12.946215
v -6.055778 0.250000 11.736222
v -4.670133 -0.250000 12.431710
v -7.332026 0.250000 10.874067
v -6.055778 -0.250000 11.736222
v -8.484562 0.250000 9.859563
v -7.332026 -0.250000 10.874067
v -9.499066 0.250000 8.707026
v -8.484562 -0.250000 9.859563
v -10.361221 0.250000 7.430779
v -9.499066 -0.250000 8.707026
v -11.056709 0.250000 6.045134
v -10.361221 -0.250000 7.430779
v -11.571214 0.250000 4.564411
v -11.056709 -0.250000 6.045134
v -11.890415 0.250000 3.002927
v -11.571214 -0.250000 4.564411
v -12.000000 0.250000 1.375001
v -11.890415 -0.250000 3.002927
v -11.890417 0.250000 -0.252926
v -12.000000 -0.250000 1.375001
v -11.571215 0.250000 -1.814409
v -11.890417 -0.250000 -0.252926
v -11.056710 0.250000 -3.295133
v -11.571215 -0.250000 -1.814409
v -10.361221 0.250000 -4.680778
v -11.056710 -0.250000 -3.295133
v -9.499067 0.250000 -5.957026
v -10.361221 -0.250000 -4.680778
v -8.484563 0.250000 -7.109562
v -9.499067 -0.250000 -5.957026
v -7.332026 0.250000 -8.124066
v -8.484563 -0.250000 -7.109562
v -6.055779 0.250000 -8.986221
v -7.332026 -0.250000 -8.124066
v -4.670134 0.250000 -9.681710
v -6.055779 -0.250000 -8.986221
v -3.189411 0.250000 -10.196214
v -4.670134 -0.250000 -9.681710
v -1.627927 0.250000 -10.515415
v -3.189411 -0.250000 -10.196214
v -1.627927 -0.250000 -10.515415
v -0.000001 -0.250000 -10.615000
v 1.626586 0.250000 -10.505507
v -0.000001 0.250000 -10.615000
v 1.626586 -0.250000 -10.505507
v 3.186761 0.250000 -10.186572
v 3.186761 -0.250000 -10.186572
v 4.666240 0.250000 -9.672499
v 4.666240 -0.250000 -9.672499
v 6.050725 0.250000 -8.977593
v 6.050725 -0.250000 -8.977593
v 7.325912 0.250000 -8.116155
v 7.325912 -0.250000 -8.116155
v 8.477491 0.250000 -7.102492
v 8.477491 -0.250000 -7.102491
v 9.491154 0.250000 -5.950913
v 9.491154 -0.250000 -5.950913
v 10.352592 0.250000 -4.675726
v 10.352592 -0.250000 -4.675726
v 11.047499 0.250000 -3.291241
v 11.047499 -0.250000 -3.291241
v 11.561571 0.250000 -1.811763
v 11.561571 -0.250000 -1.811763
v 11.880506 0.250000 -0.251587
v 11.880506 -0.250000 -0.251587
v 11.990001 0.250000 1.374999
v 11.990001 -0.250000 1.374999
v 11.880507 0.250000 3.001585
v 11.880507 -0.250000 3.001585
v 11.561572 0.250000 4.561761
v 11.561572 -0.250000 4.561761
v 11.047500 0.250000 6.041240
v 11.047500 -0.250000 6.041240
v 10.352593 0.250000 7.425725
v 10.352593 -0.250000 7.425725
v 9.491155 0.250000 8.700912
v 9.491155 -0.250000 8.700912
v 8.477492 0.250000 9.852491
v 8.477492 -0.250000 9.852491
v 7.325913 0.250000 10.866154
v 7.325913 -0.250000 10.866154
v 6.050726 0.250000 11.727592
v 6.050726 -0.250000 11.727592
v 4.666241 0.250000 12.422499
v 4.666241 -0.250000 12.422499
v 3.186763 0.250000 12.936571
v 3.186763 -0.250000 12.936571
v 1.626587 0.250000 13.255506
v 1.626587 -0.250000 13.255506
v 0.000001 0.250000 13.365000
v 0.000001 -0.250000 13.365000
v -1.626586 0.250000 13.255507
v -1.626586 -0.250000 13.255507
v -3.186761 0.250000 12.936572
v -3.186761 -0.250000 12.936572
v -4.666240 0.250000 12.422499
v -4.666240 -0.250000 12.422499
v -6.050725 0.250000 11.727593
v -6.050725 -0.250000 11.727593
v -7.325912 0.250000 10.866155
v -7.325912 -0.250000 10.866155
v -8.477491 0.250000 9.852492
v -8.477491 -0.250000 9.852492
v -9.491154 0.250000 8.700913
v -9.491154 -0.250000 8.700913
v -10.352592 0.250000 7.425726
v -10.352592 -0.250000 7.425726
v -11.047498 0.250000 6.041241
v -11.047498 -0.250000 6.041241
v -11.561571 0.250000 4.561763
v -11.561571 -0.250000 4.561763
v -11.880506 0.250000 3.001587
v -11.880506 -0.250000 3.001587
v -11.990001 0.250000 1.375001
v -11.990001 -0.250000 1.375001
v -11.880507 0.250000 -0.251586
v -11.880507 -0.250000 -0.251586
v -11.561572 0.250000 -1.811761
v -11.561572 -0.250000 -1.811761
v -11.047499 0.250000 -3.291240
v -11.047499 -0.250000 -3.291240
v -10.352592 0.250000 -4.675725
v -10.352592 -0.250000 -4.675725
v -9.491155 0.250000 -5.950912
v -9.491155 -0.250000 -5.950912
v -8.477492 0.250000 -7.102491
v -8.477492 -0.250000 -7.102491
v -7.325912 0.250000 -8.116154
v -7.325912 -0.250000 -8.116154
v -6.050726 0.250000 -8.977592
v -6.050726 -0.250000 -8.977592
v -4.666241 0.250000 -9.672499
v -4.666241 -0.250000 -9.672499
v -3.186763 0.250000 -10.186571
v -3.186763 -0.250000 -10.186571
v -1.626587 0.250000 -10.505506
v -1.626587 -0.250000 -10.505506
v -3.189409 -0.250000 12.946215
v -1.626586 -0.250000 13.255507
v -1.627926 -0.250000 13.265417
v 11.890417 -0.250000 3.002926
v 11.990001 -0.250000 1.374999
v 12.000000 -0.250000 1.374999
v -10.361221 0.250000 7.430779
v -11.047498 0.250000 6.041241
v -11.056709 0.250000 6.045134
v 11.890415 0.250000 -0.252927
v 11.990001 0.250000 1.374999
v 12.000000 0.250000 1.374999
v -9.499066 0.250000 8.707026
v -10.352592 0.250000 7.425726
v 11.571214 0.250000 -1.814411
v 11.880506 0.250000 -0.251587
v -7.332026 0.250000 -8.124066
v -6.050726 0.250000 -8.977592
v -6.055779 0.250000 -8.986221
v 4.670134 -0.250000 12.431710
v 3.186763 -0.250000 12.936571
v 4.666241 -0.250000 12.422499
v 6.055778 0.250000 -8.986222
v 4.666240 0.250000 -9.672499
v 6.050725 0.250000 -8.977593
v 11.056711 -0.250000 6.045133
v 11.561572 -0.250000 4.561761
v 11.571215 -0.250000 4.564409
v 8.484563 0.250000 9.859562
v 9.491155 0.250000 8.700912
v 8.477492 0.250000 9.852491
v -4.666241 0.250000 -9.672499
v -4.670134 0.250000 -9.681710
v 0.000001 -0.250000 13.365000
v 0.000001 -0.250000 13.375000
v 4.670133 0.250000 -9.681710
v 3.186761 0.250000 -10.186572
v 10.361222 -0.250000 7.430778
v 11.047500 -0.250000 6.041240
v -8.484562 -0.250000 9.859563
v -7.325912 -0.250000 10.866155
v -7.332026 -0.250000 10.874067
v -11.890417 -0.250000 -0.252926
v -11.990001 -0.250000 1.375001
v -12.000000 -0.250000 1.375001
v -10.361221 -0.250000 -4.680778
v -11.047499 -0.250000 -3.291240
v -11.056710 -0.250000 -3.295133
v 9.499067 0.250000 8.707026
v 10.352593 0.250000 7.425725
v 11.056710 0.250000 -3.295134
v 11.561571 0.250000 -1.811763
v 6.055779 -0.250000 11.736221
v 6.050726 -0.250000 11.727592
v 8.484562 -0.250000 -7.109562
v 7.325912 -0.250000 -8.116155
v 7.332026 -0.250000 -8.124067
v -11.561572 -0.250000 -1.811761
v -11.571215 -0.250000 -1.814409
v -6.055778 0.250000 11.736222
v -4.666240 0.250000 12.422499
v -6.050725 0.250000 11.727593
v -3.186763 0.250000 -10.186571
v -3.189411 0.250000 -10.196214
v -6.050725 -0.250000 11.727593
v -6.055778 -0.250000 11.736222
v 3.189409 0.250000 -10.196215
v 1.626586 0.250000 -10.505507
v -4.670133 0.250000 12.431710
v -3.186761 0.250000 12.936572
v -7.332026 -0.250000 -8.124066
v -6.050726 -0.250000 -8.977592
v -7.325912 -0.250000 -8.116154
v 3.189411 -0.250000 12.946214
v 1.626587 -0.250000 13.255506
v 10.361222 0.250000 -4.680779
v 11.047499 0.250000 -3.291241
v -8.484563 -0.250000 -7.109562
v -8.477492 -0.250000 -7.102491
v 1.627927 -0.250000 13.265415
v 6.050725 -0.250000 -8.977593
v 6.055778 -0.250000 -8.986222
v -1.626587 0.250000 -10.505506
v -1.627927 0.250000 -10.515415
v -9.491154 -0.250000 8.700913
v -8.477491 -0.250000 9.852492
v -11.890415 -0.250000 3.002927
v -11.880506 -0.250000 3.001587
v -9.491155 -0.250000 -5.950912
v -9.499067 -0.250000 -5.957026
v 11.571215 0.250000 4.564409
v 11.880507 0.250000 3.001585
v 11.561572 0.250000 4.561761
v 1.627926 0.250000 -10.515417
v -0.000001 0.250000 -10.615000
v -9.499066 -0.250000 8.707026
v -10.352592 -0.250000 7.425726
v -11.571214 -0.250000 4.564411
v -11.561571 -0.250000 4.561763
v -11.890415 0.250000 3.002927
v -11.990001 0.250000 1.375001
v -12.000000 0.250000 1.375001
v 9.491154 -0.250000 -5.950913
v 8.477491 -0.250000 -7.102491
v -3.189409 0.250000 12.946215
v -1.626586 0.250000 13.255507
v -1.627927 -0.250000 -10.515415
v -0.000001 -0.250000 -10.615000
v -1.626587 -0.250000 -10.505506
v -11.056709 -0.250000 6.045134
v -11.047498 -0.250000 6.041241
v 1.627927 0.250000 13.265415
v 0.000001 0.250000 13.365000
v 0.000001 0.250000 13.375000
v -11.890417 0.250000 -0.252926
v -11.880507 0.250000 -0.251586
v 8.484563 -0.250000 9.859562
v 7.325913 -0.250000 10.866154
v 8.477492 -0.250000 9.852491
v 11.890417 0.250000 3.002926
v 9.499066 -0.250000 -5.957027
v 10.352592 -0.250000 -4.675726
v 7.332027 -0.250000 10.874066
v 4.670134 0.250000 12.431710
v 3.186763 0.250000 12.936571
v 3.189411 0.250000 12.946214
v -1.627926 0.250000 13.265417
v 11.571214 -0.250000 -1.814411
v 11.880506 -0.250000 -0.251587
v 11.561571 -0.250000 -1.811763
v -4.670134 -0.250000 -9.681710
v -3.186763 -0.250000 -10.186571
v -4.666241 -0.250000 -9.672499
v 11.056711 0.250000 6.045133
v 11.047500 0.250000 6.041240
v 11.890415 -0.250000 -0.252927
v -10.352592 -0.250000 -4.675725
v 9.491155 -0.250000 8.700912
v 9.499067 -0.250000 8.707026
v -11.571215 0.250000 -1.814409
v -11.561572 0.250000 -1.811761
v -8.484562 0.250000 9.859563
v -7.325912 0.250000 10.866155
v -8.477491 0.250000 9.852492
v 4.670133 -0.250000 -9.681710
v 3.186761 -0.250000 -10.186572
v 3.189409 -0.250000 -10.196215
v -10.361221 0.250000 -4.680778
v -11.047499 0.250000 -3.291240
v -10.352592 0.250000 -4.675725
v 6.055779 0.250000 11.736221
v 4.666241 0.250000 12.422499
v 9.499066 0.250000 -5.957027
v 10.352592 0.250000 -4.675726
v 4.666240 -0.250000 -9.672499
v 11.056710 -0.250000 -3.295134
v 11.047499 -0.250000 -3.291241
v -10.361221 -0.250000 7.430779
v -8.484563 0.250000 -7.109562
v -9.491155 0.250000 -5.950912
v -8.477492 0.250000 -7.102491
v -11.056710 0.250000 -3.295133
v -7.332026 0.250000 10.874067
v 10.361222 0.250000 7.430778
v 1.626587 0.250000 13.255506
v 10.352593 -0.250000 7.425725
v 8.484562 0.250000 -7.109563
v 7.325912 0.250000 -8.116155
v 8.477491 0.250000 -7.102492
v 1.626586 -0.250000 -10.505507
v 1.627926 -0.250000 -10.515417
v -6.055779 -0.250000 -8.986221
v -11.561571 0.250000 4.561763
v -11.571214 0.250000 4.564411
v -9.491154 0.250000 8.700913
v 10.361222 -0.250000 -4.680779
v -7.325912 0.250000 -8.116154
v -4.670133 -0.250000 12.431710
v -3.186761 -0.250000 12.936572
v 7.332026 0.250000 -8.124067
v -0.000001 0.250000 -10.625000
v 11.880507 -0.250000 3.001585
v -3.189411 -0.250000 -10.196214
v -4.666240 -0.250000 12.422499
v 7.332027 0.250000 10.874066
v 6.050726 0.250000 11.727592
v -0.000001 -0.250000 -10.625000
v -11.880506 0.250000 3.001587
v -9.499067 0.250000 -5.957026
v -11.880507 -0.250000 -0.251586
v 7.325913 0.250000 10.866154
v 9.491154 0.250000 -5.950913
v 9.139730 0.250000 -9.139732
v 9.545941 0.250000 -9.545943
v 9.545941 -0.250000 -9.545943
v 8.733521 0.250000 -8.733523
v 9.139730 -0.250000 -9.139732
v 8.327312 0.250000 -8.327313
v 8.733521 -0.250000 -8.733523
v 7.921102 0.250000 -7.921103
v 8.327312 -0.250000 -8.327313
v 7.514890 0.250000 -7.514891
v 7.921102 -0.250000 -7.921103
v 7.108682 0.250000 -7.108683
v 7.514890 -0.250000 -7.514891
v 6.702470 0.250000 -6.702471
v 7.108682 -0.250000 -7.108683
v 6.296259 0.250000 -6.296260
v 6.702470 -0.250000 -6.702471
v 5.890049 0.250000 -5.890050
v 6.296259 -0.250000 -6.296260
v 5.483840 0.250000 -5.483840
v 5.890049 -0.250000 -5.890050
v 5.077630 0.250000 -5.077631
v 5.483840 -0.250000 -5.483840
v 4.671420 0.250000 -4.671421
v 5.077630 -0.250000 -5.077631
v 4.265209 0.250000 -4.265210
v 4.671420 -0.250000 -4.671421
v 3.858999 0.250000 -3.858999
v 4.265209 -0.250000 -4.265210
v 3.452788 0.250000 -3.452788
v 3.858999 -0.250000 -3.858999
v 3.046579 0.250001 -3.046579
v 3.452788 -0.250000 -3.452788
v 2.640368 0.250000 -2.640368
v 3.046579 -0.250001 -3.046579
v 2.234158 0.250000 -2.234158
v 2.640368 -0.250000 -2.640368
v 1.827947 0.250000 -1.827947
v 2.234158 -0.250000 -2.234158
v 1.421737 0.250000 -1.421737
v 1.827947 -0.250000 -1.827947
v 1.015527 0.250000 -1.015527
v 1.421737 -0.250000 -1.421737
v 0.609316 0.250000 -0.609316
v 1.015527 -0.250000 -1.015527
v 0.203106 0.250000 -0.203106
v 0.609316 -0.250000 -0.609316
v -0.203105 0.250000 0.203105
v 0.203106 -0.250000 -0.203106
v -0.609315 0.250000 0.609315
v -0.203105 -0.250000 0.203105
v -1.015526 0.250000 1.015526
v -0.609315 -0.250000 0.609315
v -1.421736 0.250000 1.421736
v -1.015526 -0.250000 1.015526
v -1.827946 0.250000 1.827946
v -1.421736 -0.250000 1.421736
v -2.234157 0.250000 2.234157
v -1.827946 -0.250000 1.827946
v -2.640367 0.250000 2.640367
v -2.234157 -0.250000 2.234157
v -3.046577 0.250001 3.046577
v -2.640367 -0.250000 2.640367
v -3.452787 0.250000 3.452787
v -3.046577 -0.250001 3.046577
v -3.858998 0.250000 3.858998
v -3.452787 -0.250000 3.452787
v -4.265207 0.250000 4.265208
v -3.858998 -0.250000 3.858999
v -4.671418 0.250000 4.671419
v -4.265207 -0.250000 4.265208
v -5.077629 0.250000 5.077630
v -4.671418 -0.250000 4.671419
v -5.483838 0.250000 5.483839
v -5.077629 -0.250000 5.077630
v -5.890049 0.250000 5.890049
v -5.483838 -0.250000 5.483839
v -6.296258 0.250000 6.296259
v -5.890049 -0.250000 5.890049
v -6.702469 0.250000 6.702470
v -6.296258 -0.250000 6.296259
v -7.108678 0.250000 7.108679
v -6.702469 -0.250000 6.702470
v -7.514890 0.250000 7.514891
v -7.108678 -0.250000 7.108679
v -7.921100 0.250000 7.921101
v -7.514890 -0.250000 7.514891
v -8.327310 0.250000 8.327312
v -7.921100 -0.250000 7.921101
v -8.733521 0.250000 8.733522
v -8.327310 -0.250000 8.327312
v -9.139729 0.250000 9.139731
v -8.733521 -0.250000 8.733522
v -9.545940 0.250000 9.545942
v -9.139729 -0.250000 9.139731
v 9.538870 -0.250000 -9.553015
v 9.538870 0.250000 -9.553015
v 9.132659 0.250001 -9.146804
v 9.132659 -0.250000 -9.146804
v 8.726450 0.250000 -8.740595
v 8.726450 -0.250000 -8.740595
v 8.320239 0.250000 -8.334384
v 8.320239 -0.250000 -8.334384
v 7.914031 0.250000 -7.928174
v 7.914031 -0.250000 -7.928174
v 7.507819 0.250000 -7.521962
v 7.507819 -0.250000 -7.521962
v 7.101611 0.250000 -7.115754
v 7.101611 -0.250000 -7.115754
v 6.695400 0.250000 -6.709542
v 6.695400 -0.250000 -6.709542
v 6.289188 0.250000 -6.303331
v 6.289188 -0.250000 -6.303331
v 5.882978 0.250000 -5.897121
v 5.882978 -0.250000 -5.897121
v 5.476768 0.250000 -5.490911
v 5.476768 -0.250000 -5.490911
v 5.070559 0.250000 -5.084702
v 5.070559 -0.250000 -5.084702
v 4.664349 0.250000 -4.678492
v 4.664349 -0.250000 -4.678492
v 4.258138 0.250000 -4.272281
v 4.258138 -0.250000 -4.272281
v 3.851928 0.250000 -3.866071
v 3.851928 -0.250000 -3.866070
v 3.445717 0.250000 -3.459859
v 3.445717 -0.250000 -3.459859
v 3.039508 0.250001 -3.053650
v 3.039508 -0.250001 -3.053650
v 2.633297 0.250000 -2.647439
v 2.633297 -0.250000 -2.647439
v 2.227087 0.250000 -2.241229
v 2.227087 -0.250000 -2.241229
v 1.820876 0.250000 -1.835018
v 1.820876 -0.250000 -1.835018
v 1.414666 0.250000 -1.428808
v 1.414666 -0.250000 -1.428808
v 1.008456 0.250000 -1.022598
v 1.008456 -0.250000 -1.022598
v 0.602245 0.250000 -0.616387
v 0.602245 -0.250000 -0.616387
v 0.196035 0.250000 -0.210177
v 0.196035 -0.250000 -0.210177
v -0.210176 0.250000 0.196034
v -0.210176 -0.250000 0.196034
v -0.616386 0.250000 0.602244
v -0.616386 -0.250000 0.602244
v -1.022597 0.250000 1.008455
v -1.022597 -0.250000 1.008455
v -1.428807 0.250000 1.414665
v -1.428807 -0.250000 1.414665
v -1.835017 0.250000 1.820875
v -1.835017 -0.250000 1.820875
v -2.241228 0.250000 2.227086
v -2.241228 -0.250000 2.227086
v -2.647438 0.250000 2.633296
v -2.647438 -0.250000 2.633296
v -3.053648 0.250001 3.039506
v -3.053648 -0.250001 3.039506
v -3.459858 0.250000 3.445716
v -3.459858 -0.250000 3.445716
v -3.866069 0.250000 3.851927
v -3.866069 -0.250000 3.851928
v -4.272278 0.250000 4.258138
v -4.272278 -0.250000 4.258138
v -4.678489 0.250000 4.664348
v -4.678489 -0.250000 4.664348
v -5.084700 0.250000 5.070559
v -5.084700 -0.250000 5.070559
v -5.490909 0.250000 5.476768
v -5.490909 -0.250000 5.476768
v -5.897120 0.250000 5.882978
v -5.897120 -0.250000 5.882978
v -6.303329 0.250000 6.289188
v -6.303329 -0.250000 6.289188
v -6.709540 0.250000 6.695399
v -6.709540 -0.250000 6.695399
v -7.115749 0.250000 7.101608
v -7.115749 -0.250000 7.101608
v -7.521961 0.250000 7.507820
v -7.521961 -0.250000 7.507820
v -7.928171 0.250000 7.914030
v -7.928171 -0.250000 7.914030
v -8.334381 0.250000 8.320240
v -8.334381 -0.250000 8.320240
v -8.740591 0.250000 8.726450
v -8.740591 -0.250000 8.726450
v -9.146801 0.250000 9.132660
v -9.146801 -0.250000 9.132660
v -9.553012 0.250000 9.538871
v -1.015526 -0.250000 1.015526
v -0.609315 -0.250000 0.609315
v -0.616386 -0.250000 0.602244
v 4.265209 -0.250000 -4.265210
v 4.671420 -0.250000 -4.671421
v 4.664349 -0.250000 -4.678492
v -3.452787 0.250000 3.452787
v -3.858998 0.250000 3.858998
v -3.866069 0.250000 3.851927
v 5.077630 0.250000 -5.077631
v 4.671420 0.250000 -4.671421
v 4.664349 0.250000 -4.678492
v -3.046577 0.250001 3.046577
v -3.459858 0.250000 3.445716
v 5.483840 0.250000 -5.483840
v 5.070559 0.250000 -5.084702
v -7.921100 0.250000 7.921101
v -8.327310 0.250000 8.327312
v -8.334381 0.250000 8.320240
v 0.609316 -0.250000 -0.609316
v 1.015527 -0.250000 -1.015527
v 1.008456 -0.250000 -1.022598
v 8.327312 0.250000 -8.327313
v 7.921102 0.250000 -7.921103
v 7.914031 0.250000 -7.928174
v 3.452788 -0.250000 -3.452788
v 3.858999 -0.250000 -3.858999
v 3.851928 -0.250000 -3.866070
v 2.640368 0.250000 -2.640368
v 2.234158 0.250000 -2.234158
v 2.227087 0.250000 -2.241229
v -8.733521 0.250000 8.733522
v -8.740591 0.250000 8.726450
v -0.203105 -0.250000 0.203105
v -0.210176 -0.250000 0.196034
v 8.733521 0.250000 -8.733523
v 8.320239 0.250000 -8.334384
v 3.046579 -0.250001 -3.046579
v 3.445717 -0.250000 -3.459859
v -2.640367 -0.250000 2.640367
v -2.234157 -0.250000 2.234157
v -2.241228 -0.250000 2.227086
v -5.483838 -0.250000 5.483839
v -5.077629 -0.250000 5.077630
v -5.084700 -0.250000 5.070559
v -6.702469 -0.250000 6.702470
v -6.296258 -0.250000 6.296259
v -6.303329 -0.250000 6.289188
v 3.046579 0.250001 -3.046579
v 2.633297 0.250000 -2.647439
v 5.890049 0.250000 -5.890050
v 5.476768 0.250000 -5.490911
v 1.421737 -0.250000 -1.421737
v 1.414666 -0.250000 -1.428808
v 7.108682 -0.250000 -7.108683
v 7.514890 -0.250000 -7.514891
v 7.507819 -0.250000 -7.521962
v -5.890049 -0.250000 5.890049
v -5.897120 -0.250000 5.882978
v -1.421736 0.250000 1.421736
v -1.827946 0.250000 1.827946
v -1.835017 0.250000 1.820875
v -9.139729 0.250000 9.139731
v -9.146801 0.250000 9.132660
v -1.827946 -0.250000 1.827946
v -1.835017 -0.250000 1.820875
v 9.139730 0.250000 -9.139732
v 8.726450 0.250000 -8.740595
v -1.015526 0.250000 1.015526
v -1.428807 0.250000 1.414665
v -8.327310 -0.250000 8.327312
v -7.921100 -0.250000 7.921101
v -7.928171 -0.250000 7.914030
v 0.203106 -0.250000 -0.203106
v 0.602245 -0.250000 -0.616387
v 6.296259 0.250000 -6.296260
v 5.882978 0.250000 -5.897121
v -7.514890 -0.250000 7.514891
v -7.521961 -0.250000 7.507820
v 0.196035 -0.250000 -0.210177
v 7.921102 -0.250000 -7.921103
v 7.914031 -0.250000 -7.928174
v -9.545940 0.250000 9.545942
v -9.545940 -0.250000 9.545942
v -9.553012 -0.250000 9.538871
v -9.545940 0.250000 9.545942
v -9.553012 0.250000 9.538871
v -3.046577 -0.250001 3.046577
v -2.647438 -0.250000 2.633296
v -4.671418 -0.250000 4.671419
v -4.678489 -0.250000 4.664348
v -7.108678 -0.250000 7.108679
v -7.115749 -0.250000 7.101608
v 4.265209 0.250000 -4.265210
v 3.858999 0.250000 -3.858999
v 3.851928 0.250000 -3.866071
v 9.545941 0.250000 -9.545943
v 9.132659 0.250001 -9.146804
v -3.452787 -0.250000 3.452787
v -3.053648 -0.250001 3.039506
v -4.265207 -0.250000 4.265208
v -4.272278 -0.250000 4.258138
v -4.671418 0.250000 4.671419
v -5.077629 0.250000 5.077630
v -5.084700 0.250000 5.070559
v 9.545941 -0.250000 -9.545943
v 9.545941 0.250000 -9.545943
v 9.538870 0.250000 -9.553015
v 6.702470 -0.250000 -6.702471
v 7.101611 -0.250000 -7.115754
v -0.609315 0.250000 0.609315
v -1.022597 0.250000 1.008455
v -3.858998 -0.250000 3.858999
v -3.866069 -0.250000 3.851928
v 0.203106 0.250000 -0.203106
v -0.203105 0.250000 0.203105
v -0.210176 0.250000 0.196034
v -5.483838 0.250000 5.483839
v -5.490909 0.250000 5.476768
v 1.827947 -0.250000 -1.827947
v 2.234158 -0.250000 -2.234158
v 2.227087 -0.250000 -2.241229
v 4.258138 0.250000 -4.272281
v 6.296259 -0.250000 -6.296260
v 6.695400 -0.250000 -6.709542
v 1.820876 -0.250000 -1.835018
v 1.015527 0.250000 -1.015527
v 0.609316 0.250000 -0.609316
v 0.602245 0.250000 -0.616387
v -0.616386 0.250000 0.602244
v 5.077630 -0.250000 -5.077631
v 5.483840 -0.250000 -5.483840
v 5.476768 -0.250000 -5.490911
v -9.139729 -0.250000 9.139731
v -8.733521 -0.250000 8.733522
v -8.740591 -0.250000 8.726450
v 3.452788 0.250000 -3.452788
v 3.445717 0.250000 -3.459859
v 5.070559 -0.250000 -5.084702
v -6.709540 -0.250000 6.695399
v 2.640368 -0.250000 -2.640368
v 2.633297 -0.250000 -2.647439
v -5.890049 0.250000 5.890049
v -5.897120 0.250000 5.882978
v -2.234157 0.250000 2.234157
v -2.640367 0.250000 2.640367
v -2.647438 0.250000 2.633296
v 8.327312 -0.250000 -8.327313
v 8.733521 -0.250000 -8.733523
v 8.726450 -0.250000 -8.740595
v -6.296258 0.250000 6.296259
v -6.702469 0.250000 6.702470
v -6.709540 0.250000 6.695399
v 1.421737 0.250000 -1.421737
v 1.008456 0.250000 -1.022598
v 6.702470 0.250000 -6.702471
v 6.289188 0.250000 -6.303331
v 8.320239 -0.250000 -8.334384
v 5.890049 -0.250000 -5.890050
v 5.882978 -0.250000 -5.897121
v -3.459858 -0.250000 3.445716
v -7.108678 0.250000 7.108679
v -7.514890 0.250000 7.514891
v -7.521961 0.250000 7.507820
v -6.303329 0.250000 6.289188
v -2.241228 0.250000 2.227086
v 3.039508 0.250001 -3.053650
v 0.196035 0.250000 -0.210177
v 3.039508 -0.250001 -3.053650
v 7.514890 0.250000 -7.514891
v 7.108682 0.250000 -7.108683
v 7.101611 0.250000 -7.115754
v 9.139730 -0.250000 -9.139732
v 9.132659 -0.250000 -9.146804
v -8.334381 -0.250000 8.320240
v -4.265207 0.250000 4.265208
v -4.272278 0.250000 4.258138
v -3.053648 0.250001 3.039506
v 6.289188 -0.250000 -6.303331
v -7.928171 0.250000 7.914030
v -1.421736 -0.250000 1.421736
v -1.022597 -0.250000 1.008455
v 7.507819 0.250000 -7.521962
v 4.258138 -0.250000 -4.272281
v -9.545940 -0.250000 9.545942
v -9.146801 -0.250000 9.132660
v -1.428807 -0.250000 1.414665
v 1.827947 0.250000 -1.827947
v 1.414666 0.250000 -1.428808
v 9.545941 -0.250000 -9.545943
v 9.538870 -0.250000 -9.553015
v -4.678489 0.250000 4.664348
v -7.115749 0.250000 7.101608
v -5.490909 -0.250000 5.476768
v 1.820876 0.250000 -1.835018
v 6.695400 0.250000 -6.709542
v -9.545940 -0.250000 9.545942
v -9.553012 -0.250000 9.538871
v -9.553012 0.250000 9.538871
v 9.538870 0.250000 -9.553015
v 9.538870 -0.250000 -9.553015
v -9.553012 -0.250000 9.538871
v -9.139731 0.250000 -9.139729
v -9.545942 0.250000 -9.545940
v -9.545942 -0.250000 -9.545940
v -8.733522 0.250000 -8.733521
v -9.139731 -0.250000 -9.139729
v -8.327312 0.250000 -8.327310
v -8.733522 -0.250000 -8.733521
v -7.921102 0.250000 -7.921101
v -8.327312 -0.250000 -8.327310
v -7.514889 0.250000 -7.514888
v -7.921102 -0.250000 -7.921100
v -7.108682 0.250000 -7.108681
v -7.514889 -0.250000 -7.514888
v -6.702470 0.250000 -6.702469
v -7.108682 -0.250000 -7.108681
v -6.296259 0.250000 -6.296258
v -6.702470 -0.250000 -6.702469
v -5.890049 0.250000 -5.890049
v -6.296259 -0.250000 -6.296258
v -5.483840 0.250000 -5.483840
v -5.890049 -0.250000 -5.890049
v -5.077630 0.250000 -5.077629
v -5.483840 -0.250000 -5.483840
v -4.671420 0.250000 -4.671419
v -5.077630 -0.250000 -5.077629
v -4.265208 0.250000 -4.265207
v -4.671420 -0.250000 -4.671419
v -3.858998 0.250000 -3.858998
v -4.265208 -0.250000 -4.265207
v -3.452788 0.250000 -3.452788
v -3.858998 -0.250000 -3.858998
v -3.046578 0.250001 -3.046578
v -3.452788 -0.250000 -3.452788
v -2.640368 0.250000 -2.640368
v -3.046578 -0.250001 -3.046578
v -2.234157 0.250000 -2.234157
v -2.640368 -0.250000 -2.640368
v -1.827947 0.250000 -1.827947
v -2.234157 -0.250000 -2.234157
v -1.421737 0.250000 -1.421737
v -1.827947 -0.250000 -1.827947
v -1.015526 0.250000 -1.015526
v -1.421737 -0.250000 -1.421737
v -0.609316 0.250000 -0.609316
v -1.015526 -0.250000 -1.015526
v -0.203106 0.250000 -0.203106
v -0.609316 -0.250000 -0.609316
v 0.203105 0.250000 0.203105
v -0.203106 -0.250000 -0.203106
v 0.609315 0.250000 0.609315
v 0.203105 -0.250000 0.203105
v 1.015526 0.250000 1.015526
v 0.609315 -0.250000 0.609315
v 1.421736 0.250000 1.421736
v 1.015526 -0.250000 1.015526
v 1.827946 0.250000 1.827946
v 1.421736 -0.250000 1.421736
v 2.234156 0.250000 2.234156
v 1.827946 -0.250000 1.827946
v 2.640366 0.250000 2.640366
v 2.234156 -0.250000 2.234156
v 3.046577 0.250001 3.046577
v 2.640366 -0.250000 2.640366
v 3.452787 0.250000 3.452787
v 3.046577 -0.250001 3.046577
v 3.858997 0.250000 3.858997
v 3.452787 -0.250000 3.452787
v 4.265207 0.250000 4.265206
v 3.858997 -0.250000 3.858997
v 4.671418 0.250000 4.671417
v 4.265207 -0.250000 4.265206
v 5.077629 0.250000 5.077628
v 4.671418 -0.250000 4.671417
v 5.483839 0.250000 5.483838
v 5.077629 -0.250000 5.077628
v 5.890049 0.250000 5.890048
v 5.483839 -0.250000 5.483838
v 6.296258 0.250000 6.296257
v 5.890049 -0.250000 5.890048
v 6.702469 0.250000 6.702468
v 6.296258 -0.250000 6.296257
v 7.108678 0.250000 7.108677
v 6.702469 -0.250000 6.702468
v 7.514889 0.250000 7.514888
v 7.108678 -0.250000 7.108677
v 7.921100 0.250000 7.921098
v 7.514889 -0.250000 7.514888
v 8.327310 0.250000 8.327308
v 7.921100 -0.250000 7.921099
v 8.733521 0.250000 8.733519
v 8.327310 -0.250000 8.327308
v 9.139729 0.250000 9.139728
v 8.733521 -0.250000 8.733519
v 9.545940 0.250000 9.545938
v 9.139729 -0.250000 9.139728
v -9.553014 -0.250000 -9.538869
v -9.553014 0.250000 -9.538869
v -9.146803 0.250000 -9.132658
v -9.146803 -0.250000 -9.132658
v -8.740593 0.250000 -8.726448
v -8.740593 -0.250000 -8.726448
v -8.334383 0.250000 -8.320238
v -8.334383 -0.250000 -8.320238
v -7.928173 0.250000 -7.914030
v -7.928173 -0.250000 -7.914029
v -7.521960 0.250000 -7.507818
v -7.521960 -0.250000 -7.507818
v -7.115753 0.250000 -7.101610
v -7.115753 -0.250000 -7.101610
v -6.709541 0.250000 -6.695398
v -6.709541 -0.250000 -6.695398
v -6.303330 0.250000 -6.289187
v -6.303330 -0.250000 -6.289187
v -5.897120 0.250000 -5.882977
v -5.897120 -0.250000 -5.882977
v -5.490911 0.250000 -5.476768
v -5.490911 -0.250000 -5.476768
v -5.084701 0.250000 -5.070558
v -5.084701 -0.250000 -5.070558
v -4.678491 0.250000 -4.664348
v -4.678491 -0.250000 -4.664348
v -4.272279 0.250000 -4.258137
v -4.272279 -0.250000 -4.258137
v -3.866069 0.250000 -3.851927
v -3.866069 -0.250000 -3.851927
v -3.459859 0.250000 -3.445717
v -3.459859 -0.250000 -3.445717
v -3.053649 0.250001 -3.039507
v -3.053649 -0.250001 -3.039507
v -2.647439 0.250000 -2.633297
v -2.647439 -0.250000 -2.633297
v -2.241228 0.250000 -2.227086
v -2.241228 -0.250000 -2.227086
v -1.835018 0.250000 -1.820876
v -1.835018 -0.250000 -1.820876
v -1.428808 0.250000 -1.414666
v -1.428808 -0.250000 -1.414666
v -1.022597 0.250000 -1.008455
v -1.022597 -0.250000 -1.008455
v -0.616387 0.250000 -0.602245
v -0.616387 -0.250000 -0.602245
v -0.210177 0.250000 -0.196035
v -0.210177 -0.250000 -0.196035
v 0.196034 0.250000 0.210176
v 0.196034 -0.250000 0.210176
v 0.602244 0.250000 0.616386
v 0.602244 -0.250000 0.616386
v 1.008455 0.250000 1.022597
v 1.008455 -0.250000 1.022597
v 1.414665 0.250000 1.428807
v 1.414665 -0.250000 1.428807
v 1.820875 0.250000 1.835017
v 1.820875 -0.250000 1.835017
v 2.227085 0.250000 2.241227
v 2.227085 -0.250000 2.241227
v 2.633295 0.250000 2.647437
v 2.633295 -0.250000 2.647437
v 3.039506 0.250001 3.053648
v 3.039506 -0.250001 3.053648
v 3.445716 0.250000 3.459858
v 3.445716 -0.250000 3.459858
v 3.851926 0.250000 3.866067
v 3.851926 -0.250000 3.866068
v 4.258136 0.250000 4.272277
v 4.258136 -0.250000 4.272277
v 4.664347 0.250000 4.678487
v 4.664347 -0.250000 4.678487
v 5.070558 0.250000 5.084699
v 5.070558 -0.250000 5.084699
v 5.476768 0.250000 5.490909
v 5.476768 -0.250000 5.490909
v 5.882977 0.250000 5.897119
v 5.882977 -0.250000 5.897119
v 6.289187 0.250000 6.303329
v 6.289187 -0.250000 6.303329
v 6.695398 0.250000 6.709539
v 6.695398 -0.250000 6.709539
v 7.101607 0.250000 7.115748
v 7.101607 -0.250000 7.115748
v 7.507819 0.250000 7.521959
v 7.507819 -0.250000 7.521959
v 7.914029 0.250000 7.928169
v 7.914029 -0.250000 7.928170
v 8.320238 0.250000 8.334379
v 8.320238 -0.250000 8.334379
v 8.726449 0.250000 8.740590
v 8.726449 -0.250000 8.740590
v 9.132659 0.250000 9.146800
v 9.132659 -0.250001 9.146800
v 9.538869 0.250000 9.553010
v 1.015526 -0.250000 1.015526
v 0.609315 -0.250000 0.609315
v 0.602244 -0.250000 0.616386
v -4.265208 -0.250000 -4.265207
v -4.671420 -0.250000 -4.671419
v -4.678491 -0.250000 -4.664348
v 3.452787 0.250000 3.452787
v 3.858997 0.250000 3.858997
v 3.851926 0.250000 3.866067
v -5.077630 0.250000 -5.077629
v -4.671420 0.250000 -4.671419
v -4.678491 0.250000 -4.664348
v 3.046577 0.250001 3.046577
v 3.445716 0.250000 3.459858
v -5.483840 0.250000 -5.483840
v -5.084701 0.250000 -5.070558
v 7.921100 0.250000 7.921098
v 8.327310 0.250000 8.327308
v 8.320238 0.250000 8.334379
v -0.609316 -0.250000 -0.609316
v -1.015526 -0.250000 -1.015526
v -1.022597 -0.250000 -1.008455
v -8.327312 0.250000 -8.327310
v -7.921102 0.250000 -7.921101
v -7.928173 0.250000 -7.914030
v -3.452788 -0.250000 -3.452788
v -3.858998 -0.250000 -3.858998
v -3.866069 -0.250000 -3.851927
v -2.640368 0.250000 -2.640368
v -2.234157 0.250000 -2.234157
v -2.241228 0.250000 -2.227086
v 8.733521 0.250000 8.733519
v 8.726449 0.250000 8.740590
v 0.203105 -0.250000 0.203105
v 0.196034 -0.250000 0.210176
v -8.733522 0.250000 -8.733521
v -8.334383 0.250000 -8.320238
v -3.046578 -0.250001 -3.046578
v -3.459859 -0.250000 -3.445717
v 2.640366 -0.250000 2.640366
v 2.234156 -0.250000 2.234156
v 2.227085 -0.250000 2.241227
v 5.483839 -0.250000 5.483838
v 5.077629 -0.250000 5.077628
v 5.070558 -0.250000 5.084699
v 6.702469 -0.250000 6.702468
v 6.296258 -0.250000 6.296257
v 6.289187 -0.250000 6.303329
v -3.046578 0.250001 -3.046578
v -2.647439 0.250000 -2.633297
v -5.890049 0.250000 -5.890049
v -5.490911 0.250000 -5.476768
v -1.421737 -0.250000 -1.421737
v -1.428808 -0.250000 -1.414666
v -7.108682 -0.250000 -7.108681
v -7.514889 -0.250000 -7.514888
v -7.521960 -0.250000 -7.507818
v 5.890049 -0.250000 5.890048
v 5.882977 -0.250000 5.897119
v 1.421736 0.250000 1.421736
v 1.827946 0.250000 1.827946
v 1.820875 0.250000 1.835017
v 9.139729 0.250000 9.139728
v 9.132659 0.250000 9.146800
v 1.827946 -0.250000 1.827946
v 1.820875 -0.250000 1.835017
v -9.139731 0.250000 -9.139729
v -8.740593 0.250000 -8.726448
v 1.015526 0.250000 1.015526
v 1.414665 0.250000 1.428807
v 8.327310 -0.250000 8.327308
v 7.921100 -0.250000 7.921099
v 7.914029 -0.250000 7.928170
v -0.203106 -0.250000 -0.203106
v -0.616387 -0.250000 -0.602245
v -6.296259 0.250000 -6.296258
v -5.897120 0.250000 -5.882977
v 7.514889 -0.250000 7.514888
v 7.507819 -0.250000 7.521959
v -0.210177 -0.250000 -0.196035
v -7.921102 -0.250000 -7.921100
v -7.928173 -0.250000 -7.914029
v 9.545940 0.250000 9.545938
v 9.545940 -0.250000 9.545938
v 9.538869 -0.250000 9.553010
v 9.545940 0.250000 9.545938
v 9.538869 0.250000 9.553010
v 3.046577 -0.250001 3.046577
v 2.633295 -0.250000 2.647437
v 4.671418 -0.250000 4.671417
v 4.664347 -0.250000 4.678487
v 7.108678 -0.250000 7.108677
v 7.101607 -0.250000 7.115748
v -4.265208 0.250000 -4.265207
v -3.858998 0.250000 -3.858998
v -3.866069 0.250000 -3.851927
v -9.545942 0.250000 -9.545940
v -9.146803 0.250000 -9.132658
v 3.452787 -0.250000 3.452787
v 3.039506 -0.250001 3.053648
v 4.265207 -0.250000 4.265206
v 4.258136 -0.250000 4.272277
v 4.671418 0.250000 4.671417
v 5.077629 0.250000 5.077628
v 5.070558 0.250000 5.084699
v -9.545942 -0.250000 -9.545940
v -9.545942 0.250000 -9.545940
v -9.553014 0.250000 -9.538869
v -6.702470 -0.250000 -6.702469
v -7.115753 -0.250000 -7.101610
v 0.609315 0.250000 0.609315
v 1.008455 0.250000 1.022597
v 3.858997 -0.250000 3.858997
v 3.851926 -0.250000 3.866068
v -0.203106 0.250000 -0.203106
v 0.203105 0.250000 0.203105
v 0.196034 0.250000 0.210176
v 5.483839 0.250000 5.483838
v 5.476768 0.250000 5.490909
v -1.827947 -0.250000 -1.827947
v -2.234157 -0.250000 -2.234157
v -2.241228 -0.250000 -2.227086
v -4.272279 0.250000 -4.258137
v -6.296259 -0.250000 -6.296258
v -6.709541 -0.250000 -6.695398
v -1.835018 -0.250000 -1.820876
v -1.015526 0.250000 -1.015526
v -0.609316 0.250000 -0.609316
v -0.616387 0.250000 -0.602245
v 0.602244 0.250000 0.616386
v -5.077630 -0.250000 -5.077629
v -5.483840 -0.250000 -5.483840
v -5.490911 -0.250000 -5.476768
v 9.139729 -0.250000 9.139728
v 8.733521 -0.250000 8.733519
v 8.726449 -0.250000 8.740590
v -3.452788 0.250000 -3.452788
v -3.459859 0.250000 -3.445717
v -5.084701 -0.250000 -5.070558
v 6.695398 -0.250000 6.709539
v -2.640368 -0.250000 -2.640368
v -2.647439 -0.250000 -2.633297
v 5.890049 0.250000 5.890048
v 5.882977 0.250000 5.897119
v 2.234156 0.250000 2.234156
v 2.640366 0.250000 2.640366
v 2.633295 0.250000 2.647437
v -8.327312 -0.250000 -8.327310
v -8.733522 -0.250000 -8.733521
v -8.740593 -0.250000 -8.726448
v 6.296258 0.250000 6.296257
v 6.702469 0.250000 6.702468
v 6.695398 0.250000 6.709539
v -1.421737 0.250000 -1.421737
v -1.022597 0.250000 -1.008455
v -6.702470 0.250000 -6.702469
v -6.303330 0.250000 -6.289187
v -8.334383 -0.250000 -8.320238
v -5.890049 -0.250000 -5.890049
v -5.897120 -0.250000 -5.882977
v 3.445716 -0.250000 3.459858
v 7.108678 0.250000 7.108677
v 7.514889 0.250000 7.514888
v 7.507819 0.250000 7.521959
v 6.289187 0.250000 6.303329
v 2.227085 0.250000 2.241227
v -3.053649 0.250001 -3.039507
v -0.210177 0.250000 -0.196035
v -3.053649 -0.250001 -3.039507
v -7.514889 0.250000 -7.514888
v -7.108682 0.250000 -7.108681
v -7.115753 0.250000 -7.101610
v -9.139731 -0.250000 -9.139729
v -9.146803 -0.250000 -9.132658
v 8.320238 -0.250000 8.334379
v 4.265207 0.250000 4.265206
v 4.258136 0.250000 4.272277
v 3.039506 0.250001 3.053648
v -6.303330 -0.250000 -6.289187
v 7.914029 0.250000 7.928169
v 1.421736 -0.250000 1.421736
v 1.008455 -0.250000 1.022597
v -7.521960 0.250000 -7.507818
v -4.272279 -0.250000 -4.258137
v 9.545940 -0.250000 9.545938
v 9.132659 -0.250001 9.146800
v 1.414665 -0.250000 1.428807
v -1.827947 0.250000 -1.827947
v -1.428808 0.250000 -1.414666
v -9.545942 -0.250000 -9.545940
v -9.553014 -0.250000 -9.538869
v 4.664347 0.250000 4.678487
v 7.101607 0.250000 7.115748
v 5.476768 -0.250000 5.490909
v -1.835018 0.250000 -1.820876
v -6.709541 0.250000 -6.695398
v 9.545940 -0.250000 9.545938
v 9.538869 -0.250000 9.553010
v 9.538869 0.250000 9.553010
v -9.553014 0.250000 -9.538869
v -9.553014 -0.250000 -9.538869
v 9.538869 -0.250000 9.553010
v 0.813963 0.260000 -4.570209
v 0.000000 0.260000 -4.625000
v 0.000000 -0.260000 -4.625000
v 1.594705 0.260000 -4.410607
v 0.813963 -0.260000 -4.570209
v 2.335067 0.260000 -4.153356
v 1.594705 -0.260000 -4.410607
v 3.027889 0.260000 -3.805611
v 2.335067 -0.260000 -4.153355
v 3.666014 0.260000 -3.374533
v 3.027889 -0.260000 -3.805611
v 4.242280 0.260000 -2.867281
v 3.666014 -0.260000 -3.374533
v 4.749534 0.260000 -2.291013
v 4.242280 -0.260000 -2.867281
v 5.180611 0.260000 -1.652889
v 4.749534 -0.260000 -2.291013
v 5.528355 0.260000 -0.960067
v 5.180611 -0.260000 -1.652889
v 5.785607 0.260000 -0.219706
v 5.528355 -0.260000 -0.960066
v 5.945208 0.260000 0.561036
v 5.785607 -0.260000 -0.219705
v 6.000000 0.260000 1.374999
v 5.945208 -0.260000 0.561037
v 5.945209 0.260000 2.188962
v 6.000000 -0.260000 1.375000
v 5.785607 0.260000 2.969705
v 5.945209 -0.260000 2.188962
v 5.528356 0.260000 3.710067
v 5.785607 -0.260000 2.969705
v 5.180612 0.260000 4.402888
v 5.528356 -0.260000 3.710067
v 4.749534 0.260000 5.041014
v 5.180612 -0.260000 4.402888
v 4.242281 0.260000 5.617280
v 4.749534 -0.260000 5.041014
v 3.666013 0.260000 6.124534
v 4.242281 -0.260000 5.617280
v 3.027889 0.260000 6.555611
v 3.666013 -0.260000 6.124534
v 2.335067 0.260000 6.903355
v 3.027889 -0.260000 6.555611
v 1.594706 0.260000 7.160607
v 2.335067 -0.260000 6.903355
v 0.813964 0.260000 7.320208
v 1.594706 -0.260000 7.160607
v 0.000001 0.260000 7.375000
v 0.813964 -0.260000 7.320208
v -0.813962 0.260000 7.320209
v 0.000001 -0.260000 7.375000
v -1.594704 0.260000 7.160607
v -0.813962 -0.260000 7.320209
v -2.335066 0.260000 6.903355
v -1.594704 -0.260000 7.160607
v -3.027889 0.260000 6.555611
v -2.335066 -0.260000 6.903356
v -3.666013 0.260000 6.124534
v -3.027889 -0.260000 6.555612
v -4.242280 0.260000 5.617281
v -3.666013 -0.260000 6.124534
v -4.749534 0.260000 5.041013
v -4.242280 -0.260000 5.617281
v -5.180611 0.260000 4.402889
v -4.749534 -0.260000 5.041013
v -5.528355 0.260000 3.710067
v -5.180611 -0.260000 4.402889
v -5.785606 0.260000 2.969706
v -5.528355 -0.260000 3.710067
v -5.945208 0.260000 2.188963
v -5.785606 -0.260000 2.969706
v -6.000000 0.260000 1.375000
v -5.945208 -0.260000 2.188963
v -5.945209 0.260000 0.561037
v -6.000000 -0.260000 1.375001
v -5.785607 0.260000 -0.219705
v -5.945209 -0.260000 0.561038
v -5.528355 0.260000 -0.960067
v -5.785607 -0.260000 -0.219704
v -5.180611 0.260000 -1.652889
v -5.528355 -0.260000 -0.960066
v -4.749533 0.260000 -2.291013
v -5.180611 -0.260000 -1.652889
v -4.242281 0.260000 -2.867281
v -4.749533 -0.260000 -2.291013
v -3.666013 0.260000 -3.374534
v -4.242281 -0.260000 -2.867280
v -3.027889 0.260000 -3.805611
v -3.666013 -0.260000 -3.374533
v -2.335067 0.260000 -4.153355
v -3.027889 -0.260000 -3.805611
v -1.594705 0.260000 -4.410607
v -2.335067 -0.260000 -4.153355
v -0.813963 0.260000 -4.570208
v -1.594705 -0.260000 -4.410607
v -0.813963 -0.260000 -4.570208
v 0.000000 -0.260000 -4.615000
v 0.000000 0.260000 -4.615000
v 0.812623 0.260000 -4.560299
v 0.812623 -0.260000 -4.560299
v 1.592057 0.260000 -4.400964
v 1.592057 -0.260000 -4.400964
v 2.331173 0.260000 -4.144145
v 2.331173 -0.260000 -4.144144
v 3.022837 0.260000 -3.796981
v 3.022837 -0.260000 -3.796981
v 3.659899 0.260000 -3.366621
v 3.659899 -0.260000 -3.366621
v 4.235209 0.260000 -2.860210
v 4.235209 -0.260000 -2.860210
v 4.741621 0.260000 -2.284899
v 4.741621 -0.260000 -2.284899
v 5.171981 0.260000 -1.647838
v 5.171981 -0.260000 -1.647837
v 5.519144 0.260000 -0.956175
v 5.519144 -0.260000 -0.956174
v 5.775964 0.260000 -0.217058
v 5.775964 -0.260000 -0.217057
v 5.935298 0.260000 0.562376
v 5.935298 -0.260000 0.562376
v 5.990000 0.260000 1.374999
v 5.990000 -0.260000 1.375000
v 5.935299 0.260000 2.187623
v 5.935299 -0.260000 2.187623
v 5.775964 0.260000 2.967057
v 5.775964 -0.260000 2.967057
v 5.519145 0.260000 3.706173
v 5.519145 -0.260000 3.706173
v 5.171981 0.260000 4.397837
v 5.171981 -0.260000 4.397837
v 4.741621 0.260000 5.034899
v 4.741621 -0.260000 5.034899
v 4.235210 0.260000 5.610209
v 4.235210 -0.260000 5.610209
v 3.659899 0.260000 6.116621
v 3.659899 -0.260000 6.116621
v 3.022837 0.260000 6.546980
v 3.022837 -0.260000 6.546981
v 2.331175 0.260000 6.894144
v 2.331175 -0.260000 6.894144
v 1.592058 0.260000 7.150964
v 1.592058 -0.260000 7.150964
v 0.812624 0.260000 7.310298
v 0.812624 -0.260000 7.310298
v 0.000001 0.260000 7.365000
v 0.000001 -0.260000 7.365000
v -0.812622 0.260000 7.310299
v -0.812622 -0.260000 7.310299
v -1.592056 0.260000 7.150964
v -1.592056 -0.260000 7.150964
v -2.331173 0.260000 6.894144
v -2.331173 -0.260000 6.894145
v -3.022836 0.260000 6.546981
v -3.022836 -0.260000 6.546981
v -3.659899 0.260000 6.116621
v -3.659899 -0.260000 6.116621
v -4.235209 0.260000 5.610210
v -4.235209 -0.260000 5.610210
v -4.741621 0.260000 5.034900
v -4.741621 -0.260000 5.034900
v -5.171980 0.260000 4.397838
v -5.171980 -0.260000 4.397838
v -5.519144 0.260000 3.706174
v -5.519144 -0.260000 3.706174
v -5.775963 0.260000 2.967057
v -5.775963 -0.260000 2.967057
v -5.935298 0.260000 2.187624
v -5.935298 -0.260000 2.187624
v -5.990000 0.260000 1.375000
v -5.990000 -0.260000 1.375001
v -5.935299 0.260000 0.562377
v -5.935299 -0.260000 0.562378
v -5.775964 0.260000 -0.217057
v -5.775964 -0.260000 -0.217056
v -5.519144 0.260000 -0.956174
v -5.519144 -0.260000 -0.956173
v -5.171981 0.260000 -1.647837
v -5.171981 -0.260000 -1.647837
v -4.741621 0.260000 -2.284899
v -4.741621 -0.260000 -2.284899
v -4.235210 0.260000 -2.860210
v -4.235210 -0.260000 -2.860209
v -3.659899 0.260000 -3.366621
v -3.659899 -0.260000 -3.366621
v -3.022837 0.260000 -3.796981
v -3.022837 -0.260000 -3.796981
v -2.331174 0.260000 -4.144144
v -2.331174 -0.260000 -4.144144
v -1.592057 0.260000 -4.400964
v -1.592057 -0.260000 -4.400964
v -0.812623 0.260000 -4.560298
v -0.812623 -0.260000 -4.560298
v -1.594704 -0.260000 7.160607
v -0.813962 -0.260000 7.320209
v -0.812622 -0.260000 7.310299
v 5.945209 -0.260000 2.188962
v 6.000000 -0.260000 1.375000
v 5.990000 -0.260000 1.375000
v -5.180611 0.260000 4.402889
v -5.528355 0.260000 3.710067
v -5.519144 0.260000 3.706174
v 5.945208 0.260000 0.561036
v 6.000000 0.260000 1.374999
v 5.990000 0.260000 1.374999
v -4.749534 0.260000 5.041013
v -5.171980 0.260000 4.397838
v 5.785607 0.260000 -0.219706
v 5.935298 0.260000 0.562376
v -3.666013 0.260000 -3.374534
v -3.027889 0.260000 -3.805611
v -3.022837 0.260000 -3.796981
v 2.335067 -0.260000 6.903355
v 2.331175 -0.260000 6.894144
v 1.592058 -0.260000 7.150964
v 3.027889 0.260000 -3.805611
v 3.022837 0.260000 -3.796981
v 2.331173 0.260000 -4.144145
v 5.528356 -0.260000 3.710067
v 5.785607 -0.260000 2.969705
v 5.775964 -0.260000 2.967057
v 4.242281 0.260000 5.617280
v 4.235210 0.260000 5.610209
v 4.741621 0.260000 5.034899
v -2.335067 0.260000 -4.153355
v -2.331174 0.260000 -4.144144
v 0.000001 -0.260000 7.375000
v 0.000001 -0.260000 7.365000
v 2.335067 0.260000 -4.153356
v 1.592057 0.260000 -4.400964
v 5.180612 -0.260000 4.402888
v 5.519145 -0.260000 3.706173
v -4.242280 -0.260000 5.617281
v -3.666013 -0.260000 6.124534
v -3.659899 -0.260000 6.116621
v -5.945209 -0.260000 0.561038
v -6.000000 -0.260000 1.375001
v -5.990000 -0.260000 1.375001
v -5.180611 -0.260000 -1.652889
v -5.528355 -0.260000 -0.960066
v -5.519144 -0.260000 -0.956173
v 4.749534 0.260000 5.041014
v 5.171981 0.260000 4.397837
v 5.528355 0.260000 -0.960067
v 5.775964 0.260000 -0.217058
v 3.027889 -0.260000 6.555611
v 3.022837 -0.260000 6.546981
v 4.242280 -0.260000 -2.867281
v 3.666014 -0.260000 -3.374533
v 3.659899 -0.260000 -3.366621
v -5.785607 -0.260000 -0.219704
v -5.775964 -0.260000 -0.217056
v -3.027889 0.260000 6.555611
v -3.022836 0.260000 6.546981
v -2.331173 0.260000 6.894144
v -1.594705 0.260000 -4.410607
v -1.592057 0.260000 -4.400964
v -3.027889 -0.260000 6.555612
v -3.022836 -0.260000 6.546981
v 1.594705 0.260000 -4.410607
v 0.812623 0.260000 -4.560299
v -2.335066 0.260000 6.903355
v -1.592056 0.260000 7.150964
v -3.666013 -0.260000 -3.374533
v -3.659899 -0.260000 -3.366621
v -3.022837 -0.260000 -3.796981
v 1.594706 -0.260000 7.160607
v 0.812624 -0.260000 7.310298
v 5.180611 0.260000 -1.652889
v 5.519144 0.260000 -0.956175
v -4.242281 -0.260000 -2.867280
v -4.235210 -0.260000 -2.860209
v 0.813964 -0.260000 7.320208
v 3.027889 -0.260000 -3.805611
v 3.022837 -0.260000 -3.796981
v -0.813963 0.260000 -4.570208
v -0.812623 0.260000 -4.560298
v -4.235209 -0.260000 5.610210
v -4.741621 -0.260000 5.034900
v -5.945208 -0.260000 2.188963
v -5.935298 -0.260000 2.187624
v -4.749533 -0.260000 -2.291013
v -4.741621 -0.260000 -2.284899
v 5.785607 0.260000 2.969705
v 5.775964 0.260000 2.967057
v 5.935299 0.260000 2.187623
v 0.813963 0.260000 -4.570209
v 0.000000 0.260000 -4.615000
v -4.749534 -0.260000 5.041013
v -5.171980 -0.260000 4.397838
v -5.785606 -0.260000 2.969706
v -5.775963 -0.260000 2.967057
v -5.945208 0.260000 2.188963
v -6.000000 0.260000 1.375000
v -5.990000 0.260000 1.375000
v 4.235209 -0.260000 -2.860210
v 4.741621 -0.260000 -2.284899
v -1.594704 0.260000 7.160607
v -0.812622 0.260000 7.310299
v -0.813963 -0.260000 -4.570208
v -0.812623 -0.260000 -4.560298
v 0.000000 -0.260000 -4.615000
v -5.528355 -0.260000 3.710067
v -5.519144 -0.260000 3.706174
v 0.813964 0.260000 7.320208
v 0.000001 0.260000 7.375000
v 0.000001 0.260000 7.365000
v -5.945209 0.260000 0.561037
v -5.935299 0.260000 0.562377
v 4.242281 -0.260000 5.617280
v 4.235210 -0.260000 5.610209
v 3.659899 -0.260000 6.116621
v 5.945209 0.260000 2.188962
v 4.749534 -0.260000 -2.291013
v 5.171981 -0.260000 -1.647837
v 3.666013 -0.260000 6.124534
v 2.335067 0.260000 6.903355
v 1.594706 0.260000 7.160607
v 1.592058 0.260000 7.150964
v -0.813962 0.260000 7.320209
v 5.785607 -0.260000 -0.219705
v 5.775964 -0.260000 -0.217057
v 5.935298 -0.260000 0.562376
v -2.335067 -0.260000 -4.153355
v -2.331174 -0.260000 -4.144144
v -1.592057 -0.260000 -4.400964
v 5.528356 0.260000 3.710067
v 5.519145 0.260000 3.706173
v 5.945208 -0.260000 0.561037
v -5.171981 -0.260000 -1.647837
v 4.749534 -0.260000 5.041014
v 4.741621 -0.260000 5.034899
v -5.785607 0.260000 -0.219705
v -5.775964 0.260000 -0.217057
v -4.242280 0.260000 5.617281
v -4.235209 0.260000 5.610210
v -3.659899 0.260000 6.116621
v 2.335067 -0.260000 -4.153355
v 1.594705 -0.260000 -4.410607
v 1.592057 -0.260000 -4.400964
v -5.180611 0.260000 -1.652889
v -5.171981 0.260000 -1.647837
v -5.519144 0.260000 -0.956174
v 3.027889 0.260000 6.555611
v 2.331175 0.260000 6.894144
v 4.749534 0.260000 -2.291013
v 5.171981 0.260000 -1.647838
v 2.331173 -0.260000 -4.144144
v 5.528355 -0.260000 -0.960066
v 5.519144 -0.260000 -0.956174
v -5.180611 -0.260000 4.402889
v -4.242281 0.260000 -2.867281
v -4.235210 0.260000 -2.860210
v -4.741621 0.260000 -2.284899
v -5.528355 0.260000 -0.960067
v -3.666013 0.260000 6.124534
v 5.180612 0.260000 4.402888
v 0.812624 0.260000 7.310298
v 5.171981 -0.260000 4.397837
v 4.242280 0.260000 -2.867281
v 4.235209 0.260000 -2.860210
v 3.659899 0.260000 -3.366621
v 0.813963 -0.260000 -4.570209
v 0.812623 -0.260000 -4.560299
v -3.027889 -0.260000 -3.805611
v -5.785606 0.260000 2.969706
v -5.775963 0.260000 2.967057
v -4.741621 0.260000 5.034900
v 5.180611 -0.260000 -1.652889
v -3.659899 0.260000 -3.366621
v -2.335066 -0.260000 6.903356
v -1.592056 -0.260000 7.150964
v 3.666014 0.260000 -3.374533
v 0.000000 0.260000 -4.625000
v 5.935299 -0.260000 2.187623
v -1.594705 -0.260000 -4.410607
v -2.331173 -0.260000 6.894145
v 3.666013 0.260000 6.124534
v 3.022837 0.260000 6.546980
v 0.000000 -0.260000 -4.625000
v -5.935298 0.260000 2.187624
v -4.749533 0.260000 -2.291013
v -5.935299 -0.260000 0.562378
v 3.659899 0.260000 6.116621
v 4.741621 0.260000 -2.284899
v 1.627926 0.250000 -10.515417
v -0.000001 0.250000 -10.625000
v -0.000001 -0.250000 -10.625000
v 3.189409 0.250000 -10.196215
v 1.627926 -0.250000 -10.515417
v 4.670133 0.250000 -9.681710
v 3.189409 -0.250000 -10.196215
v 6.055778 0.250000 -8.986222
v 4.670133 -0.250000 -9.681710
v 7.332026 0.250000 -8.124067
v 6.055778 -0.250000 -8.986222
v 8.484562 0.250000 -7.109563
v 7.332026 -0.250000 -8.124067
v 9.499066 0.250000 -5.957027
v 8.484562 -0.250000 -7.109562
v 10.361222 0.250000 -4.680779
v 9.499066 -0.250000 -5.957027
v 11.056710 0.250000 -3.295134
v 10.361222 -0.250000 -4.680779
v 11.571214 0.250000 -1.814411
v 11.056710 -0.250000 -3.295134
v 11.890415 0.250000 -0.252927
v 11.571214 -0.250000 -1.814411
v 12.000000 0.250000 1.374999
v 11.890415 -0.250000 -0.252927
v 11.890417 0.250000 3.002926
v 12.000000 -0.250000 1.374999
v 11.571215 0.250000 4.564409
v 11.890417 -0.250000 3.002926
v 11.056711 0.250000 6.045133
v 11.571215 -0.250000 4.564409
v 10.361222 0.250000 7.430778
v 11.056711 -0.250000 6.045133
v 9.499067 0.250000 8.707026
v 10.361222 -0.250000 7.430778
v 8.484563 0.250000 9.859562
v 9.499067 -0.250000 8.707026
v 7.332027 0.250000 10.874066
v 8.484563 -0.250000 9.859562
v 6.055779 0.250000 11.736221
v 7.332027 -0.250000 10.874066
v 4.670134 0.250000 12.431710
v 6.055779 -0.250000 11.736221
v 3.189411 0.250000 12.946214
v 4.670134 -0.250000 12.431710
v 1.627927 0.250000 13.265415
v 3.189411 -0.250000 12.946214
v 0.000001 0.250000 13.375000
v 1.627927 -0.250000 13.265415
v -1.627926 0.250000 13.265417
v 0.000001 -0.250000 13.375000
v -3.189409 0.250000 12.946215
v -1.627926 -0.250000 13.265417
v -4.670133 0.250000 12.431710
v -3.189409 -0.250000 12.946215
v -6.055778 0.250000 11.736222
v -4.670133 -0.250000 12.431710
v -7.332026 0.250000 10.874067
v -6.055778 -0.250000 11.736222
v -8.484562 0.250000 9.859563
v -7.332026 -0.250000 10.874067
v -9.499066 0.250000 8.707026
v -8.484562 -0.250000 9.859563
v -10.361221 0.250000 7.430779
v -9.499066 -0.250000 8.707026
v -11.056709 0.250000 6.045134
v -10.361221 -0.250000 7.430779
v -11.571214 0.250000 4.564411
v -11.056709 -0.250000 6.045134
v -11.890415 0.250000 3.002927
v -11.571214 -0.250000 4.564411
v -12.000000 0.250000 1.375001
v -11.890415 -0.250000 3.002927
v -11.890417 0.250000 -0.252926
v -12.000000 -0.250000 1.375001
v -11.571215 0.250000 -1.814409
v -11.890417 -0.250000 -0.252926
v -11.056710 0.250000 -3.295133
v -11.571215 -0.250000 -1.814409
v -10.361221 0.250000 -4.680778
v -11.056710 -0.250000 -3.295133
v -9.499067 0.250000 -5.957026
v -10.361221 -0.250000 -4.680778
v -8.484563 0.250000 -7.109562
v -9.499067 -0.250000 -5.957026
v -7.332026 0.250000 -8.124066
v -8.484563 -0.250000 -7.109562
v -6.055779 0.250000 -8.986221
v -7.332026 -0.250000 -8.124066
v -4.670134 0.250000 -9.681710
v -6.055779 -0.250000 -8.986221
v -3.189411 0.250000 -10.196214
v -4.670134 -0.250000 -9.681710
v -1.627927 0.250000 -10.515415
v -3.189411 -0.250000 -10.196214
v -1.627927 -0.250000 -10.515415
v -0.000001 -0.250000 -10.615000
v -0.000001 0.250000 -10.615000
v 1.626586 0.250000 -10.505507
v 1.626586 -0.250000 -10.505507
v 3.186761 0.250000 -10.186572
v 3.186761 -0.250000 -10.186572
v 4.666240 0.250000 -9.672499
v 4.666240 -0.250000 -9.672499
v 6.050725 0.250000 -8.977593
v 6.050725 -0.250000 -8.977593
v 7.325912 0.250000 -8.116155
v 7.325912 -0.250000 -8.116155
v 8.477491 0.250000 -7.102492
v 8.477491 -0.250000 -7.102491
v 9.491154 0.250000 -5.950913
v 9.491154 -0.250000 -5.950913
v 10.352592 0.250000 -4.675726
v 10.352592 -0.250000 -4.675726
v 11.047499 0.250000 -3.291241
v 11.047499 -0.250000 -3.291241
v 11.561571 0.250000 -1.811763
v 11.561571 -0.250000 -1.811763
v 11.880506 0.250000 -0.251587
v 11.880506 -0.250000 -0.251587
v 11.990001 0.250000 1.374999
v 11.990001 -0.250000 1.374999
v 11.880507 0.250000 3.001585
v 11.880507 -0.250000 3.001585
v 11.561572 0.250000 4.561761
v 11.561572 -0.250000 4.561761
v 11.047500 0.250000 6.041240
v 11.047500 -0.250000 6.041240
v 10.352593 0.250000 7.425725
v 10.352593 -0.250000 7.425725
v 9.491155 0.250000 8.700912
v 9.491155 -0.250000 8.700912
v 8.477492 0.250000 9.852491
v 8.477492 -0.250000 9.852491
v 7.325913 0.250000 10.866154
v 7.325913 -0.250000 10.866154
v 6.050726 0.250000 11.727592
v 6.050726 -0.250000 11.727592
v 4.666241 0.250000 12.422499
v 4.666241 -0.250000 12.422499
v 3.186763 0.250000 12.936571
v 3.186763 -0.250000 12.936571
v 1.626587 0.250000 13.255506
v 1.626587 -0.250000 13.255506
v 0.000001 0.250000 13.365000
v 0.000001 -0.250000 13.365000
v -1.626586 0.250000 13.255507
v -1.626586 -0.250000 13.255507
v -3.186761 0.250000 12.936572
v -3.186761 -0.250000 12.936572
v -4.666240 0.250000 12.422499
v -4.666240 -0.250000 12.422499
v -6.050725 0.250000 11.727593
v -6.050725 -0.250000 11.727593
v -7.325912 0.250000 10.866155
v -7.325912 -0.250000 10.866155
v -8.477491 0.250000 9.852492
v -8.477491 -0.250000 9.852492
v -9.491154 0.250000 8.700913
v -9.491154 -0.250000 8.700913
v -10.352592 0.250000 7.425726
v -10.352592 -0.250000 7.425726
v -11.047498 0.250000 6.041241
v -11.047498 -0.250000 6.041241
v -11.561571 0.250000 4.561763
v -11.561571 -0.250000 4.561763
v -11.880506 0.250000 3.001587
v -11.880506 -0.250000 3.001587
v -11.990001 0.250000 1.375001
v -11.990001 -0.250000 1.375001
v -11.880507 0.250000 -0.251586
v -11.880507 -0.250000 -0.251586
v -11.561572 0.250000 -1.811761
v -11.561572 -0.250000 -1.811761
v -11.047499 0.250000 -3.291240
v -11.047499 -0.250000 -3.291240
v -10.352592 0.250000 -4.675725
v -10.352592 -0.250000 -4.675725
v -9.491155 0.250000 -5.950912
v -9.491155 -0.250000 -5.950912
v -8.477492 0.250000 -7.102491
v -8.477492 -0.250000 -7.102491
v -7.325912 0.250000 -8.116154
v -7.325912 -0.250000 -8.116154
v -6.050726 0.250000 -8.977592
v -6.050726 -0.250000 -8.977592
v -4.666241 0.250000 -9.672499
v -4.666241 -0.250000 -9.672499
v -3.186763 0.250000 -10.186571
v -3.186763 -0.250000 -10.186571
v -1.626587 0.250000 -10.505506
v -1.626587 -0.250000 -10.505506
v -3.189409 -0.250000 12.946215
v -1.627926 -0.250000 13.265417
v -1.626586 -0.250000 13.255507
v 11.890417 -0.250000 3.002926
v 12.000000 -0.250000 1.374999
v 11.990001 -0.250000 1.374999
v -10.361221 0.250000 7.430779
v -11.056709 0.250000 6.045134
v -11.047498 0.250000 6.041241
v 11.890415 0.250000 -0.252927
v 12.000000 0.250000 1.374999
v 11.990001 0.250000 1.374999
v -9.499066 0.250000 8.707026
v -10.352592 0.250000 7.425726
v 11.571214 0.250000 -1.814411
v 11.880506 0.250000 -0.251587
v -7.332026 0.250000 -8.124066
v -6.055779 0.250000 -8.986221
v -6.050726 0.250000 -8.977592
v 4.670134 -0.250000 12.431710
v 4.666241 -0.250000 12.422499
v 3.186763 -0.250000 12.936571
v 6.055778 0.250000 -8.986222
v 6.050725 0.250000 -8.977593
v 4.666240 0.250000 -9.672499
v 11.056711 -0.250000 6.045133
v 11.571215 -0.250000 4.564409
v 11.561572 -0.250000 4.561761
v 8.484563 0.250000 9.859562
v 8.477492 0.250000 9.852491
v 9.491155 0.250000 8.700912
v -4.670134 0.250000 -9.681710
v -4.666241 0.250000 -9.672499
v 0.000001 -0.250000 13.375000
v 0.000001 -0.250000 13.365000
v 4.670133 0.250000 -9.681710
v 3.186761 0.250000 -10.186572
v 10.361222 -0.250000 7.430778
v 11.047500 -0.250000 6.041240
v -8.484562 -0.250000 9.859563
v -7.332026 -0.250000 10.874067
v -7.325912 -0.250000 10.866155
v -11.890417 -0.250000 -0.252926
v -12.000000 -0.250000 1.375001
v -11.990001 -0.250000 1.375001
v -10.361221 -0.250000 -4.680778
v -11.056710 -0.250000 -3.295133
v -11.047499 -0.250000 -3.291240
v 9.499067 0.250000 8.707026
v 10.352593 0.250000 7.425725
v 11.056710 0.250000 -3.295134
v 11.561571 0.250000 -1.811763
v 6.055779 -0.250000 11.736221
v 6.050726 -0.250000 11.727592
v 8.484562 -0.250000 -7.109562
v 7.332026 -0.250000 -8.124067
v 7.325912 -0.250000 -8.116155
v -11.571215 -0.250000 -1.814409
v -11.561572 -0.250000 -1.811761
v -6.055778 0.250000 11.736222
v -6.050725 0.250000 11.727593
v -4.666240 0.250000 12.422499
v -3.189411 0.250000 -10.196214
v -3.186763 0.250000 -10.186571
v -6.055778 -0.250000 11.736222
v -6.050725 -0.250000 11.727593
v 3.189409 0.250000 -10.196215
v 1.626586 0.250000 -10.505507
v -4.670133 0.250000 12.431710
v -3.186761 0.250000 12.936572
v -7.332026 -0.250000 -8.124066
v -7.325912 -0.250000 -8.116154
v -6.050726 -0.250000 -8.977592
v 3.189411 -0.250000 12.946214
v 1.626587 -0.250000 13.255506
v 10.361222 0.250000 -4.680779
v 11.047499 0.250000 -3.291241
v -8.484563 -0.250000 -7.109562
v -8.477492 -0.250000 -7.102491
v 1.627927 -0.250000 13.265415
v 6.055778 -0.250000 -8.986222
v 6.050725 -0.250000 -8.977593
v -1.627927 0.250000 -10.515415
v -1.626587 0.250000 -10.505506
v -8.477491 -0.250000 9.852492
v -9.491154 -0.250000 8.700913
v -11.890415 -0.250000 3.002927
v -11.880506 -0.250000 3.001587
v -9.499067 -0.250000 -5.957026
v -9.491155 -0.250000 -5.950912
v 11.571215 0.250000 4.564409
v 11.561572 0.250000 4.561761
v 11.880507 0.250000 3.001585
v 1.627926 0.250000 -10.515417
v -0.000001 0.250000 -10.615000
v -9.499066 -0.250000 8.707026
v -10.352592 -0.250000 7.425726
v -11.571214 -0.250000 4.564411
v -11.561571 -0.250000 4.561763
v -11.890415 0.250000 3.002927
v -12.000000 0.250000 1.375001
v -11.990001 0.250000 1.375001
v 8.477491 -0.250000 -7.102491
v 9.491154 -0.250000 -5.950913
v -3.189409 0.250000 12.946215
v -1.626586 0.250000 13.255507
v -1.627927 -0.250000 -10.515415
v -1.626587 -0.250000 -10.505506
v -0.000001 -0.250000 -10.615000
v -11.056709 -0.250000 6.045134
v -11.047498 -0.250000 6.041241
v 1.627927 0.250000 13.265415
v 0.000001 0.250000 13.375000
v 0.000001 0.250000 13.365000
v -11.890417 0.250000 -0.252926
v -11.880507 0.250000 -0.251586
v 8.484563 -0.250000 9.859562
v 8.477492 -0.250000 9.852491
v 7.325913 -0.250000 10.866154
v 11.890417 0.250000 3.002926
v 9.499066 -0.250000 -5.957027
v 10.352592 -0.250000 -4.675726
v 7.332027 -0.250000 10.874066
v 4.670134 0.250000 12.431710
v 3.189411 0.250000 12.946214
v 3.186763 0.250000 12.936571
v -1.627926 0.250000 13.265417
v 11.571214 -0.250000 -1.814411
v 11.561571 -0.250000 -1.811763
v 11.880506 -0.250000 -0.251587
v -4.670134 -0.250000 -9.681710
v -4.666241 -0.250000 -9.672499
v -3.186763 -0.250000 -10.186571
v 11.056711 0.250000 6.045133
v 11.047500 0.250000 6.041240
v 11.890415 -0.250000 -0.252927
v -10.352592 -0.250000 -4.675725
v 9.499067 -0.250000 8.707026
v 9.491155 -0.250000 8.700912
v -11.571215 0.250000 -1.814409
v -11.561572 0.250000 -1.811761
v -8.484562 0.250000 9.859563
v -8.477491 0.250000 9.852492
v -7.325912 0.250000 10.866155
v 4.670133 -0.250000 -9.681710
v 3.189409 -0.250000 -10.196215
v 3.186761 -0.250000 -10.186572
v -10.361221 0.250000 -4.680778
v -10.352592 0.250000 -4.675725
v -11.047499 0.250000 -3.291240
v 6.055779 0.250000 11.736221
v 4.666241 0.250000 12.422499
v 9.499066 0.250000 -5.957027
v 10.352592 0.250000 -4.675726
v 4.666240 -0.250000 -9.672499
v 11.056710 -0.250000 -3.295134
v 11.047499 -0.250000 -3.291241
v -10.361221 -0.250000 7.430779
v -8.484563 0.250000 -7.109562
v -8.477492 0.250000 -7.102491
v -9.491155 0.250000 -5.950912
v -11.056710 0.250000 -3.295133
v -7.332026 0.250000 10.874067
v 10.361222 0.250000 7.430778
v 1.626587 0.250000 13.255506
v 10.352593 -0.250000 7.425725
v 8.484562 0.250000 -7.109563
v 8.477491 0.250000 -7.102492
v 7.325912 0.250000 -8.116155
v 1.627926 -0.250000 -10.515417
v 1.626586 -0.250000 -10.505507
v -6.055779 -0.250000 -8.986221
v -11.571214 0.250000 4.564411
v -11.561571 0.250000 4.561763
v -9.491154 0.250000 8.700913
v 10.361222 -0.250000 -4.680779
v -7.325912 0.250000 -8.116154
v -4.670133 -0.250000 12.431710
v -3.186761 -0.250000 12.936572
v 7.332026 0.250000 -8.124067
v -0.000001 0.250000 -10.625000
v 11.880507 -0.250000 3.001585
v -3.189411 -0.250000 -10.196214
v -4.666240 -0.250000 12.422499
v 7.332027 0.250000 10.874066
v 6.050726 0.250000 11.727592
v -0.000001 -0.250000 -10.625000
v -11.880506 0.250000 3.001587
v -9.499067 0.250000 -5.957026
v -11.880507 -0.250000 -0.251586
v 7.325913 0.250000 10.866154
v 9.491154 0.250000 -5.950913
v -9.117427 0.250001 -9.162033
v -9.523638 0.250000 -9.568245
v -9.523638 -0.250000 -9.568245
v -8.711218 0.250000 -8.755826
v -9.117427 -0.250000 -9.162033
v -8.305008 0.250000 -8.349614
v -8.711218 -0.250000 -8.755826
v -7.898798 0.250000 -7.943406
v -8.305008 -0.250000 -8.349614
v -7.492584 0.250000 -7.537192
v -7.898798 -0.250000 -7.943405
v -7.086378 0.250000 -7.130986
v -7.492584 -0.250000 -7.537192
v -6.680165 0.250000 -6.724773
v -7.086378 -0.250000 -7.130986
v -6.273954 0.250000 -6.318563
v -6.680165 -0.250000 -6.724773
v -5.867744 0.250000 -5.912354
v -6.273954 -0.250000 -6.318563
v -5.461535 0.250000 -5.506145
v -5.867744 -0.250000 -5.912354
v -5.055326 0.250000 -5.099934
v -5.461535 -0.250000 -5.506145
v -4.649116 0.250000 -4.693724
v -5.055326 -0.250000 -5.099934
v -4.242903 0.250000 -4.287511
v -4.649116 -0.250000 -4.693724
v -3.836694 0.250000 -3.881303
v -4.242903 -0.250000 -4.287511
v -3.430484 0.250000 -3.475093
v -3.836694 -0.250000 -3.881303
v -3.024273 0.250001 -3.068882
v -3.430484 -0.250000 -3.475093
v -2.618063 0.250000 -2.662673
v -3.024273 -0.250001 -3.068882
v -2.211853 0.250000 -2.256462
v -2.618063 -0.250000 -2.662673
v -1.805642 0.250000 -1.850252
v -2.211853 -0.250000 -2.256462
v -1.399432 0.250000 -1.444041
v -1.805642 -0.250000 -1.850252
v -0.993221 0.250000 -1.037831
v -1.399432 -0.250000 -1.444041
v -0.587011 0.250000 -0.631621
v -0.993221 -0.250000 -1.037831
v -0.180801 0.250000 -0.225411
v -0.587011 -0.250000 -0.631621
v 0.225410 0.250000 0.180800
v -0.180801 -0.250000 -0.225411
v 0.631620 0.250000 0.587010
v 0.225410 -0.250000 0.180800
v 1.037831 0.250000 0.993222
v 0.631620 -0.250000 0.587010
v 1.444041 0.250000 1.399431
v 1.037831 -0.250000 0.993221
v 1.850251 0.250000 1.805641
v 1.444041 -0.250000 1.399431
v 2.256460 0.250000 2.211851
v 1.850251 -0.250000 1.805641
v 2.662671 0.250000 2.618062
v 2.256460 -0.250000 2.211851
v 3.068882 0.250001 3.024272
v 2.662671 -0.250000 2.618062
v 3.475091 0.250000 3.430482
v 3.068882 -0.250001 3.024272
v 3.881302 0.250000 3.836693
v 3.475091 -0.250000 3.430482
v 4.287511 0.250000 4.242901
v 3.881302 -0.250000 3.836693
v 4.693723 0.250000 4.649113
v 4.287511 -0.250000 4.242901
v 5.099934 0.250000 5.055324
v 4.693723 -0.250000 4.649113
v 5.506144 0.250000 5.461534
v 5.099934 -0.250000 5.055324
v 5.912354 0.250000 5.867743
v 5.506144 -0.250000 5.461534
v 6.318563 0.250000 6.273952
v 5.912354 -0.250000 5.867743
v 6.724773 0.250000 6.680163
v 6.318563 -0.250000 6.273952
v 7.130982 0.250000 7.086372
v 6.724773 -0.250000 6.680163
v 7.537193 0.250000 7.492583
v 7.130982 -0.250000 7.086372
v 7.943405 0.250000 7.898794
v 7.537193 -0.250000 7.492583
v 8.349614 0.250000 8.305003
v 7.943405 -0.250000 7.898795
v 8.755826 0.250000 8.711214
v 8.349614 -0.250000 8.305003
v 9.162033 0.250000 9.117423
v 8.755826 -0.250000 8.711214
v 9.568245 0.250000 9.523633
v 9.162033 -0.250000 9.117423
v 9.568245 -0.250000 9.523633
v 0.836268 0.260000 -4.592514
v 0.022305 0.260000 -4.647305
v 0.022305 -0.260000 -4.647305
v 1.617010 0.260000 -4.432911
v 0.836268 -0.260000 -4.592514
v 2.357372 0.260000 -4.175661
v 1.617010 -0.260000 -4.432911
v 3.050194 0.260000 -3.827915
v 2.357372 -0.260000 -4.175660
v 3.688318 0.260000 -3.396837
v 3.050194 -0.260000 -3.827915
v 4.264585 0.260000 -2.889585
v 3.688318 -0.260000 -3.396837
v 4.771839 0.260000 -2.313318
v 4.264585 -0.260000 -2.889585
v 5.202916 0.260000 -1.675194
v 4.771839 -0.260000 -2.313318
v 5.550660 0.260000 -0.982372
v 5.202916 -0.260000 -1.675194
v 5.807911 0.260000 -0.242011
v 5.550660 -0.260000 -0.982371
v 5.967513 0.260000 0.538731
v 5.807911 -0.260000 -0.242010
v 6.022305 0.260000 1.352695
v 5.967513 -0.260000 0.538732
v 5.967514 0.260000 2.166657
v 6.022305 -0.260000 1.352695
v 5.807911 0.260000 2.947401
v 5.967514 -0.260000 2.166657
v 5.550661 0.260000 3.687762
v 5.807911 -0.260000 2.947401
v 5.202917 0.260000 4.380583
v 5.550661 -0.260000 3.687762
v 4.771839 0.260000 5.018710
v 5.202917 -0.260000 4.380583
v 4.264585 0.260000 5.594975
v 4.771839 -0.260000 5.018710
v 3.688318 0.260000 6.102230
v 4.264585 -0.260000 5.594975
v 3.050194 0.260000 6.533307
v 3.688318 -0.260000 6.102230
v 2.357372 0.260000 6.881051
v 3.050194 -0.260000 6.533307
v 1.617011 0.260000 7.138302
v 2.357372 -0.260000 6.881051
v 0.836269 0.260000 7.297904
v 1.617011 -0.260000 7.138302
v 0.022306 0.260000 7.352695
v 0.836269 -0.260000 7.297904
v -0.791657 0.260000 7.297904
v 0.022306 -0.260000 7.352695
v -1.572399 0.260000 7.138302
v -0.791657 -0.260000 7.297904
v -2.312762 0.260000 6.881051
v -1.572399 -0.260000 7.138302
v -3.005584 0.260000 6.533307
v -2.312762 -0.260000 6.881052
v -3.643708 0.260000 6.102230
v -3.005584 -0.260000 6.533308
v -4.219975 0.260000 5.594976
v -3.643708 -0.260000 6.102230
v -4.727230 0.260000 5.018708
v -4.219975 -0.260000 5.594976
v -5.158307 0.260000 4.380584
v -4.727230 -0.260000 5.018708
v -5.506051 0.260000 3.687762
v -5.158307 -0.260000 4.380584
v -5.763301 0.260000 2.947402
v -5.506051 -0.260000 3.687762
v -5.922904 0.260000 2.166658
v -5.763301 -0.260000 2.947402
v -5.977695 0.260000 1.352695
v -5.922904 -0.260000 2.166658
v -5.922904 0.260000 0.538732
v -5.977695 -0.260000 1.352696
v -5.763302 0.260000 -0.242010
v -5.922904 -0.260000 0.538733
v -5.506051 0.260000 -0.982372
v -5.763302 -0.260000 -0.242009
v -5.158307 0.260000 -1.675194
v -5.506051 -0.260000 -0.982371
v -4.727229 0.260000 -2.313318
v -5.158307 -0.260000 -1.675194
v -4.219976 0.260000 -2.889585
v -4.727229 -0.260000 -2.313318
v -3.643708 0.260000 -3.396838
v -4.219976 -0.260000 -2.889585
v -3.005584 0.260000 -3.827915
v -3.643708 -0.260000 -3.396837
v -2.312762 0.260000 -4.175660
v -3.005584 -0.260000 -3.827915
v -1.572400 0.260000 -4.432911
v -2.312762 -0.260000 -4.175660
v -0.791658 0.260000 -4.592513
v -1.572400 -0.260000 -4.432911
v -0.791658 -0.260000 -4.592513
v 1.650231 0.250000 -10.537722
v 0.022304 0.250000 -10.647305
v 0.022304 -0.250000 -10.647305
v 3.211714 0.250000 -10.218519
v 1.650231 -0.250000 -10.537722
v 4.692438 0.250000 -9.704015
v 3.211714 -0.250000 -10.218519
v 6.078083 0.250000 -9.008527
v 4.692438 -0.250000 -9.704015
v 7.354331 0.250000 -8.146372
v 6.078083 -0.250000 -9.008527
v 8.506866 0.250000 -7.131867
v 7.354331 -0.250000 -8.146372
v 9.521371 0.250000 -5.979331
v 8.506866 -0.250000 -7.131866
v 10.383527 0.250000 -4.703084
v 9.521371 -0.250000 -5.979331
v 11.079015 0.250000 -3.317439
v 10.383527 -0.250000 -4.703084
v 11.593518 0.250000 -1.836716
v 11.079015 -0.250000 -3.317439
v 11.912720 0.250000 -0.275232
v 11.593518 -0.250000 -1.836716
v 12.022305 0.250000 1.352695
v 11.912720 -0.250000 -0.275232
v 11.912722 0.250000 2.980622
v 12.022305 -0.250000 1.352695
v 11.593519 0.250000 4.542104
v 11.912722 -0.250000 2.980622
v 11.079016 0.250000 6.022829
v 11.593519 -0.250000 4.542104
v 10.383527 0.250000 7.408473
v 11.079016 -0.250000 6.022829
v 9.521372 0.250000 8.684721
v 10.383527 -0.250000 7.408473
v 8.506867 0.250000 9.837257
v 9.521372 -0.250000 8.684721
v 7.354331 0.250000 10.851762
v 8.506867 -0.250000 9.837257
v 6.078084 0.250000 11.713917
v 7.354331 -0.250000 10.851762
v 4.692439 0.250000 12.409406
v 6.078084 -0.250000 11.713917
v 3.211715 0.250000 12.923909
v 4.692439 -0.250000 12.409406
v 1.650232 0.250000 13.243111
v 3.211715 -0.250000 12.923909
v 0.022306 0.250000 13.352695
v 1.650232 -0.250000 13.243111
v -1.605621 0.250000 13.243113
v 0.022306 -0.250000 13.352695
v -3.167104 0.250000 12.923910
v -1.605621 -0.250000 13.243113
v -4.647829 0.250000 12.409406
v -3.167104 -0.250000 12.923910
v -6.033473 0.250000 11.713918
v -4.647829 -0.250000 12.409406
v -7.309721 0.250000 10.851763
v -6.033473 -0.250000 11.713918
v -8.462257 0.250000 9.837258
v -7.309721 -0.250000 10.851763
v -9.476762 0.250000 8.684721
v -8.462257 -0.250000 9.837258
v -10.338917 0.250000 7.408474
v -9.476762 -0.250000 8.684721
v -11.034405 0.250000 6.022830
v -10.338917 -0.250000 7.408474
v -11.548909 0.250000 4.542107
v -11.034405 -0.250000 6.022830
v -11.868111 0.250000 2.980623
v -11.548909 -0.250000 4.542107
v -11.977695 0.250000 1.352696
v -11.868111 -0.250000 2.980623
v -11.868113 0.250000 -0.275231
v -11.977695 -0.250000 1.352696
v -11.548910 0.250000 -1.836714
v -11.868113 -0.250000 -0.275231
v -11.034406 0.250000 -3.317438
v -11.548910 -0.250000 -1.836714
v -10.338917 0.250000 -4.703083
v -11.034406 -0.250000 -3.317438
v -9.476763 0.250000 -5.979331
v -10.338917 -0.250000 -4.703083
v -8.462258 0.250000 -7.131866
v -9.476763 -0.250000 -5.979331
v -7.309721 0.250000 -8.146371
v -8.462258 -0.250000 -7.131866
v -6.033474 0.250000 -9.008526
v -7.309721 -0.250000 -8.146371
v -4.647830 0.250000 -9.704015
v -6.033474 -0.250000 -9.008526
v -3.167106 0.250000 -10.218518
v -4.647830 -0.250000 -9.704015
v -1.605622 0.250000 -10.537720
v -3.167106 -0.250000 -10.218518
v -1.605622 -0.250000 -10.537720
v 9.558696 -0.250000 -9.533189
v 9.558696 0.250000 -9.533189
v 9.152485 0.250000 -9.126978
v 9.152485 -0.250000 -9.126978
v 8.746276 0.250000 -8.720769
v 8.746276 -0.250000 -8.720769
v 8.340065 0.250000 -8.314558
v 8.340065 -0.250000 -8.314558
v 7.933857 0.250000 -7.908348
v 7.933857 -0.250000 -7.908348
v 7.527646 0.250000 -7.502136
v 7.527646 -0.250000 -7.502136
v 7.121438 0.250000 -7.095928
v 7.121438 -0.250000 -7.095928
v 6.715227 0.250000 -6.689715
v 6.715227 -0.250000 -6.689715
v 6.309014 0.250000 -6.283504
v 6.309014 -0.250000 -6.283504
v 5.902804 0.250000 -5.877295
v 5.902804 -0.250000 -5.877295
v 5.496594 0.250000 -5.471085
v 5.496594 -0.250000 -5.471085
v 5.090385 0.250000 -5.064876
v 5.090385 -0.250000 -5.064876
v 4.684175 0.250000 -4.658666
v 4.684175 -0.250000 -4.658666
v 4.277965 0.250000 -4.252455
v 4.277965 -0.250000 -4.252455
v 3.871754 0.250000 -3.846245
v 3.871754 -0.250000 -3.846244
v 3.465543 0.250000 -3.440033
v 3.465543 -0.250000 -3.440033
v 3.059334 0.250001 -3.033824
v 3.059334 -0.250001 -3.033824
v 2.653123 0.250000 -2.627613
v 2.653123 -0.250000 -2.627613
v 2.246913 0.250000 -2.221403
v 2.246913 -0.250000 -2.221403
v 1.840702 0.250000 -1.815192
v 1.840702 -0.250000 -1.815192
v 1.434492 0.250000 -1.408982
v 1.434492 -0.250000 -1.408982
v 1.028282 0.250000 -1.002772
v 1.028282 -0.250000 -1.002772
v 0.622071 0.250000 -0.596561
v 0.622071 -0.250000 -0.596561
v 0.215861 0.250000 -0.190351
v 0.215861 -0.250000 -0.190351
v -0.190350 0.250000 0.215860
v -0.190350 -0.250000 0.215860
v -0.596560 0.250000 0.622070
v -0.596560 -0.250000 0.622070
v -1.002771 0.250000 1.028281
v -1.002771 -0.250000 1.028281
v -1.408981 0.250000 1.434491
v -1.408981 -0.250000 1.434491
v -1.815191 0.250000 1.840701
v -1.815191 -0.250000 1.840701
v -2.221402 0.250000 2.246912
v -2.221402 -0.250000 2.246912
v -2.627612 0.250000 2.653122
v -2.627612 -0.250000 2.653122
v -3.033822 0.250001 3.059332
v -3.033822 -0.250001 3.059332
v -3.440032 0.250000 3.465542
v -3.440032 -0.250000 3.465542
v -3.846243 0.250000 3.871753
v -3.846243 -0.250000 3.871754
v -4.252451 0.250000 4.277965
v -4.252451 -0.250000 4.277965
v -4.658663 0.250000 4.684175
v -4.658663 -0.250000 4.684175
v -5.064874 0.250000 5.090385
v -5.064874 -0.250000 5.090385
v -5.471083 0.250000 5.496594
v -5.471083 -0.250000 5.496594
v -5.877294 0.250000 5.902804
v -5.877294 -0.250000 5.902804
v -6.283503 0.250000 6.309014
v -6.283503 -0.250000 6.309014
v -6.689713 0.250000 6.715225
v -6.689713 -0.250000 6.715225
v -7.095922 0.250000 7.121434
v -7.095922 -0.250000 7.121434
v -7.502135 0.250000 7.527647
v -7.502135 -0.250000 7.527647
v -7.908345 0.250000 7.933856
v -7.908345 -0.250000 7.933856
v -8.314555 0.250000 8.340066
v -8.314555 -0.250000 8.340066
v -8.720765 0.250000 8.746276
v -8.720765 -0.250000 8.746276
v -9.126975 0.250000 9.152486
v -9.126975 -0.250001 9.152486
v -9.533186 0.250000 9.558697
v -9.533186 -0.250000 9.558697
vn -0.7071 0.0000 -0.7071
vn 0.7071 0.0000 0.7071
vn -0.0000 1.0000 -0.0000
vn 0.0000 -1.0000 0.0000
vn 0.7071 0.0000 -0.7072
vn 0.7072 0.0000 -0.7071
vn -0.7072 0.0000 0.7071
vn -0.7071 0.0000 0.7072
vn -0.7071 0.0000 0.7071
vn 0.7071 0.0000 -0.7071
vn -0.7072 0.0000 -0.7071
vn 0.7071 0.0000 0.7072
vn 0.7072 0.0000 0.7071
vn -0.1340 0.0000 0.9910
vn 0.0000 0.0000 1.0000
vn -0.2648 0.0000 0.9643
vn -0.3892 0.0000 0.9211
vn -0.5052 0.0000 0.8630
vn -0.6115 0.0000 0.7912
vn -0.7912 0.0000 0.6115
vn -0.8630 0.0000 0.5052
vn -0.9211 0.0000 0.3892
vn -0.9643 0.0000 0.2648
vn -0.9910 -0.0000 0.1340
vn -1.0000 -0.0000 0.0000
vn -0.9910 0.0000 -0.1340
vn -0.9643 0.0000 -0.2648
vn -0.9211 0.0000 -0.3892
vn -0.8630 0.0000 -0.5052
vn -0.7912 0.0000 -0.6115
vn -0.6115 0.0000 -0.7912
vn -0.5052 0.0000 -0.8630
vn -0.3892 0.0000 -0.9211
vn -0.2648 0.0000 -0.9643
vn -0.1340 0.0000 -0.9910
vn -0.0000 0.0000 -1.0000
vn 0.1340 0.0000 -0.9910
vn 0.2648 0.0000 -0.9643
vn 0.3892 -0.0000 -0.9211
vn 0.5052 -0.0000 -0.8630
vn 0.6115 -0.0000 -0.7912
vn 0.7912 0.0000 -0.6115
vn 0.8630 0.0000 -0.5052
vn 0.9211 0.0000 -0.3892
vn 0.9643 0.0000 -0.2648
vn 0.9910 0.0000 -0.1340
vn 1.0000 0.0000 -0.0000
vn 0.9910 0.0000 0.1340
vn 0.9643 0.0000 0.2648
vn 0.9211 0.0000 0.3892
vn 0.8630 0.0000 0.5052
vn 0.7912 0.0000 0.6115
vn 0.6115 0.0000 0.7912
vn 0.5052 0.0000 0.8630
vn 0.3892 0.0000 0.9211
vn 0.2648 0.0000 0.9643
vn 0.1340 0.0000 0.9910
vn 0.5000 -0.7071 -0.5000
vn -0.5000 0.7071 0.5000
vn -0.5000 -0.7071 0.5000
vn 0.5000 0.7071 -0.5000
vn -0.5000 -0.7071 -0.5000
vn -0.5000 0.7071 -0.5000
vn -0.7071 0.0000 -0.7072
vn 0.5000 -0.7071 0.5000
vn 0.5000 0.7071 0.5000
usemtl None.003
s 1
f 1//1 3//1 2//1
f 4//1 1//1 5//1
f 6//1 4//1 7//1
f 8//1 6//1 9//1
f 10//1 8//1 11//1
f 12//1 10//1 13//1
f 14//1 12//1 15//1
f 16//1 14//1 17//1
f 18//1 16//1 19//1
f 20//1 18//1 21//1
f 22//1 20//1 23//1
f 24//1 22//1 25//1
f 26//1 24//1 27//1
f 28//1 26//1 29//1
f 30//1 28//1 31//1
f 32//1 30//1 33//1
f 34//1 32//1 35//1
f 36//1 34//1 37//1
f 38//1 36//1 39//1
f 40//1 38//1 41//1
f 42//1 40//1 43//1
f 44//1 42//1 45//1
f 46//1 44//1 47//1
f 48//1 46//1 49//1
f 50//1 48//1 51//1
f 52//1 50//1 53//1
f 54//1 52//1 55//1
f 56//1 54//1 57//1
f 58//1 56//1 59//1
f 60//1 58//1 61//1
f 62//1 60//1 63//1
f 64//1 62//1 65//1
f 66//1 64//1 67//1
f 68//1 66//1 69//1
f 70//1 68//1 71//1
f 72//1 70//1 73//1
f 74//1 72//1 75//1
f 76//1 74//1 77//1
f 78//1 76//1 79//1
f 80//1 78//1 81//1
f 82//1 80//1 83//1
f 84//1 82//1 85//1
f 86//1 84//1 87//1
f 88//1 86//1 89//1
f 90//1 88//1 91//1
f 92//1 90//1 93//1
f 94//1 92//1 95//1
f 96//2 98//2 97//2
f 99//2 97//2 100//2
f 101//2 100//2 102//2
f 103//2 102//2 104//2
f 105//2 104//2 106//2
f 107//2 106//2 108//2
f 109//2 108//2 110//2
f 111//2 110//2 112//2
f 113//2 112//2 114//2
f 115//2 114//2 116//2
f 117//2 116//2 118//2
f 119//2 118//2 120//2
f 121//2 120//2 122//2
f 123//2 122//2 124//2
f 125//2 124//2 126//2
f 127//2 126//2 128//2
f 129//2 128//2 130//2
f 131//2 130//2 132//2
f 133//2 132//2 134//2
f 135//2 134//2 136//2
f 137//2 136//2 138//2
f 139//2 138//2 140//2
f 141//2 140//2 142//2
f 143//2 142//2 144//2
f 145//2 144//2 146//2
f 147//2 146//2 148//2
f 149//2 148//2 150//2
f 151//2 150//2 152//2
f 153//2 152//2 154//2
f 155//2 154//2 156//2
f 157//2 156//2 158//2
f 159//2 158//2 160//2
f 161//2 160//2 162//2
f 163//2 162//2 164//2
f 165//2 164//2 166//2
f 167//2 166//2 168//2
f 169//2 168//2 170//2
f 171//2 170//2 172//2
f 173//2 172//2 174//2
f 175//2 174//2 176//2
f 177//2 176//2 178//2
f 179//2 178//2 180//2
f 181//2 180//2 182//2
f 183//2 182//2 184//2
f 185//2 184//2 186//2
f 187//2 186//2 188//2
f 189//2 188//2 190//2
f 191//3 193//3 192//3
f 194//3 196//3 195//3
f 197//4 199//4 198//4
f 200//4 202//4 201//4
f 203//4 197//4 204//4
f 205//4 200//4 206//4
f 207//4 209//4 208//4
f 210//3 212//3 211//3
f 213//4 215//4 214//4
f 216//3 218//3 217//3
f 219//4 221//4 220//4
f 209//4 223//4 222//4
f 193//3 225//3 224//3
f 226//4 213//4 227//4
f 228//3 216//3 229//3
f 230//3 232//3 231//3
f 233//3 235//3 234//3
f 236//3 238//3 237//3
f 239//4 219//4 240//4
f 241//4 205//4 242//4
f 212//3 244//3 243//3
f 245//3 247//3 246//3
f 238//3 249//3 248//3
f 250//4 252//4 251//4
f 223//4 254//4 253//4
f 232//3 256//3 255//3
f 257//4 226//4 258//4
f 259//4 250//4 260//4
f 261//3 263//3 262//3
f 264//3 210//3 265//3
f 266//4 241//4 267//4
f 263//3 269//3 268//3
f 225//3 264//3 270//3
f 247//3 272//3 271//3
f 273//5 275//6 274//6
f 254//4 277//4 276//4
f 278//3 230//3 279//3
f 235//3 281//3 280//3
f 269//3 283//3 282//3
f 284//4 286//4 285//4
f 287//4 257//4 288//4
f 289//3 278//3 290//3
f 281//3 292//3 291//3
f 293//4 295//4 294//4
f 296//7 298//8 297//8
f 299//3 245//3 300//3
f 301//4 259//4 302//4
f 292//3 304//3 303//3
f 305//4 307//4 306//4
f 295//4 309//4 308//4
f 310//3 312//3 311//3
f 202//4 284//4 313//4
f 314//3 299//3 315//3
f 244//3 310//3 316//3
f 317//4 319//4 318//4
f 307//4 301//4 320//4
f 321//3 323//3 322//3
f 324//3 326//3 325//3
f 286//4 328//4 327//4
f 196//3 321//3 329//3
f 283//3 236//3 330//3
f 312//3 332//3 331//3
f 309//4 334//4 333//4
f 335//4 337//4 336//4
f 338//3 340//3 339//3
f 341//4 343//4 342//4
f 344//4 317//4 345//4
f 346//4 266//4 347//4
f 272//3 338//3 348//3
f 323//3 350//3 349//3
f 304//3 289//3 351//3
f 352//4 354//4 353//4
f 334//4 341//4 355//4
f 252//4 335//4 356//4
f 328//4 239//4 357//4
f 319//4 305//4 358//4
f 332//3 228//3 359//3
f 360//4 362//4 361//4
f 340//3 364//3 363//3
f 326//3 261//3 365//3
f 199//4 367//4 366//4
f 337//4 203//4 368//4
f 350//3 314//3 369//3
f 354//4 207//4 370//4
f 371//3 191//3 372//3
f 215//4 360//4 373//4
f 218//3 194//3 374//3
f 375//3 324//3 376//3
f 256//3 371//3 377//3
f 378//4 344//4 379//4
f 364//3 381//3 380//3
f 367//4 293//4 382//4
f 343//4 352//4 383//4
f 249//3 233//3 384//3
f 221//4 378//4 385//4
f 362//4 346//4 386//4
f 1//1 2//1 5//1
f 4//1 5//1 7//1
f 6//1 7//1 9//1
f 8//1 9//1 11//1
f 10//1 11//1 13//1
f 12//1 13//1 15//1
f 14//1 15//1 17//1
f 16//1 17//1 19//1
f 18//1 19//1 21//1
f 20//1 21//1 23//1
f 22//1 23//1 25//1
f 24//1 25//1 27//1
f 26//1 27//1 29//1
f 28//1 29//1 31//1
f 30//1 31//1 33//1
f 32//1 33//1 35//1
f 34//1 35//1 37//1
f 36//1 37//1 39//1
f 38//1 39//1 41//1
f 40//1 41//1 43//1
f 42//1 43//1 45//1
f 44//1 45//1 47//1
f 46//1 47//1 49//1
f 48//1 49//1 51//1
f 50//1 51//1 53//1
f 52//1 53//1 55//1
f 54//1 55//1 57//1
f 56//1 57//1 59//1
f 58//1 59//1 61//1
f 60//1 61//1 63//1
f 62//1 63//1 65//1
f 64//1 65//1 67//1
f 66//1 67//1 69//1
f 68//1 69//1 71//1
f 70//1 71//1 73//1
f 72//1 73//1 75//1
f 74//1 75//1 77//1
f 76//1 77//1 79//1
f 78//1 79//1 81//1
f 80//1 81//1 83//1
f 82//1 83//1 85//1
f 84//1 85//1 87//1
f 86//1 87//1 89//1
f 88//1 89//1 91//1
f 90//1 91//1 93//1
f 92//1 93//1 95//1
f 94//1 95//1 387//1
f 96//2 97//2 99//2
f 99//2 100//2 101//2
f 101//2 102//2 103//2
f 103//2 104//2 105//2
f 105//2 106//2 107//2
f 107//2 108//2 109//2
f 109//2 110//2 111//2
f 111//2 112//2 113//2
f 113//2 114//2 115//2
f 115//2 116//2 117//2
f 117//2 118//2 119//2
f 119//2 120//2 121//2
f 121//2 122//2 123//2
f 123//2 124//2 125//2
f 125//2 126//2 127//2
f 127//2 128//2 129//2
f 129//2 130//2 131//2
f 131//2 132//2 133//2
f 133//2 134//2 135//2
f 135//2 136//2 137//2
f 137//2 138//2 139//2
f 139//2 140//2 141//2
f 141//2 142//2 143//2
f 143//2 144//2 145//2
f 145//2 146//2 147//2
f 147//2 148//2 149//2
f 149//2 150//2 151//2
f 151//2 152//2 153//2
f 153//2 154//2 155//2
f 155//2 156//2 157//2
f 157//2 158//2 159//2
f 159//2 160//2 161//2
f 161//2 162//2 163//2
f 163//2 164//2 165//2
f 165//2 166//2 167//2
f 167//2 168//2 169//2
f 169//2 170//2 171//2
f 171//2 172//2 173//2
f 173//2 174//2 175//2
f 175//2 176//2 177//2
f 177//2 178//2 179//2
f 179//2 180//2 181//2
f 181//2 182//2 183//2
f 183//2 184//2 185//2
f 185//2 186//2 187//2
f 187//2 188//2 189//2
f 189//2 190//2 388//2
f 191//3 192//3 372//3
f 194//3 195//3 374//3
f 197//4 198//4 204//4
f 200//4 201//4 206//4
f 203//4 204//4 368//4
f 205//4 206//4 242//4
f 207//4 208//4 370//4
f 210//3 211//3 265//3
f 213//4 214//4 227//4
f 216//3 217//3 229//3
f 219//4 220//4 240//4
f 209//4 222//4 208//4
f 193//3 224//3 192//3
f 226//4 227//4 258//4
f 228//3 229//3 359//3
f 230//3 231//3 279//3
f 233//3 234//3 384//3
f 236//3 237//3 330//3
f 239//4 240//4 357//4
f 241//4 242//4 267//4
f 212//3 243//3 211//3
f 245//3 246//3 300//3
f 238//3 248//3 237//3
f 250//4 251//4 260//4
f 223//4 253//4 222//4
f 232//3 255//3 231//3
f 257//4 258//4 288//4
f 259//4 260//4 302//4
f 261//3 262//3 365//3
f 264//3 265//3 270//3
f 266//4 267//4 347//4
f 263//3 268//3 262//3
f 225//3 270//3 224//3
f 247//3 271//3 246//3
f 273//5 274//6 389//5
f 254//4 276//4 253//4
f 278//3 279//3 290//3
f 235//3 280//3 234//3
f 269//3 282//3 268//3
f 284//4 285//4 313//4
f 287//4 288//4 390//4
f 289//3 290//3 351//3
f 281//3 291//3 280//3
f 293//4 294//4 382//4
f 296//7 297//8 391//7
f 299//3 300//3 315//3
f 301//4 302//4 320//4
f 292//3 303//3 291//3
f 305//4 306//4 358//4
f 295//4 308//4 294//4
f 310//3 311//3 316//3
f 202//4 313//4 201//4
f 314//3 315//3 369//3
f 244//3 316//3 243//3
f 317//4 318//4 345//4
f 307//4 320//4 306//4
f 321//3 322//3 329//3
f 324//3 325//3 376//3
f 286//4 327//4 285//4
f 196//3 329//3 195//3
f 283//3 330//3 282//3
f 312//3 331//3 311//3
f 309//4 333//4 308//4
f 335//4 336//4 356//4
f 338//3 339//3 348//3
f 341//4 342//4 355//4
f 344//4 345//4 379//4
f 346//4 347//4 386//4
f 272//3 348//3 271//3
f 323//3 349//3 322//3
f 304//3 351//3 303//3
f 352//4 353//4 383//4
f 334//4 355//4 333//4
f 252//4 356//4 251//4
f 328//4 357//4 327//4
f 319//4 358//4 318//4
f 332//3 359//3 331//3
f 360//4 361//4 373//4
f 340//3 363//3 339//3
f 326//3 365//3 325//3
f 199//4 366//4 198//4
f 337//4 368//4 336//4
f 350//3 369//3 349//3
f 354//4 370//4 353//4
f 371//3 372//3 377//3
f 215//4 373//4 214//4
f 218//3 374//3 217//3
f 375//3 376//3 392//3
f 256//3 377//3 255//3
f 378//4 379//4 385//4
f 364//3 380//3 363//3
f 367//4 382//4 366//4
f 343//4 383//4 342//4
f 249//3 384//3 248//3
f 221//4 385//4 220//4
f 362//4 386//4 361//4
f 393//9 395//9 394//9
f 396//9 393//9 397//9
f 398//9 396//9 399//9
f 400//9 398//9 401//9
f 402//9 400//9 403//9
f 404//9 402//9 405//9
f 406//9 404//9 407//9
f 408//9 406//9 409//9
f 410//9 408//9 411//9
f 412//9 410//9 413//9
f 414//9 412//9 415//9
f 416//9 414//9 417//9
f 418//9 416//9 419//9
f 420//9 418//9 421//9
f 422//9 420//9 423//9
f 424//9 422//9 425//9
f 426//9 424//9 427//9
f 428//9 426//9 429//9
f 430//9 428//9 431//9
f 432//9 430//9 433//9
f 434//9 432//9 435//9
f 436//9 434//9 437//9
f 438//9 436//9 439//9
f 440//9 438//9 441//9
f 442//9 440//9 443//9
f 444//9 442//9 445//9
f 446//9 444//9 447//9
f 448//9 446//9 449//9
f 450//9 448//9 451//9
f 452//9 450//9 453//9
f 454//9 452//9 455//9
f 456//9 454//9 457//9
f 458//9 456//9 459//9
f 460//9 458//9 461//9
f 462//9 460//9 463//9
f 464//9 462//9 465//9
f 466//9 464//9 467//9
f 468//9 466//9 469//9
f 470//9 468//9 471//9
f 472//9 470//9 473//9
f 474//9 472//9 475//9
f 476//9 474//9 477//9
f 478//9 476//9 479//9
f 480//9 478//9 481//9
f 482//9 480//9 483//9
f 484//9 482//9 485//9
f 486//9 484//9 487//9
f 488//10 490//10 489//10
f 491//10 489//10 492//10
f 493//10 492//10 494//10
f 495//10 494//10 496//10
f 497//10 496//10 498//10
f 499//10 498//10 500//10
f 501//10 500//10 502//10
f 503//10 502//10 504//10
f 505//10 504//10 506//10
f 507//10 506//10 508//10
f 509//10 508//10 510//10
f 511//10 510//10 512//10
f 513//10 512//10 514//10
f 515//10 514//10 516//10
f 517//10 516//10 518//10
f 519//10 518//10 520//10
f 521//10 520//10 522//10
f 523//10 522//10 524//10
f 525//10 524//10 526//10
f 527//10 526//10 528//10
f 529//10 528//10 530//10
f 531//10 530//10 532//10
f 533//10 532//10 534//10
f 535//10 534//10 536//10
f 537//10 536//10 538//10
f 539//10 538//10 540//10
f 541//10 540//10 542//10
f 543//10 542//10 544//10
f 545//10 544//10 546//10
f 547//10 546//10 548//10
f 549//10 548//10 550//10
f 551//10 550//10 552//10
f 553//10 552//10 554//10
f 555//10 554//10 556//10
f 557//10 556//10 558//10
f 559//10 558//10 560//10
f 561//10 560//10 562//10
f 563//10 562//10 564//10
f 565//10 564//10 566//10
f 567//10 566//10 568//10
f 569//10 568//10 570//10
f 571//10 570//10 572//10
f 573//10 572//10 574//10
f 575//10 574//10 576//10
f 577//10 576//10 578//10
f 579//10 578//10 580//10
f 581//10 580//10 582//10
f 583//3 585//3 584//3
f 586//3 588//3 587//3
f 589//4 591//4 590//4
f 592//4 594//4 593//4
f 595//4 589//4 596//4
f 597//4 592//4 598//4
f 599//4 601//4 600//4
f 602//3 604//3 603//3
f 605//4 607//4 606//4
f 608//3 610//3 609//3
f 611//4 613//4 612//4
f 601//4 615//4 614//4
f 585//3 617//3 616//3
f 618//4 605//4 619//4
f 620//3 608//3 621//3
f 622//3 624//3 623//3
f 625//3 627//3 626//3
f 628//3 630//3 629//3
f 631//4 611//4 632//4
f 633//4 597//4 634//4
f 604//3 636//3 635//3
f 637//3 639//3 638//3
f 630//3 641//3 640//3
f 642//4 644//4 643//4
f 615//4 646//4 645//4
f 624//3 648//3 647//3
f 649//4 618//4 650//4
f 651//4 642//4 652//4
f 653//3 655//3 654//3
f 656//3 602//3 657//3
f 658//4 633//4 659//4
f 655//3 661//3 660//3
f 617//3 656//3 662//3
f 639//3 664//3 663//3
f 665//11 667//11 666//11
f 646//4 669//4 668//4
f 670//3 622//3 671//3
f 627//3 673//3 672//3
f 661//3 675//3 674//3
f 676//4 678//4 677//4
f 679//4 649//4 680//4
f 681//3 670//3 682//3
f 673//3 684//3 683//3
f 685//4 687//4 686//4
f 688//12 690//13 689//13
f 691//3 637//3 692//3
f 693//4 651//4 694//4
f 684//3 696//3 695//3
f 697//4 699//4 698//4
f 687//4 701//4 700//4
f 702//3 704//3 703//3
f 594//4 676//4 705//4
f 706//3 691//3 707//3
f 636//3 702//3 708//3
f 709//4 711//4 710//4
f 699//4 693//4 712//4
f 713//3 715//3 714//3
f 716//3 718//3 717//3
f 678//4 720//4 719//4
f 588//3 713//3 721//3
f 675//3 628//3 722//3
f 704//3 724//3 723//3
f 701//4 726//4 725//4
f 727//4 729//4 728//4
f 730//3 732//3 731//3
f 733//4 735//4 734//4
f 736//4 709//4 737//4
f 738//4 658//4 739//4
f 664//3 730//3 740//3
f 715//3 742//3 741//3
f 696//3 681//3 743//3
f 744//4 746//4 745//4
f 726//4 733//4 747//4
f 644//4 727//4 748//4
f 720//4 631//4 749//4
f 711//4 697//4 750//4
f 724//3 620//3 751//3
f 752//4 754//4 753//4
f 732//3 756//3 755//3
f 718//3 653//3 757//3
f 591//4 759//4 758//4
f 729//4 595//4 760//4
f 742//3 706//3 761//3
f 746//4 599//4 762//4
f 763//3 583//3 764//3
f 607//4 752//4 765//4
f 610//3 586//3 766//3
f 767//3 716//3 768//3
f 648//3 763//3 769//3
f 770//4 736//4 771//4
f 756//3 773//3 772//3
f 759//4 685//4 774//4
f 735//4 744//4 775//4
f 641//3 625//3 776//3
f 613//4 770//4 777//4
f 754//4 738//4 778//4
f 393//9 394//9 397//9
f 396//9 397//9 399//9
f 398//9 399//9 401//9
f 400//9 401//9 403//9
f 402//9 403//9 405//9
f 404//9 405//9 407//9
f 406//9 407//9 409//9
f 408//9 409//9 411//9
f 410//9 411//9 413//9
f 412//9 413//9 415//9
f 414//9 415//9 417//9
f 416//9 417//9 419//9
f 418//9 419//9 421//9
f 420//9 421//9 423//9
f 422//9 423//9 425//9
f 424//9 425//9 427//9
f 426//9 427//9 429//9
f 428//9 429//9 431//9
f 430//9 431//9 433//9
f 432//9 433//9 435//9
f 434//9 435//9 437//9
f 436//9 437//9 439//9
f 438//9 439//9 441//9
f 440//9 441//9 443//9
f 442//9 443//9 445//9
f 444//9 445//9 447//9
f 446//9 447//9 449//9
f 448//9 449//9 451//9
f 450//9 451//9 453//9
f 452//9 453//9 455//9
f 454//9 455//9 457//9
f 456//9 457//9 459//9
f 458//9 459//9 461//9
f 460//9 461//9 463//9
f 462//9 463//9 465//9
f 464//9 465//9 467//9
f 466//9 467//9 469//9
f 468//9 469//9 471//9
f 470//9 471//9 473//9
f 472//9 473//9 475//9
f 474//9 475//9 477//9
f 476//9 477//9 479//9
f 478//9 479//9 481//9
f 480//9 481//9 483//9
f 482//9 483//9 485//9
f 484//9 485//9 487//9
f 486//9 487//9 779//9
f 488//10 489//10 491//10
f 491//10 492//10 493//10
f 493//10 494//10 495//10
f 495//10 496//10 497//10
f 497//10 498//10 499//10
f 499//10 500//10 501//10
f 501//10 502//10 503//10
f 503//10 504//10 505//10
f 505//10 506//10 507//10
f 507//10 508//10 509//10
f 509//10 510//10 511//10
f 511//10 512//10 513//10
f 513//10 514//10 515//10
f 515//10 516//10 517//10
f 517//10 518//10 519//10
f 519//10 520//10 521//10
f 521//10 522//10 523//10
f 523//10 524//10 525//10
f 525//10 526//10 527//10
f 527//10 528//10 529//10
f 529//10 530//10 531//10
f 531//10 532//10 533//10
f 533//10 534//10 535//10
f 535//10 536//10 537//10
f 537//10 538//10 539//10
f 539//10 540//10 541//10
f 541//10 542//10 543//10
f 543//10 544//10 545//10
f 545//10 546//10 547//10
f 547//10 548//10 549//10
f 549//10 550//10 551//10
f 551//10 552//10 553//10
f 553//10 554//10 555//10
f 555//10 556//10 557//10
f 557//10 558//10 559//10
f 559//10 560//10 561//10
f 561//10 562//10 563//10
f 563//10 564//10 565//10
f 565//10 566//10 567//10
f 567//10 568//10 569//10
f 569//10 570//10 571//10
f 571//10 572//10 573//10
f 573//10 574//10 575//10
f 575//10 576//10 577//10
f 577//10 578//10 579//10
f 579//10 580//10 581//10
f 581//10 582//10 780//10
f 583//3 584//3 764//3
f 586//3 587//3 766//3
f 589//4 590//4 596//4
f 592//4 593//4 598//4
f 595//4 596//4 760//4
f 597//4 598//4 634//4
f 599//4 600//4 762//4
f 602//3 603//3 657//3
f 605//4 606//4 619//4
f 608//3 609//3 621//3
f 611//4 612//4 632//4
f 601//4 614//4 600//4
f 585//3 616//3 584//3
f 618//4 619//4 650//4
f 620//3 621//3 751//3
f 622//3 623//3 671//3
f 625//3 626//3 776//3
f 628//3 629//3 722//3
f 631//4 632//4 749//4
f 633//4 634//4 659//4
f 604//3 635//3 603//3
f 637//3 638//3 692//3
f 630//3 640//3 629//3
f 642//4 643//4 652//4
f 615//4 645//4 614//4
f 624//3 647//3 623//3
f 649//4 650//4 680//4
f 651//4 652//4 694//4
f 653//3 654//3 757//3
f 656//3 657//3 662//3
f 658//4 659//4 739//4
f 655//3 660//3 654//3
f 617//3 662//3 616//3
f 639//3 663//3 638//3
f 665//11 666//11 781//11
f 646//4 668//4 645//4
f 670//3 671//3 682//3
f 627//3 672//3 626//3
f 661//3 674//3 660//3
f 676//4 677//4 705//4
f 679//4 680//4 782//4
f 681//3 682//3 743//3
f 673//3 683//3 672//3
f 685//4 686//4 774//4
f 688//12 689//13 783//12
f 691//3 692//3 707//3
f 693//4 694//4 712//4
f 684//3 695//3 683//3
f 697//4 698//4 750//4
f 687//4 700//4 686//4
f 702//3 703//3 708//3
f 594//4 705//4 593//4
f 706//3 707//3 761//3
f 636//3 708//3 635//3
f 709//4 710//4 737//4
f 699//4 712//4 698//4
f 713//3 714//3 721//3
f 716//3 717//3 768//3
f 678//4 719//4 677//4
f 588//3 721//3 587//3
f 675//3 722//3 674//3
f 704//3 723//3 703//3
f 701//4 725//4 700//4
f 727//4 728//4 748//4
f 730//3 731//3 740//3
f 733//4 734//4 747//4
f 736//4 737//4 771//4
f 738//4 739//4 778//4
f 664//3 740//3 663//3
f 715//3 741//3 714//3
f 696//3 743//3 695//3
f 744//4 745//4 775//4
f 726//4 747//4 725//4
f 644//4 748//4 643//4
f 720//4 749//4 719//4
f 711//4 750//4 710//4
f 724//3 751//3 723//3
f 752//4 753//4 765//4
f 732//3 755//3 731//3
f 718//3 757//3 717//3
f 591//4 758//4 590//4
f 729//4 760//4 728//4
f 742//3 761//3 741//3
f 746//4 762//4 745//4
f 763//3 764//3 769//3
f 607//4 765//4 606//4
f 610//3 766//3 609//3
f 767//3 768//3 784//3
f 648//3 769//3 647//3
f 770//4 771//4 777//4
f 756//3 772//3 755//3
f 759//4 774//4 758//4
f 735//4 775//4 734//4
f 641//3 776//3 640//3
f 613//4 777//4 612//4
f 754//4 778//4 753//4
f 785//14 787//15 786//15
f 788//16 785//14 789//14
f 790//17 788//16 791//16
f 792//18 790//17 793//17
f 794//19 792//18 795//18
f 796//9 794//19 797//19
f 798//20 796//9 799//9
f 800//21 798//20 801//20
f 802//22 800//21 803//21
f 804//23 802//22 805//22
f 806//24 804//23 807//23
f 808//25 806//24 809//24
f 810//26 808//25 811//25
f 812//27 810//26 813//26
f 814//28 812//27 815//27
f 816//29 814//28 817//28
f 818//30 816//29 819//29
f 820//1 818//30 821//30
f 822//31 820//1 823//1
f 824//32 822//31 825//31
f 826//33 824//32 827//32
f 828//34 826//33 829//33
f 830//35 828//34 831//34
f 832//36 830//35 833//35
f 834//37 832//36 835//36
f 836//38 834//37 837//37
f 838//39 836//38 839//38
f 840//40 838//39 841//39
f 842//41 840//40 843//40
f 844//10 842//41 845//41
f 846//42 844//10 847//10
f 848//43 846//42 849//42
f 850//44 848//43 851//43
f 852//45 850//44 853//44
f 854//46 852//45 855//45
f 856//47 854//46 857//46
f 858//48 856//47 859//47
f 860//49 858//48 861//48
f 862//50 860//49 863//49
f 864//51 862//50 865//50
f 866//52 864//51 867//51
f 868//2 866//52 869//52
f 870//53 868//2 871//2
f 872//54 870//53 873//53
f 874//55 872//54 875//54
f 876//56 874//55 877//55
f 878//57 876//56 879//56
f 787//15 878//57 880//57
f 881//36 883//36 882//37
f 884//37 882//37 885//38
f 886//38 885//38 887//39
f 888//39 887//39 889//40
f 890//40 889//40 891//41
f 892//41 891//41 893//10
f 894//10 893//10 895//42
f 896//42 895//42 897//43
f 898//43 897//43 899//44
f 900//44 899//44 901//45
f 902//45 901//45 903//46
f 904//46 903//46 905//47
f 906//47 905//47 907//48
f 908//48 907//48 909//49
f 910//49 909//49 911//50
f 912//50 911//50 913//51
f 914//51 913//51 915//52
f 916//52 915//52 917//2
f 918//2 917//2 919//53
f 920//53 919//53 921//54
f 922//54 921//54 923//55
f 924//55 923//55 925//56
f 926//56 925//56 927//57
f 928//57 927//57 929//15
f 930//15 929//15 931//14
f 932//14 931//14 933//16
f 934//16 933//16 935//17
f 936//17 935//17 937//18
f 938//18 937//18 939//19
f 940//19 939//19 941//9
f 942//9 941//9 943//20
f 944//20 943//20 945//21
f 946//21 945//21 947//22
f 948//22 947//22 949//23
f 950//23 949//23 951//24
f 952//24 951//24 953//25
f 954//25 953//25 955//26
f 956//26 955//26 957//27
f 958//27 957//27 959//28
f 960//28 959//28 961//29
f 962//29 961//29 963//30
f 964//30 963//30 965//1
f 966//1 965//1 967//31
f 968//31 967//31 969//32
f 970//32 969//32 971//33
f 972//33 971//33 973//34
f 974//34 973//34 975//35
f 976//35 975//35 883//36
f 977//3 979//3 978//3
f 980//3 982//3 981//3
f 983//4 985//4 984//4
f 986//4 988//4 987//4
f 989//4 983//4 990//4
f 991//4 986//4 992//4
f 993//4 995//4 994//4
f 996//3 998//3 997//3
f 999//4 1001//4 1000//4
f 1002//3 1004//3 1003//3
f 1005//4 1007//4 1006//4
f 995//4 1009//4 1008//4
f 979//3 1011//3 1010//3
f 1012//4 1000//4 1013//4
f 1014//3 1002//3 1015//3
f 1016//3 1018//3 1017//3
f 1019//3 1021//3 1020//3
f 1022//3 1024//3 1023//3
f 1025//4 1006//4 1026//4
f 1027//4 991//4 1028//4
f 1029//3 1030//3 998//3
f 1031//3 1033//3 1032//3
f 1024//3 1035//3 1034//3
f 1036//4 1038//4 1037//4
f 1009//4 1040//4 1039//4
f 1018//3 1042//3 1041//3
f 1043//4 1013//4 1044//4
f 1045//4 1037//4 1046//4
f 1047//3 1049//3 1048//3
f 1050//3 997//3 1051//3
f 1052//4 1027//4 1053//4
f 1054//3 1055//3 1049//3
f 1056//3 1051//3 1010//3
f 1033//3 1058//3 1057//3
f 1040//4 1060//4 1059//4
f 1016//3 1062//3 1061//3
f 1063//3 1064//3 1020//3
f 1054//3 1066//3 1065//3
f 1067//4 1069//4 1068//4
f 1070//4 1044//4 1071//4
f 1072//3 1061//3 1073//3
f 1074//3 1075//3 1064//3
f 1076//4 1078//4 1077//4
f 1031//3 1080//3 1079//3
f 1081//4 1046//4 1082//4
f 1083//3 1085//3 1084//3
f 1086//3 1087//3 1075//3
f 1088//4 1090//4 1089//4
f 1091//4 1092//4 1077//4
f 1093//3 1095//3 1094//3
f 1096//4 1068//4 987//4
f 1097//3 1079//3 1098//3
f 1099//3 1094//3 1030//3
f 1100//4 1102//4 1101//4
f 1103//4 1082//4 1089//4
f 1104//3 1106//3 1105//3
f 1107//3 1109//3 1108//3
f 1110//4 1111//4 1069//4
f 1112//3 1105//3 981//3
f 1066//3 1022//3 1113//3
f 1093//3 1115//3 1114//3
f 1116//4 1117//4 1092//4
f 1118//4 1120//4 1119//4
f 1121//3 1123//3 1122//3
f 1124//4 1126//4 1125//4
f 1127//4 1100//4 1128//4
f 1129//4 1052//4 1130//4
f 1058//3 1121//3 1131//3
f 1132//3 1133//3 1106//3
f 1134//3 1073//3 1087//3
f 1135//4 1137//4 1136//4
f 1138//4 1125//4 1117//4
f 1139//4 1119//4 1038//4
f 1140//4 1026//4 1111//4
f 1102//4 1088//4 1141//4
f 1115//3 1014//3 1142//3
f 1143//4 1145//4 1144//4
f 1123//3 1147//3 1146//3
f 1148//3 1048//3 1109//3
f 985//4 1150//4 1149//4
f 1118//4 989//4 1151//4
f 1152//3 1098//3 1133//3
f 1135//4 993//4 1153//4
f 1154//3 977//3 1155//3
f 1156//4 1144//4 1001//4
f 1060//4 1157//4 1071//4
f 1004//3 980//3 1158//3
f 1159//3 1108//3 1085//3
f 1042//3 1154//3 1160//3
f 1161//4 1127//4 1162//4
f 1147//3 1163//3 1084//3
f 1150//4 1076//4 1164//4
f 1165//4 1136//4 1126//4
f 1035//3 1019//3 1166//3
f 1005//4 1161//4 1167//4
f 1143//4 1129//4 1168//4
f 785//14 786//15 789//14
f 788//16 789//14 791//16
f 790//17 791//16 793//17
f 792//18 793//17 795//18
f 794//19 795//18 797//19
f 796//9 797//19 799//9
f 798//20 799//9 801//20
f 800//21 801//20 803//21
f 802//22 803//21 805//22
f 804//23 805//22 807//23
f 806//24 807//23 809//24
f 808//25 809//24 811//25
f 810//26 811//25 813//26
f 812//27 813//26 815//27
f 814//28 815//27 817//28
f 816//29 817//28 819//29
f 818//30 819//29 821//30
f 820//1 821//30 823//1
f 822//31 823//1 825//31
f 824//32 825//31 827//32
f 826//33 827//32 829//33
f 828//34 829//33 831//34
f 830//35 831//34 833//35
f 832//36 833//35 835//36
f 834//37 835//36 837//37
f 836//38 837//37 839//38
f 838//39 839//38 841//39
f 840//40 841//39 843//40
f 842//41 843//40 845//41
f 844//10 845//41 847//10
f 846//42 847//10 849//42
f 848//43 849//42 851//43
f 850//44 851//43 853//44
f 852//45 853//44 855//45
f 854//46 855//45 857//46
f 856//47 857//46 859//47
f 858//48 859//47 861//48
f 860//49 861//48 863//49
f 862//50 863//49 865//50
f 864//51 865//50 867//51
f 866//52 867//51 869//52
f 868//2 869//52 871//2
f 870//53 871//2 873//53
f 872//54 873//53 875//54
f 874//55 875//54 877//55
f 876//56 877//55 879//56
f 878//57 879//56 880//57
f 787//15 880//57 786//15
f 881//36 882//37 884//37
f 884//37 885//38 886//38
f 886//38 887//39 888//39
f 888//39 889//40 890//40
f 890//40 891//41 892//41
f 892//41 893//10 894//10
f 894//10 895//42 896//42
f 896//42 897//43 898//43
f 898//43 899//44 900//44
f 900//44 901//45 902//45
f 902//45 903//46 904//46
f 904//46 905//47 906//47
f 906//47 907//48 908//48
f 908//48 909//49 910//49
f 910//49 911//50 912//50
f 912//50 913//51 914//51
f 914//51 915//52 916//52
f 916//52 917//2 918//2
f 918//2 919//53 920//53
f 920//53 921//54 922//54
f 922//54 923//55 924//55
f 924//55 925//56 926//56
f 926//56 927//57 928//57
f 928//57 929//15 930//15
f 930//15 931//14 932//14
f 932//14 933//16 934//16
f 934//16 935//17 936//17
f 936//17 937//18 938//18
f 938//18 939//19 940//19
f 940//19 941//9 942//9
f 942//9 943//20 944//20
f 944//20 945//21 946//21
f 946//21 947//22 948//22
f 948//22 949//23 950//23
f 950//23 951//24 952//24
f 952//24 953//25 954//25
f 954//25 955//26 956//26
f 956//26 957//27 958//27
f 958//27 959//28 960//28
f 960//28 961//29 962//29
f 962//29 963//30 964//30
f 964//30 965//1 966//1
f 966//1 967//31 968//31
f 968//31 969//32 970//32
f 970//32 971//33 972//33
f 972//33 973//34 974//34
f 974//34 975//35 976//35
f 976//35 883//36 881//36
f 977//3 978//3 1155//3
f 980//3 981//3 1158//3
f 983//4 984//4 990//4
f 986//4 987//4 992//4
f 989//4 990//4 1151//4
f 991//4 992//4 1028//4
f 993//4 994//4 1153//4
f 996//3 997//3 1050//3
f 999//4 1000//4 1012//4
f 1002//3 1003//3 1015//3
f 1005//4 1006//4 1025//4
f 995//4 1008//4 994//4
f 979//3 1010//3 978//3
f 1012//4 1013//4 1043//4
f 1014//3 1015//3 1142//3
f 1016//3 1017//3 1062//3
f 1019//3 1020//3 1166//3
f 1022//3 1023//3 1113//3
f 1025//4 1026//4 1140//4
f 1027//4 1028//4 1053//4
f 1029//3 998//3 996//3
f 1031//3 1032//3 1080//3
f 1024//3 1034//3 1023//3
f 1036//4 1037//4 1045//4
f 1009//4 1039//4 1008//4
f 1018//3 1041//3 1017//3
f 1043//4 1044//4 1070//4
f 1045//4 1046//4 1081//4
f 1047//3 1048//3 1148//3
f 1050//3 1051//3 1056//3
f 1052//4 1053//4 1130//4
f 1054//3 1049//3 1047//3
f 1056//3 1010//3 1011//3
f 1033//3 1057//3 1032//3
f 1040//4 1059//4 1039//4
f 1016//3 1061//3 1072//3
f 1063//3 1020//3 1021//3
f 1054//3 1065//3 1055//3
f 1067//4 1068//4 1096//4
f 1070//4 1071//4 1157//4
f 1072//3 1073//3 1134//3
f 1074//3 1064//3 1063//3
f 1076//4 1077//4 1164//4
f 1031//3 1079//3 1097//3
f 1081//4 1082//4 1103//4
f 1083//3 1084//3 1163//3
f 1086//3 1075//3 1074//3
f 1088//4 1089//4 1141//4
f 1091//4 1077//4 1078//4
f 1093//3 1094//3 1099//3
f 1096//4 987//4 988//4
f 1097//3 1098//3 1152//3
f 1099//3 1030//3 1029//3
f 1100//4 1101//4 1128//4
f 1103//4 1089//4 1090//4
f 1104//3 1105//3 1112//3
f 1107//3 1108//3 1159//3
f 1110//4 1069//4 1067//4
f 1112//3 981//3 982//3
f 1066//3 1113//3 1065//3
f 1093//3 1114//3 1095//3
f 1116//4 1092//4 1091//4
f 1118//4 1119//4 1139//4
f 1121//3 1122//3 1131//3
f 1124//4 1125//4 1138//4
f 1127//4 1128//4 1162//4
f 1129//4 1130//4 1168//4
f 1058//3 1131//3 1057//3
f 1132//3 1106//3 1104//3
f 1134//3 1087//3 1086//3
f 1135//4 1136//4 1165//4
f 1138//4 1117//4 1116//4
f 1139//4 1038//4 1036//4
f 1140//4 1111//4 1110//4
f 1102//4 1141//4 1101//4
f 1115//3 1142//3 1114//3
f 1143//4 1144//4 1156//4
f 1123//3 1146//3 1122//3
f 1148//3 1109//3 1107//3
f 985//4 1149//4 984//4
f 1118//4 1151//4 1120//4
f 1152//3 1133//3 1132//3
f 1135//4 1153//4 1137//4
f 1154//3 1155//3 1160//3
f 1156//4 1001//4 999//4
f 1060//4 1071//4 1059//4
f 1004//3 1158//3 1003//3
f 1159//3 1085//3 1083//3
f 1042//3 1160//3 1041//3
f 1161//4 1162//4 1167//4
f 1147//3 1084//3 1146//3
f 1150//4 1164//4 1149//4
f 1165//4 1126//4 1124//4
f 1035//3 1166//3 1034//3
f 1005//4 1167//4 1007//4
f 1143//4 1168//4 1145//4
f 1169//14 1171//15 1170//15
f 1172//16 1169//14 1173//14
f 1174//17 1172//16 1175//16
f 1176//18 1174//17 1177//17
f 1178//19 1176//18 1179//18
f 1180//9 1178//19 1181//19
f 1182//20 1180//9 1183//9
f 1184//21 1182//20 1185//20
f 1186//22 1184//21 1187//21
f 1188//23 1186//22 1189//22
f 1190//24 1188//23 1191//23
f 1192//25 1190//24 1193//24
f 1194//26 1192//25 1195//25
f 1196//27 1194//26 1197//26
f 1198//28 1196//27 1199//27
f 1200//29 1198//28 1201//28
f 1202//30 1200//29 1203//29
f 1204//1 1202//30 1205//30
f 1206//31 1204//1 1207//1
f 1208//32 1206//31 1209//31
f 1210//33 1208//32 1211//32
f 1212//34 1210//33 1213//33
f 1214//35 1212//34 1215//34
f 1216//36 1214//35 1217//35
f 1218//37 1216//36 1219//36
f 1220//38 1218//37 1221//37
f 1222//39 1220//38 1223//38
f 1224//40 1222//39 1225//39
f 1226//41 1224//40 1227//40
f 1228//10 1226//41 1229//41
f 1230//42 1228//10 1231//10
f 1232//43 1230//42 1233//42
f 1234//44 1232//43 1235//43
f 1236//45 1234//44 1237//44
f 1238//46 1236//45 1239//45
f 1240//47 1238//46 1241//46
f 1242//48 1240//47 1243//47
f 1244//49 1242//48 1245//48
f 1246//50 1244//49 1247//49
f 1248//51 1246//50 1249//50
f 1250//52 1248//51 1251//51
f 1252//2 1250//52 1253//52
f 1254//53 1252//2 1255//2
f 1256//54 1254//53 1257//53
f 1258//55 1256//54 1259//54
f 1260//56 1258//55 1261//55
f 1262//57 1260//56 1263//56
f 1171//15 1262//57 1264//57
f 1265//36 1267//36 1266//37
f 1268//37 1266//37 1269//38
f 1270//38 1269//38 1271//39
f 1272//39 1271//39 1273//40
f 1274//40 1273//40 1275//41
f 1276//41 1275//41 1277//10
f 1278//10 1277//10 1279//42
f 1280//42 1279//42 1281//43
f 1282//43 1281//43 1283//44
f 1284//44 1283//44 1285//45
f 1286//45 1285//45 1287//46
f 1288//46 1287//46 1289//47
f 1290//47 1289//47 1291//48
f 1292//48 1291//48 1293//49
f 1294//49 1293//49 1295//50
f 1296//50 1295//50 1297//51
f 1298//51 1297//51 1299//52
f 1300//52 1299//52 1301//2
f 1302//2 1301//2 1303//53
f 1304//53 1303//53 1305//54
f 1306//54 1305//54 1307//55
f 1308//55 1307//55 1309//56
f 1310//56 1309//56 1311//57
f 1312//57 1311//57 1313//15
f 1314//15 1313//15 1315//14
f 1316//14 1315//14 1317//16
f 1318//16 1317//16 1319//17
f 1320//17 1319//17 1321//18
f 1322//18 1321//18 1323//19
f 1324//19 1323//19 1325//9
f 1326//9 1325//9 1327//20
f 1328//20 1327//20 1329//21
f 1330//21 1329//21 1331//22
f 1332//22 1331//22 1333//23
f 1334//23 1333//23 1335//24
f 1336//24 1335//24 1337//25
f 1338//25 1337//25 1339//26
f 1340//26 1339//26 1341//27
f 1342//27 1341//27 1343//28
f 1344//28 1343//28 1345//29
f 1346//29 1345//29 1347//30
f 1348//30 1347//30 1349//1
f 1350//1 1349//1 1351//31
f 1352//31 1351//31 1353//32
f 1354//32 1353//32 1355//33
f 1356//33 1355//33 1357//34
f 1358//34 1357//34 1359//35
f 1360//35 1359//35 1267//36
f 1361//3 1363//3 1362//3
f 1364//3 1366//3 1365//3
f 1367//4 1369//4 1368//4
f 1370//4 1372//4 1371//4
f 1373//4 1367//4 1374//4
f 1375//4 1370//4 1376//4
f 1377//4 1379//4 1378//4
f 1380//3 1382//3 1381//3
f 1383//4 1385//4 1384//4
f 1386//3 1388//3 1387//3
f 1389//4 1391//4 1390//4
f 1379//4 1393//4 1392//4
f 1363//3 1395//3 1394//3
f 1396//4 1384//4 1397//4
f 1398//3 1386//3 1399//3
f 1400//3 1402//3 1401//3
f 1403//3 1405//3 1404//3
f 1406//3 1408//3 1407//3
f 1409//4 1390//4 1410//4
f 1411//4 1375//4 1412//4
f 1413//3 1414//3 1382//3
f 1415//3 1417//3 1416//3
f 1408//3 1419//3 1418//3
f 1420//4 1422//4 1421//4
f 1393//4 1424//4 1423//4
f 1402//3 1426//3 1425//3
f 1427//4 1397//4 1428//4
f 1429//4 1421//4 1430//4
f 1431//3 1433//3 1432//3
f 1434//3 1381//3 1435//3
f 1436//4 1411//4 1437//4
f 1438//3 1439//3 1433//3
f 1440//3 1435//3 1394//3
f 1417//3 1442//3 1441//3
f 1424//4 1444//4 1443//4
f 1400//3 1446//3 1445//3
f 1447//3 1448//3 1404//3
f 1438//3 1450//3 1449//3
f 1451//4 1453//4 1452//4
f 1454//4 1428//4 1455//4
f 1456//3 1445//3 1457//3
f 1458//3 1459//3 1448//3
f 1460//4 1462//4 1461//4
f 1415//3 1464//3 1463//3
f 1465//4 1430//4 1466//4
f 1467//3 1469//3 1468//3
f 1470//3 1471//3 1459//3
f 1472//4 1474//4 1473//4
f 1475//4 1476//4 1461//4
f 1477//3 1479//3 1478//3
f 1480//4 1452//4 1371//4
f 1481//3 1463//3 1482//3
f 1483//3 1478//3 1414//3
f 1484//4 1486//4 1485//4
f 1487//4 1466//4 1473//4
f 1488//3 1490//3 1489//3
f 1491//3 1493//3 1492//3
f 1494//4 1495//4 1453//4
f 1496//3 1489//3 1365//3
f 1450//3 1406//3 1497//3
f 1477//3 1499//3 1498//3
f 1500//4 1501//4 1476//4
f 1502//4 1504//4 1503//4
f 1505//3 1507//3 1506//3
f 1508//4 1510//4 1509//4
f 1511//4 1484//4 1512//4
f 1513//4 1436//4 1514//4
f 1442//3 1505//3 1515//3
f 1516//3 1517//3 1490//3
f 1518//3 1457//3 1471//3
f 1519//4 1521//4 1520//4
f 1522//4 1509//4 1501//4
f 1523//4 1503//4 1422//4
f 1524//4 1410//4 1495//4
f 1486//4 1472//4 1525//4
f 1499//3 1398//3 1526//3
f 1527//4 1529//4 1528//4
f 1507//3 1531//3 1530//3
f 1532//3 1432//3 1493//3
f 1369//4 1534//4 1533//4
f 1502//4 1373//4 1535//4
f 1536//3 1482//3 1517//3
f 1519//4 1377//4 1537//4
f 1538//3 1361//3 1539//3
f 1540//4 1528//4 1385//4
f 1444//4 1541//4 1455//4
f 1388//3 1364//3 1542//3
f 1543//3 1492//3 1469//3
f 1426//3 1538//3 1544//3
f 1545//4 1511//4 1546//4
f 1531//3 1547//3 1468//3
f 1534//4 1460//4 1548//4
f 1549//4 1520//4 1510//4
f 1419//3 1403//3 1550//3
f 1389//4 1545//4 1551//4
f 1527//4 1513//4 1552//4
f 1169//14 1170//15 1173//14
f 1172//16 1173//14 1175//16
f 1174//17 1175//16 1177//17
f 1176//18 1177//17 1179//18
f 1178//19 1179//18 1181//19
f 1180//9 1181//19 1183//9
f 1182//20 1183//9 1185//20
f 1184//21 1185//20 1187//21
f 1186//22 1187//21 1189//22
f 1188//23 1189//22 1191//23
f 1190//24 1191//23 1193//24
f 1192//25 1193//24 1195//25
f 1194//26 1195//25 1197//26
f 1196//27 1197//26 1199//27
f 1198//28 1199//27 1201//28
f 1200//29 1201//28 1203//29
f 1202//30 1203//29 1205//30
f 1204//1 1205//30 1207//1
f 1206//31 1207//1 1209//31
f 1208//32 1209//31 1211//32
f 1210//33 1211//32 1213//33
f 1212//34 1213//33 1215//34
f 1214//35 1215//34 1217//35
f 1216//36 1217//35 1219//36
f 1218//37 1219//36 1221//37
f 1220//38 1221//37 1223//38
f 1222//39 1223//38 1225//39
f 1224//40 1225//39 1227//40
f 1226//41 1227//40 1229//41
f 1228//10 1229//41 1231//10
f 1230//42 1231//10 1233//42
f 1232//43 1233//42 1235//43
f 1234//44 1235//43 1237//44
f 1236//45 1237//44 1239//45
f 1238//46 1239//45 1241//46
f 1240//47 1241//46 1243//47
f 1242//48 1243//47 1245//48
f 1244//49 1245//48 1247//49
f 1246//50 1247//49 1249//50
f 1248//51 1249//50 1251//51
f 1250//52 1251//51 1253//52
f 1252//2 1253//52 1255//2
f 1254//53 1255//2 1257//53
f 1256//54 1257//53 1259//54
f 1258//55 1259//54 1261//55
f 1260//56 1261//55 1263//56
f 1262//57 1263//56 1264//57
f 1171//15 1264//57 1170//15
f 1265//36 1266//37 1268//37
f 1268//37 1269//38 1270//38
f 1270//38 1271//39 1272//39
f 1272//39 1273//40 1274//40
f 1274//40 1275//41 1276//41
f 1276//41 1277//10 1278//10
f 1278//10 1279//42 1280//42
f 1280//42 1281//43 1282//43
f 1282//43 1283//44 1284//44
f 1284//44 1285//45 1286//45
f 1286//45 1287//46 1288//46
f 1288//46 1289//47 1290//47
f 1290//47 1291//48 1292//48
f 1292//48 1293//49 1294//49
f 1294//49 1295//50 1296//50
f 1296//50 1297//51 1298//51
f 1298//51 1299//52 1300//52
f 1300//52 1301//2 1302//2
f 1302//2 1303//53 1304//53
f 1304//53 1305//54 1306//54
f 1306//54 1307//55 1308//55
f 1308//55 1309//56 1310//56
f 1310//56 1311//57 1312//57
f 1312//57 1313//15 1314//15
f 1314//15 1315//14 1316//14
f 1316//14 1317//16 1318//16
f 1318//16 1319//17 1320//17
f 1320//17 1321//18 1322//18
f 1322//18 1323//19 1324//19
f 1324//19 1325//9 1326//9
f 1326//9 1327//20 1328//20
f 1328//20 1329//21 1330//21
f 1330//21 1331//22 1332//22
f 1332//22 1333//23 1334//23
f 1334//23 1335//24 1336//24
f 1336//24 1337//25 1338//25
f 1338//25 1339//26 1340//26
f 1340//26 1341//27 1342//27
f 1342//27 1343//28 1344//28
f 1344//28 1345//29 1346//29
f 1346//29 1347//30 1348//30
f 1348//30 1349//1 1350//1
f 1350//1 1351//31 1352//31
f 1352//31 1353//32 1354//32
f 1354//32 1355//33 1356//33
f 1356//33 1357//34 1358//34
f 1358//34 1359//35 1360//35
f 1360//35 1267//36 1265//36
f 1361//3 1362//3 1539//3
f 1364//3 1365//3 1542//3
f 1367//4 1368//4 1374//4
f 1370//4 1371//4 1376//4
f 1373//4 1374//4 1535//4
f 1375//4 1376//4 1412//4
f 1377//4 1378//4 1537//4
f 1380//3 1381//3 1434//3
f 1383//4 1384//4 1396//4
f 1386//3 1387//3 1399//3
f 1389//4 1390//4 1409//4
f 1379//4 1392//4 1378//4
f 1363//3 1394//3 1362//3
f 1396//4 1397//4 1427//4
f 1398//3 1399//3 1526//3
f 1400//3 1401//3 1446//3
f 1403//3 1404//3 1550//3
f 1406//3 1407//3 1497//3
f 1409//4 1410//4 1524//4
f 1411//4 1412//4 1437//4
f 1413//3 1382//3 1380//3
f 1415//3 1416//3 1464//3
f 1408//3 1418//3 1407//3
f 1420//4 1421//4 1429//4
f 1393//4 1423//4 1392//4
f 1402//3 1425//3 1401//3
f 1427//4 1428//4 1454//4
f 1429//4 1430//4 1465//4
f 1431//3 1432//3 1532//3
f 1434//3 1435//3 1440//3
f 1436//4 1437//4 1514//4
f 1438//3 1433//3 1431//3
f 1440//3 1394//3 1395//3
f 1417//3 1441//3 1416//3
f 1424//4 1443//4 1423//4
f 1400//3 1445//3 1456//3
f 1447//3 1404//3 1405//3
f 1438//3 1449//3 1439//3
f 1451//4 1452//4 1480//4
f 1454//4 1455//4 1541//4
f 1456//3 1457//3 1518//3
f 1458//3 1448//3 1447//3
f 1460//4 1461//4 1548//4
f 1415//3 1463//3 1481//3
f 1465//4 1466//4 1487//4
f 1467//3 1468//3 1547//3
f 1470//3 1459//3 1458//3
f 1472//4 1473//4 1525//4
f 1475//4 1461//4 1462//4
f 1477//3 1478//3 1483//3
f 1480//4 1371//4 1372//4
f 1481//3 1482//3 1536//3
f 1483//3 1414//3 1413//3
f 1484//4 1485//4 1512//4
f 1487//4 1473//4 1474//4
f 1488//3 1489//3 1496//3
f 1491//3 1492//3 1543//3
f 1494//4 1453//4 1451//4
f 1496//3 1365//3 1366//3
f 1450//3 1497//3 1449//3
f 1477//3 1498//3 1479//3
f 1500//4 1476//4 1475//4
f 1502//4 1503//4 1523//4
f 1505//3 1506//3 1515//3
f 1508//4 1509//4 1522//4
f 1511//4 1512//4 1546//4
f 1513//4 1514//4 1552//4
f 1442//3 1515//3 1441//3
f 1516//3 1490//3 1488//3
f 1518//3 1471//3 1470//3
f 1519//4 1520//4 1549//4
f 1522//4 1501//4 1500//4
f 1523//4 1422//4 1420//4
f 1524//4 1495//4 1494//4
f 1486//4 1525//4 1485//4
f 1499//3 1526//3 1498//3
f 1527//4 1528//4 1540//4
f 1507//3 1530//3 1506//3
f 1532//3 1493//3 1491//3
f 1369//4 1533//4 1368//4
f 1502//4 1535//4 1504//4
f 1536//3 1517//3 1516//3
f 1519//4 1537//4 1521//4
f 1538//3 1539//3 1544//3
f 1540//4 1385//4 1383//4
f 1444//4 1455//4 1443//4
f 1388//3 1542//3 1387//3
f 1543//3 1469//3 1467//3
f 1426//3 1544//3 1425//3
f 1545//4 1546//4 1551//4
f 1531//3 1468//3 1530//3
f 1534//4 1548//4 1533//4
f 1549//4 1510//4 1508//4
f 1419//3 1550//3 1418//3
f 1389//4 1551//4 1391//4
f 1527//4 1552//4 1529//4
f 1553//2 1555//2 1554//2
f 1556//2 1557//2 1553//2
f 1558//2 1559//2 1556//2
f 1560//2 1561//2 1558//2
f 1562//2 1563//2 1560//2
f 1564//2 1565//2 1562//2
f 1566//2 1567//2 1564//2
f 1568//2 1569//2 1566//2
f 1570//2 1571//2 1568//2
f 1572//2 1573//2 1570//2
f 1574//2 1575//2 1572//2
f 1576//2 1577//2 1574//2
f 1578//2 1579//2 1576//2
f 1580//2 1581//2 1578//2
f 1582//2 1583//2 1580//2
f 1584//2 1585//2 1582//2
f 1586//2 1587//2 1584//2
f 1588//2 1589//2 1586//2
f 1590//2 1591//2 1588//2
f 1592//2 1593//2 1590//2
f 1594//2 1595//2 1592//2
f 1596//2 1597//2 1594//2
f 1598//2 1599//2 1596//2
f 1600//2 1601//2 1598//2
f 1602//2 1603//2 1600//2
f 1604//2 1605//2 1602//2
f 1606//2 1607//2 1604//2
f 1608//2 1609//2 1606//2
f 1610//2 1611//2 1608//2
f 1612//2 1613//2 1610//2
f 1614//2 1615//2 1612//2
f 1616//2 1617//2 1614//2
f 1618//2 1619//2 1616//2
f 1620//2 1621//2 1618//2
f 1622//2 1623//2 1620//2
f 1624//2 1625//2 1622//2
f 1626//2 1627//2 1624//2
f 1628//2 1629//2 1626//2
f 1630//2 1631//2 1628//2
f 1632//2 1633//2 1630//2
f 1634//2 1635//2 1632//2
f 1636//2 1637//2 1634//2
f 1638//2 1639//2 1636//2
f 1640//2 1641//2 1638//2
f 1642//2 1643//2 1640//2
f 1644//2 1645//2 1642//2
f 1646//2 1647//2 1644//2
f 1665//3 1667//3 3412//3 3410//3
f 1717//3 1719//3 3464//3 3462//3
f 1656//4 1654//4 3399//4 3401//4
f 1663//3 1665//3 3410//3 3408//3
f 1715//3 1717//3 3462//3 3460//3
f 1661//3 1663//3 3408//3 3406//3
f 1690//4 1688//4 3433//4 3435//4
f 1726//4 1724//4 3469//4 3471//4
f 1713//3 1715//3 3460//3 3458//3
f 1672//4 1670//4 3415//4 3417//4
f 1708//4 1706//4 3451//4 3453//4
f 1659//3 1661//3 3406//3 3404//3
f 1711//3 1713//3 3458//3 3456//3
f 1654//4 1652//4 3397//4 3399//4
f 1657//3 1659//3 3404//3 3402//3
f 1709//3 1711//3 3456//3 3454//3
f 1742//58 1740//4 3485//4 3487//58
f 1655//3 1657//3 3402//3 3400//3
f 1688//4 1686//4 3431//4 3433//4
f 1724//4 1722//4 3467//4 3469//4
f 1707//3 1709//3 3454//3 3452//3
f 1653//3 1655//3 3400//3 3398//3
f 1670//4 1668//4 3413//4 3415//4
f 1706//4 1704//4 3449//4 3451//4
f 1705//3 1707//3 3452//3 3450//3
f 1652//4 1650//4 3395//4 3397//4
f 1651//3 1653//3 3398//3 3396//3
f 1703//3 1705//3 3450//3 3448//3
f 1740//4 1738//4 3483//4 3485//4
f 1648//59 1651//3 3396//3 3393//59
f 1686//4 1684//4 3429//4 3431//4
f 1722//4 1720//4 3465//4 3467//4
f 1701//3 1703//3 3448//3 3446//3
f 1668//4 1666//4 3411//4 3413//4
f 1704//4 1702//4 3447//4 3449//4
f 1699//3 1701//3 3446//3 3444//3
f 1650//4 1649//60 3394//60 3395//4
f 1697//3 1699//3 3444//3 3442//3
f 1738//4 1736//4 3481//4 3483//4
f 1684//4 1682//4 3427//4 3429//4
f 1720//4 1718//4 3463//4 3465//4
f 1695//3 1697//3 3442//3 3440//3
f 1649//60 1648//59 3393//59 3394//60
f 1666//4 1664//4 3409//4 3411//4
f 1702//4 1700//4 3445//4 3447//4
f 1693//3 1695//3 3440//3 3438//3
f 1691//3 1693//3 3438//3 3436//3
f 1743//4 1745//4 1744//4
f 1746//4 1748//4 1747//4
f 1749//3 1751//3 1750//3
f 1752//3 1754//3 1753//3
f 1755//3 1756//3 1749//3
f 1757//3 1758//3 1752//3
f 1759//3 1761//3 1760//3
f 1762//4 1764//4 1763//4
f 1765//3 1767//3 1766//3
f 1768//4 1770//4 1769//4
f 1771//3 1773//3 1772//3
f 1760//3 1775//3 1774//3
f 1744//4 1777//4 1776//4
f 1778//3 1779//3 1765//3
f 1780//4 1781//4 1768//4
f 1782//4 1784//4 1783//4
f 1785//4 1787//4 1786//4
f 1788//4 1790//4 1789//4
f 1791//3 1792//3 1771//3
f 1793//3 1794//3 1757//3
f 1763//4 1796//4 1795//4
f 1797//4 1799//4 1798//4
f 1789//4 1801//4 1800//4
f 1802//3 1804//3 1803//3
f 1774//3 1806//3 1805//3
f 1783//4 1808//4 1807//4
f 1809//3 1810//3 1778//3
f 1811//3 1812//3 1802//3
f 1813//4 1815//4 1814//4
f 1816//4 1817//4 1762//4
f 1818//3 1819//3 1793//3
f 1814//4 1821//4 1820//4
f 1776//4 1822//4 1816//4
f 1798//4 1824//4 1823//4
f 1825//8 1827//7 1826//7
f 1805//3 1829//3 1828//3
f 1830//4 1831//4 1782//4
f 1786//4 1833//4 1832//4
f 1820//4 1835//4 1834//4
f 1836//3 1838//3 1837//3
f 1839//3 1840//3 1809//3
f 1841//4 1842//4 1830//4
f 1832//4 1844//4 1843//4
f 1845//3 1847//3 1846//3
f 1848//6 1850//5 1849//5
f 1851//4 1852//4 1797//4
f 1853//3 1854//3 1811//3
f 1843//4 1856//4 1855//4
f 1857//3 1859//3 1858//3
f 1846//3 1861//3 1860//3
f 1862//4 1864//4 1863//4
f 1753//3 1865//3 1836//3
f 1866//4 1867//4 1851//4
f 1795//4 1868//4 1862//4
f 1869//3 1871//3 1870//3
f 1858//3 1872//3 1853//3
f 1873//4 1875//4 1874//4
f 1876//4 1878//4 1877//4
f 1837//3 1880//3 1879//3
f 1747//4 1881//4 1873//4
f 1834//4 1882//4 1788//4
f 1863//4 1884//4 1883//4
f 1860//3 1886//3 1885//3
f 1887//3 1889//3 1888//3
f 1890//4 1892//4 1891//4
f 1893//3 1895//3 1894//3
f 1896//3 1897//3 1869//3
f 1898//3 1899//3 1818//3
f 1823//4 1900//4 1890//4
f 1874//4 1902//4 1901//4
f 1855//4 1903//4 1841//4
f 1904//3 1906//3 1905//3
f 1885//3 1907//3 1893//3
f 1803//3 1908//3 1887//3
f 1879//3 1909//3 1791//3
f 1870//3 1910//3 1857//3
f 1883//4 1911//4 1780//4
f 1912//3 1914//3 1913//3
f 1891//4 1916//4 1915//4
f 1877//4 1917//4 1813//4
f 1750//3 1919//3 1918//3
f 1888//3 1920//3 1755//3
f 1901//4 1921//4 1866//4
f 1905//3 1922//3 1759//3
f 1923//4 1924//4 1743//4
f 1766//3 1925//3 1912//3
f 1769//4 1926//4 1746//4
f 1927//4 1928//4 1876//4
f 1807//4 1929//4 1923//4
f 1930//3 1931//3 1896//3
f 1915//4 1933//4 1932//4
f 1918//3 1934//3 1845//3
f 1894//3 1935//3 1904//3
f 1800//4 1936//4 1785//4
f 1772//3 1937//3 1930//3
f 1913//3 1938//3 1898//3
f 1553//2 1557//2 1555//2
f 1556//2 1559//2 1557//2
f 1558//2 1561//2 1559//2
f 1560//2 1563//2 1561//2
f 1562//2 1565//2 1563//2
f 1564//2 1567//2 1565//2
f 1566//2 1569//2 1567//2
f 1568//2 1571//2 1569//2
f 1570//2 1573//2 1571//2
f 1572//2 1575//2 1573//2
f 1574//2 1577//2 1575//2
f 1576//2 1579//2 1577//2
f 1578//2 1581//2 1579//2
f 1580//2 1583//2 1581//2
f 1582//2 1585//2 1583//2
f 1584//2 1587//2 1585//2
f 1586//2 1589//2 1587//2
f 1588//2 1591//2 1589//2
f 1590//2 1593//2 1591//2
f 1592//2 1595//2 1593//2
f 1594//2 1597//2 1595//2
f 1596//2 1599//2 1597//2
f 1598//2 1601//2 1599//2
f 1600//2 1603//2 1601//2
f 1602//2 1605//2 1603//2
f 1604//2 1607//2 1605//2
f 1606//2 1609//2 1607//2
f 1608//2 1611//2 1609//2
f 1610//2 1613//2 1611//2
f 1612//2 1615//2 1613//2
f 1614//2 1617//2 1615//2
f 1616//2 1619//2 1617//2
f 1618//2 1621//2 1619//2
f 1620//2 1623//2 1621//2
f 1622//2 1625//2 1623//2
f 1624//2 1627//2 1625//2
f 1626//2 1629//2 1627//2
f 1628//2 1631//2 1629//2
f 1630//2 1633//2 1631//2
f 1632//2 1635//2 1633//2
f 1634//2 1637//2 1635//2
f 1636//2 1639//2 1637//2
f 1638//2 1641//2 1639//2
f 1640//2 1643//2 1641//2
f 1642//2 1645//2 1643//2
f 1644//2 1647//2 1645//2
f 1646//2 1939//2 1647//2
f 1736//4 1734//4 3479//4 3481//4
f 1940//61 1742//58 3487//58 3488//61
f 1718//4 1716//4 3461//4 3463//4
f 1682//4 1680//4 3425//4 3427//4
f 1689//3 1691//3 3436//3 3434//3
f 1741//3 1940//61 3488//61 3486//3
f 1700//4 1698//4 3443//4 3445//4
f 1664//4 1662//4 3407//4 3409//4
f 1687//3 1689//3 3434//3 3432//3
f 1739//3 1741//3 3486//3 3484//3
f 1685//3 1687//3 3432//3 3430//3
f 1734//4 1732//4 3477//4 3479//4
f 1737//3 1739//3 3484//3 3482//3
f 1680//4 1678//4 3423//4 3425//4
f 1716//4 1714//4 3459//4 3461//4
f 1683//3 1685//3 3430//3 3428//3
f 1735//3 1737//3 3482//3 3480//3
f 1662//4 1660//4 3405//4 3407//4
f 1698//4 1696//4 3441//4 3443//4
f 1681//3 1683//3 3428//3 3426//3
f 1733//3 1735//3 3480//3 3478//3
f 1679//3 1681//3 3426//3 3424//3
f 1732//4 1730//4 3475//4 3477//4
f 1731//3 1733//3 3478//3 3476//3
f 1678//4 1676//4 3421//4 3423//4
f 1714//4 1712//4 3457//4 3459//4
f 1677//3 1679//3 3424//3 3422//3
f 1729//3 1731//3 3476//3 3474//3
f 1660//4 1658//4 3403//4 3405//4
f 1696//4 1694//4 3439//4 3441//4
f 1675//3 1677//3 3422//3 3420//3
f 1727//3 1729//3 3474//3 3472//3
f 1673//3 1675//3 3420//3 3418//3
f 1730//4 1728//4 3473//4 3475//4
f 1725//3 1727//3 3472//3 3470//3
f 1676//4 1674//4 3419//4 3421//4
f 1712//4 1710//4 3455//4 3457//4
f 1671//3 1673//3 3418//3 3416//3
f 1723//3 1725//3 3470//3 3468//3
f 1658//4 1656//4 3401//4 3403//4
f 1694//4 1692//4 3437//4 3439//4
f 1669//3 1671//3 3416//3 3414//3
f 1721//3 1723//3 3468//3 3466//3
f 1667//3 1669//3 3414//3 3412//3
f 1692//4 1690//4 3435//4 3437//4
f 1728//4 1726//4 3471//4 3473//4
f 1719//3 1721//3 3466//3 3464//3
f 1743//4 1924//4 1745//4
f 1746//4 1926//4 1748//4
f 1749//3 1756//3 1751//3
f 1752//3 1758//3 1754//3
f 1755//3 1920//3 1756//3
f 1757//3 1794//3 1758//3
f 1759//3 1922//3 1761//3
f 1762//4 1817//4 1764//4
f 1765//3 1779//3 1767//3
f 1768//4 1781//4 1770//4
f 1771//3 1792//3 1773//3
f 1760//3 1761//3 1775//3
f 1744//4 1745//4 1777//4
f 1778//3 1810//3 1779//3
f 1780//4 1911//4 1781//4
f 1782//4 1831//4 1784//4
f 1785//4 1936//4 1787//4
f 1788//4 1882//4 1790//4
f 1791//3 1909//3 1792//3
f 1793//3 1819//3 1794//3
f 1763//4 1764//4 1796//4
f 1797//4 1852//4 1799//4
f 1789//4 1790//4 1801//4
f 1802//3 1812//3 1804//3
f 1774//3 1775//3 1806//3
f 1783//4 1784//4 1808//4
f 1809//3 1840//3 1810//3
f 1811//3 1854//3 1812//3
f 1813//4 1917//4 1815//4
f 1816//4 1822//4 1817//4
f 1818//3 1899//3 1819//3
f 1814//4 1815//4 1821//4
f 1776//4 1777//4 1822//4
f 1798//4 1799//4 1824//4
f 1825//8 1941//8 1827//7
f 1805//3 1806//3 1829//3
f 1830//4 1842//4 1831//4
f 1786//4 1787//4 1833//4
f 1820//4 1821//4 1835//4
f 1836//3 1865//3 1838//3
f 1839//3 1942//3 1840//3
f 1841//4 1903//4 1842//4
f 1832//4 1833//4 1844//4
f 1845//3 1934//3 1847//3
f 1848//6 1943//6 1850//5
f 1851//4 1867//4 1852//4
f 1853//3 1872//3 1854//3
f 1843//4 1844//4 1856//4
f 1857//3 1910//3 1859//3
f 1846//3 1847//3 1861//3
f 1862//4 1868//4 1864//4
f 1753//3 1754//3 1865//3
f 1866//4 1921//4 1867//4
f 1795//4 1796//4 1868//4
f 1869//3 1897//3 1871//3
f 1858//3 1859//3 1872//3
f 1873//4 1881//4 1875//4
f 1876//4 1928//4 1878//4
f 1837//3 1838//3 1880//3
f 1747//4 1748//4 1881//4
f 1834//4 1835//4 1882//4
f 1863//4 1864//4 1884//4
f 1860//3 1861//3 1886//3
f 1887//3 1908//3 1889//3
f 1890//4 1900//4 1892//4
f 1893//3 1907//3 1895//3
f 1896//3 1931//3 1897//3
f 1898//3 1938//3 1899//3
f 1823//4 1824//4 1900//4
f 1874//4 1875//4 1902//4
f 1855//4 1856//4 1903//4
f 1904//3 1935//3 1906//3
f 1885//3 1886//3 1907//3
f 1803//3 1804//3 1908//3
f 1879//3 1880//3 1909//3
f 1870//3 1871//3 1910//3
f 1883//4 1884//4 1911//4
f 1912//3 1925//3 1914//3
f 1891//4 1892//4 1916//4
f 1877//4 1878//4 1917//4
f 1750//3 1751//3 1919//3
f 1888//3 1889//3 1920//3
f 1901//4 1902//4 1921//4
f 1905//3 1906//3 1922//3
f 1923//4 1929//4 1924//4
f 1766//3 1767//3 1925//3
f 1769//4 1770//4 1926//4
f 1927//4 1944//4 1928//4
f 1807//4 1808//4 1929//4
f 1930//3 1937//3 1931//3
f 1915//4 1916//4 1933//4
f 1918//3 1919//3 1934//3
f 1894//3 1895//3 1935//3
f 1800//4 1801//4 1936//4
f 1772//3 1773//3 1937//3
f 1913//3 1914//3 1938//3
f 2788//4 2790//4 3366//4 3364//4
f 2723//4 2816//4 3392//4 3299//4
f 2816//4 2815//4 3391//4 3392//4
f 2390//4 2392//4 3256//4 3254//4
f 2022//3 2024//3 3184//3 3182//3
f 2815//4 2813//4 3389//4 3391//4
f 1952//3 1954//3 3114//3 3112//3
f 2786//4 2788//4 3364//4 3362//4
f 2813//4 2811//4 3387//4 3389//4
f 2811//4 2809//4 3385//4 3387//4
f 2388//4 2390//4 3254//4 3252//4
f 2020//3 2022//3 3182//3 3180//3
f 2809//4 2807//3 3383//4 3385//4
f 1950//3 1952//3 3112//3 3110//3
f 2784//4 2786//4 3362//4 3360//4
f 2807//3 2805//3 3381//3 3383//4
f 2805//3 2803//3 3379//3 3381//3
f 2386//4 2388//4 3252//4 3250//4
f 2018//3 2020//3 3180//3 3178//3
f 2803//3 2801//3 3377//3 3379//3
f 1948//3 1950//3 3110//3 3108//3
f 2782//4 2784//4 3360//4 3358//4
f 2801//3 2799//3 3375//3 3377//3
f 2799//3 2797//3 3373//3 3375//3
f 2384//4 2386//4 3250//4 3248//4
f 2016//3 2018//3 3178//3 3176//3
f 2797//3 2795//3 3371//3 3373//3
f 1945//3 1948//3 3108//3 3105//3
f 2780//4 2782//4 3358//4 3356//4
f 2795//3 2793//3 3369//3 3371//3
f 1947//62 1946//63 3106//63 3107//62
f 2793//3 2791//3 3367//3 3369//3
f 2382//4 2384//4 3248//4 3246//4
f 2014//3 2016//3 3176//3 3174//3
f 2791//3 2789//3 3365//3 3367//3
f 1946//63 1945//3 3105//3 3106//63
f 2778//4 2780//4 3356//4 3354//4
f 2789//3 2787//3 3363//3 3365//3
f 2787//3 2785//3 3361//3 3363//3
f 2380//4 2382//4 3246//4 3244//4
f 2012//3 2014//3 3174//3 3172//3
f 2785//3 2783//3 3359//3 3361//3
f 2776//4 2778//4 3354//4 3352//4
f 2783//3 2781//3 3357//3 3359//3
f 2781//3 2779//3 3355//3 3357//3
f 2378//4 2380//4 3244//4 3242//4
f 2010//3 2012//3 3172//3 3170//3
f 2040//9 2042//9 2041//9
f 2043//9 2044//9 2042//9
f 2045//9 2046//9 2044//9
f 2047//9 2048//9 2046//9
f 2049//9 2050//9 2048//9
f 2051//9 2052//9 2050//9
f 2053//9 2054//9 2052//9
f 2055//9 2056//9 2054//9
f 2057//9 2058//9 2056//9
f 2059//9 2060//9 2058//9
f 2061//9 2062//9 2060//9
f 2063//9 2064//9 2062//9
f 2065//9 2066//9 2064//9
f 2067//9 2068//9 2066//9
f 2069//9 2070//9 2068//9
f 2071//9 2072//9 2070//9
f 2073//9 2074//9 2072//9
f 2075//9 2076//9 2074//9
f 2077//9 2078//9 2076//9
f 2079//9 2080//9 2078//9
f 2081//9 2082//9 2080//9
f 2083//9 2084//9 2082//9
f 2085//9 2086//9 2084//9
f 2087//9 2088//9 2086//9
f 2089//9 2090//9 2088//9
f 2091//9 2092//9 2090//9
f 2093//9 2094//9 2092//9
f 2095//9 2096//9 2094//9
f 2097//9 2098//9 2096//9
f 2099//9 2100//9 2098//9
f 2101//9 2102//9 2100//9
f 2103//9 2104//9 2102//9
f 2105//9 2106//9 2104//9
f 2107//9 2108//9 2106//9
f 2109//9 2110//9 2108//9
f 2111//9 2112//9 2110//9
f 2113//9 2114//9 2112//9
f 2115//9 2116//9 2114//9
f 2117//9 2118//9 2116//9
f 2119//9 2120//9 2118//9
f 2121//9 2122//9 2120//9
f 2123//9 2124//9 2122//9
f 2125//9 2126//9 2124//9
f 2127//9 2128//9 2126//9
f 2129//9 2130//9 2128//9
f 2131//9 2132//9 2130//9
f 2133//9 2134//9 2132//9
f 2135//4 2137//4 2136//4
f 2138//4 2140//4 2139//4
f 2141//3 2143//3 2142//3
f 2144//3 2146//3 2145//3
f 2147//3 2148//3 2141//3
f 2149//3 2150//3 2144//3
f 2151//3 2153//3 2152//3
f 2154//4 2156//4 2155//4
f 2157//3 2159//3 2158//3
f 2160//4 2162//4 2161//4
f 2163//3 2165//3 2164//3
f 2152//3 2167//3 2166//3
f 2136//4 2169//4 2168//4
f 2170//3 2171//3 2157//3
f 2172//4 2173//4 2160//4
f 2174//4 2176//4 2175//4
f 2177//4 2179//4 2178//4
f 2180//4 2182//4 2181//4
f 2183//3 2184//3 2163//3
f 2185//3 2186//3 2149//3
f 2155//4 2188//4 2187//4
f 2189//4 2191//4 2190//4
f 2181//4 2193//4 2192//4
f 2194//3 2196//3 2195//3
f 2166//3 2198//3 2197//3
f 2175//4 2200//4 2199//4
f 2201//3 2202//3 2170//3
f 2203//3 2204//3 2194//3
f 2205//4 2207//4 2206//4
f 2208//4 2209//4 2154//4
f 2210//3 2211//3 2185//3
f 2206//4 2213//4 2212//4
f 2168//4 2214//4 2208//4
f 2190//4 2216//4 2215//4
f 2217//13 2219//13 2218//13
f 2197//3 2221//3 2220//3
f 2222//4 2223//4 2174//4
f 2178//4 2225//4 2224//4
f 2212//4 2227//4 2226//4
f 2228//3 2230//3 2229//3
f 2231//3 2232//3 2201//3
f 2233//4 2234//4 2222//4
f 2224//4 2236//4 2235//4
f 2237//3 2239//3 2238//3
f 2240//64 2242//11 2241//11
f 2243//4 2244//4 2189//4
f 2245//3 2246//3 2203//3
f 2235//4 2248//4 2247//4
f 2249//3 2251//3 2250//3
f 2238//3 2253//3 2252//3
f 2254//4 2256//4 2255//4
f 2145//3 2257//3 2228//3
f 2258//4 2259//4 2243//4
f 2187//4 2260//4 2254//4
f 2261//3 2263//3 2262//3
f 2250//3 2264//3 2245//3
f 2265//4 2267//4 2266//4
f 2268//4 2270//4 2269//4
f 2229//3 2272//3 2271//3
f 2139//4 2273//4 2265//4
f 2226//4 2274//4 2180//4
f 2255//4 2276//4 2275//4
f 2252//3 2278//3 2277//3
f 2279//3 2281//3 2280//3
f 2282//4 2284//4 2283//4
f 2285//3 2287//3 2286//3
f 2288//3 2289//3 2261//3
f 2290//3 2291//3 2210//3
f 2215//4 2292//4 2282//4
f 2266//4 2294//4 2293//4
f 2247//4 2295//4 2233//4
f 2296//3 2298//3 2297//3
f 2277//3 2299//3 2285//3
f 2195//3 2300//3 2279//3
f 2271//3 2301//3 2183//3
f 2262//3 2302//3 2249//3
f 2275//4 2303//4 2172//4
f 2304//3 2306//3 2305//3
f 2283//4 2308//4 2307//4
f 2269//4 2309//4 2205//4
f 2142//3 2311//3 2310//3
f 2280//3 2312//3 2147//3
f 2293//4 2313//4 2258//4
f 2297//3 2314//3 2151//3
f 2315//4 2316//4 2135//4
f 2158//3 2317//3 2304//3
f 2161//4 2318//4 2138//4
f 2319//4 2320//4 2268//4
f 2199//4 2321//4 2315//4
f 2322//3 2323//3 2288//3
f 2307//4 2325//4 2324//4
f 2310//3 2326//3 2237//3
f 2286//3 2327//3 2296//3
f 2192//4 2328//4 2177//4
f 2164//3 2329//3 2322//3
f 2305//3 2330//3 2290//3
f 2779//3 2777//3 3353//3 3355//3
f 2774//4 2776//4 3352//4 3350//4
f 2777//3 2775//3 3351//3 3353//3
f 2775//3 2773//3 3349//3 3351//3
f 2376//4 2378//4 3242//4 3240//4
f 2008//3 2010//3 3170//3 3168//3
f 2331//65 2039//4 3199//4 3200//65
f 2773//3 2771//3 3347//3 3349//3
f 2038//66 2331//65 3200//65 3198//66
f 2772//4 2774//4 3350//4 3348//4
f 2771//3 2769//3 3345//3 3347//3
f 2039//4 2037//4 3197//4 3199//4
f 2769//3 2767//3 3343//3 3345//3
f 2374//4 2376//4 3240//4 3238//4
f 2006//3 2008//3 3168//3 3166//3
f 2037//4 2035//4 3195//4 3197//4
f 2767//3 2765//3 3341//3 3343//3
f 2035//4 2033//4 3193//4 3195//4
f 2770//4 2772//4 3348//4 3346//4
f 2765//3 2763//3 3339//3 3341//3
f 2033//4 2031//4 3191//4 3193//4
f 2763//3 2761//3 3337//3 3339//3
f 2372//4 2374//4 3238//4 3236//3
f 2004//3 2006//3 3166//3 3164//3
f 2031//4 2029//4 3189//4 3191//4
f 2761//3 2759//3 3335//4 3337//3
f 2029//4 2027//4 3187//4 3189//4
f 2768//4 2770//4 3346//4 3344//4
f 2759//3 2757//4 3333//4 3335//4
f 2027//4 2025//4 3185//4 3187//4
f 2757//4 2755//4 3331//4 3333//4
f 2370//3 2372//4 3236//3 3234//3
f 2002//3 2004//3 3164//3 3162//3
f 2025//4 2023//4 3183//4 3185//4
f 2755//4 2753//4 3329//4 3331//4
f 2023//4 2021//4 3181//4 3183//4
f 2766//4 2768//4 3344//4 3342//4
f 2753//4 2751//4 3327//4 3329//4
f 2021//4 2019//4 3179//4 3181//4
f 2751//4 2749//4 3325//4 3327//4
f 2368//3 2370//3 3234//3 3232//3
f 2000//3 2002//3 3162//3 3160//3
f 2019//4 2017//4 3177//4 3179//4
f 2749//4 2747//4 3323//4 3325//4
f 2017//4 2015//4 3175//4 3177//4
f 2764//4 2766//4 3342//4 3340//4
f 2747//4 2745//4 3321//4 3323//4
f 2040//9 2043//9 2042//9
f 2043//9 2045//9 2044//9
f 2045//9 2047//9 2046//9
f 2047//9 2049//9 2048//9
f 2049//9 2051//9 2050//9
f 2051//9 2053//9 2052//9
f 2053//9 2055//9 2054//9
f 2055//9 2057//9 2056//9
f 2057//9 2059//9 2058//9
f 2059//9 2061//9 2060//9
f 2061//9 2063//9 2062//9
f 2063//9 2065//9 2064//9
f 2065//9 2067//9 2066//9
f 2067//9 2069//9 2068//9
f 2069//9 2071//9 2070//9
f 2071//9 2073//9 2072//9
f 2073//9 2075//9 2074//9
f 2075//9 2077//9 2076//9
f 2077//9 2079//9 2078//9
f 2079//9 2081//9 2080//9
f 2081//9 2083//9 2082//9
f 2083//9 2085//9 2084//9
f 2085//9 2087//9 2086//9
f 2087//9 2089//9 2088//9
f 2089//9 2091//9 2090//9
f 2091//9 2093//9 2092//9
f 2093//9 2095//9 2094//9
f 2095//9 2097//9 2096//9
f 2097//9 2099//9 2098//9
f 2099//9 2101//9 2100//9
f 2101//9 2103//9 2102//9
f 2103//9 2105//9 2104//9
f 2105//9 2107//9 2106//9
f 2107//9 2109//9 2108//9
f 2109//9 2111//9 2110//9
f 2111//9 2113//9 2112//9
f 2113//9 2115//9 2114//9
f 2115//9 2117//9 2116//9
f 2117//9 2119//9 2118//9
f 2119//9 2121//9 2120//9
f 2121//9 2123//9 2122//9
f 2123//9 2125//9 2124//9
f 2125//9 2127//9 2126//9
f 2127//9 2129//9 2128//9
f 2129//9 2131//9 2130//9
f 2131//9 2133//9 2132//9
f 2133//9 2332//9 2134//9
f 2135//4 2316//4 2137//4
f 2138//4 2318//4 2140//4
f 2141//3 2148//3 2143//3
f 2144//3 2150//3 2146//3
f 2147//3 2312//3 2148//3
f 2149//3 2186//3 2150//3
f 2151//3 2314//3 2153//3
f 2154//4 2209//4 2156//4
f 2157//3 2171//3 2159//3
f 2160//4 2173//4 2162//4
f 2163//3 2184//3 2165//3
f 2152//3 2153//3 2167//3
f 2136//4 2137//4 2169//4
f 2170//3 2202//3 2171//3
f 2172//4 2303//4 2173//4
f 2174//4 2223//4 2176//4
f 2177//4 2328//4 2179//4
f 2180//4 2274//4 2182//4
f 2183//3 2301//3 2184//3
f 2185//3 2211//3 2186//3
f 2155//4 2156//4 2188//4
f 2189//4 2244//4 2191//4
f 2181//4 2182//4 2193//4
f 2194//3 2204//3 2196//3
f 2166//3 2167//3 2198//3
f 2175//4 2176//4 2200//4
f 2201//3 2232//3 2202//3
f 2203//3 2246//3 2204//3
f 2205//4 2309//4 2207//4
f 2208//4 2214//4 2209//4
f 2210//3 2291//3 2211//3
f 2206//4 2207//4 2213//4
f 2168//4 2169//4 2214//4
f 2190//4 2191//4 2216//4
f 2217//13 2333//13 2219//13
f 2197//3 2198//3 2221//3
f 2222//4 2234//4 2223//4
f 2178//4 2179//4 2225//4
f 2212//4 2213//4 2227//4
f 2228//3 2257//3 2230//3
f 2231//3 2334//3 2232//3
f 2233//4 2295//4 2234//4
f 2224//4 2225//4 2236//4
f 2237//3 2326//3 2239//3
f 2240//64 2335//64 2242//11
f 2243//4 2259//4 2244//4
f 2245//3 2264//3 2246//3
f 2235//4 2236//4 2248//4
f 2249//3 2302//3 2251//3
f 2238//3 2239//3 2253//3
f 2254//4 2260//4 2256//4
f 2145//3 2146//3 2257//3
f 2258//4 2313//4 2259//4
f 2187//4 2188//4 2260//4
f 2261//3 2289//3 2263//3
f 2250//3 2251//3 2264//3
f 2265//4 2273//4 2267//4
f 2268//4 2320//4 2270//4
f 2229//3 2230//3 2272//3
f 2139//4 2140//4 2273//4
f 2226//4 2227//4 2274//4
f 2255//4 2256//4 2276//4
f 2252//3 2253//3 2278//3
f 2279//3 2300//3 2281//3
f 2282//4 2292//4 2284//4
f 2285//3 2299//3 2287//3
f 2288//3 2323//3 2289//3
f 2290//3 2330//3 2291//3
f 2215//4 2216//4 2292//4
f 2266//4 2267//4 2294//4
f 2247//4 2248//4 2295//4
f 2296//3 2327//3 2298//3
f 2277//3 2278//3 2299//3
f 2195//3 2196//3 2300//3
f 2271//3 2272//3 2301//3
f 2262//3 2263//3 2302//3
f 2275//4 2276//4 2303//4
f 2304//3 2317//3 2306//3
f 2283//4 2284//4 2308//4
f 2269//4 2270//4 2309//4
f 2142//3 2143//3 2311//3
f 2280//3 2281//3 2312//3
f 2293//4 2294//4 2313//4
f 2297//3 2298//3 2314//3
f 2315//4 2321//4 2316//4
f 2158//3 2159//3 2317//3
f 2161//4 2162//4 2318//4
f 2319//4 2336//4 2320//4
f 2199//4 2200//4 2321//4
f 2322//3 2329//3 2323//3
f 2307//4 2308//4 2325//4
f 2310//3 2311//3 2326//3
f 2286//3 2287//3 2327//3
f 2192//4 2193//4 2328//4
f 2164//3 2165//3 2329//3
f 2305//3 2306//3 2330//3
f 2015//4 2013//4 3173//4 3175//4
f 2745//4 2743//4 3319//4 3321//4
f 2366//3 2368//3 3232//3 3230//3
f 2013//4 2011//4 3171//4 3173//4
f 1998//3 2000//3 3160//3 3158//3
f 2743//4 2741//4 3317//4 3319//4
f 2339//4 2432//4 3296//4 3203//4
f 2011//4 2009//4 3169//4 3171//4
f 2762//4 2764//4 3340//4 3338//4
f 2741//4 2739//4 3315//4 3317//4
f 2432//4 2431//4 3295//4 3296//4
f 2009//4 2007//4 3167//4 3169//4
f 2739//4 2737//4 3313//4 3315//4
f 2364//3 2366//3 3230//3 3228//3
f 2431//4 2429//4 3293//4 3295//4
f 2007//4 2005//4 3165//4 3167//4
f 1996//3 1998//3 3158//3 3156//3
f 2737//4 2735//4 3311//4 3313//4
f 2429//4 2427//4 3291//4 3293//4
f 2005//4 2003//4 3163//4 3165//4
f 2760//4 2762//4 3338//4 3336//4
f 2735//4 2733//4 3309//4 3311//4
f 2427//4 2425//4 3289//4 3291//4
f 2003//4 2001//4 3161//4 3163//4
f 2733//4 2731//4 3307//4 3309//4
f 2362//3 2364//3 3228//3 3226//3
f 2425//4 2423//3 3287//4 3289//4
f 1994//3 1996//3 3156//3 3154//3
f 2001//4 1999//4 3159//4 3161//4
f 2731//4 2729//4 3305//4 3307//4
f 2423//3 2421//3 3285//3 3287//4
f 1999//4 1997//4 3157//4 3159//4
f 2758//4 2760//4 3336//4 3334//4
f 2729//4 2727//4 3303//4 3305//4
f 2430//3 2338//3 3202//3 3294//3
f 2421//3 2419//3 3283//3 3285//3
f 1997//4 1995//4 3155//4 3157//4
f 2727//4 2725//4 3301//4 3303//4
f 2360//3 2362//3 3226//3 3224//3
f 2419//3 2417//3 3281//3 3283//3
f 1992//3 1994//3 3154//3 3152//3
f 1995//4 1993//4 3153//4 3155//4
f 2725//4 2723//4 3299//4 3301//4
f 2417//3 2415//3 3279//3 3281//3
f 1993//4 1991//4 3151//4 3153//4
f 2756//4 2758//4 3334//4 3332//3
f 2415//3 2413//3 3277//3 3279//3
f 2428//3 2430//3 3294//3 3292//3
f 2433//15 2435//14 2434//15
f 2436//14 2437//16 2435//14
f 2438//16 2439//17 2437//16
f 2440//17 2441//18 2439//17
f 2442//18 2443//19 2441//18
f 2444//19 2445//9 2443//19
f 2446//9 2447//20 2445//9
f 2448//20 2449//21 2447//20
f 2450//21 2451//22 2449//21
f 2452//22 2453//23 2451//22
f 2454//23 2455//24 2453//23
f 2456//24 2457//25 2455//24
f 2458//25 2459//26 2457//25
f 2460//26 2461//27 2459//26
f 2462//27 2463//28 2461//27
f 2464//28 2465//29 2463//28
f 2466//29 2467//30 2465//29
f 2468//30 2469//1 2467//30
f 2470//1 2471//31 2469//1
f 2472//31 2473//32 2471//31
f 2474//32 2475//33 2473//32
f 2476//33 2477//34 2475//33
f 2478//34 2479//35 2477//34
f 2480//35 2481//36 2479//35
f 2482//36 2483//37 2481//36
f 2484//37 2485//38 2483//37
f 2486//38 2487//39 2485//38
f 2488//39 2489//40 2487//39
f 2490//40 2491//41 2489//40
f 2492//41 2493//10 2491//41
f 2494//10 2495//42 2493//10
f 2496//42 2497//43 2495//42
f 2498//43 2499//44 2497//43
f 2500//44 2501//45 2499//44
f 2502//45 2503//46 2501//45
f 2504//46 2505//47 2503//46
f 2506//47 2507//48 2505//47
f 2508//48 2509//49 2507//48
f 2510//49 2511//50 2509//49
f 2512//50 2513//51 2511//50
f 2514//51 2515//52 2513//51
f 2516//52 2517//2 2515//52
f 2518//2 2519//53 2517//2
f 2520//53 2521//54 2519//53
f 2522//54 2523//55 2521//54
f 2524//55 2525//56 2523//55
f 2526//56 2527//57 2525//56
f 2528//57 2434//15 2527//57
f 2529//4 2531//4 2530//4
f 2532//4 2534//4 2533//4
f 2535//3 2537//3 2536//3
f 2538//3 2540//3 2539//3
f 2541//3 2542//3 2535//3
f 2543//3 2544//3 2538//3
f 2545//3 2547//3 2546//3
f 2548//4 2550//4 2549//4
f 2551//3 2553//3 2552//3
f 2554//4 2556//4 2555//4
f 2557//3 2559//3 2558//3
f 2546//3 2561//3 2560//3
f 2530//4 2563//4 2562//4
f 2564//3 2565//3 2553//3
f 2566//4 2567//4 2554//4
f 2568//4 2570//4 2569//4
f 2571//4 2573//4 2572//4
f 2574//4 2576//4 2575//4
f 2577//3 2578//3 2559//3
f 2579//3 2580//3 2543//3
f 2581//4 2549//4 2582//4
f 2583//4 2585//4 2584//4
f 2575//4 2587//4 2586//4
f 2588//3 2590//3 2589//3
f 2560//3 2592//3 2591//3
f 2569//4 2594//4 2593//4
f 2595//3 2596//3 2565//3
f 2597//3 2598//3 2590//3
f 2599//4 2601//4 2600//4
f 2602//4 2603//4 2550//4
f 2604//3 2605//3 2579//3
f 2606//4 2600//4 2607//4
f 2608//4 2563//4 2603//4
f 2584//4 2610//4 2609//4
f 2591//3 2612//3 2611//3
f 2568//4 2614//4 2613//4
f 2615//4 2573//4 2616//4
f 2606//4 2618//4 2617//4
f 2619//3 2621//3 2620//3
f 2622//3 2623//3 2596//3
f 2624//4 2625//4 2614//4
f 2626//4 2616//4 2627//4
f 2628//3 2630//3 2629//3
f 2583//4 2632//4 2631//4
f 2633//3 2634//3 2598//3
f 2635//4 2637//4 2636//4
f 2638//4 2627//4 2639//4
f 2640//3 2642//3 2641//3
f 2643//3 2630//3 2644//3
f 2645//4 2647//4 2646//4
f 2648//3 2540//3 2621//3
f 2649//4 2650//4 2632//4
f 2651//4 2582//4 2647//4
f 2652//3 2654//3 2653//3
f 2655//3 2642//3 2634//3
f 2656//4 2658//4 2657//4
f 2659//4 2661//4 2660//4
f 2662//3 2620//3 2663//3
f 2664//4 2534//4 2658//4
f 2617//4 2665//4 2574//4
f 2645//4 2667//4 2666//4
f 2668//3 2644//3 2669//3
f 2670//3 2672//3 2671//3
f 2673//4 2675//4 2674//4
f 2676//3 2678//3 2677//3
f 2679//3 2680//3 2652//3
f 2681//3 2682//3 2604//3
f 2609//4 2683//4 2673//4
f 2684//4 2657//4 2685//4
f 2686//4 2639//4 2625//4
f 2687//3 2689//3 2688//3
f 2690//3 2669//3 2678//3
f 2691//3 2589//3 2672//3
f 2692//3 2663//3 2578//3
f 2653//3 2693//3 2640//3
f 2666//4 2694//4 2566//4
f 2695//3 2697//3 2696//3
f 2674//4 2699//4 2698//4
f 2700//4 2660//4 2601//4
f 2536//3 2702//3 2701//3
f 2670//3 2703//3 2541//3
f 2704//4 2685//4 2650//4
f 2687//3 2705//3 2545//3
f 2706//4 2707//4 2529//4
f 2708//3 2552//3 2697//3
f 2611//3 2623//3 2709//3
f 2555//4 2710//4 2532//4
f 2711//4 2636//4 2661//4
f 2593//4 2712//4 2706//4
f 2713//3 2714//3 2679//3
f 2698//4 2637//4 2715//4
f 2701//3 2716//3 2628//3
f 2717//3 2677//3 2689//3
f 2586//4 2718//4 2571//4
f 2557//3 2719//3 2713//3
f 2695//3 2720//3 2681//3
f 1991//4 1989//4 3149//4 3151//4
f 2358//3 2360//3 3224//3 3222//3
f 2413//3 2411//3 3275//3 3277//3
f 1990//3 1992//3 3152//3 3150//3
f 1989//4 1987//4 3147//4 3149//4
f 2411//3 2409//3 3273//3 3275//3
f 1987//4 1985//4 3145//4 3147//4
f 2754//3 2756//4 3332//3 3330//3
f 2409//3 2407//3 3271//3 3273//3
f 2426//3 2428//3 3292//3 3290//3
f 1985//4 1983//4 3143//4 3145//4
f 2356//3 2358//3 3222//3 3220//3
f 2407//3 2405//3 3269//3 3271//3
f 1988//3 1990//3 3150//3 3148//3
f 1983//4 1981//4 3141//4 3143//4
f 2405//3 2403//3 3267//3 3269//3
f 1981//4 1979//4 3139//4 3141//4
f 2752//3 2754//3 3330//3 3328//3
f 2403//3 2401//3 3265//3 3267//3
f 2424//3 2426//3 3290//3 3288//3
f 1979//4 1977//4 3137//4 3139//4
f 2354//3 2356//3 3220//3 3218//3
f 2401//3 2399//3 3263//3 3265//3
f 1986//3 1988//3 3148//3 3146//3
f 1977//4 1975//4 3135//4 3137//4
f 2399//3 2397//3 3261//3 3263//3
f 1975//4 1973//4 3133//4 3135//4
f 2750//3 2752//3 3328//3 3326//3
f 2397//3 2395//3 3259//3 3261//3
f 2422//3 2424//3 3288//3 3286//3
f 1973//4 1971//4 3131//4 3133//4
f 2352//3 2354//3 3218//3 3216//3
f 2395//3 2393//3 3257//3 3259//3
f 1984//3 1986//3 3146//3 3144//3
f 1971//4 1969//4 3129//4 3131//4
f 2393//3 2391//3 3255//3 3257//3
f 1969//4 1967//4 3127//4 3129//4
f 2748//3 2750//3 3326//3 3324//3
f 2391//3 2389//3 3253//3 3255//3
f 2420//4 2422//3 3286//3 3284//3
f 1967//4 1965//4 3125//4 3127//4
f 2350//3 2352//3 3216//3 3214//3
f 2389//3 2387//3 3251//3 3253//3
f 1982//3 1984//3 3144//3 3142//3
f 1965//4 1963//4 3123//4 3125//4
f 2387//3 2385//3 3249//3 3251//3
f 1963//4 1961//4 3121//4 3123//4
f 2746//3 2748//3 3324//3 3322//3
f 2433//15 2436//14 2435//14
f 2436//14 2438//16 2437//16
f 2438//16 2440//17 2439//17
f 2440//17 2442//18 2441//18
f 2442//18 2444//19 2443//19
f 2444//19 2446//9 2445//9
f 2446//9 2448//20 2447//20
f 2448//20 2450//21 2449//21
f 2450//21 2452//22 2451//22
f 2452//22 2454//23 2453//23
f 2454//23 2456//24 2455//24
f 2456//24 2458//25 2457//25
f 2458//25 2460//26 2459//26
f 2460//26 2462//27 2461//27
f 2462//27 2464//28 2463//28
f 2464//28 2466//29 2465//29
f 2466//29 2468//30 2467//30
f 2468//30 2470//1 2469//1
f 2470//1 2472//31 2471//31
f 2472//31 2474//32 2473//32
f 2474//32 2476//33 2475//33
f 2476//33 2478//34 2477//34
f 2478//34 2480//35 2479//35
f 2480//35 2482//36 2481//36
f 2482//36 2484//37 2483//37
f 2484//37 2486//38 2485//38
f 2486//38 2488//39 2487//39
f 2488//39 2490//40 2489//40
f 2490//40 2492//41 2491//41
f 2492//41 2494//10 2493//10
f 2494//10 2496//42 2495//42
f 2496//42 2498//43 2497//43
f 2498//43 2500//44 2499//44
f 2500//44 2502//45 2501//45
f 2502//45 2504//46 2503//46
f 2504//46 2506//47 2505//47
f 2506//47 2508//48 2507//48
f 2508//48 2510//49 2509//49
f 2510//49 2512//50 2511//50
f 2512//50 2514//51 2513//51
f 2514//51 2516//52 2515//52
f 2516//52 2518//2 2517//2
f 2518//2 2520//53 2519//53
f 2520//53 2522//54 2521//54
f 2522//54 2524//55 2523//55
f 2524//55 2526//56 2525//56
f 2526//56 2528//57 2527//57
f 2528//57 2433//15 2434//15
f 2529//4 2707//4 2531//4
f 2532//4 2710//4 2534//4
f 2535//3 2542//3 2537//3
f 2538//3 2544//3 2540//3
f 2541//3 2703//3 2542//3
f 2543//3 2580//3 2544//3
f 2545//3 2705//3 2547//3
f 2548//4 2602//4 2550//4
f 2551//3 2564//3 2553//3
f 2554//4 2567//4 2556//4
f 2557//3 2577//3 2559//3
f 2546//3 2547//3 2561//3
f 2530//4 2531//4 2563//4
f 2564//3 2595//3 2565//3
f 2566//4 2694//4 2567//4
f 2568//4 2613//4 2570//4
f 2571//4 2718//4 2573//4
f 2574//4 2665//4 2576//4
f 2577//3 2692//3 2578//3
f 2579//3 2605//3 2580//3
f 2581//4 2548//4 2549//4
f 2583//4 2631//4 2585//4
f 2575//4 2576//4 2587//4
f 2588//3 2597//3 2590//3
f 2560//3 2561//3 2592//3
f 2569//4 2570//4 2594//4
f 2595//3 2622//3 2596//3
f 2597//3 2633//3 2598//3
f 2599//4 2700//4 2601//4
f 2602//4 2608//4 2603//4
f 2604//3 2682//3 2605//3
f 2606//4 2599//4 2600//4
f 2608//4 2562//4 2563//4
f 2584//4 2585//4 2610//4
f 2591//3 2592//3 2612//3
f 2568//4 2624//4 2614//4
f 2615//4 2572//4 2573//4
f 2606//4 2607//4 2618//4
f 2619//3 2648//3 2621//3
f 2622//3 2709//3 2623//3
f 2624//4 2686//4 2625//4
f 2626//4 2615//4 2616//4
f 2628//3 2716//3 2630//3
f 2583//4 2649//4 2632//4
f 2633//3 2655//3 2634//3
f 2635//4 2715//4 2637//4
f 2638//4 2626//4 2627//4
f 2640//3 2693//3 2642//3
f 2643//3 2629//3 2630//3
f 2645//4 2651//4 2647//4
f 2648//3 2539//3 2540//3
f 2649//4 2704//4 2650//4
f 2651//4 2581//4 2582//4
f 2652//3 2680//3 2654//3
f 2655//3 2641//3 2642//3
f 2656//4 2664//4 2658//4
f 2659//4 2711//4 2661//4
f 2662//3 2619//3 2620//3
f 2664//4 2533//4 2534//4
f 2617//4 2618//4 2665//4
f 2645//4 2646//4 2667//4
f 2668//3 2643//3 2644//3
f 2670//3 2691//3 2672//3
f 2673//4 2683//4 2675//4
f 2676//3 2690//3 2678//3
f 2679//3 2714//3 2680//3
f 2681//3 2720//3 2682//3
f 2609//4 2610//4 2683//4
f 2684//4 2656//4 2657//4
f 2686//4 2638//4 2639//4
f 2687//3 2717//3 2689//3
f 2690//3 2668//3 2669//3
f 2691//3 2588//3 2589//3
f 2692//3 2662//3 2663//3
f 2653//3 2654//3 2693//3
f 2666//4 2667//4 2694//4
f 2695//3 2708//3 2697//3
f 2674//4 2675//4 2699//4
f 2700//4 2659//4 2660//4
f 2536//3 2537//3 2702//3
f 2670//3 2671//3 2703//3
f 2704//4 2684//4 2685//4
f 2687//3 2688//3 2705//3
f 2706//4 2712//4 2707//4
f 2708//3 2551//3 2552//3
f 2611//3 2612//3 2623//3
f 2555//4 2556//4 2710//4
f 2711//4 2635//4 2636//4
f 2593//4 2594//4 2712//4
f 2713//3 2719//3 2714//3
f 2698//4 2699//4 2637//4
f 2701//3 2702//3 2716//3
f 2717//3 2676//3 2677//3
f 2586//4 2587//4 2718//4
f 2557//3 2558//3 2719//3
f 2695//3 2696//3 2720//3
f 2385//3 2383//3 3247//3 3249//3
f 2418//4 2420//4 3284//3 3282//4
f 1961//4 1959//4 3119//4 3121//4
f 2348//3 2350//3 3214//3 3212//3
f 2383//3 2381//3 3245//3 3247//3
f 1980//3 1982//3 3142//3 3140//3
f 1959//4 1957//4 3117//4 3119//4
f 2814//3 2722//3 3298//3 3390//3
f 2381//3 2379//3 3243//3 3245//3
f 1957//4 1955//4 3115//4 3117//4
f 2744//3 2746//3 3322//3 3320//3
f 2379//3 2377//3 3241//3 3243//3
f 2416//4 2418//4 3282//4 3280//4
f 1955//4 1953//4 3113//4 3115//4
f 2346//3 2348//3 3212//3 3210//3
f 2377//3 2375//3 3239//4 3241//3
f 1978//3 1980//3 3140//3 3138//3
f 1953//4 1951//4 3111//4 3113//4
f 2812//3 2814//3 3390//3 3388//3
f 2375//3 2373//4 3237//4 3239//4
f 1951//4 1949//4 3109//4 3111//4
f 2742//3 2744//3 3320//3 3318//3
f 2414//4 2416//4 3280//4 3278//4
f 2373//4 2371//4 3235//4 3237//4
f 1949//4 1947//62 3107//62 3109//4
f 2344//3 2346//3 3210//3 3208//3
f 2371//4 2369//4 3233//4 3235//4
f 1976//3 1978//3 3138//3 3136//3
f 2810//3 2812//3 3388//3 3386//3
f 2369//4 2367//4 3231//4 3233//4
f 2740//3 2742//3 3318//3 3316//3
f 2412//4 2414//4 3278//4 3276//4
f 2367//4 2365//4 3229//4 3231//4
f 2342//3 2344//3 3208//3 3206//3
f 2365//4 2363//4 3227//4 3229//4
f 1974//3 1976//3 3136//3 3134//3
f 2808//3 2810//3 3386//3 3384//3
f 2363//4 2361//4 3225//4 3227//4
f 2738//3 2740//3 3316//3 3314//3
f 2410//4 2412//4 3276//4 3274//4
f 2361//4 2359//4 3223//4 3225//4
f 2340//3 2342//3 3206//3 3204//3
f 2359//4 2357//4 3221//4 3223//4
f 1972//3 1974//3 3134//3 3132//3
f 2806//3 2808//3 3384//3 3382//3
f 2357//4 2355//4 3219//4 3221//4
f 2736//3 2738//3 3314//3 3312//3
f 2408//4 2410//4 3274//4 3272//4
f 2817//15 2819//14 2818//15
f 2820//14 2821//16 2819//14
f 2822//16 2823//17 2821//16
f 2824//17 2825//18 2823//17
f 2826//18 2827//19 2825//18
f 2828//19 2829//9 2827//19
f 2830//9 2831//20 2829//9
f 2832//20 2833//21 2831//20
f 2834//21 2835//22 2833//21
f 2836//22 2837//23 2835//22
f 2838//23 2839//24 2837//23
f 2840//24 2841//25 2839//24
f 2842//25 2843//26 2841//25
f 2844//26 2845//27 2843//26
f 2846//27 2847//28 2845//27
f 2848//28 2849//29 2847//28
f 2850//29 2851//30 2849//29
f 2852//30 2853//1 2851//30
f 2854//1 2855//31 2853//1
f 2856//31 2857//32 2855//31
f 2858//32 2859//33 2857//32
f 2860//33 2861//34 2859//33
f 2862//34 2863//35 2861//34
f 2864//35 2865//36 2863//35
f 2866//36 2867//37 2865//36
f 2868//37 2869//38 2867//37
f 2870//38 2871//39 2869//38
f 2872//39 2873//40 2871//39
f 2874//40 2875//41 2873//40
f 2876//41 2877//10 2875//41
f 2878//10 2879//42 2877//10
f 2880//42 2881//43 2879//42
f 2882//43 2883//44 2881//43
f 2884//44 2885//45 2883//44
f 2886//45 2887//46 2885//45
f 2888//46 2889//47 2887//46
f 2890//47 2891//48 2889//47
f 2892//48 2893//49 2891//48
f 2894//49 2895//50 2893//49
f 2896//50 2897//51 2895//50
f 2898//51 2899//52 2897//51
f 2900//52 2901//2 2899//52
f 2902//2 2903//53 2901//2
f 2904//53 2905//54 2903//53
f 2906//54 2907//55 2905//54
f 2908//55 2909//56 2907//55
f 2910//56 2911//57 2909//56
f 2912//57 2818//15 2911//57
f 2913//4 2915//4 2914//4
f 2916//4 2918//4 2917//4
f 2919//3 2921//3 2920//3
f 2922//3 2924//3 2923//3
f 2925//3 2926//3 2919//3
f 2927//3 2928//3 2922//3
f 2929//3 2931//3 2930//3
f 2932//4 2934//4 2933//4
f 2935//3 2937//3 2936//3
f 2938//4 2940//4 2939//4
f 2941//3 2943//3 2942//3
f 2930//3 2945//3 2944//3
f 2914//4 2947//4 2946//4
f 2948//3 2949//3 2937//3
f 2950//4 2951//4 2938//4
f 2952//4 2954//4 2953//4
f 2955//4 2957//4 2956//4
f 2958//4 2960//4 2959//4
f 2961//3 2962//3 2943//3
f 2963//3 2964//3 2927//3
f 2965//4 2933//4 2966//4
f 2967//4 2969//4 2968//4
f 2959//4 2971//4 2970//4
f 2972//3 2974//3 2973//3
f 2944//3 2976//3 2975//3
f 2953//4 2978//4 2977//4
f 2979//3 2980//3 2949//3
f 2981//3 2982//3 2974//3
f 2983//4 2985//4 2984//4
f 2986//4 2987//4 2934//4
f 2988//3 2989//3 2963//3
f 2990//4 2984//4 2991//4
f 2992//4 2947//4 2987//4
f 2968//4 2994//4 2993//4
f 2975//3 2996//3 2995//3
f 2952//4 2998//4 2997//4
f 2999//4 2957//4 3000//4
f 2990//4 3002//4 3001//4
f 3003//3 3005//3 3004//3
f 3006//3 3007//3 2980//3
f 3008//4 3009//4 2998//4
f 3010//4 3000//4 3011//4
f 3012//3 3014//3 3013//3
f 2967//4 3016//4 3015//4
f 3017//3 3018//3 2982//3
f 3019//4 3021//4 3020//4
f 3022//4 3011//4 3023//4
f 3024//3 3026//3 3025//3
f 3027//3 3014//3 3028//3
f 3029//4 3031//4 3030//4
f 3032//3 2924//3 3005//3
f 3033//4 3034//4 3016//4
f 3035//4 2966//4 3031//4
f 3036//3 3038//3 3037//3
f 3039//3 3026//3 3018//3
f 3040//4 3042//4 3041//4
f 3043//4 3045//4 3044//4
f 3046//3 3004//3 3047//3
f 3048//4 2918//4 3042//4
f 3001//4 3049//4 2958//4
f 3029//4 3051//4 3050//4
f 3052//3 3028//3 3053//3
f 3054//3 3056//3 3055//3
f 3057//4 3059//4 3058//4
f 3060//3 3062//3 3061//3
f 3063//3 3064//3 3036//3
f 3065//3 3066//3 2988//3
f 2993//4 3067//4 3057//4
f 3068//4 3041//4 3069//4
f 3070//4 3023//4 3009//4
f 3071//3 3073//3 3072//3
f 3074//3 3053//3 3062//3
f 3075//3 2973//3 3056//3
f 3076//3 3047//3 2962//3
f 3037//3 3077//3 3024//3
f 3050//4 3078//4 2950//4
f 3079//3 3081//3 3080//3
f 3058//4 3083//4 3082//4
f 3084//4 3044//4 2985//4
f 2920//3 3086//3 3085//3
f 3054//3 3087//3 2925//3
f 3088//4 3069//4 3034//4
f 3071//3 3089//3 2929//3
f 3090//4 3091//4 2913//4
f 3092//3 2936//3 3081//3
f 2995//3 3007//3 3093//3
f 2939//4 3094//4 2916//4
f 3095//4 3020//4 3045//4
f 2977//4 3096//4 3090//4
f 3097//3 3098//3 3063//3
f 3082//4 3021//4 3099//4
f 3085//3 3100//3 3012//3
f 3101//3 3061//3 3073//3
f 2970//4 3102//4 2955//4
f 2941//3 3103//3 3097//3
f 3079//3 3104//3 3065//3
f 2355//4 2353//4 3217//4 3219//4
f 2337//3 2340//3 3204//3 3201//3
f 2353//4 2351//4 3215//4 3217//4
f 1970//3 1972//3 3132//3 3130//3
f 2804//4 2806//3 3382//3 3380//3
f 2351//4 2349//4 3213//4 3215//4
f 2734//3 2736//3 3312//3 3310//3
f 2406//4 2408//4 3272//4 3270//4
f 2349//4 2347//4 3211//4 3213//4
f 2338//3 2337//3 3201//3 3202//3
f 2347//4 2345//4 3209//4 3211//4
f 1968//3 1970//3 3130//3 3128//3
f 2802//4 2804//4 3380//3 3378//4
f 2345//4 2343//4 3207//4 3209//4
f 2732//3 2734//3 3310//3 3308//3
f 2404//4 2406//4 3270//4 3268//4
f 2343//4 2341//4 3205//4 3207//4
f 2036//3 2038//66 3198//66 3196//3
f 2341//4 2339//4 3203//4 3205//4
f 1966//3 1968//3 3128//3 3126//3
f 2800//4 2802//4 3378//4 3376//4
f 2730//3 2732//3 3308//3 3306//3
f 2402//4 2404//4 3268//4 3266//4
f 2034//3 2036//3 3196//3 3194//3
f 1964//3 1966//3 3126//3 3124//3
f 2798//4 2800//4 3376//4 3374//4
f 2728//3 2730//3 3306//3 3304//3
f 2400//4 2402//4 3266//4 3264//4
f 2032//3 2034//3 3194//3 3192//3
f 1962//3 1964//3 3124//3 3122//3
f 2796//4 2798//4 3374//4 3372//4
f 2726//3 2728//3 3304//3 3302//3
f 2398//4 2400//4 3264//4 3262//4
f 2030//3 2032//3 3192//3 3190//3
f 1960//3 1962//3 3122//3 3120//3
f 2794//4 2796//4 3372//4 3370//4
f 2724//3 2726//3 3302//3 3300//3
f 2396//4 2398//4 3262//4 3260//4
f 2028//3 2030//3 3190//3 3188//3
f 1958//3 1960//3 3120//3 3118//3
f 2792//4 2794//4 3370//4 3368//4
f 2721//3 2724//3 3300//3 3297//3
f 2394//4 2396//4 3260//4 3258//4
f 2026//3 2028//3 3188//3 3186//3
f 1956//3 1958//3 3118//3 3116//3
f 2790//4 2792//4 3368//4 3366//4
f 2722//3 2721//3 3297//3 3298//3
f 2392//4 2394//4 3258//4 3256//4
f 2817//15 2820//14 2819//14
f 2820//14 2822//16 2821//16
f 2822//16 2824//17 2823//17
f 2824//17 2826//18 2825//18
f 2826//18 2828//19 2827//19
f 2828//19 2830//9 2829//9
f 2830//9 2832//20 2831//20
f 2832//20 2834//21 2833//21
f 2834//21 2836//22 2835//22
f 2836//22 2838//23 2837//23
f 2838//23 2840//24 2839//24
f 2840//24 2842//25 2841//25
f 2842//25 2844//26 2843//26
f 2844//26 2846//27 2845//27
f 2846//27 2848//28 2847//28
f 2848//28 2850//29 2849//29
f 2850//29 2852//30 2851//30
f 2852//30 2854//1 2853//1
f 2854//1 2856//31 2855//31
f 2856//31 2858//32 2857//32
f 2858//32 2860//33 2859//33
f 2860//33 2862//34 2861//34
f 2862//34 2864//35 2863//35
f 2864//35 2866//36 2865//36
f 2866//36 2868//37 2867//37
f 2868//37 2870//38 2869//38
f 2870//38 2872//39 2871//39
f 2872//39 2874//40 2873//40
f 2874//40 2876//41 2875//41
f 2876//41 2878//10 2877//10
f 2878//10 2880//42 2879//42
f 2880//42 2882//43 2881//43
f 2882//43 2884//44 2883//44
f 2884//44 2886//45 2885//45
f 2886//45 2888//46 2887//46
f 2888//46 2890//47 2889//47
f 2890//47 2892//48 2891//48
f 2892//48 2894//49 2893//49
f 2894//49 2896//50 2895//50
f 2896//50 2898//51 2897//51
f 2898//51 2900//52 2899//52
f 2900//52 2902//2 2901//2
f 2902//2 2904//53 2903//53
f 2904//53 2906//54 2905//54
f 2906//54 2908//55 2907//55
f 2908//55 2910//56 2909//56
f 2910//56 2912//57 2911//57
f 2912//57 2817//15 2818//15
f 2913//4 3091//4 2915//4
f 2916//4 3094//4 2918//4
f 2919//3 2926//3 2921//3
f 2922//3 2928//3 2924//3
f 2925//3 3087//3 2926//3
f 2927//3 2964//3 2928//3
f 2929//3 3089//3 2931//3
f 2932//4 2986//4 2934//4
f 2935//3 2948//3 2937//3
f 2938//4 2951//4 2940//4
f 2941//3 2961//3 2943//3
f 2930//3 2931//3 2945//3
f 2914//4 2915//4 2947//4
f 2948//3 2979//3 2949//3
f 2950//4 3078//4 2951//4
f 2952//4 2997//4 2954//4
f 2955//4 3102//4 2957//4
f 2958//4 3049//4 2960//4
f 2961//3 3076//3 2962//3
f 2963//3 2989//3 2964//3
f 2965//4 2932//4 2933//4
f 2967//4 3015//4 2969//4
f 2959//4 2960//4 2971//4
f 2972//3 2981//3 2974//3
f 2944//3 2945//3 2976//3
f 2953//4 2954//4 2978//4
f 2979//3 3006//3 2980//3
f 2981//3 3017//3 2982//3
f 2983//4 3084//4 2985//4
f 2986//4 2992//4 2987//4
f 2988//3 3066//3 2989//3
f 2990//4 2983//4 2984//4
f 2992//4 2946//4 2947//4
f 2968//4 2969//4 2994//4
f 2975//3 2976//3 2996//3
f 2952//4 3008//4 2998//4
f 2999//4 2956//4 2957//4
f 2990//4 2991//4 3002//4
f 3003//3 3032//3 3005//3
f 3006//3 3093//3 3007//3
f 3008//4 3070//4 3009//4
f 3010//4 2999//4 3000//4
f 3012//3 3100//3 3014//3
f 2967//4 3033//4 3016//4
f 3017//3 3039//3 3018//3
f 3019//4 3099//4 3021//4
f 3022//4 3010//4 3011//4
f 3024//3 3077//3 3026//3
f 3027//3 3013//3 3014//3
f 3029//4 3035//4 3031//4
f 3032//3 2923//3 2924//3
f 3033//4 3088//4 3034//4
f 3035//4 2965//4 2966//4
f 3036//3 3064//3 3038//3
f 3039//3 3025//3 3026//3
f 3040//4 3048//4 3042//4
f 3043//4 3095//4 3045//4
f 3046//3 3003//3 3004//3
f 3048//4 2917//4 2918//4
f 3001//4 3002//4 3049//4
f 3029//4 3030//4 3051//4
f 3052//3 3027//3 3028//3
f 3054//3 3075//3 3056//3
f 3057//4 3067//4 3059//4
f 3060//3 3074//3 3062//3
f 3063//3 3098//3 3064//3
f 3065//3 3104//3 3066//3
f 2993//4 2994//4 3067//4
f 3068//4 3040//4 3041//4
f 3070//4 3022//4 3023//4
f 3071//3 3101//3 3073//3
f 3074//3 3052//3 3053//3
f 3075//3 2972//3 2973//3
f 3076//3 3046//3 3047//3
f 3037//3 3038//3 3077//3
f 3050//4 3051//4 3078//4
f 3079//3 3092//3 3081//3
f 3058//4 3059//4 3083//4
f 3084//4 3043//4 3044//4
f 2920//3 2921//3 3086//3
f 3054//3 3055//3 3087//3
f 3088//4 3068//4 3069//4
f 3071//3 3072//3 3089//3
f 3090//4 3096//4 3091//4
f 3092//3 2935//3 2936//3
f 2995//3 2996//3 3007//3
f 2939//4 2940//4 3094//4
f 3095//4 3019//4 3020//4
f 2977//4 2978//4 3096//4
f 3097//3 3103//3 3098//3
f 3082//4 3083//4 3021//4
f 3085//3 3086//3 3100//3
f 3101//3 3060//3 3061//3
f 2970//4 2971//4 3102//4
f 2941//3 2942//3 3103//3
f 3079//3 3080//3 3104//3
f 1385//15 1528//15 3081//15 2936//15
f 410//15 412//15 1964//15 1962//15
f 838//15 840//15 2392//15 2390//15
f 1541//15 1444//15 2995//15 3093//15
f 412//15 414//15 1966//15 1964//15
f 1106//15 1133//15 2685//15 2657//15
f 840//15 842//15 2394//15 2392//15
f 1364//15 1388//15 2939//15 2916//15
f 414//15 416//15 1968//15 1966//15
f 1087//15 1073//15 2625//15 2639//15
f 842//15 844//15 2396//15 2394//15
f 1469//15 1492//15 3045//15 3020//15
f 416//15 418//15 1970//15 1968//15
f 1136//15 1137//15 2688//15 2689//15
f 844//15 846//15 2398//15 2396//15
f 1538//15 1426//15 2977//15 3090//15
f 418//15 420//15 1972//15 1970//15
f 1117//15 1125//15 2678//15 2669//15
f 846//15 848//15 2400//15 2398//15
f 1511//15 1545//15 3097//15 3063//15
f 420//15 422//15 1974//15 1972//15
f 1038//15 1119//15 2672//15 2589//15
f 848//15 850//15 2402//15 2400//15
f 1547//15 1531//15 3082//15 3099//15
f 422//15 424//15 1976//15 1974//15
f 1111//15 1026//15 2578//15 2663//15
f 850//15 852//15 2404//15 2402//15
f 1460//15 1534//15 3085//15 3012//15
f 1088//15 1102//15 2653//15 2640//15
f 424//15 426//15 1978//15 1976//15
f 852//15 854//15 2406//15 2404//15
f 1014//15 1115//15 2666//15 2566//15
f 1510//15 1520//15 3073//15 3061//15
f 426//15 428//15 1980//15 1978//15
f 854//15 856//15 2408//15 2406//15
f 1403//15 1419//15 2970//15 2955//15
f 3//15 1//15 1553//15 1554//15
f 428//15 430//15 1982//15 1980//15
f 1144//15 1145//15 2696//15 2697//15
f 1545//15 1389//15 2941//15 3097//15
f 1147//15 1123//15 2674//15 2698//15
f 2//15 3//15 1554//15 1555//15
f 1//15 4//15 1556//15 1553//15
f 430//15 432//15 1984//15 1982//15
f 1513//15 1527//15 3079//15 3065//15
f 4//15 6//15 1558//15 1556//15
f 432//15 434//15 1986//15 1984//15
f 1109//15 1048//15 2601//15 2660//15
f 1173//15 1170//15 2723//15 2725//15
f 1150//15 985//15 2536//15 2701//15
f 1175//15 1173//15 2725//15 2727//15
f 1177//15 1175//15 2727//15 2729//15
f 6//15 8//15 1560//15 1558//15
f 434//15 436//15 1988//15 1986//15
f 1179//15 1177//15 2729//15 2731//15
f 989//15 1118//15 2670//15 2541//15
f 1181//15 1179//15 2731//15 2733//15
f 1183//15 1181//15 2733//15 2735//15
f 8//15 10//15 1562//15 1560//15
f 436//15 438//15 1990//15 1988//15
f 1185//15 1183//15 2735//15 2737//15
f 1187//15 1185//15 2737//15 2739//15
f 1189//15 1187//15 2739//15 2741//15
f 10//15 12//15 1564//15 1562//15
f 438//15 440//15 1992//15 1990//15
f 1133//15 1098//15 2650//15 2685//15
f 1191//15 1189//15 2741//15 2743//15
f 993//15 1135//15 2687//15 2545//15
f 1193//15 1191//15 2743//15 2745//15
f 1195//15 1193//15 2745//15 2747//15
f 12//15 14//15 1566//15 1564//15
f 440//15 442//15 1994//15 1992//15
f 1197//15 1195//15 2747//15 2749//15
f 977//15 1154//15 2706//15 2529//15
f 1199//15 1197//15 2749//15 2751//15
f 1201//15 1199//15 2751//15 2753//15
f 14//15 16//15 1568//15 1566//15
f 442//15 444//15 1996//15 1994//15
f 1203//15 1201//15 2753//15 2755//15
f 1205//15 1203//15 2755//15 2757//15
f 1207//15 1205//15 2757//15 2759//15
f 16//15 18//15 1570//15 1568//15
f 444//15 446//15 1998//15 1996//15
f 1001//15 1144//15 2697//15 2552//15
f 1209//15 1207//15 2759//15 2761//15
f 1157//15 1060//15 2611//15 2709//15
f 1211//15 1209//15 2761//15 2763//15
f 1213//15 1211//15 2763//15 2765//15
f 18//15 20//15 1572//15 1570//15
f 446//15 448//15 2000//15 1998//15
f 1215//15 1213//15 2765//15 2767//15
f 980//15 1004//15 2555//15 2532//15
f 1217//15 1215//15 2767//15 2769//15
f 1219//15 1217//15 2769//15 2771//15
f 20//15 22//15 1574//15 1572//15
f 448//15 450//15 2002//15 2000//15
f 1221//15 1219//15 2771//15 2773//15
f 1223//15 1221//15 2773//15 2775//15
f 1225//15 1223//15 2775//15 2777//15
f 22//15 24//15 1576//15 1574//15
f 450//15 452//15 2004//15 2002//15
f 1085//15 1108//15 2661//15 2636//15
f 1227//15 1225//15 2777//15 2779//15
f 1154//15 1042//15 2593//15 2706//15
f 1229//15 1227//15 2779//15 2781//15
f 1231//15 1229//15 2781//15 2783//15
f 24//15 26//15 1578//15 1576//15
f 452//15 454//15 2006//15 2004//15
f 1233//15 1231//15 2783//15 2785//15
f 1127//15 1161//15 2713//15 2679//15
f 1235//15 1233//15 2785//15 2787//15
f 1237//15 1235//15 2787//15 2789//15
f 26//15 28//15 1580//15 1578//15
f 454//15 456//15 2008//15 2006//15
f 1239//15 1237//15 2789//15 2791//15
f 1163//15 1147//15 2698//15 2715//15
f 1241//15 1239//15 2791//15 2793//15
f 1243//15 1241//15 2793//15 2795//15
f 28//15 30//15 1582//15 1580//15
f 456//15 458//15 2010//15 2008//15
f 1245//15 1243//15 2795//15 2797//15
f 1076//15 1150//15 2701//15 2628//15
f 1247//15 1245//15 2797//15 2799//15
f 1249//15 1247//15 2799//15 2801//15
f 30//15 32//15 1584//15 1582//15
f 458//15 460//15 2012//15 2010//15
f 1251//15 1249//15 2801//15 2803//15
f 1253//15 1251//15 2803//15 2805//15
f 1255//15 1253//15 2805//15 2807//15
f 32//15 34//15 1586//15 1584//15
f 460//15 462//15 2014//15 2012//15
f 1126//15 1136//15 2689//15 2677//15
f 1257//15 1255//15 2807//15 2809//15
f 1019//15 1035//15 2586//15 2571//15
f 1259//15 1257//15 2809//15 2811//15
f 1261//15 1259//15 2811//15 2813//15
f 34//15 36//15 1588//15 1586//15
f 462//15 464//15 2016//15 2014//15
f 1263//15 1261//15 2813//15 2815//15
f 1161//15 1005//15 2557//15 2713//15
f 1264//15 1263//15 2815//15 2816//15
f 1170//15 1264//15 2816//15 2723//15
f 36//15 38//15 1590//15 1588//15
f 464//15 466//15 2018//15 2016//15
f 1265//15 1268//15 2820//15 2817//15
f 1129//15 1143//15 2695//15 2681//15
f 1268//15 1270//15 2822//15 2820//15
f 1270//15 1272//15 2824//15 2822//15
f 38//15 40//15 1592//15 1590//15
f 466//15 468//15 2020//15 2018//15
f 1272//15 1274//15 2826//15 2824//15
f 789//15 786//15 2339//15 2341//15
f 1274//15 1276//15 2828//15 2826//15
f 791//15 789//15 2341//15 2343//15
f 1276//15 1278//15 2830//15 2828//15
f 40//15 42//15 1594//15 1592//15
f 468//15 470//15 2022//15 2020//15
f 793//15 791//15 2343//15 2345//15
f 1278//15 1280//15 2832//15 2830//15
f 795//15 793//15 2345//15 2347//15
f 1280//15 1282//15 2834//15 2832//15
f 797//15 795//15 2347//15 2349//15
f 1282//15 1284//15 2836//15 2834//15
f 42//15 44//15 1596//15 1594//15
f 470//15 472//15 2024//15 2022//15
f 799//15 797//15 2349//15 2351//15
f 1284//15 1286//15 2838//15 2836//15
f 801//15 799//15 2351//15 2353//15
f 1286//15 1288//15 2840//15 2838//15
f 803//15 801//15 2353//15 2355//15
f 1288//15 1290//15 2842//15 2840//15
f 44//15 46//15 1598//15 1596//15
f 472//15 474//15 2026//15 2024//15
f 805//15 803//15 2355//15 2357//15
f 1290//15 1292//15 2844//15 2842//15
f 807//15 805//15 2357//15 2359//15
f 1292//15 1294//15 2846//15 2844//15
f 809//15 807//15 2359//15 2361//15
f 1294//15 1296//15 2848//15 2846//15
f 46//15 48//15 1600//15 1598//15
f 474//15 476//15 2028//15 2026//15
f 811//15 809//15 2361//15 2363//15
f 1296//15 1298//15 2850//15 2848//15
f 813//15 811//15 2363//15 2365//15
f 1298//15 1300//15 2852//15 2850//15
f 815//15 813//15 2365//15 2367//15
f 1300//15 1302//15 2854//15 2852//15
f 48//15 50//15 1602//15 1600//15
f 476//15 478//15 2030//15 2028//15
f 817//15 815//15 2367//15 2369//15
f 1302//15 1304//15 2856//15 2854//15
f 819//15 817//15 2369//15 2371//15
f 1304//15 1306//15 2858//15 2856//15
f 821//15 819//15 2371//15 2373//15
f 1306//15 1308//15 2860//15 2858//15
f 50//15 52//15 1604//15 1602//15
f 478//15 480//15 2032//15 2030//15
f 823//15 821//15 2373//15 2375//15
f 1308//15 1310//15 2862//15 2860//15
f 825//15 823//15 2375//15 2377//15
f 1310//15 1312//15 2864//15 2862//15
f 827//15 825//15 2377//15 2379//15
f 1312//15 1314//15 2866//15 2864//15
f 52//15 54//15 1606//15 1604//15
f 480//15 482//15 2034//15 2032//15
f 829//15 827//15 2379//15 2381//15
f 1314//15 1316//15 2868//15 2866//15
f 831//15 829//15 2381//15 2383//15
f 1316//15 1318//15 2870//15 2868//15
f 833//15 831//15 2383//15 2385//15
f 1318//15 1320//15 2872//15 2870//15
f 54//15 56//15 1608//15 1606//15
f 482//15 484//15 2036//15 2034//15
f 835//15 833//15 2385//15 2387//15
f 1320//15 1322//15 2874//15 2872//15
f 837//15 835//15 2387//15 2389//15
f 1322//15 1324//15 2876//15 2874//15
f 839//15 837//15 2389//15 2391//15
f 1324//15 1326//15 2878//15 2876//15
f 56//15 58//15 1610//15 1608//15
f 484//15 486//15 2038//15 2036//15
f 841//15 839//15 2391//15 2393//15
f 1326//15 1328//15 2880//15 2878//15
f 843//15 841//15 2393//15 2395//15
f 1328//15 1330//15 2882//15 2880//15
f 845//15 843//15 2395//15 2397//15
f 1330//15 1332//15 2884//15 2882//15
f 58//15 60//15 1612//15 1610//15
f 490//15 488//15 2040//15 2041//15
f 847//15 845//15 2397//15 2399//15
f 1332//15 1334//15 2886//15 2884//15
f 849//15 847//15 2399//15 2401//15
f 1334//15 1336//15 2888//15 2886//15
f 489//15 490//15 2041//15 2042//15
f 851//15 849//15 2401//15 2403//15
f 1336//15 1338//15 2890//15 2888//15
f 60//15 62//15 1614//15 1612//15
f 853//15 851//15 2403//15 2405//15
f 1338//15 1340//15 2892//15 2890//15
f 855//15 853//15 2405//15 2407//15
f 1340//15 1342//15 2894//15 2892//15
f 492//15 489//15 2042//15 2044//15
f 857//15 855//15 2407//15 2409//15
f 1342//15 1344//15 2896//15 2894//15
f 62//15 64//15 1616//15 1614//15
f 859//15 857//15 2409//15 2411//15
f 1344//15 1346//15 2898//15 2896//15
f 861//15 859//15 2411//15 2413//15
f 1346//15 1348//15 2900//15 2898//15
f 494//15 492//15 2044//15 2046//15
f 863//15 861//15 2413//15 2415//15
f 1348//15 1350//15 2902//15 2900//15
f 64//15 66//15 1618//15 1616//15
f 865//15 863//15 2415//15 2417//15
f 1350//15 1352//15 2904//15 2902//15
f 867//15 865//15 2417//15 2419//15
f 1352//15 1354//15 2906//15 2904//15
f 496//15 494//15 2046//15 2048//15
f 869//15 867//15 2419//15 2421//15
f 1354//15 1356//15 2908//15 2906//15
f 66//15 68//15 1620//15 1618//15
f 871//15 869//15 2421//15 2423//15
f 1356//15 1358//15 2910//15 2908//15
f 873//15 871//15 2423//15 2425//15
f 1358//15 1360//15 2912//15 2910//15
f 498//15 496//15 2048//15 2050//15
f 875//15 873//15 2425//15 2427//15
f 1360//15 1265//15 2817//15 2912//15
f 68//15 70//15 1622//15 1620//15
f 877//15 875//15 2427//15 2429//15
f 1539//15 1362//15 2915//15 3091//15
f 879//15 877//15 2429//15 2431//15
f 1542//15 1365//15 2918//15 3094//15
f 500//15 498//15 2050//15 2052//15
f 880//15 879//15 2431//15 2432//15
f 1374//15 1368//15 2921//15 2926//15
f 70//15 72//15 1624//15 1622//15
f 786//15 880//15 2432//15 2339//15
f 1376//15 1371//15 2924//15 2928//15
f 881//15 884//15 2436//15 2433//15
f 1535//15 1374//15 2926//15 3087//15
f 502//15 500//15 2052//15 2054//15
f 884//15 886//15 2438//15 2436//15
f 1412//15 1376//15 2928//15 2964//15
f 72//15 74//15 1626//15 1624//15
f 886//15 888//15 2440//15 2438//15
f 1537//15 1378//15 2931//15 3089//15
f 888//15 890//15 2442//15 2440//15
f 1380//15 1434//15 2986//15 2932//15
f 504//15 502//15 2054//15 2056//15
f 890//15 892//15 2444//15 2442//15
f 1383//15 1396//15 2948//15 2935//15
f 74//15 76//15 1628//15 1626//15
f 892//15 894//15 2446//15 2444//15
f 1399//15 1387//15 2940//15 2951//15
f 894//15 896//15 2448//15 2446//15
f 1389//15 1409//15 2961//15 2941//15
f 506//15 504//15 2056//15 2058//15
f 896//15 898//15 2450//15 2448//15
f 1378//15 1392//15 2945//15 2931//15
f 76//15 78//15 1630//15 1628//15
f 898//15 900//15 2452//15 2450//15
f 1362//15 1394//15 2947//15 2915//15
f 900//15 902//15 2454//15 2452//15
f 1396//15 1427//15 2979//15 2948//15
f 508//15 506//15 2058//15 2060//15
f 902//15 904//15 2456//15 2454//15
f 1526//15 1399//15 2951//15 3078//15
f 78//15 80//15 1632//15 1630//15
f 904//15 906//15 2458//15 2456//15
f 1446//15 1401//15 2954//15 2997//15
f 906//15 908//15 2460//15 2458//15
f 1550//15 1404//15 2957//15 3102//15
f 510//15 508//15 2060//15 2062//15
f 908//15 910//15 2462//15 2460//15
f 1497//15 1407//15 2960//15 3049//15
f 80//15 82//15 1634//15 1632//15
f 910//15 912//15 2464//15 2462//15
f 1409//15 1524//15 3076//15 2961//15
f 912//15 914//15 2466//15 2464//15
f 1437//15 1412//15 2964//15 2989//15
f 512//15 510//15 2062//15 2064//15
f 914//15 916//15 2468//15 2466//15
f 1413//15 1380//15 2932//15 2965//15
f 82//15 84//15 1636//15 1634//15
f 916//15 918//15 2470//15 2468//15
f 1464//15 1416//15 2969//15 3015//15
f 918//15 920//15 2472//15 2470//15
f 1407//15 1418//15 2971//15 2960//15
f 514//15 512//15 2064//15 2066//15
f 920//15 922//15 2474//15 2472//15
f 1420//15 1429//15 2981//15 2972//15
f 84//15 86//15 1638//15 1636//15
f 922//15 924//15 2476//15 2474//15
f 1392//15 1423//15 2976//15 2945//15
f 924//15 926//15 2478//15 2476//15
f 1401//15 1425//15 2978//15 2954//15
f 516//15 514//15 2066//15 2068//15
f 926//15 928//15 2480//15 2478//15
f 1427//15 1454//15 3006//15 2979//15
f 86//15 88//15 1640//15 1638//15
f 928//15 930//15 2482//15 2480//15
f 1429//15 1465//15 3017//15 2981//15
f 930//15 932//15 2484//15 2482//15
f 1431//15 1532//15 3084//15 2983//15
f 518//15 516//15 2068//15 2070//15
f 932//15 934//15 2486//15 2484//15
f 1434//15 1440//15 2992//15 2986//15
f 88//15 90//15 1642//15 1640//15
f 934//15 936//15 2488//15 2486//15
f 1514//15 1437//15 2989//15 3066//15
f 936//15 938//15 2490//15 2488//15
f 1438//15 1431//15 2983//15 2990//15
f 520//15 518//15 2070//15 2072//15
f 938//15 940//15 2492//15 2490//15
f 1440//15 1395//15 2946//15 2992//15
f 90//15 92//15 1644//15 1642//15
f 940//15 942//15 2494//15 2492//15
f 1416//15 1441//15 2994//15 2969//15
f 942//15 944//15 2496//15 2494//15
f 1423//15 1443//15 2996//15 2976//15
f 522//15 520//15 2072//15 2074//15
f 944//15 946//15 2498//15 2496//15
f 1400//15 1456//15 3008//15 2952//15
f 92//15 94//15 1646//15 1644//15
f 946//15 948//15 2500//15 2498//15
f 1447//15 1405//15 2956//15 2999//15
f 948//15 950//15 2502//15 2500//15
f 1439//15 1449//15 3002//15 2991//15
f 524//15 522//15 2074//15 2076//15
f 950//15 952//15 2504//15 2502//15
f 1451//15 1480//15 3032//15 3003//15
f 98//15 96//15 1648//15 1649//15
f 952//15 954//15 2506//15 2504//15
f 1454//15 1541//15 3093//15 3006//15
f 954//15 956//15 2508//15 2506//15
f 1456//15 1518//15 3070//15 3008//15
f 97//15 98//15 1649//15 1650//15
f 526//15 524//15 2076//15 2078//15
f 956//15 958//15 2510//15 2508//15
f 1458//15 1447//15 2999//15 3010//15
f 958//15 960//15 2512//15 2510//15
f 1548//15 1461//15 3014//15 3100//15
f 960//15 962//15 2514//15 2512//15
f 1415//15 1481//15 3033//15 2967//15
f 100//15 97//15 1650//15 1652//15
f 528//15 526//15 2078//15 2080//15
f 962//15 964//15 2516//15 2514//15
f 1465//15 1487//15 3039//15 3017//15
f 964//15 966//15 2518//15 2516//15
f 1467//15 1547//15 3099//15 3019//15
f 966//15 968//15 2520//15 2518//15
f 1470//15 1458//15 3010//15 3022//15
f 102//15 100//15 1652//15 1654//15
f 530//15 528//15 2080//15 2082//15
f 968//15 970//15 2522//15 2520//15
f 1525//15 1473//15 3026//15 3077//15
f 970//15 972//15 2524//15 2522//15
f 1475//15 1462//15 3013//15 3027//15
f 972//15 974//15 2526//15 2524//15
f 1477//15 1483//15 3035//15 3029//15
f 104//15 102//15 1654//15 1656//15
f 532//15 530//15 2082//15 2084//15
f 974//15 976//15 2528//15 2526//15
f 1480//15 1372//15 2923//15 3032//15
f 976//15 881//15 2433//15 2528//15
f 1481//15 1536//15 3088//15 3033//15
f 1155//15 978//15 2531//15 2707//15
f 1483//15 1413//15 2965//15 3035//15
f 106//15 104//15 1656//15 1658//15
f 534//15 532//15 2084//15 2086//15
f 1158//15 981//15 2534//15 2710//15
f 1512//15 1485//15 3038//15 3064//15
f 990//15 984//15 2537//15 2542//15
f 1487//15 1474//15 3025//15 3039//15
f 992//15 987//15 2540//15 2544//15
f 1488//15 1496//15 3048//15 3040//15
f 108//15 106//15 1658//15 1660//15
f 536//15 534//15 2086//15 2088//15
f 1151//15 990//15 2542//15 2703//15
f 1491//15 1543//15 3095//15 3043//15
f 1028//15 992//15 2544//15 2580//15
f 1494//15 1451//15 3003//15 3046//15
f 1153//15 994//15 2547//15 2705//15
f 1496//15 1366//15 2917//15 3048//15
f 110//15 108//15 1660//15 1662//15
f 538//15 536//15 2088//15 2090//15
f 996//15 1050//15 2602//15 2548//15
f 1449//15 1497//15 3049//15 3002//15
f 999//15 1012//15 2564//15 2551//15
f 1479//15 1498//15 3051//15 3030//15
f 1015//15 1003//15 2556//15 2567//15
f 1500//15 1475//15 3027//15 3052//15
f 112//15 110//15 1662//15 1664//15
f 540//15 538//15 2090//15 2092//15
f 1005//15 1025//15 2577//15 2557//15
f 1502//15 1523//15 3075//15 3054//15
f 994//15 1008//15 2561//15 2547//15
f 1515//15 1506//15 3059//15 3067//15
f 978//15 1010//15 2563//15 2531//15
f 1508//15 1522//15 3074//15 3060//15
f 114//15 112//15 1664//15 1666//15
f 542//15 540//15 2092//15 2094//15
f 1012//15 1043//15 2595//15 2564//15
f 1546//15 1512//15 3064//15 3098//15
f 1142//15 1015//15 2567//15 2694//15
f 1552//15 1514//15 3066//15 3104//15
f 1062//15 1017//15 2570//15 2613//15
f 1441//15 1515//15 3067//15 2994//15
f 116//15 114//15 1666//15 1668//15
f 544//15 542//15 2094//15 2096//15
f 1166//15 1020//15 2573//15 2718//15
f 1516//15 1488//15 3040//15 3068//15
f 1113//15 1023//15 2576//15 2665//15
f 1518//15 1470//15 3022//15 3070//15
f 1025//15 1140//15 2692//15 2577//15
f 1519//15 1549//15 3101//15 3071//15
f 118//15 116//15 1668//15 1670//15
f 546//15 544//15 2096//15 2098//15
f 1053//15 1028//15 2580//15 2605//15
f 1522//15 1500//15 3052//15 3074//15
f 1029//15 996//15 2548//15 2581//15
f 1523//15 1420//15 2972//15 3075//15
f 1080//15 1032//15 2585//15 2631//15
f 1524//15 1494//15 3046//15 3076//15
f 120//15 118//15 1670//15 1672//15
f 548//15 546//15 2098//15 2100//15
f 1023//15 1034//15 2587//15 2576//15
f 1485//15 1525//15 3077//15 3038//15
f 1036//15 1045//15 2597//15 2588//15
f 1498//15 1526//15 3078//15 3051//15
f 1008//15 1039//15 2592//15 2561//15
f 1527//15 1540//15 3092//15 3079//15
f 122//15 120//15 1672//15 1674//15
f 550//15 548//15 2100//15 2102//15
f 1017//15 1041//15 2594//15 2570//15
f 1506//15 1530//15 3083//15 3059//15
f 1043//15 1070//15 2622//15 2595//15
f 1532//15 1491//15 3043//15 3084//15
f 1045//15 1081//15 2633//15 2597//15
f 1368//15 1533//15 3086//15 2921//15
f 124//15 122//15 1674//15 1676//15
f 552//15 550//15 2102//15 2104//15
f 1047//15 1148//15 2700//15 2599//15
f 1504//15 1535//15 3087//15 3055//15
f 1050//15 1056//15 2608//15 2602//15
f 1536//15 1516//15 3068//15 3088//15
f 1130//15 1053//15 2605//15 2682//15
f 1521//15 1537//15 3089//15 3072//15
f 126//15 124//15 1676//15 1678//15
f 554//15 552//15 2104//15 2106//15
f 1054//15 1047//15 2599//15 2606//15
f 1544//15 1539//15 3091//15 3096//15
f 1056//15 1011//15 2562//15 2608//15
f 1540//15 1383//15 2935//15 3092//15
f 1032//15 1057//15 2610//15 2585//15
f 1443//15 1455//15 3007//15 2996//15
f 128//15 126//15 1678//15 1680//15
f 556//15 554//15 2106//15 2108//15
f 1039//15 1059//15 2612//15 2592//15
f 1387//15 1542//15 3094//15 2940//15
f 1016//15 1072//15 2624//15 2568//15
f 1543//15 1467//15 3019//15 3095//15
f 1063//15 1021//15 2572//15 2615//15
f 1425//15 1544//15 3096//15 2978//15
f 130//15 128//15 1680//15 1682//15
f 558//15 556//15 2108//15 2110//15
f 1055//15 1065//15 2618//15 2607//15
f 1551//15 1546//15 3098//15 3103//15
f 1067//15 1096//15 2648//15 2619//15
f 1530//15 1468//15 3021//15 3083//15
f 1070//15 1157//15 2709//15 2622//15
f 1533//15 1548//15 3100//15 3086//15
f 132//15 130//15 1682//15 1684//15
f 560//15 558//15 2110//15 2112//15
f 1072//15 1134//15 2686//15 2624//15
f 1549//15 1508//15 3060//15 3101//15
f 1074//15 1063//15 2615//15 2626//15
f 1418//15 1550//15 3102//15 2971//15
f 1164//15 1077//15 2630//15 2716//15
f 1391//15 1551//15 3103//15 2942//15
f 134//15 132//15 1684//15 1686//15
f 562//15 560//15 2112//15 2114//15
f 1031//15 1097//15 2649//15 2583//15
f 1529//15 1552//15 3104//15 3080//15
f 1081//15 1103//15 2655//15 2633//15
f 1083//15 1163//15 2715//15 2635//15
f 136//15 134//15 1686//15 1688//15
f 564//15 562//15 2114//15 2116//15
f 1086//15 1074//15 2626//15 2638//15
f 1141//15 1089//15 2642//15 2693//15
f 1091//15 1078//15 2629//15 2643//15
f 138//15 136//15 1688//15 1690//15
f 566//15 564//15 2116//15 2118//15
f 1093//15 1099//15 2651//15 2645//15
f 1096//15 988//15 2539//15 2648//15
f 1097//15 1152//15 2704//15 2649//15
f 140//15 138//15 1690//15 1692//15
f 568//15 566//15 2118//15 2120//15
f 1099//15 1029//15 2581//15 2651//15
f 1128//15 1101//15 2654//15 2680//15
f 1103//15 1090//15 2641//15 2655//15
f 142//15 140//15 1692//15 1694//15
f 570//15 568//15 2120//15 2122//15
f 1104//15 1112//15 2664//15 2656//15
f 1107//15 1159//15 2711//15 2659//15
f 1110//15 1067//15 2619//15 2662//15
f 144//15 142//15 1694//15 1696//15
f 572//15 570//15 2122//15 2124//15
f 1112//15 982//15 2533//15 2664//15
f 1065//15 1113//15 2665//15 2618//15
f 1095//15 1114//15 2667//15 2646//15
f 146//15 144//15 1696//15 1698//15
f 574//15 572//15 2124//15 2126//15
f 1116//15 1091//15 2643//15 2668//15
f 1118//15 1139//15 2691//15 2670//15
f 1131//15 1122//15 2675//15 2683//15
f 148//15 146//15 1698//15 1700//15
f 576//15 574//15 2126//15 2128//15
f 1124//15 1138//15 2690//15 2676//15
f 1162//15 1128//15 2680//15 2714//15
f 1168//15 1130//15 2682//15 2720//15
f 150//15 148//15 1700//15 1702//15
f 578//15 576//15 2128//15 2130//15
f 1057//15 1131//15 2683//15 2610//15
f 1132//15 1104//15 2656//15 2684//15
f 1134//15 1086//15 2638//15 2686//15
f 152//15 150//15 1702//15 1704//15
f 580//15 578//15 2130//15 2132//15
f 1135//15 1165//15 2717//15 2687//15
f 1138//15 1116//15 2668//15 2690//15
f 1139//15 1036//15 2588//15 2691//15
f 154//15 152//15 1704//15 1706//15
f 582//15 580//15 2132//15 2134//15
f 1140//15 1110//15 2662//15 2692//15
f 585//15 583//15 2135//15 2136//15
f 1101//15 1141//15 2693//15 2654//15
f 1114//15 1142//15 2694//15 2667//15
f 156//15 154//15 1706//15 1708//15
f 1143//15 1156//15 2708//15 2695//15
f 588//15 586//15 2138//15 2139//15
f 1122//15 1146//15 2699//15 2675//15
f 1148//15 1107//15 2659//15 2700//15
f 158//15 156//15 1708//15 1710//15
f 984//15 1149//15 2702//15 2537//15
f 591//15 589//15 2141//15 2142//15
f 1120//15 1151//15 2703//15 2671//15
f 1152//15 1132//15 2684//15 2704//15
f 160//15 158//15 1710//15 1712//15
f 1137//15 1153//15 2705//15 2688//15
f 594//15 592//15 2144//15 2145//15
f 1160//15 1155//15 2707//15 2712//15
f 1156//15 999//15 2551//15 2708//15
f 162//15 160//15 1712//15 1714//15
f 1059//15 1071//15 2623//15 2612//15
f 589//15 595//15 2147//15 2141//15
f 1003//15 1158//15 2710//15 2556//15
f 1159//15 1083//15 2635//15 2711//15
f 164//15 162//15 1714//15 1716//15
f 1041//15 1160//15 2712//15 2594//15
f 592//15 597//15 2149//15 2144//15
f 1167//15 1162//15 2714//15 2719//15
f 1146//15 1084//15 2637//15 2699//15
f 166//15 164//15 1716//15 1718//15
f 1149//15 1164//15 2716//15 2702//15
f 601//15 599//15 2151//15 2152//15
f 1165//15 1124//15 2676//15 2717//15
f 1034//15 1166//15 2718//15 2587//15
f 168//15 166//15 1718//15 1720//15
f 1007//15 1167//15 2719//15 2558//15
f 604//15 602//15 2154//15 2155//15
f 1145//15 1168//15 2720//15 2696//15
f 1171//15 1169//15 2721//15 2722//15
f 170//15 168//15 1720//15 1722//15
f 607//15 605//15 2157//15 2158//15
f 1169//15 1172//15 2724//15 2721//15
f 172//15 170//15 1722//15 1724//15
f 610//15 608//15 2160//15 2161//15
f 1172//15 1174//15 2726//15 2724//15
f 174//15 172//15 1724//15 1726//15
f 613//15 611//15 2163//15 2164//15
f 1174//15 1176//15 2728//15 2726//15
f 176//15 174//15 1726//15 1728//15
f 615//15 601//15 2152//15 2166//15
f 1176//15 1178//15 2730//15 2728//15
f 178//15 176//15 1728//15 1730//15
f 617//15 585//15 2136//15 2168//15
f 1178//15 1180//15 2732//15 2730//15
f 180//15 178//15 1730//15 1732//15
f 605//15 618//15 2170//15 2157//15
f 1180//15 1182//15 2734//15 2732//15
f 182//15 180//15 1732//15 1734//15
f 608//15 620//15 2172//15 2160//15
f 1182//15 1184//15 2736//15 2734//15
f 184//15 182//15 1734//15 1736//15
f 624//15 622//15 2174//15 2175//15
f 1184//15 1186//15 2738//15 2736//15
f 186//15 184//15 1736//15 1738//15
f 627//15 625//15 2177//15 2178//15
f 1186//15 1188//15 2740//15 2738//15
f 188//15 186//15 1738//15 1740//15
f 630//15 628//15 2180//15 2181//15
f 1188//15 1190//15 2742//15 2740//15
f 190//15 188//15 1740//15 1742//15
f 193//15 191//15 1743//15 1744//15
f 611//15 631//15 2183//15 2163//15
f 1190//15 1192//15 2744//15 2742//15
f 196//15 194//15 1746//15 1747//15
f 597//15 633//15 2185//15 2149//15
f 1192//15 1194//15 2746//15 2744//15
f 199//15 197//15 1749//15 1750//15
f 636//15 604//15 2155//15 2187//15
f 1194//15 1196//15 2748//15 2746//15
f 202//15 200//15 1752//15 1753//15
f 639//15 637//15 2189//15 2190//15
f 1196//15 1198//15 2750//15 2748//15
f 197//15 203//15 1755//15 1749//15
f 641//15 630//15 2181//15 2192//15
f 1198//15 1200//15 2752//15 2750//15
f 200//15 205//15 1757//15 1752//15
f 644//15 642//15 2194//15 2195//15
f 1200//15 1202//15 2754//15 2752//15
f 209//15 207//15 1759//15 1760//15
f 646//15 615//15 2166//15 2197//15
f 1202//15 1204//15 2756//15 2754//15
f 212//15 210//15 1762//15 1763//15
f 648//15 624//15 2175//15 2199//15
f 1204//15 1206//15 2758//15 2756//15
f 215//15 213//15 1765//15 1766//15
f 618//15 649//15 2201//15 2170//15
f 1206//15 1208//15 2760//15 2758//15
f 218//15 216//15 1768//15 1769//15
f 642//15 651//15 2203//15 2194//15
f 1208//15 1210//15 2762//15 2760//15
f 221//15 219//15 1771//15 1772//15
f 655//15 653//15 2205//15 2206//15
f 1210//15 1212//15 2764//15 2762//15
f 223//15 209//15 1760//15 1774//15
f 602//15 656//15 2208//15 2154//15
f 1212//15 1214//15 2766//15 2764//15
f 225//15 193//15 1744//15 1776//15
f 633//15 658//15 2210//15 2185//15
f 1214//15 1216//15 2768//15 2766//15
f 213//15 226//15 1778//15 1765//15
f 661//15 655//15 2206//15 2212//15
f 1216//15 1218//15 2770//15 2768//15
f 216//15 228//15 1780//15 1768//15
f 656//15 617//15 2168//15 2208//15
f 1218//15 1220//15 2772//15 2770//15
f 232//15 230//15 1782//15 1783//15
f 664//15 639//15 2190//15 2215//15
f 1220//15 1222//15 2774//15 2772//15
f 235//15 233//15 1785//15 1786//15
f 667//15 665//15 2217//15 2218//15
f 1222//15 1224//15 2776//15 2774//15
f 666//15 667//15 2218//15 2219//15
f 238//15 236//15 1788//15 1789//15
f 669//15 646//15 2197//15 2220//15
f 1224//15 1226//15 2778//15 2776//15
f 668//15 669//15 2220//15 2221//15
f 219//15 239//15 1791//15 1771//15
f 622//15 670//15 2222//15 2174//15
f 1226//15 1228//15 2780//15 2778//15
f 205//15 241//15 1793//15 1757//15
f 673//15 627//15 2178//15 2224//15
f 1228//15 1230//15 2782//15 2780//15
f 244//15 212//15 1763//15 1795//15
f 675//15 661//15 2212//15 2226//15
f 1230//15 1232//15 2784//15 2782//15
f 247//15 245//15 1797//15 1798//15
f 678//15 676//15 2228//15 2229//15
f 1232//15 1234//15 2786//15 2784//15
f 249//15 238//15 1789//15 1800//15
f 649//15 679//15 2231//15 2201//15
f 1234//15 1236//15 2788//15 2786//15
f 252//15 250//15 1802//15 1803//15
f 670//15 681//15 2233//15 2222//15
f 1236//15 1238//15 2790//15 2788//15
f 254//15 223//15 1774//15 1805//15
f 684//15 673//15 2224//15 2235//15
f 1238//15 1240//15 2792//15 2790//15
f 256//15 232//15 1783//15 1807//15
f 687//15 685//15 2237//15 2238//15
f 1240//15 1242//15 2794//15 2792//15
f 226//15 257//15 1809//15 1778//15
f 690//15 688//15 2240//15 2241//15
f 1242//15 1244//15 2796//15 2794//15
f 689//15 690//15 2241//15 2242//15
f 250//15 259//15 1811//15 1802//15
f 637//15 691//15 2243//15 2189//15
f 1244//15 1246//15 2798//15 2796//15
f 263//15 261//15 1813//15 1814//15
f 651//15 693//15 2245//15 2203//15
f 1246//15 1248//15 2800//15 2798//15
f 210//15 264//15 1816//15 1762//15
f 696//15 684//15 2235//15 2247//15
f 1248//15 1250//15 2802//15 2800//15
f 241//15 266//15 1818//15 1793//15
f 699//15 697//15 2249//15 2250//15
f 1250//15 1252//15 2804//15 2802//15
f 269//15 263//15 1814//15 1820//15
f 701//15 687//15 2238//15 2252//15
f 1252//15 1254//15 2806//15 2804//15
f 264//15 225//15 1776//15 1816//15
f 704//15 702//15 2254//15 2255//15
f 1254//15 1256//15 2808//15 2806//15
f 272//15 247//15 1798//15 1823//15
f 676//15 594//15 2145//15 2228//15
f 1256//15 1258//15 2810//15 2808//15
f 275//15 273//15 1825//15 1826//15
f 691//15 706//15 2258//15 2243//15
f 1258//15 1260//15 2812//15 2810//15
f 274//15 275//15 1826//15 1827//15
f 277//15 254//15 1805//15 1828//15
f 702//15 636//15 2187//15 2254//15
f 1260//15 1262//15 2814//15 2812//15
f 276//15 277//15 1828//15 1829//15
f 230//15 278//15 1830//15 1782//15
f 711//15 709//15 2261//15 2262//15
f 1262//15 1171//15 2722//15 2814//15
f 281//15 235//15 1786//15 1832//15
f 693//15 699//15 2250//15 2245//15
f 283//15 269//15 1820//15 1834//15
f 715//15 713//15 2265//15 2266//15
f 1266//15 1267//15 2818//15 2819//15
f 286//15 284//15 1836//15 1837//15
f 718//15 716//15 2268//15 2269//15
f 1269//15 1266//15 2819//15 2821//15
f 257//15 287//15 1839//15 1809//15
f 720//15 678//15 2229//15 2271//15
f 1271//15 1269//15 2821//15 2823//15
f 278//15 289//15 1841//15 1830//15
f 713//15 588//15 2139//15 2265//15
f 1273//15 1271//15 2823//15 2825//15
f 292//15 281//15 1832//15 1843//15
f 628//15 675//15 2226//15 2180//15
f 1275//15 1273//15 2825//15 2827//15
f 856//15 858//15 2410//15 2408//15
f 295//15 293//15 1845//15 1846//15
f 724//15 704//15 2255//15 2275//15
f 1277//15 1275//15 2827//15 2829//15
f 858//15 860//15 2412//15 2410//15
f 298//15 296//15 1848//15 1849//15
f 726//15 701//15 2252//15 2277//15
f 1279//15 1277//15 2829//15 2831//15
f 297//15 298//15 1849//15 1850//15
f 860//15 862//15 2414//15 2412//15
f 245//15 299//15 1851//15 1797//15
f 729//15 727//15 2279//15 2280//15
f 1281//15 1279//15 2831//15 2833//15
f 862//15 864//15 2416//15 2414//15
f 259//15 301//15 1853//15 1811//15
f 732//15 730//15 2282//15 2283//15
f 1283//15 1281//15 2833//15 2835//15
f 864//15 866//15 2418//15 2416//15
f 304//15 292//15 1843//15 1855//15
f 735//15 733//15 2285//15 2286//15
f 1285//15 1283//15 2835//15 2837//15
f 866//15 868//15 2420//15 2418//15
f 307//15 305//15 1857//15 1858//15
f 709//15 736//15 2288//15 2261//15
f 1287//15 1285//15 2837//15 2839//15
f 868//15 870//15 2422//15 2420//15
f 309//15 295//15 1846//15 1860//15
f 658//15 738//15 2290//15 2210//15
f 1289//15 1287//15 2839//15 2841//15
f 870//15 872//15 2424//15 2422//15
f 312//15 310//15 1862//15 1863//15
f 730//15 664//15 2215//15 2282//15
f 1291//15 1289//15 2841//15 2843//15
f 872//15 874//15 2426//15 2424//15
f 284//15 202//15 1753//15 1836//15
f 742//15 715//15 2266//15 2293//15
f 1293//15 1291//15 2843//15 2845//15
f 874//15 876//15 2428//15 2426//15
f 299//15 314//15 1866//15 1851//15
f 681//15 696//15 2247//15 2233//15
f 1295//15 1293//15 2845//15 2847//15
f 876//15 878//15 2430//15 2428//15
f 310//15 244//15 1795//15 1862//15
f 746//15 744//15 2296//15 2297//15
f 1297//15 1295//15 2847//15 2849//15
f 878//15 787//15 2338//15 2430//15
f 319//15 317//15 1869//15 1870//15
f 733//15 726//15 2277//15 2285//15
f 1299//15 1297//15 2849//15 2851//15
f 301//15 307//15 1858//15 1853//15
f 727//15 644//15 2195//15 2279//15
f 1301//15 1299//15 2851//15 2853//15
f 882//15 883//15 2434//15 2435//15
f 323//15 321//15 1873//15 1874//15
f 631//15 720//15 2271//15 2183//15
f 1303//15 1301//15 2853//15 2855//15
f 885//15 882//15 2435//15 2437//15
f 326//15 324//15 1876//15 1877//15
f 697//15 711//15 2262//15 2249//15
f 1305//15 1303//15 2855//15 2857//15
f 887//15 885//15 2437//15 2439//15
f 328//15 286//15 1837//15 1879//15
f 620//15 724//15 2275//15 2172//15
f 1307//15 1305//15 2857//15 2859//15
f 889//15 887//15 2439//15 2441//15
f 321//15 196//15 1747//15 1873//15
f 754//15 752//15 2304//15 2305//15
f 1309//15 1307//15 2859//15 2861//15
f 891//15 889//15 2441//15 2443//15
f 236//15 283//15 1834//15 1788//15
f 756//15 732//15 2283//15 2307//15
f 1311//15 1309//15 2861//15 2863//15
f 893//15 891//15 2443//15 2445//15
f 332//15 312//15 1863//15 1883//15
f 653//15 718//15 2269//15 2205//15
f 1313//15 1311//15 2863//15 2865//15
f 895//15 893//15 2445//15 2447//15
f 334//15 309//15 1860//15 1885//15
f 759//15 591//15 2142//15 2310//15
f 1315//15 1313//15 2865//15 2867//15
f 897//15 895//15 2447//15 2449//15
f 337//15 335//15 1887//15 1888//15
f 595//15 729//15 2280//15 2147//15
f 1317//15 1315//15 2867//15 2869//15
f 899//15 897//15 2449//15 2451//15
f 340//15 338//15 1890//15 1891//15
f 706//15 742//15 2293//15 2258//15
f 1319//15 1317//15 2869//15 2871//15
f 901//15 899//15 2451//15 2453//15
f 343//15 341//15 1893//15 1894//15
f 599//15 746//15 2297//15 2151//15
f 1321//15 1319//15 2871//15 2873//15
f 903//15 901//15 2453//15 2455//15
f 317//15 344//15 1896//15 1869//15
f 583//15 763//15 2315//15 2135//15
f 1323//15 1321//15 2873//15 2875//15
f 905//15 903//15 2455//15 2457//15
f 266//15 346//15 1898//15 1818//15
f 752//15 607//15 2158//15 2304//15
f 1325//15 1323//15 2875//15 2877//15
f 907//15 905//15 2457//15 2459//15
f 338//15 272//15 1823//15 1890//15
f 586//15 610//15 2161//15 2138//15
f 1327//15 1325//15 2877//15 2879//15
f 909//15 907//15 2459//15 2461//15
f 350//15 323//15 1874//15 1901//15
f 716//15 767//15 2319//15 2268//15
f 1329//15 1327//15 2879//15 2881//15
f 911//15 909//15 2461//15 2463//15
f 289//15 304//15 1855//15 1841//15
f 763//15 648//15 2199//15 2315//15
f 1331//15 1329//15 2881//15 2883//15
f 913//15 911//15 2463//15 2465//15
f 354//15 352//15 1904//15 1905//15
f 736//15 770//15 2322//15 2288//15
f 1333//15 1331//15 2883//15 2885//15
f 915//15 913//15 2465//15 2467//15
f 341//15 334//15 1885//15 1893//15
f 773//15 756//15 2307//15 2324//15
f 1335//15 1333//15 2885//15 2887//15
f 917//15 915//15 2467//15 2469//15
f 772//15 773//15 2324//15 2325//15
f 335//15 252//15 1803//15 1887//15
f 685//15 759//15 2310//15 2237//15
f 1337//15 1335//15 2887//15 2889//15
f 919//15 917//15 2469//15 2471//15
f 239//15 328//15 1879//15 1791//15
f 744//15 735//15 2286//15 2296//15
f 1339//15 1337//15 2889//15 2891//15
f 921//15 919//15 2471//15 2473//15
f 305//15 319//15 1870//15 1857//15
f 625//15 641//15 2192//15 2177//15
f 1341//15 1339//15 2891//15 2893//15
f 923//15 921//15 2473//15 2475//15
f 228//15 332//15 1883//15 1780//15
f 770//15 613//15 2164//15 2322//15
f 1343//15 1341//15 2893//15 2895//15
f 925//15 923//15 2475//15 2477//15
f 362//15 360//15 1912//15 1913//15
f 738//15 754//15 2305//15 2290//15
f 1345//15 1343//15 2895//15 2897//15
f 927//15 925//15 2477//15 2479//15
f 364//15 340//15 1891//15 1915//15
f 397//15 394//15 1947//15 1949//15
f 1347//15 1345//15 2897//15 2899//15
f 929//15 927//15 2479//15 2481//15
f 399//15 397//15 1949//15 1951//15
f 401//15 399//15 1951//15 1953//15
f 261//15 326//15 1877//15 1813//15
f 403//15 401//15 1953//15 1955//15
f 1349//15 1347//15 2899//15 2901//15
f 931//15 929//15 2481//15 2483//15
f 405//15 403//15 1955//15 1957//15
f 407//15 405//15 1957//15 1959//15
f 367//15 199//15 1750//15 1918//15
f 409//15 407//15 1959//15 1961//15
f 1351//15 1349//15 2901//15 2903//15
f 933//15 931//15 2483//15 2485//15
f 411//15 409//15 1961//15 1963//15
f 413//15 411//15 1963//15 1965//15
f 203//15 337//15 1888//15 1755//15
f 415//15 413//15 1965//15 1967//15
f 1353//15 1351//15 2903//15 2905//15
f 935//15 933//15 2485//15 2487//15
f 417//15 415//15 1967//15 1969//15
f 419//15 417//15 1969//15 1971//15
f 314//15 350//15 1901//15 1866//15
f 421//15 419//15 1971//15 1973//15
f 1355//15 1353//15 2905//15 2907//15
f 937//15 935//15 2487//15 2489//15
f 423//15 421//15 1973//15 1975//15
f 425//15 423//15 1975//15 1977//15
f 207//15 354//15 1905//15 1759//15
f 427//15 425//15 1977//15 1979//15
f 1357//15 1355//15 2907//15 2909//15
f 939//15 937//15 2489//15 2491//15
f 429//15 427//15 1979//15 1981//15
f 431//15 429//15 1981//15 1983//15
f 191//15 371//15 1923//15 1743//15
f 433//15 431//15 1983//15 1985//15
f 1359//15 1357//15 2909//15 2911//15
f 941//15 939//15 2491//15 2493//15
f 435//15 433//15 1985//15 1987//15
f 437//15 435//15 1987//15 1989//15
f 360//15 215//15 1766//15 1912//15
f 439//15 437//15 1989//15 1991//15
f 1267//15 1359//15 2911//15 2818//15
f 943//15 941//15 2493//15 2495//15
f 441//15 439//15 1991//15 1993//15
f 1363//15 1361//15 2913//15 2914//15
f 443//15 441//15 1993//15 1995//15
f 194//15 218//15 1769//15 1746//15
f 445//15 443//15 1995//15 1997//15
f 945//15 943//15 2495//15 2497//15
f 447//15 445//15 1997//15 1999//15
f 1366//15 1364//15 2916//15 2917//15
f 449//15 447//15 1999//15 2001//15
f 324//15 375//15 1927//15 1876//15
f 451//15 449//15 2001//15 2003//15
f 947//15 945//15 2497//15 2499//15
f 453//15 451//15 2003//15 2005//15
f 1369//15 1367//15 2919//15 2920//15
f 455//15 453//15 2005//15 2007//15
f 371//15 256//15 1807//15 1923//15
f 457//15 455//15 2007//15 2009//15
f 949//15 947//15 2499//15 2501//15
f 459//15 457//15 2009//15 2011//15
f 1372//15 1370//15 2922//15 2923//15
f 461//15 459//15 2011//15 2013//15
f 344//15 378//15 1930//15 1896//15
f 463//15 461//15 2013//15 2015//15
f 951//15 949//15 2501//15 2503//15
f 465//15 463//15 2015//15 2017//15
f 1367//15 1373//15 2925//15 2919//15
f 467//15 465//15 2017//15 2019//15
f 381//15 364//15 1915//15 1932//15
f 469//15 467//15 2019//15 2021//15
f 953//15 951//15 2503//15 2505//15
f 471//15 469//15 2021//15 2023//15
f 1370//15 1375//15 2927//15 2922//15
f 380//15 381//15 1932//15 1933//15
f 473//15 471//15 2023//15 2025//15
f 293//15 367//15 1918//15 1845//15
f 475//15 473//15 2025//15 2027//15
f 955//15 953//15 2505//15 2507//15
f 477//15 475//15 2027//15 2029//15
f 1379//15 1377//15 2929//15 2930//15
f 479//15 477//15 2029//15 2031//15
f 352//15 343//15 1894//15 1904//15
f 481//15 479//15 2031//15 2033//15
f 957//15 955//15 2507//15 2509//15
f 483//15 481//15 2033//15 2035//15
f 485//15 483//15 2035//15 2037//15
f 233//15 249//15 1800//15 1785//15
f 487//15 485//15 2037//15 2039//15
f 1381//15 1382//15 2933//15 2934//15
f 959//15 957//15 2509//15 2511//15
f 486//15 779//15 2331//15 2038//15
f 779//15 487//15 2039//15 2331//15
f 378//15 221//15 1772//15 1930//15
f 488//15 491//15 2043//15 2040//15
f 1384//15 1385//15 2936//15 2937//15
f 961//15 959//15 2511//15 2513//15
f 491//15 493//15 2045//15 2043//15
f 1388//15 1386//15 2938//15 2939//15
f 493//15 495//15 2047//15 2045//15
f 346//15 362//15 1913//15 1898//15
f 495//15 497//15 2049//15 2047//15
f 963//15 961//15 2513//15 2515//15
f 497//15 499//15 2051//15 2049//15
f 499//15 501//15 2053//15 2051//15
f 5//15 2//15 1555//15 1557//15
f 501//15 503//15 2055//15 2053//15
f 1390//15 1391//15 2942//15 2943//15
f 7//15 5//15 1557//15 1559//15
f 965//15 963//15 2515//15 2517//15
f 503//15 505//15 2057//15 2055//15
f 1393//15 1379//15 2930//15 2944//15
f 9//15 7//15 1559//15 1561//15
f 505//15 507//15 2059//15 2057//15
f 11//15 9//15 1561//15 1563//15
f 507//15 509//15 2061//15 2059//15
f 13//15 11//15 1563//15 1565//15
f 967//15 965//15 2517//15 2519//15
f 509//15 511//15 2063//15 2061//15
f 1395//15 1363//15 2914//15 2946//15
f 15//15 13//15 1565//15 1567//15
f 511//15 513//15 2065//15 2063//15
f 17//15 15//15 1567//15 1569//15
f 513//15 515//15 2067//15 2065//15
f 19//15 17//15 1569//15 1571//15
f 969//15 967//15 2519//15 2521//15
f 515//15 517//15 2069//15 2067//15
f 21//15 19//15 1571//15 1573//15
f 517//15 519//15 2071//15 2069//15
f 23//15 21//15 1573//15 1575//15
f 519//15 521//15 2073//15 2071//15
f 1397//15 1384//15 2937//15 2949//15
f 25//15 23//15 1575//15 1577//15
f 971//15 969//15 2521//15 2523//15
f 521//15 523//15 2075//15 2073//15
f 1386//15 1398//15 2950//15 2938//15
f 27//15 25//15 1577//15 1579//15
f 523//15 525//15 2077//15 2075//15
f 29//15 27//15 1579//15 1581//15
f 525//15 527//15 2079//15 2077//15
f 31//15 29//15 1581//15 1583//15
f 973//15 971//15 2523//15 2525//15
f 527//15 529//15 2081//15 2079//15
f 1402//15 1400//15 2952//15 2953//15
f 33//15 31//15 1583//15 1585//15
f 529//15 531//15 2083//15 2081//15
f 35//15 33//15 1585//15 1587//15
f 531//15 533//15 2085//15 2083//15
f 37//15 35//15 1587//15 1589//15
f 975//15 973//15 2525//15 2527//15
f 533//15 535//15 2087//15 2085//15
f 1405//15 1403//15 2955//15 2956//15
f 39//15 37//15 1589//15 1591//15
f 535//15 537//15 2089//15 2087//15
f 41//15 39//15 1591//15 1593//15
f 537//15 539//15 2091//15 2089//15
f 43//15 41//15 1593//15 1595//15
f 883//15 975//15 2527//15 2434//15
f 539//15 541//15 2093//15 2091//15
f 1408//15 1406//15 2958//15 2959//15
f 45//15 43//15 1595//15 1597//15
f 979//15 977//15 2529//15 2530//15
f 541//15 543//15 2095//15 2093//15
f 47//15 45//15 1597//15 1599//15
f 543//15 545//15 2097//15 2095//15
f 49//15 47//15 1599//15 1601//15
f 545//15 547//15 2099//15 2097//15
f 51//15 49//15 1601//15 1603//15
f 982//15 980//15 2532//15 2533//15
f 547//15 549//15 2101//15 2099//15
f 53//15 51//15 1603//15 1605//15
f 549//15 551//15 2103//15 2101//15
f 1410//15 1390//15 2943//15 2962//15
f 55//15 53//15 1605//15 1607//15
f 551//15 553//15 2105//15 2103//15
f 1375//15 1411//15 2963//15 2927//15
f 57//15 55//15 1607//15 1609//15
f 985//15 983//15 2535//15 2536//15
f 553//15 555//15 2107//15 2105//15
f 59//15 57//15 1609//15 1611//15
f 555//15 557//15 2109//15 2107//15
f 61//15 59//15 1611//15 1613//15
f 557//15 559//15 2111//15 2109//15
f 63//15 61//15 1613//15 1615//15
f 988//15 986//15 2538//15 2539//15
f 559//15 561//15 2113//15 2111//15
f 65//15 63//15 1615//15 1617//15
f 561//15 563//15 2115//15 2113//15
f 1382//15 1414//15 2966//15 2933//15
f 67//15 65//15 1617//15 1619//15
f 563//15 565//15 2117//15 2115//15
f 1417//15 1415//15 2967//15 2968//15
f 69//15 67//15 1619//15 1621//15
f 983//15 989//15 2541//15 2535//15
f 565//15 567//15 2119//15 2117//15
f 71//15 69//15 1621//15 1623//15
f 567//15 569//15 2121//15 2119//15
f 73//15 71//15 1623//15 1625//15
f 569//15 571//15 2123//15 2121//15
f 1419//15 1408//15 2959//15 2970//15
f 75//15 73//15 1625//15 1627//15
f 986//15 991//15 2543//15 2538//15
f 571//15 573//15 2125//15 2123//15
f 77//15 75//15 1627//15 1629//15
f 573//15 575//15 2127//15 2125//15
f 79//15 77//15 1629//15 1631//15
f 575//15 577//15 2129//15 2127//15
f 81//15 79//15 1631//15 1633//15
f 995//15 993//15 2545//15 2546//15
f 577//15 579//15 2131//15 2129//15
f 83//15 81//15 1633//15 1635//15
f 579//15 581//15 2133//15 2131//15
f 1421//15 1422//15 2973//15 2974//15
f 85//15 83//15 1635//15 1637//15
f 581//15 780//15 2332//15 2133//15
f 1424//15 1393//15 2944//15 2975//15
f 87//15 85//15 1637//15 1639//15
f 780//15 582//15 2134//15 2332//15
f 89//15 87//15 1639//15 1641//15
f 764//15 584//15 2137//15 2316//15
f 91//15 89//15 1641//15 1643//15
f 997//15 998//15 2549//15 2550//15
f 766//15 587//15 2140//15 2318//15
f 1426//15 1402//15 2953//15 2977//15
f 93//15 91//15 1643//15 1645//15
f 596//15 590//15 2143//15 2148//15
f 95//15 93//15 1645//15 1647//15
f 598//15 593//15 2146//15 2150//15
f 94//15 387//15 1939//15 1646//15
f 1000//15 1001//15 2552//15 2553//15
f 760//15 596//15 2148//15 2312//15
f 387//15 95//15 1647//15 1939//15
f 1004//15 1002//15 2554//15 2555//15
f 634//15 598//15 2150//15 2186//15
f 96//15 99//15 1651//15 1648//15
f 762//15 600//15 2153//15 2314//15
f 1428//15 1397//15 2949//15 2980//15
f 99//15 101//15 1653//15 1651//15
f 657//15 603//15 2156//15 2209//15
f 101//15 103//15 1655//15 1653//15
f 619//15 606//15 2159//15 2171//15
f 103//15 105//15 1657//15 1655//15
f 621//15 609//15 2162//15 2173//15
f 1430//15 1421//15 2974//15 2982//15
f 105//15 107//15 1659//15 1657//15
f 1006//15 1007//15 2558//15 2559//15
f 632//15 612//15 2165//15 2184//15
f 107//15 109//15 1661//15 1659//15
f 1009//15 995//15 2546//15 2560//15
f 600//15 614//15 2167//15 2153//15
f 109//15 111//15 1663//15 1661//15
f 584//15 616//15 2169//15 2137//15
f 1432//15 1433//15 2984//15 2985//15
f 111//15 113//15 1665//15 1663//15
f 650//15 619//15 2171//15 2202//15
f 113//15 115//15 1667//15 1665//15
f 1011//15 979//15 2530//15 2562//15
f 751//15 621//15 2173//15 2303//15
f 115//15 117//15 1669//15 1667//15
f 671//15 623//15 2176//15 2223//15
f 1435//15 1381//15 2934//15 2987//15
f 117//15 119//15 1671//15 1669//15
f 776//15 626//15 2179//15 2328//15
f 1411//15 1436//15 2988//15 2963//15
f 119//15 121//15 1673//15 1671//15
f 722//15 629//15 2182//15 2274//15
f 121//15 123//15 1675//15 1673//15
f 749//15 632//15 2184//15 2301//15
f 123//15 125//15 1677//15 1675//15
f 1013//15 1000//15 2553//15 2565//15
f 659//15 634//15 2186//15 2211//15
f 125//15 127//15 1679//15 1677//15
f 1002//15 1014//15 2566//15 2554//15
f 603//15 635//15 2188//15 2156//15
f 127//15 129//15 1681//15 1679//15
f 692//15 638//15 2191//15 2244//15
f 1433//15 1439//15 2991//15 2984//15
f 129//15 131//15 1683//15 1681//15
f 629//15 640//15 2193//15 2182//15
f 131//15 133//15 1685//15 1683//15
f 1018//15 1016//15 2568//15 2569//15
f 652//15 643//15 2196//15 2204//15
f 133//15 135//15 1687//15 1685//15
f 614//15 645//15 2198//15 2167//15
f 1394//15 1435//15 2987//15 2947//15
f 135//15 137//15 1689//15 1687//15
f 623//15 647//15 2200//15 2176//15
f 1442//15 1417//15 2968//15 2993//15
f 137//15 139//15 1691//15 1689//15
f 1021//15 1019//15 2571//15 2572//15
f 680//15 650//15 2202//15 2232//15
f 139//15 141//15 1693//15 1691//15
f 694//15 652//15 2204//15 2246//15
f 141//15 143//15 1695//15 1693//15
f 757//15 654//15 2207//15 2309//15
f 1444//15 1424//15 2975//15 2995//15
f 143//15 145//15 1697//15 1695//15
f 1024//15 1022//15 2574//15 2575//15
f 662//15 657//15 2209//15 2214//15
f 145//15 147//15 1699//15 1697//15
f 739//15 659//15 2211//15 2291//15
f 147//15 149//15 1701//15 1699//15
f 654//15 660//15 2213//15 2207//15
f 149//15 151//15 1703//15 1701//15
f 616//15 662//15 2214//15 2169//15
f 151//15 153//15 1705//15 1703//15
f 638//15 663//15 2216//15 2191//15
f 1445//15 1446//15 2997//15 2998//15
f 153//15 155//15 1707//15 1705//15
f 1026//15 1006//15 2559//15 2578//15
f 665//15 781//15 2333//15 2217//15
f 155//15 157//15 1709//15 1707//15
f 991//15 1027//15 2579//15 2543//15
f 781//15 666//15 2219//15 2333//15
f 157//15 159//15 1711//15 1709//15
f 645//15 668//15 2221//15 2198//15
f 1404//15 1448//15 3000//15 2957//15
f 159//15 161//15 1713//15 1711//15
f 682//15 671//15 2223//15 2234//15
f 1450//15 1438//15 2990//15 3001//15
f 161//15 163//15 1715//15 1713//15
f 626//15 672//15 2225//15 2179//15
f 163//15 165//15 1717//15 1715//15
f 660//15 674//15 2227//15 2213//15
f 165//15 167//15 1719//15 1717//15
f 998//15 1030//15 2582//15 2549//15
f 705//15 677//15 2230//15 2257//15
f 167//15 169//15 1721//15 1719//15
f 1033//15 1031//15 2583//15 2584//15
f 679//15 782//15 2334//15 2231//15
f 169//15 171//15 1723//15 1721//15
f 782//15 680//15 2232//15 2334//15
f 1452//15 1453//15 3004//15 3005//15
f 171//15 173//15 1725//15 1723//15
f 743//15 682//15 2234//15 2295//15
f 173//15 175//15 1727//15 1725//15
f 1035//15 1024//15 2575//15 2586//15
f 672//15 683//15 2236//15 2225//15
f 175//15 177//15 1729//15 1727//15
f 774//15 686//15 2239//15 2326//15
f 1455//15 1428//15 2980//15 3007//15
f 177//15 179//15 1731//15 1729//15
f 688//15 783//15 2335//15 2240//15
f 179//15 181//15 1733//15 1731//15
f 783//15 689//15 2242//15 2335//15
f 181//15 183//15 1735//15 1733//15
f 707//15 692//15 2244//15 2259//15
f 1457//15 1445//15 2998//15 3009//15
f 183//15 185//15 1737//15 1735//15
f 1037//15 1038//15 2589//15 2590//15
f 712//15 694//15 2246//15 2264//15
f 185//15 187//15 1739//15 1737//15
f 1040//15 1009//15 2560//15 2591//15
f 683//15 695//15 2248//15 2236//15
f 187//15 189//15 1741//15 1739//15
f 750//15 698//15 2251//15 2302//15
f 1448//15 1459//15 3011//15 3000//15
f 189//15 388//15 1940//15 1741//15
f 686//15 700//15 2253//15 2239//15
f 1462//15 1460//15 3012//15 3013//15
f 388//15 190//15 1742//15 1940//15
f 1042//15 1018//15 2569//15 2593//15
f 708//15 703//15 2256//15 2260//15
f 372//15 192//15 1745//15 1924//15
f 593//15 705//15 2257//15 2146//15
f 374//15 195//15 1748//15 1926//15
f 761//15 707//15 2259//15 2313//15
f 204//15 198//15 1751//15 1756//15
f 635//15 708//15 2260//15 2188//15
f 206//15 201//15 1754//15 1758//15
f 737//15 710//15 2263//15 2289//15
f 1463//15 1464//15 3015//15 3016//15
f 368//15 204//15 1756//15 1920//15
f 1044//15 1013//15 2565//15 2596//15
f 698//15 712//15 2264//15 2251//15
f 242//15 206//15 1758//15 1794//15
f 721//15 714//15 2267//15 2273//15
f 370//15 208//15 1761//15 1922//15
f 768//15 717//15 2270//15 2320//15
f 1466//15 1430//15 2982//15 3018//15
f 265//15 211//15 1764//15 1817//15
f 1046//15 1037//15 2590//15 2598//15
f 677//15 719//15 2272//15 2230//15
f 227//15 214//15 1767//15 1779//15
f 587//15 721//15 2273//15 2140//15
f 229//15 217//15 1770//15 1781//15
f 674//15 722//15 2274//15 2227//15
f 1468//15 1469//15 3020//15 3021//15
f 240//15 220//15 1773//15 1792//15
f 1048//15 1049//15 2600//15 2601//15
f 703//15 723//15 2276//15 2256//15
f 208//15 222//15 1775//15 1761//15
f 700//15 725//15 2278//15 2253//15
f 192//15 224//15 1777//15 1745//15
f 748//15 728//15 2281//15 2300//15
f 1459//15 1471//15 3023//15 3011//15
f 258//15 227//15 1779//15 1810//15
f 1051//15 997//15 2550//15 2603//15
f 740//15 731//15 2284//15 2292//15
f 1474//15 1472//15 3024//15 3025//15
f 359//15 229//15 1781//15 1911//15
f 1027//15 1052//15 2604//15 2579//15
f 747//15 734//15 2287//15 2299//15
f 279//15 231//15 1784//15 1831//15
f 771//15 737//15 2289//15 2323//15
f 384//15 234//15 1787//15 1936//15
f 778//15 739//15 2291//15 2330//15
f 330//15 237//15 1790//15 1882//15
f 663//15 740//15 2292//15 2216//15
f 357//15 240//15 1792//15 1909//15
f 714//15 741//15 2294//15 2267//15
f 1461//15 1476//15 3028//15 3014//15
f 267//15 242//15 1794//15 1819//15
f 1049//15 1055//15 2607//15 2600//15
f 695//15 743//15 2295//15 2248//15
f 211//15 243//15 1796//15 1764//15
f 775//15 745//15 2298//15 2327//15
f 300//15 246//15 1799//15 1852//15
f 725//15 747//15 2299//15 2278//15
f 1478//15 1479//15 3030//15 3031//15
f 237//15 248//15 1801//15 1790//15
f 1010//15 1051//15 2603//15 2563//15
f 643//15 748//15 2300//15 2196//15
f 260//15 251//15 1804//15 1812//15
f 1058//15 1033//15 2584//15 2609//15
f 719//15 749//15 2301//15 2272//15
f 222//15 253//15 1806//15 1775//15
f 710//15 750//15 2302//15 2263//15
f 1371//15 1452//15 3005//15 2924//15
f 231//15 255//15 1808//15 1784//15
f 723//15 751//15 2303//15 2276//15
f 288//15 258//15 1810//15 1840//15
f 1060//15 1040//15 2591//15 2611//15
f 765//15 753//15 2306//15 2317//15
f 302//15 260//15 1812//15 1854//15
f 731//15 755//15 2308//15 2284//15
f 1482//15 1463//15 3016//15 3034//15
f 365//15 262//15 1815//15 1917//15
f 717//15 757//15 2309//15 2270//15
f 270//15 265//15 1817//15 1822//15
f 590//15 758//15 2311//15 2143//15
f 347//15 267//15 1819//15 1899//15
f 728//15 760//15 2312//15 2281//15
f 1414//15 1478//15 3031//15 2966//15
f 262//15 268//15 1821//15 1815//15
f 1061//15 1062//15 2613//15 2614//15
f 741//15 761//15 2313//15 2294//15
f 1486//15 1484//15 3036//15 3037//15
f 224//15 270//15 1822//15 1777//15
f 745//15 762//15 2314//15 2298//15
f 246//15 271//15 1824//15 1799//15
f 769//15 764//15 2316//15 2321//15
f 273//15 389//15 1941//15 1825//15
f 1020//15 1064//15 2616//15 2573//15
f 606//15 765//15 2317//15 2159//15
f 389//15 274//15 1827//15 1941//15
f 1066//15 1054//15 2606//15 2617//15
f 609//15 766//15 2318//15 2162//15
f 253//15 276//15 1829//15 1806//15
f 767//15 784//15 2336//15 2319//15
f 1473//15 1466//15 3018//15 3026//15
f 290//15 279//15 1831//15 1842//15
f 784//15 768//15 2320//15 2336//15
f 234//15 280//15 1833//15 1787//15
f 647//15 769//15 2321//15 2200//15
f 268//15 282//15 1835//15 1821//15
f 1489//15 1490//15 3041//15 3042//15
f 777//15 771//15 2323//15 2329//15
f 1068//15 1069//15 2620//15 2621//15
f 313//15 285//15 1838//15 1865//15
f 755//15 772//15 2325//15 2308//15
f 287//15 390//15 1942//15 1839//15
f 758//15 774//15 2326//15 2311//15
f 390//15 288//15 1840//15 1942//15
f 1492//15 1493//15 3044//15 3045//15
f 734//15 775//15 2327//15 2287//15
f 1071//15 1044//15 2596//15 2623//15
f 351//15 290//15 1842//15 1903//15
f 640//15 776//15 2328//15 2193//15
f 280//15 291//15 1844//15 1833//15
f 612//15 777//15 2329//15 2165//15
f 382//15 294//15 1847//15 1934//15
f 1453//15 1495//15 3047//15 3004//15
f 753//15 778//15 2330//15 2306//15
f 1073//15 1061//15 2614//15 2625//15
f 296//15 391//15 1943//15 1848//15
f 787//15 785//15 2337//15 2338//15
f 391//15 297//15 1850//15 1943//15
f 315//15 300//15 1852//15 1867//15
f 1365//15 1489//15 3042//15 2918//15
f 1064//15 1075//15 2627//15 2616//15
f 320//15 302//15 1854//15 1872//15
f 1406//15 1450//15 3001//15 2958//15
f 785//15 788//15 2340//15 2337//15
f 1078//15 1076//15 2628//15 2629//15
f 291//15 303//15 1856//15 1844//15
f 358//15 306//15 1859//15 1910//15
f 294//15 308//15 1861//15 1847//15
f 1499//15 1477//15 3029//15 3050//15
f 788//15 790//15 2342//15 2340//15
f 316//15 311//15 1864//15 1868//15
f 201//15 313//15 1865//15 1754//15
f 1079//15 1080//15 2631//15 2632//15
f 369//15 315//15 1867//15 1921//15
f 790//15 792//15 2344//15 2342//15
f 243//15 316//15 1868//15 1796//15
f 345//15 318//15 1871//15 1897//15
f 1476//15 1501//15 3053//15 3028//15
f 1082//15 1046//15 2598//15 2634//15
f 306//15 320//15 1872//15 1859//15
f 792//15 794//15 2346//15 2344//15
f 329//15 322//15 1875//15 1881//15
f 376//15 325//15 1878//15 1928//15
f 1503//15 1504//15 3055//15 3056//15
f 1084//15 1085//15 2636//15 2637//15
f 285//15 327//15 1880//15 1838//15
f 1507//15 1505//15 3057//15 3058//15
f 794//15 796//15 2348//15 2346//15
f 195//15 329//15 1881//15 1748//15
f 282//15 330//15 1882//15 1835//15
f 1075//15 1087//15 2639//15 2627//15
f 311//15 331//15 1884//15 1864//15
f 796//15 798//15 2350//15 2348//15
f 1090//15 1088//15 2640//15 2641//15
f 308//15 333//15 1886//15 1861//15
f 356//15 336//15 1889//15 1908//15
f 1509//15 1510//15 3061//15 3062//15
f 348//15 339//15 1892//15 1900//15
f 1484//15 1511//15 3063//15 3036//15
f 798//15 800//15 2352//15 2350//15
f 355//15 342//15 1895//15 1907//15
f 379//15 345//15 1897//15 1931//15
f 1077//15 1092//15 2644//15 2630//15
f 386//15 347//15 1899//15 1938//15
f 1436//15 1513//15 3065//15 2988//15
f 800//15 802//15 2354//15 2352//15
f 271//15 348//15 1900//15 1824//15
f 322//15 349//15 1902//15 1875//15
f 1094//15 1095//15 2646//15 2647//15
f 303//15 351//15 1903//15 1856//15
f 1505//15 1442//15 2993//15 3057//15
f 802//15 804//15 2356//15 2354//15
f 383//15 353//15 1906//15 1935//15
f 333//15 355//15 1907//15 1886//15
f 987//15 1068//15 2621//15 2540//15
f 251//15 356//15 1908//15 1804//15
f 804//15 806//15 2358//15 2356//15
f 327//15 357//15 1909//15 1880//15
f 318//15 358//15 1910//15 1871//15
f 1490//15 1517//15 3069//15 3041//15
f 1098//15 1079//15 2632//15 2650//15
f 331//15 359//15 1911//15 1884//15
f 806//15 808//15 2360//15 2358//15
f 373//15 361//15 1914//15 1925//15
f 339//15 363//15 1916//15 1892//15
f 1471//15 1457//15 3009//15 3023//15
f 1030//15 1094//15 2647//15 2582//15
f 325//15 365//15 1917//15 1878//15
f 808//15 810//15 2362//15 2360//15
f 1102//15 1100//15 2652//15 2653//15
f 198//15 366//15 1919//15 1751//15
f 336//15 368//15 1920//15 1889//15
f 1520//15 1521//15 3072//15 3073//15
f 349//15 369//15 1921//15 1902//15
f 810//15 812//15 2364//15 2362//15
f 353//15 370//15 1922//15 1906//15
f 377//15 372//15 1924//15 1929//15
f 1501//15 1509//15 3062//15 3053//15
f 1089//15 1082//15 2634//15 2642//15
f 214//15 373//15 1925//15 1767//15
f 812//15 814//15 2366//15 2364//15
f 217//15 374//15 1926//15 1770//15
f 375//15 392//15 1944//15 1927//15
f 1422//15 1503//15 3056//15 2973//15
f 1105//15 1106//15 2657//15 2658//15
f 392//15 376//15 1928//15 1944//15
f 814//15 816//15 2368//15 2366//15
f 255//15 377//15 1929//15 1808//15
f 385//15 379//15 1931//15 1937//15
f 1495//15 1410//15 2962//15 3047//15
f 1108//15 1109//15 2660//15 2661//15
f 363//15 380//15 1933//15 1916//15
f 1472//15 1486//15 3037//15 3024//15
f 816//15 818//15 2370//15 2368//15
f 366//15 382//15 1934//15 1919//15
f 342//15 383//15 1935//15 1895//15
f 1069//15 1111//15 2663//15 2620//15
f 248//15 384//15 1936//15 1801//15
f 1398//15 1499//15 3050//15 2950//15
f 818//15 820//15 2372//15 2370//15
f 220//15 385//15 1937//15 1773//15
f 361//15 386//15 1938//15 1914//15
f 981//15 1105//15 2658//15 2534//15
f 395//15 393//15 1945//15 1946//15
f 820//15 822//15 2374//15 2372//15
f 1022//15 1066//15 2617//15 2574//15
f 394//15 395//15 1946//15 1947//15
f 1528//15 1529//15 3080//15 3081//15
f 393//15 396//15 1948//15 1945//15
f 1531//15 1507//15 3058//15 3082//15
f 822//15 824//15 2376//15 2374//15
f 1115//15 1093//15 2645//15 2666//15
f 396//15 398//15 1950//15 1948//15
f 824//15 826//15 2378//15 2376//15
f 1493//15 1432//15 2985//15 3044//15
f 1092//15 1117//15 2669//15 2644//15
f 398//15 400//15 1952//15 1950//15
f 1534//15 1369//15 2920//15 3085//15
f 826//15 828//15 2380//15 2378//15
f 1119//15 1120//15 2671//15 2672//15
f 400//15 402//15 1954//15 1952//15
f 1373//15 1502//15 3054//15 2925//15
f 828//15 830//15 2382//15 2380//15
f 1123//15 1121//15 2673//15 2674//15
f 402//15 404//15 1956//15 1954//15
f 830//15 832//15 2384//15 2382//15
f 1517//15 1482//15 3034//15 3069//15
f 1125//15 1126//15 2677//15 2678//15
f 404//15 406//15 1958//15 1956//15
f 1377//15 1519//15 3071//15 2929//15
f 832//15 834//15 2386//15 2384//15
f 1100//15 1127//15 2679//15 2652//15
f 406//15 408//15 1960//15 1958//15
f 1361//15 1538//15 3090//15 2913//15
f 834//15 836//15 2388//15 2386//15
f 1052//15 1129//15 2681//15 2604//15
f 408//15 410//15 1962//15 1960//15
f 836//15 838//15 2390//15 2388//15
f 1121//15 1058//15 2609//15 2673//15
f 3105//10 3107//10 3106//10
f 3108//10 3109//10 3105//10
f 3110//10 3111//10 3108//10
f 3112//10 3113//10 3110//10
f 3114//10 3115//10 3112//10
f 3116//10 3117//10 3114//10
f 3118//10 3119//10 3116//10
f 3120//10 3121//10 3118//10
f 3122//10 3123//10 3120//10
f 3124//10 3125//10 3122//10
f 3126//10 3127//10 3124//10
f 3128//10 3129//10 3126//10
f 3130//10 3131//10 3128//10
f 3132//10 3133//10 3130//10
f 3134//10 3135//10 3132//10
f 3136//10 3137//10 3134//10
f 3138//10 3139//10 3136//10
f 3140//10 3141//10 3138//10
f 3142//10 3143//10 3140//10
f 3144//10 3145//10 3142//10
f 3146//10 3147//10 3144//10
f 3148//10 3149//10 3146//10
f 3150//10 3151//10 3148//10
f 3152//10 3153//10 3150//10
f 3154//10 3155//10 3152//10
f 3156//10 3157//10 3154//10
f 3158//10 3159//10 3156//10
f 3160//10 3161//10 3158//10
f 3162//10 3163//10 3160//10
f 3164//10 3165//10 3162//10
f 3166//10 3167//10 3164//10
f 3168//10 3169//10 3166//10
f 3170//10 3171//10 3168//10
f 3172//10 3173//10 3170//10
f 3174//10 3175//10 3172//10
f 3176//10 3177//10 3174//10
f 3178//10 3179//10 3176//10
f 3180//10 3181//10 3178//10
f 3182//10 3183//10 3180//10
f 3184//10 3185//10 3182//10
f 3186//10 3187//10 3184//10
f 3188//10 3189//10 3186//10
f 3190//10 3191//10 3188//10
f 3192//10 3193//10 3190//10
f 3194//10 3195//10 3192//10
f 3196//10 3197//10 3194//10
f 3198//10 3199//10 3196//10
f 3105//10 3109//10 3107//10
f 3108//10 3111//10 3109//10
f 3110//10 3113//10 3111//10
f 3112//10 3115//10 3113//10
f 3114//10 3117//10 3115//10
f 3116//10 3119//10 3117//10
f 3118//10 3121//10 3119//10
f 3120//10 3123//10 3121//10
f 3122//10 3125//10 3123//10
f 3124//10 3127//10 3125//10
f 3126//10 3129//10 3127//10
f 3128//10 3131//10 3129//10
f 3130//10 3133//10 3131//10
f 3132//10 3135//10 3133//10
f 3134//10 3137//10 3135//10
f 3136//10 3139//10 3137//10
f 3138//10 3141//10 3139//10
f 3140//10 3143//10 3141//10
f 3142//10 3145//10 3143//10
f 3144//10 3147//10 3145//10
f 3146//10 3149//10 3147//10
f 3148//10 3151//10 3149//10
f 3150//10 3153//10 3151//10
f 3152//10 3155//10 3153//10
f 3154//10 3157//10 3155//10
f 3156//10 3159//10 3157//10
f 3158//10 3161//10 3159//10
f 3160//10 3163//10 3161//10
f 3162//10 3165//10 3163//10
f 3164//10 3167//10 3165//10
f 3166//10 3169//10 3167//10
f 3168//10 3171//10 3169//10
f 3170//10 3173//10 3171//10
f 3172//10 3175//10 3173//10
f 3174//10 3177//10 3175//10
f 3176//10 3179//10 3177//10
f 3178//10 3181//10 3179//10
f 3180//10 3183//10 3181//10
f 3182//10 3185//10 3183//10
f 3184//10 3187//10 3185//10
f 3186//10 3189//10 3187//10
f 3188//10 3191//10 3189//10
f 3190//10 3193//10 3191//10
f 3192//10 3195//10 3193//10
f 3194//10 3197//10 3195//10
f 3196//10 3199//10 3197//10
f 3198//10 3200//10 3199//10
f 3201//37 3203//36 3202//36
f 3204//38 3205//37 3201//37
f 3206//39 3207//38 3204//38
f 3208//40 3209//39 3206//39
f 3210//41 3211//40 3208//40
f 3212//10 3213//41 3210//41
f 3214//42 3215//10 3212//10
f 3216//43 3217//42 3214//42
f 3218//44 3219//43 3216//43
f 3220//45 3221//44 3218//44
f 3222//46 3223//45 3220//45
f 3224//47 3225//46 3222//46
f 3226//48 3227//47 3224//47
f 3228//49 3229//48 3226//48
f 3230//50 3231//49 3228//49
f 3232//51 3233//50 3230//50
f 3234//52 3235//51 3232//51
f 3236//2 3237//52 3234//52
f 3238//53 3239//2 3236//2
f 3240//54 3241//53 3238//53
f 3242//55 3243//54 3240//54
f 3244//56 3245//55 3242//55
f 3246//57 3247//56 3244//56
f 3248//15 3249//57 3246//57
f 3250//14 3251//15 3248//15
f 3252//16 3253//14 3250//14
f 3254//17 3255//16 3252//16
f 3256//18 3257//17 3254//17
f 3258//19 3259//18 3256//18
f 3260//9 3261//19 3258//19
f 3262//20 3263//9 3260//9
f 3264//21 3265//20 3262//20
f 3266//22 3267//21 3264//21
f 3268//23 3269//22 3266//22
f 3270//24 3271//23 3268//23
f 3272//25 3273//24 3270//24
f 3274//26 3275//25 3272//25
f 3276//27 3277//26 3274//26
f 3278//28 3279//27 3276//27
f 3280//29 3281//28 3278//28
f 3282//30 3283//29 3280//29
f 3284//1 3285//30 3282//30
f 3286//31 3287//1 3284//1
f 3288//32 3289//31 3286//31
f 3290//33 3291//32 3288//32
f 3292//34 3293//33 3290//33
f 3294//35 3295//34 3292//34
f 3202//36 3296//35 3294//35
f 3201//37 3205//37 3203//36
f 3204//38 3207//38 3205//37
f 3206//39 3209//39 3207//38
f 3208//40 3211//40 3209//39
f 3210//41 3213//41 3211//40
f 3212//10 3215//10 3213//41
f 3214//42 3217//42 3215//10
f 3216//43 3219//43 3217//42
f 3218//44 3221//44 3219//43
f 3220//45 3223//45 3221//44
f 3222//46 3225//46 3223//45
f 3224//47 3227//47 3225//46
f 3226//48 3229//48 3227//47
f 3228//49 3231//49 3229//48
f 3230//50 3233//50 3231//49
f 3232//51 3235//51 3233//50
f 3234//52 3237//52 3235//51
f 3236//2 3239//2 3237//52
f 3238//53 3241//53 3239//2
f 3240//54 3243//54 3241//53
f 3242//55 3245//55 3243//54
f 3244//56 3247//56 3245//55
f 3246//57 3249//57 3247//56
f 3248//15 3251//15 3249//57
f 3250//14 3253//14 3251//15
f 3252//16 3255//16 3253//14
f 3254//17 3257//17 3255//16
f 3256//18 3259//18 3257//17
f 3258//19 3261//19 3259//18
f 3260//9 3263//9 3261//19
f 3262//20 3265//20 3263//9
f 3264//21 3267//21 3265//20
f 3266//22 3269//22 3267//21
f 3268//23 3271//23 3269//22
f 3270//24 3273//24 3271//23
f 3272//25 3275//25 3273//24
f 3274//26 3277//26 3275//25
f 3276//27 3279//27 3277//26
f 3278//28 3281//28 3279//27
f 3280//29 3283//29 3281//28
f 3282//30 3285//30 3283//29
f 3284//1 3287//1 3285//30
f 3286//31 3289//31 3287//1
f 3288//32 3291//32 3289//31
f 3290//33 3293//33 3291//32
f 3292//34 3295//34 3293//33
f 3294//35 3296//35 3295//34
f 3202//36 3203//36 3296//35
f 3297//37 3299//36 3298//36
f 3300//38 3301//37 3297//37
f 3302//39 3303//38 3300//38
f 3304//40 3305//39 3302//39
f 3306//41 3307//40 3304//40
f 3308//10 3309//41 3306//41
f 3310//42 3311//10 3308//10
f 3312//43 3313//42 3310//42
f 3314//44 3315//43 3312//43
f 3316//45 3317//44 3314//44
f 3318//46 3319//45 3316//45
f 3320//47 3321//46 3318//46
f 3322//48 3323//47 3320//47
f 3324//49 3325//48 3322//48
f 3326//50 3327//49 3324//49
f 3328//51 3329//50 3326//50
f 3330//52 3331//51 3328//51
f 3332//2 3333//52 3330//52
f 3334//53 3335//2 3332//2
f 3336//54 3337//53 3334//53
f 3338//55 3339//54 3336//54
f 3340//56 3341//55 3338//55
f 3342//57 3343//56 3340//56
f 3344//15 3345//57 3342//57
f 3346//14 3347//15 3344//15
f 3348//16 3349//14 3346//14
f 3350//17 3351//16 3348//16
f 3352//18 3353//17 3350//17
f 3354//19 3355//18 3352//18
f 3356//9 3357//19 3354//19
f 3358//20 3359//9 3356//9
f 3360//21 3361//20 3358//20
f 3362//22 3363//21 3360//21
f 3364//23 3365//22 3362//22
f 3366//24 3367//23 3364//23
f 3368//25 3369//24 3366//24
f 3370//26 3371//25 3368//25
f 3372//27 3373//26 3370//26
f 3374//28 3375//27 3372//27
f 3376//29 3377//28 3374//28
f 3378//30 3379//29 3376//29
f 3380//1 3381//30 3378//30
f 3382//31 3383//1 3380//1
f 3384//32 3385//31 3382//31
f 3386//33 3387//32 3384//32
f 3388//34 3389//33 3386//33
f 3390//35 3391//34 3388//34
f 3298//36 3392//35 3390//35
f 3297//37 3301//37 3299//36
f 3300//38 3303//38 3301//37
f 3302//39 3305//39 3303//38
f 3304//40 3307//40 3305//39
f 3306//41 3309//41 3307//40
f 3308//10 3311//10 3309//41
f 3310//42 3313//42 3311//10
f 3312//43 3315//43 3313//42
f 3314//44 3317//44 3315//43
f 3316//45 3319//45 3317//44
f 3318//46 3321//46 3319//45
f 3320//47 3323//47 3321//46
f 3322//48 3325//48 3323//47
f 3324//49 3327//49 3325//48
f 3326//50 3329//50 3327//49
f 3328//51 3331//51 3329//50
f 3330//52 3333//52 3331//51
f 3332//2 3335//2 3333//52
f 3334//53 3337//53 3335//2
f 3336//54 3339//54 3337//53
f 3338//55 3341//55 3339//54
f 3340//56 3343//56 3341//55
f 3342//57 3345//57 3343//56
f 3344//15 3347//15 3345//57
f 3346//14 3349//14 3347//15
f 3348//16 3351//16 3349//14
f 3350//17 3353//17 3351//16
f 3352//18 3355//18 3353//17
f 3354//19 3357//19 3355//18
f 3356//9 3359//9 3357//19
f 3358//20 3361//20 3359//9
f 3360//21 3363//21 3361//20
f 3362//22 3365//22 3363//21
f 3364//23 3367//23 3365//22
f 3366//24 3369//24 3367//23
f 3368//25 3371//25 3369//24
f 3370//26 3373//26 3371//25
f 3372//27 3375//27 3373//26
f 3374//28 3377//28 3375//27
f 3376//29 3379//29 3377//28
f 3378//30 3381//30 3379//29
f 3380//1 3383//1 3381//30
f 3382//31 3385//31 3383//1
f 3384//32 3387//32 3385//31
f 3386//33 3389//33 3387//32
f 3388//34 3391//34 3389//33
f 3390//35 3392//35 3391//34
f 3298//36 3299//36 3392//35
f 1954//3 1956//3 3116//3 3114//3
f 2024//3 2026//3 3186//3 3184//3
f 3393//1 3395//1 3394//1
f 3396//1 3397//1 3395//1
f 3398//1 3399//1 3397//1
f 3400//1 3401//1 3399//1
f 3402//1 3403//1 3401//1
f 3404//1 3405//1 3403//1
f 3406//1 3407//1 3405//1
f 3408//1 3409//1 3407//1
f 3410//1 3411//1 3409//1
f 3412//1 3413//1 3411//1
f 3414//1 3415//1 3413//1
f 3416//1 3417//1 3415//1
f 3418//1 3419//1 3417//1
f 3420//1 3421//1 3419//1
f 3422//1 3423//1 3421//1
f 3424//1 3425//1 3423//1
f 3426//1 3427//1 3425//1
f 3428//1 3429//1 3427//1
f 3430//1 3431//1 3429//1
f 3432//1 3433//1 3431//1
f 3434//1 3435//1 3433//1
f 3436//1 3437//1 3435//1
f 3438//1 3439//1 3437//1
f 3440//1 3441//1 3439//1
f 3442//1 3443//1 3441//1
f 3444//1 3445//1 3443//1
f 3446//1 3447//1 3445//1
f 3448//1 3449//1 3447//1
f 3450//1 3451//1 3449//1
f 3452//1 3453//1 3451//1
f 3454//1 3455//1 3453//1
f 3456//1 3457//1 3455//1
f 3458//1 3459//1 3457//1
f 3460//1 3461//1 3459//1
f 3462//1 3463//1 3461//1
f 3464//1 3465//1 3463//1
f 3466//1 3467//1 3465//1
f 3468//1 3469//1 3467//1
f 3470//1 3471//1 3469//1
f 3472//1 3473//1 3471//1
f 3474//1 3475//1 3473//1
f 3476//1 3477//1 3475//1
f 3478//1 3479//1 3477//1
f 3480//1 3481//1 3479//1
f 3482//1 3483//1 3481//1
f 3484//1 3485//1 3483//1
f 3486//1 3487//1 3485//1
f 3393//1 3396//1 3395//1
f 3396//1 3398//1 3397//1
f 3398//1 3400//1 3399//1
f 3400//1 3402//1 3401//1
f 3402//1 3404//1 3403//1
f 3404//1 3406//1 3405//1
f 3406//1 3408//1 3407//1
f 3408//1 3410//1 3409//1
f 3410//1 3412//1 3411//1
f 3412//1 3414//1 3413//1
f 3414//1 3416//1 3415//1
f 3416//1 3418//1 3417//1
f 3418//1 3420//1 3419//1
f 3420//1 3422//1 3421//1
f 3422//1 3424//1 3423//1
f 3424//1 3426//1 3425//1
f 3426//1 3428//1 3427//1
f 3428//1 3430//1 3429//1
f 3430//1 3432//1 3431//1
f 3432//1 3434//1 3433//1
f 3434//1 3436//1 3435//1
f 3436//1 3438//1 3437//1
f 3438//1 3440//1 3439//1
f 3440//1 3442//1 3441//1
f 3442//1 3444//1 3443//1
f 3444//1 3446//1 3445//1
f 3446//1 3448//1 3447//1
f 3448//1 3450//1 3449//1
f 3450//1 3452//1 3451//1
f 3452//1 3454//1 3453//1
f 3454//1 3456//1 3455//1
f 3456//1 3458//1 3457//1
f 3458//1 3460//1 3459//1
f 3460//1 3462//1 3461//1
f 3462//1 3464//1 3463//1
f 3464//1 3466//1 3465//1
f 3466//1 3468//1 3467//1
f 3468//1 3470//1 3469//1
f 3470//1 3472//1 3471//1
f 3472//1 3474//1 3473//1
f 3474//1 3476//1 3475//1
f 3476//1 3478//1 3477//1
f 3478//1 3480//1 3479//1
f 3480//1 3482//1 3481//1
f 3482//1 3484//1 3483//1
f 3484//1 3486//1 3485//1
f 3486//1 3488//1 3487//1
f 1710//4 1708//4 3453//4 3455//4
f 1674//4 1672//4 3417//4 3419//4
