# Blender v2.78 (sub 0) OBJ File: 'battlefield-new.blend'
# www.blender.org
mtllib battalion-s5.mtl
o battalion.white.000_Cube.002
v -1.000000 -0.980000 0.980000
v -0.980000 -1.000000 0.980000
v -0.980000 -0.980000 1.000000
v -0.999829 -0.982610 0.980000
v -0.999318 -0.985177 0.980000
v -0.998478 -0.987654 0.980000
v -0.997321 -0.990000 0.980000
v -0.995867 -0.992175 0.980000
v -0.994142 -0.994142 0.980000
v -0.999829 -0.980000 0.982610
v -0.999641 -0.982678 0.982653
v -0.999093 -0.985322 0.982671
v -0.998215 -0.987813 0.982674
v -0.997055 -0.990100 0.982671
v -0.995648 -0.992167 0.982664
v -0.994024 -0.994009 0.982659
v -0.999318 -0.980000 0.985177
v -0.999096 -0.982704 0.985296
v -0.998512 -0.985372 0.985332
v -0.997621 -0.987835 0.985303
v -0.996491 -0.990026 0.985248
v -0.995167 -0.991958 0.985193
v -0.993670 -0.993655 0.985165
v -0.998478 -0.980000 0.987654
v -0.998215 -0.982702 0.987805
v -0.997617 -0.985341 0.987818
v -0.996750 -0.987738 0.987717
v -0.995699 -0.989811 0.987570
v -0.994498 -0.991599 0.987434
v -0.993151 -0.993145 0.987366
v -0.997321 -0.980000 0.990000
v -0.997047 -0.982691 0.990108
v -0.996479 -0.985276 0.990030
v -0.995693 -0.987586 0.989807
v -0.994777 -0.989532 0.989527
v -0.993743 -0.991178 0.989283
v -0.992572 -0.992570 0.989161
v -0.995867 -0.980000 0.992176
v -0.995634 -0.982674 0.992183
v -0.995151 -0.985207 0.991972
v -0.994490 -0.987443 0.991604
v -0.993740 -0.989286 0.991179
v -0.992926 -0.990791 0.990791
v -0.992000 -0.992000 0.990582
v -0.991547 -0.991547 0.991547
v -0.980000 -0.999829 0.982610
v -0.980000 -0.999318 0.985177
v -0.980000 -0.998477 0.987654
v -0.980000 -0.997321 0.990000
v -0.980000 -0.995867 0.992176
v -0.980000 -0.994142 0.994142
v -0.982610 -0.999829 0.980000
v -0.982653 -0.999641 0.982679
v -0.982671 -0.999093 0.985322
v -0.982674 -0.998215 0.987813
v -0.982671 -0.997054 0.990100
v -0.982663 -0.995648 0.992167
v -0.982659 -0.994024 0.994009
v -0.985177 -0.999318 0.980000
v -0.985296 -0.999096 0.982704
v -0.985332 -0.998512 0.985372
v -0.985302 -0.997621 0.987835
v -0.985248 -0.996491 0.990026
v -0.985193 -0.995167 0.991958
v -0.985165 -0.993670 0.993655
v -0.987654 -0.998478 0.980000
v -0.987805 -0.998215 0.982702
v -0.987818 -0.997617 0.985341
v -0.987717 -0.996750 0.987739
v -0.987570 -0.995699 0.989811
v -0.987434 -0.994498 0.991599
v -0.987366 -0.993151 0.993145
v -0.990000 -0.997321 0.980000
v -0.990107 -0.997047 0.982691
v -0.990030 -0.996479 0.985277
v -0.989807 -0.995693 0.987586
v -0.989527 -0.994777 0.989533
v -0.989283 -0.993743 0.991178
v -0.989161 -0.992572 0.992571
v -0.992175 -0.995867 0.980000
v -0.992183 -0.995634 0.982674
v -0.991972 -0.995151 0.985208
v -0.991604 -0.994490 0.987443
v -0.991179 -0.993740 0.989286
v -0.990791 -0.992926 0.990792
v -0.990582 -0.992000 0.992000
v -0.982610 -0.980000 0.999829
v -0.985177 -0.980000 0.999319
v -0.987654 -0.980000 0.998478
v -0.990000 -0.980000 0.997321
v -0.992175 -0.980000 0.995867
v -0.994142 -0.980000 0.994142
v -0.980000 -0.982610 0.999829
v -0.982678 -0.982653 0.999642
v -0.985322 -0.982671 0.999093
v -0.987813 -0.982674 0.998216
v -0.990100 -0.982671 0.997055
v -0.992167 -0.982663 0.995648
v -0.994009 -0.982659 0.994024
v -0.980000 -0.985177 0.999319
v -0.982704 -0.985295 0.999096
v -0.985372 -0.985332 0.998512
v -0.987835 -0.985302 0.997621
v -0.990026 -0.985248 0.996491
v -0.991958 -0.985193 0.995167
v -0.993655 -0.985165 0.993670
v -0.980000 -0.987654 0.998478
v -0.982702 -0.987805 0.998215
v -0.985341 -0.987818 0.997617
v -0.987739 -0.987717 0.996750
v -0.989811 -0.987569 0.995699
v -0.991599 -0.987434 0.994498
v -0.993145 -0.987366 0.993151
v -0.980000 -0.990000 0.997321
v -0.982691 -0.990107 0.997047
v -0.985277 -0.990030 0.996479
v -0.987586 -0.989807 0.995693
v -0.989532 -0.989527 0.994777
v -0.991178 -0.989283 0.993743
v -0.992570 -0.989161 0.992572
v -0.980000 -0.992175 0.995867
v -0.982674 -0.992183 0.995634
v -0.985208 -0.991972 0.995151
v -0.987443 -0.991604 0.994490
v -0.989286 -0.991179 0.993740
v -0.990792 -0.990791 0.992926
v -0.992000 -0.990582 0.992001
v 0.980000 -1.000000 0.980000
v 1.000000 -0.980000 0.980000
v 0.980000 -0.980000 1.000000
v 0.982610 -0.999829 0.980000
v 0.985177 -0.999319 0.980000
v 0.987654 -0.998478 0.980000
v 0.990000 -0.997321 0.980000
v 0.992175 -0.995867 0.980000
v 0.994142 -0.994142 0.980000
v 0.980000 -0.999829 0.982610
v 0.982678 -0.999642 0.982653
v 0.985322 -0.999093 0.982671
v 0.987813 -0.998216 0.982674
v 0.990100 -0.997055 0.982671
v 0.992167 -0.995648 0.982663
v 0.994009 -0.994024 0.982659
v 0.980000 -0.999319 0.985177
v 0.982704 -0.999096 0.985295
v 0.985372 -0.998512 0.985332
v 0.987835 -0.997621 0.985302
v 0.990026 -0.996491 0.985248
v 0.991958 -0.995167 0.985193
v 0.993655 -0.993670 0.985165
v 0.980000 -0.998478 0.987654
v 0.982702 -0.998215 0.987805
v 0.985341 -0.997617 0.987818
v 0.987739 -0.996750 0.987717
v 0.989811 -0.995699 0.987569
v 0.991599 -0.994498 0.987434
v 0.993145 -0.993151 0.987366
v 0.980000 -0.997321 0.990000
v 0.982691 -0.997047 0.990107
v 0.985277 -0.996479 0.990030
v 0.987586 -0.995693 0.989807
v 0.989532 -0.994777 0.989527
v 0.991178 -0.993743 0.989283
v 0.992570 -0.992572 0.989161
v 0.980000 -0.995867 0.992175
v 0.982674 -0.995634 0.992183
v 0.985208 -0.995151 0.991972
v 0.987443 -0.994490 0.991604
v 0.989286 -0.993740 0.991179
v 0.990792 -0.992926 0.990791
v 0.992000 -0.992001 0.990582
v 0.991547 -0.991547 0.991547
v 0.999829 -0.980000 0.982610
v 0.999318 -0.980000 0.985177
v 0.998478 -0.980000 0.987654
v 0.997321 -0.980000 0.990000
v 0.995867 -0.980000 0.992175
v 0.994142 -0.980000 0.994142
v 0.999829 -0.982610 0.980000
v 0.999641 -0.982653 0.982678
v 0.999093 -0.982671 0.985322
v 0.998215 -0.982674 0.987813
v 0.997055 -0.982671 0.990100
v 0.995648 -0.982664 0.992167
v 0.994024 -0.982659 0.994009
v 0.999318 -0.985177 0.980000
v 0.999096 -0.985296 0.982704
v 0.998512 -0.985332 0.985372
v 0.997621 -0.985303 0.987835
v 0.996491 -0.985248 0.990026
v 0.995167 -0.985193 0.991958
v 0.993670 -0.985165 0.993655
v 0.998478 -0.987654 0.980000
v 0.998215 -0.987805 0.982702
v 0.997617 -0.987818 0.985341
v 0.996750 -0.987717 0.987738
v 0.995699 -0.987570 0.989811
v 0.994498 -0.987434 0.991599
v 0.993151 -0.987366 0.993145
v 0.997321 -0.990000 0.980000
v 0.997047 -0.990108 0.982691
v 0.996479 -0.990030 0.985276
v 0.995693 -0.989807 0.987586
v 0.994777 -0.989527 0.989532
v 0.993743 -0.989283 0.991178
v 0.992572 -0.989161 0.992570
v 0.995867 -0.992176 0.980000
v 0.995634 -0.992183 0.982674
v 0.995151 -0.991972 0.985207
v 0.994490 -0.991604 0.987443
v 0.993740 -0.991179 0.989286
v 0.992926 -0.990791 0.990791
v 0.992000 -0.990582 0.992000
v 0.980000 -0.982610 0.999829
v 0.980000 -0.985177 0.999318
v 0.980000 -0.987654 0.998477
v 0.980000 -0.990000 0.997321
v 0.980000 -0.992176 0.995867
v 0.980000 -0.994142 0.994142
v 0.982610 -0.980000 0.999829
v 0.982653 -0.982679 0.999641
v 0.982671 -0.985322 0.999093
v 0.982674 -0.987813 0.998215
v 0.982671 -0.990100 0.997054
v 0.982663 -0.992167 0.995648
v 0.982659 -0.994009 0.994024
v 0.985177 -0.980000 0.999318
v 0.985296 -0.982704 0.999096
v 0.985332 -0.985372 0.998512
v 0.985302 -0.987835 0.997621
v 0.985248 -0.990026 0.996491
v 0.985193 -0.991958 0.995167
v 0.985165 -0.993655 0.993670
v 0.987654 -0.980000 0.998478
v 0.987805 -0.982702 0.998215
v 0.987818 -0.985341 0.997617
v 0.987717 -0.987739 0.996750
v 0.987570 -0.989811 0.995699
v 0.987434 -0.991599 0.994498
v 0.987366 -0.993145 0.993151
v 0.990000 -0.980000 0.997321
v 0.990107 -0.982691 0.997047
v 0.990030 -0.985277 0.996479
v 0.989807 -0.987586 0.995693
v 0.989527 -0.989533 0.994777
v 0.989283 -0.991178 0.993743
v 0.989161 -0.992571 0.992572
v 0.992175 -0.980000 0.995867
v 0.992183 -0.982674 0.995634
v 0.991972 -0.985208 0.995151
v 0.991604 -0.987443 0.994490
v 0.991179 -0.989286 0.993740
v 0.990791 -0.990792 0.992926
v 0.990582 -0.992000 0.992000
v -1.000000 0.980000 0.980000
v -0.980000 0.980000 1.000000
v -0.980000 1.000000 0.980000
v -0.999829 0.980000 0.982610
v -0.999318 0.980000 0.985177
v -0.998477 0.980000 0.987654
v -0.997321 0.980000 0.990000
v -0.995867 0.980000 0.992176
v -0.994142 0.980000 0.994142
v -0.999829 0.982610 0.980000
v -0.999641 0.982653 0.982679
v -0.999093 0.982671 0.985322
v -0.998215 0.982674 0.987813
v -0.997054 0.982671 0.990100
v -0.995648 0.982664 0.992167
v -0.994024 0.982659 0.994009
v -0.999318 0.985177 0.980000
v -0.999096 0.985296 0.982704
v -0.998512 0.985332 0.985372
v -0.997621 0.985303 0.987835
v -0.996491 0.985248 0.990026
v -0.995167 0.985193 0.991958
v -0.993670 0.985165 0.993655
v -0.998478 0.987654 0.980000
v -0.998215 0.987805 0.982702
v -0.997617 0.987818 0.985341
v -0.996750 0.987717 0.987739
v -0.995699 0.987570 0.989811
v -0.994498 0.987434 0.991599
v -0.993151 0.987366 0.993145
v -0.997321 0.990000 0.980000
v -0.997047 0.990108 0.982691
v -0.996479 0.990030 0.985277
v -0.995693 0.989807 0.987586
v -0.994777 0.989527 0.989533
v -0.993743 0.989283 0.991178
v -0.992572 0.989161 0.992571
v -0.995867 0.992176 0.980000
v -0.995634 0.992183 0.982674
v -0.995151 0.991972 0.985208
v -0.994490 0.991604 0.987443
v -0.993740 0.991179 0.989286
v -0.992926 0.990791 0.990792
v -0.992000 0.990582 0.992000
v -0.991547 0.991547 0.991547
v -0.980000 0.982610 0.999829
v -0.980000 0.985177 0.999319
v -0.980000 0.987654 0.998478
v -0.980000 0.990000 0.997321
v -0.980000 0.992176 0.995867
v -0.980000 0.994142 0.994142
v -0.982610 0.980000 0.999829
v -0.982653 0.982679 0.999642
v -0.982671 0.985322 0.999093
v -0.982674 0.987813 0.998216
v -0.982671 0.990100 0.997055
v -0.982663 0.992167 0.995648
v -0.982659 0.994009 0.994024
v -0.985177 0.980000 0.999319
v -0.985295 0.982704 0.999096
v -0.985332 0.985372 0.998512
v -0.985302 0.987835 0.997621
v -0.985248 0.990026 0.996491
v -0.985193 0.991958 0.995167
v -0.985165 0.993655 0.993670
v -0.987654 0.980000 0.998478
v -0.987805 0.982702 0.998215
v -0.987818 0.985341 0.997617
v -0.987717 0.987739 0.996750
v -0.987569 0.989811 0.995699
v -0.987434 0.991599 0.994498
v -0.987366 0.993145 0.993151
v -0.990000 0.980000 0.997321
v -0.990107 0.982691 0.997047
v -0.990030 0.985277 0.996479
v -0.989807 0.987586 0.995693
v -0.989527 0.989533 0.994777
v -0.989283 0.991178 0.993743
v -0.989161 0.992571 0.992572
v -0.992175 0.980000 0.995867
v -0.992183 0.982674 0.995634
v -0.991972 0.985208 0.995151
v -0.991604 0.987443 0.994490
v -0.991179 0.989286 0.993740
v -0.990791 0.990792 0.992926
v -0.990582 0.992000 0.992001
v -0.982610 0.999829 0.980000
v -0.985177 0.999319 0.980000
v -0.987654 0.998478 0.980000
v -0.990000 0.997321 0.980000
v -0.992175 0.995867 0.980000
v -0.994142 0.994142 0.980000
v -0.980000 0.999829 0.982610
v -0.982678 0.999642 0.982653
v -0.985322 0.999093 0.982671
v -0.987813 0.998216 0.982674
v -0.990100 0.997055 0.982671
v -0.992167 0.995648 0.982664
v -0.994009 0.994024 0.982659
v -0.980000 0.999319 0.985177
v -0.982704 0.999096 0.985296
v -0.985372 0.998512 0.985332
v -0.987835 0.997621 0.985303
v -0.990026 0.996491 0.985248
v -0.991958 0.995167 0.985193
v -0.993655 0.993670 0.985165
v -0.980000 0.998478 0.987654
v -0.982702 0.998215 0.987805
v -0.985341 0.997617 0.987818
v -0.987738 0.996750 0.987717
v -0.989811 0.995699 0.987570
v -0.991599 0.994498 0.987434
v -0.993145 0.993151 0.987366
v -0.980000 0.997321 0.990000
v -0.982691 0.997047 0.990108
v -0.985276 0.996479 0.990030
v -0.987586 0.995693 0.989807
v -0.989532 0.994777 0.989527
v -0.991178 0.993743 0.989283
v -0.992570 0.992572 0.989161
v -0.980000 0.995867 0.992176
v -0.982674 0.995634 0.992183
v -0.985207 0.995151 0.991972
v -0.987443 0.994490 0.991604
v -0.989286 0.993740 0.991179
v -0.990791 0.992926 0.990791
v -0.992000 0.992001 0.990582
v 1.000000 0.980000 0.980000
v 0.980000 1.000000 0.980000
v 0.980000 0.980000 1.000000
v 0.999829 0.982610 0.980000
v 0.999319 0.985177 0.980000
v 0.998478 0.987654 0.980000
v 0.997321 0.990000 0.980000
v 0.995867 0.992175 0.980000
v 0.994142 0.994142 0.980000
v 0.999829 0.980000 0.982610
v 0.999642 0.982678 0.982653
v 0.999093 0.985322 0.982671
v 0.998216 0.987813 0.982674
v 0.997055 0.990100 0.982671
v 0.995648 0.992167 0.982663
v 0.994024 0.994009 0.982659
v 0.999319 0.980000 0.985177
v 0.999096 0.982704 0.985295
v 0.998512 0.985372 0.985332
v 0.997621 0.987835 0.985302
v 0.996491 0.990026 0.985248
v 0.995167 0.991958 0.985193
v 0.993670 0.993655 0.985165
v 0.998478 0.980000 0.987654
v 0.998215 0.982702 0.987805
v 0.997617 0.985341 0.987818
v 0.996750 0.987738 0.987717
v 0.995699 0.989811 0.987569
v 0.994498 0.991599 0.987434
v 0.993151 0.993145 0.987366
v 0.997321 0.980000 0.990000
v 0.997047 0.982691 0.990107
v 0.996479 0.985276 0.990030
v 0.995693 0.987586 0.989807
v 0.994777 0.989532 0.989527
v 0.993743 0.991178 0.989283
v 0.992572 0.992570 0.989161
v 0.995867 0.980000 0.992175
v 0.995634 0.982674 0.992183
v 0.995151 0.985207 0.991972
v 0.994490 0.987443 0.991604
v 0.993740 0.989286 0.991179
v 0.992926 0.990791 0.990791
v 0.992001 0.992000 0.990582
v 0.991547 0.991547 0.991547
v 0.980000 0.999829 0.982610
v 0.980000 0.999318 0.985177
v 0.980000 0.998477 0.987654
v 0.980000 0.997321 0.990000
v 0.980000 0.995867 0.992175
v 0.980000 0.994142 0.994142
v 0.982610 0.999829 0.980000
v 0.982653 0.999641 0.982678
v 0.982671 0.999093 0.985322
v 0.982674 0.998215 0.987813
v 0.982671 0.997054 0.990100
v 0.982664 0.995648 0.992167
v 0.982659 0.994024 0.994009
v 0.985177 0.999318 0.980000
v 0.985296 0.999096 0.982704
v 0.985332 0.998512 0.985372
v 0.985303 0.997621 0.987835
v 0.985248 0.996491 0.990026
v 0.985193 0.995167 0.991958
v 0.985165 0.993670 0.993655
v 0.987654 0.998478 0.980000
v 0.987805 0.998215 0.982702
v 0.987818 0.997617 0.985341
v 0.987717 0.996750 0.987738
v 0.987570 0.995699 0.989811
v 0.987434 0.994498 0.991599
v 0.987366 0.993151 0.993145
v 0.990000 0.997321 0.980000
v 0.990108 0.997047 0.982691
v 0.990030 0.996479 0.985276
v 0.989807 0.995693 0.987586
v 0.989527 0.994777 0.989532
v 0.989283 0.993743 0.991178
v 0.989161 0.992572 0.992570
v 0.992176 0.995867 0.980000
v 0.992183 0.995634 0.982674
v 0.991972 0.995151 0.985207
v 0.991604 0.994490 0.987443
v 0.991179 0.993740 0.989286
v 0.990791 0.992926 0.990791
v 0.990582 0.992000 0.992000
v 0.982610 0.980000 0.999829
v 0.985177 0.980000 0.999318
v 0.987654 0.980000 0.998477
v 0.990000 0.980000 0.997321
v 0.992176 0.980000 0.995867
v 0.994142 0.980000 0.994142
v 0.980000 0.982610 0.999829
v 0.982679 0.982653 0.999641
v 0.985322 0.982671 0.999093
v 0.987813 0.982674 0.998215
v 0.990100 0.982671 0.997054
v 0.992167 0.982663 0.995648
v 0.994009 0.982659 0.994024
v 0.980000 0.985177 0.999318
v 0.982704 0.985295 0.999096
v 0.985372 0.985332 0.998512
v 0.987835 0.985302 0.997621
v 0.990026 0.985248 0.996491
v 0.991958 0.985193 0.995167
v 0.993655 0.985165 0.993670
v 0.980000 0.987654 0.998478
v 0.982702 0.987805 0.998215
v 0.985341 0.987818 0.997617
v 0.987739 0.987717 0.996750
v 0.989811 0.987569 0.995699
v 0.991599 0.987434 0.994498
v 0.993145 0.987366 0.993151
v 0.980000 0.990000 0.997321
v 0.982691 0.990107 0.997047
v 0.985277 0.990030 0.996479
v 0.987586 0.989807 0.995693
v 0.989533 0.989527 0.994777
v 0.991178 0.989283 0.993743
v 0.992571 0.989161 0.992572
v 0.980000 0.992175 0.995867
v 0.982674 0.992183 0.995634
v 0.985208 0.991972 0.995151
v 0.987443 0.991604 0.994490
v 0.989286 0.991179 0.993740
v 0.990792 0.990791 0.992926
v 0.992000 0.990582 0.992000
v -1.000000 -0.980000 -0.980000
v -0.980000 -0.980000 -1.000000
v -0.980000 -1.000000 -0.980000
v -0.999829 -0.980000 -0.982610
v -0.999319 -0.980000 -0.985177
v -0.998478 -0.980000 -0.987654
v -0.997321 -0.980000 -0.990000
v -0.995867 -0.980000 -0.992175
v -0.994142 -0.980000 -0.994142
v -0.999829 -0.982610 -0.980000
v -0.999642 -0.982653 -0.982678
v -0.999093 -0.982671 -0.985322
v -0.998216 -0.982674 -0.987813
v -0.997055 -0.982671 -0.990100
v -0.995648 -0.982663 -0.992167
v -0.994024 -0.982659 -0.994009
v -0.999319 -0.985177 -0.980000
v -0.999096 -0.985295 -0.982704
v -0.998512 -0.985332 -0.985372
v -0.997621 -0.985302 -0.987835
v -0.996491 -0.985248 -0.990026
v -0.995167 -0.985193 -0.991958
v -0.993670 -0.985165 -0.993655
v -0.998478 -0.987654 -0.980000
v -0.998215 -0.987805 -0.982702
v -0.997617 -0.987818 -0.985341
v -0.996750 -0.987717 -0.987738
v -0.995699 -0.987569 -0.989811
v -0.994498 -0.987434 -0.991599
v -0.993151 -0.987366 -0.993145
v -0.997321 -0.990000 -0.980000
v -0.997047 -0.990107 -0.982691
v -0.996479 -0.990030 -0.985276
v -0.995693 -0.989807 -0.987586
v -0.994777 -0.989527 -0.989532
v -0.993743 -0.989283 -0.991178
v -0.992572 -0.989161 -0.992570
v -0.995867 -0.992175 -0.980000
v -0.995634 -0.992183 -0.982674
v -0.995151 -0.991972 -0.985207
v -0.994490 -0.991604 -0.987443
v -0.993740 -0.991179 -0.989286
v -0.992926 -0.990791 -0.990791
v -0.992001 -0.990582 -0.992000
v -0.991547 -0.991547 -0.991547
v -0.980000 -0.982610 -0.999829
v -0.980000 -0.985177 -0.999318
v -0.980000 -0.987654 -0.998477
v -0.980000 -0.990000 -0.997321
v -0.980000 -0.992175 -0.995867
v -0.980000 -0.994142 -0.994142
v -0.982610 -0.980000 -0.999829
v -0.982653 -0.982678 -0.999641
v -0.982671 -0.985322 -0.999093
v -0.982674 -0.987813 -0.998215
v -0.982671 -0.990100 -0.997054
v -0.982664 -0.992167 -0.995648
v -0.982659 -0.994009 -0.994024
v -0.985177 -0.980000 -0.999318
v -0.985296 -0.982704 -0.999096
v -0.985332 -0.985372 -0.998512
v -0.985303 -0.987835 -0.997621
v -0.985248 -0.990026 -0.996491
v -0.985193 -0.991958 -0.995167
v -0.985165 -0.993655 -0.993670
v -0.987654 -0.980000 -0.998478
v -0.987805 -0.982702 -0.998215
v -0.987818 -0.985341 -0.997617
v -0.987717 -0.987738 -0.996750
v -0.987570 -0.989811 -0.995699
v -0.987434 -0.991599 -0.994498
v -0.987366 -0.993145 -0.993151
v -0.990000 -0.980000 -0.997321
v -0.990108 -0.982691 -0.997047
v -0.990030 -0.985276 -0.996479
v -0.989807 -0.987586 -0.995693
v -0.989527 -0.989532 -0.994777
v -0.989283 -0.991178 -0.993743
v -0.989161 -0.992570 -0.992572
v -0.992176 -0.980000 -0.995867
v -0.992183 -0.982674 -0.995634
v -0.991972 -0.985207 -0.995151
v -0.991604 -0.987443 -0.994490
v -0.991179 -0.989286 -0.993740
v -0.990791 -0.990791 -0.992926
v -0.990582 -0.992000 -0.992000
v -0.982610 -0.999829 -0.980000
v -0.985177 -0.999318 -0.980000
v -0.987654 -0.998477 -0.980000
v -0.990000 -0.997321 -0.980000
v -0.992176 -0.995867 -0.980000
v -0.994142 -0.994142 -0.980000
v -0.980000 -0.999829 -0.982610
v -0.982679 -0.999641 -0.982653
v -0.985322 -0.999093 -0.982671
v -0.987813 -0.998215 -0.982674
v -0.990100 -0.997054 -0.982671
v -0.992167 -0.995648 -0.982663
v -0.994009 -0.994024 -0.982659
v -0.980000 -0.999318 -0.985177
v -0.982704 -0.999096 -0.985295
v -0.985372 -0.998512 -0.985332
v -0.987835 -0.997621 -0.985302
v -0.990026 -0.996491 -0.985248
v -0.991958 -0.995167 -0.985193
v -0.993655 -0.993670 -0.985165
v -0.980000 -0.998478 -0.987654
v -0.982702 -0.998215 -0.987805
v -0.985341 -0.997617 -0.987818
v -0.987739 -0.996750 -0.987717
v -0.989811 -0.995699 -0.987569
v -0.991599 -0.994498 -0.987434
v -0.993145 -0.993151 -0.987366
v -0.980000 -0.997321 -0.990000
v -0.982691 -0.997047 -0.990107
v -0.985277 -0.996479 -0.990030
v -0.987586 -0.995693 -0.989807
v -0.989533 -0.994777 -0.989527
v -0.991178 -0.993743 -0.989283
v -0.992571 -0.992572 -0.989161
v -0.980000 -0.995867 -0.992175
v -0.982674 -0.995634 -0.992183
v -0.985208 -0.995151 -0.991972
v -0.987443 -0.994490 -0.991604
v -0.989286 -0.993740 -0.991179
v -0.990792 -0.992926 -0.990791
v -0.992000 -0.992000 -0.990582
v 1.000000 -0.980000 -0.980000
v 0.980000 -1.000000 -0.980000
v 0.980000 -0.980000 -1.000000
v 0.999829 -0.982610 -0.980000
v 0.999318 -0.985177 -0.980000
v 0.998477 -0.987654 -0.980000
v 0.997321 -0.990000 -0.980000
v 0.995867 -0.992176 -0.980000
v 0.994142 -0.994142 -0.980000
v 0.999829 -0.980000 -0.982610
v 0.999641 -0.982679 -0.982653
v 0.999093 -0.985322 -0.982671
v 0.998215 -0.987813 -0.982674
v 0.997054 -0.990100 -0.982671
v 0.995648 -0.992167 -0.982664
v 0.994024 -0.994009 -0.982659
v 0.999318 -0.980000 -0.985177
v 0.999096 -0.982704 -0.985296
v 0.998512 -0.985372 -0.985332
v 0.997621 -0.987835 -0.985303
v 0.996491 -0.990026 -0.985248
v 0.995167 -0.991958 -0.985193
v 0.993670 -0.993655 -0.985165
v 0.998478 -0.980000 -0.987654
v 0.998215 -0.982702 -0.987805
v 0.997617 -0.985341 -0.987818
v 0.996750 -0.987739 -0.987717
v 0.995699 -0.989811 -0.987570
v 0.994498 -0.991599 -0.987434
v 0.993151 -0.993145 -0.987366
v 0.997321 -0.980000 -0.990000
v 0.997047 -0.982691 -0.990108
v 0.996479 -0.985277 -0.990030
v 0.995693 -0.987586 -0.989807
v 0.994777 -0.989533 -0.989527
v 0.993743 -0.991178 -0.989283
v 0.992572 -0.992571 -0.989161
v 0.995867 -0.980000 -0.992176
v 0.995634 -0.982674 -0.992183
v 0.995151 -0.985208 -0.991972
v 0.994490 -0.987443 -0.991604
v 0.993740 -0.989286 -0.991179
v 0.992926 -0.990792 -0.990791
v 0.992000 -0.992000 -0.990582
v 0.991547 -0.991547 -0.991547
v 0.980000 -0.999829 -0.982610
v 0.980000 -0.999319 -0.985177
v 0.980000 -0.998478 -0.987654
v 0.980000 -0.997321 -0.990000
v 0.980000 -0.995867 -0.992176
v 0.980000 -0.994142 -0.994142
v 0.982610 -0.999829 -0.980000
v 0.982653 -0.999642 -0.982679
v 0.982671 -0.999093 -0.985322
v 0.982674 -0.998216 -0.987813
v 0.982671 -0.997055 -0.990100
v 0.982663 -0.995648 -0.992167
v 0.982659 -0.994024 -0.994009
v 0.985177 -0.999319 -0.980000
v 0.985295 -0.999096 -0.982704
v 0.985332 -0.998512 -0.985372
v 0.985302 -0.997621 -0.987835
v 0.985248 -0.996491 -0.990026
v 0.985193 -0.995167 -0.991958
v 0.985165 -0.993670 -0.993655
v 0.987654 -0.998478 -0.980000
v 0.987805 -0.998215 -0.982702
v 0.987818 -0.997617 -0.985341
v 0.987717 -0.996750 -0.987739
v 0.987569 -0.995699 -0.989811
v 0.987434 -0.994498 -0.991599
v 0.987366 -0.993151 -0.993145
v 0.990000 -0.997321 -0.980000
v 0.990107 -0.997047 -0.982691
v 0.990030 -0.996479 -0.985277
v 0.989807 -0.995693 -0.987586
v 0.989527 -0.994777 -0.989533
v 0.989283 -0.993743 -0.991178
v 0.989161 -0.992572 -0.992571
v 0.992175 -0.995867 -0.980000
v 0.992183 -0.995634 -0.982674
v 0.991972 -0.995151 -0.985208
v 0.991604 -0.994490 -0.987443
v 0.991179 -0.993740 -0.989286
v 0.990791 -0.992926 -0.990792
v 0.990582 -0.992001 -0.992000
v 0.982610 -0.980000 -0.999829
v 0.985177 -0.980000 -0.999319
v 0.987654 -0.980000 -0.998478
v 0.990000 -0.980000 -0.997321
v 0.992175 -0.980000 -0.995867
v 0.994142 -0.980000 -0.994142
v 0.980000 -0.982610 -0.999829
v 0.982678 -0.982653 -0.999642
v 0.985322 -0.982671 -0.999093
v 0.987813 -0.982674 -0.998216
v 0.990100 -0.982671 -0.997055
v 0.992167 -0.982664 -0.995648
v 0.994009 -0.982659 -0.994024
v 0.980000 -0.985177 -0.999319
v 0.982704 -0.985296 -0.999096
v 0.985372 -0.985332 -0.998512
v 0.987835 -0.985303 -0.997621
v 0.990026 -0.985248 -0.996491
v 0.991958 -0.985193 -0.995167
v 0.993655 -0.985165 -0.993670
v 0.980000 -0.987654 -0.998478
v 0.982702 -0.987805 -0.998215
v 0.985341 -0.987818 -0.997617
v 0.987738 -0.987717 -0.996750
v 0.989811 -0.987570 -0.995699
v 0.991599 -0.987434 -0.994498
v 0.993145 -0.987366 -0.993151
v 0.980000 -0.990000 -0.997321
v 0.982691 -0.990108 -0.997047
v 0.985276 -0.990030 -0.996479
v 0.987586 -0.989807 -0.995693
v 0.989532 -0.989527 -0.994777
v 0.991178 -0.989283 -0.993743
v 0.992570 -0.989161 -0.992572
v 0.980000 -0.992176 -0.995867
v 0.982674 -0.992183 -0.995634
v 0.985207 -0.991972 -0.995151
v 0.987443 -0.991604 -0.994490
v 0.989286 -0.991179 -0.993740
v 0.990791 -0.990791 -0.992926
v 0.992000 -0.990582 -0.992001
v -1.000000 0.980000 -0.980000
v -0.980000 1.000000 -0.980000
v -0.980000 0.980000 -1.000000
v -0.999829 0.982610 -0.980000
v -0.999318 0.985177 -0.980000
v -0.998478 0.987654 -0.980000
v -0.997321 0.990000 -0.980000
v -0.995867 0.992176 -0.980000
v -0.994142 0.994142 -0.980000
v -0.999829 0.980000 -0.982610
v -0.999641 0.982679 -0.982653
v -0.999093 0.985322 -0.982671
v -0.998215 0.987813 -0.982674
v -0.997055 0.990100 -0.982671
v -0.995648 0.992167 -0.982663
v -0.994024 0.994009 -0.982659
v -0.999318 0.980000 -0.985177
v -0.999096 0.982704 -0.985295
v -0.998512 0.985372 -0.985332
v -0.997621 0.987835 -0.985302
v -0.996491 0.990026 -0.985248
v -0.995167 0.991958 -0.985193
v -0.993670 0.993655 -0.985165
v -0.998478 0.980000 -0.987654
v -0.998215 0.982702 -0.987805
v -0.997617 0.985341 -0.987818
v -0.996750 0.987739 -0.987717
v -0.995699 0.989811 -0.987569
v -0.994498 0.991599 -0.987434
v -0.993151 0.993145 -0.987366
v -0.997321 0.980000 -0.990000
v -0.997047 0.982691 -0.990107
v -0.996479 0.985277 -0.990030
v -0.995693 0.987586 -0.989807
v -0.994777 0.989533 -0.989527
v -0.993743 0.991178 -0.989283
v -0.992572 0.992571 -0.989161
v -0.995867 0.980000 -0.992175
v -0.995634 0.982674 -0.992183
v -0.995151 0.985208 -0.991972
v -0.994490 0.987443 -0.991604
v -0.993740 0.989286 -0.991179
v -0.992926 0.990792 -0.990791
v -0.992000 0.992000 -0.990582
v -0.991547 0.991547 -0.991547
v -0.980000 0.999829 -0.982610
v -0.980000 0.999319 -0.985177
v -0.980000 0.998478 -0.987654
v -0.980000 0.997321 -0.990000
v -0.980000 0.995867 -0.992175
v -0.980000 0.994142 -0.994142
v -0.982610 0.999829 -0.980000
v -0.982653 0.999642 -0.982678
v -0.982671 0.999093 -0.985322
v -0.982674 0.998216 -0.987813
v -0.982671 0.997055 -0.990100
v -0.982663 0.995648 -0.992167
v -0.982659 0.994024 -0.994009
v -0.985177 0.999319 -0.980000
v -0.985296 0.999096 -0.982704
v -0.985332 0.998512 -0.985372
v -0.985302 0.997621 -0.987835
v -0.985248 0.996491 -0.990026
v -0.985193 0.995167 -0.991958
v -0.985165 0.993670 -0.993655
v -0.987654 0.998478 -0.980000
v -0.987805 0.998215 -0.982702
v -0.987818 0.997617 -0.985341
v -0.987717 0.996750 -0.987738
v -0.987570 0.995699 -0.989811
v -0.987434 0.994498 -0.991599
v -0.987366 0.993151 -0.993145
v -0.990000 0.997321 -0.980000
v -0.990107 0.997047 -0.982691
v -0.990030 0.996479 -0.985276
v -0.989807 0.995693 -0.987586
v -0.989527 0.994777 -0.989532
v -0.989283 0.993743 -0.991178
v -0.989161 0.992572 -0.992570
v -0.992175 0.995867 -0.980000
v -0.992183 0.995634 -0.982674
v -0.991972 0.995151 -0.985207
v -0.991604 0.994490 -0.987443
v -0.991179 0.993740 -0.989286
v -0.990791 0.992926 -0.990791
v -0.990582 0.992001 -0.992000
v -0.982610 0.980000 -0.999829
v -0.985177 0.980000 -0.999318
v -0.987654 0.980000 -0.998477
v -0.990000 0.980000 -0.997321
v -0.992175 0.980000 -0.995867
v -0.994142 0.980000 -0.994142
v -0.980000 0.982610 -0.999829
v -0.982678 0.982653 -0.999641
v -0.985322 0.982671 -0.999093
v -0.987813 0.982674 -0.998215
v -0.990100 0.982671 -0.997054
v -0.992167 0.982664 -0.995648
v -0.994009 0.982659 -0.994024
v -0.980000 0.985177 -0.999318
v -0.982704 0.985296 -0.999096
v -0.985372 0.985332 -0.998512
v -0.987835 0.985303 -0.997621
v -0.990026 0.985248 -0.996491
v -0.991958 0.985193 -0.995167
v -0.993655 0.985165 -0.993670
v -0.980000 0.987654 -0.998478
v -0.982702 0.987805 -0.998215
v -0.985341 0.987818 -0.997617
v -0.987739 0.987717 -0.996750
v -0.989811 0.987570 -0.995699
v -0.991599 0.987434 -0.994498
v -0.993145 0.987366 -0.993151
v -0.980000 0.990000 -0.997321
v -0.982691 0.990108 -0.997047
v -0.985277 0.990030 -0.996479
v -0.987586 0.989807 -0.995693
v -0.989532 0.989527 -0.994777
v -0.991178 0.989283 -0.993743
v -0.992570 0.989161 -0.992572
v -0.980000 0.992176 -0.995867
v -0.982674 0.992183 -0.995634
v -0.985208 0.991972 -0.995151
v -0.987443 0.991604 -0.994490
v -0.989286 0.991179 -0.993740
v -0.990792 0.990791 -0.992926
v -0.992000 0.990582 -0.992000
v 1.000000 0.980000 -0.980000
v 0.980000 0.980000 -1.000000
v 0.980000 1.000000 -0.980000
v 0.999829 0.980000 -0.982610
v 0.999318 0.980000 -0.985177
v 0.998478 0.980000 -0.987654
v 0.997321 0.980000 -0.990000
v 0.995867 0.980000 -0.992176
v 0.994142 0.980000 -0.994142
v 0.999829 0.982610 -0.980000
v 0.999641 0.982653 -0.982679
v 0.999093 0.982671 -0.985322
v 0.998215 0.982674 -0.987813
v 0.997055 0.982671 -0.990100
v 0.995648 0.982663 -0.992167
v 0.994024 0.982659 -0.994009
v 0.999318 0.985177 -0.980000
v 0.999096 0.985295 -0.982704
v 0.998512 0.985332 -0.985372
v 0.997621 0.985302 -0.987835
v 0.996491 0.985248 -0.990026
v 0.995167 0.985193 -0.991958
v 0.993670 0.985165 -0.993655
v 0.998478 0.987654 -0.980000
v 0.998215 0.987805 -0.982702
v 0.997617 0.987818 -0.985341
v 0.996750 0.987717 -0.987739
v 0.995699 0.987569 -0.989811
v 0.994498 0.987434 -0.991599
v 0.993151 0.987366 -0.993145
v 0.997321 0.990000 -0.980000
v 0.997047 0.990107 -0.982691
v 0.996479 0.990030 -0.985277
v 0.995693 0.989807 -0.987586
v 0.994777 0.989527 -0.989533
v 0.993743 0.989283 -0.991178
v 0.992572 0.989161 -0.992571
v 0.995867 0.992175 -0.980000
v 0.995634 0.992183 -0.982674
v 0.995151 0.991972 -0.985208
v 0.994490 0.991604 -0.987443
v 0.993740 0.991179 -0.989286
v 0.992926 0.990791 -0.990792
v 0.992000 0.990582 -0.992000
v 0.991547 0.991547 -0.991547
v 0.980000 0.982610 -0.999829
v 0.980000 0.985177 -0.999319
v 0.980000 0.987654 -0.998478
v 0.980000 0.990000 -0.997321
v 0.980000 0.992175 -0.995867
v 0.980000 0.994142 -0.994142
v 0.982610 0.980000 -0.999829
v 0.982653 0.982678 -0.999642
v 0.982671 0.985322 -0.999093
v 0.982674 0.987813 -0.998216
v 0.982671 0.990100 -0.997055
v 0.982663 0.992167 -0.995648
v 0.982659 0.994009 -0.994024
v 0.985177 0.980000 -0.999319
v 0.985296 0.982704 -0.999096
v 0.985332 0.985372 -0.998512
v 0.985302 0.987835 -0.997621
v 0.985248 0.990026 -0.996491
v 0.985193 0.991958 -0.995167
v 0.985165 0.993655 -0.993670
v 0.987654 0.980000 -0.998478
v 0.987805 0.982702 -0.998215
v 0.987818 0.985341 -0.997617
v 0.987717 0.987738 -0.996750
v 0.987570 0.989811 -0.995699
v 0.987434 0.991599 -0.994498
v 0.987366 0.993145 -0.993151
v 0.990000 0.980000 -0.997321
v 0.990107 0.982691 -0.997047
v 0.990030 0.985276 -0.996479
v 0.989807 0.987586 -0.995693
v 0.989527 0.989532 -0.994777
v 0.989283 0.991178 -0.993743
v 0.989161 0.992570 -0.992572
v 0.992175 0.980000 -0.995867
v 0.992183 0.982674 -0.995634
v 0.991972 0.985207 -0.995151
v 0.991604 0.987443 -0.994490
v 0.991179 0.989286 -0.993740
v 0.990791 0.990791 -0.992926
v 0.990582 0.992000 -0.992001
v 0.982610 0.999829 -0.980000
v 0.985177 0.999318 -0.980000
v 0.987654 0.998477 -0.980000
v 0.990000 0.997321 -0.980000
v 0.992175 0.995867 -0.980000
v 0.994142 0.994142 -0.980000
v 0.980000 0.999829 -0.982610
v 0.982678 0.999641 -0.982653
v 0.985322 0.999093 -0.982671
v 0.987813 0.998215 -0.982674
v 0.990100 0.997054 -0.982671
v 0.992167 0.995648 -0.982664
v 0.994009 0.994024 -0.982659
v 0.980000 0.999318 -0.985177
v 0.982704 0.999096 -0.985296
v 0.985372 0.998512 -0.985332
v 0.987835 0.997621 -0.985303
v 0.990026 0.996491 -0.985248
v 0.991958 0.995167 -0.985193
v 0.993655 0.993670 -0.985165
v 0.980000 0.998478 -0.987654
v 0.982702 0.998215 -0.987805
v 0.985341 0.997617 -0.987818
v 0.987739 0.996750 -0.987717
v 0.989811 0.995699 -0.987570
v 0.991599 0.994498 -0.987434
v 0.993145 0.993151 -0.987366
v 0.980000 0.997321 -0.990000
v 0.982691 0.997047 -0.990108
v 0.985277 0.996479 -0.990030
v 0.987586 0.995693 -0.989807
v 0.989532 0.994777 -0.989527
v 0.991178 0.993743 -0.989283
v 0.992570 0.992572 -0.989161
v 0.980000 0.995867 -0.992176
v 0.982674 0.995634 -0.992183
v 0.985208 0.995151 -0.991972
v 0.987443 0.994490 -0.991604
v 0.989286 0.993740 -0.991179
v 0.990792 0.992926 -0.990791
v 0.992000 0.992000 -0.990582
vt 0.0000 0.0000
vt 0.3333 0.0000
vt 0.3333 0.5000
vt 0.0000 0.5000
vt 0.6667 0.5000
vt 1.0000 0.5000
vt 1.0000 1.0000
vt 0.6667 1.0000
vt 0.3333 1.0000
vt 0.0000 1.0000
vt 0.0000 0.5000
vt 0.3333 0.5000
vt 0.3333 0.5000
vt 0.3333 0.0000
vt 0.6667 0.0000
vt 0.6667 0.5000
vt 0.3333 0.5000
vt 0.6667 0.5000
vt 0.6667 1.0000
vt 0.3333 1.0000
vt 0.5039 0.5002
vt 0.5039 0.5002
vt 0.5039 0.5002
vt 0.5039 0.5002
vt 0.5045 0.4955
vt 0.5045 0.4955
vt 0.5045 0.4955
vt 0.5045 0.4955
vt 0.5045 0.4955
vt 0.5045 0.4955
vt 0.5045 0.4955
vt 0.5045 0.4955
vt 0.5045 0.4955
vt 0.5045 0.4955
vt 0.5020 0.5035
vt 0.5020 0.5035
vt 0.5020 0.5035
vt 0.5020 0.5035
vt 0.5039 0.5002
vt 0.5039 0.5002
vt 0.5039 0.5002
vt 0.5039 0.5002
vt 0.5039 0.5002
vt 0.5039 0.5002
vt 0.5039 0.5002
vt 0.5039 0.5002
vt 0.5039 0.5002
vt 0.5039 0.5002
vt 0.5020 0.5035
vt 0.5020 0.5035
vt 0.5039 0.5002
vt 0.5039 0.5002
vt 0.5039 0.5002
vt 0.5039 0.5002
vt 0.5039 0.5002
vt 0.5039 0.5002
vt 0.5039 0.5002
vt 0.5039 0.5002
vt 0.5039 0.5002
vt 0.5039 0.5002
vt 0.5039 0.5002
vt 0.5039 0.5002
vt 0.5039 0.5002
vt 0.5039 0.5002
vt 0.5039 0.5002
vt 0.5039 0.5002
vt 0.5039 0.5002
vt 0.5039 0.5002
vt 0.5039 0.5002
vt 0.5039 0.5002
vt 0.5039 0.5002
vt 0.5039 0.5002
vt 0.5039 0.5002
vt 0.5039 0.5002
vt 0.5039 0.5002
vt 0.5039 0.5002
vt 0.5039 0.5002
vt 0.5039 0.5002
vt 0.5039 0.5002
vt 0.5020 0.5035
vt 0.5020 0.5035
vt 0.5020 0.5035
vt 0.5020 0.5035
vt 0.5020 0.5035
vt 0.5020 0.5035
vt 0.5020 0.5035
vt 0.5020 0.5035
vt 0.5020 0.5035
vt 0.5020 0.5035
vt 0.5020 0.5035
vt 0.5020 0.5035
vt 0.5020 0.5035
vt 0.5020 0.5035
vt 0.5020 0.5035
vt 0.5020 0.5035
vt 0.5020 0.5035
vt 0.5020 0.5035
vt 0.5020 0.5035
vt 0.5020 0.5035
vt 0.5020 0.5035
vt 0.5020 0.5035
vt 0.5020 0.5035
vt 0.5020 0.5035
vt 0.5020 0.5035
vt 0.5020 0.5035
vt 0.5020 0.5035
vt 0.5020 0.5035
vt 0.5020 0.5035
vt 0.5020 0.5035
vt 0.5020 0.5035
vt 0.5020 0.5035
vt 0.5020 0.5035
vt 0.5020 0.5035
vt 0.5020 0.5035
vt 0.5020 0.5035
vt 0.5020 0.5035
vt 0.5020 0.5035
vt 0.5020 0.5035
vt 0.5020 0.5035
vt 0.5020 0.5035
vt 0.5039 0.5002
vt 0.5039 0.5002
vt 0.5039 0.5002
vt 0.5039 0.5002
vt 0.5020 0.5035
vt 0.5020 0.5035
vt 0.5039 0.5002
vt 0.5039 0.5002
vt 0.5039 0.5002
vt 0.5039 0.5002
vt 0.5039 0.5002
vt 0.5039 0.5002
vt 0.5039 0.5002
vt 0.5039 0.5002
vt 0.5039 0.5002
vt 0.5039 0.5002
vt 0.5039 0.5002
vt 0.5039 0.5002
vt 0.5039 0.5002
vt 0.5039 0.5002
vt 0.5039 0.5002
vt 0.5039 0.5002
vt 0.5039 0.5002
vt 0.5039 0.5002
vt 0.5039 0.5002
vt 0.5039 0.5002
vt 0.5040 0.5002
vt 0.5039 0.5002
vt 0.5039 0.5002
vt 0.5039 0.5002
vt 0.5039 0.5002
vt 0.5039 0.5002
vt 0.5040 0.5002
vt 0.5039 0.5002
vt 0.5039 0.5002
vt 0.5039 0.5002
vt 0.5039 0.5002
vt 0.5040 0.5002
vt 0.5040 0.5002
vt 0.5039 0.5002
vt 0.5039 0.5002
vt 0.5039 0.5002
vt 0.5039 0.5002
vt 0.5020 0.5035
vt 0.5020 0.5035
vt 0.5020 0.5035
vt 0.5039 0.5002
vt 0.5039 0.5002
vt 0.5020 0.5002
vt 0.5020 0.5002
vt 0.5020 0.5002
vt 0.5020 0.5002
vt 0.5020 0.5002
vt 0.5020 0.5002
vt 0.5020 0.5002
vt 0.5020 0.5002
vt 0.5020 0.5002
vt 0.5020 0.5002
vt 0.5020 0.5002
vt 0.5020 0.5002
vt 0.5020 0.5002
vt 0.5020 0.5002
vt 0.5020 0.5002
vt 0.5020 0.5002
vt 0.5020 0.5002
vt 0.5020 0.5002
vt 0.5020 0.5002
vt 0.5020 0.5002
vt 0.5020 0.5002
vt 0.5020 0.5002
vt 0.5020 0.5002
vt 0.5020 0.5002
vt 0.5020 0.5002
vt 0.5020 0.5002
vt 0.5020 0.5002
vt 0.5020 0.5002
vt 0.5020 0.5002
vt 0.5020 0.5002
vt 0.5020 0.5002
vt 0.5020 0.5002
vt 0.5020 0.5002
vt 0.5020 0.5002
vt 0.4988 0.4980
vt 0.4988 0.4980
vt 0.4988 0.4980
vt 0.4988 0.4980
vt 0.5020 0.5002
vt 0.5020 0.5002
vt 0.5020 0.5002
vt 0.5020 0.5002
vt 0.5020 0.5002
vt 0.4988 0.4980
vt 0.4988 0.4980
vt 0.4988 0.4980
vt 0.4988 0.4980
vt 0.5020 0.5002
vt 0.5020 0.5002
vt 0.5020 0.5002
vt 0.5020 0.5002
vt 0.4988 0.4980
vt 0.4988 0.4980
vt 0.4988 0.4980
vt 0.4988 0.4980
vt 0.4988 0.4980
vt 0.4987 0.4980
vt 0.4987 0.4980
vt 0.4988 0.4980
vt 0.4988 0.4980
vt 0.4987 0.4980
vt 0.4988 0.4980
vt 0.4987 0.4980
vt 0.4988 0.4980
vt 0.4987 0.4980
vt 0.4988 0.4980
vt 0.4987 0.4980
vt 0.4988 0.4980
vt 0.4987 0.4980
vt 0.4988 0.4980
vt 0.4988 0.4980
vt 0.4988 0.4980
vt 0.4988 0.4980
vt 0.4988 0.4980
vt 0.4988 0.4980
vt 0.4988 0.4980
vt 0.4988 0.4980
vt 0.4988 0.4980
vt 0.4988 0.4980
vt 0.4988 0.4980
vt 0.4988 0.4980
vt 0.4988 0.4980
vt 0.4988 0.4980
vt 0.4988 0.4980
vt 0.4988 0.4980
vt 0.4988 0.4980
vt 0.4988 0.4980
vt 0.4988 0.4980
vt 0.4988 0.4980
vt 0.4988 0.4980
vt 0.4988 0.4980
vt 0.4988 0.4980
vt 0.4988 0.4980
vt 0.4988 0.4980
vt 0.4988 0.4980
vt 0.4988 0.4980
vt 0.4988 0.4980
vt 0.4988 0.4980
vt 0.5020 0.5002
vt 0.5020 0.5002
vt 0.5020 0.5002
vt 0.4988 0.4980
vt 0.4987 0.4980
vt 0.4988 0.4980
vt 0.4988 0.4980
vt 0.4987 0.4980
vt 0.4988 0.4980
vt 0.4988 0.4980
vt 0.4988 0.4980
vt 0.4988 0.4980
vt 0.4988 0.4980
vt 0.4988 0.4980
vt 0.4988 0.4980
vt 0.4988 0.4980
vt 0.5020 0.5002
vt 0.5020 0.5002
vt 0.4988 0.4980
vt 0.4987 0.4980
vt 0.4988 0.4980
vt 0.4988 0.4980
vt 0.4988 0.4980
vt 0.4988 0.4980
vt 0.4988 0.4980
vt 0.4988 0.4980
vt 0.4988 0.4980
vt 0.4987 0.4980
vt 0.4988 0.4980
vt 0.4988 0.4980
vt 0.4988 0.4980
vt 0.4988 0.4980
vt 0.4988 0.4980
vt 0.4987 0.4980
vt 0.4988 0.4980
vt 0.4988 0.4980
vt 0.4988 0.4980
vt 0.4988 0.4980
vt 0.4988 0.4980
vt 0.4987 0.4980
vt 0.4988 0.4980
vt 0.4988 0.4980
vt 0.4988 0.4980
vt 0.4988 0.4980
vt 0.5021 0.5029
vt 0.5021 0.5029
vt 0.5021 0.5029
vt 0.5021 0.5029
vt 0.5021 0.5029
vt 0.5021 0.5029
vt 0.5021 0.5029
vt 0.5021 0.5029
vt 0.5021 0.5029
vt 0.5021 0.5029
vt 0.5021 0.5029
vt 0.5021 0.5029
vt 0.5021 0.5029
vt 0.5021 0.5029
vt 0.5021 0.5029
vt 0.5021 0.5029
vt 0.5021 0.5029
vt 0.5021 0.5029
vt 0.5021 0.5029
vt 0.5021 0.5029
vt 0.5021 0.5029
vt 0.5021 0.5029
vt 0.5021 0.5029
vt 0.5021 0.5029
vt 0.5021 0.5029
vt 0.5021 0.5029
vt 0.5021 0.5029
vt 0.5021 0.5029
vt 0.5021 0.5029
vt 0.5020 0.5029
vt 0.5021 0.5029
vt 0.5021 0.5029
vt 0.5021 0.5029
vt 0.5021 0.5029
vt 0.5021 0.5029
vt 0.5021 0.5029
vt 0.5020 0.5029
vt 0.5021 0.5029
vt 0.5021 0.5029
vt 0.5021 0.5029
vt 0.5021 0.5029
vt 0.5021 0.5029
vt 0.4955 0.5035
vt 0.4955 0.5035
vt 0.4955 0.5035
vt 0.4955 0.5035
vt 0.5021 0.5029
vt 0.5021 0.5029
vt 0.5021 0.5029
vt 0.5021 0.5029
vt 0.5021 0.5029
vt 0.5021 0.5029
vt 0.5021 0.5029
vt 0.5021 0.5029
vt 0.5021 0.5029
vt 0.5021 0.5029
vt 0.5021 0.5029
vt 0.5021 0.5029
vt 0.5021 0.5029
vt 0.5021 0.5029
vt 0.5021 0.5029
vt 0.5021 0.5029
vt 0.5021 0.5029
vt 0.5021 0.5029
vt 0.4955 0.5035
vt 0.4955 0.5035
vt 0.4955 0.5035
vt 0.4955 0.5035
vt 0.5021 0.5029
vt 0.5021 0.5029
vt 0.5021 0.5029
vt 0.5021 0.5029
vt 0.5021 0.5029
vt 0.5021 0.5029
vt 0.5021 0.5029
vt 0.5021 0.5029
vt 0.5021 0.5029
vt 0.5021 0.5029
vt 0.5021 0.5029
vt 0.5021 0.5029
vt 0.5021 0.5029
vt 0.5021 0.5029
vt 0.5021 0.5029
vt 0.5021 0.5029
vt 0.5021 0.5029
vt 0.5021 0.5029
vt 0.5021 0.5029
vt 0.5021 0.5029
vt 0.5021 0.5029
vt 0.5021 0.5029
vt 0.5021 0.5029
vt 0.5021 0.5029
vt 0.5021 0.5029
vt 0.5021 0.5029
vt 0.5021 0.5029
vt 0.5021 0.5029
vt 0.5021 0.5029
vt 0.4955 0.5035
vt 0.4955 0.5035
vt 0.4955 0.5035
vt 0.4955 0.5035
vt 0.4955 0.5035
vt 0.4955 0.5035
vt 0.4955 0.5035
vt 0.4955 0.5035
vt 0.4955 0.5035
vt 0.4955 0.5035
vt 0.4955 0.5035
vt 0.4955 0.5035
vt 0.4955 0.5035
vt 0.4955 0.5035
vt 0.4955 0.5035
vt 0.4955 0.5035
vt 0.4955 0.5035
vt 0.4955 0.5035
vt 0.4955 0.5035
vt 0.4955 0.5035
vt 0.4955 0.5035
vt 0.4955 0.5035
vt 0.4955 0.5035
vt 0.4955 0.5035
vt 0.4955 0.5035
vt 0.5021 0.5029
vt 0.5021 0.5029
vt 0.4955 0.5035
vt 0.4955 0.5035
vt 0.4955 0.5035
vt 0.4955 0.5035
vt 0.4955 0.5035
vt 0.4955 0.5035
vt 0.5021 0.5029
vt 0.4955 0.5035
vt 0.4955 0.5035
vt 0.4955 0.5035
vt 0.4955 0.5035
vt 0.4955 0.5035
vt 0.5021 0.5029
vt 0.5021 0.5029
vt 0.5021 0.5029
vt 0.4955 0.5035
vt 0.5021 0.5029
vt 0.5021 0.5029
vt 0.4955 0.4980
vt 0.4955 0.4980
vt 0.4955 0.4980
vt 0.4955 0.4980
vt 0.4955 0.4980
vt 0.4955 0.4980
vt 0.4955 0.4980
vt 0.4955 0.4980
vt 0.4955 0.4980
vt 0.4955 0.4980
vt 0.4955 0.4980
vt 0.4955 0.4980
vt 0.4955 0.5002
vt 0.4955 0.5002
vt 0.4955 0.5002
vt 0.4955 0.5002
vt 0.4955 0.4980
vt 0.4955 0.4980
vt 0.4955 0.4980
vt 0.4955 0.4980
vt 0.4955 0.4980
vt 0.4955 0.4980
vt 0.4955 0.5002
vt 0.4955 0.5002
vt 0.4955 0.4980
vt 0.4955 0.4980
vt 0.4955 0.4980
vt 0.4955 0.4980
vt 0.4955 0.4980
vt 0.4955 0.4980
vt 0.4955 0.4980
vt 0.4955 0.4980
vt 0.4955 0.4980
vt 0.4955 0.4980
vt 0.4955 0.4980
vt 0.4955 0.4980
vt 0.4955 0.4980
vt 0.4955 0.4980
vt 0.4955 0.4980
vt 0.4955 0.4980
vt 0.4955 0.4980
vt 0.4955 0.4980
vt 0.4955 0.4980
vt 0.4955 0.4980
vt 0.4955 0.4980
vt 0.4955 0.4980
vt 0.4955 0.4980
vt 0.4955 0.4980
vt 0.4955 0.4980
vt 0.4955 0.4980
vt 0.4955 0.4980
vt 0.4955 0.4980
vt 0.4955 0.4980
vt 0.4955 0.5002
vt 0.4955 0.5002
vt 0.4955 0.5002
vt 0.4955 0.5002
vt 0.4955 0.5002
vt 0.4955 0.5002
vt 0.4955 0.5002
vt 0.4955 0.5002
vt 0.4955 0.5002
vt 0.4955 0.5002
vt 0.4955 0.5002
vt 0.4955 0.5002
vt 0.4955 0.5002
vt 0.4955 0.5002
vt 0.4955 0.5002
vt 0.4955 0.5002
vt 0.4955 0.5002
vt 0.4955 0.5002
vt 0.4955 0.5002
vt 0.4955 0.5002
vt 0.4955 0.5002
vt 0.4955 0.5002
vt 0.4955 0.5002
vt 0.4955 0.5002
vt 0.4955 0.5002
vt 0.4955 0.5002
vt 0.4955 0.5002
vt 0.4955 0.5002
vt 0.4955 0.5002
vt 0.4955 0.5002
vt 0.4955 0.5002
vt 0.4955 0.5002
vt 0.4955 0.5002
vt 0.4955 0.5002
vt 0.4955 0.4980
vt 0.4955 0.4980
vt 0.4955 0.4980
vt 0.4955 0.4980
vt 0.4955 0.5002
vt 0.4955 0.5002
vt 0.4955 0.5002
vt 0.4955 0.5002
vt 0.4955 0.5002
vt 0.4955 0.4980
vt 0.4955 0.4980
vt 0.4955 0.4980
vt 0.4955 0.4980
vt 0.4955 0.5002
vt 0.4955 0.4980
vt 0.4955 0.4980
vt 0.4955 0.4980
vt 0.4955 0.4980
vt 0.4955 0.4980
vt 0.4955 0.4980
vt 0.4955 0.4980
vt 0.4955 0.4980
vt 0.4955 0.4980
vt 0.4955 0.4980
vt 0.4955 0.4980
vt 0.4955 0.4980
vt 0.4955 0.4980
vt 0.4955 0.4980
vt 0.4955 0.4980
vt 0.4955 0.4980
vt 0.4955 0.4980
vt 0.4955 0.4980
vt 0.4955 0.4980
vt 0.4955 0.4980
vt 0.4955 0.4980
vt 0.4955 0.4980
vt 0.4955 0.4980
vt 0.4955 0.4980
vt 0.4955 0.4980
vt 0.4955 0.4980
vt 0.4955 0.4980
vt 0.4955 0.4980
vt 0.4955 0.4980
vt 0.4955 0.4980
vt 0.4955 0.4980
vt 0.4955 0.4980
vt 0.4955 0.4980
vt 0.4955 0.4980
vt 0.4955 0.4980
vt 0.4955 0.4980
vt 0.4955 0.4980
vt 0.4955 0.5002
vt 0.4955 0.5002
vt 0.4955 0.4980
vt 0.4955 0.4980
vt 0.5021 0.4955
vt 0.5021 0.4955
vt 0.5021 0.4955
vt 0.5021 0.4955
vt 0.5021 0.4955
vt 0.5021 0.4955
vt 0.5021 0.4955
vt 0.5021 0.4955
vt 0.5021 0.4955
vt 0.5021 0.4955
vt 0.5021 0.4955
vt 0.5021 0.4955
vt 0.5021 0.4955
vt 0.5021 0.4955
vt 0.5021 0.4955
vt 0.5021 0.4955
vt 0.5021 0.4955
vt 0.5021 0.4955
vt 0.5021 0.4955
vt 0.5021 0.4955
vt 0.5021 0.4955
vt 0.5021 0.4955
vt 0.5021 0.4955
vt 0.5021 0.4955
vt 0.5021 0.4955
vt 0.5021 0.4955
vt 0.5021 0.4955
vt 0.5021 0.4955
vt 0.5021 0.4955
vt 0.5021 0.4955
vt 0.5021 0.4955
vt 0.5021 0.4955
vt 0.5021 0.4955
vt 0.5021 0.4955
vt 0.5021 0.4955
vt 0.5021 0.4955
vt 0.5021 0.4955
vt 0.5021 0.4955
vt 0.5021 0.4955
vt 0.5021 0.4955
vt 0.5021 0.4955
vt 0.5021 0.4955
vt 0.4988 0.5035
vt 0.4988 0.5035
vt 0.4988 0.5035
vt 0.4988 0.5035
vt 0.5021 0.4955
vt 0.5021 0.4955
vt 0.5021 0.4955
vt 0.5021 0.4955
vt 0.5021 0.4955
vt 0.5021 0.4955
vt 0.5020 0.4955
vt 0.5020 0.4955
vt 0.5020 0.4955
vt 0.5020 0.4955
vt 0.5020 0.4955
vt 0.5020 0.4955
vt 0.5020 0.4955
vt 0.5020 0.4955
vt 0.5020 0.4955
vt 0.5020 0.4955
vt 0.5020 0.4955
vt 0.5021 0.4955
vt 0.4988 0.5035
vt 0.4988 0.5035
vt 0.4988 0.5035
vt 0.4988 0.5035
vt 0.5020 0.4955
vt 0.5020 0.4955
vt 0.5020 0.4955
vt 0.5021 0.4955
vt 0.5021 0.4955
vt 0.5021 0.4955
vt 0.4988 0.5035
vt 0.4988 0.5035
vt 0.5021 0.4955
vt 0.5021 0.4955
vt 0.5021 0.4955
vt 0.5021 0.4955
vt 0.5021 0.4955
vt 0.5021 0.4955
vt 0.5021 0.4955
vt 0.5021 0.4955
vt 0.5021 0.4955
vt 0.5021 0.4955
vt 0.5021 0.4955
vt 0.5021 0.4955
vt 0.5021 0.4955
vt 0.5021 0.4955
vt 0.5021 0.4955
vt 0.5021 0.4955
vt 0.5021 0.4955
vt 0.5021 0.4955
vt 0.5021 0.4955
vt 0.5021 0.4955
vt 0.5021 0.4955
vt 0.5021 0.4955
vt 0.4988 0.5035
vt 0.4988 0.5035
vt 0.4988 0.5035
vt 0.4988 0.5035
vt 0.4988 0.5035
vt 0.4988 0.5035
vt 0.4988 0.5035
vt 0.4988 0.5035
vt 0.4988 0.5035
vt 0.4988 0.5035
vt 0.4988 0.5035
vt 0.4988 0.5035
vt 0.4988 0.5035
vt 0.4988 0.5035
vt 0.4988 0.5035
vt 0.4988 0.5035
vt 0.4988 0.5035
vt 0.4988 0.5035
vt 0.4988 0.5035
vt 0.4988 0.5035
vt 0.4988 0.5035
vt 0.4988 0.5035
vt 0.4988 0.5035
vt 0.4988 0.5035
vt 0.4988 0.5035
vt 0.4988 0.5035
vt 0.4988 0.5035
vt 0.4988 0.5035
vt 0.4988 0.5035
vt 0.4988 0.5035
vt 0.4988 0.5035
vt 0.4988 0.5035
vt 0.5021 0.4955
vt 0.5021 0.4955
vt 0.4988 0.5035
vt 0.4988 0.5035
vt 0.4988 0.5035
vt 0.4988 0.5035
vt 0.4988 0.5035
vt 0.5021 0.4955
vt 0.5021 0.4955
vt 0.5021 0.4955
vt 0.4988 0.5035
vt 0.5021 0.4955
vt 0.5020 0.4977
vt 0.5020 0.4977
vt 0.5020 0.4977
vt 0.5020 0.4977
vt 0.5020 0.4977
vt 0.5020 0.4977
vt 0.5020 0.4977
vt 0.5020 0.4977
vt 0.5020 0.4977
vt 0.5020 0.4977
vt 0.5020 0.4977
vt 0.5020 0.4977
vt 0.4988 0.5002
vt 0.4988 0.5002
vt 0.4988 0.5002
vt 0.4988 0.5002
vt 0.5020 0.4977
vt 0.5020 0.4977
vt 0.5020 0.4977
vt 0.5020 0.4977
vt 0.5020 0.4977
vt 0.5020 0.4977
vt 0.4988 0.5002
vt 0.4988 0.5002
vt 0.5020 0.4977
vt 0.5020 0.4977
vt 0.5020 0.4977
vt 0.5020 0.4977
vt 0.5020 0.4977
vt 0.5020 0.4977
vt 0.5020 0.4977
vt 0.5020 0.4977
vt 0.5020 0.4977
vt 0.5020 0.4977
vt 0.5020 0.4977
vt 0.5020 0.4977
vt 0.5020 0.4977
vt 0.5020 0.4977
vt 0.5020 0.4977
vt 0.5020 0.4977
vt 0.5020 0.4977
vt 0.5020 0.4977
vt 0.5020 0.4977
vt 0.5020 0.4977
vt 0.5020 0.4977
vt 0.5020 0.4977
vt 0.5020 0.4977
vt 0.5020 0.4977
vt 0.5020 0.4977
vt 0.5020 0.4977
vt 0.5020 0.4977
vt 0.5020 0.4977
vt 0.5020 0.4977
vt 0.4988 0.5002
vt 0.4988 0.5002
vt 0.4988 0.5002
vt 0.4988 0.5002
vt 0.4988 0.5002
vt 0.4988 0.5002
vt 0.4988 0.5002
vt 0.4988 0.5002
vt 0.4988 0.5002
vt 0.4988 0.5002
vt 0.4988 0.5002
vt 0.4988 0.5002
vt 0.4988 0.5002
vt 0.4988 0.5002
vt 0.4988 0.5002
vt 0.4988 0.5002
vt 0.4988 0.5002
vt 0.4988 0.5002
vt 0.4988 0.5002
vt 0.4988 0.5002
vt 0.4988 0.5002
vt 0.4988 0.5002
vt 0.4988 0.5002
vt 0.4988 0.5002
vt 0.4988 0.5002
vt 0.4988 0.5002
vt 0.4988 0.5002
vt 0.4988 0.5002
vt 0.4988 0.5002
vt 0.4988 0.5002
vt 0.4988 0.5002
vt 0.4988 0.5002
vt 0.4988 0.5002
vt 0.4988 0.5002
vt 0.5020 0.4977
vt 0.5020 0.4977
vt 0.5020 0.4977
vt 0.5020 0.4977
vt 0.4988 0.5002
vt 0.4988 0.5002
vt 0.4988 0.5002
vt 0.4988 0.5002
vt 0.4988 0.5002
vt 0.5020 0.4977
vt 0.5020 0.4977
vt 0.5020 0.4977
vt 0.5020 0.4977
vt 0.4988 0.5002
vt 0.5020 0.4977
vt 0.5020 0.4977
vt 0.5020 0.4977
vt 0.5020 0.4977
vt 0.5020 0.4977
vt 0.5020 0.4977
vt 0.5020 0.4977
vt 0.5020 0.4977
vt 0.5020 0.4977
vt 0.5020 0.4977
vt 0.5020 0.4977
vt 0.5020 0.4977
vt 0.5020 0.4977
vt 0.5020 0.4977
vt 0.5020 0.4977
vt 0.5020 0.4977
vt 0.5020 0.4977
vt 0.5020 0.4977
vt 0.5020 0.4977
vt 0.5020 0.4977
vt 0.5020 0.4977
vt 0.5020 0.4977
vt 0.5020 0.4977
vt 0.5020 0.4977
vt 0.5020 0.4977
vt 0.5020 0.4977
vt 0.5020 0.4977
vt 0.5020 0.4977
vt 0.5020 0.4977
vt 0.5020 0.4977
vt 0.5020 0.4977
vt 0.5020 0.4977
vt 0.5020 0.4977
vt 0.5020 0.4977
vt 0.5020 0.4977
vt 0.5020 0.4977
vt 0.5020 0.4977
vt 0.4988 0.5002
vt 0.4988 0.5002
vt 0.5020 0.4977
vt 0.5020 0.4977
vt 0.5021 0.4988
vt 0.5021 0.4988
vt 0.5021 0.4988
vt 0.5021 0.4988
vt 0.5021 0.4988
vt 0.5021 0.4988
vt 0.5021 0.4988
vt 0.5021 0.4988
vt 0.5021 0.4988
vt 0.5021 0.4988
vt 0.5021 0.4988
vt 0.5021 0.4988
vt 0.4988 0.5035
vt 0.4988 0.5035
vt 0.4988 0.5035
vt 0.4988 0.5035
vt 0.5021 0.4988
vt 0.5021 0.4988
vt 0.5021 0.4988
vt 0.5021 0.4988
vt 0.5021 0.4988
vt 0.5021 0.4988
vt 0.5021 0.4988
vt 0.5021 0.4988
vt 0.5021 0.4988
vt 0.5021 0.4988
vt 0.5021 0.4988
vt 0.5021 0.4988
vt 0.5021 0.4988
vt 0.5021 0.4988
vt 0.5021 0.4988
vt 0.5021 0.4988
vt 0.5021 0.4988
vt 0.5021 0.4988
vt 0.5021 0.4988
vt 0.5021 0.4988
vt 0.5021 0.4988
vt 0.5021 0.4988
vt 0.5021 0.4988
vt 0.5021 0.4988
vt 0.5021 0.4988
vt 0.5021 0.4988
vt 0.5021 0.4988
vt 0.5021 0.4988
vt 0.5021 0.4988
vt 0.5021 0.4988
vt 0.5021 0.4988
vt 0.5021 0.4988
vt 0.5021 0.4988
vt 0.5021 0.4988
vt 0.5021 0.4988
vt 0.5021 0.4988
vt 0.4988 0.5035
vt 0.4988 0.5035
vt 0.4988 0.5035
vt 0.4988 0.5035
vt 0.4988 0.5035
vt 0.4988 0.5035
vt 0.4988 0.5035
vt 0.4988 0.5035
vt 0.4988 0.5035
vt 0.4988 0.5035
vt 0.4988 0.5035
vt 0.4988 0.5035
vt 0.4988 0.5035
vt 0.4988 0.5035
vt 0.4988 0.5035
vt 0.4988 0.5035
vt 0.4988 0.5035
vt 0.4988 0.5035
vt 0.4988 0.5035
vt 0.4988 0.5035
vt 0.4988 0.5035
vt 0.4988 0.5035
vt 0.4988 0.5035
vt 0.4988 0.5035
vt 0.4988 0.5035
vt 0.4988 0.5035
vt 0.4988 0.5035
vt 0.4988 0.5035
vt 0.4988 0.5035
vt 0.4988 0.5035
vt 0.4988 0.5035
vt 0.4988 0.5035
vt 0.4988 0.5035
vt 0.4988 0.5035
vt 0.5021 0.4988
vt 0.5021 0.4988
vt 0.5021 0.4988
vt 0.5021 0.4988
vt 0.4988 0.5035
vt 0.4988 0.5035
vt 0.4988 0.5035
vt 0.4988 0.5035
vt 0.4988 0.5035
vt 0.5021 0.4988
vt 0.5021 0.4988
vt 0.5021 0.4988
vt 0.5021 0.4988
vt 0.4988 0.5035
vt 0.4988 0.5035
vt 0.5021 0.4988
vt 0.5020 0.4988
vt 0.5020 0.4988
vt 0.5020 0.4988
vt 0.5020 0.4988
vt 0.5021 0.4988
vt 0.5021 0.4988
vt 0.5021 0.4988
vt 0.5021 0.4988
vt 0.5021 0.4988
vt 0.5021 0.4988
vt 0.5021 0.4988
vt 0.5021 0.4988
vt 0.5020 0.4988
vt 0.5020 0.4988
vt 0.5021 0.4988
vt 0.5021 0.4988
vt 0.5021 0.4988
vt 0.5021 0.4988
vt 0.5020 0.4988
vt 0.5020 0.4988
vt 0.5021 0.4988
vt 0.5021 0.4988
vt 0.5021 0.4988
vt 0.5021 0.4988
vt 0.5021 0.4988
vt 0.5020 0.4988
vt 0.5021 0.4988
vt 0.5021 0.4988
vt 0.5021 0.4988
vt 0.5021 0.4988
vt 0.5021 0.4988
vt 0.5020 0.4988
vt 0.5021 0.4988
vt 0.5021 0.4988
vt 0.5021 0.4988
vt 0.5021 0.4988
vt 0.4988 0.5035
vt 0.4988 0.5035
vt 0.4988 0.5035
vt 0.5021 0.4988
vt 0.4988 0.4977
vt 0.4988 0.4977
vt 0.4988 0.4977
vt 0.4988 0.4977
vt 0.4988 0.4977
vt 0.4988 0.4977
vt 0.4988 0.4977
vt 0.4988 0.4977
vt 0.4988 0.4977
vt 0.4988 0.4977
vt 0.4988 0.4977
vt 0.4988 0.4977
vt 0.4988 0.4977
vt 0.4988 0.4977
vt 0.4988 0.4977
vt 0.4988 0.4977
vt 0.4988 0.4977
vt 0.4988 0.4977
vt 0.4988 0.4977
vt 0.4988 0.4977
vt 0.4988 0.4977
vt 0.4988 0.4977
vt 0.4988 0.4977
vt 0.4988 0.4977
vt 0.4988 0.4977
vt 0.4988 0.4977
vt 0.4988 0.4977
vt 0.4988 0.4977
vt 0.4988 0.4977
vt 0.4988 0.4977
vt 0.4988 0.4977
vt 0.4988 0.4977
vt 0.4988 0.4977
vt 0.4988 0.4977
vt 0.4988 0.4977
vt 0.4988 0.4977
vt 0.4988 0.4977
vt 0.4988 0.4977
vt 0.4988 0.4977
vt 0.4988 0.4977
vt 0.4988 0.4977
vt 0.4988 0.4977
vt 0.4988 0.5002
vt 0.4988 0.5002
vt 0.4988 0.5002
vt 0.4988 0.5002
vt 0.4988 0.5002
vt 0.4988 0.5002
vt 0.4988 0.4977
vt 0.4988 0.4977
vt 0.4988 0.4977
vt 0.4988 0.4977
vt 0.4988 0.4977
vt 0.4988 0.4977
vt 0.4988 0.4977
vt 0.4988 0.4977
vt 0.4988 0.4977
vt 0.4988 0.4977
vt 0.4988 0.4977
vt 0.4988 0.4977
vt 0.4988 0.4977
vt 0.4988 0.4977
vt 0.4988 0.4977
vt 0.4988 0.4977
vt 0.4988 0.4977
vt 0.4988 0.5002
vt 0.4988 0.5002
vt 0.4988 0.5002
vt 0.4988 0.5002
vt 0.4988 0.4977
vt 0.4988 0.4977
vt 0.4988 0.4977
vt 0.4988 0.4977
vt 0.4988 0.4977
vt 0.4988 0.4977
vt 0.4988 0.4977
vt 0.4988 0.4977
vt 0.4988 0.4977
vt 0.4988 0.4977
vt 0.4988 0.4977
vt 0.4988 0.4977
vt 0.4988 0.4977
vt 0.4988 0.4977
vt 0.4988 0.4977
vt 0.4988 0.4977
vt 0.4988 0.4977
vt 0.4988 0.4977
vt 0.4988 0.4977
vt 0.4988 0.4977
vt 0.4988 0.4977
vt 0.4988 0.4977
vt 0.4988 0.4977
vt 0.4988 0.4977
vt 0.4988 0.4977
vt 0.4988 0.4977
vt 0.4988 0.4977
vt 0.4988 0.4977
vt 0.4988 0.4977
vt 0.4988 0.5002
vt 0.4988 0.5002
vt 0.4988 0.5002
vt 0.4988 0.5002
vt 0.4988 0.5002
vt 0.4988 0.5002
vt 0.4988 0.5002
vt 0.4988 0.5002
vt 0.4988 0.5002
vt 0.4988 0.5002
vt 0.4988 0.5002
vt 0.4988 0.5002
vt 0.4988 0.5002
vt 0.4988 0.5002
vt 0.4988 0.5002
vt 0.4988 0.5002
vt 0.4988 0.5002
vt 0.4988 0.5002
vt 0.4988 0.5002
vt 0.4988 0.5002
vt 0.4988 0.5002
vt 0.4988 0.5002
vt 0.4988 0.5002
vt 0.4988 0.5002
vt 0.4988 0.5002
vt 0.4988 0.5002
vt 0.4988 0.5002
vt 0.4988 0.5002
vt 0.4988 0.5002
vt 0.4988 0.5002
vt 0.4988 0.5002
vt 0.4988 0.4977
vt 0.4988 0.4977
vt 0.4988 0.5002
vt 0.4988 0.5002
vt 0.4988 0.5002
vt 0.4988 0.5002
vt 0.4988 0.5002
vt 0.4988 0.4977
vt 0.4988 0.4977
vt 0.4988 0.4977
vt 0.4988 0.5002
vt 0.4988 0.5002
vt 0.4988 0.4977
vt 0.4988 0.4955
vt 0.4988 0.4955
vt 0.4988 0.4955
vt 0.4988 0.4955
vt 0.4988 0.4955
vt 0.4988 0.4955
vt 0.5039 0.5045
vt 0.5039 0.5045
vt 0.5039 0.5045
vt 0.5039 0.5045
vt 0.5040 0.5045
vt 0.5040 0.5045
vt 0.5045 0.4988
vt 0.5045 0.4988
vt 0.5045 0.4988
vt 0.5045 0.4988
vt 0.5045 0.4988
vt 0.5045 0.4988
vt 0.4988 0.4955
vt 0.4988 0.4955
vt 0.4988 0.4955
vt 0.4988 0.4955
vt 0.4988 0.4955
vt 0.4955 0.5002
vt 0.4988 0.5002
vt 0.4988 0.5002
vt 0.4988 0.5002
vt 0.4988 0.5002
vt 0.4988 0.5002
vt 0.4988 0.5002
vt 0.4988 0.5002
vt 0.5020 0.5002
vt 0.5020 0.5002
vt 0.5020 0.5002
vt 0.5020 0.5002
vt 0.5020 0.5002
vt 0.5020 0.5002
vt 0.5045 0.4955
vt 0.4988 0.5002
vt 0.4988 0.5002
vt 0.4988 0.5002
vt 0.4988 0.5002
vt 0.4988 0.5002
vt 0.5020 0.5002
vt 1.0000 0.5000
vt 0.6667 0.5000
vt 0.6667 0.0000
vt 1.0000 0.0000
vn -0.0000 -1.0000 0.0000
vn -0.0000 0.0000 -1.0000
vn 1.0000 -0.0000 -0.0000
vn 0.0000 -0.0000 1.0000
vn 0.0000 1.0000 -0.0000
vn -0.9955 -0.0669 0.0669
vn -0.9777 -0.1985 0.0679
vn -0.9429 -0.3261 0.0674
vn -0.8923 -0.4465 0.0665
vn -0.8274 -0.5578 0.0656
vn -0.7493 -0.6590 0.0649
vn -0.9778 -0.0686 0.1980
vn -0.9586 -0.2022 0.2007
vn -0.9223 -0.3304 0.2004
vn -0.8715 -0.4485 0.1985
vn -0.8084 -0.5549 0.1962
vn -0.7348 -0.6498 0.1946
vn -0.9430 -0.0684 0.3256
vn -0.9223 -0.2022 0.3293
vn -0.8855 -0.3292 0.3278
vn -0.8363 -0.4432 0.3228
vn -0.7771 -0.5435 0.3172
vn -0.7094 -0.6315 0.3132
vn -0.8923 -0.0674 0.4464
vn -0.8712 -0.1999 0.4483
vn -0.8360 -0.3240 0.4428
vn -0.7907 -0.4331 0.4326
vn -0.7379 -0.5268 0.4218
vn -0.6778 -0.6076 0.4141
vn -0.8272 -0.0661 0.5580
vn -0.8079 -0.1972 0.5554
vn -0.7766 -0.3181 0.5438
vn -0.7377 -0.4221 0.5268
vn -0.6940 -0.5091 0.5091
vn -0.6442 -0.5825 0.4957
vn -0.7491 -0.0651 0.6592
vn -0.7341 -0.1949 0.6505
vn -0.7087 -0.3135 0.6320
vn -0.6775 -0.4142 0.6078
vn -0.6442 -0.4956 0.5825
vn -0.6124 -0.5590 0.5590
vn -0.0669 -0.9955 0.0669
vn -0.0679 -0.9777 0.1985
vn -0.0674 -0.9429 0.3261
vn -0.0665 -0.8923 0.4465
vn -0.0656 -0.8274 0.5578
vn -0.0649 -0.7494 0.6589
vn -0.1980 -0.9778 0.0686
vn -0.2007 -0.9586 0.2022
vn -0.2004 -0.9223 0.3305
vn -0.1985 -0.8715 0.4485
vn -0.1963 -0.8084 0.5549
vn -0.1946 -0.7347 0.6498
vn -0.3256 -0.9430 0.0684
vn -0.3293 -0.9223 0.2022
vn -0.3278 -0.8855 0.3292
vn -0.3228 -0.8363 0.4432
vn -0.3172 -0.7772 0.5435
vn -0.3132 -0.7094 0.6315
vn -0.4464 -0.8923 0.0673
vn -0.4483 -0.8712 0.1999
vn -0.4429 -0.8360 0.3240
vn -0.4326 -0.7907 0.4331
vn -0.4218 -0.7379 0.5269
vn -0.4141 -0.6777 0.6076
vn -0.5580 -0.8272 0.0661
vn -0.5554 -0.8079 0.1972
vn -0.5438 -0.7766 0.3180
vn -0.5269 -0.7377 0.4222
vn -0.5091 -0.6940 0.5091
vn -0.4956 -0.6443 0.5825
vn -0.6593 -0.7491 0.0650
vn -0.6505 -0.7341 0.1949
vn -0.6320 -0.7087 0.3134
vn -0.6078 -0.6774 0.4143
vn -0.5826 -0.6442 0.4956
vn -0.5590 -0.6124 0.5590
vn -0.0670 -0.0669 0.9955
vn -0.1985 -0.0679 0.9777
vn -0.3261 -0.0674 0.9429
vn -0.4465 -0.0665 0.8923
vn -0.5578 -0.0656 0.8274
vn -0.6590 -0.0649 0.7494
vn -0.0686 -0.1979 0.9778
vn -0.2022 -0.2007 0.9586
vn -0.3304 -0.2004 0.9223
vn -0.4485 -0.1985 0.8715
vn -0.5549 -0.1962 0.8084
vn -0.6498 -0.1946 0.7347
vn -0.0684 -0.3256 0.9430
vn -0.2022 -0.3293 0.9223
vn -0.3292 -0.3278 0.8855
vn -0.4432 -0.3227 0.8363
vn -0.5435 -0.3172 0.7772
vn -0.6314 -0.3132 0.7094
vn -0.0673 -0.4464 0.8923
vn -0.1999 -0.4483 0.8712
vn -0.3240 -0.4429 0.8360
vn -0.4331 -0.4326 0.7907
vn -0.5268 -0.4218 0.7379
vn -0.6076 -0.4141 0.6778
vn -0.0661 -0.5580 0.8272
vn -0.1972 -0.5554 0.8079
vn -0.3180 -0.5438 0.7766
vn -0.4222 -0.5269 0.7377
vn -0.5091 -0.5091 0.6940
vn -0.5824 -0.4957 0.6443
vn -0.0650 -0.6592 0.7491
vn -0.1949 -0.6505 0.7341
vn -0.3134 -0.6320 0.7088
vn -0.4143 -0.6078 0.6775
vn -0.4956 -0.5825 0.6442
vn -0.5590 -0.5590 0.6124
vn 0.0669 -0.9955 0.0670
vn 0.1985 -0.9778 0.0678
vn 0.3261 -0.9429 0.0674
vn 0.4465 -0.8923 0.0665
vn 0.5579 -0.8273 0.0656
vn 0.6589 -0.7494 0.0649
vn 0.0686 -0.9778 0.1979
vn 0.2022 -0.9586 0.2007
vn 0.3304 -0.9223 0.2004
vn 0.4485 -0.8715 0.1985
vn 0.5549 -0.8084 0.1962
vn 0.6498 -0.7348 0.1946
vn 0.0684 -0.9430 0.3256
vn 0.2022 -0.9223 0.3293
vn 0.3292 -0.8855 0.3278
vn 0.4432 -0.8363 0.3228
vn 0.5435 -0.7771 0.3172
vn 0.6314 -0.7094 0.3132
vn 0.0673 -0.8923 0.4464
vn 0.1999 -0.8712 0.4483
vn 0.3240 -0.8360 0.4429
vn 0.4331 -0.7907 0.4326
vn 0.5268 -0.7379 0.4218
vn 0.6076 -0.6778 0.4140
vn 0.0661 -0.8272 0.5580
vn 0.1972 -0.8079 0.5554
vn 0.3180 -0.7766 0.5438
vn 0.4221 -0.7377 0.5269
vn 0.5091 -0.6940 0.5091
vn 0.5825 -0.6443 0.4956
vn 0.0651 -0.7491 0.6592
vn 0.1949 -0.7341 0.6505
vn 0.3134 -0.7088 0.6320
vn 0.4142 -0.6775 0.6078
vn 0.4956 -0.6442 0.5825
vn 0.5590 -0.6124 0.5590
vn 0.9955 -0.0670 0.0669
vn 0.9777 -0.0678 0.1985
vn 0.9429 -0.0674 0.3261
vn 0.8923 -0.0665 0.4465
vn 0.8274 -0.0656 0.5578
vn 0.7493 -0.0649 0.6590
vn 0.9778 -0.1980 0.0686
vn 0.9586 -0.2007 0.2022
vn 0.9223 -0.2004 0.3304
vn 0.8715 -0.1985 0.4485
vn 0.8084 -0.1962 0.5549
vn 0.7347 -0.1946 0.6498
vn 0.9430 -0.3256 0.0684
vn 0.9223 -0.3293 0.2022
vn 0.8855 -0.3278 0.3292
vn 0.8363 -0.3228 0.4432
vn 0.7772 -0.3172 0.5435
vn 0.7094 -0.3132 0.6314
vn 0.8923 -0.4464 0.0673
vn 0.8712 -0.4483 0.2000
vn 0.8360 -0.4428 0.3240
vn 0.7908 -0.4326 0.4331
vn 0.7380 -0.4218 0.5268
vn 0.6778 -0.4141 0.6076
vn 0.8272 -0.5580 0.0661
vn 0.8079 -0.5554 0.1972
vn 0.7766 -0.5438 0.3180
vn 0.7377 -0.5269 0.4222
vn 0.6940 -0.5091 0.5091
vn 0.6442 -0.4957 0.5825
vn 0.7491 -0.6592 0.0651
vn 0.7341 -0.6505 0.1949
vn 0.7088 -0.6320 0.3135
vn 0.6774 -0.6079 0.4142
vn 0.6442 -0.5825 0.4956
vn 0.6124 -0.5590 0.5590
vn 0.0669 -0.0669 0.9955
vn 0.0678 -0.1985 0.9777
vn 0.0674 -0.3261 0.9429
vn 0.0665 -0.4465 0.8923
vn 0.0656 -0.5578 0.8273
vn 0.0649 -0.6590 0.7494
vn 0.1979 -0.0686 0.9778
vn 0.2007 -0.2022 0.9586
vn 0.2004 -0.3304 0.9223
vn 0.1985 -0.4485 0.8715
vn 0.1962 -0.5549 0.8084
vn 0.1946 -0.6498 0.7347
vn 0.3256 -0.0684 0.9430
vn 0.3294 -0.2022 0.9223
vn 0.3278 -0.3292 0.8855
vn 0.3228 -0.4432 0.8363
vn 0.3172 -0.5436 0.7771
vn 0.3132 -0.6314 0.7094
vn 0.4464 -0.0673 0.8923
vn 0.4483 -0.2000 0.8712
vn 0.4429 -0.3240 0.8360
vn 0.4326 -0.4331 0.7907
vn 0.4218 -0.5269 0.7379
vn 0.4141 -0.6076 0.6778
vn 0.5580 -0.0661 0.8272
vn 0.5554 -0.1972 0.8079
vn 0.5438 -0.3180 0.7766
vn 0.5269 -0.4222 0.7377
vn 0.5091 -0.5091 0.6940
vn 0.4957 -0.5825 0.6442
vn 0.6592 -0.0650 0.7491
vn 0.6505 -0.1949 0.7340
vn 0.6320 -0.3134 0.7088
vn 0.6078 -0.4142 0.6775
vn 0.5826 -0.4957 0.6442
vn 0.5590 -0.5590 0.6124
vn -0.9955 0.0669 0.0669
vn -0.9777 0.0678 0.1985
vn -0.9429 0.0674 0.3261
vn -0.8923 0.0665 0.4465
vn -0.8274 0.0656 0.5578
vn -0.7494 0.0649 0.6590
vn -0.9778 0.1979 0.0686
vn -0.9586 0.2007 0.2022
vn -0.9223 0.2004 0.3304
vn -0.8715 0.1985 0.4485
vn -0.8084 0.1962 0.5549
vn -0.7347 0.1946 0.6498
vn -0.9430 0.3256 0.0684
vn -0.9223 0.3294 0.2022
vn -0.8855 0.3278 0.3292
vn -0.8363 0.3228 0.4432
vn -0.7771 0.3172 0.5435
vn -0.7094 0.3132 0.6315
vn -0.8923 0.4464 0.0673
vn -0.8712 0.4483 0.2000
vn -0.8360 0.4429 0.3240
vn -0.7907 0.4327 0.4331
vn -0.7379 0.4218 0.5268
vn -0.6778 0.4141 0.6076
vn -0.8272 0.5580 0.0661
vn -0.8079 0.5554 0.1972
vn -0.7766 0.5438 0.3180
vn -0.7377 0.5269 0.4222
vn -0.6940 0.5091 0.5091
vn -0.6442 0.4957 0.5825
vn -0.7491 0.6592 0.0651
vn -0.7340 0.6505 0.1949
vn -0.7088 0.6320 0.3134
vn -0.6775 0.6078 0.4143
vn -0.6442 0.5826 0.4956
vn -0.6125 0.5590 0.5590
vn -0.0670 0.0669 0.9955
vn -0.0678 0.1985 0.9778
vn -0.0674 0.3261 0.9429
vn -0.0665 0.4465 0.8923
vn -0.0656 0.5579 0.8273
vn -0.0649 0.6589 0.7494
vn -0.1979 0.0686 0.9778
vn -0.2007 0.2022 0.9586
vn -0.2004 0.3304 0.9223
vn -0.1985 0.4485 0.8715
vn -0.1962 0.5549 0.8084
vn -0.1946 0.6498 0.7347
vn -0.3256 0.0684 0.9430
vn -0.3293 0.2022 0.9223
vn -0.3278 0.3292 0.8855
vn -0.3228 0.4432 0.8363
vn -0.3172 0.5435 0.7771
vn -0.3132 0.6314 0.7094
vn -0.4464 0.0673 0.8923
vn -0.4484 0.1999 0.8712
vn -0.4428 0.3240 0.8360
vn -0.4326 0.4331 0.7907
vn -0.4218 0.5268 0.7379
vn -0.4141 0.6076 0.6778
vn -0.5580 0.0661 0.8272
vn -0.5554 0.1972 0.8079
vn -0.5438 0.3180 0.7766
vn -0.5269 0.4221 0.7377
vn -0.5091 0.5091 0.6940
vn -0.4956 0.5825 0.6443
vn -0.6592 0.0651 0.7491
vn -0.6505 0.1949 0.7341
vn -0.6320 0.3134 0.7087
vn -0.6078 0.4142 0.6775
vn -0.5826 0.4956 0.6442
vn -0.5590 0.5589 0.6124
vn -0.0669 0.9955 0.0670
vn -0.1985 0.9778 0.0678
vn -0.3261 0.9429 0.0674
vn -0.4465 0.8923 0.0665
vn -0.5578 0.8274 0.0656
vn -0.6590 0.7493 0.0649
vn -0.0686 0.9778 0.1979
vn -0.2022 0.9586 0.2007
vn -0.3304 0.9223 0.2004
vn -0.4485 0.8715 0.1985
vn -0.5549 0.8084 0.1962
vn -0.6498 0.7347 0.1946
vn -0.0684 0.9430 0.3256
vn -0.2022 0.9223 0.3293
vn -0.3292 0.8855 0.3278
vn -0.4432 0.8363 0.3228
vn -0.5435 0.7772 0.3172
vn -0.6314 0.7094 0.3132
vn -0.0673 0.8923 0.4464
vn -0.2000 0.8712 0.4483
vn -0.3240 0.8360 0.4429
vn -0.4331 0.7907 0.4326
vn -0.5268 0.7379 0.4218
vn -0.6076 0.6778 0.4140
vn -0.0661 0.8272 0.5580
vn -0.1972 0.8079 0.5554
vn -0.3180 0.7766 0.5438
vn -0.4222 0.7377 0.5269
vn -0.5091 0.6940 0.5091
vn -0.5825 0.6442 0.4957
vn -0.0651 0.7491 0.6592
vn -0.1949 0.7341 0.6505
vn -0.3135 0.7088 0.6320
vn -0.4142 0.6775 0.6078
vn -0.4957 0.6442 0.5825
vn -0.5590 0.6125 0.5590
vn 0.9955 0.0670 0.0669
vn 0.9777 0.1985 0.0679
vn 0.9429 0.3261 0.0674
vn 0.8923 0.4465 0.0665
vn 0.8274 0.5578 0.0656
vn 0.7494 0.6590 0.0649
vn 0.9778 0.0686 0.1980
vn 0.9586 0.2022 0.2007
vn 0.9223 0.3304 0.2004
vn 0.8715 0.4485 0.1985
vn 0.8084 0.5549 0.1962
vn 0.7347 0.6498 0.1946
vn 0.9430 0.0684 0.3256
vn 0.9223 0.2022 0.3293
vn 0.8856 0.3292 0.3278
vn 0.8363 0.4432 0.3228
vn 0.7772 0.5435 0.3172
vn 0.7094 0.6314 0.3131
vn 0.8923 0.0673 0.4464
vn 0.8712 0.1999 0.4483
vn 0.8360 0.3240 0.4429
vn 0.7907 0.4331 0.4326
vn 0.7380 0.5268 0.4218
vn 0.6778 0.6076 0.4140
vn 0.8272 0.0661 0.5580
vn 0.8079 0.1972 0.5554
vn 0.7766 0.3180 0.5438
vn 0.7377 0.4222 0.5268
vn 0.6940 0.5091 0.5091
vn 0.6443 0.5824 0.4957
vn 0.7491 0.0650 0.6592
vn 0.7341 0.1949 0.6505
vn 0.7088 0.3134 0.6320
vn 0.6775 0.4142 0.6078
vn 0.6442 0.4956 0.5825
vn 0.6124 0.5590 0.5590
vn 0.0669 0.9955 0.0669
vn 0.0679 0.9777 0.1985
vn 0.0674 0.9429 0.3261
vn 0.0665 0.8923 0.4465
vn 0.0656 0.8274 0.5578
vn 0.0649 0.7494 0.6590
vn 0.1980 0.9778 0.0685
vn 0.2007 0.9586 0.2022
vn 0.2004 0.9223 0.3304
vn 0.1985 0.8715 0.4485
vn 0.1962 0.8084 0.5549
vn 0.1946 0.7348 0.6498
vn 0.3256 0.9430 0.0684
vn 0.3293 0.9223 0.2022
vn 0.3278 0.8856 0.3292
vn 0.3228 0.8363 0.4432
vn 0.3172 0.7771 0.5435
vn 0.3132 0.7094 0.6315
vn 0.4464 0.8923 0.0674
vn 0.4483 0.8712 0.1999
vn 0.4429 0.8360 0.3240
vn 0.4326 0.7907 0.4331
vn 0.4218 0.7379 0.5269
vn 0.4141 0.6778 0.6076
vn 0.5580 0.8272 0.0661
vn 0.5554 0.8079 0.1972
vn 0.5438 0.7766 0.3180
vn 0.5268 0.7377 0.4221
vn 0.5091 0.6941 0.5091
vn 0.4956 0.6443 0.5825
vn 0.6593 0.7491 0.0650
vn 0.6505 0.7341 0.1949
vn 0.6320 0.7087 0.3134
vn 0.6078 0.6775 0.4142
vn 0.5825 0.6442 0.4956
vn 0.5590 0.6124 0.5590
vn 0.0669 0.0669 0.9955
vn 0.1985 0.0679 0.9777
vn 0.3261 0.0674 0.9429
vn 0.4465 0.0665 0.8923
vn 0.5579 0.0656 0.8273
vn 0.6590 0.0649 0.7494
vn 0.0685 0.1980 0.9778
vn 0.2022 0.2007 0.9586
vn 0.3304 0.2004 0.9223
vn 0.4485 0.1985 0.8715
vn 0.5549 0.1962 0.8084
vn 0.6498 0.1946 0.7347
vn 0.0684 0.3256 0.9430
vn 0.2022 0.3293 0.9223
vn 0.3292 0.3278 0.8855
vn 0.4432 0.3228 0.8363
vn 0.5435 0.3172 0.7772
vn 0.6314 0.3132 0.7094
vn 0.0673 0.4464 0.8923
vn 0.2000 0.4483 0.8712
vn 0.3240 0.4429 0.8360
vn 0.4331 0.4326 0.7907
vn 0.5268 0.4218 0.7379
vn 0.6076 0.4141 0.6778
vn 0.0661 0.5580 0.8272
vn 0.1972 0.5554 0.8079
vn 0.3180 0.5439 0.7766
vn 0.4222 0.5269 0.7377
vn 0.5091 0.5091 0.6940
vn 0.5825 0.4956 0.6443
vn 0.0650 0.6592 0.7491
vn 0.1949 0.6505 0.7341
vn 0.3134 0.6320 0.7088
vn 0.4143 0.6078 0.6774
vn 0.4957 0.5825 0.6442
vn 0.5589 0.5591 0.6124
vn -0.9955 -0.0670 -0.0669
vn -0.9778 -0.0678 -0.1985
vn -0.9429 -0.0674 -0.3261
vn -0.8923 -0.0665 -0.4465
vn -0.8274 -0.0656 -0.5578
vn -0.7494 -0.0649 -0.6590
vn -0.9778 -0.1979 -0.0686
vn -0.9586 -0.2007 -0.2022
vn -0.9223 -0.2004 -0.3304
vn -0.8715 -0.1985 -0.4485
vn -0.8084 -0.1962 -0.5549
vn -0.7347 -0.1946 -0.6498
vn -0.9430 -0.3256 -0.0684
vn -0.9223 -0.3293 -0.2022
vn -0.8855 -0.3278 -0.3292
vn -0.8363 -0.3228 -0.4432
vn -0.7772 -0.3172 -0.5435
vn -0.7094 -0.3132 -0.6314
vn -0.8923 -0.4464 -0.0673
vn -0.8712 -0.4483 -0.1999
vn -0.8360 -0.4429 -0.3240
vn -0.7907 -0.4326 -0.4331
vn -0.7379 -0.4218 -0.5268
vn -0.6778 -0.4140 -0.6076
vn -0.8272 -0.5580 -0.0661
vn -0.8079 -0.5554 -0.1972
vn -0.7766 -0.5438 -0.3180
vn -0.7377 -0.5269 -0.4221
vn -0.6940 -0.5091 -0.5091
vn -0.6443 -0.4957 -0.5825
vn -0.7491 -0.6592 -0.0651
vn -0.7340 -0.6505 -0.1949
vn -0.7088 -0.6320 -0.3135
vn -0.6775 -0.6078 -0.4142
vn -0.6442 -0.5825 -0.4956
vn -0.6124 -0.5590 -0.5590
vn -0.0669 -0.0669 -0.9955
vn -0.0678 -0.1985 -0.9777
vn -0.0674 -0.3261 -0.9429
vn -0.0665 -0.4465 -0.8923
vn -0.0656 -0.5578 -0.8274
vn -0.0649 -0.6590 -0.7493
vn -0.1979 -0.0686 -0.9778
vn -0.2007 -0.2022 -0.9586
vn -0.2004 -0.3304 -0.9223
vn -0.1985 -0.4485 -0.8715
vn -0.1963 -0.5549 -0.8084
vn -0.1946 -0.6498 -0.7347
vn -0.3256 -0.0684 -0.9430
vn -0.3293 -0.2022 -0.9223
vn -0.3278 -0.3292 -0.8855
vn -0.3228 -0.4432 -0.8363
vn -0.3172 -0.5435 -0.7772
vn -0.3132 -0.6315 -0.7094
vn -0.4464 -0.0673 -0.8923
vn -0.4483 -0.2000 -0.8712
vn -0.4429 -0.3240 -0.8360
vn -0.4326 -0.4331 -0.7908
vn -0.4218 -0.5268 -0.7379
vn -0.4141 -0.6076 -0.6778
vn -0.5580 -0.0661 -0.8272
vn -0.5554 -0.1972 -0.8079
vn -0.5438 -0.3180 -0.7766
vn -0.5269 -0.4222 -0.7377
vn -0.5091 -0.5091 -0.6940
vn -0.4957 -0.5825 -0.6442
vn -0.6592 -0.0651 -0.7491
vn -0.6505 -0.1949 -0.7340
vn -0.6320 -0.3135 -0.7088
vn -0.6078 -0.4142 -0.6775
vn -0.5825 -0.4956 -0.6442
vn -0.5590 -0.5590 -0.6125
vn -0.0669 -0.9955 -0.0669
vn -0.1985 -0.9777 -0.0678
vn -0.3261 -0.9429 -0.0674
vn -0.4465 -0.8923 -0.0665
vn -0.5578 -0.8273 -0.0656
vn -0.6589 -0.7494 -0.0649
vn -0.0686 -0.9778 -0.1979
vn -0.2022 -0.9586 -0.2007
vn -0.3304 -0.9223 -0.2004
vn -0.4485 -0.8715 -0.1985
vn -0.5549 -0.8084 -0.1962
vn -0.6498 -0.7347 -0.1946
vn -0.0684 -0.9430 -0.3256
vn -0.2022 -0.9223 -0.3294
vn -0.3292 -0.8855 -0.3278
vn -0.4432 -0.8363 -0.3228
vn -0.5435 -0.7771 -0.3172
vn -0.6315 -0.7094 -0.3132
vn -0.0673 -0.8923 -0.4464
vn -0.1999 -0.8712 -0.4483
vn -0.3240 -0.8360 -0.4429
vn -0.4331 -0.7908 -0.4326
vn -0.5268 -0.7379 -0.4218
vn -0.6076 -0.6778 -0.4141
vn -0.0661 -0.8272 -0.5580
vn -0.1972 -0.8079 -0.5554
vn -0.3180 -0.7766 -0.5438
vn -0.4221 -0.7377 -0.5269
vn -0.5091 -0.6940 -0.5091
vn -0.5825 -0.6443 -0.4957
vn -0.0651 -0.7491 -0.6592
vn -0.1949 -0.7340 -0.6505
vn -0.3134 -0.7088 -0.6320
vn -0.4142 -0.6775 -0.6078
vn -0.4956 -0.6442 -0.5826
vn -0.5590 -0.6125 -0.5590
vn 0.9955 -0.0669 -0.0669
vn 0.9777 -0.1985 -0.0679
vn 0.9429 -0.3261 -0.0674
vn 0.8923 -0.4465 -0.0665
vn 0.8274 -0.5578 -0.0656
vn 0.7494 -0.6590 -0.0649
vn 0.9778 -0.0685 -0.1980
vn 0.9586 -0.2022 -0.2007
vn 0.9223 -0.3304 -0.2004
vn 0.8715 -0.4485 -0.1985
vn 0.8084 -0.5549 -0.1963
vn 0.7347 -0.6498 -0.1946
vn 0.9430 -0.0684 -0.3256
vn 0.9223 -0.2022 -0.3293
vn 0.8856 -0.3292 -0.3278
vn 0.8363 -0.4432 -0.3228
vn 0.7771 -0.5435 -0.3172
vn 0.7094 -0.6315 -0.3132
vn 0.8923 -0.0674 -0.4464
vn 0.8712 -0.1999 -0.4483
vn 0.8360 -0.3240 -0.4429
vn 0.7907 -0.4331 -0.4326
vn 0.7379 -0.5269 -0.4218
vn 0.6778 -0.6076 -0.4141
vn 0.8272 -0.0661 -0.5580
vn 0.8079 -0.1972 -0.5554
vn 0.7766 -0.3180 -0.5439
vn 0.7377 -0.4221 -0.5268
vn 0.6940 -0.5091 -0.5091
vn 0.6443 -0.5825 -0.4956
vn 0.7491 -0.0650 -0.6592
vn 0.7341 -0.1949 -0.6505
vn 0.7087 -0.3135 -0.6320
vn 0.6774 -0.4142 -0.6078
vn 0.6442 -0.4957 -0.5825
vn 0.6124 -0.5590 -0.5590
vn 0.0669 -0.9955 -0.0670
vn 0.0679 -0.9777 -0.1985
vn 0.0674 -0.9429 -0.3261
vn 0.0665 -0.8923 -0.4465
vn 0.0656 -0.8274 -0.5578
vn 0.0649 -0.7494 -0.6590
vn 0.1979 -0.9778 -0.0686
vn 0.2007 -0.9586 -0.2022
vn 0.2004 -0.9223 -0.3304
vn 0.1985 -0.8715 -0.4485
vn 0.1962 -0.8084 -0.5549
vn 0.1946 -0.7347 -0.6498
vn 0.3256 -0.9430 -0.0684
vn 0.3293 -0.9223 -0.2022
vn 0.3278 -0.8855 -0.3292
vn 0.3228 -0.8363 -0.4432
vn 0.3172 -0.7772 -0.5435
vn 0.3132 -0.7094 -0.6314
vn 0.4464 -0.8923 -0.0673
vn 0.4483 -0.8712 -0.1999
vn 0.4429 -0.8360 -0.3240
vn 0.4326 -0.7907 -0.4331
vn 0.4218 -0.7379 -0.5268
vn 0.4141 -0.6778 -0.6076
vn 0.5580 -0.8272 -0.0661
vn 0.5554 -0.8079 -0.1972
vn 0.5439 -0.7766 -0.3180
vn 0.5268 -0.7377 -0.4222
vn 0.5091 -0.6940 -0.5091
vn 0.4957 -0.6443 -0.5824
vn 0.6592 -0.7491 -0.0650
vn 0.6505 -0.7341 -0.1949
vn 0.6320 -0.7088 -0.3134
vn 0.6078 -0.6775 -0.4142
vn 0.5826 -0.6442 -0.4956
vn 0.5590 -0.6124 -0.5590
vn 0.0670 -0.0669 -0.9955
vn 0.1985 -0.0679 -0.9778
vn 0.3261 -0.0674 -0.9429
vn 0.4465 -0.0665 -0.8923
vn 0.5578 -0.0656 -0.8274
vn 0.6590 -0.0650 -0.7494
vn 0.0685 -0.1979 -0.9778
vn 0.2022 -0.2007 -0.9586
vn 0.3304 -0.2004 -0.9223
vn 0.4485 -0.1985 -0.8715
vn 0.5549 -0.1962 -0.8084
vn 0.6498 -0.1946 -0.7348
vn 0.0684 -0.3256 -0.9430
vn 0.2022 -0.3293 -0.9223
vn 0.3292 -0.3278 -0.8856
vn 0.4432 -0.3228 -0.8363
vn 0.5436 -0.3172 -0.7771
vn 0.6315 -0.3132 -0.7094
vn 0.0673 -0.4464 -0.8923
vn 0.1999 -0.4483 -0.8712
vn 0.3240 -0.4429 -0.8360
vn 0.4331 -0.4326 -0.7907
vn 0.5269 -0.4218 -0.7379
vn 0.6076 -0.4140 -0.6778
vn 0.0661 -0.5580 -0.8272
vn 0.1972 -0.5554 -0.8079
vn 0.3180 -0.5438 -0.7766
vn 0.4221 -0.5268 -0.7377
vn 0.5091 -0.5091 -0.6940
vn 0.5824 -0.4957 -0.6443
vn 0.0651 -0.6592 -0.7491
vn 0.1949 -0.6505 -0.7341
vn 0.3135 -0.6320 -0.7087
vn 0.4142 -0.6078 -0.6775
vn 0.4956 -0.5825 -0.6442
vn 0.5590 -0.5590 -0.6124
vn -0.9955 0.0669 -0.0669
vn -0.9777 0.1985 -0.0679
vn -0.9429 0.3261 -0.0674
vn -0.8923 0.4465 -0.0665
vn -0.8273 0.5579 -0.0656
vn -0.7494 0.6590 -0.0649
vn -0.9778 0.0686 -0.1980
vn -0.9586 0.2022 -0.2007
vn -0.9223 0.3304 -0.2004
vn -0.8715 0.4485 -0.1985
vn -0.8084 0.5549 -0.1962
vn -0.7347 0.6498 -0.1946
vn -0.9430 0.0684 -0.3256
vn -0.9223 0.2022 -0.3293
vn -0.8855 0.3292 -0.3278
vn -0.8363 0.4432 -0.3228
vn -0.7772 0.5435 -0.3172
vn -0.7094 0.6314 -0.3132
vn -0.8923 0.0673 -0.4464
vn -0.8712 0.2000 -0.4483
vn -0.8360 0.3240 -0.4428
vn -0.7908 0.4331 -0.4326
vn -0.7379 0.5268 -0.4218
vn -0.6778 0.6076 -0.4141
vn -0.8272 0.0661 -0.5580
vn -0.8079 0.1972 -0.5554
vn -0.7766 0.3180 -0.5439
vn -0.7377 0.4221 -0.5269
vn -0.6940 0.5091 -0.5091
vn -0.6443 0.5825 -0.4956
vn -0.7491 0.0650 -0.6592
vn -0.7341 0.1949 -0.6505
vn -0.7088 0.3134 -0.6320
vn -0.6775 0.4142 -0.6078
vn -0.6442 0.4957 -0.5825
vn -0.6124 0.5590 -0.5590
vn -0.0669 0.9955 -0.0670
vn -0.0679 0.9777 -0.1985
vn -0.0674 0.9429 -0.3261
vn -0.0665 0.8923 -0.4465
vn -0.0656 0.8274 -0.5578
vn -0.0649 0.7494 -0.6590
vn -0.1979 0.9778 -0.0686
vn -0.2007 0.9586 -0.2022
vn -0.2004 0.9223 -0.3304
vn -0.1985 0.8715 -0.4485
vn -0.1962 0.8084 -0.5549
vn -0.1946 0.7347 -0.6498
vn -0.3256 0.9430 -0.0684
vn -0.3293 0.9223 -0.2022
vn -0.3278 0.8855 -0.3292
vn -0.3228 0.8363 -0.4432
vn -0.3172 0.7771 -0.5435
vn -0.3132 0.7093 -0.6315
vn -0.4464 0.8923 -0.0673
vn -0.4483 0.8712 -0.1999
vn -0.4429 0.8360 -0.3240
vn -0.4326 0.7907 -0.4331
vn -0.4218 0.7379 -0.5268
vn -0.4140 0.6778 -0.6076
vn -0.5581 0.8272 -0.0661
vn -0.5554 0.8079 -0.1972
vn -0.5438 0.7766 -0.3180
vn -0.5268 0.7377 -0.4222
vn -0.5091 0.6940 -0.5091
vn -0.4957 0.6443 -0.5824
vn -0.6592 0.7491 -0.0650
vn -0.6505 0.7340 -0.1949
vn -0.6320 0.7088 -0.3135
vn -0.6078 0.6774 -0.4143
vn -0.5825 0.6442 -0.4956
vn -0.5590 0.6124 -0.5590
vn -0.0669 0.0669 -0.9955
vn -0.1985 0.0679 -0.9777
vn -0.3261 0.0674 -0.9429
vn -0.4465 0.0665 -0.8923
vn -0.5579 0.0656 -0.8273
vn -0.6590 0.0649 -0.7494
vn -0.0685 0.1980 -0.9778
vn -0.2022 0.2007 -0.9586
vn -0.3304 0.2004 -0.9223
vn -0.4485 0.1985 -0.8715
vn -0.5549 0.1962 -0.8084
vn -0.6498 0.1946 -0.7348
vn -0.0684 0.3256 -0.9430
vn -0.2022 0.3293 -0.9223
vn -0.3292 0.3278 -0.8856
vn -0.4432 0.3227 -0.8363
vn -0.5435 0.3172 -0.7772
vn -0.6315 0.3132 -0.7094
vn -0.0674 0.4464 -0.8923
vn -0.1999 0.4483 -0.8712
vn -0.3240 0.4428 -0.8360
vn -0.4331 0.4326 -0.7907
vn -0.5269 0.4218 -0.7379
vn -0.6076 0.4141 -0.6777
vn -0.0661 0.5580 -0.8272
vn -0.1972 0.5554 -0.8079
vn -0.3180 0.5438 -0.7766
vn -0.4222 0.5269 -0.7377
vn -0.5091 0.5091 -0.6940
vn -0.5825 0.4956 -0.6443
vn -0.0650 0.6592 -0.7491
vn -0.1949 0.6505 -0.7341
vn -0.3134 0.6320 -0.7087
vn -0.4143 0.6078 -0.6775
vn -0.4956 0.5825 -0.6442
vn -0.5590 0.5590 -0.6124
vn 0.9955 0.0670 -0.0670
vn 0.9777 0.0678 -0.1985
vn 0.9429 0.0674 -0.3261
vn 0.8923 0.0665 -0.4465
vn 0.8273 0.0656 -0.5578
vn 0.7494 0.0649 -0.6589
vn 0.9778 0.1980 -0.0686
vn 0.9586 0.2007 -0.2022
vn 0.9223 0.2004 -0.3304
vn 0.8715 0.1985 -0.4485
vn 0.8084 0.1962 -0.5549
vn 0.7347 0.1946 -0.6498
vn 0.9430 0.3256 -0.0684
vn 0.9223 0.3293 -0.2022
vn 0.8855 0.3278 -0.3292
vn 0.8363 0.3228 -0.4432
vn 0.7771 0.3172 -0.5435
vn 0.7094 0.3132 -0.6314
vn 0.8923 0.4464 -0.0673
vn 0.8712 0.4483 -0.1999
vn 0.8360 0.4428 -0.3240
vn 0.7908 0.4326 -0.4331
vn 0.7379 0.4217 -0.5268
vn 0.6778 0.4141 -0.6076
vn 0.8272 0.5580 -0.0661
vn 0.8079 0.5554 -0.1972
vn 0.7766 0.5438 -0.3180
vn 0.7377 0.5268 -0.4222
vn 0.6940 0.5091 -0.5091
vn 0.6443 0.4956 -0.5825
vn 0.7491 0.6592 -0.0651
vn 0.7341 0.6505 -0.1949
vn 0.7088 0.6320 -0.3134
vn 0.6775 0.6078 -0.4142
vn 0.6442 0.5826 -0.4956
vn 0.6125 0.5590 -0.5590
vn 0.0670 0.0669 -0.9955
vn 0.0678 0.1985 -0.9778
vn 0.0674 0.3261 -0.9429
vn 0.0665 0.4465 -0.8923
vn 0.0656 0.5578 -0.8274
vn 0.0649 0.6590 -0.7494
vn 0.1979 0.0686 -0.9778
vn 0.2007 0.2022 -0.9586
vn 0.2004 0.3304 -0.9223
vn 0.1985 0.4484 -0.8715
vn 0.1962 0.5549 -0.8084
vn 0.1946 0.6498 -0.7348
vn 0.3256 0.0684 -0.9430
vn 0.3293 0.2022 -0.9223
vn 0.3278 0.3292 -0.8855
vn 0.3228 0.4432 -0.8363
vn 0.3172 0.5435 -0.7771
vn 0.3132 0.6314 -0.7094
vn 0.4464 0.0673 -0.8923
vn 0.4483 0.2000 -0.8712
vn 0.4429 0.3240 -0.8360
vn 0.4326 0.4331 -0.7907
vn 0.4218 0.5268 -0.7379
vn 0.4141 0.6076 -0.6778
vn 0.5580 0.0661 -0.8272
vn 0.5554 0.1972 -0.8079
vn 0.5438 0.3180 -0.7766
vn 0.5269 0.4221 -0.7377
vn 0.5091 0.5091 -0.6940
vn 0.4956 0.5825 -0.6442
vn 0.6592 0.0650 -0.7491
vn 0.6505 0.1949 -0.7341
vn 0.6320 0.3134 -0.7088
vn 0.6078 0.4142 -0.6775
vn 0.5825 0.4957 -0.6442
vn 0.5590 0.5590 -0.6124
vn 0.0669 0.9955 -0.0669
vn 0.1985 0.9777 -0.0678
vn 0.3261 0.9429 -0.0674
vn 0.4465 0.8923 -0.0665
vn 0.5578 0.8274 -0.0656
vn 0.6590 0.7494 -0.0649
vn 0.0686 0.9778 -0.1979
vn 0.2022 0.9586 -0.2007
vn 0.3304 0.9223 -0.2004
vn 0.4485 0.8715 -0.1984
vn 0.5549 0.8084 -0.1962
vn 0.6498 0.7348 -0.1946
vn 0.0684 0.9430 -0.3257
vn 0.2022 0.9223 -0.3293
vn 0.3292 0.8855 -0.3278
vn 0.4432 0.8363 -0.3228
vn 0.5435 0.7772 -0.3172
vn 0.6314 0.7094 -0.3131
vn 0.0673 0.8923 -0.4464
vn 0.2000 0.8712 -0.4483
vn 0.3240 0.8360 -0.4428
vn 0.4331 0.7908 -0.4326
vn 0.5268 0.7379 -0.4218
vn 0.6076 0.6778 -0.4141
vn 0.0661 0.8272 -0.5580
vn 0.1972 0.8079 -0.5554
vn 0.3180 0.7766 -0.5438
vn 0.4222 0.7377 -0.5269
vn 0.5091 0.6940 -0.5091
vn 0.5825 0.6442 -0.4957
vn 0.0651 0.7491 -0.6592
vn 0.1949 0.7340 -0.6505
vn 0.3134 0.7088 -0.6320
vn 0.4143 0.6775 -0.6078
vn 0.4956 0.6442 -0.5826
vn 0.5590 0.6124 -0.5590
vn -0.9979 0.0000 0.0654
vn -0.9808 0.0000 0.1951
vn -0.9469 0.0000 0.3214
vn -0.8969 0.0000 0.4423
vn -0.8315 0.0000 0.5556
vn -0.7518 0.0000 0.6593
vn -0.6593 0.0000 0.7519
vn -0.5556 0.0000 0.8315
vn -0.4423 0.0000 0.8969
vn -0.3214 0.0000 0.9469
vn -0.1951 0.0000 0.9808
vn -0.0654 0.0000 0.9979
vn -0.0000 -0.9979 0.0654
vn -0.0000 -0.9808 0.1951
vn -0.0000 -0.9469 0.3215
vn -0.0000 -0.8969 0.4423
vn -0.0000 -0.8315 0.5556
vn -0.0000 -0.7519 0.6593
vn 0.0000 -0.6593 0.7519
vn 0.0000 -0.5556 0.8315
vn 0.0000 -0.4423 0.8969
vn 0.0000 -0.3214 0.9469
vn 0.0000 -0.1951 0.9808
vn 0.0000 -0.0654 0.9979
vn 0.9979 -0.0000 0.0654
vn 0.9808 -0.0000 0.1951
vn 0.9469 -0.0000 0.3214
vn 0.8969 -0.0000 0.4423
vn 0.8315 -0.0000 0.5556
vn 0.7518 -0.0000 0.6593
vn 0.6593 -0.0000 0.7518
vn 0.5556 -0.0000 0.8315
vn 0.4423 0.0000 0.8969
vn 0.3215 0.0000 0.9469
vn 0.1951 0.0000 0.9808
vn 0.0654 -0.0000 0.9979
vn 0.0000 0.9979 0.0654
vn 0.0000 0.9808 0.1951
vn 0.0000 0.9469 0.3215
vn 0.0000 0.8969 0.4423
vn 0.0000 0.8315 0.5556
vn 0.0000 0.7519 0.6593
vn 0.0000 0.6593 0.7519
vn 0.0000 0.5556 0.8315
vn 0.0000 0.4423 0.8969
vn 0.0000 0.3214 0.9469
vn 0.0000 0.1951 0.9808
vn 0.0000 0.0654 0.9979
vn -0.9979 0.0654 0.0000
vn -0.9808 0.1951 0.0000
vn -0.9469 0.3214 0.0000
vn -0.8969 0.4423 0.0000
vn -0.8315 0.5555 0.0000
vn -0.7518 0.6594 0.0000
vn -0.6593 0.7518 -0.0000
vn -0.5556 0.8315 0.0000
vn -0.4423 0.8969 0.0000
vn -0.3214 0.9469 0.0000
vn -0.1951 0.9808 -0.0000
vn -0.0654 0.9979 0.0000
vn 0.9979 0.0654 -0.0000
vn 0.9808 0.1951 -0.0000
vn 0.9469 0.3214 -0.0000
vn 0.8969 0.4423 -0.0000
vn 0.8315 0.5556 -0.0000
vn 0.7519 0.6593 -0.0000
vn 0.6593 0.7518 -0.0000
vn 0.5556 0.8315 -0.0000
vn 0.4423 0.8969 -0.0000
vn 0.3215 0.9469 -0.0000
vn 0.1951 0.9808 0.0000
vn 0.0654 0.9979 0.0000
vn -0.0000 0.0654 -0.9979
vn -0.0000 0.1951 -0.9808
vn -0.0000 0.3214 -0.9469
vn 0.0000 0.4423 -0.8969
vn 0.0000 0.5556 -0.8315
vn -0.0000 0.6593 -0.7519
vn 0.0000 0.7519 -0.6593
vn 0.0000 0.8315 -0.5556
vn 0.0000 0.8969 -0.4423
vn 0.0000 0.9469 -0.3215
vn 0.0000 0.9808 -0.1951
vn 0.0000 0.9979 -0.0654
vn -0.9979 0.0000 -0.0654
vn -0.9808 0.0000 -0.1951
vn -0.9469 0.0000 -0.3214
vn -0.8969 0.0000 -0.4423
vn -0.8315 0.0000 -0.5556
vn -0.7518 0.0000 -0.6593
vn -0.6593 0.0000 -0.7518
vn -0.5556 0.0000 -0.8315
vn -0.4423 0.0000 -0.8969
vn -0.3215 0.0000 -0.9469
vn -0.1951 0.0000 -0.9808
vn -0.0654 0.0000 -0.9979
vn 0.9979 -0.0000 -0.0654
vn 0.9808 -0.0000 -0.1951
vn 0.9469 -0.0000 -0.3214
vn 0.8969 0.0000 -0.4423
vn 0.8315 0.0000 -0.5556
vn 0.7518 -0.0000 -0.6593
vn 0.6593 0.0000 -0.7519
vn 0.5556 0.0000 -0.8315
vn 0.4423 -0.0000 -0.8969
vn 0.3214 -0.0000 -0.9469
vn 0.1951 0.0000 -0.9808
vn 0.0654 -0.0000 -0.9979
vn -0.0000 -0.9979 -0.0654
vn -0.0000 -0.9808 -0.1951
vn -0.0000 -0.9469 -0.3215
vn -0.0000 -0.8969 -0.4423
vn -0.0000 -0.8315 -0.5556
vn -0.0000 -0.7519 -0.6593
vn -0.0000 -0.6593 -0.7519
vn -0.0000 -0.5556 -0.8315
vn -0.0000 -0.4423 -0.8969
vn -0.0000 -0.3214 -0.9469
vn -0.0000 -0.1951 -0.9808
vn -0.0000 -0.0654 -0.9979
vn -0.9979 -0.0654 0.0000
vn -0.9808 -0.1951 0.0000
vn -0.9469 -0.3215 0.0000
vn -0.8969 -0.4423 0.0000
vn -0.8315 -0.5556 0.0000
vn -0.7519 -0.6593 0.0000
vn -0.6593 -0.7518 0.0000
vn -0.5556 -0.8315 0.0000
vn -0.4423 -0.8969 0.0000
vn -0.3215 -0.9469 0.0000
vn -0.1951 -0.9808 -0.0000
vn -0.0654 -0.9979 -0.0000
vn 0.9979 -0.0654 -0.0000
vn 0.9808 -0.1951 -0.0000
vn 0.9469 -0.3214 -0.0000
vn 0.8969 -0.4423 -0.0000
vn 0.8315 -0.5555 -0.0000
vn 0.7518 -0.6594 -0.0000
vn 0.6593 -0.7518 0.0000
vn 0.5556 -0.8315 -0.0000
vn 0.4423 -0.8969 -0.0000
vn 0.3214 -0.9469 0.0000
vn 0.1951 -0.9808 0.0000
vn 0.0654 -0.9979 0.0000
vn -1.0000 0.0000 0.0000
usemtl battalion.white
s off
f 511/1/1 637/2/1 128/3/1 2/4/1
f 765/5/2 891/6/2 638/7/2 510/8/2
f 890/9/3 382/10/3 129/11/3 636/12/3
f 3/13/4 130/14/4 384/15/4 256/16/4
f 257/17/5 383/18/5 892/19/5 764/20/5
f 1/21/6 4/22/6 11/23/6 10/24/6
f 4/25/7 5/26/7 12/27/7 11/28/7
f 5/26/8 6/29/8 13/30/8 12/27/8
f 6/29/9 7/31/9 14/32/9 13/30/9
f 7/31/10 8/33/10 15/34/10 14/32/10
f 8/35/11 9/36/11 16/37/11 15/38/11
f 10/24/12 11/23/12 18/39/12 17/40/12
f 11/23/13 12/41/13 19/42/13 18/39/13
f 12/41/14 13/43/14 20/44/14 19/42/14
f 13/43/15 14/45/15 21/46/15 20/44/15
f 14/45/16 15/47/16 22/48/16 21/46/16
f 15/38/17 16/37/17 23/49/17 22/50/17
f 17/40/18 18/39/18 25/51/18 24/52/18
f 18/39/19 19/42/19 26/53/19 25/51/19
f 19/42/20 20/44/20 27/54/20 26/53/20
f 20/44/21 21/46/21 28/55/21 27/54/21
f 21/46/22 22/48/22 29/56/22 28/55/22
f 22/48/23 23/57/23 30/58/23 29/56/23
f 24/52/24 25/51/24 32/59/24 31/60/24
f 25/51/25 26/53/25 33/61/25 32/59/25
f 26/53/26 27/54/26 34/62/26 33/61/26
f 27/54/27 28/55/27 35/63/27 34/62/27
f 28/55/28 29/56/28 36/64/28 35/63/28
f 29/56/29 30/58/29 37/65/29 36/64/29
f 31/60/30 32/59/30 39/66/30 38/67/30
f 32/59/31 33/61/31 40/68/31 39/66/31
f 33/61/32 34/62/32 41/69/32 40/68/32
f 34/62/33 35/63/33 42/70/33 41/69/33
f 35/63/34 36/64/34 43/71/34 42/70/34
f 36/64/35 37/65/35 44/72/35 43/71/35
f 38/67/36 39/66/36 99/73/36 92/74/36
f 39/66/37 40/68/37 106/75/37 99/73/37
f 40/68/38 41/69/38 113/76/38 106/75/38
f 41/69/39 42/70/39 120/77/39 113/76/39
f 42/70/40 43/71/40 127/78/40 120/77/40
f 43/71/41 44/72/41 45/79/41 127/78/41
f 2/80/42 46/81/42 53/82/42 52/83/42
f 46/81/43 47/84/43 54/85/43 53/82/43
f 47/84/44 48/86/44 55/87/44 54/85/44
f 48/86/45 49/88/45 56/89/45 55/87/45
f 49/88/46 50/90/46 57/91/46 56/89/46
f 50/90/47 51/92/47 58/93/47 57/91/47
f 52/83/48 53/82/48 60/94/48 59/95/48
f 53/82/49 54/85/49 61/96/49 60/94/49
f 54/85/50 55/87/50 62/97/50 61/96/50
f 55/87/51 56/89/51 63/98/51 62/97/51
f 56/89/52 57/91/52 64/99/52 63/98/52
f 57/91/53 58/93/53 65/100/53 64/99/53
f 59/95/54 60/94/54 67/101/54 66/102/54
f 60/94/55 61/96/55 68/103/55 67/101/55
f 61/96/56 62/97/56 69/104/56 68/103/56
f 62/97/57 63/98/57 70/105/57 69/104/57
f 63/98/58 64/99/58 71/106/58 70/105/58
f 64/99/59 65/100/59 72/107/59 71/106/59
f 66/102/60 67/101/60 74/108/60 73/109/60
f 67/101/61 68/103/61 75/110/61 74/108/61
f 68/103/62 69/104/62 76/111/62 75/110/62
f 69/104/63 70/105/63 77/112/63 76/111/63
f 70/105/64 71/106/64 78/113/64 77/112/64
f 71/106/65 72/107/65 79/114/65 78/113/65
f 73/109/66 74/108/66 81/115/66 80/116/66
f 74/108/67 75/110/67 82/117/67 81/115/67
f 75/110/68 76/111/68 83/118/68 82/117/68
f 76/111/69 77/112/69 84/119/69 83/118/69
f 77/112/70 78/113/70 85/120/70 84/119/70
f 78/121/71 79/122/71 86/123/71 85/124/71
f 80/116/72 81/115/72 16/37/72 9/36/72
f 81/115/73 82/117/73 23/49/73 16/37/73
f 82/117/74 83/118/74 30/125/74 23/49/74
f 83/118/75 84/119/75 37/126/75 30/125/75
f 84/127/76 85/124/76 44/72/76 37/65/76
f 85/124/77 86/123/77 45/79/77 44/72/77
f 3/128/78 87/129/78 94/130/78 93/131/78
f 87/129/79 88/132/79 95/133/79 94/130/79
f 88/132/80 89/134/80 96/135/80 95/133/80
f 89/134/81 90/136/81 97/137/81 96/135/81
f 90/136/82 91/138/82 98/139/82 97/137/82
f 91/138/83 92/74/83 99/73/83 98/139/83
f 93/131/84 94/130/84 101/140/84 100/141/84
f 94/130/85 95/133/85 102/142/85 101/140/85
f 95/133/86 96/135/86 103/143/86 102/142/86
f 96/135/87 97/137/87 104/144/87 103/143/87
f 97/137/88 98/139/88 105/145/88 104/144/88
f 98/139/89 99/73/89 106/75/89 105/145/89
f 100/141/90 101/140/90 108/146/90 107/147/90
f 101/140/91 102/142/91 109/148/91 108/146/91
f 102/142/92 103/143/92 110/149/92 109/148/92
f 103/143/93 104/144/93 111/150/93 110/149/93
f 104/144/94 105/145/94 112/151/94 111/150/94
f 105/145/95 106/75/95 113/76/95 112/151/95
f 107/147/96 108/146/96 115/152/96 114/153/96
f 108/146/97 109/148/97 116/154/97 115/152/97
f 109/148/98 110/149/98 117/155/98 116/154/98
f 110/149/99 111/150/99 118/156/99 117/155/99
f 111/150/100 112/151/100 119/157/100 118/156/100
f 112/151/101 113/76/101 120/77/101 119/157/101
f 114/153/102 115/152/102 122/158/102 121/159/102
f 115/152/103 116/154/103 123/160/103 122/158/103
f 116/154/104 117/155/104 124/161/104 123/160/104
f 117/155/105 118/156/105 125/162/105 124/161/105
f 118/156/106 119/157/106 126/163/106 125/162/106
f 119/157/107 120/77/107 127/78/107 126/163/107
f 121/164/108 122/165/108 58/93/108 51/92/108
f 122/165/109 123/166/109 65/100/109 58/93/109
f 123/160/110 124/161/110 72/167/110 65/168/110
f 124/161/111 125/162/111 79/122/111 72/167/111
f 125/162/112 126/163/112 86/123/112 79/122/112
f 126/163/113 127/78/113 45/79/113 86/123/113
f 128/169/114 131/170/114 138/171/114 137/172/114
f 131/170/115 132/173/115 139/174/115 138/171/115
f 132/173/116 133/175/116 140/176/116 139/174/116
f 133/175/117 134/177/117 141/178/117 140/176/117
f 134/177/118 135/179/118 142/180/118 141/178/118
f 135/179/119 136/181/119 143/182/119 142/180/119
f 137/172/120 138/171/120 145/183/120 144/184/120
f 138/171/121 139/174/121 146/185/121 145/183/121
f 139/174/122 140/176/122 147/186/122 146/185/122
f 140/176/123 141/178/123 148/187/123 147/186/123
f 141/178/124 142/180/124 149/188/124 148/187/124
f 142/180/125 143/182/125 150/189/125 149/188/125
f 144/184/126 145/183/126 152/190/126 151/191/126
f 145/183/127 146/185/127 153/192/127 152/190/127
f 146/185/128 147/186/128 154/193/128 153/192/128
f 147/186/129 148/187/129 155/194/129 154/193/129
f 148/187/130 149/188/130 156/195/130 155/194/130
f 149/188/131 150/189/131 157/196/131 156/195/131
f 151/191/132 152/190/132 159/197/132 158/198/132
f 152/190/133 153/192/133 160/199/133 159/197/133
f 153/192/134 154/193/134 161/200/134 160/199/134
f 154/193/135 155/194/135 162/201/135 161/200/135
f 155/194/136 156/195/136 163/202/136 162/201/136
f 156/203/137 157/204/137 164/205/137 163/206/137
f 158/198/138 159/197/138 166/207/138 165/208/138
f 159/197/139 160/199/139 167/209/139 166/207/139
f 160/199/140 161/200/140 168/210/140 167/209/140
f 161/200/141 162/201/141 169/211/141 168/210/141
f 162/212/142 163/206/142 170/213/142 169/214/142
f 163/206/143 164/205/143 171/215/143 170/213/143
f 165/208/144 166/207/144 226/216/144 219/217/144
f 166/207/145 167/209/145 233/218/145 226/216/145
f 167/209/146 168/210/146 240/219/146 233/218/146
f 168/220/147 169/214/147 247/221/147 240/222/147
f 169/214/148 170/213/148 254/223/148 247/221/148
f 170/213/149 171/215/149 172/224/149 254/223/149
f 129/225/150 173/226/150 180/227/150 179/228/150
f 173/226/151 174/229/151 181/230/151 180/227/151
f 174/229/152 175/231/152 182/232/152 181/230/152
f 175/231/153 176/233/153 183/234/153 182/232/153
f 176/233/154 177/235/154 184/236/154 183/234/154
f 177/235/155 178/237/155 185/238/155 184/236/155
f 179/228/156 180/227/156 187/239/156 186/240/156
f 180/227/157 181/230/157 188/241/157 187/239/157
f 181/230/158 182/232/158 189/242/158 188/241/158
f 182/232/159 183/234/159 190/243/159 189/242/159
f 183/234/160 184/236/160 191/244/160 190/243/160
f 184/236/161 185/238/161 192/245/161 191/244/161
f 186/240/162 187/239/162 194/246/162 193/247/162
f 187/239/163 188/241/163 195/248/163 194/246/163
f 188/241/164 189/242/164 196/249/164 195/248/164
f 189/242/165 190/243/165 197/250/165 196/249/165
f 190/243/166 191/244/166 198/251/166 197/250/166
f 191/244/167 192/245/167 199/252/167 198/251/167
f 193/247/168 194/246/168 201/253/168 200/254/168
f 194/246/169 195/248/169 202/255/169 201/253/169
f 195/248/170 196/249/170 203/256/170 202/255/170
f 196/249/171 197/250/171 204/257/171 203/256/171
f 197/250/172 198/251/172 205/258/172 204/257/172
f 198/251/173 199/252/173 206/259/173 205/258/173
f 200/254/174 201/253/174 208/260/174 207/261/174
f 201/253/175 202/255/175 209/262/175 208/260/175
f 202/255/176 203/256/176 210/263/176 209/262/176
f 203/256/177 204/257/177 211/264/177 210/263/177
f 204/257/178 205/258/178 212/265/178 211/264/178
f 205/258/179 206/259/179 213/266/179 212/265/179
f 207/267/180 208/268/180 143/182/180 136/181/180
f 208/268/181 209/269/181 150/189/181 143/182/181
f 209/262/182 210/263/182 157/204/182 150/270/182
f 210/263/183 211/264/183 164/205/183 157/204/183
f 211/264/184 212/265/184 171/215/184 164/205/184
f 212/265/185 213/266/185 172/224/185 171/215/185
f 130/271/186 214/272/186 221/273/186 220/274/186
f 214/272/187 215/275/187 222/276/187 221/273/187
f 215/275/188 216/277/188 223/278/188 222/276/188
f 216/277/189 217/279/189 224/280/189 223/278/189
f 217/279/190 218/281/190 225/282/190 224/280/190
f 218/283/191 219/217/191 226/216/191 225/284/191
f 220/274/192 221/273/192 228/285/192 227/286/192
f 221/273/193 222/276/193 229/287/193 228/285/193
f 222/276/194 223/278/194 230/288/194 229/287/194
f 223/278/195 224/280/195 231/289/195 230/288/195
f 224/280/196 225/282/196 232/290/196 231/289/196
f 225/282/197 226/291/197 233/292/197 232/290/197
f 227/286/198 228/285/198 235/293/198 234/294/198
f 228/285/199 229/287/199 236/295/199 235/293/199
f 229/287/200 230/288/200 237/296/200 236/295/200
f 230/288/201 231/289/201 238/297/201 237/296/201
f 231/289/202 232/290/202 239/298/202 238/297/202
f 232/290/203 233/292/203 240/222/203 239/298/203
f 234/294/204 235/293/204 242/299/204 241/300/204
f 235/293/205 236/295/205 243/301/205 242/299/205
f 236/295/206 237/296/206 244/302/206 243/301/206
f 237/296/207 238/297/207 245/303/207 244/302/207
f 238/297/208 239/298/208 246/304/208 245/303/208
f 239/298/209 240/222/209 247/221/209 246/304/209
f 241/300/210 242/299/210 249/305/210 248/306/210
f 242/299/211 243/301/211 250/307/211 249/305/211
f 243/301/212 244/302/212 251/308/212 250/307/212
f 244/302/213 245/303/213 252/309/213 251/308/213
f 245/303/214 246/304/214 253/310/214 252/309/214
f 246/304/215 247/221/215 254/223/215 253/310/215
f 248/306/216 249/305/216 185/238/216 178/237/216
f 249/305/217 250/307/217 192/245/217 185/238/217
f 250/307/218 251/308/218 199/252/218 192/245/218
f 251/308/219 252/309/219 206/259/219 199/252/219
f 252/309/220 253/310/220 213/266/220 206/259/220
f 253/310/221 254/223/221 172/224/221 213/266/221
f 255/311/222 258/312/222 265/313/222 264/314/222
f 258/312/223 259/315/223 266/316/223 265/313/223
f 259/315/224 260/317/224 267/318/224 266/316/224
f 260/317/225 261/319/225 268/320/225 267/318/225
f 261/319/226 262/321/226 269/322/226 268/320/226
f 262/321/227 263/323/227 270/324/227 269/322/227
f 264/314/228 265/313/228 272/325/228 271/326/228
f 265/313/229 266/316/229 273/327/229 272/325/229
f 266/316/230 267/318/230 274/328/230 273/327/230
f 267/318/231 268/320/231 275/329/231 274/328/231
f 268/320/232 269/322/232 276/330/232 275/329/232
f 269/322/233 270/324/233 277/331/233 276/330/233
f 271/326/234 272/325/234 279/332/234 278/333/234
f 272/325/235 273/327/235 280/334/235 279/332/235
f 273/327/236 274/328/236 281/335/236 280/334/236
f 274/328/237 275/329/237 282/336/237 281/335/237
f 275/329/238 276/330/238 283/337/238 282/336/238
f 276/330/239 277/331/239 284/338/239 283/337/239
f 278/333/240 279/332/240 286/339/240 285/340/240
f 279/332/241 280/334/241 287/341/241 286/339/241
f 280/334/242 281/335/242 288/342/242 287/341/242
f 281/335/243 282/336/243 289/343/243 288/342/243
f 282/336/244 283/337/244 290/344/244 289/343/244
f 283/337/245 284/338/245 291/345/245 290/344/245
f 285/340/246 286/339/246 293/346/246 292/347/246
f 286/339/247 287/341/247 294/348/247 293/346/247
f 287/341/248 288/342/248 295/349/248 294/348/248
f 288/342/249 289/343/249 296/350/249 295/349/249
f 289/343/250 290/344/250 297/351/250 296/350/250
f 290/344/251 291/345/251 298/352/251 297/351/251
f 292/353/252 293/354/252 353/355/252 346/356/252
f 293/346/253 294/348/253 360/357/253 353/358/253
f 294/348/254 295/349/254 367/359/254 360/357/254
f 295/349/255 296/350/255 374/360/255 367/359/255
f 296/350/256 297/351/256 381/361/256 374/360/256
f 297/351/257 298/352/257 299/362/257 381/361/257
f 256/363/258 300/364/258 307/365/258 306/366/258
f 300/364/259 301/367/259 308/368/259 307/365/259
f 301/367/260 302/369/260 309/370/260 308/368/260
f 302/369/261 303/371/261 310/372/261 309/370/261
f 303/371/262 304/373/262 311/374/262 310/372/262
f 304/375/263 305/376/263 312/377/263 311/378/263
f 306/366/264 307/365/264 314/379/264 313/380/264
f 307/365/265 308/368/265 315/381/265 314/379/265
f 308/368/266 309/370/266 316/382/266 315/381/266
f 309/370/267 310/372/267 317/383/267 316/382/267
f 310/372/268 311/374/268 318/384/268 317/383/268
f 311/374/269 312/385/269 319/386/269 318/384/269
f 313/380/270 314/379/270 321/387/270 320/388/270
f 314/379/271 315/381/271 322/389/271 321/387/271
f 315/381/272 316/382/272 323/390/272 322/389/272
f 316/382/273 317/383/273 324/391/273 323/390/273
f 317/383/274 318/384/274 325/392/274 324/391/274
f 318/384/275 319/386/275 326/393/275 325/392/275
f 320/388/276 321/387/276 328/394/276 327/395/276
f 321/387/277 322/389/277 329/396/277 328/394/277
f 322/389/278 323/390/278 330/397/278 329/396/278
f 323/390/279 324/391/279 331/398/279 330/397/279
f 324/391/280 325/392/280 332/399/280 331/398/280
f 325/392/281 326/393/281 333/400/281 332/399/281
f 327/395/282 328/394/282 335/401/282 334/402/282
f 328/394/283 329/396/283 336/403/283 335/401/283
f 329/396/284 330/397/284 337/404/284 336/403/284
f 330/397/285 331/398/285 338/405/285 337/404/285
f 331/398/286 332/399/286 339/406/286 338/405/286
f 332/399/287 333/400/287 340/407/287 339/406/287
f 334/402/288 335/401/288 270/324/288 263/323/288
f 335/401/289 336/403/289 277/331/289 270/324/289
f 336/403/290 337/404/290 284/338/290 277/331/290
f 337/404/291 338/405/291 291/345/291 284/338/291
f 338/405/292 339/406/292 298/352/292 291/345/292
f 339/406/293 340/407/293 299/362/293 298/352/293
f 257/408/294 341/409/294 348/410/294 347/411/294
f 341/409/295 342/412/295 349/413/295 348/410/295
f 342/412/296 343/414/296 350/415/296 349/413/296
f 343/414/297 344/416/297 351/417/297 350/415/297
f 344/416/298 345/418/298 352/419/298 351/417/298
f 345/418/299 346/356/299 353/355/299 352/419/299
f 347/411/300 348/410/300 355/420/300 354/421/300
f 348/410/301 349/413/301 356/422/301 355/420/301
f 349/413/302 350/415/302 357/423/302 356/422/302
f 350/415/303 351/417/303 358/424/303 357/423/303
f 351/417/304 352/419/304 359/425/304 358/424/304
f 352/419/305 353/355/305 360/426/305 359/425/305
f 354/421/306 355/420/306 362/427/306 361/428/306
f 355/420/307 356/422/307 363/429/307 362/427/307
f 356/422/308 357/423/308 364/430/308 363/429/308
f 357/423/309 358/424/309 365/431/309 364/430/309
f 358/424/310 359/425/310 366/432/310 365/431/310
f 359/433/311 360/357/311 367/359/311 366/434/311
f 361/428/312 362/427/312 369/435/312 368/436/312
f 362/427/313 363/429/313 370/437/313 369/435/313
f 363/429/314 364/430/314 371/438/314 370/437/314
f 364/430/315 365/431/315 372/439/315 371/438/315
f 365/431/316 366/432/316 373/440/316 372/439/316
f 366/434/317 367/359/317 374/360/317 373/441/317
f 368/436/318 369/435/318 376/442/318 375/443/318
f 369/435/319 370/437/319 377/444/319 376/442/319
f 370/437/320 371/438/320 378/445/320 377/444/320
f 371/438/321 372/439/321 379/446/321 378/445/321
f 372/447/322 373/441/322 380/448/322 379/449/322
f 373/441/323 374/360/323 381/361/323 380/448/323
f 375/443/324 376/442/324 312/377/324 305/376/324
f 376/442/325 377/444/325 319/450/325 312/377/325
f 377/451/326 378/452/326 326/393/326 319/386/326
f 378/452/327 379/449/327 333/400/327 326/393/327
f 379/449/328 380/448/328 340/407/328 333/400/328
f 380/448/329 381/361/329 299/362/329 340/407/329
f 382/453/330 385/454/330 392/455/330 391/456/330
f 385/454/331 386/457/331 393/458/331 392/455/331
f 386/457/332 387/459/332 394/460/332 393/458/332
f 387/459/333 388/461/333 395/462/333 394/460/333
f 388/461/334 389/463/334 396/464/334 395/462/334
f 389/465/335 390/466/335 397/467/335 396/468/335
f 391/456/336 392/455/336 399/469/336 398/470/336
f 392/455/337 393/458/337 400/471/337 399/469/337
f 393/458/338 394/460/338 401/472/338 400/471/338
f 394/460/339 395/462/339 402/473/339 401/472/339
f 395/462/340 396/464/340 403/474/340 402/473/340
f 396/468/341 397/467/341 404/475/341 403/476/341
f 398/470/342 399/469/342 406/477/342 405/478/342
f 399/469/343 400/471/343 407/479/343 406/477/343
f 400/471/344 401/472/344 408/480/344 407/479/344
f 401/472/345 402/473/345 409/481/345 408/480/345
f 402/473/346 403/474/346 410/482/346 409/481/346
f 403/474/347 404/483/347 411/484/347 410/482/347
f 405/478/348 406/477/348 413/485/348 412/486/348
f 406/477/349 407/479/349 414/487/349 413/485/349
f 407/479/350 408/480/350 415/488/350 414/487/350
f 408/480/351 409/481/351 416/489/351 415/488/351
f 409/481/352 410/482/352 417/490/352 416/489/352
f 410/482/353 411/484/353 418/491/353 417/490/353
f 412/486/354 413/485/354 420/492/354 419/493/354
f 413/485/355 414/487/355 421/494/355 420/492/355
f 414/487/356 415/488/356 422/495/356 421/494/356
f 415/488/357 416/489/357 423/496/357 422/495/357
f 416/489/358 417/490/358 424/497/358 423/496/358
f 417/490/359 418/491/359 425/498/359 424/497/359
f 419/493/360 420/492/360 480/499/360 473/500/360
f 420/492/361 421/494/361 487/501/361 480/499/361
f 421/494/362 422/495/362 494/502/362 487/501/362
f 422/495/363 423/496/363 501/503/363 494/502/363
f 423/496/364 424/497/364 508/504/364 501/503/364
f 424/497/365 425/498/365 426/505/365 508/504/365
f 383/506/366 427/507/366 434/508/366 433/509/366
f 427/507/367 428/510/367 435/511/367 434/508/367
f 428/510/368 429/512/368 436/513/368 435/511/368
f 429/512/369 430/514/369 437/515/369 436/513/369
f 430/514/370 431/516/370 438/517/370 437/515/370
f 431/516/371 432/518/371 439/519/371 438/517/371
f 433/509/372 434/508/372 441/520/372 440/521/372
f 434/508/373 435/511/373 442/522/373 441/520/373
f 435/511/374 436/513/374 443/523/374 442/522/374
f 436/513/375 437/515/375 444/524/375 443/523/375
f 437/515/376 438/517/376 445/525/376 444/524/376
f 438/517/377 439/519/377 446/526/377 445/525/377
f 440/521/378 441/520/378 448/527/378 447/528/378
f 441/520/379 442/522/379 449/529/379 448/527/379
f 442/522/380 443/523/380 450/530/380 449/529/380
f 443/523/381 444/524/381 451/531/381 450/530/381
f 444/524/382 445/525/382 452/532/382 451/531/382
f 445/525/383 446/526/383 453/533/383 452/532/383
f 447/528/384 448/527/384 455/534/384 454/535/384
f 448/527/385 449/529/385 456/536/385 455/534/385
f 449/529/386 450/530/386 457/537/386 456/536/386
f 450/530/387 451/531/387 458/538/387 457/537/387
f 451/531/388 452/532/388 459/539/388 458/538/388
f 452/540/389 453/541/389 460/542/389 459/543/389
f 454/535/390 455/534/390 462/544/390 461/545/390
f 455/534/391 456/536/391 463/546/391 462/544/391
f 456/536/392 457/537/392 464/547/392 463/546/392
f 457/537/393 458/538/393 465/548/393 464/547/393
f 458/549/394 459/543/394 466/550/394 465/551/394
f 459/543/395 460/542/395 467/552/395 466/550/395
f 461/545/396 462/544/396 397/467/396 390/466/396
f 462/544/397 463/546/397 404/475/397 397/467/397
f 463/546/398 464/547/398 411/553/398 404/475/398
f 464/554/399 465/551/399 418/491/399 411/484/399
f 465/551/400 466/550/400 425/498/400 418/491/400
f 466/550/401 467/552/401 426/505/401 425/498/401
f 384/555/402 468/556/402 475/557/402 474/558/402
f 468/556/403 469/559/403 476/560/403 475/557/403
f 469/559/404 470/561/404 477/562/404 476/560/404
f 470/561/405 471/563/405 478/564/405 477/562/405
f 471/563/406 472/565/406 479/566/406 478/564/406
f 472/565/407 473/500/407 480/499/407 479/566/407
f 474/558/408 475/557/408 482/567/408 481/568/408
f 475/557/409 476/560/409 483/569/409 482/567/409
f 476/560/410 477/562/410 484/570/410 483/569/410
f 477/562/411 478/564/411 485/571/411 484/570/411
f 478/564/412 479/566/412 486/572/412 485/571/412
f 479/566/413 480/499/413 487/501/413 486/572/413
f 481/568/414 482/567/414 489/573/414 488/574/414
f 482/567/415 483/569/415 490/575/415 489/573/415
f 483/569/416 484/570/416 491/576/416 490/575/416
f 484/570/417 485/571/417 492/577/417 491/576/417
f 485/571/418 486/572/418 493/578/418 492/577/418
f 486/572/419 487/501/419 494/502/419 493/578/419
f 488/574/420 489/573/420 496/579/420 495/580/420
f 489/573/421 490/575/421 497/581/421 496/579/421
f 490/575/422 491/576/422 498/582/422 497/581/422
f 491/576/423 492/577/423 499/583/423 498/582/423
f 492/577/424 493/578/424 500/584/424 499/583/424
f 493/578/425 494/502/425 501/503/425 500/584/425
f 495/580/426 496/579/426 503/585/426 502/586/426
f 496/579/427 497/581/427 504/587/427 503/585/427
f 497/581/428 498/582/428 505/588/428 504/587/428
f 498/582/429 499/583/429 506/589/429 505/588/429
f 499/583/430 500/584/430 507/590/430 506/589/430
f 500/584/431 501/503/431 508/504/431 507/590/431
f 502/591/432 503/592/432 439/519/432 432/518/432
f 503/585/433 504/587/433 446/593/433 439/594/433
f 504/587/434 505/588/434 453/541/434 446/593/434
f 505/588/435 506/589/435 460/542/435 453/541/435
f 506/589/436 507/590/436 467/552/436 460/542/436
f 507/590/437 508/504/437 426/505/437 467/552/437
f 509/595/438 512/596/438 519/597/438 518/598/438
f 512/596/439 513/599/439 520/600/439 519/597/439
f 513/599/440 514/601/440 521/602/440 520/600/440
f 514/601/441 515/603/441 522/604/441 521/602/441
f 515/603/442 516/605/442 523/606/442 522/604/442
f 516/605/443 517/607/443 524/608/443 523/606/443
f 518/598/444 519/597/444 526/609/444 525/610/444
f 519/597/445 520/600/445 527/611/445 526/609/445
f 520/600/446 521/602/446 528/612/446 527/611/446
f 521/602/447 522/604/447 529/613/447 528/612/447
f 522/604/448 523/606/448 530/614/448 529/613/448
f 523/606/449 524/608/449 531/615/449 530/614/449
f 525/610/450 526/609/450 533/616/450 532/617/450
f 526/609/451 527/611/451 534/618/451 533/616/451
f 527/611/452 528/612/452 535/619/452 534/618/452
f 528/612/453 529/613/453 536/620/453 535/619/453
f 529/613/454 530/614/454 537/621/454 536/620/454
f 530/614/455 531/615/455 538/622/455 537/621/455
f 532/617/456 533/616/456 540/623/456 539/624/456
f 533/616/457 534/618/457 541/625/457 540/623/457
f 534/618/458 535/619/458 542/626/458 541/625/458
f 535/619/459 536/620/459 543/627/459 542/626/459
f 536/620/460 537/621/460 544/628/460 543/627/460
f 537/621/461 538/622/461 545/629/461 544/628/461
f 539/624/462 540/623/462 547/630/462 546/631/462
f 540/623/463 541/625/463 548/632/463 547/630/463
f 541/625/464 542/626/464 549/633/464 548/632/464
f 542/626/465 543/627/465 550/634/465 549/633/465
f 543/627/466 544/628/466 551/635/466 550/634/466
f 544/628/467 545/629/467 552/636/467 551/635/467
f 546/637/468 547/638/468 607/639/468 600/640/468
f 547/630/469 548/632/469 614/641/469 607/642/469
f 548/632/470 549/633/470 621/643/470 614/641/470
f 549/633/471 550/634/471 628/644/471 621/643/471
f 550/634/472 551/635/472 635/645/472 628/644/472
f 551/635/473 552/636/473 553/646/473 635/645/473
f 510/647/474 554/648/474 561/649/474 560/650/474
f 554/648/475 555/651/475 562/652/475 561/649/475
f 555/651/476 556/653/476 563/654/476 562/652/476
f 556/653/477 557/655/477 564/656/477 563/654/477
f 557/655/478 558/657/478 565/658/478 564/656/478
f 558/659/479 559/660/479 566/661/479 565/662/479
f 560/650/480 561/649/480 568/663/480 567/664/480
f 561/649/481 562/652/481 569/665/481 568/663/481
f 562/652/482 563/654/482 570/666/482 569/665/482
f 563/654/483 564/656/483 571/667/483 570/666/483
f 564/656/484 565/658/484 572/668/484 571/667/484
f 565/662/485 566/661/485 573/669/485 572/670/485
f 567/664/486 568/663/486 575/671/486 574/672/486
f 568/663/487 569/665/487 576/673/487 575/671/487
f 569/665/488 570/666/488 577/674/488 576/673/488
f 570/666/489 571/667/489 578/675/489 577/674/489
f 571/667/490 572/668/490 579/676/490 578/675/490
f 572/668/491 573/677/491 580/678/491 579/676/491
f 574/672/492 575/671/492 582/679/492 581/680/492
f 575/671/493 576/673/493 583/681/493 582/679/493
f 576/673/494 577/674/494 584/682/494 583/681/494
f 577/674/495 578/675/495 585/683/495 584/682/495
f 578/675/496 579/676/496 586/684/496 585/683/496
f 579/676/497 580/678/497 587/685/497 586/684/497
f 581/680/498 582/679/498 589/686/498 588/687/498
f 582/679/499 583/681/499 590/688/499 589/686/499
f 583/681/500 584/682/500 591/689/500 590/688/500
f 584/682/501 585/683/501 592/690/501 591/689/501
f 585/683/502 586/684/502 593/691/502 592/690/502
f 586/684/503 587/685/503 594/692/503 593/691/503
f 588/687/504 589/686/504 524/608/504 517/607/504
f 589/686/505 590/688/505 531/615/505 524/608/505
f 590/688/506 591/689/506 538/622/506 531/615/506
f 591/689/507 592/690/507 545/629/507 538/622/507
f 592/690/508 593/691/508 552/636/508 545/629/508
f 593/691/509 594/692/509 553/646/509 552/636/509
f 511/693/510 595/694/510 602/695/510 601/696/510
f 595/694/511 596/697/511 603/698/511 602/695/511
f 596/697/512 597/699/512 604/700/512 603/698/512
f 597/699/513 598/701/513 605/702/513 604/700/513
f 598/701/514 599/703/514 606/704/514 605/702/514
f 599/703/515 600/640/515 607/639/515 606/704/515
f 601/696/516 602/695/516 609/705/516 608/706/516
f 602/695/517 603/698/517 610/707/517 609/705/517
f 603/698/518 604/700/518 611/708/518 610/707/518
f 604/700/519 605/702/519 612/709/519 611/708/519
f 605/702/520 606/704/520 613/710/520 612/709/520
f 606/704/521 607/639/521 614/711/521 613/710/521
f 608/706/522 609/705/522 616/712/522 615/713/522
f 609/705/523 610/707/523 617/714/523 616/712/523
f 610/707/524 611/708/524 618/715/524 617/714/524
f 611/708/525 612/709/525 619/716/525 618/715/525
f 612/709/526 613/710/526 620/717/526 619/716/526
f 613/710/527 614/711/527 621/718/527 620/717/527
f 615/713/528 616/712/528 623/719/528 622/720/528
f 616/712/529 617/714/529 624/721/529 623/719/529
f 617/714/530 618/715/530 625/722/530 624/721/530
f 618/715/531 619/716/531 626/723/531 625/722/531
f 619/716/532 620/717/532 627/724/532 626/723/532
f 620/725/533 621/643/533 628/644/533 627/726/533
f 622/720/534 623/719/534 630/727/534 629/728/534
f 623/719/535 624/721/535 631/729/535 630/727/535
f 624/721/536 625/722/536 632/730/536 631/729/536
f 625/722/537 626/723/537 633/731/537 632/730/537
f 626/732/538 627/726/538 634/733/538 633/734/538
f 627/726/539 628/644/539 635/645/539 634/733/539
f 629/728/540 630/727/540 566/661/540 559/660/540
f 630/727/541 631/729/541 573/669/541 566/661/541
f 631/729/542 632/730/542 580/735/542 573/669/542
f 632/736/543 633/734/543 587/685/543 580/678/543
f 633/734/544 634/733/544 594/692/544 587/685/544
f 634/733/545 635/645/545 553/646/545 594/692/545
f 636/737/546 639/738/546 646/739/546 645/740/546
f 639/738/547 640/741/547 647/742/547 646/739/547
f 640/741/548 641/743/548 648/744/548 647/742/548
f 641/743/549 642/745/549 649/746/549 648/744/549
f 642/745/550 643/747/550 650/748/550 649/746/550
f 643/749/551 644/750/551 651/751/551 650/752/551
f 645/740/552 646/739/552 653/753/552 652/754/552
f 646/739/553 647/742/553 654/755/553 653/753/553
f 647/742/554 648/744/554 655/756/554 654/755/554
f 648/744/555 649/746/555 656/757/555 655/756/555
f 649/746/556 650/748/556 657/758/556 656/757/556
f 650/752/557 651/751/557 658/759/557 657/760/557
f 652/754/558 653/753/558 660/761/558 659/762/558
f 653/753/559 654/755/559 661/763/559 660/761/559
f 654/755/560 655/756/560 662/764/560 661/763/560
f 655/756/561 656/757/561 663/765/561 662/764/561
f 656/757/562 657/758/562 664/766/562 663/765/562
f 657/758/563 658/767/563 665/768/563 664/766/563
f 659/762/564 660/761/564 667/769/564 666/770/564
f 660/761/565 661/763/565 668/771/565 667/769/565
f 661/763/566 662/764/566 669/772/566 668/771/566
f 662/764/567 663/765/567 670/773/567 669/772/567
f 663/765/568 664/766/568 671/774/568 670/773/568
f 664/766/569 665/768/569 672/775/569 671/774/569
f 666/770/570 667/769/570 674/776/570 673/777/570
f 667/769/571 668/771/571 675/778/571 674/776/571
f 668/771/572 669/772/572 676/779/572 675/778/572
f 669/772/573 670/773/573 677/780/573 676/779/573
f 670/773/574 671/774/574 678/781/574 677/780/574
f 671/774/575 672/775/575 679/782/575 678/781/575
f 673/777/576 674/776/576 734/783/576 727/784/576
f 674/776/577 675/778/577 741/785/577 734/783/577
f 675/778/578 676/779/578 748/786/578 741/785/578
f 676/779/579 677/780/579 755/787/579 748/786/579
f 677/780/580 678/781/580 762/788/580 755/787/580
f 678/781/581 679/782/581 680/789/581 762/788/581
f 637/790/582 681/791/582 688/792/582 687/793/582
f 681/791/583 682/794/583 689/795/583 688/792/583
f 682/794/584 683/796/584 690/797/584 689/795/584
f 683/796/585 684/798/585 691/799/585 690/797/585
f 684/798/586 685/800/586 692/801/586 691/799/586
f 685/800/587 686/802/587 693/803/587 692/801/587
f 687/793/588 688/792/588 695/804/588 694/805/588
f 688/792/589 689/795/589 696/806/589 695/804/589
f 689/795/590 690/797/590 697/807/590 696/806/590
f 690/797/591 691/799/591 698/808/591 697/807/591
f 691/799/592 692/801/592 699/809/592 698/808/592
f 692/801/593 693/803/593 700/810/593 699/809/593
f 694/805/594 695/804/594 702/811/594 701/812/594
f 695/804/595 696/806/595 703/813/595 702/811/595
f 696/806/596 697/807/596 704/814/596 703/813/596
f 697/807/597 698/808/597 705/815/597 704/814/597
f 698/808/598 699/809/598 706/816/598 705/815/598
f 699/809/599 700/810/599 707/817/599 706/816/599
f 701/812/600 702/811/600 709/818/600 708/819/600
f 702/811/601 703/813/601 710/820/601 709/818/601
f 703/813/602 704/814/602 711/821/602 710/820/602
f 704/814/603 705/815/603 712/822/603 711/821/603
f 705/815/604 706/816/604 713/823/604 712/822/604
f 706/824/605 707/825/605 714/826/605 713/827/605
f 708/819/606 709/818/606 716/828/606 715/829/606
f 709/818/607 710/820/607 717/830/607 716/828/607
f 710/820/608 711/821/608 718/831/608 717/830/608
f 711/821/609 712/822/609 719/832/609 718/831/609
f 712/833/610 713/827/610 720/834/610 719/835/610
f 713/827/611 714/826/611 721/836/611 720/834/611
f 715/829/612 716/828/612 651/751/612 644/750/612
f 716/828/613 717/830/613 658/759/613 651/751/613
f 717/830/614 718/831/614 665/837/614 658/759/614
f 718/838/615 719/835/615 672/775/615 665/768/615
f 719/835/616 720/834/616 679/782/616 672/775/616
f 720/834/617 721/836/617 680/789/617 679/782/617
f 638/839/618 722/840/618 729/841/618 728/842/618
f 722/840/619 723/843/619 730/844/619 729/841/619
f 723/843/620 724/845/620 731/846/620 730/844/620
f 724/845/621 725/847/621 732/848/621 731/846/621
f 725/847/622 726/849/622 733/850/622 732/848/622
f 726/849/623 727/784/623 734/783/623 733/850/623
f 728/842/624 729/841/624 736/851/624 735/852/624
f 729/841/625 730/844/625 737/853/625 736/851/625
f 730/844/626 731/846/626 738/854/626 737/853/626
f 731/846/627 732/848/627 739/855/627 738/854/627
f 732/848/628 733/850/628 740/856/628 739/855/628
f 733/850/629 734/783/629 741/785/629 740/856/629
f 735/852/630 736/851/630 743/857/630 742/858/630
f 736/851/631 737/853/631 744/859/631 743/857/631
f 737/853/632 738/854/632 745/860/632 744/859/632
f 738/854/633 739/855/633 746/861/633 745/860/633
f 739/855/634 740/856/634 747/862/634 746/861/634
f 740/856/635 741/785/635 748/786/635 747/862/635
f 742/858/636 743/857/636 750/863/636 749/864/636
f 743/857/637 744/859/637 751/865/637 750/863/637
f 744/859/638 745/860/638 752/866/638 751/865/638
f 745/860/639 746/861/639 753/867/639 752/866/639
f 746/861/640 747/862/640 754/868/640 753/867/640
f 747/862/641 748/786/641 755/787/641 754/868/641
f 749/864/642 750/863/642 757/869/642 756/870/642
f 750/863/643 751/865/643 758/871/643 757/869/643
f 751/865/644 752/866/644 759/872/644 758/871/644
f 752/866/645 753/867/645 760/873/645 759/872/645
f 753/867/646 754/868/646 761/874/646 760/873/646
f 754/868/647 755/787/647 762/788/647 761/874/647
f 756/875/648 757/876/648 693/803/648 686/802/648
f 757/869/649 758/871/649 700/877/649 693/878/649
f 758/871/650 759/872/650 707/825/650 700/877/650
f 759/872/651 760/873/651 714/826/651 707/825/651
f 760/873/652 761/874/652 721/836/652 714/826/652
f 761/874/653 762/788/653 680/789/653 721/836/653
f 763/879/654 766/880/654 773/881/654 772/882/654
f 766/880/655 767/883/655 774/884/655 773/881/655
f 767/883/656 768/885/656 775/886/656 774/884/656
f 768/885/657 769/887/657 776/888/657 775/886/657
f 769/887/658 770/889/658 777/890/658 776/888/658
f 770/891/659 771/892/659 778/893/659 777/894/659
f 772/882/660 773/881/660 780/895/660 779/896/660
f 773/881/661 774/884/661 781/897/661 780/895/661
f 774/884/662 775/886/662 782/898/662 781/897/662
f 775/886/663 776/888/663 783/899/663 782/898/663
f 776/888/664 777/890/664 784/900/664 783/899/664
f 777/890/665 778/901/665 785/902/665 784/900/665
f 779/896/666 780/895/666 787/903/666 786/904/666
f 780/895/667 781/897/667 788/905/667 787/903/667
f 781/897/668 782/898/668 789/906/668 788/905/668
f 782/898/669 783/899/669 790/907/669 789/906/669
f 783/899/670 784/900/670 791/908/670 790/907/670
f 784/900/671 785/902/671 792/909/671 791/908/671
f 786/904/672 787/903/672 794/910/672 793/911/672
f 787/903/673 788/905/673 795/912/673 794/910/673
f 788/905/674 789/906/674 796/913/674 795/912/674
f 789/906/675 790/907/675 797/914/675 796/913/675
f 790/907/676 791/908/676 798/915/676 797/914/676
f 791/908/677 792/909/677 799/916/677 798/915/677
f 793/911/678 794/910/678 801/917/678 800/918/678
f 794/910/679 795/912/679 802/919/679 801/917/679
f 795/912/680 796/913/680 803/920/680 802/919/680
f 796/913/681 797/914/681 804/921/681 803/920/681
f 797/914/682 798/915/682 805/922/682 804/921/682
f 798/915/683 799/916/683 806/923/683 805/922/683
f 800/918/684 801/917/684 861/924/684 854/925/684
f 801/917/685 802/919/685 868/926/685 861/924/685
f 802/919/686 803/920/686 875/927/686 868/926/686
f 803/920/687 804/921/687 882/928/687 875/927/687
f 804/921/688 805/922/688 889/929/688 882/928/688
f 805/922/689 806/923/689 807/930/689 889/929/689
f 764/931/690 808/932/690 815/933/690 814/934/690
f 808/932/691 809/935/691 816/936/691 815/933/691
f 809/935/692 810/937/692 817/938/692 816/936/692
f 810/937/693 811/939/693 818/940/693 817/938/693
f 811/939/694 812/941/694 819/942/694 818/940/694
f 812/941/695 813/943/695 820/944/695 819/942/695
f 814/934/696 815/933/696 822/945/696 821/946/696
f 815/933/697 816/936/697 823/947/697 822/945/697
f 816/936/698 817/938/698 824/948/698 823/947/698
f 817/938/699 818/940/699 825/949/699 824/948/699
f 818/940/700 819/942/700 826/950/700 825/949/700
f 819/942/701 820/944/701 827/951/701 826/950/701
f 821/946/702 822/945/702 829/952/702 828/953/702
f 822/945/703 823/947/703 830/954/703 829/952/703
f 823/947/704 824/948/704 831/955/704 830/954/704
f 824/948/705 825/949/705 832/956/705 831/955/705
f 825/949/706 826/950/706 833/957/706 832/956/706
f 826/950/707 827/951/707 834/958/707 833/957/707
f 828/953/708 829/952/708 836/959/708 835/960/708
f 829/952/709 830/954/709 837/961/709 836/959/709
f 830/954/710 831/955/710 838/962/710 837/961/710
f 831/955/711 832/956/711 839/963/711 838/962/711
f 832/956/712 833/957/712 840/964/712 839/963/712
f 833/965/713 834/966/713 841/967/713 840/968/713
f 835/960/714 836/959/714 843/969/714 842/970/714
f 836/959/715 837/961/715 844/971/715 843/969/715
f 837/961/716 838/962/716 845/972/716 844/971/716
f 838/962/717 839/963/717 846/973/717 845/972/717
f 839/974/718 840/968/718 847/975/718 846/976/718
f 840/968/719 841/967/719 848/977/719 847/975/719
f 842/970/720 843/969/720 778/893/720 771/892/720
f 843/969/721 844/971/721 785/978/721 778/893/721
f 844/971/722 845/972/722 792/979/722 785/978/722
f 845/980/723 846/976/723 799/916/723 792/909/723
f 846/976/724 847/975/724 806/923/724 799/916/724
f 847/975/725 848/977/725 807/930/725 806/923/725
f 765/981/726 849/982/726 856/983/726 855/984/726
f 849/982/727 850/985/727 857/986/727 856/983/727
f 850/985/728 851/987/728 858/988/728 857/986/728
f 851/987/729 852/989/729 859/990/729 858/988/729
f 852/989/730 853/991/730 860/992/730 859/990/730
f 853/991/731 854/925/731 861/924/731 860/992/731
f 855/984/732 856/983/732 863/993/732 862/994/732
f 856/983/733 857/986/733 864/995/733 863/993/733
f 857/986/734 858/988/734 865/996/734 864/995/734
f 858/988/735 859/990/735 866/997/735 865/996/735
f 859/990/736 860/992/736 867/998/736 866/997/736
f 860/992/737 861/924/737 868/926/737 867/998/737
f 862/994/738 863/993/738 870/999/738 869/1000/738
f 863/993/739 864/995/739 871/1001/739 870/999/739
f 864/995/740 865/996/740 872/1002/740 871/1001/740
f 865/996/741 866/997/741 873/1003/741 872/1002/741
f 866/997/742 867/998/742 874/1004/742 873/1003/742
f 867/998/743 868/926/743 875/927/743 874/1004/743
f 869/1000/744 870/999/744 877/1005/744 876/1006/744
f 870/999/745 871/1001/745 878/1007/745 877/1005/745
f 871/1001/746 872/1002/746 879/1008/746 878/1007/746
f 872/1002/747 873/1003/747 880/1009/747 879/1008/747
f 873/1003/748 874/1004/748 881/1010/748 880/1009/748
f 874/1004/749 875/927/749 882/928/749 881/1010/749
f 876/1006/750 877/1005/750 884/1011/750 883/1012/750
f 877/1005/751 878/1007/751 885/1013/751 884/1011/751
f 878/1007/752 879/1008/752 886/1014/752 885/1013/752
f 879/1008/753 880/1009/753 887/1015/753 886/1014/753
f 880/1009/754 881/1010/754 888/1016/754 887/1015/754
f 881/1010/755 882/928/755 889/929/755 888/1016/755
f 883/1017/756 884/1018/756 820/944/756 813/943/756
f 884/1018/757 885/1019/757 827/951/757 820/944/757
f 885/1013/758 886/1014/758 834/966/758 827/1020/758
f 886/1014/759 887/1015/759 841/967/759 834/966/759
f 887/1015/760 888/1016/760 848/977/760 841/967/760
f 888/1016/761 889/929/761 807/930/761 848/977/761
f 890/1021/762 893/1022/762 900/1023/762 899/1024/762
f 893/1022/763 894/1025/763 901/1026/763 900/1023/763
f 894/1025/764 895/1027/764 902/1028/764 901/1026/764
f 895/1027/765 896/1029/765 903/1030/765 902/1028/765
f 896/1029/766 897/1031/766 904/1032/766 903/1030/766
f 897/1031/767 898/1033/767 905/1034/767 904/1032/767
f 899/1024/768 900/1023/768 907/1035/768 906/1036/768
f 900/1023/769 901/1026/769 908/1037/769 907/1035/769
f 901/1026/770 902/1028/770 909/1038/770 908/1037/770
f 902/1028/771 903/1030/771 910/1039/771 909/1038/771
f 903/1030/772 904/1032/772 911/1040/772 910/1039/772
f 904/1032/773 905/1034/773 912/1041/773 911/1040/773
f 906/1036/774 907/1035/774 914/1042/774 913/1043/774
f 907/1035/775 908/1037/775 915/1044/775 914/1042/775
f 908/1037/776 909/1038/776 916/1045/776 915/1044/776
f 909/1038/777 910/1039/777 917/1046/777 916/1045/777
f 910/1039/778 911/1040/778 918/1047/778 917/1046/778
f 911/1040/779 912/1041/779 919/1048/779 918/1047/779
f 913/1043/780 914/1042/780 921/1049/780 920/1050/780
f 914/1042/781 915/1044/781 922/1051/781 921/1049/781
f 915/1044/782 916/1045/782 923/1052/782 922/1051/782
f 916/1045/783 917/1046/783 924/1053/783 923/1052/783
f 917/1046/784 918/1047/784 925/1054/784 924/1053/784
f 918/1047/785 919/1048/785 926/1055/785 925/1054/785
f 920/1050/786 921/1049/786 928/1056/786 927/1057/786
f 921/1049/787 922/1051/787 929/1058/787 928/1056/787
f 922/1051/788 923/1052/788 930/1059/788 929/1058/788
f 923/1052/789 924/1053/789 931/1060/789 930/1059/789
f 924/1053/790 925/1054/790 932/1061/790 931/1060/790
f 925/1054/791 926/1055/791 933/1062/791 932/1061/791
f 927/1063/792 928/1064/792 988/1065/792 981/1066/792
f 928/1064/793 929/1067/793 995/1068/793 988/1065/793
f 929/1058/794 930/1059/794 1002/1069/794 995/1070/794
f 930/1059/795 931/1060/795 1009/1071/795 1002/1069/795
f 931/1060/796 932/1061/796 1016/1072/796 1009/1071/796
f 932/1061/797 933/1062/797 934/1073/797 1016/1072/797
f 891/1074/798 935/1075/798 942/1076/798 941/1077/798
f 935/1075/799 936/1078/799 943/1079/799 942/1076/799
f 936/1078/800 937/1080/800 944/1081/800 943/1079/800
f 937/1080/801 938/1082/801 945/1083/801 944/1081/801
f 938/1082/802 939/1084/802 946/1085/802 945/1083/802
f 939/1086/803 940/1087/803 947/1088/803 946/1089/803
f 941/1077/804 942/1076/804 949/1090/804 948/1091/804
f 942/1076/805 943/1079/805 950/1092/805 949/1090/805
f 943/1079/806 944/1081/806 951/1093/806 950/1092/806
f 944/1081/807 945/1083/807 952/1094/807 951/1093/807
f 945/1083/808 946/1085/808 953/1095/808 952/1094/808
f 946/1085/809 947/1096/809 954/1097/809 953/1095/809
f 948/1091/810 949/1090/810 956/1098/810 955/1099/810
f 949/1090/811 950/1092/811 957/1100/811 956/1098/811
f 950/1092/812 951/1093/812 958/1101/812 957/1100/812
f 951/1093/813 952/1094/813 959/1102/813 958/1101/813
f 952/1094/814 953/1095/814 960/1103/814 959/1102/814
f 953/1095/815 954/1097/815 961/1104/815 960/1103/815
f 955/1099/816 956/1098/816 963/1105/816 962/1106/816
f 956/1098/817 957/1100/817 964/1107/817 963/1105/817
f 957/1100/818 958/1101/818 965/1108/818 964/1107/818
f 958/1101/819 959/1102/819 966/1109/819 965/1108/819
f 959/1102/820 960/1103/820 967/1110/820 966/1109/820
f 960/1103/821 961/1104/821 968/1111/821 967/1110/821
f 962/1106/822 963/1105/822 970/1112/822 969/1113/822
f 963/1105/823 964/1107/823 971/1114/823 970/1112/823
f 964/1107/824 965/1108/824 972/1115/824 971/1114/824
f 965/1108/825 966/1109/825 973/1116/825 972/1115/825
f 966/1109/826 967/1110/826 974/1117/826 973/1116/826
f 967/1110/827 968/1111/827 975/1118/827 974/1117/827
f 969/1113/828 970/1112/828 905/1034/828 898/1033/828
f 970/1112/829 971/1114/829 912/1041/829 905/1034/829
f 971/1114/830 972/1115/830 919/1048/830 912/1041/830
f 972/1115/831 973/1116/831 926/1055/831 919/1048/831
f 973/1116/832 974/1117/832 933/1062/832 926/1055/832
f 974/1117/833 975/1118/833 934/1073/833 933/1062/833
f 892/1119/834 976/1120/834 983/1121/834 982/1122/834
f 976/1120/835 977/1123/835 984/1124/835 983/1121/835
f 977/1123/836 978/1125/836 985/1126/836 984/1124/836
f 978/1125/837 979/1127/837 986/1128/837 985/1126/837
f 979/1127/838 980/1129/838 987/1130/838 986/1128/838
f 980/1129/839 981/1066/839 988/1065/839 987/1130/839
f 982/1122/840 983/1121/840 990/1131/840 989/1132/840
f 983/1121/841 984/1124/841 991/1133/841 990/1131/841
f 984/1124/842 985/1126/842 992/1134/842 991/1133/842
f 985/1126/843 986/1128/843 993/1135/843 992/1134/843
f 986/1128/844 987/1130/844 994/1136/844 993/1135/844
f 987/1130/845 988/1065/845 995/1068/845 994/1136/845
f 989/1132/846 990/1131/846 997/1137/846 996/1138/846
f 990/1131/847 991/1133/847 998/1139/847 997/1137/847
f 991/1133/848 992/1134/848 999/1140/848 998/1139/848
f 992/1134/849 993/1135/849 1000/1141/849 999/1140/849
f 993/1135/850 994/1136/850 1001/1142/850 1000/1141/850
f 994/1136/851 995/1068/851 1002/1143/851 1001/1142/851
f 996/1138/852 997/1137/852 1004/1144/852 1003/1145/852
f 997/1137/853 998/1139/853 1005/1146/853 1004/1144/853
f 998/1139/854 999/1140/854 1006/1147/854 1005/1146/854
f 999/1140/855 1000/1141/855 1007/1148/855 1006/1147/855
f 1000/1141/856 1001/1142/856 1008/1149/856 1007/1148/856
f 1001/1150/857 1002/1069/857 1009/1071/857 1008/1151/857
f 1003/1145/858 1004/1144/858 1011/1152/858 1010/1153/858
f 1004/1144/859 1005/1146/859 1012/1154/859 1011/1152/859
f 1005/1146/860 1006/1147/860 1013/1155/860 1012/1154/860
f 1006/1147/861 1007/1148/861 1014/1156/861 1013/1155/861
f 1007/1157/862 1008/1151/862 1015/1158/862 1014/1159/862
f 1008/1151/863 1009/1071/863 1016/1072/863 1015/1158/863
f 1010/1153/864 1011/1152/864 947/1088/864 940/1087/864
f 1011/1152/865 1012/1154/865 954/1160/865 947/1088/865
f 1012/1154/866 1013/1155/866 961/1161/866 954/1160/866
f 1013/1162/867 1014/1159/867 968/1111/867 961/1104/867
f 1014/1159/868 1015/1158/868 975/1118/868 968/1111/868
f 1015/1158/869 1016/1072/869 934/1073/869 975/1118/869
f 255/311/870 1/21/870 10/24/870 258/312/870
f 258/312/871 10/24/871 17/40/871 259/315/871
f 259/315/872 17/40/872 24/52/872 260/317/872
f 260/317/873 24/52/873 31/60/873 261/319/873
f 261/319/874 31/60/874 38/67/874 262/321/874
f 262/321/875 38/67/875 92/74/875 263/323/875
f 263/323/876 92/74/876 91/138/876 334/402/876
f 334/402/877 91/138/877 90/136/877 327/395/877
f 327/395/878 90/136/878 89/134/878 320/388/878
f 320/388/879 89/134/879 88/132/879 313/380/879
f 313/380/880 88/132/880 87/129/880 306/366/880
f 306/366/881 87/129/881 3/128/881 256/363/881
f 2/80/882 128/169/882 137/172/882 46/81/882
f 46/81/883 137/172/883 144/184/883 47/84/883
f 47/84/884 144/184/884 151/191/884 48/86/884
f 48/86/885 151/191/885 158/198/885 49/88/885
f 49/88/886 158/198/886 165/208/886 50/90/886
f 50/90/887 165/208/887 219/217/887 51/92/887
f 51/92/888 219/217/888 218/283/888 121/164/888
f 121/1163/889 218/281/889 217/279/889 114/1164/889
f 114/1164/890 217/279/890 216/277/890 107/1165/890
f 107/1165/891 216/277/891 215/275/891 100/1166/891
f 100/1166/892 215/275/892 214/272/892 93/1167/892
f 93/1167/893 214/272/893 130/271/893 3/1168/893
f 129/225/894 382/453/894 391/456/894 173/226/894
f 173/226/895 391/456/895 398/470/895 174/229/895
f 174/229/896 398/470/896 405/478/896 175/231/896
f 175/231/897 405/478/897 412/486/897 176/233/897
f 176/233/898 412/486/898 419/493/898 177/235/898
f 177/235/899 419/493/899 473/500/899 178/237/899
f 178/237/900 473/500/900 472/565/900 248/306/900
f 248/306/901 472/565/901 471/563/901 241/300/901
f 241/300/902 471/563/902 470/561/902 234/294/902
f 234/294/903 470/561/903 469/559/903 227/286/903
f 227/286/904 469/559/904 468/556/904 220/274/904
f 220/274/905 468/556/905 384/555/905 130/271/905
f 383/506/906 257/408/906 347/411/906 427/507/906
f 427/507/907 347/411/907 354/421/907 428/510/907
f 428/510/908 354/421/908 361/428/908 429/512/908
f 429/512/909 361/428/909 368/436/909 430/514/909
f 430/514/910 368/436/910 375/443/910 431/516/910
f 431/516/911 375/443/911 305/376/911 432/518/911
f 432/518/912 305/376/912 304/375/912 502/591/912
f 502/1169/913 304/373/913 303/371/913 495/1170/913
f 495/1170/914 303/371/914 302/369/914 488/1171/914
f 488/1171/915 302/369/915 301/367/915 481/1172/915
f 481/1172/916 301/367/916 300/364/916 474/1173/916
f 474/1173/917 300/364/917 256/363/917 384/1174/917
f 763/879/918 255/1175/918 264/1176/918 766/880/918
f 766/880/919 264/1176/919 271/1177/919 767/883/919
f 767/883/920 271/1177/920 278/1178/920 768/885/920
f 768/885/921 278/1178/921 285/1179/921 769/887/921
f 769/887/922 285/1179/922 292/1180/922 770/889/922
f 770/891/923 292/353/923 346/356/923 771/892/923
f 771/892/924 346/356/924 345/418/924 842/970/924
f 842/970/925 345/418/925 344/416/925 835/960/925
f 835/960/926 344/416/926 343/414/926 828/953/926
f 828/953/927 343/414/927 342/412/927 821/946/927
f 821/946/928 342/412/928 341/409/928 814/934/928
f 814/934/929 341/409/929 257/408/929 764/931/929
f 382/1181/930 890/1021/930 899/1024/930 385/1182/930
f 385/1182/931 899/1024/931 906/1036/931 386/1183/931
f 386/1183/932 906/1036/932 913/1043/932 387/1184/932
f 387/1184/933 913/1043/933 920/1050/933 388/1185/933
f 388/1186/934 920/1187/934 927/1063/934 389/465/934
f 389/465/935 927/1063/935 981/1066/935 390/466/935
f 390/466/936 981/1066/936 980/1129/936 461/545/936
f 461/545/937 980/1129/937 979/1127/937 454/535/937
f 454/535/938 979/1127/938 978/1125/938 447/528/938
f 447/528/939 978/1125/939 977/1123/939 440/521/939
f 440/521/940 977/1123/940 976/1120/940 433/509/940
f 433/509/941 976/1120/941 892/1119/941 383/506/941
f 891/1074/942 765/1188/942 855/1189/942 935/1075/942
f 935/1075/943 855/1189/943 862/1190/943 936/1078/943
f 936/1078/944 862/1190/944 869/1191/944 937/1080/944
f 937/1080/945 869/1191/945 876/1192/945 938/1082/945
f 938/1082/946 876/1192/946 883/1193/946 939/1084/946
f 939/1086/947 883/1017/947 813/943/947 940/1087/947
f 940/1087/948 813/943/948 812/941/948 1010/1153/948
f 1010/1153/949 812/941/949 811/939/949 1003/1145/949
f 1003/1145/950 811/939/950 810/937/950 996/1138/950
f 996/1138/951 810/937/951 809/935/951 989/1132/951
f 989/1132/952 809/935/952 808/932/952 982/1122/952
f 982/1122/953 808/932/953 764/931/953 892/1119/953
f 509/595/954 763/879/954 772/882/954 512/596/954
f 512/596/955 772/882/955 779/896/955 513/599/955
f 513/599/956 779/896/956 786/904/956 514/601/956
f 514/601/957 786/904/957 793/911/957 515/603/957
f 515/603/958 793/911/958 800/918/958 516/605/958
f 516/605/959 800/918/959 854/925/959 517/607/959
f 517/607/960 854/925/960 853/991/960 588/687/960
f 588/687/961 853/991/961 852/989/961 581/680/961
f 581/680/962 852/989/962 851/987/962 574/672/962
f 574/672/963 851/987/963 850/985/963 567/664/963
f 567/664/964 850/985/964 849/982/964 560/650/964
f 560/650/965 849/982/965 765/981/965 510/647/965
f 890/1021/966 636/737/966 645/740/966 893/1022/966
f 893/1022/967 645/740/967 652/754/967 894/1025/967
f 894/1025/968 652/754/968 659/762/968 895/1027/968
f 895/1027/969 659/762/969 666/770/969 896/1029/969
f 896/1029/970 666/770/970 673/777/970 897/1031/970
f 897/1031/971 673/777/971 727/784/971 898/1033/971
f 898/1033/972 727/784/972 726/849/972 969/1113/972
f 969/1113/973 726/849/973 725/847/973 962/1106/973
f 962/1106/974 725/847/974 724/845/974 955/1099/974
f 955/1099/975 724/845/975 723/843/975 948/1091/975
f 948/1091/976 723/843/976 722/840/976 941/1077/976
f 941/1077/977 722/840/977 638/839/977 891/1074/977
f 637/790/978 511/693/978 601/696/978 681/791/978
f 681/791/979 601/696/979 608/706/979 682/794/979
f 682/794/980 608/706/980 615/713/980 683/796/980
f 683/796/981 615/713/981 622/720/981 684/798/981
f 684/798/982 622/720/982 629/728/982 685/800/982
f 685/800/983 629/728/983 559/660/983 686/802/983
f 686/802/984 559/660/984 558/659/984 756/875/984
f 756/870/985 558/1194/985 557/1195/985 749/864/985
f 749/864/986 557/1195/986 556/1196/986 742/858/986
f 742/858/987 556/1196/987 555/1197/987 735/852/987
f 735/852/988 555/1197/988 554/1198/988 728/842/988
f 728/842/989 554/1198/989 510/1199/989 638/839/989
f 1/1200/990 509/595/990 518/598/990 4/25/990
f 4/25/991 518/598/991 525/610/991 5/26/991
f 5/26/992 525/610/992 532/617/992 6/29/992
f 6/29/993 532/617/993 539/624/993 7/31/993
f 7/31/994 539/624/994 546/631/994 8/33/994
f 8/35/995 546/637/995 600/640/995 9/36/995
f 9/36/996 600/640/996 599/703/996 80/116/996
f 80/116/997 599/703/997 598/701/997 73/109/997
f 73/109/998 598/701/998 597/699/998 66/102/998
f 66/102/999 597/699/999 596/697/999 59/95/999
f 59/95/1000 596/697/1000 595/694/1000 52/83/1000
f 52/83/1001 595/694/1001 511/693/1001 2/80/1001
f 636/1201/1002 129/225/1002 179/228/1002 639/1202/1002
f 639/1202/1003 179/228/1003 186/240/1003 640/1203/1003
f 640/1203/1004 186/240/1004 193/247/1004 641/1204/1004
f 641/1204/1005 193/247/1005 200/254/1005 642/1205/1005
f 642/1205/1006 200/1206/1006 207/267/1006 643/749/1006
f 643/749/1007 207/267/1007 136/181/1007 644/750/1007
f 644/750/1008 136/181/1008 135/179/1008 715/829/1008
f 715/829/1009 135/179/1009 134/177/1009 708/819/1009
f 708/819/1010 134/177/1010 133/175/1010 701/812/1010
f 701/812/1011 133/175/1011 132/173/1011 694/805/1011
f 694/805/1012 132/173/1012 131/170/1012 687/793/1012
f 687/793/1013 131/170/1013 128/169/1013 637/790/1013
f 255/1207/1014 763/1208/1014 509/1209/1014 1/1210/1014
