# Blender v2.79 (sub 0) OBJ File: ''
# www.blender.org
mtllib skysphere.mtl
o Sphere_Sphere.001
v 0.000000 862.415771 -108.948448
v 0.000000 786.539185 -370.117249
v 0.000000 733.949097 -465.778320
v 0.000000 703.254333 -510.944244
v 0.000000 669.784119 -554.093750
v 0.000000 633.670654 -595.056458
v 0.000000 595.056335 -633.670776
v 0.000000 554.093567 -669.784302
v 0.000000 510.944031 -703.254456
v 0.000000 465.778107 -733.949219
v 0.000000 418.773956 -761.747375
v 0.000000 370.117096 -786.539246
v 0.000000 319.999512 -808.227051
v 0.000000 216.178452 -841.960510
v 0.000000 -0.000349 -869.270203
v 0.000000 -162.885406 -853.872986
v 0.000000 -268.619720 -826.724976
v 0.000000 -320.000153 -808.226868
v 0.000000 -370.117706 -786.539001
v 0.000000 -418.774597 -761.747070
v 0.000000 -465.778748 -733.948792
v 0.000000 -510.944672 -703.254028
v 0.000000 -554.094177 -669.783813
v 0.000000 -595.056824 -633.670288
v 0.000000 -633.671143 -595.055969
v 0.000000 -669.784607 -554.093140
v 0.000000 -703.254761 -510.943634
v 0.000000 -733.949463 -465.777649
v 0.000000 -761.747620 -418.773468
v 0.000000 -786.539490 -370.116577
v 0.000000 -808.227234 -319.998993
v 0.000000 -826.725342 -268.618530
v 0.000000 -841.960693 -216.177917
v 0.000000 -853.873169 -162.884171
v 0.000000 -862.415894 -108.947594
v 0.000000 -867.554932 -54.581047
v 2.856645 867.554871 -54.507126
v 5.701969 862.415771 -108.799133
v 8.524791 853.873047 -162.661774
v 11.313969 841.960510 -215.882446
v 14.058495 826.725098 -268.251129
v 16.747538 808.226990 -319.561127
v 19.370487 786.539185 -369.609985
v 21.916994 761.747253 -418.200226
v 24.377003 733.949097 -465.139984
v 26.740805 703.254333 -510.244019
v 28.999075 669.784119 -553.334351
v 31.142900 633.670654 -594.240967
v 33.163818 595.056335 -632.802368
v 35.053852 554.093567 -668.866394
v 36.805546 510.944031 -702.290649
v 38.411987 465.778107 -732.943298
v 39.866825 418.773956 -760.703369
v 41.164337 370.117096 -785.461304
v 42.299385 319.999512 -807.119385
v 43.267506 268.619049 -825.592102
v 44.064861 216.178452 -840.806641
v 44.688313 162.884720 -852.702820
v 45.135403 108.948151 -861.233826
v 45.404366 54.581604 -866.365906
v 45.494137 -0.000349 -868.078857
v 45.404366 -54.582298 -866.365906
v 45.135403 -108.948837 -861.233765
v 44.688309 -162.885406 -852.702698
v 44.064854 -216.179138 -840.806458
v 43.267490 -268.619720 -825.591919
v 42.299377 -320.000153 -807.119202
v 41.164318 -370.117706 -785.461060
v 39.866810 -418.774597 -760.703064
v 38.411964 -465.778748 -732.942932
v 36.805523 -510.944672 -702.290222
v 35.053825 -554.094177 -668.865906
v 33.163788 -595.056824 -632.801880
v 31.142874 -633.671143 -594.240417
v 28.999046 -669.784607 -553.333801
v 26.740772 -703.254761 -510.243378
v 24.376966 -733.949463 -465.139313
v 21.916958 -761.747620 -418.199554
v 19.370453 -786.539490 -369.609314
v 16.747501 -808.227234 -319.560425
v 14.058455 -826.725342 -268.250397
v 11.313927 -841.960693 -215.881653
v 8.524748 -853.873169 -162.660934
v 5.701924 -862.415894 -108.798279
v 2.856599 -867.554932 -54.506245
v 5.705460 867.554871 -54.282917
v 11.388309 862.415771 -108.351608
v 17.026215 853.873047 -161.992691
v 22.596924 841.960510 -214.994461
v 28.078457 826.725098 -267.147736
v 33.449169 808.226990 -318.246704
v 38.687885 786.539185 -368.089691
v 43.773914 761.747253 -416.480011
v 48.687195 733.949097 -463.226776
v 53.408314 703.254333 -508.145233
v 57.918663 669.784119 -551.058350
v 62.200432 633.670654 -591.796631
v 66.236732 595.056335 -630.199463
v 70.011627 554.093567 -666.115173
v 73.510201 510.944031 -699.401978
v 76.718681 465.778107 -729.928528
v 79.624382 418.773956 -757.574402
v 82.215836 370.117096 -782.230469
v 84.482826 319.999512 -803.799438
v 86.416412 268.619049 -822.196167
v 88.008934 216.178452 -837.348145
v 89.254128 162.884720 -849.195374
v 90.147095 108.948151 -857.691345
v 90.684273 54.581604 -862.802307
v 90.863571 -0.000349 -864.508240
v 90.684273 -54.582298 -862.802307
v 90.147079 -108.948837 -857.691284
v 89.254120 -162.885406 -849.195251
v 88.008919 -216.179138 -837.347961
v 86.416382 -268.619720 -822.195984
v 84.482803 -320.000153 -803.799255
v 82.215813 -370.117706 -782.230225
v 79.624344 -418.774597 -757.574097
v 76.718628 -465.778748 -729.928101
v 73.510155 -510.944672 -699.401489
v 70.011574 -554.094177 -666.114685
v 66.236679 -595.056824 -630.198975
v 62.200378 -633.671143 -591.796143
v 57.918606 -669.784607 -551.057800
v 53.408249 -703.254761 -508.144623
v 48.687122 -733.949463 -463.226105
v 43.773842 -761.747620 -416.479340
v 38.687813 -786.539490 -368.089020
v 33.449097 -808.227234 -318.246002
v 28.078379 -826.725342 -267.147003
v 22.596840 -841.960693 -214.993668
v 17.026127 -853.873169 -161.991867
v 11.388220 -862.415894 -108.350754
v 5.705368 -867.554932 -54.282040
v 8.538637 867.554871 -53.909924
v 17.043432 862.415771 -107.607094
v 25.480970 853.873047 -160.879593
v 33.817947 841.960510 -213.517181
v 42.021458 826.725098 -265.312103
v 50.059124 808.226990 -316.059937
v 57.899239 786.539185 -365.560455
v 65.510841 761.747253 -413.618286
v 72.863930 733.949097 -460.043823
v 79.929436 703.254333 -504.653625
v 86.679497 669.784119 -547.271912
v 93.087479 633.670654 -587.730225
v 99.128098 595.056335 -625.869263
v 104.777489 554.093567 -661.538147
v 110.013390 510.944031 -694.596191
v 114.815102 465.778107 -724.913025
v 119.163689 418.773956 -752.368896
v 123.042000 370.117096 -776.855591
v 126.434715 319.999512 -798.276428
v 129.328461 268.619049 -816.546692
v 131.711777 216.178452 -831.594482
v 133.575317 162.884720 -843.360352
v 134.911697 108.948151 -851.797913
v 135.715637 54.581604 -856.873779
v 135.983963 -0.000349 -858.567993
v 135.715637 -54.582298 -856.873779
v 134.911682 -108.948837 -851.797852
v 133.575302 -162.885406 -843.360229
v 131.711761 -216.179138 -831.594360
v 129.328415 -268.619720 -816.546509
v 126.434677 -320.000153 -798.276184
v 123.041962 -370.117706 -776.855347
v 119.163635 -418.774597 -752.368591
v 114.815025 -465.778748 -724.912598
v 110.013313 -510.944672 -694.595703
v 104.777420 -554.094177 -661.537659
v 99.128021 -595.056824 -625.868713
v 93.087402 -633.671143 -587.729736
v 86.679413 -669.784607 -547.271301
v 79.929337 -703.254761 -504.653015
v 72.863823 -733.949463 -460.043152
v 65.510742 -761.747620 -413.617615
v 57.899128 -786.539490 -365.559784
v 50.059013 -808.227234 -316.059265
v 42.021339 -826.725342 -265.311340
v 33.817818 -841.960693 -213.516403
v 25.480841 -853.873169 -160.878784
v 17.043301 -862.415894 -107.606247
v 8.538499 -867.554932 -53.909054
v 11.348411 867.554871 -53.389164
v 22.651842 862.415771 -106.567635
v 33.865887 853.873047 -159.325531
v 44.946274 841.960510 -211.454666
v 55.849277 826.725098 -262.749237
v 66.531860 808.226990 -313.006897
v 76.951889 786.539185 -362.029266
v 87.068214 761.747253 -409.622864
v 96.840950 733.949097 -455.599915
v 106.231468 703.254333 -499.778809
v 115.202751 669.784119 -541.985413
v 123.719383 633.670654 -582.052917
v 131.747772 595.056335 -619.823486
v 139.256180 554.093567 -655.147888
v 146.215012 510.944031 -687.886597
v 152.596817 465.778107 -717.910522
v 158.376373 418.773956 -745.101257
v 163.530914 370.117096 -769.351379
v 168.040054 319.999512 -790.565308
v 171.886017 268.619049 -808.659119
v 175.053619 216.178452 -823.561584
v 177.530365 162.884720 -835.213745
v 179.306519 108.948151 -843.569763
v 180.375000 54.581604 -848.596619
v 180.731628 -0.000349 -850.274475
v 180.375000 -54.582298 -848.596619
v 179.306503 -108.948837 -843.569702
v 177.530350 -162.885406 -835.213623
v 175.053589 -216.179138 -823.561462
v 171.885986 -268.619720 -808.658936
v 168.040009 -320.000153 -790.565063
v 163.530853 -370.117706 -769.351135
v 158.376297 -418.774597 -745.100952
v 152.596710 -465.778748 -717.910095
v 146.214920 -510.944672 -687.886108
v 139.256073 -554.094177 -655.147400
v 131.747665 -595.056824 -619.822998
v 123.719284 -633.671143 -582.052429
v 115.202637 -669.784607 -541.984863
v 106.231339 -703.254761 -499.778168
v 96.840805 -733.949463 -455.599243
v 87.068077 -761.747620 -409.622192
v 76.951744 -786.539490 -362.028595
v 66.531715 -808.227234 -313.006226
v 55.849121 -826.725342 -262.748535
v 44.946106 -841.960693 -211.453888
v 33.865715 -853.873169 -159.324738
v 22.651667 -862.415894 -106.566795
v 11.348227 -867.554932 -53.388302
v 14.127078 867.554871 -52.722065
v 28.198166 862.415771 -105.236084
v 42.157974 853.873047 -157.334778
v 55.951405 841.960510 -208.812561
v 69.524017 826.725098 -259.466217
v 82.822235 808.226990 -309.095917
v 95.793617 786.539185 -357.505737
v 108.386940 761.747253 -404.504669
v 120.552536 733.949097 -449.907257
v 132.242340 703.254333 -493.534088
v 143.410248 669.784119 -535.213318
v 154.012192 633.670654 -574.780273
v 164.006317 595.056335 -612.078857
v 173.353165 554.093567 -646.961914
v 182.015884 510.944031 -679.291565
v 189.960281 465.778107 -708.940369
v 197.154953 418.773956 -735.791321
v 203.571594 370.117096 -759.738464
v 209.184814 319.999512 -780.687256
v 213.972458 268.619049 -798.555054
v 217.915649 216.178452 -813.271301
v 220.998825 162.884720 -824.777832
v 223.209885 108.948151 -833.029480
v 224.539963 54.581604 -837.993591
v 224.983917 -0.000349 -839.650452
v 224.539963 -54.582298 -837.993591
v 223.209854 -108.948837 -833.029480
v 220.998810 -162.885406 -824.777710
v 217.915619 -216.179138 -813.271179
v 213.972397 -268.619720 -798.554810
v 209.184738 -320.000153 -780.687073
v 203.571533 -370.117706 -759.738159
v 197.154861 -418.774597 -735.791016
v 189.960159 -465.778748 -708.939941
v 182.015762 -510.944672 -679.291077
v 173.353043 -554.094177 -646.961426
v 164.006195 -595.056824 -612.078369
v 154.012054 -633.671143 -574.779785
v 143.410095 -669.784607 -535.212830
v 132.242172 -703.254761 -493.533539
v 120.552368 -733.949463 -449.906586
v 108.386765 -761.747620 -404.503998
v 95.793442 -786.539490 -357.505096
v 82.822060 -808.227234 -309.095215
v 69.523827 -826.725342 -259.465485
v 55.951199 -841.960693 -208.811783
v 42.157764 -853.873169 -157.333984
v 28.197947 -862.415894 -105.235252
v 14.126848 -867.554932 -52.721210
v 16.867023 867.554871 -51.910454
v 33.667202 862.415771 -103.616081
v 50.334511 853.873047 -154.912781
v 66.803169 841.960510 -205.598114
v 83.008194 826.725098 -255.472015
v 98.885605 808.226990 -304.337708
v 114.372795 786.539185 -352.002319
v 129.408600 761.747253 -398.277740
v 143.933701 733.949097 -442.981476
v 157.890732 703.254333 -485.936707
v 171.224670 669.784119 -526.974304
v 183.882843 633.670654 -565.932190
v 195.815353 595.056335 -602.656616
v 206.975021 554.093567 -637.002686
v 217.317856 510.944031 -668.834595
v 226.803085 465.778107 -698.027039
v 235.393158 418.773956 -724.464600
v 243.054291 370.117096 -748.043091
v 249.756195 319.999512 -768.669495
v 255.472412 268.619049 -786.262146
v 260.180389 216.178452 -800.751892
v 263.861572 162.884720 -812.081360
v 266.501434 108.948151 -820.205933
v 268.089478 54.581604 -825.093567
v 268.619537 -0.000349 -826.724915
v 268.089478 -54.582298 -825.093567
v 266.501404 -108.948837 -820.205872
v 263.861542 -162.885406 -812.081238
v 260.180359 -216.179138 -800.751770
v 255.472336 -268.619720 -786.261963
v 249.756119 -320.000153 -768.669250
v 243.054214 -370.117706 -748.042847
v 235.393051 -418.774597 -724.464294
v 226.802917 -465.778748 -698.026672
v 217.317703 -510.944672 -668.834106
v 206.974854 -554.094177 -637.002197
v 195.815186 -595.056824 -602.656128
v 183.882690 -633.671143 -565.931702
v 171.224487 -669.784607 -526.973816
v 157.890533 -703.254761 -485.936157
v 143.933487 -733.949463 -442.980804
v 129.408371 -761.747620 -398.277130
v 114.372581 -786.539490 -352.001678
v 98.885391 -808.227234 -304.337036
v 83.007957 -826.725342 -255.471329
v 66.802925 -841.960693 -205.597351
v 50.334263 -853.873169 -154.911987
v 33.666939 -862.415894 -103.615265
v 16.866751 -867.554932 -51.909615
v 19.560740 867.554871 -50.956558
v 39.043957 862.415771 -101.712074
v 58.373085 853.873047 -152.066177
v 77.471840 841.960510 -201.820129
v 96.264854 826.725098 -250.777573
v 114.677940 808.226990 -298.745331
v 132.638474 786.539185 -345.534088
v 150.075546 761.747253 -390.959167
v 166.920349 733.949097 -434.841461
v 183.106369 703.254333 -477.007385
v 198.569778 669.784119 -517.290894
v 213.249496 633.670654 -555.532959
v 227.087631 595.056335 -591.582458
v 240.029556 554.093567 -625.297424
v 252.024185 510.944031 -656.544434
v 263.024231 465.778107 -685.200500
v 272.986145 418.773956 -711.152222
v 281.870789 370.117096 -734.297424
v 289.642975 319.999512 -754.544800
v 296.272125 268.619049 -771.814209
v 301.731964 216.178452 -786.037659
v 306.001038 162.884720 -797.158936
v 309.062531 108.948151 -805.134277
v 310.904175 54.581604 -809.932068
v 311.518890 -0.000349 -811.533386
v 310.904175 -54.582298 -809.932068
v 309.062469 -108.948837 -805.134216
v 306.001007 -162.885406 -797.158875
v 301.731934 -216.179138 -786.037476
v 296.272034 -268.619720 -771.814026
v 289.642914 -320.000153 -754.544617
v 281.870697 -370.117706 -734.297180
v 272.986023 -418.774597 -711.151917
v 263.024048 -465.778748 -685.200073
v 252.024002 -510.944672 -656.543945
v 240.029373 -554.094177 -625.296936
v 227.087479 -595.056824 -591.582031
v 213.249313 -633.671143 -555.532471
v 198.569565 -669.784607 -517.290405
v 183.106140 -703.254761 -477.006836
v 166.920105 -733.949463 -434.840790
v 150.075287 -761.747620 -390.958588
v 132.638245 -786.539490 -345.533447
v 114.677681 -808.227234 -298.744690
v 96.264580 -826.725342 -250.776901
v 77.471558 -841.960693 -201.819382
v 58.372791 -853.873169 -152.065399
v 39.043652 -862.415894 -101.711273
v 19.560419 -867.554932 -50.955738
v 22.200836 867.554871 -49.862991
v 44.313694 862.415771 -99.529274
v 66.251663 853.873047 -148.802750
v 87.928162 841.960510 -197.488983
v 109.257660 826.725098 -245.395752
v 130.155960 808.226990 -292.334137
v 150.540604 786.539185 -338.118774
v 170.331146 761.747253 -382.569031
v 189.449478 733.949097 -425.509583
v 207.820114 703.254333 -466.770630
v 225.370621 669.784119 -506.189606
v 242.031616 633.670654 -543.610962
v 257.737488 595.056335 -578.886841
v 272.426208 554.093567 -611.878296
v 286.039703 510.944031 -642.454712
v 298.524445 465.778107 -670.495850
v 309.830902 418.773956 -695.890564
v 319.914734 370.117096 -718.539124
v 328.735901 319.999512 -738.351990
v 336.259766 268.619049 -755.250793
v 342.456543 216.178452 -769.169006
v 347.301788 162.884720 -780.051575
v 350.776489 108.948151 -787.855713
v 352.866730 54.581604 -792.550659
v 353.564392 -0.000349 -794.117554
v 352.866730 -54.582298 -792.550659
v 350.776459 -108.948837 -787.855652
v 347.301758 -162.885406 -780.051514
v 342.456482 -216.179138 -769.168823
v 336.259705 -268.619720 -755.250610
v 328.735809 -320.000153 -738.351746
v 319.914581 -370.117706 -718.538879
v 309.830780 -418.774597 -695.890259
v 298.524231 -465.778748 -670.495422
v 286.039490 -510.944672 -642.454285
v 272.425995 -554.094177 -611.877808
v 257.737335 -595.056824 -578.886414
v 242.031403 -633.671143 -543.610474
v 225.370392 -669.784607 -506.189087
v 207.819870 -703.254761 -466.770081
v 189.449188 -733.949463 -425.508911
v 170.330841 -761.747620 -382.568451
v 150.540329 -786.539490 -338.118195
v 130.155670 -808.227234 -292.333496
v 109.257355 -826.725342 -245.395111
v 87.927834 -841.960693 -197.488251
v 66.251328 -853.873169 -148.801987
v 44.313347 -862.415894 -99.528488
v 22.200476 -867.554932 -49.862190
v 24.780087 867.554871 -48.632751
v 49.461971 862.415771 -97.073669
v 73.948647 853.873047 -145.131470
v 98.143478 841.960510 -192.616516
v 121.950996 826.725098 -239.341324
v 145.277206 808.226990 -285.121643
v 168.030106 786.539185 -329.776703
v 190.119858 761.747253 -373.130280
v 211.459351 733.949097 -415.011414
v 231.964264 703.254333 -455.254425
v 251.553696 669.784119 -493.700928
v 270.150360 633.670654 -530.198975
v 287.680939 595.056335 -564.604553
v 304.076111 554.093567 -596.782043
v 319.271240 510.944031 -626.604065
v 333.206421 465.778107 -653.953369
v 345.826447 418.773956 -678.721558
v 357.081787 370.117096 -700.811279
v 366.927795 319.999512 -720.135376
v 375.325745 268.619049 -736.617249
v 382.242462 216.178452 -750.192078
v 387.650635 162.884720 -760.806213
v 391.528992 108.948151 -768.417725
v 393.862091 54.581604 -772.996826
v 394.640808 -0.000349 -774.525085
v 393.862091 -54.582298 -772.996826
v 391.528931 -108.948837 -768.417664
v 387.650574 -162.885406 -760.806091
v 382.242401 -216.179138 -750.191956
v 375.325653 -268.619720 -736.617065
v 366.927673 -320.000153 -720.135132
v 357.081635 -370.117706 -700.811096
v 345.826294 -418.774597 -678.721252
v 333.206207 -465.778748 -653.953003
v 319.270996 -510.944672 -626.603638
v 304.075897 -554.094177 -596.781555
v 287.680756 -595.056824 -564.604126
v 270.150116 -633.671143 -530.198547
v 251.553436 -669.784607 -493.700409
v 231.963974 -703.254761 -455.253967
v 211.459030 -733.949463 -415.010773
v 190.119537 -761.747620 -373.129700
v 168.029816 -786.539490 -329.776123
v 145.276901 -808.227234 -285.121063
v 121.950661 -826.725342 -239.340698
v 98.143112 -841.960693 -192.615799
v 73.948280 -853.873169 -145.130737
v 49.461582 -862.415894 -97.072899
v 24.779684 -867.554932 -48.631973
v 27.291414 867.554871 -47.269211
v 54.474678 862.415771 -94.351990
v 81.442940 853.873047 -141.062408
v 108.089790 841.960510 -187.216095
v 134.310074 826.725098 -232.630875
v 160.000275 808.226990 -277.127655
v 185.059067 786.539185 -320.530731
v 209.387497 761.747253 -362.668793
v 232.889633 733.949097 -403.375702
v 255.472595 703.254333 -442.490387
v 277.047302 669.784119 -479.859009
v 297.528656 633.670654 -515.333801
v 316.835815 595.056335 -548.774719
v 334.892609 554.093567 -580.050049
v 351.627655 510.944031 -609.035950
v 366.975098 465.778107 -635.618408
v 380.874084 418.773956 -659.692200
v 393.270081 370.117096 -681.162659
v 404.113953 319.999512 -699.944885
v 413.363007 268.619049 -715.964722
v 420.980682 216.178452 -729.158936
v 426.936951 162.884720 -739.475464
v 431.208313 108.948151 -746.873596
v 433.777863 54.581604 -751.324341
v 434.635529 -0.000349 -752.809692
v 433.777863 -54.582298 -751.324341
v 431.208282 -108.948837 -746.873535
v 426.936890 -162.885406 -739.475342
v 420.980591 -216.179138 -729.158752
v 413.362885 -268.619720 -715.964539
v 404.113800 -320.000153 -699.944763
v 393.269928 -370.117706 -681.162415
v 380.873901 -418.774597 -659.691895
v 366.974854 -465.778748 -635.618103
v 351.627380 -510.944672 -609.035522
v 334.892365 -554.094177 -580.049561
v 316.835632 -595.056824 -548.774292
v 297.528381 -633.671143 -515.333374
v 277.047028 -669.784607 -479.858490
v 255.472275 -703.254761 -442.489990
v 232.889267 -733.949463 -403.375092
v 209.387131 -761.747620 -362.668243
v 185.058731 -786.539490 -320.530151
v 159.999924 -808.227234 -277.127106
v 134.309708 -826.725342 -232.630280
v 108.089378 -841.960693 -187.215424
v 81.442535 -853.873169 -141.061691
v 54.474243 -862.415894 -94.351250
v 27.290974 -867.554932 -47.268456
v 29.727942 867.554871 -45.776104
v 59.338066 862.415771 -91.371696
v 88.714012 853.873047 -136.606674
v 117.739830 841.960510 -181.302536
v 146.301010 826.725098 -225.282791
v 174.284790 808.226990 -268.374084
v 201.580780 786.539185 -310.406189
v 228.081223 761.747253 -351.213257
v 253.681564 733.949097 -390.634399
v 278.280670 703.254333 -428.513580
v 301.781555 669.784119 -464.701813
v 324.091431 633.670654 -499.056122
v 345.122314 595.056335 -531.440674
v 364.791199 554.093567 -561.728149
v 383.020264 510.944031 -589.798462
v 399.737915 465.778107 -615.541321
v 414.877747 418.773956 -638.854675
v 428.380463 370.117096 -659.646973
v 440.192474 319.999512 -677.835999
v 450.267212 268.619049 -693.349731
v 458.564972 216.178452 -706.127197
v 465.053040 162.884720 -716.117798
v 469.705780 108.948151 -723.282349
v 472.504669 54.581604 -727.592468
v 473.438904 -0.000349 -729.030884
v 472.504669 -54.582298 -727.592468
v 469.705719 -108.948837 -723.282288
v 465.053009 -162.885406 -716.117737
v 458.564941 -216.179138 -706.127075
v 450.267090 -268.619720 -693.349548
v 440.192322 -320.000153 -677.835815
v 428.380280 -370.117706 -659.646790
v 414.877563 -418.774597 -638.854370
v 399.737640 -465.778748 -615.540955
v 383.019989 -510.944672 -589.798096
v 364.790924 -554.094177 -561.727722
v 345.122101 -595.056824 -531.440308
v 324.091156 -633.671143 -499.055695
v 301.781250 -669.784607 -464.701294
v 278.280334 -703.254761 -428.513184
v 253.681168 -733.949463 -390.633789
v 228.080811 -761.747620 -351.212738
v 201.580414 -786.539490 -310.405640
v 174.284409 -808.227234 -268.373535
v 146.300613 -826.725342 -225.282227
v 117.739388 -841.960693 -181.301895
v 88.713562 -853.873169 -136.605988
v 59.337593 -862.415894 -91.370987
v 29.727463 -867.554932 -45.775372
v 32.082985 867.554871 -44.157532
v 64.038818 862.415771 -88.140961
v 95.741913 853.873047 -131.776535
v 127.067162 841.960510 -174.892044
v 157.890961 826.725098 -217.317245
v 188.091599 808.226990 -258.884949
v 217.549957 786.539185 -299.430878
v 246.149780 761.747253 -338.795074
v 273.778168 733.949097 -376.822357
v 300.326019 703.254333 -413.362213
v 325.688629 669.784119 -448.270905
v 349.765900 633.670654 -481.410583
v 372.462830 595.056335 -512.650024
v 393.689911 554.093567 -541.866638
v 413.363068 510.944031 -568.944397
v 431.405060 465.778107 -593.777039
v 447.744293 418.773956 -616.266113
v 462.316681 370.117096 -636.323242
v 475.064484 319.999512 -653.869141
v 485.937286 268.619049 -668.834290
v 494.892456 216.178452 -681.160034
v 501.894470 162.884720 -690.797424
v 506.915771 108.948151 -697.708618
v 509.936432 54.581604 -701.866394
v 510.944672 -0.000349 -703.253845
v 509.936432 -54.582298 -701.866394
v 506.915710 -108.948837 -697.708557
v 501.894409 -162.885406 -690.797302
v 494.892365 -216.179138 -681.159912
v 485.937195 -268.619720 -668.834106
v 475.064270 -320.000153 -653.869019
v 462.316528 -370.117706 -636.323059
v 447.744080 -418.774597 -616.265808
v 431.404785 -465.778748 -593.776672
v 413.362793 -510.944672 -568.944031
v 393.689606 -554.094177 -541.866211
v 372.462585 -595.056824 -512.649658
v 349.765594 -633.671143 -481.410156
v 325.688293 -669.784607 -448.270386
v 300.325653 -703.254761 -413.361847
v 273.777740 -733.949463 -376.821777
v 246.149307 -761.747620 -338.794556
v 217.549561 -786.539490 -299.430328
v 188.091202 -808.227234 -258.884399
v 157.890518 -826.725342 -217.316696
v 127.066696 -841.960693 -174.891418
v 95.741432 -853.873169 -131.775879
v 64.038307 -862.415894 -88.140274
v 32.082470 -867.554932 -44.156826
v 34.350094 867.554871 -42.417919
v 68.564041 862.415771 -84.668633
v 102.507393 853.873047 -126.585205
v 136.046219 841.960510 -168.002182
v 169.048126 826.725098 -208.756027
v 201.382858 808.226990 -248.686203
v 232.922867 786.539185 -287.634827
v 263.543640 761.747253 -325.448242
v 293.124390 733.949097 -361.977478
v 321.548157 703.254333 -397.077850
v 348.703003 669.784119 -430.611328
v 374.481689 633.670654 -462.445496
v 398.782440 595.056335 -492.454285
v 421.509521 554.093567 -520.519897
v 442.572845 510.944031 -546.530945
v 461.889801 465.778107 -570.385315
v 479.383636 418.773956 -591.988464
v 494.985687 370.117096 -611.255432
v 508.634338 319.999512 -628.110046
v 520.275452 268.619049 -642.485718
v 529.863464 216.178452 -654.325867
v 537.360229 162.884720 -663.583557
v 542.736389 108.948151 -670.222473
v 545.970520 54.581604 -674.216431
v 547.049927 -0.000349 -675.549255
v 545.970520 -54.582298 -674.216431
v 542.736328 -108.948837 -670.222412
v 537.360168 -162.885406 -663.583435
v 529.863342 -216.179138 -654.325745
v 520.275391 -268.619720 -642.485535
v 508.634094 -320.000153 -628.109985
v 494.985535 -370.117706 -611.255188
v 479.383362 -418.774597 -591.988159
v 461.889496 -465.778748 -570.384949
v 442.572571 -510.944672 -546.530579
v 421.509186 -554.094177 -520.519470
v 398.782196 -595.056824 -492.453918
v 374.481354 -633.671143 -462.445068
v 348.702667 -669.784607 -430.610840
v 321.547791 -703.254761 -397.077515
v 293.123932 -733.949463 -361.976929
v 263.543152 -761.747620 -325.447784
v 232.922424 -786.539490 -287.634308
v 201.382431 -808.227234 -248.685669
v 169.047668 -826.725342 -208.755508
v 136.045715 -841.960693 -168.001587
v 102.506882 -853.873169 -126.584564
v 68.563492 -862.415894 -84.667969
v 34.349537 -867.554932 -42.417240
v 36.523048 867.554871 -40.562038
v 72.901337 862.415771 -80.964218
v 108.991920 853.873047 -121.046898
v 144.652359 841.960510 -160.651825
v 179.741959 826.725098 -199.622635
v 214.122162 808.226990 -237.805817
v 247.657349 786.539185 -275.050415
v 280.215149 761.747253 -311.209412
v 311.667114 733.949097 -346.140442
v 341.889008 703.254333 -379.705139
v 370.761627 669.784119 -411.771484
v 398.171051 633.670654 -442.212830
v 424.009064 595.056335 -470.908691
v 448.173767 554.093567 -497.746399
v 470.569580 510.944031 -522.619446
v 491.108490 465.778107 -545.430176
v 509.708984 418.773956 -566.088135
v 526.297974 370.117096 -584.512146
v 540.810059 319.999512 -600.629395
v 553.187561 268.619049 -614.376099
v 563.382141 216.178452 -625.698181
v 571.353088 162.884720 -634.550842
v 577.069336 108.948151 -640.899353
v 580.508057 54.581604 -644.718506
v 581.655762 -0.000349 -645.993042
v 580.508057 -54.582298 -644.718506
v 577.069275 -108.948837 -640.899292
v 571.353027 -162.885406 -634.550720
v 563.382019 -216.179138 -625.698059
v 553.187500 -268.619720 -614.375916
v 540.809753 -320.000153 -600.629333
v 526.297791 -370.117706 -584.511963
v 509.708740 -418.774597 -566.087830
v 491.108185 -465.778748 -545.429810
v 470.569336 -510.944672 -522.619141
v 448.173401 -554.094177 -497.746033
v 424.008759 -595.056824 -470.908325
v 398.170685 -633.671143 -442.212463
v 370.761261 -669.784607 -411.770996
v 341.888611 -703.254761 -379.704803
v 311.666656 -733.949463 -346.139923
v 280.214630 -761.747620 -311.208984
v 247.656876 -786.539490 -275.049896
v 214.121704 -808.227234 -237.805298
v 179.741470 -826.725342 -199.622147
v 144.651840 -841.960693 -160.651260
v 108.991371 -853.873169 -121.046288
v 72.900742 -862.415894 -80.963600
v 36.522457 -867.554932 -40.561390
v 38.595898 867.554871 -38.594982
v 77.038811 862.415771 -77.037895
v 115.177696 853.873047 -115.176804
v 152.862030 841.960510 -152.861130
v 189.943115 826.725098 -189.942078
v 226.274536 808.226990 -226.273605
v 261.712982 786.539185 -261.712067
v 296.118622 761.747253 -296.117554
v 329.355621 733.949097 -329.354675
v 361.292725 703.254333 -361.291656
v 391.804016 669.784119 -391.803009
v 420.769043 633.670654 -420.768127
v 448.073456 595.056335 -448.072418
v 473.609650 554.093567 -473.608643
v 497.276520 510.944031 -497.275482
v 518.981079 465.778107 -518.980042
v 538.637268 418.773956 -538.636169
v 556.167725 370.117096 -556.166748
v 571.503418 319.999512 -571.502441
v 584.583496 268.619049 -584.582520
v 595.356567 216.178452 -595.355530
v 603.779907 162.884720 -603.778931
v 609.820618 108.948151 -609.819519
v 613.454529 54.581604 -613.453552
v 614.667358 -0.000349 -614.666199
v 613.454529 -54.582298 -613.453552
v 609.820557 -108.948837 -609.819458
v 603.779846 -162.885406 -603.778809
v 595.356445 -216.179138 -595.355408
v 584.583313 -268.619720 -584.582336
v 571.503174 -320.000153 -571.502380
v 556.167603 -370.117706 -556.166565
v 538.637024 -418.774597 -538.635864
v 518.980774 -465.778748 -518.979675
v 497.276245 -510.944672 -497.275177
v 473.609222 -554.094177 -473.608276
v 448.073151 -595.056824 -448.072052
v 420.768677 -633.671143 -420.767792
v 391.803619 -669.784607 -391.802551
v 361.292297 -703.254761 -361.291351
v 329.355133 -733.949463 -329.354187
v 296.118073 -761.747620 -296.117157
v 261.712494 -786.539490 -261.711578
v 226.274078 -808.227234 -226.273117
v 189.942596 -826.725342 -189.941620
v 152.861496 -841.960693 -152.860596
v 115.177116 -853.873169 -115.176224
v 77.038193 -862.415894 -77.037308
v 38.595268 -867.554932 -38.594364
v 40.562958 867.554871 -36.522133
v 80.965126 862.415771 -72.900414
v 121.047791 853.873047 -108.991020
v 160.652725 841.960510 -144.651459
v 199.623657 826.725098 -179.740906
v 237.806747 808.226990 -214.121216
v 275.051331 786.539185 -247.656387
v 311.210449 761.747253 -280.214081
v 346.141388 733.949097 -311.666168
v 379.706177 703.254333 -341.887909
v 411.772491 669.784119 -370.760620
v 442.213715 633.670654 -398.170135
v 470.909729 595.056335 -424.007996
v 497.747375 554.093567 -448.172791
v 522.620483 510.944031 -470.568542
v 545.431213 465.778107 -491.107361
v 566.089233 418.773956 -509.707886
v 584.513062 370.117096 -526.296997
v 600.630371 319.999512 -540.809021
v 614.377075 268.619049 -553.186584
v 625.699158 216.178452 -563.381042
v 634.551758 162.884720 -571.352051
v 640.900391 108.948151 -577.068237
v 644.719543 54.581604 -580.507080
v 645.994141 -0.000349 -581.654663
v 644.719543 -54.582298 -580.507080
v 640.900391 -108.948837 -577.068176
v 634.551697 -162.885406 -571.351929
v 625.699097 -216.179138 -563.380920
v 614.376892 -268.619720 -553.186401
v 600.630127 -320.000153 -540.808960
v 584.512939 -370.117706 -526.296753
v 566.088928 -418.774597 -509.707642
v 545.430908 -465.778748 -491.107086
v 522.620178 -510.944672 -470.568237
v 497.746979 -554.094177 -448.172424
v 470.909424 -595.056824 -424.007660
v 442.213348 -633.671143 -398.169800
v 411.772064 -669.784607 -370.760193
v 379.705719 -703.254761 -341.887634
v 346.140900 -733.949463 -311.665710
v 311.209869 -761.747620 -280.213715
v 275.050812 -786.539490 -247.655914
v 237.806244 -808.227234 -214.120743
v 199.623108 -826.725342 -179.740463
v 160.652161 -841.960693 -144.650955
v 121.047180 -853.873169 -108.990463
v 80.964470 -862.415894 -72.899857
v 40.562298 -867.554932 -36.521545
v 42.418835 867.554871 -34.349174
v 84.669525 862.415771 -68.563126
v 126.586098 853.873047 -102.506493
v 168.003067 841.960510 -136.045288
v 208.757050 826.725098 -169.047089
v 248.687149 808.226990 -201.381912
v 287.635773 786.539185 -232.921906
v 325.449249 761.747253 -263.542542
v 361.978363 733.949097 -293.123383
v 397.078857 703.254333 -321.547058
v 430.612335 669.784119 -348.701965
v 462.446350 633.670654 -374.480774
v 492.455261 595.056335 -398.781372
v 520.520813 554.093567 -421.508484
v 546.531921 510.944031 -442.571808
v 570.386353 465.778107 -461.888641
v 591.989502 418.773956 -479.382538
v 611.256348 370.117096 -494.984650
v 628.111023 319.999512 -508.633270
v 642.486633 268.619049 -520.274475
v 654.326782 216.178452 -529.862366
v 663.584473 162.884720 -537.359131
v 670.223572 108.948151 -542.735229
v 674.217407 54.581604 -545.969482
v 675.550354 -0.000349 -547.048767
v 674.217407 -54.582298 -545.969482
v 670.223511 -108.948837 -542.735168
v 663.584412 -162.885406 -537.359009
v 654.326721 -216.179138 -529.862244
v 642.486511 -268.619720 -520.274292
v 628.110718 -320.000153 -508.633209
v 611.256104 -370.117706 -494.984436
v 591.989197 -418.774597 -479.382263
v 570.385986 -465.778748 -461.888397
v 546.531616 -510.944672 -442.571472
v 520.520386 -554.094177 -421.508118
v 492.454956 -595.056824 -398.781067
v 462.445953 -633.671143 -374.480469
v 430.611847 -669.784607 -348.701569
v 397.078430 -703.254761 -321.546844
v 361.977875 -733.949463 -293.122955
v 325.448669 -761.747620 -263.542206
v 287.635223 -786.539490 -232.921463
v 248.686630 -808.227234 -201.381470
v 208.756470 -826.725342 -169.046661
v 168.002472 -841.960693 -136.044830
v 126.585464 -853.873169 -102.505974
v 84.668839 -862.415894 -68.562599
v 42.418144 -867.554932 -34.348629
v 44.158447 867.554871 -32.082069
v 88.141846 862.415771 -64.037895
v 131.777435 853.873047 -95.741005
v 174.892944 841.960510 -127.066246
v 217.318253 826.725098 -157.889893
v 258.885895 808.226990 -188.090637
v 299.431824 786.539185 -217.548996
v 338.796051 761.747253 -246.148666
v 376.823242 733.949097 -273.777191
v 413.363190 703.254333 -300.324890
v 448.271912 669.784119 -325.687561
v 481.411469 633.670654 -349.764954
v 512.651001 595.056335 -372.461731
v 541.867554 554.093567 -393.688843
v 568.945374 510.944031 -413.362000
v 593.778076 465.778107 -431.403931
v 616.267151 418.773956 -447.743195
v 636.324158 370.117096 -462.315582
v 653.870056 319.999512 -475.063385
v 668.835266 268.619049 -485.936249
v 681.160950 216.178452 -494.891388
v 690.798340 162.884720 -501.893311
v 697.709656 108.948151 -506.914642
v 701.867310 54.581604 -509.935394
v 703.254883 -0.000349 -510.943481
v 701.867310 -54.582298 -509.935394
v 697.709595 -108.948837 -506.914581
v 690.798218 -162.885406 -501.893219
v 681.160828 -216.179138 -494.891266
v 668.835083 -268.619720 -485.936096
v 653.869751 -320.000153 -475.063354
v 636.323975 -370.117706 -462.315369
v 616.266846 -418.774597 -447.742950
v 593.777710 -465.778748 -431.403717
v 568.945068 -510.944672 -413.361694
v 541.867126 -554.094177 -393.688477
v 512.650696 -595.056824 -372.461426
v 481.411011 -633.671143 -349.764679
v 448.271393 -669.784607 -325.687195
v 413.362732 -703.254761 -300.324707
v 376.822723 -733.949463 -273.776764
v 338.795410 -761.747620 -246.148361
v 299.431244 -786.539490 -217.548584
v 258.885345 -808.227234 -188.090225
v 217.317657 -826.725342 -157.889526
v 174.892334 -841.960693 -127.065804
v 131.776779 -853.873169 -95.740517
v 88.141129 -862.415894 -64.037415
v 44.157726 -867.554932 -32.081562
v 45.777023 867.554871 -29.727024
v 91.372581 862.415771 -59.337147
v 136.607590 853.873047 -88.713097
v 181.303452 841.960510 -117.738907
v 225.283783 826.725098 -146.299973
v 268.375031 808.226990 -174.283813
v 310.407135 786.539185 -201.579803
v 351.214203 761.747253 -228.080109
v 390.635254 733.949097 -253.680573
v 428.514526 703.254333 -278.279541
v 464.702789 669.784119 -301.780487
v 499.057007 633.670654 -324.090515
v 531.441589 595.056335 -345.121185
v 561.729065 554.093567 -364.790131
v 589.799438 510.944031 -383.019196
v 615.542297 465.778107 -399.736755
v 638.855652 418.773956 -414.876648
v 659.647888 370.117096 -428.379333
v 677.836975 319.999512 -440.191376
v 693.350586 268.619049 -450.266174
v 706.128113 216.178452 -458.563934
v 716.118774 162.884720 -465.051849
v 723.283386 108.948151 -469.704620
v 727.593445 54.581604 -472.503632
v 729.031860 -0.000349 -473.437714
v 727.593445 -54.582298 -472.503632
v 723.283325 -108.948837 -469.704590
v 716.118591 -162.885406 -465.051758
v 706.127991 -216.179138 -458.563843
v 693.350464 -268.619720 -450.266022
v 677.836609 -320.000153 -440.191376
v 659.647705 -370.117706 -428.379150
v 638.855347 -418.774597 -414.876404
v 615.541931 -465.778748 -399.736542
v 589.799133 -510.944672 -383.018890
v 561.728638 -554.094177 -364.789795
v 531.441284 -595.056824 -345.120911
v 499.056549 -633.671143 -324.090210
v 464.702240 -669.784607 -301.780121
v 428.514038 -703.254761 -278.279388
v 390.634705 -733.949463 -253.680191
v 351.213562 -761.747620 -228.079819
v 310.406586 -786.539490 -201.579407
v 268.374481 -808.227234 -174.283432
v 225.283188 -826.725342 -146.299622
v 181.302811 -841.960693 -117.738510
v 136.606918 -853.873169 -88.712646
v 91.371841 -862.415894 -59.336700
v 45.776276 -867.554932 -29.726559
v 47.270123 867.554871 -27.290501
v 94.352875 862.415771 -54.473759
v 141.063293 853.873047 -81.442032
v 187.216995 841.960510 -108.088860
v 232.631836 826.725098 -134.309021
v 277.128571 808.226990 -159.999298
v 320.531647 786.539185 -185.058075
v 362.669708 761.747253 -209.386383
v 403.376556 733.949097 -232.888641
v 442.491333 703.254333 -255.471420
v 479.859924 669.784119 -277.046234
v 515.334656 633.670654 -297.527710
v 548.775574 595.056335 -316.834686
v 580.050964 554.093567 -334.891541
v 609.036804 510.944031 -351.626556
v 635.619385 465.778107 -366.973938
v 659.693115 418.773956 -380.872925
v 681.163574 370.117096 -393.268951
v 699.945862 319.999512 -404.112885
v 715.965515 268.619049 -413.361908
v 729.159790 216.178452 -420.979614
v 739.476318 162.884720 -426.935760
v 746.874634 108.948151 -431.207184
v 751.325195 54.581604 -433.776794
v 752.810547 -0.000349 -434.634308
v 751.325195 -54.582298 -433.776794
v 746.874573 -108.948837 -431.207123
v 739.476135 -162.885406 -426.935669
v 729.159668 -216.179138 -420.979523
v 715.965393 -268.619720 -413.361755
v 699.945496 -320.000153 -404.112915
v 681.163391 -370.117706 -393.268768
v 659.692810 -418.774597 -380.872711
v 635.618958 -465.778748 -366.973755
v 609.036499 -510.944672 -351.626282
v 580.050476 -554.094177 -334.891235
v 548.775208 -595.056824 -316.834412
v 515.334167 -633.671143 -297.527466
v 479.859375 -669.784607 -277.045898
v 442.490875 -703.254761 -255.471329
v 403.376007 -733.949463 -232.888275
v 362.669067 -761.747620 -209.386139
v 320.531097 -786.539490 -185.057724
v 277.127991 -808.227234 -159.998947
v 232.631210 -826.725342 -134.308701
v 187.216339 -841.960693 -108.088493
v 141.062592 -853.873169 -81.441605
v 94.352112 -862.415894 -54.473351
v 47.269360 -867.554932 -27.290073
v 48.633663 867.554871 -24.779169
v 97.074539 862.415771 -49.461052
v 145.132370 853.873047 -73.947731
v 192.617416 841.960510 -98.142555
v 239.342255 826.725098 -121.949936
v 285.122528 808.226990 -145.276215
v 329.777618 786.539185 -168.029129
v 373.131165 761.747253 -190.118744
v 415.012268 733.949097 -211.458374
v 455.255310 703.254333 -231.963089
v 493.701813 669.784119 -251.552612
v 530.199829 633.670654 -270.149414
v 564.605347 595.056335 -287.679749
v 596.782898 554.093567 -304.075073
v 626.604858 510.944031 -319.270111
v 653.954224 465.778107 -333.205231
v 678.722473 418.773956 -345.825256
v 700.812256 370.117096 -357.080627
v 720.136292 319.999512 -366.926697
v 736.618103 268.619049 -375.324646
v 750.192871 216.178452 -382.241364
v 760.807007 162.884720 -387.649445
v 768.418701 108.948151 -391.527832
v 772.997742 54.581604 -393.860992
v 774.525818 -0.000349 -394.639587
v 772.997742 -54.582298 -393.860992
v 768.418640 -108.948837 -391.527771
v 760.806885 -162.885406 -387.649353
v 750.192749 -216.179138 -382.241272
v 736.617920 -268.619720 -375.324493
v 720.135925 -320.000153 -366.926758
v 700.812012 -370.117706 -357.080444
v 678.722107 -418.774597 -345.825104
v 653.953796 -465.778748 -333.205078
v 626.604492 -510.944672 -319.269867
v 596.782410 -554.094177 -304.074799
v 564.604980 -595.056824 -287.679535
v 530.199341 -633.671143 -270.149200
v 493.701233 -669.784607 -251.552322
v 455.254822 -703.254761 -231.963013
v 415.011658 -733.949463 -211.458038
v 373.130493 -761.747620 -190.118546
v 329.777008 -786.539490 -168.028793
v 285.121948 -808.227234 -145.275909
v 239.341614 -826.725342 -121.949661
v 192.616745 -841.960693 -98.142212
v 145.131638 -853.873169 -73.947342
v 97.073753 -862.415894 -49.460686
v 48.632877 -867.554932 -24.778784
v 49.863903 867.554871 -22.199919
v 99.530136 862.415771 -44.312778
v 148.803635 853.873047 -66.250740
v 197.489868 841.960510 -87.927231
v 245.396652 826.725098 -109.256592
v 292.334991 808.226990 -130.154938
v 338.119659 786.539185 -150.539612
v 382.569885 761.747253 -170.330032
v 425.510406 733.949097 -189.448517
v 466.771423 703.254333 -207.818985
v 506.190491 669.784119 -225.369476
v 543.611755 633.670654 -242.030685
v 578.887634 595.056335 -257.736328
v 611.879150 554.093567 -272.425171
v 642.455444 510.944031 -286.038605
v 670.496643 465.778107 -298.523254
v 695.891418 418.773956 -309.829712
v 718.539978 370.117096 -319.913574
v 738.352844 319.999512 -328.734833
v 755.251587 268.619049 -336.258667
v 769.169800 216.178452 -342.455475
v 780.052429 162.884720 -347.300598
v 787.856628 108.948151 -350.775299
v 792.551453 54.581604 -352.865631
v 794.118225 -0.000349 -353.563202
v 792.551453 -54.582298 -352.865631
v 787.856567 -108.948837 -350.775238
v 780.052246 -162.885406 -347.300537
v 769.169678 -216.179138 -342.455353
v 755.251404 -268.619720 -336.258514
v 738.352478 -320.000153 -328.734863
v 718.539795 -370.117706 -319.913422
v 695.891113 -418.774597 -309.829559
v 670.496216 -465.778748 -298.523132
v 642.455078 -510.944672 -286.038361
v 611.878662 -554.094177 -272.424896
v 578.887268 -595.056824 -257.736115
v 543.611267 -633.671143 -242.030472
v 506.189941 -669.784607 -225.369247
v 466.770935 -703.254761 -207.818909
v 425.509796 -733.949463 -189.448212
v 382.569214 -761.747620 -170.329849
v 338.119049 -786.539490 -150.539322
v 292.334412 -808.227234 -130.154678
v 245.395981 -826.725342 -109.256355
v 197.489182 -841.960693 -87.926926
v 148.802902 -853.873169 -66.250397
v 99.529335 -862.415894 -44.312454
v 49.863098 -867.554932 -22.199574
v 50.957470 867.554871 -19.559818
v 101.712929 862.415771 -39.043041
v 152.067047 853.873047 -58.372166
v 201.821014 841.960510 -77.470901
v 250.778458 826.725098 -96.263779
v 298.746185 808.226990 -114.676933
v 345.534973 786.539185 -132.637497
v 390.959991 761.747253 -150.074417
v 434.842285 733.949097 -166.919388
v 477.008118 703.254333 -183.105240
v 517.291748 669.784119 -198.568665
v 555.533691 633.670654 -213.248535
v 591.583191 595.056335 -227.086472
v 625.298279 554.093567 -240.028519
v 656.545105 510.944031 -252.023071
v 685.201294 465.778107 -263.023071
v 711.153015 418.773956 -272.984955
v 734.298279 370.117096 -281.869629
v 754.545654 319.999512 -289.641876
v 771.815002 268.619049 -296.270996
v 786.038452 216.178452 -301.730865
v 797.159729 162.884720 -305.999847
v 805.135071 108.948151 -309.061310
v 809.932861 54.581604 -310.903107
v 811.534058 -0.000349 -311.517700
v 809.932861 -54.582298 -310.903107
v 805.135010 -108.948837 -309.061279
v 797.159546 -162.885406 -305.999756
v 786.038330 -216.179138 -301.730774
v 771.814819 -268.619720 -296.270874
v 754.545288 -320.000153 -289.641937
v 734.298096 -370.117706 -281.869537
v 711.152649 -418.774597 -272.984802
v 685.200867 -465.778748 -263.022980
v 656.544739 -510.944672 -252.022827
v 625.297729 -554.094177 -240.028290
v 591.582825 -595.056824 -227.086288
v 555.533203 -633.671143 -213.248352
v 517.291199 -669.784607 -198.568451
v 477.007660 -703.254761 -183.105194
v 434.841675 -733.949463 -166.919113
v 390.959320 -761.747620 -150.074280
v 345.534332 -786.539490 -132.637222
v 298.745605 -808.227234 -114.676697
v 250.777756 -826.725342 -96.263580
v 201.820312 -841.960693 -77.470634
v 152.066299 -853.873169 -58.371861
v 101.712112 -862.415894 -39.042763
v 50.956642 -867.554932 -19.559517
v 51.911366 867.554871 -16.866100
v 103.616936 862.415771 -33.666286
v 154.913651 853.873047 -50.333591
v 205.598999 841.960510 -66.802231
v 255.472870 826.725098 -83.007118
v 304.338562 808.226990 -98.884605
v 352.003204 786.539185 -114.371811
v 398.278534 761.747253 -129.407486
v 442.982300 733.949097 -143.932724
v 485.937439 703.254333 -157.889618
v 526.975159 669.784119 -171.223572
v 565.932983 633.670654 -183.881897
v 602.657349 595.056335 -195.814178
v 637.003418 554.093567 -206.973984
v 668.835266 510.944031 -217.316772
v 698.027832 465.778107 -226.801941
v 724.465393 418.773956 -235.391968
v 748.043884 370.117096 -243.053146
v 768.670349 319.999512 -249.755051
v 786.262939 268.619049 -255.471298
v 800.752625 216.178452 -260.179291
v 812.082031 162.884720 -263.860352
v 820.206665 108.948151 -266.500244
v 825.094360 54.581604 -268.088409
v 826.725464 -0.000349 -268.618347
v 825.094360 -54.582298 -268.088409
v 820.206604 -108.948837 -266.500183
v 812.081848 -162.885406 -263.860291
v 800.752502 -216.179138 -260.179199
v 786.262756 -268.619720 -255.471161
v 768.669983 -320.000153 -249.755127
v 748.043701 -370.117706 -243.053055
v 724.465027 -418.774597 -235.391830
v 698.027405 -465.778748 -226.801865
v 668.834900 -510.944672 -217.316559
v 637.002930 -554.094177 -206.973770
v 602.656921 -595.056824 -195.814026
v 565.932495 -633.671143 -183.881744
v 526.974548 -669.784607 -171.223389
v 485.936981 -703.254761 -157.889603
v 442.981628 -733.949463 -143.932495
v 398.277893 -761.747620 -129.407379
v 352.002533 -786.539490 -114.371559
v 304.337921 -808.227234 -98.884407
v 255.472153 -826.725342 -83.006966
v 205.598282 -841.960693 -66.802010
v 154.912888 -853.873169 -50.333324
v 103.616096 -862.415894 -33.666054
v 51.910522 -867.554932 -16.865843
v 52.722973 867.554871 -14.126154
v 105.236931 862.415771 -28.197256
v 157.335663 853.873047 -42.157055
v 208.813431 841.960510 -55.950459
v 259.467041 826.725098 -69.522934
v 309.096741 808.226990 -82.821236
v 357.506561 786.539185 -95.792633
v 404.505402 761.747253 -108.385841
v 449.908142 733.949097 -120.551567
v 493.534882 703.254333 -132.241226
v 535.214111 669.784119 -143.409164
v 574.781128 633.670654 -154.011246
v 612.079529 595.056335 -164.005173
v 646.962708 554.093567 -173.352142
v 679.292175 510.944031 -182.014801
v 708.941162 465.778107 -189.959152
v 735.792053 418.773956 -197.153763
v 759.739136 370.117096 -203.570450
v 780.688110 319.999512 -209.183655
v 798.555786 268.619049 -213.971344
v 813.271973 216.178452 -217.914566
v 824.778564 162.884720 -220.997620
v 833.030151 108.948151 -223.208710
v 837.994263 54.581604 -224.538895
v 839.650879 -0.000349 -224.982742
v 837.994263 -54.582298 -224.538895
v 833.030151 -108.948837 -223.208664
v 824.778381 -162.885406 -220.997589
v 813.271912 -216.179138 -217.914459
v 798.555542 -268.619720 -213.971222
v 780.687744 -320.000153 -209.183746
v 759.738953 -370.117706 -203.570358
v 735.791687 -418.774597 -197.153656
v 708.940735 -465.778748 -189.959106
v 679.291809 -510.944672 -182.014603
v 646.962158 -554.094177 -173.351959
v 612.079102 -595.056824 -164.005035
v 574.780579 -633.671143 -154.011124
v 535.213501 -669.784607 -143.409012
v 493.534393 -703.254761 -132.241241
v 449.907471 -733.949463 -120.551361
v 404.504730 -761.747620 -108.385765
v 357.505920 -786.539490 -95.792427
v 309.096100 -808.227234 -82.821068
v 259.466339 -826.725342 -69.522820
v 208.812698 -841.960693 -55.950272
v 157.334885 -853.873169 -42.156826
v 105.236084 -862.415894 -28.197065
v 52.722122 -867.554932 -14.125939
v 53.390072 867.554871 -11.347485
v 106.568481 862.415771 -22.650936
v 159.326416 853.873047 -33.864967
v 211.455536 841.960510 -44.945328
v 262.750092 826.725098 -55.848194
v 313.007690 808.226990 -66.530853
v 362.030060 786.539185 -76.950905
v 409.623596 761.747253 -87.067123
v 455.600800 733.949097 -96.839973
v 499.779541 703.254333 -106.230370
v 541.986145 669.784119 -115.201675
v 582.053833 633.670654 -123.718452
v 619.824097 595.056335 -131.746643
v 655.148621 554.093567 -139.255142
v 687.887207 510.944031 -146.213943
v 717.911316 465.778107 -152.595703
v 745.101929 418.773956 -158.375183
v 769.352051 370.117096 -163.529785
v 790.566101 319.999512 -168.038910
v 808.659790 268.619049 -171.884918
v 823.562195 216.178452 -175.052551
v 835.214417 162.884720 -177.529175
v 843.570435 108.948151 -179.305389
v 848.597290 54.581604 -180.373932
v 850.274902 -0.000349 -180.730484
v 848.597290 -54.582298 -180.373932
v 843.570435 -108.948837 -179.305328
v 835.214172 -162.885406 -177.529144
v 823.562134 -216.179138 -175.052444
v 808.659607 -268.619720 -171.884811
v 790.565735 -320.000153 -168.039032
v 769.351868 -370.117706 -163.529709
v 745.101562 -418.774597 -158.375092
v 717.910889 -465.778748 -152.595688
v 687.886780 -510.944672 -146.213776
v 655.148071 -554.094177 -139.254990
v 619.823669 -595.056824 -131.746521
v 582.053223 -633.671143 -123.718361
v 541.985535 -669.784607 -115.201561
v 499.779053 -703.254761 -106.230408
v 455.600128 -733.949463 -96.839806
v 409.622894 -761.747620 -87.067085
v 362.029388 -786.539490 -76.950729
v 313.007050 -808.227234 -66.530716
v 262.749329 -826.725342 -55.848118
v 211.454788 -841.960693 -44.945183
v 159.325623 -853.873169 -33.864780
v 106.567619 -862.415894 -22.650789
v 53.389206 -867.554932 -11.347316
v 53.910831 867.554871 -8.537710
v 107.607933 862.415771 -17.042528
v 160.880463 853.873047 -25.480057
v 213.518036 841.960510 -33.817001
v 265.312897 826.725098 -42.020378
v 316.060730 808.226990 -50.058117
v 365.561249 786.539185 -57.898254
v 413.618988 761.747253 -65.509758
v 460.044647 733.949097 -72.862953
v 504.654297 703.254333 -79.928337
v 547.272583 669.784119 -86.678429
v 587.731079 633.670654 -93.086555
v 625.869812 595.056335 -99.126999
v 661.538879 554.093567 -104.776459
v 694.596741 510.944031 -110.012329
v 724.913696 465.778107 -114.814003
v 752.369507 418.773956 -119.162514
v 776.856201 370.117096 -123.040901
v 798.277100 319.999512 -126.433586
v 816.547302 268.619049 -129.327362
v 831.595154 216.178452 -131.710724
v 843.360962 162.884720 -133.574127
v 851.798523 108.948151 -134.910583
v 856.874390 54.581604 -135.714569
v 858.568298 -0.000349 -135.982849
v 856.874390 -54.582298 -135.714569
v 851.798523 -108.948837 -134.910538
v 843.360779 -162.885406 -133.574112
v 831.595032 -216.179138 -131.710617
v 816.547119 -268.619720 -129.327271
v 798.276794 -320.000153 -126.433716
v 776.856018 -370.117706 -123.040825
v 752.369141 -418.774597 -119.162422
v 724.913330 -465.778748 -114.814003
v 694.596313 -510.944672 -110.012169
v 661.538330 -554.094177 -104.776329
v 625.869324 -595.056824 -99.126900
v 587.730469 -633.671143 -93.086487
v 547.271912 -669.784607 -86.678337
v 504.653839 -703.254761 -79.928406
v 460.043976 -733.949463 -72.862816
v 413.618286 -761.747620 -65.509758
v 365.560577 -786.539490 -57.898117
v 316.060089 -808.227234 -50.058014
v 265.312164 -826.725342 -42.020340
v 213.517288 -841.960693 -33.816898
v 160.879684 -853.873169 -25.479908
v 107.607071 -862.415894 -17.042427
v 53.909958 -867.554932 -8.537588
v 54.283825 867.554871 -5.704533
v 108.352440 862.415771 -11.387405
v 161.993561 853.873047 -17.025301
v 214.995316 841.960510 -22.595982
v 267.148529 826.725098 -28.077385
v 318.247467 808.226990 -33.448174
v 368.090454 786.539185 -38.686901
v 416.480682 761.747253 -43.772835
v 463.227539 733.949097 -48.686218
v 508.145844 703.254333 -53.407234
v 551.058960 669.784119 -57.917599
v 591.797424 633.670654 -62.199512
v 630.200012 595.056335 -66.235649
v 666.115845 554.093567 -70.010597
v 699.402466 510.944031 -73.509163
v 729.929199 465.778107 -76.717590
v 757.574890 418.773956 -79.623222
v 782.231018 370.117096 -82.214760
v 803.800171 319.999512 -84.481712
v 822.196777 268.619049 -86.415337
v 837.348694 216.178452 -88.007889
v 849.195923 162.884720 -89.252960
v 857.691833 108.948151 -90.145996
v 862.802917 54.581604 -90.683228
v 864.508545 -0.000349 -90.862488
v 862.802917 -54.582298 -90.683228
v 857.691833 -108.948837 -90.145950
v 849.195679 -162.885406 -89.252945
v 837.348572 -216.179138 -88.007790
v 822.196594 -268.619720 -86.415253
v 803.799866 -320.000153 -84.481857
v 782.230835 -370.117706 -82.214691
v 757.574524 -418.774597 -79.623146
v 729.928772 -465.778748 -76.717613
v 699.402039 -510.944672 -73.509033
v 666.115356 -554.094177 -70.010490
v 630.199524 -595.056824 -66.235573
v 591.796814 -633.671143 -62.199478
v 551.058350 -669.784607 -57.917549
v 508.145386 -703.254761 -53.407322
v 463.226868 -733.949463 -48.686123
v 416.479980 -761.747620 -43.772869
v 368.089752 -786.539490 -38.686806
v 318.246796 -808.227234 -33.448105
v 267.147766 -826.725342 -28.077385
v 214.994568 -841.960693 -22.595919
v 161.992752 -853.873169 -17.025194
v 108.351578 -862.415894 -11.387351
v 54.282948 -867.554932 -5.704457
v 54.508026 867.554871 -2.855718
v 108.799965 862.415771 -5.701069
v 162.662628 853.873047 -8.523879
v 215.883301 841.960510 -11.313027
v 268.251892 826.725098 -14.057429
v 319.561920 808.226990 -16.746542
v 369.610748 786.539185 -19.369513
v 418.200836 761.747253 -21.915928
v 465.140778 733.949097 -24.376034
v 510.244629 703.254333 -26.739737
v 553.335022 669.784119 -28.998026
v 594.241638 633.670654 -31.141983
v 632.802917 595.056335 -33.162754
v 668.867126 554.093567 -35.052834
v 702.291199 510.944031 -36.804516
v 732.943970 465.778107 -38.410912
v 760.703857 418.773956 -39.865688
v 785.461792 370.117096 -41.163277
v 807.120056 319.999512 -42.298271
v 825.592651 268.619049 -43.266453
v 840.807129 216.178452 -44.063831
v 852.703369 162.884720 -44.687153
v 861.234314 108.948151 -45.134327
v 866.366455 54.581604 -45.403332
v 868.079163 -0.000349 -45.493080
v 866.366455 -54.582298 -45.403332
v 861.234314 -108.948837 -45.134277
v 852.703064 -162.885406 -44.687153
v 840.807007 -216.179138 -44.063728
v 825.592407 -268.619720 -43.266369
v 807.119751 -320.000153 -42.298439
v 785.461609 -370.117706 -41.163216
v 760.703491 -418.774597 -39.865627
v 732.943604 -465.778748 -38.410950
v 702.290771 -510.944672 -36.804409
v 668.866577 -554.094177 -35.052753
v 632.802429 -595.056824 -33.162701
v 594.241089 -633.671143 -31.141979
v 553.334351 -669.784607 -28.998007
v 510.244171 -703.254761 -26.739849
v 465.140106 -733.949463 -24.375973
v 418.200134 -761.747620 -21.915998
v 369.610046 -786.539490 -19.369453
v 319.561249 -808.227234 -16.746510
v 268.251129 -826.725342 -14.057467
v 215.882553 -841.960693 -11.313003
v 162.661835 -853.873169 -8.523814
v 108.799110 -862.415894 -5.701059
v 54.507149 -867.554932 -2.855687
v 54.582829 867.554871 0.000927
v 108.949272 862.415771 0.000895
v 162.885864 853.873047 0.000909
v 216.179565 841.960510 0.000938
v 268.620026 826.725098 0.001059
v 320.000458 808.226990 0.000989
v 370.117981 786.539185 0.000966
v 418.774750 761.747253 0.001050
v 465.779114 733.949097 0.000963
v 510.944885 703.254333 0.001052
v 554.094360 669.784119 0.001034
v 595.057190 633.670654 0.000905
v 633.671326 595.056335 0.001044
v 669.785034 554.093567 0.001012
v 703.254944 510.944031 0.001005
v 733.949829 465.778107 0.001060
v 761.747803 418.773956 0.001115
v 786.539734 370.117096 0.001034
v 808.227722 319.999512 0.001099
v 826.725647 268.619049 0.001028
v 841.960999 216.178452 0.001005
v 853.873535 162.884720 0.001141
v 862.416260 108.948151 0.001057
v 867.555420 54.581604 0.001012
v 869.270386 -0.000349 0.001021
v 867.555420 -54.582298 0.001012
v 862.416199 -108.948837 0.001099
v 853.873291 -162.885406 0.001125
v 841.960876 -216.179138 0.001102
v 826.725342 -268.619720 0.001099
v 808.227417 -320.000153 0.000918
v 786.539490 -370.117706 0.001086
v 761.747437 -418.774597 0.001157
v 733.949402 -465.778748 0.000999
v 703.254517 -510.944672 0.001089
v 669.784485 -554.094177 0.001060
v 633.670837 -595.056824 0.001070
v 595.056641 -633.671143 0.000879
v 554.093750 -669.784607 0.001021
v 510.944397 -703.254761 0.000916
v 465.778442 -733.949463 0.000989
v 418.774048 -761.747620 0.000944
v 370.117279 -786.539490 0.000991
v 319.999786 -808.227234 0.000987
v 268.619263 -826.725342 0.000981
v 216.178818 -841.960693 0.000923
v 162.885071 -853.873169 0.000932
v 108.948418 -862.415894 0.000861
v 54.581947 -867.554932 0.000911
v 54.508026 867.554871 2.857572
v 108.799965 862.415771 5.702860
v 162.662628 853.873047 8.525697
v 215.883286 841.960510 11.314903
v 268.251892 826.725098 14.059546
v 319.561890 808.226990 16.748520
v 369.610718 786.539185 19.371445
v 418.200806 761.747253 21.918028
v 465.140778 733.949097 24.377960
v 510.244629 703.254333 26.741842
v 553.335022 669.784119 29.000092
v 594.241638 633.670654 31.143793
v 632.802917 595.056335 33.164837
v 668.867126 554.093567 35.054852
v 702.291138 510.944031 36.806526
v 732.943970 465.778107 38.413029
v 760.703796 418.773956 39.867916
v 785.461731 370.117096 41.165344
v 807.120056 319.999512 42.300472
v 825.592590 268.619049 43.268505
v 840.807068 216.178452 44.065842
v 852.703308 162.884720 44.689430
v 861.234314 108.948151 45.136436
v 866.366394 54.581604 45.405354
v 868.079102 -0.000349 45.495121
v 866.366394 -54.582298 45.405354
v 861.234253 -108.948837 45.136475
v 852.703064 -162.885406 44.689404
v 840.807007 -216.179138 44.065933
v 825.592346 -268.619720 43.268562
v 807.119751 -320.000153 42.300274
v 785.461548 -370.117706 41.165386
v 760.703430 -418.774597 39.867939
v 732.943542 -465.778748 38.412945
v 702.290710 -510.944672 36.806587
v 668.866577 -554.094177 35.054874
v 632.802429 -595.056824 33.164841
v 594.241089 -633.671143 31.143738
v 553.334351 -669.784607 29.000046
v 510.244171 -703.254761 26.741682
v 465.140106 -733.949463 24.377951
v 418.200104 -761.747620 21.917885
v 369.610016 -786.539490 19.371433
v 319.561218 -808.227234 16.748484
v 268.251129 -826.725342 14.059429
v 215.882538 -841.960693 11.314849
v 162.661835 -853.873169 8.525680
v 108.799126 -862.415894 5.702781
v 54.507145 -867.554932 2.857510
v 54.283817 867.554871 5.706386
v 108.352432 862.415771 11.389196
v 161.993561 853.873047 17.027119
v 214.995300 841.960510 22.597857
v 267.148499 826.725098 28.079496
v 318.247437 808.226990 33.450146
v 368.090424 786.539185 38.688828
v 416.480621 761.747253 43.774929
v 463.227539 733.949097 48.688137
v 508.145844 703.254333 53.409332
v 551.058960 669.784119 57.919666
v 591.797424 633.670654 62.201321
v 630.200012 595.056335 66.237740
v 666.115845 554.093567 70.012619
v 699.402405 510.944031 73.511162
v 729.929138 465.778107 76.719711
v 757.574768 418.773956 79.625435
v 782.230957 370.117096 82.216820
v 803.800110 319.999512 84.483902
v 822.196655 268.619049 86.417389
v 837.348572 216.178452 88.009895
v 849.195862 162.884720 89.255234
v 857.691833 108.948151 90.148094
v 862.802795 54.581604 90.685242
v 864.508423 -0.000349 90.864525
v 862.802795 -54.582298 90.685242
v 857.691772 -108.948837 90.148132
v 849.195618 -162.885406 89.255188
v 837.348511 -216.179138 88.009979
v 822.196411 -268.619720 86.417427
v 803.799805 -320.000153 84.483688
v 782.230713 -370.117706 82.216850
v 757.574463 -418.774597 79.625443
v 729.928711 -465.778748 76.719604
v 699.401978 -510.944672 73.511208
v 666.115356 -554.094177 70.012604
v 630.199524 -595.056824 66.237709
v 591.796814 -633.671143 62.201233
v 551.058350 -669.784607 57.919590
v 508.145386 -703.254761 53.409153
v 463.226868 -733.949463 48.688091
v 416.479919 -761.747620 43.774754
v 368.089722 -786.539490 38.688782
v 318.246765 -808.227234 33.450073
v 267.147736 -826.725342 28.079340
v 214.994553 -841.960693 22.597763
v 161.992767 -853.873169 17.027060
v 108.351601 -862.415894 11.389073
v 54.282940 -867.554932 5.706279
v 53.910820 867.554871 8.539562
v 107.607918 862.415771 17.044319
v 160.880447 853.873047 25.481873
v 213.518021 841.960510 33.818874
v 265.312866 826.725098 42.022484
v 316.060699 808.226990 50.060085
v 365.561188 786.539185 57.900166
v 413.618866 761.747253 65.511848
v 460.044586 733.949097 72.864868
v 504.654266 703.254333 79.930435
v 547.272522 669.784119 86.680489
v 587.731018 633.670654 93.088356
v 625.869751 595.056335 99.129082
v 661.538879 554.093567 104.778481
v 694.596680 510.944031 110.014305
v 724.913635 465.778107 114.816116
v 752.369324 418.773956 119.164711
v 776.856079 370.117096 123.042946
v 798.277100 319.999512 126.435760
v 816.547180 268.619049 129.329407
v 831.594971 216.178452 131.712708
v 843.360840 162.884720 133.576385
v 851.798401 108.948151 134.912674
v 856.874329 54.581604 135.716568
v 858.568237 -0.000349 135.984863
v 856.874329 -54.582298 135.716568
v 851.798340 -108.948837 134.912704
v 843.360535 -162.885406 133.576340
v 831.594849 -216.179138 131.712799
v 816.546875 -268.619720 129.329422
v 798.276733 -320.000153 126.435539
v 776.855835 -370.117706 123.042976
v 752.368958 -418.774597 119.164703
v 724.913208 -465.778748 114.815987
v 694.596252 -510.944672 110.014336
v 661.538330 -554.094177 104.778442
v 625.869263 -595.056824 99.129028
v 587.730408 -633.671143 93.088242
v 547.271912 -669.784607 86.680374
v 504.653778 -703.254761 79.930229
v 460.043915 -733.949463 72.864784
v 413.618164 -761.747620 65.511635
v 365.560486 -786.539490 57.900089
v 316.060028 -808.227234 50.059978
v 265.312103 -826.725342 42.022289
v 213.517288 -841.960693 33.818737
v 160.879684 -853.873169 25.481771
v 107.607094 -862.415894 17.044151
v 53.909954 -867.554932 8.539410
v 53.390060 867.554871 11.349336
v 106.568459 862.415771 22.652725
v 159.326401 853.873047 33.866783
v 211.455505 841.960510 44.947197
v 262.750000 826.725098 55.850292
v 313.007660 808.226990 66.532822
v 362.029968 786.539185 76.952812
v 409.623444 761.747253 87.069199
v 455.600677 733.949097 96.841881
v 499.779419 703.254333 106.232460
v 541.986023 669.784119 115.203735
v 582.053711 633.670654 123.720238
v 619.824036 595.056335 131.748718
v 655.148621 554.093567 139.257156
v 687.887024 510.944031 146.215912
v 717.911133 465.778107 152.597809
v 745.101624 418.773956 158.377365
v 769.351868 370.117096 163.531830
v 790.565979 319.999512 168.041077
v 808.659607 268.619049 171.886932
v 823.562073 216.178452 175.054520
v 835.214172 162.884720 177.531418
v 843.570251 108.948151 179.307449
v 848.597168 54.581604 180.375916
v 850.274658 -0.000349 180.732483
v 848.597168 -54.582298 180.375916
v 843.570190 -108.948837 179.307495
v 835.213928 -162.885406 177.531342
v 823.561951 -216.179138 175.054596
v 808.659302 -268.619720 171.886948
v 790.565674 -320.000153 168.040848
v 769.351624 -370.117706 163.531845
v 745.101257 -418.774597 158.377335
v 717.910767 -465.778748 152.597656
v 687.886597 -510.944672 146.215927
v 655.148071 -554.094177 139.257080
v 619.823608 -595.056824 131.748642
v 582.053101 -633.671143 123.720108
v 541.985413 -669.784607 115.203583
v 499.778961 -703.254761 106.232224
v 455.600006 -733.949463 96.841766
v 409.622742 -761.747620 87.068954
v 362.029266 -786.539490 76.952698
v 313.006989 -808.227234 66.532677
v 262.749237 -826.725342 55.850060
v 211.454773 -841.960693 44.947021
v 159.325638 -853.873169 33.866642
v 106.567642 -862.415894 22.652514
v 53.389202 -867.554932 11.349137
v 52.722958 867.554871 14.128002
v 105.236893 862.415771 28.199041
v 157.335648 853.873047 42.158867
v 208.813400 841.960510 55.952324
v 259.466980 826.725098 69.525024
v 309.096649 808.226990 82.823189
v 357.506500 786.539185 95.794533
v 404.505249 761.747253 108.387909
v 449.908051 733.949097 120.553459
v 493.534729 703.254333 132.243301
v 535.213989 669.784119 143.411209
v 574.781006 633.670654 154.013031
v 612.079407 595.056335 164.007233
v 646.962646 554.093567 173.354126
v 679.291992 510.944031 182.016754
v 708.940979 465.778107 189.961243
v 735.791687 418.773956 197.155914
v 759.738892 370.117096 203.572479
v 780.687988 319.999512 209.185806
v 798.555542 268.619049 213.973343
v 813.271790 216.178452 217.916534
v 824.778320 162.884720 220.999847
v 833.029968 108.948151 223.210785
v 837.994080 54.581604 224.540863
v 839.650635 -0.000349 224.984726
v 837.994080 -54.582298 224.540863
v 833.029907 -108.948837 223.210815
v 824.778076 -162.885406 220.999771
v 813.271667 -216.179138 217.916580
v 798.555237 -268.619720 213.973343
v 780.687683 -320.000153 209.185562
v 759.738708 -370.117706 203.572479
v 735.791321 -418.774597 197.155869
v 708.940613 -465.778748 189.961075
v 679.291565 -510.944672 182.016739
v 646.962097 -554.094177 173.354034
v 612.078979 -595.056824 164.007156
v 574.780457 -633.671143 154.012863
v 535.213379 -669.784607 143.411026
v 493.534302 -703.254761 132.243042
v 449.907379 -733.949463 120.553314
v 404.504578 -761.747620 108.387627
v 357.505798 -786.539490 95.794380
v 309.096008 -808.227234 82.823013
v 259.466217 -826.725342 69.524750
v 208.812683 -841.960693 55.952110
v 157.334900 -853.873169 42.158691
v 105.236092 -862.415894 28.198788
v 52.722111 -867.554932 14.127760
v 51.911346 867.554871 16.867949
v 103.616890 862.415771 33.668068
v 154.913651 853.873047 50.335403
v 205.598969 841.960510 66.804092
v 255.472778 826.725098 83.009193
v 304.338440 808.226990 98.886551
v 352.003052 786.539185 114.373688
v 398.278351 761.747253 129.409546
v 442.982269 733.949097 143.934601
v 485.937347 703.254333 157.891678
v 526.974976 669.784119 171.225601
v 565.932922 633.670654 183.883667
v 602.657166 595.056335 195.816223
v 637.003357 554.093567 206.975952
v 668.835022 510.944031 217.318710
v 698.027710 465.778107 226.804016
v 724.464966 418.773956 235.394058
v 748.043579 370.117096 243.055145
v 768.670166 319.999512 249.757172
v 786.262634 268.619049 255.473267
v 800.752380 216.178452 260.181244
v 812.081787 162.884720 263.862549
v 820.206421 108.948151 266.502319
v 825.094116 54.581604 268.090332
v 826.725098 -0.000349 268.620300
v 825.094116 -54.582298 268.090332
v 820.206360 -108.948837 266.502350
v 812.081543 -162.885406 263.862427
v 800.752258 -216.179138 260.181274
v 786.262390 -268.619720 255.473236
v 768.669861 -320.000153 249.756912
v 748.043335 -370.117706 243.055145
v 724.464600 -418.774597 235.394012
v 698.027283 -465.778748 226.803802
v 668.834656 -510.944672 217.318665
v 637.002869 -554.094177 206.975845
v 602.656677 -595.056824 195.816116
v 565.932373 -633.671143 183.883469
v 526.974365 -669.784607 171.225403
v 485.936920 -703.254761 157.891388
v 442.981598 -733.949463 143.934433
v 398.277710 -761.747620 129.409225
v 352.002380 -786.539490 114.373505
v 304.337830 -808.227234 98.886337
v 255.472046 -826.725342 83.008881
v 205.598251 -841.960693 66.803841
v 154.912903 -853.873169 50.335186
v 103.616096 -862.415894 33.667774
v 51.910511 -867.554932 16.867662
v 50.957451 867.554871 19.561661
v 101.712883 862.415771 39.044815
v 152.067032 853.873047 58.373970
v 201.820984 841.960510 77.472763
v 250.778320 826.725098 96.265854
v 298.746094 808.226990 114.678871
v 345.534821 786.539185 132.639359
v 390.959778 761.747253 150.076462
v 434.842255 733.949097 166.921234
v 477.008026 703.254333 183.107269
v 517.291565 669.784119 198.570679
v 555.533691 633.670654 213.250290
v 591.583069 595.056335 227.088516
v 625.298157 554.093567 240.030457
v 656.544922 510.944031 252.025009
v 685.201111 465.778107 263.025116
v 711.152588 418.773956 272.987030
v 734.297913 370.117096 281.871613
v 754.545471 319.999512 289.643982
v 771.814697 268.619049 296.272949
v 786.038147 216.178452 301.732788
v 797.159424 162.884720 306.001984
v 805.134705 108.948151 309.063354
v 809.932556 54.581604 310.905029
v 811.533630 -0.000349 311.519623
v 809.932556 -54.582298 310.905029
v 805.134644 -108.948837 309.063385
v 797.159180 -162.885406 306.001892
v 786.038025 -216.179138 301.732849
v 771.814453 -268.619720 296.272919
v 754.545227 -320.000153 289.643677
v 734.297729 -370.117706 281.871613
v 711.152222 -418.774597 272.986969
v 685.200684 -465.778748 263.024902
v 656.544556 -510.944672 252.024933
v 625.297668 -554.094177 240.030334
v 591.582581 -595.056824 227.088379
v 555.533142 -633.671143 213.250076
v 517.290955 -669.784607 198.570450
v 477.007660 -703.254761 183.106979
v 434.841614 -733.949463 166.921051
v 390.959137 -761.747620 150.076111
v 345.534149 -786.539490 132.639145
v 298.745453 -808.227234 114.678627
v 250.777618 -826.725342 96.265495
v 201.820297 -841.960693 77.472473
v 152.066315 -853.873169 58.373714
v 101.712105 -862.415894 39.044479
v 50.956635 -867.554932 19.561333
v 49.863884 867.554871 22.201759
v 99.530083 862.415771 44.314545
v 148.803619 853.873047 66.252548
v 197.489838 841.960510 87.929085
v 245.396500 826.725098 109.258636
v 292.334869 808.226990 130.156876
v 338.119537 786.539185 150.541473
v 382.569641 761.747253 170.332031
v 425.510376 733.949097 189.450363
v 466.771271 703.254333 207.820999
v 506.190247 669.784119 225.371506
v 543.611755 633.670654 242.032425
v 578.887451 595.056335 257.738373
v 611.879028 554.093567 272.427094
v 642.455200 510.944031 286.040527
v 670.496460 465.778107 298.525299
v 695.890930 418.773956 309.831757
v 718.539612 370.117096 319.915497
v 738.352661 319.999512 328.736877
v 755.251282 268.619049 336.260559
v 769.169434 216.178452 342.457336
v 780.052063 162.884720 347.302734
v 787.856201 108.948151 350.777313
v 792.551086 54.581604 352.867554
v 794.117798 -0.000349 353.565094
v 792.551086 -54.582298 352.867554
v 787.856140 -108.948837 350.777344
v 780.051819 -162.885406 347.302612
v 769.169373 -216.179138 342.457367
v 755.250977 -268.619720 336.260559
v 738.352417 -320.000153 328.736572
v 718.539368 -370.117706 319.915436
v 695.890564 -418.774597 309.831665
v 670.496033 -465.778748 298.525055
v 642.454834 -510.944672 286.040405
v 611.878479 -554.094177 272.426910
v 578.887024 -595.056824 257.738220
v 543.611206 -633.671143 242.032166
v 506.189728 -669.784607 225.371246
v 466.770905 -703.254761 207.820694
v 425.509735 -733.949463 189.450134
v 382.569031 -761.747620 170.331665
v 338.118866 -786.539490 150.541229
v 292.334290 -808.227234 130.156601
v 245.395828 -826.725342 109.258263
v 197.489166 -841.960693 87.928749
v 148.802917 -853.873169 66.252251
v 99.529327 -862.415894 44.314171
v 49.863087 -867.554932 22.201391
v 48.633644 867.554871 24.781010
v 97.074478 862.415771 49.462814
v 145.132355 853.873047 73.949532
v 192.617386 841.960510 98.144402
v 239.342072 826.725098 121.951958
v 285.122437 808.226990 145.278122
v 329.777435 786.539185 168.030960
v 373.130859 761.747253 190.120743
v 415.012207 733.949097 211.460205
v 455.255096 703.254333 231.965118
v 493.701569 669.784119 251.554581
v 530.199829 633.670654 270.151154
v 564.605164 595.056335 287.681793
v 596.782776 554.093567 304.076996
v 626.604553 510.944031 319.272003
v 653.954041 465.778107 333.207245
v 678.721924 418.773956 345.827240
v 700.811829 370.117096 357.082520
v 720.136047 319.999512 366.928711
v 736.617737 268.619049 375.326538
v 750.192566 216.178452 382.243225
v 760.806641 162.884720 387.651550
v 768.418152 108.948151 391.529755
v 772.997314 54.581604 393.862885
v 774.525330 -0.000349 394.641449
v 772.997314 -54.582298 393.862885
v 768.418152 -108.948837 391.529785
v 760.806396 -162.885406 387.651398
v 750.192444 -216.179138 382.243256
v 736.617493 -268.619720 375.326477
v 720.135803 -320.000153 366.928436
v 700.811646 -370.117706 357.082458
v 678.721558 -418.774597 345.827148
v 653.953613 -465.778748 333.206970
v 626.604187 -510.944672 319.271881
v 596.782227 -554.094177 304.076813
v 564.604736 -595.056824 287.681610
v 530.199280 -633.671143 270.150879
v 493.701050 -669.784607 251.554291
v 455.254730 -703.254761 231.964798
v 415.011597 -733.949463 211.459946
v 373.130310 -761.747620 190.120331
v 329.776825 -786.539490 168.030670
v 285.121826 -808.227234 145.277817
v 239.341431 -826.725342 121.951546
v 192.616730 -841.960693 98.144035
v 145.131653 -853.873169 73.949196
v 97.073746 -862.415894 49.462406
v 48.632866 -867.554932 24.780598
v 47.270103 867.554871 27.292337
v 94.352798 862.415771 54.475513
v 141.063278 853.873047 81.443825
v 187.216980 841.960510 108.090706
v 232.631622 826.725098 134.311020
v 277.128448 808.226990 160.001175
v 320.531464 786.539185 185.059906
v 362.669403 761.747253 209.388351
v 403.376526 733.949097 232.890457
v 442.491119 703.254333 255.473419
v 479.859619 669.784119 277.048157
v 515.334656 633.670654 297.529449
v 548.775330 595.056335 316.836670
v 580.050781 554.093567 334.893463
v 609.036499 510.944031 351.628418
v 635.619141 465.778107 366.975891
v 659.692566 418.773956 380.874847
v 681.163147 370.117096 393.270813
v 699.945618 319.999512 404.114868
v 715.965210 268.619049 413.363739
v 729.159424 216.178452 420.981415
v 739.475891 162.884720 426.937836
v 746.874084 108.948151 431.209076
v 751.324829 54.581604 433.778625
v 752.809937 -0.000349 434.636139
v 751.324829 -54.582298 433.778625
v 746.874023 -108.948837 431.209106
v 739.475708 -162.885406 426.937653
v 729.159302 -216.179138 420.981445
v 715.964966 -268.619720 413.363708
v 699.945374 -320.000153 404.114563
v 681.162964 -370.117706 393.270752
v 659.692200 -418.774597 380.874725
v 635.618713 -465.778748 366.975616
v 609.036133 -510.944672 351.628235
v 580.050293 -554.094177 334.893250
v 548.774902 -595.056824 316.836456
v 515.334106 -633.671143 297.529144
v 479.859100 -669.784607 277.047852
v 442.490753 -703.254761 255.473114
v 403.375916 -733.949463 232.890167
v 362.668854 -761.747620 209.387909
v 320.530884 -786.539490 185.059586
v 277.127869 -808.227234 160.000839
v 232.631012 -826.725342 134.310562
v 187.216324 -841.960693 108.090317
v 141.062607 -853.873169 81.443451
v 94.352081 -862.415894 54.475063
v 47.269344 -867.554932 27.291883
v 45.777000 867.554871 29.728857
v 91.372505 862.415771 59.338902
v 136.607574 853.873047 88.714890
v 181.303421 841.960510 117.740753
v 225.283554 826.725098 146.301941
v 268.374878 808.226990 174.285675
v 310.406952 786.539185 201.581604
v 351.213867 761.747253 228.082047
v 390.635223 733.949097 253.682388
v 428.514343 703.254333 278.281494
v 464.702423 669.784119 301.782379
v 499.056946 633.670654 324.092224
v 531.441345 595.056335 345.123138
v 561.728882 554.093567 364.792023
v 589.799011 510.944031 383.020996
v 615.541992 465.778107 399.738678
v 638.855103 418.773956 414.878510
v 659.647461 370.117096 428.381165
v 677.836670 319.999512 440.193390
v 693.350220 268.619049 450.267944
v 706.127686 216.178452 458.565704
v 716.118286 162.884720 465.053894
v 723.282776 108.948151 469.706482
v 727.592957 54.581604 472.505463
v 729.031189 -0.000349 473.439484
v 727.592957 -54.582298 472.505463
v 723.282715 -108.948837 469.706482
v 716.118103 -162.885406 465.053741
v 706.127563 -216.179138 458.565704
v 693.349976 -268.619720 450.267883
v 677.836426 -320.000153 440.193024
v 659.647278 -370.117706 428.381073
v 638.854736 -418.774597 414.878357
v 615.541626 -465.778748 399.738403
v 589.798706 -510.944672 383.020813
v 561.728394 -554.094177 364.791809
v 531.440918 -595.056824 345.122894
v 499.056427 -633.671143 324.091888
v 464.701904 -669.784607 301.782043
v 428.513977 -703.254761 278.281158
v 390.634613 -733.949463 253.682083
v 351.213348 -761.747620 228.081573
v 310.406372 -786.539490 201.581253
v 268.374329 -808.227234 174.285324
v 225.282959 -826.725342 146.301453
v 181.302795 -841.960693 117.740326
v 136.606918 -853.873169 88.714485
v 91.371811 -862.415894 59.338417
v 45.776268 -867.554932 29.728369
v 44.158421 867.554871 32.083897
v 88.141769 862.415771 64.039642
v 131.777435 853.873047 95.742798
v 174.892914 841.960510 127.068085
v 217.317993 826.725098 157.891876
v 258.885681 808.226990 188.092468
v 299.431610 786.539185 217.550781
v 338.795715 761.747253 246.150589
v 376.823212 733.949097 273.778992
v 413.363007 703.254333 300.326782
v 448.271545 669.784119 325.689453
v 481.411346 633.670654 349.766663
v 512.650696 595.056335 372.463623
v 541.867371 554.093567 393.690704
v 568.944946 510.944031 413.363770
v 593.777710 465.778107 431.405823
v 616.266541 418.773956 447.745026
v 636.323792 370.117096 462.317352
v 653.869873 319.999512 475.065308
v 668.834778 268.619049 485.938019
v 681.160522 216.178452 494.893127
v 690.797852 162.884720 501.895294
v 697.709045 108.948151 506.916504
v 701.866760 54.581604 509.937164
v 703.254150 -0.000349 510.945190
v 701.866760 -54.582298 509.937164
v 697.708984 -108.948837 506.916443
v 690.797668 -162.885406 501.895081
v 681.160400 -216.179138 494.893127
v 668.834595 -268.619720 485.937897
v 653.869629 -320.000153 475.064941
v 636.323547 -370.117706 462.317261
v 616.266174 -418.774597 447.744873
v 593.777344 -465.778748 431.405518
v 568.944641 -510.944672 413.363556
v 541.866882 -554.094177 393.690460
v 512.650330 -595.056824 372.463379
v 481.410828 -633.671143 349.766327
v 448.271027 -669.784607 325.689087
v 413.362640 -703.254761 300.326477
v 376.822601 -733.949463 273.778656
v 338.795227 -761.747620 246.150085
v 299.431091 -786.539490 217.550400
v 258.885193 -808.227234 188.092087
v 217.317429 -826.725342 157.891357
v 174.892319 -841.960693 127.067619
v 131.776779 -853.873169 95.742348
v 88.141098 -862.415894 64.039131
v 44.157719 -867.554932 32.083370
v 42.418812 867.554871 34.350998
v 84.669441 862.415771 68.564857
v 126.586082 853.873047 102.508278
v 168.003052 841.960510 136.047134
v 208.756790 826.725098 169.049026
v 248.686935 808.226990 201.383713
v 287.635590 786.539185 232.923676
v 325.448914 761.747253 263.544434
v 361.978333 733.949097 293.125214
v 397.078644 703.254333 321.548950
v 430.612000 669.784119 348.703796
v 462.446259 633.670654 374.482452
v 492.454956 595.056335 398.783234
v 520.520630 554.093567 421.510315
v 546.531494 510.944031 442.573517
v 570.385986 465.778107 461.890533
v 591.988831 418.773956 479.384308
v 611.255920 370.117096 494.986359
v 628.110840 319.999512 508.635132
v 642.486206 268.619049 520.276123
v 654.326355 216.178452 529.864136
v 663.583984 162.884720 537.360962
v 670.222961 108.948151 542.737061
v 674.216858 54.581604 545.971191
v 675.549561 -0.000349 547.050415
v 674.216858 -54.582298 545.971191
v 670.222900 -108.948837 542.737000
v 663.583862 -162.885406 537.360779
v 654.326233 -216.179138 529.864136
v 642.485962 -268.619720 520.276001
v 628.110596 -320.000153 508.634766
v 611.255737 -370.117706 494.986237
v 591.988525 -418.774597 479.384155
v 570.385559 -465.778748 461.890198
v 546.531250 -510.944672 442.573303
v 520.520142 -554.094177 421.510040
v 492.454590 -595.056824 398.782959
v 462.445740 -633.671143 374.482056
v 430.611481 -669.784607 348.703400
v 397.078278 -703.254761 321.548615
v 361.977753 -733.949463 293.124847
v 325.448456 -761.747620 263.543915
v 287.635071 -786.539490 232.923248
v 248.686462 -808.227234 201.383316
v 208.756241 -826.725342 169.048477
v 168.002472 -841.960693 136.046631
v 126.585472 -853.873169 102.507797
v 84.668800 -862.415894 68.564316
v 42.418133 -867.554932 34.350441
v 40.562935 867.554871 36.523949
v 80.965034 862.415771 72.902145
v 121.047791 853.873047 108.992783
v 160.652695 841.960510 144.653290
v 199.623398 826.725098 179.742844
v 237.806564 808.226990 214.123001
v 275.051178 786.539185 247.658142
v 311.210083 761.747253 280.215942
v 346.141296 733.949097 311.667969
v 379.705933 703.254333 341.889740
v 411.772156 669.784119 370.762390
v 442.213623 633.670654 398.171783
v 470.909363 595.056335 424.009827
v 497.747192 554.093567 448.174561
v 522.620056 510.944031 470.570251
v 545.430847 465.778107 491.109222
v 566.088562 418.773956 509.709595
v 584.512695 370.117096 526.298645
v 600.630188 319.999512 540.810791
v 614.376587 268.619049 553.188232
v 625.698669 216.178452 563.382751
v 634.551331 162.884720 571.353821
v 640.899780 108.948151 577.070007
v 644.718933 54.581604 580.508728
v 645.993408 -0.000349 581.656250
v 644.718933 -54.582298 580.508728
v 640.899719 -108.948837 577.069946
v 634.551208 -162.885406 571.353577
v 625.698547 -216.179138 563.382751
v 614.376404 -268.619720 553.188049
v 600.629944 -320.000153 540.810425
v 584.512451 -370.117706 526.298523
v 566.088196 -418.774597 509.709442
v 545.430481 -465.778748 491.108917
v 522.619812 -510.944672 470.570007
v 497.746704 -554.094177 448.174225
v 470.908997 -595.056824 424.009521
v 442.213165 -633.671143 398.171387
v 411.771667 -669.784607 370.761963
v 379.705597 -703.254761 341.889374
v 346.140747 -733.949463 311.667572
v 311.209656 -761.747620 280.215393
v 275.050659 -786.539490 247.657700
v 237.806122 -808.227234 214.122574
v 199.622879 -826.725342 179.742264
v 160.652161 -841.960693 144.652756
v 121.047203 -853.873169 108.992294
v 80.964424 -862.415894 72.901566
v 40.562286 -867.554932 36.523354
v 38.595875 867.554871 38.596794
v 77.038712 862.415771 77.039612
v 115.177711 853.873047 115.178566
v 152.862015 841.960510 152.862961
v 189.942856 826.725098 189.943985
v 226.274384 808.226990 226.275375
v 261.712830 786.539185 261.713806
v 296.118256 761.747253 296.119385
v 329.355499 733.949097 329.356445
v 361.292480 703.254333 361.293457
v 391.803650 669.784119 391.804749
v 420.768921 633.670654 420.769775
v 448.073090 595.056335 448.074249
v 473.609436 554.093567 473.610352
v 497.276093 510.944031 497.277191
v 518.980713 465.778107 518.981812
v 538.636597 418.773956 538.637817
v 556.167297 370.117096 556.168335
v 571.503296 319.999512 571.504211
v 584.583008 268.619049 584.584045
v 595.356079 216.178452 595.357178
v 603.779419 162.884720 603.780640
v 609.820007 108.948151 609.821228
v 613.453979 54.581604 613.455139
v 614.666565 -0.000349 614.667786
v 613.453979 -54.582298 613.455139
v 609.819946 -108.948837 609.821167
v 603.779297 -162.885406 603.780334
v 595.355957 -216.179138 595.357117
v 584.582825 -268.619720 584.583923
v 571.502991 -320.000153 571.503845
v 556.167114 -370.117706 556.168274
v 538.636230 -418.774597 538.637695
v 518.980347 -465.778748 518.981445
v 497.275848 -510.944672 497.276886
v 473.608948 -554.094177 473.610046
v 448.072723 -595.056824 448.073883
v 420.768463 -633.671143 420.769348
v 391.803223 -669.784607 391.804321
v 361.292175 -703.254761 361.293091
v 329.355011 -733.949463 329.356018
v 296.117859 -761.747620 296.118805
v 261.712341 -786.539490 261.713348
v 226.273972 -808.227234 226.274933
v 189.942368 -826.725342 189.943390
v 152.861496 -841.960693 152.862381
v 115.177155 -853.873169 115.178040
v 77.038132 -862.415894 77.039009
v 38.595261 -867.554932 38.596165
v 36.523029 867.554871 40.563847
v 72.901237 862.415771 80.965927
v 108.991943 853.873047 121.048660
v 144.652344 841.960510 160.653641
v 179.741699 826.725098 199.624512
v 214.121994 808.226990 237.807541
v 247.657181 786.539185 275.052124
v 280.214783 761.747253 311.211182
v 311.666992 733.949097 346.142181
v 341.888733 703.254333 379.706909
v 370.761261 669.784119 411.773193
v 398.170929 633.670654 442.214508
v 424.008667 595.056335 470.910522
v 448.173553 554.093567 497.748108
v 470.569183 510.944031 522.621155
v 491.108063 465.778107 545.431946
v 509.708374 418.773956 566.089722
v 526.297546 370.117096 584.513733
v 540.809814 319.999512 600.631165
v 553.187073 268.619049 614.377563
v 563.381531 216.178452 625.699768
v 571.352539 162.884720 634.552551
v 577.068726 108.948151 640.901062
v 580.507568 54.581604 644.720154
v 581.655029 -0.000349 645.994507
v 580.507568 -54.582298 644.720154
v 577.068665 -108.948837 640.900940
v 571.352417 -162.885406 634.552246
v 563.381470 -216.179138 625.699707
v 553.186951 -268.619720 614.377441
v 540.809631 -320.000153 600.630737
v 526.297363 -370.117706 584.513611
v 509.708008 -418.774597 566.089600
v 491.107758 -465.778748 545.431519
v 470.568970 -510.944672 522.620789
v 448.173096 -554.094177 497.747742
v 424.008331 -595.056824 470.910095
v 398.170502 -633.671143 442.214020
v 370.760864 -669.784607 411.772766
v 341.888458 -703.254761 379.706512
v 311.666565 -733.949463 346.141754
v 280.214386 -761.747620 311.210602
v 247.656723 -786.539490 275.051605
v 214.121613 -808.227234 237.807098
v 179.741226 -826.725342 199.623886
v 144.651855 -841.960693 160.653046
v 108.991409 -853.873169 121.048103
v 72.900688 -862.415894 80.965286
v 36.522446 -867.554932 40.563190
v 34.350075 867.554871 42.419724
v 68.563942 862.415771 84.670326
v 102.507416 853.873047 126.586967
v 136.046188 841.960510 168.003998
v 169.047867 826.725098 208.757889
v 201.382706 808.226990 248.687927
v 232.922714 786.539185 287.636536
v 263.543274 761.747253 325.449951
v 293.124207 733.949097 361.979187
v 321.547882 703.254333 397.079620
v 348.702637 669.784119 430.613007
v 374.481567 633.670654 462.447083
v 398.782074 595.056335 492.456024
v 421.509247 554.093567 520.521545
v 442.572418 510.944031 546.532593
v 461.889374 465.778107 570.387024
v 479.383057 418.773956 591.989990
v 494.985199 370.117096 611.256897
v 508.634094 319.999512 628.111755
v 520.274963 268.619049 642.487122
v 529.862854 216.178452 654.327393
v 537.359619 162.884720 663.585144
v 542.735718 108.948151 670.224121
v 545.969971 54.581604 674.218018
v 547.049255 -0.000349 675.550659
v 545.969971 -54.582298 674.218018
v 542.735718 -108.948837 670.224060
v 537.359497 -162.885406 663.584900
v 529.862793 -216.179138 654.327332
v 520.274841 -268.619720 642.486938
v 508.633942 -320.000153 628.111389
v 494.985046 -370.117706 611.256775
v 479.382690 -418.774597 591.989807
v 461.889069 -465.778748 570.386597
v 442.572266 -510.944672 546.532227
v 421.508820 -554.094177 520.521179
v 398.781738 -595.056824 492.455627
v 374.481140 -633.671143 462.446625
v 348.702271 -669.784607 430.612549
v 321.547638 -703.254761 397.079193
v 293.123810 -733.949463 361.978699
v 263.542908 -761.747620 325.449371
v 232.922302 -786.539490 287.636017
v 201.382339 -808.227234 248.687454
v 169.047440 -826.725342 208.757233
v 136.045731 -841.960693 168.003372
v 102.506912 -853.873169 126.586380
v 68.563423 -862.415894 84.669655
v 34.349529 -867.554932 42.419033
v 32.082973 867.554871 44.159332
v 64.038719 862.415771 88.142647
v 95.741928 853.873047 131.778305
v 127.067139 841.960510 174.893860
v 157.890701 826.725098 217.319077
v 188.091446 808.226990 258.886658
v 217.549820 786.539185 299.432526
v 246.149414 761.747253 338.796722
v 273.778015 733.949097 376.824036
v 300.325714 703.254333 413.363922
v 325.688263 669.784119 448.272522
v 349.765778 633.670654 481.412201
v 372.462433 595.056335 512.651794
v 393.689606 554.093567 541.868225
v 413.362640 510.944031 568.945984
v 431.404694 465.778107 593.778748
v 447.743774 418.773956 616.267639
v 462.316162 370.117096 636.324768
v 475.064209 319.999512 653.870789
v 485.936768 268.619049 668.835693
v 494.891907 216.178452 681.161499
v 501.893829 162.884720 690.798950
v 506.915100 108.948151 697.710144
v 509.935974 54.581604 701.867798
v 510.944000 -0.000349 703.255188
v 509.935974 -54.582298 701.867798
v 506.915100 -108.948837 697.710083
v 501.893738 -162.885406 690.798706
v 494.891846 -216.179138 681.161438
v 485.936707 -268.619720 668.835571
v 475.064056 -320.000153 653.870361
v 462.316010 -370.117706 636.324585
v 447.743408 -418.774597 616.267395
v 431.404388 -465.778748 593.778320
v 413.362518 -510.944672 568.945618
v 393.689209 -554.094177 541.867920
v 372.462128 -595.056824 512.651306
v 349.765381 -633.671143 481.411682
v 325.687897 -669.784607 448.272064
v 300.325500 -703.254761 413.363525
v 273.777618 -733.949463 376.823547
v 246.149078 -761.747620 338.796082
v 217.549408 -786.539490 299.432037
v 188.091110 -808.227234 258.886169
v 157.890305 -826.725342 217.318405
v 127.066719 -841.960693 174.893204
v 95.741455 -853.873169 131.777695
v 64.038239 -862.415894 88.141945
v 32.082462 -867.554932 44.158619
v 29.727932 867.554871 45.777901
v 59.337971 862.415771 91.373375
v 88.714020 853.873047 136.608459
v 117.739807 841.960510 181.304352
v 146.300766 826.725098 225.284607
v 174.284637 808.226990 268.375793
v 201.580627 786.539185 310.407837
v 228.080856 761.747253 351.214874
v 253.681412 733.949097 390.636047
v 278.280365 703.254333 428.515228
v 301.781158 669.784119 464.703369
v 324.091309 633.670654 499.057739
v 345.121918 595.056335 531.442383
v 364.790924 554.093567 561.729736
v 383.019836 510.944031 589.799988
v 399.737549 465.778107 615.542969
v 414.877258 418.773956 638.856140
v 428.379944 370.117096 659.648499
v 440.192261 319.999512 677.837646
v 450.266724 268.619049 693.351074
v 458.564453 216.178452 706.128601
v 465.052429 162.884720 716.119324
v 469.705109 108.948151 723.283875
v 472.504272 54.581604 727.593872
v 473.438232 -0.000349 729.032166
v 472.504272 -54.582298 727.593872
v 469.705139 -108.948837 723.283752
v 465.052338 -162.885406 716.119080
v 458.564423 -216.179138 706.128601
v 450.266693 -268.619720 693.350952
v 440.192108 -320.000153 677.837219
v 428.379761 -370.117706 659.648254
v 414.876892 -418.774597 638.855896
v 399.737244 -465.778748 615.542542
v 383.019745 -510.944672 589.799622
v 364.790527 -554.094177 561.729370
v 345.121643 -595.056824 531.441895
v 324.090942 -633.671143 499.057220
v 301.780884 -669.784607 464.702911
v 278.280151 -703.254761 428.514832
v 253.681046 -733.949463 390.635529
v 228.080566 -761.747620 351.214203
v 201.580246 -786.539490 310.407318
v 174.284317 -808.227234 268.375275
v 146.300400 -826.725342 225.283905
v 117.739426 -841.960693 181.303680
v 88.713570 -853.873169 136.607819
v 59.337524 -862.415894 91.372650
v 29.727459 -867.554932 45.777164
v 27.291409 867.554871 47.271004
v 54.474586 862.415771 94.353653
v 81.442940 853.873047 141.064163
v 108.089760 841.960510 187.217896
v 134.309830 826.725098 232.632645
v 160.000122 808.226990 277.129333
v 185.058929 786.539185 320.532318
v 209.387146 761.747253 362.670349
v 232.889481 733.949097 403.377350
v 255.472275 703.254333 442.492065
v 277.046906 669.784119 479.860504
v 297.528534 633.670654 515.335388
v 316.835419 595.056335 548.776306
v 334.892365 554.093567 580.051636
v 351.627228 510.944031 609.037354
v 366.974701 465.778107 635.619995
v 380.873566 418.773956 659.693604
v 393.269562 370.117096 681.164124
v 404.113770 319.999512 699.946533
v 413.362518 268.619049 715.965942
v 420.980164 216.178452 729.160278
v 426.936340 162.884720 739.476807
v 431.207672 108.948151 746.875061
v 433.777435 54.581604 751.325684
v 434.634857 -0.000349 752.810852
v 433.777435 -54.582298 751.325684
v 431.207733 -108.948837 746.874939
v 426.936249 -162.885406 739.476562
v 420.980103 -216.179138 729.160217
v 413.362488 -268.619720 715.965820
v 404.113617 -320.000153 699.946167
v 393.269409 -370.117706 681.163879
v 380.873230 -418.774597 659.693359
v 366.974426 -465.778748 635.619507
v 351.627136 -510.944672 609.036987
v 334.891998 -554.094177 580.051208
v 316.835175 -595.056824 548.775879
v 297.528198 -633.671143 515.334839
v 277.046661 -669.784607 479.859985
v 255.472092 -703.254761 442.491608
v 232.889130 -733.949463 403.376831
v 209.386902 -761.747620 362.669678
v 185.058563 -786.539490 320.531799
v 159.999832 -808.227234 277.128784
v 134.309509 -826.725342 232.631943
v 108.089417 -841.960693 187.217194
v 81.442535 -853.873169 141.063507
v 54.474171 -862.415894 94.352913
v 27.290974 -867.554932 47.270241
v 24.780081 867.554871 48.634541
v 49.461891 862.415771 97.075325
v 73.948639 853.873047 145.133240
v 98.143433 841.960510 192.618301
v 121.950768 826.725098 239.343033
v 145.277054 808.226990 285.123291
v 168.029984 786.539185 329.778290
v 190.119537 761.747253 373.131805
v 211.459229 733.949097 415.013031
v 231.963974 703.254333 455.256012
v 251.553329 669.784119 493.702393
v 270.150238 633.670654 530.200562
v 287.680542 595.056335 564.606079
v 304.075897 554.093567 596.783569
v 319.270813 510.944031 626.605408
v 333.206055 465.778107 653.954834
v 345.825958 418.773956 678.722839
v 357.081238 370.117096 700.812683
v 366.927643 319.999512 720.136963
v 375.325287 268.619049 736.618408
v 382.241943 216.178452 750.193359
v 387.650055 162.884720 760.807495
v 391.528351 108.948151 768.419128
v 393.861664 54.581604 772.998230
v 394.640137 -0.000349 774.526123
v 393.861664 -54.582298 772.998230
v 391.528381 -108.948837 768.419006
v 387.649963 -162.885406 760.807251
v 382.241882 -216.179138 750.193298
v 375.325256 -268.619720 736.618286
v 366.927521 -320.000153 720.136536
v 357.081116 -370.117706 700.812500
v 345.825623 -418.774597 678.722656
v 333.205780 -465.778748 653.954407
v 319.270752 -510.944672 626.605042
v 304.075562 -554.094177 596.783142
v 287.680298 -595.056824 564.605591
v 270.149933 -633.671143 530.200012
v 251.553101 -669.784607 493.701813
v 231.963821 -703.254761 455.255554
v 211.458908 -733.949463 415.012512
v 190.119324 -761.747620 373.131104
v 168.029663 -786.539490 329.777710
v 145.276794 -808.227234 285.122711
v 121.950478 -826.725342 239.342331
v 98.143127 -841.960693 192.617584
v 73.948273 -853.873169 145.132553
v 49.461514 -862.415894 97.074562
v 24.779684 -867.554932 48.633759
v 22.200830 867.554871 49.864780
v 44.313622 862.415771 99.530922
v 66.251656 853.873047 148.804504
v 87.928108 841.960510 197.490753
v 109.257431 826.725098 245.397415
v 130.155792 808.226990 292.335724
v 150.540497 786.539185 338.120331
v 170.330826 761.747253 382.570526
v 189.449371 733.949097 425.511169
v 207.819870 703.254333 466.772156
v 225.370224 669.784119 506.191071
v 242.031509 633.670654 543.612488
v 257.737122 595.056335 578.888367
v 272.425964 554.093567 611.879822
v 286.039307 510.944031 642.455994
v 298.524109 465.778107 670.497253
v 309.830414 418.773956 695.891785
v 319.914215 370.117096 718.540466
v 328.735748 319.999512 738.353516
v 336.259338 268.619049 755.251953
v 342.456055 216.178452 769.170227
v 347.301270 162.884720 780.052856
v 350.775818 108.948151 787.857056
v 352.866333 54.581604 792.551880
v 353.563782 -0.000349 794.118530
v 352.866333 -54.582298 792.551880
v 350.775909 -108.948837 787.856934
v 347.301178 -162.885406 780.052551
v 342.455994 -216.179138 769.170166
v 336.259338 -268.619720 755.251770
v 328.735657 -320.000153 738.353149
v 319.914124 -370.117706 718.540222
v 309.830139 -418.774597 695.891541
v 298.523865 -465.778748 670.496765
v 286.039276 -510.944672 642.455627
v 272.425659 -554.094177 611.879333
v 257.736908 -595.056824 578.887878
v 242.031219 -633.671143 543.611938
v 225.370056 -669.784607 506.190460
v 207.819748 -703.254761 466.771667
v 189.449081 -733.949463 425.510620
v 170.330643 -761.747620 382.569824
v 150.540207 -786.539490 338.119720
v 130.155579 -808.227234 292.335144
v 109.257187 -826.725342 245.396713
v 87.927849 -841.960693 197.490005
v 66.251320 -853.873169 148.803787
v 44.313290 -862.415894 99.530128
v 22.200478 -867.554932 49.863972
v 19.560730 867.554871 50.958340
v 39.043896 862.415771 101.713715
v 58.373077 853.873047 152.067917
v 77.471786 841.960510 201.821899
v 96.264626 826.725098 250.779175
v 114.677803 808.226990 298.746887
v 132.638382 786.539185 345.535645
v 150.075241 761.747253 390.960632
v 166.920258 733.949097 434.843018
v 183.106140 703.254333 477.008850
v 198.569397 669.784119 517.292297
v 213.249390 633.670654 555.534424
v 227.087250 595.056335 591.583923
v 240.029343 554.093567 625.298950
v 252.023788 510.944031 656.545654
v 263.023926 465.778107 685.201904
v 272.985657 418.773956 711.153381
v 281.870331 370.117096 734.298767
v 289.642822 319.999512 754.546326
v 296.271698 268.619049 771.815308
v 301.731506 216.178452 786.038879
v 306.000549 162.884720 797.160156
v 309.061890 108.948151 805.135437
v 310.903839 54.581604 809.933289
v 311.518311 -0.000349 811.534363
v 310.903839 -54.582298 809.933289
v 309.061981 -108.948837 805.135376
v 306.000458 -162.885406 797.159912
v 301.731445 -216.179138 786.038818
v 296.271698 -268.619720 771.815186
v 289.642761 -320.000153 754.545959
v 281.870239 -370.117706 734.298462
v 272.985413 -418.774597 711.153076
v 263.023712 -465.778748 685.201416
v 252.023773 -510.944672 656.545288
v 240.029053 -554.094177 625.298401
v 227.087067 -595.056824 591.583435
v 213.249130 -633.671143 555.533875
v 198.569290 -669.784607 517.291687
v 183.106033 -703.254761 477.008392
v 166.919998 -733.949463 434.842468
v 150.075104 -761.747620 390.959930
v 132.638107 -786.539490 345.535004
v 114.677620 -808.227234 298.746307
v 96.264420 -826.725342 250.778473
v 77.471558 -841.960693 201.821136
v 58.372780 -853.873169 152.067184
v 39.043598 -862.415894 101.712906
v 19.560421 -867.554932 50.957520
v 16.867016 867.554871 51.912231
v 33.667149 862.415771 103.617722
v 50.334507 853.873047 154.914520
v 66.803108 841.960510 205.599854
v 83.007973 826.725098 255.473572
v 98.885483 808.226990 304.339264
v 114.372711 786.539185 352.003876
v 129.408310 761.747253 398.279144
v 143.933609 733.949097 442.983032
v 157.890533 703.254333 485.938171
v 171.224335 669.784119 526.975647
v 183.882751 633.670654 565.933716
v 195.814972 595.056335 602.658020
v 206.974823 554.093567 637.004089
v 217.317505 510.944031 668.835754
v 226.802826 465.778107 698.028442
v 235.392715 418.773956 724.465637
v 243.053879 370.117096 748.044373
v 249.756012 319.999512 768.671021
v 255.472015 268.619049 786.263245
v 260.179932 216.178452 800.753113
v 263.861084 162.884720 812.082458
v 266.500824 108.948151 820.207031
v 268.089142 54.581604 825.094788
v 268.619019 -0.000349 826.725708
v 268.089142 -54.582298 825.094788
v 266.500916 -108.948837 820.206970
v 263.861023 -162.885406 812.082214
v 260.179901 -216.179138 800.753052
v 255.472046 -268.619720 786.263062
v 249.755951 -320.000153 768.670593
v 243.053802 -370.117706 748.044067
v 235.392456 -418.774597 724.465393
v 226.802643 -465.778748 698.028015
v 217.317490 -510.944672 668.835388
v 206.974564 -554.094177 637.003601
v 195.814819 -595.056824 602.657471
v 183.882523 -633.671143 565.933105
v 171.224243 -669.784607 526.975037
v 157.890457 -703.254761 485.937714
v 143.933395 -733.949463 442.982422
v 129.408203 -761.747620 398.278412
v 114.372467 -786.539490 352.003204
v 98.885330 -808.227234 304.338654
v 83.007805 -826.725342 255.472870
v 66.802917 -841.960693 205.599091
v 50.334248 -853.873169 154.913773
v 33.666897 -862.415894 103.616898
v 16.866749 -867.554932 51.911392
v 14.127070 867.554871 52.723839
v 28.198124 862.415771 105.237717
v 42.157974 853.873047 157.336517
v 55.951332 841.960510 208.814301
v 69.523804 826.725098 259.467743
v 82.822113 808.226990 309.097443
v 95.793556 786.539185 357.507233
v 108.386681 761.747253 404.506012
v 120.552460 733.949097 449.908875
v 132.242157 703.254333 493.535553
v 143.409958 669.784119 535.214661
v 154.012100 633.670654 574.781799
v 164.005966 595.056335 612.080200
v 173.352997 554.093567 646.963379
v 182.015549 510.944031 679.292664
v 189.960068 465.778107 708.941772
v 197.154556 418.773956 735.792297
v 203.571198 370.117096 759.739624
v 209.184631 319.999512 780.688782
v 213.972107 268.619049 798.556091
v 217.915237 216.178452 813.272400
v 220.998413 162.884720 824.778992
v 223.209335 108.948151 833.030518
v 224.539673 54.581604 837.994629
v 224.983444 -0.000349 839.651123
v 224.539673 -54.582298 837.994629
v 223.209412 -108.948837 833.030518
v 220.998337 -162.885406 824.778748
v 217.915176 -216.179138 813.272339
v 213.972137 -268.619720 798.555908
v 209.184601 -320.000153 780.688354
v 203.571136 -370.117706 759.739380
v 197.154312 -418.774597 735.791992
v 189.959900 -465.778748 708.941345
v 182.015564 -510.944672 679.292297
v 173.352753 -554.094177 646.962769
v 164.005844 -595.056824 612.079712
v 154.011917 -633.671143 574.781189
v 143.409882 -669.784607 535.214050
v 132.242111 -703.254761 493.535034
v 120.552269 -733.949463 449.908203
v 108.386620 -761.747620 404.505280
v 95.793343 -786.539490 357.506592
v 82.821999 -808.227234 309.096832
v 69.523666 -826.725342 259.467041
v 55.951183 -841.960693 208.813522
v 42.157753 -853.873169 157.335770
v 28.197916 -862.415894 105.236877
v 14.126846 -867.554932 52.722984
v 11.348403 867.554871 53.390938
v 22.651808 862.415771 106.569267
v 33.865887 853.873047 159.327255
v 44.946205 841.960510 211.456390
v 55.849068 826.725098 262.750763
v 66.531738 808.226990 313.008392
v 76.951828 786.539185 362.030731
v 87.067978 761.747253 409.624146
v 96.840881 733.949097 455.601471
v 106.231316 703.254333 499.780212
v 115.202492 669.784119 541.986633
v 123.719337 633.670654 582.054443
v 131.747452 595.056335 619.824768
v 139.256027 554.093567 655.149292
v 146.214722 510.944031 687.887634
v 152.596634 465.778107 717.911926
v 158.376022 418.773956 745.102173
v 163.530563 370.117096 769.352539
v 168.039886 319.999512 790.566772
v 171.885712 268.619049 808.660095
v 175.053238 216.178452 823.562622
v 177.529999 162.884720 835.214783
v 179.306030 108.948151 843.570740
v 180.374725 54.581604 848.597656
v 180.731216 -0.000349 850.275085
v 180.374725 -54.582298 848.597656
v 179.306107 -108.948837 843.570740
v 177.529938 -162.885406 835.214539
v 175.053207 -216.179138 823.562561
v 171.885757 -268.619720 808.659973
v 168.039886 -320.000153 790.566345
v 163.530518 -370.117706 769.352234
v 158.375778 -418.774597 745.101868
v 152.596512 -465.778748 717.911438
v 146.214752 -510.944672 687.887268
v 139.255814 -554.094177 655.148682
v 131.747345 -595.056824 619.824280
v 123.719162 -633.671143 582.053833
v 115.202469 -669.784607 541.986023
v 106.231285 -703.254761 499.779694
v 96.840714 -733.949463 455.600830
v 87.067955 -761.747620 409.623413
v 76.951653 -786.539490 362.030060
v 66.531654 -808.227234 313.007782
v 55.848972 -826.725342 262.750061
v 44.946095 -841.960693 211.455612
v 33.865707 -853.873169 159.326508
v 22.651646 -862.415894 106.568420
v 11.348227 -867.554932 53.390072
v 8.538632 867.554871 53.911694
v 17.043407 862.415771 107.608719
v 25.480976 853.873047 160.881317
v 33.817883 841.960510 213.518890
v 42.021263 826.725098 265.313568
v 50.059010 808.226990 316.061432
v 57.899181 786.539185 365.561920
v 65.510628 761.747253 413.619537
v 72.863869 733.949097 460.045319
v 79.929298 703.254333 504.654938
v 86.679260 669.784119 547.273071
v 93.087440 633.670654 587.731689
v 99.127823 595.056335 625.870422
v 104.777351 554.093567 661.539551
v 110.013130 510.944031 694.597229
v 114.814957 465.778107 724.914368
v 119.163376 418.773956 752.369751
v 123.041702 370.117096 776.856689
v 126.434570 319.999512 798.277771
v 129.328201 268.619049 816.547607
v 131.711441 216.178452 831.595520
v 133.574982 162.884720 843.361328
v 134.911255 108.948151 851.798828
v 135.715408 54.581604 856.874756
v 135.983612 -0.000349 858.568542
v 135.715408 -54.582298 856.874756
v 134.911346 -108.948837 851.798767
v 133.574936 -162.885406 843.361084
v 131.711426 -216.179138 831.595520
v 129.328247 -268.619720 816.547485
v 126.434593 -320.000153 798.277405
v 123.041649 -370.117706 776.856445
v 119.163162 -418.774597 752.369446
v 114.814842 -465.778748 724.913879
v 110.013184 -510.944672 694.596863
v 104.777176 -554.094177 661.538940
v 99.127747 -595.056824 625.869934
v 93.087311 -633.671143 587.731140
v 86.679268 -669.784607 547.272461
v 79.929298 -703.254761 504.654419
v 72.863739 -733.949463 460.044708
v 65.510635 -761.747620 413.618835
v 57.899040 -786.539490 365.561249
v 50.058960 -808.227234 316.060791
v 42.021206 -826.725342 265.312866
v 33.817814 -841.960693 213.518112
v 25.480837 -853.873169 160.880539
v 17.043287 -862.415894 107.607864
v 8.538501 -867.554932 53.910824
v 5.705457 867.554871 54.284687
v 11.388291 862.415771 108.353226
v 17.026224 853.873047 161.994400
v 22.596867 841.960510 214.996155
v 28.078281 826.725098 267.149200
v 33.449078 808.226990 318.248138
v 38.687843 786.539185 368.091125
v 43.773712 761.747253 416.481262
v 48.687141 733.949097 463.228210
v 53.408203 703.254333 508.146484
v 57.918449 669.784119 551.059509
v 62.200413 633.670654 591.798035
v 66.236488 595.056335 630.200623
v 70.011490 554.093567 666.116516
v 73.509987 510.944031 699.402893
v 76.718567 465.778107 729.929810
v 79.624123 418.773956 757.575134
v 82.215591 370.117096 782.231506
v 84.482704 319.999512 803.800842
v 86.416199 268.619049 822.197083
v 88.008621 216.178452 837.349121
v 89.253845 162.884720 849.196289
v 90.146706 108.948151 857.692139
v 90.684105 54.581604 862.803223
v 90.863281 -0.000349 864.508667
v 90.684105 -54.582298 862.803223
v 90.146797 -108.948837 857.692078
v 89.253807 -162.885406 849.195984
v 88.008598 -216.179138 837.349060
v 86.416267 -268.619720 822.196960
v 84.482750 -320.000153 803.800415
v 82.215553 -370.117706 782.231262
v 79.623917 -418.774597 757.574829
v 76.718475 -465.778748 729.929321
v 73.510063 -510.944672 699.402588
v 70.011337 -554.094177 666.115967
v 66.236443 -595.056824 630.200073
v 62.200314 -633.671143 591.797485
v 57.918488 -669.784607 551.058838
v 53.408230 -703.254761 508.145966
v 48.687042 -733.949463 463.227600
v 43.773766 -761.747620 416.480530
v 38.687737 -786.539490 368.090454
v 33.449055 -808.227234 318.247528
v 28.078262 -826.725342 267.148438
v 22.596838 -841.960693 214.995377
v 17.026125 -853.873169 161.993622
v 11.388216 -862.415894 108.352364
v 5.705372 -867.554932 54.283810
v 2.856644 867.554871 54.508892
v 5.701962 862.415771 108.800743
v 8.524807 853.873047 162.663467
v 11.313914 841.960510 215.884140
v 14.058339 826.725098 268.252563
v 16.747459 808.226990 319.562592
v 19.370470 786.539185 369.611389
v 21.916822 761.747253 418.201416
v 24.376970 733.949097 465.141449
v 26.740721 703.254333 510.245239
v 28.998894 669.784119 553.335510
v 31.142900 633.670654 594.242310
v 33.163605 595.056335 632.803528
v 35.053738 554.093567 668.867798
v 36.805374 510.944031 702.291565
v 38.411900 465.778107 732.944641
v 39.866623 418.773956 760.704041
v 41.164131 370.117096 785.462280
v 42.299286 319.999512 807.120728
v 43.267345 268.619049 825.592957
v 44.064587 216.178452 840.807556
v 44.688072 162.884720 852.703674
v 45.135067 108.948151 861.234558
v 45.404240 54.581604 866.366760
v 45.493912 -0.000349 868.079285
v 45.404240 -54.582298 866.366760
v 45.135162 -108.948837 861.234497
v 44.688046 -162.885406 852.703369
v 44.064571 -216.179138 840.807495
v 43.267418 -268.619720 825.592773
v 42.299351 -320.000153 807.120361
v 41.164104 -370.117706 785.462036
v 39.866432 -418.774597 760.703735
v 38.411831 -465.778748 732.944092
v 36.805458 -510.944672 702.291260
v 35.053619 -554.094177 668.867249
v 33.163589 -595.056824 632.802979
v 31.142832 -633.671143 594.241699
v 28.998964 -669.784607 553.334900
v 26.740774 -703.254761 510.244720
v 24.376905 -733.949463 465.140808
v 21.916910 -761.747620 418.200684
v 19.370399 -786.539490 369.610718
v 16.747473 -808.227234 319.561951
v 14.058358 -826.725342 268.251831
v 11.313928 -841.960693 215.883347
v 8.524747 -853.873169 162.662674
v 5.701931 -862.415894 108.799889
v 2.856605 -867.554932 54.508011
v 0.000002 867.554871 54.583698
v 0.000003 862.415771 108.950050
v 0.000022 853.873047 162.886703
v -0.000047 841.960510 216.180405
v -0.000136 826.725098 268.620697
v -0.000059 808.226990 320.001129
v 0.000004 786.539185 370.118622
v -0.000139 761.747253 418.775269
v -0.000014 733.949097 465.779785
v -0.000053 703.254333 510.945496
v -0.000147 669.784119 554.094849
v 0.000028 633.670654 595.057800
v -0.000176 595.056335 633.671936
v -0.000092 554.093567 669.785706
v -0.000128 510.944031 703.255371
v -0.000056 465.778107 733.950439
v -0.000144 418.773956 761.747986
v -0.000157 370.117096 786.540161
v -0.000076 319.999512 808.228394
v -0.000102 268.619049 826.725891
v -0.000225 216.178452 841.961426
v -0.000192 162.884720 853.873840
v -0.000280 108.948151 862.416443
v -0.000076 54.581604 867.555725
v -0.000153 -0.000349 869.270630
v -0.000076 -54.582298 867.555725
v -0.000183 -108.948837 862.416382
v -0.000202 -162.885406 853.873474
v -0.000238 -216.179138 841.961365
v -0.000021 -268.619720 826.725769
v 0.000009 -320.000153 808.227966
v -0.000170 -370.117706 786.539917
v -0.000319 -418.774597 761.747681
v -0.000095 -465.778748 733.949951
v -0.000024 -510.944672 703.255066
v -0.000179 -554.094177 669.785156
v -0.000166 -595.056824 633.671448
v -0.000011 -633.671143 595.057190
v -0.000043 -669.784607 554.094238
v 0.000028 -703.254761 510.944977
v -0.000047 -733.949463 465.779144
v -0.000013 -761.747620 418.774597
v -0.000034 -786.539490 370.117950
v -0.000014 -808.227234 320.000488
v -0.000076 -826.725342 268.619934
v 0.000007 -841.960693 216.179611
v 0.000004 -853.873169 162.885895
v 0.000017 -862.415894 108.949196
v 0.000009 -867.554932 54.582817
v -2.856641 867.554871 54.508892
v -5.701955 862.415771 108.800743
v -8.524762 853.873047 162.663467
v -11.314009 841.960510 215.884125
v -14.058611 826.725098 268.252533
v -16.747578 808.226990 319.562561
v -19.370462 786.539185 369.611359
v -21.917099 761.747253 418.201355
v -24.376999 733.949097 465.141449
v -26.740828 703.254333 510.245239
v -28.999186 669.784119 553.335510
v -31.142845 633.670654 594.242310
v -33.163956 595.056335 632.803528
v -35.053917 554.093567 668.867798
v -36.805622 510.944031 702.291565
v -38.412006 465.778107 732.944580
v -39.866905 418.773956 760.704041
v -41.164444 370.117096 785.462219
v -42.299435 319.999512 807.120728
v -43.267544 268.619049 825.592834
v -44.065033 216.178452 840.807495
v -44.688450 162.884720 852.703613
v -45.135620 108.948151 861.234497
v -45.404385 54.581604 866.366760
v -45.494217 -0.000349 868.079285
v -45.404385 -54.582298 866.366760
v -45.135521 -108.948837 861.234436
v -44.688438 -162.885406 852.703247
v -44.065044 -216.179138 840.807434
v -43.267460 -268.619720 825.592773
v -42.299328 -320.000153 807.120361
v -41.164444 -370.117706 785.461975
v -39.867062 -418.774597 760.703735
v -38.412018 -465.778748 732.944031
v -36.805504 -510.944672 702.291260
v -35.053974 -554.094177 668.867249
v -33.163918 -595.056824 632.802979
v -31.142851 -633.671143 594.241638
v -28.999048 -669.784607 553.334900
v -26.740721 -703.254761 510.244720
v -24.376999 -733.949463 465.140808
v -21.916935 -761.747620 418.200653
v -19.370464 -786.539490 369.610687
v -16.747501 -808.227234 319.561920
v -14.058513 -826.725342 268.251831
v -11.313913 -841.960693 215.883347
v -8.524738 -853.873169 162.662659
v -5.701896 -862.415894 108.799889
v -2.856588 -867.554932 54.508011
v -5.705454 867.554871 54.284687
v -11.388284 862.415771 108.353218
v -17.026180 853.873047 161.994385
v -22.596958 841.960510 214.996140
v -28.078547 826.725098 267.149139
v -33.449188 808.226990 318.248108
v -38.687832 786.539185 368.091064
v -43.773983 761.747253 416.481140
v -48.687168 733.949097 463.228210
v -53.408306 703.254333 508.146484
v -57.918739 669.784119 551.059509
v -62.200356 633.670654 591.798035
v -66.236839 595.056335 630.200623
v -70.011673 554.093567 666.116516
v -73.510239 510.944031 699.402832
v -76.718674 465.778107 729.929749
v -79.624397 418.773956 757.575012
v -82.215904 370.117096 782.231384
v -84.482857 319.999512 803.800781
v -86.416397 268.619049 822.196899
v -88.009064 216.178452 837.348999
v -89.254219 162.884720 849.196167
v -90.147247 108.948151 857.691956
v -90.684250 54.581604 862.803101
v -90.863586 -0.000349 864.508606
v -90.684250 -54.582298 862.803101
v -90.147148 -108.948837 857.691956
v -89.254196 -162.885406 849.195801
v -88.009071 -216.179138 837.348938
v -86.416306 -268.619720 822.196777
v -84.482727 -320.000153 803.800415
v -82.215889 -370.117706 782.231140
v -79.624535 -418.774597 757.574707
v -76.718658 -465.778748 729.929260
v -73.510101 -510.944672 699.402527
v -70.011696 -554.094177 666.115967
v -66.236778 -595.056824 630.200073
v -62.200329 -633.671143 591.797424
v -57.918571 -669.784607 551.058838
v -53.408169 -703.254761 508.145966
v -48.687134 -733.949463 463.227600
v -43.773785 -761.747620 416.480438
v -38.687801 -786.539490 368.090393
v -33.449078 -808.227234 318.247498
v -28.078411 -826.725342 267.148407
v -22.596823 -841.960693 214.995346
v -17.026114 -853.873169 161.993591
v -11.388181 -862.415894 108.352364
v -5.705355 -867.554932 54.283810
v -8.538629 867.554871 53.911690
v -17.043398 862.415771 107.608704
v -25.480932 853.873047 160.881287
v -33.817970 841.960510 213.518860
v -42.021523 826.725098 265.313507
v -50.059116 808.226990 316.061340
v -57.899162 786.539185 365.561829
v -65.510887 761.747253 413.619415
v -72.863892 733.949097 460.045258
v -79.929398 703.254333 504.654877
v -86.679543 669.784119 547.273010
v -93.087379 633.670654 587.731628
v -99.128166 595.056335 625.870361
v -104.777527 554.093567 661.539551
v -110.013359 510.944031 694.597046
v -114.815063 465.778107 724.914246
v -119.163635 418.773956 752.369507
v -123.042015 370.117096 776.856506
v -126.434715 319.999512 798.277771
v -129.328384 268.619049 816.547424
v -131.711853 216.178452 831.595398
v -133.575348 162.884720 843.361145
v -134.911774 108.948151 851.798523
v -135.715546 54.581604 856.874634
v -135.983887 -0.000349 858.568420
v -135.715546 -54.582298 856.874634
v -134.911667 -108.948837 851.798523
v -133.575302 -162.885406 843.360779
v -131.711868 -216.179138 831.595337
v -129.328278 -268.619720 816.547302
v -126.434555 -320.000153 798.277344
v -123.041992 -370.117706 776.856262
v -119.163757 -418.774597 752.369202
v -114.815010 -465.778748 724.913696
v -110.013206 -510.944672 694.596741
v -104.777519 -554.094177 661.538940
v -99.128082 -595.056824 625.869873
v -93.087326 -633.671143 587.731018
v -86.679344 -669.784607 547.272400
v -79.929230 -703.254761 504.654358
v -72.863831 -733.949463 460.044647
v -65.510651 -761.747620 413.618713
v -57.899097 -786.539490 365.561157
v -50.058975 -808.227234 316.060760
v -42.021351 -826.725342 265.312775
v -33.817795 -841.960693 213.518082
v -25.480824 -853.873169 160.880508
v -17.043251 -862.415894 107.607857
v -8.538483 -867.554932 53.910816
v -11.348398 867.554871 53.390930
v -22.651798 862.415771 106.569237
v -33.865841 853.873047 159.327225
v -44.946293 841.960510 211.456345
v -55.849327 826.725098 262.750641
v -66.531845 808.226990 313.008301
v -76.951790 786.539185 362.030640
v -87.068230 761.747253 409.623993
v -96.840897 733.949097 455.601349
v -106.231407 703.254333 499.780060
v -115.202751 669.784119 541.986572
v -123.719254 633.670654 582.054321
v -131.747787 595.056335 619.824646
v -139.256180 554.093567 655.149292
v -146.214935 510.944031 687.887451
v -152.596741 465.778107 717.911804
v -158.376251 418.773956 745.101868
v -163.530869 370.117096 769.352295
v -168.040009 319.999512 790.566650
v -171.885880 268.619049 808.659851
v -175.053635 216.178452 823.562500
v -177.530334 162.884720 835.214478
v -179.306519 108.948151 843.570435
v -180.374847 54.581604 848.597473
v -180.731476 -0.000349 850.274902
v -180.374847 -54.582298 848.597473
v -179.306412 -108.948837 843.570435
v -177.530273 -162.885406 835.214111
v -175.053650 -216.179138 823.562439
v -171.885773 -268.619720 808.659729
v -168.039841 -320.000153 790.566223
v -163.530838 -370.117706 769.352051
v -158.376358 -418.774597 745.101501
v -152.596664 -465.778748 717.911255
v -146.214767 -510.944672 687.887146
v -139.256134 -554.094177 655.148682
v -131.747681 -595.056824 619.824158
v -123.719162 -633.671143 582.053711
v -115.202515 -669.784607 541.985901
v -106.231209 -703.254761 499.779541
v -96.840797 -733.949463 455.600739
v -87.067955 -761.747620 409.623291
v -76.951698 -786.539490 362.029968
v -66.531670 -808.227234 313.007721
v -55.849113 -826.725342 262.749908
v -44.946072 -841.960693 211.455566
v -33.865692 -853.873169 159.326447
v -22.651606 -862.415894 106.568405
v -11.348207 -867.554932 53.390060
v -14.127064 867.554871 52.723827
v -28.198111 862.415771 105.237686
v -42.157917 853.873047 157.336472
v -55.951420 841.960510 208.814240
v -69.524048 826.725098 259.467621
v -82.822205 808.226990 309.097290
v -95.793503 786.539185 357.507141
v -108.386925 761.747253 404.505798
v -120.552460 733.949097 449.908722
v -132.242233 703.254333 493.535339
v -143.410202 669.784119 535.214478
v -154.012009 633.670654 574.781677
v -164.006302 595.056335 612.080017
v -173.353149 554.093567 646.963318
v -182.015747 510.944031 679.292419
v -189.960159 465.778107 708.941650
v -197.154770 418.773956 735.791931
v -203.571503 370.117096 759.739380
v -209.184723 319.999512 780.688660
v -213.972244 268.619049 798.555786
v -217.915604 216.178452 813.272217
v -220.998734 162.884720 824.778625
v -223.209808 108.948151 833.030151
v -224.539749 54.581604 837.994385
v -224.983688 -0.000349 839.650818
v -224.539749 -54.582298 837.994385
v -223.209702 -108.948837 833.030151
v -220.998657 -162.885406 824.778259
v -217.915619 -216.179138 813.272156
v -213.972137 -268.619720 798.555664
v -209.184540 -320.000153 780.688293
v -203.571457 -370.117706 759.739136
v -197.154861 -418.774597 735.791565
v -189.960068 -465.778748 708.941101
v -182.015564 -510.944672 679.292114
v -173.353073 -554.094177 646.962769
v -164.006180 -595.056824 612.079529
v -154.011902 -633.671143 574.781006
v -143.409943 -669.784607 535.213928
v -132.242004 -703.254761 493.534882
v -120.552330 -733.949463 449.908081
v -108.386612 -761.747620 404.505127
v -95.793373 -786.539490 357.506470
v -82.821999 -808.227234 309.096741
v -69.523796 -826.725342 259.466888
v -55.951160 -841.960693 208.813477
v -42.157734 -853.873169 157.335709
v -28.197874 -862.415894 105.236862
v -14.126827 -867.554932 52.722973
v 0.001641 874.123474 -0.014385
v -16.867006 867.554871 51.912216
v -33.667133 862.415771 103.617683
v -50.334450 853.873047 154.914474
v -66.803185 841.960510 205.599792
v -83.008209 826.725098 255.473419
v -98.885559 808.226990 304.339111
v -114.372635 786.539185 352.003723
v -129.408539 761.747253 398.278900
v -143.933594 733.949097 442.982880
v -157.890579 703.254333 485.937958
v -171.224564 669.784119 526.975464
v -183.882645 633.670654 565.933533
v -195.815277 595.056335 602.657715
v -206.974960 554.093567 637.004089
v -217.317657 510.944031 668.835449
v -226.802917 465.778107 698.028320
v -235.392868 418.773956 724.465271
v -243.054138 370.117096 748.044006
v -249.756088 319.999512 768.670837
v -255.472122 268.619049 786.262878
v -260.180267 216.178452 800.752808
v -263.861389 162.884720 812.082092
v -266.501282 108.948151 820.206604
v -268.089203 54.581604 825.094421
v -268.619232 -0.000349 826.725342
v -268.089203 -54.582298 825.094421
v -266.501190 -108.948837 820.206604
v -263.861267 -162.885406 812.081726
v -260.180298 -216.179138 800.752747
v -255.472015 -268.619720 786.262756
v -249.755875 -320.000153 768.670471
v -243.054077 -370.117706 748.043762
v -235.392944 -418.774597 724.464844
v -226.802795 -465.778748 698.027771
v -217.317474 -510.944672 668.835205
v -206.974869 -554.094177 637.003479
v -195.815125 -595.056824 602.657288
v -183.882492 -633.671143 565.932922
v -171.224289 -669.784607 526.974915
v -157.890320 -703.254761 485.937500
v -143.933426 -733.949463 442.982300
v -129.408188 -761.747620 398.278229
v -114.372482 -786.539490 352.003052
v -98.885315 -808.227234 304.338562
v -83.007919 -826.725342 255.472717
v -66.802887 -841.960693 205.599045
v -50.334225 -853.873169 154.913727
v -33.666855 -862.415894 103.616875
v -16.866728 -867.554932 51.911373
v -19.560719 867.554871 50.958321
v -39.043877 862.415771 101.713676
v -58.373020 853.873047 152.067856
v -77.471848 841.960510 201.821823
v -96.264847 826.725098 250.778976
v -114.677864 808.226990 298.746735
v -132.638290 786.539185 345.535522
v -150.075424 761.747253 390.960327
v -166.920212 733.949097 434.842865
v -183.106186 703.254333 477.008575
v -198.569626 669.784119 517.292053
v -213.249268 633.670654 555.534302
v -227.087524 595.056335 591.583618
v -240.029480 554.093567 625.298828
v -252.023926 510.944031 656.545288
v -263.024048 465.778107 685.201721
v -272.985809 418.773956 711.152893
v -281.870575 370.117096 734.298401
v -289.642853 319.999512 754.546143
v -296.271790 268.619049 771.814941
v -301.731812 216.178452 786.038513
v -306.000793 162.884720 797.159729
v -309.062317 108.948151 805.134888
v -310.903839 54.581604 809.932922
v -311.518494 -0.000349 811.533875
v -310.903839 -54.582298 809.932922
v -309.062195 -108.948837 805.134949
v -306.000671 -162.885406 797.159363
v -301.731842 -216.179138 786.038513
v -296.271637 -268.619720 771.814880
v -289.642639 -320.000153 754.545776
v -281.870514 -370.117706 734.298157
v -272.985840 -418.774597 711.152466
v -263.023895 -465.778748 685.201233
v -252.023712 -510.944672 656.545044
v -240.029343 -554.094177 625.298279
v -227.087357 -595.056824 591.583191
v -213.249069 -633.671143 555.533691
v -198.569305 -669.784607 517.291504
v -183.105896 -703.254761 477.008240
v -166.920013 -733.949463 434.842346
v -150.075058 -761.747620 390.959686
v -132.638092 -786.539490 345.534821
v -114.677589 -808.227234 298.746185
v -96.264519 -826.725342 250.778290
v -77.471512 -841.960693 201.821075
v -58.372753 -853.873169 152.067123
v -39.043556 -862.415894 101.712875
v -19.560396 -867.554932 50.957493
v -22.200817 867.554871 49.864758
v -44.313599 862.415771 99.530884
v -66.251587 853.873047 148.804443
v -87.928162 841.960510 197.490662
v -109.257622 826.725098 245.397156
v -130.155853 808.226990 292.335541
v -150.540390 786.539185 338.120239
v -170.330978 761.747253 382.570160
v -189.449326 733.949097 425.510986
v -207.819901 703.254333 466.771820
v -225.370407 669.784119 506.190765
v -242.031387 633.670654 543.612305
v -257.737366 595.056335 578.888000
v -272.426056 554.093567 611.879700
v -286.039398 510.944031 642.455627
v -298.524231 465.778107 670.497070
v -309.830505 418.773956 695.891235
v -319.914459 370.117096 718.540100
v -328.735718 319.999512 738.353333
v -336.259369 268.619049 755.251526
v -342.456329 216.178452 769.169861
v -347.301483 162.884720 780.052368
v -350.776184 108.948151 787.856323
v -352.866333 54.581604 792.551453
v -353.563904 -0.000349 794.118103
v -352.866333 -54.582298 792.551453
v -350.776093 -108.948837 787.856445
v -347.301361 -162.885406 780.052002
v -342.456329 -216.179138 769.169800
v -336.259247 -268.619720 755.251404
v -328.735504 -320.000153 738.352966
v -319.914368 -370.117706 718.539856
v -309.830536 -418.774597 695.890808
v -298.524017 -465.778748 670.496582
v -286.039154 -510.944672 642.455383
v -272.425903 -554.094177 611.879150
v -257.737152 -595.056824 578.887573
v -242.031143 -633.671143 543.611816
v -225.370071 -669.784607 506.190247
v -207.819580 -703.254761 466.771454
v -189.449081 -733.949463 425.510468
v -170.330582 -761.747620 382.569580
v -150.540161 -786.539490 338.119568
v -130.155548 -808.227234 292.335022
v -109.257263 -826.725342 245.396500
v -87.927788 -841.960693 197.489944
v -66.251289 -853.873169 148.803726
v -44.313236 -862.415894 99.530098
v -22.200453 -867.554932 49.863945
v -24.780066 867.554871 48.634518
v -49.461864 862.415771 97.075287
v -73.948578 853.873047 145.133179
v -98.143478 841.960510 192.618195
v -121.950935 826.725098 239.342728
v -145.277084 808.226990 285.123077
v -168.029877 786.539185 329.778168
v -190.119659 761.747253 373.131409
v -211.459152 733.949097 415.012848
v -231.963974 703.254333 455.255676
v -251.553467 669.784119 493.702087
v -270.150085 633.670654 530.200378
v -287.680756 595.056335 564.605713
v -304.075958 554.093567 596.783447
v -319.270874 510.944031 626.604980
v -333.206177 465.778107 653.954651
v -345.825958 418.773956 678.722290
v -357.081482 370.117096 700.812317
v -366.927551 319.999512 720.136719
v -375.325287 268.619049 736.618042
v -382.242157 216.178452 750.192932
v -387.650238 162.884720 760.806946
v -391.528625 108.948151 768.418335
v -393.861633 54.581604 772.997681
v -394.640259 -0.000349 774.525635
v -393.861633 -54.582298 772.997681
v -391.528503 -108.948837 768.418457
v -387.650085 -162.885406 760.806580
v -382.242188 -216.179138 750.192932
v -375.325165 -268.619720 736.617920
v -366.927338 -320.000153 720.136414
v -357.081329 -370.117706 700.812073
v -345.825958 -418.774597 678.721863
v -333.205933 -465.778748 653.954102
v -319.270630 -510.944672 626.604736
v -304.075775 -554.094177 596.782837
v -287.680511 -595.056824 564.605286
v -270.149841 -633.671143 530.199890
v -251.553131 -669.784607 493.701569
v -231.963654 -703.254761 455.255310
v -211.458893 -733.949463 415.012329
v -190.119232 -761.747620 373.130829
v -168.029602 -786.539490 329.777496
v -145.276764 -808.227234 285.122559
v -121.950531 -826.725342 239.342102
v -98.143066 -841.960693 192.617508
v -73.948242 -853.873169 145.132477
v -49.461460 -862.415894 97.074524
v -24.779659 -867.554932 48.633724
v -27.291388 867.554871 47.270973
v -54.474560 862.415771 94.353615
v -81.442871 853.873047 141.064102
v -108.089790 841.960510 187.217773
v -134.309967 826.725098 232.632278
v -160.000122 808.226990 277.129089
v -185.058807 786.539185 320.532196
v -209.387238 761.747253 362.669952
v -232.889389 733.949097 403.377136
v -255.472260 703.254333 442.491699
v -277.047028 669.784119 479.860138
v -297.528351 633.670654 515.335205
v -316.835602 595.056335 548.775879
v -334.892426 554.093567 580.051453
v -351.627228 510.944031 609.036865
v -366.974823 465.778107 635.619751
v -380.873566 418.773956 659.692932
v -393.269745 370.117096 681.163696
v -404.113678 319.999512 699.946289
v -413.362488 268.619049 715.965515
v -420.980316 216.178452 729.159790
v -426.936493 162.884720 739.476257
v -431.207886 108.948151 746.874207
v -433.777374 54.581604 751.325195
v -434.634888 -0.000349 752.810242
v -433.777374 -54.582298 751.325195
v -431.207794 -108.948837 746.874329
v -426.936340 -162.885406 739.475891
v -420.980347 -216.179138 729.159790
v -413.362335 -268.619720 715.965393
v -404.113434 -320.000153 699.945984
v -393.269592 -370.117706 681.163452
v -380.873535 -418.774597 659.692505
v -366.974548 -465.778748 635.619202
v -351.626953 -510.944672 609.036621
v -334.892212 -554.094177 580.050903
v -316.835358 -595.056824 548.775513
v -297.528076 -633.671143 515.334717
v -277.046661 -669.784607 479.859680
v -255.471939 -703.254761 442.491333
v -232.889114 -733.949463 403.376648
v -209.386780 -761.747620 362.669403
v -185.058487 -786.539490 320.531555
v -159.999771 -808.227234 277.128571
v -134.309540 -826.725342 232.631683
v -108.089333 -841.960693 187.217102
v -81.442497 -853.873169 141.063416
v -54.474113 -862.415894 94.352867
v -27.290941 -867.554932 47.270203
v -29.727909 867.554871 45.777870
v -59.337944 862.415771 91.373322
v -88.713936 853.873047 136.608383
v -117.739815 841.960510 181.304214
v -146.300888 826.725098 225.284195
v -174.284607 808.226990 268.375519
v -201.580490 786.539185 310.407654
v -228.080902 761.747253 351.214417
v -253.681305 733.949097 390.635834
v -278.280304 703.254333 428.514893
v -301.781219 669.784119 464.702942
v -324.091095 633.670654 499.057526
v -345.122040 595.056335 531.441895
v -364.790955 554.093567 561.729553
v -383.019806 510.944031 589.799438
v -399.737579 465.778107 615.542603
v -414.877167 418.773956 638.855469
v -428.380066 370.117096 659.648010
v -440.192139 319.999512 677.837341
v -450.266632 268.619049 693.350586
v -458.564575 216.178452 706.128113
v -465.052521 162.884720 716.118713
v -469.705261 108.948151 723.282898
v -472.504150 54.581604 727.593384
v -473.438232 -0.000349 729.031494
v -472.504150 -54.582298 727.593384
v -469.705139 -108.948837 723.283020
v -465.052338 -162.885406 716.118347
v -458.564606 -216.179138 706.128052
v -450.266541 -268.619720 693.350464
v -440.191895 -320.000153 677.837036
v -428.379913 -370.117706 659.647827
v -414.877136 -418.774597 638.855042
v -399.737305 -465.778748 615.542114
v -383.019501 -510.944672 589.799194
v -364.790710 -554.094177 561.729065
v -345.121796 -595.056824 531.441528
v -324.090790 -633.671143 499.057007
v -301.780853 -669.784607 464.702545
v -278.279968 -703.254761 428.514526
v -253.680984 -733.949463 390.635345
v -228.080414 -761.747620 351.213898
v -201.580139 -786.539490 310.407043
v -174.284225 -808.227234 268.375031
v -146.300430 -826.725342 225.283630
v -117.739334 -841.960693 181.303574
v -88.713524 -853.873169 136.607712
v -59.337460 -862.415894 91.372604
v -29.727423 -867.554932 45.777122
v -32.082947 867.554871 44.159290
v -64.038689 862.415771 88.142586
v -95.741829 853.873047 131.778229
v -127.067139 841.960510 174.893707
v -157.890793 826.725098 217.318634
v -188.091385 808.226990 258.886353
v -217.549652 786.539185 299.432343
v -246.149414 761.747253 338.796265
v -273.777893 733.949097 376.823822
v -300.325623 703.254333 413.363556
v -325.688263 669.784119 448.272064
v -349.765533 633.670654 481.411926
v -372.462524 595.056335 512.651306
v -393.689606 554.093567 541.868042
v -413.362549 510.944031 568.945435
v -431.404724 465.778107 593.778381
v -447.743622 418.773956 616.266968
v -462.316223 370.117096 636.324280
v -475.064117 319.999512 653.870544
v -485.936676 268.619049 668.835205
v -494.891998 216.178452 681.160950
v -501.893890 162.884720 690.798279
v -506.915192 108.948151 697.709167
v -509.935883 54.581604 701.867249
v -510.943878 -0.000349 703.254456
v -509.935883 -54.582298 701.867249
v -506.915100 -108.948837 697.709290
v -501.893677 -162.885406 690.797974
v -494.891998 -216.179138 681.160889
v -485.936554 -268.619720 668.835083
v -475.063843 -320.000153 653.870239
v -462.316071 -370.117706 636.324097
v -447.743561 -418.774597 616.266541
v -431.404419 -465.778748 593.777832
v -413.362244 -510.944672 568.945190
v -393.689331 -554.094177 541.867554
v -372.462219 -595.056824 512.650879
v -349.765198 -633.671143 481.411407
v -325.687866 -669.784607 448.271637
v -300.325256 -703.254761 413.363220
v -273.777557 -733.949463 376.823364
v -246.148895 -761.747620 338.795746
v -217.549286 -786.539490 299.431763
v -188.090988 -808.227234 258.885864
v -157.890320 -826.725342 217.318100
v -127.066635 -841.960693 174.893097
v -95.741394 -853.873169 131.777588
v -64.038162 -862.415894 88.141899
v -32.082424 -867.554932 44.158569
v -34.350048 867.554871 42.419678
v -68.563904 862.415771 84.670265
v -102.507309 853.873047 126.586884
v -136.046173 841.960510 168.003845
v -169.047943 826.725098 208.757446
v -201.382629 808.226990 248.687576
v -232.922501 786.539185 287.636292
v -263.543243 761.747253 325.449463
v -293.124054 733.949097 361.978973
v -321.547760 703.254333 397.079224
v -348.702576 669.784119 430.612518
v -374.481293 633.670654 462.446838
v -398.782104 595.056335 492.455566
v -421.509186 554.093567 520.521301
v -442.572327 510.944031 546.531982
v -461.889374 465.778107 570.386597
v -479.382904 418.773956 591.989258
v -494.985168 370.117096 611.256470
v -508.633942 319.999512 628.111511
v -520.274780 268.619049 642.486633
v -529.862915 216.178452 654.326782
v -537.359558 162.884720 663.584473
v -542.735779 108.948151 670.223083
v -545.969910 54.581604 674.217407
v -547.049072 -0.000349 675.549927
v -545.969910 -54.582298 674.217407
v -542.735657 -108.948837 670.223206
v -537.359314 -162.885406 663.584167
v -529.862915 -216.179138 654.326782
v -520.274719 -268.619720 642.486511
v -508.633667 -320.000153 628.111206
v -494.985016 -370.117706 611.256348
v -479.382782 -418.774597 591.988831
v -461.889069 -465.778748 570.386108
v -442.571960 -510.944672 546.531738
v -421.508881 -554.094177 520.520813
v -398.781799 -595.056824 492.455139
v -374.480927 -633.671143 462.446320
v -348.702179 -669.784607 430.612122
v -321.547363 -703.254761 397.078918
v -293.123718 -733.949463 361.978516
v -263.542694 -761.747620 325.449005
v -232.922119 -786.539490 287.635742
v -201.382202 -808.227234 248.687149
v -169.047440 -826.725342 208.756927
v -136.045639 -841.960693 168.003250
v -102.506844 -853.873169 126.586266
v -68.563347 -862.415894 84.669601
v -34.349487 -867.554932 42.418987
v -36.522999 867.554871 40.563801
v -72.901192 862.415771 80.965866
v -108.991829 853.873047 121.048592
v -144.652313 841.960510 160.653503
v -179.741730 826.725098 199.624054
v -214.121887 808.226990 237.807205
v -247.656952 786.539185 275.051880
v -280.214722 761.747253 311.210663
v -311.666779 733.949097 346.141968
v -341.888550 703.254333 379.706512
v -370.761139 669.784119 411.772675
v -398.170593 633.670654 442.214233
v -424.008667 595.056335 470.910004
v -448.173462 554.093567 497.747864
v -470.569031 510.944031 522.620544
v -491.108063 465.778107 545.431519
v -509.708221 418.773956 566.088989
v -526.297424 370.117096 584.513184
v -540.809631 319.999512 600.630859
v -553.186890 268.619049 614.377014
v -563.381531 216.178452 625.699158
v -571.352417 162.884720 634.551819
v -577.068665 108.948151 640.899963
v -580.507385 54.581604 644.719543
v -581.654846 -0.000349 645.993774
v -580.507385 -54.582298 644.719543
v -577.068542 -108.948837 640.900085
v -571.352112 -162.885406 634.551514
v -563.381531 -216.179138 625.699097
v -553.186768 -268.619720 614.376892
v -540.809326 -320.000153 600.630554
v -526.297241 -370.117706 584.513123
v -509.708069 -418.774597 566.088562
v -491.107727 -465.778748 545.431030
v -470.568665 -510.944672 522.620300
v -448.173096 -554.094177 497.747375
v -424.008362 -595.056824 470.909637
v -398.170197 -633.671143 442.213715
v -370.760742 -669.784607 411.772308
v -341.888153 -703.254761 379.706238
v -311.666412 -733.949463 346.141510
v -280.214142 -761.747620 311.210205
v -247.656540 -786.539490 275.051361
v -214.121445 -808.227234 237.806793
v -179.741196 -826.725342 199.623566
v -144.651764 -841.960693 160.652939
v -108.991318 -853.873169 121.047981
v -72.900604 -862.415894 80.965233
v -36.522400 -867.554932 40.563137
v -38.595840 867.554871 38.596741
v -77.038666 862.415771 77.039551
v -115.177597 853.873047 115.178505
v -152.861969 841.960510 152.862808
v -189.942856 826.725098 189.943527
v -226.274261 808.226990 226.275040
v -261.712585 786.539185 261.713531
v -296.118134 761.747253 296.118835
v -329.355286 733.949097 329.356201
v -361.292236 703.254333 361.293091
v -391.803497 669.784119 391.804199
v -420.768555 633.670654 420.769562
v -448.073059 595.056335 448.073730
v -473.609283 554.093567 473.610107
v -497.275909 510.944031 497.276611
v -518.980713 465.778107 518.981384
v -538.636475 418.773956 538.637085
v -556.167114 370.117096 556.167847
v -571.502991 319.999512 571.503967
v -584.582703 268.619049 584.583435
v -595.355957 216.178452 595.356506
v -603.779175 162.884720 603.779968
v -609.819824 108.948151 609.820190
v -613.453796 54.581604 613.454529
v -614.666382 -0.000349 614.666992
v -613.453796 -54.582298 613.454529
v -609.819763 -108.948837 609.820374
v -603.778931 -162.885406 603.779602
v -595.355957 -216.179138 595.356445
v -584.582581 -268.619720 584.583313
v -571.502625 -320.000153 571.503601
v -556.166992 -370.117706 556.167786
v -538.636230 -418.774597 538.636658
v -518.980286 -465.778748 518.980957
v -497.275543 -510.944672 497.276398
v -473.608917 -554.094177 473.609650
v -448.072693 -595.056824 448.073364
v -420.768158 -633.671143 420.769043
v -391.803040 -669.784607 391.803864
v -361.291840 -703.254761 361.292816
v -329.354889 -733.949463 329.355743
v -296.117523 -761.747620 296.118408
v -261.712158 -786.539490 261.713043
v -226.273788 -808.227234 226.274643
v -189.942307 -826.725342 189.943054
v -152.861374 -841.960693 152.862274
v -115.177055 -853.873169 115.177933
v -77.038040 -862.415894 77.038948
v -38.595211 -867.554932 38.596111
v -40.562893 867.554871 36.523895
v -80.964981 862.415771 72.902077
v -121.047668 853.873047 108.992722
v -160.652649 841.960510 144.653137
v -199.623367 826.725098 179.742355
v -237.806427 808.226990 214.122665
v -275.050903 786.539185 247.657883
v -311.209900 761.747253 280.215393
v -346.141022 733.949097 311.667664
v -379.705658 703.254333 341.889343
v -411.771942 669.784119 370.761841
v -442.213257 633.670654 398.171570
v -470.909271 595.056335 424.009308
v -497.747040 554.093567 448.174225
v -522.619812 510.944031 470.569733
v -545.430725 465.778107 491.108795
v -566.088257 418.773956 509.708832
v -584.512390 370.117096 526.298096
v -600.629883 319.999512 540.810547
v -614.376221 268.619049 553.187561
v -625.698486 216.178452 563.382080
v -634.551025 162.884720 571.353088
v -640.899597 108.948151 577.068970
v -644.718811 54.581604 580.508118
v -645.993103 -0.000349 581.655396
v -644.718811 -54.582298 580.508118
v -640.899536 -108.948837 577.069153
v -634.550720 -162.885406 571.352783
v -625.698486 -216.179138 563.382019
v -614.376099 -268.619720 553.187500
v -600.629517 -320.000153 540.810242
v -584.512268 -370.117706 526.298096
v -566.088074 -418.774597 509.708405
v -545.430298 -465.778748 491.108337
v -522.619446 -510.944672 470.569519
v -497.746613 -554.094177 448.173828
v -470.908905 -595.056824 424.008972
v -442.212799 -633.671143 398.171082
v -411.771484 -669.784607 370.761505
v -379.705231 -703.254761 341.889130
v -346.140625 -733.949463 311.667267
v -311.209320 -761.747620 280.214996
v -275.050446 -786.539490 247.657425
v -237.805939 -808.227234 214.122284
v -199.622787 -826.725342 179.741928
v -160.652023 -841.960693 144.652634
v -121.047104 -853.873169 108.992188
v -80.964325 -862.415894 72.901512
v -40.562233 -867.554932 36.523300
v -42.418766 867.554871 34.350941
v -84.669365 862.415771 68.564789
v -126.585968 853.873047 102.508202
v -168.002975 841.960510 136.046982
v -208.756714 826.725098 169.048553
v -248.686783 808.226990 201.383377
v -287.635315 786.539185 232.923416
v -325.448669 761.747253 263.543884
v -361.977997 733.949097 293.124908
v -397.078339 703.254333 321.548523
v -430.611755 669.784119 348.703247
v -462.445831 633.670654 374.482239
v -492.454803 595.056335 398.782715
v -520.520447 554.093567 421.509918
v -546.531189 510.944031 442.573029
v -570.385803 465.778107 461.890106
v -591.988525 418.773956 479.383514
v -611.255615 370.117096 494.985779
v -628.110535 319.999512 508.634796
v -642.485779 268.619049 520.275452
v -654.326111 216.178452 529.863464
v -663.583618 162.884720 537.360229
v -670.222717 108.948151 542.736023
v -674.216675 54.581604 545.970581
v -675.549194 -0.000349 547.049622
v -674.216675 -54.582298 545.970581
v -670.222656 -108.948837 542.736145
v -663.583374 -162.885406 537.359924
v -654.326111 -216.179138 529.863403
v -642.485596 -268.619720 520.275391
v -628.110168 -320.000153 508.634552
v -611.255432 -370.117706 494.985779
v -591.988281 -418.774597 479.383118
v -570.385437 -465.778748 461.889679
v -546.530823 -510.944672 442.572845
v -520.519958 -554.094177 421.509521
v -492.454376 -595.056824 398.782410
v -462.445312 -633.671143 374.481781
v -430.611267 -669.784607 348.702911
v -397.077911 -703.254761 321.548309
v -361.977600 -733.949463 293.124512
v -325.448059 -761.747620 263.543549
v -287.634827 -786.539490 232.922974
v -248.686295 -808.227234 201.383026
v -208.756119 -826.725342 169.048141
v -168.002335 -841.960693 136.046509
v -126.585373 -853.873169 102.507690
v -84.668686 -862.415894 68.564255
v -42.418072 -867.554932 34.350380
v -44.158371 867.554871 32.083836
v -88.141685 862.415771 64.039566
v -131.777298 853.873047 95.742722
v -174.892838 841.960510 127.067940
v -217.317886 826.725098 157.891388
v -258.885498 808.226990 188.092133
v -299.431335 786.539185 217.550522
v -338.795410 761.747253 246.150009
v -376.822845 733.949097 273.778717
v -413.362671 703.254333 300.326385
v -448.271271 669.784119 325.688873
v -481.410889 633.670654 349.766479
v -512.650513 595.056335 372.463104
v -541.867188 554.093567 393.690277
v -568.944580 510.944031 413.363281
v -593.777527 465.778107 431.405426
v -616.266113 418.773956 447.744232
v -636.323425 370.117096 462.316742
v -653.869568 319.999512 475.064941
v -668.834290 268.619049 485.937347
v -681.160156 216.178452 494.892517
v -690.797424 162.884720 501.894470
v -697.708740 108.948151 506.915466
v -701.866455 54.581604 509.936554
v -703.253723 -0.000349 510.944366
v -701.866455 -54.582298 509.936554
v -697.708679 -108.948837 506.915619
v -690.797119 -162.885406 501.894196
v -681.160156 -216.179138 494.892456
v -668.834167 -268.619720 485.937225
v -653.869202 -320.000153 475.064728
v -636.323242 -370.117706 462.316772
v -616.265869 -418.774597 447.743835
v -593.777100 -465.778748 431.405029
v -568.944275 -510.944672 413.363098
v -541.866699 -554.094177 393.689941
v -512.650085 -595.056824 372.462830
v -481.410370 -633.671143 349.766022
v -448.270752 -669.784607 325.688568
v -413.362183 -703.254761 300.326202
v -376.822418 -733.949463 273.778320
v -338.794800 -761.747620 246.149704
v -299.430847 -786.539490 217.550110
v -258.884979 -808.227234 188.091812
v -217.317276 -826.725342 157.891006
v -174.892166 -841.960693 127.067497
v -131.776672 -853.873169 95.742249
v -88.140976 -862.415894 64.039070
v -44.157650 -867.554932 32.083313
v -45.776943 867.554871 29.728796
v -91.372421 862.415771 59.338818
v -136.607437 853.873047 88.714813
v -181.303314 841.960510 117.740608
v -225.283386 826.725098 146.301468
v -268.374634 808.226990 174.285324
v -310.406647 786.539185 201.581345
v -351.213501 761.747253 228.081482
v -390.634827 733.949097 253.682129
v -428.513977 703.254333 278.281036
v -464.702118 669.784119 301.781799
v -499.056427 633.670654 324.092041
v -531.441101 595.056335 345.122589
v -561.728638 554.093567 364.791626
v -589.798584 510.944031 383.020508
v -615.541748 465.778107 399.738281
v -638.854553 418.773956 414.877747
v -659.647095 370.117096 428.380524
v -677.836365 319.999512 440.192993
v -693.349609 268.619049 450.267303
v -706.127258 216.178452 458.565125
v -716.117798 162.884720 465.053040
v -723.282349 108.948151 469.705505
v -727.592529 54.581604 472.504822
v -729.030579 -0.000349 473.438660
v -727.592529 -54.582298 472.504822
v -723.282349 -108.948837 469.705658
v -716.117432 -162.885406 465.052795
v -706.127258 -216.179138 458.565094
v -693.349487 -268.619720 450.267212
v -677.835999 -320.000153 440.192780
v -659.646912 -370.117706 428.380585
v -638.854309 -418.774597 414.877350
v -615.541260 -465.778748 399.737915
v -589.798218 -510.944672 383.020325
v -561.728149 -554.094177 364.791290
v -531.440674 -595.056824 345.122314
v -499.055847 -633.671143 324.091614
v -464.701599 -669.784607 301.781525
v -428.513489 -703.254761 278.280884
v -390.634369 -733.949463 253.681763
v -351.212921 -761.747620 228.081192
v -310.406128 -786.539490 201.580948
v -268.374115 -808.227234 174.285034
v -225.282776 -826.725342 146.301117
v -181.302643 -841.960693 117.740204
v -136.606796 -853.873169 88.714371
v -91.371681 -862.415894 59.338364
v -45.776196 -867.554932 29.728310
v -47.270046 867.554871 27.292273
v -94.352707 862.415771 54.475430
v -141.063126 853.873047 81.443748
v -187.216843 841.960510 108.090569
v -232.631424 826.725098 134.310547
v -277.128174 808.226990 160.000839
v -320.531128 786.539185 185.059647
v -362.668976 761.747253 209.387802
v -403.376129 733.949097 232.890228
v -442.490753 703.254333 255.472961
v -479.859222 669.784119 277.047577
v -515.334045 633.670654 297.529266
v -548.775024 595.056335 316.836121
v -580.050476 554.093567 334.893066
v -609.035950 510.944031 351.627899
v -635.618774 465.778107 366.975464
v -659.692017 418.773956 380.874084
v -681.162720 370.117096 393.270172
v -699.945312 319.999512 404.114471
v -715.964539 268.619049 413.363098
v -729.158936 216.178452 420.980865
v -739.475342 162.884720 426.937012
v -746.873596 108.948151 431.208130
v -751.324341 54.581604 433.778015
v -752.809265 -0.000349 434.635315
v -751.324341 -54.582298 433.778015
v -746.873596 -108.948837 431.208282
v -739.474976 -162.885406 426.936737
v -729.158936 -216.179138 420.980804
v -715.964355 -268.619720 413.363007
v -699.944946 -320.000153 404.114288
v -681.162537 -370.117706 393.270233
v -659.691711 -418.774597 380.873718
v -635.618286 -465.778748 366.975128
v -609.035583 -510.944672 351.627747
v -580.049927 -554.094177 334.892761
v -548.774597 -595.056824 316.835876
v -515.333557 -633.671143 297.528870
v -479.858704 -669.784607 277.047333
v -442.490234 -703.254761 255.472824
v -403.375641 -733.949463 232.889893
v -362.668396 -761.747620 209.387543
v -320.530609 -786.539490 185.059280
v -277.127655 -808.227234 160.000565
v -232.630768 -826.725342 134.310226
v -187.216171 -841.960693 108.090195
v -141.062469 -853.873169 81.443344
v -94.351936 -862.415894 54.475021
v -47.269272 -867.554932 27.291828
v -48.633583 867.554871 24.780949
v -97.074371 862.415771 49.462734
v -145.132187 853.873047 73.949455
v -192.617249 841.960510 98.144257
v -239.341812 826.725098 121.951477
v -285.122070 808.226990 145.277786
v -329.777069 786.539185 168.030716
v -373.130402 761.747253 190.120209
v -415.011810 733.949097 211.459991
v -455.254730 703.254333 231.964645
v -493.701050 669.784119 251.553986
v -530.199219 633.670654 270.151001
v -564.604797 595.056335 287.681244
v -596.782410 554.093567 304.076630
v -626.604004 510.944031 319.271515
v -653.953613 465.778107 333.206787
v -678.721313 418.773956 345.826477
v -700.811279 370.117096 357.081879
v -720.135742 319.999512 366.928345
v -736.617004 268.619049 375.325897
v -750.192017 216.178452 382.242676
v -760.805969 162.884720 387.650726
v -768.417664 108.948151 391.528809
v -772.996826 54.581604 393.862244
v -774.524536 -0.000349 394.640656
v -772.996826 -54.582298 393.862244
v -768.417664 -108.948837 391.528961
v -760.805603 -162.885406 387.650513
v -750.192017 -216.179138 382.242615
v -736.616821 -268.619720 375.325806
v -720.135376 -320.000153 366.928162
v -700.811157 -370.117706 357.081970
v -678.721008 -418.774597 345.826111
v -653.953064 -465.778748 333.206482
v -626.603638 -510.944672 319.271393
v -596.781860 -554.094177 304.076324
v -564.604370 -595.056824 287.681000
v -530.198730 -633.671143 270.150635
v -493.700531 -669.784607 251.553772
v -455.254211 -703.254761 231.964539
v -415.011292 -733.949463 211.459671
v -373.129791 -761.747620 190.119980
v -329.776550 -786.539490 168.030380
v -285.121582 -808.227234 145.277542
v -239.341141 -826.725342 121.951202
v -192.616562 -841.960693 98.143921
v -145.131500 -853.873169 73.949089
v -97.073586 -862.415894 49.462364
v -48.632786 -867.554932 24.780546
v -49.863819 867.554871 22.201704
v -99.529961 862.415771 44.314465
v -148.803436 853.873047 66.252480
v -197.489685 841.960510 87.928940
v -245.396194 826.725098 109.258156
v -292.334534 808.226990 130.156540
v -338.119080 786.539185 150.541229
v -382.569122 761.747253 170.331512
v -425.509918 733.949097 189.450150
v -466.770844 703.254333 207.820557
v -506.189667 669.784119 225.370911
v -543.611206 633.670654 242.032288
v -578.887024 595.056335 257.737823
v -611.878601 554.093567 272.426727
v -642.454590 510.944031 286.040039
v -670.495972 465.778107 298.524841
v -695.890198 418.773956 309.830994
v -718.539001 370.117096 319.914886
v -738.352295 319.999512 328.736481
v -755.250427 268.619049 336.259979
v -769.168884 216.178452 342.456818
v -780.051331 162.884720 347.301941
v -787.855530 108.948151 350.776306
v -792.550537 54.581604 352.866943
v -794.116882 -0.000349 353.564331
v -792.550537 -54.582298 352.866943
v -787.855530 -108.948837 350.776489
v -780.050964 -162.885406 347.301758
v -769.168884 -216.179138 342.456757
v -755.250305 -268.619720 336.259857
v -738.351929 -320.000153 328.736328
v -718.538879 -370.117706 319.914978
v -695.889893 -418.774597 309.830658
v -670.495483 -465.778748 298.524567
v -642.454224 -510.944672 286.039948
v -611.878113 -554.094177 272.426453
v -578.886597 -595.056824 257.737640
v -543.610657 -633.671143 242.031952
v -506.189148 -669.784607 225.370728
v -466.770325 -703.254761 207.820480
v -425.509399 -733.949463 189.449860
v -382.568512 -761.747620 170.331314
v -338.118561 -786.539490 150.540924
v -292.334015 -808.227234 130.156311
v -245.395493 -826.725342 109.257919
v -197.488983 -841.960693 87.928642
v -148.802750 -853.873169 66.252144
v -99.529167 -862.415894 44.314137
v -49.862999 -867.554932 22.201342
v 0.000838 874.123474 -0.014448
v -50.957382 867.554871 19.561607
v -101.712753 862.415771 39.044735
v -152.066849 853.873047 58.373905
v -201.820816 841.960510 77.472626
v -250.777954 826.725098 96.265373
v -298.745728 808.226990 114.678551
v -345.534363 786.539185 132.639130
v -390.959198 761.747253 150.075958
v -434.841766 733.949097 166.921036
v -477.007568 703.254333 183.106842
v -517.290894 669.784119 198.570099
v -555.533081 633.670654 213.250168
v -591.582581 595.056335 227.087997
v -625.297668 554.093567 240.030090
v -656.544250 510.944031 252.024551
v -685.200684 465.778107 263.024658
v -711.151733 418.773956 272.986298
v -734.297302 370.117096 281.871002
v -754.545044 319.999512 289.643555
v -771.813843 268.619049 296.272369
v -786.037476 216.178452 301.732269
v -797.158569 162.884720 306.001251
v -805.133972 108.948151 309.062408
v -809.931946 54.581604 310.904449
v -811.532654 -0.000349 311.518921
v -809.931946 -54.582298 310.904449
v -805.133972 -108.948837 309.062561
v -797.158203 -162.885406 306.001068
v -786.037476 -216.179138 301.732239
v -771.813660 -268.619720 296.272278
v -754.544678 -320.000153 289.643433
v -734.297119 -370.117706 281.871124
v -711.151428 -418.774597 272.985962
v -685.200073 -465.778748 263.024384
v -656.543884 -510.944672 252.024460
v -625.297180 -554.094177 240.029861
v -591.582153 -595.056824 227.087814
v -555.532593 -633.671143 213.249863
v -517.290344 -669.784607 198.569946
v -477.007050 -703.254761 183.106796
v -434.841278 -733.949463 166.920792
v -390.958588 -761.747620 150.075790
v -345.533813 -786.539490 132.638855
v -298.745148 -808.227234 114.678360
v -250.777237 -826.725342 96.265175
v -201.820114 -841.960693 77.472366
v -152.066147 -853.873169 58.373615
v -101.711937 -862.415894 39.044453
v -50.956543 -867.554932 19.561289
v -51.911274 867.554871 16.867897
v -103.616753 862.415771 33.667992
v -154.913437 853.873047 50.335342
v -205.598785 841.960510 66.803963
v -255.472351 826.725098 83.008736
v -304.338074 808.226990 98.886246
v -352.002563 786.539185 114.373482
v -398.277710 761.747253 129.409058
v -442.981750 733.949097 143.934418
v -485.936890 703.254333 157.891266
v -526.974243 669.784119 171.225052
v -565.932312 633.670654 183.883545
v -602.656616 595.056335 195.815750
v -637.002869 554.093567 206.975586
v -668.834351 510.944031 217.318283
v -698.027222 465.778107 226.803574
v -724.464050 418.773956 235.393372
v -748.042908 370.117096 243.054550
v -768.669739 319.999512 249.756760
v -786.261719 268.619049 255.472717
v -800.751648 216.178452 260.180756
v -812.080933 162.884720 263.861816
v -820.205566 108.948151 266.501373
v -825.093384 54.581604 268.089813
v -826.723999 -0.000349 268.619629
v -825.093384 -54.582298 268.089813
v -820.205566 -108.948837 266.501526
v -812.080505 -162.885406 263.861633
v -800.751648 -216.179138 260.180695
v -786.261536 -268.619720 255.472641
v -768.669312 -320.000153 249.756653
v -748.042725 -370.117706 243.054672
v -724.463745 -418.774597 235.393051
v -698.026611 -465.778748 226.803345
v -668.833984 -510.944672 217.318192
v -637.002380 -554.094177 206.975372
v -602.656189 -595.056824 195.815582
v -565.931824 -633.671143 183.883286
v -526.973694 -669.784607 171.224930
v -485.936371 -703.254761 157.891235
v -442.981232 -733.949463 143.934189
v -398.277100 -761.747620 129.408920
v -352.002014 -786.539490 114.373222
v -304.337494 -808.227234 98.886078
v -255.471603 -826.725342 83.008583
v -205.598053 -841.960693 66.803741
v -154.912720 -853.873169 50.335087
v -103.615929 -862.415894 33.667751
v -51.910416 -867.554932 16.867622
v -52.722878 867.554871 14.127955
v -105.236748 862.415771 28.198967
v -157.335434 853.873047 42.158817
v -208.813202 841.960510 55.952202
v -259.466522 826.725098 69.524590
v -309.096222 808.226990 82.822899
v -357.505951 786.539185 95.794342
v -404.504578 761.747253 108.387444
v -449.907532 733.949097 120.553276
v -493.534241 703.254333 132.242905
v -535.213257 669.784119 143.410690
v -574.780396 633.670654 154.012924
v -612.078857 595.056335 164.006775
v -646.962097 554.093567 173.353760
v -679.291260 510.944031 182.016357
v -708.940552 465.778107 189.960831
v -735.790649 418.773956 197.155228
v -759.738159 370.117096 203.571899
v -780.687500 319.999512 209.185394
v -798.554504 268.619049 213.972839
v -813.270935 216.178452 217.916061
v -824.777344 162.884720 220.999176
v -833.029053 108.948151 223.209900
v -837.993286 54.581604 224.540344
v -839.649414 -0.000349 224.984116
v -837.993286 -54.582298 224.540344
v -833.029053 -108.948837 223.210068
v -824.776978 -162.885406 220.998993
v -813.270935 -216.179138 217.916016
v -798.554321 -268.619720 213.972763
v -780.687073 -320.000153 209.185318
v -759.738037 -370.117706 203.572052
v -735.790344 -418.774597 197.154938
v -708.939941 -465.778748 189.960632
v -679.290894 -510.944672 182.016296
v -646.961548 -554.094177 173.353592
v -612.078369 -595.056824 164.006622
v -574.779907 -633.671143 154.012680
v -535.212646 -669.784607 143.410599
v -493.533722 -703.254761 132.242905
v -449.907013 -733.949463 120.553085
v -404.503937 -761.747620 108.387352
v -357.505371 -786.539490 95.794113
v -309.095642 -808.227234 82.822762
v -259.465759 -826.725342 69.524467
v -208.812469 -841.960693 55.952019
v -157.334702 -853.873169 42.158596
v -105.235909 -862.415894 28.198769
v -52.722008 -867.554932 14.127728
v -53.389973 867.554871 11.349293
v -106.568298 862.415771 22.652655
v -159.326172 853.873047 33.866737
v -211.455292 841.960510 44.947079
v -262.749542 826.725098 55.849873
v -313.007141 808.226990 66.532539
v -362.029419 786.539185 76.952644
v -409.622711 761.747253 87.068764
v -455.600159 733.949097 96.841721
v -499.778900 703.254333 106.232086
v -541.985168 669.784119 115.203255
v -582.053101 633.670654 123.720161
v -619.823425 595.056335 131.748260
v -655.148010 554.093567 139.256821
v -687.886230 510.944031 146.215546
v -717.910706 465.778107 152.597397
v -745.100525 418.773956 158.376724
v -769.351013 370.117096 163.531281
v -790.565430 319.999512 168.040665
v -808.658508 268.619049 171.886475
v -823.561096 216.178452 175.054092
v -835.213196 162.884720 177.530777
v -843.569275 108.948151 179.306625
v -848.596313 54.581604 180.375427
v -850.273315 -0.000349 180.731934
v -848.596313 -54.582298 180.375427
v -843.569275 -108.948837 179.306778
v -835.212769 -162.885406 177.530624
v -823.561096 -216.179138 175.054047
v -808.658325 -268.619720 171.886414
v -790.565063 -320.000153 168.040604
v -769.350891 -370.117706 163.531433
v -745.100220 -418.774597 158.376434
v -717.910095 -465.778748 152.597229
v -687.885864 -510.944672 146.215515
v -655.147461 -554.094177 139.256653
v -619.822937 -595.056824 131.748138
v -582.052551 -633.671143 123.719955
v -541.984619 -669.784607 115.203194
v -499.778381 -703.254761 106.232109
v -455.599640 -733.949463 96.841553
v -409.622070 -761.747620 87.068710
v -362.028839 -786.539490 76.952438
v -313.006592 -808.227234 66.532440
v -262.748749 -826.725342 55.849800
v -211.454544 -841.960693 44.946938
v -159.325424 -853.873169 33.866554
v -106.567444 -862.415894 22.652504
v -53.389091 -867.554932 11.349111
v -53.910732 867.554871 8.539524
v -107.607750 862.415771 17.044256
v -160.880203 853.873047 25.481836
v -213.517807 841.960510 33.818764
v -265.312347 826.725098 42.022083
v -316.060150 808.226990 50.059830
v -365.560577 786.539185 57.900024
v -413.618134 761.747253 65.511444
v -460.044037 733.949097 72.864731
v -504.653625 703.254333 79.930084
v -547.271606 669.784119 86.680054
v -587.730347 633.670654 93.088303
v -625.869080 595.056335 99.128647
v -661.538208 554.093567 104.778168
v -694.595825 510.944031 110.013985
v -724.913086 465.778107 114.815712
v -752.368103 418.773956 119.164108
v -776.855103 370.117096 123.042427
v -798.276489 319.999512 126.435371
v -816.546021 268.619049 129.328995
v -831.594055 216.178452 131.712326
v -843.359741 162.884720 133.575790
v -851.797302 108.948151 134.911880
v -856.873413 54.581604 135.716125
v -858.566772 -0.000349 135.984375
v -856.873413 -54.582298 135.716125
v -851.797302 -108.948837 134.912033
v -843.359314 -162.885406 133.575653
v -831.593994 -216.179138 131.712280
v -816.545837 -268.619720 129.328934
v -798.276062 -320.000153 126.435333
v -776.855042 -370.117706 123.042595
v -752.367737 -418.774597 119.163849
v -724.912476 -465.778748 114.815598
v -694.595398 -510.944672 110.013962
v -661.537659 -554.094177 104.778038
v -625.868530 -595.056824 99.128555
v -587.729797 -633.671143 93.088120
v -547.271057 -669.784607 86.680023
v -504.653107 -703.254761 79.930138
v -460.043518 -733.949463 72.864586
v -413.617462 -761.747620 65.511421
v -365.560028 -786.539490 57.899849
v -316.059601 -808.227234 50.059757
v -265.311554 -826.725342 42.022049
v -213.517029 -841.960693 33.818661
v -160.879471 -853.873169 25.481695
v -107.606895 -862.415894 17.044149
v -53.909840 -867.554932 8.539390
v -54.283726 867.554871 5.706353
v -108.352257 862.415771 11.389145
v -161.993286 853.873047 17.027096
v -214.995071 841.960510 22.597759
v -267.147919 826.725098 28.079117
v -318.246887 808.226990 33.449913
v -368.089783 786.539185 38.688709
v -416.479828 761.747253 43.774555
v -463.226929 733.949097 48.688023
v -508.145172 703.254333 53.409008
v -551.058044 669.784119 57.919277
v -591.796692 633.670654 62.201294
v -630.199280 595.056335 66.237335
v -666.115234 554.093567 70.012329
v -699.401489 510.944031 73.510872
v -729.928528 465.778107 76.719337
v -757.573486 418.773956 79.624886
v -782.229919 370.117096 82.216347
v -803.799561 319.999512 84.483536
v -822.195435 268.619049 86.417030
v -837.347595 216.178452 88.009537
v -849.194641 162.884720 89.254677
v -857.690613 108.948151 90.147362
v -862.801880 54.581604 90.684837
v -864.506897 -0.000349 90.864090
v -862.801880 -54.582298 90.684837
v -857.690613 -108.948837 90.147514
v -849.194214 -162.885406 89.254578
v -837.347534 -216.179138 88.009491
v -822.195312 -268.619720 86.416985
v -803.799133 -320.000153 84.483513
v -782.229858 -370.117706 82.216515
v -757.573120 -418.774597 79.624649
v -729.927856 -465.778748 76.719254
v -699.401062 -510.944672 73.510872
v -666.114685 -554.094177 70.012230
v -630.198730 -595.056824 66.237267
v -591.796143 -633.671143 62.201145
v -551.057495 -669.784607 57.919270
v -508.144653 -703.254761 53.409092
v -463.226410 -733.949463 48.687904
v -416.479156 -761.747620 43.774570
v -368.089233 -786.539490 38.688560
v -318.246307 -808.227234 33.449867
v -267.147186 -826.725342 28.079126
v -214.994293 -841.960693 22.597694
v -161.992538 -853.873169 17.026993
v -108.351402 -862.415894 11.389082
v -54.282825 -867.554932 5.706264
v -54.507927 867.554871 2.857543
v -108.799767 862.415771 5.702818
v -162.662354 853.873047 8.525688
v -215.883041 841.960510 11.314818
v -268.251312 826.725098 14.059196
v -319.561310 808.226990 16.748316
v -369.610077 786.539185 19.371355
v -418.199982 761.747253 21.917692
v -465.140137 733.949097 24.377874
v -510.243958 703.254333 26.741550
v -553.333984 669.784119 28.999752
v -594.240967 633.670654 31.143801
v -632.802124 595.056335 33.164474
v -668.866516 554.093567 35.054600
v -702.290161 510.944031 36.806278
v -732.943298 465.778107 38.412685
v -760.702393 418.773956 39.867424
v -785.460693 370.117096 41.164917
v -807.119446 319.999512 42.300133
v -825.591309 268.619049 43.268211
v -840.806030 216.178452 44.065529
v -852.702026 162.884720 44.688942
v -861.233032 108.948151 45.135750
v -866.365417 54.581604 45.404987
v -868.077515 -0.000349 45.494759
v -866.365417 -54.582298 45.404987
v -861.233032 -108.948837 45.135906
v -852.701599 -162.885406 44.688858
v -840.805969 -216.179138 44.065487
v -825.591125 -268.619720 43.268173
v -807.119019 -320.000153 42.300133
v -785.460632 -370.117706 41.165089
v -760.702026 -418.774597 39.867207
v -732.942627 -465.778748 38.412636
v -702.289734 -510.944672 36.806301
v -668.865845 -554.094177 35.054527
v -632.801575 -595.056824 33.164436
v -594.240417 -633.671143 31.143681
v -553.333435 -669.784607 28.999775
v -510.243439 -703.254761 26.741655
v -465.139618 -733.949463 24.377785
v -418.199310 -761.747620 21.917744
v -369.609497 -786.539490 19.371237
v -319.560730 -808.227234 16.748301
v -268.250549 -826.725342 14.059241
v -215.882263 -841.960693 11.314795
v -162.661606 -853.873169 8.525624
v -108.798912 -862.415894 5.702800
v -54.507027 -867.554932 2.857502
v -54.582733 867.554871 0.000903
v -108.949066 862.415771 0.000863
v -162.885574 853.873047 0.000914
v -216.179291 841.960510 0.000867
v -268.619415 826.725098 0.000740
v -319.999847 808.226990 0.000817
v -370.117310 786.539185 0.000911
v -418.773865 761.747253 0.000759
v -465.778473 733.949097 0.000910
v -510.944183 703.254333 0.000796
v -554.093384 669.784119 0.000743
v -595.056396 633.670654 0.000947
v -633.670532 595.056335 0.000720
v -669.784424 554.093567 0.000788
v -703.253906 510.944031 0.000811
v -733.949158 465.778107 0.000749
v -761.746338 418.773956 0.000701
v -786.538574 370.117096 0.000665
v -808.227051 319.999512 0.000795
v -826.724243 268.619049 0.000801
v -841.959900 216.178452 0.000749
v -853.872131 162.884720 0.000720
v -862.414917 108.948151 0.000438
v -867.554382 54.581604 0.000697
v -869.268799 -0.000349 0.000740
v -867.554382 -54.582298 0.000697
v -862.414917 -108.948837 0.000594
v -853.871704 -162.885406 0.000659
v -841.959839 -216.179138 0.000710
v -826.724060 -268.619720 0.000772
v -808.226624 -320.000153 0.000814
v -786.538513 -370.117706 0.000837
v -761.745972 -418.774597 0.000500
v -733.948486 -465.778748 0.000736
v -703.253479 -510.944672 0.000853
v -669.783752 -554.094177 0.000746
v -633.669983 -595.056824 0.000707
v -595.055908 -633.671143 0.000859
v -554.092773 -669.784607 0.000795
v -510.943695 -703.254761 0.000929
v -465.777954 -733.949463 0.000848
v -418.773193 -761.747620 0.000845
v -370.116730 -786.539490 0.000822
v -319.999298 -808.227234 0.000830
v -268.618683 -826.725342 0.000825
v -216.178513 -841.960693 0.000884
v -162.884827 -853.873169 0.000890
v -108.948212 -862.415894 0.000891
v -54.581833 -867.554932 0.000909
v -54.507927 867.554871 -2.855736
v -108.799744 862.415771 -5.701091
v -162.662338 853.873047 -8.523858
v -215.883011 841.960510 -11.313084
v -268.251251 826.725098 -14.057714
v -319.561279 808.226990 -16.746681
v -369.610046 786.539185 -19.369532
v -418.199921 761.747253 -21.916172
v -465.140137 733.949097 -24.376053
v -510.243958 703.254333 -26.739958
v -553.333984 669.784119 -28.998264
v -594.240906 633.670654 -31.141903
v -632.802124 595.056335 -33.163040
v -668.866516 554.093567 -35.053024
v -702.290100 510.944031 -36.804657
v -732.943298 465.778107 -38.411186
v -760.702332 418.773956 -39.866024
v -785.460632 370.117096 -41.163589
v -807.119385 319.999512 -42.298546
v -825.591187 268.619049 -43.266605
v -840.805969 216.178452 -44.064030
v -852.701904 162.884720 -44.687496
v -861.232910 108.948151 -45.134876
v -866.365356 54.581604 -45.403591
v -868.077454 -0.000349 -45.493279
v -866.365356 -54.582298 -45.403591
v -861.232971 -108.948837 -45.134720
v -852.701477 -162.885406 -44.687538
v -840.805969 -216.179138 -44.064068
v -825.591064 -268.619720 -43.266628
v -807.118958 -320.000153 -42.298504
v -785.460571 -370.117706 -41.163414
v -760.701965 -418.774597 -39.866207
v -732.942627 -465.778748 -38.411163
v -702.289673 -510.944672 -36.804596
v -668.865845 -554.094177 -35.053032
v -632.801575 -595.056824 -33.163017
v -594.240356 -633.671143 -31.141964
v -553.333435 -669.784607 -28.998184
v -510.243439 -703.254761 -26.739799
v -465.139618 -733.949463 -24.376087
v -418.199249 -761.747620 -21.916052
v -369.609467 -786.539490 -19.369591
v -319.560730 -808.227234 -16.746639
v -268.250549 -826.725342 -14.057591
v -215.882248 -841.960693 -11.313025
v -162.661591 -853.873169 -8.523843
v -108.798904 -862.415894 -5.701018
v -54.507027 -867.554932 -2.855683
v -54.283722 867.554871 -5.704546
v -108.352219 862.415771 -11.387416
v -161.993256 853.873047 -17.025263
v -214.995026 841.960510 -22.596022
v -267.147858 826.725098 -28.077635
v -318.246826 808.226990 -33.448277
v -368.089752 786.539185 -38.686882
v -416.479736 761.747253 -43.773033
v -463.226929 733.949097 -48.686203
v -508.145172 703.254333 -53.407417
v -551.057983 669.784119 -57.917793
v -591.796570 633.670654 -62.199390
v -630.199219 595.056335 -66.235893
v -666.115234 554.093567 -70.010750
v -699.401367 510.944031 -73.509247
v -729.928467 465.778107 -76.717834
v -757.573364 418.773956 -79.623474
v -782.229797 370.117096 -82.215004
v -803.799438 319.999512 -84.481941
v -822.195251 268.619049 -86.415421
v -837.347534 216.178452 -88.008034
v -849.194458 162.884720 -89.253227
v -857.690430 108.948151 -90.146469
v -862.801758 54.581604 -90.683434
v -864.506836 -0.000349 -90.862602
v -862.801758 -54.582298 -90.683434
v -857.690491 -108.948837 -90.146317
v -849.194031 -162.885406 -89.253242
v -837.347473 -216.179138 -88.008057
v -822.195068 -268.619720 -86.415428
v -803.799072 -320.000153 -84.481880
v -782.229736 -370.117706 -82.214836
v -757.572998 -418.774597 -79.623634
v -729.927795 -465.778748 -76.717773
v -699.401001 -510.944672 -73.509163
v -666.114624 -554.094177 -70.010727
v -630.198608 -595.056824 -66.235847
v -591.796082 -633.671143 -62.199421
v -551.057434 -669.784607 -57.917679
v -508.144653 -703.254761 -53.407230
v -463.226410 -733.949463 -48.686207
v -416.479065 -761.747620 -43.772873
v -368.089142 -786.539490 -38.686909
v -318.246246 -808.227234 -33.448204
v -267.147156 -826.725342 -28.077475
v -214.994263 -841.960693 -22.595924
v -161.992508 -853.873169 -17.025209
v -108.351379 -862.415894 -11.387299
v -54.282822 -867.554932 -5.704445
v -53.910725 867.554871 -8.537718
v -107.607704 862.415771 -17.042526
v -160.880173 853.873047 -25.480001
v -213.517746 841.960510 -33.817024
v -265.312195 826.725098 -42.020592
v -316.060089 808.226990 -50.058189
v -365.560516 786.539185 -57.898190
v -413.617981 761.747253 -65.509911
v -460.043976 733.949097 -72.862900
v -504.653595 703.254333 -79.928490
v -547.271545 669.784119 -86.678566
v -587.730164 633.670654 -93.086388
v -625.868958 595.056335 -99.127197
v -661.538208 554.093567 -104.776581
v -694.595642 510.944031 -110.012337
v -724.912964 465.778107 -114.814194
v -752.367859 418.773956 -119.162682
v -776.854858 370.117096 -123.041084
v -798.276428 319.999512 -126.433777
v -816.545776 268.619049 -129.327362
v -831.593872 216.178452 -131.710800
v -843.359436 162.884720 -133.574310
v -851.796997 108.948151 -134.910965
v -856.873230 54.581604 -135.714722
v -858.566589 -0.000349 -135.982864
v -856.873230 -54.582298 -135.714722
v -851.797058 -108.948837 -134.910812
v -843.359009 -162.885406 -133.574295
v -831.593811 -216.179138 -131.710815
v -816.545593 -268.619720 -129.327362
v -798.276001 -320.000153 -126.433693
v -776.854858 -370.117706 -123.040901
v -752.367493 -418.774597 -119.162819
v -724.912292 -465.778748 -114.814102
v -694.595215 -510.944672 -110.012238
v -661.537598 -554.094177 -104.776527
v -625.868408 -595.056824 -99.127121
v -587.729675 -633.671143 -93.086388
v -547.270935 -669.784607 -86.678421
v -504.653076 -703.254761 -79.928276
v -460.043457 -733.949463 -72.862885
v -413.617310 -761.747620 -65.509720
v -365.559906 -786.539490 -57.898182
v -316.059509 -808.227234 -50.058086
v -265.311493 -826.725342 -42.020397
v -213.516983 -841.960693 -33.816887
v -160.879425 -853.873169 -25.479906
v -107.606873 -862.415894 -17.042364
v -53.909832 -867.554932 -8.537569
v -53.389961 867.554871 -11.347485
v -106.568245 862.415771 -22.650921
v -159.326111 853.873047 -33.864899
v -211.455215 841.960510 -44.945335
v -262.749329 826.725098 -55.848370
v -313.007019 808.226990 -66.530891
v -362.029297 786.539185 -76.950798
v -409.622559 761.747253 -87.067223
v -455.600067 733.949097 -96.839890
v -499.778748 703.254333 -106.230476
v -541.985046 669.784119 -115.201752
v -582.052856 633.670654 -123.718231
v -619.823242 595.056335 -131.746796
v -655.148010 554.093567 -139.255219
v -687.885986 510.944031 -146.213898
v -717.910461 465.778107 -152.595856
v -745.100220 418.773956 -158.375259
v -769.350647 370.117096 -163.529907
v -790.565308 319.999512 -168.039062
v -808.658203 268.619049 -171.884842
v -823.560974 216.178452 -175.052551
v -835.212769 162.884720 -177.529282
v -843.568848 108.948151 -179.305695
v -848.596069 54.581604 -180.374008
v -850.273010 -0.000349 -180.730423
v -848.596069 -54.582298 -180.374008
v -843.568909 -108.948837 -179.305542
v -835.212341 -162.885406 -177.529236
v -823.560913 -216.179138 -175.052582
v -808.658020 -268.619720 -171.884827
v -790.564880 -320.000153 -168.038956
v -769.350647 -370.117706 -163.529724
v -745.099792 -418.774597 -158.375381
v -717.909790 -465.778748 -152.595734
v -687.885559 -510.944672 -146.213776
v -655.147339 -554.094177 -139.255142
v -619.822632 -595.056824 -131.746689
v -582.052368 -633.671143 -123.718208
v -541.984497 -669.784607 -115.201569
v -499.778229 -703.254761 -106.230240
v -455.599548 -733.949463 -96.839844
v -409.621887 -761.747620 -87.067001
v -362.028717 -786.539490 -76.950760
v -313.006470 -808.227234 -66.530762
v -262.748688 -826.725342 -55.848145
v -211.454468 -841.960693 -44.945160
v -159.325363 -853.873169 -33.864765
v -106.567429 -862.415894 -22.650715
v -53.389080 -867.554932 -11.347290
v -52.722862 867.554871 -14.126145
v -105.236687 862.415771 -28.197231
v -157.335342 853.873047 -42.156971
v -208.813110 841.960510 -55.950447
v -259.466309 826.725098 -69.523064
v -309.096039 808.226990 -82.821236
v -357.505798 786.539185 -95.792488
v -404.504364 761.747253 -108.385895
v -449.907410 733.949097 -120.551437
v -493.534058 703.254333 -132.241287
v -535.213013 669.784119 -143.409180
v -574.780212 633.670654 -154.010971
v -612.078613 595.056335 -164.005280
v -646.962036 554.093567 -173.352173
v -679.290955 510.944031 -182.014694
v -708.940308 465.778107 -189.959274
v -735.790283 418.773956 -197.153748
v -759.737732 370.117096 -203.570496
v -780.687256 319.999512 -209.183777
v -798.554138 268.619049 -213.971191
v -813.270691 216.178452 -217.914505
v -824.776917 162.884720 -220.997635
v -833.028564 108.948151 -223.208954
v -837.992981 54.581604 -224.538895
v -839.648987 -0.000349 -224.982590
v -837.992981 -54.582298 -224.538895
v -833.028625 -108.948837 -223.208786
v -824.776489 -162.885406 -220.997589
v -813.270630 -216.179138 -217.914536
v -798.553955 -268.619720 -213.971161
v -780.686890 -320.000153 -209.183624
v -759.737732 -370.117706 -203.570312
v -735.789856 -418.774597 -197.153839
v -708.939636 -465.778748 -189.959106
v -679.290527 -510.944672 -182.014542
v -646.961365 -554.094177 -173.352051
v -612.078003 -595.056824 -164.005157
v -574.779663 -633.671143 -154.010910
v -535.212463 -669.784607 -143.408966
v -493.533569 -703.254761 -132.241028
v -449.906891 -733.949463 -120.551361
v -404.503723 -761.747620 -108.385635
v -357.505219 -786.539490 -95.792427
v -309.095459 -808.227234 -82.821075
v -259.465668 -826.725342 -69.522804
v -208.812363 -841.960693 -55.950233
v -157.334625 -853.873169 -42.156799
v -105.235893 -862.415894 -28.196981
v -52.721992 -867.554932 -14.125906
v -51.911251 867.554871 -16.866085
v -103.616684 862.415771 -33.666252
v -154.913345 853.873047 -50.333492
v -205.598648 841.960510 -66.802193
v -255.472092 826.725098 -83.007202
v -304.337830 808.226990 -98.884560
v -352.002411 786.539185 -114.371628
v -398.277466 761.747253 -129.407471
v -442.981628 733.949097 -143.932556
v -485.936676 703.254333 -157.889633
v -526.973938 669.784119 -171.223526
v -565.932129 633.670654 -183.881577
v -602.656311 595.056335 -195.814240
v -637.002747 554.093567 -206.973984
v -668.834045 510.944031 -217.316574
v -698.026978 465.778107 -226.802017
v -724.463623 418.773956 -235.391830
v -748.042358 370.117096 -243.053101
v -768.669495 319.999512 -249.755096
v -786.261292 268.619049 -255.471039
v -800.751282 216.178452 -260.179169
v -812.080383 162.884720 -263.860260
v -820.205017 108.948151 -266.500397
v -825.093018 54.581604 -268.088318
v -826.723572 -0.000349 -268.618073
v -825.093018 -54.582298 -268.088318
v -820.205078 -108.948837 -266.500244
v -812.079956 -162.885406 -263.860199
v -800.751221 -216.179138 -260.179199
v -786.261108 -268.619720 -255.471008
v -768.669067 -320.000153 -249.754944
v -748.042358 -370.117706 -243.052917
v -724.463135 -418.774597 -235.391922
v -698.026306 -465.778748 -226.801804
v -668.833618 -510.944672 -217.316406
v -637.002136 -554.094177 -206.973831
v -602.655762 -595.056824 -195.814072
v -565.931580 -633.671143 -183.881500
v -526.973450 -669.784607 -171.223282
v -485.936188 -703.254761 -157.889328
v -442.981110 -733.949463 -143.932449
v -398.276855 -761.747620 -129.407181
v -352.001831 -786.539490 -114.371521
v -304.337280 -808.227234 -98.884377
v -255.471481 -826.725342 -83.006905
v -205.597931 -841.960693 -66.801949
v -154.912628 -853.873169 -50.333282
v -103.615898 -862.415894 -33.665958
v -51.910393 -867.554932 -16.865801
v -50.957352 867.554871 -19.559793
v -101.712677 862.415771 -39.042992
v -152.066742 853.873047 -58.372047
v -201.820679 841.960510 -77.470840
v -250.777679 826.725098 -96.263817
v -298.745453 808.226990 -114.676857
v -345.534180 786.539185 -132.637253
v -390.958893 761.747253 -150.074356
v -434.841614 733.949097 -166.919174
v -477.007355 703.254333 -183.105209
v -517.290588 669.784119 -198.568542
v -555.532898 633.670654 -213.248169
v -591.582214 595.056335 -227.086472
v -625.297546 554.093567 -240.028458
v -656.543945 510.944031 -252.022812
v -685.200439 465.778107 -263.023102
v -711.151245 418.773956 -272.984741
v -734.296753 370.117096 -281.869507
v -754.544800 319.999512 -289.641846
v -771.813354 268.619049 -296.270630
v -786.037048 216.178452 -301.730682
v -797.158020 162.884720 -305.999634
v -805.133301 108.948151 -309.061401
v -809.931519 54.581604 -310.902954
v -811.532043 -0.000349 -311.517303
v -809.931519 -54.582298 -310.902954
v -805.133423 -108.948837 -309.061249
v -797.157593 -162.885406 -305.999542
v -786.036987 -216.179138 -301.730713
v -771.813171 -268.619720 -296.270630
v -754.544373 -320.000153 -289.641693
v -734.296753 -370.117706 -281.869324
v -711.150757 -418.774597 -272.984802
v -685.199768 -465.778748 -263.022858
v -656.543518 -510.944672 -252.022629
v -625.296936 -554.094177 -240.028290
v -591.581665 -595.056824 -227.086288
v -555.532349 -633.671143 -213.248062
v -517.290039 -669.784607 -198.568283
v -477.006927 -703.254761 -183.104889
v -434.841156 -733.949463 -166.919037
v -390.958282 -761.747620 -150.074036
v -345.533600 -786.539490 -132.637131
v -298.744934 -808.227234 -114.676643
v -250.777054 -826.725342 -96.263489
v -201.819962 -841.960693 -77.470558
v -152.066025 -853.873169 -58.371803
v -101.711914 -862.415894 -39.042656
v -50.956512 -867.554932 -19.559464
v -49.863789 867.554871 -22.199886
v -99.529884 862.415771 -44.312714
v -148.803329 853.873047 -66.250610
v -197.489532 841.960510 -87.927155
v -245.395859 826.725098 -109.256577
v -292.334259 808.226990 -130.154831
v -338.118896 786.539185 -150.539337
v -382.568756 761.747253 -170.329895
v -425.509735 733.949097 -189.448257
v -466.770599 703.254333 -207.818909
v -506.189270 669.784119 -225.369324
v -543.610962 633.670654 -242.030273
v -578.886597 595.056335 -257.736267
v -611.878418 554.093567 -272.425049
v -642.454224 510.944031 -286.038300
v -670.495789 465.778107 -298.523254
v -695.889648 418.773956 -309.829407
v -718.538452 370.117096 -319.913330
v -738.351990 319.999512 -328.734711
v -755.249939 268.619049 -336.258209
v -769.168396 216.178452 -342.455139
v -780.050659 162.884720 -347.300293
v -787.854797 108.948151 -350.775269
v -792.550049 54.581604 -352.865417
v -794.116272 -0.000349 -353.562683
v -792.550049 -54.582298 -352.865417
v -787.854919 -108.948837 -350.775116
v -780.050232 -162.885406 -347.300171
v -769.168335 -216.179138 -342.455170
v -755.249756 -268.619720 -336.258148
v -738.351562 -320.000153 -328.734528
v -718.538452 -370.117706 -319.913177
v -695.889099 -418.774597 -309.829437
v -670.495117 -465.778748 -298.522980
v -642.453796 -510.944672 -286.038086
v -611.877747 -554.094177 -272.424866
v -578.886108 -595.056824 -257.736084
v -543.610474 -633.671143 -242.030136
v -506.188782 -669.784607 -225.369034
v -466.770172 -703.254761 -207.818558
v -425.509277 -733.949463 -189.448105
v -382.568176 -761.747620 -170.329529
v -338.118317 -786.539490 -150.539185
v -292.333740 -808.227234 -130.154587
v -245.395264 -826.725342 -109.256210
v -197.488831 -841.960693 -87.926826
v -148.802628 -853.873169 -66.250328
v -99.529137 -862.415894 -44.312344
v -49.862965 -867.554932 -22.199512
v -48.633553 867.554871 -24.779129
v -97.074287 862.415771 -49.460976
v -145.132050 853.873047 -73.947586
v -192.617065 841.960510 -98.142456
v -239.341431 826.725098 -121.949860
v -285.121796 808.226990 -145.276047
v -329.776855 786.539185 -168.028793
v -373.130005 761.747253 -190.118561
v -415.011597 733.949097 -211.458084
v -455.254425 703.254333 -231.962982
v -493.700562 669.784119 -251.552383
v -530.199036 633.670654 -270.148956
v -564.604309 595.056335 -287.679626
v -596.782166 554.093567 -304.074921
v -626.603577 510.944031 -319.269745
v -653.953369 465.778107 -333.205200
v -678.720642 418.773956 -345.824829
v -700.810669 370.117096 -357.080261
v -720.135376 319.999512 -366.926544
v -736.616394 268.619049 -375.324097
v -750.191467 216.178452 -382.240967
v -760.805237 162.884720 -387.649017
v -768.416809 108.948151 -391.527649
v -772.996277 54.581604 -393.860687
v -774.523865 -0.000349 -394.638947
v -772.996277 -54.582298 -393.860687
v -768.416992 -108.948837 -391.527496
v -760.804871 -162.885406 -387.648865
v -750.191406 -216.179138 -382.240997
v -736.616272 -268.619720 -375.324036
v -720.135010 -320.000153 -366.926331
v -700.810669 -370.117706 -357.080109
v -678.720154 -418.774597 -345.824829
v -653.952698 -465.778748 -333.204865
v -626.603210 -510.944672 -319.269501
v -596.781494 -554.094177 -304.074707
v -564.603821 -595.056824 -287.679382
v -530.198486 -633.671143 -270.148804
v -493.700104 -669.784607 -251.552063
v -455.253998 -703.254761 -231.962631
v -415.011139 -733.949463 -211.457901
v -373.129456 -761.747620 -190.118179
v -329.776245 -786.539490 -168.028610
v -285.121277 -808.227234 -145.275772
v -239.340866 -826.725342 -121.949471
v -192.616394 -841.960693 -98.142090
v -145.131378 -853.873169 -73.947258
v -97.073555 -862.415894 -49.460564
v -48.632748 -867.554932 -24.778713
v -47.270012 867.554871 -27.290453
v -94.352615 862.415771 -54.473667
v -141.062973 853.873047 -81.441864
v -187.216644 841.960510 -108.088745
v -232.630981 826.725098 -134.308884
v -277.127838 808.226990 -159.999069
v -320.530884 786.539185 -185.057709
v -362.668579 761.747253 -209.386124
v -403.375885 733.949097 -232.888306
v -442.490448 703.254333 -255.471268
v -479.858643 669.784119 -277.045898
v -515.333862 633.670654 -297.527191
v -548.774475 595.056335 -316.834473
v -580.050171 554.093567 -334.891388
v -609.035522 510.944031 -351.626068
v -635.618408 465.778107 -366.973816
v -659.691345 418.773956 -380.872375
v -681.162048 370.117096 -393.268524
v -699.944946 319.999512 -404.112640
v -715.963867 268.619049 -413.361267
v -729.158386 216.178452 -420.979095
v -739.474548 162.884720 -426.935242
v -746.872681 108.948151 -431.206909
v -751.323792 54.581604 -433.776398
v -752.808533 -0.000349 -434.633545
v -751.323792 -54.582298 -433.776398
v -746.872864 -108.948837 -431.206757
v -739.474121 -162.885406 -426.935059
v -729.158325 -216.179138 -420.979126
v -715.963745 -268.619720 -413.361176
v -699.944580 -320.000153 -404.112427
v -681.162048 -370.117706 -393.268372
v -659.690857 -418.774597 -380.872345
v -635.617737 -465.778748 -366.973480
v -609.035156 -510.944672 -351.625824
v -580.049561 -554.094177 -334.891113
v -548.773987 -595.056824 -316.834198
v -515.333313 -633.671143 -297.527008
v -479.858215 -669.784607 -277.045563
v -442.490051 -703.254761 -255.470886
v -403.375458 -733.949463 -232.888107
v -362.668030 -761.747620 -209.385727
v -320.530304 -786.539490 -185.057495
v -277.127319 -808.227234 -159.998764
v -232.630432 -826.725342 -134.308472
v -187.215988 -841.960693 -108.088348
v -141.062332 -853.873169 -81.441505
v -94.351906 -862.415894 -54.473221
v -47.269234 -867.554932 -27.289995
v -45.776913 867.554871 -29.726973
v -91.372322 862.415771 -59.337044
v -136.607269 853.873047 -88.712914
v -181.303085 841.960510 -117.738777
v -225.282928 826.725098 -146.299789
v -268.374268 808.226990 -174.283554
v -310.406372 786.539185 -201.579376
v -351.213043 761.747253 -228.079773
v -390.634583 733.949097 -253.680222
v -428.513672 703.254333 -278.279297
v -464.701447 669.784119 -301.780090
v -499.056183 633.670654 -324.089935
v -531.440491 595.056335 -345.120911
v -561.728333 554.093567 -364.789917
v -589.798096 510.944031 -383.018616
v -615.541321 465.778107 -399.736572
v -638.853943 418.773956 -414.875946
v -659.646423 370.117096 -428.378784
v -677.835999 319.999512 -440.191101
v -693.348938 268.619049 -450.265381
v -706.126648 216.178452 -458.563324
v -716.117004 162.884720 -465.051239
v -723.281494 108.948151 -469.704224
v -727.591980 54.581604 -472.503113
v -729.029846 -0.000349 -473.436829
v -727.591980 -54.582298 -472.503113
v -723.281616 -108.948837 -469.704071
v -716.116577 -162.885406 -465.051025
v -706.126587 -216.179138 -458.563385
v -693.348816 -268.619720 -450.265289
v -677.835632 -320.000153 -440.190857
v -659.646423 -370.117706 -428.378632
v -638.853394 -418.774597 -414.875885
v -615.540649 -465.778748 -399.736206
v -589.797729 -510.944672 -383.018341
v -561.727661 -554.094177 -364.789612
v -531.440002 -595.056824 -345.120605
v -499.055664 -633.671143 -324.089722
v -464.701080 -669.784607 -301.779755
v -428.513275 -703.254761 -278.278900
v -390.634155 -733.949463 -253.679977
v -351.212524 -761.747620 -228.079330
v -310.405792 -786.539490 -201.579132
v -268.373779 -808.227234 -174.283218
v -225.282379 -826.725342 -146.299347
v -181.302460 -841.960693 -117.738350
v -136.606628 -853.873169 -88.712524
v -91.371643 -862.415894 -59.336563
v -45.776154 -867.554932 -29.726475
v -44.158340 867.554871 -32.082012
v -88.141594 862.415771 -64.037781
v -131.777115 853.873047 -95.740807
v -174.892578 841.960510 -127.066086
v -217.317383 826.725098 -157.889679
v -258.885132 808.226990 -188.090332
v -299.431061 786.539185 -217.548538
v -338.794891 761.747253 -246.148254
v -376.822601 733.949097 -273.776794
v -413.362335 703.254333 -300.324615
v -448.270569 669.784119 -325.687073
v -481.410645 633.670654 -349.764343
v -512.649902 595.056335 -372.461334
v -541.866821 554.093567 -393.688568
v -568.944031 510.944031 -413.361359
v -593.777039 465.778107 -431.403687
v -616.265442 418.773956 -447.742371
v -636.322754 370.117096 -462.314911
v -653.869202 319.999512 -475.063080
v -668.833618 268.619049 -485.935364
v -681.159485 216.178452 -494.890717
v -690.796631 162.884720 -501.892548
v -697.707764 108.948151 -506.914124
v -701.865906 54.581604 -509.934784
v -703.252808 -0.000349 -510.942474
v -701.865906 -54.582298 -509.934784
v -697.707947 -108.948837 -506.913971
v -690.796204 -162.885406 -501.892334
v -681.159424 -216.179138 -494.890747
v -668.833435 -268.619720 -485.935272
v -653.868835 -320.000153 -475.062775
v -636.322754 -370.117706 -462.314758
v -616.264893 -418.774597 -447.742340
v -593.776428 -465.778748 -431.403259
v -568.943665 -510.944672 -413.361053
v -541.866211 -554.094177 -393.688232
v -512.649414 -595.056824 -372.460999
v -481.410126 -633.671143 -349.764099
v -448.270233 -669.784607 -325.686707
v -413.361969 -703.254761 -300.324158
v -376.822174 -733.949463 -273.776550
v -338.794373 -761.747620 -246.147781
v -299.430511 -786.539490 -217.548248
v -258.884644 -808.227234 -188.089966
v -217.316864 -826.725342 -157.889206
v -174.891998 -841.960693 -127.065636
v -131.776505 -853.873169 -95.740379
v -88.140938 -862.415894 -64.037270
v -44.157608 -867.554932 -32.081470
v -42.418732 867.554871 -34.349110
v -84.669273 862.415771 -68.562996
v -126.585770 853.873047 -102.506279
v -168.002716 841.960510 -136.045105
v -208.756195 826.725098 -169.046814
v -248.686386 808.226990 -201.381561
v -287.635040 786.539185 -232.921387
v -325.448090 761.747253 -263.542053
v -361.977722 733.949097 -293.122986
v -397.077972 703.254333 -321.546722
v -430.611023 669.784119 -348.701416
v -462.445526 633.670654 -374.480103
v -492.454163 595.056335 -398.780914
v -520.520020 554.093567 -421.508148
v -546.530579 510.944031 -442.571075
v -570.385315 465.778107 -461.888336
v -591.987732 418.773956 -479.381592
v -611.254944 370.117096 -494.983856
v -628.110168 319.999512 -508.632904
v -642.485046 268.619049 -520.273438
v -654.325378 216.178452 -529.861633
v -663.582825 162.884720 -537.358154
v -670.221680 108.948151 -542.734619
v -674.216064 54.581604 -545.968750
v -675.548279 -0.000349 -547.047668
v -674.216064 -54.582298 -545.968750
v -670.221863 -108.948837 -542.734436
v -663.582397 -162.885406 -537.357971
v -654.325317 -216.179138 -529.861694
v -642.484924 -268.619720 -520.273376
v -628.109802 -320.000153 -508.632538
v -611.255005 -370.117706 -494.983704
v -591.987244 -418.774597 -479.381561
v -570.384766 -465.778748 -461.887878
v -546.530273 -510.944672 -442.570770
v -520.519470 -554.094177 -421.507782
v -492.453644 -595.056824 -398.780579
v -462.445068 -633.671143 -374.479828
v -430.610718 -669.784607 -348.701019
v -397.077637 -703.254761 -321.546265
v -361.977325 -733.949463 -293.122681
v -325.447632 -761.747620 -263.541565
v -287.634491 -786.539490 -232.921082
v -248.685959 -808.227234 -201.381165
v -208.755692 -826.725342 -169.046326
v -168.002151 -841.960693 -136.044632
v -126.585205 -853.873169 -102.505821
v -84.668648 -862.415894 -68.562447
v -42.418026 -867.554932 -34.348534
v -40.562855 867.554871 -36.522060
v -80.964874 862.415771 -72.900276
v -121.047478 853.873047 -108.990791
v -160.652359 841.960510 -144.651245
v -199.622818 826.725098 -179.740585
v -237.806015 808.226990 -214.120804
v -275.050629 786.539185 -247.655838
v -311.209290 761.747253 -280.213531
v -346.140717 733.949097 -311.665710
v -379.705292 703.254333 -341.887512
v -411.771210 669.784119 -370.759949
v -442.212952 633.670654 -398.169373
v -470.908661 595.056335 -424.007477
v -497.746613 554.093567 -448.172363
v -522.619141 510.944031 -470.567780
v -545.430237 465.778107 -491.106995
v -566.087463 418.773956 -509.706848
v -584.511719 370.117096 -526.296082
v -600.629517 319.999512 -540.808533
v -614.375488 268.619049 -553.185486
v -625.697754 216.178452 -563.380188
v -634.550171 162.884720 -571.350952
v -640.898621 108.948151 -577.067444
v -644.718201 54.581604 -580.506287
v -645.992126 -0.000349 -581.653381
v -644.718201 -54.582298 -580.506287
v -640.898743 -108.948837 -577.067383
v -634.549805 -162.885406 -571.350708
v -625.697693 -216.179138 -563.380249
v -614.375366 -268.619720 -553.185364
v -600.629150 -320.000153 -540.808167
v -584.511780 -370.117706 -526.295959
v -566.086975 -418.774597 -509.706818
v -545.429626 -465.778748 -491.106537
v -522.618835 -510.944672 -470.567413
v -497.746033 -554.094177 -448.171967
v -470.908142 -595.056824 -424.007080
v -442.212463 -633.671143 -398.169128
v -411.770935 -669.784607 -370.759552
v -379.704987 -703.254761 -341.887054
v -346.140350 -733.949463 -311.665405
v -311.208832 -761.747620 -280.213013
v -275.050110 -786.539490 -247.655472
v -237.805603 -808.227234 -214.120392
v -199.622345 -826.725342 -179.740067
v -160.651825 -841.960693 -144.650726
v -121.046936 -853.873169 -108.990295
v -80.964279 -862.415894 -72.899704
v -40.562183 -867.554932 -36.521450
v -38.595798 867.554871 -38.594902
v -77.038559 862.415771 -77.037743
v -115.177399 853.873047 -115.176544
v -152.861679 841.960510 -152.860901
v -189.942291 826.725098 -189.941711
v -226.273834 808.226990 -226.273163
v -261.712311 786.539185 -261.711456
v -296.117462 761.747253 -296.116913
v -329.355011 733.949097 -329.354156
v -361.291840 703.254333 -361.291199
v -391.802765 669.784119 -391.802277
v -420.768250 633.670654 -420.767334
v -448.072388 595.056335 -448.071808
v -473.608856 554.093567 -473.608185
v -497.275269 510.944031 -497.274658
v -518.980103 465.778107 -518.979553
v -538.635559 418.773956 -538.635071
v -556.166382 370.117096 -556.165833
v -571.502563 319.999512 -571.501892
v -584.581970 268.619049 -584.581299
v -595.355103 216.178452 -595.354614
v -603.778259 162.884720 -603.777649
v -609.818848 108.948151 -609.818665
v -613.453186 54.581604 -613.452637
v -614.665405 -0.000349 -614.664856
v -613.453186 -54.582298 -613.452637
v -609.819031 -108.948837 -609.818542
v -603.777893 -162.885406 -603.777466
v -595.355042 -216.179138 -595.354675
v -584.581787 -268.619720 -584.581177
v -571.502258 -320.000153 -571.501526
v -556.166443 -370.117706 -556.165649
v -538.635071 -418.774597 -538.635010
v -518.979553 -465.778748 -518.979065
v -497.274902 -510.944672 -497.274231
v -473.608337 -554.094177 -473.607727
v -448.071899 -595.056824 -448.071381
v -420.767822 -633.671143 -420.767059
v -391.802490 -669.784607 -391.801849
v -361.291534 -703.254761 -361.290741
v -329.354614 -733.949463 -329.353821
v -296.117065 -761.747620 -296.116364
v -261.711792 -786.539490 -261.711090
v -226.273453 -808.227234 -226.272720
v -189.941849 -826.725342 -189.941162
v -152.861176 -841.960693 -152.860352
v -115.176888 -853.873169 -115.176025
v -77.037994 -862.415894 -77.037140
v -38.595158 -867.554932 -38.594257
v -36.522953 867.554871 -40.561958
v -72.901085 862.415771 -80.964050
v -108.991631 853.873047 -121.046623
v -144.652008 841.960510 -160.651566
v -179.741135 826.725098 -199.622192
v -214.121475 808.226990 -237.805313
v -247.656662 786.539185 -275.049744
v -280.214020 761.747253 -311.208679
v -311.666504 733.949097 -346.139893
v -341.888123 703.254333 -379.704620
v -370.760406 669.784119 -411.770691
v -398.170288 633.670654 -442.211975
v -424.007965 595.056335 -470.908020
v -448.173004 554.093567 -497.745880
v -470.568390 510.944031 -522.618530
v -491.107513 465.778107 -545.429626
v -509.707367 418.773956 -566.086914
v -526.296692 370.117096 -584.511108
v -540.809204 319.999512 -600.628784
v -553.186096 268.619049 -614.374756
v -563.380676 216.178452 -625.697144
v -571.351501 162.884720 -634.549561
v -577.067627 108.948151 -640.898315
v -580.506775 54.581604 -644.717529
v -581.653931 -0.000349 -645.991638
v -580.506775 -54.582298 -644.717529
v -577.067749 -108.948837 -640.898254
v -571.351135 -162.885406 -634.549255
v -563.380615 -216.179138 -625.697144
v -553.185913 -268.619720 -614.374634
v -540.808838 -320.000153 -600.628418
v -526.296692 -370.117706 -584.510986
v -509.706909 -418.774597 -566.086792
v -491.106995 -465.778748 -545.429138
v -470.568024 -510.944672 -522.618103
v -448.172516 -554.094177 -497.745422
v -424.007507 -595.056824 -470.907562
v -398.169861 -633.671143 -442.211700
v -370.760162 -669.784607 -411.770264
v -341.887848 -703.254761 -379.704132
v -311.666138 -733.949463 -346.139557
v -280.213654 -761.747620 -311.208130
v -247.656174 -786.539490 -275.049347
v -214.121109 -808.227234 -237.804871
v -179.740723 -826.725342 -199.621643
v -144.651535 -841.960693 -160.651001
v -108.991142 -853.873169 -121.046082
v -72.900558 -862.415894 -80.963417
v -36.522350 -867.554932 -40.561279
v -34.350002 867.554871 -42.417831
v -68.563805 862.415771 -84.668434
v -102.507118 853.873047 -126.584915
v -136.045868 841.960510 -168.001892
v -169.047348 826.725098 -208.755539
v -201.382187 808.226990 -248.685669
v -232.922226 786.539185 -287.634125
v -263.542511 761.747253 -325.447449
v -293.123749 733.949097 -361.976898
v -321.547272 703.254333 -397.077271
v -348.701813 669.784119 -430.610474
v -374.480957 633.670654 -462.444550
v -398.781403 595.056335 -492.453491
v -421.508698 554.093567 -520.519287
v -442.571686 510.944031 -546.529907
v -461.888794 465.778107 -570.384766
v -479.382080 418.773956 -591.987122
v -494.984375 370.117096 -611.254272
v -508.633514 319.999512 -628.109375
v -520.274048 268.619049 -642.484253
v -529.862061 216.178452 -654.324707
v -537.358643 162.884720 -663.582153
v -542.734680 108.948151 -670.221375
v -545.969238 54.581604 -674.215332
v -547.048157 -0.000349 -675.547729
v -545.969238 -54.582298 -674.215332
v -542.734802 -108.948837 -670.221313
v -537.358276 -162.885406 -663.581848
v -529.862000 -216.179138 -654.324707
v -520.273865 -268.619720 -642.484131
v -508.633148 -320.000153 -628.109009
v -494.984436 -370.117706 -611.254089
v -479.381653 -418.774597 -591.986938
v -461.888336 -465.778748 -570.384155
v -442.571320 -510.944672 -546.529480
v -421.508270 -554.094177 -520.518799
v -398.780975 -595.056824 -492.453033
v -374.480560 -633.671143 -462.444244
v -348.701599 -669.784607 -430.610016
v -321.547089 -703.254761 -397.076782
v -293.123383 -733.949463 -361.976532
v -263.542175 -761.747620 -325.446869
v -232.921753 -786.539490 -287.633698
v -201.381851 -808.227234 -248.685196
v -169.046951 -826.725342 -208.754974
v -136.045410 -841.960693 -168.001312
v -102.506660 -853.873169 -126.584351
v -68.563301 -862.415894 -84.667778
v -34.349434 -867.554932 -42.417126
v -32.082897 867.554871 -44.157440
v -64.038582 862.415771 -88.140755
v -95.741646 853.873047 -131.776245
v -127.066826 841.960510 -174.891739
v -157.890182 826.725098 -217.316696
v -188.090942 808.226990 -258.884369
v -217.549332 786.539185 -299.430145
v -246.148697 761.747253 -338.794189
v -273.777588 733.949097 -376.821747
v -300.325165 703.254333 -413.361572
v -325.687439 669.784119 -448.269989
v -349.765198 633.670654 -481.409607
v -372.461792 595.056335 -512.649170
v -393.689087 554.093567 -541.865967
v -413.361969 510.944031 -568.943359
v -431.404114 465.778107 -593.776428
v -447.742859 418.773956 -616.264709
v -462.315369 370.117096 -636.322021
v -475.063660 319.999512 -653.868408
v -485.935883 268.619049 -668.832825
v -494.891113 216.178452 -681.158875
v -501.892914 162.884720 -690.795898
v -506.914124 108.948151 -697.707397
v -509.935242 54.581604 -701.865173
v -510.942963 -0.000349 -703.252136
v -509.935242 -54.582298 -701.865173
v -506.914276 -108.948837 -697.707336
v -501.892609 -162.885406 -690.795654
v -494.891052 -216.179138 -681.158875
v -485.935730 -268.619720 -668.832642
v -475.063354 -320.000153 -653.867981
v -462.315430 -370.117706 -636.321899
v -447.742432 -418.774597 -616.264465
v -431.403717 -465.778748 -593.775818
v -413.361633 -510.944672 -568.942871
v -393.688690 -554.094177 -541.865479
v -372.461395 -595.056824 -512.648743
v -349.764801 -633.671143 -481.409302
v -325.687256 -669.784607 -448.269531
v -300.324982 -703.254761 -413.361084
v -273.777222 -733.949463 -376.821350
v -246.148376 -761.747620 -338.793579
v -217.548889 -786.539490 -299.429718
v -188.090622 -808.227234 -258.883881
v -157.889832 -826.725342 -217.316116
v -127.066399 -841.960693 -174.891129
v -95.741219 -853.873169 -131.775650
v -64.038116 -862.415894 -88.140076
v -32.082367 -867.554932 -44.156700
v -29.727859 867.554871 -45.776012
v -59.337849 862.415771 -91.371483
v -88.713745 853.873047 -136.606384
v -117.739510 841.960510 -181.302231
v -146.300278 826.725098 -225.282196
v -174.284134 808.226990 -268.373505
v -201.580170 786.539185 -310.405426
v -228.080185 761.747253 -351.212311
v -253.680984 733.949097 -390.633728
v -278.279816 703.254333 -428.512848
v -301.780426 669.784119 -464.700836
v -324.090759 633.670654 -499.055145
v -345.121307 595.056335 -531.439758
v -364.790436 554.093567 -561.727417
v -383.019196 510.944031 -589.797363
v -399.736969 465.778107 -615.540588
v -414.876404 418.773956 -638.853149
v -428.379211 370.117096 -659.645752
v -440.191681 319.999512 -677.835266
v -450.265900 268.619049 -693.348145
v -458.563751 216.178452 -706.125977
v -465.051544 162.884720 -716.116211
v -469.704163 108.948151 -723.281006
v -472.503601 54.581604 -727.591248
v -473.437256 -0.000349 -729.029053
v -472.503601 -54.582298 -727.591248
v -469.704315 -108.948837 -723.280945
v -465.051239 -162.885406 -716.115967
v -458.563690 -216.179138 -706.125977
v -450.265747 -268.619720 -693.347961
v -440.191437 -320.000153 -677.834778
v -428.379242 -370.117706 -659.645569
v -414.875977 -418.774597 -638.852966
v -399.736603 -465.778748 -615.539978
v -383.018890 -510.944672 -589.796753
v -364.790039 -554.094177 -561.726929
v -345.120941 -595.056824 -531.439270
v -324.090393 -633.671143 -499.054779
v -301.780243 -669.784607 -464.700317
v -278.279663 -703.254761 -428.512360
v -253.680649 -733.949463 -390.633301
v -228.079895 -761.747620 -351.211670
v -201.579758 -786.539490 -310.404968
v -174.283859 -808.227234 -268.373016
v -146.299957 -826.725342 -225.281601
v -117.739105 -841.960693 -181.301590
v -88.713348 -853.873169 -136.605774
v -59.337414 -862.415894 -91.370773
v -29.727367 -867.554932 -45.775246
v -27.291340 867.554871 -47.269112
v -54.474468 862.415771 -94.351761
v -81.442696 853.873047 -141.062088
v -108.089478 841.960510 -187.215775
v -134.309357 826.725098 -232.630203
v -159.999649 808.226990 -277.127045
v -185.058487 786.539185 -320.529907
v -209.386520 761.747253 -362.667755
v -232.889084 733.949097 -403.375000
v -255.471741 703.254333 -442.489624
v -277.046204 669.784119 -479.857910
v -297.528015 633.670654 -515.332825
v -316.834839 595.056335 -548.773682
v -334.891876 554.093567 -580.049255
v -351.626617 510.944031 -609.034668
v -366.974152 465.778107 -635.617615
v -380.872742 418.773956 -659.690613
v -393.268860 370.117096 -681.161377
v -404.113220 319.999512 -699.944153
v -413.361725 268.619049 -715.963013
v -420.979462 216.178452 -729.157593
v -426.935516 162.884720 -739.473694
v -431.206787 108.948151 -746.872192
v -433.776794 54.581604 -751.323059
v -434.633911 -0.000349 -752.807739
v -433.776794 -54.582298 -751.323059
v -431.206940 -108.948837 -746.872131
v -426.935242 -162.885406 -739.473389
v -420.979401 -216.179138 -729.157593
v -413.361603 -268.619720 -715.962769
v -404.112976 -320.000153 -699.943665
v -393.268921 -370.117706 -681.161194
v -380.872375 -418.774597 -659.690308
v -366.973816 -465.778748 -635.617004
v -351.626343 -510.944672 -609.034119
v -334.891541 -554.094177 -580.048706
v -316.834503 -595.056824 -548.773132
v -297.527679 -633.671143 -515.332397
v -277.046051 -669.784607 -479.857391
v -255.471634 -703.254761 -442.489105
v -232.888779 -733.949463 -403.374573
v -209.386261 -761.747620 -362.667114
v -185.058105 -786.539490 -320.529419
v -159.999390 -808.227234 -277.126526
v -134.309067 -826.725342 -232.629608
v -108.089111 -841.960693 -187.215118
v -81.442337 -853.873169 -141.061462
v -54.474068 -862.415894 -94.351036
v -27.290886 -867.554932 -47.268322
v -24.780016 867.554871 -48.632652
v -49.461773 862.415771 -97.073418
v -73.948410 853.873047 -145.131149
v -98.143181 841.960510 -192.616165
v -121.950325 826.725098 -239.340576
v -145.276596 808.226990 -285.120972
v -168.029556 786.539185 -329.775848
v -190.118927 761.747253 -373.129181
v -211.458847 733.949097 -415.010651
v -231.963455 703.254333 -455.253601
v -251.552643 669.784119 -493.699738
v -270.149750 633.670654 -530.197998
v -287.679962 595.056335 -564.603455
v -304.075439 554.093567 -596.781189
v -319.270264 510.944031 -626.602722
v -333.205536 465.778107 -653.952393
v -345.825165 418.773956 -678.719849
v -357.080627 370.117096 -700.809937
v -366.927094 319.999512 -720.134583
v -375.324554 268.619049 -736.615479
v -382.241302 216.178452 -750.190613
v -387.649292 162.884720 -760.804382
v -391.527496 108.948151 -768.416260
v -393.861053 54.581604 -772.995483
v -394.639282 -0.000349 -774.523071
v -393.861053 -54.582298 -772.995483
v -391.527649 -108.948837 -768.416199
v -387.649017 -162.885406 -760.804016
v -382.241241 -216.179138 -750.190613
v -375.324432 -268.619720 -736.615234
v -366.926880 -320.000153 -720.134033
v -357.080658 -370.117706 -700.809814
v -345.824799 -418.774597 -678.719604
v -333.205200 -465.778748 -653.951782
v -319.269989 -510.944672 -626.602112
v -304.075104 -554.094177 -596.780640
v -287.679657 -595.056824 -564.602844
v -270.149414 -633.671143 -530.197510
v -251.552536 -669.784607 -493.699219
v -231.963379 -703.254761 -455.253021
v -211.458557 -733.949463 -415.010223
v -190.118713 -761.747620 -373.128510
v -168.029205 -786.539490 -329.775330
v -145.276367 -808.227234 -285.120422
v -121.950050 -826.725342 -239.339981
v -98.142853 -841.960693 -192.615479
v -73.948082 -853.873169 -145.130493
v -49.461411 -862.415894 -97.072685
v -24.779604 -867.554932 -48.631836
v -22.200771 867.554871 -49.862888
v -44.313507 862.415771 -99.529015
v -66.251450 853.873047 -148.802414
v -87.927879 841.960510 -197.488602
v -109.257019 826.725098 -245.394943
v -130.155365 808.226990 -292.333405
v -150.540100 786.539185 -338.117859
v -170.330261 761.747253 -382.567871
v -189.449005 733.949097 -425.508789
v -207.819382 703.254333 -466.769714
v -225.369583 669.784119 -506.188385
v -242.031067 633.670654 -543.609924
v -257.736603 595.056335 -578.885681
v -272.425537 554.093567 -611.877441
v -286.038818 510.944031 -642.453308
v -298.523621 465.778107 -670.494812
v -309.829712 418.773956 -695.888733
v -319.913635 370.117096 -718.537659
v -328.735229 319.999512 -738.351135
v -336.258667 268.619049 -755.248962
v -342.455475 216.178452 -769.167480
v -347.300568 162.884720 -780.049683
v -350.775055 108.948151 -787.854126
v -352.865753 54.581604 -792.549255
v -353.562988 -0.000349 -794.115356
v -352.865753 -54.582298 -792.549255
v -350.775208 -108.948837 -787.854126
v -347.300293 -162.885406 -780.049316
v -342.455414 -216.179138 -769.167480
v -336.258545 -268.619720 -755.248657
v -328.735046 -320.000153 -738.350586
v -319.913696 -370.117706 -718.537537
v -309.829376 -418.774597 -695.888428
v -298.523315 -465.778748 -670.494141
v -286.038574 -510.944672 -642.452637
v -272.425232 -554.094177 -611.876831
v -257.736298 -595.056824 -578.885132
v -242.030762 -633.671143 -543.609436
v -225.369507 -669.784607 -506.187866
v -207.819321 -703.254761 -466.769135
v -189.448746 -733.949463 -425.508331
v -170.330063 -761.747620 -382.567200
v -150.539780 -786.539490 -338.117340
v -130.155167 -808.227234 -292.332855
v -109.256783 -826.725342 -245.394333
v -87.927589 -841.960693 -197.487900
v -66.251152 -853.873169 -148.801727
v -44.313183 -862.415894 -99.528259
v -22.200403 -867.554932 -49.862049
v -19.560677 867.554871 -50.956448
v -39.043785 862.415771 -101.711800
v -58.372890 853.873047 -152.065826
v -77.471573 841.960510 -201.819748
v -96.264252 826.725098 -250.776688
v -114.677383 808.226990 -298.744568
v -132.638016 786.539185 -345.533142
v -150.074722 761.747253 -390.957947
v -166.919922 733.949097 -434.840637
v -183.105682 703.254333 -477.006470
v -198.568817 669.784119 -517.289551
v -213.248978 633.670654 -555.531860
v -227.086777 595.056335 -591.581177
v -240.028961 554.093567 -625.296509
v -252.023331 510.944031 -656.542908
v -263.023468 465.778107 -685.199402
v -272.985016 418.773956 -711.150269
v -281.869781 370.117096 -734.295898
v -289.642334 319.999512 -754.543945
v -296.271088 268.619049 -771.812317
v -301.730957 216.178452 -786.036072
v -305.999878 162.884720 -797.156921
v -309.061157 108.948151 -805.132568
v -310.903290 54.581604 -809.930603
v -311.517609 -0.000349 -811.531128
v -310.903290 -54.582298 -809.930603
v -309.061310 -108.948837 -805.132568
v -305.999634 -162.885406 -797.156555
v -301.730896 -216.179138 -786.036072
v -296.270966 -268.619720 -771.812012
v -289.642181 -320.000153 -754.543335
v -281.869843 -370.117706 -734.295715
v -272.984680 -418.774597 -711.149902
v -263.023193 -465.778748 -685.198730
v -252.023117 -510.944672 -656.542297
v -240.028671 -554.094177 -625.295898
v -227.086517 -595.056824 -591.580627
v -213.248688 -633.671143 -555.531311
v -198.568771 -669.784607 -517.289062
v -183.105652 -703.254761 -477.005890
v -166.919678 -733.949463 -434.840179
v -150.074554 -761.747620 -390.957275
v -132.637711 -786.539490 -345.532593
v -114.677216 -808.227234 -298.744019
v -96.264053 -826.725342 -250.776062
v -77.471313 -841.960693 -201.819016
v -58.372623 -853.873169 -152.065125
v -39.043499 -862.415894 -101.711029
v -19.560354 -867.554932 -50.955593
v -16.866968 867.554871 -51.910339
v -33.667042 862.415771 -103.615799
v -50.334332 853.873047 -154.912415
v -66.802925 841.960510 -205.597702
v -83.007637 826.725098 -255.471069
v -98.885094 808.226990 -304.336884
v -114.372368 786.539185 -352.001343
v -129.407837 761.747253 -398.276489
v -143.933304 733.949097 -442.980591
v -157.890091 703.254333 -485.935730
v -171.223785 669.784119 -526.972900
v -183.882370 633.670654 -565.931091
v -195.814545 595.056335 -602.655273
v -206.974457 554.093567 -637.001648
v -217.317078 510.944031 -668.833008
v -226.802383 465.778107 -698.025940
v -235.392120 418.773956 -724.462585
v -243.053360 370.117096 -748.041443
v -249.755539 319.999512 -768.668518
v -255.471481 268.619049 -786.260193
v -260.179413 216.178452 -800.750244
v -263.860474 162.884720 -812.079224
v -266.500153 108.948151 -820.204163
v -268.088654 54.581604 -825.092041
v -268.618347 -0.000349 -826.722534
v -268.088654 -54.582298 -825.092041
v -266.500336 -108.948837 -820.204163
v -263.860260 -162.885406 -812.078857
v -260.179382 -216.179138 -800.750244
v -255.471375 -268.619720 -786.259888
v -249.755417 -320.000153 -768.667969
v -243.053436 -370.117706 -748.041260
v -235.391815 -418.774597 -724.462158
v -226.802170 -465.778748 -698.025269
v -217.316910 -510.944672 -668.832397
v -206.974197 -554.094177 -637.000977
v -195.814316 -595.056824 -602.654663
v -183.882111 -633.671143 -565.930542
v -171.223770 -669.784607 -526.972412
v -157.890091 -703.254761 -485.935150
v -143.933075 -733.949463 -442.980133
v -129.407700 -761.747620 -398.275787
v -114.372093 -786.539490 -352.000763
v -98.884956 -808.227234 -304.336334
v -83.007469 -826.725342 -255.470444
v -66.802704 -841.960693 -205.596970
v -50.334103 -853.873169 -154.911697
v -33.666794 -862.415894 -103.615013
v -16.866690 -867.554932 -51.909470
v -14.127027 867.554871 -52.721947
v -28.198021 862.415771 -105.235794
v -42.157810 853.873047 -157.334412
v -55.951180 841.960510 -208.812134
v -69.523506 826.725098 -259.465210
v -82.821762 808.226990 -309.095062
v -95.793251 786.539185 -357.504730
v -108.386246 761.747253 -404.503296
v -120.552162 733.949097 -449.906372
v -132.241745 703.254333 -493.533112
v -143.409454 669.784119 -535.211914
v -154.011765 633.670654 -574.779175
v -164.005585 595.056335 -612.077454
v -173.352646 554.093567 -646.960876
v -182.015182 510.944031 -679.289856
v -189.959641 465.778107 -708.939270
v -197.154007 418.773956 -735.789185
v -203.570740 370.117096 -759.736755
v -209.184189 319.999512 -780.686279
v -213.971619 268.619049 -798.552979
v -217.914764 216.178452 -813.269531
v -220.997849 162.884720 -824.775635
v -223.208710 108.948151 -833.027588
v -224.539230 54.581604 -837.991943
v -224.982849 -0.000349 -839.647888
v -224.539230 -54.582298 -837.991943
v -223.208862 -108.948837 -833.027649
v -220.997665 -162.885406 -824.775330
v -217.914719 -216.179138 -813.269531
v -213.971542 -268.619720 -798.552673
v -209.184097 -320.000153 -780.685669
v -203.570831 -370.117706 -759.736572
v -197.153732 -418.774597 -735.788757
v -189.959473 -465.778748 -708.938538
v -182.015045 -510.944672 -679.289246
v -173.352432 -554.094177 -646.960205
v -164.005386 -595.056824 -612.076843
v -154.011536 -633.671143 -574.778625
v -143.409454 -669.784607 -535.211304
v -132.241776 -703.254761 -493.532532
v -120.551971 -733.949463 -449.905914
v -108.386154 -761.747620 -404.502625
v -95.792999 -786.539490 -357.504120
v -82.821655 -808.227234 -309.094482
v -69.523369 -826.725342 -259.464600
v -55.950985 -841.960693 -208.811386
v -42.157619 -853.873169 -157.333679
v -28.197817 -862.415894 -105.234993
v -14.126797 -867.554932 -52.721062
v -11.348363 867.554871 -53.389042
v -22.651711 862.415771 -106.567337
v -33.865738 853.873047 -159.325150
v -44.946064 841.960510 -211.454224
v -55.848816 826.725098 -262.748199
v -66.531425 808.226990 -313.005981
v -76.951569 786.539185 -362.028198
v -87.067596 761.747253 -409.621429
v -96.840622 733.949097 -455.599030
v -106.230927 703.254333 -499.777771
v -115.202026 669.784119 -541.983826
v -123.719025 633.670654 -582.051819
v -131.747101 595.056335 -619.821960
v -139.255707 554.093567 -655.146790
v -146.214386 510.944031 -687.884827
v -152.596252 465.778107 -717.909424
v -158.375519 418.773956 -745.099060
v -163.530136 370.117096 -769.349548
v -168.039490 319.999512 -790.564209
v -171.885300 268.619049 -808.656982
v -175.052826 216.178452 -823.559753
v -177.529495 162.884720 -835.211426
v -179.305466 108.948151 -843.567810
v -180.374329 54.581604 -848.594971
v -180.730698 -0.000349 -850.271912
v -180.374329 -54.582298 -848.594971
v -179.305618 -108.948837 -843.567871
v -177.529343 -162.885406 -835.211060
v -175.052780 -216.179138 -823.559753
v -171.885223 -268.619720 -808.656677
v -168.039429 -320.000153 -790.563599
v -163.530243 -370.117706 -769.349426
v -158.375259 -418.774597 -745.098572
v -152.596115 -465.778748 -717.908630
v -146.214294 -510.944672 -687.884216
v -139.255539 -554.094177 -655.146118
v -131.746933 -595.056824 -619.821350
v -123.718819 -633.671143 -582.051270
v -115.202049 -669.784607 -541.983276
v -106.230988 -703.254761 -499.777191
v -96.840446 -733.949463 -455.598572
v -87.067535 -761.747620 -409.620728
v -76.951347 -786.539490 -362.027557
v -66.531342 -808.227234 -313.005432
v -55.848713 -826.725342 -262.747559
v -44.945911 -841.960693 -211.453461
v -33.865585 -853.873169 -159.324417
v -22.651550 -862.415894 -106.566521
v -11.348181 -867.554932 -53.388149
v -8.538596 867.554871 -53.909801
v -17.043316 862.415771 -107.606789
v -25.480846 853.873047 -160.879181
v -33.817757 841.960510 -213.516708
v -42.021049 826.725098 -265.311005
v -50.058731 808.226990 -316.058990
v -57.898968 786.539185 -365.559387
v -65.510292 761.747253 -413.616791
v -72.863647 733.949097 -460.042877
v -79.928947 703.254333 -504.652496
v -86.678856 669.784119 -547.270264
v -93.087181 633.670654 -587.729065
v -99.127525 595.056335 -625.867615
v -104.777077 554.093567 -661.537048
v -110.012833 510.944031 -694.594360
v -114.814598 465.778107 -724.911865
v -119.162941 418.773956 -752.366577
v -123.041313 370.117096 -776.853699
v -126.434219 319.999512 -798.275269
v -129.327835 268.619049 -816.544495
v -131.711075 216.178452 -831.592590
v -133.574539 162.884720 -843.357971
v -134.910736 108.948151 -851.795837
v -135.715057 54.581604 -856.872070
v -135.983154 -0.000349 -858.565308
v -135.715057 -54.582298 -856.872070
v -134.910889 -108.948837 -851.795898
v -133.574417 -162.885406 -843.357605
v -131.711029 -216.179138 -831.592590
v -129.327789 -268.619720 -816.544189
v -126.434181 -320.000153 -798.274658
v -123.041435 -370.117706 -776.853516
v -119.162704 -418.774597 -752.366150
v -114.814507 -465.778748 -724.911011
v -110.012779 -510.944672 -694.593750
v -104.776932 -554.094177 -661.536316
v -99.127396 -595.056824 -625.867004
v -93.086998 -633.671143 -587.728516
v -86.678902 -669.784607 -547.269714
v -79.929039 -703.254761 -504.651917
v -72.863495 -733.949463 -460.042419
v -65.510277 -761.747620 -413.616089
v -57.898785 -786.539490 -365.558716
v -50.058674 -808.227234 -316.058411
v -42.020977 -826.725342 -265.310364
v -33.817642 -841.960693 -213.515945
v -25.480732 -853.873169 -160.878464
v -17.043198 -862.415894 -107.605965
v -8.538461 -867.554932 -53.908897
v -5.705425 867.554871 -54.282795
v -11.388206 862.415771 -108.351295
v -17.026112 853.873047 -161.992264
v -22.596762 841.960510 -214.993973
v -28.078106 826.725098 -267.146637
v -33.448822 808.226990 -318.245728
v -38.687668 786.539185 -368.088562
v -43.773434 761.747253 -416.478485
v -48.686958 733.949097 -463.225769
v -53.407883 703.254333 -508.143982
v -57.918098 669.784119 -551.056641
v -62.200199 633.670654 -591.795471
v -66.236244 595.056335 -630.197815
v -70.011253 554.093567 -666.114075
v -73.509750 510.944031 -699.400024
v -76.718239 465.778107 -729.927246
v -79.623749 418.773956 -757.572021
v -82.215263 370.117096 -782.228516
v -84.482399 319.999512 -803.798279
v -86.415909 268.619049 -822.193970
v -88.008324 216.178452 -837.346191
v -89.253479 162.884720 -849.192871
v -90.146248 108.948151 -857.689148
v -90.683792 54.581604 -862.800537
v -90.862900 -0.000349 -864.505493
v -90.683792 -54.582298 -862.800537
v -90.146400 -108.948837 -857.689209
v -89.253380 -162.885406 -849.192505
v -88.008270 -216.179138 -837.346191
v -86.415878 -268.619720 -822.193665
v -84.482391 -320.000153 -803.797668
v -82.215393 -370.117706 -782.228333
v -79.623543 -418.774597 -757.571472
v -76.718185 -465.778748 -729.926453
v -73.509727 -510.944672 -699.399414
v -70.011154 -554.094177 -666.113281
v -66.236145 -595.056824 -630.197205
v -62.200043 -633.671143 -591.794800
v -57.918179 -669.784607 -551.056091
v -53.408001 -703.254761 -508.143433
v -48.686829 -733.949463 -463.225311
v -43.773453 -761.747620 -416.477783
v -38.687523 -786.539490 -368.087891
v -33.448799 -808.227234 -318.245148
v -28.078068 -826.725342 -267.145996
v -22.596685 -841.960693 -214.993195
v -17.026037 -853.873169 -161.991531
v -11.388131 -862.415894 -108.350464
v -5.705338 -867.554932 -54.281883
v -2.856616 867.554871 -54.507000
v -5.701882 862.415771 -108.798813
v -8.524710 853.873047 -162.661331
v -11.313829 841.960510 -215.881958
v -14.058205 826.725098 -268.250000
v -16.747240 808.226990 -319.560120
v -19.370331 786.539185 -369.608856
v -21.916594 761.747253 -418.198639
v -24.376820 733.949097 -465.139008
v -26.740437 703.254333 -510.242706
v -28.998596 669.784119 -553.332581
v -31.142725 633.670654 -594.239685
v -33.163418 595.056335 -632.800659
v -35.053539 554.093567 -668.865295
v -36.805183 510.944031 -702.288696
v -38.411610 465.778107 -732.942017
v -39.866322 418.773956 -760.700989
v -41.163868 370.117096 -785.459290
v -42.299019 319.999512 -807.118164
v -43.267120 268.619049 -825.589783
v -44.064350 216.178452 -840.804565
v -44.687786 162.884720 -852.700256
v -45.134670 108.948151 -861.231567
v -45.403976 54.581604 -866.364075
v -45.493599 -0.000349 -868.076050
v -45.403976 -54.582298 -866.364075
v -45.134819 -108.948837 -861.231628
v -44.687702 -162.885406 -852.699890
v -44.064297 -216.179138 -840.804565
v -43.267105 -268.619720 -825.589478
v -42.299038 -320.000153 -807.117554
v -41.163998 -370.117706 -785.459106
v -39.866142 -418.774597 -760.700439
v -38.411602 -465.778748 -732.941223
v -36.805199 -510.944672 -702.288086
v -35.053478 -554.094177 -668.864502
v -33.163345 -595.056824 -632.800049
v -31.142601 -633.671143 -594.239014
v -28.998703 -669.784607 -553.332092
v -26.740587 -703.254761 -510.242188
v -24.376715 -733.949463 -465.138550
v -21.916651 -761.747620 -418.197937
v -19.370220 -786.539490 -369.608185
v -16.747248 -808.227234 -319.559540
v -14.058200 -826.725342 -268.249329
v -11.313792 -841.960693 -215.881180
v -8.524673 -853.873169 -162.660599
v -5.701850 -862.415894 -108.797981
v -2.856577 -867.554932 -54.506081
v 0.000022 867.554871 -54.581806
v 0.000058 853.873047 -162.884552
v 0.000113 841.960510 -216.178207
v 0.000230 826.725098 -268.618103
v 0.000243 808.226990 -319.998657
v 0.000318 761.747253 -418.772522
v 0.000255 268.619049 -826.722717
v 0.000391 162.884720 -853.870361
v 0.000617 108.948151 -862.413513
v 0.000293 54.581604 -867.553040
v 0.000293 -54.582298 -867.553040
v 0.000472 -108.948837 -862.413513
v 0.000452 -216.179138 -841.958374
v 0.002439 874.123474 -0.014280
v 0.003231 874.123474 -0.014133
v 0.004014 874.123474 -0.013945
v 0.004787 874.123474 -0.013716
v 0.005546 874.123474 -0.013447
v 0.006290 874.123474 -0.013139
v 0.007017 874.123474 -0.012792
v 0.007725 874.123474 -0.012408
v 0.008411 874.123474 -0.011987
v 0.009075 874.123474 -0.011531
v 0.009714 874.123474 -0.011041
v 0.010326 874.123474 -0.010518
v 0.010911 874.123474 -0.009964
v 0.011465 874.123474 -0.009379
v 0.011988 874.123474 -0.008767
v 0.012478 874.123474 -0.008128
v 0.012934 874.123474 -0.007464
v 0.013355 874.123474 -0.006778
v 0.013739 874.123474 -0.006070
v 0.014086 874.123474 -0.005343
v 0.014394 874.123474 -0.004599
v 0.014663 874.123474 -0.003840
v 0.014892 874.123474 -0.003067
v 0.015080 874.123474 -0.002284
v 0.015227 874.123474 -0.001492
v 0.015332 874.123474 -0.000694
v 0.015395 874.123474 0.000109
v 0.015416 874.123474 0.000914
v 0.015395 874.123474 0.001719
v 0.015332 874.123474 0.002522
v 0.015227 874.123474 0.003320
v 0.015080 874.123474 0.004112
v 0.014892 874.123474 0.004895
v 0.014663 874.123474 0.005668
v 0.014394 874.123474 0.006427
v 0.014086 874.123474 0.007171
v 0.013739 874.123474 0.007898
v 0.013355 874.123474 0.008606
v 0.012934 874.123474 0.009292
v 0.012478 874.123474 0.009956
v 0.011988 874.123474 0.010595
v 0.011465 874.123474 0.011207
v 0.010911 874.123474 0.011792
v 0.010326 874.123474 0.012346
v 0.009714 874.123474 0.012869
v 0.009075 874.123474 0.013359
v 0.008411 874.123474 0.013815
v 0.007725 874.123474 0.014236
v 0.007017 874.123474 0.014621
v 0.006290 874.123474 0.014967
v 0.005546 874.123474 0.015275
v 0.004787 874.123474 0.015544
v 0.004014 874.123474 0.015773
v 0.003231 874.123474 0.015961
v 0.002439 874.123474 0.016108
v 0.001641 874.123474 0.016213
v 0.000838 874.123474 0.016276
v 0.000033 874.123474 0.016297
v -0.000772 874.123474 0.016276
v -0.001575 874.123474 0.016213
v -0.002373 874.123474 0.016108
v -0.003165 874.123474 0.015961
v -0.003948 874.123474 0.015773
v -0.004721 874.123474 0.015544
v -0.005480 874.123474 0.015275
v -0.006224 874.123474 0.014967
v -0.006951 874.123474 0.014621
v -0.007659 874.123474 0.014236
v -0.008345 874.123474 0.013815
v -0.009009 874.123474 0.013359
v -0.009648 874.123474 0.012869
v -0.010260 874.123474 0.012346
v -0.010845 874.123474 0.011792
v -0.011399 874.123474 0.011207
v -0.011922 874.123474 0.010595
v -0.012412 874.123474 0.009956
v -0.012868 874.123474 0.009292
v -0.013289 874.123474 0.008606
v -0.013673 874.123474 0.007898
v -0.014020 874.123474 0.007171
v -0.014328 874.123474 0.006427
v -0.014597 874.123474 0.005668
v -0.014826 874.123474 0.004895
v -0.015014 874.123474 0.004112
v -0.015161 874.123474 0.003320
v -0.015266 874.123474 0.002522
v -0.015329 874.123474 0.001719
v -0.015350 874.123474 0.000914
v -0.015329 874.123474 0.000109
v -0.015266 874.123474 -0.000694
v -0.015161 874.123474 -0.001492
v -0.015014 874.123474 -0.002284
v -0.014826 874.123474 -0.003067
v -0.014597 874.123474 -0.003840
v -0.014328 874.123474 -0.004599
v -0.014020 874.123474 -0.005343
v -0.013673 874.123474 -0.006070
v -0.013289 874.123474 -0.006778
v -0.012868 874.123474 -0.007464
v -0.012412 874.123474 -0.008128
v -0.011922 874.123474 -0.008767
v -0.011399 874.123474 -0.009379
v -0.010845 874.123474 -0.009963
v -0.010260 874.123474 -0.010518
v -0.009648 874.123474 -0.011041
v -0.009009 874.123474 -0.011531
v -0.008345 874.123474 -0.011987
v -0.007659 874.123474 -0.012408
v -0.006951 874.123474 -0.012792
v -0.006224 874.123474 -0.013139
v -0.005480 874.123474 -0.013447
v -0.004721 874.123474 -0.013716
v -0.003948 874.123474 -0.013945
v -0.003165 874.123474 -0.014133
v -0.002373 874.123474 -0.014280
v -0.001575 874.123474 -0.014385
v -0.000772 874.123474 -0.014448
v 0.000033 874.123474 -0.014469
v 0.000038 -871.823425 -0.021525
v 0.001212 -871.823425 -0.021494
v 0.002383 -871.823425 -0.021402
v 0.003548 -871.823425 -0.021249
v 0.004703 -871.823425 -0.021035
v 0.005845 -871.823425 -0.020760
v 0.006972 -871.823425 -0.020427
v 0.008079 -871.823425 -0.020035
v 0.009164 -871.823425 -0.019585
v 0.010224 -871.823425 -0.019079
v 0.011257 -871.823425 -0.018519
v 0.012258 -871.823425 -0.017905
v 0.013226 -871.823425 -0.017240
v 0.014158 -871.823425 -0.016525
v 0.015052 -871.823425 -0.015762
v 0.015904 -871.823425 -0.014953
v 0.016712 -871.823425 -0.014101
v 0.017475 -871.823425 -0.013208
v 0.018190 -871.823425 -0.012276
v 0.018856 -871.823425 -0.011308
v 0.019469 -871.823425 -0.010306
v 0.020030 -871.823425 -0.009274
v 0.020535 -871.823425 -0.008214
v 0.020985 -871.823425 -0.007129
v 0.021377 -871.823425 -0.006021
v 0.021711 -871.823425 -0.004895
v 0.021985 -871.823425 -0.003753
v 0.022199 -871.823425 -0.002598
v 0.022352 -871.823425 -0.001433
v 0.022445 -871.823425 -0.000262
v 0.022475 -871.823425 0.000912
v 0.022445 -871.823425 0.002087
v 0.022352 -871.823425 0.003258
v 0.022199 -871.823425 0.004422
v 0.021985 -871.823425 0.005577
v 0.021711 -871.823425 0.006719
v 0.021377 -871.823425 0.007846
v 0.020985 -871.823425 0.008953
v 0.020535 -871.823425 0.010038
v 0.020030 -871.823425 0.011099
v 0.019469 -871.823425 0.012131
v 0.018856 -871.823425 0.013132
v 0.018190 -871.823425 0.014101
v 0.017475 -871.823425 0.015032
v 0.016712 -871.823425 0.015926
v 0.015904 -871.823425 0.016778
v 0.015051 -871.823425 0.017586
v 0.014158 -871.823425 0.018349
v 0.013226 -871.823425 0.019064
v 0.012258 -871.823425 0.019730
v 0.011257 -871.823425 0.020343
v 0.010224 -871.823425 0.020904
v 0.009164 -871.823425 0.021410
v 0.008079 -871.823425 0.021859
v 0.006972 -871.823425 0.022251
v 0.005845 -871.823425 0.022585
v 0.004703 -871.823425 0.022859
v 0.003548 -871.823425 0.023073
v 0.002383 -871.823425 0.023227
v 0.001212 -871.823425 0.023319
v 0.000038 -871.823425 0.023349
v -0.001136 -871.823425 0.023319
v -0.002307 -871.823425 0.023227
v -0.003472 -871.823425 0.023073
v -0.004627 -871.823425 0.022859
v -0.005769 -871.823425 0.022585
v -0.006895 -871.823425 0.022251
v -0.008003 -871.823425 0.021859
v -0.009088 -871.823425 0.021410
v -0.010148 -871.823425 0.020904
v -0.011181 -871.823425 0.020343
v -0.012182 -871.823425 0.019730
v -0.013150 -871.823425 0.019064
v -0.014082 -871.823425 0.018349
v -0.014975 -871.823425 0.017586
v -0.015827 -871.823425 0.016778
v -0.016636 -871.823425 0.015926
v -0.017399 -871.823425 0.015032
v -0.018114 -871.823425 0.014100
v -0.018779 -871.823425 0.013132
v -0.019393 -871.823425 0.012131
v -0.019954 -871.823425 0.011099
v -0.020459 -871.823425 0.010038
v -0.020909 -871.823425 0.008953
v -0.021301 -871.823425 0.007846
v -0.021635 -871.823425 0.006719
v -0.021909 -871.823425 0.005577
v -0.022123 -871.823425 0.004422
v -0.022276 -871.823425 0.003258
v -0.022368 -871.823425 0.002087
v -0.022399 -871.823425 0.000912
v -0.022368 -871.823425 -0.000262
v -0.022276 -871.823425 -0.001433
v -0.022123 -871.823425 -0.002598
v -0.021909 -871.823425 -0.003753
v -0.021635 -871.823425 -0.004895
v -0.021301 -871.823425 -0.006021
v -0.020909 -871.823425 -0.007129
v -0.020459 -871.823425 -0.008214
v -0.019954 -871.823425 -0.009274
v -0.019393 -871.823425 -0.010306
v -0.018779 -871.823425 -0.011308
v -0.018114 -871.823425 -0.012276
v -0.017399 -871.823425 -0.013208
v -0.016636 -871.823425 -0.014101
v -0.015827 -871.823425 -0.014953
v -0.014975 -871.823425 -0.015762
v -0.014082 -871.823425 -0.016525
v -0.013150 -871.823425 -0.017240
v -0.012182 -871.823425 -0.017905
v -0.011181 -871.823425 -0.018519
v -0.010148 -871.823425 -0.019079
v -0.009088 -871.823425 -0.019585
v -0.008003 -871.823425 -0.020035
v -0.006895 -871.823425 -0.020427
v -0.005769 -871.823425 -0.020760
v -0.004627 -871.823425 -0.021035
v -0.003472 -871.823425 -0.021249
v -0.002307 -871.823425 -0.021402
v -0.001136 -871.823425 -0.021494
vt 0.495834 0.700000
vt 0.487502 0.700000
vt 0.487502 0.720000
vt 0.495834 0.720000
vt 0.495834 0.160000
vt 0.487502 0.160000
vt 0.487502 0.180000
vt 0.495834 0.180000
vt 0.495834 0.960000
vt 0.487502 0.960000
vt 0.487502 0.980000
vt 0.495834 0.980000
vt 0.495834 0.420000
vt 0.487502 0.420000
vt 0.487502 0.440000
vt 0.495834 0.440000
vt 0.495834 0.680000
vt 0.487502 0.680000
vt 0.495834 0.140000
vt 0.487502 0.140000
vt 0.495834 0.940000
vt 0.487502 0.940000
vt 0.495834 0.400000
vt 0.487502 0.400000
vt 0.495834 0.660000
vt 0.487502 0.660000
vt 0.495834 0.120000
vt 0.487502 0.120000
vt 0.495834 0.920000
vt 0.487502 0.920000
vt 0.495834 0.380000
vt 0.487502 0.380000
vt 0.495834 0.640000
vt 0.487502 0.640000
vt 0.495834 0.100000
vt 0.487502 0.100000
vt 0.495834 0.900000
vt 0.487502 0.900000
vt 0.495834 0.360000
vt 0.487502 0.360000
vt 0.495834 0.620000
vt 0.487502 0.620000
vt 0.495834 0.080000
vt 0.487502 0.080000
vt 0.495834 0.880000
vt 0.487502 0.880000
vt 0.495834 0.340000
vt 0.487502 0.340000
vt 0.495834 0.600000
vt 0.487502 0.600000
vt 0.495834 0.060000
vt 0.487502 0.060000
vt 0.495834 0.860000
vt 0.487502 0.860000
vt 0.495834 0.320000
vt 0.487502 0.320000
vt 0.495834 0.580000
vt 0.487502 0.580000
vt 0.495834 0.040000
vt 0.487502 0.040000
vt 0.495834 0.840001
vt 0.487502 0.840000
vt 0.495834 0.300000
vt 0.487502 0.300000
vt 0.495834 0.560000
vt 0.487502 0.560000
vt 0.495834 0.020000
vt 0.487502 0.020000
vt 0.495834 0.820000
vt 0.487502 0.820000
vt 0.495834 0.280000
vt 0.487502 0.280000
vt 0.495834 0.540000
vt 0.487502 0.540000
vt 0.812444 0.980000
vt 0.821019 1.000000
vt 0.829135 1.000000
vt 0.820776 0.980000
vt 0.495834 0.800000
vt 0.487502 0.800000
vt 0.495834 0.260000
vt 0.487502 0.260000
vt 0.495834 0.520000
vt 0.487502 0.520000
vt 0.495834 0.780000
vt 0.487502 0.780000
vt 0.495834 0.240000
vt 0.487502 0.240000
vt 0.495834 0.500000
vt 0.487502 0.500000
vt 0.495834 0.760000
vt 0.487502 0.760000
vt 0.495834 0.220000
vt 0.487502 0.220000
vt 0.495834 0.480000
vt 0.487502 0.480000
vt 0.495834 0.740000
vt 0.487502 0.740000
vt 0.495834 0.200000
vt 0.487502 0.200000
vt 0.495834 0.460000
vt 0.487502 0.460000
vt 0.012591 0.020000
vt 0.012199 0.000000
vt 0.004193 0.000000
vt 0.004259 0.020000
vt 0.479171 0.900000
vt 0.479170 0.920000
vt 0.479171 0.360000
vt 0.479171 0.380000
vt 0.479171 0.620000
vt 0.479171 0.640000
vt 0.479170 0.080000
vt 0.479171 0.100000
vt 0.479171 0.880000
vt 0.479171 0.340000
vt 0.479171 0.600000
vt 0.479170 0.060000
vt 0.479171 0.860000
vt 0.479171 0.320000
vt 0.479171 0.580000
vt 0.479170 0.040000
vt 0.479171 0.840000
vt 0.479171 0.300000
vt 0.479171 0.560000
vt 0.479170 0.020000
vt 0.479171 0.820000
vt 0.479171 0.280000
vt 0.479171 0.540000
vt 0.504166 0.980000
vt 0.504330 1.000000
vt 0.513188 1.000000
vt 0.512498 0.980000
vt 0.479171 0.800000
vt 0.479171 0.260000
vt 0.479171 0.520000
vt 0.479171 0.780000
vt 0.479171 0.240000
vt 0.479171 0.500000
vt 0.479171 0.760000
vt 0.479171 0.220000
vt 0.479171 0.480000
vt 0.479171 0.740000
vt 0.479171 0.200000
vt 0.479171 0.460000
vt 0.479171 0.720000
vt 0.479171 0.180000
vt 0.429179 0.020000
vt 0.426193 0.000000
vt 0.417554 0.000000
vt 0.420847 0.020000
vt 0.479171 0.440000
vt 0.479171 0.700000
vt 0.479171 0.160000
vt 0.479170 0.960000
vt 0.479170 0.980000
vt 0.479171 0.420000
vt 0.479171 0.680000
vt 0.479171 0.140000
vt 0.479170 0.940000
vt 0.479171 0.400000
vt 0.479171 0.660000
vt 0.479171 0.120000
vt 0.470839 0.240000
vt 0.470839 0.260000
vt 0.470839 0.500000
vt 0.470839 0.520000
vt 0.470839 0.760000
vt 0.470839 0.780000
vt 0.470839 0.220000
vt 0.470839 0.480000
vt 0.470839 0.740000
vt 0.470839 0.200000
vt 0.470839 0.460000
vt 0.470839 0.720000
vt 0.470839 0.180000
vt 0.195888 0.020000
vt 0.189908 0.000000
vt 0.181712 0.000000
vt 0.187556 0.020000
vt 0.470839 0.440000
vt 0.470839 0.700000
vt 0.470839 0.160000
vt 0.470839 0.960000
vt 0.470838 0.980000
vt 0.470839 0.420000
vt 0.470839 0.680000
vt 0.470839 0.140000
vt 0.470839 0.940000
vt 0.470839 0.400000
vt 0.470839 0.660000
vt 0.470839 0.120000
vt 0.470839 0.920000
vt 0.470839 0.380000
vt 0.470839 0.640000
vt 0.470839 0.100000
vt 0.470839 0.900000
vt 0.470839 0.360000
vt 0.470839 0.620000
vt 0.470839 0.080000
vt 0.470839 0.880000
vt 0.470839 0.340000
vt 0.470839 0.600000
vt 0.470839 0.060000
vt 0.470839 0.860000
vt 0.470839 0.320000
vt 0.470839 0.580000
vt 0.470839 0.040000
vt 0.470839 0.840000
vt 0.470839 0.300000
vt 0.470839 0.560000
vt 0.470838 0.020000
vt 0.470839 0.820000
vt 0.470839 0.280000
vt 0.470839 0.540000
vt 0.304201 0.980000
vt 0.295088 1.000000
vt 0.303569 1.000000
vt 0.312533 0.980000
vt 0.470839 0.800000
vt 0.462507 0.920000
vt 0.462507 0.940000
vt 0.462507 0.380000
vt 0.462507 0.400000
vt 0.462507 0.640000
vt 0.462507 0.660000
vt 0.462507 0.100000
vt 0.462507 0.120000
vt 0.462507 0.900000
vt 0.462507 0.360000
vt 0.462507 0.620000
vt 0.462507 0.080000
vt 0.462507 0.880000
vt 0.462507 0.340000
vt 0.462507 0.600000
vt 0.462507 0.060000
vt 0.462507 0.860000
vt 0.462507 0.320000
vt 0.462507 0.580000
vt 0.462507 0.040000
vt 0.462507 0.840000
vt 0.462507 0.300000
vt 0.462507 0.560000
vt 0.462506 0.020000
vt 0.462507 0.820000
vt 0.462507 0.280000
vt 0.462507 0.540000
vt 0.970746 0.979999
vt 0.972461 1.000000
vt 0.980331 1.000000
vt 0.979077 0.979999
vt 0.462507 0.800000
vt 0.462507 0.260000
vt 0.462507 0.520000
vt 0.462507 0.780000
vt 0.462507 0.240000
vt 0.462507 0.500000
vt 0.462507 0.760000
vt 0.462507 0.220000
vt 0.462507 0.480000
vt 0.462507 0.740000
vt 0.462507 0.200000
vt 0.462507 0.460000
vt 0.462507 0.720000
vt 0.462507 0.180000
vt 0.620813 0.020000
vt 0.625329 0.000000
vt 0.616740 0.000000
vt 0.612481 0.020000
vt 0.462507 0.440000
vt 0.462507 0.700000
vt 0.462507 0.160000
vt 0.462507 0.960000
vt 0.462506 0.980000
vt 0.462507 0.420000
vt 0.462507 0.680000
vt 0.462507 0.140000
vt 0.454175 0.260000
vt 0.454175 0.280000
vt 0.454175 0.520000
vt 0.454175 0.540000
vt 0.454175 0.780000
vt 0.454175 0.800000
vt 0.454175 0.240000
vt 0.454175 0.500000
vt 0.454175 0.760000
vt 0.454175 0.220000
vt 0.454175 0.480000
vt 0.454175 0.740000
vt 0.454175 0.200000
vt 0.454175 0.460000
vt 0.454175 0.720000
vt 0.454175 0.180000
vt 0.787449 0.020000
vt 0.793706 0.000000
vt 0.785452 0.000000
vt 0.779117 0.020000
vt 0.454175 0.440000
vt 0.454175 0.700000
vt 0.454175 0.160000
vt 0.454175 0.960000
vt 0.454175 0.980000
vt 0.454175 0.420000
vt 0.454175 0.680000
vt 0.454175 0.140000
vt 0.454175 0.940000
vt 0.454175 0.400000
vt 0.454175 0.660000
vt 0.454175 0.120000
vt 0.454175 0.920000
vt 0.454175 0.380000
vt 0.454175 0.640000
vt 0.454175 0.100000
vt 0.454175 0.900000
vt 0.454175 0.360000
vt 0.454175 0.620000
vt 0.454175 0.080000
vt 0.454175 0.880000
vt 0.454175 0.340000
vt 0.454175 0.600000
vt 0.454175 0.060000
vt 0.454175 0.860000
vt 0.454175 0.320000
vt 0.454175 0.580000
vt 0.454175 0.040000
vt 0.454175 0.840000
vt 0.454175 0.300000
vt 0.454175 0.560000
vt 0.454175 0.020000
vt 0.454175 0.820000
vt 0.095907 0.979999
vt 0.090878 1.000000
vt 0.098816 1.000000
vt 0.104239 0.979999
vt 0.445843 0.940000
vt 0.445843 0.960000
vt 0.445843 0.400000
vt 0.445843 0.420000
vt 0.445843 0.660000
vt 0.445843 0.680000
vt 0.445843 0.120000
vt 0.445843 0.140000
vt 0.445843 0.920000
vt 0.445843 0.380000
vt 0.445843 0.640000
vt 0.445843 0.100000
vt 0.445843 0.900000
vt 0.445843 0.360000
vt 0.445843 0.620000
vt 0.445843 0.080000
vt 0.445843 0.880000
vt 0.445843 0.340000
vt 0.445843 0.600000
vt 0.445843 0.060000
vt 0.445843 0.860000
vt 0.445843 0.320000
vt 0.445843 0.580000
vt 0.445843 0.040000
vt 0.445843 0.840000
vt 0.445843 0.300000
vt 0.445843 0.560000
vt 0.445843 0.020000
vt 0.445843 0.820000
vt 0.445843 0.280000
vt 0.445843 0.540000
vt 0.345860 0.980000
vt 0.337750 1.000000
vt 0.346357 1.000000
vt 0.354192 0.980000
vt 0.445843 0.800000
vt 0.445843 0.260000
vt 0.445843 0.520000
vt 0.445843 0.780000
vt 0.445843 0.240000
vt 0.445843 0.500000
vt 0.445843 0.760000
vt 0.445843 0.220000
vt 0.445843 0.480000
vt 0.445843 0.740000
vt 0.445843 0.200000
vt 0.445843 0.460000
vt 0.445843 0.720000
vt 0.445843 0.180000
vt 0.345860 0.020000
vt 0.340347 0.000000
vt 0.331842 0.000000
vt 0.337528 0.020000
vt 0.445843 0.440000
vt 0.445843 0.700000
vt 0.445843 0.160000
vt 0.445843 0.980000
vt 0.437512 0.280000
vt 0.437512 0.300000
vt 0.437512 0.540000
vt 0.437512 0.560000
vt 0.804112 0.980000
vt 0.812881 1.000000
vt 0.437512 0.800000
vt 0.437512 0.820000
vt 0.437512 0.260000
vt 0.437512 0.520000
vt 0.437512 0.780000
vt 0.437512 0.240000
vt 0.437512 0.500000
vt 0.437512 0.760000
vt 0.437512 0.220000
vt 0.437512 0.480000
vt 0.437512 0.740000
vt 0.437512 0.200000
vt 0.437512 0.460000
vt 0.437512 0.720000
vt 0.437512 0.180000
vt 0.137566 0.020000
vt 0.132839 0.000000
vt 0.124738 0.000000
vt 0.129234 0.020000
vt 0.437512 0.440000
vt 0.437512 0.700000
vt 0.437512 0.160000
vt 0.437511 0.960000
vt 0.437511 0.980000
vt 0.437512 0.420000
vt 0.437512 0.680000
vt 0.437512 0.140000
vt 0.437511 0.940000
vt 0.437512 0.400000
vt 0.437512 0.660000
vt 0.437512 0.120000
vt 0.437511 0.920000
vt 0.437512 0.380000
vt 0.437512 0.640000
vt 0.437512 0.100000
vt 0.437512 0.900000
vt 0.437512 0.360000
vt 0.437512 0.620000
vt 0.437511 0.080000
vt 0.437512 0.880000
vt 0.437512 0.340000
vt 0.437512 0.600000
vt 0.437511 0.060000
vt 0.437512 0.860000
vt 0.437512 0.320000
vt 0.437512 0.580000
vt 0.437511 0.040000
vt 0.437512 0.840000
vt 0.437511 0.020000
vt 0.429179 0.960000
vt 0.429179 0.980000
vt 0.429180 0.420000
vt 0.429180 0.440000
vt 0.429180 0.680000
vt 0.429180 0.700000
vt 0.429180 0.140000
vt 0.429180 0.160000
vt 0.429180 0.940000
vt 0.429180 0.400000
vt 0.429180 0.660000
vt 0.429180 0.120000
vt 0.429180 0.920000
vt 0.429180 0.380000
vt 0.429180 0.640000
vt 0.429180 0.100000
vt 0.429180 0.900000
vt 0.429180 0.360000
vt 0.429180 0.620000
vt 0.429180 0.080000
vt 0.429180 0.880000
vt 0.429180 0.340000
vt 0.429180 0.600000
vt 0.429180 0.060000
vt 0.429180 0.860000
vt 0.429180 0.320000
vt 0.429180 0.580000
vt 0.429179 0.040000
vt 0.429180 0.840000
vt 0.429180 0.300000
vt 0.429180 0.560000
vt 0.429180 0.820000
vt 0.429180 0.280000
vt 0.429180 0.540000
vt 0.245878 0.980000
vt 0.236457 1.000000
vt 0.244755 1.000000
vt 0.254210 0.980000
vt 0.429180 0.800000
vt 0.429180 0.260000
vt 0.429180 0.520000
vt 0.429180 0.780000
vt 0.429180 0.240000
vt 0.429180 0.500000
vt 0.429180 0.760000
vt 0.429180 0.220000
vt 0.429180 0.480000
vt 0.429180 0.740000
vt 0.429180 0.200000
vt 0.429180 0.460000
vt 0.429180 0.720000
vt 0.429180 0.180000
vt 0.370856 0.020000
vt 0.365959 0.000000
vt 0.357406 0.000000
vt 0.362524 0.020000
vt 0.420848 0.300000
vt 0.420848 0.320000
vt 0.420848 0.560000
vt 0.420848 0.580000
vt 0.420847 0.040000
vt 0.420848 0.820000
vt 0.420848 0.840000
vt 0.420848 0.280000
vt 0.420848 0.540000
vt 0.687467 0.980000
vt 0.696368 1.000000
vt 0.704859 1.000000
vt 0.695799 0.980000
vt 0.420848 0.800000
vt 0.420848 0.260000
vt 0.420848 0.520000
vt 0.420848 0.780000
vt 0.420848 0.240000
vt 0.420848 0.500000
vt 0.420848 0.760000
vt 0.420848 0.220000
vt 0.420848 0.480000
vt 0.420848 0.740000
vt 0.420848 0.200000
vt 0.420848 0.460000
vt 0.420848 0.720000
vt 0.420848 0.180000
vt 0.854102 0.020000
vt 0.859173 0.000000
vt 0.851040 0.000000
vt 0.845771 0.020000
vt 0.420848 0.440000
vt 0.420848 0.700000
vt 0.420848 0.160000
vt 0.420848 0.960000
vt 0.420847 0.980000
vt 0.420848 0.420000
vt 0.420848 0.680000
vt 0.420848 0.140000
vt 0.420848 0.940000
vt 0.420848 0.400000
vt 0.420848 0.660000
vt 0.420848 0.120000
vt 0.420848 0.920000
vt 0.420848 0.380000
vt 0.420848 0.640000
vt 0.420848 0.100000
vt 0.420848 0.900000
vt 0.420848 0.360000
vt 0.420848 0.620000
vt 0.420848 0.080000
vt 0.420848 0.880000
vt 0.420848 0.340000
vt 0.420848 0.600000
vt 0.420848 0.060000
vt 0.420848 0.860000
vt 0.679136 0.020000
vt 0.685038 0.000000
vt 0.676556 0.000000
vt 0.670804 0.020000
vt 0.412516 0.440000
vt 0.412516 0.460000
vt 0.412516 0.700000
vt 0.412516 0.720000
vt 0.412516 0.160000
vt 0.412516 0.180000
vt 0.412516 0.960000
vt 0.412515 0.980000
vt 0.412516 0.420000
vt 0.412516 0.680000
vt 0.412516 0.140000
vt 0.412516 0.940000
vt 0.412516 0.400000
vt 0.412516 0.660000
vt 0.412516 0.120000
vt 0.412516 0.920000
vt 0.412516 0.380000
vt 0.412516 0.640000
vt 0.412516 0.100000
vt 0.412516 0.900000
vt 0.412516 0.360000
vt 0.412516 0.620000
vt 0.412516 0.080000
vt 0.412516 0.880000
vt 0.412516 0.340000
vt 0.412516 0.600000
vt 0.412516 0.060000
vt 0.412516 0.860000
vt 0.412516 0.320000
vt 0.412516 0.580000
vt 0.412516 0.040000
vt 0.412516 0.840000
vt 0.412516 0.300000
vt 0.412516 0.560000
vt 0.412515 0.020000
vt 0.412516 0.820000
vt 0.412516 0.280000
vt 0.412516 0.540000
vt 0.070913 0.979999
vt 0.067130 1.000000
vt 0.075036 1.000000
vt 0.079244 0.979999
vt 0.412516 0.800000
vt 0.412516 0.260000
vt 0.412516 0.520000
vt 0.412516 0.780000
vt 0.412516 0.240000
vt 0.412516 0.500000
vt 0.412516 0.760000
vt 0.412516 0.220000
vt 0.412516 0.480000
vt 0.412516 0.740000
vt 0.412516 0.200000
vt 0.404184 0.320000
vt 0.404184 0.340000
vt 0.404184 0.580000
vt 0.404184 0.600000
vt 0.404184 0.040000
vt 0.404184 0.060000
vt 0.404184 0.840000
vt 0.404184 0.860000
vt 0.404184 0.300000
vt 0.404184 0.560000
vt 0.404183 0.020000
vt 0.404184 0.820000
vt 0.404184 0.280000
vt 0.404184 0.540000
vt 0.662472 0.980000
vt 0.670741 1.000000
vt 0.679309 1.000000
vt 0.670804 0.980000
vt 0.404184 0.800000
vt 0.404184 0.260000
vt 0.404184 0.520000
vt 0.404184 0.780000
vt 0.404184 0.240000
vt 0.404184 0.500000
vt 0.404184 0.760000
vt 0.404184 0.220000
vt 0.404184 0.480000
vt 0.404184 0.740000
vt 0.404184 0.200000
vt 0.404184 0.460000
vt 0.404184 0.720000
vt 0.404184 0.180000
vt 0.537494 0.019999
vt 0.538965 0.000000
vt 0.530287 0.000000
vt 0.529162 0.019999
vt 0.404184 0.440000
vt 0.404184 0.700000
vt 0.404184 0.160000
vt 0.404184 0.960000
vt 0.404183 0.980000
vt 0.404184 0.420000
vt 0.404184 0.680000
vt 0.404184 0.140000
vt 0.404184 0.940000
vt 0.404184 0.400000
vt 0.404184 0.660000
vt 0.404184 0.120000
vt 0.404184 0.920000
vt 0.404184 0.380000
vt 0.404184 0.640000
vt 0.404184 0.100000
vt 0.404184 0.900000
vt 0.404184 0.360000
vt 0.404184 0.620000
vt 0.404184 0.080000
vt 0.404184 0.880000
vt 0.395853 0.460000
vt 0.395853 0.480000
vt 0.395853 0.720000
vt 0.395853 0.740000
vt 0.395853 0.180000
vt 0.395853 0.200000
vt 0.912424 0.020000
vt 0.915776 0.000000
vt 0.907720 0.000000
vt 0.904092 0.020000
vt 0.395853 0.440000
vt 0.395853 0.700000
vt 0.395853 0.160000
vt 0.395852 0.960000
vt 0.395851 0.980000
vt 0.395853 0.420000
vt 0.395853 0.680000
vt 0.395853 0.140000
vt 0.395852 0.940000
vt 0.395853 0.400000
vt 0.395853 0.660000
vt 0.395853 0.120000
vt 0.395852 0.920000
vt 0.395853 0.380000
vt 0.395853 0.640000
vt 0.395853 0.100000
vt 0.395852 0.900000
vt 0.395853 0.360000
vt 0.395853 0.620000
vt 0.395852 0.080000
vt 0.395853 0.880000
vt 0.395853 0.340000
vt 0.395853 0.600000
vt 0.395852 0.060000
vt 0.395853 0.860000
vt 0.395853 0.320000
vt 0.395853 0.580000
vt 0.395852 0.040000
vt 0.395853 0.840000
vt 0.395853 0.300000
vt 0.395853 0.560000
vt 0.395851 0.020000
vt 0.395853 0.820000
vt 0.395853 0.280000
vt 0.395853 0.540000
vt 0.370856 0.980000
vt 0.363643 1.000000
vt 0.372320 1.000000
vt 0.379187 0.980000
vt 0.395853 0.800000
vt 0.395853 0.260000
vt 0.395853 0.520000
vt 0.395853 0.780000
vt 0.395853 0.240000
vt 0.395853 0.500000
vt 0.395853 0.760000
vt 0.395853 0.220000
vt 0.387521 0.340000
vt 0.387521 0.360000
vt 0.387521 0.600000
vt 0.387521 0.620000
vt 0.387520 0.060000
vt 0.387521 0.080000
vt 0.387521 0.860000
vt 0.387521 0.880000
vt 0.387521 0.320000
vt 0.387521 0.580000
vt 0.387520 0.040000
vt 0.387521 0.840000
vt 0.387521 0.300000
vt 0.387521 0.560000
vt 0.387519 0.020000
vt 0.387521 0.820000
vt 0.387521 0.280000
vt 0.387521 0.540000
vt 0.620813 0.980000
vt 0.627544 1.000000
vt 0.636229 1.000000
vt 0.629144 0.980000
vt 0.387521 0.800000
vt 0.387521 0.260000
vt 0.387521 0.520000
vt 0.387521 0.780000
vt 0.387521 0.240000
vt 0.387521 0.500000
vt 0.387521 0.760000
vt 0.387521 0.220000
vt 0.387521 0.480000
vt 0.387521 0.740000
vt 0.387521 0.200000
vt 0.387521 0.460000
vt 0.387521 0.720000
vt 0.387521 0.180000
vt 0.729126 0.020000
vt 0.735564 0.000000
vt 0.727188 0.000000
vt 0.720794 0.020000
vt 0.387521 0.440000
vt 0.387521 0.700000
vt 0.387521 0.160000
vt 0.387520 0.960000
vt 0.387519 0.980000
vt 0.387521 0.420000
vt 0.387521 0.680000
vt 0.387521 0.140000
vt 0.387520 0.940000
vt 0.387521 0.400000
vt 0.387521 0.660000
vt 0.387521 0.120000
vt 0.387521 0.920000
vt 0.387521 0.380000
vt 0.387521 0.640000
vt 0.387521 0.100000
vt 0.387521 0.900000
vt 0.379189 0.480000
vt 0.379189 0.500000
vt 0.379189 0.740000
vt 0.379189 0.760000
vt 0.379189 0.200000
vt 0.379189 0.220000
vt 0.379189 0.460000
vt 0.379189 0.720000
vt 0.379189 0.180000
vt 0.469507 0.000000
vt 0.460832 0.000000
vt 0.379189 0.440000
vt 0.379189 0.700000
vt 0.379189 0.160000
vt 0.379188 0.960000
vt 0.379189 0.420000
vt 0.379189 0.680000
vt 0.379189 0.140000
vt 0.379189 0.940000
vt 0.379189 0.400000
vt 0.379189 0.660000
vt 0.379189 0.120000
vt 0.379189 0.920000
vt 0.379189 0.380000
vt 0.379189 0.640000
vt 0.379189 0.100000
vt 0.379189 0.900000
vt 0.379189 0.360000
vt 0.379189 0.620000
vt 0.379189 0.080000
vt 0.379189 0.880000
vt 0.379189 0.340000
vt 0.379189 0.600000
vt 0.379189 0.060000
vt 0.379189 0.860000
vt 0.379189 0.320000
vt 0.379189 0.580000
vt 0.379188 0.040000
vt 0.379189 0.840000
vt 0.379189 0.300000
vt 0.379189 0.560000
vt 0.379187 0.020000
vt 0.379189 0.820000
vt 0.379189 0.280000
vt 0.379189 0.540000
vt 0.912424 0.979999
vt 0.917203 1.000000
vt 0.925123 1.000000
vt 0.920756 0.979999
vt 0.379189 0.800000
vt 0.379189 0.260000
vt 0.379189 0.520000
vt 0.379189 0.780000
vt 0.379189 0.240000
vt 0.370857 0.360000
vt 0.370857 0.380000
vt 0.370857 0.620000
vt 0.370857 0.640000
vt 0.370857 0.080000
vt 0.370857 0.100000
vt 0.370857 0.880000
vt 0.370857 0.900000
vt 0.370857 0.340000
vt 0.370857 0.600000
vt 0.370857 0.060000
vt 0.370857 0.860000
vt 0.370857 0.320000
vt 0.370857 0.580000
vt 0.370857 0.040000
vt 0.370857 0.840000
vt 0.370857 0.300000
vt 0.370857 0.560000
vt 0.370857 0.820000
vt 0.370857 0.280000
vt 0.370857 0.540000
vt 0.012591 0.979999
vt 0.011979 1.000000
vt 0.019845 1.000000
vt 0.020923 0.979999
vt 0.370857 0.800000
vt 0.370857 0.260000
vt 0.370857 0.520000
vt 0.370857 0.780000
vt 0.370857 0.240000
vt 0.370857 0.500000
vt 0.370857 0.760000
vt 0.370857 0.220000
vt 0.370857 0.480000
vt 0.370857 0.740000
vt 0.370857 0.200000
vt 0.370857 0.460000
vt 0.370857 0.720000
vt 0.370857 0.180000
vt 0.229215 0.020000
vt 0.222853 0.000000
vt 0.214592 0.000000
vt 0.220883 0.020000
vt 0.370857 0.440000
vt 0.370857 0.700000
vt 0.370857 0.160000
vt 0.370857 0.960000
vt 0.370857 0.420000
vt 0.370857 0.680000
vt 0.370857 0.140000
vt 0.370857 0.940000
vt 0.370857 0.400000
vt 0.370857 0.660000
vt 0.370857 0.120000
vt 0.370857 0.920000
vt 0.362526 0.500000
vt 0.362526 0.520000
vt 0.362526 0.760000
vt 0.362525 0.780000
vt 0.362525 0.220000
vt 0.362526 0.240000
vt 0.362526 0.480000
vt 0.362526 0.740000
vt 0.362525 0.200000
vt 0.362526 0.460000
vt 0.362526 0.720000
vt 0.362525 0.180000
vt 0.520830 0.019999
vt 0.521606 0.000000
vt 0.512923 0.000000
vt 0.512498 0.019999
vt 0.362526 0.440000
vt 0.362526 0.700000
vt 0.362525 0.160000
vt 0.362525 0.960000
vt 0.362524 0.980000
vt 0.362526 0.420000
vt 0.362526 0.680000
vt 0.362525 0.140000
vt 0.362525 0.940000
vt 0.362526 0.400000
vt 0.362526 0.660000
vt 0.362525 0.120000
vt 0.362525 0.920000
vt 0.362526 0.380000
vt 0.362526 0.640000
vt 0.362525 0.100000
vt 0.362525 0.900000
vt 0.362526 0.360000
vt 0.362526 0.620000
vt 0.362525 0.080000
vt 0.362525 0.880000
vt 0.362526 0.340000
vt 0.362526 0.600000
vt 0.362525 0.060000
vt 0.362525 0.860000
vt 0.362526 0.320000
vt 0.362526 0.580000
vt 0.362525 0.040000
vt 0.362525 0.840000
vt 0.362526 0.300000
vt 0.362526 0.560000
vt 0.362525 0.820000
vt 0.362526 0.280000
vt 0.362526 0.540000
vt 0.562489 0.980000
vt 0.566228 1.000000
vt 0.575035 1.000000
vt 0.570821 0.980000
vt 0.362525 0.800000
vt 0.362525 0.260000
vt 0.354194 0.380000
vt 0.354194 0.400000
vt 0.354194 0.640000
vt 0.354194 0.660000
vt 0.354194 0.100000
vt 0.354194 0.120000
vt 0.354194 0.900000
vt 0.354193 0.920000
vt 0.354194 0.360000
vt 0.354194 0.620000
vt 0.354193 0.080000
vt 0.354194 0.880000
vt 0.354194 0.340000
vt 0.354194 0.600000
vt 0.354193 0.060000
vt 0.354194 0.860000
vt 0.354194 0.320000
vt 0.354194 0.580000
vt 0.354193 0.040000
vt 0.354194 0.840000
vt 0.354194 0.300000
vt 0.354194 0.560000
vt 0.354192 0.020000
vt 0.354194 0.820000
vt 0.354194 0.280000
vt 0.354194 0.540000
vt 0.195888 0.980000
vt 0.187190 1.000000
vt 0.195342 1.000000
vt 0.204219 0.980000
vt 0.354194 0.800000
vt 0.354194 0.260000
vt 0.354194 0.520000
vt 0.354194 0.780000
vt 0.354194 0.240000
vt 0.354194 0.500000
vt 0.354194 0.760000
vt 0.354194 0.220000
vt 0.354194 0.480000
vt 0.354194 0.740000
vt 0.354194 0.200000
vt 0.354194 0.460000
vt 0.354194 0.720000
vt 0.354194 0.180000
vt 0.287537 0.020000
vt 0.281168 0.000000
vt 0.272783 0.000000
vt 0.279205 0.020000
vt 0.354194 0.440000
vt 0.354194 0.700000
vt 0.354194 0.160000
vt 0.354193 0.960000
vt 0.354194 0.420000
vt 0.354194 0.680000
vt 0.354194 0.140000
vt 0.354193 0.940000
vt 0.345862 0.700000
vt 0.345862 0.720000
vt 0.345862 0.160000
vt 0.345862 0.180000
vt 0.345861 0.960000
vt 0.345862 0.420000
vt 0.345862 0.440000
vt 0.345862 0.680000
vt 0.345862 0.140000
vt 0.345861 0.940000
vt 0.345862 0.400000
vt 0.345862 0.660000
vt 0.345862 0.120000
vt 0.345862 0.920000
vt 0.345862 0.380000
vt 0.345862 0.640000
vt 0.345862 0.100000
vt 0.345862 0.900000
vt 0.345862 0.360000
vt 0.345862 0.620000
vt 0.345862 0.080000
vt 0.345862 0.880000
vt 0.345862 0.340000
vt 0.345862 0.600000
vt 0.345861 0.060000
vt 0.345862 0.860000
vt 0.345862 0.320000
vt 0.345862 0.580000
vt 0.345861 0.040000
vt 0.345862 0.840000
vt 0.345862 0.300000
vt 0.345862 0.560000
vt 0.345862 0.820000
vt 0.345862 0.280000
vt 0.345862 0.540000
vt 0.137566 0.979999
vt 0.130707 1.000000
vt 0.138719 1.000000
vt 0.145897 0.979999
vt 0.345862 0.800000
vt 0.345862 0.260000
vt 0.345862 0.520000
vt 0.345862 0.780000
vt 0.345862 0.240000
vt 0.345862 0.500000
vt 0.345862 0.760000
vt 0.345862 0.220000
vt 0.345862 0.480000
vt 0.345862 0.740000
vt 0.345862 0.200000
vt 0.345862 0.460000
vt 0.408925 0.000000
vt 0.400307 0.000000
vt 0.337530 0.580000
vt 0.337530 0.600000
vt 0.337529 0.040000
vt 0.337530 0.060000
vt 0.337530 0.840000
vt 0.337530 0.860000
vt 0.337530 0.300000
vt 0.337530 0.320000
vt 0.337530 0.560000
vt 0.337530 0.820000
vt 0.337530 0.280000
vt 0.337530 0.540000
vt 0.854102 0.979999
vt 0.861397 1.000000
vt 0.869416 1.000000
vt 0.862434 0.979999
vt 0.337530 0.800000
vt 0.337530 0.260000
vt 0.337530 0.520000
vt 0.337530 0.780000
vt 0.337530 0.240000
vt 0.337530 0.500000
vt 0.337530 0.760000
vt 0.337530 0.220000
vt 0.337530 0.480000
vt 0.337530 0.740000
vt 0.337530 0.200000
vt 0.337530 0.460000
vt 0.337530 0.720000
vt 0.337530 0.180000
vt 0.662472 0.020000
vt 0.668057 0.000000
vt 0.659542 0.000000
vt 0.654140 0.020000
vt 0.337530 0.440000
vt 0.337530 0.700000
vt 0.337530 0.160000
vt 0.337529 0.960000
vt 0.337528 0.980000
vt 0.337530 0.420000
vt 0.337530 0.680000
vt 0.337530 0.140000
vt 0.337530 0.940000
vt 0.337530 0.400000
vt 0.337530 0.660000
vt 0.337530 0.120000
vt 0.337530 0.920000
vt 0.337530 0.380000
vt 0.337530 0.640000
vt 0.337530 0.100000
vt 0.337530 0.900000
vt 0.337530 0.360000
vt 0.337530 0.620000
vt 0.337530 0.080000
vt 0.337530 0.880000
vt 0.337530 0.340000
vt 0.329198 0.720000
vt 0.329198 0.740000
vt 0.329198 0.180000
vt 0.329198 0.200000
vt 0.054249 0.020000
vt 0.052261 0.000000
vt 0.044242 0.000000
vt 0.045918 0.020000
vt 0.329198 0.440000
vt 0.329198 0.460000
vt 0.329198 0.700000
vt 0.329198 0.160000
vt 0.329198 0.960000
vt 0.329196 0.980000
vt 0.329198 0.420000
vt 0.329198 0.680000
vt 0.329198 0.140000
vt 0.329198 0.940000
vt 0.329198 0.400000
vt 0.329198 0.660000
vt 0.329198 0.120000
vt 0.329198 0.920000
vt 0.329198 0.380000
vt 0.329198 0.640000
vt 0.329198 0.100000
vt 0.329198 0.900000
vt 0.329198 0.360000
vt 0.329198 0.620000
vt 0.329198 0.080000
vt 0.329198 0.880000
vt 0.329198 0.340000
vt 0.329198 0.600000
vt 0.329198 0.060000
vt 0.329198 0.860000
vt 0.329198 0.320000
vt 0.329198 0.580000
vt 0.329198 0.040000
vt 0.329198 0.840000
vt 0.329198 0.300000
vt 0.329198 0.560000
vt 0.329196 0.020000
vt 0.329198 0.820000
vt 0.329198 0.280000
vt 0.329198 0.540000
vt 0.729126 0.980000
vt 0.738559 1.000000
vt 0.746918 1.000000
vt 0.737458 0.980000
vt 0.329198 0.800000
vt 0.329198 0.260000
vt 0.329198 0.520000
vt 0.329198 0.780000
vt 0.329198 0.240000
vt 0.329198 0.500000
vt 0.329198 0.760000
vt 0.329198 0.220000
vt 0.329198 0.480000
vt 0.320867 0.600000
vt 0.320867 0.620000
vt 0.320866 0.060000
vt 0.320866 0.080000
vt 0.320866 0.860000
vt 0.320866 0.880000
vt 0.320867 0.320000
vt 0.320867 0.340000
vt 0.320867 0.580000
vt 0.320866 0.040000
vt 0.320866 0.840000
vt 0.320867 0.300000
vt 0.320867 0.560000
vt 0.320865 0.020000
vt 0.320867 0.820000
vt 0.320867 0.280000
vt 0.320867 0.540000
vt 0.287537 0.980000
vt 0.278205 1.000000
vt 0.286633 1.000000
vt 0.295869 0.980000
vt 0.320867 0.800000
vt 0.320867 0.260000
vt 0.320867 0.520000
vt 0.320867 0.780000
vt 0.320867 0.240000
vt 0.320867 0.500000
vt 0.320867 0.760000
vt 0.320867 0.220000
vt 0.320867 0.480000
vt 0.320867 0.740000
vt 0.320867 0.200000
vt 0.320867 0.460000
vt 0.320867 0.720000
vt 0.320867 0.180000
vt 0.895761 0.020000
vt 0.899655 0.000000
vt 0.891581 0.000000
vt 0.887429 0.020000
vt 0.320867 0.440000
vt 0.320867 0.700000
vt 0.320867 0.160000
vt 0.320866 0.960000
vt 0.320864 0.980000
vt 0.320867 0.420000
vt 0.320867 0.680000
vt 0.320866 0.140000
vt 0.320866 0.940000
vt 0.320867 0.400000
vt 0.320867 0.660000
vt 0.320866 0.120000
vt 0.320866 0.920000
vt 0.320867 0.380000
vt 0.320867 0.640000
vt 0.320866 0.100000
vt 0.320866 0.900000
vt 0.320867 0.360000
vt 0.312535 0.740000
vt 0.312535 0.760000
vt 0.312535 0.200000
vt 0.312535 0.220000
vt 0.312535 0.460000
vt 0.312535 0.480000
vt 0.312535 0.720000
vt 0.312535 0.180000
vt 0.945751 0.020000
vt 0.947923 0.000000
vt 0.939896 0.000000
vt 0.937419 0.020000
vt 0.312535 0.440000
vt 0.312535 0.700000
vt 0.312535 0.160000
vt 0.312534 0.960000
vt 0.312535 0.420000
vt 0.312535 0.680000
vt 0.312535 0.140000
vt 0.312534 0.940000
vt 0.312535 0.400000
vt 0.312535 0.660000
vt 0.312535 0.120000
vt 0.312534 0.920000
vt 0.312535 0.380000
vt 0.312535 0.640000
vt 0.312535 0.100000
vt 0.312535 0.900000
vt 0.312535 0.360000
vt 0.312535 0.620000
vt 0.312534 0.080000
vt 0.312535 0.880000
vt 0.312535 0.340000
vt 0.312535 0.600000
vt 0.312534 0.060000
vt 0.312535 0.860000
vt 0.312535 0.320000
vt 0.312535 0.580000
vt 0.312534 0.040000
vt 0.312535 0.840000
vt 0.312535 0.300000
vt 0.312535 0.560000
vt 0.312533 0.020000
vt 0.312535 0.820000
vt 0.312535 0.280000
vt 0.312535 0.540000
vt 0.954082 0.979999
vt 0.956709 1.000000
vt 0.964587 1.000000
vt 0.962414 0.979999
vt 0.312535 0.800000
vt 0.312535 0.260000
vt 0.312535 0.520000
vt 0.312535 0.780000
vt 0.312535 0.240000
vt 0.312535 0.500000
vt 0.304203 0.620000
vt 0.304203 0.640000
vt 0.304203 0.080000
vt 0.304203 0.100000
vt 0.304203 0.880000
vt 0.304203 0.900000
vt 0.304203 0.340000
vt 0.304203 0.360000
vt 0.304203 0.600000
vt 0.304202 0.060000
vt 0.304203 0.860000
vt 0.304203 0.320000
vt 0.304203 0.580000
vt 0.304202 0.040000
vt 0.304203 0.840000
vt 0.304203 0.300000
vt 0.304203 0.560000
vt 0.304201 0.020000
vt 0.304203 0.820000
vt 0.304203 0.280000
vt 0.304203 0.540000
vt 0.787449 0.980000
vt 0.796536 1.000000
vt 0.804720 1.000000
vt 0.795780 0.980000
vt 0.304203 0.800000
vt 0.304203 0.260000
vt 0.304203 0.520000
vt 0.304203 0.780000
vt 0.304203 0.240000
vt 0.304203 0.500000
vt 0.304203 0.760000
vt 0.304203 0.220000
vt 0.304203 0.480000
vt 0.304203 0.740000
vt 0.304203 0.200000
vt 0.304203 0.460000
vt 0.304203 0.720000
vt 0.304203 0.180000
vt 0.179224 0.020000
vt 0.173532 0.000000
vt 0.165366 0.000000
vt 0.170893 0.020000
vt 0.304203 0.440000
vt 0.304203 0.700000
vt 0.304203 0.160000
vt 0.304202 0.960000
vt 0.304203 0.420000
vt 0.304203 0.680000
vt 0.304203 0.140000
vt 0.304202 0.940000
vt 0.304203 0.400000
vt 0.304203 0.660000
vt 0.304203 0.120000
vt 0.304203 0.920000
vt 0.304203 0.380000
vt 0.295871 0.760000
vt 0.295871 0.780000
vt 0.295871 0.220000
vt 0.295871 0.240000
vt 0.295871 0.480000
vt 0.295871 0.500000
vt 0.295871 0.740000
vt 0.295871 0.200000
vt 0.295871 0.460000
vt 0.295871 0.720000
vt 0.295871 0.180000
vt 0.770785 0.020000
vt 0.777181 0.000000
vt 0.768893 0.000000
vt 0.762453 0.020000
vt 0.295871 0.440000
vt 0.295871 0.700000
vt 0.295871 0.160000
vt 0.295870 0.960000
vt 0.295871 0.420000
vt 0.295871 0.680000
vt 0.295871 0.140000
vt 0.295871 0.940000
vt 0.295871 0.400000
vt 0.295871 0.660000
vt 0.295871 0.120000
vt 0.295871 0.920000
vt 0.295871 0.380000
vt 0.295871 0.640000
vt 0.295871 0.100000
vt 0.295871 0.900000
vt 0.295871 0.360000
vt 0.295871 0.620000
vt 0.295871 0.080000
vt 0.295871 0.880000
vt 0.295871 0.340000
vt 0.295871 0.600000
vt 0.295871 0.060000
vt 0.295871 0.860000
vt 0.295871 0.320000
vt 0.295871 0.580000
vt 0.295870 0.040000
vt 0.295871 0.840000
vt 0.295871 0.300000
vt 0.295871 0.560000
vt 0.295869 0.020000
vt 0.295871 0.820000
vt 0.295871 0.280000
vt 0.295871 0.540000
vt 0.082951 1.000000
vt 0.087576 0.979999
vt 0.295871 0.800000
vt 0.295871 0.260000
vt 0.295871 0.520000
vt 0.287540 0.640000
vt 0.287540 0.660000
vt 0.287539 0.100000
vt 0.287539 0.120000
vt 0.287539 0.900000
vt 0.287539 0.920000
vt 0.287540 0.360000
vt 0.287540 0.380000
vt 0.287540 0.620000
vt 0.287539 0.080000
vt 0.287539 0.880000
vt 0.287540 0.340000
vt 0.287540 0.600000
vt 0.287539 0.060000
vt 0.287539 0.860000
vt 0.287540 0.320000
vt 0.287540 0.580000
vt 0.287539 0.040000
vt 0.287539 0.840000
vt 0.287540 0.300000
vt 0.287540 0.560000
vt 0.287539 0.820000
vt 0.287540 0.280000
vt 0.287540 0.540000
vt 0.468910 1.000000
vt 0.477760 1.000000
vt 0.287539 0.800000
vt 0.287539 0.260000
vt 0.287540 0.520000
vt 0.287539 0.780000
vt 0.287540 0.240000
vt 0.287540 0.500000
vt 0.287540 0.760000
vt 0.287539 0.220000
vt 0.287540 0.480000
vt 0.287539 0.740000
vt 0.287539 0.200000
vt 0.287540 0.460000
vt 0.287540 0.720000
vt 0.287539 0.180000
vt 0.323353 0.000000
vt 0.314881 0.000000
vt 0.287540 0.440000
vt 0.287540 0.700000
vt 0.287539 0.160000
vt 0.287539 0.960000
vt 0.287540 0.420000
vt 0.287540 0.680000
vt 0.287539 0.140000
vt 0.287539 0.940000
vt 0.287540 0.400000
vt 0.279208 0.780000
vt 0.279208 0.800000
vt 0.279208 0.240000
vt 0.279208 0.260000
vt 0.279208 0.500000
vt 0.279208 0.520000
vt 0.279208 0.760000
vt 0.279208 0.220000
vt 0.279208 0.480000
vt 0.279208 0.740000
vt 0.279208 0.200000
vt 0.279208 0.460000
vt 0.279208 0.720000
vt 0.279208 0.180000
vt 0.120902 0.020000
vt 0.116649 0.000000
vt 0.108570 0.000000
vt 0.112571 0.020000
vt 0.279208 0.440000
vt 0.279208 0.700000
vt 0.279208 0.160000
vt 0.279207 0.960000
vt 0.279205 0.980000
vt 0.279208 0.420000
vt 0.279208 0.680000
vt 0.279208 0.140000
vt 0.279207 0.940000
vt 0.279208 0.400000
vt 0.279208 0.660000
vt 0.279207 0.120000
vt 0.279207 0.920000
vt 0.279208 0.380000
vt 0.279208 0.640000
vt 0.279207 0.100000
vt 0.279207 0.900000
vt 0.279208 0.360000
vt 0.279208 0.620000
vt 0.279207 0.080000
vt 0.279207 0.880000
vt 0.279208 0.340000
vt 0.279208 0.600000
vt 0.279207 0.060000
vt 0.279208 0.860000
vt 0.279208 0.320000
vt 0.279208 0.580000
vt 0.279207 0.040000
vt 0.279208 0.840000
vt 0.279208 0.300000
vt 0.279208 0.560000
vt 0.279208 0.820000
vt 0.279208 0.280000
vt 0.279208 0.540000
vt 0.229215 0.980000
vt 0.219938 1.000000
vt 0.228185 1.000000
vt 0.237546 0.980000
vt 0.270876 0.660000
vt 0.270876 0.680000
vt 0.270876 0.120000
vt 0.270876 0.140000
vt 0.270876 0.920000
vt 0.270875 0.940000
vt 0.270876 0.380000
vt 0.270876 0.400000
vt 0.270876 0.640000
vt 0.270876 0.100000
vt 0.270876 0.900000
vt 0.270876 0.360000
vt 0.270876 0.620000
vt 0.270876 0.080000
vt 0.270876 0.880000
vt 0.270876 0.340000
vt 0.270876 0.600000
vt 0.270875 0.060000
vt 0.270876 0.860000
vt 0.270876 0.320000
vt 0.270876 0.580000
vt 0.270875 0.040000
vt 0.270876 0.840000
vt 0.270876 0.300000
vt 0.270876 0.560000
vt 0.270874 0.020000
vt 0.270876 0.820000
vt 0.270876 0.280000
vt 0.270876 0.540000
vt 0.054249 0.979999
vt 0.051344 1.000000
vt 0.059233 1.000000
vt 0.062581 0.979999
vt 0.270876 0.800000
vt 0.270876 0.260000
vt 0.270876 0.520000
vt 0.270876 0.780000
vt 0.270876 0.240000
vt 0.270876 0.500000
vt 0.270876 0.760000
vt 0.270876 0.220000
vt 0.270876 0.480000
vt 0.270876 0.740000
vt 0.270876 0.200000
vt 0.270876 0.460000
vt 0.270876 0.720000
vt 0.270876 0.180000
vt 0.604149 0.020000
vt 0.608139 0.000000
vt 0.599525 0.000000
vt 0.595817 0.020000
vt 0.270876 0.440000
vt 0.270876 0.700000
vt 0.270876 0.160000
vt 0.270875 0.960000
vt 0.270874 0.980000
vt 0.270876 0.420000
vt 0.407229 1.000000
vt 0.416001 1.000000
vt 0.262544 0.800000
vt 0.262544 0.820000
vt 0.262544 0.260000
vt 0.262544 0.280000
vt 0.262544 0.520000
vt 0.262544 0.540000
vt 0.262544 0.780000
vt 0.262544 0.240000
vt 0.262544 0.500000
vt 0.262544 0.760000
vt 0.262544 0.220000
vt 0.262544 0.480000
vt 0.262544 0.740000
vt 0.262544 0.200000
vt 0.262544 0.460000
vt 0.262544 0.720000
vt 0.262544 0.180000
vt 0.837439 0.020000
vt 0.842894 0.000000
vt 0.834734 0.000000
vt 0.829107 0.020000
vt 0.262544 0.440000
vt 0.262544 0.700000
vt 0.262544 0.160000
vt 0.262543 0.960000
vt 0.262542 0.980000
vt 0.262544 0.420000
vt 0.262544 0.680000
vt 0.262544 0.140000
vt 0.262544 0.940000
vt 0.262544 0.400000
vt 0.262544 0.660000
vt 0.262544 0.120000
vt 0.262544 0.920000
vt 0.262544 0.380000
vt 0.262544 0.640000
vt 0.262544 0.100000
vt 0.262544 0.900000
vt 0.262544 0.360000
vt 0.262544 0.620000
vt 0.262544 0.080000
vt 0.262544 0.880000
vt 0.262544 0.340000
vt 0.262544 0.600000
vt 0.262544 0.060000
vt 0.262544 0.860000
vt 0.262544 0.320000
vt 0.262544 0.580000
vt 0.262543 0.040000
vt 0.262544 0.840000
vt 0.262544 0.300000
vt 0.262544 0.560000
vt 0.262542 0.020000
vt 0.254212 0.680000
vt 0.254212 0.700000
vt 0.254212 0.140000
vt 0.254212 0.160000
vt 0.254212 0.940000
vt 0.254211 0.960000
vt 0.254212 0.400000
vt 0.254212 0.420000
vt 0.254212 0.660000
vt 0.254212 0.120000
vt 0.254212 0.920000
vt 0.254212 0.380000
vt 0.254212 0.640000
vt 0.254212 0.100000
vt 0.254212 0.900000
vt 0.254212 0.360000
vt 0.254212 0.620000
vt 0.254212 0.080000
vt 0.254212 0.880000
vt 0.254212 0.340000
vt 0.254212 0.600000
vt 0.254212 0.060000
vt 0.254212 0.860000
vt 0.254212 0.320000
vt 0.254212 0.580000
vt 0.254211 0.040000
vt 0.254212 0.840000
vt 0.254212 0.300000
vt 0.254212 0.560000
vt 0.254210 0.020000
vt 0.254212 0.820000
vt 0.254212 0.280000
vt 0.254212 0.540000
vt 0.354989 1.000000
vt 0.254212 0.800000
vt 0.254212 0.260000
vt 0.254212 0.520000
vt 0.254212 0.780000
vt 0.254212 0.240000
vt 0.254212 0.500000
vt 0.254212 0.760000
vt 0.254212 0.220000
vt 0.254212 0.480000
vt 0.254212 0.740000
vt 0.254212 0.200000
vt 0.254212 0.460000
vt 0.254212 0.720000
vt 0.254212 0.180000
vt 0.712463 0.020000
vt 0.718793 0.000000
vt 0.710381 0.000000
vt 0.704131 0.020000
vt 0.254212 0.440000
vt 0.245878 0.020000
vt 0.245880 0.040000
vt 0.245881 0.820000
vt 0.245881 0.840000
vt 0.245881 0.280000
vt 0.245881 0.300000
vt 0.245881 0.540000
vt 0.245881 0.560000
vt 0.520830 0.980000
vt 0.522043 1.000000
vt 0.530895 1.000000
vt 0.529162 0.980000
vt 0.245881 0.800000
vt 0.245881 0.260000
vt 0.245881 0.520000
vt 0.245881 0.780000
vt 0.245881 0.240000
vt 0.245881 0.500000
vt 0.245881 0.760000
vt 0.245881 0.220000
vt 0.245881 0.480000
vt 0.245881 0.740000
vt 0.245881 0.200000
vt 0.245881 0.460000
vt 0.245881 0.720000
vt 0.245881 0.180000
vt 0.264417 0.000000
vt 0.256069 0.000000
vt 0.245881 0.440000
vt 0.245881 0.700000
vt 0.245881 0.160000
vt 0.245880 0.960000
vt 0.245881 0.420000
vt 0.245881 0.680000
vt 0.245880 0.140000
vt 0.245880 0.940000
vt 0.245881 0.400000
vt 0.245881 0.660000
vt 0.245880 0.120000
vt 0.245880 0.920000
vt 0.245881 0.380000
vt 0.245881 0.640000
vt 0.245880 0.100000
vt 0.245880 0.900000
vt 0.245881 0.360000
vt 0.245881 0.620000
vt 0.245880 0.080000
vt 0.245880 0.880000
vt 0.245881 0.340000
vt 0.245881 0.600000
vt 0.245880 0.060000
vt 0.245880 0.860000
vt 0.245881 0.320000
vt 0.245881 0.580000
vt 0.237549 0.700000
vt 0.237549 0.720000
vt 0.237549 0.160000
vt 0.237549 0.180000
vt 0.237548 0.960000
vt 0.237549 0.420000
vt 0.237549 0.440000
vt 0.237549 0.680000
vt 0.237549 0.140000
vt 0.237548 0.940000
vt 0.237549 0.400000
vt 0.237549 0.660000
vt 0.237549 0.120000
vt 0.237548 0.920000
vt 0.237549 0.380000
vt 0.237549 0.640000
vt 0.237549 0.100000
vt 0.237549 0.900000
vt 0.237549 0.360000
vt 0.237549 0.620000
vt 0.237548 0.080000
vt 0.237549 0.880000
vt 0.237549 0.340000
vt 0.237549 0.600000
vt 0.237548 0.060000
vt 0.237549 0.860000
vt 0.237549 0.320000
vt 0.237549 0.580000
vt 0.237548 0.040000
vt 0.237549 0.840000
vt 0.237549 0.300000
vt 0.237549 0.560000
vt 0.237547 0.020000
vt 0.237549 0.820000
vt 0.237549 0.280000
vt 0.237549 0.540000
vt 0.604149 0.980000
vt 0.610113 1.000000
vt 0.618838 1.000000
vt 0.612481 0.980000
vt 0.237549 0.800000
vt 0.237549 0.260000
vt 0.237549 0.520000
vt 0.237549 0.780000
vt 0.237549 0.240000
vt 0.237549 0.500000
vt 0.237549 0.760000
vt 0.237549 0.220000
vt 0.237549 0.480000
vt 0.237549 0.740000
vt 0.237549 0.200000
vt 0.237549 0.460000
vt 0.452162 0.000000
vt 0.443498 0.000000
vt 0.229216 0.040000
vt 0.229216 0.060000
vt 0.229217 0.840000
vt 0.229217 0.860000
vt 0.229217 0.300000
vt 0.229217 0.320000
vt 0.229217 0.560000
vt 0.229217 0.580000
vt 0.229217 0.820000
vt 0.229217 0.280000
vt 0.229217 0.540000
vt 0.895761 0.979999
vt 0.901330 1.000000
vt 0.909272 1.000000
vt 0.904092 0.979999
vt 0.229217 0.800000
vt 0.229217 0.260000
vt 0.229217 0.520000
vt 0.229217 0.780000
vt 0.229217 0.240000
vt 0.229217 0.500000
vt 0.229217 0.760000
vt 0.229217 0.220000
vt 0.229217 0.480000
vt 0.229217 0.740000
vt 0.229217 0.200000
vt 0.229217 0.460000
vt 0.229217 0.720000
vt 0.229217 0.180000
vt 0.995741 0.020000
vt 0.996000 0.000000
vt 0.987993 0.000000
vt 0.987409 0.020000
vt 0.229217 0.440000
vt 0.229217 0.700000
vt 0.229217 0.160000
vt 0.229216 0.960000
vt 0.229217 0.420000
vt 0.229217 0.680000
vt 0.229217 0.140000
vt 0.229216 0.940000
vt 0.229217 0.400000
vt 0.229217 0.660000
vt 0.229217 0.120000
vt 0.229217 0.920000
vt 0.229217 0.380000
vt 0.229217 0.640000
vt 0.229217 0.100000
vt 0.229217 0.900000
vt 0.229217 0.360000
vt 0.229217 0.620000
vt 0.229217 0.080000
vt 0.229217 0.880000
vt 0.229217 0.340000
vt 0.229217 0.600000
vt 0.220885 0.720000
vt 0.220885 0.740000
vt 0.220885 0.180000
vt 0.220885 0.200000
vt 0.391700 0.000000
vt 0.383106 0.000000
vt 0.220885 0.440000
vt 0.220885 0.460000
vt 0.220885 0.700000
vt 0.220885 0.160000
vt 0.220884 0.960000
vt 0.220883 0.980000
vt 0.220885 0.420000
vt 0.220885 0.680000
vt 0.220885 0.140000
vt 0.220885 0.940000
vt 0.220885 0.400000
vt 0.220885 0.660000
vt 0.220885 0.120000
vt 0.220885 0.920000
vt 0.220885 0.380000
vt 0.220885 0.640000
vt 0.220885 0.100000
vt 0.220885 0.900000
vt 0.220885 0.360000
vt 0.220885 0.620000
vt 0.220885 0.080000
vt 0.220885 0.880000
vt 0.220885 0.340000
vt 0.220885 0.600000
vt 0.220885 0.060000
vt 0.220885 0.860000
vt 0.220885 0.320000
vt 0.220885 0.580000
vt 0.220884 0.040000
vt 0.220885 0.840000
vt 0.220885 0.300000
vt 0.220885 0.560000
vt 0.220885 0.820000
vt 0.220885 0.280000
vt 0.220885 0.540000
vt -0.004072 0.979999
vt -0.003750 1.000000
vt 0.004114 1.000000
vt 0.004259 0.979999
vt 0.220885 0.800000
vt 0.220885 0.260000
vt 0.220885 0.520000
vt 0.220885 0.780000
vt 0.220885 0.240000
vt 0.220885 0.500000
vt 0.220885 0.760000
vt 0.220885 0.220000
vt 0.220885 0.480000
vt 0.212554 0.520000
vt 0.212554 0.540000
vt 0.212553 0.780000
vt 0.212553 0.800000
vt 0.212554 0.240000
vt 0.212554 0.260000
vt 0.212554 0.500000
vt 0.212554 0.760000
vt 0.212553 0.220000
vt 0.212554 0.480000
vt 0.212554 0.740000
vt 0.212554 0.200000
vt 0.212554 0.460000
vt 0.212554 0.720000
vt 0.212553 0.180000
vt 0.645808 0.020000
vt 0.651011 0.000000
vt 0.642465 0.000000
vt 0.637476 0.020000
vt 0.212554 0.440000
vt 0.212554 0.700000
vt 0.212553 0.160000
vt 0.212553 0.960000
vt 0.212551 0.980000
vt 0.212554 0.420000
vt 0.212554 0.680000
vt 0.212553 0.140000
vt 0.212553 0.940000
vt 0.212554 0.400000
vt 0.212554 0.660000
vt 0.212553 0.120000
vt 0.212553 0.920000
vt 0.212554 0.380000
vt 0.212554 0.640000
vt 0.212553 0.100000
vt 0.212553 0.900000
vt 0.212554 0.360000
vt 0.212554 0.620000
vt 0.212553 0.080000
vt 0.212553 0.880000
vt 0.212554 0.340000
vt 0.212554 0.600000
vt 0.212553 0.060000
vt 0.212553 0.860000
vt 0.212554 0.320000
vt 0.212554 0.580000
vt 0.212553 0.040000
vt 0.212553 0.840000
vt 0.212554 0.300000
vt 0.212554 0.560000
vt 0.212551 0.020000
vt 0.212553 0.820000
vt 0.212554 0.280000
vt 0.545826 0.980000
vt 0.548579 1.000000
vt 0.557409 1.000000
vt 0.554157 0.980000
vt 0.204222 0.660000
vt 0.204222 0.680000
vt 0.204222 0.120000
vt 0.204222 0.140000
vt 0.204221 0.920000
vt 0.204221 0.940000
vt 0.204222 0.380000
vt 0.204222 0.400000
vt 0.204222 0.640000
vt 0.204221 0.100000
vt 0.204221 0.900000
vt 0.204222 0.360000
vt 0.204222 0.620000
vt 0.204221 0.080000
vt 0.204222 0.880000
vt 0.204222 0.340000
vt 0.204222 0.600000
vt 0.204221 0.060000
vt 0.204222 0.860000
vt 0.204222 0.320000
vt 0.204222 0.580000
vt 0.204221 0.040000
vt 0.204222 0.840000
vt 0.204222 0.300000
vt 0.204222 0.560000
vt 0.204219 0.020000
vt 0.204222 0.820000
vt 0.204222 0.280000
vt 0.204222 0.540000
vt 0.320609 1.000000
vt 0.329167 1.000000
vt 0.204222 0.800000
vt 0.204222 0.260000
vt 0.204222 0.520000
vt 0.204222 0.780000
vt 0.204222 0.240000
vt 0.204222 0.500000
vt 0.204222 0.760000
vt 0.204222 0.220000
vt 0.204222 0.480000
vt 0.204222 0.740000
vt 0.204222 0.200000
vt 0.204222 0.460000
vt 0.204222 0.720000
vt 0.204222 0.180000
vt 0.587485 0.020000
vt 0.590900 0.000000
vt 0.582265 0.000000
vt 0.579153 0.019999
vt 0.204222 0.440000
vt 0.204222 0.700000
vt 0.204222 0.160000
vt 0.204221 0.960000
vt 0.204222 0.420000
vt 0.195890 0.540000
vt 0.195890 0.560000
vt 0.179224 0.980000
vt 0.170952 1.000000
vt 0.179060 1.000000
vt 0.187556 0.980000
vt 0.195890 0.800000
vt 0.195890 0.820000
vt 0.195890 0.260000
vt 0.195890 0.280000
vt 0.195890 0.520000
vt 0.195890 0.780000
vt 0.195890 0.240000
vt 0.195890 0.500000
vt 0.195890 0.760000
vt 0.195890 0.220000
vt 0.195890 0.480000
vt 0.195890 0.740000
vt 0.195890 0.200000
vt 0.195890 0.460000
vt 0.195890 0.720000
vt 0.195890 0.180000
vt 0.931863 0.000000
vt 0.929087 0.020000
vt 0.195890 0.440000
vt 0.195890 0.700000
vt 0.195890 0.160000
vt 0.195889 0.960000
vt 0.195890 0.420000
vt 0.195890 0.680000
vt 0.195890 0.140000
vt 0.195889 0.940000
vt 0.195890 0.400000
vt 0.195890 0.660000
vt 0.195890 0.120000
vt 0.195890 0.920000
vt 0.195890 0.380000
vt 0.195890 0.640000
vt 0.195890 0.100000
vt 0.195890 0.900000
vt 0.195890 0.360000
vt 0.195890 0.620000
vt 0.195890 0.080000
vt 0.195890 0.880000
vt 0.195890 0.340000
vt 0.195890 0.600000
vt 0.195889 0.060000
vt 0.195890 0.860000
vt 0.195890 0.320000
vt 0.195890 0.580000
vt 0.195889 0.040000
vt 0.195890 0.840000
vt 0.195890 0.300000
vt 0.187558 0.680000
vt 0.187558 0.700000
vt 0.187558 0.140000
vt 0.187558 0.160000
vt 0.187558 0.940000
vt 0.187557 0.960000
vt 0.187558 0.400000
vt 0.187558 0.420000
vt 0.187558 0.660000
vt 0.187558 0.120000
vt 0.187558 0.920000
vt 0.187558 0.380000
vt 0.187558 0.640000
vt 0.187558 0.100000
vt 0.187558 0.900000
vt 0.187558 0.360000
vt 0.187558 0.620000
vt 0.187558 0.080000
vt 0.187558 0.880000
vt 0.187558 0.340000
vt 0.187558 0.600000
vt 0.187558 0.060000
vt 0.187558 0.860000
vt 0.187558 0.320000
vt 0.187558 0.580000
vt 0.187557 0.040000
vt 0.187558 0.840000
vt 0.187558 0.300000
vt 0.187558 0.560000
vt 0.187558 0.820000
vt 0.187558 0.280000
vt 0.187558 0.540000
vt 0.988198 1.000000
vt 0.987409 0.979999
vt 0.187558 0.800000
vt 0.187558 0.260000
vt 0.187558 0.520000
vt 0.187558 0.780000
vt 0.187558 0.240000
vt 0.187558 0.500000
vt 0.187558 0.760000
vt 0.187558 0.220000
vt 0.187558 0.480000
vt 0.187558 0.740000
vt 0.187558 0.200000
vt 0.187558 0.460000
vt 0.187558 0.720000
vt 0.187558 0.180000
vt 0.037586 0.020000
vt 0.036227 0.000000
vt 0.028216 0.000000
vt 0.029254 0.020000
vt 0.187558 0.440000
vt 0.179227 0.560000
vt 0.179227 0.580000
vt 0.179226 0.040000
vt 0.179226 0.820000
vt 0.179226 0.840000
vt 0.179226 0.280000
vt 0.179227 0.300000
vt 0.179227 0.540000
vt 0.837439 0.980000
vt 0.845305 1.000000
vt 0.853360 1.000000
vt 0.845771 0.980000
vt 0.179226 0.800000
vt 0.179226 0.260000
vt 0.179227 0.520000
vt 0.179226 0.780000
vt 0.179227 0.240000
vt 0.179227 0.500000
vt 0.179227 0.760000
vt 0.179226 0.220000
vt 0.179227 0.480000
vt 0.179226 0.740000
vt 0.179226 0.200000
vt 0.179227 0.460000
vt 0.179227 0.720000
vt 0.179226 0.180000
vt 0.306426 0.000000
vt 0.297989 0.000000
vt 0.179227 0.440000
vt 0.179227 0.700000
vt 0.179226 0.160000
vt 0.179226 0.960000
vt 0.179227 0.420000
vt 0.179227 0.680000
vt 0.179226 0.140000
vt 0.179226 0.940000
vt 0.179227 0.400000
vt 0.179227 0.660000
vt 0.179226 0.120000
vt 0.179226 0.920000
vt 0.179227 0.380000
vt 0.179227 0.640000
vt 0.179226 0.100000
vt 0.179226 0.900000
vt 0.179227 0.360000
vt 0.179227 0.620000
vt 0.179226 0.080000
vt 0.179226 0.880000
vt 0.179226 0.340000
vt 0.179227 0.600000
vt 0.179226 0.060000
vt 0.179226 0.860000
vt 0.179227 0.320000
vt 0.170895 0.700000
vt 0.170895 0.720000
vt 0.170895 0.160000
vt 0.170895 0.180000
vt 0.170894 0.960000
vt 0.170893 0.980000
vt 0.170895 0.420000
vt 0.170895 0.440000
vt 0.170895 0.680000
vt 0.170895 0.140000
vt 0.170894 0.940000
vt 0.170895 0.400000
vt 0.170895 0.660000
vt 0.170895 0.120000
vt 0.170894 0.920000
vt 0.170895 0.380000
vt 0.170895 0.640000
vt 0.170894 0.100000
vt 0.170894 0.900000
vt 0.170895 0.360000
vt 0.170895 0.620000
vt 0.170894 0.080000
vt 0.170895 0.880000
vt 0.170895 0.340000
vt 0.170895 0.600000
vt 0.170894 0.060000
vt 0.170895 0.860000
vt 0.170895 0.320000
vt 0.170895 0.580000
vt 0.170894 0.040000
vt 0.170895 0.840000
vt 0.170895 0.300000
vt 0.170895 0.560000
vt 0.170895 0.820000
vt 0.170895 0.280000
vt 0.170895 0.540000
vt 0.120902 0.979999
vt 0.114732 1.000000
vt 0.122712 1.000000
vt 0.129234 0.979999
vt 0.170895 0.800000
vt 0.170895 0.260000
vt 0.170895 0.520000
vt 0.170895 0.780000
vt 0.170895 0.240000
vt 0.170895 0.500000
vt 0.170895 0.760000
vt 0.170895 0.220000
vt 0.170895 0.480000
vt 0.170895 0.740000
vt 0.170895 0.200000
vt 0.170895 0.460000
vt 0.979077 0.020000
vt 0.979985 0.000000
vt 0.971975 0.000000
vt 0.970746 0.020000
vt 0.162563 0.580000
vt 0.162563 0.600000
vt 0.162562 0.040000
vt 0.162562 0.060000
vt 0.162563 0.840000
vt 0.162563 0.860000
vt 0.162563 0.300000
vt 0.162563 0.320000
vt 0.162563 0.560000
vt 0.162561 0.020000
vt 0.162563 0.820000
vt 0.162563 0.280000
vt 0.162563 0.540000
vt 0.261428 1.000000
vt 0.269803 1.000000
vt 0.162563 0.800000
vt 0.162563 0.260000
vt 0.162563 0.520000
vt 0.162563 0.780000
vt 0.162563 0.240000
vt 0.162563 0.500000
vt 0.162563 0.760000
vt 0.162563 0.220000
vt 0.162563 0.480000
vt 0.162563 0.740000
vt 0.162563 0.200000
vt 0.162563 0.460000
vt 0.162563 0.720000
vt 0.162563 0.180000
vt 0.157214 0.000000
vt 0.149076 0.000000
vt 0.154229 0.020000
vt 0.162563 0.440000
vt 0.162563 0.700000
vt 0.162563 0.160000
vt 0.162562 0.960000
vt 0.162561 0.980000
vt 0.162563 0.420000
vt 0.162563 0.680000
vt 0.162563 0.140000
vt 0.162562 0.940000
vt 0.162563 0.400000
vt 0.162563 0.660000
vt 0.162563 0.120000
vt 0.162563 0.920000
vt 0.162563 0.380000
vt 0.162563 0.640000
vt 0.162563 0.100000
vt 0.162563 0.900000
vt 0.162563 0.360000
vt 0.162563 0.620000
vt 0.162563 0.080000
vt 0.162563 0.880000
vt 0.162563 0.340000
vt 0.154231 0.720000
vt 0.154231 0.740000
vt 0.154231 0.180000
vt 0.154231 0.200000
vt 0.104239 0.020000
vt 0.100502 0.000000
vt 0.092443 0.000000
vt 0.095907 0.020000
vt 0.154231 0.440000
vt 0.154231 0.460000
vt 0.154231 0.700000
vt 0.154231 0.160000
vt 0.154230 0.960000
vt 0.154229 0.979999
vt 0.154231 0.420000
vt 0.154231 0.680000
vt 0.154231 0.140000
vt 0.154231 0.940000
vt 0.154231 0.400000
vt 0.154231 0.660000
vt 0.154231 0.120000
vt 0.154231 0.920000
vt 0.154231 0.380000
vt 0.154231 0.640000
vt 0.154231 0.100000
vt 0.154231 0.900000
vt 0.154231 0.360000
vt 0.154231 0.620000
vt 0.154231 0.080000
vt 0.154231 0.880000
vt 0.154231 0.340000
vt 0.154231 0.600000
vt 0.154231 0.060000
vt 0.154231 0.860000
vt 0.154231 0.320000
vt 0.154231 0.580000
vt 0.154230 0.040000
vt 0.154231 0.840000
vt 0.154231 0.300000
vt 0.154231 0.560000
vt 0.154231 0.820000
vt 0.154231 0.280000
vt 0.154231 0.540000
vt 0.770785 0.980000
vt 0.780097 1.000000
vt 0.788329 1.000000
vt 0.779117 0.980000
vt 0.154231 0.800000
vt 0.154231 0.260000
vt 0.154231 0.520000
vt 0.154231 0.780000
vt 0.154231 0.240000
vt 0.154231 0.500000
vt 0.154231 0.760000
vt 0.154231 0.220000
vt 0.154231 0.480000
vt 0.145900 0.600000
vt 0.145900 0.620000
vt 0.145899 0.060000
vt 0.145899 0.080000
vt 0.145899 0.860000
vt 0.145899 0.880000
vt 0.145900 0.320000
vt 0.145899 0.340000
vt 0.145900 0.580000
vt 0.145899 0.040000
vt 0.145899 0.840000
vt 0.145900 0.300000
vt 0.145900 0.560000
vt 0.145897 0.020000
vt 0.145899 0.820000
vt 0.145899 0.280000
vt 0.145900 0.540000
vt 0.712463 0.980000
vt 0.721761 1.000000
vt 0.730173 1.000000
vt 0.720794 0.980000
vt 0.145899 0.800000
vt 0.145899 0.260000
vt 0.145900 0.520000
vt 0.145899 0.780000
vt 0.145900 0.240000
vt 0.145900 0.500000
vt 0.145900 0.760000
vt 0.145899 0.220000
vt 0.145900 0.480000
vt 0.145899 0.740000
vt 0.145899 0.200000
vt 0.145900 0.460000
vt 0.145900 0.720000
vt 0.145899 0.180000
vt 0.206348 0.000000
vt 0.145900 0.440000
vt 0.145900 0.700000
vt 0.145899 0.160000
vt 0.145899 0.960000
vt 0.145900 0.420000
vt 0.145900 0.680000
vt 0.145899 0.140000
vt 0.145899 0.940000
vt 0.145900 0.400000
vt 0.145900 0.660000
vt 0.145899 0.120000
vt 0.145899 0.920000
vt 0.145900 0.380000
vt 0.145900 0.640000
vt 0.145899 0.100000
vt 0.145899 0.900000
vt 0.145900 0.360000
vt 0.137568 0.740000
vt 0.137568 0.760000
vt 0.137568 0.200000
vt 0.137568 0.220000
vt 0.137568 0.460000
vt 0.137568 0.480000
vt 0.137568 0.720000
vt 0.137568 0.180000
vt 0.754122 0.020000
vt 0.760588 0.000000
vt 0.752264 0.000000
vt 0.745790 0.020000
vt 0.137568 0.440000
vt 0.137568 0.700000
vt 0.137568 0.160000
vt 0.137567 0.959999
vt 0.137568 0.420000
vt 0.137568 0.680000
vt 0.137568 0.140000
vt 0.137567 0.940000
vt 0.137568 0.400000
vt 0.137568 0.660000
vt 0.137567 0.120000
vt 0.137567 0.920000
vt 0.137568 0.380000
vt 0.137568 0.640000
vt 0.137567 0.100000
vt 0.137567 0.900000
vt 0.137568 0.360000
vt 0.137568 0.620000
vt 0.137567 0.080000
vt 0.137567 0.880000
vt 0.137568 0.340000
vt 0.137568 0.600000
vt 0.137567 0.060000
vt 0.137568 0.860000
vt 0.137568 0.320000
vt 0.137568 0.580000
vt 0.137567 0.040000
vt 0.137568 0.840000
vt 0.137568 0.300000
vt 0.137568 0.560000
vt 0.137568 0.820000
vt 0.137568 0.280000
vt 0.137568 0.540000
vt 0.645808 0.980000
vt 0.653532 1.000000
vt 0.662148 1.000000
vt 0.654140 0.980000
vt 0.137568 0.800000
vt 0.137568 0.260000
vt 0.137568 0.520000
vt 0.137568 0.780000
vt 0.137568 0.240000
vt 0.137568 0.500000
vt 0.129236 0.620000
vt 0.129236 0.640000
vt 0.129236 0.080000
vt 0.129236 0.100000
vt 0.129236 0.880000
vt 0.129236 0.900000
vt 0.129236 0.340000
vt 0.129236 0.360000
vt 0.129236 0.600000
vt 0.129235 0.060000
vt 0.129236 0.860000
vt 0.129236 0.320000
vt 0.129236 0.580000
vt 0.129235 0.040000
vt 0.129236 0.840000
vt 0.129236 0.300000
vt 0.129236 0.560000
vt 0.129236 0.820000
vt 0.129236 0.280000
vt 0.129236 0.540000
vt 0.389736 1.000000
vt 0.398474 1.000000
vt 0.129236 0.800000
vt 0.129236 0.260000
vt 0.129236 0.520000
vt 0.129236 0.780000
vt 0.129236 0.240000
vt 0.129236 0.500000
vt 0.129236 0.760000
vt 0.129236 0.220000
vt 0.129236 0.480000
vt 0.129236 0.740000
vt 0.129236 0.200000
vt 0.129236 0.460000
vt 0.129236 0.720000
vt 0.129236 0.180000
vt 0.820776 0.020000
vt 0.826560 0.000000
vt 0.818370 0.000000
vt 0.812444 0.020000
vt 0.129236 0.440000
vt 0.129236 0.700000
vt 0.129236 0.160000
vt 0.129235 0.959999
vt 0.129236 0.420000
vt 0.129236 0.680000
vt 0.129236 0.140000
vt 0.129235 0.940000
vt 0.129236 0.400000
vt 0.129236 0.660000
vt 0.129236 0.120000
vt 0.129236 0.920000
vt 0.129236 0.380000
vt 0.120904 0.760000
vt 0.120904 0.780000
vt 0.120904 0.220000
vt 0.120904 0.240000
vt 0.120904 0.480000
vt 0.120904 0.500000
vt 0.120904 0.740000
vt 0.120904 0.200000
vt 0.120904 0.460000
vt 0.120904 0.720000
vt 0.120904 0.180000
vt 0.879097 0.020000
vt 0.883496 0.000000
vt 0.875400 0.000000
vt 0.870766 0.020000
vt 0.120904 0.440000
vt 0.120904 0.700000
vt 0.120904 0.160000
vt 0.120903 0.959999
vt 0.120904 0.420000
vt 0.120904 0.680000
vt 0.120904 0.140000
vt 0.120904 0.940000
vt 0.120904 0.400000
vt 0.120904 0.660000
vt 0.120904 0.120000
vt 0.120904 0.920000
vt 0.120904 0.380000
vt 0.120904 0.640000
vt 0.120904 0.100000
vt 0.120904 0.900000
vt 0.120904 0.360000
vt 0.120904 0.620000
vt 0.120904 0.080000
vt 0.120904 0.880000
vt 0.120904 0.340000
vt 0.120904 0.600000
vt 0.120904 0.060000
vt 0.120904 0.860000
vt 0.120904 0.320000
vt 0.120904 0.580000
vt 0.120903 0.040000
vt 0.120904 0.840000
vt 0.120904 0.300000
vt 0.120904 0.560000
vt 0.120904 0.820000
vt 0.120904 0.280000
vt 0.120904 0.540000
vt 0.451232 1.000000
vt 0.460067 1.000000
vt 0.120904 0.800000
vt 0.120904 0.260000
vt 0.120904 0.520000
vt 0.112572 0.640000
vt 0.112572 0.660000
vt 0.112572 0.100000
vt 0.112572 0.120000
vt 0.112572 0.900000
vt 0.112572 0.920000
vt 0.112572 0.360000
vt 0.112572 0.380000
vt 0.112572 0.620000
vt 0.112572 0.080000
vt 0.112572 0.880000
vt 0.112572 0.340000
vt 0.112572 0.600000
vt 0.112572 0.060000
vt 0.112572 0.860000
vt 0.112572 0.320000
vt 0.112572 0.580000
vt 0.112572 0.040000
vt 0.112572 0.840000
vt 0.112572 0.300000
vt 0.112572 0.560000
vt 0.112572 0.820000
vt 0.112572 0.280000
vt 0.112572 0.540000
vt 0.587485 0.980000
vt 0.592607 1.000000
vt 0.601369 1.000000
vt 0.595817 0.980000
vt 0.112572 0.800000
vt 0.112572 0.260000
vt 0.112572 0.520000
vt 0.112572 0.780000
vt 0.112572 0.240000
vt 0.112572 0.500000
vt 0.112572 0.760000
vt 0.112572 0.220000
vt 0.112572 0.480000
vt 0.112572 0.740000
vt 0.112572 0.200000
vt 0.112572 0.460000
vt 0.112572 0.720000
vt 0.112572 0.180000
vt 0.695799 0.020000
vt 0.701950 0.000000
vt 0.693503 0.000000
vt 0.687467 0.020000
vt 0.112572 0.440000
vt 0.112572 0.700000
vt 0.112572 0.160000
vt 0.112572 0.959999
vt 0.112571 0.979999
vt 0.112572 0.420000
vt 0.112572 0.680000
vt 0.112572 0.140000
vt 0.112572 0.940000
vt 0.112572 0.400000
vt 0.104241 0.780000
vt 0.104241 0.800000
vt 0.104241 0.240000
vt 0.104241 0.260000
vt 0.104241 0.500000
vt 0.104241 0.520000
vt 0.104241 0.760000
vt 0.104241 0.220000
vt 0.104241 0.480000
vt 0.104241 0.740000
vt 0.104241 0.200000
vt 0.104241 0.460000
vt 0.104241 0.720000
vt 0.104241 0.180000
vt 0.545826 0.019999
vt 0.547638 0.000000
vt 0.104241 0.440000
vt 0.104241 0.700000
vt 0.104241 0.160000
vt 0.104240 0.959999
vt 0.104241 0.420000
vt 0.104241 0.680000
vt 0.104241 0.140000
vt 0.104240 0.940000
vt 0.104241 0.400000
vt 0.104241 0.660000
vt 0.104240 0.120000
vt 0.104240 0.920000
vt 0.104241 0.380000
vt 0.104241 0.640000
vt 0.104240 0.100000
vt 0.104240 0.900000
vt 0.104241 0.360000
vt 0.104241 0.620000
vt 0.104240 0.080000
vt 0.104240 0.880000
vt 0.104241 0.340000
vt 0.104241 0.600000
vt 0.104240 0.060000
vt 0.104241 0.860000
vt 0.104241 0.320000
vt 0.104241 0.580000
vt 0.104240 0.040000
vt 0.104240 0.840000
vt 0.104241 0.300000
vt 0.104241 0.560000
vt 0.104241 0.820000
vt 0.104241 0.280000
vt 0.104241 0.540000
vt 0.037586 0.979999
vt 0.035585 1.000000
vt 0.043462 1.000000
vt 0.045918 0.979999
vt 0.095909 0.660000
vt 0.095909 0.680000
vt 0.095909 0.120000
vt 0.095909 0.140000
vt 0.095909 0.919999
vt 0.095909 0.939999
vt 0.095909 0.380000
vt 0.095909 0.400000
vt 0.095909 0.640000
vt 0.095909 0.100000
vt 0.095909 0.900000
vt 0.095909 0.360000
vt 0.095909 0.620000
vt 0.095909 0.080000
vt 0.095909 0.880000
vt 0.095909 0.340000
vt 0.095909 0.600000
vt 0.095909 0.060000
vt 0.095909 0.860000
vt 0.095909 0.320000
vt 0.095909 0.580000
vt 0.095908 0.040000
vt 0.095909 0.840000
vt 0.095909 0.300000
vt 0.095909 0.560000
vt 0.095909 0.820000
vt 0.095909 0.280000
vt 0.095909 0.540000
vt 0.879097 0.979999
vt 0.885403 1.000000
vt 0.893373 1.000000
vt 0.887429 0.979999
vt 0.095909 0.800000
vt 0.095909 0.260000
vt 0.095909 0.520000
vt 0.095909 0.780000
vt 0.095909 0.240000
vt 0.095909 0.500000
vt 0.095909 0.760000
vt 0.095909 0.220000
vt 0.095909 0.480000
vt 0.095909 0.740000
vt 0.095909 0.200000
vt 0.095909 0.460000
vt 0.095909 0.720000
vt 0.095909 0.180000
vt 0.434842 0.000000
vt 0.095909 0.440000
vt 0.095909 0.700000
vt 0.095909 0.160000
vt 0.095908 0.959999
vt 0.095909 0.420000
vt 0.486614 1.000000
vt 0.495471 1.000000
vt 0.087577 0.800000
vt 0.087577 0.820000
vt 0.087577 0.260000
vt 0.087577 0.280000
vt 0.087577 0.520000
vt 0.087577 0.540000
vt 0.087577 0.780000
vt 0.087577 0.240000
vt 0.087577 0.500000
vt 0.087577 0.760000
vt 0.087577 0.220000
vt 0.087577 0.480000
vt 0.087577 0.740000
vt 0.087577 0.200000
vt 0.087577 0.460000
vt 0.087577 0.720000
vt 0.087577 0.180000
vt 0.810165 0.000000
vt 0.804112 0.020000
vt 0.087577 0.440000
vt 0.087577 0.700000
vt 0.087577 0.160000
vt 0.087577 0.959999
vt 0.087577 0.420000
vt 0.087577 0.680000
vt 0.087577 0.140000
vt 0.087577 0.939999
vt 0.087577 0.400000
vt 0.087577 0.660000
vt 0.087577 0.120000
vt 0.087577 0.919999
vt 0.087577 0.380000
vt 0.087577 0.640000
vt 0.087577 0.100000
vt 0.087577 0.900000
vt 0.087577 0.360000
vt 0.087577 0.620000
vt 0.087577 0.080000
vt 0.087577 0.880000
vt 0.087577 0.340000
vt 0.087577 0.600000
vt 0.087577 0.060000
vt 0.087577 0.860000
vt 0.087577 0.320000
vt 0.087577 0.580000
vt 0.087577 0.040000
vt 0.087577 0.840000
vt 0.087577 0.300000
vt 0.087577 0.560000
vt 0.087576 0.020000
vt 0.079245 0.320000
vt 0.079245 0.340000
vt 0.079245 0.680000
vt 0.079245 0.700000
vt 0.079245 0.580000
vt 0.079245 0.600000
vt 0.079245 0.939999
vt 0.079245 0.959999
vt 0.079245 0.040000
vt 0.079245 0.060000
vt 0.079245 0.300000
vt 0.079245 0.919999
vt 0.079245 0.560000
vt 0.079244 0.020000
vt 0.079245 0.280000
vt 0.079245 0.900000
vt 0.079245 0.540000
vt 0.312076 1.000000
vt 0.079245 0.260000
vt 0.079245 0.880000
vt 0.079245 0.520000
vt 0.079245 0.240000
vt 0.079245 0.860000
vt 0.079245 0.500000
vt 0.079245 0.220000
vt 0.079245 0.840000
vt 0.079245 0.480000
vt 0.079245 0.200000
vt 0.079245 0.820000
vt 0.079245 0.460000
vt 0.079245 0.180000
vt 0.079245 0.800000
vt 0.079245 0.440000
vt 0.079245 0.160000
vt 0.079245 0.420000
vt 0.079245 0.780000
vt 0.079245 0.140000
vt 0.079245 0.400000
vt 0.079245 0.760000
vt 0.079245 0.660000
vt 0.079245 0.120000
vt 0.079245 0.380000
vt 0.079245 0.740000
vt 0.079245 0.640000
vt 0.079245 0.100000
vt 0.079245 0.360000
vt 0.079245 0.720000
vt 0.504238 0.000000
vt 0.504166 0.019999
vt 0.079245 0.620000
vt 0.079245 0.080000
vt 0.070914 0.460000
vt 0.070914 0.480000
vt 0.070914 0.720000
vt 0.070914 0.740000
vt 0.070913 0.180000
vt 0.070914 0.200000
vt 0.374525 0.000000
vt 0.070914 0.440000
vt 0.070914 0.700000
vt 0.070913 0.160000
vt 0.070913 0.959999
vt 0.070914 0.420000
vt 0.070914 0.680000
vt 0.070913 0.140000
vt 0.070913 0.939999
vt 0.070914 0.400000
vt 0.070914 0.660000
vt 0.070913 0.120000
vt 0.070913 0.919999
vt 0.070914 0.380000
vt 0.070914 0.640000
vt 0.070913 0.100000
vt 0.070913 0.900000
vt 0.070914 0.360000
vt 0.070914 0.620000
vt 0.070913 0.080000
vt 0.070913 0.880000
vt 0.070914 0.340000
vt 0.070914 0.600000
vt 0.070913 0.060000
vt 0.070913 0.860000
vt 0.070914 0.320000
vt 0.070914 0.580000
vt 0.070913 0.040000
vt 0.070913 0.840000
vt 0.070914 0.300000
vt 0.070914 0.560000
vt 0.070913 0.020000
vt 0.070914 0.820000
vt 0.070914 0.280000
vt 0.070914 0.540000
vt 0.154797 1.000000
vt 0.162865 1.000000
vt 0.070913 0.800000
vt 0.070914 0.260000
vt 0.070914 0.520000
vt 0.070914 0.780000
vt 0.070914 0.240000
vt 0.070914 0.500000
vt 0.070914 0.760000
vt 0.070914 0.220000
vt 0.062582 0.340000
vt 0.062582 0.360000
vt 0.062582 0.600000
vt 0.062582 0.620000
vt 0.062582 0.060000
vt 0.062582 0.080000
vt 0.062582 0.860000
vt 0.062582 0.880000
vt 0.062582 0.320000
vt 0.062582 0.580000
vt 0.062581 0.040000
vt 0.062582 0.840000
vt 0.062582 0.300000
vt 0.062582 0.560000
vt 0.062581 0.020000
vt 0.062582 0.820000
vt 0.062582 0.280000
vt 0.062582 0.540000
vt 0.837230 1.000000
vt 0.829107 0.980000
vt 0.062582 0.800000
vt 0.062582 0.260000
vt 0.062582 0.520000
vt 0.062582 0.780000
vt 0.062582 0.240000
vt 0.062582 0.500000
vt 0.062582 0.760000
vt 0.062582 0.220000
vt 0.062582 0.480000
vt 0.062582 0.740000
vt 0.062582 0.200000
vt 0.062582 0.460000
vt 0.062582 0.720000
vt 0.062582 0.180000
vt 0.629144 0.020000
vt 0.633904 0.000000
vt 0.062582 0.440000
vt 0.062582 0.700000
vt 0.062582 0.160000
vt 0.062581 0.959999
vt 0.062582 0.420000
vt 0.062582 0.680000
vt 0.062582 0.140000
vt 0.062582 0.939999
vt 0.062582 0.400000
vt 0.062582 0.660000
vt 0.062582 0.120000
vt 0.062582 0.919999
vt 0.062582 0.380000
vt 0.062582 0.640000
vt 0.062582 0.100000
vt 0.062582 0.900000
vt 0.054250 0.480000
vt 0.054250 0.500000
vt 0.054250 0.740000
vt 0.054250 0.760000
vt 0.054250 0.200000
vt 0.054250 0.220000
vt 0.054250 0.460000
vt 0.054250 0.720000
vt 0.054250 0.180000
vt 0.076349 0.000000
vt 0.068314 0.000000
vt 0.054250 0.440000
vt 0.054250 0.700000
vt 0.054250 0.160000
vt 0.054250 0.959999
vt 0.054250 0.420000
vt 0.054250 0.680000
vt 0.054250 0.140000
vt 0.054250 0.939999
vt 0.054250 0.400000
vt 0.054250 0.660000
vt 0.054250 0.120000
vt 0.054250 0.919999
vt 0.054250 0.380000
vt 0.054250 0.640000
vt 0.054250 0.100000
vt 0.054250 0.900000
vt 0.054250 0.360000
vt 0.054250 0.620000
vt 0.054250 0.080000
vt 0.054250 0.880000
vt 0.054250 0.340000
vt 0.054250 0.600000
vt 0.054250 0.060000
vt 0.054250 0.860000
vt 0.054250 0.320000
vt 0.054250 0.580000
vt 0.054250 0.040000
vt 0.054250 0.840000
vt 0.054250 0.300000
vt 0.054250 0.560000
vt 0.054250 0.820000
vt 0.054250 0.280000
vt 0.054250 0.540000
vt 0.253078 1.000000
vt 0.054250 0.800000
vt 0.054250 0.260000
vt 0.054250 0.520000
vt 0.054250 0.780000
vt 0.054250 0.240000
vt 0.045918 0.360000
vt 0.045918 0.380000
vt 0.045918 0.620000
vt 0.045918 0.640000
vt 0.045918 0.080000
vt 0.045918 0.100000
vt 0.045918 0.880000
vt 0.045918 0.900000
vt 0.045918 0.340000
vt 0.045918 0.600000
vt 0.045918 0.060000
vt 0.045918 0.860000
vt 0.045918 0.320000
vt 0.045918 0.580000
vt 0.045918 0.040000
vt 0.045918 0.840000
vt 0.045918 0.300000
vt 0.045918 0.560000
vt 0.045918 0.820000
vt 0.045918 0.280000
vt 0.045918 0.540000
vt 0.877417 1.000000
vt 0.870766 0.979999
vt 0.045918 0.800000
vt 0.045918 0.260000
vt 0.045918 0.520000
vt 0.045918 0.780000
vt 0.045918 0.240000
vt 0.045918 0.500000
vt 0.045918 0.760000
vt 0.045918 0.220000
vt 0.045918 0.480000
vt 0.045918 0.740000
vt 0.045918 0.200000
vt 0.045918 0.460000
vt 0.045918 0.720000
vt 0.045918 0.180000
vt 0.198120 0.000000
vt 0.045918 0.440000
vt 0.045918 0.700000
vt 0.045918 0.160000
vt 0.045918 0.959999
vt 0.045918 0.420000
vt 0.045918 0.680000
vt 0.045918 0.140000
vt 0.045918 0.939999
vt 0.045918 0.400000
vt 0.045918 0.660000
vt 0.045918 0.120000
vt 0.045918 0.919999
vt 0.037587 0.500000
vt 0.037587 0.520000
vt 0.037587 0.760000
vt 0.037587 0.780000
vt 0.037587 0.220000
vt 0.037587 0.240000
vt 0.037587 0.480000
vt 0.037587 0.740000
vt 0.037587 0.200000
vt 0.037587 0.460000
vt 0.037587 0.720000
vt 0.037587 0.180000
vt 0.920756 0.020000
vt 0.923823 0.000000
vt 0.037587 0.440000
vt 0.037587 0.700000
vt 0.037587 0.160000
vt 0.037586 0.959999
vt 0.037587 0.420000
vt 0.037587 0.680000
vt 0.037587 0.140000
vt 0.037586 0.939999
vt 0.037587 0.400000
vt 0.037587 0.660000
vt 0.037586 0.120000
vt 0.037586 0.919999
vt 0.037587 0.380000
vt 0.037587 0.640000
vt 0.037586 0.100000
vt 0.037586 0.900000
vt 0.037587 0.360000
vt 0.037587 0.620000
vt 0.037586 0.080000
vt 0.037586 0.880000
vt 0.037587 0.340000
vt 0.037587 0.600000
vt 0.037586 0.060000
vt 0.037587 0.860000
vt 0.037587 0.320000
vt 0.037587 0.580000
vt 0.037586 0.040000
vt 0.037586 0.840000
vt 0.037587 0.300000
vt 0.037587 0.560000
vt 0.037587 0.820000
vt 0.037587 0.280000
vt 0.037587 0.540000
vt 0.754122 0.980000
vt 0.763559 1.000000
vt 0.771840 1.000000
vt 0.762453 0.980000
vt 0.037587 0.800000
vt 0.037587 0.260000
vt 0.029255 0.380000
vt 0.029255 0.400000
vt 0.029255 0.640000
vt 0.029255 0.660000
vt 0.029255 0.100000
vt 0.029255 0.120000
vt 0.029255 0.900000
vt 0.029255 0.919999
vt 0.029255 0.360000
vt 0.029255 0.620000
vt 0.029255 0.080000
vt 0.029255 0.880000
vt 0.029255 0.340000
vt 0.029255 0.600000
vt 0.029255 0.060000
vt 0.029255 0.860000
vt 0.029255 0.320000
vt 0.029255 0.580000
vt 0.029254 0.040000
vt 0.029255 0.840000
vt 0.029255 0.300000
vt 0.029255 0.560000
vt 0.029255 0.820000
vt 0.029255 0.280000
vt 0.029255 0.540000
vt 0.106767 1.000000
vt 0.029255 0.800000
vt 0.029255 0.260000
vt 0.029255 0.520000
vt 0.029255 0.780000
vt 0.029255 0.240000
vt 0.029255 0.500000
vt 0.029255 0.760000
vt 0.029255 0.220000
vt 0.029255 0.480000
vt 0.029255 0.740000
vt 0.029255 0.200000
vt 0.029255 0.460000
vt 0.029255 0.720000
vt 0.029255 0.180000
vt 0.020923 0.020000
vt 0.020207 0.000000
vt 0.029255 0.440000
vt 0.029255 0.700000
vt 0.029255 0.160000
vt 0.029254 0.959999
vt 0.029254 0.979999
vt 0.029255 0.420000
vt 0.029255 0.680000
vt 0.029255 0.140000
vt 0.029255 0.939999
vt 0.020923 0.520000
vt 0.020923 0.540000
vt 0.020923 0.780000
vt 0.020923 0.800000
vt 0.020923 0.240000
vt 0.020923 0.260000
vt 0.020923 0.500000
vt 0.020923 0.760000
vt 0.020923 0.220000
vt 0.020923 0.480000
vt 0.020923 0.740000
vt 0.020923 0.200000
vt 0.020923 0.460000
vt 0.020923 0.720000
vt 0.020923 0.180000
vt 0.247739 0.000000
vt 0.239426 0.000000
vt 0.020923 0.440000
vt 0.020923 0.700000
vt 0.020923 0.160000
vt 0.020923 0.959999
vt 0.020923 0.420000
vt 0.020923 0.680000
vt 0.020923 0.140000
vt 0.020923 0.939999
vt 0.020923 0.400000
vt 0.020923 0.660000
vt 0.020923 0.120000
vt 0.020923 0.919999
vt 0.020923 0.380000
vt 0.020923 0.640000
vt 0.020923 0.100000
vt 0.020923 0.900000
vt 0.020923 0.360000
vt 0.020923 0.620000
vt 0.020923 0.080000
vt 0.020923 0.880000
vt 0.020923 0.340000
vt 0.020923 0.600000
vt 0.020923 0.060000
vt 0.020923 0.860000
vt 0.020923 0.320000
vt 0.020923 0.580000
vt 0.020923 0.040000
vt 0.020923 0.840000
vt 0.020923 0.300000
vt 0.020923 0.560000
vt 0.020923 0.820000
vt 0.020923 0.280000
vt 0.713323 1.000000
vt 0.704131 0.980000
vt 0.012591 0.400000
vt 0.012591 0.420000
vt 0.012591 0.660000
vt 0.012591 0.680000
vt 0.012591 0.120000
vt 0.012591 0.140000
vt 0.012591 0.919999
vt 0.012591 0.939999
vt 0.012591 0.380000
vt 0.012591 0.640000
vt 0.012591 0.100000
vt 0.012591 0.900000
vt 0.012591 0.360000
vt 0.012591 0.620000
vt 0.012591 0.080000
vt 0.012591 0.880000
vt 0.012591 0.340000
vt 0.012591 0.600000
vt 0.012591 0.060000
vt 0.012591 0.860000
vt 0.012591 0.320000
vt 0.012591 0.580000
vt 0.012591 0.040000
vt 0.012591 0.840000
vt 0.012591 0.300000
vt 0.012591 0.560000
vt 0.012591 0.820000
vt 0.012591 0.280000
vt 0.012591 0.540000
vt 0.644892 1.000000
vt 0.637476 0.980000
vt 0.012591 0.800000
vt 0.012591 0.260000
vt 0.012591 0.520000
vt 0.012591 0.780000
vt 0.012591 0.240000
vt 0.012591 0.500000
vt 0.012591 0.760000
vt 0.012591 0.220000
vt 0.012591 0.480000
vt 0.012591 0.740000
vt 0.012591 0.200000
vt 0.012591 0.460000
vt 0.012591 0.720000
vt 0.012591 0.180000
vt 0.348869 0.000000
vt 0.012591 0.440000
vt 0.012591 0.700000
vt 0.012591 0.160000
vt 0.012591 0.959999
vt 0.004259 0.540000
vt 0.004259 0.560000
vt 0.004259 0.800000
vt 0.004259 0.820000
vt 0.004259 0.260000
vt 0.004259 0.280000
vt 0.004259 0.520000
vt 0.004259 0.780000
vt 0.004259 0.240000
vt 0.004259 0.500000
vt 0.004259 0.760000
vt 0.004259 0.220000
vt 0.004259 0.480000
vt 0.004259 0.740000
vt 0.004259 0.200000
vt 0.004259 0.460000
vt 0.004259 0.720000
vt 0.004259 0.180000
vt 0.862434 0.020000
vt 0.867293 0.000000
vt 0.004259 0.440000
vt 0.004259 0.700000
vt 0.004259 0.160000
vt 0.004259 0.959999
vt 0.004259 0.420000
vt 0.004259 0.680000
vt 0.004259 0.140000
vt 0.004259 0.939999
vt 0.004259 0.400000
vt 0.004259 0.660000
vt 0.004259 0.120000
vt 0.004259 0.919999
vt 0.004259 0.380000
vt 0.004259 0.640000
vt 0.004259 0.100000
vt 0.004259 0.900000
vt 0.004259 0.360000
vt 0.004259 0.620000
vt 0.004259 0.080000
vt 0.004259 0.880000
vt 0.004259 0.340000
vt 0.004259 0.600000
vt 0.004259 0.060000
vt 0.004259 0.860000
vt 0.004259 0.320000
vt 0.004259 0.580000
vt 0.004259 0.040000
vt 0.004259 0.840000
vt 0.004259 0.300000
vt 1.004072 0.420000
vt 0.995740 0.420000
vt 0.995741 0.440000
vt 1.004072 0.440000
vt -0.004072 0.680000
vt -0.004072 0.700000
vt -0.004072 0.140000
vt -0.004072 0.160000
vt -0.004072 0.939999
vt -0.004072 0.959999
vt 1.004072 0.400000
vt 0.995741 0.400000
vt -0.004072 0.660000
vt -0.004072 0.120000
vt -0.004072 0.919999
vt -0.004072 0.380000
vt -0.004072 0.400000
vt -0.004072 0.640000
vt 1.004072 0.100000
vt 0.995740 0.100000
vt 0.995741 0.120000
vt 1.004072 0.120000
vt 1.004072 0.900000
vt 0.995740 0.900000
vt 0.995741 0.919999
vt 1.004072 0.919999
vt -0.004072 0.360000
vt -0.004072 0.620000
vt 1.004072 0.080000
vt 0.995741 0.080000
vt 1.004072 0.880000
vt 0.995741 0.880000
vt 1.004072 0.340000
vt 0.995740 0.340000
vt 0.995741 0.360000
vt 1.004072 0.360000
vt -0.004072 0.600000
vt -0.004072 0.060000
vt -0.004072 0.080000
vt -0.004072 0.860000
vt -0.004072 0.880000
vt 1.004072 0.320000
vt 0.995741 0.320000
vt -0.004072 0.580000
vt -0.004072 0.040000
vt 1.004072 0.840000
vt 0.995740 0.840000
vt 0.995741 0.860000
vt 1.004072 0.860000
vt -0.004072 0.300000
vt -0.004072 0.320000
vt -0.004072 0.560000
vt -0.004072 0.020000
vt 1.004072 0.820000
vt 0.995741 0.820000
vt -0.004072 0.280000
vt 1.004072 0.540000
vt 0.995740 0.540000
vt 0.995741 0.560000
vt 1.004072 0.560000
vt 0.433591 1.000000
vt 0.442406 1.000000
vt -0.004072 0.800000
vt -0.004072 0.820000
vt -0.004072 0.260000
vt 1.004072 0.520000
vt 0.995741 0.520000
vt -0.004072 0.780000
vt -0.004072 0.240000
vt -0.004072 0.500000
vt -0.004072 0.520000
vt -0.004072 0.760000
vt -0.004072 0.220000
vt -0.004072 0.480000
vt 1.004072 0.740000
vt 0.995740 0.740000
vt 0.995741 0.760000
vt 1.004072 0.760000
vt -0.004072 0.200000
vt -0.004072 0.460000
vt 1.004072 0.720000
vt 0.995741 0.720000
vt -0.004072 0.180000
vt 0.795781 0.020000
vt 0.801944 0.000000
vt -0.004072 0.440000
vt -0.004072 0.720000
vt 0.987409 0.560000
vt 0.987409 0.580000
vt 0.995741 0.580000
vt 0.987409 0.040000
vt 0.995741 0.040000
vt 0.987409 0.820000
vt 0.987409 0.840000
vt 0.995741 0.280000
vt 0.987409 0.280000
vt 0.987409 0.300000
vt 0.995741 0.300000
vt 0.987409 0.540000
vt 0.381018 1.000000
vt 0.995741 0.800000
vt 0.987409 0.800000
vt 0.995741 0.260000
vt 0.987409 0.260000
vt 0.987409 0.520000
vt 0.995741 0.780000
vt 0.987409 0.780000
vt 0.995741 0.240000
vt 0.987409 0.240000
vt 0.995741 0.500000
vt 0.987409 0.500000
vt 0.987409 0.760000
vt 0.995741 0.220000
vt 0.987409 0.220000
vt 0.995741 0.480000
vt 0.987409 0.480000
vt 0.987409 0.740000
vt 0.995741 0.200000
vt 0.987409 0.200000
vt 0.995741 0.460000
vt 0.987409 0.460000
vt 0.987409 0.720000
vt 0.995741 0.180000
vt 0.987409 0.180000
vt 0.495553 0.000000
vt 0.486869 0.000000
vt 0.987409 0.440000
vt 0.995741 0.700000
vt 0.987409 0.700000
vt 0.995741 0.160000
vt 0.987409 0.160000
vt 0.995741 0.959999
vt 0.987409 0.959999
vt 0.995741 0.979999
vt 0.987409 0.420000
vt 0.995741 0.680000
vt 0.987409 0.680000
vt 0.995741 0.140000
vt 0.987409 0.140000
vt 0.995741 0.939999
vt 0.987409 0.939999
vt 0.987409 0.400000
vt 0.995741 0.660000
vt 0.987409 0.660000
vt 0.987409 0.120000
vt 0.987409 0.919999
vt 0.995741 0.380000
vt 0.987409 0.380000
vt 0.995741 0.640000
vt 0.987409 0.640000
vt 0.987409 0.100000
vt 0.987409 0.900000
vt 0.987409 0.360000
vt 0.995741 0.620000
vt 0.987409 0.620000
vt 0.987409 0.080000
vt 0.987409 0.880000
vt 0.987409 0.340000
vt 0.995741 0.600000
vt 0.987409 0.600000
vt 0.995741 0.060000
vt 0.987409 0.060000
vt 0.987409 0.860000
vt 0.987409 0.320000
vt 0.979077 0.440000
vt 0.979077 0.460000
vt 0.979077 0.700000
vt 0.979077 0.720000
vt 0.979077 0.160000
vt 0.979077 0.180000
vt 0.979077 0.959999
vt 0.979077 0.420000
vt 0.979077 0.680000
vt 0.979077 0.140000
vt 0.979077 0.939999
vt 0.979077 0.400000
vt 0.979077 0.660000
vt 0.979077 0.120000
vt 0.979077 0.919999
vt 0.979077 0.380000
vt 0.979077 0.640000
vt 0.979077 0.100000
vt 0.979077 0.900000
vt 0.979077 0.360000
vt 0.979077 0.620000
vt 0.979077 0.080000
vt 0.979077 0.880000
vt 0.979077 0.340000
vt 0.979077 0.600000
vt 0.979077 0.060000
vt 0.979077 0.860000
vt 0.979077 0.320000
vt 0.979077 0.580000
vt 0.979077 0.040000
vt 0.979077 0.840000
vt 0.979077 0.300000
vt 0.979077 0.560000
vt 0.979077 0.820000
vt 0.979077 0.280000
vt 0.979077 0.540000
vt 0.933032 1.000000
vt 0.929087 0.979999
vt 0.979077 0.800000
vt 0.979077 0.260000
vt 0.979077 0.520000
vt 0.979077 0.780000
vt 0.979077 0.240000
vt 0.979077 0.500000
vt 0.979077 0.760000
vt 0.979077 0.220000
vt 0.979077 0.480000
vt 0.979077 0.740000
vt 0.979077 0.200000
vt 0.289569 0.000000
vt 0.970745 0.580000
vt 0.970745 0.600000
vt 0.970745 0.040000
vt 0.970745 0.060000
vt 0.970745 0.840000
vt 0.970745 0.860000
vt 0.970745 0.300000
vt 0.970745 0.320000
vt 0.970745 0.560000
vt 0.970745 0.820000
vt 0.970745 0.280000
vt 0.970745 0.540000
vt 0.970745 0.800000
vt 0.970745 0.260000
vt 0.970745 0.520000
vt 0.970745 0.780000
vt 0.970745 0.240000
vt 0.970745 0.500000
vt 0.970745 0.760000
vt 0.970745 0.220000
vt 0.970745 0.480000
vt 0.970745 0.740000
vt 0.970745 0.200000
vt 0.970745 0.460000
vt 0.970745 0.720000
vt 0.970745 0.180000
vt 0.962414 0.020000
vt 0.963961 0.000000
vt 0.955944 0.000000
vt 0.954082 0.020000
vt 0.970745 0.440000
vt 0.970745 0.700000
vt 0.970745 0.160000
vt 0.970745 0.959999
vt 0.970745 0.420000
vt 0.970745 0.680000
vt 0.970745 0.140000
vt 0.970745 0.939999
vt 0.970745 0.400000
vt 0.970745 0.660000
vt 0.970745 0.120000
vt 0.970745 0.919999
vt 0.970745 0.380000
vt 0.970745 0.640000
vt 0.970745 0.100000
vt 0.970745 0.900000
vt 0.970745 0.360000
vt 0.970745 0.620000
vt 0.970745 0.080000
vt 0.970745 0.880000
vt 0.970745 0.340000
vt 0.962413 0.460000
vt 0.962413 0.480000
vt 0.962413 0.720000
vt 0.962413 0.740000
vt 0.962413 0.180000
vt 0.962413 0.200000
vt 0.962413 0.440000
vt 0.962413 0.700000
vt 0.962413 0.160000
vt 0.962414 0.959999
vt 0.962413 0.420000
vt 0.962413 0.680000
vt 0.962413 0.140000
vt 0.962414 0.939999
vt 0.962413 0.400000
vt 0.962413 0.660000
vt 0.962413 0.120000
vt 0.962413 0.919999
vt 0.962413 0.380000
vt 0.962413 0.640000
vt 0.962413 0.100000
vt 0.962413 0.900000
vt 0.962413 0.360000
vt 0.962413 0.620000
vt 0.962414 0.080000
vt 0.962413 0.880000
vt 0.962413 0.340000
vt 0.962413 0.600000
vt 0.962414 0.060000
vt 0.962413 0.860000
vt 0.962413 0.320000
vt 0.962413 0.580000
vt 0.962414 0.040000
vt 0.962413 0.840000
vt 0.962413 0.300000
vt 0.962413 0.560000
vt 0.962413 0.820000
vt 0.962413 0.280000
vt 0.962413 0.540000
vt 0.583828 1.000000
vt 0.579153 0.980000
vt 0.962413 0.800000
vt 0.962413 0.260000
vt 0.962413 0.520000
vt 0.962413 0.780000
vt 0.962413 0.240000
vt 0.962413 0.500000
vt 0.962413 0.760000
vt 0.962413 0.220000
vt 0.954082 0.600000
vt 0.954082 0.620000
vt 0.954082 0.060000
vt 0.954082 0.080000
vt 0.954082 0.860000
vt 0.954082 0.880000
vt 0.954082 0.320000
vt 0.954082 0.340000
vt 0.954082 0.580000
vt 0.954082 0.040000
vt 0.954082 0.840000
vt 0.954082 0.300000
vt 0.954082 0.560000
vt 0.954082 0.820000
vt 0.954082 0.280000
vt 0.954082 0.540000
vt 0.203517 1.000000
vt 0.954082 0.800000
vt 0.954082 0.260000
vt 0.954082 0.520000
vt 0.954082 0.780000
vt 0.954082 0.240000
vt 0.954082 0.500000
vt 0.954082 0.760000
vt 0.954082 0.220000
vt 0.954082 0.480000
vt 0.954082 0.740000
vt 0.954082 0.200000
vt 0.954082 0.460000
vt 0.954082 0.720000
vt 0.954082 0.180000
vt 0.140951 0.000000
vt 0.954082 0.440000
vt 0.954082 0.700000
vt 0.954082 0.160000
vt 0.954082 0.959999
vt 0.954082 0.420000
vt 0.954082 0.680000
vt 0.954082 0.140000
vt 0.954082 0.939999
vt 0.954082 0.400000
vt 0.954082 0.660000
vt 0.954082 0.120000
vt 0.954082 0.919999
vt 0.954082 0.380000
vt 0.954082 0.640000
vt 0.954082 0.100000
vt 0.954082 0.900000
vt 0.954082 0.360000
vt 0.945750 0.480000
vt 0.945750 0.500000
vt 0.945750 0.060000
vt 0.945750 0.080000
vt 0.945750 0.740000
vt 0.945750 0.760000
vt 0.945750 0.460000
vt 0.945750 0.040000
vt 0.945750 0.720000
vt 0.060284 0.000000
vt 0.945750 0.440000
vt 0.945750 0.700000
vt 0.945750 0.959999
vt 0.945751 0.979999
vt 0.945750 0.420000
vt 0.027713 1.000000
vt 0.945750 0.680000
vt 0.945750 0.939999
vt 0.945750 0.400000
vt 0.945750 0.660000
vt 0.945750 0.919999
vt 0.945750 0.380000
vt 0.945750 0.640000
vt 0.945750 0.220000
vt 0.945750 0.240000
vt 0.945750 0.900000
vt 0.945750 0.360000
vt 0.945750 0.620000
vt 0.945750 0.200000
vt 0.945750 0.880000
vt 0.945750 0.340000
vt 0.945750 0.600000
vt 0.945750 0.180000
vt 0.945750 0.860000
vt 0.945750 0.320000
vt 0.945750 0.580000
vt 0.945750 0.160000
vt 0.945750 0.840000
vt 0.945750 0.300000
vt 0.945750 0.560000
vt 0.945750 0.140000
vt 0.945750 0.820000
vt 0.945750 0.280000
vt 0.945750 0.540000
vt 0.945750 0.120000
vt 0.945750 0.800000
vt 0.945750 0.260000
vt 0.945750 0.520000
vt 0.945750 0.100000
vt 0.945750 0.780000
vt 0.937418 0.480000
vt 0.937418 0.500000
vt 0.937418 0.740000
vt 0.937418 0.760000
vt 0.937418 0.200000
vt 0.937418 0.220000
vt 0.937418 0.460000
vt 0.937418 0.720000
vt 0.937418 0.180000
vt 0.937418 0.440000
vt 0.937418 0.700000
vt 0.937418 0.160000
vt 0.937419 0.959999
vt 0.937419 0.979999
vt 0.937418 0.420000
vt 0.937418 0.680000
vt 0.937418 0.140000
vt 0.937418 0.939999
vt 0.937418 0.400000
vt 0.937418 0.660000
vt 0.937418 0.120000
vt 0.937418 0.919999
vt 0.937418 0.380000
vt 0.937418 0.640000
vt 0.937418 0.100000
vt 0.937418 0.900000
vt 0.937418 0.360000
vt 0.937418 0.620000
vt 0.937418 0.080000
vt 0.937418 0.880000
vt 0.937418 0.340000
vt 0.937418 0.600000
vt 0.937418 0.060000
vt 0.937418 0.860000
vt 0.937418 0.320000
vt 0.937418 0.580000
vt 0.937419 0.040000
vt 0.937418 0.840000
vt 0.937418 0.300000
vt 0.937418 0.560000
vt 0.937418 0.820000
vt 0.937418 0.280000
vt 0.937418 0.540000
vt 0.146749 1.000000
vt 0.937418 0.800000
vt 0.937418 0.260000
vt 0.937418 0.520000
vt 0.937418 0.780000
vt 0.937418 0.240000
vt 0.929086 0.620000
vt 0.929086 0.640000
vt 0.929087 0.080000
vt 0.929087 0.100000
vt 0.929086 0.880000
vt 0.929086 0.900000
vt 0.929086 0.340000
vt 0.929086 0.360000
vt 0.929086 0.600000
vt 0.929087 0.060000
vt 0.929087 0.860000
vt 0.929086 0.320000
vt 0.929086 0.580000
vt 0.929087 0.040000
vt 0.929086 0.840000
vt 0.929086 0.300000
vt 0.929086 0.560000
vt 0.929086 0.820000
vt 0.929086 0.280000
vt 0.929086 0.540000
vt 0.929086 0.800000
vt 0.929086 0.260000
vt 0.929086 0.520000
vt 0.929086 0.780000
vt 0.929086 0.240000
vt 0.929086 0.500000
vt 0.929086 0.760000
vt 0.929086 0.220000
vt 0.929086 0.480000
vt 0.929086 0.740000
vt 0.929086 0.200000
vt 0.929086 0.460000
vt 0.929086 0.720000
vt 0.929086 0.180000
vt 0.570821 0.019999
vt 0.573620 0.000000
vt 0.564967 0.000000
vt 0.562489 0.019999
vt 0.929086 0.440000
vt 0.929086 0.700000
vt 0.929086 0.160000
vt 0.929087 0.959999
vt 0.929086 0.420000
vt 0.929086 0.680000
vt 0.929086 0.140000
vt 0.929087 0.940000
vt 0.929086 0.400000
vt 0.929086 0.660000
vt 0.929087 0.120000
vt 0.929087 0.919999
vt 0.929086 0.380000
vt 0.920755 0.500000
vt 0.920755 0.520000
vt 0.920755 0.760000
vt 0.920755 0.780000
vt 0.920755 0.220000
vt 0.920755 0.240000
vt 0.920755 0.480000
vt 0.920755 0.740000
vt 0.920755 0.200000
vt 0.920754 0.460000
vt 0.920755 0.720000
vt 0.920755 0.180000
vt 0.737458 0.020000
vt 0.743923 0.000000
vt 0.920754 0.440000
vt 0.920755 0.700000
vt 0.920755 0.160000
vt 0.920755 0.959999
vt 0.920754 0.420000
vt 0.920755 0.680000
vt 0.920755 0.140000
vt 0.920755 0.940000
vt 0.920755 0.400000
vt 0.920755 0.660000
vt 0.920755 0.120000
vt 0.920755 0.920000
vt 0.920755 0.380000
vt 0.920755 0.640000
vt 0.920755 0.100000
vt 0.920755 0.900000
vt 0.920755 0.360000
vt 0.920755 0.620000
vt 0.920755 0.080000
vt 0.920755 0.880000
vt 0.920754 0.340000
vt 0.920755 0.600000
vt 0.920755 0.060000
vt 0.920755 0.860000
vt 0.920755 0.320000
vt 0.920755 0.580000
vt 0.920755 0.040000
vt 0.920755 0.840000
vt 0.920755 0.300000
vt 0.920755 0.560000
vt 0.920755 0.820000
vt 0.920755 0.280000
vt 0.920754 0.540000
vt 0.920755 0.800000
vt 0.920755 0.260000
vt 0.912423 0.640000
vt 0.912423 0.660000
vt 0.912423 0.100000
vt 0.912423 0.120000
vt 0.912423 0.900000
vt 0.912423 0.920000
vt 0.912423 0.360000
vt 0.912423 0.380000
vt 0.912423 0.620000
vt 0.912423 0.080000
vt 0.912423 0.880000
vt 0.912423 0.340000
vt 0.912423 0.600000
vt 0.912423 0.060000
vt 0.912423 0.860000
vt 0.912423 0.320000
vt 0.912423 0.580000
vt 0.912423 0.040000
vt 0.912423 0.840000
vt 0.912423 0.300000
vt 0.912423 0.560000
vt 0.912423 0.820000
vt 0.912423 0.280000
vt 0.912423 0.540000
vt 0.912423 0.800000
vt 0.912423 0.260000
vt 0.912423 0.520000
vt 0.912423 0.780000
vt 0.912423 0.240000
vt 0.912423 0.500000
vt 0.912423 0.760000
vt 0.912423 0.220000
vt 0.912423 0.480000
vt 0.912423 0.740000
vt 0.912423 0.200000
vt 0.912423 0.460000
vt 0.912423 0.720000
vt 0.912423 0.180000
vt 0.231131 0.000000
vt 0.912423 0.440000
vt 0.912423 0.700000
vt 0.912423 0.160000
vt 0.912423 0.959999
vt 0.912423 0.420000
vt 0.912423 0.680000
vt 0.912423 0.140000
vt 0.912423 0.940000
vt 0.912423 0.400000
vt 0.904091 0.520000
vt 0.904091 0.540000
vt 0.904091 0.780000
vt 0.904091 0.800000
vt 0.904091 0.240000
vt 0.904091 0.260000
vt 0.904091 0.500000
vt 0.904091 0.760000
vt 0.904091 0.220000
vt 0.904091 0.480000
vt 0.904091 0.740000
vt 0.904091 0.200000
vt 0.904091 0.460000
vt 0.904091 0.720000
vt 0.904091 0.180000
vt 0.904091 0.440000
vt 0.904091 0.700000
vt 0.904091 0.160000
vt 0.904092 0.959999
vt 0.904091 0.420000
vt 0.904091 0.680000
vt 0.904091 0.140000
vt 0.904091 0.940000
vt 0.904091 0.400000
vt 0.904091 0.660000
vt 0.904091 0.120000
vt 0.904091 0.920000
vt 0.904091 0.380000
vt 0.904091 0.640000
vt 0.904091 0.100000
vt 0.904091 0.900000
vt 0.904091 0.360000
vt 0.904091 0.620000
vt 0.904091 0.080000
vt 0.904091 0.880000
vt 0.904091 0.340000
vt 0.904091 0.600000
vt 0.904091 0.060000
vt 0.904091 0.860000
vt 0.904091 0.320000
vt 0.904091 0.580000
vt 0.904092 0.040000
vt 0.904091 0.840000
vt 0.904091 0.300000
vt 0.904091 0.560000
vt 0.904091 0.820000
vt 0.904091 0.280000
vt 0.755251 1.000000
vt 0.745790 0.980000
vt 0.895759 0.660000
vt 0.895759 0.680000
vt 0.895759 0.120000
vt 0.895759 0.140000
vt 0.895760 0.920000
vt 0.895760 0.940000
vt 0.895759 0.380000
vt 0.895759 0.400000
vt 0.895759 0.640000
vt 0.895759 0.100000
vt 0.895759 0.900000
vt 0.895759 0.360000
vt 0.895759 0.620000
vt 0.895760 0.080000
vt 0.895759 0.880000
vt 0.895759 0.340000
vt 0.895759 0.600000
vt 0.895760 0.060000
vt 0.895759 0.860000
vt 0.895759 0.320000
vt 0.895759 0.580000
vt 0.895760 0.040000
vt 0.895759 0.840000
vt 0.895759 0.300000
vt 0.895759 0.560000
vt 0.895759 0.820000
vt 0.895759 0.280000
vt 0.895759 0.540000
vt 0.895759 0.800000
vt 0.895759 0.260000
vt 0.895759 0.520000
vt 0.895759 0.780000
vt 0.895759 0.240000
vt 0.895759 0.500000
vt 0.895759 0.760000
vt 0.895759 0.220000
vt 0.895759 0.480000
vt 0.895759 0.740000
vt 0.895759 0.200000
vt 0.895759 0.460000
vt 0.895759 0.720000
vt 0.895759 0.180000
vt 0.895759 0.440000
vt 0.895759 0.700000
vt 0.895759 0.160000
vt 0.895760 0.959999
vt 0.895759 0.420000
vt 0.887427 0.540000
vt 0.887427 0.560000
vt 0.887428 0.800000
vt 0.887428 0.820000
vt 0.887428 0.260000
vt 0.887428 0.280000
vt 0.887428 0.520000
vt 0.887428 0.780000
vt 0.887428 0.240000
vt 0.887427 0.500000
vt 0.887428 0.760000
vt 0.887428 0.220000
vt 0.887428 0.480000
vt 0.887428 0.740000
vt 0.887428 0.200000
vt 0.887427 0.460000
vt 0.887428 0.720000
vt 0.887428 0.180000
vt 0.887427 0.440000
vt 0.887428 0.700000
vt 0.887428 0.160000
vt 0.887428 0.959999
vt 0.887427 0.420000
vt 0.887428 0.680000
vt 0.887428 0.140000
vt 0.887428 0.940000
vt 0.887428 0.400000
vt 0.887428 0.660000
vt 0.887428 0.120000
vt 0.887428 0.920000
vt 0.887428 0.380000
vt 0.887428 0.640000
vt 0.887428 0.100000
vt 0.887428 0.900000
vt 0.887428 0.360000
vt 0.887428 0.620000
vt 0.887428 0.080000
vt 0.887428 0.880000
vt 0.887427 0.340000
vt 0.887428 0.600000
vt 0.887428 0.060000
vt 0.887428 0.860000
vt 0.887428 0.320000
vt 0.887427 0.580000
vt 0.887428 0.040000
vt 0.887428 0.840000
vt 0.887428 0.300000
vt 0.879096 0.680000
vt 0.879096 0.700000
vt 0.879096 0.140000
vt 0.879096 0.160000
vt 0.879096 0.940000
vt 0.879097 0.959999
vt 0.879096 0.400000
vt 0.879096 0.420000
vt 0.879096 0.660000
vt 0.879096 0.120000
vt 0.879096 0.920000
vt 0.879096 0.380000
vt 0.879096 0.640000
vt 0.879096 0.100000
vt 0.879096 0.900000
vt 0.879096 0.360000
vt 0.879096 0.620000
vt 0.879096 0.080000
vt 0.879096 0.880000
vt 0.879096 0.340000
vt 0.879096 0.600000
vt 0.879096 0.060000
vt 0.879096 0.860000
vt 0.879096 0.320000
vt 0.879096 0.580000
vt 0.879097 0.040000
vt 0.879096 0.840000
vt 0.879096 0.300000
vt 0.879096 0.560000
vt 0.879096 0.820000
vt 0.879096 0.280000
vt 0.879096 0.540000
vt 0.679136 0.980000
vt 0.687851 1.000000
vt 0.879096 0.800000
vt 0.879096 0.260000
vt 0.879096 0.520000
vt 0.879096 0.780000
vt 0.879096 0.240000
vt 0.879096 0.500000
vt 0.879096 0.760000
vt 0.879096 0.220000
vt 0.879096 0.480000
vt 0.879096 0.740000
vt 0.879096 0.200000
vt 0.879096 0.460000
vt 0.879096 0.720000
vt 0.879096 0.180000
vt 0.478186 0.000000
vt 0.879096 0.440000
vt 0.870764 0.560000
vt 0.870764 0.580000
vt 0.870765 0.040000
vt 0.870764 0.820000
vt 0.870764 0.840000
vt 0.870764 0.280000
vt 0.870764 0.300000
vt 0.870764 0.540000
vt 0.424789 1.000000
vt 0.870764 0.800000
vt 0.870764 0.260000
vt 0.870764 0.520000
vt 0.870764 0.780000
vt 0.870764 0.240000
vt 0.870764 0.500000
vt 0.870764 0.760000
vt 0.870764 0.220000
vt 0.870764 0.480000
vt 0.870764 0.740000
vt 0.870764 0.200000
vt 0.870764 0.460000
vt 0.870764 0.720000
vt 0.870764 0.180000
vt 0.870764 0.440000
vt 0.870764 0.700000
vt 0.870764 0.160000
vt 0.870765 0.960000
vt 0.870764 0.420000
vt 0.870764 0.680000
vt 0.870764 0.140000
vt 0.870764 0.940000
vt 0.870764 0.400000
vt 0.870764 0.660000
vt 0.870764 0.120000
vt 0.870764 0.920000
vt 0.870764 0.380000
vt 0.870764 0.640000
vt 0.870764 0.100000
vt 0.870764 0.900000
vt 0.870764 0.360000
vt 0.870764 0.620000
vt 0.870764 0.080000
vt 0.870764 0.880000
vt 0.870764 0.340000
vt 0.870764 0.600000
vt 0.870764 0.060000
vt 0.870764 0.860000
vt 0.870764 0.320000
vt 0.862432 0.700000
vt 0.862432 0.720000
vt 0.862432 0.160000
vt 0.862432 0.180000
vt 0.862433 0.960000
vt 0.862432 0.420000
vt 0.862432 0.440000
vt 0.862432 0.680000
vt 0.862432 0.140000
vt 0.862433 0.940000
vt 0.862432 0.400000
vt 0.862432 0.660000
vt 0.862432 0.120000
vt 0.862433 0.920000
vt 0.862432 0.380000
vt 0.862432 0.640000
vt 0.862432 0.100000
vt 0.862432 0.900000
vt 0.862432 0.360000
vt 0.862432 0.620000
vt 0.862433 0.080000
vt 0.862432 0.880000
vt 0.862432 0.340000
vt 0.862432 0.600000
vt 0.862433 0.060000
vt 0.862432 0.860000
vt 0.862432 0.320000
vt 0.862432 0.580000
vt 0.862433 0.040000
vt 0.862432 0.840000
vt 0.862432 0.300000
vt 0.862432 0.560000
vt 0.862432 0.820000
vt 0.862432 0.280000
vt 0.862432 0.540000
vt 0.862432 0.800000
vt 0.862432 0.260000
vt 0.862432 0.520000
vt 0.862432 0.780000
vt 0.862432 0.240000
vt 0.862432 0.500000
vt 0.862432 0.760000
vt 0.862432 0.220000
vt 0.862432 0.480000
vt 0.862432 0.740000
vt 0.862432 0.200000
vt 0.862432 0.460000
vt 0.854100 0.580000
vt 0.854100 0.600000
vt 0.854101 0.040000
vt 0.854101 0.060000
vt 0.854101 0.840000
vt 0.854101 0.860000
vt 0.854101 0.300000
vt 0.854101 0.320000
vt 0.854100 0.560000
vt 0.854101 0.820000
vt 0.854101 0.280000
vt 0.854100 0.540000
vt 0.854101 0.800000
vt 0.854101 0.260000
vt 0.854100 0.520000
vt 0.854101 0.780000
vt 0.854101 0.240000
vt 0.854100 0.500000
vt 0.854101 0.760000
vt 0.854101 0.220000
vt 0.854100 0.480000
vt 0.854101 0.740000
vt 0.854101 0.200000
vt 0.854100 0.460000
vt 0.854101 0.720000
vt 0.854101 0.180000
vt 0.854100 0.440000
vt 0.854101 0.700000
vt 0.854101 0.160000
vt 0.854101 0.960000
vt 0.854100 0.420000
vt 0.854101 0.680000
vt 0.854101 0.140000
vt 0.854101 0.940000
vt 0.854101 0.400000
vt 0.854100 0.660000
vt 0.854101 0.120000
vt 0.854101 0.920000
vt 0.854101 0.380000
vt 0.854101 0.640000
vt 0.854101 0.100000
vt 0.854101 0.900000
vt 0.854101 0.360000
vt 0.854101 0.620000
vt 0.854101 0.080000
vt 0.854101 0.880000
vt 0.854100 0.340000
vt 0.845769 0.720000
vt 0.845769 0.740000
vt 0.845769 0.180000
vt 0.845769 0.200000
vt -0.003813 0.000000
vt 0.845769 0.440000
vt 0.845769 0.460000
vt 0.845769 0.700000
vt 0.845769 0.160000
vt 0.845770 0.960000
vt 0.845769 0.420000
vt 0.845769 0.680000
vt 0.845769 0.140000
vt 0.845769 0.940000
vt 0.845769 0.400000
vt 0.845769 0.660000
vt 0.845769 0.120000
vt 0.845769 0.920000
vt 0.845769 0.380000
vt 0.845769 0.640000
vt 0.845769 0.100000
vt 0.845769 0.900000
vt 0.845769 0.360000
vt 0.845769 0.620000
vt 0.845769 0.080000
vt 0.845769 0.880000
vt 0.845769 0.340000
vt 0.845769 0.600000
vt 0.845769 0.060000
vt 0.845769 0.860000
vt 0.845769 0.320000
vt 0.845769 0.580000
vt 0.845770 0.040000
vt 0.845769 0.840000
vt 0.845769 0.300000
vt 0.845769 0.560000
vt 0.845769 0.820000
vt 0.845769 0.280000
vt 0.845769 0.540000
vt 0.845769 0.800000
vt 0.845769 0.260000
vt 0.845769 0.520000
vt 0.845769 0.780000
vt 0.845769 0.240000
vt 0.845769 0.500000
vt 0.845769 0.760000
vt 0.845769 0.220000
vt 0.845769 0.480000
vt 0.837437 0.600000
vt 0.837437 0.620000
vt 0.837438 0.060000
vt 0.837437 0.080000
vt 0.837437 0.860000
vt 0.837437 0.880000
vt 0.837437 0.320000
vt 0.837437 0.340000
vt 0.837437 0.580000
vt 0.837438 0.040000
vt 0.837437 0.840000
vt 0.837437 0.300000
vt 0.837437 0.560000
vt 0.837437 0.820000
vt 0.837437 0.280000
vt 0.837437 0.540000
vt 0.948824 1.000000
vt 0.837437 0.800000
vt 0.837437 0.260000
vt 0.837437 0.520000
vt 0.837437 0.780000
vt 0.837437 0.240000
vt 0.837437 0.500000
vt 0.837437 0.760000
vt 0.837437 0.220000
vt 0.837437 0.480000
vt 0.837437 0.740000
vt 0.837437 0.200000
vt 0.837437 0.460000
vt 0.837437 0.720000
vt 0.837437 0.180000
vt 0.554157 0.019999
vt 0.556306 0.000000
vt 0.837437 0.440000
vt 0.837437 0.700000
vt 0.837437 0.160000
vt 0.837438 0.960000
vt 0.837437 0.420000
vt 0.837437 0.680000
vt 0.837437 0.140000
vt 0.837438 0.940000
vt 0.837437 0.400000
vt 0.837437 0.660000
vt 0.837437 0.120000
vt 0.837437 0.920000
vt 0.837437 0.380000
vt 0.837437 0.640000
vt 0.837437 0.100000
vt 0.837437 0.900000
vt 0.837437 0.360000
vt 0.829105 0.740000
vt 0.829105 0.760000
vt 0.829105 0.200000
vt 0.829105 0.220000
vt 0.829105 0.460000
vt 0.829105 0.480000
vt 0.829105 0.720000
vt 0.829105 0.180000
vt 0.829105 0.440000
vt 0.829105 0.700000
vt 0.829105 0.160000
vt 0.829106 0.960000
vt 0.829105 0.420000
vt 0.829105 0.680000
vt 0.829105 0.140000
vt 0.829106 0.940000
vt 0.829105 0.400000
vt 0.829105 0.660000
vt 0.829105 0.120000
vt 0.829105 0.920000
vt 0.829105 0.380000
vt 0.829105 0.640000
vt 0.829105 0.100000
vt 0.829105 0.900000
vt 0.829105 0.360000
vt 0.829105 0.620000
vt 0.829106 0.080000
vt 0.829105 0.880000
vt 0.829105 0.340000
vt 0.829105 0.600000
vt 0.829106 0.060000
vt 0.829105 0.860000
vt 0.829105 0.320000
vt 0.829105 0.580000
vt 0.829106 0.040000
vt 0.829105 0.840000
vt 0.829105 0.300000
vt 0.829105 0.560000
vt 0.829105 0.820000
vt 0.829105 0.280000
vt 0.829105 0.540000
vt 0.829105 0.800000
vt 0.829105 0.260000
vt 0.829105 0.520000
vt 0.829105 0.780000
vt 0.829105 0.240000
vt 0.829105 0.500000
vt 0.820773 0.620000
vt 0.820773 0.640000
vt 0.820774 0.080000
vt 0.820774 0.100000
vt 0.820774 0.880000
vt 0.820774 0.900000
vt 0.820773 0.340000
vt 0.820773 0.360000
vt 0.820773 0.600000
vt 0.820774 0.060000
vt 0.820774 0.860000
vt 0.820773 0.320000
vt 0.820773 0.580000
vt 0.820774 0.040000
vt 0.820774 0.840000
vt 0.820773 0.300000
vt 0.820773 0.560000
vt 0.820774 0.820000
vt 0.820773 0.280000
vt 0.820773 0.540000
vt 0.539741 1.000000
vt 0.537494 0.980000
vt 0.820773 0.800000
vt 0.820773 0.260000
vt 0.820773 0.520000
vt 0.820773 0.780000
vt 0.820773 0.240000
vt 0.820773 0.500000
vt 0.820774 0.760000
vt 0.820773 0.220000
vt 0.820773 0.480000
vt 0.820773 0.740000
vt 0.820774 0.200000
vt 0.820773 0.460000
vt 0.820773 0.720000
vt 0.820774 0.180000
vt 0.820773 0.440000
vt 0.820773 0.700000
vt 0.820774 0.160000
vt 0.820774 0.960000
vt 0.820773 0.420000
vt 0.820773 0.680000
vt 0.820774 0.140000
vt 0.820774 0.940000
vt 0.820773 0.400000
vt 0.820773 0.660000
vt 0.820774 0.120000
vt 0.820774 0.920000
vt 0.820773 0.380000
vt 0.812442 0.760000
vt 0.812442 0.780000
vt 0.812442 0.220000
vt 0.812442 0.240000
vt 0.812442 0.480000
vt 0.812442 0.500000
vt 0.812442 0.740000
vt 0.812442 0.200000
vt 0.812442 0.460000
vt 0.812442 0.720000
vt 0.812442 0.180000
vt 0.812442 0.440000
vt 0.812442 0.700000
vt 0.812442 0.160000
vt 0.812443 0.960000
vt 0.812442 0.420000
vt 0.812442 0.680000
vt 0.812442 0.140000
vt 0.812442 0.940000
vt 0.812442 0.400000
vt 0.812442 0.660000
vt 0.812442 0.120000
vt 0.812442 0.920000
vt 0.812442 0.380000
vt 0.812442 0.640000
vt 0.812442 0.100000
vt 0.812442 0.900000
vt 0.812442 0.360000
vt 0.812442 0.620000
vt 0.812442 0.080000
vt 0.812442 0.880000
vt 0.812442 0.340000
vt 0.812442 0.600000
vt 0.812442 0.060000
vt 0.812442 0.860000
vt 0.812442 0.320000
vt 0.812442 0.580000
vt 0.812443 0.040000
vt 0.812442 0.840000
vt 0.812442 0.300000
vt 0.812442 0.560000
vt 0.812442 0.820000
vt 0.812442 0.280000
vt 0.812442 0.540000
vt 0.812442 0.800000
vt 0.812442 0.260000
vt 0.812442 0.520000
vt 0.804110 0.520000
vt 0.804110 0.540000
vt 0.804110 0.780000
vt 0.804110 0.800000
vt 0.804110 0.240000
vt 0.804110 0.260000
vt 0.804110 0.500000
vt 0.804110 0.760000
vt 0.804110 0.220000
vt 0.804110 0.480000
vt 0.804110 0.740000
vt 0.804110 0.200000
vt 0.804110 0.460000
vt 0.804110 0.720000
vt 0.804110 0.180000
vt 0.804110 0.440000
vt 0.804110 0.700000
vt 0.804110 0.160000
vt 0.804111 0.960000
vt 0.804110 0.420000
vt 0.804110 0.680000
vt 0.804110 0.140000
vt 0.804111 0.940000
vt 0.804110 0.400000
vt 0.804110 0.660000
vt 0.804110 0.120000
vt 0.804110 0.920000
vt 0.804110 0.380000
vt 0.804110 0.640000
vt 0.804110 0.100000
vt 0.804110 0.900000
vt 0.804110 0.360000
vt 0.804110 0.620000
vt 0.804110 0.080000
vt 0.804110 0.880000
vt 0.804110 0.340000
vt 0.804110 0.600000
vt 0.804111 0.060000
vt 0.804110 0.860000
vt 0.804110 0.320000
vt 0.804110 0.580000
vt 0.804111 0.040000
vt 0.804110 0.840000
vt 0.804110 0.300000
vt 0.804110 0.560000
vt 0.804110 0.820000
vt 0.804110 0.280000
vt 0.795778 0.400000
vt 0.795778 0.420000
vt 0.795778 0.660000
vt 0.795778 0.680000
vt 0.795778 0.120000
vt 0.795778 0.140000
vt 0.795779 0.920000
vt 0.795779 0.940000
vt 0.795778 0.380000
vt 0.795778 0.640000
vt 0.795778 0.100000
vt 0.795778 0.900000
vt 0.795778 0.360000
vt 0.795778 0.620000
vt 0.795779 0.080000
vt 0.795778 0.880000
vt 0.795778 0.340000
vt 0.795778 0.600000
vt 0.795779 0.060000
vt 0.795778 0.860000
vt 0.795778 0.320000
vt 0.795778 0.580000
vt 0.795779 0.040000
vt 0.795778 0.840000
vt 0.795778 0.300000
vt 0.795778 0.560000
vt 0.795778 0.820000
vt 0.795778 0.280000
vt 0.795778 0.540000
vt 0.795778 0.800000
vt 0.795778 0.260000
vt 0.795778 0.520000
vt 0.795778 0.780000
vt 0.795778 0.240000
vt 0.795778 0.500000
vt 0.795778 0.760000
vt 0.795778 0.220000
vt 0.795778 0.480000
vt 0.795778 0.740000
vt 0.795778 0.200000
vt 0.795778 0.460000
vt 0.795778 0.720000
vt 0.795778 0.180000
vt 0.795778 0.440000
vt 0.795778 0.700000
vt 0.795778 0.160000
vt 0.795779 0.960000
vt 0.787446 0.540000
vt 0.787446 0.560000
vt 0.787446 0.800000
vt 0.787446 0.820000
vt 0.787446 0.260000
vt 0.787446 0.280000
vt 0.787446 0.520000
vt 0.787446 0.780000
vt 0.787446 0.240000
vt 0.787446 0.500000
vt 0.787446 0.760000
vt 0.787446 0.220000
vt 0.787446 0.480000
vt 0.787446 0.740000
vt 0.787446 0.200000
vt 0.787446 0.460000
vt 0.787446 0.720000
vt 0.787446 0.180000
vt 0.787446 0.440000
vt 0.787446 0.700000
vt 0.787446 0.160000
vt 0.787447 0.960000
vt 0.787446 0.420000
vt 0.787446 0.680000
vt 0.787446 0.140000
vt 0.787447 0.940000
vt 0.787446 0.400000
vt 0.787446 0.660000
vt 0.787446 0.120000
vt 0.787447 0.920000
vt 0.787446 0.380000
vt 0.787446 0.640000
vt 0.787447 0.100000
vt 0.787447 0.900000
vt 0.787446 0.360000
vt 0.787446 0.620000
vt 0.787447 0.080000
vt 0.787446 0.880000
vt 0.787446 0.340000
vt 0.787446 0.600000
vt 0.787447 0.060000
vt 0.787446 0.860000
vt 0.787446 0.320000
vt 0.787446 0.580000
vt 0.787447 0.040000
vt 0.787446 0.840000
vt 0.787446 0.300000
vt 0.779115 0.420000
vt 0.779114 0.440000
vt 0.779115 0.680000
vt 0.779115 0.700000
vt 0.779115 0.140000
vt 0.779115 0.160000
vt 0.779115 0.940000
vt 0.779116 0.960000
vt 0.779115 0.400000
vt 0.779115 0.660000
vt 0.779115 0.120000
vt 0.779115 0.920000
vt 0.779115 0.380000
vt 0.779115 0.640000
vt 0.779115 0.100000
vt 0.779115 0.900000
vt 0.779115 0.360000
vt 0.779115 0.620000
vt 0.779115 0.080000
vt 0.779115 0.880000
vt 0.779114 0.340000
vt 0.779115 0.600000
vt 0.779115 0.060000
vt 0.779115 0.860000
vt 0.779115 0.320000
vt 0.779115 0.580000
vt 0.779116 0.040000
vt 0.779115 0.840000
vt 0.779115 0.300000
vt 0.779115 0.560000
vt 0.779115 0.820000
vt 0.779115 0.280000
vt 0.779114 0.540000
vt 0.779115 0.800000
vt 0.779115 0.260000
vt 0.779114 0.520000
vt 0.779115 0.780000
vt 0.779115 0.240000
vt 0.779115 0.500000
vt 0.779115 0.760000
vt 0.779115 0.220000
vt 0.779114 0.480000
vt 0.779115 0.740000
vt 0.779115 0.200000
vt 0.779114 0.460000
vt 0.779115 0.720000
vt 0.779115 0.180000
vt 0.770783 0.560000
vt 0.770783 0.580000
vt 0.770784 0.040000
vt 0.770783 0.820000
vt 0.770783 0.840000
vt 0.770783 0.280000
vt 0.770783 0.300000
vt 0.770783 0.540000
vt 0.770783 0.800000
vt 0.770783 0.260000
vt 0.770783 0.520000
vt 0.770783 0.780000
vt 0.770783 0.240000
vt 0.770783 0.500000
vt 0.770783 0.760000
vt 0.770783 0.220000
vt 0.770783 0.480000
vt 0.770783 0.740000
vt 0.770783 0.200000
vt 0.770783 0.460000
vt 0.770783 0.720000
vt 0.770783 0.180000
vt 0.770783 0.440000
vt 0.770783 0.700000
vt 0.770783 0.160000
vt 0.770784 0.960000
vt 0.770783 0.420000
vt 0.770783 0.680000
vt 0.770783 0.140000
vt 0.770783 0.940000
vt 0.770783 0.400000
vt 0.770783 0.660000
vt 0.770783 0.120000
vt 0.770783 0.920000
vt 0.770783 0.380000
vt 0.770783 0.640000
vt 0.770783 0.100000
vt 0.770783 0.900000
vt 0.770783 0.360000
vt 0.770783 0.620000
vt 0.770783 0.080000
vt 0.770783 0.880000
vt 0.770783 0.340000
vt 0.770783 0.600000
vt 0.770783 0.060000
vt 0.770783 0.860000
vt 0.770783 0.320000
vt 0.762451 0.440000
vt 0.762451 0.460000
vt 0.762451 0.700000
vt 0.762451 0.720000
vt 0.762451 0.160000
vt 0.762451 0.180000
vt 0.762452 0.960000
vt 0.762451 0.420000
vt 0.762451 0.680000
vt 0.762451 0.140000
vt 0.762452 0.940000
vt 0.762451 0.400000
vt 0.762451 0.660000
vt 0.762451 0.120000
vt 0.762452 0.920000
vt 0.762451 0.380000
vt 0.762451 0.640000
vt 0.762451 0.100000
vt 0.762451 0.900000
vt 0.762451 0.360000
vt 0.762451 0.620000
vt 0.762452 0.080000
vt 0.762451 0.880000
vt 0.762451 0.340000
vt 0.762451 0.600000
vt 0.762452 0.060000
vt 0.762451 0.860000
vt 0.762451 0.320000
vt 0.762451 0.580000
vt 0.762452 0.040000
vt 0.762451 0.840000
vt 0.762451 0.300000
vt 0.762451 0.560000
vt 0.762451 0.820000
vt 0.762451 0.280000
vt 0.762451 0.540000
vt 0.762451 0.800000
vt 0.762451 0.260000
vt 0.762451 0.520000
vt 0.762451 0.780000
vt 0.762451 0.240000
vt 0.762451 0.500000
vt 0.762451 0.760000
vt 0.762451 0.220000
vt 0.762451 0.480000
vt 0.762451 0.740000
vt 0.762451 0.200000
vt 0.754119 0.580000
vt 0.754119 0.600000
vt 0.754120 0.040000
vt 0.754120 0.060000
vt 0.754119 0.840000
vt 0.754119 0.860000
vt 0.754119 0.300000
vt 0.754119 0.320000
vt 0.754119 0.560000
vt 0.754119 0.820000
vt 0.754119 0.280000
vt 0.754119 0.540000
vt 0.754119 0.800000
vt 0.754119 0.260000
vt 0.754119 0.520000
vt 0.754119 0.780000
vt 0.754119 0.240000
vt 0.754119 0.500000
vt 0.754119 0.760000
vt 0.754119 0.220000
vt 0.754119 0.480000
vt 0.754119 0.740000
vt 0.754119 0.200000
vt 0.754119 0.460000
vt 0.754119 0.720000
vt 0.754119 0.180000
vt 0.754119 0.440000
vt 0.754119 0.700000
vt 0.754119 0.160000
vt 0.754120 0.960000
vt 0.754119 0.420000
vt 0.754119 0.680000
vt 0.754119 0.140000
vt 0.754120 0.940000
vt 0.754119 0.400000
vt 0.754119 0.660000
vt 0.754119 0.120000
vt 0.754120 0.920000
vt 0.754119 0.380000
vt 0.754119 0.640000
vt 0.754120 0.100000
vt 0.754120 0.900000
vt 0.754119 0.360000
vt 0.754119 0.620000
vt 0.754120 0.080000
vt 0.754119 0.880000
vt 0.754119 0.340000
vt 0.745787 0.460000
vt 0.745787 0.480000
vt 0.745788 0.720000
vt 0.745788 0.740000
vt 0.745788 0.180000
vt 0.745788 0.200000
vt 0.745787 0.440000
vt 0.745788 0.700000
vt 0.745788 0.160000
vt 0.745789 0.960000
vt 0.745787 0.420000
vt 0.745787 0.680000
vt 0.745788 0.140000
vt 0.745788 0.940000
vt 0.745787 0.400000
vt 0.745787 0.660000
vt 0.745788 0.120000
vt 0.745788 0.920000
vt 0.745787 0.380000
vt 0.745787 0.640000
vt 0.745788 0.100000
vt 0.745788 0.900000
vt 0.745788 0.360000
vt 0.745787 0.620000
vt 0.745788 0.080000
vt 0.745788 0.880000
vt 0.745787 0.340000
vt 0.745787 0.600000
vt 0.745788 0.060000
vt 0.745788 0.860000
vt 0.745787 0.320000
vt 0.745787 0.580000
vt 0.745789 0.040000
vt 0.745788 0.840000
vt 0.745788 0.300000
vt 0.745787 0.560000
vt 0.745788 0.820000
vt 0.745788 0.280000
vt 0.745787 0.540000
vt 0.745788 0.800000
vt 0.745788 0.260000
vt 0.745787 0.520000
vt 0.745788 0.780000
vt 0.745788 0.240000
vt 0.745787 0.500000
vt 0.745788 0.760000
vt 0.745788 0.220000
vt 0.737456 0.600000
vt 0.737456 0.620000
vt 0.737456 0.060000
vt 0.737456 0.080000
vt 0.737456 0.860000
vt 0.737456 0.880000
vt 0.737456 0.320000
vt 0.737456 0.340000
vt 0.737456 0.580000
vt 0.737457 0.040000
vt 0.737456 0.840000
vt 0.737456 0.300000
vt 0.737456 0.560000
vt 0.737456 0.820000
vt 0.737456 0.280000
vt 0.737456 0.540000
vt 0.737456 0.800000
vt 0.737456 0.260000
vt 0.737456 0.520000
vt 0.737456 0.780000
vt 0.737456 0.240000
vt 0.737456 0.500000
vt 0.737456 0.760000
vt 0.737456 0.220000
vt 0.737456 0.480000
vt 0.737456 0.740000
vt 0.737456 0.200000
vt 0.737456 0.460000
vt 0.737456 0.720000
vt 0.737456 0.180000
vt 0.737456 0.440000
vt 0.737456 0.700000
vt 0.737456 0.160000
vt 0.737457 0.960000
vt 0.737456 0.420000
vt 0.737456 0.680000
vt 0.737456 0.140000
vt 0.737456 0.940000
vt 0.737456 0.400000
vt 0.737456 0.660000
vt 0.737456 0.120000
vt 0.737456 0.920000
vt 0.737456 0.380000
vt 0.737456 0.640000
vt 0.737456 0.100000
vt 0.737456 0.900000
vt 0.737456 0.360000
vt 0.729124 0.480000
vt 0.729124 0.500000
vt 0.729124 0.740000
vt 0.729124 0.760000
vt 0.729124 0.200000
vt 0.729124 0.220000
vt 0.729124 0.460000
vt 0.729124 0.720000
vt 0.729124 0.180000
vt 0.729124 0.440000
vt 0.729124 0.700000
vt 0.729124 0.160000
vt 0.729125 0.960000
vt 0.729124 0.420000
vt 0.729124 0.680000
vt 0.729124 0.140000
vt 0.729125 0.940000
vt 0.729124 0.400000
vt 0.729124 0.660000
vt 0.729124 0.120000
vt 0.729124 0.920000
vt 0.729124 0.380000
vt 0.729124 0.640000
vt 0.729124 0.100000
vt 0.729124 0.900000
vt 0.729124 0.360000
vt 0.729124 0.620000
vt 0.729124 0.080000
vt 0.729124 0.880000
vt 0.729124 0.340000
vt 0.729124 0.600000
vt 0.729125 0.060000
vt 0.729124 0.860000
vt 0.729124 0.320000
vt 0.729124 0.580000
vt 0.729125 0.040000
vt 0.729124 0.840000
vt 0.729124 0.300000
vt 0.729124 0.560000
vt 0.729124 0.820000
vt 0.729124 0.280000
vt 0.729124 0.540000
vt 0.729124 0.800000
vt 0.729124 0.260000
vt 0.729124 0.520000
vt 0.729124 0.780000
vt 0.729124 0.240000
vt 0.720792 0.620000
vt 0.720792 0.640000
vt 0.720793 0.080000
vt 0.720793 0.100000
vt 0.720792 0.880000
vt 0.720792 0.900000
vt 0.720792 0.340000
vt 0.720792 0.360000
vt 0.720792 0.600000
vt 0.720793 0.060000
vt 0.720792 0.860000
vt 0.720792 0.320000
vt 0.720792 0.580000
vt 0.720793 0.040000
vt 0.720792 0.840000
vt 0.720792 0.300000
vt 0.720792 0.560000
vt 0.720792 0.820000
vt 0.720792 0.280000
vt 0.720792 0.540000
vt 0.211715 1.000000
vt 0.720792 0.800000
vt 0.720792 0.260000
vt 0.720792 0.520000
vt 0.720792 0.780000
vt 0.720792 0.240000
vt 0.720792 0.500000
vt 0.720792 0.760000
vt 0.720792 0.220000
vt 0.720792 0.480000
vt 0.720792 0.740000
vt 0.720792 0.200000
vt 0.720792 0.460000
vt 0.720792 0.720000
vt 0.720792 0.180000
vt 0.720792 0.440000
vt 0.720792 0.700000
vt 0.720792 0.160000
vt 0.720793 0.960000
vt 0.720792 0.420000
vt 0.720792 0.680000
vt 0.720792 0.140000
vt 0.720793 0.940000
vt 0.720792 0.400000
vt 0.720792 0.660000
vt 0.720792 0.120000
vt 0.720793 0.920000
vt 0.720792 0.380000
vt 0.712460 0.500000
vt 0.712460 0.520000
vt 0.712460 0.760000
vt 0.712460 0.780000
vt 0.712460 0.220000
vt 0.712460 0.240000
vt 0.712460 0.480000
vt 0.712460 0.740000
vt 0.712460 0.200000
vt 0.712460 0.460000
vt 0.712460 0.720000
vt 0.712460 0.180000
vt 0.712460 0.440000
vt 0.712460 0.700000
vt 0.712460 0.160000
vt 0.712461 0.960000
vt 0.712460 0.420000
vt 0.712460 0.680000
vt 0.712460 0.140000
vt 0.712461 0.940000
vt 0.712460 0.400000
vt 0.712460 0.660000
vt 0.712461 0.120000
vt 0.712461 0.920000
vt 0.712460 0.380000
vt 0.712460 0.640000
vt 0.712461 0.100000
vt 0.712461 0.900000
vt 0.712460 0.360000
vt 0.712460 0.620000
vt 0.712461 0.080000
vt 0.712461 0.880000
vt 0.712460 0.340000
vt 0.712460 0.600000
vt 0.712461 0.060000
vt 0.712461 0.860000
vt 0.712460 0.320000
vt 0.712460 0.580000
vt 0.712461 0.040000
vt 0.712460 0.840000
vt 0.712460 0.300000
vt 0.712460 0.560000
vt 0.712460 0.820000
vt 0.712460 0.280000
vt 0.712460 0.540000
vt 0.712460 0.800000
vt 0.712460 0.260000
vt 0.704129 0.640000
vt 0.704129 0.660000
vt 0.704129 0.100000
vt 0.704129 0.120000
vt 0.704129 0.900000
vt 0.704129 0.920000
vt 0.704129 0.360000
vt 0.704129 0.380000
vt 0.704129 0.620000
vt 0.704129 0.080000
vt 0.704129 0.880000
vt 0.704129 0.340000
vt 0.704129 0.600000
vt 0.704129 0.060000
vt 0.704129 0.860000
vt 0.704129 0.320000
vt 0.704129 0.580000
vt 0.704130 0.040000
vt 0.704129 0.840000
vt 0.704129 0.300000
vt 0.704129 0.560000
vt 0.704129 0.820000
vt 0.704129 0.280000
vt 0.704128 0.540000
vt 0.704129 0.800000
vt 0.704129 0.260000
vt 0.704129 0.520000
vt 0.704129 0.780000
vt 0.704129 0.240000
vt 0.704129 0.500000
vt 0.704129 0.760000
vt 0.704129 0.220000
vt 0.704129 0.480000
vt 0.704129 0.740000
vt 0.704129 0.200000
vt 0.704129 0.460000
vt 0.704129 0.720000
vt 0.704129 0.180000
vt 0.704129 0.440000
vt 0.704129 0.700000
vt 0.704129 0.160000
vt 0.704130 0.960000
vt 0.704129 0.420000
vt 0.704129 0.680000
vt 0.704129 0.140000
vt 0.704129 0.940000
vt 0.704129 0.400000
vt 0.695797 0.520000
vt 0.695797 0.540000
vt 0.695797 0.780000
vt 0.695797 0.800000
vt 0.695797 0.240000
vt 0.695797 0.260000
vt 0.695797 0.500000
vt 0.695797 0.760000
vt 0.695797 0.220000
vt 0.695797 0.480000
vt 0.695797 0.740000
vt 0.695797 0.200000
vt 0.695797 0.460000
vt 0.695797 0.720000
vt 0.695797 0.180000
vt 0.695797 0.440000
vt 0.695797 0.700000
vt 0.695797 0.160000
vt 0.695798 0.960000
vt 0.695797 0.420000
vt 0.695797 0.680000
vt 0.695797 0.140000
vt 0.695797 0.940000
vt 0.695797 0.400000
vt 0.695797 0.660000
vt 0.695797 0.120000
vt 0.695797 0.920000
vt 0.695797 0.380000
vt 0.695797 0.640000
vt 0.695797 0.100000
vt 0.695797 0.900000
vt 0.695797 0.360000
vt 0.695797 0.620000
vt 0.695797 0.080000
vt 0.695797 0.880000
vt 0.695797 0.339999
vt 0.695797 0.600000
vt 0.695797 0.060000
vt 0.695797 0.860000
vt 0.695797 0.320000
vt 0.695797 0.580000
vt 0.695798 0.040000
vt 0.695797 0.840000
vt 0.695797 0.300000
vt 0.695797 0.560000
vt 0.695797 0.820000
vt 0.695797 0.280000
vt 0.687465 0.660000
vt 0.687465 0.680000
vt 0.687465 0.120000
vt 0.687465 0.140000
vt 0.687466 0.920000
vt 0.687466 0.940000
vt 0.687465 0.380000
vt 0.687465 0.400000
vt 0.687465 0.640000
vt 0.687465 0.100000
vt 0.687465 0.900000
vt 0.687465 0.360000
vt 0.687465 0.620000
vt 0.687466 0.080000
vt 0.687465 0.880000
vt 0.687465 0.339999
vt 0.687465 0.600000
vt 0.687466 0.060000
vt 0.687465 0.860000
vt 0.687465 0.320000
vt 0.687465 0.580000
vt 0.687466 0.040000
vt 0.687465 0.840000
vt 0.687465 0.300000
vt 0.687465 0.560000
vt 0.687465 0.820000
vt 0.687465 0.280000
vt 0.687465 0.540000
vt 0.940932 1.000000
vt 0.687465 0.800000
vt 0.687465 0.260000
vt 0.687465 0.520000
vt 0.687465 0.780000
vt 0.687465 0.240000
vt 0.687465 0.500000
vt 0.687465 0.760000
vt 0.687465 0.220000
vt 0.687465 0.480000
vt 0.687465 0.740000
vt 0.687465 0.200000
vt 0.687465 0.460000
vt 0.687465 0.720000
vt 0.687465 0.180000
vt 0.687465 0.440000
vt 0.687465 0.700000
vt 0.687465 0.160000
vt 0.687466 0.960000
vt 0.687465 0.420000
vt 0.679133 0.540000
vt 0.679133 0.560000
vt 0.679133 0.800000
vt 0.679133 0.820000
vt 0.679133 0.260000
vt 0.679133 0.280000
vt 0.679133 0.520000
vt 0.679133 0.780000
vt 0.679133 0.240000
vt 0.679133 0.500000
vt 0.679133 0.760000
vt 0.679133 0.220000
vt 0.679133 0.480000
vt 0.679133 0.740000
vt 0.679133 0.200000
vt 0.679133 0.460000
vt 0.679133 0.720000
vt 0.679133 0.180000
vt 0.679133 0.440000
vt 0.679133 0.700000
vt 0.679133 0.159999
vt 0.679134 0.960000
vt 0.679133 0.420000
vt 0.679133 0.680000
vt 0.679133 0.140000
vt 0.679134 0.940000
vt 0.679133 0.400000
vt 0.679133 0.660000
vt 0.679133 0.120000
vt 0.679134 0.920000
vt 0.679133 0.380000
vt 0.679133 0.640000
vt 0.679134 0.100000
vt 0.679133 0.900000
vt 0.679133 0.360000
vt 0.679133 0.620000
vt 0.679134 0.080000
vt 0.679133 0.880000
vt 0.679133 0.339999
vt 0.679133 0.600000
vt 0.679134 0.060000
vt 0.679133 0.860000
vt 0.679133 0.320000
vt 0.679133 0.580000
vt 0.679134 0.040000
vt 0.679133 0.840000
vt 0.679133 0.300000
vt 0.670801 0.560000
vt 0.670801 0.580000
vt 0.670802 0.040000
vt 0.670802 0.820000
vt 0.670802 0.840000
vt 0.670802 0.280000
vt 0.670802 0.300000
vt 0.670801 0.540000
vt 0.670802 0.800000
vt 0.670802 0.260000
vt 0.670801 0.520000
vt 0.670802 0.780000
vt 0.670802 0.240000
vt 0.670801 0.500000
vt 0.670802 0.760000
vt 0.670802 0.220000
vt 0.670801 0.480000
vt 0.670802 0.740000
vt 0.670802 0.200000
vt 0.670801 0.460000
vt 0.670802 0.720000
vt 0.670802 0.180000
vt 0.670801 0.440000
vt 0.670802 0.700000
vt 0.670802 0.159999
vt 0.670802 0.960000
vt 0.670801 0.420000
vt 0.670802 0.680000
vt 0.670802 0.140000
vt 0.670802 0.940000
vt 0.670801 0.400000
vt 0.670801 0.660000
vt 0.670802 0.120000
vt 0.670802 0.920000
vt 0.670802 0.380000
vt 0.670801 0.640000
vt 0.670802 0.100000
vt 0.670802 0.900000
vt 0.670802 0.360000
vt 0.670802 0.620000
vt 0.670802 0.080000
vt 0.670802 0.880000
vt 0.670801 0.339999
vt 0.670802 0.600000
vt 0.670802 0.060000
vt 0.670802 0.860000
vt 0.670802 0.320000
vt 0.662470 0.440000
vt 0.662470 0.460000
vt 0.662470 0.700000
vt 0.662470 0.720000
vt 0.662470 0.159999
vt 0.662470 0.180000
vt 0.662471 0.960000
vt 0.662470 0.420000
vt 0.662470 0.680000
vt 0.662470 0.140000
vt 0.662470 0.940000
vt 0.662470 0.400000
vt 0.662470 0.660000
vt 0.662470 0.120000
vt 0.662470 0.920000
vt 0.662470 0.380000
vt 0.662470 0.640000
vt 0.662470 0.100000
vt 0.662470 0.900000
vt 0.662470 0.360000
vt 0.662470 0.620000
vt 0.662470 0.080000
vt 0.662470 0.880000
vt 0.662470 0.339999
vt 0.662470 0.600000
vt 0.662470 0.060000
vt 0.662470 0.860000
vt 0.662470 0.320000
vt 0.662470 0.580000
vt 0.662471 0.040000
vt 0.662470 0.840000
vt 0.662470 0.300000
vt 0.662470 0.560000
vt 0.662470 0.820000
vt 0.662470 0.280000
vt 0.662470 0.540000
vt 0.662470 0.800000
vt 0.662470 0.260000
vt 0.662470 0.520000
vt 0.662470 0.780000
vt 0.662470 0.240000
vt 0.662470 0.500000
vt 0.662470 0.760000
vt 0.662470 0.220000
vt 0.662470 0.480000
vt 0.662470 0.740000
vt 0.662470 0.200000
vt 0.654138 0.580000
vt 0.654138 0.600000
vt 0.654139 0.040000
vt 0.654139 0.060000
vt 0.654138 0.840000
vt 0.654138 0.860000
vt 0.654138 0.300000
vt 0.654138 0.320000
vt 0.654138 0.560000
vt 0.654138 0.820000
vt 0.654138 0.280000
vt 0.654138 0.540000
vt 0.654138 0.800000
vt 0.654138 0.260000
vt 0.654138 0.520000
vt 0.654138 0.780000
vt 0.654138 0.240000
vt 0.654138 0.500000
vt 0.654138 0.760000
vt 0.654138 0.219999
vt 0.654138 0.480000
vt 0.654138 0.740000
vt 0.654138 0.200000
vt 0.654138 0.460000
vt 0.654138 0.720000
vt 0.654138 0.180000
vt 0.654138 0.440000
vt 0.654138 0.700000
vt 0.654138 0.159999
vt 0.654139 0.960000
vt 0.654138 0.420000
vt 0.654138 0.680000
vt 0.654138 0.140000
vt 0.654139 0.940000
vt 0.654138 0.400000
vt 0.654138 0.660000
vt 0.654138 0.120000
vt 0.654138 0.920000
vt 0.654138 0.380000
vt 0.654138 0.640000
vt 0.654138 0.100000
vt 0.654138 0.900000
vt 0.654138 0.360000
vt 0.654138 0.620000
vt 0.654138 0.080000
vt 0.654138 0.880000
vt 0.654138 0.339999
vt 0.645806 0.460000
vt 0.645806 0.480000
vt 0.645806 0.720000
vt 0.645806 0.740000
vt 0.645806 0.180000
vt 0.645806 0.200000
vt 0.084392 0.000000
vt 0.645806 0.440000
vt 0.645806 0.700000
vt 0.645806 0.159999
vt 0.645807 0.960000
vt 0.645806 0.420000
vt 0.645806 0.680000
vt 0.645806 0.140000
vt 0.645807 0.940000
vt 0.645806 0.400000
vt 0.645806 0.660000
vt 0.645806 0.120000
vt 0.645806 0.920000
vt 0.645806 0.380000
vt 0.645806 0.640000
vt 0.645806 0.099999
vt 0.645806 0.900000
vt 0.645806 0.360000
vt 0.645806 0.620000
vt 0.645807 0.080000
vt 0.645806 0.880000
vt 0.645806 0.339999
vt 0.645806 0.600000
vt 0.645807 0.060000
vt 0.645806 0.860000
vt 0.645806 0.320000
vt 0.645806 0.580000
vt 0.645807 0.040000
vt 0.645806 0.840000
vt 0.645806 0.300000
vt 0.645806 0.560000
vt 0.645806 0.820000
vt 0.645806 0.280000
vt 0.645806 0.540000
vt 0.645806 0.800000
vt 0.645806 0.260000
vt 0.645806 0.520000
vt 0.645806 0.780000
vt 0.645806 0.240000
vt 0.645806 0.500000
vt 0.645806 0.760000
vt 0.645806 0.219999
vt 0.637474 0.600000
vt 0.637474 0.620000
vt 0.637475 0.060000
vt 0.637475 0.080000
vt 0.637475 0.860000
vt 0.637475 0.880000
vt 0.637474 0.320000
vt 0.637474 0.339999
vt 0.637474 0.580000
vt 0.637475 0.040000
vt 0.637475 0.840000
vt 0.637474 0.300000
vt 0.637474 0.560000
vt 0.637475 0.820000
vt 0.637474 0.280000
vt 0.637474 0.540000
vt 0.637475 0.800000
vt 0.637474 0.260000
vt 0.637474 0.520000
vt 0.637474 0.780000
vt 0.637475 0.240000
vt 0.637474 0.500000
vt 0.637475 0.760000
vt 0.637475 0.219999
vt 0.637474 0.480000
vt 0.637474 0.740000
vt 0.637475 0.200000
vt 0.637474 0.460000
vt 0.637474 0.720000
vt 0.637475 0.180000
vt 0.637474 0.440000
vt 0.637474 0.700000
vt 0.637475 0.159999
vt 0.637475 0.960000
vt 0.637474 0.420000
vt 0.637474 0.680000
vt 0.637475 0.140000
vt 0.637475 0.940000
vt 0.637474 0.400000
vt 0.637474 0.660000
vt 0.637475 0.120000
vt 0.637475 0.920000
vt 0.637474 0.380000
vt 0.637474 0.640000
vt 0.637475 0.099999
vt 0.637475 0.900000
vt 0.637474 0.360000
vt 0.629143 0.480000
vt 0.629143 0.500000
vt 0.629143 0.740000
vt 0.629143 0.760000
vt 0.629143 0.200000
vt 0.629143 0.219999
vt 0.629143 0.460000
vt 0.629143 0.720000
vt 0.629143 0.180000
vt 0.629143 0.440000
vt 0.629143 0.700000
vt 0.629143 0.159999
vt 0.629143 0.960000
vt 0.629143 0.420000
vt 0.629143 0.680000
vt 0.629143 0.140000
vt 0.629143 0.940000
vt 0.629143 0.400000
vt 0.629143 0.660000
vt 0.629143 0.120000
vt 0.629143 0.920000
vt 0.629143 0.380000
vt 0.629143 0.640000
vt 0.629143 0.099999
vt 0.629143 0.900000
vt 0.629143 0.360000
vt 0.629143 0.620000
vt 0.629143 0.080000
vt 0.629143 0.880000
vt 0.629142 0.339999
vt 0.629143 0.600000
vt 0.629143 0.060000
vt 0.629143 0.860000
vt 0.629143 0.320000
vt 0.629143 0.580000
vt 0.629143 0.040000
vt 0.629143 0.840000
vt 0.629143 0.300000
vt 0.629143 0.560000
vt 0.629143 0.820000
vt 0.629143 0.280000
vt 0.629142 0.540000
vt 0.629143 0.800000
vt 0.629143 0.260000
vt 0.629143 0.520000
vt 0.629143 0.780000
vt 0.629143 0.240000
vt 0.620811 0.620000
vt 0.620811 0.640000
vt 0.620811 0.080000
vt 0.620811 0.099999
vt 0.620811 0.880000
vt 0.620811 0.900000
vt 0.620811 0.339999
vt 0.620811 0.360000
vt 0.620811 0.600000
vt 0.620811 0.060000
vt 0.620811 0.860000
vt 0.620811 0.320000
vt 0.620811 0.580000
vt 0.620812 0.040000
vt 0.620811 0.840000
vt 0.620811 0.299999
vt 0.620811 0.560000
vt 0.620811 0.820000
vt 0.620811 0.280000
vt 0.620811 0.540000
vt 0.620811 0.800000
vt 0.620811 0.260000
vt 0.620811 0.520000
vt 0.620811 0.780000
vt 0.620811 0.240000
vt 0.620811 0.500000
vt 0.620811 0.760000
vt 0.620811 0.219999
vt 0.620811 0.480000
vt 0.620811 0.740000
vt 0.620811 0.200000
vt 0.620811 0.460000
vt 0.620811 0.720000
vt 0.620811 0.180000
vt 0.620811 0.440000
vt 0.620811 0.700000
vt 0.620811 0.159999
vt 0.620812 0.960000
vt 0.620811 0.420000
vt 0.620811 0.680000
vt 0.620811 0.140000
vt 0.620811 0.940000
vt 0.620811 0.400000
vt 0.620811 0.660000
vt 0.620811 0.120000
vt 0.620811 0.920000
vt 0.620811 0.380000
vt 0.612479 0.500000
vt 0.612479 0.520000
vt 0.612479 0.760000
vt 0.612479 0.780000
vt 0.612479 0.219999
vt 0.612479 0.240000
vt 0.612479 0.480000
vt 0.612479 0.740000
vt 0.612479 0.200000
vt 0.612479 0.460000
vt 0.612479 0.720000
vt 0.612479 0.180000
vt 0.612479 0.440000
vt 0.612479 0.700000
vt 0.612479 0.159999
vt 0.612480 0.960000
vt 0.612479 0.420000
vt 0.612479 0.680000
vt 0.612479 0.140000
vt 0.612480 0.940000
vt 0.612479 0.400000
vt 0.612479 0.660000
vt 0.612479 0.120000
vt 0.612479 0.920000
vt 0.612479 0.380000
vt 0.612479 0.640000
vt 0.612479 0.099999
vt 0.612479 0.900000
vt 0.612479 0.360000
vt 0.612479 0.620000
vt 0.612479 0.080000
vt 0.612479 0.880000
vt 0.612479 0.339999
vt 0.612479 0.600000
vt 0.612480 0.060000
vt 0.612479 0.860000
vt 0.612479 0.320000
vt 0.612479 0.580000
vt 0.612480 0.040000
vt 0.612479 0.840000
vt 0.612479 0.299999
vt 0.612479 0.560000
vt 0.612479 0.820000
vt 0.612479 0.280000
vt 0.612479 0.540000
vt 0.612479 0.800000
vt 0.612479 0.260000
vt 0.604147 0.640000
vt 0.604147 0.660000
vt 0.604147 0.099999
vt 0.604147 0.120000
vt 0.604147 0.900000
vt 0.604147 0.920000
vt 0.604147 0.360000
vt 0.604147 0.380000
vt 0.604147 0.620000
vt 0.604147 0.080000
vt 0.604147 0.880000
vt 0.604147 0.339999
vt 0.604147 0.600000
vt 0.604148 0.060000
vt 0.604147 0.860000
vt 0.604147 0.320000
vt 0.604147 0.580000
vt 0.604148 0.040000
vt 0.604147 0.840000
vt 0.604147 0.299999
vt 0.604147 0.560000
vt 0.604147 0.820000
vt 0.604147 0.280000
vt 0.604147 0.540000
vt 0.996063 1.000000
vt 0.604147 0.800000
vt 0.604147 0.259999
vt 0.604147 0.520000
vt 0.604147 0.780000
vt 0.604147 0.240000
vt 0.604147 0.500000
vt 0.604147 0.760000
vt 0.604147 0.219999
vt 0.604147 0.480000
vt 0.604147 0.740000
vt 0.604147 0.200000
vt 0.604147 0.460000
vt 0.604147 0.720000
vt 0.604147 0.180000
vt 0.604147 0.440000
vt 0.604147 0.700000
vt 0.604147 0.159999
vt 0.604148 0.960000
vt 0.604147 0.420000
vt 0.604147 0.680000
vt 0.604147 0.140000
vt 0.604148 0.940000
vt 0.604147 0.400000
vt 0.595815 0.520000
vt 0.595815 0.540000
vt 0.595815 0.780000
vt 0.595815 0.800000
vt 0.595815 0.239999
vt 0.595815 0.259999
vt 0.595815 0.500000
vt 0.595815 0.760000
vt 0.595815 0.219999
vt 0.595815 0.480000
vt 0.595815 0.740000
vt 0.595815 0.200000
vt 0.595815 0.460000
vt 0.595815 0.720000
vt 0.595815 0.180000
vt 0.595815 0.440000
vt 0.595815 0.700000
vt 0.595815 0.159999
vt 0.595816 0.960000
vt 0.595815 0.420000
vt 0.595815 0.680000
vt 0.595815 0.140000
vt 0.595816 0.940000
vt 0.595815 0.400000
vt 0.595815 0.660000
vt 0.595815 0.120000
vt 0.595816 0.920000
vt 0.595815 0.380000
vt 0.595815 0.640000
vt 0.595815 0.099999
vt 0.595815 0.900000
vt 0.595815 0.360000
vt 0.595815 0.620000
vt 0.595816 0.080000
vt 0.595815 0.880000
vt 0.595815 0.339999
vt 0.595815 0.600000
vt 0.595816 0.060000
vt 0.595815 0.860000
vt 0.595815 0.320000
vt 0.595815 0.580000
vt 0.595816 0.040000
vt 0.595815 0.840000
vt 0.595815 0.299999
vt 0.595815 0.560000
vt 0.595815 0.820000
vt 0.595815 0.280000
vt 0.587484 0.660000
vt 0.587484 0.680000
vt 0.587484 0.120000
vt 0.587484 0.140000
vt 0.587484 0.920000
vt 0.587484 0.940000
vt 0.587484 0.380000
vt 0.587484 0.400000
vt 0.587484 0.640000
vt 0.587484 0.099999
vt 0.587484 0.900000
vt 0.587484 0.360000
vt 0.587484 0.620000
vt 0.587484 0.080000
vt 0.587484 0.880000
vt 0.587484 0.339999
vt 0.587484 0.600000
vt 0.587484 0.060000
vt 0.587484 0.860000
vt 0.587484 0.320000
vt 0.587484 0.580000
vt 0.587484 0.040000
vt 0.587484 0.840000
vt 0.587484 0.299999
vt 0.587484 0.560000
vt 0.587484 0.820000
vt 0.587484 0.279999
vt 0.587484 0.540000
vt 0.587484 0.800000
vt 0.587484 0.259999
vt 0.587484 0.520000
vt 0.587484 0.780000
vt 0.587484 0.239999
vt 0.587484 0.500000
vt 0.587484 0.760000
vt 0.587484 0.219999
vt 0.587484 0.480000
vt 0.587484 0.740000
vt 0.587484 0.199999
vt 0.587484 0.460000
vt 0.587484 0.720000
vt 0.587484 0.180000
vt 0.587484 0.440000
vt 0.587484 0.700000
vt 0.587484 0.159999
vt 0.587484 0.960000
vt 0.587484 0.420000
vt 0.579152 0.540000
vt 0.579152 0.560000
vt 0.579152 0.800000
vt 0.579152 0.820000
vt 0.579152 0.259999
vt 0.579152 0.279999
vt 0.579152 0.520000
vt 0.579152 0.780000
vt 0.579152 0.239999
vt 0.579152 0.500000
vt 0.579152 0.760000
vt 0.579152 0.219999
vt 0.579152 0.480000
vt 0.579152 0.740000
vt 0.579152 0.199999
vt 0.579152 0.460000
vt 0.579152 0.720000
vt 0.579152 0.180000
vt 0.579152 0.440000
vt 0.579152 0.700000
vt 0.579152 0.159999
vt 0.579152 0.960000
vt 0.579152 0.420000
vt 0.579152 0.680000
vt 0.579152 0.139999
vt 0.579152 0.940000
vt 0.579152 0.400000
vt 0.579152 0.660000
vt 0.579152 0.119999
vt 0.579152 0.920000
vt 0.579152 0.380000
vt 0.579152 0.640000
vt 0.579152 0.099999
vt 0.579152 0.900000
vt 0.579152 0.360000
vt 0.579152 0.620000
vt 0.579152 0.080000
vt 0.579152 0.880000
vt 0.579152 0.339999
vt 0.579152 0.600000
vt 0.579152 0.060000
vt 0.579152 0.860000
vt 0.579152 0.320000
vt 0.579152 0.580000
vt 0.579152 0.040000
vt 0.579152 0.840000
vt 0.579152 0.299999
vt 0.570820 0.680000
vt 0.570820 0.700000
vt 0.570820 0.139999
vt 0.570820 0.159999
vt 0.570820 0.940000
vt 0.570821 0.960000
vt 0.570820 0.400000
vt 0.570820 0.420000
vt 0.570820 0.660000
vt 0.570820 0.119999
vt 0.570820 0.920000
vt 0.570820 0.380000
vt 0.570820 0.640000
vt 0.570820 0.099999
vt 0.570820 0.900000
vt 0.570820 0.360000
vt 0.570820 0.620000
vt 0.570820 0.080000
vt 0.570820 0.880000
vt 0.570820 0.339999
vt 0.570820 0.600000
vt 0.570820 0.060000
vt 0.570820 0.860000
vt 0.570820 0.320000
vt 0.570820 0.580000
vt 0.570821 0.040000
vt 0.570820 0.840000
vt 0.570820 0.299999
vt 0.570820 0.560000
vt 0.570820 0.820000
vt 0.570820 0.279999
vt 0.570820 0.540000
vt 0.570820 0.800000
vt 0.570820 0.259999
vt 0.570820 0.520000
vt 0.570820 0.780000
vt 0.570820 0.239999
vt 0.570820 0.500000
vt 0.570820 0.760000
vt 0.570820 0.219999
vt 0.570820 0.480000
vt 0.570820 0.740000
vt 0.570820 0.199999
vt 0.570820 0.460000
vt 0.570820 0.720000
vt 0.570820 0.180000
vt 0.570820 0.440000
vt 0.562488 0.560000
vt 0.562488 0.580000
vt 0.562489 0.039999
vt 0.562488 0.820000
vt 0.562488 0.840000
vt 0.562488 0.279999
vt 0.562488 0.299999
vt 0.562488 0.540000
vt 0.562488 0.800000
vt 0.562488 0.259999
vt 0.562488 0.520000
vt 0.562488 0.780000
vt 0.562488 0.239999
vt 0.562488 0.500000
vt 0.562488 0.760000
vt 0.562488 0.219999
vt 0.562488 0.480000
vt 0.562488 0.740000
vt 0.562488 0.199999
vt 0.562488 0.460000
vt 0.562488 0.720000
vt 0.562488 0.180000
vt 0.562488 0.440000
vt 0.562488 0.700000
vt 0.562488 0.159999
vt 0.562489 0.960000
vt 0.562488 0.420000
vt 0.562488 0.680000
vt 0.562488 0.139999
vt 0.562489 0.940000
vt 0.562488 0.400000
vt 0.562488 0.660000
vt 0.562488 0.119999
vt 0.562488 0.920000
vt 0.562488 0.380000
vt 0.562488 0.640000
vt 0.562488 0.099999
vt 0.562488 0.900000
vt 0.562488 0.360000
vt 0.562488 0.620000
vt 0.562488 0.080000
vt 0.562488 0.880000
vt 0.562488 0.339999
vt 0.562488 0.600000
vt 0.562489 0.060000
vt 0.562488 0.860000
vt 0.562488 0.320000
vt 0.554157 0.700000
vt 0.554157 0.720000
vt 0.554157 0.159999
vt 0.554157 0.180000
vt 0.554157 0.960000
vt 0.554157 0.420000
vt 0.554157 0.440000
vt 0.554157 0.680000
vt 0.554157 0.139999
vt 0.554157 0.940000
vt 0.554157 0.400000
vt 0.554157 0.660000
vt 0.554157 0.119999
vt 0.554157 0.920000
vt 0.554157 0.380000
vt 0.554157 0.640000
vt 0.554157 0.099999
vt 0.554157 0.900000
vt 0.554157 0.360000
vt 0.554157 0.620000
vt 0.554157 0.080000
vt 0.554157 0.880000
vt 0.554156 0.339999
vt 0.554157 0.600000
vt 0.554157 0.060000
vt 0.554157 0.860000
vt 0.554157 0.320000
vt 0.554157 0.580000
vt 0.554157 0.039999
vt 0.554157 0.840000
vt 0.554157 0.299999
vt 0.554157 0.560000
vt 0.554157 0.820000
vt 0.554157 0.279999
vt 0.554156 0.540000
vt 0.554157 0.800000
vt 0.554157 0.259999
vt 0.554157 0.520000
vt 0.554157 0.780000
vt 0.554157 0.239999
vt 0.554157 0.500000
vt 0.554157 0.760000
vt 0.554157 0.219999
vt 0.554157 0.480000
vt 0.554157 0.740000
vt 0.554157 0.199999
vt 0.554157 0.460000
vt 0.545825 0.580000
vt 0.545825 0.600000
vt 0.545825 0.039999
vt 0.545825 0.060000
vt 0.545825 0.840000
vt 0.545825 0.860000
vt 0.545825 0.299999
vt 0.545825 0.320000
vt 0.545825 0.560000
vt 0.545825 0.820000
vt 0.545825 0.279999
vt 0.545825 0.540000
vt 0.545825 0.800000
vt 0.545825 0.259999
vt 0.545825 0.520000
vt 0.545825 0.780000
vt 0.545825 0.239999
vt 0.545825 0.500000
vt 0.545825 0.760000
vt 0.545825 0.219999
vt 0.545825 0.480000
vt 0.545825 0.740000
vt 0.545825 0.199999
vt 0.545825 0.460000
vt 0.545825 0.720000
vt 0.545825 0.179999
vt 0.545825 0.440000
vt 0.545825 0.700000
vt 0.545825 0.159999
vt 0.545825 0.960000
vt 0.545825 0.420000
vt 0.545825 0.680000
vt 0.545825 0.139999
vt 0.545825 0.940000
vt 0.545825 0.400000
vt 0.545825 0.660000
vt 0.545825 0.119999
vt 0.545825 0.920000
vt 0.545825 0.380000
vt 0.545825 0.640000
vt 0.545825 0.099999
vt 0.545825 0.900000
vt 0.545825 0.360000
vt 0.545825 0.620000
vt 0.545825 0.080000
vt 0.545825 0.880000
vt 0.545825 0.339999
vt 0.537493 0.119999
vt 0.537493 0.139999
vt 0.537493 0.920000
vt 0.537493 0.940000
vt 0.537493 0.380000
vt 0.537493 0.400000
vt 0.537493 0.640000
vt 0.537493 0.660000
vt 0.537493 0.099999
vt 0.537493 0.900000
vt 0.537493 0.360000
vt 0.537493 0.960000
vt 0.537493 0.620000
vt 0.537493 0.080000
vt 0.537493 0.880000
vt 0.537493 0.339999
vt 0.537493 0.600000
vt 0.537493 0.060000
vt 0.537493 0.860000
vt 0.537493 0.320000
vt 0.537493 0.580000
vt 0.537493 0.039999
vt 0.537493 0.840001
vt 0.537493 0.299999
vt 0.537493 0.560000
vt 0.537493 0.820000
vt 0.537493 0.279999
vt 0.537493 0.540000
vt 0.537493 0.800000
vt 0.537493 0.259999
vt 0.537493 0.520000
vt 0.537493 0.780000
vt 0.537493 0.239999
vt 0.537493 0.500000
vt 0.537493 0.760000
vt 0.537493 0.219999
vt 0.537493 0.480000
vt 0.537493 0.740000
vt 0.537493 0.199999
vt 0.537493 0.460000
vt 0.537493 0.720000
vt 0.537493 0.179999
vt 0.537493 0.440000
vt 0.537493 0.700000
vt 0.537493 0.159999
vt 0.537493 0.420000
vt 0.537493 0.680000
vt 0.529161 0.800000
vt 0.529161 0.820000
vt 0.529161 0.259999
vt 0.529161 0.279999
vt 0.529161 0.520000
vt 0.529161 0.540000
vt 0.529161 0.780000
vt 0.529161 0.239999
vt 0.529161 0.500000
vt 0.529161 0.760000
vt 0.529161 0.219999
vt 0.529161 0.480000
vt 0.529161 0.740000
vt 0.529161 0.199999
vt 0.529161 0.460000
vt 0.529161 0.720000
vt 0.529161 0.179999
vt 0.529161 0.440000
vt 0.529161 0.700000
vt 0.529161 0.159999
vt 0.529161 0.960000
vt 0.529161 0.420000
vt 0.529161 0.680000
vt 0.529161 0.139999
vt 0.529161 0.940000
vt 0.529161 0.400000
vt 0.529161 0.660000
vt 0.529161 0.119999
vt 0.529161 0.920000
vt 0.529161 0.380000
vt 0.529161 0.640000
vt 0.529161 0.099999
vt 0.529161 0.900000
vt 0.529161 0.360000
vt 0.529161 0.620000
vt 0.529161 0.080000
vt 0.529161 0.880000
vt 0.529161 0.339999
vt 0.529161 0.600000
vt 0.529161 0.060000
vt 0.529161 0.860000
vt 0.529161 0.320000
vt 0.529161 0.580000
vt 0.529161 0.039999
vt 0.529161 0.840001
vt 0.529161 0.299999
vt 0.529161 0.560000
vt 0.520829 0.139999
vt 0.520829 0.159999
vt 0.520830 0.940000
vt 0.520830 0.960000
vt 0.520829 0.400000
vt 0.520829 0.420000
vt 0.520829 0.660000
vt 0.520829 0.680000
vt 0.520829 0.119999
vt 0.520830 0.920000
vt 0.520829 0.380000
vt 0.520829 0.640000
vt 0.520829 0.099999
vt 0.520829 0.900000
vt 0.520829 0.360000
vt 0.520829 0.620000
vt 0.520830 0.080000
vt 0.520829 0.880000
vt 0.520829 0.339999
vt 0.520829 0.600000
vt 0.520830 0.060000
vt 0.520830 0.860000
vt 0.520829 0.320000
vt 0.520829 0.580000
vt 0.520830 0.039999
vt 0.520829 0.840001
vt 0.520829 0.299999
vt 0.520829 0.560000
vt 0.520829 0.820000
vt 0.520829 0.279999
vt 0.520829 0.540000
vt 0.520829 0.800000
vt 0.520829 0.259999
vt 0.520829 0.520000
vt 0.520829 0.780000
vt 0.520829 0.239999
vt 0.520829 0.500000
vt 0.520830 0.760000
vt 0.520829 0.219999
vt 0.520829 0.480000
vt 0.520829 0.740000
vt 0.520830 0.199999
vt 0.520829 0.460000
vt 0.520829 0.720000
vt 0.520829 0.179999
vt 0.520829 0.440000
vt 0.520829 0.700000
vt 0.512498 0.820000
vt 0.512498 0.840001
vt 0.512498 0.279999
vt 0.512498 0.299999
vt 0.512498 0.540000
vt 0.512498 0.560000
vt 0.512498 0.800000
vt 0.512498 0.259999
vt 0.512498 0.520000
vt 0.512498 0.780001
vt 0.512498 0.239999
vt 0.512498 0.500000
vt 0.512498 0.760000
vt 0.512498 0.219999
vt 0.512498 0.480000
vt 0.512498 0.740000
vt 0.512498 0.199999
vt 0.512498 0.460000
vt 0.512498 0.720000
vt 0.512498 0.179999
vt 0.512498 0.440000
vt 0.512498 0.700000
vt 0.512498 0.159999
vt 0.512498 0.960000
vt 0.512498 0.420000
vt 0.512498 0.680000
vt 0.512498 0.139999
vt 0.512498 0.940000
vt 0.512498 0.400000
vt 0.512498 0.660000
vt 0.512498 0.119999
vt 0.512498 0.920000
vt 0.512498 0.380000
vt 0.512498 0.640000
vt 0.512498 0.099999
vt 0.512498 0.900000
vt 0.512498 0.360000
vt 0.512498 0.620000
vt 0.512498 0.080000
vt 0.512498 0.880000
vt 0.512498 0.339999
vt 0.512498 0.600000
vt 0.512498 0.060000
vt 0.512498 0.860000
vt 0.512498 0.319999
vt 0.512498 0.580000
vt 0.512498 0.039999
vt 0.504166 0.159999
vt 0.504166 0.179999
vt 0.504166 0.960000
vt 0.504166 0.420000
vt 0.504166 0.440000
vt 0.504166 0.680000
vt 0.504166 0.700000
vt 0.504166 0.139999
vt 0.504166 0.940000
vt 0.504166 0.400000
vt 0.504166 0.660000
vt 0.504166 0.119999
vt 0.504166 0.920000
vt 0.504166 0.380000
vt 0.504166 0.640000
vt 0.504166 0.099999
vt 0.504166 0.900000
vt 0.504166 0.360000
vt 0.504166 0.620000
vt 0.504166 0.080000
vt 0.504166 0.880000
vt 0.504166 0.339999
vt 0.504166 0.600000
vt 0.504166 0.060000
vt 0.504166 0.860000
vt 0.504166 0.319999
vt 0.504166 0.580000
vt 0.504166 0.039999
vt 0.504166 0.840001
vt 0.504166 0.299999
vt 0.504166 0.560000
vt 0.504166 0.820000
vt 0.504166 0.279999
vt 0.504166 0.540000
vt 0.504166 0.800000
vt 0.504166 0.259999
vt 0.504166 0.520000
vt 0.504166 0.780001
vt 0.504166 0.239999
vt 0.504166 0.500000
vt 0.504166 0.760000
vt 0.504166 0.219999
vt 0.504166 0.480000
vt 0.504166 0.740000
vt 0.504166 0.199999
vt 0.504166 0.460000
vt 0.504166 0.720000
vn 0.0000 -0.5875 0.8092
vn -0.0423 -0.5875 0.8081
vn -0.0403 -0.6372 0.7696
vn 0.0000 -0.6372 0.7707
vn 0.0000 0.8761 0.4821
vn -0.0252 0.8761 0.4815
vn -0.0280 0.8441 0.5354
vn 0.0000 0.8441 0.5362
vn 0.0000 -0.9920 0.1258
vn -0.0066 -0.9920 0.1257
vn -0.0056 -0.9943 0.1064
vn 0.0000 -0.9943 0.1066
vn 0.0000 0.2485 0.9686
vn -0.0507 0.2485 0.9673
vn -0.0514 0.1873 0.9810
vn 0.0000 0.1873 0.9823
vn 0.0000 -0.5356 0.8445
vn -0.0442 -0.5356 0.8433
vn 0.0000 0.9046 0.4262
vn -0.0223 0.9046 0.4256
vn 0.0000 -0.9822 0.1879
vn -0.0098 -0.9822 0.1876
vn 0.0000 0.3088 0.9511
vn -0.0497 0.3088 0.9498
vn 0.0000 -0.4815 0.8764
vn -0.0458 -0.4815 0.8752
vn 0.0000 0.9296 0.3686
vn -0.0193 0.9296 0.3681
vn 0.0000 -0.9684 0.2492
vn -0.0130 -0.9684 0.2488
vn 0.0000 0.3679 0.9298
vn -0.0486 0.3679 0.9286
vn 0.0000 -0.4256 0.9049
vn -0.0473 -0.4256 0.9037
vn 0.0000 0.9509 0.3095
vn -0.0162 0.9509 0.3091
vn 0.0000 -0.9509 0.3095
vn -0.0162 -0.9509 0.3091
vn 0.0000 0.4256 0.9049
vn -0.0473 0.4256 0.9037
vn 0.0000 -0.3679 0.9298
vn -0.0486 -0.3679 0.9286
vn 0.0000 0.9684 0.2492
vn -0.0130 0.9684 0.2488
vn 0.0000 -0.9296 0.3686
vn -0.0193 -0.9296 0.3681
vn 0.0000 0.4815 0.8764
vn -0.0458 0.4815 0.8752
vn 0.0000 -0.3088 0.9511
vn -0.0497 -0.3088 0.9498
vn 0.0000 0.9822 0.1879
vn -0.0098 0.9822 0.1876
vn 0.0000 -0.9046 0.4262
vn -0.0223 -0.9046 0.4256
vn 0.0000 0.5356 0.8445
vn -0.0442 0.5356 0.8433
vn 0.0000 -0.2485 0.9686
vn -0.0507 -0.2485 0.9673
vn 0.0000 0.9920 0.1258
vn -0.0066 0.9920 0.1256
vn 0.0000 -0.8761 0.4821
vn -0.0252 -0.8761 0.4815
vn 0.0000 0.5875 0.8092
vn -0.0423 0.5875 0.8081
vn 0.0000 -0.1873 0.9823
vn -0.0514 -0.1873 0.9810
vn 0.0000 0.9963 0.0862
vn -0.0045 0.9963 0.0861
vn 0.0000 -0.8441 0.5362
vn -0.0280 -0.8441 0.5354
vn 0.0000 0.6372 0.7707
vn -0.0403 0.6372 0.7696
vn 0.0000 -0.1252 0.9921
vn -0.0519 -0.1252 0.9908
vn 0.0974 -0.9943 -0.0433
vn 0.1092 -0.9928 -0.0486
vn 0.1065 -0.9928 -0.0543
vn 0.0950 -0.9943 -0.0484
vn 0.0000 -0.8087 0.5881
vn -0.0308 -0.8087 0.5873
vn 0.0000 0.6843 0.7292
vn -0.0381 0.6843 0.7282
vn 0.0000 -0.0627 0.9980
vn -0.0522 -0.0627 0.9966
vn 0.0000 -0.7702 0.6377
vn -0.0334 -0.7702 0.6369
vn 0.0000 0.7287 0.6848
vn -0.0358 0.7287 0.6839
vn 0.0000 0.0000 1.0000
vn -0.0523 0.0000 0.9986
vn 0.0000 -0.7287 0.6848
vn -0.0358 -0.7287 0.6839
vn 0.0000 0.7703 0.6377
vn -0.0334 0.7703 0.6368
vn 0.0000 0.0627 0.9980
vn -0.0522 0.0627 0.9966
vn 0.0000 -0.6843 0.7292
vn -0.0381 -0.6843 0.7282
vn 0.0000 0.8087 0.5881
vn -0.0308 0.8087 0.5873
vn 0.0000 0.1252 0.9921
vn -0.0519 0.1252 0.9908
vn -0.0090 0.9963 -0.0857
vn -0.0081 0.9969 -0.0775
vn -0.0041 0.9969 -0.0779
vn -0.0045 0.9963 -0.0861
vn -0.0323 -0.9509 0.3078
vn -0.0260 -0.9684 0.2478
vn -0.0946 0.4256 0.9000
vn -0.0972 0.3679 0.9247
vn -0.0972 -0.3679 0.9247
vn -0.0946 -0.4256 0.9000
vn -0.0260 0.9684 0.2478
vn -0.0323 0.9509 0.3078
vn -0.0385 -0.9296 0.3665
vn -0.0916 0.4815 0.8716
vn -0.0994 -0.3088 0.9459
vn -0.0196 0.9822 0.1868
vn -0.0445 -0.9046 0.4239
vn -0.0883 0.5356 0.8398
vn -0.1012 -0.2485 0.9633
vn -0.0132 0.9920 0.1252
vn -0.0504 -0.8761 0.4795
vn -0.0846 0.5875 0.8047
vn -0.1027 -0.1873 0.9769
vn -0.0090 0.9963 0.0857
vn -0.0560 -0.8441 0.5332
vn -0.0805 0.6372 0.7665
vn -0.1037 -0.1252 0.9867
vn 0.0056 -0.9943 0.1064
vn 0.0062 -0.9928 0.1193
vn 0.0125 -0.9928 0.1188
vn 0.0111 -0.9943 0.1060
vn -0.0615 -0.8087 0.5849
vn -0.0762 0.6843 0.7252
vn -0.1043 -0.0627 0.9926
vn -0.0667 -0.7702 0.6342
vn -0.0716 0.7287 0.6811
vn -0.1045 0.0000 0.9945
vn -0.0716 -0.7287 0.6811
vn -0.0667 0.7702 0.6342
vn -0.1043 0.0627 0.9926
vn -0.0762 -0.6843 0.7252
vn -0.0615 0.8087 0.5849
vn -0.1037 0.1252 0.9867
vn -0.0805 -0.6372 0.7665
vn -0.0560 0.8441 0.5332
vn -0.0350 0.9963 0.0787
vn -0.0317 0.9969 0.0712
vn -0.0354 0.9969 0.0695
vn -0.0391 0.9963 0.0768
vn -0.1027 0.1873 0.9769
vn -0.0846 -0.5875 0.8047
vn -0.0504 0.8761 0.4795
vn -0.0132 -0.9920 0.1252
vn -0.0111 -0.9943 0.1060
vn -0.1012 0.2485 0.9633
vn -0.0883 -0.5356 0.8398
vn -0.0445 0.9046 0.4239
vn -0.0196 -0.9822 0.1868
vn -0.0994 0.3088 0.9459
vn -0.0916 -0.4815 0.8716
vn -0.0385 0.9296 0.3665
vn -0.1071 0.7287 0.6764
vn -0.1140 0.6843 0.7202
vn -0.1564 0.0000 0.9877
vn -0.1561 -0.0627 0.9857
vn -0.1071 -0.7287 0.6764
vn -0.0997 -0.7702 0.6299
vn -0.0997 0.7702 0.6299
vn -0.1561 0.0627 0.9857
vn -0.1140 -0.6843 0.7202
vn -0.0920 0.8087 0.5809
vn -0.1552 0.1252 0.9799
vn -0.1205 -0.6372 0.7612
vn -0.0839 0.8441 0.5296
vn -0.0819 0.9963 -0.0266
vn -0.0742 0.9969 -0.0241
vn -0.0728 0.9969 -0.0279
vn -0.0804 0.9963 -0.0309
vn -0.1537 0.1873 0.9702
vn -0.1266 -0.5875 0.7992
vn -0.0754 0.8761 0.4762
vn -0.0197 -0.9920 0.1243
vn -0.0167 -0.9943 0.1053
vn -0.1515 0.2485 0.9567
vn -0.1321 -0.5356 0.8341
vn -0.0667 0.9046 0.4209
vn -0.0294 -0.9822 0.1856
vn -0.1488 0.3088 0.9394
vn -0.1371 -0.4815 0.8656
vn -0.0576 0.9296 0.3640
vn -0.0390 -0.9684 0.2461
vn -0.1455 0.3679 0.9184
vn -0.1415 -0.4256 0.8938
vn -0.0484 0.9509 0.3057
vn -0.0484 -0.9509 0.3057
vn -0.1415 0.4256 0.8938
vn -0.1455 -0.3679 0.9184
vn -0.0390 0.9684 0.2461
vn -0.0576 -0.9296 0.3640
vn -0.1371 0.4815 0.8656
vn -0.1488 -0.3088 0.9394
vn -0.0294 0.9822 0.1856
vn -0.0667 -0.9046 0.4209
vn -0.1321 0.5356 0.8341
vn -0.1515 -0.2485 0.9567
vn -0.0197 0.9920 0.1243
vn -0.0754 -0.8761 0.4762
vn -0.1266 0.5875 0.7992
vn -0.1537 -0.1873 0.9702
vn -0.0135 0.9963 0.0851
vn -0.0839 -0.8441 0.5296
vn -0.1205 0.6372 0.7612
vn -0.1552 -0.1252 0.9799
vn -0.0995 -0.9943 0.0382
vn -0.1115 -0.9928 0.0428
vn -0.1092 -0.9928 0.0486
vn -0.0974 -0.9943 0.0433
vn -0.0920 -0.8087 0.5809
vn -0.0518 -0.9684 0.2437
vn -0.0391 -0.9822 0.1838
vn -0.1933 0.3679 0.9095
vn -0.1977 0.3088 0.9303
vn -0.1881 -0.4256 0.8851
vn -0.1822 -0.4815 0.8573
vn -0.0643 0.9509 0.3027
vn -0.0766 0.9296 0.3605
vn -0.0643 -0.9509 0.3027
vn -0.1881 0.4256 0.8851
vn -0.1933 -0.3679 0.9095
vn -0.0518 0.9684 0.2437
vn -0.0766 -0.9296 0.3605
vn -0.1822 0.4815 0.8573
vn -0.1977 -0.3088 0.9303
vn -0.0391 0.9822 0.1838
vn -0.0886 -0.9046 0.4169
vn -0.1756 0.5356 0.8260
vn -0.2014 -0.2485 0.9474
vn -0.0262 0.9920 0.1231
vn -0.1002 -0.8761 0.4716
vn -0.1682 0.5875 0.7915
vn -0.2042 -0.1873 0.9608
vn -0.0179 0.9963 0.0843
vn -0.1115 -0.8441 0.5245
vn -0.1602 0.6372 0.7539
vn -0.2062 -0.1252 0.9704
vn 0.0167 -0.9943 -0.1053
vn 0.0187 -0.9928 -0.1180
vn 0.0125 -0.9928 -0.1188
vn 0.0111 -0.9943 -0.1060
vn -0.1223 -0.8087 0.5753
vn -0.1516 0.6843 0.7132
vn -0.2075 -0.0627 0.9762
vn -0.1326 -0.7702 0.6238
vn -0.1424 0.7287 0.6699
vn -0.2079 0.0000 0.9781
vn -0.1424 -0.7287 0.6699
vn -0.1326 0.7703 0.6238
vn -0.2075 0.0627 0.9762
vn -0.1516 -0.6843 0.7132
vn -0.1223 0.8087 0.5753
vn -0.2062 0.1252 0.9704
vn -0.1602 -0.6372 0.7539
vn -0.1115 0.8441 0.5245
vn 0.0609 0.9963 0.0609
vn 0.0551 0.9969 0.0551
vn 0.0522 0.9969 0.0580
vn 0.0576 0.9963 0.0640
vn -0.2042 0.1873 0.9608
vn -0.1682 -0.5875 0.7915
vn -0.1002 0.8761 0.4716
vn -0.0262 -0.9920 0.1231
vn -0.0222 -0.9943 0.1043
vn -0.2014 0.2485 0.9474
vn -0.1756 -0.5356 0.8260
vn -0.0886 0.9046 0.4169
vn -0.1887 0.6843 0.7043
vn -0.1995 0.6372 0.7444
vn -0.2583 -0.0627 0.9640
vn -0.2568 -0.1252 0.9583
vn -0.1650 -0.7702 0.6160
vn -0.1522 -0.8087 0.5681
vn -0.1772 0.7287 0.6615
vn -0.2588 0.0000 0.9659
vn -0.1772 -0.7287 0.6615
vn -0.1650 0.7703 0.6160
vn -0.2583 0.0627 0.9640
vn -0.1887 -0.6843 0.7043
vn -0.1522 0.8087 0.5681
vn -0.2568 0.1252 0.9583
vn -0.1995 -0.6372 0.7444
vn -0.1388 0.8441 0.5179
vn 0.0832 0.9963 -0.0223
vn 0.0753 0.9969 -0.0202
vn 0.0763 0.9969 -0.0162
vn 0.0843 0.9963 -0.0179
vn -0.2542 0.1873 0.9488
vn -0.2094 -0.5875 0.7816
vn -0.1248 0.8761 0.4657
vn -0.0326 -0.9920 0.1216
vn -0.0276 -0.9943 0.1030
vn -0.2507 0.2485 0.9356
vn -0.2185 -0.5356 0.8157
vn -0.1103 0.9046 0.4117
vn -0.0486 -0.9822 0.1815
vn -0.2462 0.3088 0.9187
vn -0.2268 -0.4815 0.8466
vn -0.0954 0.9296 0.3560
vn -0.0645 -0.9684 0.2407
vn -0.2406 0.3679 0.8982
vn -0.2342 -0.4256 0.8741
vn -0.0801 0.9509 0.2989
vn -0.0801 -0.9509 0.2989
vn -0.2342 0.4256 0.8741
vn -0.2406 -0.3679 0.8982
vn -0.0645 0.9684 0.2407
vn -0.0954 -0.9296 0.3560
vn -0.2268 0.4815 0.8466
vn -0.2462 -0.3088 0.9187
vn -0.0486 0.9822 0.1815
vn -0.1103 -0.9046 0.4117
vn -0.2185 0.5356 0.8157
vn -0.2507 -0.2485 0.9356
vn -0.0326 0.9920 0.1216
vn -0.1248 -0.8761 0.4657
vn -0.2094 0.5875 0.7816
vn -0.2542 -0.1873 0.9488
vn -0.0223 0.9963 0.0832
vn -0.1388 -0.8441 0.5179
vn -0.0627 -0.9943 -0.0862
vn -0.0702 -0.9928 -0.0967
vn -0.0752 -0.9928 -0.0929
vn -0.0671 -0.9943 -0.0828
vn -0.0580 -0.9822 0.1787
vn -0.0389 -0.9920 0.1197
vn -0.2939 0.3088 0.9045
vn -0.2993 0.2485 0.9212
vn -0.2708 -0.4815 0.8335
vn -0.2609 -0.5356 0.8031
vn -0.1139 0.9296 0.3505
vn -0.1317 0.9046 0.4053
vn -0.0770 -0.9684 0.2370
vn -0.2873 0.3679 0.8843
vn -0.2796 -0.4256 0.8606
vn -0.0956 0.9509 0.2943
vn -0.0956 -0.9509 0.2943
vn -0.2796 0.4256 0.8606
vn -0.2873 -0.3679 0.8843
vn -0.0770 0.9684 0.2370
vn -0.1139 -0.9296 0.3505
vn -0.2708 0.4815 0.8335
vn -0.2939 -0.3088 0.9045
vn -0.0580 0.9822 0.1787
vn -0.1317 -0.9046 0.4053
vn -0.2609 0.5356 0.8031
vn -0.2993 -0.2485 0.9212
vn -0.0389 0.9920 0.1197
vn -0.1490 -0.8761 0.4585
vn -0.2500 0.5875 0.7696
vn -0.3035 -0.1873 0.9342
vn -0.0266 0.9963 0.0819
vn -0.1657 -0.8441 0.5099
vn -0.2382 0.6372 0.7330
vn -0.3066 -0.1252 0.9435
vn -0.0862 -0.9943 0.0627
vn -0.0967 -0.9928 0.0702
vn -0.0929 -0.9928 0.0752
vn -0.0828 -0.9943 0.0671
vn -0.1817 -0.8087 0.5593
vn -0.2253 0.6843 0.6935
vn -0.3084 -0.0627 0.9492
vn -0.1971 -0.7702 0.6065
vn -0.2116 0.7287 0.6513
vn -0.3090 0.0000 0.9510
vn -0.2116 -0.7287 0.6513
vn -0.1971 0.7703 0.6065
vn -0.3084 0.0627 0.9492
vn -0.2253 -0.6843 0.6935
vn -0.1817 0.8087 0.5593
vn -0.3066 0.1252 0.9435
vn -0.2382 -0.6372 0.7330
vn -0.1657 0.8441 0.5099
vn -0.0697 0.9963 0.0506
vn -0.0631 0.9969 0.0458
vn -0.0654 0.9969 0.0425
vn -0.0723 0.9963 0.0469
vn -0.3035 0.1873 0.9342
vn -0.2500 -0.5875 0.7696
vn -0.1490 0.8761 0.4585
vn -0.0329 -0.9943 0.1014
vn -0.2762 0.6372 0.7195
vn -0.2900 0.5875 0.7554
vn -0.3555 -0.1252 0.9262
vn -0.3520 -0.1873 0.9171
vn 0.0995 -0.9943 -0.0382
vn 0.1115 -0.9928 -0.0428
vn -0.2108 -0.8087 0.5491
vn -0.1921 -0.8441 0.5006
vn -0.2613 0.6843 0.6808
vn -0.3576 -0.0627 0.9317
vn -0.2285 -0.7702 0.5954
vn -0.2454 0.7287 0.6393
vn -0.3583 0.0000 0.9336
vn -0.2454 -0.7287 0.6393
vn -0.2285 0.7703 0.5954
vn -0.3576 0.0627 0.9317
vn -0.2613 -0.6843 0.6808
vn -0.2108 0.8087 0.5491
vn -0.3555 0.1252 0.9262
vn -0.2762 -0.6372 0.7195
vn -0.1921 0.8441 0.5006
vn -0.0670 0.9963 -0.0542
vn -0.0606 0.9969 -0.0491
vn -0.0580 0.9969 -0.0522
vn -0.0640 0.9963 -0.0576
vn -0.3520 0.1873 0.9171
vn -0.2900 -0.5875 0.7554
vn -0.1728 0.8761 0.4501
vn -0.0451 -0.9920 0.1175
vn -0.0382 -0.9943 0.0995
vn -0.3471 0.2485 0.9043
vn -0.3026 -0.5356 0.7884
vn -0.1527 0.9046 0.3979
vn -0.0673 -0.9822 0.1754
vn -0.3408 0.3088 0.8879
vn -0.3141 -0.4815 0.8182
vn -0.1321 0.9296 0.3441
vn -0.0893 -0.9684 0.2326
vn -0.3332 0.3679 0.8681
vn -0.3243 -0.4256 0.8448
vn -0.1109 0.9509 0.2889
vn -0.1109 -0.9509 0.2889
vn -0.3243 0.4256 0.8448
vn -0.3332 -0.3679 0.8681
vn -0.0893 0.9684 0.2326
vn -0.1321 -0.9296 0.3441
vn -0.3141 0.4815 0.8182
vn -0.3408 -0.3088 0.8879
vn -0.0673 0.9822 0.1754
vn -0.1527 -0.9046 0.3979
vn -0.3026 0.5356 0.7884
vn -0.3471 -0.2485 0.9043
vn -0.0451 0.9920 0.1175
vn -0.1728 -0.8761 0.4501
vn -0.0309 0.9963 0.0804
vn -0.0512 -0.9920 0.1150
vn -0.0433 -0.9943 0.0974
vn -0.3940 0.2485 0.8849
vn -0.3995 0.1873 0.8974
vn -0.3435 -0.5356 0.7714
vn -0.3291 -0.5875 0.7392
vn -0.1733 0.9046 0.3894
vn -0.1961 0.8761 0.4404
vn -0.0764 -0.9822 0.1716
vn -0.3868 0.3088 0.8689
vn -0.3565 -0.4815 0.8007
vn -0.1499 0.9296 0.3367
vn -0.1013 -0.9684 0.2276
vn -0.3782 0.3679 0.8495
vn -0.3681 -0.4256 0.8267
vn -0.1259 0.9509 0.2827
vn -0.1259 -0.9509 0.2827
vn -0.3681 0.4256 0.8267
vn -0.3782 -0.3679 0.8495
vn -0.1013 0.9684 0.2276
vn -0.1499 -0.9296 0.3367
vn -0.3565 0.4815 0.8007
vn -0.3868 -0.3088 0.8689
vn -0.0764 0.9822 0.1716
vn -0.1733 -0.9046 0.3894
vn -0.3435 0.5356 0.7714
vn -0.3940 -0.2485 0.8849
vn -0.0512 0.9920 0.1150
vn -0.1961 -0.8761 0.4404
vn -0.3291 0.5875 0.7392
vn -0.3995 -0.1873 0.8974
vn -0.2181 -0.8441 0.4898
vn -0.3135 0.6372 0.7041
vn -0.4035 -0.1252 0.9063
vn -0.1066 -0.9943 0.0000
vn -0.1195 -0.9928 0.0000
vn -0.1193 -0.9928 0.0063
vn -0.1064 -0.9943 0.0056
vn -0.2392 -0.8087 0.5373
vn -0.2966 0.6843 0.6662
vn -0.4059 -0.0627 0.9117
vn -0.2594 -0.7702 0.5826
vn -0.2785 0.7287 0.6256
vn -0.4067 0.0000 0.9135
vn -0.2785 -0.7287 0.6256
vn -0.2594 0.7702 0.5826
vn -0.4059 0.0627 0.9117
vn -0.2966 -0.6843 0.6662
vn -0.2392 0.8087 0.5373
vn -0.4035 0.1252 0.9063
vn -0.3135 -0.6372 0.7041
vn -0.2181 0.8441 0.4898
vn -0.0609 0.9963 0.0609
vn -0.0551 0.9969 0.0551
vn -0.0580 0.9969 0.0522
vn -0.0640 0.9963 0.0576
vn -0.3674 0.5875 0.7210
vn -0.3834 0.5356 0.7524
vn -0.4459 -0.1873 0.8752
vn -0.4397 -0.2485 0.8630
vn -0.0571 0.9920 0.1121
vn -0.2434 -0.8441 0.4777
vn -0.2189 -0.8761 0.4296
vn -0.3499 0.6372 0.6867
vn -0.4504 -0.1252 0.8840
vn 0.0995 -0.9943 0.0382
vn 0.1115 -0.9928 0.0428
vn 0.1137 -0.9928 0.0369
vn 0.1014 -0.9943 0.0329
vn -0.2670 -0.8087 0.5240
vn -0.3310 0.6843 0.6497
vn -0.4531 -0.0627 0.8892
vn -0.2895 -0.7702 0.5682
vn -0.3109 0.7287 0.6102
vn -0.4540 0.0000 0.8910
vn -0.3109 -0.7287 0.6102
vn -0.2895 0.7702 0.5682
vn -0.4531 0.0627 0.8892
vn -0.3310 -0.6843 0.6497
vn -0.2670 0.8087 0.5240
vn -0.4504 0.1252 0.8840
vn -0.3499 -0.6372 0.6867
vn -0.2434 0.8441 0.4777
vn 0.0670 0.9963 -0.0542
vn 0.0606 0.9969 -0.0491
vn 0.0631 0.9969 -0.0458
vn 0.0697 0.9963 -0.0507
vn -0.4459 0.1873 0.8752
vn -0.3674 -0.5875 0.7210
vn -0.2189 0.8761 0.4296
vn -0.0571 -0.9920 0.1121
vn -0.0484 -0.9943 0.0950
vn -0.4397 0.2485 0.8630
vn -0.3834 -0.5356 0.7524
vn -0.1935 0.9046 0.3797
vn -0.0853 -0.9822 0.1674
vn -0.4318 0.3088 0.8474
vn -0.3979 -0.4815 0.7809
vn -0.1673 0.9296 0.3284
vn -0.1131 -0.9684 0.2220
vn -0.4221 0.3679 0.8285
vn -0.4108 -0.4256 0.8063
vn -0.1405 0.9509 0.2757
vn -0.1405 -0.9509 0.2757
vn -0.4108 0.4256 0.8063
vn -0.4221 -0.3679 0.8285
vn -0.1131 0.9684 0.2220
vn -0.1673 -0.9296 0.3284
vn -0.3979 0.4815 0.7809
vn -0.4318 -0.3088 0.8474
vn -0.0853 0.9822 0.1674
vn -0.1935 -0.9046 0.3797
vn 0.0787 0.9963 0.0351
vn 0.0712 0.9969 0.0317
vn 0.0695 0.9969 0.0354
vn 0.0768 0.9963 0.0391
vn -0.4911 0.1873 0.8507
vn -0.4960 0.1252 0.8592
vn -0.4046 -0.5875 0.7008
vn -0.3854 -0.6372 0.6674
vn -0.2411 0.8761 0.4176
vn -0.2681 0.8441 0.4643
vn -0.0629 -0.9920 0.1090
vn -0.0533 -0.9943 0.0923
vn -0.4843 0.2485 0.8388
vn -0.4222 -0.5356 0.7313
vn -0.2131 0.9046 0.3691
vn -0.0939 -0.9822 0.1627
vn -0.4755 0.3088 0.8237
vn -0.4382 -0.4815 0.7590
vn -0.1843 0.9296 0.3192
vn -0.1246 -0.9684 0.2158
vn -0.4649 0.3679 0.8053
vn -0.4524 -0.4256 0.7837
vn -0.1547 0.9509 0.2680
vn -0.1547 -0.9509 0.2680
vn -0.4524 0.4256 0.7837
vn -0.4649 -0.3679 0.8053
vn -0.1246 0.9684 0.2158
vn -0.1843 -0.9296 0.3192
vn -0.4382 0.4815 0.7590
vn -0.4755 -0.3088 0.8237
vn -0.0939 0.9822 0.1627
vn -0.2131 -0.9046 0.3691
vn -0.4222 0.5356 0.7313
vn -0.4843 -0.2485 0.8388
vn -0.0629 0.9920 0.1090
vn -0.2411 -0.8761 0.4176
vn -0.4046 0.5875 0.7008
vn -0.4911 -0.1873 0.8507
vn -0.0431 0.9963 0.0746
vn -0.2681 -0.8441 0.4643
vn -0.3854 0.6372 0.6674
vn -0.4960 -0.1252 0.8592
vn -0.0484 -0.9943 -0.0950
vn -0.0542 -0.9928 -0.1065
vn -0.0598 -0.9928 -0.1035
vn -0.0533 -0.9943 -0.0923
vn -0.2940 -0.8087 0.5093
vn -0.3646 0.6843 0.6315
vn -0.4990 -0.0627 0.8643
vn -0.3189 -0.7702 0.5523
vn -0.3424 0.7287 0.5931
vn -0.5000 0.0000 0.8660
vn -0.3424 -0.7287 0.5931
vn -0.3189 0.7703 0.5523
vn -0.4990 0.0627 0.8643
vn -0.3646 -0.6843 0.6315
vn -0.2940 0.8087 0.5093
vn -0.4599 0.5356 0.7082
vn -0.4773 0.4815 0.7350
vn -0.5275 -0.2485 0.8123
vn -0.5180 -0.3088 0.7977
vn -0.0685 0.9920 0.1055
vn -0.1023 0.9822 0.1576
vn -0.2626 -0.8761 0.4043
vn -0.2321 -0.9046 0.3574
vn -0.4407 0.5875 0.6786
vn -0.5350 -0.1873 0.8238
vn -0.0469 0.9963 0.0723
vn -0.2920 -0.8441 0.4497
vn -0.4198 0.6372 0.6464
vn -0.5403 -0.1252 0.8321
vn 0.0923 -0.9943 0.0533
vn 0.1035 -0.9928 0.0598
vn 0.1065 -0.9928 0.0543
vn 0.0950 -0.9943 0.0484
vn -0.3203 -0.8087 0.4932
vn -0.3971 0.6843 0.6116
vn -0.5436 -0.0627 0.8370
vn -0.3473 -0.7702 0.5348
vn -0.3730 0.7287 0.5743
vn -0.5446 0.0000 0.8386
vn -0.3730 -0.7287 0.5743
vn -0.3473 0.7702 0.5348
vn -0.5436 0.0627 0.8370
vn -0.3971 -0.6843 0.6116
vn -0.3203 0.8087 0.4932
vn -0.5403 0.1252 0.8321
vn -0.4198 -0.6372 0.6464
vn -0.2920 0.8441 0.4497
vn 0.0223 0.9963 0.0832
vn 0.0202 0.9969 0.0753
vn 0.0162 0.9969 0.0763
vn 0.0179 0.9963 0.0843
vn -0.5350 0.1873 0.8238
vn -0.4407 -0.5875 0.6786
vn -0.2626 0.8761 0.4043
vn -0.0685 -0.9920 0.1055
vn -0.0580 -0.9943 0.0894
vn -0.5275 0.2485 0.8123
vn -0.4599 -0.5356 0.7082
vn -0.2321 0.9046 0.3574
vn -0.1023 -0.9822 0.1576
vn -0.5180 0.3088 0.7977
vn -0.4773 -0.4815 0.7350
vn -0.2007 0.9296 0.3091
vn -0.1357 -0.9684 0.2090
vn -0.5064 0.3679 0.7798
vn -0.4928 -0.4256 0.7589
vn -0.1686 0.9509 0.2596
vn -0.1686 -0.9509 0.2596
vn -0.4928 0.4256 0.7589
vn -0.5064 -0.3679 0.7798
vn -0.1357 0.9684 0.2090
vn -0.2007 -0.9296 0.3091
vn -0.5831 0.1252 0.8026
vn -0.5866 0.0627 0.8074
vn -0.4530 -0.6372 0.6235
vn -0.4286 -0.6843 0.5899
vn -0.3152 0.8441 0.4338
vn -0.3457 0.8087 0.4758
vn 0.0431 0.9963 -0.0746
vn 0.0390 0.9969 -0.0675
vn 0.0425 0.9969 -0.0654
vn 0.0469 0.9963 -0.0723
vn -0.5774 0.1873 0.7947
vn -0.4756 -0.5875 0.6547
vn -0.2834 0.8761 0.3901
vn -0.0739 -0.9920 0.1018
vn -0.0627 -0.9943 0.0862
vn -0.5693 0.2485 0.7836
vn -0.4964 -0.5356 0.6832
vn -0.2505 0.9046 0.3448
vn -0.1104 -0.9822 0.1520
vn -0.5590 0.3088 0.7694
vn -0.5151 -0.4815 0.7090
vn -0.2166 0.9296 0.2982
vn -0.1465 -0.9684 0.2016
vn -0.5465 0.3679 0.7523
vn -0.5319 -0.4256 0.7321
vn -0.1819 0.9509 0.2504
vn -0.1819 -0.9509 0.2504
vn -0.5319 0.4256 0.7321
vn -0.5465 -0.3679 0.7523
vn -0.1465 0.9684 0.2016
vn -0.2166 -0.9296 0.2982
vn -0.5151 0.4815 0.7090
vn -0.5590 -0.3088 0.7694
vn -0.1104 0.9822 0.1520
vn -0.2505 -0.9046 0.3448
vn -0.4964 0.5356 0.6832
vn -0.5693 -0.2485 0.7836
vn -0.0739 0.9920 0.1018
vn -0.2834 -0.8761 0.3901
vn -0.4756 0.5875 0.6547
vn -0.5774 -0.1873 0.7947
vn -0.0506 0.9963 0.0697
vn -0.3152 -0.8441 0.4338
vn -0.4530 0.6372 0.6235
vn -0.5831 -0.1252 0.8026
vn -0.0754 -0.9943 0.0754
vn -0.0845 -0.9928 0.0845
vn -0.0800 -0.9928 0.0888
vn -0.0713 -0.9943 0.0792
vn -0.3457 -0.8087 0.4758
vn -0.4286 0.6843 0.5899
vn -0.5866 -0.0627 0.8074
vn -0.3748 -0.7702 0.5159
vn -0.4025 0.7287 0.5540
vn -0.5878 0.0000 0.8090
vn -0.4025 -0.7287 0.5540
vn -0.3748 0.7703 0.5159
vn -0.5515 0.4815 0.6811
vn -0.5695 0.4256 0.7032
vn -0.5985 -0.3088 0.7391
vn -0.5852 -0.3679 0.7226
vn -0.1182 0.9822 0.1460
vn -0.1568 0.9684 0.1936
vn -0.2682 -0.9046 0.3312
vn -0.2319 -0.9296 0.2864
vn -0.5314 0.5356 0.6563
vn -0.6095 -0.2485 0.7527
vn -0.0792 0.9920 0.0978
vn -0.3034 -0.8761 0.3747
vn -0.5092 0.5875 0.6289
vn -0.6182 -0.1873 0.7634
vn -0.0542 0.9963 0.0670
vn -0.3374 -0.8441 0.4167
vn -0.4850 0.6372 0.5990
vn -0.6243 -0.1252 0.7710
vn 0.0754 -0.9943 0.0754
vn 0.0845 -0.9928 0.0845
vn 0.0888 -0.9928 0.0800
vn 0.0792 -0.9943 0.0713
vn -0.3701 -0.8087 0.4570
vn -0.4589 0.6843 0.5667
vn -0.6281 -0.0627 0.7756
vn -0.4013 -0.7702 0.4956
vn -0.4310 0.7287 0.5322
vn -0.6293 0.0000 0.7771
vn -0.4310 -0.7287 0.5322
vn -0.4013 0.7703 0.4956
vn -0.6281 0.0627 0.7756
vn -0.4589 -0.6843 0.5667
vn -0.3701 0.8087 0.4570
vn -0.6243 0.1252 0.7710
vn -0.4850 -0.6372 0.5990
vn -0.3374 0.8441 0.4167
vn 0.0857 0.9963 0.0090
vn 0.0775 0.9969 0.0081
vn 0.0770 0.9969 0.0121
vn 0.0851 0.9963 0.0135
vn -0.6182 0.1873 0.7634
vn -0.5092 -0.5875 0.6289
vn -0.3034 0.8761 0.3747
vn -0.0792 -0.9920 0.0978
vn -0.0671 -0.9943 0.0828
vn -0.6095 0.2485 0.7527
vn -0.5314 -0.5356 0.6563
vn -0.2682 0.9046 0.3312
vn -0.1182 -0.9822 0.1460
vn -0.5985 0.3088 0.7391
vn -0.5515 -0.4815 0.6811
vn -0.2319 0.9296 0.2864
vn -0.1568 -0.9684 0.1936
vn -0.5852 0.3679 0.7226
vn -0.5695 -0.4256 0.7032
vn -0.1947 0.9509 0.2405
vn -0.1947 -0.9509 0.2405
vn -0.6678 0.0627 0.7417
vn -0.6691 0.0000 0.7431
vn -0.4879 -0.6843 0.5419
vn -0.4582 -0.7287 0.5089
vn -0.3935 0.8087 0.4371
vn -0.4267 0.7703 0.4739
vn -0.6638 0.1252 0.7373
vn -0.5157 -0.6372 0.5727
vn -0.3588 0.8441 0.3984
vn -0.0122 0.9969 0.0770
vn -0.0162 0.9969 0.0763
vn -0.6573 0.1873 0.7300
vn -0.5415 -0.5875 0.6013
vn -0.3226 0.8761 0.3583
vn -0.0842 -0.9920 0.0935
vn -0.6481 0.2485 0.7198
vn -0.5651 -0.5356 0.6276
vn -0.2852 0.9046 0.3167
vn -0.1257 -0.9822 0.1396
vn -0.6364 0.3088 0.7068
vn -0.5864 -0.4815 0.6513
vn -0.2466 0.9296 0.2739
vn -0.1667 -0.9684 0.1852
vn -0.6222 0.3679 0.6910
vn -0.6055 -0.4256 0.6725
vn -0.2071 0.9509 0.2300
vn -0.2071 -0.9509 0.2300
vn -0.6055 0.4256 0.6725
vn -0.6222 -0.3679 0.6910
vn -0.1667 0.9684 0.1852
vn -0.2466 -0.9296 0.2739
vn -0.5864 0.4815 0.6513
vn -0.6364 -0.3088 0.7068
vn -0.1257 0.9822 0.1396
vn -0.2852 -0.9046 0.3167
vn -0.5651 0.5356 0.6276
vn -0.6481 -0.2485 0.7198
vn -0.0842 0.9920 0.0935
vn -0.3226 -0.8761 0.3583
vn -0.5414 0.5875 0.6013
vn -0.6573 -0.1873 0.7300
vn -0.0576 0.9963 0.0640
vn -0.3588 -0.8441 0.3984
vn -0.5157 0.6372 0.5727
vn -0.6638 -0.1252 0.7373
vn 0.0533 -0.9943 -0.0923
vn 0.0598 -0.9928 -0.1035
vn 0.0542 -0.9928 -0.1065
vn 0.0484 -0.9943 -0.0950
vn -0.3935 -0.8087 0.4371
vn -0.4879 0.6843 0.5419
vn -0.6678 -0.0627 0.7417
vn -0.4267 -0.7702 0.4739
vn -0.4582 0.7287 0.5089
vn -0.6399 0.4256 0.6399
vn -0.6575 0.3679 0.6575
vn -0.6575 -0.3679 0.6575
vn -0.6399 -0.4256 0.6399
vn -0.1762 0.9684 0.1762
vn -0.2188 0.9509 0.2188
vn -0.2606 -0.9296 0.2606
vn -0.2188 -0.9509 0.2188
vn -0.6197 0.4815 0.6197
vn -0.6725 -0.3088 0.6725
vn -0.1328 0.9822 0.1328
vn -0.3014 -0.9046 0.3014
vn -0.5971 0.5356 0.5971
vn -0.6849 -0.2485 0.6849
vn -0.0890 0.9920 0.0890
vn -0.3409 -0.8761 0.3409
vn -0.5722 0.5875 0.5722
vn -0.6946 -0.1873 0.6946
vn -0.3791 -0.8441 0.3791
vn -0.5450 0.6372 0.5450
vn -0.7015 -0.1252 0.7015
vn -0.0111 -0.9943 -0.1060
vn -0.0125 -0.9928 -0.1188
vn -0.0187 -0.9928 -0.1180
vn -0.0167 -0.9943 -0.1053
vn -0.4158 -0.8087 0.4158
vn -0.5156 0.6843 0.5156
vn -0.7057 -0.0627 0.7057
vn -0.4509 -0.7703 0.4509
vn -0.4842 0.7287 0.4842
vn -0.7071 0.0000 0.7071
vn -0.4842 -0.7287 0.4842
vn -0.4509 0.7703 0.4509
vn -0.7057 0.0627 0.7057
vn -0.5156 -0.6843 0.5156
vn -0.4158 0.8087 0.4158
vn -0.7015 0.1252 0.7015
vn -0.5450 -0.6372 0.5450
vn -0.3791 0.8441 0.3791
vn -0.0857 0.9963 -0.0090
vn -0.0775 0.9969 -0.0081
vn -0.0770 0.9969 -0.0122
vn -0.0851 0.9963 -0.0135
vn -0.6946 0.1873 0.6946
vn -0.5722 -0.5875 0.5722
vn -0.3409 0.8761 0.3409
vn -0.0890 -0.9920 0.0890
vn -0.6849 0.2485 0.6849
vn -0.5971 -0.5356 0.5971
vn -0.3014 0.9046 0.3014
vn -0.1328 -0.9822 0.1328
vn -0.6725 0.3088 0.6725
vn -0.6197 -0.4815 0.6197
vn -0.2606 0.9296 0.2606
vn -0.1762 -0.9684 0.1762
vn -0.7431 0.0000 0.6691
vn -0.7417 -0.0627 0.6678
vn -0.5089 -0.7287 0.4582
vn -0.4739 -0.7703 0.4267
vn -0.4739 0.7703 0.4267
vn -0.5089 0.7287 0.4582
vn -0.7417 0.0627 0.6678
vn -0.5419 -0.6843 0.4879
vn -0.4371 0.8087 0.3935
vn -0.7373 0.1252 0.6638
vn -0.5727 -0.6372 0.5157
vn -0.3984 0.8441 0.3588
vn 0.0135 0.9963 0.0851
vn 0.0122 0.9969 0.0770
vn 0.0081 0.9969 0.0775
vn 0.0090 0.9963 0.0857
vn -0.7300 0.1873 0.6573
vn -0.6013 -0.5875 0.5414
vn -0.3583 0.8761 0.3226
vn -0.0935 -0.9920 0.0842
vn -0.0792 -0.9943 0.0713
vn -0.7198 0.2485 0.6481
vn -0.6276 -0.5356 0.5651
vn -0.3167 0.9046 0.2852
vn -0.1396 -0.9822 0.1257
vn -0.7068 0.3088 0.6364
vn -0.6513 -0.4815 0.5864
vn -0.2739 0.9296 0.2466
vn -0.1852 -0.9684 0.1667
vn -0.6910 0.3679 0.6222
vn -0.6725 -0.4256 0.6055
vn -0.2300 0.9509 0.2071
vn -0.2300 -0.9509 0.2071
vn -0.6725 0.4256 0.6055
vn -0.6910 -0.3679 0.6222
vn -0.1852 0.9684 0.1667
vn -0.2739 -0.9296 0.2466
vn -0.6513 0.4815 0.5864
vn -0.7068 -0.3088 0.6364
vn -0.1396 0.9822 0.1257
vn -0.3167 -0.9046 0.2852
vn -0.6276 0.5356 0.5651
vn -0.7198 -0.2485 0.6481
vn -0.0935 0.9920 0.0842
vn -0.3583 -0.8761 0.3226
vn -0.6013 0.5875 0.5414
vn -0.7300 -0.1873 0.6573
vn -0.3984 -0.8441 0.3588
vn -0.5727 0.6372 0.5157
vn -0.7373 -0.1252 0.6638
vn 0.0433 -0.9943 0.0974
vn 0.0486 -0.9928 0.1092
vn 0.0542 -0.9928 0.1065
vn 0.0484 -0.9943 0.0950
vn -0.4371 -0.8087 0.3935
vn -0.5419 0.6843 0.4879
vn -0.7226 0.3679 0.5852
vn -0.7391 0.3088 0.5985
vn -0.7032 -0.4256 0.5695
vn -0.6811 -0.4815 0.5515
vn -0.2405 0.9509 0.1947
vn -0.2864 0.9296 0.2319
vn -0.2405 -0.9509 0.1948
vn -0.1936 -0.9684 0.1568
vn -0.7032 0.4256 0.5695
vn -0.7226 -0.3679 0.5852
vn -0.1936 0.9684 0.1568
vn -0.2864 -0.9296 0.2319
vn -0.6811 0.4815 0.5515
vn -0.7391 -0.3088 0.5985
vn -0.1460 0.9822 0.1182
vn -0.3312 -0.9046 0.2682
vn -0.6563 0.5356 0.5314
vn -0.7527 -0.2485 0.6095
vn -0.0978 0.9920 0.0792
vn -0.3747 -0.8761 0.3034
vn -0.6289 0.5875 0.5092
vn -0.7634 -0.1873 0.6182
vn -0.0670 0.9963 0.0542
vn -0.4167 -0.8441 0.3374
vn -0.5990 0.6372 0.4850
vn -0.7710 -0.1252 0.6243
vn -0.1014 -0.9943 -0.0329
vn -0.1137 -0.9928 -0.0369
vn -0.1154 -0.9928 -0.0309
vn -0.1030 -0.9943 -0.0276
vn -0.4570 -0.8087 0.3701
vn -0.5667 0.6843 0.4589
vn -0.7756 -0.0627 0.6281
vn -0.4956 -0.7703 0.4013
vn -0.5322 0.7287 0.4310
vn -0.7771 0.0000 0.6293
vn -0.5322 -0.7287 0.4310
vn -0.4956 0.7703 0.4013
vn -0.7756 0.0627 0.6281
vn -0.5667 -0.6843 0.4589
vn -0.4570 0.8087 0.3701
vn -0.7710 0.1252 0.6243
vn -0.5990 -0.6372 0.4850
vn -0.4167 0.8441 0.3374
vn -0.0832 0.9963 0.0223
vn -0.0753 0.9969 0.0202
vn -0.0763 0.9969 0.0162
vn -0.0843 0.9963 0.0179
vn -0.7634 0.1873 0.6182
vn -0.6289 -0.5875 0.5092
vn -0.3747 0.8761 0.3034
vn -0.0978 -0.9920 0.0792
vn -0.7527 0.2485 0.6095
vn -0.6563 -0.5356 0.5314
vn -0.3312 0.9046 0.2682
vn -0.1460 -0.9822 0.1182
vn -0.6547 -0.5875 0.4756
vn -0.6235 -0.6372 0.4530
vn -0.3901 0.8761 0.2834
vn -0.4338 0.8441 0.3152
vn -0.1018 -0.9920 0.0739
vn -0.7836 0.2485 0.5693
vn -0.7947 0.1873 0.5774
vn -0.6832 -0.5356 0.4964
vn -0.3448 0.9046 0.2505
vn -0.1520 -0.9822 0.1104
vn -0.7694 0.3088 0.5590
vn -0.7090 -0.4815 0.5151
vn -0.2982 0.9296 0.2166
vn -0.2016 -0.9684 0.1465
vn -0.7523 0.3679 0.5465
vn -0.7321 -0.4256 0.5319
vn -0.2504 0.9509 0.1819
vn -0.2504 -0.9509 0.1819
vn -0.7321 0.4256 0.5319
vn -0.7523 -0.3679 0.5465
vn -0.2016 0.9684 0.1465
vn -0.2982 -0.9296 0.2166
vn -0.7090 0.4815 0.5151
vn -0.7694 -0.3088 0.5590
vn -0.1520 0.9822 0.1104
vn -0.3448 -0.9046 0.2505
vn -0.6832 0.5356 0.4964
vn -0.7836 -0.2485 0.5693
vn -0.1018 0.9920 0.0739
vn -0.3901 -0.8761 0.2834
vn -0.6547 0.5875 0.4756
vn -0.7947 -0.1873 0.5774
vn -0.4338 -0.8441 0.3152
vn -0.6235 0.6372 0.4530
vn -0.8026 -0.1252 0.5831
vn -0.0828 -0.9943 -0.0671
vn -0.0929 -0.9928 -0.0752
vn -0.0967 -0.9928 -0.0702
vn -0.0862 -0.9943 -0.0627
vn -0.4758 -0.8087 0.3457
vn -0.5899 0.6843 0.4286
vn -0.8074 -0.0627 0.5866
vn -0.5159 -0.7703 0.3748
vn -0.5540 0.7287 0.4025
vn -0.8090 0.0000 0.5878
vn -0.5540 -0.7287 0.4025
vn -0.5159 0.7703 0.3748
vn -0.8074 0.0627 0.5866
vn -0.5899 -0.6843 0.4286
vn -0.4758 0.8087 0.3457
vn -0.8026 0.1252 0.5831
vn -0.0390 0.9969 0.0675
vn -0.0425 0.9969 0.0654
vn -0.8123 -0.2485 0.5275
vn -0.7977 -0.3088 0.5180
vn -0.1055 0.9920 0.0685
vn -0.1576 0.9822 0.1023
vn -0.4043 -0.8761 0.2626
vn -0.3574 -0.9046 0.2321
vn -0.6786 0.5875 0.4407
vn -0.7082 0.5356 0.4599
vn -0.8238 -0.1873 0.5350
vn -0.4497 -0.8441 0.2920
vn -0.6464 0.6372 0.4198
vn -0.8321 -0.1252 0.5403
vn 0.0828 -0.9943 -0.0671
vn 0.0929 -0.9928 -0.0752
vn 0.0888 -0.9928 -0.0800
vn 0.0792 -0.9943 -0.0713
vn -0.4932 -0.8087 0.3203
vn -0.6116 0.6843 0.3971
vn -0.8370 -0.0627 0.5435
vn -0.5348 -0.7703 0.3473
vn -0.5743 0.7287 0.3730
vn -0.8386 0.0000 0.5446
vn -0.5743 -0.7287 0.3730
vn -0.5348 0.7703 0.3473
vn -0.8370 0.0627 0.5435
vn -0.6116 -0.6843 0.3971
vn -0.4932 0.8087 0.3203
vn -0.8321 0.1252 0.5403
vn -0.6464 -0.6372 0.4198
vn -0.4497 0.8441 0.2920
vn 0.0746 0.9963 0.0431
vn 0.0675 0.9969 0.0390
vn 0.0654 0.9969 0.0425
vn 0.0723 0.9963 0.0469
vn -0.8238 0.1873 0.5350
vn -0.6786 -0.5875 0.4407
vn -0.4043 0.8761 0.2626
vn -0.1055 -0.9920 0.0685
vn -0.0894 -0.9943 0.0580
vn -0.8123 0.2485 0.5275
vn -0.7082 -0.5356 0.4599
vn -0.3574 0.9046 0.2321
vn -0.1576 -0.9822 0.1023
vn -0.7977 0.3088 0.5180
vn -0.7350 -0.4815 0.4773
vn -0.3091 0.9296 0.2007
vn -0.2090 -0.9684 0.1357
vn -0.7798 0.3679 0.5064
vn -0.7589 -0.4256 0.4928
vn -0.2596 0.9509 0.1686
vn -0.2596 -0.9509 0.1686
vn -0.7589 0.4256 0.4928
vn -0.7798 -0.3679 0.5064
vn -0.2090 0.9684 0.1357
vn -0.3091 -0.9296 0.2007
vn -0.7350 0.4815 0.4773
vn -0.6674 -0.6372 0.3854
vn -0.6315 -0.6843 0.3646
vn -0.4643 0.8441 0.2681
vn -0.5093 0.8087 0.2940
vn -0.0309 0.9963 -0.0804
vn -0.0279 0.9969 -0.0728
vn -0.0241 0.9969 -0.0742
vn -0.0266 0.9963 -0.0819
vn -0.8507 0.1873 0.4911
vn -0.8592 0.1252 0.4960
vn -0.7008 -0.5875 0.4046
vn -0.4176 0.8761 0.2411
vn -0.1090 -0.9920 0.0629
vn -0.0923 -0.9943 0.0533
vn -0.8388 0.2485 0.4843
vn -0.7313 -0.5356 0.4222
vn -0.3691 0.9046 0.2131
vn -0.1627 -0.9822 0.0939
vn -0.8237 0.3088 0.4755
vn -0.7590 -0.4815 0.4382
vn -0.3192 0.9296 0.1843
vn -0.2158 -0.9684 0.1246
vn -0.8053 0.3679 0.4649
vn -0.7837 -0.4256 0.4524
vn -0.2680 0.9509 0.1547
vn -0.2680 -0.9509 0.1547
vn -0.7837 0.4256 0.4524
vn -0.8053 -0.3679 0.4649
vn -0.2158 0.9684 0.1246
vn -0.3192 -0.9296 0.1843
vn -0.7590 0.4815 0.4382
vn -0.8237 -0.3088 0.4755
vn -0.1627 0.9822 0.0939
vn -0.3691 -0.9046 0.2131
vn -0.7313 0.5356 0.4222
vn -0.8388 -0.2485 0.4843
vn -0.1090 0.9920 0.0629
vn -0.4176 -0.8761 0.2411
vn -0.7008 0.5875 0.4046
vn -0.8507 -0.1873 0.4911
vn -0.0746 0.9963 0.0431
vn -0.4643 -0.8441 0.2681
vn -0.6674 0.6372 0.3854
vn -0.8592 -0.1252 0.4960
vn 0.1060 -0.9943 0.0111
vn 0.1188 -0.9928 0.0125
vn 0.1193 -0.9928 0.0062
vn 0.1064 -0.9943 0.0056
vn -0.5093 -0.8087 0.2940
vn -0.6315 0.6843 0.3646
vn -0.8643 -0.0627 0.4990
vn -0.5523 -0.7702 0.3189
vn -0.5931 0.7287 0.3424
vn -0.8660 0.0000 0.5000
vn -0.5931 -0.7287 0.3424
vn -0.5523 0.7702 0.3189
vn -0.8643 0.0627 0.4990
vn -0.8474 -0.3088 0.4318
vn -0.8285 -0.3679 0.4221
vn -0.1674 0.9822 0.0853
vn -0.2220 0.9684 0.1131
vn -0.3797 -0.9046 0.1935
vn -0.3284 -0.9296 0.1673
vn -0.7524 0.5356 0.3834
vn -0.7809 0.4815 0.3979
vn -0.8630 -0.2485 0.4397
vn -0.1121 0.9920 0.0571
vn -0.4296 -0.8761 0.2189
vn -0.7210 0.5875 0.3674
vn -0.8752 -0.1873 0.4459
vn -0.0768 0.9963 0.0391
vn -0.4777 -0.8441 0.2434
vn -0.6867 0.6372 0.3499
vn -0.8840 -0.1252 0.4504
vn -0.1030 -0.9943 0.0276
vn -0.1154 -0.9928 0.0309
vn -0.1137 -0.9928 0.0369
vn -0.1014 -0.9943 0.0329
vn -0.5240 -0.8087 0.2670
vn -0.6497 0.6843 0.3310
vn -0.8892 -0.0627 0.4531
vn -0.5682 -0.7702 0.2895
vn -0.6102 0.7287 0.3109
vn -0.8910 0.0000 0.4540
vn -0.6102 -0.7287 0.3109
vn -0.5682 0.7702 0.2895
vn -0.8892 0.0627 0.4531
vn -0.6497 -0.6843 0.3310
vn -0.5240 0.8087 0.2670
vn -0.8840 0.1252 0.4504
vn -0.6867 -0.6372 0.3499
vn -0.4777 0.8441 0.2434
vn 0.0506 0.9963 -0.0697
vn 0.0458 0.9969 -0.0631
vn 0.0491 0.9969 -0.0606
vn 0.0542 0.9963 -0.0670
vn -0.8752 0.1873 0.4459
vn -0.7210 -0.5875 0.3674
vn -0.4296 0.8761 0.2189
vn -0.1121 -0.9920 0.0571
vn -0.0950 -0.9943 0.0484
vn -0.8630 0.2485 0.4397
vn -0.7524 -0.5356 0.3834
vn -0.3797 0.9046 0.1935
vn -0.1674 -0.9822 0.0853
vn -0.8474 0.3088 0.4318
vn -0.7809 -0.4815 0.3979
vn -0.3284 0.9296 0.1673
vn -0.2220 -0.9684 0.1131
vn -0.8285 0.3679 0.4221
vn -0.8063 -0.4256 0.4108
vn -0.2757 0.9509 0.1405
vn -0.2757 -0.9509 0.1405
vn -0.8063 0.4256 0.4108
vn -0.6662 -0.6843 0.2966
vn -0.6256 -0.7287 0.2785
vn -0.5373 0.8087 0.2392
vn -0.5826 0.7702 0.2594
vn -0.9063 0.1252 0.4035
vn -0.9117 0.0627 0.4059
vn -0.7041 -0.6372 0.3135
vn -0.4898 0.8441 0.2181
vn 0.0266 0.9963 -0.0819
vn 0.0241 0.9969 -0.0742
vn 0.0279 0.9969 -0.0728
vn 0.0309 0.9963 -0.0804
vn -0.8974 0.1873 0.3995
vn -0.7392 -0.5875 0.3291
vn -0.4404 0.8761 0.1961
vn -0.1150 -0.9920 0.0512
vn -0.8849 0.2485 0.3940
vn -0.7714 -0.5356 0.3435
vn -0.3894 0.9046 0.1733
vn -0.1716 -0.9822 0.0764
vn -0.8689 0.3088 0.3868
vn -0.8007 -0.4815 0.3565
vn -0.3367 0.9296 0.1499
vn -0.2276 -0.9684 0.1013
vn -0.8495 0.3679 0.3782
vn -0.8267 -0.4256 0.3681
vn -0.2827 0.9509 0.1259
vn -0.2827 -0.9509 0.1259
vn -0.8267 0.4256 0.3681
vn -0.8495 -0.3679 0.3782
vn -0.2276 0.9684 0.1013
vn -0.3367 -0.9296 0.1499
vn -0.8007 0.4815 0.3565
vn -0.8689 -0.3088 0.3868
vn -0.1716 0.9822 0.0764
vn -0.3894 -0.9046 0.1733
vn -0.7714 0.5356 0.3435
vn -0.8849 -0.2485 0.3940
vn -0.1150 0.9920 0.0512
vn -0.4404 -0.8761 0.1961
vn -0.7392 0.5875 0.3291
vn -0.8974 -0.1873 0.3995
vn -0.0787 0.9963 0.0350
vn -0.4898 -0.8441 0.2181
vn -0.7041 0.6372 0.3135
vn -0.9063 -0.1252 0.4035
vn 0.0276 -0.9943 -0.1030
vn 0.0309 -0.9928 -0.1154
vn 0.0248 -0.9928 -0.1169
vn 0.0222 -0.9943 -0.1043
vn -0.5373 -0.8087 0.2392
vn -0.6662 0.6843 0.2966
vn -0.9117 -0.0627 0.4059
vn -0.5826 -0.7702 0.2594
vn -0.6256 0.7287 0.2785
vn -0.9135 0.0000 0.4067
vn -0.8681 -0.3679 0.3332
vn -0.8448 -0.4256 0.3243
vn -0.2326 0.9684 0.0893
vn -0.2889 0.9509 0.1109
vn -0.3441 -0.9296 0.1321
vn -0.2889 -0.9509 0.1109
vn -0.8182 0.4815 0.3141
vn -0.8448 0.4256 0.3243
vn -0.8879 -0.3088 0.3408
vn -0.1754 0.9822 0.0673
vn -0.3979 -0.9046 0.1527
vn -0.7884 0.5356 0.3026
vn -0.9043 -0.2485 0.3471
vn -0.1175 0.9920 0.0451
vn -0.4501 -0.8761 0.1728
vn -0.7554 0.5875 0.2900
vn -0.9171 -0.1873 0.3520
vn -0.0804 0.9963 0.0309
vn -0.5006 -0.8441 0.1921
vn -0.7195 0.6372 0.2762
vn -0.9262 -0.1252 0.3555
vn 0.1030 -0.9943 -0.0276
vn 0.1154 -0.9928 -0.0309
vn 0.1137 -0.9928 -0.0369
vn 0.1014 -0.9943 -0.0329
vn -0.5491 -0.8087 0.2108
vn -0.6808 0.6843 0.2613
vn -0.9317 -0.0627 0.3576
vn -0.5954 -0.7703 0.2285
vn -0.6393 0.7287 0.2454
vn -0.9336 0.0000 0.3583
vn -0.6393 -0.7287 0.2454
vn -0.5954 0.7702 0.2285
vn -0.9317 0.0627 0.3576
vn -0.6808 -0.6843 0.2613
vn -0.5491 0.8087 0.2108
vn -0.9262 0.1252 0.3555
vn -0.7195 -0.6372 0.2762
vn -0.5006 0.8441 0.1921
vn -0.0787 0.9963 -0.0350
vn -0.0712 0.9969 -0.0317
vn -0.0695 0.9969 -0.0354
vn -0.0768 0.9963 -0.0391
vn -0.9171 0.1873 0.3520
vn -0.7554 -0.5875 0.2900
vn -0.4501 0.8761 0.1728
vn -0.1175 -0.9920 0.0451
vn -0.9043 0.2485 0.3471
vn -0.7884 -0.5356 0.3026
vn -0.3979 0.9046 0.1527
vn -0.1754 -0.9822 0.0673
vn -0.8879 0.3088 0.3408
vn -0.8182 -0.4815 0.3141
vn -0.3441 0.9296 0.1321
vn -0.2326 -0.9684 0.0893
vn -0.8681 0.3679 0.3332
vn -0.6513 -0.7287 0.2116
vn -0.6065 -0.7703 0.1971
vn -0.6065 0.7703 0.1971
vn -0.6513 0.7287 0.2116
vn -0.9492 0.0627 0.3084
vn -0.9510 0.0000 0.3090
vn -0.6935 -0.6843 0.2253
vn -0.5593 0.8087 0.1817
vn -0.9435 0.1252 0.3066
vn -0.7330 -0.6372 0.2382
vn -0.5099 0.8441 0.1657
vn 0.0851 0.9963 -0.0135
vn 0.0770 0.9969 -0.0122
vn 0.0775 0.9969 -0.0081
vn 0.0857 0.9963 -0.0090
vn -0.9342 0.1873 0.3035
vn -0.7696 -0.5875 0.2500
vn -0.4585 0.8761 0.1490
vn -0.1197 -0.9920 0.0389
vn -0.9212 0.2485 0.2993
vn -0.8031 -0.5356 0.2609
vn -0.4053 0.9046 0.1317
vn -0.1787 -0.9822 0.0580
vn -0.9045 0.3088 0.2939
vn -0.8335 -0.4815 0.2708
vn -0.3505 0.9296 0.1139
vn -0.2370 -0.9684 0.0770
vn -0.8843 0.3679 0.2873
vn -0.8606 -0.4256 0.2796
vn -0.2943 0.9509 0.0956
vn -0.2943 -0.9509 0.0956
vn -0.8606 0.4256 0.2796
vn -0.8843 -0.3679 0.2873
vn -0.2370 0.9684 0.0770
vn -0.3505 -0.9296 0.1139
vn -0.8335 0.4815 0.2708
vn -0.9045 -0.3088 0.2939
vn -0.1787 0.9822 0.0580
vn -0.4053 -0.9046 0.1317
vn -0.8031 0.5356 0.2609
vn -0.9212 -0.2485 0.2993
vn -0.1197 0.9920 0.0389
vn -0.4585 -0.8761 0.1490
vn -0.7696 0.5875 0.2500
vn -0.9342 -0.1873 0.3035
vn -0.0819 0.9963 0.0266
vn -0.5099 -0.8441 0.1657
vn -0.7330 0.6372 0.2382
vn -0.9435 -0.1252 0.3066
vn -0.0651 -0.9928 -0.1002
vn -0.0580 -0.9943 -0.0894
vn -0.5593 -0.8087 0.1817
vn -0.6935 0.6843 0.2253
vn -0.9492 -0.0627 0.3084
vn -0.8741 -0.4256 0.2342
vn -0.8466 -0.4815 0.2268
vn -0.2989 0.9509 0.0801
vn -0.3560 0.9296 0.0954
vn -0.2989 -0.9509 0.0801
vn -0.2407 -0.9684 0.0645
vn -0.8741 0.4256 0.2342
vn -0.8982 0.3679 0.2406
vn -0.8982 -0.3679 0.2406
vn -0.2407 0.9684 0.0645
vn -0.3560 -0.9296 0.0954
vn -0.8466 0.4815 0.2268
vn -0.9187 -0.3088 0.2462
vn -0.1815 0.9822 0.0486
vn -0.4117 -0.9046 0.1103
vn -0.8157 0.5356 0.2185
vn -0.9356 -0.2485 0.2507
vn -0.1216 0.9920 0.0326
vn -0.4657 -0.8761 0.1248
vn -0.7816 0.5875 0.2094
vn -0.9488 -0.1873 0.2542
vn -0.5179 -0.8441 0.1388
vn -0.7444 0.6372 0.1995
vn -0.9583 -0.1252 0.2568
vn -0.0187 -0.9928 0.1180
vn -0.0125 -0.9928 0.1188
vn -0.5681 -0.8087 0.1522
vn -0.7043 0.6843 0.1887
vn -0.9640 -0.0627 0.2583
vn -0.6160 -0.7703 0.1650
vn -0.6615 0.7287 0.1772
vn -0.9659 0.0000 0.2588
vn -0.6615 -0.7287 0.1772
vn -0.6160 0.7702 0.1650
vn -0.9640 0.0627 0.2583
vn -0.7043 -0.6843 0.1887
vn -0.5681 0.8087 0.1522
vn -0.9583 0.1252 0.2568
vn -0.7444 -0.6372 0.1995
vn -0.5179 0.8441 0.1388
vn -0.0675 0.9969 0.0390
vn -0.0695 0.9969 0.0354
vn -0.9488 0.1873 0.2542
vn -0.7816 -0.5875 0.2094
vn -0.4657 0.8761 0.1248
vn -0.1216 -0.9920 0.0326
vn -0.9356 0.2485 0.2507
vn -0.8157 -0.5356 0.2185
vn -0.4117 0.9046 0.1103
vn -0.1815 -0.9822 0.0486
vn -0.9187 0.3088 0.2462
vn -0.6238 -0.7702 0.1326
vn -0.5753 -0.8087 0.1223
vn -0.6699 0.7287 0.1424
vn -0.7132 0.6843 0.1516
vn -0.9781 0.0000 0.2079
vn -0.9762 -0.0627 0.2075
vn -0.6699 -0.7287 0.1424
vn -0.6238 0.7702 0.1326
vn -0.9762 0.0627 0.2075
vn -0.7132 -0.6843 0.1516
vn -0.5753 0.8087 0.1223
vn -0.9704 0.1252 0.2062
vn -0.7539 -0.6372 0.1602
vn -0.5245 0.8441 0.1115
vn -0.0609 0.9963 -0.0609
vn -0.0551 0.9969 -0.0551
vn -0.0522 0.9969 -0.0580
vn -0.0576 0.9963 -0.0640
vn -0.9608 0.1873 0.2042
vn -0.7915 -0.5875 0.1682
vn -0.4716 0.8761 0.1002
vn -0.1231 -0.9920 0.0262
vn -0.1043 -0.9943 0.0221
vn -0.9474 0.2485 0.2014
vn -0.8260 -0.5356 0.1756
vn -0.4169 0.9046 0.0886
vn -0.1838 -0.9822 0.0391
vn -0.9303 0.3088 0.1977
vn -0.8573 -0.4815 0.1822
vn -0.3605 0.9296 0.0766
vn -0.2437 -0.9684 0.0518
vn -0.9095 0.3679 0.1933
vn -0.8851 -0.4256 0.1881
vn -0.3027 0.9509 0.0643
vn -0.3027 -0.9509 0.0643
vn -0.8851 0.4256 0.1881
vn -0.9095 -0.3679 0.1933
vn -0.2437 0.9684 0.0518
vn -0.3605 -0.9296 0.0766
vn -0.8573 0.4815 0.1822
vn -0.9303 -0.3088 0.1977
vn -0.1838 0.9822 0.0390
vn -0.4169 -0.9046 0.0886
vn -0.8260 0.5356 0.1756
vn -0.9474 -0.2485 0.2014
vn -0.1231 0.9920 0.0262
vn -0.4716 -0.8761 0.1002
vn -0.7915 0.5875 0.1682
vn -0.9608 -0.1873 0.2042
vn -0.5245 -0.8441 0.1115
vn -0.7539 0.6372 0.1602
vn -0.9704 -0.1252 0.2062
vn -0.1060 -0.9943 -0.0111
vn -0.1188 -0.9928 -0.0125
vn -0.1193 -0.9928 -0.0063
vn -0.1064 -0.9943 -0.0056
vn -0.8656 -0.4815 0.1371
vn -0.8341 -0.5356 0.1321
vn -0.3640 0.9296 0.0576
vn -0.4209 0.9046 0.0667
vn -0.2461 -0.9684 0.0390
vn -0.1856 -0.9822 0.0294
vn -0.9184 0.3679 0.1455
vn -0.9394 0.3088 0.1488
vn -0.8938 -0.4256 0.1415
vn -0.3057 0.9509 0.0484
vn -0.3057 -0.9509 0.0484
vn -0.8938 0.4256 0.1415
vn -0.9184 -0.3679 0.1455
vn -0.2461 0.9684 0.0390
vn -0.3640 -0.9296 0.0576
vn -0.8656 0.4815 0.1371
vn -0.9394 -0.3088 0.1488
vn -0.1856 0.9822 0.0294
vn -0.4209 -0.9046 0.0667
vn -0.8341 0.5356 0.1321
vn -0.9567 -0.2485 0.1515
vn -0.1243 0.9920 0.0197
vn -0.4762 -0.8761 0.0754
vn -0.7992 0.5875 0.1266
vn -0.9702 -0.1873 0.1537
vn -0.0851 0.9963 0.0135
vn -0.5296 -0.8441 0.0839
vn -0.7612 0.6372 0.1205
vn -0.9799 -0.1252 0.1552
vn -0.0382 -0.9943 -0.0995
vn -0.0428 -0.9928 -0.1116
vn -0.0486 -0.9928 -0.1092
vn -0.0433 -0.9943 -0.0974
vn -0.5809 -0.8087 0.0920
vn -0.7202 0.6843 0.1140
vn -0.9857 -0.0627 0.1561
vn -0.6299 -0.7702 0.0997
vn -0.6764 0.7287 0.1071
vn -0.9877 0.0000 0.1564
vn -0.6764 -0.7287 0.1071
vn -0.6299 0.7702 0.0997
vn -0.9857 0.0627 0.1561
vn -0.7202 -0.6843 0.1140
vn -0.5809 0.8087 0.0920
vn -0.9799 0.1252 0.1552
vn -0.7612 -0.6372 0.1205
vn -0.5296 0.8441 0.0839
vn 0.0542 0.9963 0.0670
vn 0.0491 0.9969 0.0606
vn 0.0458 0.9969 0.0631
vn 0.0506 0.9963 0.0697
vn -0.9702 0.1873 0.1537
vn -0.7992 -0.5875 0.1266
vn -0.4762 0.8761 0.0754
vn -0.1243 -0.9920 0.0197
vn -0.1053 -0.9943 0.0167
vn -0.9567 0.2485 0.1515
vn -0.0598 -0.9928 0.1035
vn -0.0542 -0.9928 0.1065
vn -0.5849 -0.8087 0.0615
vn -0.5332 -0.8441 0.0560
vn -0.7252 0.6843 0.0762
vn -0.7665 0.6372 0.0805
vn -0.9926 -0.0627 0.1043
vn -0.9867 -0.1252 0.1037
vn -0.6342 -0.7703 0.0667
vn -0.6811 0.7287 0.0716
vn -0.9945 0.0000 0.1045
vn -0.6811 -0.7287 0.0716
vn -0.6342 0.7702 0.0667
vn -0.9926 0.0627 0.1043
vn -0.7252 -0.6843 0.0762
vn -0.5849 0.8087 0.0615
vn -0.9867 0.1252 0.1037
vn -0.7665 -0.6372 0.0805
vn -0.5332 0.8441 0.0560
vn 0.0723 0.9963 -0.0469
vn 0.0654 0.9969 -0.0425
vn 0.0675 0.9969 -0.0390
vn 0.0746 0.9963 -0.0431
vn -0.9769 0.1873 0.1027
vn -0.8047 -0.5875 0.0846
vn -0.4795 0.8761 0.0504
vn -0.1252 -0.9920 0.0131
vn -0.1060 -0.9943 0.0111
vn -0.9633 0.2485 0.1012
vn -0.8398 -0.5356 0.0883
vn -0.4239 0.9046 0.0445
vn -0.1868 -0.9822 0.0196
vn -0.9459 0.3088 0.0994
vn -0.8716 -0.4815 0.0916
vn -0.3665 0.9296 0.0385
vn -0.2478 -0.9684 0.0260
vn -0.9247 0.3679 0.0972
vn -0.9000 -0.4256 0.0946
vn -0.3078 0.9509 0.0323
vn -0.3078 -0.9509 0.0323
vn -0.9000 0.4256 0.0946
vn -0.9247 -0.3679 0.0972
vn -0.2478 0.9684 0.0260
vn -0.3666 -0.9296 0.0385
vn -0.8716 0.4815 0.0916
vn -0.9459 -0.3088 0.0994
vn -0.1868 0.9822 0.0196
vn -0.4239 -0.9046 0.0445
vn -0.8398 0.5356 0.0883
vn -0.9633 -0.2485 0.1012
vn -0.1252 0.9920 0.0132
vn -0.4795 -0.8761 0.0504
vn -0.8047 0.5875 0.0846
vn -0.9769 -0.1873 0.1027
vn -0.0857 0.9963 0.0090
vn -0.8433 -0.5356 0.0442
vn -0.8081 -0.5875 0.0423
vn -0.4256 0.9046 0.0223
vn -0.4815 0.8761 0.0252
vn -0.1876 -0.9822 0.0098
vn -0.1257 -0.9920 0.0066
vn -0.9498 0.3088 0.0498
vn -0.9673 0.2485 0.0507
vn -0.8752 -0.4815 0.0458
vn -0.3681 0.9296 0.0193
vn -0.2488 -0.9684 0.0130
vn -0.9286 0.3679 0.0486
vn -0.9037 -0.4256 0.0473
vn -0.3091 0.9509 0.0162
vn -0.3091 -0.9509 0.0162
vn -0.9037 0.4256 0.0473
vn -0.9286 -0.3679 0.0486
vn -0.2488 0.9684 0.0130
vn -0.3681 -0.9296 0.0193
vn -0.8752 0.4815 0.0458
vn -0.9498 -0.3088 0.0498
vn -0.1876 0.9822 0.0098
vn -0.4256 -0.9046 0.0223
vn -0.8433 0.5356 0.0442
vn -0.9673 -0.2485 0.0507
vn -0.1256 0.9920 0.0066
vn -0.4815 -0.8761 0.0252
vn -0.8081 0.5875 0.0423
vn -0.9810 -0.1873 0.0514
vn -0.0861 0.9963 0.0045
vn -0.5354 -0.8441 0.0280
vn -0.7696 0.6372 0.0403
vn -0.9908 -0.1252 0.0519
vn -0.0888 -0.9928 0.0800
vn -0.5873 -0.8087 0.0308
vn -0.7282 0.6843 0.0381
vn -0.9966 -0.0627 0.0522
vn -0.6369 -0.7702 0.0334
vn -0.6839 0.7287 0.0358
vn -0.9986 0.0000 0.0523
vn -0.6839 -0.7287 0.0358
vn -0.6368 0.7702 0.0334
vn -0.9966 0.0627 0.0522
vn -0.7282 -0.6843 0.0381
vn -0.5873 0.8087 0.0308
vn -0.9908 0.1252 0.0519
vn -0.7696 -0.6372 0.0403
vn -0.5354 0.8441 0.0280
vn 0.0843 0.9963 0.0179
vn 0.0763 0.9969 0.0162
vn 0.0753 0.9969 0.0202
vn 0.0832 0.9963 0.0223
vn -0.9810 0.1873 0.0514
vn -0.0862 0.9963 0.0000
vn -0.1258 0.9920 0.0000
vn -0.5362 -0.8441 0.0000
vn -0.4821 -0.8761 0.0000
vn -0.7707 0.6372 0.0000
vn -0.8092 0.5875 0.0000
vn -0.9921 -0.1252 0.0000
vn -0.9823 -0.1873 0.0000
vn 0.0167 -0.9943 0.1053
vn 0.0187 -0.9928 0.1180
vn 0.0248 -0.9928 0.1169
vn 0.0222 -0.9943 0.1043
vn -0.5881 -0.8087 0.0000
vn -0.7292 0.6843 0.0000
vn -0.9980 -0.0627 0.0000
vn -0.6377 -0.7702 0.0000
vn -0.6848 0.7287 0.0000
vn -1.0000 0.0000 0.0000
vn -0.6848 -0.7287 0.0000
vn -0.6377 0.7703 0.0000
vn -0.9980 0.0627 0.0000
vn -0.7292 -0.6843 0.0000
vn -0.5881 0.8087 0.0000
vn -0.9921 0.1252 0.0000
vn -0.7707 -0.6372 0.0000
vn -0.5362 0.8441 0.0000
vn -0.0770 0.9969 0.0121
vn -0.0775 0.9969 0.0081
vn -0.9823 0.1873 0.0000
vn -0.8092 -0.5875 0.0000
vn -0.4821 0.8761 0.0000
vn -0.1258 -0.9920 0.0000
vn -0.9686 0.2485 0.0000
vn -0.8445 -0.5356 0.0000
vn -0.4262 0.9046 0.0000
vn -0.1879 -0.9822 0.0000
vn -0.9511 0.3088 0.0000
vn -0.8764 -0.4815 0.0000
vn -0.3686 0.9296 0.0000
vn -0.2492 -0.9684 0.0000
vn -0.9298 0.3679 0.0000
vn -0.9049 -0.4256 0.0000
vn -0.3095 0.9509 0.0000
vn -0.3095 -0.9509 0.0000
vn -0.9049 0.4256 0.0000
vn -0.9298 -0.3679 0.0000
vn -0.2492 0.9684 0.0000
vn -0.3686 -0.9296 0.0000
vn -0.8764 0.4815 0.0000
vn -0.9511 -0.3088 0.0000
vn -0.1879 0.9822 0.0000
vn -0.4262 -0.9046 0.0000
vn -0.8445 0.5356 0.0000
vn -0.9686 -0.2485 0.0000
vn -0.8081 -0.5875 -0.0423
vn -0.7696 -0.6372 -0.0403
vn -0.4815 0.8761 -0.0252
vn -0.5354 0.8441 -0.0280
vn -0.1257 -0.9920 -0.0066
vn -0.9673 0.2485 -0.0507
vn -0.9810 0.1873 -0.0514
vn -0.8433 -0.5356 -0.0442
vn -0.4256 0.9046 -0.0223
vn -0.1876 -0.9822 -0.0098
vn -0.9498 0.3088 -0.0498
vn -0.8752 -0.4815 -0.0459
vn -0.3681 0.9296 -0.0193
vn -0.2488 -0.9684 -0.0130
vn -0.9286 0.3679 -0.0486
vn -0.9037 -0.4256 -0.0473
vn -0.3091 0.9509 -0.0162
vn -0.3091 -0.9509 -0.0162
vn -0.9037 0.4256 -0.0473
vn -0.9286 -0.3679 -0.0486
vn -0.2488 0.9684 -0.0130
vn -0.3681 -0.9296 -0.0193
vn -0.8752 0.4815 -0.0458
vn -0.9498 -0.3088 -0.0498
vn -0.1876 0.9822 -0.0098
vn -0.4256 -0.9046 -0.0223
vn -0.8433 0.5356 -0.0442
vn -0.9673 -0.2485 -0.0507
vn -0.1256 0.9920 -0.0066
vn -0.4815 -0.8761 -0.0252
vn -0.8081 0.5875 -0.0423
vn -0.9810 -0.1873 -0.0514
vn -0.0861 0.9963 -0.0045
vn -0.5354 -0.8441 -0.0280
vn -0.7696 0.6372 -0.0403
vn -0.9908 -0.1252 -0.0519
vn 0.0671 -0.9943 0.0828
vn 0.0752 -0.9928 0.0929
vn 0.0800 -0.9928 0.0888
vn 0.0713 -0.9943 0.0792
vn -0.5873 -0.8087 -0.0308
vn -0.7282 0.6843 -0.0381
vn -0.9966 -0.0627 -0.0522
vn -0.6368 -0.7703 -0.0334
vn -0.6839 0.7287 -0.0358
vn -0.9986 0.0000 -0.0523
vn -0.6839 -0.7287 -0.0358
vn -0.6369 0.7702 -0.0334
vn -0.9966 0.0627 -0.0522
vn -0.7282 -0.6843 -0.0381
vn -0.5873 0.8087 -0.0308
vn -0.9908 0.1252 -0.0519
vn -0.0202 0.9969 0.0753
vn -0.0241 0.9969 0.0742
vn -0.1252 0.9920 -0.0132
vn -0.1868 0.9822 -0.0196
vn -0.4795 -0.8761 -0.0504
vn -0.4239 -0.9046 -0.0445
vn -0.8047 0.5875 -0.0846
vn -0.8398 0.5356 -0.0883
vn -0.9769 -0.1873 -0.1027
vn -0.9633 -0.2485 -0.1012
vn -0.5332 -0.8441 -0.0560
vn -0.7665 0.6372 -0.0805
vn -0.9867 -0.1252 -0.1037
vn 0.0627 -0.9943 -0.0862
vn 0.0702 -0.9928 -0.0967
vn 0.0651 -0.9928 -0.1002
vn 0.0580 -0.9943 -0.0894
vn -0.5849 -0.8087 -0.0615
vn -0.7252 0.6843 -0.0762
vn -0.9926 -0.0627 -0.1043
vn -0.6342 -0.7702 -0.0667
vn -0.6811 0.7287 -0.0716
vn -0.9945 0.0000 -0.1045
vn -0.6811 -0.7287 -0.0716
vn -0.6342 0.7702 -0.0667
vn -0.9926 0.0627 -0.1043
vn -0.7252 -0.6843 -0.0762
vn -0.5849 0.8087 -0.0615
vn -0.9867 0.1252 -0.1037
vn -0.7665 -0.6372 -0.0805
vn -0.5332 0.8441 -0.0560
vn 0.0000 0.9963 -0.0862
vn 0.0000 0.9969 -0.0780
vn 0.0041 0.9969 -0.0779
vn 0.0045 0.9963 -0.0861
vn -0.9769 0.1873 -0.1027
vn -0.8047 -0.5875 -0.0846
vn -0.4795 0.8761 -0.0504
vn -0.1252 -0.9920 -0.0131
vn -0.9633 0.2485 -0.1012
vn -0.8398 -0.5356 -0.0883
vn -0.4239 0.9046 -0.0445
vn -0.1868 -0.9822 -0.0196
vn -0.9459 0.3088 -0.0994
vn -0.8716 -0.4815 -0.0916
vn -0.3665 0.9296 -0.0385
vn -0.2478 -0.9684 -0.0260
vn -0.9247 0.3679 -0.0972
vn -0.9000 -0.4256 -0.0946
vn -0.3078 0.9509 -0.0323
vn -0.3078 -0.9509 -0.0323
vn -0.9000 0.4256 -0.0946
vn -0.9247 -0.3679 -0.0972
vn -0.2478 0.9684 -0.0260
vn -0.3666 -0.9296 -0.0385
vn -0.8716 0.4815 -0.0916
vn -0.9459 -0.3088 -0.0994
vn -0.7612 -0.6372 -0.1205
vn -0.7202 -0.6843 -0.1140
vn -0.5296 0.8441 -0.0839
vn -0.5809 0.8087 -0.0920
vn -0.0458 0.9969 0.0631
vn -0.0491 0.9969 0.0606
vn -0.9702 0.1873 -0.1537
vn -0.9799 0.1252 -0.1552
vn -0.7992 -0.5875 -0.1266
vn -0.4762 0.8761 -0.0754
vn -0.1243 -0.9920 -0.0197
vn -0.1053 -0.9943 -0.0167
vn -0.9567 0.2485 -0.1515
vn -0.8341 -0.5356 -0.1321
vn -0.4209 0.9046 -0.0667
vn -0.1856 -0.9822 -0.0294
vn -0.9394 0.3088 -0.1488
vn -0.8656 -0.4815 -0.1371
vn -0.3640 0.9296 -0.0576
vn -0.2461 -0.9684 -0.0390
vn -0.9184 0.3679 -0.1455
vn -0.8938 -0.4256 -0.1415
vn -0.3057 0.9509 -0.0484
vn -0.3057 -0.9509 -0.0484
vn -0.8938 0.4256 -0.1415
vn -0.9184 -0.3679 -0.1455
vn -0.2461 0.9684 -0.0390
vn -0.3640 -0.9296 -0.0576
vn -0.8656 0.4815 -0.1371
vn -0.9394 -0.3088 -0.1488
vn -0.1856 0.9822 -0.0294
vn -0.4209 -0.9046 -0.0667
vn -0.8341 0.5356 -0.1321
vn -0.9567 -0.2485 -0.1515
vn -0.1243 0.9920 -0.0197
vn -0.4762 -0.8761 -0.0754
vn -0.7992 0.5875 -0.1266
vn -0.9702 -0.1873 -0.1537
vn -0.5296 -0.8441 -0.0839
vn -0.7612 0.6372 -0.1205
vn -0.9799 -0.1252 -0.1552
vn 0.0000 -0.9943 -0.1066
vn 0.0000 -0.9928 -0.1195
vn -0.0062 -0.9928 -0.1193
vn -0.0056 -0.9943 -0.1064
vn -0.5809 -0.8087 -0.0920
vn -0.7202 0.6843 -0.1140
vn -0.9857 -0.0627 -0.1561
vn -0.6299 -0.7702 -0.0997
vn -0.6764 0.7287 -0.1071
vn -0.9877 0.0000 -0.1564
vn -0.6764 -0.7287 -0.1071
vn -0.6299 0.7702 -0.0997
vn -0.9857 0.0627 -0.1561
vn -0.9762 -0.0627 -0.2075
vn -0.9704 -0.1252 -0.2063
vn -0.6238 -0.7702 -0.1326
vn -0.5753 -0.8087 -0.1223
vn -0.6699 0.7287 -0.1424
vn -0.7132 0.6843 -0.1516
vn -0.9781 0.0000 -0.2079
vn -0.6699 -0.7287 -0.1424
vn -0.6238 0.7702 -0.1326
vn -0.9762 0.0627 -0.2075
vn -0.7132 -0.6843 -0.1516
vn -0.5753 0.8087 -0.1223
vn -0.9704 0.1252 -0.2062
vn -0.7539 -0.6372 -0.1602
vn -0.5245 0.8441 -0.1115
vn 0.0697 0.9963 0.0507
vn 0.0631 0.9969 0.0458
vn 0.0606 0.9969 0.0491
vn 0.0670 0.9963 0.0542
vn -0.9608 0.1873 -0.2042
vn -0.7915 -0.5875 -0.1682
vn -0.4716 0.8761 -0.1002
vn -0.1231 -0.9920 -0.0262
vn -0.1043 -0.9943 -0.0221
vn -0.9474 0.2485 -0.2014
vn -0.8260 -0.5356 -0.1756
vn -0.4169 0.9046 -0.0886
vn -0.1838 -0.9822 -0.0391
vn -0.9303 0.3088 -0.1977
vn -0.8573 -0.4815 -0.1822
vn -0.3605 0.9296 -0.0766
vn -0.2437 -0.9684 -0.0518
vn -0.9095 0.3679 -0.1933
vn -0.8851 -0.4256 -0.1881
vn -0.3027 0.9509 -0.0643
vn -0.3027 -0.9509 -0.0643
vn -0.8851 0.4256 -0.1881
vn -0.9095 -0.3679 -0.1933
vn -0.2437 0.9684 -0.0518
vn -0.3605 -0.9296 -0.0766
vn -0.8573 0.4815 -0.1822
vn -0.9303 -0.3088 -0.1977
vn -0.1838 0.9822 -0.0391
vn -0.4169 -0.9046 -0.0886
vn -0.8260 0.5356 -0.1756
vn -0.9474 -0.2485 -0.2014
vn -0.1231 0.9920 -0.0262
vn -0.4716 -0.8761 -0.1002
vn -0.7915 0.5875 -0.1682
vn -0.9608 -0.1873 -0.2042
vn -0.0843 0.9963 -0.0179
vn -0.5245 -0.8441 -0.1115
vn -0.7539 0.6372 -0.1602
vn 0.0329 -0.9943 0.1014
vn 0.0369 -0.9928 0.1137
vn 0.0428 -0.9928 0.1115
vn 0.0382 -0.9943 0.0995
vn -0.8466 -0.4815 -0.2268
vn -0.8157 -0.5356 -0.2185
vn -0.3560 0.9296 -0.0954
vn -0.4117 0.9046 -0.1103
vn -0.2407 -0.9684 -0.0645
vn -0.1815 -0.9822 -0.0486
vn -0.8982 0.3679 -0.2406
vn -0.9187 0.3088 -0.2462
vn -0.8741 -0.4256 -0.2342
vn -0.2989 0.9509 -0.0801
vn -0.2989 -0.9509 -0.0801
vn -0.8741 0.4256 -0.2342
vn -0.8982 -0.3679 -0.2406
vn -0.2407 0.9684 -0.0645
vn -0.3560 -0.9296 -0.0954
vn -0.8466 0.4815 -0.2268
vn -0.9187 -0.3088 -0.2462
vn -0.1815 0.9822 -0.0486
vn -0.4117 -0.9046 -0.1103
vn -0.8157 0.5356 -0.2185
vn -0.9356 -0.2485 -0.2507
vn -0.1216 0.9920 -0.0326
vn -0.4657 -0.8761 -0.1248
vn -0.7816 0.5875 -0.2094
vn -0.9488 -0.1873 -0.2542
vn -0.0832 0.9963 -0.0223
vn -0.5179 -0.8441 -0.1388
vn -0.7444 0.6372 -0.1995
vn -0.9583 -0.1252 -0.2568
vn -0.1035 -0.9928 0.0598
vn -0.1002 -0.9928 0.0651
vn -0.5681 -0.8087 -0.1522
vn -0.7043 0.6843 -0.1887
vn -0.9640 -0.0627 -0.2583
vn -0.6160 -0.7702 -0.1650
vn -0.6615 0.7287 -0.1772
vn -0.9659 0.0000 -0.2588
vn -0.6615 -0.7287 -0.1772
vn -0.6160 0.7702 -0.1650
vn -0.9640 0.0627 -0.2583
vn -0.7043 -0.6843 -0.1887
vn -0.5681 0.8087 -0.1522
vn -0.9583 0.1252 -0.2568
vn -0.7444 -0.6372 -0.1995
vn -0.5179 0.8441 -0.1388
vn 0.0469 0.9963 0.0723
vn 0.0425 0.9969 0.0654
vn 0.0390 0.9969 0.0675
vn 0.0431 0.9963 0.0746
vn -0.9488 0.1873 -0.2542
vn -0.7816 -0.5875 -0.2094
vn -0.4657 0.8761 -0.1248
vn -0.1216 -0.9920 -0.0326
vn -0.9356 0.2485 -0.2507
vn -0.9435 -0.1252 -0.3066
vn -0.9342 -0.1873 -0.3035
vn -0.0974 -0.9943 -0.0434
vn -0.1092 -0.9928 -0.0486
vn -0.1115 -0.9928 -0.0428
vn -0.0995 -0.9943 -0.0382
vn -0.5593 -0.8087 -0.1817
vn -0.5099 -0.8441 -0.1657
vn -0.6935 0.6843 -0.2253
vn -0.7330 0.6372 -0.2382
vn -0.9492 -0.0627 -0.3084
vn -0.6065 -0.7702 -0.1971
vn -0.6513 0.7287 -0.2116
vn -0.9510 0.0000 -0.3090
vn -0.6513 -0.7287 -0.2116
vn -0.6065 0.7703 -0.1971
vn -0.9492 0.0627 -0.3084
vn -0.6935 -0.6843 -0.2253
vn -0.5593 0.8087 -0.1817
vn -0.9435 0.1252 -0.3066
vn -0.7330 -0.6372 -0.2382
vn -0.5099 0.8441 -0.1657
vn 0.0317 0.9969 -0.0712
vn 0.0350 0.9963 -0.0787
vn -0.9342 0.1873 -0.3035
vn -0.7696 -0.5875 -0.2500
vn -0.4585 0.8761 -0.1490
vn -0.1197 -0.9920 -0.0389
vn -0.9212 0.2485 -0.2993
vn -0.8031 -0.5356 -0.2609
vn -0.4053 0.9046 -0.1317
vn -0.1787 -0.9822 -0.0580
vn -0.9045 0.3088 -0.2939
vn -0.8335 -0.4815 -0.2708
vn -0.3505 0.9296 -0.1139
vn -0.2370 -0.9684 -0.0770
vn -0.8843 0.3679 -0.2873
vn -0.8606 -0.4256 -0.2796
vn -0.2943 0.9509 -0.0956
vn -0.2943 -0.9509 -0.0956
vn -0.8606 0.4256 -0.2796
vn -0.8843 -0.3679 -0.2873
vn -0.2370 0.9684 -0.0770
vn -0.3505 -0.9296 -0.1139
vn -0.8335 0.4815 -0.2708
vn -0.9045 -0.3088 -0.2939
vn -0.1787 0.9822 -0.0580
vn -0.4053 -0.9046 -0.1317
vn -0.8031 0.5356 -0.2609
vn -0.9212 -0.2485 -0.2993
vn -0.1197 0.9920 -0.0389
vn -0.4585 -0.8761 -0.1490
vn -0.7696 0.5875 -0.2500
vn -0.7884 -0.5356 -0.3026
vn -0.7554 -0.5875 -0.2900
vn -0.3979 0.9046 -0.1527
vn -0.4501 0.8761 -0.1728
vn -0.1754 -0.9822 -0.0673
vn -0.1175 -0.9920 -0.0451
vn -0.8879 0.3088 -0.3408
vn -0.9043 0.2485 -0.3471
vn -0.8182 -0.4815 -0.3141
vn -0.3441 0.9296 -0.1321
vn -0.2326 -0.9684 -0.0893
vn -0.8681 0.3679 -0.3332
vn -0.8448 -0.4256 -0.3243
vn -0.2889 0.9509 -0.1109
vn -0.2889 -0.9509 -0.1109
vn -0.8448 0.4256 -0.3243
vn -0.8681 -0.3679 -0.3332
vn -0.2326 0.9684 -0.0893
vn -0.3441 -0.9296 -0.1321
vn -0.8182 0.4815 -0.3141
vn -0.8879 -0.3088 -0.3408
vn -0.1754 0.9822 -0.0673
vn -0.3979 -0.9046 -0.1527
vn -0.7884 0.5356 -0.3026
vn -0.9043 -0.2485 -0.3471
vn -0.1175 0.9920 -0.0451
vn -0.4501 -0.8761 -0.1728
vn -0.7554 0.5875 -0.2900
vn -0.9171 -0.1873 -0.3520
vn -0.5006 -0.8441 -0.1921
vn -0.7195 0.6372 -0.2762
vn -0.9262 -0.1252 -0.3555
vn 0.0062 -0.9928 -0.1193
vn 0.0056 -0.9943 -0.1064
vn -0.5491 -0.8087 -0.2108
vn -0.6808 0.6843 -0.2613
vn -0.9317 -0.0627 -0.3576
vn -0.5954 -0.7702 -0.2285
vn -0.6393 0.7287 -0.2454
vn -0.9336 0.0000 -0.3583
vn -0.6393 -0.7287 -0.2454
vn -0.5954 0.7702 -0.2285
vn -0.9317 0.0627 -0.3576
vn -0.6808 -0.6843 -0.2613
vn -0.5491 0.8087 -0.2108
vn -0.9262 0.1252 -0.3555
vn -0.7195 -0.6372 -0.2762
vn -0.5006 0.8441 -0.1921
vn -0.0223 0.9963 -0.0832
vn -0.0202 0.9969 -0.0753
vn -0.0162 0.9969 -0.0763
vn -0.0179 0.9963 -0.0843
vn -0.9171 0.1873 -0.3520
vn -0.8974 -0.1873 -0.3995
vn -0.8849 -0.2485 -0.3940
vn -0.1150 0.9920 -0.0512
vn -0.4898 -0.8441 -0.2181
vn -0.4404 -0.8761 -0.1961
vn -0.7041 0.6372 -0.3135
vn -0.7392 0.5875 -0.3291
vn -0.9063 -0.1252 -0.4035
vn 0.0894 -0.9943 -0.0580
vn 0.1002 -0.9928 -0.0651
vn 0.0967 -0.9928 -0.0702
vn 0.0862 -0.9943 -0.0627
vn -0.5373 -0.8087 -0.2392
vn -0.6662 0.6843 -0.2966
vn -0.9117 -0.0627 -0.4059
vn -0.5826 -0.7703 -0.2594
vn -0.6256 0.7287 -0.2785
vn -0.9135 0.0000 -0.4067
vn -0.6256 -0.7287 -0.2785
vn -0.5826 0.7702 -0.2594
vn -0.9117 0.0627 -0.4059
vn -0.6662 -0.6843 -0.2966
vn -0.5373 0.8087 -0.2392
vn -0.9063 0.1252 -0.4035
vn -0.7041 -0.6372 -0.3135
vn -0.4898 0.8441 -0.2181
vn -0.0712 0.9969 0.0317
vn -0.0728 0.9969 0.0279
vn -0.8974 0.1873 -0.3995
vn -0.7392 -0.5875 -0.3291
vn -0.4404 0.8761 -0.1961
vn -0.1150 -0.9920 -0.0512
vn -0.8849 0.2485 -0.3940
vn -0.7714 -0.5356 -0.3435
vn -0.3894 0.9046 -0.1733
vn -0.1716 -0.9822 -0.0764
vn -0.8689 0.3088 -0.3868
vn -0.8007 -0.4815 -0.3565
vn -0.3367 0.9296 -0.1499
vn -0.2276 -0.9684 -0.1014
vn -0.8495 0.3679 -0.3782
vn -0.8267 -0.4256 -0.3681
vn -0.2827 0.9509 -0.1259
vn -0.2827 -0.9509 -0.1259
vn -0.8267 0.4256 -0.3681
vn -0.8495 -0.3679 -0.3782
vn -0.2276 0.9684 -0.1013
vn -0.3367 -0.9296 -0.1499
vn -0.8007 0.4815 -0.3565
vn -0.8689 -0.3088 -0.3868
vn -0.1716 0.9822 -0.0764
vn -0.3894 -0.9046 -0.1733
vn -0.7714 0.5356 -0.3435
vn -0.7210 -0.5875 -0.3674
vn -0.6867 -0.6372 -0.3499
vn -0.4296 0.8761 -0.2189
vn -0.4777 0.8441 -0.2434
vn -0.1121 -0.9920 -0.0571
vn -0.0950 -0.9943 -0.0484
vn -0.8630 0.2485 -0.4397
vn -0.8752 0.1873 -0.4459
vn -0.7524 -0.5356 -0.3834
vn -0.3797 0.9046 -0.1935
vn -0.1674 -0.9822 -0.0853
vn -0.8474 0.3088 -0.4318
vn -0.7809 -0.4815 -0.3979
vn -0.3284 0.9296 -0.1673
vn -0.2220 -0.9684 -0.1131
vn -0.8285 0.3679 -0.4221
vn -0.8063 -0.4256 -0.4108
vn -0.2757 0.9509 -0.1405
vn -0.2757 -0.9509 -0.1405
vn -0.8063 0.4256 -0.4108
vn -0.8285 -0.3679 -0.4221
vn -0.2220 0.9684 -0.1131
vn -0.3284 -0.9296 -0.1673
vn -0.7809 0.4815 -0.3979
vn -0.8474 -0.3088 -0.4318
vn -0.1674 0.9822 -0.0853
vn -0.3797 -0.9046 -0.1935
vn -0.7524 0.5356 -0.3834
vn -0.8630 -0.2485 -0.4397
vn -0.1121 0.9920 -0.0571
vn -0.4296 -0.8761 -0.2189
vn -0.7210 0.5875 -0.3674
vn -0.8752 -0.1873 -0.4459
vn -0.4777 -0.8441 -0.2434
vn -0.6867 0.6372 -0.3499
vn -0.8840 -0.1252 -0.4504
vn -0.0754 -0.9943 -0.0754
vn -0.0845 -0.9928 -0.0845
vn -0.0888 -0.9928 -0.0800
vn -0.0792 -0.9943 -0.0713
vn -0.5240 -0.8087 -0.2670
vn -0.6497 0.6843 -0.3310
vn -0.8892 -0.0627 -0.4531
vn -0.5682 -0.7702 -0.2895
vn -0.6102 0.7287 -0.3109
vn -0.8910 0.0000 -0.4540
vn -0.6102 -0.7287 -0.3109
vn -0.5682 0.7702 -0.2895
vn -0.8892 0.0627 -0.4531
vn -0.6497 -0.6843 -0.3310
vn -0.5240 0.8087 -0.2670
vn -0.8840 0.1252 -0.4504
vn 0.0090 0.9963 -0.0857
vn 0.0081 0.9969 -0.0775
vn 0.0122 0.9969 -0.0770
vn 0.0135 0.9963 -0.0851
vn -0.8388 -0.2485 -0.4843
vn -0.8237 -0.3088 -0.4755
vn -0.1090 0.9920 -0.0629
vn -0.1627 0.9822 -0.0939
vn -0.4176 -0.8761 -0.2411
vn -0.3691 -0.9046 -0.2131
vn -0.7008 0.5875 -0.4046
vn -0.7313 0.5356 -0.4222
vn -0.8507 -0.1873 -0.4911
vn -0.0746 0.9963 -0.0431
vn -0.4643 -0.8441 -0.2681
vn -0.6674 0.6372 -0.3854
vn -0.8592 -0.1252 -0.4960
vn -0.1180 -0.9928 0.0187
vn -0.1169 -0.9928 0.0248
vn -0.5093 -0.8087 -0.2940
vn -0.6315 0.6843 -0.3646
vn -0.8643 -0.0627 -0.4990
vn -0.5523 -0.7703 -0.3189
vn -0.5931 0.7287 -0.3424
vn -0.8660 0.0000 -0.5000
vn -0.5931 -0.7287 -0.3424
vn -0.5523 0.7702 -0.3189
vn -0.8643 0.0627 -0.4990
vn -0.6315 -0.6843 -0.3646
vn -0.5093 0.8087 -0.2940
vn -0.8592 0.1252 -0.4960
vn -0.6674 -0.6372 -0.3854
vn -0.4643 0.8441 -0.2681
vn -0.0675 0.9969 -0.0390
vn -0.0654 0.9969 -0.0425
vn -0.0723 0.9963 -0.0469
vn -0.8507 0.1873 -0.4911
vn -0.7008 -0.5875 -0.4046
vn -0.4176 0.8761 -0.2411
vn -0.1090 -0.9920 -0.0629
vn -0.0923 -0.9943 -0.0533
vn -0.8388 0.2485 -0.4843
vn -0.7313 -0.5356 -0.4222
vn -0.3691 0.9046 -0.2131
vn -0.1627 -0.9822 -0.0939
vn -0.8237 0.3088 -0.4755
vn -0.7590 -0.4815 -0.4382
vn -0.3192 0.9296 -0.1843
vn -0.2158 -0.9684 -0.1246
vn -0.8053 0.3679 -0.4649
vn -0.7837 -0.4256 -0.4524
vn -0.2680 0.9509 -0.1547
vn -0.2680 -0.9509 -0.1547
vn -0.7837 0.4256 -0.4524
vn -0.8053 -0.3679 -0.4649
vn -0.2158 0.9684 -0.1246
vn -0.3192 -0.9296 -0.1843
vn -0.7590 0.4815 -0.4382
vn -0.6464 -0.6372 -0.4198
vn -0.6116 -0.6843 -0.3971
vn -0.4497 0.8441 -0.2920
vn -0.4932 0.8087 -0.3203
vn -0.0542 0.9963 -0.0670
vn -0.0491 0.9969 -0.0606
vn -0.0458 0.9969 -0.0631
vn -0.0506 0.9963 -0.0697
vn -0.8238 0.1873 -0.5350
vn -0.8321 0.1252 -0.5403
vn -0.6786 -0.5875 -0.4407
vn -0.4043 0.8761 -0.2626
vn -0.1055 -0.9920 -0.0685
vn -0.0894 -0.9943 -0.0580
vn -0.8123 0.2485 -0.5275
vn -0.7082 -0.5356 -0.4599
vn -0.3574 0.9046 -0.2321
vn -0.1576 -0.9822 -0.1023
vn -0.7977 0.3088 -0.5180
vn -0.7350 -0.4815 -0.4773
vn -0.3091 0.9296 -0.2007
vn -0.2090 -0.9684 -0.1357
vn -0.7798 0.3679 -0.5064
vn -0.7589 -0.4256 -0.4928
vn -0.2596 0.9509 -0.1686
vn -0.2596 -0.9509 -0.1686
vn -0.7589 0.4256 -0.4928
vn -0.7798 -0.3679 -0.5064
vn -0.2090 0.9684 -0.1357
vn -0.3091 -0.9296 -0.2007
vn -0.7350 0.4815 -0.4773
vn -0.7977 -0.3088 -0.5180
vn -0.1576 0.9822 -0.1023
vn -0.3574 -0.9046 -0.2321
vn -0.7082 0.5356 -0.4599
vn -0.8123 -0.2485 -0.5275
vn -0.1055 0.9920 -0.0685
vn -0.4043 -0.8761 -0.2626
vn -0.6786 0.5875 -0.4407
vn -0.8238 -0.1873 -0.5350
vn -0.4497 -0.8441 -0.2920
vn -0.6464 0.6372 -0.4198
vn -0.8321 -0.1252 -0.5403
vn 0.1053 -0.9943 -0.0167
vn 0.1180 -0.9928 -0.0187
vn 0.1169 -0.9928 -0.0248
vn 0.1043 -0.9943 -0.0222
vn -0.4932 -0.8087 -0.3203
vn -0.6116 0.6843 -0.3971
vn -0.8370 -0.0627 -0.5436
vn -0.5348 -0.7703 -0.3473
vn -0.5743 0.7287 -0.3730
vn -0.8386 0.0000 -0.5446
vn -0.5743 -0.7287 -0.3730
vn -0.5348 0.7702 -0.3473
vn -0.8370 0.0627 -0.5436
vn -0.7694 -0.3088 -0.5590
vn -0.7523 -0.3679 -0.5465
vn -0.1520 0.9822 -0.1104
vn -0.2016 0.9684 -0.1465
vn -0.3448 -0.9046 -0.2505
vn -0.2982 -0.9296 -0.2166
vn -0.6832 0.5356 -0.4964
vn -0.7090 0.4815 -0.5151
vn -0.7836 -0.2485 -0.5693
vn -0.1018 0.9920 -0.0739
vn -0.3901 -0.8761 -0.2834
vn -0.6547 0.5875 -0.4756
vn -0.7947 -0.1873 -0.5774
vn -0.0697 0.9963 -0.0506
vn -0.4338 -0.8441 -0.3152
vn -0.6235 0.6372 -0.4530
vn -0.8026 -0.1252 -0.5831
vn 0.1043 -0.9943 0.0222
vn 0.1169 -0.9928 0.0249
vn 0.1180 -0.9928 0.0187
vn 0.1053 -0.9943 0.0167
vn -0.4758 -0.8087 -0.3457
vn -0.5899 0.6843 -0.4286
vn -0.8074 -0.0627 -0.5866
vn -0.5159 -0.7702 -0.3748
vn -0.5540 0.7287 -0.4025
vn -0.8090 0.0000 -0.5878
vn -0.5540 -0.7287 -0.4025
vn -0.5159 0.7702 -0.3748
vn -0.8074 0.0627 -0.5866
vn -0.5899 -0.6843 -0.4286
vn -0.4758 0.8087 -0.3457
vn -0.8026 0.1252 -0.5831
vn -0.6235 -0.6371 -0.4530
vn -0.4338 0.8441 -0.3152
vn -0.0763 0.9969 -0.0162
vn -0.7947 0.1873 -0.5774
vn -0.6547 -0.5875 -0.4756
vn -0.3901 0.8761 -0.2834
vn -0.1018 -0.9920 -0.0739
vn -0.7836 0.2485 -0.5693
vn -0.6832 -0.5356 -0.4964
vn -0.3448 0.9046 -0.2505
vn -0.1520 -0.9822 -0.1104
vn -0.7694 0.3088 -0.5590
vn -0.7090 -0.4815 -0.5151
vn -0.2982 0.9296 -0.2166
vn -0.2016 -0.9684 -0.1465
vn -0.7523 0.3679 -0.5465
vn -0.7321 -0.4256 -0.5319
vn -0.2504 0.9509 -0.1819
vn -0.2504 -0.9509 -0.1819
vn -0.7321 0.4256 -0.5319
vn -0.5667 -0.6843 -0.4589
vn -0.5322 -0.7287 -0.4310
vn -0.4570 0.8087 -0.3701
vn -0.4956 0.7702 -0.4013
vn -0.7710 0.1252 -0.6243
vn -0.7756 0.0627 -0.6281
vn -0.5990 -0.6371 -0.4850
vn -0.4167 0.8441 -0.3374
vn 0.0861 0.9963 -0.0045
vn 0.0779 0.9969 -0.0041
vn 0.0780 0.9969 0.0000
vn 0.0862 0.9963 0.0000
vn -0.7634 0.1873 -0.6182
vn -0.6289 -0.5875 -0.5092
vn -0.3747 0.8761 -0.3034
vn -0.0978 -0.9920 -0.0792
vn -0.7527 0.2485 -0.6095
vn -0.6563 -0.5356 -0.5314
vn -0.3312 0.9046 -0.2682
vn -0.1460 -0.9822 -0.1182
vn -0.7391 0.3088 -0.5985
vn -0.6811 -0.4815 -0.5515
vn -0.2864 0.9296 -0.2319
vn -0.1936 -0.9684 -0.1568
vn -0.7226 0.3679 -0.5852
vn -0.7032 -0.4256 -0.5695
vn -0.2405 0.9509 -0.1947
vn -0.2405 -0.9509 -0.1948
vn -0.7032 0.4256 -0.5695
vn -0.7226 -0.3679 -0.5852
vn -0.1936 0.9684 -0.1568
vn -0.2864 -0.9296 -0.2319
vn -0.6811 0.4815 -0.5515
vn -0.7391 -0.3088 -0.5985
vn -0.1460 0.9822 -0.1182
vn -0.3312 -0.9046 -0.2682
vn -0.6563 0.5356 -0.5314
vn -0.7527 -0.2485 -0.6095
vn -0.0978 0.9920 -0.0792
vn -0.3747 -0.8761 -0.3034
vn -0.6289 0.5875 -0.5092
vn -0.7634 -0.1873 -0.6182
vn -0.4167 -0.8441 -0.3374
vn -0.5990 0.6372 -0.4850
vn -0.7710 -0.1252 -0.6243
vn 0.0862 -0.9943 0.0627
vn 0.0967 -0.9928 0.0703
vn 0.1002 -0.9928 0.0651
vn 0.0894 -0.9943 0.0580
vn -0.4570 -0.8087 -0.3701
vn -0.5667 0.6843 -0.4589
vn -0.7756 -0.0627 -0.6281
vn -0.4956 -0.7703 -0.4013
vn -0.5322 0.7287 -0.4310
vn -0.7771 0.0000 -0.6293
vn -0.6910 -0.3679 -0.6222
vn -0.6725 -0.4256 -0.6055
vn -0.1852 0.9684 -0.1667
vn -0.2300 0.9509 -0.2071
vn -0.2739 -0.9296 -0.2466
vn -0.2300 -0.9509 -0.2071
vn -0.6513 0.4815 -0.5864
vn -0.6725 0.4256 -0.6055
vn -0.7068 -0.3088 -0.6364
vn -0.1396 0.9822 -0.1257
vn -0.3167 -0.9046 -0.2852
vn -0.6276 0.5356 -0.5651
vn -0.7198 -0.2485 -0.6481
vn -0.0935 0.9920 -0.0842
vn -0.3583 -0.8761 -0.3226
vn -0.6013 0.5875 -0.5415
vn -0.7300 -0.1873 -0.6573
vn -0.3984 -0.8441 -0.3588
vn -0.5727 0.6372 -0.5157
vn -0.7373 -0.1252 -0.6638
vn -0.0702 -0.9928 0.0967
vn -0.0651 -0.9928 0.1002
vn -0.4371 -0.8087 -0.3935
vn -0.5419 0.6843 -0.4879
vn -0.7417 -0.0627 -0.6678
vn -0.4739 -0.7703 -0.4267
vn -0.5089 0.7287 -0.4582
vn -0.7431 0.0000 -0.6691
vn -0.5089 -0.7287 -0.4582
vn -0.4739 0.7702 -0.4267
vn -0.7417 0.0627 -0.6678
vn -0.5419 -0.6843 -0.4879
vn -0.4371 0.8087 -0.3935
vn -0.7373 0.1252 -0.6638
vn -0.5727 -0.6372 -0.5157
vn -0.3984 0.8441 -0.3588
vn 0.0768 0.9963 -0.0391
vn 0.0695 0.9969 -0.0354
vn 0.0712 0.9969 -0.0317
vn 0.0787 0.9963 -0.0350
vn -0.7300 0.1873 -0.6573
vn -0.6013 -0.5875 -0.5415
vn -0.3583 0.8761 -0.3226
vn -0.0935 -0.9920 -0.0842
vn -0.7198 0.2485 -0.6481
vn -0.6276 -0.5356 -0.5651
vn -0.3167 0.9046 -0.2852
vn -0.1396 -0.9822 -0.1257
vn -0.7068 0.3088 -0.6364
vn -0.6513 -0.4815 -0.5864
vn -0.2739 0.9296 -0.2466
vn -0.1852 -0.9684 -0.1667
vn -0.6910 0.3679 -0.6222
vn -0.4842 -0.7287 -0.4842
vn -0.4509 -0.7703 -0.4509
vn -0.4509 0.7702 -0.4509
vn -0.4842 0.7287 -0.4842
vn -0.7057 0.0627 -0.7057
vn -0.7071 0.0000 -0.7071
vn -0.5156 -0.6843 -0.5156
vn -0.4158 0.8087 -0.4158
vn -0.7015 0.1252 -0.7015
vn -0.5450 -0.6372 -0.5450
vn -0.3791 0.8441 -0.3791
vn 0.0576 0.9963 -0.0640
vn 0.0522 0.9969 -0.0580
vn 0.0551 0.9969 -0.0551
vn 0.0609 0.9963 -0.0609
vn -0.6946 0.1873 -0.6946
vn -0.5722 -0.5875 -0.5722
vn -0.3409 0.8761 -0.3409
vn -0.0890 -0.9920 -0.0890
vn -0.6849 0.2485 -0.6849
vn -0.5971 -0.5356 -0.5971
vn -0.3014 0.9046 -0.3014
vn -0.1328 -0.9822 -0.1328
vn -0.6725 0.3088 -0.6725
vn -0.6197 -0.4815 -0.6197
vn -0.2606 0.9296 -0.2606
vn -0.1762 -0.9684 -0.1762
vn -0.6575 0.3679 -0.6575
vn -0.6399 -0.4256 -0.6399
vn -0.2188 0.9509 -0.2188
vn -0.2188 -0.9509 -0.2188
vn -0.6399 0.4256 -0.6399
vn -0.6575 -0.3679 -0.6575
vn -0.1762 0.9684 -0.1762
vn -0.2606 -0.9296 -0.2606
vn -0.6197 0.4815 -0.6197
vn -0.6725 -0.3088 -0.6725
vn -0.1328 0.9822 -0.1328
vn -0.3014 -0.9046 -0.3014
vn -0.5971 0.5356 -0.5971
vn -0.6849 -0.2485 -0.6849
vn -0.0890 0.9920 -0.0890
vn -0.3409 -0.8761 -0.3409
vn -0.5722 0.5875 -0.5722
vn -0.6946 -0.1873 -0.6946
vn -0.3791 -0.8441 -0.3791
vn -0.5450 0.6372 -0.5450
vn -0.7015 -0.1252 -0.7015
vn -0.0309 -0.9928 0.1154
vn -0.0248 -0.9928 0.1169
vn -0.4158 -0.8087 -0.4158
vn -0.5156 0.6843 -0.5156
vn -0.7057 -0.0627 -0.7057
vn -0.6055 -0.4256 -0.6725
vn -0.5864 -0.4815 -0.6513
vn -0.2071 0.9509 -0.2300
vn -0.2466 0.9296 -0.2739
vn -0.2071 -0.9509 -0.2300
vn -0.1667 -0.9684 -0.1852
vn -0.6055 0.4256 -0.6725
vn -0.6222 0.3679 -0.6910
vn -0.6222 -0.3679 -0.6910
vn -0.1667 0.9684 -0.1852
vn -0.2466 -0.9296 -0.2739
vn -0.5864 0.4815 -0.6513
vn -0.6364 -0.3088 -0.7068
vn -0.1257 0.9822 -0.1396
vn -0.2852 -0.9046 -0.3167
vn -0.5651 0.5356 -0.6276
vn -0.6481 -0.2485 -0.7198
vn -0.0842 0.9920 -0.0935
vn -0.3226 -0.8761 -0.3583
vn -0.5414 0.5875 -0.6013
vn -0.6573 -0.1873 -0.7300
vn -0.3588 -0.8441 -0.3984
vn -0.5157 0.6372 -0.5727
vn -0.6638 -0.1252 -0.7373
vn 0.0580 -0.9943 0.0894
vn 0.0651 -0.9928 0.1002
vn 0.0702 -0.9928 0.0967
vn 0.0627 -0.9943 0.0862
vn -0.3935 -0.8087 -0.4371
vn -0.4879 0.6843 -0.5419
vn -0.6678 -0.0627 -0.7417
vn -0.4267 -0.7703 -0.4739
vn -0.4582 0.7287 -0.5089
vn -0.6691 0.0000 -0.7431
vn -0.4582 -0.7287 -0.5089
vn -0.4267 0.7702 -0.4739
vn -0.6678 0.0627 -0.7417
vn -0.4879 -0.6843 -0.5419
vn -0.3935 0.8087 -0.4371
vn -0.6638 0.1252 -0.7373
vn -0.5157 -0.6372 -0.5727
vn -0.3588 0.8441 -0.3984
vn 0.0819 0.9963 0.0266
vn 0.0742 0.9969 0.0241
vn 0.0728 0.9969 0.0280
vn 0.0804 0.9963 0.0309
vn -0.6573 0.1873 -0.7300
vn -0.5415 -0.5875 -0.6013
vn -0.3226 0.8761 -0.3583
vn -0.0842 -0.9920 -0.0935
vn -0.0713 -0.9943 -0.0792
vn -0.6481 0.2485 -0.7198
vn -0.5651 -0.5356 -0.6276
vn -0.2852 0.9046 -0.3167
vn -0.1257 -0.9822 -0.1396
vn -0.6364 0.3088 -0.7068
vn -0.4013 -0.7702 -0.4956
vn -0.3701 -0.8087 -0.4570
vn -0.4310 0.7287 -0.5322
vn -0.4589 0.6843 -0.5667
vn -0.6293 0.0000 -0.7771
vn -0.6281 -0.0627 -0.7756
vn -0.4310 -0.7287 -0.5322
vn -0.4013 0.7702 -0.4956
vn -0.6281 0.0627 -0.7756
vn -0.4589 -0.6843 -0.5667
vn -0.3701 0.8087 -0.4570
vn -0.6243 0.1252 -0.7710
vn -0.4850 -0.6372 -0.5990
vn -0.3374 0.8441 -0.4167
vn 0.0266 0.9963 0.0819
vn 0.0241 0.9969 0.0742
vn -0.6182 0.1873 -0.7634
vn -0.5092 -0.5875 -0.6289
vn -0.3034 0.8761 -0.3747
vn -0.0792 -0.9920 -0.0978
vn -0.6095 0.2485 -0.7527
vn -0.5314 -0.5356 -0.6563
vn -0.2682 0.9046 -0.3312
vn -0.1182 -0.9822 -0.1460
vn -0.5985 0.3088 -0.7391
vn -0.5515 -0.4815 -0.6811
vn -0.2319 0.9296 -0.2864
vn -0.1568 -0.9684 -0.1936
vn -0.5852 0.3679 -0.7226
vn -0.5695 -0.4256 -0.7032
vn -0.1947 0.9509 -0.2405
vn -0.1947 -0.9509 -0.2405
vn -0.5695 0.4256 -0.7032
vn -0.5852 -0.3679 -0.7226
vn -0.1568 0.9684 -0.1936
vn -0.2319 -0.9296 -0.2864
vn -0.5515 0.4815 -0.6811
vn -0.5985 -0.3088 -0.7391
vn -0.1182 0.9822 -0.1460
vn -0.2682 -0.9046 -0.3312
vn -0.5314 0.5356 -0.6563
vn -0.6095 -0.2485 -0.7527
vn -0.0792 0.9920 -0.0978
vn -0.3034 -0.8761 -0.3747
vn -0.5092 0.5875 -0.6289
vn -0.6182 -0.1873 -0.7634
vn -0.3374 -0.8441 -0.4167
vn -0.4850 0.6372 -0.5990
vn -0.6243 -0.1252 -0.7710
vn -0.0276 -0.9943 -0.1030
vn -0.0309 -0.9928 -0.1154
vn -0.0369 -0.9928 -0.1137
vn -0.0329 -0.9943 -0.1014
vn -0.5152 -0.4815 -0.7090
vn -0.4964 -0.5356 -0.6832
vn -0.2166 0.9296 -0.2982
vn -0.2505 0.9046 -0.3448
vn -0.1465 -0.9684 -0.2016
vn -0.1104 -0.9822 -0.1520
vn -0.5465 0.3679 -0.7523
vn -0.5590 0.3088 -0.7694
vn -0.5319 -0.4256 -0.7321
vn -0.1819 0.9509 -0.2504
vn -0.1819 -0.9509 -0.2504
vn -0.5319 0.4256 -0.7321
vn -0.5465 -0.3679 -0.7523
vn -0.1465 0.9684 -0.2016
vn -0.2166 -0.9296 -0.2982
vn -0.5151 0.4815 -0.7090
vn -0.5590 -0.3088 -0.7694
vn -0.1104 0.9822 -0.1520
vn -0.2505 -0.9046 -0.3448
vn -0.4964 0.5356 -0.6832
vn -0.5693 -0.2485 -0.7836
vn -0.0739 0.9920 -0.1018
vn -0.2834 -0.8761 -0.3901
vn -0.4756 0.5875 -0.6547
vn -0.5774 -0.1873 -0.7947
vn -0.3152 -0.8441 -0.4338
vn -0.4530 0.6372 -0.6235
vn -0.5831 -0.1252 -0.8026
vn 0.0713 -0.9943 -0.0792
vn 0.0800 -0.9928 -0.0888
vn 0.0752 -0.9928 -0.0929
vn 0.0671 -0.9943 -0.0828
vn -0.3457 -0.8087 -0.4758
vn -0.4286 0.6843 -0.5899
vn -0.5866 -0.0627 -0.8074
vn -0.3748 -0.7702 -0.5159
vn -0.4025 0.7287 -0.5540
vn -0.5878 0.0000 -0.8090
vn -0.4025 -0.7287 -0.5540
vn -0.3748 0.7702 -0.5159
vn -0.5866 0.0627 -0.8074
vn -0.4286 -0.6843 -0.5899
vn -0.3457 0.8087 -0.4758
vn -0.5831 0.1252 -0.8026
vn -0.4530 -0.6372 -0.6235
vn -0.3152 0.8441 -0.4338
vn -0.0279 0.9969 0.0728
vn -0.5774 0.1873 -0.7947
vn -0.4756 -0.5875 -0.6547
vn -0.2834 0.8761 -0.3901
vn -0.0739 -0.9920 -0.1018
vn -0.5693 0.2485 -0.7836
vn -0.0062 -0.9928 0.1193
vn 0.0000 -0.9928 0.1195
vn -0.3203 -0.8087 -0.4932
vn -0.2920 -0.8441 -0.4497
vn -0.3971 0.6843 -0.6116
vn -0.4198 0.6372 -0.6464
vn -0.5435 -0.0627 -0.8370
vn -0.5403 -0.1252 -0.8321
vn -0.3473 -0.7702 -0.5348
vn -0.3730 0.7287 -0.5743
vn -0.5446 0.0000 -0.8386
vn -0.3730 -0.7287 -0.5743
vn -0.3473 0.7702 -0.5348
vn -0.5435 0.0627 -0.8370
vn -0.3971 -0.6843 -0.6116
vn -0.3203 0.8087 -0.4932
vn -0.5403 0.1252 -0.8321
vn -0.4198 -0.6372 -0.6464
vn -0.2920 0.8441 -0.4497
vn 0.0728 0.9969 -0.0279
vn 0.0804 0.9963 -0.0309
vn -0.5350 0.1873 -0.8238
vn -0.4407 -0.5875 -0.6786
vn -0.2626 0.8761 -0.4043
vn -0.0685 -0.9920 -0.1055
vn -0.5275 0.2485 -0.8123
vn -0.4599 -0.5356 -0.7082
vn -0.2321 0.9046 -0.3574
vn -0.1023 -0.9822 -0.1576
vn -0.5180 0.3088 -0.7977
vn -0.4773 -0.4815 -0.7350
vn -0.2007 0.9296 -0.3091
vn -0.1357 -0.9684 -0.2090
vn -0.5064 0.3679 -0.7798
vn -0.4928 -0.4256 -0.7589
vn -0.1686 0.9509 -0.2595
vn -0.1686 -0.9509 -0.2596
vn -0.4928 0.4256 -0.7589
vn -0.5064 -0.3679 -0.7798
vn -0.1357 0.9684 -0.2090
vn -0.2007 -0.9296 -0.3091
vn -0.4773 0.4815 -0.7350
vn -0.5180 -0.3088 -0.7977
vn -0.1023 0.9822 -0.1576
vn -0.2321 -0.9046 -0.3574
vn -0.4599 0.5356 -0.7082
vn -0.5275 -0.2485 -0.8123
vn -0.0685 0.9920 -0.1055
vn -0.2626 -0.8761 -0.4043
vn -0.4407 0.5875 -0.6786
vn -0.5350 -0.1873 -0.8238
vn -0.0469 0.9963 -0.0723
vn -0.4222 0.5356 -0.7313
vn -0.4382 0.4815 -0.7590
vn -0.4222 -0.5356 -0.7313
vn -0.4046 -0.5875 -0.7008
vn -0.4843 -0.2485 -0.8388
vn -0.4755 -0.3088 -0.8237
vn -0.0939 -0.9822 -0.1627
vn -0.0629 -0.9920 -0.1090
vn -0.0629 0.9920 -0.1090
vn -0.0939 0.9822 -0.1627
vn -0.4046 0.5875 -0.7008
vn -0.1246 -0.9684 -0.2158
vn -0.4911 -0.1873 -0.8507
vn -0.0431 0.9963 -0.0746
vn -0.3854 0.6372 -0.6674
vn -0.1547 -0.9509 -0.2680
vn -0.4960 -0.1252 -0.8592
vn -0.1065 -0.9928 0.0543
vn -0.3646 0.6843 -0.6315
vn -0.1843 -0.9296 -0.3192
vn -0.4990 -0.0627 -0.8643
vn -0.3424 0.7287 -0.5931
vn -0.2131 -0.9046 -0.3691
vn -0.5000 0.0000 -0.8660
vn -0.3189 0.7702 -0.5523
vn -0.2411 -0.8761 -0.4176
vn -0.4990 0.0627 -0.8643
vn -0.2940 0.8087 -0.5093
vn -0.2681 -0.8441 -0.4643
vn -0.4960 0.1252 -0.8592
vn -0.2681 0.8441 -0.4643
vn -0.2940 -0.8087 -0.5093
vn -0.4911 0.1873 -0.8507
vn -0.2411 0.8761 -0.4176
vn -0.4843 0.2485 -0.8388
vn -0.3189 -0.7702 -0.5523
vn -0.2131 0.9046 -0.3691
vn -0.4755 0.3088 -0.8237
vn -0.3424 -0.7287 -0.5931
vn -0.4382 -0.4815 -0.7590
vn -0.1843 0.9296 -0.3192
vn -0.4649 0.3679 -0.8053
vn -0.3646 -0.6843 -0.6315
vn -0.4524 -0.4256 -0.7837
vn -0.1547 0.9509 -0.2680
vn -0.4524 0.4256 -0.7837
vn -0.3854 -0.6372 -0.6674
vn 0.0041 0.9969 0.0779
vn 0.0045 0.9963 0.0861
vn -0.4649 -0.3679 -0.8053
vn -0.1246 0.9684 -0.2158
vn -0.4504 0.1252 -0.8840
vn -0.4531 0.0627 -0.8892
vn -0.3499 -0.6371 -0.6867
vn -0.3310 -0.6843 -0.6497
vn -0.2434 0.8441 -0.4777
vn -0.2670 0.8087 -0.5240
vn -0.0522 0.9969 0.0580
vn -0.4459 0.1873 -0.8752
vn -0.3674 -0.5875 -0.7210
vn -0.2189 0.8761 -0.4296
vn -0.0571 -0.9920 -0.1121
vn -0.4397 0.2485 -0.8630
vn -0.3834 -0.5356 -0.7524
vn -0.1935 0.9046 -0.3797
vn -0.0853 -0.9822 -0.1674
vn -0.4318 0.3088 -0.8474
vn -0.3979 -0.4815 -0.7809
vn -0.1673 0.9296 -0.3284
vn -0.1131 -0.9684 -0.2220
vn -0.4221 0.3679 -0.8285
vn -0.4108 -0.4256 -0.8063
vn -0.1405 0.9509 -0.2757
vn -0.1405 -0.9509 -0.2757
vn -0.4108 0.4256 -0.8063
vn -0.4221 -0.3679 -0.8285
vn -0.1131 0.9684 -0.2220
vn -0.1673 -0.9296 -0.3284
vn -0.3979 0.4815 -0.7809
vn -0.4318 -0.3088 -0.8474
vn -0.0853 0.9822 -0.1674
vn -0.1935 -0.9046 -0.3797
vn -0.3834 0.5356 -0.7524
vn -0.4397 -0.2485 -0.8630
vn -0.0571 0.9920 -0.1121
vn -0.2189 -0.8761 -0.4296
vn -0.3674 0.5875 -0.7210
vn -0.4459 -0.1873 -0.8752
vn -0.0391 0.9963 -0.0768
vn -0.2434 -0.8441 -0.4777
vn -0.3499 0.6372 -0.6867
vn -0.4504 -0.1252 -0.8840
vn -0.1035 -0.9928 -0.0598
vn -0.1065 -0.9928 -0.0543
vn -0.2670 -0.8087 -0.5240
vn -0.3310 0.6843 -0.6497
vn -0.4531 -0.0627 -0.8892
vn -0.2895 -0.7702 -0.5682
vn -0.3109 0.7287 -0.6102
vn -0.4540 0.0000 -0.8910
vn -0.3109 -0.7287 -0.6102
vn -0.2895 0.7702 -0.5682
vn -0.3565 0.4815 -0.8007
vn -0.3681 0.4256 -0.8267
vn -0.3868 -0.3088 -0.8689
vn -0.3782 -0.3679 -0.8495
vn -0.0764 0.9822 -0.1716
vn -0.1013 0.9684 -0.2276
vn -0.1733 -0.9046 -0.3894
vn -0.1499 -0.9296 -0.3367
vn -0.3435 0.5356 -0.7714
vn -0.3940 -0.2485 -0.8849
vn -0.0512 0.9920 -0.1150
vn -0.1961 -0.8761 -0.4404
vn -0.3291 0.5875 -0.7392
vn -0.3995 -0.1873 -0.8974
vn -0.0350 0.9963 -0.0787
vn -0.2181 -0.8441 -0.4898
vn -0.3135 0.6372 -0.7041
vn -0.4035 -0.1252 -0.9063
vn 0.1035 -0.9928 -0.0598
vn 0.0923 -0.9943 -0.0533
vn -0.2392 -0.8087 -0.5373
vn -0.2966 0.6843 -0.6662
vn -0.4059 -0.0627 -0.9117
vn -0.2594 -0.7703 -0.5826
vn -0.2785 0.7287 -0.6256
vn -0.4067 0.0000 -0.9135
vn -0.2785 -0.7287 -0.6256
vn -0.2594 0.7702 -0.5826
vn -0.4059 0.0627 -0.9117
vn -0.2966 -0.6843 -0.6662
vn -0.2392 0.8087 -0.5373
vn -0.4035 0.1252 -0.9063
vn -0.3135 -0.6371 -0.7041
vn -0.2181 0.8441 -0.4898
vn 0.0640 0.9963 0.0576
vn 0.0580 0.9969 0.0521
vn -0.3995 0.1873 -0.8974
vn -0.3291 -0.5875 -0.7392
vn -0.1961 0.8761 -0.4404
vn -0.0512 -0.9920 -0.1150
vn -0.3940 0.2485 -0.8849
vn -0.3435 -0.5356 -0.7714
vn -0.1733 0.9046 -0.3894
vn -0.0764 -0.9822 -0.1716
vn -0.3868 0.3088 -0.8689
vn -0.3565 -0.4815 -0.8007
vn -0.1499 0.9296 -0.3367
vn -0.1013 -0.9684 -0.2276
vn -0.3782 0.3679 -0.8495
vn -0.3681 -0.4256 -0.8267
vn -0.1259 0.9509 -0.2827
vn -0.1259 -0.9509 -0.2827
vn -0.3576 0.0627 -0.9317
vn -0.3583 0.0000 -0.9336
vn -0.2613 -0.6843 -0.6808
vn -0.2454 -0.7287 -0.6393
vn -0.2108 0.8087 -0.5491
vn -0.2285 0.7702 -0.5954
vn -0.3555 0.1252 -0.9262
vn -0.2762 -0.6371 -0.7195
vn -0.1921 0.8441 -0.5006
vn -0.0390 0.9969 -0.0675
vn -0.0354 0.9969 -0.0695
vn -0.3520 0.1873 -0.9171
vn -0.2900 -0.5875 -0.7554
vn -0.1728 0.8761 -0.4501
vn -0.0451 -0.9920 -0.1175
vn -0.3471 0.2485 -0.9043
vn -0.3026 -0.5356 -0.7884
vn -0.1527 0.9046 -0.3979
vn -0.0673 -0.9822 -0.1754
vn -0.3408 0.3088 -0.8879
vn -0.3141 -0.4815 -0.8182
vn -0.1321 0.9296 -0.3441
vn -0.0893 -0.9684 -0.2326
vn -0.3332 0.3679 -0.8681
vn -0.3243 -0.4256 -0.8448
vn -0.1109 0.9509 -0.2889
vn -0.1109 -0.9509 -0.2889
vn -0.3243 0.4256 -0.8448
vn -0.3332 -0.3679 -0.8681
vn -0.0893 0.9684 -0.2326
vn -0.1321 -0.9296 -0.3441
vn -0.3141 0.4815 -0.8182
vn -0.3408 -0.3088 -0.8879
vn -0.0673 0.9822 -0.1754
vn -0.1527 -0.9046 -0.3979
vn -0.3026 0.5356 -0.7884
vn -0.3471 -0.2485 -0.9043
vn -0.0451 0.9920 -0.1175
vn -0.1728 -0.8761 -0.4501
vn -0.2900 0.5875 -0.7554
vn -0.3520 -0.1873 -0.9171
vn -0.1921 -0.8441 -0.5006
vn -0.2762 0.6372 -0.7195
vn -0.3555 -0.1252 -0.9262
vn -0.1188 -0.9928 0.0125
vn -0.2108 -0.8087 -0.5491
vn -0.2613 0.6843 -0.6808
vn -0.3576 -0.0627 -0.9317
vn -0.2285 -0.7703 -0.5954
vn -0.2454 0.7287 -0.6393
vn -0.2796 0.4256 -0.8606
vn -0.2873 0.3679 -0.8843
vn -0.2873 -0.3679 -0.8843
vn -0.2796 -0.4256 -0.8606
vn -0.0770 0.9684 -0.2370
vn -0.0956 0.9509 -0.2943
vn -0.1139 -0.9296 -0.3505
vn -0.0956 -0.9509 -0.2943
vn -0.2708 0.4815 -0.8335
vn -0.2939 -0.3088 -0.9045
vn -0.0580 0.9822 -0.1787
vn -0.1317 -0.9046 -0.4053
vn -0.2609 0.5356 -0.8031
vn -0.2993 -0.2485 -0.9212
vn -0.0389 0.9920 -0.1197
vn -0.1490 -0.8761 -0.4585
vn -0.2500 0.5875 -0.7696
vn -0.3035 -0.1873 -0.9342
vn -0.1657 -0.8441 -0.5099
vn -0.2382 0.6372 -0.7330
vn -0.3066 -0.1252 -0.9435
vn 0.0845 -0.9928 -0.0845
vn 0.0754 -0.9943 -0.0754
vn -0.1817 -0.8087 -0.5593
vn -0.2253 0.6843 -0.6935
vn -0.3084 -0.0627 -0.9492
vn -0.1971 -0.7702 -0.6065
vn -0.2116 0.7287 -0.6513
vn -0.3090 0.0000 -0.9510
vn -0.2116 -0.7287 -0.6513
vn -0.1971 0.7702 -0.6065
vn -0.3084 0.0627 -0.9492
vn -0.2253 -0.6843 -0.6935
vn -0.1817 0.8087 -0.5593
vn -0.3066 0.1252 -0.9435
vn -0.2382 -0.6371 -0.7330
vn -0.1657 0.8441 -0.5099
vn -0.0753 0.9969 -0.0202
vn -0.3035 0.1873 -0.9342
vn -0.2500 -0.5875 -0.7696
vn -0.1490 0.8761 -0.4585
vn -0.0389 -0.9920 -0.1197
vn -0.2993 0.2485 -0.9212
vn -0.2609 -0.5356 -0.8031
vn -0.1317 0.9046 -0.4053
vn -0.0580 -0.9822 -0.1787
vn -0.2939 0.3088 -0.9045
vn -0.2708 -0.4815 -0.8335
vn -0.1139 0.9296 -0.3505
vn -0.0770 -0.9684 -0.2370
vn -0.2588 0.0000 -0.9659
vn -0.2583 -0.0627 -0.9640
vn -0.1772 -0.7287 -0.6615
vn -0.1650 -0.7702 -0.6160
vn -0.1650 0.7702 -0.6160
vn -0.1772 0.7287 -0.6615
vn -0.2583 0.0627 -0.9640
vn -0.1887 -0.6843 -0.7043
vn -0.1522 0.8087 -0.5681
vn -0.2568 0.1252 -0.9583
vn -0.1995 -0.6372 -0.7444
vn -0.1388 0.8441 -0.5179
vn 0.0391 0.9963 -0.0768
vn 0.0354 0.9969 -0.0695
vn -0.2542 0.1873 -0.9488
vn -0.2094 -0.5875 -0.7816
vn -0.1248 0.8761 -0.4657
vn -0.0326 -0.9920 -0.1216
vn -0.2507 0.2485 -0.9356
vn -0.2185 -0.5356 -0.8157
vn -0.1103 0.9046 -0.4117
vn -0.0486 -0.9822 -0.1815
vn -0.2462 0.3088 -0.9187
vn -0.2268 -0.4815 -0.8466
vn -0.0954 0.9296 -0.3560
vn -0.0645 -0.9684 -0.2407
vn -0.2406 0.3679 -0.8982
vn -0.2342 -0.4256 -0.8741
vn -0.0801 0.9509 -0.2989
vn -0.0801 -0.9509 -0.2989
vn -0.2342 0.4256 -0.8741
vn -0.2406 -0.3679 -0.8982
vn -0.0645 0.9684 -0.2407
vn -0.0954 -0.9296 -0.3560
vn -0.2268 0.4815 -0.8466
vn -0.2462 -0.3088 -0.9187
vn -0.0486 0.9822 -0.1815
vn -0.1103 -0.9046 -0.4117
vn -0.2185 0.5356 -0.8157
vn -0.2507 -0.2485 -0.9356
vn -0.0326 0.9920 -0.1216
vn -0.1248 -0.8761 -0.4657
vn -0.2094 0.5875 -0.7816
vn -0.2542 -0.1873 -0.9488
vn -0.1388 -0.8441 -0.5179
vn -0.1995 0.6372 -0.7444
vn -0.2568 -0.1252 -0.9583
vn 0.1064 -0.9943 -0.0056
vn 0.1193 -0.9928 -0.0062
vn 0.1188 -0.9928 -0.0125
vn 0.1060 -0.9943 -0.0111
vn -0.1522 -0.8087 -0.5681
vn -0.1887 0.6843 -0.7043
vn -0.1933 0.3679 -0.9095
vn -0.1977 0.3088 -0.9303
vn -0.1881 -0.4256 -0.8851
vn -0.1822 -0.4815 -0.8573
vn -0.0643 0.9509 -0.3027
vn -0.0766 0.9296 -0.3605
vn -0.0643 -0.9509 -0.3027
vn -0.0518 -0.9684 -0.2437
vn -0.1881 0.4256 -0.8851
vn -0.1933 -0.3679 -0.9095
vn -0.0518 0.9684 -0.2437
vn -0.0766 -0.9296 -0.3605
vn -0.1822 0.4815 -0.8573
vn -0.1977 -0.3088 -0.9303
vn -0.0390 0.9822 -0.1838
vn -0.0886 -0.9046 -0.4169
vn -0.1756 0.5356 -0.8260
vn -0.2014 -0.2485 -0.9474
vn -0.0262 0.9920 -0.1231
vn -0.1002 -0.8761 -0.4716
vn -0.1682 0.5875 -0.7915
vn -0.2042 -0.1873 -0.9608
vn -0.1115 -0.8441 -0.5245
vn -0.1602 0.6372 -0.7539
vn -0.2062 -0.1252 -0.9704
vn -0.0800 -0.9928 -0.0888
vn -0.1223 -0.8087 -0.5753
vn -0.1516 0.6843 -0.7132
vn -0.2075 -0.0627 -0.9762
vn -0.1326 -0.7703 -0.6238
vn -0.1424 0.7287 -0.6699
vn -0.2079 0.0000 -0.9781
vn -0.1424 -0.7287 -0.6699
vn -0.1326 0.7702 -0.6238
vn -0.2075 0.0627 -0.9762
vn -0.1516 -0.6843 -0.7133
vn -0.1223 0.8087 -0.5753
vn -0.2062 0.1252 -0.9704
vn -0.1602 -0.6371 -0.7539
vn -0.1115 0.8441 -0.5245
vn -0.0135 0.9963 -0.0851
vn -0.0122 0.9969 -0.0770
vn -0.2042 0.1873 -0.9608
vn -0.1682 -0.5875 -0.7915
vn -0.1002 0.8761 -0.4716
vn -0.0262 -0.9920 -0.1231
vn -0.0222 -0.9943 -0.1043
vn -0.2014 0.2485 -0.9474
vn -0.1756 -0.5356 -0.8260
vn -0.0886 0.9046 -0.4169
vn -0.0390 -0.9822 -0.1838
vn -0.1561 -0.0627 -0.9857
vn -0.1552 -0.1252 -0.9799
vn -0.0997 -0.7703 -0.6299
vn -0.0920 -0.8087 -0.5809
vn -0.1071 0.7287 -0.6764
vn -0.1140 0.6843 -0.7202
vn -0.1564 0.0000 -0.9877
vn -0.1071 -0.7287 -0.6764
vn -0.0997 0.7702 -0.6299
vn -0.1561 0.0627 -0.9857
vn -0.1140 -0.6843 -0.7202
vn -0.0920 0.8087 -0.5809
vn -0.1552 0.1252 -0.9799
vn -0.1205 -0.6371 -0.7612
vn -0.0839 0.8441 -0.5296
vn -0.0779 0.9969 0.0041
vn -0.0780 0.9969 0.0000
vn -0.1537 0.1873 -0.9702
vn -0.1266 -0.5875 -0.7992
vn -0.0754 0.8761 -0.4762
vn -0.0197 -0.9920 -0.1243
vn -0.1515 0.2485 -0.9567
vn -0.1321 -0.5356 -0.8341
vn -0.0667 0.9046 -0.4209
vn -0.0294 -0.9822 -0.1856
vn -0.1488 0.3088 -0.9394
vn -0.1371 -0.4815 -0.8656
vn -0.0576 0.9296 -0.3640
vn -0.0390 -0.9684 -0.2461
vn -0.1455 0.3679 -0.9184
vn -0.1415 -0.4256 -0.8938
vn -0.0484 0.9509 -0.3057
vn -0.0484 -0.9509 -0.3057
vn -0.1415 0.4256 -0.8938
vn -0.1455 -0.3679 -0.9184
vn -0.0390 0.9684 -0.2461
vn -0.0576 -0.9296 -0.3640
vn -0.1371 0.4815 -0.8656
vn -0.1488 -0.3088 -0.9394
vn -0.0294 0.9822 -0.1856
vn -0.0667 -0.9046 -0.4209
vn -0.1321 0.5356 -0.8341
vn -0.1515 -0.2485 -0.9567
vn -0.0197 0.9920 -0.1243
vn -0.0754 -0.8761 -0.4762
vn -0.1266 0.5875 -0.7992
vn -0.1537 -0.1873 -0.9702
vn -0.0839 -0.8441 -0.5296
vn -0.1205 0.6372 -0.7612
vn 0.1154 -0.9928 0.0309
vn 0.1030 -0.9943 0.0276
vn -0.0994 0.3088 -0.9459
vn -0.1012 0.2485 -0.9633
vn -0.0916 -0.4815 -0.8716
vn -0.0883 -0.5356 -0.8398
vn -0.0385 0.9296 -0.3665
vn -0.0445 0.9046 -0.4239
vn -0.0260 -0.9684 -0.2478
vn -0.0196 -0.9822 -0.1868
vn -0.0972 0.3679 -0.9247
vn -0.0946 -0.4256 -0.9000
vn -0.0323 0.9509 -0.3078
vn -0.0323 -0.9509 -0.3078
vn -0.0946 0.4256 -0.9000
vn -0.0972 -0.3679 -0.9247
vn -0.0260 0.9684 -0.2478
vn -0.0385 -0.9296 -0.3666
vn -0.0916 0.4815 -0.8716
vn -0.0994 -0.3088 -0.9459
vn -0.0196 0.9822 -0.1868
vn -0.0445 -0.9046 -0.4239
vn -0.0883 0.5356 -0.8398
vn -0.1012 -0.2485 -0.9633
vn -0.0132 0.9920 -0.1252
vn -0.0504 -0.8761 -0.4795
vn -0.0846 0.5875 -0.8047
vn -0.1027 -0.1873 -0.9769
vn -0.0560 -0.8441 -0.5332
vn -0.0805 0.6372 -0.7665
vn -0.1037 -0.1252 -0.9867
vn 0.0929 -0.9928 0.0752
vn 0.0828 -0.9943 0.0671
vn -0.0615 -0.8087 -0.5849
vn -0.0762 0.6843 -0.7252
vn -0.1043 -0.0627 -0.9926
vn -0.0667 -0.7703 -0.6342
vn -0.0716 0.7287 -0.6811
vn -0.1045 0.0000 -0.9945
vn -0.0716 -0.7287 -0.6811
vn -0.0667 0.7703 -0.6342
vn -0.1043 0.0627 -0.9926
vn -0.0762 -0.6843 -0.7252
vn -0.0615 0.8087 -0.5849
vn -0.1037 0.1252 -0.9867
vn -0.0805 -0.6371 -0.7665
vn -0.0560 0.8441 -0.5332
vn -0.0606 0.9969 0.0491
vn -0.1027 0.1873 -0.9769
vn -0.0846 -0.5875 -0.8047
vn -0.0504 0.8761 -0.4795
vn -0.0132 -0.9920 -0.1252
vn -0.0519 -0.1252 -0.9908
vn -0.0514 -0.1873 -0.9810
vn -0.0308 -0.8087 -0.5873
vn -0.0280 -0.8441 -0.5354
vn -0.0381 0.6843 -0.7282
vn -0.0403 0.6372 -0.7696
vn -0.0522 -0.0627 -0.9966
vn -0.0334 -0.7703 -0.6368
vn -0.0358 0.7287 -0.6839
vn -0.0523 0.0000 -0.9986
vn -0.0358 -0.7287 -0.6839
vn -0.0334 0.7703 -0.6368
vn -0.0522 0.0627 -0.9966
vn -0.0381 -0.6843 -0.7282
vn -0.0308 0.8087 -0.5873
vn -0.0519 0.1252 -0.9908
vn -0.0403 -0.6371 -0.7696
vn -0.0280 0.8441 -0.5354
vn 0.0640 0.9963 -0.0576
vn 0.0580 0.9969 -0.0521
vn -0.0514 0.1873 -0.9810
vn -0.0423 -0.5875 -0.8081
vn -0.0252 0.8761 -0.4815
vn -0.0066 -0.9920 -0.1257
vn -0.0507 0.2485 -0.9673
vn -0.0442 -0.5356 -0.8433
vn -0.0223 0.9046 -0.4256
vn -0.0098 -0.9822 -0.1876
vn -0.0498 0.3088 -0.9498
vn -0.0458 -0.4815 -0.8752
vn -0.0193 0.9296 -0.3681
vn -0.0130 -0.9684 -0.2488
vn -0.0486 0.3679 -0.9286
vn -0.0473 -0.4256 -0.9037
vn -0.0162 0.9509 -0.3091
vn -0.0162 -0.9509 -0.3091
vn -0.0473 0.4256 -0.9037
vn -0.0486 -0.3679 -0.9286
vn -0.0130 0.9684 -0.2488
vn -0.0193 -0.9296 -0.3681
vn -0.0458 0.4815 -0.8752
vn -0.0498 -0.3088 -0.9498
vn -0.0098 0.9822 -0.1876
vn -0.0223 -0.9046 -0.4256
vn -0.0442 0.5356 -0.8433
vn -0.0507 -0.2485 -0.9673
vn -0.0066 0.9920 -0.1256
vn -0.0252 -0.8761 -0.4815
vn -0.0423 0.5875 -0.8081
vn 0.0000 0.2485 -0.9686
vn 0.0000 0.1873 -0.9823
vn 0.0000 -0.5356 -0.8445
vn 0.0000 -0.5875 -0.8092
vn 0.0000 0.9046 -0.4262
vn 0.0000 0.8761 -0.4821
vn 0.0000 -0.9822 -0.1879
vn 0.0000 -0.9920 -0.1258
vn 0.0000 0.3088 -0.9511
vn 0.0000 -0.4815 -0.8764
vn 0.0000 0.9296 -0.3686
vn 0.0000 -0.9684 -0.2492
vn 0.0000 0.3679 -0.9298
vn 0.0000 -0.4256 -0.9049
vn 0.0000 0.9509 -0.3095
vn 0.0000 -0.9509 -0.3095
vn 0.0000 0.4256 -0.9049
vn 0.0000 -0.3679 -0.9298
vn 0.0000 0.9684 -0.2492
vn 0.0000 -0.9296 -0.3686
vn 0.0000 0.4815 -0.8764
vn 0.0000 -0.3088 -0.9511
vn 0.0000 0.9822 -0.1879
vn 0.0000 -0.9046 -0.4262
vn 0.0000 0.5356 -0.8445
vn 0.0000 -0.2485 -0.9686
vn 0.0000 0.9920 -0.1258
vn 0.0000 -0.8761 -0.4821
vn 0.0000 0.5875 -0.8092
vn 0.0000 -0.1873 -0.9823
vn 0.0000 -0.8441 -0.5362
vn 0.0000 0.6372 -0.7707
vn 0.0000 -0.1252 -0.9921
vn -0.0428 -0.9928 0.1115
vn -0.0369 -0.9928 0.1137
vn 0.0000 -0.8087 -0.5881
vn 0.0000 0.6843 -0.7292
vn 0.0000 -0.0627 -0.9980
vn 0.0000 -0.7703 -0.6377
vn 0.0000 0.7287 -0.6848
vn 0.0000 0.0000 -1.0000
vn 0.0000 -0.7287 -0.6848
vn 0.0000 0.7702 -0.6377
vn 0.0000 0.0627 -0.9980
vn 0.0000 -0.6843 -0.7292
vn 0.0000 0.8087 -0.5881
vn 0.0000 0.1252 -0.9921
vn 0.0000 -0.6371 -0.7707
vn 0.0000 0.8441 -0.5362
vn 0.0819 0.9963 -0.0266
vn 0.0742 0.9969 -0.0241
vn 0.0514 -0.1873 -0.9810
vn 0.0507 -0.2485 -0.9673
vn 0.0066 0.9920 -0.1256
vn 0.0280 -0.8441 -0.5354
vn 0.0252 -0.8761 -0.4815
vn 0.0403 0.6372 -0.7696
vn 0.0423 0.5875 -0.8081
vn 0.0519 -0.1252 -0.9908
vn -0.0752 -0.9928 0.0929
vn 0.0308 -0.8087 -0.5873
vn 0.0381 0.6843 -0.7282
vn 0.0522 -0.0627 -0.9966
vn 0.0334 -0.7703 -0.6368
vn 0.0358 0.7287 -0.6839
vn 0.0523 0.0000 -0.9986
vn 0.0358 -0.7287 -0.6839
vn 0.0334 0.7702 -0.6369
vn 0.0522 0.0627 -0.9966
vn 0.0381 -0.6843 -0.7282
vn 0.0308 0.8087 -0.5873
vn 0.0519 0.1252 -0.9908
vn 0.0403 -0.6371 -0.7696
vn 0.0280 0.8441 -0.5354
vn 0.0000 0.9969 0.0780
vn -0.0041 0.9969 0.0779
vn 0.0514 0.1873 -0.9810
vn 0.0423 -0.5875 -0.8081
vn 0.0252 0.8761 -0.4815
vn 0.0066 -0.9920 -0.1257
vn 0.0507 0.2485 -0.9673
vn 0.0442 -0.5356 -0.8433
vn 0.0223 0.9046 -0.4256
vn 0.0098 -0.9822 -0.1876
vn 0.0498 0.3088 -0.9498
vn 0.0458 -0.4815 -0.8752
vn 0.0193 0.9296 -0.3681
vn 0.0130 -0.9684 -0.2488
vn 0.0486 0.3679 -0.9286
vn 0.0473 -0.4256 -0.9037
vn 0.0162 0.9509 -0.3091
vn 0.0162 -0.9509 -0.3091
vn 0.0473 0.4256 -0.9037
vn 0.0486 -0.3679 -0.9286
vn 0.0130 0.9684 -0.2488
vn 0.0193 -0.9296 -0.3681
vn 0.0458 0.4815 -0.8752
vn 0.0498 -0.3088 -0.9498
vn 0.0098 0.9822 -0.1876
vn 0.0223 -0.9046 -0.4256
vn 0.0442 0.5356 -0.8433
vn 0.1027 0.1873 -0.9769
vn 0.1037 0.1252 -0.9867
vn 0.0846 -0.5875 -0.8047
vn 0.0805 -0.6371 -0.7665
vn 0.0504 0.8761 -0.4795
vn 0.0560 0.8441 -0.5332
vn 0.0132 -0.9920 -0.1252
vn 0.1012 0.2485 -0.9633
vn 0.0883 -0.5356 -0.8398
vn 0.0445 0.9046 -0.4239
vn 0.0196 -0.9822 -0.1868
vn 0.0994 0.3088 -0.9459
vn 0.0916 -0.4815 -0.8716
vn 0.0385 0.9296 -0.3665
vn 0.0260 -0.9684 -0.2478
vn 0.0972 0.3679 -0.9247
vn 0.0946 -0.4256 -0.9000
vn 0.0323 0.9509 -0.3078
vn 0.0323 -0.9509 -0.3078
vn 0.0946 0.4256 -0.9000
vn 0.0972 -0.3679 -0.9247
vn 0.0260 0.9684 -0.2478
vn 0.0385 -0.9296 -0.3666
vn 0.0916 0.4815 -0.8716
vn 0.0994 -0.3088 -0.9459
vn 0.0196 0.9822 -0.1868
vn 0.0445 -0.9046 -0.4239
vn 0.0883 0.5356 -0.8398
vn 0.1012 -0.2485 -0.9633
vn 0.0132 0.9920 -0.1252
vn 0.0504 -0.8761 -0.4795
vn 0.0846 0.5875 -0.8047
vn 0.1027 -0.1873 -0.9769
vn 0.0560 -0.8441 -0.5332
vn 0.0805 0.6372 -0.7665
vn 0.1037 -0.1252 -0.9867
vn 0.0486 -0.9928 -0.1092
vn 0.0433 -0.9943 -0.0974
vn 0.0615 -0.8087 -0.5849
vn 0.0762 0.6843 -0.7252
vn 0.1043 -0.0627 -0.9926
vn 0.0667 -0.7702 -0.6342
vn 0.0716 0.7287 -0.6811
vn 0.1045 0.0000 -0.9945
vn 0.0716 -0.7287 -0.6811
vn 0.0667 0.7703 -0.6342
vn 0.1043 0.0627 -0.9926
vn 0.0762 -0.6843 -0.7252
vn 0.0615 0.8087 -0.5849
vn -0.0742 0.9969 0.0241
vn 0.1515 -0.2485 -0.9567
vn 0.1488 -0.3088 -0.9394
vn 0.0197 0.9920 -0.1243
vn 0.0294 0.9822 -0.1856
vn 0.0754 -0.8761 -0.4762
vn 0.0667 -0.9046 -0.4209
vn 0.1266 0.5875 -0.7992
vn 0.1321 0.5356 -0.8341
vn 0.1537 -0.1873 -0.9702
vn 0.0839 -0.8441 -0.5296
vn 0.1205 0.6372 -0.7612
vn 0.1552 -0.1252 -0.9799
vn 0.0920 -0.8087 -0.5809
vn 0.1140 0.6843 -0.7202
vn 0.1561 -0.0627 -0.9857
vn 0.0997 -0.7702 -0.6299
vn 0.1071 0.7287 -0.6764
vn 0.1564 0.0000 -0.9877
vn 0.1071 -0.7287 -0.6764
vn 0.0997 0.7703 -0.6299
vn 0.1561 0.0627 -0.9857
vn 0.1140 -0.6843 -0.7202
vn 0.0920 0.8087 -0.5809
vn 0.1552 0.1252 -0.9799
vn 0.1205 -0.6371 -0.7612
vn 0.0839 0.8441 -0.5296
vn 0.0179 0.9963 -0.0843
vn 0.0162 0.9969 -0.0763
vn 0.0202 0.9969 -0.0753
vn 0.0223 0.9963 -0.0832
vn 0.1537 0.1873 -0.9702
vn 0.1266 -0.5875 -0.7992
vn 0.0754 0.8761 -0.4762
vn 0.0197 -0.9920 -0.1243
vn 0.1515 0.2485 -0.9567
vn 0.1321 -0.5356 -0.8341
vn 0.0667 0.9046 -0.4209
vn 0.0294 -0.9822 -0.1856
vn 0.1488 0.3088 -0.9394
vn 0.1371 -0.4815 -0.8656
vn 0.0576 0.9296 -0.3640
vn 0.0390 -0.9684 -0.2461
vn 0.1455 0.3679 -0.9184
vn 0.1415 -0.4256 -0.8938
vn 0.0484 0.9509 -0.3057
vn 0.0484 -0.9509 -0.3057
vn 0.1415 0.4256 -0.8938
vn 0.1455 -0.3679 -0.9184
vn 0.0390 0.9684 -0.2461
vn 0.0576 -0.9296 -0.3640
vn 0.1371 0.4815 -0.8656
vn 0.2063 0.1252 -0.9704
vn 0.2075 0.0627 -0.9762
vn 0.1602 -0.6371 -0.7539
vn 0.1516 -0.6843 -0.7132
vn 0.1115 0.8441 -0.5245
vn 0.1223 0.8087 -0.5753
vn 0.2042 0.1873 -0.9608
vn 0.1682 -0.5875 -0.7915
vn 0.1002 0.8761 -0.4716
vn 0.0262 -0.9920 -0.1231
vn 0.2014 0.2485 -0.9474
vn 0.1756 -0.5356 -0.8260
vn 0.0886 0.9046 -0.4169
vn 0.0391 -0.9822 -0.1838
vn 0.1977 0.3088 -0.9303
vn 0.1822 -0.4815 -0.8573
vn 0.0766 0.9296 -0.3605
vn 0.0518 -0.9684 -0.2437
vn 0.1933 0.3679 -0.9095
vn 0.1881 -0.4256 -0.8851
vn 0.0643 0.9509 -0.3027
vn 0.0643 -0.9509 -0.3027
vn 0.1881 0.4256 -0.8851
vn 0.1933 -0.3679 -0.9095
vn 0.0518 0.9684 -0.2437
vn 0.0766 -0.9296 -0.3605
vn 0.1822 0.4815 -0.8573
vn 0.1977 -0.3088 -0.9303
vn 0.0391 0.9822 -0.1838
vn 0.0886 -0.9046 -0.4169
vn 0.1756 0.5356 -0.8260
vn 0.2014 -0.2485 -0.9474
vn 0.0262 0.9920 -0.1231
vn 0.1002 -0.8761 -0.4716
vn 0.1682 0.5875 -0.7915
vn 0.2042 -0.1873 -0.9608
vn 0.1115 -0.8441 -0.5245
vn 0.1602 0.6372 -0.7539
vn 0.2062 -0.1252 -0.9704
vn 0.0598 -0.9928 0.1035
vn 0.0533 -0.9943 0.0923
vn 0.1223 -0.8087 -0.5753
vn 0.1516 0.6843 -0.7132
vn 0.2075 -0.0627 -0.9762
vn 0.1326 -0.7703 -0.6238
vn 0.1424 0.7287 -0.6699
vn 0.2079 0.0000 -0.9781
vn 0.1424 -0.7287 -0.6699
vn 0.1326 0.7702 -0.6238
vn 0.2462 -0.3088 -0.9187
vn 0.2406 -0.3679 -0.8982
vn 0.0486 0.9822 -0.1815
vn 0.0645 0.9684 -0.2407
vn 0.1103 -0.9046 -0.4117
vn 0.0954 -0.9296 -0.3560
vn 0.2185 0.5356 -0.8157
vn 0.2268 0.4815 -0.8466
vn 0.2507 -0.2485 -0.9356
vn 0.0326 0.9920 -0.1216
vn 0.1248 -0.8761 -0.4657
vn 0.2094 0.5875 -0.7816
vn 0.2542 -0.1873 -0.9488
vn 0.1388 -0.8441 -0.5179
vn 0.1995 0.6372 -0.7444
vn 0.2568 -0.1252 -0.9583
vn -0.1169 -0.9928 -0.0248
vn 0.1522 -0.8087 -0.5681
vn 0.1887 0.6843 -0.7043
vn 0.2583 -0.0627 -0.9640
vn 0.1650 -0.7702 -0.6160
vn 0.1772 0.7287 -0.6615
vn 0.2588 0.0000 -0.9659
vn 0.1772 -0.7287 -0.6615
vn 0.1650 0.7702 -0.6160
vn 0.2583 0.0627 -0.9640
vn 0.1887 -0.6843 -0.7043
vn 0.1522 0.8087 -0.5681
vn 0.2568 0.1252 -0.9583
vn 0.1995 -0.6371 -0.7444
vn 0.1388 0.8441 -0.5179
vn -0.0631 0.9969 -0.0458
vn 0.2542 0.1873 -0.9488
vn 0.2094 -0.5875 -0.7816
vn 0.1248 0.8761 -0.4657
vn 0.0326 -0.9920 -0.1216
vn 0.2507 0.2485 -0.9356
vn 0.2185 -0.5356 -0.8157
vn 0.1103 0.9046 -0.4117
vn 0.0486 -0.9822 -0.1815
vn 0.2462 0.3088 -0.9187
vn 0.2268 -0.4815 -0.8466
vn 0.0954 0.9296 -0.3560
vn 0.0645 -0.9684 -0.2407
vn 0.2406 0.3679 -0.8982
vn 0.2342 -0.4256 -0.8741
vn 0.0801 0.9509 -0.2989
vn 0.0801 -0.9509 -0.2989
vn 0.2342 0.4256 -0.8741
vn 0.3084 0.0627 -0.9492
vn 0.3090 0.0000 -0.9510
vn 0.0580 0.9822 -0.1787
vn 0.0770 0.9684 -0.2370
vn 0.2253 -0.6843 -0.6935
vn 0.2116 -0.7287 -0.6513
vn 0.3066 0.1252 -0.9435
vn 0.0389 0.9920 -0.1197
vn 0.2382 -0.6371 -0.7330
vn -0.0317 0.9969 -0.0712
vn 0.3035 0.1873 -0.9342
vn 0.2500 -0.5875 -0.7696
vn 0.0389 -0.9920 -0.1197
vn 0.0329 -0.9943 -0.1014
vn 0.2993 0.2485 -0.9212
vn -0.0248 -0.9928 -0.1169
vn 0.2609 -0.5356 -0.8031
vn 0.0580 -0.9822 -0.1787
vn 0.2939 0.3088 -0.9045
vn 0.2708 -0.4815 -0.8335
vn 0.0770 -0.9684 -0.2370
vn 0.2873 0.3679 -0.8843
vn 0.2796 -0.4256 -0.8606
vn 0.1971 0.7702 -0.6065
vn 0.2116 0.7287 -0.6513
vn 0.0956 -0.9509 -0.2943
vn 0.2796 0.4256 -0.8606
vn 0.2873 -0.3679 -0.8843
vn 0.1817 0.8087 -0.5593
vn 0.1139 -0.9296 -0.3505
vn 0.2708 0.4815 -0.8335
vn 0.2939 -0.3088 -0.9045
vn 0.1657 0.8441 -0.5099
vn 0.1317 -0.9046 -0.4053
vn 0.2609 0.5356 -0.8031
vn 0.2993 -0.2485 -0.9212
vn 0.1490 0.8761 -0.4585
vn 0.1490 -0.8761 -0.4585
vn 0.2500 0.5875 -0.7696
vn 0.3035 -0.1873 -0.9342
vn 0.1317 0.9046 -0.4053
vn 0.1657 -0.8441 -0.5099
vn 0.2382 0.6372 -0.7330
vn 0.3066 -0.1252 -0.9435
vn 0.1139 0.9296 -0.3505
vn 0.1817 -0.8087 -0.5593
vn 0.2253 0.6843 -0.6935
vn 0.3084 -0.0627 -0.9492
vn 0.0956 0.9509 -0.2943
vn 0.1971 -0.7703 -0.6065
vn 0.3576 0.0627 -0.9317
vn 0.3583 0.0000 -0.9336
vn 0.2613 -0.6843 -0.6808
vn 0.2454 -0.7287 -0.6393
vn 0.2108 0.8087 -0.5491
vn 0.2285 0.7702 -0.5954
vn 0.3555 0.1252 -0.9262
vn 0.2762 -0.6371 -0.7195
vn 0.1921 0.8441 -0.5006
vn 0.3520 0.1873 -0.9171
vn 0.2900 -0.5875 -0.7554
vn 0.1728 0.8761 -0.4501
vn 0.0451 -0.9920 -0.1175
vn 0.0382 -0.9943 -0.0995
vn 0.3471 0.2485 -0.9043
vn 0.3026 -0.5356 -0.7884
vn 0.1527 0.9046 -0.3979
vn 0.0673 -0.9822 -0.1754
vn 0.3408 0.3088 -0.8879
vn 0.3141 -0.4815 -0.8182
vn 0.1321 0.9296 -0.3441
vn 0.0893 -0.9684 -0.2326
vn 0.3332 0.3679 -0.8681
vn 0.3243 -0.4256 -0.8448
vn 0.1109 0.9509 -0.2889
vn 0.1109 -0.9509 -0.2889
vn 0.3243 0.4256 -0.8448
vn 0.3332 -0.3679 -0.8681
vn 0.0893 0.9684 -0.2326
vn 0.1321 -0.9296 -0.3441
vn 0.3141 0.4815 -0.8182
vn 0.3408 -0.3088 -0.8879
vn 0.0673 0.9822 -0.1754
vn 0.1527 -0.9046 -0.3979
vn 0.3026 0.5356 -0.7884
vn 0.3471 -0.2485 -0.9043
vn 0.0451 0.9920 -0.1175
vn 0.1728 -0.8761 -0.4501
vn 0.2900 0.5875 -0.7554
vn 0.3520 -0.1873 -0.9171
vn 0.1921 -0.8441 -0.5006
vn 0.2762 0.6372 -0.7195
vn 0.3555 -0.1252 -0.9262
vn -0.1002 -0.9928 -0.0651
vn 0.2108 -0.8087 -0.5491
vn 0.2613 0.6843 -0.6808
vn 0.3576 -0.0627 -0.9317
vn 0.2285 -0.7703 -0.5954
vn 0.2454 0.7287 -0.6393
vn 0.3782 -0.3679 -0.8495
vn 0.3681 -0.4256 -0.8267
vn 0.1013 0.9684 -0.2276
vn 0.1259 0.9509 -0.2827
vn 0.1499 -0.9296 -0.3367
vn 0.1259 -0.9509 -0.2827
vn 0.3565 0.4815 -0.8007
vn 0.3681 0.4256 -0.8267
vn 0.3868 -0.3088 -0.8689
vn 0.0764 0.9822 -0.1716
vn 0.1733 -0.9046 -0.3894
vn 0.3435 0.5356 -0.7714
vn 0.3940 -0.2485 -0.8849
vn 0.0512 0.9920 -0.1150
vn 0.1961 -0.8761 -0.4404
vn 0.3291 0.5875 -0.7392
vn 0.3995 -0.1873 -0.8974
vn 0.2181 -0.8441 -0.4898
vn 0.3135 0.6372 -0.7041
vn 0.4035 -0.1252 -0.9063
vn 0.2392 -0.8087 -0.5373
vn 0.2966 0.6843 -0.6662
vn 0.4059 -0.0627 -0.9117
vn 0.2594 -0.7703 -0.5826
vn 0.2785 0.7287 -0.6256
vn 0.4067 0.0000 -0.9135
vn 0.2785 -0.7287 -0.6256
vn 0.2594 0.7702 -0.5826
vn 0.4059 0.0627 -0.9117
vn 0.2966 -0.6843 -0.6662
vn 0.2392 0.8087 -0.5373
vn 0.4035 0.1252 -0.9063
vn 0.3135 -0.6371 -0.7041
vn 0.2181 0.8441 -0.4898
vn 0.0391 0.9963 0.0768
vn 0.0354 0.9969 0.0695
vn 0.0317 0.9969 0.0712
vn 0.0350 0.9963 0.0787
vn 0.3995 0.1873 -0.8974
vn 0.3291 -0.5875 -0.7392
vn 0.1961 0.8761 -0.4404
vn 0.0512 -0.9920 -0.1150
vn 0.3940 0.2485 -0.8849
vn 0.3435 -0.5356 -0.7714
vn 0.1733 0.9046 -0.3894
vn 0.0764 -0.9822 -0.1716
vn 0.3868 0.3088 -0.8689
vn 0.3565 -0.4815 -0.8007
vn 0.1499 0.9296 -0.3367
vn 0.1013 -0.9684 -0.2276
vn 0.3782 0.3679 -0.8495
vn 0.4540 0.0000 -0.8910
vn 0.4531 -0.0627 -0.8892
vn 0.3109 -0.7287 -0.6102
vn 0.2895 -0.7703 -0.5682
vn 0.2895 0.7703 -0.5682
vn 0.3109 0.7287 -0.6102
vn 0.4531 0.0627 -0.8892
vn 0.3310 -0.6843 -0.6497
vn 0.2670 0.8087 -0.5240
vn 0.4504 0.1252 -0.8840
vn 0.3499 -0.6371 -0.6867
vn 0.2434 0.8441 -0.4777
vn 0.0861 0.9963 0.0045
vn 0.0779 0.9969 0.0041
vn 0.4459 0.1873 -0.8752
vn 0.3674 -0.5875 -0.7210
vn 0.2189 0.8761 -0.4296
vn 0.0571 -0.9920 -0.1121
vn 0.4397 0.2485 -0.8630
vn 0.3834 -0.5356 -0.7524
vn 0.1935 0.9046 -0.3797
vn 0.0853 -0.9822 -0.1674
vn 0.4318 0.3088 -0.8474
vn 0.3979 -0.4815 -0.7809
vn 0.1673 0.9296 -0.3284
vn 0.1131 -0.9684 -0.2220
vn 0.4221 0.3679 -0.8285
vn 0.4108 -0.4256 -0.8063
vn 0.1405 0.9509 -0.2757
vn 0.1405 -0.9509 -0.2757
vn 0.4108 0.4256 -0.8063
vn 0.4221 -0.3679 -0.8285
vn 0.1131 0.9684 -0.2220
vn 0.1673 -0.9296 -0.3284
vn 0.3979 0.4815 -0.7809
vn 0.4318 -0.3088 -0.8474
vn 0.0853 0.9822 -0.1674
vn 0.1935 -0.9046 -0.3797
vn 0.3834 0.5356 -0.7524
vn 0.4397 -0.2485 -0.8630
vn 0.0571 0.9920 -0.1121
vn 0.2189 -0.8761 -0.4296
vn 0.3674 0.5875 -0.7210
vn 0.4459 -0.1873 -0.8752
vn 0.2434 -0.8441 -0.4777
vn 0.3499 0.6372 -0.6867
vn 0.4504 -0.1252 -0.8840
vn 0.2670 -0.8087 -0.5240
vn 0.3310 0.6843 -0.6497
vn 0.4524 -0.4256 -0.7837
vn 0.4382 -0.4815 -0.7590
vn 0.1547 0.9509 -0.2680
vn 0.1843 0.9296 -0.3192
vn 0.1547 -0.9509 -0.2680
vn 0.1246 -0.9684 -0.2158
vn 0.4524 0.4256 -0.7837
vn 0.4649 0.3679 -0.8053
vn 0.4649 -0.3679 -0.8053
vn 0.1246 0.9684 -0.2158
vn 0.1843 -0.9296 -0.3192
vn 0.4382 0.4815 -0.7590
vn 0.4755 -0.3088 -0.8237
vn 0.0939 0.9822 -0.1627
vn 0.2131 -0.9046 -0.3691
vn 0.4222 0.5356 -0.7313
vn 0.4843 -0.2485 -0.8388
vn 0.0629 0.9920 -0.1090
vn 0.2411 -0.8761 -0.4176
vn 0.4046 0.5875 -0.7008
vn 0.4911 -0.1873 -0.8507
vn 0.2681 -0.8441 -0.4643
vn 0.3854 0.6372 -0.6674
vn 0.4960 -0.1252 -0.8592
vn 0.2940 -0.8087 -0.5093
vn 0.3646 0.6843 -0.6315
vn 0.4990 -0.0627 -0.8643
vn 0.3189 -0.7703 -0.5523
vn 0.3424 0.7287 -0.5931
vn 0.5000 0.0000 -0.8660
vn 0.3424 -0.7287 -0.5931
vn 0.3189 0.7703 -0.5523
vn 0.4990 0.0627 -0.8643
vn 0.3646 -0.6843 -0.6315
vn 0.2940 0.8087 -0.5093
vn 0.4960 0.1252 -0.8592
vn 0.3854 -0.6371 -0.6674
vn 0.2681 0.8441 -0.4643
vn -0.0779 0.9969 -0.0041
vn 0.4911 0.1873 -0.8507
vn 0.4046 -0.5875 -0.7008
vn 0.2411 0.8761 -0.4176
vn 0.0629 -0.9920 -0.1090
vn 0.4843 0.2485 -0.8388
vn 0.4222 -0.5356 -0.7313
vn 0.2131 0.9046 -0.3691
vn 0.0939 -0.9822 -0.1627
vn 0.4755 0.3088 -0.8237
vn 0.5436 -0.0627 -0.8370
vn 0.5403 -0.1252 -0.8321
vn 0.3473 -0.7703 -0.5348
vn 0.3203 -0.8087 -0.4932
vn 0.3730 0.7287 -0.5743
vn 0.3971 0.6843 -0.6116
vn 0.5446 0.0000 -0.8386
vn 0.3730 -0.7287 -0.5743
vn 0.3473 0.7703 -0.5348
vn 0.5436 0.0627 -0.8370
vn 0.3971 -0.6843 -0.6116
vn 0.3203 0.8087 -0.4932
vn 0.5403 0.1252 -0.8321
vn 0.4198 -0.6371 -0.6464
vn 0.2920 0.8441 -0.4497
vn 0.5350 0.1873 -0.8238
vn 0.4407 -0.5875 -0.6786
vn 0.2626 0.8761 -0.4043
vn 0.0685 -0.9920 -0.1055
vn 0.5275 0.2485 -0.8123
vn 0.4599 -0.5356 -0.7082
vn 0.2321 0.9046 -0.3574
vn 0.1023 -0.9822 -0.1576
vn 0.5180 0.3088 -0.7977
vn 0.4773 -0.4815 -0.7350
vn 0.2007 0.9296 -0.3091
vn 0.1357 -0.9684 -0.2090
vn 0.5064 0.3679 -0.7798
vn 0.4928 -0.4256 -0.7589
vn 0.1686 0.9509 -0.2596
vn 0.1686 -0.9509 -0.2596
vn 0.4928 0.4256 -0.7589
vn 0.5064 -0.3679 -0.7798
vn 0.1357 0.9684 -0.2090
vn 0.2007 -0.9296 -0.3091
vn 0.4773 0.4815 -0.7350
vn 0.5180 -0.3088 -0.7977
vn 0.1023 0.9822 -0.1576
vn 0.2321 -0.9046 -0.3574
vn 0.4599 0.5356 -0.7082
vn 0.5275 -0.2485 -0.8123
vn 0.0685 0.9920 -0.1055
vn 0.2626 -0.8761 -0.4043
vn 0.4407 0.5875 -0.6786
vn 0.5350 -0.1873 -0.8238
vn 0.2920 -0.8441 -0.4497
vn 0.4198 0.6372 -0.6464
vn 0.1195 -0.9928 0.0000
vn 0.1066 -0.9943 0.0000
vn 0.5152 -0.4815 -0.7090
vn 0.4964 -0.5356 -0.6832
vn 0.2166 0.9296 -0.2982
vn 0.2505 0.9046 -0.3448
vn 0.1465 -0.9684 -0.2016
vn 0.1104 -0.9822 -0.1520
vn 0.5465 0.3679 -0.7523
vn 0.5590 0.3088 -0.7694
vn 0.5319 -0.4256 -0.7321
vn 0.1819 0.9509 -0.2504
vn 0.1819 -0.9509 -0.2504
vn 0.5319 0.4256 -0.7321
vn 0.5465 -0.3679 -0.7523
vn 0.1465 0.9684 -0.2016
vn 0.2166 -0.9296 -0.2982
vn 0.5152 0.4815 -0.7090
vn 0.5590 -0.3088 -0.7694
vn 0.1104 0.9822 -0.1520
vn 0.2505 -0.9046 -0.3448
vn 0.4964 0.5356 -0.6832
vn 0.5693 -0.2485 -0.7836
vn 0.0739 0.9920 -0.1018
vn 0.2834 -0.8761 -0.3901
vn 0.4756 0.5875 -0.6547
vn 0.5774 -0.1873 -0.7947
vn 0.3152 -0.8441 -0.4338
vn 0.4530 0.6372 -0.6235
vn 0.5831 -0.1252 -0.8026
vn 0.3457 -0.8087 -0.4758
vn 0.4286 0.6843 -0.5899
vn 0.5866 -0.0627 -0.8074
vn 0.3748 -0.7703 -0.5159
vn 0.4025 0.7287 -0.5540
vn 0.5878 0.0000 -0.8090
vn 0.4025 -0.7287 -0.5540
vn 0.3748 0.7703 -0.5159
vn 0.5866 0.0627 -0.8074
vn 0.4286 -0.6843 -0.5899
vn 0.3457 0.8087 -0.4758
vn 0.5831 0.1252 -0.8026
vn 0.4530 -0.6371 -0.6235
vn 0.3152 0.8441 -0.4338
vn 0.5774 0.1873 -0.7947
vn 0.4756 -0.5875 -0.6547
vn 0.2834 0.8761 -0.3901
vn 0.0739 -0.9920 -0.1018
vn 0.5693 0.2485 -0.7836
vn 0.6243 -0.1252 -0.7710
vn 0.6182 -0.1873 -0.7634
vn 0.3701 -0.8087 -0.4570
vn 0.3374 -0.8441 -0.4167
vn 0.4589 0.6843 -0.5667
vn 0.4850 0.6372 -0.5990
vn 0.6281 -0.0627 -0.7756
vn 0.4013 -0.7703 -0.4956
vn 0.4310 0.7287 -0.5322
vn 0.6293 0.0000 -0.7771
vn 0.4310 -0.7287 -0.5322
vn 0.4013 0.7703 -0.4956
vn 0.6281 0.0627 -0.7756
vn 0.4589 -0.6843 -0.5667
vn 0.3701 0.8087 -0.4570
vn 0.6243 0.1252 -0.7710
vn 0.4850 -0.6371 -0.5990
vn 0.3374 0.8441 -0.4167
vn 0.6182 0.1873 -0.7634
vn 0.5092 -0.5875 -0.6289
vn 0.3034 0.8761 -0.3747
vn 0.0792 -0.9920 -0.0978
vn 0.6095 0.2485 -0.7527
vn 0.5314 -0.5356 -0.6563
vn 0.2682 0.9046 -0.3312
vn 0.1182 -0.9822 -0.1460
vn 0.5985 0.3088 -0.7391
vn 0.5515 -0.4815 -0.6811
vn 0.2319 0.9296 -0.2864
vn 0.1568 -0.9684 -0.1936
vn 0.5852 0.3679 -0.7226
vn 0.5695 -0.4256 -0.7032
vn 0.1947 0.9509 -0.2405
vn 0.1948 -0.9509 -0.2405
vn 0.5695 0.4256 -0.7032
vn 0.5852 -0.3679 -0.7226
vn 0.1568 0.9684 -0.1936
vn 0.2319 -0.9296 -0.2864
vn 0.5515 0.4815 -0.6811
vn 0.5985 -0.3088 -0.7391
vn 0.1182 0.9822 -0.1460
vn 0.2682 -0.9046 -0.3312
vn 0.5314 0.5356 -0.6563
vn 0.6095 -0.2485 -0.7527
vn 0.0792 0.9920 -0.0978
vn 0.3034 -0.8761 -0.3747
vn 0.5092 0.5875 -0.6289
vn 0.5651 -0.5356 -0.6276
vn 0.5415 -0.5875 -0.6013
vn 0.2852 0.9046 -0.3167
vn 0.3226 0.8761 -0.3583
vn 0.1257 -0.9822 -0.1396
vn 0.0842 -0.9920 -0.0935
vn 0.6364 0.3088 -0.7068
vn 0.6481 0.2485 -0.7198
vn 0.5864 -0.4815 -0.6513
vn 0.2466 0.9296 -0.2739
vn 0.1667 -0.9684 -0.1852
vn 0.6222 0.3679 -0.6910
vn 0.6055 -0.4256 -0.6725
vn 0.2071 0.9509 -0.2300
vn 0.2071 -0.9509 -0.2300
vn 0.6055 0.4256 -0.6725
vn 0.6222 -0.3679 -0.6910
vn 0.1667 0.9684 -0.1852
vn 0.2466 -0.9296 -0.2739
vn 0.5864 0.4815 -0.6513
vn 0.6364 -0.3088 -0.7068
vn 0.1257 0.9822 -0.1396
vn 0.2852 -0.9046 -0.3167
vn 0.5651 0.5356 -0.6276
vn 0.6481 -0.2485 -0.7198
vn 0.0842 0.9920 -0.0935
vn 0.3226 -0.8761 -0.3583
vn 0.5415 0.5875 -0.6013
vn 0.6573 -0.1873 -0.7300
vn 0.3588 -0.8441 -0.3984
vn 0.5157 0.6372 -0.5727
vn 0.6638 -0.1252 -0.7373
vn 0.0974 -0.9943 0.0433
vn 0.1092 -0.9928 0.0486
vn 0.3935 -0.8087 -0.4371
vn 0.4879 0.6843 -0.5419
vn 0.6678 -0.0627 -0.7417
vn 0.4267 -0.7702 -0.4739
vn 0.4582 0.7287 -0.5089
vn 0.6691 0.0000 -0.7431
vn 0.4582 -0.7287 -0.5089
vn 0.4267 0.7702 -0.4739
vn 0.6678 0.0627 -0.7417
vn 0.4879 -0.6843 -0.5419
vn 0.3935 0.8087 -0.4371
vn 0.6638 0.1252 -0.7373
vn 0.5157 -0.6371 -0.5727
vn 0.3588 0.8441 -0.3984
vn -0.0081 0.9969 0.0775
vn 0.6573 0.1873 -0.7300
vn 0.6946 -0.1873 -0.6946
vn 0.6849 -0.2485 -0.6849
vn 0.0890 0.9920 -0.0890
vn 0.3791 -0.8441 -0.3791
vn 0.3409 -0.8761 -0.3409
vn 0.5450 0.6372 -0.5450
vn 0.5722 0.5875 -0.5722
vn 0.7015 -0.1252 -0.7015
vn -0.0486 -0.9928 0.1092
vn 0.4158 -0.8087 -0.4158
vn 0.5156 0.6843 -0.5156
vn 0.7057 -0.0627 -0.7057
vn 0.4509 -0.7702 -0.4509
vn 0.4842 0.7287 -0.4842
vn 0.7071 0.0000 -0.7071
vn 0.4842 -0.7287 -0.4842
vn 0.4509 0.7702 -0.4509
vn 0.7057 0.0627 -0.7057
vn 0.5156 -0.6843 -0.5156
vn 0.4158 0.8087 -0.4158
vn 0.7015 0.1252 -0.7015
vn 0.5450 -0.6371 -0.5450
vn 0.3791 0.8441 -0.3791
vn 0.6946 0.1873 -0.6946
vn 0.5722 -0.5875 -0.5722
vn 0.3409 0.8761 -0.3409
vn 0.0890 -0.9920 -0.0890
vn 0.6849 0.2485 -0.6849
vn 0.5971 -0.5356 -0.5971
vn 0.3014 0.9046 -0.3014
vn 0.1328 -0.9822 -0.1328
vn 0.6725 0.3088 -0.6725
vn 0.6197 -0.4815 -0.6197
vn 0.2606 0.9296 -0.2606
vn 0.1762 -0.9684 -0.1762
vn 0.6575 0.3679 -0.6575
vn 0.6399 -0.4256 -0.6399
vn 0.2188 0.9509 -0.2188
vn 0.2188 -0.9509 -0.2188
vn 0.6399 0.4256 -0.6399
vn 0.6575 -0.3679 -0.6575
vn 0.1762 0.9684 -0.1762
vn 0.2606 -0.9296 -0.2606
vn 0.6197 0.4815 -0.6197
vn 0.6725 -0.3088 -0.6725
vn 0.1328 0.9822 -0.1328
vn 0.3014 -0.9046 -0.3014
vn 0.5971 0.5356 -0.5971
vn 0.6013 -0.5875 -0.5414
vn 0.5727 -0.6371 -0.5157
vn 0.3583 0.8761 -0.3226
vn 0.3984 0.8441 -0.3588
vn 0.0935 -0.9920 -0.0842
vn 0.7198 0.2485 -0.6481
vn 0.7300 0.1873 -0.6573
vn 0.6276 -0.5356 -0.5651
vn 0.3167 0.9046 -0.2852
vn 0.1396 -0.9822 -0.1257
vn 0.7068 0.3088 -0.6364
vn 0.6513 -0.4815 -0.5864
vn 0.2739 0.9296 -0.2466
vn 0.1852 -0.9684 -0.1667
vn 0.6910 0.3679 -0.6222
vn 0.6725 -0.4256 -0.6055
vn 0.2300 0.9509 -0.2071
vn 0.2300 -0.9509 -0.2071
vn 0.6725 0.4256 -0.6055
vn 0.6910 -0.3679 -0.6222
vn 0.1852 0.9684 -0.1667
vn 0.2739 -0.9296 -0.2466
vn 0.6513 0.4815 -0.5864
vn 0.7068 -0.3088 -0.6364
vn 0.1396 0.9822 -0.1257
vn 0.3167 -0.9046 -0.2852
vn 0.6276 0.5356 -0.5651
vn 0.7198 -0.2485 -0.6481
vn 0.0935 0.9920 -0.0842
vn 0.3583 -0.8761 -0.3226
vn 0.6013 0.5875 -0.5414
vn 0.7300 -0.1873 -0.6573
vn 0.3984 -0.8441 -0.3588
vn 0.5727 0.6372 -0.5157
vn 0.7373 -0.1252 -0.6638
vn 0.4371 -0.8087 -0.3935
vn 0.5419 0.6843 -0.4879
vn 0.7417 -0.0627 -0.6678
vn 0.4739 -0.7703 -0.4267
vn 0.5089 0.7287 -0.4582
vn 0.7431 0.0000 -0.6691
vn 0.5089 -0.7287 -0.4582
vn 0.4739 0.7702 -0.4267
vn 0.7417 0.0627 -0.6678
vn 0.5419 -0.6843 -0.4879
vn 0.4371 0.8087 -0.3935
vn 0.7373 0.1252 -0.6638
vn 0.7527 -0.2485 -0.6095
vn 0.7391 -0.3088 -0.5985
vn 0.0978 0.9920 -0.0792
vn 0.1460 0.9822 -0.1182
vn 0.3747 -0.8761 -0.3034
vn 0.3312 -0.9046 -0.2682
vn 0.6289 0.5875 -0.5092
vn 0.6563 0.5356 -0.5314
vn 0.7634 -0.1873 -0.6182
vn 0.4167 -0.8441 -0.3374
vn 0.5990 0.6372 -0.4850
vn 0.7710 -0.1252 -0.6243
vn 0.4570 -0.8087 -0.3701
vn 0.5667 0.6843 -0.4589
vn 0.7756 -0.0627 -0.6281
vn 0.4956 -0.7702 -0.4013
vn 0.5322 0.7287 -0.4310
vn 0.7771 0.0000 -0.6293
vn 0.5322 -0.7287 -0.4310
vn 0.4956 0.7702 -0.4013
vn 0.7756 0.0627 -0.6281
vn 0.5667 -0.6843 -0.4589
vn 0.4570 0.8087 -0.3701
vn 0.7710 0.1252 -0.6243
vn 0.5990 -0.6371 -0.4850
vn 0.4167 0.8441 -0.3374
vn 0.7634 0.1873 -0.6182
vn 0.6289 -0.5875 -0.5092
vn 0.3747 0.8761 -0.3034
vn 0.0978 -0.9920 -0.0792
vn 0.7527 0.2485 -0.6095
vn 0.6563 -0.5356 -0.5314
vn 0.3312 0.9046 -0.2682
vn 0.1460 -0.9822 -0.1182
vn 0.7391 0.3088 -0.5985
vn 0.6811 -0.4815 -0.5515
vn 0.2864 0.9296 -0.2319
vn 0.1936 -0.9684 -0.1568
vn 0.7226 0.3679 -0.5852
vn 0.7032 -0.4256 -0.5695
vn 0.2405 0.9509 -0.1947
vn 0.2405 -0.9509 -0.1947
vn 0.7032 0.4256 -0.5695
vn 0.7226 -0.3679 -0.5852
vn 0.1936 0.9684 -0.1568
vn 0.2864 -0.9296 -0.2319
vn 0.6811 0.4815 -0.5515
vn 0.6235 -0.6371 -0.4530
vn 0.5899 -0.6843 -0.4286
vn 0.4338 0.8441 -0.3152
vn 0.4758 0.8087 -0.3457
vn 0.7947 0.1873 -0.5774
vn 0.8026 0.1252 -0.5831
vn 0.6547 -0.5875 -0.4756
vn 0.3901 0.8761 -0.2834
vn 0.1018 -0.9920 -0.0739
vn 0.7836 0.2485 -0.5693
vn 0.6832 -0.5356 -0.4964
vn 0.3448 0.9046 -0.2505
vn 0.1520 -0.9822 -0.1104
vn 0.7694 0.3088 -0.5590
vn 0.7090 -0.4815 -0.5151
vn 0.2982 0.9296 -0.2166
vn 0.2016 -0.9684 -0.1465
vn 0.7523 0.3679 -0.5465
vn 0.7321 -0.4256 -0.5319
vn 0.2504 0.9509 -0.1819
vn 0.2504 -0.9509 -0.1819
vn 0.7321 0.4256 -0.5319
vn 0.7523 -0.3679 -0.5465
vn 0.2016 0.9684 -0.1465
vn 0.2982 -0.9296 -0.2166
vn 0.7090 0.4815 -0.5151
vn 0.7694 -0.3088 -0.5590
vn 0.1520 0.9822 -0.1104
vn 0.3448 -0.9046 -0.2505
vn 0.6832 0.5356 -0.4964
vn 0.7836 -0.2485 -0.5693
vn 0.1018 0.9920 -0.0739
vn 0.3901 -0.8761 -0.2834
vn 0.6547 0.5875 -0.4756
vn 0.7947 -0.1873 -0.5774
vn 0.4338 -0.8441 -0.3152
vn 0.6235 0.6372 -0.4530
vn 0.8026 -0.1252 -0.5831
vn 0.4758 -0.8087 -0.3457
vn 0.5899 0.6843 -0.4286
vn 0.8074 -0.0627 -0.5866
vn 0.5159 -0.7703 -0.3748
vn 0.5540 0.7287 -0.4025
vn 0.8090 0.0000 -0.5878
vn 0.5540 -0.7287 -0.4025
vn 0.5159 0.7702 -0.3748
vn 0.8074 0.0627 -0.5866
vn 0.7977 -0.3088 -0.5180
vn 0.7798 -0.3679 -0.5064
vn 0.1576 0.9822 -0.1023
vn 0.2090 0.9684 -0.1357
vn 0.3574 -0.9046 -0.2321
vn 0.3091 -0.9296 -0.2007
vn 0.7082 0.5356 -0.4599
vn 0.7350 0.4815 -0.4773
vn 0.8123 -0.2485 -0.5275
vn 0.1055 0.9920 -0.0685
vn 0.4043 -0.8761 -0.2626
vn 0.6786 0.5875 -0.4407
vn 0.8238 -0.1873 -0.5350
vn 0.4497 -0.8441 -0.2920
vn 0.6464 0.6372 -0.4198
vn 0.8321 -0.1252 -0.5403
vn 0.0369 -0.9928 -0.1137
vn 0.4932 -0.8087 -0.3203
vn 0.6116 0.6843 -0.3971
vn 0.8370 -0.0627 -0.5435
vn 0.5348 -0.7703 -0.3473
vn 0.5743 0.7287 -0.3730
vn 0.8386 0.0000 -0.5446
vn 0.5743 -0.7287 -0.3730
vn 0.5348 0.7702 -0.3473
vn 0.8370 0.0627 -0.5436
vn 0.6116 -0.6843 -0.3971
vn 0.4932 0.8087 -0.3203
vn 0.8321 0.1252 -0.5403
vn 0.6464 -0.6371 -0.4198
vn 0.4497 0.8441 -0.2920
vn 0.0309 0.9963 0.0804
vn 0.0279 0.9969 0.0728
vn 0.8238 0.1873 -0.5350
vn 0.6786 -0.5875 -0.4407
vn 0.4043 0.8761 -0.2626
vn 0.1055 -0.9920 -0.0685
vn 0.8123 0.2485 -0.5275
vn 0.7082 -0.5356 -0.4599
vn 0.3574 0.9046 -0.2321
vn 0.1576 -0.9822 -0.1023
vn 0.7977 0.3088 -0.5180
vn 0.7350 -0.4815 -0.4773
vn 0.3091 0.9296 -0.2007
vn 0.2090 -0.9684 -0.1357
vn 0.7798 0.3679 -0.5064
vn 0.7589 -0.4256 -0.4928
vn 0.2596 0.9509 -0.1686
vn 0.2596 -0.9509 -0.1686
vn 0.7589 0.4256 -0.4928
vn 0.6315 -0.6843 -0.3646
vn 0.5931 -0.7287 -0.3424
vn 0.5093 0.8087 -0.2940
vn 0.5523 0.7702 -0.3189
vn 0.8592 0.1252 -0.4960
vn 0.8643 0.0627 -0.4990
vn 0.6674 -0.6371 -0.3854
vn 0.4643 0.8441 -0.2681
vn 0.8507 0.1873 -0.4911
vn 0.7008 -0.5875 -0.4046
vn 0.4176 0.8761 -0.2411
vn 0.1090 -0.9920 -0.0629
vn 0.8388 0.2485 -0.4843
vn 0.7313 -0.5356 -0.4222
vn 0.3691 0.9046 -0.2131
vn 0.1627 -0.9822 -0.0939
vn 0.8237 0.3088 -0.4755
vn 0.7590 -0.4815 -0.4382
vn 0.3192 0.9296 -0.1843
vn 0.2158 -0.9684 -0.1246
vn 0.8053 0.3679 -0.4649
vn 0.7837 -0.4256 -0.4524
vn 0.2680 0.9509 -0.1547
vn 0.2680 -0.9509 -0.1547
vn 0.7837 0.4256 -0.4524
vn 0.8053 -0.3679 -0.4649
vn 0.2158 0.9684 -0.1246
vn 0.3192 -0.9296 -0.1843
vn 0.7590 0.4815 -0.4382
vn 0.8237 -0.3088 -0.4755
vn 0.1627 0.9822 -0.0939
vn 0.3691 -0.9046 -0.2131
vn 0.7313 0.5356 -0.4222
vn 0.8388 -0.2485 -0.4843
vn 0.1090 0.9920 -0.0629
vn 0.4176 -0.8761 -0.2411
vn 0.7008 0.5875 -0.4046
vn 0.8507 -0.1873 -0.4911
vn 0.4643 -0.8441 -0.2681
vn 0.6674 0.6372 -0.3854
vn 0.8592 -0.1252 -0.4960
vn 0.5093 -0.8087 -0.2940
vn 0.6315 0.6843 -0.3646
vn 0.8643 -0.0627 -0.4990
vn 0.5523 -0.7702 -0.3189
vn 0.5931 0.7287 -0.3424
vn 0.8660 0.0000 -0.5000
vn 0.8285 -0.3679 -0.4221
vn 0.8063 -0.4256 -0.4108
vn 0.2220 0.9684 -0.1131
vn 0.2757 0.9509 -0.1405
vn 0.3284 -0.9296 -0.1673
vn 0.2757 -0.9509 -0.1405
vn 0.7809 0.4815 -0.3979
vn 0.8063 0.4256 -0.4108
vn 0.8474 -0.3088 -0.4318
vn 0.1674 0.9822 -0.0853
vn 0.3797 -0.9046 -0.1935
vn 0.7524 0.5356 -0.3834
vn 0.8630 -0.2485 -0.4397
vn 0.1121 0.9920 -0.0571
vn 0.4296 -0.8761 -0.2189
vn 0.7210 0.5875 -0.3674
vn 0.8752 -0.1873 -0.4459
vn 0.4777 -0.8441 -0.2434
vn 0.6867 0.6372 -0.3499
vn 0.8840 -0.1252 -0.4504
vn 0.0309 -0.9928 0.1154
vn 0.0276 -0.9943 0.1030
vn 0.5240 -0.8087 -0.2670
vn 0.6497 0.6843 -0.3310
vn 0.8892 -0.0627 -0.4531
vn 0.5682 -0.7702 -0.2895
vn 0.6102 0.7287 -0.3109
vn 0.8910 0.0000 -0.4540
vn 0.6102 -0.7287 -0.3109
vn 0.5682 0.7702 -0.2895
vn 0.8892 0.0627 -0.4531
vn 0.6497 -0.6843 -0.3310
vn 0.5240 0.8087 -0.2670
vn 0.8840 0.1252 -0.4504
vn 0.6867 -0.6371 -0.3499
vn 0.4777 0.8441 -0.2434
vn 0.8752 0.1873 -0.4459
vn 0.7210 -0.5875 -0.3674
vn 0.4296 0.8761 -0.2189
vn 0.1121 -0.9920 -0.0571
vn 0.8630 0.2485 -0.4397
vn 0.7524 -0.5356 -0.3834
vn 0.3797 0.9046 -0.1935
vn 0.1674 -0.9822 -0.0853
vn 0.8474 0.3088 -0.4318
vn 0.7809 -0.4815 -0.3979
vn 0.3284 0.9296 -0.1673
vn 0.2220 -0.9684 -0.1131
vn 0.8285 0.3679 -0.4221
vn 0.6256 -0.7287 -0.2785
vn 0.5826 -0.7702 -0.2594
vn 0.5826 0.7702 -0.2594
vn 0.6256 0.7287 -0.2785
vn 0.9117 0.0627 -0.4059
vn 0.9135 0.0000 -0.4067
vn 0.6662 -0.6843 -0.2966
vn 0.5373 0.8087 -0.2392
vn 0.9063 0.1252 -0.4035
vn 0.7041 -0.6371 -0.3135
vn 0.4898 0.8441 -0.2181
vn 0.8974 0.1873 -0.3995
vn 0.7392 -0.5875 -0.3291
vn 0.4404 0.8761 -0.1961
vn 0.1150 -0.9920 -0.0512
vn 0.8849 0.2485 -0.3940
vn 0.7714 -0.5356 -0.3435
vn 0.3894 0.9046 -0.1733
vn 0.1716 -0.9822 -0.0764
vn 0.8689 0.3088 -0.3868
vn 0.8007 -0.4815 -0.3565
vn 0.3367 0.9296 -0.1499
vn 0.2276 -0.9684 -0.1014
vn 0.8495 0.3679 -0.3782
vn 0.8267 -0.4256 -0.3681
vn 0.2827 0.9509 -0.1259
vn 0.2827 -0.9509 -0.1259
vn 0.8267 0.4256 -0.3681
vn 0.8495 -0.3679 -0.3782
vn 0.2276 0.9684 -0.1013
vn 0.3367 -0.9296 -0.1499
vn 0.8007 0.4815 -0.3565
vn 0.8689 -0.3088 -0.3868
vn 0.1716 0.9822 -0.0764
vn 0.3894 -0.9046 -0.1733
vn 0.7714 0.5356 -0.3435
vn 0.8849 -0.2485 -0.3940
vn 0.1150 0.9920 -0.0512
vn 0.4404 -0.8761 -0.1961
vn 0.7392 0.5875 -0.3291
vn 0.8974 -0.1873 -0.3995
vn 0.4898 -0.8441 -0.2181
vn 0.7041 0.6372 -0.3135
vn 0.9063 -0.1252 -0.4035
vn 0.5373 -0.8087 -0.2392
vn 0.6662 0.6843 -0.2966
vn 0.9117 -0.0627 -0.4059
vn 0.9317 -0.0627 -0.3576
vn 0.9262 -0.1252 -0.3555
vn 0.5954 -0.7702 -0.2285
vn 0.5491 -0.8087 -0.2108
vn 0.6393 0.7287 -0.2454
vn 0.6808 0.6843 -0.2613
vn 0.9336 0.0000 -0.3583
vn 0.6393 -0.7287 -0.2454
vn 0.5954 0.7702 -0.2285
vn 0.9317 0.0627 -0.3576
vn 0.6808 -0.6843 -0.2613
vn 0.5491 0.8087 -0.2108
vn 0.9262 0.1252 -0.3555
vn 0.7195 -0.6371 -0.2762
vn 0.5006 0.8441 -0.1921
vn 0.9171 0.1873 -0.3520
vn 0.7554 -0.5875 -0.2900
vn 0.4501 0.8761 -0.1728
vn 0.1175 -0.9920 -0.0451
vn 0.9043 0.2485 -0.3471
vn 0.7884 -0.5356 -0.3026
vn 0.3979 0.9046 -0.1527
vn 0.1754 -0.9822 -0.0673
vn 0.8879 0.3088 -0.3408
vn 0.8182 -0.4815 -0.3141
vn 0.3441 0.9296 -0.1321
vn 0.2326 -0.9684 -0.0893
vn 0.8681 0.3679 -0.3332
vn 0.8448 -0.4256 -0.3243
vn 0.2889 0.9509 -0.1109
vn 0.2889 -0.9509 -0.1109
vn 0.8448 0.4256 -0.3243
vn 0.8681 -0.3679 -0.3332
vn 0.2326 0.9684 -0.0893
vn 0.3441 -0.9296 -0.1321
vn 0.8182 0.4815 -0.3141
vn 0.8879 -0.3088 -0.3408
vn 0.1754 0.9822 -0.0673
vn 0.3979 -0.9046 -0.1527
vn 0.7884 0.5356 -0.3026
vn 0.9043 -0.2485 -0.3471
vn 0.1175 0.9920 -0.0451
vn 0.4501 -0.8761 -0.1728
vn 0.7554 0.5875 -0.2900
vn 0.9171 -0.1873 -0.3520
vn 0.5006 -0.8441 -0.1921
vn 0.7195 0.6372 -0.2762
vn 0.9045 0.3088 -0.2939
vn 0.9212 0.2485 -0.2993
vn 0.8335 -0.4815 -0.2708
vn 0.8031 -0.5356 -0.2609
vn 0.3505 0.9296 -0.1139
vn 0.4053 0.9046 -0.1317
vn 0.2370 -0.9684 -0.0770
vn 0.1787 -0.9822 -0.0580
vn 0.8843 0.3679 -0.2873
vn 0.8606 -0.4256 -0.2796
vn 0.2943 0.9509 -0.0956
vn 0.2943 -0.9509 -0.0956
vn 0.8606 0.4256 -0.2796
vn 0.8843 -0.3679 -0.2873
vn 0.2370 0.9684 -0.0770
vn 0.3505 -0.9296 -0.1139
vn 0.8335 0.4815 -0.2708
vn 0.9045 -0.3088 -0.2939
vn 0.1787 0.9822 -0.0580
vn 0.4053 -0.9046 -0.1317
vn 0.8031 0.5356 -0.2609
vn 0.9212 -0.2485 -0.2993
vn 0.1197 0.9920 -0.0389
vn 0.4585 -0.8761 -0.1490
vn 0.7696 0.5875 -0.2500
vn 0.9342 -0.1873 -0.3035
vn 0.5099 -0.8441 -0.1657
vn 0.7330 0.6372 -0.2382
vn 0.9435 -0.1252 -0.3066
vn 0.5593 -0.8087 -0.1817
vn 0.6935 0.6843 -0.2253
vn 0.9492 -0.0627 -0.3084
vn 0.6065 -0.7702 -0.1971
vn 0.6513 0.7287 -0.2116
vn 0.9510 0.0000 -0.3090
vn 0.6513 -0.7287 -0.2116
vn 0.6065 0.7702 -0.1971
vn 0.9492 0.0627 -0.3084
vn 0.6935 -0.6843 -0.2253
vn 0.5593 0.8087 -0.1817
vn 0.9435 0.1252 -0.3066
vn 0.7330 -0.6371 -0.2382
vn 0.5099 0.8441 -0.1657
vn 0.9342 0.1873 -0.3035
vn 0.7696 -0.5875 -0.2500
vn 0.4585 0.8761 -0.1490
vn 0.1197 -0.9920 -0.0389
vn 0.9583 -0.1252 -0.2568
vn 0.9488 -0.1873 -0.2542
vn 0.5681 -0.8087 -0.1522
vn 0.5179 -0.8441 -0.1388
vn 0.7043 0.6843 -0.1887
vn 0.7444 0.6372 -0.1995
vn 0.9640 -0.0627 -0.2583
vn 0.6160 -0.7702 -0.1650
vn 0.6615 0.7287 -0.1772
vn 0.9659 0.0000 -0.2588
vn 0.6615 -0.7287 -0.1772
vn 0.6160 0.7702 -0.1650
vn 0.9640 0.0627 -0.2583
vn 0.7043 -0.6843 -0.1887
vn 0.5681 0.8087 -0.1522
vn 0.9583 0.1252 -0.2568
vn 0.7444 -0.6371 -0.1995
vn 0.5179 0.8441 -0.1388
vn 0.9488 0.1873 -0.2542
vn 0.7816 -0.5875 -0.2094
vn 0.4657 0.8761 -0.1248
vn 0.1216 -0.9920 -0.0326
vn 0.9356 0.2485 -0.2507
vn 0.8157 -0.5356 -0.2185
vn 0.4117 0.9046 -0.1103
vn 0.1815 -0.9822 -0.0486
vn 0.9187 0.3088 -0.2462
vn 0.8466 -0.4815 -0.2268
vn 0.3560 0.9296 -0.0954
vn 0.2407 -0.9684 -0.0645
vn 0.8982 0.3679 -0.2406
vn 0.8741 -0.4256 -0.2342
vn 0.2989 0.9509 -0.0801
vn 0.2989 -0.9509 -0.0801
vn 0.8741 0.4256 -0.2342
vn 0.8982 -0.3679 -0.2406
vn 0.2407 0.9684 -0.0645
vn 0.3560 -0.9296 -0.0954
vn 0.8466 0.4815 -0.2268
vn 0.9187 -0.3088 -0.2462
vn 0.1815 0.9822 -0.0486
vn 0.4117 -0.9046 -0.1103
vn 0.8157 0.5356 -0.2185
vn 0.9356 -0.2485 -0.2507
vn 0.1216 0.9920 -0.0326
vn 0.4657 -0.8761 -0.1248
vn 0.7816 0.5875 -0.2094
vn 0.9474 0.2485 -0.2014
vn 0.9608 0.1873 -0.2042
vn 0.8260 -0.5356 -0.1756
vn 0.7915 -0.5875 -0.1682
vn 0.4169 0.9046 -0.0886
vn 0.4716 0.8761 -0.1002
vn 0.1838 -0.9822 -0.0391
vn 0.1231 -0.9920 -0.0262
vn 0.9303 0.3088 -0.1977
vn 0.8573 -0.4815 -0.1822
vn 0.3605 0.9296 -0.0766
vn 0.2437 -0.9684 -0.0518
vn 0.9095 0.3679 -0.1933
vn 0.8851 -0.4256 -0.1881
vn 0.3027 0.9509 -0.0643
vn 0.3027 -0.9509 -0.0643
vn 0.8851 0.4256 -0.1881
vn 0.9095 -0.3679 -0.1933
vn 0.2437 0.9684 -0.0518
vn 0.3605 -0.9296 -0.0766
vn 0.8573 0.4815 -0.1822
vn 0.9303 -0.3088 -0.1977
vn 0.1838 0.9822 -0.0391
vn 0.4169 -0.9046 -0.0886
vn 0.8260 0.5356 -0.1756
vn 0.9474 -0.2485 -0.2014
vn 0.1231 0.9920 -0.0262
vn 0.4716 -0.8761 -0.1002
vn 0.7915 0.5875 -0.1682
vn 0.9608 -0.1873 -0.2042
vn 0.5245 -0.8441 -0.1115
vn 0.7539 0.6372 -0.1602
vn 0.9704 -0.1252 -0.2062
vn 0.5753 -0.8087 -0.1223
vn 0.7132 0.6843 -0.1516
vn 0.9762 -0.0627 -0.2075
vn 0.6238 -0.7703 -0.1326
vn 0.6699 0.7287 -0.1424
vn 0.9781 0.0000 -0.2079
vn 0.6699 -0.7287 -0.1424
vn 0.6238 0.7702 -0.1326
vn 0.9762 0.0627 -0.2075
vn 0.7132 -0.6843 -0.1516
vn 0.5753 0.8087 -0.1223
vn 0.9704 0.1252 -0.2062
vn 0.7539 -0.6371 -0.1602
vn 0.5245 0.8441 -0.1115
vn 0.9702 -0.1873 -0.1537
vn 0.9567 -0.2485 -0.1515
vn 0.1243 0.9920 -0.0197
vn 0.5296 -0.8441 -0.0839
vn 0.4762 -0.8761 -0.0754
vn 0.7612 0.6372 -0.1205
vn 0.7992 0.5875 -0.1266
vn 0.9799 -0.1252 -0.1552
vn 0.5809 -0.8087 -0.0920
vn 0.7202 0.6843 -0.1140
vn 0.9857 -0.0627 -0.1561
vn 0.6299 -0.7702 -0.0997
vn 0.6764 0.7287 -0.1071
vn 0.9877 0.0000 -0.1564
vn 0.6764 -0.7287 -0.1071
vn 0.6299 0.7702 -0.0997
vn 0.9857 0.0627 -0.1561
vn 0.7202 -0.6843 -0.1140
vn 0.5809 0.8087 -0.0920
vn 0.9799 0.1252 -0.1552
vn 0.7612 -0.6371 -0.1205
vn 0.5296 0.8441 -0.0839
vn 0.9702 0.1873 -0.1537
vn 0.7992 -0.5875 -0.1266
vn 0.4762 0.8761 -0.0754
vn 0.1243 -0.9920 -0.0197
vn 0.9567 0.2485 -0.1515
vn 0.8341 -0.5356 -0.1321
vn 0.4209 0.9046 -0.0667
vn 0.1856 -0.9822 -0.0294
vn 0.9394 0.3088 -0.1488
vn 0.8656 -0.4815 -0.1371
vn 0.3640 0.9296 -0.0576
vn 0.2461 -0.9684 -0.0390
vn 0.9184 0.3679 -0.1455
vn 0.8938 -0.4256 -0.1415
vn 0.3057 0.9509 -0.0484
vn 0.3057 -0.9509 -0.0484
vn 0.8938 0.4256 -0.1415
vn 0.9184 -0.3679 -0.1455
vn 0.2461 0.9684 -0.0390
vn 0.3640 -0.9296 -0.0576
vn 0.8656 0.4815 -0.1371
vn 0.9394 -0.3088 -0.1488
vn 0.1856 0.9822 -0.0294
vn 0.4209 -0.9046 -0.0667
vn 0.8341 0.5356 -0.1321
vn 0.9769 0.1873 -0.1027
vn 0.9867 0.1252 -0.1037
vn 0.8047 -0.5875 -0.0846
vn 0.7665 -0.6371 -0.0805
vn 0.4795 0.8761 -0.0504
vn 0.5332 0.8441 -0.0560
vn 0.1252 -0.9920 -0.0132
vn 0.9633 0.2485 -0.1012
vn 0.8398 -0.5356 -0.0883
vn 0.4239 0.9046 -0.0445
vn 0.1868 -0.9822 -0.0196
vn 0.9459 0.3088 -0.0994
vn 0.8716 -0.4815 -0.0916
vn 0.3665 0.9296 -0.0385
vn 0.2478 -0.9684 -0.0260
vn 0.9247 0.3679 -0.0972
vn 0.9000 -0.4256 -0.0946
vn 0.3078 0.9509 -0.0323
vn 0.3078 -0.9509 -0.0323
vn 0.9000 0.4256 -0.0946
vn 0.9247 -0.3679 -0.0972
vn 0.2478 0.9684 -0.0260
vn 0.3666 -0.9296 -0.0385
vn 0.8716 0.4815 -0.0916
vn 0.9459 -0.3088 -0.0994
vn 0.1868 0.9822 -0.0196
vn 0.4239 -0.9046 -0.0445
vn 0.8398 0.5356 -0.0883
vn 0.9633 -0.2485 -0.1012
vn 0.1252 0.9920 -0.0131
vn 0.4795 -0.8761 -0.0504
vn 0.8047 0.5875 -0.0846
vn 0.9769 -0.1873 -0.1027
vn 0.5332 -0.8441 -0.0560
vn 0.7665 0.6372 -0.0805
vn 0.9867 -0.1252 -0.1037
vn 0.5849 -0.8087 -0.0615
vn 0.7252 0.6843 -0.0762
vn 0.9926 -0.0627 -0.1043
vn 0.6342 -0.7702 -0.0667
vn 0.6811 0.7287 -0.0716
vn 0.9945 0.0000 -0.1045
vn 0.6811 -0.7287 -0.0716
vn 0.6342 0.7702 -0.0667
vn 0.9926 0.0627 -0.1043
vn 0.7252 -0.6843 -0.0762
vn 0.5849 0.8087 -0.0615
vn 0.9673 -0.2485 -0.0507
vn 0.9498 -0.3088 -0.0498
vn 0.1256 0.9920 -0.0066
vn 0.1876 0.9822 -0.0098
vn 0.4815 -0.8761 -0.0252
vn 0.4256 -0.9046 -0.0223
vn 0.8081 0.5875 -0.0423
vn 0.8433 0.5356 -0.0442
vn 0.9810 -0.1873 -0.0514
vn 0.5354 -0.8441 -0.0280
vn 0.7696 0.6372 -0.0403
vn 0.9908 -0.1252 -0.0519
vn 0.5873 -0.8087 -0.0308
vn 0.7282 0.6843 -0.0381
vn 0.9966 -0.0627 -0.0522
vn 0.6369 -0.7702 -0.0334
vn 0.6839 0.7287 -0.0358
vn 0.9986 0.0000 -0.0523
vn 0.6839 -0.7287 -0.0358
vn 0.6368 0.7703 -0.0334
vn 0.9966 0.0627 -0.0522
vn 0.7282 -0.6843 -0.0381
vn 0.5873 0.8087 -0.0308
vn 0.9908 0.1252 -0.0519
vn 0.7696 -0.6371 -0.0403
vn 0.5354 0.8441 -0.0280
vn 0.9810 0.1873 -0.0514
vn 0.8081 -0.5875 -0.0423
vn 0.4815 0.8761 -0.0252
vn 0.1257 -0.9920 -0.0066
vn 0.9673 0.2485 -0.0507
vn 0.8433 -0.5356 -0.0442
vn 0.4256 0.9046 -0.0223
vn 0.1876 -0.9822 -0.0098
vn 0.9498 0.3088 -0.0498
vn 0.8752 -0.4815 -0.0458
vn 0.3681 0.9296 -0.0193
vn 0.2488 -0.9684 -0.0130
vn 0.9286 0.3679 -0.0486
vn 0.9037 -0.4256 -0.0473
vn 0.3091 0.9509 -0.0162
vn 0.3091 -0.9509 -0.0162
vn 0.9037 0.4256 -0.0473
vn 0.9286 -0.3679 -0.0486
vn 0.2488 0.9684 -0.0130
vn 0.3681 -0.9296 -0.0193
vn 0.8752 0.4815 -0.0458
vn 0.9921 0.1252 0.0000
vn 0.9980 0.0627 0.0000
vn 0.7707 -0.6371 0.0000
vn 0.7292 -0.6843 0.0000
vn 0.5362 0.8441 0.0000
vn 0.5881 0.8087 0.0000
vn 0.9823 0.1873 0.0000
vn 0.8092 -0.5875 0.0000
vn 0.4821 0.8761 0.0000
vn 0.1258 -0.9920 0.0000
vn 0.9686 0.2485 0.0000
vn 0.8445 -0.5356 0.0000
vn 0.4262 0.9046 0.0000
vn 0.1879 -0.9822 0.0000
vn 0.9511 0.3088 0.0000
vn 0.8764 -0.4815 0.0000
vn 0.3686 0.9296 0.0000
vn 0.2492 -0.9684 0.0000
vn 0.9298 0.3679 0.0000
vn 0.9049 -0.4256 0.0000
vn 0.3095 0.9509 0.0000
vn 0.3095 -0.9509 0.0000
vn 0.9049 0.4256 0.0000
vn 0.9298 -0.3679 0.0000
vn 0.2492 0.9684 0.0000
vn 0.3686 -0.9296 0.0000
vn 0.8764 0.4815 0.0000
vn 0.9511 -0.3088 0.0000
vn 0.1879 0.9822 0.0000
vn 0.4262 -0.9046 0.0000
vn 0.8445 0.5356 0.0000
vn 0.9686 -0.2485 0.0000
vn 0.1258 0.9920 0.0000
vn 0.4821 -0.8761 0.0000
vn 0.8092 0.5875 0.0000
vn 0.9823 -0.1873 0.0000
vn 0.5362 -0.8441 0.0000
vn 0.7707 0.6372 0.0000
vn 0.9921 -0.1252 0.0000
vn 0.5881 -0.8087 0.0000
vn 0.7292 0.6843 0.0000
vn 0.9980 -0.0627 0.0000
vn 0.6377 -0.7702 0.0000
vn 0.6848 0.7287 0.0000
vn 1.0000 0.0000 0.0000
vn 0.6848 -0.7287 0.0000
vn 0.6377 0.7702 0.0000
vn 0.9498 -0.3088 0.0498
vn 0.9286 -0.3679 0.0486
vn 0.1876 0.9822 0.0098
vn 0.2488 0.9684 0.0130
vn 0.4256 -0.9046 0.0223
vn 0.3681 -0.9296 0.0193
vn 0.8433 0.5356 0.0442
vn 0.8752 0.4815 0.0458
vn 0.9673 -0.2485 0.0507
vn 0.1256 0.9920 0.0066
vn 0.4815 -0.8761 0.0252
vn 0.8081 0.5875 0.0423
vn 0.9810 -0.1873 0.0514
vn 0.5354 -0.8441 0.0280
vn 0.7696 0.6372 0.0403
vn 0.9908 -0.1252 0.0519
vn 0.5873 -0.8087 0.0308
vn 0.7282 0.6843 0.0381
vn 0.9966 -0.0627 0.0522
vn 0.6369 -0.7702 0.0334
vn 0.6839 0.7287 0.0358
vn 0.9986 0.0000 0.0523
vn 0.6839 -0.7287 0.0358
vn 0.6369 0.7702 0.0334
vn 0.9966 0.0627 0.0522
vn 0.7282 -0.6843 0.0381
vn 0.5873 0.8087 0.0308
vn 0.9908 0.1252 0.0519
vn 0.7696 -0.6371 0.0403
vn 0.5354 0.8441 0.0280
vn 0.9810 0.1873 0.0514
vn 0.8081 -0.5875 0.0423
vn 0.4815 0.8761 0.0252
vn 0.1257 -0.9920 0.0066
vn 0.9673 0.2485 0.0507
vn 0.8433 -0.5356 0.0442
vn 0.4256 0.9046 0.0223
vn 0.1876 -0.9822 0.0098
vn 0.9498 0.3088 0.0498
vn 0.8752 -0.4815 0.0458
vn 0.3681 0.9296 0.0193
vn 0.2488 -0.9684 0.0130
vn 0.9286 0.3679 0.0486
vn 0.9037 -0.4256 0.0473
vn 0.3091 0.9509 0.0162
vn 0.3091 -0.9509 0.0162
vn 0.9037 0.4256 0.0473
vn 0.9926 0.0627 0.1043
vn 0.9945 0.0000 0.1045
vn 0.7252 -0.6843 0.0762
vn 0.6811 -0.7287 0.0716
vn 0.5849 0.8087 0.0615
vn 0.6342 0.7702 0.0667
vn 0.9867 0.1252 0.1037
vn 0.7665 -0.6371 0.0805
vn 0.5332 0.8441 0.0560
vn 0.9769 0.1873 0.1027
vn 0.8047 -0.5875 0.0846
vn 0.4795 0.8761 0.0504
vn 0.1252 -0.9920 0.0131
vn 0.9633 0.2485 0.1012
vn 0.8398 -0.5356 0.0883
vn 0.4239 0.9046 0.0445
vn 0.1868 -0.9822 0.0196
vn 0.9459 0.3088 0.0994
vn 0.8716 -0.4815 0.0916
vn 0.3665 0.9296 0.0385
vn 0.2478 -0.9684 0.0260
vn 0.9247 0.3679 0.0972
vn 0.9000 -0.4256 0.0946
vn 0.3078 0.9509 0.0323
vn 0.3078 -0.9509 0.0323
vn 0.9000 0.4256 0.0946
vn 0.9247 -0.3679 0.0972
vn 0.2478 0.9684 0.0260
vn 0.3666 -0.9296 0.0385
vn 0.8716 0.4815 0.0916
vn 0.9459 -0.3088 0.0994
vn 0.1868 0.9822 0.0196
vn 0.4239 -0.9046 0.0445
vn 0.8398 0.5356 0.0883
vn 0.9633 -0.2485 0.1012
vn 0.1252 0.9920 0.0132
vn 0.4795 -0.8761 0.0504
vn 0.8047 0.5875 0.0846
vn 0.9769 -0.1873 0.1027
vn 0.5332 -0.8441 0.0560
vn 0.7665 0.6372 0.0805
vn 0.9867 -0.1252 0.1037
vn 0.5849 -0.8087 0.0615
vn 0.7252 0.6843 0.0762
vn 0.9926 -0.0627 0.1043
vn 0.6342 -0.7702 0.0667
vn 0.6811 0.7287 0.0716
vn 0.9184 -0.3679 0.1455
vn 0.8938 -0.4256 0.1415
vn 0.2461 0.9684 0.0390
vn 0.3057 0.9509 0.0484
vn 0.3640 -0.9296 0.0576
vn 0.3057 -0.9509 0.0484
vn 0.8656 0.4815 0.1371
vn 0.8938 0.4256 0.1415
vn 0.9394 -0.3088 0.1488
vn 0.1856 0.9822 0.0294
vn 0.4209 -0.9046 0.0667
vn 0.8341 0.5356 0.1321
vn 0.9567 -0.2485 0.1515
vn 0.1243 0.9920 0.0197
vn 0.4762 -0.8761 0.0754
vn 0.7992 0.5875 0.1266
vn 0.9702 -0.1873 0.1537
vn 0.5296 -0.8441 0.0839
vn 0.7612 0.6372 0.1205
vn 0.9799 -0.1252 0.1552
vn -0.1180 -0.9928 -0.0187
vn 0.5809 -0.8087 0.0920
vn 0.7202 0.6843 0.1140
vn 0.9857 -0.0627 0.1561
vn 0.6299 -0.7702 0.0997
vn 0.6764 0.7287 0.1071
vn 0.9877 0.0000 0.1564
vn 0.6764 -0.7287 0.1071
vn 0.6299 0.7702 0.0997
vn 0.9857 0.0627 0.1561
vn 0.7202 -0.6843 0.1140
vn 0.5809 0.8087 0.0920
vn 0.9799 0.1252 0.1552
vn 0.7612 -0.6371 0.1205
vn 0.5296 0.8441 0.0839
vn 0.9702 0.1873 0.1537
vn 0.7992 -0.5875 0.1266
vn 0.4762 0.8761 0.0754
vn 0.1243 -0.9920 0.0197
vn 0.9567 0.2485 0.1515
vn 0.8341 -0.5356 0.1321
vn 0.4209 0.9046 0.0667
vn 0.1856 -0.9822 0.0294
vn 0.9394 0.3088 0.1488
vn 0.8656 -0.4815 0.1371
vn 0.3640 0.9296 0.0576
vn 0.2461 -0.9684 0.0390
vn 0.9184 0.3679 0.1455
vn 0.9781 0.0000 0.2079
vn 0.9762 -0.0627 0.2075
vn 0.6699 -0.7287 0.1424
vn 0.6238 -0.7702 0.1326
vn 0.6238 0.7702 0.1326
vn 0.6699 0.7287 0.1424
vn 0.9762 0.0627 0.2075
vn 0.7132 -0.6843 0.1516
vn 0.5753 0.8087 0.1223
vn 0.9704 0.1252 0.2063
vn 0.7539 -0.6371 0.1602
vn 0.5245 0.8441 0.1115
vn 0.9608 0.1873 0.2042
vn 0.7915 -0.5875 0.1682
vn 0.4716 0.8761 0.1002
vn 0.1231 -0.9920 0.0262
vn 0.9474 0.2485 0.2014
vn 0.8260 -0.5356 0.1756
vn 0.4169 0.9046 0.0886
vn 0.1838 -0.9822 0.0390
vn 0.9303 0.3088 0.1977
vn 0.8573 -0.4815 0.1822
vn 0.3605 0.9296 0.0766
vn 0.2437 -0.9684 0.0518
vn 0.9095 0.3679 0.1933
vn 0.8851 -0.4256 0.1881
vn 0.3027 0.9509 0.0643
vn 0.3027 -0.9509 0.0643
vn 0.8851 0.4256 0.1881
vn 0.9095 -0.3679 0.1933
vn 0.2437 0.9684 0.0518
vn 0.3605 -0.9296 0.0766
vn 0.8573 0.4815 0.1822
vn 0.9303 -0.3088 0.1977
vn 0.1838 0.9822 0.0391
vn 0.4169 -0.9046 0.0886
vn 0.8260 0.5356 0.1756
vn 0.9474 -0.2485 0.2014
vn 0.1231 0.9920 0.0262
vn 0.4716 -0.8761 0.1002
vn 0.7915 0.5875 0.1682
vn 0.9608 -0.1873 0.2042
vn 0.5245 -0.8441 0.1115
vn 0.7539 0.6372 0.1602
vn 0.9704 -0.1252 0.2063
vn 0.5753 -0.8087 0.1223
vn 0.7132 0.6843 0.1516
vn 0.8741 -0.4256 0.2342
vn 0.8466 -0.4815 0.2268
vn 0.2989 0.9509 0.0801
vn 0.3560 0.9296 0.0954
vn 0.2989 -0.9509 0.0801
vn 0.2407 -0.9684 0.0645
vn 0.8741 0.4256 0.2342
vn 0.8982 0.3679 0.2406
vn 0.8982 -0.3679 0.2406
vn 0.2407 0.9684 0.0645
vn 0.3560 -0.9296 0.0954
vn 0.8466 0.4815 0.2268
vn 0.9187 -0.3088 0.2462
vn 0.1815 0.9822 0.0486
vn 0.4117 -0.9046 0.1103
vn 0.8157 0.5356 0.2185
vn 0.9356 -0.2485 0.2507
vn 0.1216 0.9920 0.0326
vn 0.4657 -0.8761 0.1248
vn 0.7816 0.5875 0.2094
vn 0.9488 -0.1873 0.2542
vn 0.5179 -0.8441 0.1388
vn 0.7444 0.6372 0.1995
vn 0.9583 -0.1252 0.2568
vn 0.5681 -0.8087 0.1522
vn 0.7043 0.6843 0.1887
vn 0.9640 -0.0627 0.2583
vn 0.6160 -0.7702 0.1650
vn 0.6615 0.7287 0.1772
vn 0.9659 0.0000 0.2588
vn 0.6615 -0.7287 0.1772
vn 0.6160 0.7702 0.1650
vn 0.9640 0.0627 0.2583
vn 0.7043 -0.6843 0.1887
vn 0.5681 0.8087 0.1522
vn 0.9583 0.1252 0.2568
vn 0.7444 -0.6371 0.1995
vn 0.5179 0.8441 0.1388
vn 0.9488 0.1873 0.2542
vn 0.7816 -0.5875 0.2094
vn 0.4657 0.8761 0.1248
vn 0.1216 -0.9920 0.0326
vn 0.9356 0.2485 0.2507
vn 0.8157 -0.5356 0.2185
vn 0.4117 0.9046 0.1103
vn 0.1815 -0.9822 0.0486
vn 0.9187 0.3088 0.2462
vn 0.9492 -0.0627 0.3084
vn 0.9435 -0.1252 0.3066
vn 0.6065 -0.7702 0.1971
vn 0.5593 -0.8087 0.1817
vn 0.6513 0.7287 0.2116
vn 0.6935 0.6843 0.2253
vn 0.9510 0.0000 0.3090
vn 0.6513 -0.7287 0.2116
vn 0.6065 0.7702 0.1971
vn 0.9492 0.0627 0.3084
vn 0.6935 -0.6843 0.2253
vn 0.5593 0.8087 0.1817
vn 0.9435 0.1252 0.3066
vn 0.7330 -0.6371 0.2382
vn 0.5099 0.8441 0.1657
vn 0.9342 0.1873 0.3035
vn 0.7696 -0.5875 0.2500
vn 0.4585 0.8761 0.1490
vn 0.1197 -0.9920 0.0389
vn 0.9212 0.2485 0.2993
vn 0.8031 -0.5356 0.2609
vn 0.4053 0.9046 0.1317
vn 0.1787 -0.9822 0.0580
vn 0.9045 0.3088 0.2939
vn 0.8335 -0.4815 0.2708
vn 0.3505 0.9296 0.1139
vn 0.2370 -0.9684 0.0770
vn 0.8843 0.3679 0.2873
vn 0.8606 -0.4256 0.2796
vn 0.2943 0.9509 0.0956
vn 0.2943 -0.9509 0.0956
vn 0.8606 0.4256 0.2796
vn 0.8843 -0.3679 0.2873
vn 0.2370 0.9684 0.0770
vn 0.3505 -0.9296 0.1139
vn 0.8335 0.4815 0.2708
vn 0.9045 -0.3088 0.2939
vn 0.1787 0.9822 0.0580
vn 0.4053 -0.9046 0.1317
vn 0.8031 0.5356 0.2609
vn 0.9212 -0.2485 0.2993
vn 0.1197 0.9920 0.0389
vn 0.4585 -0.8761 0.1490
vn 0.7696 0.5875 0.2500
vn 0.9342 -0.1873 0.3035
vn 0.5099 -0.8441 0.1657
vn 0.7330 0.6372 0.2382
vn 0.8182 -0.4815 0.3141
vn 0.7884 -0.5356 0.3026
vn 0.3441 0.9296 0.1321
vn 0.3979 0.9046 0.1527
vn 0.2326 -0.9684 0.0893
vn 0.1754 -0.9822 0.0673
vn 0.8681 0.3679 0.3332
vn 0.8879 0.3088 0.3408
vn 0.8448 -0.4256 0.3243
vn 0.2889 0.9509 0.1109
vn 0.2889 -0.9509 0.1109
vn 0.8448 0.4256 0.3243
vn 0.8681 -0.3679 0.3332
vn 0.2326 0.9684 0.0893
vn 0.3441 -0.9296 0.1321
vn 0.8182 0.4815 0.3141
vn 0.8879 -0.3088 0.3408
vn 0.1754 0.9822 0.0673
vn 0.3979 -0.9046 0.1527
vn 0.7884 0.5356 0.3026
vn 0.9043 -0.2485 0.3471
vn 0.1175 0.9920 0.0451
vn 0.4501 -0.8761 0.1728
vn 0.7554 0.5875 0.2900
vn 0.9171 -0.1873 0.3520
vn 0.5006 -0.8441 0.1921
vn 0.7195 0.6372 0.2762
vn 0.9262 -0.1252 0.3555
vn 0.0428 -0.9928 -0.1116
vn 0.5491 -0.8087 0.2108
vn 0.6808 0.6843 0.2613
vn 0.9317 -0.0627 0.3576
vn 0.5954 -0.7702 0.2285
vn 0.6393 0.7287 0.2454
vn 0.9336 0.0000 0.3583
vn 0.6393 -0.7287 0.2454
vn 0.5954 0.7702 0.2285
vn 0.9317 0.0627 0.3576
vn 0.6808 -0.6843 0.2613
vn 0.5491 0.8087 0.2108
vn 0.9262 0.1252 0.3555
vn 0.7195 -0.6371 0.2762
vn 0.5006 0.8441 0.1921
vn 0.9171 0.1873 0.3520
vn 0.7554 -0.5875 0.2900
vn 0.4501 0.8761 0.1728
vn 0.1175 -0.9920 0.0451
vn 0.9043 0.2485 0.3471
vn 0.9063 -0.1252 0.4035
vn 0.8974 -0.1873 0.3995
vn 0.5373 -0.8087 0.2392
vn 0.4898 -0.8441 0.2181
vn 0.6662 0.6843 0.2966
vn 0.7041 0.6372 0.3135
vn 0.9117 -0.0627 0.4059
vn 0.5826 -0.7702 0.2594
vn 0.6256 0.7287 0.2785
vn 0.9135 0.0000 0.4067
vn 0.6256 -0.7287 0.2785
vn 0.5826 0.7702 0.2594
vn 0.9117 0.0627 0.4059
vn 0.6662 -0.6843 0.2966
vn 0.5373 0.8087 0.2392
vn 0.9063 0.1252 0.4035
vn 0.7041 -0.6371 0.3135
vn 0.4898 0.8441 0.2181
vn 0.8974 0.1873 0.3995
vn 0.7392 -0.5875 0.3291
vn 0.4404 0.8761 0.1961
vn 0.1150 -0.9920 0.0512
vn 0.8849 0.2485 0.3940
vn 0.7714 -0.5356 0.3435
vn 0.3894 0.9046 0.1733
vn 0.1716 -0.9822 0.0764
vn 0.8689 0.3088 0.3868
vn 0.8007 -0.4815 0.3565
vn 0.3367 0.9296 0.1499
vn 0.2276 -0.9684 0.1013
vn 0.8495 0.3679 0.3782
vn 0.8267 -0.4256 0.3681
vn 0.2827 0.9509 0.1259
vn 0.2827 -0.9509 0.1259
vn 0.8267 0.4256 0.3681
vn 0.8495 -0.3679 0.3782
vn 0.2276 0.9684 0.1013
vn 0.3367 -0.9296 0.1499
vn 0.8007 0.4815 0.3565
vn 0.8689 -0.3088 0.3868
vn 0.1716 0.9822 0.0764
vn 0.3894 -0.9046 0.1733
vn 0.7714 0.5356 0.3435
vn 0.8849 -0.2485 0.3940
vn 0.1150 0.9920 0.0512
vn 0.4404 -0.8761 0.1961
vn 0.7392 0.5875 0.3291
vn 0.8752 -0.1873 0.4459
vn 0.8630 -0.2485 0.4397
vn 0.1121 0.9920 0.0571
vn 0.4777 -0.8441 0.2434
vn 0.4296 -0.8761 0.2189
vn 0.6867 0.6372 0.3499
vn 0.7210 0.5875 0.3674
vn 0.8840 -0.1252 0.4504
vn 0.5240 -0.8087 0.2670
vn 0.6497 0.6843 0.3310
vn 0.8892 -0.0627 0.4531
vn 0.5682 -0.7702 0.2895
vn 0.6102 0.7287 0.3109
vn 0.8910 0.0000 0.4540
vn 0.6102 -0.7287 0.3109
vn 0.5682 0.7702 0.2895
vn 0.8892 0.0627 0.4531
vn 0.6497 -0.6843 0.3310
vn 0.5240 0.8087 0.2670
vn 0.8840 0.1252 0.4504
vn 0.6867 -0.6371 0.3499
vn 0.4777 0.8441 0.2434
vn 0.8752 0.1873 0.4459
vn 0.7210 -0.5875 0.3674
vn 0.4296 0.8761 0.2189
vn 0.1121 -0.9920 0.0571
vn 0.8630 0.2485 0.4397
vn 0.7524 -0.5356 0.3834
vn 0.3797 0.9046 0.1935
vn 0.1674 -0.9822 0.0853
vn 0.8474 0.3088 0.4318
vn 0.7809 -0.4815 0.3979
vn 0.3284 0.9296 0.1673
vn 0.2220 -0.9684 0.1131
vn 0.8285 0.3679 0.4221
vn 0.8063 -0.4256 0.4108
vn 0.2757 0.9509 0.1405
vn 0.2757 -0.9509 0.1405
vn 0.8063 0.4256 0.4108
vn 0.8285 -0.3679 0.4221
vn 0.2220 0.9684 0.1131
vn 0.3284 -0.9296 0.1673
vn 0.7809 0.4815 0.3979
vn 0.8474 -0.3088 0.4318
vn 0.1674 0.9822 0.0853
vn 0.3797 -0.9046 0.1935
vn 0.7524 0.5356 0.3834
vn 0.8507 0.1873 0.4911
vn 0.8592 0.1252 0.4960
vn 0.7008 -0.5875 0.4046
vn 0.6674 -0.6371 0.3854
vn 0.4176 0.8761 0.2411
vn 0.4643 0.8441 0.2681
vn 0.1090 -0.9920 0.0629
vn 0.8388 0.2485 0.4843
vn 0.7313 -0.5356 0.4222
vn 0.3691 0.9046 0.2131
vn 0.1627 -0.9822 0.0939
vn 0.8237 0.3088 0.4755
vn 0.7590 -0.4815 0.4382
vn 0.3192 0.9296 0.1843
vn 0.2158 -0.9684 0.1246
vn 0.8053 0.3679 0.4649
vn 0.7837 -0.4256 0.4524
vn 0.2680 0.9509 0.1547
vn 0.2680 -0.9509 0.1547
vn 0.7837 0.4256 0.4524
vn 0.8053 -0.3679 0.4649
vn 0.2158 0.9684 0.1246
vn 0.3192 -0.9296 0.1843
vn 0.7590 0.4815 0.4382
vn 0.8237 -0.3088 0.4755
vn 0.1627 0.9822 0.0939
vn 0.3691 -0.9046 0.2131
vn 0.7313 0.5356 0.4222
vn 0.8388 -0.2485 0.4843
vn 0.1090 0.9920 0.0629
vn 0.4176 -0.8761 0.2411
vn 0.7008 0.5875 0.4046
vn 0.8507 -0.1873 0.4911
vn 0.4643 -0.8441 0.2681
vn 0.6674 0.6372 0.3854
vn 0.8592 -0.1252 0.4960
vn 0.5093 -0.8087 0.2940
vn 0.6315 0.6843 0.3646
vn 0.8643 -0.0627 0.4990
vn 0.5523 -0.7702 0.3189
vn 0.5931 0.7287 0.3424
vn 0.8660 0.0000 0.5000
vn 0.5931 -0.7287 0.3424
vn 0.5523 0.7703 0.3189
vn 0.8643 0.0627 0.4990
vn 0.6315 -0.6843 0.3646
vn 0.5093 0.8087 0.2940
vn 0.8123 -0.2485 0.5275
vn 0.7977 -0.3088 0.5180
vn 0.1055 0.9920 0.0685
vn 0.1576 0.9822 0.1023
vn 0.4043 -0.8761 0.2626
vn 0.3574 -0.9046 0.2321
vn 0.6786 0.5875 0.4407
vn 0.7082 0.5356 0.4599
vn 0.8238 -0.1873 0.5350
vn 0.4497 -0.8441 0.2920
vn 0.6464 0.6372 0.4198
vn 0.8321 -0.1252 0.5403
vn 0.4932 -0.8087 0.3203
vn 0.6116 0.6843 0.3971
vn 0.8370 -0.0627 0.5436
vn 0.5348 -0.7702 0.3473
vn 0.5743 0.7287 0.3730
vn 0.8386 0.0000 0.5446
vn 0.5743 -0.7287 0.3730
vn 0.5348 0.7703 0.3473
vn 0.8370 0.0627 0.5436
vn 0.6116 -0.6843 0.3971
vn 0.4932 0.8087 0.3203
vn 0.8321 0.1252 0.5403
vn 0.6464 -0.6371 0.4198
vn 0.4497 0.8441 0.2920
vn 0.8238 0.1873 0.5350
vn 0.6786 -0.5875 0.4407
vn 0.4043 0.8761 0.2626
vn 0.1055 -0.9920 0.0685
vn 0.8123 0.2485 0.5275
vn 0.7082 -0.5356 0.4599
vn 0.3574 0.9046 0.2321
vn 0.1576 -0.9822 0.1023
vn 0.7977 0.3088 0.5180
vn 0.7350 -0.4815 0.4773
vn 0.3091 0.9296 0.2007
vn 0.2090 -0.9684 0.1357
vn 0.7798 0.3679 0.5064
vn 0.7589 -0.4256 0.4928
vn 0.2596 0.9509 0.1686
vn 0.2596 -0.9509 0.1686
vn 0.7589 0.4256 0.4928
vn 0.7798 -0.3679 0.5064
vn 0.2090 0.9684 0.1357
vn 0.3091 -0.9296 0.2007
vn 0.7350 0.4815 0.4773
vn 0.8026 0.1252 0.5831
vn 0.8074 0.0627 0.5866
vn 0.6235 -0.6371 0.4530
vn 0.5899 -0.6843 0.4286
vn 0.4338 0.8441 0.3152
vn 0.4758 0.8087 0.3457
vn -0.0425 0.9969 -0.0654
vn 0.7947 0.1873 0.5774
vn 0.6547 -0.5875 0.4756
vn 0.3901 0.8761 0.2834
vn 0.1018 -0.9920 0.0739
vn 0.7836 0.2485 0.5693
vn 0.6832 -0.5356 0.4964
vn 0.3448 0.9046 0.2505
vn 0.1520 -0.9822 0.1104
vn 0.7694 0.3088 0.5590
vn 0.7090 -0.4815 0.5152
vn 0.2982 0.9296 0.2166
vn 0.2016 -0.9684 0.1465
vn 0.7523 0.3679 0.5465
vn 0.7321 -0.4256 0.5319
vn 0.2504 0.9509 0.1819
vn 0.2504 -0.9509 0.1819
vn 0.7321 0.4256 0.5319
vn 0.7523 -0.3679 0.5465
vn 0.2016 0.9684 0.1465
vn 0.2982 -0.9296 0.2166
vn 0.7090 0.4815 0.5151
vn 0.7694 -0.3088 0.5590
vn 0.1520 0.9822 0.1104
vn 0.3448 -0.9046 0.2505
vn 0.6832 0.5356 0.4964
vn 0.7836 -0.2485 0.5693
vn 0.1018 0.9920 0.0739
vn 0.3901 -0.8761 0.2834
vn 0.6547 0.5875 0.4756
vn 0.7947 -0.1873 0.5774
vn 0.4338 -0.8441 0.3152
vn 0.6235 0.6372 0.4530
vn 0.8026 -0.1252 0.5831
vn 0.4758 -0.8087 0.3457
vn 0.5899 0.6843 0.4286
vn 0.8074 -0.0627 0.5866
vn 0.5159 -0.7702 0.3748
vn 0.5540 0.7287 0.4025
vn 0.8090 0.0000 0.5878
vn 0.5540 -0.7287 0.4025
vn 0.5159 0.7703 0.3748
vn 0.7391 -0.3088 0.5985
vn 0.7226 -0.3679 0.5852
vn 0.1460 0.9822 0.1182
vn 0.1936 0.9684 0.1568
vn 0.3312 -0.9046 0.2682
vn 0.2864 -0.9296 0.2319
vn 0.6563 0.5356 0.5314
vn 0.6811 0.4815 0.5515
vn 0.7527 -0.2485 0.6095
vn 0.0978 0.9920 0.0792
vn 0.3747 -0.8761 0.3034
vn 0.6289 0.5875 0.5092
vn 0.7634 -0.1873 0.6182
vn 0.4167 -0.8441 0.3374
vn 0.5990 0.6372 0.4850
vn 0.7710 -0.1252 0.6243
vn 0.4570 -0.8087 0.3701
vn 0.5667 0.6843 0.4589
vn 0.7756 -0.0627 0.6281
vn 0.4956 -0.7702 0.4013
vn 0.5322 0.7287 0.4310
vn 0.7771 0.0000 0.6293
vn 0.5322 -0.7287 0.4310
vn 0.4956 0.7703 0.4013
vn 0.7756 0.0627 0.6281
vn 0.5667 -0.6843 0.4589
vn 0.4570 0.8087 0.3701
vn 0.7710 0.1252 0.6243
vn 0.5990 -0.6371 0.4850
vn 0.4167 0.8441 0.3374
vn 0.7634 0.1873 0.6182
vn 0.6289 -0.5875 0.5092
vn 0.3747 0.8761 0.3034
vn 0.0978 -0.9920 0.0792
vn 0.7527 0.2485 0.6095
vn 0.6563 -0.5356 0.5314
vn 0.3312 0.9046 0.2682
vn 0.1460 -0.9822 0.1182
vn 0.7391 0.3088 0.5985
vn 0.6811 -0.4815 0.5515
vn 0.2864 0.9296 0.2319
vn 0.1936 -0.9684 0.1568
vn 0.7226 0.3679 0.5852
vn 0.7032 -0.4256 0.5695
vn 0.2405 0.9509 0.1948
vn 0.2405 -0.9509 0.1948
vn 0.7032 0.4256 0.5695
vn 0.7417 0.0627 0.6678
vn 0.7431 0.0000 0.6691
vn 0.5419 -0.6843 0.4879
vn 0.5089 -0.7287 0.4582
vn 0.4371 0.8087 0.3935
vn 0.4739 0.7703 0.4267
vn 0.7373 0.1252 0.6638
vn 0.5727 -0.6371 0.5157
vn 0.3984 0.8441 0.3588
vn 0.7300 0.1873 0.6573
vn 0.6013 -0.5875 0.5415
vn 0.3583 0.8761 0.3226
vn 0.0935 -0.9920 0.0842
vn 0.7198 0.2485 0.6481
vn 0.6276 -0.5356 0.5651
vn 0.3167 0.9046 0.2852
vn 0.1396 -0.9822 0.1257
vn 0.7068 0.3088 0.6364
vn 0.6513 -0.4815 0.5864
vn 0.2739 0.9296 0.2466
vn 0.1852 -0.9684 0.1667
vn 0.6910 0.3679 0.6222
vn 0.6725 -0.4256 0.6055
vn 0.2300 0.9509 0.2071
vn 0.2300 -0.9509 0.2071
vn 0.6725 0.4256 0.6055
vn 0.6910 -0.3679 0.6222
vn 0.1852 0.9684 0.1667
vn 0.2739 -0.9296 0.2466
vn 0.6513 0.4815 0.5864
vn 0.7068 -0.3088 0.6364
vn 0.1396 0.9822 0.1257
vn 0.3167 -0.9046 0.2852
vn 0.6276 0.5356 0.5651
vn 0.7198 -0.2485 0.6481
vn 0.0935 0.9920 0.0842
vn 0.3583 -0.8761 0.3226
vn 0.6013 0.5875 0.5415
vn 0.7300 -0.1873 0.6573
vn 0.3984 -0.8441 0.3588
vn 0.5727 0.6372 0.5157
vn 0.7373 -0.1252 0.6638
vn 0.4371 -0.8087 0.3935
vn 0.5419 0.6843 0.4879
vn 0.7417 -0.0627 0.6678
vn 0.4739 -0.7702 0.4267
vn 0.5089 0.7287 0.4582
vn 0.6575 -0.3679 0.6575
vn 0.6399 -0.4256 0.6399
vn 0.1762 0.9684 0.1762
vn 0.2188 0.9509 0.2188
vn 0.2606 -0.9296 0.2606
vn 0.2188 -0.9509 0.2188
vn 0.6197 0.4815 0.6197
vn 0.6399 0.4256 0.6399
vn 0.6725 -0.3088 0.6725
vn 0.1328 0.9822 0.1328
vn 0.3014 -0.9046 0.3014
vn 0.5971 0.5356 0.5971
vn 0.6849 -0.2485 0.6849
vn 0.0890 0.9920 0.0890
vn 0.3409 -0.8761 0.3409
vn 0.5722 0.5875 0.5722
vn 0.6946 -0.1873 0.6946
vn 0.3791 -0.8441 0.3791
vn 0.5450 0.6372 0.5450
vn 0.7015 -0.1252 0.7015
vn 0.4158 -0.8087 0.4158
vn 0.5156 0.6843 0.5156
vn 0.7057 -0.0627 0.7057
vn 0.4509 -0.7702 0.4509
vn 0.4842 0.7287 0.4842
vn 0.7071 0.0000 0.7071
vn 0.4842 -0.7287 0.4842
vn 0.4509 0.7703 0.4509
vn 0.7057 0.0627 0.7057
vn 0.5156 -0.6843 0.5156
vn 0.4158 0.8087 0.4158
vn 0.7015 0.1252 0.7015
vn 0.5450 -0.6371 0.5450
vn 0.3791 0.8441 0.3791
vn 0.6946 0.1873 0.6946
vn 0.5722 -0.5875 0.5722
vn 0.3409 0.8761 0.3409
vn 0.0890 -0.9920 0.0890
vn 0.6849 0.2485 0.6849
vn 0.5971 -0.5356 0.5971
vn 0.3014 0.9046 0.3014
vn 0.1328 -0.9822 0.1328
vn 0.6725 0.3088 0.6725
vn 0.6197 -0.4815 0.6197
vn 0.2606 0.9296 0.2606
vn 0.1762 -0.9684 0.1762
vn 0.6575 0.3679 0.6575
vn 0.6691 0.0000 0.7431
vn 0.6678 -0.0627 0.7417
vn 0.4582 -0.7287 0.5089
vn 0.4267 -0.7702 0.4739
vn 0.4267 0.7702 0.4739
vn 0.4582 0.7287 0.5089
vn 0.6678 0.0627 0.7417
vn 0.4879 -0.6843 0.5419
vn 0.3935 0.8087 0.4371
vn 0.6638 0.1252 0.7373
vn 0.5157 -0.6371 0.5727
vn 0.3588 0.8441 0.3984
vn 0.6573 0.1873 0.7300
vn 0.5414 -0.5875 0.6013
vn 0.3226 0.8761 0.3583
vn 0.0842 -0.9920 0.0935
vn 0.6481 0.2485 0.7198
vn 0.5651 -0.5356 0.6276
vn 0.2852 0.9046 0.3167
vn 0.1257 -0.9822 0.1396
vn 0.6364 0.3088 0.7068
vn 0.5864 -0.4815 0.6513
vn 0.2466 0.9296 0.2739
vn 0.1667 -0.9684 0.1852
vn 0.6222 0.3679 0.6910
vn 0.6055 -0.4256 0.6725
vn 0.2071 0.9509 0.2300
vn 0.2071 -0.9509 0.2300
vn 0.6055 0.4256 0.6725
vn 0.6222 -0.3679 0.6910
vn 0.1667 0.9684 0.1852
vn 0.2466 -0.9296 0.2739
vn 0.5864 0.4815 0.6513
vn 0.6364 -0.3088 0.7068
vn 0.1257 0.9822 0.1396
vn 0.2852 -0.9046 0.3167
vn 0.5651 0.5356 0.6276
vn 0.6481 -0.2485 0.7198
vn 0.0842 0.9920 0.0935
vn 0.3226 -0.8761 0.3583
vn 0.5414 0.5875 0.6013
vn 0.6573 -0.1873 0.7300
vn 0.3588 -0.8441 0.3984
vn 0.5157 0.6372 0.5727
vn 0.6638 -0.1252 0.7373
vn 0.3935 -0.8087 0.4371
vn 0.4879 0.6843 0.5419
vn 0.5695 -0.4256 0.7032
vn 0.5515 -0.4815 0.6811
vn 0.1947 0.9509 0.2405
vn 0.2319 0.9296 0.2864
vn 0.1948 -0.9509 0.2405
vn 0.1568 -0.9684 0.1936
vn 0.5695 0.4256 0.7032
vn 0.5852 0.3679 0.7226
vn 0.5852 -0.3679 0.7226
vn 0.1568 0.9684 0.1936
vn 0.2319 -0.9296 0.2864
vn 0.5515 0.4815 0.6811
vn 0.5985 -0.3088 0.7391
vn 0.1182 0.9822 0.1460
vn 0.2682 -0.9046 0.3312
vn 0.5314 0.5356 0.6563
vn 0.6095 -0.2485 0.7527
vn 0.0792 0.9920 0.0978
vn 0.3034 -0.8761 0.3747
vn 0.5092 0.5875 0.6289
vn 0.6182 -0.1873 0.7634
vn 0.3374 -0.8441 0.4167
vn 0.4850 0.6372 0.5990
vn 0.6243 -0.1252 0.7710
vn 0.3701 -0.8087 0.4570
vn 0.4589 0.6843 0.5667
vn 0.6281 -0.0627 0.7756
vn 0.4013 -0.7702 0.4956
vn 0.4310 0.7287 0.5322
vn 0.6293 0.0000 0.7771
vn 0.4310 -0.7287 0.5322
vn 0.4013 0.7702 0.4956
vn 0.6281 0.0627 0.7756
vn 0.4589 -0.6843 0.5667
vn 0.3701 0.8087 0.4570
vn 0.6243 0.1252 0.7710
vn 0.4850 -0.6371 0.5990
vn 0.3374 0.8441 0.4167
vn 0.6182 0.1873 0.7634
vn 0.5092 -0.5875 0.6289
vn 0.3034 0.8761 0.3747
vn 0.0792 -0.9920 0.0978
vn 0.6095 0.2485 0.7527
vn 0.5314 -0.5356 0.6563
vn 0.2682 0.9046 0.3312
vn 0.1182 -0.9822 0.1460
vn 0.5985 0.3088 0.7391
vn 0.5866 -0.0627 0.8074
vn 0.5831 -0.1252 0.8026
vn 0.3748 -0.7702 0.5159
vn 0.3457 -0.8087 0.4758
vn 0.4025 0.7287 0.5540
vn 0.4286 0.6843 0.5899
vn 0.5878 0.0000 0.8090
vn 0.4025 -0.7287 0.5540
vn 0.3748 0.7702 0.5159
vn 0.5866 0.0627 0.8074
vn 0.4286 -0.6843 0.5899
vn 0.3457 0.8087 0.4758
vn 0.5831 0.1252 0.8026
vn 0.4530 -0.6371 0.6235
vn 0.3152 0.8441 0.4338
vn 0.5774 0.1873 0.7947
vn 0.4756 -0.5875 0.6547
vn 0.2834 0.8761 0.3901
vn 0.0739 -0.9920 0.1018
vn 0.5693 0.2485 0.7836
vn 0.4964 -0.5356 0.6832
vn 0.2505 0.9046 0.3448
vn 0.1104 -0.9822 0.1520
vn 0.5590 0.3088 0.7694
vn 0.5152 -0.4815 0.7090
vn 0.2166 0.9296 0.2982
vn 0.1465 -0.9684 0.2016
vn 0.5465 0.3679 0.7523
vn 0.5319 -0.4256 0.7321
vn 0.1819 0.9509 0.2504
vn 0.1819 -0.9509 0.2504
vn 0.5319 0.4256 0.7321
vn 0.5465 -0.3679 0.7523
vn 0.1465 0.9684 0.2016
vn 0.2166 -0.9296 0.2982
vn 0.5151 0.4815 0.7090
vn 0.5590 -0.3088 0.7694
vn 0.1104 0.9822 0.1520
vn 0.2505 -0.9046 0.3448
vn 0.4964 0.5356 0.6832
vn 0.5693 -0.2485 0.7836
vn 0.0739 0.9920 0.1018
vn 0.2834 -0.8761 0.3901
vn 0.4756 0.5875 0.6547
vn 0.5774 -0.1873 0.7947
vn 0.3152 -0.8441 0.4338
vn 0.4530 0.6372 0.6235
vn 0.4773 -0.4815 0.7350
vn 0.4599 -0.5356 0.7082
vn 0.2007 0.9296 0.3091
vn 0.2321 0.9046 0.3574
vn 0.1357 -0.9684 0.2090
vn 0.1023 -0.9822 0.1576
vn 0.5064 0.3679 0.7798
vn 0.5180 0.3088 0.7977
vn 0.4928 -0.4256 0.7589
vn 0.1686 0.9509 0.2596
vn 0.1686 -0.9509 0.2596
vn 0.4928 0.4256 0.7589
vn 0.5064 -0.3679 0.7798
vn 0.1357 0.9684 0.2090
vn 0.2007 -0.9296 0.3091
vn 0.4773 0.4815 0.7350
vn 0.5180 -0.3088 0.7977
vn 0.1023 0.9822 0.1576
vn 0.2321 -0.9046 0.3574
vn 0.4599 0.5356 0.7082
vn 0.5275 -0.2485 0.8123
vn 0.0685 0.9920 0.1055
vn 0.2626 -0.8761 0.4043
vn 0.4407 0.5875 0.6786
vn 0.5350 -0.1873 0.8238
vn 0.2920 -0.8441 0.4497
vn 0.4198 0.6372 0.6464
vn 0.5403 -0.1252 0.8321
vn 0.3203 -0.8087 0.4932
vn 0.3971 0.6843 0.6116
vn 0.5436 -0.0627 0.8370
vn 0.3473 -0.7702 0.5348
vn 0.3730 0.7287 0.5743
vn 0.5446 0.0000 0.8386
vn 0.3730 -0.7287 0.5743
vn 0.3473 0.7702 0.5348
vn 0.5436 0.0627 0.8370
vn 0.3971 -0.6843 0.6116
vn 0.3203 0.8087 0.4932
vn 0.5403 0.1252 0.8321
vn 0.4198 -0.6371 0.6464
vn 0.2920 0.8441 0.4497
vn 0.5350 0.1873 0.8238
vn 0.4407 -0.5875 0.6786
vn 0.2626 0.8761 0.4043
vn 0.0685 -0.9920 0.1055
vn 0.5275 0.2485 0.8123
vn 0.4960 -0.1252 0.8592
vn 0.4911 -0.1873 0.8507
vn 0.2940 -0.8087 0.5093
vn 0.2681 -0.8441 0.4643
vn 0.3646 0.6843 0.6315
vn 0.3854 0.6372 0.6674
vn 0.4990 -0.0627 0.8643
vn 0.3189 -0.7702 0.5523
vn 0.3424 0.7287 0.5931
vn 0.5000 0.0000 0.8660
vn 0.3424 -0.7287 0.5931
vn 0.3189 0.7702 0.5523
vn 0.4990 0.0627 0.8643
vn 0.3646 -0.6843 0.6315
vn 0.2940 0.8087 0.5093
vn 0.4960 0.1252 0.8592
vn 0.3854 -0.6371 0.6674
vn 0.2681 0.8441 0.4643
vn 0.4911 0.1873 0.8507
vn 0.4046 -0.5875 0.7008
vn 0.2411 0.8761 0.4176
vn 0.0629 -0.9920 0.1090
vn 0.4843 0.2485 0.8388
vn 0.4222 -0.5356 0.7313
vn 0.2131 0.9046 0.3691
vn 0.0939 -0.9822 0.1627
vn 0.4755 0.3088 0.8237
vn 0.4382 -0.4815 0.7590
vn 0.1843 0.9296 0.3192
vn 0.1246 -0.9684 0.2158
vn 0.4649 0.3679 0.8053
vn 0.4524 -0.4256 0.7837
vn 0.1547 0.9509 0.2680
vn 0.1547 -0.9509 0.2680
vn 0.4524 0.4256 0.7837
vn 0.4649 -0.3679 0.8053
vn 0.1246 0.9684 0.2158
vn 0.1843 -0.9296 0.3192
vn 0.4382 0.4815 0.7590
vn 0.4755 -0.3088 0.8237
vn 0.0939 0.9822 0.1627
vn 0.2131 -0.9046 0.3691
vn 0.4222 0.5356 0.7313
vn 0.4843 -0.2485 0.8388
vn 0.0629 0.9920 0.1090
vn 0.2411 -0.8761 0.4176
vn 0.4046 0.5875 0.7008
vn 0.3834 -0.5356 0.7524
vn 0.3674 -0.5875 0.7210
vn 0.1935 0.9046 0.3797
vn 0.2189 0.8761 0.4296
vn 0.0853 -0.9822 0.1674
vn 0.0571 -0.9920 0.1121
vn 0.4318 0.3088 0.8474
vn 0.4397 0.2485 0.8630
vn 0.3979 -0.4815 0.7809
vn 0.1673 0.9296 0.3284
vn 0.1131 -0.9684 0.2220
vn 0.4221 0.3679 0.8285
vn 0.4108 -0.4256 0.8063
vn 0.1405 0.9509 0.2757
vn 0.1405 -0.9509 0.2757
vn 0.4108 0.4256 0.8063
vn 0.4221 -0.3679 0.8285
vn 0.1131 0.9684 0.2220
vn 0.1673 -0.9296 0.3284
vn 0.3979 0.4815 0.7809
vn 0.4318 -0.3088 0.8474
vn 0.0853 0.9822 0.1674
vn 0.1935 -0.9046 0.3797
vn 0.3834 0.5356 0.7524
vn 0.4397 -0.2485 0.8630
vn 0.0571 0.9920 0.1121
vn 0.2189 -0.8761 0.4296
vn 0.3674 0.5875 0.7210
vn 0.4459 -0.1873 0.8752
vn 0.2434 -0.8441 0.4777
vn 0.3499 0.6372 0.6867
vn 0.4504 -0.1252 0.8840
vn 0.2670 -0.8087 0.5240
vn 0.3310 0.6843 0.6497
vn 0.4531 -0.0627 0.8892
vn 0.2895 -0.7702 0.5682
vn 0.3109 0.7287 0.6102
vn 0.4540 0.0000 0.8910
vn 0.3109 -0.7287 0.6102
vn 0.2895 0.7702 0.5682
vn 0.4531 0.0627 0.8892
vn 0.3310 -0.6843 0.6497
vn 0.2670 0.8087 0.5240
vn 0.4504 0.1252 0.8840
vn 0.3499 -0.6371 0.6867
vn 0.2434 0.8441 0.4777
vn 0.4459 0.1873 0.8752
vn 0.3995 -0.1873 0.8974
vn 0.3940 -0.2485 0.8849
vn 0.0512 0.9920 0.1150
vn 0.2181 -0.8441 0.4898
vn 0.1961 -0.8761 0.4404
vn 0.3135 0.6372 0.7041
vn 0.3291 0.5875 0.7392
vn 0.4035 -0.1252 0.9063
vn 0.2392 -0.8087 0.5373
vn 0.2966 0.6843 0.6662
vn 0.4059 -0.0627 0.9117
vn 0.2594 -0.7702 0.5826
vn 0.2785 0.7287 0.6256
vn 0.4067 0.0000 0.9135
vn 0.2785 -0.7287 0.6256
vn 0.2594 0.7702 0.5826
vn 0.4059 0.0627 0.9117
vn 0.2966 -0.6843 0.6662
vn 0.2392 0.8087 0.5373
vn 0.4035 0.1252 0.9063
vn 0.3135 -0.6371 0.7041
vn 0.2181 0.8441 0.4898
vn 0.3995 0.1873 0.8974
vn 0.3291 -0.5875 0.7392
vn 0.1961 0.8761 0.4404
vn 0.0512 -0.9920 0.1150
vn 0.3940 0.2485 0.8849
vn 0.3435 -0.5356 0.7714
vn 0.1733 0.9046 0.3894
vn 0.0764 -0.9822 0.1716
vn 0.3868 0.3088 0.8689
vn 0.3565 -0.4815 0.8007
vn 0.1499 0.9296 0.3367
vn 0.1013 -0.9684 0.2276
vn 0.3782 0.3679 0.8495
vn 0.3681 -0.4256 0.8267
vn 0.1259 0.9509 0.2827
vn 0.1259 -0.9509 0.2827
vn 0.3681 0.4256 0.8267
vn 0.3782 -0.3679 0.8495
vn 0.1013 0.9684 0.2276
vn 0.1499 -0.9296 0.3367
vn 0.3565 0.4815 0.8007
vn 0.3868 -0.3088 0.8689
vn 0.0764 0.9822 0.1716
vn 0.1733 -0.9046 0.3894
vn 0.3435 0.5356 0.7714
vn 0.2900 -0.5875 0.7554
vn 0.2762 -0.6371 0.7195
vn 0.1728 0.8761 0.4501
vn 0.1921 0.8441 0.5006
vn 0.0451 -0.9920 0.1175
vn 0.3471 0.2485 0.9043
vn 0.3520 0.1873 0.9171
vn 0.3026 -0.5356 0.7884
vn 0.1527 0.9046 0.3979
vn 0.0673 -0.9822 0.1754
vn 0.3408 0.3088 0.8879
vn 0.3141 -0.4815 0.8182
vn 0.1321 0.9296 0.3441
vn 0.0893 -0.9684 0.2326
vn 0.3332 0.3679 0.8681
vn 0.3243 -0.4256 0.8448
vn 0.1109 0.9509 0.2889
vn 0.1109 -0.9509 0.2889
vn 0.3243 0.4256 0.8448
vn 0.3332 -0.3679 0.8681
vn 0.0893 0.9684 0.2326
vn 0.1321 -0.9296 0.3441
vn 0.3141 0.4815 0.8182
vn 0.3408 -0.3088 0.8879
vn 0.0673 0.9822 0.1754
vn 0.1527 -0.9046 0.3979
vn 0.3026 0.5356 0.7884
vn 0.3471 -0.2485 0.9043
vn 0.0451 0.9920 0.1175
vn 0.1728 -0.8761 0.4501
vn 0.2900 0.5875 0.7554
vn 0.3520 -0.1873 0.9171
vn 0.1921 -0.8441 0.5006
vn 0.2762 0.6372 0.7195
vn 0.3555 -0.1252 0.9262
vn 0.2108 -0.8087 0.5491
vn 0.2613 0.6843 0.6808
vn 0.3576 -0.0627 0.9317
vn 0.2285 -0.7702 0.5954
vn 0.2454 0.7287 0.6393
vn 0.3583 0.0000 0.9336
vn 0.2454 -0.7287 0.6393
vn 0.2285 0.7702 0.5954
vn 0.3576 0.0627 0.9317
vn 0.2613 -0.6843 0.6808
vn 0.2108 0.8087 0.5491
vn 0.3555 0.1252 0.9262
vn 0.2993 -0.2485 0.9212
vn 0.2939 -0.3088 0.9045
vn 0.0389 0.9920 0.1197
vn 0.0580 0.9822 0.1787
vn 0.1490 -0.8761 0.4585
vn 0.1317 -0.9046 0.4053
vn 0.2500 0.5875 0.7696
vn 0.2609 0.5356 0.8031
vn 0.3035 -0.1873 0.9342
vn 0.1657 -0.8441 0.5099
vn 0.2382 0.6372 0.7330
vn 0.3066 -0.1252 0.9435
vn 0.1817 -0.8087 0.5593
vn 0.2253 0.6843 0.6935
vn 0.3084 -0.0627 0.9492
vn 0.1971 -0.7702 0.6065
vn 0.2116 0.7287 0.6513
vn 0.3090 0.0000 0.9510
vn 0.2116 -0.7287 0.6513
vn 0.1971 0.7702 0.6065
vn 0.3084 0.0627 0.9492
vn 0.2253 -0.6843 0.6935
vn 0.1817 0.8087 0.5593
vn 0.3066 0.1252 0.9435
vn 0.2382 -0.6371 0.7330
vn 0.1657 0.8441 0.5099
vn 0.3035 0.1873 0.9342
vn 0.2500 -0.5875 0.7696
vn 0.1490 0.8761 0.4585
vn 0.0389 -0.9920 0.1197
vn 0.2993 0.2485 0.9212
vn 0.2609 -0.5356 0.8031
vn 0.1317 0.9046 0.4053
vn 0.0580 -0.9822 0.1787
vn 0.2939 0.3088 0.9045
vn 0.2708 -0.4815 0.8335
vn 0.1139 0.9296 0.3505
vn 0.0770 -0.9684 0.2370
vn 0.2873 0.3679 0.8843
vn 0.2796 -0.4256 0.8606
vn 0.0956 0.9509 0.2943
vn 0.0956 -0.9509 0.2943
vn 0.2796 0.4256 0.8606
vn 0.2873 -0.3679 0.8843
vn 0.0770 0.9684 0.2370
vn 0.1139 -0.9296 0.3505
vn 0.2708 0.4815 0.8335
vn 0.0954 0.9296 0.3560
vn 0.1103 0.9046 0.4117
vn 0.0645 -0.9684 0.2407
vn 0.0486 -0.9822 0.1815
vn 0.2406 0.3679 0.8982
vn 0.2462 0.3088 0.9187
vn 0.2342 -0.4256 0.8741
vn 0.2268 -0.4815 0.8466
vn 0.0801 0.9509 0.2989
vn 0.0801 -0.9509 0.2989
vn 0.2342 0.4256 0.8741
vn 0.0326 -0.9920 0.1216
vn 0.2406 -0.3679 0.8982
vn 0.0645 0.9684 0.2407
vn 0.0954 -0.9296 0.3560
vn 0.2268 0.4815 0.8466
vn 0.2462 -0.3088 0.9187
vn 0.0486 0.9822 0.1815
vn 0.1103 -0.9046 0.4117
vn 0.2185 0.5356 0.8157
vn 0.2507 -0.2485 0.9356
vn 0.0326 0.9920 0.1216
vn 0.1248 -0.8761 0.4657
vn 0.2094 0.5875 0.7816
vn 0.2542 -0.1873 0.9488
vn 0.1388 -0.8441 0.5179
vn 0.1995 0.6372 0.7444
vn 0.2568 -0.1252 0.9583
vn 0.1522 -0.8087 0.5681
vn 0.1887 0.6843 0.7043
vn 0.2583 -0.0627 0.9640
vn 0.1650 -0.7702 0.6160
vn 0.1772 0.7287 0.6615
vn 0.2588 0.0000 0.9659
vn 0.1772 -0.7287 0.6615
vn 0.1650 0.7702 0.6160
vn 0.2583 0.0627 0.9640
vn 0.1887 -0.6843 0.7043
vn 0.1522 0.8087 0.5681
vn 0.2568 0.1252 0.9583
vn 0.1995 -0.6371 0.7444
vn 0.1388 0.8441 0.5179
vn 0.2542 0.1873 0.9488
vn 0.2094 -0.5875 0.7816
vn 0.1248 0.8761 0.4657
vn 0.2507 0.2485 0.9356
vn 0.2185 -0.5356 0.8157
vn 0.1223 -0.8087 0.5753
vn 0.1115 -0.8441 0.5245
vn 0.1516 0.6843 0.7132
vn 0.1602 0.6372 0.7539
vn 0.2075 -0.0627 0.9762
vn 0.2062 -0.1252 0.9704
vn 0.1326 -0.7702 0.6238
vn 0.1424 0.7287 0.6699
vn 0.2079 0.0000 0.9781
vn 0.1424 -0.7287 0.6699
vn 0.1326 0.7702 0.6238
vn 0.2075 0.0627 0.9762
vn 0.1516 -0.6843 0.7132
vn 0.1223 0.8087 0.5753
vn 0.2062 0.1252 0.9704
vn 0.1602 -0.6371 0.7539
vn 0.1115 0.8441 0.5245
vn 0.2042 0.1873 0.9608
vn 0.1682 -0.5875 0.7915
vn 0.1002 0.8761 0.4716
vn 0.0262 -0.9920 0.1231
vn 0.2014 0.2485 0.9474
vn 0.1756 -0.5356 0.8260
vn 0.0886 0.9046 0.4169
vn 0.0390 -0.9822 0.1838
vn 0.1977 0.3088 0.9303
vn 0.1822 -0.4815 0.8573
vn 0.0766 0.9296 0.3605
vn 0.0518 -0.9684 0.2437
vn 0.1933 0.3679 0.9095
vn 0.1881 -0.4256 0.8851
vn 0.0643 0.9509 0.3027
vn 0.0643 -0.9509 0.3027
vn 0.1881 0.4256 0.8851
vn 0.1933 -0.3679 0.9095
vn 0.0518 0.9684 0.2437
vn 0.0766 -0.9296 0.3605
vn 0.1822 0.4815 0.8573
vn 0.1977 -0.3088 0.9303
vn 0.0390 0.9822 0.1838
vn 0.0886 -0.9046 0.4169
vn 0.1756 0.5356 0.8260
vn 0.2014 -0.2485 0.9474
vn 0.0262 0.9920 0.1231
vn 0.1002 -0.8761 0.4716
vn 0.1682 0.5875 0.7915
vn 0.2042 -0.1873 0.9608
vn 0.0667 0.9046 0.4209
vn 0.0754 0.8761 0.4762
vn 0.0294 -0.9822 0.1856
vn 0.0197 -0.9920 0.1243
vn 0.1488 0.3088 0.9394
vn 0.1515 0.2485 0.9567
vn 0.1371 -0.4815 0.8656
vn 0.1321 -0.5356 0.8341
vn 0.0576 0.9296 0.3640
vn 0.0390 -0.9684 0.2461
vn 0.1455 0.3679 0.9184
vn 0.1415 -0.4256 0.8938
vn 0.0484 0.9509 0.3057
vn 0.0484 -0.9509 0.3057
vn 0.1415 0.4256 0.8938
vn 0.1455 -0.3679 0.9184
vn 0.0390 0.9684 0.2461
vn 0.0576 -0.9296 0.3640
vn 0.1371 0.4815 0.8656
vn 0.1488 -0.3088 0.9394
vn 0.0294 0.9822 0.1856
vn 0.0667 -0.9046 0.4209
vn 0.1321 0.5356 0.8341
vn 0.1515 -0.2485 0.9567
vn 0.0197 0.9920 0.1243
vn 0.0754 -0.8761 0.4762
vn 0.1266 0.5875 0.7992
vn 0.1537 -0.1873 0.9702
vn 0.0839 -0.8441 0.5296
vn 0.1205 0.6372 0.7612
vn 0.1552 -0.1252 0.9799
vn 0.0920 -0.8087 0.5809
vn 0.1140 0.6843 0.7202
vn 0.1561 -0.0627 0.9857
vn 0.0997 -0.7702 0.6299
vn 0.1071 0.7287 0.6764
vn 0.1564 0.0000 0.9877
vn 0.1071 -0.7287 0.6764
vn 0.0997 0.7702 0.6299
vn 0.1561 0.0627 0.9857
vn 0.1140 -0.6843 0.7202
vn 0.0920 0.8087 0.5809
vn 0.1552 0.1252 0.9799
vn 0.1205 -0.6371 0.7612
vn 0.0839 0.8441 0.5296
vn 0.1537 0.1873 0.9702
vn 0.1266 -0.5875 0.7992
vn 0.0560 -0.8441 0.5332
vn 0.0504 -0.8761 0.4795
vn 0.0805 0.6372 0.7665
vn 0.0846 0.5875 0.8047
vn 0.1037 -0.1252 0.9867
vn 0.1027 -0.1873 0.9769
vn 0.0615 -0.8087 0.5849
vn 0.0762 0.6843 0.7252
vn 0.1043 -0.0627 0.9926
vn 0.0667 -0.7702 0.6342
vn 0.0716 0.7287 0.6811
vn 0.1045 0.0000 0.9945
vn 0.0716 -0.7287 0.6811
vn 0.0667 0.7702 0.6342
vn 0.1043 0.0627 0.9926
vn 0.0762 -0.6843 0.7252
vn 0.0615 0.8087 0.5849
vn 0.1037 0.1252 0.9867
vn 0.0805 -0.6371 0.7665
vn 0.0560 0.8441 0.5332
vn 0.1027 0.1873 0.9769
vn 0.0846 -0.5875 0.8047
vn 0.0504 0.8761 0.4795
vn 0.0132 -0.9920 0.1252
vn 0.1012 0.2485 0.9633
vn 0.0883 -0.5356 0.8398
vn 0.0445 0.9046 0.4239
vn 0.0196 -0.9822 0.1868
vn 0.0994 0.3088 0.9459
vn 0.0916 -0.4815 0.8716
vn 0.0385 0.9296 0.3666
vn 0.0260 -0.9684 0.2478
vn 0.0972 0.3679 0.9247
vn 0.0946 -0.4256 0.9000
vn 0.0323 0.9509 0.3078
vn 0.0323 -0.9509 0.3078
vn 0.0946 0.4256 0.9000
vn 0.0972 -0.3679 0.9247
vn 0.0260 0.9684 0.2478
vn 0.0385 -0.9296 0.3666
vn 0.0916 0.4815 0.8716
vn 0.0994 -0.3088 0.9459
vn 0.0196 0.9822 0.1868
vn 0.0445 -0.9046 0.4239
vn 0.0883 0.5356 0.8398
vn 0.1012 -0.2485 0.9633
vn 0.0132 0.9920 0.1252
vn 0.0252 0.8761 0.4815
vn 0.0280 0.8441 0.5354
vn 0.0066 -0.9920 0.1257
vn 0.0507 0.2485 0.9673
vn 0.0514 0.1873 0.9810
vn 0.0442 -0.5356 0.8433
vn 0.0424 -0.5875 0.8081
vn 0.0223 0.9046 0.4256
vn 0.0098 -0.9822 0.1876
vn 0.0498 0.3088 0.9498
vn 0.0459 -0.4815 0.8752
vn 0.0193 0.9296 0.3681
vn 0.0130 -0.9684 0.2488
vn 0.0487 0.3679 0.9286
vn 0.0474 -0.4256 0.9037
vn 0.0162 0.9509 0.3091
vn 0.0162 -0.9509 0.3091
vn 0.0474 0.4256 0.9037
vn 0.0486 -0.3679 0.9286
vn 0.0130 0.9684 0.2488
vn 0.0193 -0.9296 0.3681
vn 0.0459 0.4815 0.8752
vn 0.0498 -0.3088 0.9498
vn 0.0098 0.9822 0.1876
vn 0.0223 -0.9046 0.4256
vn 0.0442 0.5356 0.8433
vn 0.0507 -0.2485 0.9673
vn 0.0066 0.9920 0.1256
vn 0.0252 -0.8761 0.4815
vn 0.0424 0.5875 0.8081
vn 0.0514 -0.1873 0.9810
vn 0.0280 -0.8441 0.5354
vn 0.0403 0.6372 0.7696
vn 0.0519 -0.1252 0.9908
vn 0.0308 -0.8087 0.5873
vn 0.0382 0.6843 0.7282
vn 0.0522 -0.0627 0.9966
vn 0.0334 -0.7702 0.6368
vn 0.0358 0.7287 0.6839
vn 0.0523 0.0000 0.9986
vn 0.0358 -0.7287 0.6839
vn 0.0334 0.7702 0.6368
vn 0.0522 0.0627 0.9966
vn 0.0382 -0.6843 0.7282
vn 0.0308 0.8087 0.5873
vn 0.0519 0.1252 0.9908
vn 0.0403 -0.6371 0.7696
usemtl None
s 1
f 9/1/1 51/2/2 50/3/3 8/4/4
f 29/5/5 78/6/6 77/7/7 28/8/8
f 1/9/9 38/10/10 37/11/11 5870/12/12
f 5882/13/13 65/14/14 64/15/15 16/16/16
f 10/17/17 52/18/18 51/2/2 9/1/1
f 30/19/19 79/20/20 78/6/6 29/5/5
f 5871/21/21 39/22/22 38/10/10 1/9/9
f 17/23/23 66/24/24 65/14/14 5882/13/13
f 11/25/25 53/26/26 52/18/18 10/17/17
f 31/27/27 80/28/28 79/20/20 30/19/19
f 5872/29/29 40/30/30 39/22/22 5871/21/21
f 18/31/31 67/32/32 66/24/24 17/23/23
f 12/33/33 54/34/34 53/26/26 11/25/25
f 32/35/35 81/36/36 80/28/28 31/27/27
f 5873/37/37 41/38/38 40/30/30 5872/29/29
f 19/39/39 68/40/40 67/32/32 18/31/31
f 13/41/41 55/42/42 54/34/34 12/33/33
f 33/43/43 82/44/44 81/36/36 32/35/35
f 5874/45/45 42/46/46 41/38/38 5873/37/37
f 20/47/47 69/48/48 68/40/40 19/39/39
f 5876/49/49 56/50/50 55/42/42 13/41/41
f 34/51/51 83/52/52 82/44/44 33/43/43
f 2/53/53 43/54/54 42/46/46 5874/45/45
f 21/55/55 70/56/56 69/48/48 20/47/47
f 14/57/57 57/58/58 56/50/50 5876/49/49
f 35/59/59 84/60/60 83/52/52 34/51/51
f 5875/61/61 44/62/62 43/54/54 2/53/53
f 22/63/63 71/64/64 70/56/56 21/55/55
f 5877/65/65 58/66/66 57/58/58 14/57/57
f 36/67/67 85/68/68 84/60/60 35/59/59
f 3/69/69 45/70/70 44/62/62 5875/61/61
f 23/71/71 72/72/72 71/64/64 22/63/63
f 5878/73/73 59/74/74 58/66/66 5877/65/65
f 4007/75/75 5962/76/76 5961/77/77 3958/78/78
f 4/79/79 46/80/80 45/70/70 3/69/69
f 24/81/81 73/82/82 72/72/72 23/71/71
f 5879/83/83 60/84/84 59/74/74 5878/73/73
f 5/85/85 47/86/86 46/80/80 4/79/79
f 25/87/87 74/88/88 73/82/82 24/81/81
f 15/89/89 61/90/90 60/84/84 5879/83/83
f 6/91/91 48/92/92 47/86/86 5/85/85
f 26/93/93 75/94/94 74/88/88 25/87/87
f 5880/95/95 62/96/96 61/90/90 15/89/89
f 7/97/97 49/98/98 48/92/92 6/91/91
f 27/99/99 76/100/100 75/94/94 26/93/93
f 5881/101/101 63/102/102 62/96/96 5880/95/95
f 8/4/4 50/3/3 49/98/98 7/97/97
f 28/8/8 77/7/7 76/100/100 27/99/99
f 2878/103/103 6059/104/104 6060/105/105 2927/106/106
f 16/16/16 64/15/15 63/102/102 5881/101/101
f 41/38/38 90/107/107 89/108/108 40/30/30
f 68/40/40 117/109/109 116/110/110 67/32/32
f 55/42/42 104/111/111 103/112/112 54/34/34
f 82/44/44 131/113/113 130/114/114 81/36/36
f 42/46/46 91/115/115 90/107/107 41/38/38
f 69/48/48 118/116/116 117/109/109 68/40/40
f 56/50/50 105/117/117 104/111/111 55/42/42
f 83/52/52 132/118/118 131/113/113 82/44/44
f 43/54/54 92/119/119 91/115/115 42/46/46
f 70/56/56 119/120/120 118/116/116 69/48/48
f 57/58/58 106/121/121 105/117/117 56/50/50
f 84/60/60 133/122/122 132/118/118 83/52/52
f 44/62/62 93/123/123 92/119/119 43/54/54
f 71/64/64 120/124/124 119/120/120 70/56/56
f 58/66/66 107/125/125 106/121/121 57/58/58
f 85/68/68 134/126/126 133/122/122 84/60/60
f 45/70/70 94/127/127 93/123/123 44/62/62
f 72/72/72 121/128/128 120/124/124 71/64/64
f 59/74/74 108/129/129 107/125/125 58/66/66
f 5821/130/130 5999/131/131 5998/132/132 5772/133/133
f 46/80/80 95/134/134 94/127/127 45/70/70
f 73/82/82 122/135/135 121/128/128 72/72/72
f 60/84/84 109/136/136 108/129/129 59/74/74
f 47/86/86 96/137/137 95/134/134 46/80/80
f 74/88/88 123/138/138 122/135/135 73/82/82
f 61/90/90 110/139/139 109/136/136 60/84/84
f 48/92/92 97/140/140 96/137/137 47/86/86
f 75/94/94 124/141/141 123/138/138 74/88/88
f 62/96/96 111/142/142 110/139/139 61/90/90
f 49/98/98 98/143/143 97/140/140 48/92/92
f 76/100/100 125/144/144 124/141/141 75/94/94
f 63/102/102 112/145/145 111/142/142 62/96/96
f 50/3/3 99/146/146 98/143/143 49/98/98
f 77/7/7 126/147/147 125/144/144 76/100/100
f 428/148/148 6009/149/149 6010/150/150 477/151/151
f 64/15/15 113/152/152 112/145/145 63/102/102
f 51/2/2 100/153/153 99/146/146 50/3/3
f 78/6/6 127/154/154 126/147/147 77/7/7
f 38/10/10 87/155/155 86/156/156 37/11/11
f 65/14/14 114/157/157 113/152/152 64/15/15
f 52/18/18 101/158/158 100/153/153 51/2/2
f 79/20/20 128/159/159 127/154/154 78/6/6
f 39/22/22 88/160/160 87/155/155 38/10/10
f 66/24/24 115/161/161 114/157/157 65/14/14
f 53/26/26 102/162/162 101/158/158 52/18/18
f 80/28/28 129/163/163 128/159/159 79/20/20
f 40/30/30 89/108/108 88/160/160 39/22/22
f 67/32/32 116/110/110 115/161/161 66/24/24
f 54/34/34 103/112/112 102/162/162 53/26/26
f 81/36/36 130/114/114 129/163/163 80/28/28
f 123/138/138 172/164/164 171/165/165 122/135/135
f 110/139/139 159/166/166 158/167/167 109/136/136
f 97/140/140 146/168/168 145/169/169 96/137/137
f 124/141/141 173/170/170 172/164/164 123/138/138
f 111/142/142 160/171/171 159/166/166 110/139/139
f 98/143/143 147/172/172 146/168/168 97/140/140
f 125/144/144 174/173/173 173/170/170 124/141/141
f 112/145/145 161/174/174 160/171/171 111/142/142
f 99/146/146 148/175/175 147/172/172 98/143/143
f 126/147/147 175/176/176 174/173/173 125/144/144
f 1800/177/177 6037/178/178 6038/179/179 1849/180/180
f 113/152/152 162/181/181 161/174/174 112/145/145
f 100/153/153 149/182/182 148/175/175 99/146/146
f 127/154/154 176/183/183 175/176/176 126/147/147
f 87/155/155 136/184/184 135/185/185 86/156/156
f 114/157/157 163/186/186 162/181/181 113/152/152
f 101/158/158 150/187/187 149/182/182 100/153/153
f 128/159/159 177/188/188 176/183/183 127/154/154
f 88/160/160 137/189/189 136/184/184 87/155/155
f 115/161/161 164/190/190 163/186/186 114/157/157
f 102/162/162 151/191/191 150/187/187 101/158/158
f 129/163/163 178/192/192 177/188/188 128/159/159
f 89/108/108 138/193/193 137/189/189 88/160/160
f 116/110/110 165/194/194 164/190/190 115/161/161
f 103/112/112 152/195/195 151/191/191 102/162/162
f 130/114/114 179/196/196 178/192/192 129/163/163
f 90/107/107 139/197/197 138/193/193 89/108/108
f 117/109/109 166/198/198 165/194/194 116/110/110
f 104/111/111 153/199/199 152/195/195 103/112/112
f 131/113/113 180/200/200 179/196/196 130/114/114
f 91/115/115 140/201/201 139/197/197 90/107/107
f 118/116/116 167/202/202 166/198/198 117/109/109
f 105/117/117 154/203/203 153/199/199 104/111/111
f 132/118/118 181/204/204 180/200/200 131/113/113
f 92/119/119 141/205/205 140/201/201 91/115/115
f 119/120/120 168/206/206 167/202/202 118/116/116
f 106/121/121 155/207/207 154/203/203 105/117/117
f 133/122/122 182/208/208 181/204/204 132/118/118
f 93/123/123 142/209/209 141/205/205 92/119/119
f 120/124/124 169/210/210 168/206/206 119/120/120
f 107/125/125 156/211/211 155/207/207 106/121/121
f 134/126/126 183/212/212 182/208/208 133/122/122
f 94/127/127 143/213/213 142/209/209 93/123/123
f 121/128/128 170/214/214 169/210/210 120/124/124
f 108/129/129 157/215/215 156/211/211 107/125/125
f 1115/216/216 5903/217/217 5902/218/218 1066/219/219
f 95/134/134 144/220/220 143/213/213 94/127/127
f 122/135/135 171/165/165 170/214/214 121/128/128
f 109/136/136 158/167/167 157/215/215 108/129/129
f 96/137/137 145/169/169 144/220/220 95/134/134
f 138/193/193 187/221/221 186/222/222 137/189/189
f 165/194/194 214/223/223 213/224/224 164/190/190
f 152/195/195 201/225/225 200/226/226 151/191/191
f 179/196/196 228/227/227 227/228/228 178/192/192
f 139/197/197 188/229/229 187/221/221 138/193/193
f 166/198/198 215/230/230 214/223/223 165/194/194
f 153/199/199 202/231/231 201/225/225 152/195/195
f 180/200/200 229/232/232 228/227/227 179/196/196
f 140/201/201 189/233/233 188/229/229 139/197/197
f 167/202/202 216/234/234 215/230/230 166/198/198
f 154/203/203 203/235/235 202/231/231 153/199/199
f 181/204/204 230/236/236 229/232/232 180/200/200
f 141/205/205 190/237/237 189/233/233 140/201/201
f 168/206/206 217/238/238 216/234/234 167/202/202
f 155/207/207 204/239/239 203/235/235 154/203/203
f 182/208/208 231/240/240 230/236/236 181/204/204
f 142/209/209 191/241/241 190/237/237 141/205/205
f 169/210/210 218/242/242 217/238/238 168/206/206
f 156/211/211 205/243/243 204/239/239 155/207/207
f 183/212/212 232/244/244 231/240/240 182/208/208
f 143/213/213 192/245/245 191/241/241 142/209/209
f 170/214/214 219/246/246 218/242/242 169/210/210
f 157/215/215 206/247/247 205/243/243 156/211/211
f 3075/248/248 5943/249/249 5942/250/250 3026/251/251
f 144/220/220 193/252/252 192/245/245 143/213/213
f 171/165/165 220/253/253 219/246/246 170/214/214
f 158/167/167 207/254/254 206/247/247 157/215/215
f 145/169/169 194/255/255 193/252/252 144/220/220
f 172/164/164 221/256/256 220/253/253 171/165/165
f 159/166/166 208/257/257 207/254/254 158/167/167
f 146/168/168 195/258/258 194/255/255 145/169/169
f 173/170/170 222/259/259 221/256/256 172/164/164
f 160/171/171 209/260/260 208/257/257 159/166/166
f 147/172/172 196/261/261 195/258/258 146/168/168
f 174/173/173 223/262/262 222/259/259 173/170/170
f 161/174/174 210/263/263 209/260/260 160/171/171
f 148/175/175 197/264/264 196/261/261 147/172/172
f 175/176/176 224/265/265 223/262/262 174/173/173
f 5183/266/266 6106/267/267 6107/268/268 5232/269/269
f 162/181/181 211/270/270 210/263/263 161/174/174
f 149/182/182 198/271/271 197/264/264 148/175/175
f 176/183/183 225/272/272 224/265/265 175/176/176
f 136/184/184 185/273/273 184/274/274 135/185/185
f 163/186/186 212/275/275 211/270/270 162/181/181
f 150/187/187 199/276/276 198/271/271 149/182/182
f 177/188/188 226/277/277 225/272/272 176/183/183
f 137/189/189 186/222/222 185/273/273 136/184/184
f 164/190/190 213/224/224 212/275/275 163/186/186
f 151/191/191 200/226/226 199/276/276 150/187/187
f 178/192/192 227/228/228 226/277/277 177/188/188
f 220/253/253 269/278/278 268/279/279 219/246/246
f 207/254/254 256/280/280 255/281/281 206/247/247
f 194/255/255 243/282/282 242/283/283 193/252/252
f 221/256/256 270/284/284 269/278/278 220/253/253
f 208/257/257 257/285/285 256/280/280 207/254/254
f 195/258/258 244/286/286 243/282/282 194/255/255
f 222/259/259 271/287/287 270/284/284 221/256/256
f 209/260/260 258/288/288 257/285/285 208/257/257
f 196/261/261 245/289/289 244/286/286 195/258/258
f 223/262/262 272/290/290 271/287/287 222/259/259
f 210/263/263 259/291/291 258/288/288 209/260/260
f 197/264/264 246/292/292 245/289/289 196/261/261
f 224/265/265 273/293/293 272/290/290 223/262/262
f 4203/294/294 6086/295/295 6087/296/296 4252/297/297
f 211/270/270 260/298/298 259/291/291 210/263/263
f 198/271/271 247/299/299 246/292/292 197/264/264
f 225/272/272 274/300/300 273/293/293 224/265/265
f 185/273/273 234/301/301 233/302/302 184/274/274
f 212/275/275 261/303/303 260/298/298 211/270/270
f 199/276/276 248/304/304 247/299/299 198/271/271
f 226/277/277 275/305/305 274/300/300 225/272/272
f 186/222/222 235/306/306 234/301/301 185/273/273
f 213/224/224 262/307/307 261/303/303 212/275/275
f 200/226/226 249/308/308 248/304/304 199/276/276
f 227/228/228 276/309/309 275/305/305 226/277/277
f 187/221/221 236/310/310 235/306/306 186/222/222
f 214/223/223 263/311/311 262/307/307 213/224/224
f 201/225/225 250/312/312 249/308/308 200/226/226
f 228/227/227 277/313/313 276/309/309 227/228/228
f 188/229/229 237/314/314 236/310/310 187/221/221
f 215/230/230 264/315/315 263/311/311 214/223/223
f 202/231/231 251/316/316 250/312/312 201/225/225
f 229/232/232 278/317/317 277/313/313 228/227/227
f 189/233/233 238/318/318 237/314/314 188/229/229
f 216/234/234 265/319/319 264/315/315 215/230/230
f 203/235/235 252/320/320 251/316/316 202/231/231
f 230/236/236 279/321/321 278/317/317 229/232/232
f 190/237/237 239/322/322 238/318/318 189/233/233
f 217/238/238 266/323/323 265/319/319 216/234/234
f 204/239/239 253/324/324 252/320/320 203/235/235
f 231/240/240 280/325/325 279/321/321 230/236/236
f 191/241/241 240/326/326 239/322/322 190/237/237
f 218/242/242 267/327/327 266/323/323 217/238/238
f 205/243/243 254/328/328 253/324/324 204/239/239
f 232/244/244 281/329/329 280/325/325 231/240/240
f 192/245/245 241/330/330 240/326/326 191/241/241
f 219/246/246 268/279/279 267/327/327 218/242/242
f 206/247/247 255/281/281 254/328/328 205/243/243
f 2340/331/331 5928/332/332 5927/333/333 2291/334/334
f 193/252/252 242/283/283 241/330/330 192/245/245
f 235/306/306 284/335/335 283/336/336 234/301/301
f 262/307/307 311/337/337 310/338/338 261/303/303
f 249/308/308 298/339/339 297/340/340 248/304/304
f 276/309/309 325/341/341 324/342/342 275/305/305
f 236/310/310 285/343/343 284/335/335 235/306/306
f 263/311/311 312/344/344 311/337/337 262/307/307
f 250/312/312 299/345/345 298/339/339 249/308/308
f 277/313/313 326/346/346 325/341/341 276/309/309
f 237/314/314 286/347/347 285/343/343 236/310/310
f 264/315/315 313/348/348 312/344/344 263/311/311
f 251/316/316 300/349/349 299/345/345 250/312/312
f 278/317/317 327/350/350 326/346/346 277/313/313
f 238/318/318 287/351/351 286/347/347 237/314/314
f 265/319/319 314/352/352 313/348/348 264/315/315
f 252/320/320 301/353/353 300/349/349 251/316/316
f 279/321/321 328/354/354 327/350/350 278/317/317
f 239/322/322 288/355/355 287/351/351 238/318/318
f 266/323/323 315/356/356 314/352/352 265/319/319
f 253/324/324 302/357/357 301/353/353 252/320/320
f 280/325/325 329/358/358 328/354/354 279/321/321
f 240/326/326 289/359/359 288/355/355 239/322/322
f 267/327/327 316/360/360 315/356/356 266/323/323
f 254/328/328 303/361/361 302/357/357 253/324/324
f 281/329/329 330/362/362 329/358/358 280/325/325
f 241/330/330 290/363/363 289/359/359 240/326/326
f 268/279/279 317/364/364 316/360/360 267/327/327
f 255/281/281 304/365/365 303/361/361 254/328/328
f 870/366/366 5898/367/367 5897/368/368 821/369/369
f 242/283/283 291/370/370 290/363/363 241/330/330
f 269/278/278 318/371/371 317/364/364 268/279/279
f 256/280/280 305/372/372 304/365/365 255/281/281
f 243/282/282 292/373/373 291/370/370 242/283/283
f 270/284/284 319/374/374 318/371/371 269/278/278
f 257/285/285 306/375/375 305/372/372 256/280/280
f 244/286/286 293/376/376 292/373/373 243/282/282
f 271/287/287 320/377/377 319/374/374 270/284/284
f 258/288/288 307/378/378 306/375/375 257/285/285
f 245/289/289 294/379/379 293/376/376 244/286/286
f 272/290/290 321/380/380 320/377/377 271/287/287
f 259/291/291 308/381/381 307/378/378 258/288/288
f 246/292/292 295/382/382 294/379/379 245/289/289
f 273/293/293 322/383/383 321/380/380 272/290/290
f 918/384/384 6019/385/385 6020/386/386 967/387/387
f 260/298/298 309/388/388 308/381/381 259/291/291
f 247/299/299 296/389/389 295/382/382 246/292/292
f 274/300/300 323/390/390 322/383/383 273/293/293
f 234/301/301 283/336/336 282/391/391 233/302/302
f 261/303/303 310/338/338 309/388/388 260/298/298
f 248/304/304 297/340/340 296/389/389 247/299/299
f 275/305/305 324/342/342 323/390/390 274/300/300
f 317/364/364 366/392/392 365/393/393 316/360/360
f 304/365/365 353/394/394 352/395/395 303/361/361
f 4057/396/396 5963/397/397 5962/76/76 4007/75/75
f 291/370/370 340/398/398 339/399/399 290/363/363
f 318/371/371 367/400/400 366/392/392 317/364/364
f 305/372/372 354/401/401 353/394/394 304/365/365
f 292/373/373 341/402/402 340/398/398 291/370/370
f 319/374/374 368/403/403 367/400/400 318/371/371
f 306/375/375 355/404/404 354/401/401 305/372/372
f 293/376/376 342/405/405 341/402/402 292/373/373
f 320/377/377 369/406/406 368/403/403 319/374/374
f 307/378/378 356/407/407 355/404/404 306/375/375
f 294/379/379 343/408/408 342/405/405 293/376/376
f 321/380/380 370/409/409 369/406/406 320/377/377
f 308/381/381 357/410/410 356/407/407 307/378/378
f 295/382/382 344/411/411 343/408/408 294/379/379
f 322/383/383 371/412/412 370/409/409 321/380/380
f 2143/413/413 6044/414/414 6045/415/415 2192/416/416
f 309/388/388 358/417/417 357/410/410 308/381/381
f 296/389/389 345/418/418 344/411/411 295/382/382
f 323/390/390 372/419/419 371/412/412 322/383/383
f 283/336/336 332/420/420 331/421/421 282/391/391
f 310/338/338 359/422/422 358/417/417 309/388/388
f 297/340/340 346/423/423 345/418/418 296/389/389
f 324/342/342 373/424/424 372/419/419 323/390/390
f 284/335/335 333/425/425 332/420/420 283/336/336
f 311/337/337 360/426/426 359/422/422 310/338/338
f 298/339/339 347/427/427 346/423/423 297/340/340
f 325/341/341 374/428/428 373/424/424 324/342/342
f 285/343/343 334/429/429 333/425/425 284/335/335
f 312/344/344 361/430/430 360/426/426 311/337/337
f 299/345/345 348/431/431 347/427/427 298/339/339
f 326/346/346 375/432/432 374/428/428 325/341/341
f 286/347/347 335/433/433 334/429/429 285/343/343
f 313/348/348 362/434/434 361/430/430 312/344/344
f 300/349/349 349/435/435 348/431/431 299/345/345
f 327/350/350 376/436/436 375/432/432 326/346/346
f 287/351/351 336/437/437 335/433/433 286/347/347
f 314/352/352 363/438/438 362/434/434 313/348/348
f 301/353/353 350/439/439 349/435/435 300/349/349
f 328/354/354 377/440/440 376/436/436 327/350/350
f 288/355/355 337/441/441 336/437/437 287/351/351
f 315/356/356 364/442/442 363/438/438 314/352/352
f 302/357/357 351/443/443 350/439/439 301/353/353
f 329/358/358 378/444/444 377/440/440 328/354/354
f 289/359/359 338/445/445 337/441/441 288/355/355
f 316/360/360 365/393/393 364/442/442 315/356/356
f 303/361/361 352/395/395 351/443/443 302/357/357
f 330/362/362 379/446/446 378/444/444 329/358/358
f 290/363/363 339/399/399 338/445/445 289/359/359
f 332/420/420 381/447/447 380/448/448 331/421/421
f 359/422/422 408/449/449 407/450/450 358/417/417
f 346/423/423 395/451/451 394/452/452 345/418/418
f 373/424/424 422/453/453 421/454/454 372/419/419
f 333/425/425 382/455/455 381/447/447 332/420/420
f 360/426/426 409/456/456 408/449/449 359/422/422
f 347/427/427 396/457/457 395/451/451 346/423/423
f 374/428/428 423/458/458 422/453/453 373/424/424
f 334/429/429 383/459/459 382/455/455 333/425/425
f 361/430/430 410/460/460 409/456/456 360/426/426
f 348/431/431 397/461/461 396/457/457 347/427/427
f 375/432/432 424/462/462 423/458/458 374/428/428
f 335/433/433 384/463/463 383/459/459 334/429/429
f 362/434/434 411/464/464 410/460/460 361/430/430
f 349/435/435 398/465/465 397/461/461 348/431/431
f 376/436/436 425/466/466 424/462/462 375/432/432
f 336/437/437 385/467/467 384/463/463 335/433/433
f 363/438/438 412/468/468 411/464/464 362/434/434
f 350/439/439 399/469/469 398/465/465 349/435/435
f 377/440/440 426/470/470 425/466/466 376/436/436
f 337/441/441 386/471/471 385/467/467 336/437/437
f 364/442/442 413/472/472 412/468/468 363/438/438
f 351/443/443 400/473/473 399/469/469 350/439/439
f 378/444/444 427/474/474 426/470/470 377/440/440
f 338/445/445 387/475/475 386/471/471 337/441/441
f 365/393/393 414/476/476 413/472/472 364/442/442
f 352/395/395 401/477/477 400/473/473 351/443/443
f 379/446/446 428/148/148 427/474/474 378/444/444
f 339/399/399 388/478/478 387/475/475 338/445/445
f 366/392/392 415/479/479 414/476/476 365/393/393
f 353/394/394 402/480/480 401/477/477 352/395/395
f 1458/481/481 5910/482/482 5909/483/483 1409/484/484
f 340/398/398 389/485/485 388/478/478 339/399/399
f 367/400/400 416/486/486 415/479/479 366/392/392
f 354/401/401 403/487/487 402/480/480 353/394/394
f 341/402/402 390/488/488 389/485/485 340/398/398
f 368/403/403 417/489/489 416/486/486 367/400/400
f 355/404/404 404/490/490 403/487/487 354/401/401
f 342/405/405 391/491/491 390/488/488 341/402/402
f 369/406/406 418/492/492 417/489/489 368/403/403
f 356/407/407 405/493/493 404/490/490 355/404/404
f 343/408/408 392/494/494 391/491/491 342/405/405
f 370/409/409 419/495/495 418/492/492 369/406/406
f 357/410/410 406/496/496 405/493/493 356/407/407
f 344/411/411 393/497/497 392/494/494 343/408/408
f 371/412/412 420/498/498 419/495/495 370/409/409
f 771/499/499 6016/500/500 6017/501/501 820/502/502
f 358/417/417 407/450/450 406/496/496 357/410/410
f 345/418/418 394/452/452 393/497/497 344/411/411
f 372/419/419 421/454/454 420/498/498 371/412/412
f 414/476/476 463/503/503 462/504/504 413/472/472
f 401/477/477 450/505/505 449/506/506 400/473/473
f 428/148/148 477/151/151 476/507/507 427/474/474
f 388/478/478 437/508/508 436/509/509 387/475/475
f 415/479/479 464/510/510 463/503/503 414/476/476
f 402/480/480 451/511/511 450/505/505 401/477/477
f 4743/512/512 5977/513/513 5976/514/514 4694/515/515
f 389/485/485 438/516/516 437/508/508 388/478/478
f 416/486/486 465/517/517 464/510/510 415/479/479
f 403/487/487 452/518/518 451/511/511 402/480/480
f 390/488/488 439/519/519 438/516/516 389/485/485
f 417/489/489 466/520/520 465/517/517 416/486/486
f 404/490/490 453/521/521 452/518/518 403/487/487
f 391/491/491 440/522/522 439/519/519 390/488/488
f 418/492/492 467/523/523 466/520/520 417/489/489
f 405/493/493 454/524/524 453/521/521 404/490/490
f 392/494/494 441/525/525 440/522/522 391/491/491
f 419/495/495 468/526/526 467/523/523 418/492/492
f 406/496/496 455/527/527 454/524/524 405/493/493
f 393/497/497 442/528/528 441/525/525 392/494/494
f 420/498/498 469/529/529 468/526/526 419/495/495
f 3810/530/530 6078/531/531 6079/532/532 3859/533/533
f 407/450/450 456/534/534 455/527/527 406/496/496
f 394/452/452 443/535/535 442/528/528 393/497/497
f 421/454/454 470/536/536 469/529/529 420/498/498
f 381/447/447 430/537/537 429/538/538 380/448/448
f 408/449/449 457/539/539 456/534/534 407/450/450
f 395/451/451 444/540/540 443/535/535 394/452/452
f 422/453/453 471/541/541 470/536/536 421/454/454
f 382/455/455 431/542/542 430/537/537 381/447/447
f 409/456/456 458/543/543 457/539/539 408/449/449
f 396/457/457 445/544/544 444/540/540 395/451/451
f 423/458/458 472/545/545 471/541/541 422/453/453
f 383/459/459 432/546/546 431/542/542 382/455/455
f 410/460/460 459/547/547 458/543/543 409/456/456
f 397/461/461 446/548/548 445/544/544 396/457/457
f 424/462/462 473/549/549 472/545/545 423/458/458
f 384/463/463 433/550/550 432/546/546 383/459/459
f 411/464/464 460/551/551 459/547/547 410/460/460
f 398/465/465 447/552/552 446/548/548 397/461/461
f 425/466/466 474/553/553 473/549/549 424/462/462
f 385/467/467 434/554/554 433/550/550 384/463/463
f 412/468/468 461/555/555 460/551/551 411/464/464
f 399/469/469 448/556/556 447/552/552 398/465/465
f 426/470/470 475/557/557 474/553/553 425/466/466
f 386/471/471 435/558/558 434/554/554 385/467/467
f 413/472/472 462/504/504 461/555/555 412/468/468
f 400/473/473 449/506/506 448/556/556 399/469/469
f 427/474/474 476/507/507 475/557/557 426/470/470
f 387/475/475 436/509/509 435/558/558 386/471/471
f 4840/559/559 6099/560/560 6100/561/561 4889/562/562
f 456/534/534 505/563/563 504/564/564 455/527/527
f 443/535/535 492/565/565 491/566/566 442/528/528
f 470/536/536 519/567/567 518/568/568 469/529/529
f 430/537/537 479/569/569 478/570/570 429/538/538
f 457/539/539 506/571/571 505/563/563 456/534/534
f 444/540/540 493/572/572 492/565/565 443/535/535
f 471/541/541 520/573/573 519/567/567 470/536/536
f 431/542/542 480/574/574 479/569/569 430/537/537
f 458/543/543 507/575/575 506/571/571 457/539/539
f 445/544/544 494/576/576 493/572/572 444/540/540
f 472/545/545 521/577/577 520/573/573 471/541/541
f 432/546/546 481/578/578 480/574/574 431/542/542
f 459/547/547 508/579/579 507/575/575 458/543/543
f 446/548/548 495/580/580 494/576/576 445/544/544
f 473/549/549 522/581/581 521/577/577 472/545/545
f 433/550/550 482/582/582 481/578/578 432/546/546
f 460/551/551 509/583/583 508/579/579 459/547/547
f 447/552/552 496/584/584 495/580/580 446/548/548
f 474/553/553 523/585/585 522/581/581 473/549/549
f 434/554/554 483/586/586 482/582/582 433/550/550
f 461/555/555 510/587/587 509/583/583 460/551/551
f 448/556/556 497/588/588 496/584/584 447/552/552
f 475/557/557 524/589/589 523/585/585 474/553/553
f 435/558/558 484/590/590 483/586/586 434/554/554
f 462/504/504 511/591/591 510/587/587 461/555/555
f 449/506/506 498/592/592 497/588/588 448/556/556
f 476/507/507 525/593/593 524/589/589 475/557/557
f 436/509/509 485/594/594 484/590/590 435/558/558
f 463/503/503 512/595/595 511/591/591 462/504/504
f 450/505/505 499/596/596 498/592/592 449/506/506
f 477/151/151 526/597/597 525/593/593 476/507/507
f 437/508/508 486/598/598 485/594/594 436/509/509
f 464/510/510 513/599/599 512/595/595 463/503/503
f 451/511/511 500/600/600 499/596/596 450/505/505
f 2487/601/601 5931/602/602 5930/603/603 2438/604/604
f 438/516/516 487/605/605 486/598/598 437/508/508
f 465/517/517 514/606/606 513/599/599 464/510/510
f 452/518/518 501/607/607 500/600/600 451/511/511
f 439/519/519 488/608/608 487/605/605 438/516/516
f 466/520/520 515/609/609 514/606/606 465/517/517
f 453/521/521 502/610/610 501/607/607 452/518/518
f 440/522/522 489/611/611 488/608/608 439/519/519
f 467/523/523 516/612/612 515/609/609 466/520/520
f 454/524/524 503/613/613 502/610/610 453/521/521
f 441/525/525 490/614/614 489/611/611 440/522/522
f 468/526/526 517/615/615 516/612/612 467/523/523
f 455/527/527 504/564/564 503/613/613 454/524/524
f 442/528/528 491/566/566 490/614/614 441/525/525
f 469/529/529 518/568/568 517/615/615 468/526/526
f 511/591/591 560/616/616 559/617/617 510/587/587
f 498/592/592 547/618/618 546/619/619 497/588/588
f 525/593/593 574/620/620 573/621/621 524/589/589
f 485/594/594 534/622/622 533/623/623 484/590/590
f 512/595/595 561/624/624 560/616/616 511/591/591
f 499/596/596 548/625/625 547/618/618 498/592/592
f 526/597/597 575/626/626 574/620/620 525/593/593
f 486/598/598 535/627/627 534/622/622 485/594/594
f 513/599/599 562/628/628 561/624/624 512/595/595
f 500/600/600 549/629/629 548/625/625 499/596/596
f 4890/630/630 5980/631/631 5979/632/632 4841/633/633
f 487/605/605 536/634/634 535/627/627 486/598/598
f 514/606/606 563/635/635 562/628/628 513/599/599
f 501/607/607 550/636/636 549/629/629 500/600/600
f 488/608/608 537/637/637 536/634/634 487/605/605
f 515/609/609 564/638/638 563/635/635 514/606/606
f 502/610/610 551/639/639 550/636/636 501/607/607
f 489/611/611 538/640/640 537/637/637 488/608/608
f 516/612/612 565/641/641 564/638/638 515/609/609
f 503/613/613 552/642/642 551/639/639 502/610/610
f 490/614/614 539/643/643 538/640/640 489/611/611
f 517/615/615 566/644/644 565/641/641 516/612/612
f 504/564/564 553/645/645 552/642/642 503/613/613
f 491/566/566 540/646/646 539/643/643 490/614/614
f 518/568/568 567/647/647 566/644/644 517/615/615
f 5673/648/648 6116/649/649 6117/650/650 5722/651/651
f 505/563/563 554/652/652 553/645/645 504/564/564
f 492/565/565 541/653/653 540/646/646 491/566/566
f 519/567/567 568/654/654 567/647/647 518/568/568
f 479/569/569 528/655/655 527/656/656 478/570/570
f 506/571/571 555/657/657 554/652/652 505/563/563
f 493/572/572 542/658/658 541/653/653 492/565/565
f 520/573/573 569/659/659 568/654/654 519/567/567
f 480/574/574 529/660/660 528/655/655 479/569/569
f 507/575/575 556/661/661 555/657/657 506/571/571
f 494/576/576 543/662/662 542/658/658 493/572/572
f 521/577/577 570/663/663 569/659/659 520/573/573
f 481/578/578 530/664/664 529/660/660 480/574/574
f 508/579/579 557/665/665 556/661/661 507/575/575
f 495/580/580 544/666/666 543/662/662 494/576/576
f 522/581/581 571/667/667 570/663/663 521/577/577
f 482/582/582 531/668/668 530/664/664 481/578/578
f 509/583/583 558/669/669 557/665/665 508/579/579
f 496/584/584 545/670/670 544/666/666 495/580/580
f 523/585/585 572/671/671 571/667/667 522/581/581
f 483/586/586 532/672/672 531/668/668 482/582/582
f 510/587/587 559/617/617 558/669/669 509/583/583
f 497/588/588 546/619/619 545/670/670 496/584/584
f 524/589/589 573/621/621 572/671/671 523/585/585
f 484/590/590 533/623/623 532/672/672 483/586/586
f 553/645/645 602/673/673 601/674/674 552/642/642
f 540/646/646 589/675/675 588/676/676 539/643/643
f 567/647/647 616/677/677 615/678/678 566/644/644
f 3467/679/679 6071/680/680 6072/681/681 3516/682/682
f 554/652/652 603/683/683 602/673/673 553/645/645
f 541/653/653 590/684/684 589/675/675 540/646/646
f 568/654/654 617/685/685 616/677/677 567/647/647
f 528/655/655 577/686/686 576/687/687 527/656/656
f 555/657/657 604/688/688 603/683/683 554/652/652
f 542/658/658 591/689/689 590/684/684 541/653/653
f 569/659/659 618/690/690 617/685/685 568/654/654
f 529/660/660 578/691/691 577/686/686 528/655/655
f 556/661/661 605/692/692 604/688/688 555/657/657
f 543/662/662 592/693/693 591/689/689 542/658/658
f 570/663/663 619/694/694 618/690/690 569/659/659
f 530/664/664 579/695/695 578/691/691 529/660/660
f 557/665/665 606/696/696 605/692/692 556/661/661
f 544/666/666 593/697/697 592/693/693 543/662/662
f 571/667/667 620/698/698 619/694/694 570/663/663
f 531/668/668 580/699/699 579/695/695 530/664/664
f 558/669/669 607/700/700 606/696/696 557/665/665
f 545/670/670 594/701/701 593/697/697 544/666/666
f 572/671/671 621/702/702 620/698/698 571/667/667
f 532/672/672 581/703/703 580/699/699 531/668/668
f 559/617/617 608/704/704 607/700/700 558/669/669
f 546/619/619 595/705/705 594/701/701 545/670/670
f 573/621/621 622/706/706 621/702/702 572/671/671
f 533/623/623 582/707/707 581/703/703 532/672/672
f 560/616/616 609/708/708 608/704/704 559/617/617
f 547/618/618 596/709/709 595/705/705 546/619/619
f 574/620/620 623/710/710 622/706/706 573/621/621
f 534/622/622 583/711/711 582/707/707 533/623/623
f 561/624/624 610/712/712 609/708/708 560/616/616
f 548/625/625 597/713/713 596/709/709 547/618/618
f 575/626/626 624/714/714 623/710/710 574/620/620
f 535/627/627 584/715/715 583/711/711 534/622/622
f 562/628/628 611/716/716 610/712/712 561/624/624
f 549/629/629 598/717/717 597/713/713 548/625/625
f 723/718/718 5895/719/719 5894/720/720 674/721/721
f 536/634/634 585/722/722 584/715/715 535/627/627
f 563/635/635 612/723/723 611/716/716 562/628/628
f 550/636/636 599/724/724 598/717/717 549/629/629
f 537/637/637 586/725/725 585/722/722 536/634/634
f 564/638/638 613/726/726 612/723/723 563/635/635
f 551/639/639 600/727/727 599/724/724 550/636/636
f 538/640/640 587/728/728 586/725/725 537/637/637
f 565/641/641 614/729/729 613/726/726 564/638/638
f 552/642/642 601/674/674 600/727/727 551/639/639
f 539/643/643 588/676/676 587/728/728 538/640/640
f 566/644/644 615/678/678 614/729/729 565/641/641
f 608/704/704 657/730/730 656/731/731 607/700/700
f 595/705/705 644/732/732 643/733/733 594/701/701
f 622/706/706 671/734/734 670/735/735 621/702/702
f 582/707/707 631/736/736 630/737/737 581/703/703
f 609/708/708 658/738/738 657/730/730 608/704/704
f 596/709/709 645/739/739 644/732/732 595/705/705
f 623/710/710 672/740/740 671/734/734 622/706/706
f 583/711/711 632/741/741 631/736/736 582/707/707
f 610/712/712 659/742/742 658/738/738 609/708/708
f 597/713/713 646/743/743 645/739/739 596/709/709
f 624/714/714 673/744/744 672/740/740 623/710/710
f 584/715/715 633/745/745 632/741/741 583/711/711
f 611/716/716 660/746/746 659/742/742 610/712/712
f 598/717/717 647/747/747 646/743/743 597/713/713
f 5135/748/748 5985/749/749 5984/750/750 5086/751/751
f 585/722/722 634/752/752 633/745/745 584/715/715
f 612/723/723 661/753/753 660/746/746 611/716/716
f 599/724/724 648/754/754 647/747/747 598/717/717
f 586/725/725 635/755/755 634/752/752 585/722/722
f 613/726/726 662/756/756 661/753/753 612/723/723
f 600/727/727 649/757/757 648/754/754 599/724/724
f 587/728/728 636/758/758 635/755/755 586/725/725
f 614/729/729 663/759/759 662/756/756 613/726/726
f 601/674/674 650/760/760 649/757/757 600/727/727
f 588/676/676 637/761/761 636/758/758 587/728/728
f 615/678/678 664/762/762 663/759/759 614/729/729
f 602/673/673 651/763/763 650/760/760 601/674/674
f 589/675/675 638/764/764 637/761/761 588/676/676
f 616/677/677 665/765/765 664/762/762 615/678/678
f 4546/766/766 6093/767/767 6094/768/768 4595/769/769
f 603/683/683 652/770/770 651/763/763 602/673/673
f 590/684/684 639/771/771 638/764/764 589/675/675
f 617/685/685 666/772/772 665/765/765 616/677/677
f 577/686/686 626/773/773 625/774/774 576/687/687
f 604/688/688 653/775/775 652/770/770 603/683/683
f 591/689/689 640/776/776 639/771/771 590/684/684
f 618/690/690 667/777/777 666/772/772 617/685/685
f 578/691/691 627/778/778 626/773/773 577/686/686
f 605/692/692 654/779/779 653/775/775 604/688/688
f 592/693/693 641/780/780 640/776/776 591/689/689
f 619/694/694 668/781/781 667/777/777 618/690/690
f 579/695/695 628/782/782 627/778/778 578/691/691
f 606/696/696 655/783/783 654/779/779 605/692/692
f 593/697/697 642/784/784 641/780/780 592/693/693
f 620/698/698 669/785/785 668/781/781 619/694/694
f 580/699/699 629/786/786 628/782/782 579/695/695
f 607/700/700 656/731/731 655/783/783 606/696/696
f 594/701/701 643/733/733 642/784/784 593/697/697
f 621/702/702 670/735/735 669/785/785 620/698/698
f 581/703/703 630/737/737 629/786/786 580/699/699
f 650/760/760 699/787/787 698/788/788 649/757/757
f 637/761/761 686/789/789 685/790/790 636/758/758
f 664/762/762 713/791/791 712/792/792 663/759/759
f 651/763/763 700/793/793 699/787/787 650/760/760
f 638/764/764 687/794/794 686/789/789 637/761/761
f 665/765/765 714/795/795 713/791/791 664/762/762
f 183/212/212 6004/796/796 6005/797/797 232/244/244
f 652/770/770 701/798/798 700/793/793 651/763/763
f 639/771/771 688/799/799 687/794/794 638/764/764
f 666/772/772 715/800/800 714/795/795 665/765/765
f 626/773/773 675/801/801 674/721/721 625/774/774
f 653/775/775 702/802/802 701/798/798 652/770/770
f 640/776/776 689/803/803 688/799/799 639/771/771
f 667/777/777 716/804/804 715/800/800 666/772/772
f 627/778/778 676/805/805 675/801/801 626/773/773
f 654/779/779 703/806/806 702/802/802 653/775/775
f 641/780/780 690/807/807 689/803/803 640/776/776
f 668/781/781 717/808/808 716/804/804 667/777/777
f 628/782/782 677/809/809 676/805/805 627/778/778
f 655/783/783 704/810/810 703/806/806 654/779/779
f 642/784/784 691/811/811 690/807/807 641/780/780
f 669/785/785 718/812/812 717/808/808 668/781/781
f 629/786/786 678/813/813 677/809/809 628/782/782
f 656/731/731 705/814/814 704/810/810 655/783/783
f 643/733/733 692/815/815 691/811/811 642/784/784
f 670/735/735 719/816/816 718/812/812 669/785/785
f 630/737/737 679/817/817 678/813/813 629/786/786
f 657/730/730 706/818/818 705/814/814 656/731/731
f 644/732/732 693/819/819 692/815/815 643/733/733
f 671/734/734 720/820/820 719/816/816 670/735/735
f 631/736/736 680/821/821 679/817/817 630/737/737
f 658/738/738 707/822/822 706/818/818 657/730/730
f 645/739/739 694/823/823 693/819/819 644/732/732
f 672/740/740 721/824/824 720/820/820 671/734/734
f 632/741/741 681/825/825 680/821/821 631/736/736
f 659/742/742 708/826/826 707/822/822 658/738/738
f 646/743/743 695/827/827 694/823/823 645/739/739
f 673/744/744 722/828/828 721/824/824 672/740/740
f 633/745/745 682/829/829 681/825/825 632/741/741
f 660/746/746 709/830/830 708/826/826 659/742/742
f 647/747/747 696/831/831 695/827/827 646/743/743
f 3419/832/832 5950/833/833 5949/834/834 3370/835/835
f 634/752/752 683/836/836 682/829/829 633/745/745
f 661/753/753 710/837/837 709/830/830 660/746/746
f 648/754/754 697/838/838 696/831/831 647/747/747
f 635/755/755 684/839/839 683/836/836 634/752/752
f 662/756/756 711/840/840 710/837/837 661/753/753
f 649/757/757 698/788/788 697/838/838 648/754/754
f 636/758/758 685/790/790 684/839/839 635/755/755
f 663/759/759 712/792/792 711/840/840 662/756/756
f 705/814/814 754/841/841 753/842/842 704/810/810
f 692/815/815 741/843/843 740/844/844 691/811/811
f 719/816/816 768/845/845 767/846/846 718/812/812
f 679/817/817 728/847/847 727/848/848 678/813/813
f 706/818/818 755/849/849 754/841/841 705/814/814
f 693/819/819 742/850/850 741/843/843 692/815/815
f 720/820/820 769/851/851 768/845/845 719/816/816
f 680/821/821 729/852/852 728/847/847 679/817/817
f 707/822/822 756/853/853 755/849/849 706/818/818
f 694/823/823 743/854/854 742/850/850 693/819/819
f 721/824/824 770/855/855 769/851/851 720/820/820
f 681/825/825 730/856/856 729/852/852 680/821/821
f 708/826/826 757/857/857 756/853/853 707/822/822
f 695/827/827 744/858/858 743/854/854 694/823/823
f 722/828/828 771/499/499 770/855/855 721/824/824
f 682/829/829 731/859/859 730/856/856 681/825/825
f 709/830/830 758/860/860 757/857/857 708/826/826
f 696/831/831 745/861/861 744/858/858 695/827/827
f 2830/862/862 5938/863/863 5937/864/864 2781/865/865
f 683/836/836 732/866/866 731/859/859 682/829/829
f 710/837/837 759/867/867 758/860/860 709/830/830
f 697/838/838 746/868/868 745/861/861 696/831/831
f 684/839/839 733/869/869 732/866/866 683/836/836
f 711/840/840 760/870/870 759/867/867 710/837/837
f 698/788/788 747/871/871 746/868/868 697/838/838
f 685/790/790 734/872/872 733/869/869 684/839/839
f 712/792/792 761/873/873 760/870/870 711/840/840
f 699/787/787 748/874/874 747/871/871 698/788/788
f 686/789/789 735/875/875 734/872/872 685/790/790
f 713/791/791 762/876/876 761/873/873 712/792/792
f 700/793/793 749/877/877 748/874/874 699/787/787
f 687/794/794 736/878/878 735/875/875 686/789/789
f 714/795/795 763/879/879 762/876/876 713/791/791
f 1604/880/880 6033/881/881 6034/882/882 1653/883/883
f 701/798/798 750/884/884 749/877/877 700/793/793
f 688/799/799 737/885/885 736/878/878 687/794/794
f 715/800/800 764/886/886 763/879/879 714/795/795
f 675/801/801 724/887/887 723/718/718 674/721/721
f 702/802/802 751/888/888 750/884/884 701/798/798
f 689/803/803 738/889/889 737/885/885 688/799/799
f 716/804/804 765/890/890 764/886/886 715/800/800
f 676/805/805 725/891/891 724/887/887 675/801/801
f 703/806/806 752/892/892 751/888/888 702/802/802
f 690/807/807 739/893/893 738/889/889 689/803/803
f 717/808/808 766/894/894 765/890/890 716/804/804
f 677/809/809 726/895/895 725/891/891 676/805/805
f 704/810/810 753/842/842 752/892/892 703/806/806
f 691/811/811 740/844/844 739/893/893 690/807/807
f 718/812/812 767/846/846 766/894/894 717/808/808
f 678/813/813 727/848/848 726/895/895 677/809/809
f 747/871/871 796/896/896 795/897/897 746/868/868
f 734/872/872 783/898/898 782/899/899 733/869/869
f 761/873/873 810/900/900 809/901/901 760/870/870
f 748/874/874 797/902/902 796/896/896 747/871/871
f 735/875/875 784/903/903 783/898/898 734/872/872
f 762/876/876 811/904/904 810/900/900 761/873/873
f 749/877/877 798/905/905 797/902/902 748/874/874
f 736/878/878 785/906/906 784/903/903 735/875/875
f 763/879/879 812/907/907 811/904/904 762/876/876
f 5771/908/908 6118/909/909 6119/910/910 5820/911/911
f 750/884/884 799/912/912 798/905/905 749/877/877
f 737/885/885 786/913/913 785/906/906 736/878/878
f 764/886/886 813/914/914 812/907/907 763/879/879
f 724/887/887 773/915/915 772/916/916 723/718/718
f 751/888/888 800/917/917 799/912/912 750/884/884
f 738/889/889 787/918/918 786/913/913 737/885/885
f 765/890/890 814/919/919 813/914/914 764/886/886
f 725/891/891 774/920/920 773/915/915 724/887/887
f 752/892/892 801/921/921 800/917/917 751/888/888
f 739/893/893 788/922/922 787/918/918 738/889/889
f 766/894/894 815/923/923 814/919/919 765/890/890
f 726/895/895 775/924/924 774/920/920 725/891/891
f 753/842/842 802/925/925 801/921/921 752/892/892
f 740/844/844 789/926/926 788/922/922 739/893/893
f 767/846/846 816/927/927 815/923/923 766/894/894
f 727/848/848 776/928/928 775/924/924 726/895/895
f 754/841/841 803/929/929 802/925/925 753/842/842
f 741/843/843 790/930/930 789/926/926 740/844/844
f 768/845/845 817/931/931 816/927/927 767/846/846
f 728/847/847 777/932/932 776/928/928 727/848/848
f 755/849/849 804/933/933 803/929/929 754/841/841
f 742/850/850 791/934/934 790/930/930 741/843/843
f 769/851/851 818/935/935 817/931/931 768/845/845
f 729/852/852 778/936/936 777/932/932 728/847/847
f 756/853/853 805/937/937 804/933/933 755/849/849
f 743/854/854 792/938/938 791/934/934 742/850/850
f 770/855/855 819/939/939 818/935/935 769/851/851
f 730/856/856 779/940/940 778/936/936 729/852/852
f 757/857/857 806/941/941 805/937/937 756/853/853
f 744/858/858 793/942/942 792/938/938 743/854/854
f 771/499/499 820/502/502 819/939/939 770/855/855
f 731/859/859 780/943/943 779/940/940 730/856/856
f 758/860/860 807/944/944 806/941/941 757/857/857
f 745/861/861 794/945/945 793/942/942 744/858/858
f 5478/946/946 5992/947/947 5991/948/948 5429/949/949
f 732/866/866 781/950/950 780/943/943 731/859/859
f 759/867/867 808/951/951 807/944/944 758/860/860
f 746/868/868 795/897/897 794/945/945 745/861/861
f 733/869/869 782/899/899 781/950/950 732/866/866
f 760/870/870 809/901/901 808/951/951 759/867/867
f 802/925/925 851/952/952 850/953/953 801/921/921
f 789/926/926 838/954/954 837/955/955 788/922/922
f 816/927/927 865/956/956 864/957/957 815/923/923
f 776/928/928 825/958/958 824/959/959 775/924/924
f 803/929/929 852/960/960 851/952/952 802/925/925
f 790/930/930 839/961/961 838/954/954 789/926/926
f 817/931/931 866/962/962 865/956/956 816/927/927
f 777/932/932 826/963/963 825/958/958 776/928/928
f 804/933/933 853/964/964 852/960/960 803/929/929
f 791/934/934 840/965/965 839/961/961 790/930/930
f 818/935/935 867/966/966 866/962/962 817/931/931
f 778/936/936 827/967/967 826/963/963 777/932/932
f 805/937/937 854/968/968 853/964/964 804/933/933
f 792/938/938 841/969/969 840/965/965 791/934/934
f 819/939/939 868/970/970 867/966/966 818/935/935
f 779/940/940 828/971/971 827/967/967 778/936/936
f 806/941/941 855/972/972 854/968/968 805/937/937
f 793/942/942 842/973/973 841/969/969 792/938/938
f 820/502/502 869/974/974 868/970/970 819/939/939
f 780/943/943 829/975/975 828/971/971 779/940/940
f 807/944/944 856/976/976 855/972/972 806/941/941
f 794/945/945 843/977/977 842/973/973 793/942/942
f 1752/978/978 5916/979/979 5915/980/980 1703/981/981
f 781/950/950 830/982/982 829/975/975 780/943/943
f 808/951/951 857/983/983 856/976/976 807/944/944
f 795/897/897 844/984/984 843/977/977 794/945/945
f 782/899/899 831/985/985 830/982/982 781/950/950
f 809/901/901 858/986/986 857/983/983 808/951/951
f 796/896/896 845/987/987 844/984/984 795/897/897
f 783/898/898 832/988/988 831/985/985 782/899/899
f 810/900/900 859/989/989 858/986/986 809/901/901
f 797/902/902 846/990/990 845/987/987 796/896/896
f 784/903/903 833/991/991 832/988/988 783/898/898
f 811/904/904 860/992/992 859/989/989 810/900/900
f 798/905/905 847/993/993 846/990/990 797/902/902
f 785/906/906 834/994/994 833/991/991 784/903/903
f 812/907/907 861/995/995 860/992/992 811/904/904
f 1261/996/996 6026/997/997 6027/998/998 1310/999/999
f 799/912/912 848/1000/1000 847/993/993 798/905/905
f 786/913/913 835/1001/1001 834/994/994 785/906/906
f 813/914/914 862/1002/1002 861/995/995 812/907/907
f 773/915/915 822/1003/1003 821/369/369 772/916/916
f 800/917/917 849/1004/1004 848/1000/1000 799/912/912
f 787/918/918 836/1005/1005 835/1001/1001 786/913/913
f 814/919/919 863/1006/1006 862/1002/1002 813/914/914
f 774/920/920 823/1007/1007 822/1003/1003 773/915/915
f 801/921/921 850/953/953 849/1004/1004 800/917/917
f 788/922/922 837/955/955 836/1005/1005 787/918/918
f 815/923/923 864/957/957 863/1006/1006 814/919/919
f 775/924/924 824/959/959 823/1007/1007 774/920/920
f 835/1001/1001 884/1008/1008 883/1009/1009 834/994/994
f 862/1002/1002 911/1010/1010 910/1011/1011 861/995/995
f 822/1003/1003 871/1012/1012 870/366/366 821/369/369
f 849/1004/1004 898/1013/1013 897/1014/1014 848/1000/1000
f 836/1005/1005 885/1015/1015 884/1008/1008 835/1001/1001
f 863/1006/1006 912/1016/1016 911/1010/1010 862/1002/1002
f 823/1007/1007 872/1017/1017 871/1012/1012 822/1003/1003
f 850/953/953 899/1018/1018 898/1013/1013 849/1004/1004
f 837/955/955 886/1019/1019 885/1015/1015 836/1005/1005
f 864/957/957 913/1020/1020 912/1016/1016 863/1006/1006
f 824/959/959 873/1021/1021 872/1017/1017 823/1007/1007
f 851/952/952 900/1022/1022 899/1018/1018 850/953/953
f 838/954/954 887/1023/1023 886/1019/1019 837/955/955
f 865/956/956 914/1024/1024 913/1020/1020 864/957/957
f 825/958/958 874/1025/1025 873/1021/1021 824/959/959
f 852/960/960 901/1026/1026 900/1022/1022 851/952/952
f 839/961/961 888/1027/1027 887/1023/1023 838/954/954
f 866/962/962 915/1028/1028 914/1024/1024 865/956/956
f 826/963/963 875/1029/1029 874/1025/1025 825/958/958
f 853/964/964 902/1030/1030 901/1026/1026 852/960/960
f 840/965/965 889/1031/1031 888/1027/1027 839/961/961
f 867/966/966 916/1032/1032 915/1028/1028 866/962/962
f 827/967/967 876/1033/1033 875/1029/1029 826/963/963
f 854/968/968 903/1034/1034 902/1030/1030 853/964/964
f 841/969/969 890/1035/1035 889/1031/1031 840/965/965
f 868/970/970 917/1036/1036 916/1032/1032 867/966/966
f 828/971/971 877/1037/1037 876/1033/1033 827/967/967
f 855/972/972 904/1038/1038 903/1034/1034 854/968/968
f 842/973/973 891/1039/1039 890/1035/1035 841/969/969
f 869/974/974 918/384/384 917/1036/1036 868/970/970
f 829/975/975 878/1040/1040 877/1037/1037 828/971/971
f 856/976/976 905/1041/1041 904/1038/1038 855/972/972
f 843/977/977 892/1042/1042 891/1039/1039 842/973/973
f 2095/1043/1043 5923/1044/1044 5922/1045/1045 2046/1046/1046
f 830/982/982 879/1047/1047 878/1040/1040 829/975/975
f 857/983/983 906/1048/1048 905/1041/1041 856/976/976
f 844/984/984 893/1049/1049 892/1042/1042 843/977/977
f 831/985/985 880/1050/1050 879/1047/1047 830/982/982
f 858/986/986 907/1051/1051 906/1048/1048 857/983/983
f 845/987/987 894/1052/1052 893/1049/1049 844/984/984
f 832/988/988 881/1053/1053 880/1050/1050 831/985/985
f 859/989/989 908/1054/1054 907/1051/1051 858/986/986
f 846/990/990 895/1055/1055 894/1052/1052 845/987/987
f 833/991/991 882/1056/1056 881/1053/1053 832/988/988
f 860/992/992 909/1057/1057 908/1054/1054 859/989/989
f 847/993/993 896/1058/1058 895/1055/1055 846/990/990
f 834/994/994 883/1009/1009 882/1056/1056 833/991/991
f 861/995/995 910/1011/1011 909/1057/1057 860/992/992
f 526/597/597 6011/1059/1059 6012/1060/1060 575/626/626
f 848/1000/1000 897/1014/1014 896/1058/1058 847/993/993
f 890/1035/1035 939/1061/1061 938/1062/1062 889/1031/1031
f 917/1036/1036 966/1063/1063 965/1064/1064 916/1032/1032
f 877/1037/1037 926/1065/1065 925/1066/1066 876/1033/1033
f 904/1038/1038 953/1067/1067 952/1068/1068 903/1034/1034
f 891/1039/1039 940/1069/1069 939/1061/1061 890/1035/1035
f 918/384/384 967/387/387 966/1063/1063 917/1036/1036
f 878/1040/1040 927/1070/1070 926/1065/1065 877/1037/1037
f 905/1041/1041 954/1071/1071 953/1067/1067 904/1038/1038
f 892/1042/1042 941/1072/1072 940/1069/1069 891/1039/1039
f 3762/1073/1073 5957/1074/1074 5956/1075/1075 3713/1076/1076
f 879/1047/1047 928/1077/1077 927/1070/1070 878/1040/1040
f 906/1048/1048 955/1078/1078 954/1071/1071 905/1041/1041
f 893/1049/1049 942/1079/1079 941/1072/1072 892/1042/1042
f 880/1050/1050 929/1080/1080 928/1077/1077 879/1047/1047
f 907/1051/1051 956/1081/1081 955/1078/1078 906/1048/1048
f 894/1052/1052 943/1082/1082 942/1079/1079 893/1049/1049
f 881/1053/1053 930/1083/1083 929/1080/1080 880/1050/1050
f 908/1054/1054 957/1084/1084 956/1081/1081 907/1051/1051
f 895/1055/1055 944/1085/1085 943/1082/1082 894/1052/1052
f 882/1056/1056 931/1086/1086 930/1083/1083 881/1053/1053
f 909/1057/1057 958/1087/1087 957/1084/1084 908/1054/1054
f 896/1058/1058 945/1088/1088 944/1085/1085 895/1055/1055
f 883/1009/1009 932/1089/1089 931/1086/1086 882/1056/1056
f 910/1011/1011 959/1090/1090 958/1087/1087 909/1057/1057
f 4938/1091/1091 6101/1092/1092 6102/1093/1093 4987/1094/1094
f 897/1014/1014 946/1095/1095 945/1088/1088 896/1058/1058
f 884/1008/1008 933/1096/1096 932/1089/1089 883/1009/1009
f 911/1010/1010 960/1097/1097 959/1090/1090 910/1011/1011
f 871/1012/1012 920/1098/1098 919/1099/1099 870/366/366
f 898/1013/1013 947/1100/1100 946/1095/1095 897/1014/1014
f 885/1015/1015 934/1101/1101 933/1096/1096 884/1008/1008
f 912/1016/1016 961/1102/1102 960/1097/1097 911/1010/1010
f 872/1017/1017 921/1103/1103 920/1098/1098 871/1012/1012
f 899/1018/1018 948/1104/1104 947/1100/1100 898/1013/1013
f 886/1019/1019 935/1105/1105 934/1101/1101 885/1015/1015
f 913/1020/1020 962/1106/1106 961/1102/1102 912/1016/1016
f 873/1021/1021 922/1107/1107 921/1103/1103 872/1017/1017
f 900/1022/1022 949/1108/1108 948/1104/1104 899/1018/1018
f 887/1023/1023 936/1109/1109 935/1105/1105 886/1019/1019
f 914/1024/1024 963/1110/1110 962/1106/1106 913/1020/1020
f 874/1025/1025 923/1111/1111 922/1107/1107 873/1021/1021
f 901/1026/1026 950/1112/1112 949/1108/1108 900/1022/1022
f 888/1027/1027 937/1113/1113 936/1109/1109 887/1023/1023
f 915/1028/1028 964/1114/1114 963/1110/1110 914/1024/1024
f 875/1029/1029 924/1115/1115 923/1111/1111 874/1025/1025
f 902/1030/1030 951/1116/1116 950/1112/1112 901/1026/1026
f 889/1031/1031 938/1062/1062 937/1113/1113 888/1027/1027
f 916/1032/1032 965/1064/1064 964/1114/1114 915/1028/1028
f 876/1033/1033 925/1066/1066 924/1115/1115 875/1029/1029
f 903/1034/1034 952/1068/1068 951/1116/1116 902/1030/1030
f 932/1089/1089 981/1117/1117 980/1118/1118 931/1086/1086
f 959/1090/1090 1008/1119/1119 1007/1120/1120 958/1087/1087
f 2633/1121/1121 6054/1122/1122 6055/1123/1123 2682/1124/1124
f 946/1095/1095 995/1125/1125 994/1126/1126 945/1088/1088
f 933/1096/1096 982/1127/1127 981/1117/1117 932/1089/1089
f 960/1097/1097 1009/1128/1128 1008/1119/1119 959/1090/1090
f 920/1098/1098 969/1129/1129 968/1130/1130 919/1099/1099
f 947/1100/1100 996/1131/1131 995/1125/1125 946/1095/1095
f 934/1101/1101 983/1132/1132 982/1127/1127 933/1096/1096
f 961/1102/1102 1010/1133/1133 1009/1128/1128 960/1097/1097
f 921/1103/1103 970/1134/1134 969/1129/1129 920/1098/1098
f 948/1104/1104 997/1135/1135 996/1131/1131 947/1100/1100
f 935/1105/1105 984/1136/1136 983/1132/1132 934/1101/1101
f 962/1106/1106 1011/1137/1137 1010/1133/1133 961/1102/1102
f 922/1107/1107 971/1138/1138 970/1134/1134 921/1103/1103
f 949/1108/1108 998/1139/1139 997/1135/1135 948/1104/1104
f 936/1109/1109 985/1140/1140 984/1136/1136 935/1105/1105
f 963/1110/1110 1012/1141/1141 1011/1137/1137 962/1106/1106
f 923/1111/1111 972/1142/1142 971/1138/1138 922/1107/1107
f 950/1112/1112 999/1143/1143 998/1139/1139 949/1108/1108
f 937/1113/1113 986/1144/1144 985/1140/1140 936/1109/1109
f 964/1114/1114 1013/1145/1145 1012/1141/1141 963/1110/1110
f 924/1115/1115 973/1146/1146 972/1142/1142 923/1111/1111
f 951/1116/1116 1000/1147/1147 999/1143/1143 950/1112/1112
f 938/1062/1062 987/1148/1148 986/1144/1144 937/1113/1113
f 965/1064/1064 1014/1149/1149 1013/1145/1145 964/1114/1114
f 925/1066/1066 974/1150/1150 973/1146/1146 924/1115/1115
f 952/1068/1068 1001/1151/1151 1000/1147/1147 951/1116/1116
f 939/1061/1061 988/1152/1152 987/1148/1148 938/1062/1062
f 966/1063/1063 1015/1153/1153 1014/1149/1149 965/1064/1064
f 926/1065/1065 975/1154/1154 974/1150/1150 925/1066/1066
f 953/1067/1067 1002/1155/1155 1001/1151/1151 952/1068/1068
f 940/1069/1069 989/1156/1156 988/1152/1152 939/1061/1061
f 967/387/387 1016/1157/1157 1015/1153/1153 966/1063/1063
f 927/1070/1070 976/1158/1158 975/1154/1154 926/1065/1065
f 954/1071/1071 1003/1159/1159 1002/1155/1155 953/1067/1067
f 941/1072/1072 990/1160/1160 989/1156/1156 940/1069/1069
f 4498/1161/1161 5972/1162/1162 5971/1163/1163 4449/1164/1164
f 928/1077/1077 977/1165/1165 976/1158/1158 927/1070/1070
f 955/1078/1078 1004/1166/1166 1003/1159/1159 954/1071/1071
f 942/1079/1079 991/1167/1167 990/1160/1160 941/1072/1072
f 929/1080/1080 978/1168/1168 977/1165/1165 928/1077/1077
f 956/1081/1081 1005/1169/1169 1004/1166/1166 955/1078/1078
f 943/1082/1082 992/1170/1170 991/1167/1167 942/1079/1079
f 930/1083/1083 979/1171/1171 978/1168/1168 929/1080/1080
f 957/1084/1084 1006/1172/1172 1005/1169/1169 956/1081/1081
f 944/1085/1085 993/1173/1173 992/1170/1170 943/1082/1082
f 931/1086/1086 980/1118/1118 979/1171/1171 930/1083/1083
f 958/1087/1087 1007/1120/1120 1006/1172/1172 957/1084/1084
f 945/1088/1088 994/1126/1126 993/1173/1173 944/1085/1085
f 987/1148/1148 1036/1174/1174 1035/1175/1175 986/1144/1144
f 1014/1149/1149 1063/1176/1176 1062/1177/1177 1013/1145/1145
f 974/1150/1150 1023/1178/1178 1022/1179/1179 973/1146/1146
f 1001/1151/1151 1050/1180/1180 1049/1181/1181 1000/1147/1147
f 988/1152/1152 1037/1182/1182 1036/1174/1174 987/1148/1148
f 1015/1153/1153 1064/1183/1183 1063/1176/1176 1014/1149/1149
f 975/1154/1154 1024/1184/1184 1023/1178/1178 974/1150/1150
f 1002/1155/1155 1051/1185/1185 1050/1180/1180 1001/1151/1151
f 989/1156/1156 1038/1186/1186 1037/1182/1182 988/1152/1152
f 1016/1157/1157 1065/1187/1187 1064/1183/1183 1015/1153/1153
f 976/1158/1158 1025/1188/1188 1024/1184/1184 975/1154/1154
f 1003/1159/1159 1052/1189/1189 1051/1185/1185 1002/1155/1155
f 990/1160/1160 1039/1190/1190 1038/1186/1186 989/1156/1156
f 1213/1191/1191 5905/1192/1192 5904/1193/1193 1164/1194/1194
f 977/1165/1165 1026/1195/1195 1025/1188/1188 976/1158/1158
f 1004/1166/1166 1053/1196/1196 1052/1189/1189 1003/1159/1159
f 991/1167/1167 1040/1197/1197 1039/1190/1190 990/1160/1160
f 978/1168/1168 1027/1198/1198 1026/1195/1195 977/1165/1165
f 1005/1169/1169 1054/1199/1199 1053/1196/1196 1004/1166/1166
f 992/1170/1170 1041/1200/1200 1040/1197/1197 991/1167/1167
f 979/1171/1171 1028/1201/1201 1027/1198/1198 978/1168/1168
f 1006/1172/1172 1055/1202/1202 1054/1199/1199 1005/1169/1169
f 993/1173/1173 1042/1203/1203 1041/1200/1200 992/1170/1170
f 980/1118/1118 1029/1204/1204 1028/1201/1201 979/1171/1171
f 1007/1120/1120 1056/1205/1205 1055/1202/1202 1006/1172/1172
f 994/1126/1126 1043/1206/1206 1042/1203/1203 993/1173/1173
f 981/1117/1117 1030/1207/1207 1029/1204/1204 980/1118/1118
f 1008/1119/1119 1057/1208/1208 1056/1205/1205 1007/1120/1120
f 3565/1209/1209 6073/1210/1210 6074/1211/1211 3614/1212/1212
f 995/1125/1125 1044/1213/1213 1043/1206/1206 994/1126/1126
f 982/1127/1127 1031/1214/1214 1030/1207/1207 981/1117/1117
f 1009/1128/1128 1058/1215/1215 1057/1208/1208 1008/1119/1119
f 969/1129/1129 1018/1216/1216 1017/1217/1217 968/1130/1130
f 996/1131/1131 1045/1218/1218 1044/1213/1213 995/1125/1125
f 983/1132/1132 1032/1219/1219 1031/1214/1214 982/1127/1127
f 1010/1133/1133 1059/1220/1220 1058/1215/1215 1009/1128/1128
f 970/1134/1134 1019/1221/1221 1018/1216/1216 969/1129/1129
f 997/1135/1135 1046/1222/1222 1045/1218/1218 996/1131/1131
f 984/1136/1136 1033/1223/1223 1032/1219/1219 983/1132/1132
f 1011/1137/1137 1060/1224/1224 1059/1220/1220 1010/1133/1133
f 971/1138/1138 1020/1225/1225 1019/1221/1221 970/1134/1134
f 998/1139/1139 1047/1226/1226 1046/1222/1222 997/1135/1135
f 985/1140/1140 1034/1227/1227 1033/1223/1223 984/1136/1136
f 1012/1141/1141 1061/1228/1228 1060/1224/1224 1011/1137/1137
f 972/1142/1142 1021/1229/1229 1020/1225/1225 971/1138/1138
f 999/1143/1143 1048/1230/1230 1047/1226/1226 998/1139/1139
f 986/1144/1144 1035/1175/1175 1034/1227/1227 985/1140/1140
f 1013/1145/1145 1062/1177/1177 1061/1228/1228 1012/1141/1141
f 973/1146/1146 1022/1179/1179 1021/1229/1229 972/1142/1142
f 1000/1147/1147 1049/1181/1181 1048/1230/1230 999/1143/1143
f 1029/1204/1204 1078/1231/1231 1077/1232/1232 1028/1201/1201
f 1056/1205/1205 1105/1233/1233 1104/1234/1234 1055/1202/1202
f 1043/1206/1206 1092/1235/1235 1091/1236/1236 1042/1203/1203
f 1030/1207/1207 1079/1237/1237 1078/1231/1231 1029/1204/1204
f 1057/1208/1208 1106/1238/1238 1105/1233/1233 1056/1205/1205
f 3271/1239/1239 6067/1240/1240 6068/1241/1241 3320/1242/1242
f 1044/1213/1213 1093/1243/1243 1092/1235/1235 1043/1206/1206
f 1031/1214/1214 1080/1244/1244 1079/1237/1237 1030/1207/1207
f 1058/1215/1215 1107/1245/1245 1106/1238/1238 1057/1208/1208
f 1018/1216/1216 1067/1246/1246 1066/219/219 1017/1217/1217
f 1045/1218/1218 1094/1247/1247 1093/1243/1243 1044/1213/1213
f 1032/1219/1219 1081/1248/1248 1080/1244/1244 1031/1214/1214
f 1059/1220/1220 1108/1249/1249 1107/1245/1245 1058/1215/1215
f 1019/1221/1221 1068/1250/1250 1067/1246/1246 1018/1216/1216
f 1046/1222/1222 1095/1251/1251 1094/1247/1247 1045/1218/1218
f 1033/1223/1223 1082/1252/1252 1081/1248/1248 1032/1219/1219
f 1060/1224/1224 1109/1253/1253 1108/1249/1249 1059/1220/1220
f 1020/1225/1225 1069/1254/1254 1068/1250/1250 1019/1221/1221
f 1047/1226/1226 1096/1255/1255 1095/1251/1251 1046/1222/1222
f 1034/1227/1227 1083/1256/1256 1082/1252/1252 1033/1223/1223
f 1061/1228/1228 1110/1257/1257 1109/1253/1253 1060/1224/1224
f 1021/1229/1229 1070/1258/1258 1069/1254/1254 1020/1225/1225
f 1048/1230/1230 1097/1259/1259 1096/1255/1255 1047/1226/1226
f 1035/1175/1175 1084/1260/1260 1083/1256/1256 1034/1227/1227
f 1062/1177/1177 1111/1261/1261 1110/1257/1257 1061/1228/1228
f 1022/1179/1179 1071/1262/1262 1070/1258/1258 1021/1229/1229
f 1049/1181/1181 1098/1263/1263 1097/1259/1259 1048/1230/1230
f 1036/1174/1174 1085/1264/1264 1084/1260/1260 1035/1175/1175
f 1063/1176/1176 1112/1265/1265 1111/1261/1261 1062/1177/1177
f 1023/1178/1178 1072/1266/1266 1071/1262/1262 1022/1179/1179
f 1050/1180/1180 1099/1267/1267 1098/1263/1263 1049/1181/1181
f 1037/1182/1182 1086/1268/1268 1085/1264/1264 1036/1174/1174
f 1064/1183/1183 1113/1269/1269 1112/1265/1265 1063/1176/1176
f 1024/1184/1184 1073/1270/1270 1072/1266/1266 1023/1178/1178
f 1051/1185/1185 1100/1271/1271 1099/1267/1267 1050/1180/1180
f 1038/1186/1186 1087/1272/1272 1086/1268/1268 1037/1182/1182
f 1065/1187/1187 1114/1273/1273 1113/1269/1269 1064/1183/1183
f 1025/1188/1188 1074/1274/1274 1073/1270/1270 1024/1184/1184
f 1052/1189/1189 1101/1275/1275 1100/1271/1271 1051/1185/1185
f 1039/1190/1190 1088/1276/1276 1087/1272/1272 1038/1186/1186
f 3173/1277/1277 5945/1278/1278 5944/1279/1279 3124/1280/1280
f 1026/1195/1195 1075/1281/1281 1074/1274/1274 1025/1188/1188
f 1053/1196/1196 1102/1282/1282 1101/1275/1275 1052/1189/1189
f 1040/1197/1197 1089/1283/1283 1088/1276/1276 1039/1190/1190
f 1027/1198/1198 1076/1284/1284 1075/1281/1281 1026/1195/1195
f 1054/1199/1199 1103/1285/1285 1102/1282/1282 1053/1196/1196
f 1041/1200/1200 1090/1286/1286 1089/1283/1283 1040/1197/1197
f 1028/1201/1201 1077/1232/1232 1076/1284/1284 1027/1198/1198
f 1055/1202/1202 1104/1234/1234 1103/1285/1285 1054/1199/1199
f 1042/1203/1203 1091/1236/1236 1090/1286/1286 1041/1200/1200
f 1084/1260/1260 1133/1287/1287 1132/1288/1288 1083/1256/1256
f 1111/1261/1261 1160/1289/1289 1159/1290/1290 1110/1257/1257
f 1071/1262/1262 1120/1291/1291 1119/1292/1292 1070/1258/1258
f 1098/1263/1263 1147/1293/1293 1146/1294/1294 1097/1259/1259
f 1085/1264/1264 1134/1295/1295 1133/1287/1287 1084/1260/1260
f 1112/1265/1265 1161/1296/1296 1160/1289/1289 1111/1261/1261
f 1072/1266/1266 1121/1297/1297 1120/1291/1291 1071/1262/1262
f 1099/1267/1267 1148/1298/1298 1147/1293/1293 1098/1263/1263
f 1086/1268/1268 1135/1299/1299 1134/1295/1295 1085/1264/1264
f 1113/1269/1269 1162/1300/1300 1161/1296/1296 1112/1265/1265
f 1073/1270/1270 1122/1301/1301 1121/1297/1297 1072/1266/1266
f 1100/1271/1271 1149/1302/1302 1148/1298/1298 1099/1267/1267
f 1087/1272/1272 1136/1303/1303 1135/1299/1299 1086/1268/1268
f 1114/1273/1273 1163/1304/1304 1162/1300/1300 1113/1269/1269
f 1074/1274/1274 1123/1305/1305 1122/1301/1301 1073/1270/1270
f 1101/1275/1275 1150/1306/1306 1149/1302/1302 1100/1271/1271
f 1088/1276/1276 1137/1307/1307 1136/1303/1303 1087/1272/1272
f 4155/1308/1308 5965/1309/1309 5964/1310/1310 4106/1311/1311
f 1075/1281/1281 1124/1312/1312 1123/1305/1305 1074/1274/1274
f 1102/1282/1282 1151/1313/1313 1150/1306/1306 1101/1275/1275
f 1089/1283/1283 1138/1314/1314 1137/1307/1307 1088/1276/1276
f 1076/1284/1284 1125/1315/1315 1124/1312/1312 1075/1281/1281
f 1103/1285/1285 1152/1316/1316 1151/1313/1313 1102/1282/1282
f 1090/1286/1286 1139/1317/1317 1138/1314/1314 1089/1283/1283
f 1077/1232/1232 1126/1318/1318 1125/1315/1315 1076/1284/1284
f 1104/1234/1234 1153/1319/1319 1152/1316/1316 1103/1285/1285
f 1091/1236/1236 1140/1320/1320 1139/1317/1317 1090/1286/1286
f 1078/1231/1231 1127/1321/1321 1126/1318/1318 1077/1232/1232
f 1105/1233/1233 1154/1322/1322 1153/1319/1319 1104/1234/1234
f 1092/1235/1235 1141/1323/1323 1140/1320/1320 1091/1236/1236
f 1079/1237/1237 1128/1324/1324 1127/1321/1321 1078/1231/1231
f 1106/1238/1238 1155/1325/1325 1154/1322/1322 1105/1233/1233
f 1898/1326/1326 6039/1327/1327 6040/1328/1328 1947/1329/1329
f 1093/1243/1243 1142/1330/1330 1141/1323/1323 1092/1235/1235
f 1080/1244/1244 1129/1331/1331 1128/1324/1324 1079/1237/1237
f 1107/1245/1245 1156/1332/1332 1155/1325/1325 1106/1238/1238
f 1067/1246/1246 1116/1333/1333 1115/216/216 1066/219/219
f 1094/1247/1247 1143/1334/1334 1142/1330/1330 1093/1243/1243
f 1081/1248/1248 1130/1335/1335 1129/1331/1331 1080/1244/1244
f 1108/1249/1249 1157/1336/1336 1156/1332/1332 1107/1245/1245
f 1068/1250/1250 1117/1337/1337 1116/1333/1333 1067/1246/1246
f 1095/1251/1251 1144/1338/1338 1143/1334/1334 1094/1247/1247
f 1082/1252/1252 1131/1339/1339 1130/1335/1335 1081/1248/1248
f 1109/1253/1253 1158/1340/1340 1157/1336/1336 1108/1249/1249
f 1069/1254/1254 1118/1341/1341 1117/1337/1337 1068/1250/1250
f 1096/1255/1255 1145/1342/1342 1144/1338/1338 1095/1251/1251
f 1083/1256/1256 1132/1288/1288 1131/1339/1339 1082/1252/1252
f 1110/1257/1257 1159/1290/1290 1158/1340/1340 1109/1253/1253
f 1070/1258/1258 1119/1292/1292 1118/1341/1341 1069/1254/1254
f 1097/1259/1259 1146/1294/1294 1145/1342/1342 1096/1255/1255
f 1126/1318/1318 1175/1343/1343 1174/1344/1344 1125/1315/1315
f 1153/1319/1319 1202/1345/1345 1201/1346/1346 1152/1316/1316
f 1140/1320/1320 1189/1347/1347 1188/1348/1348 1139/1317/1317
f 1127/1321/1321 1176/1349/1349 1175/1343/1343 1126/1318/1318
f 1154/1322/1322 1203/1350/1350 1202/1345/1345 1153/1319/1319
f 1141/1323/1323 1190/1351/1351 1189/1347/1347 1140/1320/1320
f 1128/1324/1324 1177/1352/1352 1176/1349/1349 1127/1321/1321
f 1155/1325/1325 1204/1353/1353 1203/1350/1350 1154/1322/1322
f 4301/1354/1354 6088/1355/1355 6089/1356/1356 4350/1357/1357
f 1142/1330/1330 1191/1358/1358 1190/1351/1351 1141/1323/1323
f 1129/1331/1331 1178/1359/1359 1177/1352/1352 1128/1324/1324
f 1156/1332/1332 1205/1360/1360 1204/1353/1353 1155/1325/1325
f 1116/1333/1333 1165/1361/1361 1164/1194/1194 1115/216/216
f 1143/1334/1334 1192/1362/1362 1191/1358/1358 1142/1330/1330
f 1130/1335/1335 1179/1363/1363 1178/1359/1359 1129/1331/1331
f 1157/1336/1336 1206/1364/1364 1205/1360/1360 1156/1332/1332
f 1117/1337/1337 1166/1365/1365 1165/1361/1361 1116/1333/1333
f 1144/1338/1338 1193/1366/1366 1192/1362/1362 1143/1334/1334
f 1131/1339/1339 1180/1367/1367 1179/1363/1363 1130/1335/1335
f 1158/1340/1340 1207/1368/1368 1206/1364/1364 1157/1336/1336
f 1118/1341/1341 1167/1369/1369 1166/1365/1365 1117/1337/1337
f 1145/1342/1342 1194/1370/1370 1193/1366/1366 1144/1338/1338
f 1132/1288/1288 1181/1371/1371 1180/1367/1367 1131/1339/1339
f 1159/1290/1290 1208/1372/1372 1207/1368/1368 1158/1340/1340
f 1119/1292/1292 1168/1373/1373 1167/1369/1369 1118/1341/1341
f 1146/1294/1294 1195/1374/1374 1194/1370/1370 1145/1342/1342
f 1133/1287/1287 1182/1375/1375 1181/1371/1371 1132/1288/1288
f 1160/1289/1289 1209/1376/1376 1208/1372/1372 1159/1290/1290
f 1120/1291/1291 1169/1377/1377 1168/1373/1373 1119/1292/1292
f 1147/1293/1293 1196/1378/1378 1195/1374/1374 1146/1294/1294
f 1134/1295/1295 1183/1379/1379 1182/1375/1375 1133/1287/1287
f 1161/1296/1296 1210/1380/1380 1209/1376/1376 1160/1289/1289
f 1121/1297/1297 1170/1381/1381 1169/1377/1377 1120/1291/1291
f 1148/1298/1298 1197/1382/1382 1196/1378/1378 1147/1293/1293
f 1135/1299/1299 1184/1383/1383 1183/1379/1379 1134/1295/1295
f 1162/1300/1300 1211/1384/1384 1210/1380/1380 1161/1296/1296
f 1122/1301/1301 1171/1385/1385 1170/1381/1381 1121/1297/1297
f 1149/1302/1302 1198/1386/1386 1197/1382/1382 1148/1298/1298
f 1136/1303/1303 1185/1387/1387 1184/1383/1383 1135/1299/1299
f 1163/1304/1304 1212/1388/1388 1211/1384/1384 1162/1300/1300
f 1123/1305/1305 1172/1389/1389 1171/1385/1385 1122/1301/1301
f 1150/1306/1306 1199/1390/1390 1198/1386/1386 1149/1302/1302
f 1137/1307/1307 1186/1391/1391 1185/1387/1387 1136/1303/1303
f 2438/604/604 5930/603/603 5929/1392/1392 2389/1393/1393
f 1124/1312/1312 1173/1394/1394 1172/1389/1389 1123/1305/1305
f 1151/1313/1313 1200/1395/1395 1199/1390/1390 1150/1306/1306
f 1138/1314/1314 1187/1396/1396 1186/1391/1391 1137/1307/1307
f 1125/1315/1315 1174/1344/1344 1173/1394/1394 1124/1312/1312
f 1152/1316/1316 1201/1346/1346 1200/1395/1395 1151/1313/1313
f 1139/1317/1317 1188/1348/1348 1187/1396/1396 1138/1314/1314
f 1181/1371/1371 1230/1397/1397 1229/1398/1398 1180/1367/1367
f 1208/1372/1372 1257/1399/1399 1256/1400/1400 1207/1368/1368
f 1168/1373/1373 1217/1401/1401 1216/1402/1402 1167/1369/1369
f 1195/1374/1374 1244/1403/1403 1243/1404/1404 1194/1370/1370
f 1182/1375/1375 1231/1405/1405 1230/1397/1397 1181/1371/1371
f 1209/1376/1376 1258/1406/1406 1257/1399/1399 1208/1372/1372
f 1169/1377/1377 1218/1407/1407 1217/1401/1401 1168/1373/1373
f 1196/1378/1378 1245/1408/1408 1244/1403/1403 1195/1374/1374
f 1183/1379/1379 1232/1409/1409 1231/1405/1405 1182/1375/1375
f 1210/1380/1380 1259/1410/1410 1258/1406/1406 1209/1376/1376
f 1170/1381/1381 1219/1411/1411 1218/1407/1407 1169/1377/1377
f 1197/1382/1382 1246/1412/1412 1245/1408/1408 1196/1378/1378
f 1184/1383/1383 1233/1413/1413 1232/1409/1409 1183/1379/1379
f 1211/1384/1384 1260/1414/1414 1259/1410/1410 1210/1380/1380
f 1171/1385/1385 1220/1415/1415 1219/1411/1411 1170/1381/1381
f 1198/1386/1386 1247/1416/1416 1246/1412/1412 1197/1382/1382
f 1185/1387/1387 1234/1417/1417 1233/1413/1413 1184/1383/1383
f 1212/1388/1388 1261/996/996 1260/1414/1414 1211/1384/1384
f 1172/1389/1389 1221/1418/1418 1220/1415/1415 1171/1385/1385
f 1199/1390/1390 1248/1419/1419 1247/1416/1416 1198/1386/1386
f 1186/1391/1391 1235/1420/1420 1234/1417/1417 1185/1387/1387
f 135/185/185 5883/1421/1421 3222/1422/1422 86/156/156
f 1173/1394/1394 1222/1423/1423 1221/1418/1418 1172/1389/1389
f 1200/1395/1395 1249/1424/1424 1248/1419/1419 1199/1390/1390
f 1187/1396/1396 1236/1425/1425 1235/1420/1420 1186/1391/1391
f 1174/1344/1344 1223/1426/1426 1222/1423/1423 1173/1394/1394
f 1201/1346/1346 1250/1427/1427 1249/1424/1424 1200/1395/1395
f 1188/1348/1348 1237/1428/1428 1236/1425/1425 1187/1396/1396
f 1175/1343/1343 1224/1429/1429 1223/1426/1426 1174/1344/1344
f 1202/1345/1345 1251/1430/1430 1250/1427/1427 1201/1346/1346
f 1189/1347/1347 1238/1431/1431 1237/1428/1428 1188/1348/1348
f 1176/1349/1349 1225/1432/1432 1224/1429/1429 1175/1343/1343
f 1203/1350/1350 1252/1433/1433 1251/1430/1430 1202/1345/1345
f 1190/1351/1351 1239/1434/1434 1238/1431/1431 1189/1347/1347
f 1177/1352/1352 1226/1435/1435 1225/1432/1432 1176/1349/1349
f 1204/1353/1353 1253/1436/1436 1252/1433/1433 1203/1350/1350
f 1016/1157/1157 6021/1437/1437 6022/1438/1438 1065/1187/1187
f 1191/1358/1358 1240/1439/1439 1239/1434/1434 1190/1351/1351
f 1178/1359/1359 1227/1440/1440 1226/1435/1435 1177/1352/1352
f 1205/1360/1360 1254/1441/1441 1253/1436/1436 1204/1353/1353
f 1165/1361/1361 1214/1442/1442 1213/1191/1191 1164/1194/1194
f 1192/1362/1362 1241/1443/1443 1240/1439/1439 1191/1358/1358
f 1179/1363/1363 1228/1444/1444 1227/1440/1440 1178/1359/1359
f 1206/1364/1364 1255/1445/1445 1254/1441/1441 1205/1360/1360
f 1166/1365/1365 1215/1446/1446 1214/1442/1442 1165/1361/1361
f 1193/1366/1366 1242/1447/1447 1241/1443/1443 1192/1362/1362
f 1180/1367/1367 1229/1398/1398 1228/1444/1444 1179/1363/1363
f 1207/1368/1368 1256/1400/1400 1255/1445/1445 1206/1364/1364
f 1167/1369/1369 1216/1402/1402 1215/1446/1446 1166/1365/1365
f 1194/1370/1370 1243/1404/1404 1242/1447/1447 1193/1366/1366
f 1223/1426/1426 1272/1448/1448 1271/1449/1449 1222/1423/1423
f 1250/1427/1427 1299/1450/1450 1298/1451/1451 1249/1424/1424
f 1237/1428/1428 1286/1452/1452 1285/1453/1453 1236/1425/1425
f 1224/1429/1429 1273/1454/1454 1272/1448/1448 1223/1426/1426
f 1251/1430/1430 1300/1455/1455 1299/1450/1450 1250/1427/1427
f 1238/1431/1431 1287/1456/1456 1286/1452/1452 1237/1428/1428
f 1225/1432/1432 1274/1457/1457 1273/1454/1454 1224/1429/1429
f 1252/1433/1433 1301/1458/1458 1300/1455/1455 1251/1430/1430
f 1239/1434/1434 1288/1459/1459 1287/1456/1456 1238/1431/1431
f 1226/1435/1435 1275/1460/1460 1274/1457/1457 1225/1432/1432
f 1253/1436/1436 1302/1461/1461 1301/1458/1458 1252/1433/1433
f 2241/1462/1462 6046/1463/1463 6047/1464/1464 2290/1465/1465
f 1240/1439/1439 1289/1466/1466 1288/1459/1459 1239/1434/1434
f 1227/1440/1440 1276/1467/1467 1275/1460/1460 1226/1435/1435
f 1254/1441/1441 1303/1468/1468 1302/1461/1461 1253/1436/1436
f 1214/1442/1442 1263/1469/1469 1262/1470/1470 1213/1191/1191
f 1241/1443/1443 1290/1471/1471 1289/1466/1466 1240/1439/1439
f 1228/1444/1444 1277/1472/1472 1276/1467/1467 1227/1440/1440
f 1255/1445/1445 1304/1473/1473 1303/1468/1468 1254/1441/1441
f 1215/1446/1446 1264/1474/1474 1263/1469/1469 1214/1442/1442
f 1242/1447/1447 1291/1475/1475 1290/1471/1471 1241/1443/1443
f 1229/1398/1398 1278/1476/1476 1277/1472/1472 1228/1444/1444
f 1256/1400/1400 1305/1477/1477 1304/1473/1473 1255/1445/1445
f 1216/1402/1402 1265/1478/1478 1264/1474/1474 1215/1446/1446
f 1243/1404/1404 1292/1479/1479 1291/1475/1475 1242/1447/1447
f 1230/1397/1397 1279/1480/1480 1278/1476/1476 1229/1398/1398
f 1257/1399/1399 1306/1481/1481 1305/1477/1477 1256/1400/1400
f 1217/1401/1401 1266/1482/1482 1265/1478/1478 1216/1402/1402
f 1244/1403/1403 1293/1483/1483 1292/1479/1479 1243/1404/1404
f 1231/1405/1405 1280/1484/1484 1279/1480/1480 1230/1397/1397
f 1258/1406/1406 1307/1485/1485 1306/1481/1481 1257/1399/1399
f 1218/1407/1407 1267/1486/1486 1266/1482/1482 1217/1401/1401
f 1245/1408/1408 1294/1487/1487 1293/1483/1483 1244/1403/1403
f 1232/1409/1409 1281/1488/1488 1280/1484/1484 1231/1405/1405
f 1259/1410/1410 1308/1489/1489 1307/1485/1485 1258/1406/1406
f 1219/1411/1411 1268/1490/1490 1267/1486/1486 1218/1407/1407
f 1246/1412/1412 1295/1491/1491 1294/1487/1487 1245/1408/1408
f 1233/1413/1413 1282/1492/1492 1281/1488/1488 1232/1409/1409
f 1260/1414/1414 1309/1493/1493 1308/1489/1489 1259/1410/1410
f 1220/1415/1415 1269/1494/1494 1268/1490/1490 1219/1411/1411
f 1247/1416/1416 1296/1495/1495 1295/1491/1491 1246/1412/1412
f 1234/1417/1417 1283/1496/1496 1282/1492/1492 1233/1413/1413
f 1261/996/996 1310/999/999 1309/1493/1493 1260/1414/1414
f 1221/1418/1418 1270/1497/1497 1269/1494/1494 1220/1415/1415
f 1248/1419/1419 1297/1498/1498 1296/1495/1495 1247/1416/1416
f 1235/1420/1420 1284/1499/1499 1283/1496/1496 1234/1417/1417
f 1556/1500/1500 5912/1501/1501 5911/1502/1502 1507/1503/1503
f 1222/1423/1423 1271/1449/1449 1270/1497/1497 1221/1418/1418
f 1249/1424/1424 1298/1451/1451 1297/1498/1498 1248/1419/1419
f 1236/1425/1425 1285/1453/1453 1284/1499/1499 1235/1420/1420
f 1278/1476/1476 1327/1504/1504 1326/1505/1505 1277/1472/1472
f 1305/1477/1477 1354/1506/1506 1353/1507/1507 1304/1473/1473
f 1265/1478/1478 1314/1508/1508 1313/1509/1509 1264/1474/1474
f 1292/1479/1479 1341/1510/1510 1340/1511/1511 1291/1475/1475
f 1279/1480/1480 1328/1512/1512 1327/1504/1504 1278/1476/1476
f 1306/1481/1481 1355/1513/1513 1354/1506/1506 1305/1477/1477
f 1266/1482/1482 1315/1514/1514 1314/1508/1508 1265/1478/1478
f 1293/1483/1483 1342/1515/1515 1341/1510/1510 1292/1479/1479
f 1280/1484/1484 1329/1516/1516 1328/1512/1512 1279/1480/1480
f 1307/1485/1485 1356/1517/1517 1355/1513/1513 1306/1481/1481
f 1267/1486/1486 1316/1518/1518 1315/1514/1514 1266/1482/1482
f 1294/1487/1487 1343/1519/1519 1342/1515/1515 1293/1483/1483
f 1281/1488/1488 1330/1520/1520 1329/1516/1516 1280/1484/1484
f 1308/1489/1489 1357/1521/1521 1356/1517/1517 1307/1485/1485
f 1268/1490/1490 1317/1522/1522 1316/1518/1518 1267/1486/1486
f 1295/1491/1491 1344/1523/1523 1343/1519/1519 1294/1487/1487
f 1282/1492/1492 1331/1524/1524 1330/1520/1520 1281/1488/1488
f 1309/1493/1493 1358/1525/1525 1357/1521/1521 1308/1489/1489
f 1269/1494/1494 1318/1526/1526 1317/1522/1522 1268/1490/1490
f 1296/1495/1495 1345/1527/1527 1344/1523/1523 1295/1491/1491
f 1283/1496/1496 1332/1528/1528 1331/1524/1524 1282/1492/1492
f 1310/999/999 1359/1529/1529 1358/1525/1525 1309/1493/1493
f 1270/1497/1497 1319/1530/1530 1318/1526/1526 1269/1494/1494
f 1297/1498/1498 1346/1531/1531 1345/1527/1527 1296/1495/1495
f 1284/1499/1499 1333/1532/1532 1332/1528/1528 1283/1496/1496
f 2585/1533/1533 5933/1534/1534 5932/1535/1535 2536/1536/1536
f 1271/1449/1449 1320/1537/1537 1319/1530/1530 1270/1497/1497
f 1298/1451/1451 1347/1538/1538 1346/1531/1531 1297/1498/1498
f 1285/1453/1453 1334/1539/1539 1333/1532/1532 1284/1499/1499
f 1272/1448/1448 1321/1540/1540 1320/1537/1537 1271/1449/1449
f 1299/1450/1450 1348/1541/1541 1347/1538/1538 1298/1451/1451
f 1286/1452/1452 1335/1542/1542 1334/1539/1539 1285/1453/1453
f 1273/1454/1454 1322/1543/1543 1321/1540/1540 1272/1448/1448
f 1300/1455/1455 1349/1544/1544 1348/1541/1541 1299/1450/1450
f 1287/1456/1456 1336/1545/1545 1335/1542/1542 1286/1452/1452
f 1274/1457/1457 1323/1546/1546 1322/1543/1543 1273/1454/1454
f 1301/1458/1458 1350/1547/1547 1349/1544/1544 1300/1455/1455
f 1288/1459/1459 1337/1548/1548 1336/1545/1545 1287/1456/1456
f 1275/1460/1460 1324/1549/1549 1323/1546/1546 1274/1457/1457
f 1302/1461/1461 1351/1550/1550 1350/1547/1547 1301/1458/1458
f 5281/1551/1551 6108/1552/1552 6109/1553/1553 5330/1554/1554
f 1289/1466/1466 1338/1555/1555 1337/1548/1548 1288/1459/1459
f 1276/1467/1467 1325/1556/1556 1324/1549/1549 1275/1460/1460
f 1303/1468/1468 1352/1557/1557 1351/1550/1550 1302/1461/1461
f 1263/1469/1469 1312/1558/1558 1311/1559/1559 1262/1470/1470
f 1290/1471/1471 1339/1560/1560 1338/1555/1555 1289/1466/1466
f 1277/1472/1472 1326/1505/1505 1325/1556/1556 1276/1467/1467
f 1304/1473/1473 1353/1507/1507 1352/1557/1557 1303/1468/1468
f 1264/1474/1474 1313/1509/1509 1312/1558/1558 1263/1469/1469
f 1291/1475/1475 1340/1511/1511 1339/1560/1560 1290/1471/1471
f 478/570/570 5890/1561/1561 5889/1562/1562 429/538/538
f 1320/1537/1537 1369/1563/1563 1368/1564/1564 1319/1530/1530
f 1347/1538/1538 1396/1565/1565 1395/1566/1566 1346/1531/1531
f 1334/1539/1539 1383/1567/1567 1382/1568/1568 1333/1532/1532
f 1321/1540/1540 1370/1569/1569 1369/1563/1563 1320/1537/1537
f 1348/1541/1541 1397/1570/1570 1396/1565/1565 1347/1538/1538
f 1335/1542/1542 1384/1571/1571 1383/1567/1567 1334/1539/1539
f 1322/1543/1543 1371/1572/1572 1370/1569/1569 1321/1540/1540
f 1349/1544/1544 1398/1573/1573 1397/1570/1570 1348/1541/1541
f 1336/1545/1545 1385/1574/1574 1384/1571/1571 1335/1542/1542
f 1323/1546/1546 1372/1575/1575 1371/1572/1572 1322/1543/1543
f 1350/1547/1547 1399/1576/1576 1398/1573/1573 1349/1544/1544
f 1337/1548/1548 1386/1577/1577 1385/1574/1574 1336/1545/1545
f 1324/1549/1549 1373/1578/1578 1372/1575/1575 1323/1546/1546
f 1351/1550/1550 1400/1579/1579 1399/1576/1576 1350/1547/1547
f 3908/1580/1580 6080/1581/1581 6081/1582/1582 3957/1583/1583
f 1338/1555/1555 1387/1584/1584 1386/1577/1577 1337/1548/1548
f 1325/1556/1556 1374/1585/1585 1373/1578/1578 1324/1549/1549
f 1352/1557/1557 1401/1586/1586 1400/1579/1579 1351/1550/1550
f 1312/1558/1558 1361/1587/1587 1360/1588/1588 1311/1559/1559
f 1339/1560/1560 1388/1589/1589 1387/1584/1584 1338/1555/1555
f 1326/1505/1505 1375/1590/1590 1374/1585/1585 1325/1556/1556
f 1353/1507/1507 1402/1591/1591 1401/1586/1586 1352/1557/1557
f 1313/1509/1509 1362/1592/1592 1361/1587/1587 1312/1558/1558
f 1340/1511/1511 1389/1593/1593 1388/1589/1589 1339/1560/1560
f 1327/1504/1504 1376/1594/1594 1375/1590/1590 1326/1505/1505
f 1354/1506/1506 1403/1595/1595 1402/1591/1591 1353/1507/1507
f 1314/1508/1508 1363/1596/1596 1362/1592/1592 1313/1509/1509
f 1341/1510/1510 1390/1597/1597 1389/1593/1593 1340/1511/1511
f 1328/1512/1512 1377/1598/1598 1376/1594/1594 1327/1504/1504
f 1355/1513/1513 1404/1599/1599 1403/1595/1595 1354/1506/1506
f 1315/1514/1514 1364/1600/1600 1363/1596/1596 1314/1508/1508
f 1342/1515/1515 1391/1601/1601 1390/1597/1597 1341/1510/1510
f 1329/1516/1516 1378/1602/1602 1377/1598/1598 1328/1512/1512
f 1356/1517/1517 1405/1603/1603 1404/1599/1599 1355/1513/1513
f 1316/1518/1518 1365/1604/1604 1364/1600/1600 1315/1514/1514
f 1343/1519/1519 1392/1605/1605 1391/1601/1601 1342/1515/1515
f 1330/1520/1520 1379/1606/1606 1378/1602/1602 1329/1516/1516
f 1357/1521/1521 1406/1607/1607 1405/1603/1603 1356/1517/1517
f 1317/1522/1522 1366/1608/1608 1365/1604/1604 1316/1518/1518
f 1344/1523/1523 1393/1609/1609 1392/1605/1605 1343/1519/1519
f 1331/1524/1524 1380/1610/1610 1379/1606/1606 1330/1520/1520
f 1358/1525/1525 1407/1611/1611 1406/1607/1607 1357/1521/1521
f 1318/1526/1526 1367/1612/1612 1366/1608/1608 1317/1522/1522
f 1345/1527/1527 1394/1613/1613 1393/1609/1609 1344/1523/1523
f 1332/1528/1528 1381/1614/1614 1380/1610/1610 1331/1524/1524
f 1359/1529/1529 1408/1615/1615 1407/1611/1611 1358/1525/1525
f 1319/1530/1530 1368/1564/1564 1367/1612/1612 1318/1526/1526
f 1346/1531/1531 1395/1566/1566 1394/1613/1613 1345/1527/1527
f 1333/1532/1532 1382/1568/1568 1381/1614/1614 1332/1528/1528
f 1375/1590/1590 1424/1616/1616 1423/1617/1617 1374/1585/1585
f 1402/1591/1591 1451/1618/1618 1450/1619/1619 1401/1586/1586
f 1362/1592/1592 1411/1620/1620 1410/1621/1621 1361/1587/1587
f 1389/1593/1593 1438/1622/1622 1437/1623/1623 1388/1589/1589
f 1376/1594/1594 1425/1624/1624 1424/1616/1616 1375/1590/1590
f 1403/1595/1595 1452/1625/1625 1451/1618/1618 1402/1591/1591
f 1363/1596/1596 1412/1626/1626 1411/1620/1620 1362/1592/1592
f 1390/1597/1597 1439/1627/1627 1438/1622/1622 1389/1593/1593
f 1377/1598/1598 1426/1628/1628 1425/1624/1624 1376/1594/1594
f 1404/1599/1599 1453/1629/1629 1452/1625/1625 1403/1595/1595
f 1364/1600/1600 1413/1630/1630 1412/1626/1626 1363/1596/1596
f 1391/1601/1601 1440/1631/1631 1439/1627/1627 1390/1597/1597
f 1378/1602/1602 1427/1632/1632 1426/1628/1628 1377/1598/1598
f 1405/1603/1603 1454/1633/1633 1453/1629/1629 1404/1599/1599
f 1365/1604/1604 1414/1634/1634 1413/1630/1630 1364/1600/1600
f 1392/1605/1605 1441/1635/1635 1440/1631/1631 1391/1601/1601
f 1379/1606/1606 1428/1636/1636 1427/1632/1632 1378/1602/1602
f 1406/1607/1607 1455/1637/1637 1454/1633/1633 1405/1603/1603
f 1366/1608/1608 1415/1638/1638 1414/1634/1634 1365/1604/1604
f 1393/1609/1609 1442/1639/1639 1441/1635/1635 1392/1605/1605
f 1380/1610/1610 1429/1640/1640 1428/1636/1636 1379/1606/1606
f 1407/1611/1611 1456/1641/1641 1455/1637/1637 1406/1607/1607
f 1367/1612/1612 1416/1642/1642 1415/1638/1638 1366/1608/1608
f 1394/1613/1613 1443/1643/1643 1442/1639/1639 1393/1609/1609
f 1381/1614/1614 1430/1644/1644 1429/1640/1640 1380/1610/1610
f 1408/1615/1615 1457/1645/1645 1456/1641/1641 1407/1611/1611
f 1368/1564/1564 1417/1646/1646 1416/1642/1642 1367/1612/1612
f 1395/1566/1566 1444/1647/1647 1443/1643/1643 1394/1613/1613
f 1382/1568/1568 1431/1648/1648 1430/1644/1644 1381/1614/1614
f 821/369/369 5897/368/368 5896/1649/1649 772/916/916
f 1369/1563/1563 1418/1650/1650 1417/1646/1646 1368/1564/1564
f 1396/1565/1565 1445/1651/1651 1444/1647/1647 1395/1566/1566
f 1383/1567/1567 1432/1652/1652 1431/1648/1648 1382/1568/1568
f 1370/1569/1569 1419/1653/1653 1418/1650/1650 1369/1563/1563
f 1397/1570/1570 1446/1654/1654 1445/1651/1651 1396/1565/1565
f 1384/1571/1571 1433/1655/1655 1432/1652/1652 1383/1567/1567
f 1371/1572/1572 1420/1656/1656 1419/1653/1653 1370/1569/1569
f 1398/1573/1573 1447/1657/1657 1446/1654/1654 1397/1570/1570
f 1385/1574/1574 1434/1658/1658 1433/1655/1655 1384/1571/1571
f 1372/1575/1575 1421/1659/1659 1420/1656/1656 1371/1572/1572
f 1399/1576/1576 1448/1660/1660 1447/1657/1657 1398/1573/1573
f 1386/1577/1577 1435/1661/1661 1434/1658/1658 1385/1574/1574
f 1373/1578/1578 1422/1662/1662 1421/1659/1659 1372/1575/1575
f 1400/1579/1579 1449/1663/1663 1448/1660/1660 1399/1576/1576
f 4644/1664/1664 6095/1665/1665 6096/1666/1666 4693/1667/1667
f 1387/1584/1584 1436/1668/1668 1435/1661/1661 1386/1577/1577
f 1374/1585/1585 1423/1617/1617 1422/1662/1662 1373/1578/1578
f 1401/1586/1586 1450/1619/1619 1449/1663/1663 1400/1579/1579
f 1361/1587/1587 1410/1621/1621 1409/484/484 1360/1588/1588
f 1388/1589/1589 1437/1623/1623 1436/1668/1668 1387/1584/1584
f 1457/1645/1645 1506/1669/1669 1505/1670/1670 1456/1641/1641
f 1417/1646/1646 1466/1671/1671 1465/1672/1672 1416/1642/1642
f 1444/1647/1647 1493/1673/1673 1492/1674/1674 1443/1643/1643
f 1431/1648/1648 1480/1675/1675 1479/1676/1676 1430/1644/1644
f 5723/1677/1677 5997/1678/1678 5996/1679/1679 5674/1680/1680
f 1418/1650/1650 1467/1681/1681 1466/1671/1671 1417/1646/1646
f 1445/1651/1651 1494/1682/1682 1493/1673/1673 1444/1647/1647
f 1432/1652/1652 1481/1683/1683 1480/1675/1675 1431/1648/1648
f 1419/1653/1653 1468/1684/1684 1467/1681/1681 1418/1650/1650
f 1446/1654/1654 1495/1685/1685 1494/1682/1682 1445/1651/1651
f 1433/1655/1655 1482/1686/1686 1481/1683/1683 1432/1652/1652
f 1420/1656/1656 1469/1687/1687 1468/1684/1684 1419/1653/1653
f 1447/1657/1657 1496/1688/1688 1495/1685/1685 1446/1654/1654
f 1434/1658/1658 1483/1689/1689 1482/1686/1686 1433/1655/1655
f 1421/1659/1659 1470/1690/1690 1469/1687/1687 1420/1656/1656
f 1448/1660/1660 1497/1691/1691 1496/1688/1688 1447/1657/1657
f 1435/1661/1661 1484/1692/1692 1483/1689/1689 1434/1658/1658
f 1422/1662/1662 1471/1693/1693 1470/1690/1690 1421/1659/1659
f 1449/1663/1663 1498/1694/1694 1497/1691/1691 1448/1660/1660
f 1359/1529/1529 6028/1695/1695 6029/1696/1696 1408/1615/1615
f 1436/1668/1668 1485/1697/1697 1484/1692/1692 1435/1661/1661
f 1423/1617/1617 1472/1698/1698 1471/1693/1693 1422/1662/1662
f 1450/1619/1619 1499/1699/1699 1498/1694/1694 1449/1663/1663
f 1410/1621/1621 1459/1700/1700 1458/481/481 1409/484/484
f 1437/1623/1623 1486/1701/1701 1485/1697/1697 1436/1668/1668
f 1424/1616/1616 1473/1702/1702 1472/1698/1698 1423/1617/1617
f 1451/1618/1618 1500/1703/1703 1499/1699/1699 1450/1619/1619
f 1411/1620/1620 1460/1704/1704 1459/1700/1700 1410/1621/1621
f 1438/1622/1622 1487/1705/1705 1486/1701/1701 1437/1623/1623
f 1425/1624/1624 1474/1706/1706 1473/1702/1702 1424/1616/1616
f 1452/1625/1625 1501/1707/1707 1500/1703/1703 1451/1618/1618
f 1412/1626/1626 1461/1708/1708 1460/1704/1704 1411/1620/1620
f 1439/1627/1627 1488/1709/1709 1487/1705/1705 1438/1622/1622
f 1426/1628/1628 1475/1710/1710 1474/1706/1706 1425/1624/1624
f 1453/1629/1629 1502/1711/1711 1501/1707/1707 1452/1625/1625
f 1413/1630/1630 1462/1712/1712 1461/1708/1708 1412/1626/1626
f 1440/1631/1631 1489/1713/1713 1488/1709/1709 1439/1627/1627
f 1427/1632/1632 1476/1714/1714 1475/1710/1710 1426/1628/1628
f 1454/1633/1633 1503/1715/1715 1502/1711/1711 1453/1629/1629
f 1414/1634/1634 1463/1716/1716 1462/1712/1712 1413/1630/1630
f 1441/1635/1635 1490/1717/1717 1489/1713/1713 1440/1631/1631
f 1428/1636/1636 1477/1718/1718 1476/1714/1714 1427/1632/1632
f 1455/1637/1637 1504/1719/1719 1503/1715/1715 1454/1633/1633
f 1415/1638/1638 1464/1720/1720 1463/1716/1716 1414/1634/1634
f 1442/1639/1639 1491/1721/1721 1490/1717/1717 1441/1635/1635
f 1429/1640/1640 1478/1722/1722 1477/1718/1718 1428/1636/1636
f 1456/1641/1641 1505/1670/1670 1504/1719/1719 1455/1637/1637
f 1416/1642/1642 1465/1672/1672 1464/1720/1720 1415/1638/1638
f 1443/1643/1643 1492/1674/1674 1491/1721/1721 1442/1639/1639
f 1430/1644/1644 1479/1676/1676 1478/1722/1722 1429/1640/1640
f 1472/1698/1698 1521/1723/1723 1520/1724/1724 1471/1693/1693
f 1499/1699/1699 1548/1725/1725 1547/1726/1726 1498/1694/1694
f 1459/1700/1700 1508/1727/1727 1507/1503/1503 1458/481/481
f 1486/1701/1701 1535/1728/1728 1534/1729/1729 1485/1697/1697
f 1473/1702/1702 1522/1730/1730 1521/1723/1723 1472/1698/1698
f 1500/1703/1703 1549/1731/1731 1548/1725/1725 1499/1699/1699
f 1460/1704/1704 1509/1732/1732 1508/1727/1727 1459/1700/1700
f 1487/1705/1705 1536/1733/1733 1535/1728/1728 1486/1701/1701
f 1474/1706/1706 1523/1734/1734 1522/1730/1730 1473/1702/1702
f 1501/1707/1707 1550/1735/1735 1549/1731/1731 1500/1703/1703
f 1461/1708/1708 1510/1736/1736 1509/1732/1732 1460/1704/1704
f 1488/1709/1709 1537/1737/1737 1536/1733/1733 1487/1705/1705
f 1475/1710/1710 1524/1738/1738 1523/1734/1734 1474/1706/1706
f 1502/1711/1711 1551/1739/1739 1550/1735/1735 1501/1707/1707
f 1462/1712/1712 1511/1740/1740 1510/1736/1736 1461/1708/1708
f 1489/1713/1713 1538/1741/1741 1537/1737/1737 1488/1709/1709
f 1476/1714/1714 1525/1742/1742 1524/1738/1738 1475/1710/1710
f 1503/1715/1715 1552/1743/1743 1551/1739/1739 1502/1711/1711
f 1463/1716/1716 1512/1744/1744 1511/1740/1740 1462/1712/1712
f 1490/1717/1717 1539/1745/1745 1538/1741/1741 1489/1713/1713
f 1477/1718/1718 1526/1746/1746 1525/1742/1742 1476/1714/1714
f 1504/1719/1719 1553/1747/1747 1552/1743/1743 1503/1715/1715
f 1464/1720/1720 1513/1748/1748 1512/1744/1744 1463/1716/1716
f 1491/1721/1721 1540/1749/1749 1539/1745/1745 1490/1717/1717
f 1478/1722/1722 1527/1750/1750 1526/1746/1746 1477/1718/1718
f 1505/1670/1670 1554/1751/1751 1553/1747/1747 1504/1719/1719
f 1465/1672/1672 1514/1752/1752 1513/1748/1748 1464/1720/1720
f 1492/1674/1674 1541/1753/1753 1540/1749/1749 1491/1721/1721
f 1479/1676/1676 1528/1754/1754 1527/1750/1750 1478/1722/1722
f 1506/1669/1669 1555/1755/1755 1554/1751/1751 1505/1670/1670
f 1466/1671/1671 1515/1756/1756 1514/1752/1752 1465/1672/1672
f 1493/1673/1673 1542/1757/1757 1541/1753/1753 1492/1674/1674
f 1480/1675/1675 1529/1758/1758 1528/1754/1754 1479/1676/1676
f 5233/1759/1759 5987/1760/1760 5986/1761/1761 5184/1762/1762
f 1467/1681/1681 1516/1763/1763 1515/1756/1756 1466/1671/1671
f 1494/1682/1682 1543/1764/1764 1542/1757/1757 1493/1673/1673
f 1481/1683/1683 1530/1765/1765 1529/1758/1758 1480/1675/1675
f 1468/1684/1684 1517/1766/1766 1516/1763/1763 1467/1681/1681
f 1495/1685/1685 1544/1767/1767 1543/1764/1764 1494/1682/1682
f 1482/1686/1686 1531/1768/1768 1530/1765/1765 1481/1683/1683
f 1469/1687/1687 1518/1769/1769 1517/1766/1766 1468/1684/1684
f 1496/1688/1688 1545/1770/1770 1544/1767/1767 1495/1685/1685
f 1483/1689/1689 1532/1771/1771 1531/1768/1768 1482/1686/1686
f 1470/1690/1690 1519/1772/1772 1518/1769/1769 1469/1687/1687
f 1497/1691/1691 1546/1773/1773 1545/1770/1770 1496/1688/1688
f 1484/1692/1692 1533/1774/1774 1532/1771/1771 1483/1689/1689
f 1471/1693/1693 1520/1724/1724 1519/1772/1772 1470/1690/1690
f 1498/1694/1694 1547/1726/1726 1546/1773/1773 1497/1691/1691
f 281/329/329 6006/1775/1775 6007/1776/1776 330/362/362
f 1485/1697/1697 1534/1729/1729 1533/1774/1774 1484/1692/1692
f 1554/1751/1751 1603/1777/1777 1602/1778/1778 1553/1747/1747
f 1514/1752/1752 1563/1779/1779 1562/1780/1780 1513/1748/1748
f 1541/1753/1753 1590/1781/1781 1589/1782/1782 1540/1749/1749
f 1528/1754/1754 1577/1783/1783 1576/1784/1784 1527/1750/1750
f 1555/1755/1755 1604/880/880 1603/1777/1777 1554/1751/1751
f 1515/1756/1756 1564/1785/1785 1563/1779/1779 1514/1752/1752
f 1542/1757/1757 1591/1786/1786 1590/1781/1781 1541/1753/1753
f 1529/1758/1758 1578/1787/1787 1577/1783/1783 1528/1754/1754
f 3517/1788/1788 5952/1789/1789 5951/1790/1790 3468/1791/1791
f 1516/1763/1763 1565/1792/1792 1564/1785/1785 1515/1756/1756
f 1543/1764/1764 1592/1793/1793 1591/1786/1786 1542/1757/1757
f 1530/1765/1765 1579/1794/1794 1578/1787/1787 1529/1758/1758
f 1517/1766/1766 1566/1795/1795 1565/1792/1792 1516/1763/1763
f 1544/1767/1767 1593/1796/1796 1592/1793/1793 1543/1764/1764
f 1531/1768/1768 1580/1797/1797 1579/1794/1794 1530/1765/1765
f 1518/1769/1769 1567/1798/1798 1566/1795/1795 1517/1766/1766
f 1545/1770/1770 1594/1799/1799 1593/1796/1796 1544/1767/1767
f 1532/1771/1771 1581/1800/1800 1580/1797/1797 1531/1768/1768
f 1519/1772/1772 1568/1801/1801 1567/1798/1798 1518/1769/1769
f 1546/1773/1773 1595/1802/1802 1594/1799/1799 1545/1770/1770
f 1533/1774/1774 1582/1803/1803 1581/1800/1800 1532/1771/1771
f 1520/1724/1724 1569/1804/1804 1568/1801/1801 1519/1772/1772
f 1547/1726/1726 1596/1805/1805 1595/1802/1802 1546/1773/1773
f 2976/1806/1806 6061/1807/1807 6062/1808/1808 3025/1809/1809
f 1534/1729/1729 1583/1810/1810 1582/1803/1803 1533/1774/1774
f 1521/1723/1723 1570/1811/1811 1569/1804/1804 1520/1724/1724
f 1548/1725/1725 1597/1812/1812 1596/1805/1805 1547/1726/1726
f 1508/1727/1727 1557/1813/1813 1556/1500/1500 1507/1503/1503
f 1535/1728/1728 1584/1814/1814 1583/1810/1810 1534/1729/1729
f 1522/1730/1730 1571/1815/1815 1570/1811/1811 1521/1723/1723
f 1549/1731/1731 1598/1816/1816 1597/1812/1812 1548/1725/1725
f 1509/1732/1732 1558/1817/1817 1557/1813/1813 1508/1727/1727
f 1536/1733/1733 1585/1818/1818 1584/1814/1814 1535/1728/1728
f 1523/1734/1734 1572/1819/1819 1571/1815/1815 1522/1730/1730
f 1550/1735/1735 1599/1820/1820 1598/1816/1816 1549/1731/1731
f 1510/1736/1736 1559/1821/1821 1558/1817/1817 1509/1732/1732
f 1537/1737/1737 1586/1822/1822 1585/1818/1818 1536/1733/1733
f 1524/1738/1738 1573/1823/1823 1572/1819/1819 1523/1734/1734
f 1551/1739/1739 1600/1824/1824 1599/1820/1820 1550/1735/1735
f 1511/1740/1740 1560/1825/1825 1559/1821/1821 1510/1736/1736
f 1538/1741/1741 1587/1826/1826 1586/1822/1822 1537/1737/1737
f 1525/1742/1742 1574/1827/1827 1573/1823/1823 1524/1738/1738
f 1552/1743/1743 1601/1828/1828 1600/1824/1824 1551/1739/1739
f 1512/1744/1744 1561/1829/1829 1560/1825/1825 1511/1740/1740
f 1539/1745/1745 1588/1830/1830 1587/1826/1826 1538/1741/1741
f 1526/1746/1746 1575/1831/1831 1574/1827/1827 1525/1742/1742
f 1553/1747/1747 1602/1778/1778 1601/1828/1828 1552/1743/1743
f 1513/1748/1748 1562/1780/1780 1561/1829/1829 1512/1744/1744
f 1540/1749/1749 1589/1782/1782 1588/1830/1830 1539/1745/1745
f 1527/1750/1750 1576/1784/1784 1575/1831/1831 1526/1746/1746
f 1569/1804/1804 1618/1832/1832 1617/1833/1833 1568/1801/1801
f 1596/1805/1805 1645/1834/1834 1644/1835/1835 1595/1802/1802
f 624/714/714 6013/1836/1836 6014/1837/1837 673/744/744
f 1583/1810/1810 1632/1838/1838 1631/1839/1839 1582/1803/1803
f 1570/1811/1811 1619/1840/1840 1618/1832/1832 1569/1804/1804
f 1597/1812/1812 1646/1841/1841 1645/1834/1834 1596/1805/1805
f 1557/1813/1813 1606/1842/1842 1605/1843/1843 1556/1500/1500
f 1584/1814/1814 1633/1844/1844 1632/1838/1838 1583/1810/1810
f 1571/1815/1815 1620/1845/1845 1619/1840/1840 1570/1811/1811
f 1598/1816/1816 1647/1846/1846 1646/1841/1841 1597/1812/1812
f 1558/1817/1817 1607/1847/1847 1606/1842/1842 1557/1813/1813
f 1585/1818/1818 1634/1848/1848 1633/1844/1844 1584/1814/1814
f 1572/1819/1819 1621/1849/1849 1620/1845/1845 1571/1815/1815
f 1599/1820/1820 1648/1850/1850 1647/1846/1846 1598/1816/1816
f 1559/1821/1821 1608/1851/1851 1607/1847/1847 1558/1817/1817
f 1586/1822/1822 1635/1852/1852 1634/1848/1848 1585/1818/1818
f 1573/1823/1823 1622/1853/1853 1621/1849/1849 1572/1819/1819
f 1600/1824/1824 1649/1854/1854 1648/1850/1850 1599/1820/1820
f 1560/1825/1825 1609/1855/1855 1608/1851/1851 1559/1821/1821
f 1587/1826/1826 1636/1856/1856 1635/1852/1852 1586/1822/1822
f 1574/1827/1827 1623/1857/1857 1622/1853/1853 1573/1823/1823
f 1601/1828/1828 1650/1858/1858 1649/1854/1854 1600/1824/1824
f 1561/1829/1829 1610/1859/1859 1609/1855/1855 1560/1825/1825
f 1588/1830/1830 1637/1860/1860 1636/1856/1856 1587/1826/1826
f 1575/1831/1831 1624/1861/1861 1623/1857/1857 1574/1827/1827
f 1602/1778/1778 1651/1862/1862 1650/1858/1858 1601/1828/1828
f 1562/1780/1780 1611/1863/1863 1610/1859/1859 1561/1829/1829
f 1589/1782/1782 1638/1864/1864 1637/1860/1860 1588/1830/1830
f 1576/1784/1784 1625/1865/1865 1624/1861/1861 1575/1831/1831
f 1603/1777/1777 1652/1866/1866 1651/1862/1862 1602/1778/1778
f 1563/1779/1779 1612/1867/1867 1611/1863/1863 1562/1780/1780
f 1590/1781/1781 1639/1868/1868 1638/1864/1864 1589/1782/1782
f 1577/1783/1783 1626/1869/1869 1625/1865/1865 1576/1784/1784
f 1604/880/880 1653/883/883 1652/1866/1866 1603/1777/1777
f 1564/1785/1785 1613/1870/1870 1612/1867/1867 1563/1779/1779
f 1591/1786/1786 1640/1871/1871 1639/1868/1868 1590/1781/1781
f 1578/1787/1787 1627/1872/1872 1626/1869/1869 1577/1783/1783
f 2928/1873/1873 5940/1874/1874 5939/1875/1875 2879/1876/1876
f 1565/1792/1792 1614/1877/1877 1613/1870/1870 1564/1785/1785
f 1592/1793/1793 1641/1878/1878 1640/1871/1871 1591/1786/1786
f 1579/1794/1794 1628/1879/1879 1627/1872/1872 1578/1787/1787
f 1566/1795/1795 1615/1880/1880 1614/1877/1877 1565/1792/1792
f 1593/1796/1796 1642/1881/1881 1641/1878/1878 1592/1793/1793
f 1580/1797/1797 1629/1882/1882 1628/1879/1879 1579/1794/1794
f 1567/1798/1798 1616/1883/1883 1615/1880/1880 1566/1795/1795
f 1594/1799/1799 1643/1884/1884 1642/1881/1881 1593/1796/1796
f 1581/1800/1800 1630/1885/1885 1629/1882/1882 1580/1797/1797
f 1568/1801/1801 1617/1833/1833 1616/1883/1883 1567/1798/1798
f 1595/1802/1802 1644/1835/1835 1643/1884/1884 1594/1799/1799
f 1582/1803/1803 1631/1839/1839 1630/1885/1885 1581/1800/1800
f 1628/1879/1879 1677/1886/1886 1676/1887/1887 1627/1872/1872
f 1615/1880/1880 1664/1888/1888 1663/1889/1889 1614/1877/1877
f 1642/1881/1881 1691/1890/1890 1690/1891/1891 1641/1878/1878
f 1629/1882/1882 1678/1892/1892 1677/1886/1886 1628/1879/1879
f 1616/1883/1883 1665/1893/1893 1664/1888/1888 1615/1880/1880
f 1643/1884/1884 1692/1894/1894 1691/1890/1890 1642/1881/1881
f 1630/1885/1885 1679/1895/1895 1678/1892/1892 1629/1882/1882
f 1617/1833/1833 1666/1896/1896 1665/1893/1893 1616/1883/1883
f 1644/1835/1835 1693/1897/1897 1692/1894/1894 1643/1884/1884
f 1631/1839/1839 1680/1898/1898 1679/1895/1895 1630/1885/1885
f 1618/1832/1832 1667/1899/1899 1666/1896/1896 1617/1833/1833
f 1645/1834/1834 1694/1900/1900 1693/1897/1897 1644/1835/1835
f 5036/1901/1901 6103/1902/1902 6104/1903/1903 5085/1904/1904
f 1632/1838/1838 1681/1905/1905 1680/1898/1898 1631/1839/1839
f 1619/1840/1840 1668/1906/1906 1667/1899/1899 1618/1832/1832
f 1646/1841/1841 1695/1907/1907 1694/1900/1900 1645/1834/1834
f 1606/1842/1842 1655/1908/1908 1654/1909/1909 1605/1843/1843
f 1633/1844/1844 1682/1910/1910 1681/1905/1905 1632/1838/1838
f 1620/1845/1845 1669/1911/1911 1668/1906/1906 1619/1840/1840
f 1647/1846/1846 1696/1912/1912 1695/1907/1907 1646/1841/1841
f 1607/1847/1847 1656/1913/1913 1655/1908/1908 1606/1842/1842
f 1634/1848/1848 1683/1914/1914 1682/1910/1910 1633/1844/1844
f 1621/1849/1849 1670/1915/1915 1669/1911/1911 1620/1845/1845
f 1648/1850/1850 1697/1916/1916 1696/1912/1912 1647/1846/1846
f 1608/1851/1851 1657/1917/1917 1656/1913/1913 1607/1847/1847
f 1635/1852/1852 1684/1918/1918 1683/1914/1914 1634/1848/1848
f 1622/1853/1853 1671/1919/1919 1670/1915/1915 1621/1849/1849
f 1649/1854/1854 1698/1920/1920 1697/1916/1916 1648/1850/1850
f 1609/1855/1855 1658/1921/1921 1657/1917/1917 1608/1851/1851
f 1636/1856/1856 1685/1922/1922 1684/1918/1918 1635/1852/1852
f 1623/1857/1857 1672/1923/1923 1671/1919/1919 1622/1853/1853
f 1650/1858/1858 1699/1924/1924 1698/1920/1920 1649/1854/1854
f 1610/1859/1859 1659/1925/1925 1658/1921/1921 1609/1855/1855
f 1637/1860/1860 1686/1926/1926 1685/1922/1922 1636/1856/1856
f 1624/1861/1861 1673/1927/1927 1672/1923/1923 1623/1857/1857
f 1651/1862/1862 1700/1928/1928 1699/1924/1924 1650/1858/1858
f 1611/1863/1863 1660/1929/1929 1659/1925/1925 1610/1859/1859
f 1638/1864/1864 1687/1930/1930 1686/1926/1926 1637/1860/1860
f 1625/1865/1865 1674/1931/1931 1673/1927/1927 1624/1861/1861
f 1652/1866/1866 1701/1932/1932 1700/1928/1928 1651/1862/1862
f 1612/1867/1867 1661/1933/1933 1660/1929/1929 1611/1863/1863
f 1639/1868/1868 1688/1934/1934 1687/1930/1930 1638/1864/1864
f 1626/1869/1869 1675/1935/1935 1674/1931/1931 1625/1865/1865
f 1653/883/883 1702/1936/1936 1701/1932/1932 1652/1866/1866
f 1613/1870/1870 1662/1937/1937 1661/1933/1933 1612/1867/1867
f 1640/1871/1871 1689/1938/1938 1688/1934/1934 1639/1868/1868
f 1627/1872/1872 1676/1887/1887 1675/1935/1935 1626/1869/1869
f 5576/1939/1939 5994/1940/1940 5993/1941/1941 5527/1942/1942
f 1614/1877/1877 1663/1889/1889 1662/1937/1937 1613/1870/1870
f 1641/1878/1878 1690/1891/1891 1689/1938/1938 1640/1871/1871
f 1670/1915/1915 1719/1943/1943 1718/1944/1944 1669/1911/1911
f 1697/1916/1916 1746/1945/1945 1745/1946/1946 1696/1912/1912
f 1657/1917/1917 1706/1947/1947 1705/1948/1948 1656/1913/1913
f 1684/1918/1918 1733/1949/1949 1732/1950/1950 1683/1914/1914
f 1671/1919/1919 1720/1951/1951 1719/1943/1943 1670/1915/1915
f 1698/1920/1920 1747/1952/1952 1746/1945/1945 1697/1916/1916
f 1658/1921/1921 1707/1953/1953 1706/1947/1947 1657/1917/1917
f 1685/1922/1922 1734/1954/1954 1733/1949/1949 1684/1918/1918
f 1672/1923/1923 1721/1955/1955 1720/1951/1951 1671/1919/1919
f 1699/1924/1924 1748/1956/1956 1747/1952/1952 1698/1920/1920
f 1659/1925/1925 1708/1957/1957 1707/1953/1953 1658/1921/1921
f 1686/1926/1926 1735/1958/1958 1734/1954/1954 1685/1922/1922
f 1673/1927/1927 1722/1959/1959 1721/1955/1955 1672/1923/1923
f 1700/1928/1928 1749/1960/1960 1748/1956/1956 1699/1924/1924
f 1660/1929/1929 1709/1961/1961 1708/1957/1957 1659/1925/1925
f 1687/1930/1930 1736/1962/1962 1735/1958/1958 1686/1926/1926
f 1674/1931/1931 1723/1963/1963 1722/1959/1959 1673/1927/1927
f 1701/1932/1932 1750/1964/1964 1749/1960/1960 1700/1928/1928
f 1661/1933/1933 1710/1965/1965 1709/1961/1961 1660/1929/1929
f 1688/1934/1934 1737/1966/1966 1736/1962/1962 1687/1930/1930
f 1675/1935/1935 1724/1967/1967 1723/1963/1963 1674/1931/1931
f 1702/1936/1936 1751/1968/1968 1750/1964/1964 1701/1932/1932
f 1662/1937/1937 1711/1969/1969 1710/1965/1965 1661/1933/1933
f 1689/1938/1938 1738/1970/1970 1737/1966/1966 1688/1934/1934
f 1676/1887/1887 1725/1971/1971 1724/1967/1967 1675/1935/1935
f 968/1130/1130 5900/1972/1972 5899/1973/1973 919/1099/1099
f 1663/1889/1889 1712/1974/1974 1711/1969/1969 1662/1937/1937
f 1690/1891/1891 1739/1975/1975 1738/1970/1970 1689/1938/1938
f 1677/1886/1886 1726/1976/1976 1725/1971/1971 1676/1887/1887
f 1664/1888/1888 1713/1977/1977 1712/1974/1974 1663/1889/1889
f 1691/1890/1890 1740/1978/1978 1739/1975/1975 1690/1891/1891
f 1678/1892/1892 1727/1979/1979 1726/1976/1976 1677/1886/1886
f 1665/1893/1893 1714/1980/1980 1713/1977/1977 1664/1888/1888
f 1692/1894/1894 1741/1981/1981 1740/1978/1978 1691/1890/1890
f 1679/1895/1895 1728/1982/1982 1727/1979/1979 1678/1892/1892
f 1666/1896/1896 1715/1983/1983 1714/1980/1980 1665/1893/1893
f 1693/1897/1897 1742/1984/1984 1741/1981/1981 1692/1894/1894
f 1680/1898/1898 1729/1985/1985 1728/1982/1982 1679/1895/1895
f 1667/1899/1899 1716/1986/1986 1715/1983/1983 1666/1896/1896
f 1694/1900/1900 1743/1987/1987 1742/1984/1984 1693/1897/1897
f 5379/1988/1988 6110/1989/1989 6111/1990/1990 5428/1991/1991
f 1681/1905/1905 1730/1992/1992 1729/1985/1985 1680/1898/1898
f 1668/1906/1906 1717/1993/1993 1716/1986/1986 1667/1899/1899
f 1695/1907/1907 1744/1994/1994 1743/1987/1987 1694/1900/1900
f 1655/1908/1908 1704/1995/1995 1703/981/981 1654/1909/1909
f 1682/1910/1910 1731/1996/1996 1730/1992/1992 1681/1905/1905
f 1669/1911/1911 1718/1944/1944 1717/1993/1993 1668/1906/1906
f 1696/1912/1912 1745/1946/1946 1744/1994/1994 1695/1907/1907
f 1656/1913/1913 1705/1948/1948 1704/1995/1995 1655/1908/1908
f 1683/1914/1914 1732/1950/1950 1731/1996/1996 1682/1910/1910
f 1725/1971/1971 1774/1997/1997 1773/1998/1998 1724/1967/1967
f 1850/1999/1999 5918/2000/2000 5917/2001/2001 1801/2002/2002
f 1712/1974/1974 1761/2003/2003 1760/2004/2004 1711/1969/1969
f 1739/1975/1975 1788/2005/2005 1787/2006/2006 1738/1970/1970
f 1726/1976/1976 1775/2007/2007 1774/1997/1997 1725/1971/1971
f 1713/1977/1977 1762/2008/2008 1761/2003/2003 1712/1974/1974
f 1740/1978/1978 1789/2009/2009 1788/2005/2005 1739/1975/1975
f 1727/1979/1979 1776/2010/2010 1775/2007/2007 1726/1976/1976
f 1714/1980/1980 1763/2011/2011 1762/2008/2008 1713/1977/1977
f 1741/1981/1981 1790/2012/2012 1789/2009/2009 1740/1978/1978
f 1728/1982/1982 1777/2013/2013 1776/2010/2010 1727/1979/1979
f 1715/1983/1983 1764/2014/2014 1763/2011/2011 1714/1980/1980
f 1742/1984/1984 1791/2015/2015 1790/2012/2012 1741/1981/1981
f 1729/1985/1985 1778/2016/2016 1777/2013/2013 1728/1982/1982
f 1716/1986/1986 1765/2017/2017 1764/2014/2014 1715/1983/1983
f 1743/1987/1987 1792/2018/2018 1791/2015/2015 1742/1984/1984
f 3320/1242/1242 6068/1241/1241 6069/2019/2019 3369/2020/2020
f 1730/1992/1992 1779/2021/2021 1778/2016/2016 1729/1985/1985
f 1717/1993/1993 1766/2022/2022 1765/2017/2017 1716/1986/1986
f 1744/1994/1994 1793/2023/2023 1792/2018/2018 1743/1987/1987
f 1704/1995/1995 1753/2024/2024 1752/978/978 1703/981/981
f 1731/1996/1996 1780/2025/2025 1779/2021/2021 1730/1992/1992
f 1718/1944/1944 1767/2026/2026 1766/2022/2022 1717/1993/1993
f 1745/1946/1946 1794/2027/2027 1793/2023/2023 1744/1994/1994
f 1705/1948/1948 1754/2028/2028 1753/2024/2024 1704/1995/1995
f 1732/1950/1950 1781/2029/2029 1780/2025/2025 1731/1996/1996
f 1719/1943/1943 1768/2030/2030 1767/2026/2026 1718/1944/1944
f 1746/1945/1945 1795/2031/2031 1794/2027/2027 1745/1946/1946
f 1706/1947/1947 1755/2032/2032 1754/2028/2028 1705/1948/1948
f 1733/1949/1949 1782/2033/2033 1781/2029/2029 1732/1950/1950
f 1720/1951/1951 1769/2034/2034 1768/2030/2030 1719/1943/1943
f 1747/1952/1952 1796/2035/2035 1795/2031/2031 1746/1945/1945
f 1707/1953/1953 1756/2036/2036 1755/2032/2032 1706/1947/1947
f 1734/1954/1954 1783/2037/2037 1782/2033/2033 1733/1949/1949
f 1721/1955/1955 1770/2038/2038 1769/2034/2034 1720/1951/1951
f 1748/1956/1956 1797/2039/2039 1796/2035/2035 1747/1952/1952
f 1708/1957/1957 1757/2040/2040 1756/2036/2036 1707/1953/1953
f 1735/1958/1958 1784/2041/2041 1783/2037/2037 1734/1954/1954
f 1722/1959/1959 1771/2042/2042 1770/2038/2038 1721/1955/1955
f 1749/1960/1960 1798/2043/2043 1797/2039/2039 1748/1956/1956
f 1709/1961/1961 1758/2044/2044 1757/2040/2040 1708/1957/1957
f 1736/1962/1962 1785/2045/2045 1784/2041/2041 1735/1958/1958
f 1723/1963/1963 1772/2046/2046 1771/2042/2042 1722/1959/1959
f 1750/1964/1964 1799/2047/2047 1798/2043/2043 1749/1960/1960
f 1710/1965/1965 1759/2048/2048 1758/2044/2044 1709/1961/1961
f 1737/1966/1966 1786/2049/2049 1785/2045/2045 1736/1962/1962
f 1724/1967/1967 1773/1998/1998 1772/2046/2046 1723/1963/1963
f 1751/1968/1968 1800/177/177 1799/2047/2047 1750/1964/1964
f 1711/1969/1969 1760/2004/2004 1759/2048/2048 1710/1965/1965
f 1738/1970/1970 1787/2006/2006 1786/2049/2049 1737/1966/1966
f 1767/2026/2026 1816/2050/2050 1815/2051/2051 1766/2022/2022
f 1794/2027/2027 1843/2052/2052 1842/2053/2053 1793/2023/2023
f 1754/2028/2028 1803/2054/2054 1802/2055/2055 1753/2024/2024
f 1781/2029/2029 1830/2056/2056 1829/2057/2057 1780/2025/2025
f 1768/2030/2030 1817/2058/2058 1816/2050/2050 1767/2026/2026
f 1795/2031/2031 1844/2059/2059 1843/2052/2052 1794/2027/2027
f 1755/2032/2032 1804/2060/2060 1803/2054/2054 1754/2028/2028
f 1782/2033/2033 1831/2061/2061 1830/2056/2056 1781/2029/2029
f 1769/2034/2034 1818/2062/2062 1817/2058/2058 1768/2030/2030
f 1796/2035/2035 1845/2063/2063 1844/2059/2059 1795/2031/2031
f 1756/2036/2036 1805/2064/2064 1804/2060/2060 1755/2032/2032
f 1783/2037/2037 1832/2065/2065 1831/2061/2061 1782/2033/2033
f 1770/2038/2038 1819/2066/2066 1818/2062/2062 1769/2034/2034
f 1797/2039/2039 1846/2067/2067 1845/2063/2063 1796/2035/2035
f 1757/2040/2040 1806/2068/2068 1805/2064/2064 1756/2036/2036
f 1784/2041/2041 1833/2069/2069 1832/2065/2065 1783/2037/2037
f 1771/2042/2042 1820/2070/2070 1819/2066/2066 1770/2038/2038
f 1798/2043/2043 1847/2071/2071 1846/2067/2067 1797/2039/2039
f 1758/2044/2044 1807/2072/2072 1806/2068/2068 1757/2040/2040
f 1785/2045/2045 1834/2073/2073 1833/2069/2069 1784/2041/2041
f 1772/2046/2046 1821/2074/2074 1820/2070/2070 1771/2042/2042
f 1799/2047/2047 1848/2075/2075 1847/2071/2071 1798/2043/2043
f 1759/2048/2048 1808/2076/2076 1807/2072/2072 1758/2044/2044
f 1786/2049/2049 1835/2077/2077 1834/2073/2073 1785/2045/2045
f 1773/1998/1998 1822/2078/2078 1821/2074/2074 1772/2046/2046
f 1800/177/177 1849/180/180 1848/2075/2075 1799/2047/2047
f 1760/2004/2004 1809/2079/2079 1808/2076/2076 1759/2048/2048
f 1787/2006/2006 1836/2080/2080 1835/2077/2077 1786/2049/2049
f 1774/1997/1997 1823/2081/2081 1822/2078/2078 1773/1998/1998
f 3026/251/251 5942/250/250 5941/2082/2082 2977/2083/2083
f 1761/2003/2003 1810/2084/2084 1809/2079/2079 1760/2004/2004
f 1788/2005/2005 1837/2085/2085 1836/2080/2080 1787/2006/2006
f 1775/2007/2007 1824/2086/2086 1823/2081/2081 1774/1997/1997
f 1762/2008/2008 1811/2087/2087 1810/2084/2084 1761/2003/2003
f 1789/2009/2009 1838/2088/2088 1837/2085/2085 1788/2005/2005
f 1776/2010/2010 1825/2089/2089 1824/2086/2086 1775/2007/2007
f 1763/2011/2011 1812/2090/2090 1811/2087/2087 1762/2008/2008
f 1790/2012/2012 1839/2091/2091 1838/2088/2088 1789/2009/2009
f 1777/2013/2013 1826/2092/2092 1825/2089/2089 1776/2010/2010
f 1764/2014/2014 1813/2093/2093 1812/2090/2090 1763/2011/2011
f 1791/2015/2015 1840/2094/2094 1839/2091/2091 1790/2012/2012
f 1778/2016/2016 1827/2095/2095 1826/2092/2092 1777/2013/2013
f 1765/2017/2017 1814/2096/2096 1813/2093/2093 1764/2014/2014
f 1792/2018/2018 1841/2097/2097 1840/2094/2094 1791/2015/2015
f 2731/2098/2098 6056/2099/2099 6057/2100/2100 2780/2101/2101
f 1779/2021/2021 1828/2102/2102 1827/2095/2095 1778/2016/2016
f 1766/2022/2022 1815/2051/2051 1814/2096/2096 1765/2017/2017
f 1793/2023/2023 1842/2053/2053 1841/2097/2097 1792/2018/2018
f 1753/2024/2024 1802/2055/2055 1801/2002/2002 1752/978/978
f 1780/2025/2025 1829/2057/2057 1828/2102/2102 1779/2021/2021
f 1822/2078/2078 1871/2103/2103 1870/2104/2104 1821/2074/2074
f 1849/180/180 1898/1326/1326 1897/2105/2105 1848/2075/2075
f 1809/2079/2079 1858/2106/2106 1857/2107/2107 1808/2076/2076
f 1836/2080/2080 1885/2108/2108 1884/2109/2109 1835/2077/2077
f 1823/2081/2081 1872/2110/2110 1871/2103/2103 1822/2078/2078
f 3860/2111/2111 5959/2112/2112 5958/2113/2113 3811/2114/2114
f 1810/2084/2084 1859/2115/2115 1858/2106/2106 1809/2079/2079
f 1837/2085/2085 1886/2116/2116 1885/2108/2108 1836/2080/2080
f 1824/2086/2086 1873/2117/2117 1872/2110/2110 1823/2081/2081
f 1811/2087/2087 1860/2118/2118 1859/2115/2115 1810/2084/2084
f 1838/2088/2088 1887/2119/2119 1886/2116/2116 1837/2085/2085
f 1825/2089/2089 1874/2120/2120 1873/2117/2117 1824/2086/2086
f 1812/2090/2090 1861/2121/2121 1860/2118/2118 1811/2087/2087
f 1839/2091/2091 1888/2122/2122 1887/2119/2119 1838/2088/2088
f 1826/2092/2092 1875/2123/2123 1874/2120/2120 1825/2089/2089
f 1813/2093/2093 1862/2124/2124 1861/2121/2121 1812/2090/2090
f 1840/2094/2094 1889/2125/2125 1888/2122/2122 1839/2091/2091
f 1827/2095/2095 1876/2126/2126 1875/2123/2123 1826/2092/2092
f 1814/2096/2096 1863/2127/2127 1862/2124/2124 1813/2093/2093
f 1841/2097/2097 1890/2128/2128 1889/2125/2125 1840/2094/2094
f 1114/1273/1273 6023/2129/2129 6024/2130/2130 1163/1304/1304
f 1828/2102/2102 1877/2131/2131 1876/2126/2126 1827/2095/2095
f 1815/2051/2051 1864/2132/2132 1863/2127/2127 1814/2096/2096
f 1842/2053/2053 1891/2133/2133 1890/2128/2128 1841/2097/2097
f 1802/2055/2055 1851/2134/2134 1850/1999/1999 1801/2002/2002
f 1829/2057/2057 1878/2135/2135 1877/2131/2131 1828/2102/2102
f 1816/2050/2050 1865/2136/2136 1864/2132/2132 1815/2051/2051
f 1843/2052/2052 1892/2137/2137 1891/2133/2133 1842/2053/2053
f 1803/2054/2054 1852/2138/2138 1851/2134/2134 1802/2055/2055
f 1830/2056/2056 1879/2139/2139 1878/2135/2135 1829/2057/2057
f 1817/2058/2058 1866/2140/2140 1865/2136/2136 1816/2050/2050
f 1844/2059/2059 1893/2141/2141 1892/2137/2137 1843/2052/2052
f 1804/2060/2060 1853/2142/2142 1852/2138/2138 1803/2054/2054
f 1831/2061/2061 1880/2143/2143 1879/2139/2139 1830/2056/2056
f 1818/2062/2062 1867/2144/2144 1866/2140/2140 1817/2058/2058
f 1845/2063/2063 1894/2145/2145 1893/2141/2141 1844/2059/2059
f 1805/2064/2064 1854/2146/2146 1853/2142/2142 1804/2060/2060
f 1832/2065/2065 1881/2147/2147 1880/2143/2143 1831/2061/2061
f 1819/2066/2066 1868/2148/2148 1867/2144/2144 1818/2062/2062
f 1846/2067/2067 1895/2149/2149 1894/2145/2145 1845/2063/2063
f 1806/2068/2068 1855/2150/2150 1854/2146/2146 1805/2064/2064
f 1833/2069/2069 1882/2151/2151 1881/2147/2147 1832/2065/2065
f 1820/2070/2070 1869/2152/2152 1868/2148/2148 1819/2066/2066
f 1847/2071/2071 1896/2153/2153 1895/2149/2149 1846/2067/2067
f 1807/2072/2072 1856/2154/2154 1855/2150/2150 1806/2068/2068
f 1834/2073/2073 1883/2155/2155 1882/2151/2151 1833/2069/2069
f 1821/2074/2074 1870/2104/2104 1869/2152/2152 1820/2070/2070
f 1848/2075/2075 1897/2105/2105 1896/2153/2153 1847/2071/2071
f 1808/2076/2076 1857/2107/2107 1856/2154/2154 1807/2072/2072
f 1835/2077/2077 1884/2109/2109 1883/2155/2155 1834/2073/2073
f 1864/2132/2132 1913/2156/2156 1912/2157/2157 1863/2127/2127
f 1891/2133/2133 1940/2158/2158 1939/2159/2159 1890/2128/2128
f 1851/2134/2134 1900/2160/2160 1899/2161/2161 1850/1999/1999
f 1878/2135/2135 1927/2162/2162 1926/2163/2163 1877/2131/2131
f 1865/2136/2136 1914/2164/2164 1913/2156/2156 1864/2132/2132
f 1892/2137/2137 1941/2165/2165 1940/2158/2158 1891/2133/2133
f 1852/2138/2138 1901/2166/2166 1900/2160/2160 1851/2134/2134
f 1879/2139/2139 1928/2167/2167 1927/2162/2162 1878/2135/2135
f 1866/2140/2140 1915/2168/2168 1914/2164/2164 1865/2136/2136
f 1893/2141/2141 1942/2169/2169 1941/2165/2165 1892/2137/2137
f 1853/2142/2142 1902/2170/2170 1901/2166/2166 1852/2138/2138
f 1880/2143/2143 1929/2171/2171 1928/2167/2167 1879/2139/2139
f 1867/2144/2144 1916/2172/2172 1915/2168/2168 1866/2140/2140
f 1894/2145/2145 1943/2173/2173 1942/2169/2169 1893/2141/2141
f 1854/2146/2146 1903/2174/2174 1902/2170/2170 1853/2142/2142
f 1881/2147/2147 1930/2175/2175 1929/2171/2171 1880/2143/2143
f 1868/2148/2148 1917/2176/2176 1916/2172/2172 1867/2144/2144
f 1895/2149/2149 1944/2177/2177 1943/2173/2173 1894/2145/2145
f 1855/2150/2150 1904/2178/2178 1903/2174/2174 1854/2146/2146
f 1882/2151/2151 1931/2179/2179 1930/2175/2175 1881/2147/2147
f 1869/2152/2152 1918/2180/2180 1917/2176/2176 1868/2148/2148
f 1896/2153/2153 1945/2181/2181 1944/2177/2177 1895/2149/2149
f 1856/2154/2154 1905/2182/2182 1904/2178/2178 1855/2150/2150
f 1883/2155/2155 1932/2183/2183 1931/2179/2179 1882/2151/2151
f 1870/2104/2104 1919/2184/2184 1918/2180/2180 1869/2152/2152
f 1897/2105/2105 1946/2185/2185 1945/2181/2181 1896/2153/2153
f 1857/2107/2107 1906/2186/2186 1905/2182/2182 1856/2154/2154
f 1884/2109/2109 1933/2187/2187 1932/2183/2183 1883/2155/2155
f 1871/2103/2103 1920/2188/2188 1919/2184/2184 1870/2104/2104
f 1898/1326/1326 1947/1329/1329 1946/2185/2185 1897/2105/2105
f 1858/2106/2106 1907/2189/2189 1906/2186/2186 1857/2107/2107
f 1885/2108/2108 1934/2190/2190 1933/2187/2187 1884/2109/2109
f 1872/2110/2110 1921/2191/2191 1920/2188/2188 1871/2103/2103
f 2193/2192/2192 5925/2193/2193 5924/2194/2194 2144/2195/2195
f 1859/2115/2115 1908/2196/2196 1907/2189/2189 1858/2106/2106
f 1886/2116/2116 1935/2197/2197 1934/2190/2190 1885/2108/2108
f 1873/2117/2117 1922/2198/2198 1921/2191/2191 1872/2110/2110
f 1860/2118/2118 1909/2199/2199 1908/2196/2196 1859/2115/2115
f 1887/2119/2119 1936/2200/2200 1935/2197/2197 1886/2116/2116
f 1874/2120/2120 1923/2201/2201 1922/2198/2198 1873/2117/2117
f 1861/2121/2121 1910/2202/2202 1909/2199/2199 1860/2118/2118
f 1888/2122/2122 1937/2203/2203 1936/2200/2200 1887/2119/2119
f 1875/2123/2123 1924/2204/2204 1923/2201/2201 1874/2120/2120
f 1862/2124/2124 1911/2205/2205 1910/2202/2202 1861/2121/2121
f 1889/2125/2125 1938/2206/2206 1937/2203/2203 1888/2122/2122
f 1876/2126/2126 1925/2207/2207 1924/2204/2204 1875/2123/2123
f 1863/2127/2127 1912/2157/2157 1911/2205/2205 1862/2124/2124
f 1890/2128/2128 1939/2159/2159 1938/2206/2206 1889/2125/2125
f 3074/2208/2208 6063/2209/2209 6064/2210/2210 3123/2211/2211
f 1877/2131/2131 1926/2163/2163 1925/2207/2207 1876/2126/2126
f 1919/2184/2184 1968/2212/2212 1967/2213/2213 1918/2180/2180
f 1946/2185/2185 1995/2214/2214 1994/2215/2215 1945/2181/2181
f 1906/2186/2186 1955/2216/2216 1954/2217/2217 1905/2182/2182
f 1933/2187/2187 1982/2218/2218 1981/2219/2219 1932/2183/2183
f 1920/2188/2188 1969/2220/2220 1968/2212/2212 1919/2184/2184
f 1947/1329/1329 1996/2221/2221 1995/2214/2214 1946/2185/2185
f 1907/2189/2189 1956/2222/2222 1955/2216/2216 1906/2186/2186
f 1934/2190/2190 1983/2223/2223 1982/2218/2218 1933/2187/2187
f 1921/2191/2191 1970/2224/2224 1969/2220/2220 1920/2188/2188
f 1311/1559/1559 5907/2225/2225 5906/2226/2226 1262/1470/1470
f 1908/2196/2196 1957/2227/2227 1956/2222/2222 1907/2189/2189
f 1935/2197/2197 1984/2228/2228 1983/2223/2223 1934/2190/2190
f 1922/2198/2198 1971/2229/2229 1970/2224/2224 1921/2191/2191
f 1909/2199/2199 1958/2230/2230 1957/2227/2227 1908/2196/2196
f 1936/2200/2200 1985/2231/2231 1984/2228/2228 1935/2197/2197
f 1923/2201/2201 1972/2232/2232 1971/2229/2229 1922/2198/2198
f 1910/2202/2202 1959/2233/2233 1958/2230/2230 1909/2199/2199
f 1937/2203/2203 1986/2234/2234 1985/2231/2231 1936/2200/2200
f 1924/2204/2204 1973/2235/2235 1972/2232/2232 1923/2201/2201
f 1911/2205/2205 1960/2236/2236 1959/2233/2233 1910/2202/2202
f 1938/2206/2206 1987/2237/2237 1986/2234/2234 1937/2203/2203
f 1925/2207/2207 1974/2238/2238 1973/2235/2235 1924/2204/2204
f 1912/2157/2157 1961/2239/2239 1960/2236/2236 1911/2205/2205
f 1939/2159/2159 1988/2240/2240 1987/2237/2237 1938/2206/2206
f 1996/2221/2221 6041/2241/2241 6042/2242/2242 2045/2243/2243
f 1926/2163/2163 1975/2244/2244 1974/2238/2238 1925/2207/2207
f 1913/2156/2156 1962/2245/2245 1961/2239/2239 1912/2157/2157
f 1940/2158/2158 1989/2246/2246 1988/2240/2240 1939/2159/2159
f 1900/2160/2160 1949/2247/2247 1948/2248/2248 1899/2161/2161
f 1927/2162/2162 1976/2249/2249 1975/2244/2244 1926/2163/2163
f 1914/2164/2164 1963/2250/2250 1962/2245/2245 1913/2156/2156
f 1941/2165/2165 1990/2251/2251 1989/2246/2246 1940/2158/2158
f 1901/2166/2166 1950/2252/2252 1949/2247/2247 1900/2160/2160
f 1928/2167/2167 1977/2253/2253 1976/2249/2249 1927/2162/2162
f 1915/2168/2168 1964/2254/2254 1963/2250/2250 1914/2164/2164
f 1942/2169/2169 1991/2255/2255 1990/2251/2251 1941/2165/2165
f 1902/2170/2170 1951/2256/2256 1950/2252/2252 1901/2166/2166
f 1929/2171/2171 1978/2257/2257 1977/2253/2253 1928/2167/2167
f 1916/2172/2172 1965/2258/2258 1964/2254/2254 1915/2168/2168
f 1943/2173/2173 1992/2259/2259 1991/2255/2255 1942/2169/2169
f 1903/2174/2174 1952/2260/2260 1951/2256/2256 1902/2170/2170
f 1930/2175/2175 1979/2261/2261 1978/2257/2257 1929/2171/2171
f 1917/2176/2176 1966/2262/2262 1965/2258/2258 1916/2172/2172
f 1944/2177/2177 1993/2263/2263 1992/2259/2259 1943/2173/2173
f 1904/2178/2178 1953/2264/2264 1952/2260/2260 1903/2174/2174
f 1931/2179/2179 1980/2265/2265 1979/2261/2261 1930/2175/2175
f 1918/2180/2180 1967/2213/2213 1966/2262/2262 1917/2176/2176
f 1945/2181/2181 1994/2215/2215 1993/2263/2263 1944/2177/2177
f 1905/2182/2182 1954/2217/2217 1953/2264/2264 1904/2178/2178
f 1932/2183/2183 1981/2219/2219 1980/2265/2265 1931/2179/2179
f 1961/2239/2239 2010/2266/2266 2009/2267/2267 1960/2236/2236
f 1988/2240/2240 2037/2268/2268 2036/2269/2269 1987/2237/2237
f 2339/2270/2270 6048/2271/2271 6049/2272/2272 2388/2273/2273
f 1975/2244/2244 2024/2274/2274 2023/2275/2275 1974/2238/2238
f 1962/2245/2245 2011/2276/2276 2010/2266/2266 1961/2239/2239
f 1989/2246/2246 2038/2277/2277 2037/2268/2268 1988/2240/2240
f 1949/2247/2247 1998/2278/2278 1997/2279/2279 1948/2248/2248
f 1976/2249/2249 2025/2280/2280 2024/2274/2274 1975/2244/2244
f 1963/2250/2250 2012/2281/2281 2011/2276/2276 1962/2245/2245
f 1990/2251/2251 2039/2282/2282 2038/2277/2277 1989/2246/2246
f 1950/2252/2252 1999/2283/2283 1998/2278/2278 1949/2247/2247
f 1977/2253/2253 2026/2284/2284 2025/2280/2280 1976/2249/2249
f 1964/2254/2254 2013/2285/2285 2012/2281/2281 1963/2250/2250
f 1991/2255/2255 2040/2286/2286 2039/2282/2282 1990/2251/2251
f 1951/2256/2256 2000/2287/2287 1999/2283/2283 1950/2252/2252
f 1978/2257/2257 2027/2288/2288 2026/2284/2284 1977/2253/2253
f 1965/2258/2258 2014/2289/2289 2013/2285/2285 1964/2254/2254
f 1992/2259/2259 2041/2290/2290 2040/2286/2286 1991/2255/2255
f 1952/2260/2260 2001/2291/2291 2000/2287/2287 1951/2256/2256
f 1979/2261/2261 2028/2292/2292 2027/2288/2288 1978/2257/2257
f 1966/2262/2262 2015/2293/2293 2014/2289/2289 1965/2258/2258
f 1993/2263/2263 2042/2294/2294 2041/2290/2290 1992/2259/2259
f 1953/2264/2264 2002/2295/2295 2001/2291/2291 1952/2260/2260
f 1980/2265/2265 2029/2296/2296 2028/2292/2292 1979/2261/2261
f 1967/2213/2213 2016/2297/2297 2015/2293/2293 1966/2262/2262
f 1994/2215/2215 2043/2298/2298 2042/2294/2294 1993/2263/2263
f 1954/2217/2217 2003/2299/2299 2002/2295/2295 1953/2264/2264
f 1981/2219/2219 2030/2300/2300 2029/2296/2296 1980/2265/2265
f 1968/2212/2212 2017/2301/2301 2016/2297/2297 1967/2213/2213
f 1995/2214/2214 2044/2302/2302 2043/2298/2298 1994/2215/2215
f 1955/2216/2216 2004/2303/2303 2003/2299/2299 1954/2217/2217
f 1982/2218/2218 2031/2304/2304 2030/2300/2300 1981/2219/2219
f 1969/2220/2220 2018/2305/2305 2017/2301/2301 1968/2212/2212
f 1996/2221/2221 2045/2243/2243 2044/2302/2302 1995/2214/2214
f 1956/2222/2222 2005/2306/2306 2004/2303/2303 1955/2216/2216
f 1983/2223/2223 2032/2307/2307 2031/2304/2304 1982/2218/2218
f 1970/2224/2224 2019/2308/2308 2018/2305/2305 1969/2220/2220
f 4253/2309/2309 5967/2310/2310 5966/2311/2311 4204/2312/2312
f 1957/2227/2227 2006/2313/2313 2005/2306/2306 1956/2222/2222
f 1984/2228/2228 2033/2314/2314 2032/2307/2307 1983/2223/2223
f 1971/2229/2229 2020/2315/2315 2019/2308/2308 1970/2224/2224
f 1958/2230/2230 2007/2316/2316 2006/2313/2313 1957/2227/2227
f 1985/2231/2231 2034/2317/2317 2033/2314/2314 1984/2228/2228
f 1972/2232/2232 2021/2318/2318 2020/2315/2315 1971/2229/2229
f 1959/2233/2233 2008/2319/2319 2007/2316/2316 1958/2230/2230
f 1986/2234/2234 2035/2320/2320 2034/2317/2317 1985/2231/2231
f 1973/2235/2235 2022/2321/2321 2021/2318/2318 1972/2232/2232
f 1960/2236/2236 2009/2267/2267 2008/2319/2319 1959/2233/2233
f 1987/2237/2237 2036/2269/2269 2035/2320/2320 1986/2234/2234
f 1974/2238/2238 2023/2275/2275 2022/2321/2321 1973/2235/2235
f 2016/2297/2297 2065/2322/2322 2064/2323/2323 2015/2293/2293
f 2043/2298/2298 2092/2324/2324 2091/2325/2325 2042/2294/2294
f 2003/2299/2299 2052/2326/2326 2051/2327/2327 2002/2295/2295
f 2030/2300/2300 2079/2328/2328 2078/2329/2329 2029/2296/2296
f 2017/2301/2301 2066/2330/2330 2065/2322/2322 2016/2297/2297
f 2044/2302/2302 2093/2331/2331 2092/2324/2324 2043/2298/2298
f 2004/2303/2303 2053/2332/2332 2052/2326/2326 2003/2299/2299
f 2031/2304/2304 2080/2333/2333 2079/2328/2328 2030/2300/2300
f 2018/2305/2305 2067/2334/2334 2066/2330/2330 2017/2301/2301
f 2045/2243/2243 2094/2335/2335 2093/2331/2331 2044/2302/2302
f 2005/2306/2306 2054/2336/2336 2053/2332/2332 2004/2303/2303
f 2032/2307/2307 2081/2337/2337 2080/2333/2333 2031/2304/2304
f 2019/2308/2308 2068/2338/2338 2067/2334/2334 2018/2305/2305
f 4596/2339/2339 5974/2340/2340 5973/2341/2341 4547/2342/2342
f 2006/2313/2313 2055/2343/2343 2054/2336/2336 2005/2306/2306
f 2033/2314/2314 2082/2344/2344 2081/2337/2337 2032/2307/2307
f 2020/2315/2315 2069/2345/2345 2068/2338/2338 2019/2308/2308
f 2007/2316/2316 2056/2346/2346 2055/2343/2343 2006/2313/2313
f 2034/2317/2317 2083/2347/2347 2082/2344/2344 2033/2314/2314
f 2021/2318/2318 2070/2348/2348 2069/2345/2345 2020/2315/2315
f 2008/2319/2319 2057/2349/2349 2056/2346/2346 2007/2316/2316
f 2035/2320/2320 2084/2350/2350 2083/2347/2347 2034/2317/2317
f 2022/2321/2321 2071/2351/2351 2070/2348/2348 2021/2318/2318
f 2009/2267/2267 2058/2352/2352 2057/2349/2349 2008/2319/2319
f 2036/2269/2269 2085/2353/2353 2084/2350/2350 2035/2320/2320
f 2023/2275/2275 2072/2354/2354 2071/2351/2351 2022/2321/2321
f 2010/2266/2266 2059/2355/2355 2058/2352/2352 2009/2267/2267
f 2037/2268/2268 2086/2356/2356 2085/2353/2353 2036/2269/2269
f 1653/883/883 6034/882/882 6035/2357/2357 1702/1936/1936
f 2024/2274/2274 2073/2358/2358 2072/2354/2354 2023/2275/2275
f 2011/2276/2276 2060/2359/2359 2059/2355/2355 2010/2266/2266
f 2038/2277/2277 2087/2360/2360 2086/2356/2356 2037/2268/2268
f 1998/2278/2278 2047/2361/2361 2046/1046/1046 1997/2279/2279
f 2025/2280/2280 2074/2362/2362 2073/2358/2358 2024/2274/2274
f 2012/2281/2281 2061/2363/2363 2060/2359/2359 2011/2276/2276
f 2039/2282/2282 2088/2364/2364 2087/2360/2360 2038/2277/2277
f 1999/2283/2283 2048/2365/2365 2047/2361/2361 1998/2278/2278
f 2026/2284/2284 2075/2366/2366 2074/2362/2362 2025/2280/2280
f 2013/2285/2285 2062/2367/2367 2061/2363/2363 2012/2281/2281
f 2040/2286/2286 2089/2368/2368 2088/2364/2364 2039/2282/2282
f 2000/2287/2287 2049/2369/2369 2048/2365/2365 1999/2283/2283
f 2027/2288/2288 2076/2370/2370 2075/2366/2366 2026/2284/2284
f 2014/2289/2289 2063/2371/2371 2062/2367/2367 2013/2285/2285
f 2041/2290/2290 2090/2372/2372 2089/2368/2368 2040/2286/2286
f 2001/2291/2291 2050/2373/2373 2049/2369/2369 2000/2287/2287
f 2028/2292/2292 2077/2374/2374 2076/2370/2370 2027/2288/2288
f 2015/2293/2293 2064/2323/2323 2063/2371/2371 2014/2289/2289
f 2042/2294/2294 2091/2325/2325 2090/2372/2372 2041/2290/2290
f 2002/2295/2295 2051/2327/2327 2050/2373/2373 2001/2291/2291
f 2029/2296/2296 2078/2329/2329 2077/2374/2374 2028/2292/2292
f 2058/2352/2352 2107/2375/2375 2106/2376/2376 2057/2349/2349
f 2085/2353/2353 2134/2377/2377 2133/2378/2378 2084/2350/2350
f 2072/2354/2354 2121/2379/2379 2120/2380/2380 2071/2351/2351
f 2059/2355/2355 2108/2381/2381 2107/2375/2375 2058/2352/2352
f 2086/2356/2356 2135/2382/2382 2134/2377/2377 2085/2353/2353
f 4399/2383/2383 6090/2384/2384 6091/2385/2385 4448/2386/2386
f 2073/2358/2358 2122/2387/2387 2121/2379/2379 2072/2354/2354
f 2060/2359/2359 2109/2388/2388 2108/2381/2381 2059/2355/2355
f 2087/2360/2360 2136/2389/2389 2135/2382/2382 2086/2356/2356
f 2047/2361/2361 2096/2390/2390 2095/1043/1043 2046/1046/1046
f 2074/2362/2362 2123/2391/2391 2122/2387/2387 2073/2358/2358
f 2061/2363/2363 2110/2392/2392 2109/2388/2388 2060/2359/2359
f 2088/2364/2364 2137/2393/2393 2136/2389/2389 2087/2360/2360
f 2048/2365/2365 2097/2394/2394 2096/2390/2390 2047/2361/2361
f 2075/2366/2366 2124/2395/2395 2123/2391/2391 2074/2362/2362
f 2062/2367/2367 2111/2396/2396 2110/2392/2392 2061/2363/2363
f 2089/2368/2368 2138/2397/2397 2137/2393/2393 2088/2364/2364
f 2049/2369/2369 2098/2398/2398 2097/2394/2394 2048/2365/2365
f 2076/2370/2370 2125/2399/2399 2124/2395/2395 2075/2366/2366
f 2063/2371/2371 2112/2400/2400 2111/2396/2396 2062/2367/2367
f 2090/2372/2372 2139/2401/2401 2138/2397/2397 2089/2368/2368
f 2050/2373/2373 2099/2402/2402 2098/2398/2398 2049/2369/2369
f 2077/2374/2374 2126/2403/2403 2125/2399/2399 2076/2370/2370
f 2064/2323/2323 2113/2404/2404 2112/2400/2400 2063/2371/2371
f 2091/2325/2325 2140/2405/2405 2139/2401/2401 2090/2372/2372
f 2051/2327/2327 2100/2406/2406 2099/2402/2402 2050/2373/2373
f 2078/2329/2329 2127/2407/2407 2126/2403/2403 2077/2374/2374
f 2065/2322/2322 2114/2408/2408 2113/2404/2404 2064/2323/2323
f 2092/2324/2324 2141/2409/2409 2140/2405/2405 2091/2325/2325
f 2052/2326/2326 2101/2410/2410 2100/2406/2406 2051/2327/2327
f 2079/2328/2328 2128/2411/2411 2127/2407/2407 2078/2329/2329
f 2066/2330/2330 2115/2412/2412 2114/2408/2408 2065/2322/2322
f 2093/2331/2331 2142/2413/2413 2141/2409/2409 2092/2324/2324
f 2053/2332/2332 2102/2414/2414 2101/2410/2410 2052/2326/2326
f 2080/2333/2333 2129/2415/2415 2128/2411/2411 2079/2328/2328
f 2067/2334/2334 2116/2416/2416 2115/2412/2412 2066/2330/2330
f 2094/2335/2335 2143/413/413 2142/2413/2413 2093/2331/2331
f 2054/2336/2336 2103/2417/2417 2102/2414/2414 2053/2332/2332
f 2081/2337/2337 2130/2418/2418 2129/2415/2415 2080/2333/2333
f 2068/2338/2338 2117/2419/2419 2116/2416/2416 2067/2334/2334
f 4988/2420/2420 5982/2421/2421 5981/2422/2422 4939/2423/2423
f 2055/2343/2343 2104/2424/2424 2103/2417/2417 2054/2336/2336
f 2082/2344/2344 2131/2425/2425 2130/2418/2418 2081/2337/2337
f 2069/2345/2345 2118/2426/2426 2117/2419/2419 2068/2338/2338
f 2056/2346/2346 2105/2427/2427 2104/2424/2424 2055/2343/2343
f 2083/2347/2347 2132/2428/2428 2131/2425/2425 2082/2344/2344
f 2070/2348/2348 2119/2429/2429 2118/2426/2426 2069/2345/2345
f 2057/2349/2349 2106/2376/2376 2105/2427/2427 2056/2346/2346
f 2084/2350/2350 2133/2378/2378 2132/2428/2428 2083/2347/2347
f 2071/2351/2351 2120/2380/2380 2119/2429/2429 2070/2348/2348
f 2113/2404/2404 2162/2430/2430 2161/2431/2431 2112/2400/2400
f 2140/2405/2405 2189/2432/2432 2188/2433/2433 2139/2401/2401
f 2100/2406/2406 2149/2434/2434 2148/2435/2435 2099/2402/2402
f 2127/2407/2407 2176/2436/2436 2175/2437/2437 2126/2403/2403
f 2114/2408/2408 2163/2438/2438 2162/2430/2430 2113/2404/2404
f 2141/2409/2409 2190/2439/2439 2189/2432/2432 2140/2405/2405
f 2101/2410/2410 2150/2440/2440 2149/2434/2434 2100/2406/2406
f 2128/2411/2411 2177/2441/2441 2176/2436/2436 2127/2407/2407
f 2115/2412/2412 2164/2442/2442 2163/2438/2438 2114/2408/2408
f 2142/2413/2413 2191/2443/2443 2190/2439/2439 2141/2409/2409
f 2102/2414/2414 2151/2444/2444 2150/2440/2440 2101/2410/2410
f 2129/2415/2415 2178/2445/2445 2177/2441/2441 2128/2411/2411
f 2116/2416/2416 2165/2446/2446 2164/2442/2442 2115/2412/2412
f 2143/413/413 2192/416/416 2191/2443/2443 2142/2413/2413
f 2103/2417/2417 2152/2447/2447 2151/2444/2444 2102/2414/2414
f 2130/2418/2418 2179/2448/2448 2178/2445/2445 2129/2415/2415
f 2117/2419/2419 2166/2449/2449 2165/2446/2446 2116/2416/2416
f 576/687/687 5892/2450/2450 5891/2451/2451 527/656/656
f 2104/2424/2424 2153/2452/2452 2152/2447/2447 2103/2417/2417
f 2131/2425/2425 2180/2453/2453 2179/2448/2448 2130/2418/2418
f 2118/2426/2426 2167/2454/2454 2166/2449/2449 2117/2419/2419
f 2105/2427/2427 2154/2455/2455 2153/2452/2452 2104/2424/2424
f 2132/2428/2428 2181/2456/2456 2180/2453/2453 2131/2425/2425
f 2119/2429/2429 2168/2457/2457 2167/2454/2454 2118/2426/2426
f 2106/2376/2376 2155/2458/2458 2154/2455/2455 2105/2427/2427
f 2133/2378/2378 2182/2459/2459 2181/2456/2456 2132/2428/2428
f 2120/2380/2380 2169/2460/2460 2168/2457/2457 2119/2429/2429
f 2107/2375/2375 2156/2461/2461 2155/2458/2458 2106/2376/2376
f 2134/2377/2377 2183/2462/2462 2182/2459/2459 2133/2378/2378
f 2121/2379/2379 2170/2463/2463 2169/2460/2460 2120/2380/2380
f 2108/2381/2381 2157/2464/2464 2156/2461/2461 2107/2375/2375
f 2135/2382/2382 2184/2465/2465 2183/2462/2462 2134/2377/2377
f 4006/2466/2466 6082/2467/2467 6083/2468/2468 4055/2469/2469
f 2122/2387/2387 2171/2470/2470 2170/2463/2463 2121/2379/2379
f 2109/2388/2388 2158/2471/2471 2157/2464/2464 2108/2381/2381
f 2136/2389/2389 2185/2472/2472 2184/2465/2465 2135/2382/2382
f 2096/2390/2390 2145/2473/2473 2144/2195/2195 2095/1043/1043
f 2123/2391/2391 2172/2474/2474 2171/2470/2470 2122/2387/2387
f 2110/2392/2392 2159/2475/2475 2158/2471/2471 2109/2388/2388
f 2137/2393/2393 2186/2476/2476 2185/2472/2472 2136/2389/2389
f 2097/2394/2394 2146/2477/2477 2145/2473/2473 2096/2390/2390
f 2124/2395/2395 2173/2478/2478 2172/2474/2474 2123/2391/2391
f 2111/2396/2396 2160/2479/2479 2159/2475/2475 2110/2392/2392
f 2138/2397/2397 2187/2480/2480 2186/2476/2476 2137/2393/2393
f 2098/2398/2398 2147/2481/2481 2146/2477/2477 2097/2394/2394
f 2125/2399/2399 2174/2482/2482 2173/2478/2478 2124/2395/2395
f 2112/2400/2400 2161/2431/2431 2160/2479/2479 2111/2396/2396
f 2139/2401/2401 2188/2433/2433 2187/2480/2480 2138/2397/2397
f 2099/2402/2402 2148/2435/2435 2147/2481/2481 2098/2398/2398
f 2126/2403/2403 2175/2437/2437 2174/2482/2482 2125/2399/2399
f 2155/2458/2458 2204/2483/2483 2203/2484/2484 2154/2455/2455
f 2182/2459/2459 2231/2485/2485 2230/2486/2486 2181/2456/2456
f 2169/2460/2460 2218/2487/2487 2217/2488/2488 2168/2457/2457
f 2156/2461/2461 2205/2489/2489 2204/2483/2483 2155/2458/2458
f 2183/2462/2462 2232/2490/2490 2231/2485/2485 2182/2459/2459
f 2170/2463/2463 2219/2491/2491 2218/2487/2487 2169/2460/2460
f 2157/2464/2464 2206/2492/2492 2205/2489/2489 2156/2461/2461
f 2184/2465/2465 2233/2493/2493 2232/2490/2490 2183/2462/2462
f 3663/2494/2494 6075/2495/2495 6076/2496/2496 3712/2497/2497
f 2171/2470/2470 2220/2498/2498 2219/2491/2491 2170/2463/2463
f 2158/2471/2471 2207/2499/2499 2206/2492/2492 2157/2464/2464
f 2185/2472/2472 2234/2500/2500 2233/2493/2493 2184/2465/2465
f 2145/2473/2473 2194/2501/2501 2193/2192/2192 2144/2195/2195
f 2172/2474/2474 2221/2502/2502 2220/2498/2498 2171/2470/2470
f 2159/2475/2475 2208/2503/2503 2207/2499/2499 2158/2471/2471
f 2186/2476/2476 2235/2504/2504 2234/2500/2500 2185/2472/2472
f 2146/2477/2477 2195/2505/2505 2194/2501/2501 2145/2473/2473
f 2173/2478/2478 2222/2506/2506 2221/2502/2502 2172/2474/2474
f 2160/2479/2479 2209/2507/2507 2208/2503/2503 2159/2475/2475
f 2187/2480/2480 2236/2508/2508 2235/2504/2504 2186/2476/2476
f 2147/2481/2481 2196/2509/2509 2195/2505/2505 2146/2477/2477
f 2174/2482/2482 2223/2510/2510 2222/2506/2506 2173/2478/2478
f 2161/2431/2431 2210/2511/2511 2209/2507/2507 2160/2479/2479
f 2188/2433/2433 2237/2512/2512 2236/2508/2508 2187/2480/2480
f 2148/2435/2435 2197/2513/2513 2196/2509/2509 2147/2481/2481
f 2175/2437/2437 2224/2514/2514 2223/2510/2510 2174/2482/2482
f 2162/2430/2430 2211/2515/2515 2210/2511/2511 2161/2431/2431
f 2189/2432/2432 2238/2516/2516 2237/2512/2512 2188/2433/2433
f 2149/2434/2434 2198/2517/2517 2197/2513/2513 2148/2435/2435
f 2176/2436/2436 2225/2518/2518 2224/2514/2514 2175/2437/2437
f 2163/2438/2438 2212/2519/2519 2211/2515/2515 2162/2430/2430
f 2190/2439/2439 2239/2520/2520 2238/2516/2516 2189/2432/2432
f 2150/2440/2440 2199/2521/2521 2198/2517/2517 2149/2434/2434
f 2177/2441/2441 2226/2522/2522 2225/2518/2518 2176/2436/2436
f 2164/2442/2442 2213/2523/2523 2212/2519/2519 2163/2438/2438
f 2191/2443/2443 2240/2524/2524 2239/2520/2520 2190/2439/2439
f 2151/2444/2444 2200/2525/2525 2199/2521/2521 2150/2440/2440
f 2178/2445/2445 2227/2526/2526 2226/2522/2522 2177/2441/2441
f 2165/2446/2446 2214/2527/2527 2213/2523/2523 2164/2442/2442
f 2192/416/416 2241/1462/1462 2240/2524/2524 2191/2443/2443
f 2152/2447/2447 2201/2528/2528 2200/2525/2525 2151/2444/2444
f 2179/2448/2448 2228/2529/2529 2227/2526/2526 2178/2445/2445
f 2166/2449/2449 2215/2530/2530 2214/2527/2527 2165/2446/2446
f 233/302/302 5885/2531/2531 5884/2532/2532 184/274/274
f 2153/2452/2452 2202/2533/2533 2201/2528/2528 2152/2447/2447
f 2180/2453/2453 2229/2534/2534 2228/2529/2529 2179/2448/2448
f 2167/2454/2454 2216/2535/2535 2215/2530/2530 2166/2449/2449
f 2154/2455/2455 2203/2484/2484 2202/2533/2533 2153/2452/2452
f 2181/2456/2456 2230/2486/2486 2229/2534/2534 2180/2453/2453
f 2168/2457/2457 2217/2488/2488 2216/2535/2535 2167/2454/2454
f 2210/2511/2511 2259/2536/2536 2258/2537/2537 2209/2507/2507
f 2237/2512/2512 2286/2538/2538 2285/2539/2539 2236/2508/2508
f 2197/2513/2513 2246/2540/2540 2245/2541/2541 2196/2509/2509
f 2224/2514/2514 2273/2542/2542 2272/2543/2543 2223/2510/2510
f 2211/2515/2515 2260/2544/2544 2259/2536/2536 2210/2511/2511
f 2238/2516/2516 2287/2545/2545 2286/2538/2538 2237/2512/2512
f 2198/2517/2517 2247/2546/2546 2246/2540/2540 2197/2513/2513
f 2225/2518/2518 2274/2547/2547 2273/2542/2542 2224/2514/2514
f 2212/2519/2519 2261/2548/2548 2260/2544/2544 2211/2515/2515
f 2239/2520/2520 2288/2549/2549 2287/2545/2545 2238/2516/2516
f 2199/2521/2521 2248/2550/2550 2247/2546/2546 2198/2517/2517
f 2226/2522/2522 2275/2551/2551 2274/2547/2547 2225/2518/2518
f 2213/2523/2523 2262/2552/2552 2261/2548/2548 2212/2519/2519
f 2240/2524/2524 2289/2553/2553 2288/2549/2549 2239/2520/2520
f 2200/2525/2525 2249/2554/2554 2248/2550/2550 2199/2521/2521
f 2227/2526/2526 2276/2555/2555 2275/2551/2551 2226/2522/2522
f 2214/2527/2527 2263/2556/2556 2262/2552/2552 2213/2523/2523
f 2241/1462/1462 2290/1465/1465 2289/2553/2553 2240/2524/2524
f 2201/2528/2528 2250/2557/2557 2249/2554/2554 2200/2525/2525
f 2228/2529/2529 2277/2558/2558 2276/2555/2555 2227/2526/2526
f 2215/2530/2530 2264/2559/2559 2263/2556/2556 2214/2527/2527
f 5331/2560/2560 5989/2561/2561 5988/2562/2562 5282/2563/2563
f 2202/2533/2533 2251/2564/2564 2250/2557/2557 2201/2528/2528
f 2229/2534/2534 2278/2565/2565 2277/2558/2558 2228/2529/2529
f 2216/2535/2535 2265/2566/2566 2264/2559/2559 2215/2530/2530
f 2203/2484/2484 2252/2567/2567 2251/2564/2564 2202/2533/2533
f 2230/2486/2486 2279/2568/2568 2278/2565/2565 2229/2534/2534
f 2217/2488/2488 2266/2569/2569 2265/2566/2566 2216/2535/2535
f 2204/2483/2483 2253/2570/2570 2252/2567/2567 2203/2484/2484
f 2231/2485/2485 2280/2571/2571 2279/2568/2568 2230/2486/2486
f 2218/2487/2487 2267/2572/2572 2266/2569/2569 2217/2488/2488
f 2205/2489/2489 2254/2573/2573 2253/2570/2570 2204/2483/2483
f 2232/2490/2490 2281/2574/2574 2280/2571/2571 2231/2485/2485
f 2219/2491/2491 2268/2575/2575 2267/2572/2572 2218/2487/2487
f 2206/2492/2492 2255/2576/2576 2254/2573/2573 2205/2489/2489
f 2233/2493/2493 2282/2577/2577 2281/2574/2574 2232/2490/2490
f 4742/2578/2578 6097/2579/2579 6098/2580/2580 4791/2581/2581
f 2220/2498/2498 2269/2582/2582 2268/2575/2575 2219/2491/2491
f 2207/2499/2499 2256/2583/2583 2255/2576/2576 2206/2492/2492
f 2234/2500/2500 2283/2584/2584 2282/2577/2577 2233/2493/2493
f 2194/2501/2501 2243/2585/2585 2242/2586/2586 2193/2192/2192
f 2221/2502/2502 2270/2587/2587 2269/2582/2582 2220/2498/2498
f 2208/2503/2503 2257/2588/2588 2256/2583/2583 2207/2499/2499
f 2235/2504/2504 2284/2589/2589 2283/2584/2584 2234/2500/2500
f 2195/2505/2505 2244/2590/2590 2243/2585/2585 2194/2501/2501
f 2222/2506/2506 2271/2591/2591 2270/2587/2587 2221/2502/2502
f 2209/2507/2507 2258/2537/2537 2257/2588/2588 2208/2503/2503
f 2236/2508/2508 2285/2539/2539 2284/2589/2589 2235/2504/2504
f 2196/2509/2509 2245/2541/2541 2244/2590/2590 2195/2505/2505
f 2223/2510/2510 2272/2543/2543 2271/2591/2591 2222/2506/2506
f 2252/2567/2567 2301/2592/2592 2300/2593/2593 2251/2564/2564
f 2279/2568/2568 2328/2594/2594 2327/2595/2595 2278/2565/2565
f 2266/2569/2569 2315/2596/2596 2314/2597/2597 2265/2566/2566
f 2253/2570/2570 2302/2598/2598 2301/2592/2592 2252/2567/2567
f 2280/2571/2571 2329/2599/2599 2328/2594/2594 2279/2568/2568
f 2267/2572/2572 2316/2600/2600 2315/2596/2596 2266/2569/2569
f 2254/2573/2573 2303/2601/2601 2302/2598/2598 2253/2570/2570
f 2281/2574/2574 2330/2602/2602 2329/2599/2599 2280/2571/2571
f 2268/2575/2575 2317/2603/2603 2316/2600/2600 2267/2572/2572
f 2255/2576/2576 2304/2604/2604 2303/2601/2601 2254/2573/2573
f 2282/2577/2577 2331/2605/2605 2330/2602/2602 2281/2574/2574
f 5624/2606/2606 6115/2607/2607 6116/649/649 5673/648/648
f 2269/2582/2582 2318/2608/2608 2317/2603/2603 2268/2575/2575
f 2256/2583/2583 2305/2609/2609 2304/2604/2604 2255/2576/2576
f 2283/2584/2584 2332/2610/2610 2331/2605/2605 2282/2577/2577
f 2243/2585/2585 2292/2611/2611 2291/334/334 2242/2586/2586
f 2270/2587/2587 2319/2612/2612 2318/2608/2608 2269/2582/2582
f 2257/2588/2588 2306/2613/2613 2305/2609/2609 2256/2583/2583
f 2284/2589/2589 2333/2614/2614 2332/2610/2610 2283/2584/2584
f 2244/2590/2590 2293/2615/2615 2292/2611/2611 2243/2585/2585
f 2271/2591/2591 2320/2616/2616 2319/2612/2612 2270/2587/2587
f 2258/2537/2537 2307/2617/2617 2306/2613/2613 2257/2588/2588
f 2285/2539/2539 2334/2618/2618 2333/2614/2614 2284/2589/2589
f 2245/2541/2541 2294/2619/2619 2293/2615/2615 2244/2590/2590
f 2272/2543/2543 2321/2620/2620 2320/2616/2616 2271/2591/2591
f 2259/2536/2536 2308/2621/2621 2307/2617/2617 2258/2537/2537
f 2286/2538/2538 2335/2622/2622 2334/2618/2618 2285/2539/2539
f 2246/2540/2540 2295/2623/2623 2294/2619/2619 2245/2541/2541
f 2273/2542/2542 2322/2624/2624 2321/2620/2620 2272/2543/2543
f 2260/2544/2544 2309/2625/2625 2308/2621/2621 2259/2536/2536
f 2287/2545/2545 2336/2626/2626 2335/2622/2622 2286/2538/2538
f 2247/2546/2546 2296/2627/2627 2295/2623/2623 2246/2540/2540
f 2274/2547/2547 2323/2628/2628 2322/2624/2624 2273/2542/2542
f 2261/2548/2548 2310/2629/2629 2309/2625/2625 2260/2544/2544
f 2288/2549/2549 2337/2630/2630 2336/2626/2626 2287/2545/2545
f 2248/2550/2550 2297/2631/2631 2296/2627/2627 2247/2546/2546
f 2275/2551/2551 2324/2632/2632 2323/2628/2628 2274/2547/2547
f 2262/2552/2552 2311/2633/2633 2310/2629/2629 2261/2548/2548
f 2289/2553/2553 2338/2634/2634 2337/2630/2630 2288/2549/2549
f 2249/2554/2554 2298/2635/2635 2297/2631/2631 2248/2550/2550
f 2276/2555/2555 2325/2636/2636 2324/2632/2632 2275/2551/2551
f 2263/2556/2556 2312/2637/2637 2311/2633/2633 2262/2552/2552
f 2290/1465/1465 2339/2270/2270 2338/2634/2634 2289/2553/2553
f 2250/2557/2557 2299/2638/2638 2298/2635/2635 2249/2554/2554
f 2277/2558/2558 2326/2639/2639 2325/2636/2636 2276/2555/2555
f 2264/2559/2559 2313/2640/2640 2312/2637/2637 2263/2556/2556
f 2683/2641/2641 5935/2642/2642 5934/2643/2643 2634/2644/2644
f 2251/2564/2564 2300/2593/2593 2299/2638/2638 2250/2557/2557
f 2278/2565/2565 2327/2595/2595 2326/2639/2639 2277/2558/2558
f 2265/2566/2566 2314/2597/2597 2313/2640/2640 2264/2559/2559
f 2307/2617/2617 2356/2645/2645 2355/2646/2646 2306/2613/2613
f 2334/2618/2618 2383/2647/2647 2382/2648/2648 2333/2614/2614
f 2294/2619/2619 2343/2649/2649 2342/2650/2650 2293/2615/2615
f 2321/2620/2620 2370/2651/2651 2369/2652/2652 2320/2616/2616
f 2308/2621/2621 2357/2653/2653 2356/2645/2645 2307/2617/2617
f 2335/2622/2622 2384/2654/2654 2383/2647/2647 2334/2618/2618
f 2295/2623/2623 2344/2655/2655 2343/2649/2649 2294/2619/2619
f 2322/2624/2624 2371/2656/2656 2370/2651/2651 2321/2620/2620
f 2309/2625/2625 2358/2657/2657 2357/2653/2653 2308/2621/2621
f 2336/2626/2626 2385/2658/2658 2384/2654/2654 2335/2622/2622
f 2296/2627/2627 2345/2659/2659 2344/2655/2655 2295/2623/2623
f 2323/2628/2628 2372/2660/2660 2371/2656/2656 2322/2624/2624
f 2310/2629/2629 2359/2661/2661 2358/2657/2657 2309/2625/2625
f 2337/2630/2630 2386/2662/2662 2385/2658/2658 2336/2626/2626
f 2297/2631/2631 2346/2663/2663 2345/2659/2659 2296/2627/2627
f 2324/2632/2632 2373/2664/2664 2372/2660/2660 2323/2628/2628
f 2311/2633/2633 2360/2665/2665 2359/2661/2661 2310/2629/2629
f 2338/2634/2634 2387/2666/2666 2386/2662/2662 2337/2630/2630
f 2298/2635/2635 2347/2667/2667 2346/2663/2663 2297/2631/2631
f 2325/2636/2636 2374/2668/2668 2373/2664/2664 2324/2632/2632
f 2312/2637/2637 2361/2669/2669 2360/2665/2665 2311/2633/2633
f 2339/2270/2270 2388/2273/2273 2387/2666/2666 2338/2634/2634
f 2299/2638/2638 2348/2670/2670 2347/2667/2667 2298/2635/2635
f 2326/2639/2639 2375/2671/2671 2374/2668/2668 2325/2636/2636
f 2313/2640/2640 2362/2672/2672 2361/2669/2669 2312/2637/2637
f 3615/2673/2673 5954/2674/2674 5953/2675/2675 3566/2676/2676
f 2300/2593/2593 2349/2677/2677 2348/2670/2670 2299/2638/2638
f 2327/2595/2595 2376/2678/2678 2375/2671/2671 2326/2639/2639
f 2314/2597/2597 2363/2679/2679 2362/2672/2672 2313/2640/2640
f 2301/2592/2592 2350/2680/2680 2349/2677/2677 2300/2593/2593
f 2328/2594/2594 2377/2681/2681 2376/2678/2678 2327/2595/2595
f 2315/2596/2596 2364/2682/2682 2363/2679/2679 2314/2597/2597
f 2302/2598/2598 2351/2683/2683 2350/2680/2680 2301/2592/2592
f 2329/2599/2599 2378/2684/2684 2377/2681/2681 2328/2594/2594
f 2316/2600/2600 2365/2685/2685 2364/2682/2682 2315/2596/2596
f 2303/2601/2601 2352/2686/2686 2351/2683/2683 2302/2598/2598
f 2330/2602/2602 2379/2687/2687 2378/2684/2684 2329/2599/2599
f 2317/2603/2603 2366/2688/2688 2365/2685/2685 2316/2600/2600
f 2304/2604/2604 2353/2689/2689 2352/2686/2686 2303/2601/2601
f 2331/2605/2605 2380/2690/2690 2379/2687/2687 2330/2602/2602
f 379/446/446 6008/2691/2691 6009/149/149 428/148/148
f 2318/2608/2608 2367/2692/2692 2366/2688/2688 2317/2603/2603
f 2305/2609/2609 2354/2693/2693 2353/2689/2689 2304/2604/2604
f 2332/2610/2610 2381/2694/2694 2380/2690/2690 2331/2605/2605
f 2292/2611/2611 2341/2695/2695 2340/331/331 2291/334/334
f 2319/2612/2612 2368/2696/2696 2367/2692/2692 2318/2608/2608
f 2306/2613/2613 2355/2646/2646 2354/2693/2693 2305/2609/2609
f 2333/2614/2614 2382/2648/2648 2381/2694/2694 2332/2610/2610
f 2293/2615/2615 2342/2650/2650 2341/2695/2695 2292/2611/2611
f 2320/2616/2616 2369/2652/2652 2368/2696/2696 2319/2612/2612
f 37/11/11 4056/2697/2697 6000/2698/2698 5870/12/12
f 2349/2677/2677 2398/2699/2699 2397/2700/2700 2348/2670/2670
f 2376/2678/2678 2425/2701/2701 2424/2702/2702 2375/2671/2671
f 2363/2679/2679 2412/2703/2703 2411/2704/2704 2362/2672/2672
f 2350/2680/2680 2399/2705/2705 2398/2699/2699 2349/2677/2677
f 2377/2681/2681 2426/2706/2706 2425/2701/2701 2376/2678/2678
f 2364/2682/2682 2413/2707/2707 2412/2703/2703 2363/2679/2679
f 2351/2683/2683 2400/2708/2708 2399/2705/2705 2350/2680/2680
f 2378/2684/2684 2427/2709/2709 2426/2706/2706 2377/2681/2681
f 2365/2685/2685 2414/2710/2710 2413/2707/2707 2364/2682/2682
f 2352/2686/2686 2401/2711/2711 2400/2708/2708 2351/2683/2683
f 2379/2687/2687 2428/2712/2712 2427/2709/2709 2378/2684/2684
f 2366/2688/2688 2415/2713/2713 2414/2710/2710 2365/2685/2685
f 2353/2689/2689 2402/2714/2714 2401/2711/2711 2352/2686/2686
f 2380/2690/2690 2429/2715/2715 2428/2712/2712 2379/2687/2687
f 4055/2469/2469 6083/2468/2468 6084/2716/2716 4105/2717/2717
f 2367/2692/2692 2416/2718/2718 2415/2713/2713 2366/2688/2688
f 2354/2693/2693 2403/2719/2719 2402/2714/2714 2353/2689/2689
f 2381/2694/2694 2430/2720/2720 2429/2715/2715 2380/2690/2690
f 2341/2695/2695 2390/2721/2721 2389/1393/1393 2340/331/331
f 2368/2696/2696 2417/2722/2722 2416/2718/2718 2367/2692/2692
f 2355/2646/2646 2404/2723/2723 2403/2719/2719 2354/2693/2693
f 2382/2648/2648 2431/2724/2724 2430/2720/2720 2381/2694/2694
f 2342/2650/2650 2391/2725/2725 2390/2721/2721 2341/2695/2695
f 2369/2652/2652 2418/2726/2726 2417/2722/2722 2368/2696/2696
f 2356/2645/2645 2405/2727/2727 2404/2723/2723 2355/2646/2646
f 2383/2647/2647 2432/2728/2728 2431/2724/2724 2382/2648/2648
f 2343/2649/2649 2392/2729/2729 2391/2725/2725 2342/2650/2650
f 2370/2651/2651 2419/2730/2730 2418/2726/2726 2369/2652/2652
f 2357/2653/2653 2406/2731/2731 2405/2727/2727 2356/2645/2645
f 2384/2654/2654 2433/2732/2732 2432/2728/2728 2383/2647/2647
f 2344/2655/2655 2393/2733/2733 2392/2729/2729 2343/2649/2649
f 2371/2656/2656 2420/2734/2734 2419/2730/2730 2370/2651/2651
f 2358/2657/2657 2407/2735/2735 2406/2731/2731 2357/2653/2653
f 2385/2658/2658 2434/2736/2736 2433/2732/2732 2384/2654/2654
f 2345/2659/2659 2394/2737/2737 2393/2733/2733 2344/2655/2655
f 2372/2660/2660 2421/2738/2738 2420/2734/2734 2371/2656/2656
f 2359/2661/2661 2408/2739/2739 2407/2735/2735 2358/2657/2657
f 2386/2662/2662 2435/2740/2740 2434/2736/2736 2385/2658/2658
f 2346/2663/2663 2395/2741/2741 2394/2737/2737 2345/2659/2659
f 2373/2664/2664 2422/2742/2742 2421/2738/2738 2372/2660/2660
f 2360/2665/2665 2409/2743/2743 2408/2739/2739 2359/2661/2661
f 2387/2666/2666 2436/2744/2744 2435/2740/2740 2386/2662/2662
f 2347/2667/2667 2396/2745/2745 2395/2741/2741 2346/2663/2663
f 2374/2668/2668 2423/2746/2746 2422/2742/2742 2373/2664/2664
f 2361/2669/2669 2410/2747/2747 2409/2743/2743 2360/2665/2665
f 2388/2273/2273 2437/2748/2748 2436/2744/2744 2387/2666/2666
f 2348/2670/2670 2397/2700/2700 2396/2745/2745 2347/2667/2667
f 2375/2671/2671 2424/2702/2702 2423/2746/2746 2374/2668/2668
f 2362/2672/2672 2411/2704/2704 2410/2747/2747 2361/2669/2669
f 2422/2742/2742 2471/2749/2749 2470/2750/2750 2421/2738/2738
f 2404/2723/2723 2453/2751/2751 2452/2752/2752 2403/2719/2719
f 2409/2743/2743 2458/2753/2753 2457/2754/2754 2408/2739/2739
f 2391/2725/2725 2440/2755/2755 2439/2756/2756 2390/2721/2721
f 2436/2744/2744 2485/2757/2757 2484/2758/2758 2435/2740/2740
f 2423/2746/2746 2472/2759/2759 2471/2749/2749 2422/2742/2742
f 2392/2729/2729 2441/2760/2760 2440/2755/2755 2391/2725/2725
f 2410/2747/2747 2459/2761/2761 2458/2753/2753 2409/2743/2743
f 2437/2748/2748 2486/2762/2762 2485/2757/2757 2436/2744/2744
f 2424/2702/2702 2473/2763/2763 2472/2759/2759 2423/2746/2746
f 2393/2733/2733 2442/2764/2764 2441/2760/2760 2392/2729/2729
f 2411/2704/2704 2460/2765/2765 2459/2761/2761 2410/2747/2747
f 1066/219/219 5902/218/218 5901/2766/2766 1017/1217/1217
f 2425/2701/2701 2474/2767/2767 2473/2763/2763 2424/2702/2702
f 2394/2737/2737 2443/2768/2768 2442/2764/2764 2393/2733/2733
f 2412/2703/2703 2461/2769/2769 2460/2765/2765 2411/2704/2704
f 2426/2706/2706 2475/2770/2770 2474/2767/2767 2425/2701/2701
f 2395/2741/2741 2444/2771/2771 2443/2768/2768 2394/2737/2737
f 2413/2707/2707 2462/2772/2772 2461/2769/2769 2412/2703/2703
f 2427/2709/2709 2476/2773/2773 2475/2770/2770 2426/2706/2706
f 2396/2745/2745 2445/2774/2774 2444/2771/2771 2395/2741/2741
f 2414/2710/2710 2463/2775/2775 2462/2772/2772 2413/2707/2707
f 2428/2712/2712 2477/2776/2776 2476/2773/2773 2427/2709/2709
f 2397/2700/2700 2446/2777/2777 2445/2774/2774 2396/2745/2745
f 2415/2713/2713 2464/2778/2778 2463/2775/2775 2414/2710/2710
f 2429/2715/2715 2478/2779/2779 2477/2776/2776 2428/2712/2712
f 2398/2699/2699 2447/2780/2780 2446/2777/2777 2397/2700/2700
f 2416/2718/2718 2465/2781/2781 2464/2778/2778 2415/2713/2713
f 2430/2720/2720 2479/2782/2782 2478/2779/2779 2429/2715/2715
f 2417/2722/2722 2466/2783/2783 2465/2781/2781 2416/2718/2718
f 2399/2705/2705 2448/2784/2784 2447/2780/2780 2398/2699/2699
f 2431/2724/2724 2480/2785/2785 2479/2782/2782 2430/2720/2720
f 2418/2726/2726 2467/2786/2786 2466/2783/2783 2417/2722/2722
f 2400/2708/2708 2449/2787/2787 2448/2784/2784 2399/2705/2705
f 2405/2727/2727 2454/2788/2788 2453/2751/2751 2404/2723/2723
f 2432/2728/2728 2481/2789/2789 2480/2785/2785 2431/2724/2724
f 2419/2730/2730 2468/2790/2790 2467/2786/2786 2418/2726/2726
f 2401/2711/2711 2450/2791/2791 2449/2787/2787 2400/2708/2708
f 2406/2731/2731 2455/2792/2792 2454/2788/2788 2405/2727/2727
f 2433/2732/2732 2482/2793/2793 2481/2789/2789 2432/2728/2728
f 2420/2734/2734 2469/2794/2794 2468/2790/2790 2419/2730/2730
f 2402/2714/2714 2451/2795/2795 2450/2791/2791 2401/2711/2711
f 5820/911/911 6119/910/910 6120/2796/2796 5869/2797/2797
f 2407/2735/2735 2456/2798/2798 2455/2792/2792 2406/2731/2731
f 2434/2736/2736 2483/2799/2799 2482/2793/2793 2433/2732/2732
f 2421/2738/2738 2470/2750/2750 2469/2794/2794 2420/2734/2734
f 2403/2719/2719 2452/2752/2752 2451/2795/2795 2402/2714/2714
f 2390/2721/2721 2439/2756/2756 2438/604/604 2389/1393/1393
f 2408/2739/2739 2457/2754/2754 2456/2798/2798 2407/2735/2735
f 2435/2740/2740 2484/2758/2758 2483/2799/2799 2434/2736/2736
f 2464/2778/2778 2513/2800/2800 2512/2801/2801 2463/2775/2775
f 2451/2795/2795 2500/2802/2802 2499/2803/2803 2450/2791/2791
f 2478/2779/2779 2527/2804/2804 2526/2805/2805 2477/2776/2776
f 722/828/828 6015/2806/2806 6016/500/500 771/499/499
f 2465/2781/2781 2514/2807/2807 2513/2800/2800 2464/2778/2778
f 2452/2752/2752 2501/2808/2808 2500/2802/2802 2451/2795/2795
f 2479/2782/2782 2528/2809/2809 2527/2804/2804 2478/2779/2779
f 2439/2756/2756 2488/2810/2810 2487/601/601 2438/604/604
f 2466/2783/2783 2515/2811/2811 2514/2807/2807 2465/2781/2781
f 2453/2751/2751 2502/2812/2812 2501/2808/2808 2452/2752/2752
f 2480/2785/2785 2529/2813/2813 2528/2809/2809 2479/2782/2782
f 2440/2755/2755 2489/2814/2814 2488/2810/2810 2439/2756/2756
f 2467/2786/2786 2516/2815/2815 2515/2811/2811 2466/2783/2783
f 2454/2788/2788 2503/2816/2816 2502/2812/2812 2453/2751/2751
f 2481/2789/2789 2530/2817/2817 2529/2813/2813 2480/2785/2785
f 2441/2760/2760 2490/2818/2818 2489/2814/2814 2440/2755/2755
f 2468/2790/2790 2517/2819/2819 2516/2815/2815 2467/2786/2786
f 2455/2792/2792 2504/2820/2820 2503/2816/2816 2454/2788/2788
f 2482/2793/2793 2531/2821/2821 2530/2817/2817 2481/2789/2789
f 2442/2764/2764 2491/2822/2822 2490/2818/2818 2441/2760/2760
f 2469/2794/2794 2518/2823/2823 2517/2819/2819 2468/2790/2790
f 2456/2798/2798 2505/2824/2824 2504/2820/2820 2455/2792/2792
f 2483/2799/2799 2532/2825/2825 2531/2821/2821 2482/2793/2793
f 2443/2768/2768 2492/2826/2826 2491/2822/2822 2442/2764/2764
f 2470/2750/2750 2519/2827/2827 2518/2823/2823 2469/2794/2794
f 2457/2754/2754 2506/2828/2828 2505/2824/2824 2456/2798/2798
f 2484/2758/2758 2533/2829/2829 2532/2825/2825 2483/2799/2799
f 2444/2771/2771 2493/2830/2830 2492/2826/2826 2443/2768/2768
f 2471/2749/2749 2520/2831/2831 2519/2827/2827 2470/2750/2750
f 2458/2753/2753 2507/2832/2832 2506/2828/2828 2457/2754/2754
f 2485/2757/2757 2534/2833/2833 2533/2829/2829 2484/2758/2758
f 2445/2774/2774 2494/2834/2834 2493/2830/2830 2444/2771/2771
f 2472/2759/2759 2521/2835/2835 2520/2831/2831 2471/2749/2749
f 2459/2761/2761 2508/2836/2836 2507/2832/2832 2458/2753/2753
f 2486/2762/2762 2535/2837/2837 2534/2833/2833 2485/2757/2757
f 2446/2777/2777 2495/2838/2838 2494/2834/2834 2445/2774/2774
f 2473/2763/2763 2522/2839/2839 2521/2835/2835 2472/2759/2759
f 2460/2765/2765 2509/2840/2840 2508/2836/2836 2459/2761/2761
f 1948/2248/2248 5920/2841/2841 5919/2842/2842 1899/2161/2161
f 2447/2780/2780 2496/2843/2843 2495/2838/2838 2446/2777/2777
f 2474/2767/2767 2523/2844/2844 2522/2839/2839 2473/2763/2763
f 2461/2769/2769 2510/2845/2845 2509/2840/2840 2460/2765/2765
f 2448/2784/2784 2497/2846/2846 2496/2843/2843 2447/2780/2780
f 2475/2770/2770 2524/2847/2847 2523/2844/2844 2474/2767/2767
f 2462/2772/2772 2511/2848/2848 2510/2845/2845 2461/2769/2769
f 2449/2787/2787 2498/2849/2849 2497/2846/2846 2448/2784/2784
f 2476/2773/2773 2525/2850/2850 2524/2847/2847 2475/2770/2770
f 2463/2775/2775 2512/2801/2801 2511/2848/2848 2462/2772/2772
f 2450/2791/2791 2499/2803/2803 2498/2849/2849 2449/2787/2787
f 2477/2776/2776 2526/2805/2805 2525/2850/2850 2476/2773/2773
f 2519/2827/2827 2568/2851/2851 2567/2852/2852 2518/2823/2823
f 2506/2828/2828 2555/2853/2853 2554/2854/2854 2505/2824/2824
f 2533/2829/2829 2582/2855/2855 2581/2856/2856 2532/2825/2825
f 2493/2830/2830 2542/2857/2857 2541/2858/2858 2492/2826/2826
f 2520/2831/2831 2569/2859/2859 2568/2851/2851 2519/2827/2827
f 2507/2832/2832 2556/2860/2860 2555/2853/2853 2506/2828/2828
f 2534/2833/2833 2583/2861/2861 2582/2855/2855 2533/2829/2829
f 2494/2834/2834 2543/2862/2862 2542/2857/2857 2493/2830/2830
f 2521/2835/2835 2570/2863/2863 2569/2859/2859 2520/2831/2831
f 2508/2836/2836 2557/2864/2864 2556/2860/2860 2507/2832/2832
f 2535/2837/2837 2584/2865/2865 2583/2861/2861 2534/2833/2833
f 2495/2838/2838 2544/2866/2866 2543/2862/2862 2494/2834/2834
f 2522/2839/2839 2571/2867/2867 2570/2863/2863 2521/2835/2835
f 2509/2840/2840 2558/2868/2868 2557/2864/2864 2508/2836/2836
f 3958/78/78 5961/77/77 5960/2869/2869 3909/2870/2870
f 2496/2843/2843 2545/2871/2871 2544/2866/2866 2495/2838/2838
f 2523/2844/2844 2572/2872/2872 2571/2867/2867 2522/2839/2839
f 2510/2845/2845 2559/2873/2873 2558/2868/2868 2509/2840/2840
f 2497/2846/2846 2546/2874/2874 2545/2871/2871 2496/2843/2843
f 2524/2847/2847 2573/2875/2875 2572/2872/2872 2523/2844/2844
f 2511/2848/2848 2560/2876/2876 2559/2873/2873 2510/2845/2845
f 2498/2849/2849 2547/2877/2877 2546/2874/2874 2497/2846/2846
f 2525/2850/2850 2574/2878/2878 2573/2875/2875 2524/2847/2847
f 2512/2801/2801 2561/2879/2879 2560/2876/2876 2511/2848/2848
f 2499/2803/2803 2548/2880/2880 2547/2877/2877 2498/2849/2849
f 2526/2805/2805 2575/2881/2881 2574/2878/2878 2525/2850/2850
f 2513/2800/2800 2562/2882/2882 2561/2879/2879 2512/2801/2801
f 2500/2802/2802 2549/2883/2883 2548/2880/2880 2499/2803/2803
f 2527/2804/2804 2576/2884/2884 2575/2881/2881 2526/2805/2805
f 5134/2885/2885 6105/2886/2886 6106/267/267 5183/266/266
f 2514/2807/2807 2563/2887/2887 2562/2882/2882 2513/2800/2800
f 2501/2808/2808 2550/2888/2888 2549/2883/2883 2500/2802/2802
f 2528/2809/2809 2577/2889/2889 2576/2884/2884 2527/2804/2804
f 2488/2810/2810 2537/2890/2890 2536/1536/1536 2487/601/601
f 2515/2811/2811 2564/2891/2891 2563/2887/2887 2514/2807/2807
f 2502/2812/2812 2551/2892/2892 2550/2888/2888 2501/2808/2808
f 2529/2813/2813 2578/2893/2893 2577/2889/2889 2528/2809/2809
f 2489/2814/2814 2538/2894/2894 2537/2890/2890 2488/2810/2810
f 2516/2815/2815 2565/2895/2895 2564/2891/2891 2515/2811/2811
f 2503/2816/2816 2552/2896/2896 2551/2892/2892 2502/2812/2812
f 2530/2817/2817 2579/2897/2897 2578/2893/2893 2529/2813/2813
f 2490/2818/2818 2539/2898/2898 2538/2894/2894 2489/2814/2814
f 2517/2819/2819 2566/2899/2899 2565/2895/2895 2516/2815/2815
f 2504/2820/2820 2553/2900/2900 2552/2896/2896 2503/2816/2816
f 2531/2821/2821 2580/2901/2901 2579/2897/2897 2530/2817/2817
f 2491/2822/2822 2540/2902/2902 2539/2898/2898 2490/2818/2818
f 2518/2823/2823 2567/2852/2852 2566/2899/2899 2517/2819/2819
f 2505/2824/2824 2554/2854/2854 2553/2900/2900 2504/2820/2820
f 2532/2825/2825 2581/2856/2856 2580/2901/2901 2531/2821/2821
f 2492/2826/2826 2541/2858/2858 2540/2902/2902 2491/2822/2822
f 2561/2879/2879 2610/2903/2903 2609/2904/2904 2560/2876/2876
f 2548/2880/2880 2597/2905/2905 2596/2906/2906 2547/2877/2877
f 2575/2881/2881 2624/2907/2907 2623/2908/2908 2574/2878/2878
f 2562/2882/2882 2611/2909/2909 2610/2903/2903 2561/2879/2879
f 2549/2883/2883 2598/2910/2910 2597/2905/2905 2548/2880/2880
f 2576/2884/2884 2625/2911/2911 2624/2907/2907 2575/2881/2881
f 2486/2762/2762 6051/2912/2912 6052/2913/2913 2535/2837/2837
f 2563/2887/2887 2612/2914/2914 2611/2909/2909 2562/2882/2882
f 2550/2888/2888 2599/2915/2915 2598/2910/2910 2549/2883/2883
f 2577/2889/2889 2626/2916/2916 2625/2911/2911 2576/2884/2884
f 2537/2890/2890 2586/2917/2917 2585/1533/1533 2536/1536/1536
f 2564/2891/2891 2613/2918/2918 2612/2914/2914 2563/2887/2887
f 2551/2892/2892 2600/2919/2919 2599/2915/2915 2550/2888/2888
f 2578/2893/2893 2627/2920/2920 2626/2916/2916 2577/2889/2889
f 2538/2894/2894 2587/2921/2921 2586/2917/2917 2537/2890/2890
f 2565/2895/2895 2614/2922/2922 2613/2918/2918 2564/2891/2891
f 2552/2896/2896 2601/2923/2923 2600/2919/2919 2551/2892/2892
f 2579/2897/2897 2628/2924/2924 2627/2920/2920 2578/2893/2893
f 2539/2898/2898 2588/2925/2925 2587/2921/2921 2538/2894/2894
f 2566/2899/2899 2615/2926/2926 2614/2922/2922 2565/2895/2895
f 2553/2900/2900 2602/2927/2927 2601/2923/2923 2552/2896/2896
f 2580/2901/2901 2629/2928/2928 2628/2924/2924 2579/2897/2897
f 2540/2902/2902 2589/2929/2929 2588/2925/2925 2539/2898/2898
f 2567/2852/2852 2616/2930/2930 2615/2926/2926 2566/2899/2899
f 2554/2854/2854 2603/2931/2931 2602/2927/2927 2553/2900/2900
f 2581/2856/2856 2630/2932/2932 2629/2928/2928 2580/2901/2901
f 2541/2858/2858 2590/2933/2933 2589/2929/2929 2540/2902/2902
f 2568/2851/2851 2617/2934/2934 2616/2930/2930 2567/2852/2852
f 2555/2853/2853 2604/2935/2935 2603/2931/2931 2554/2854/2854
f 2582/2855/2855 2631/2936/2936 2630/2932/2932 2581/2856/2856
f 2542/2857/2857 2591/2937/2937 2590/2933/2933 2541/2858/2858
f 2569/2859/2859 2618/2938/2938 2617/2934/2934 2568/2851/2851
f 2556/2860/2860 2605/2939/2939 2604/2935/2935 2555/2853/2853
f 2583/2861/2861 2632/2940/2940 2631/2936/2936 2582/2855/2855
f 2543/2862/2862 2592/2941/2941 2591/2937/2937 2542/2857/2857
f 2570/2863/2863 2619/2942/2942 2618/2938/2938 2569/2859/2859
f 2557/2864/2864 2606/2943/2943 2605/2939/2939 2556/2860/2860
f 2584/2865/2865 2633/1121/1121 2632/2940/2940 2583/2861/2861
f 2544/2866/2866 2593/2944/2944 2592/2941/2941 2543/2862/2862
f 2571/2867/2867 2620/2945/2945 2619/2942/2942 2570/2863/2863
f 2558/2868/2868 2607/2946/2946 2606/2943/2943 2557/2864/2864
f 1409/484/484 5909/483/483 5908/2947/2947 1360/1588/1588
f 2545/2871/2871 2594/2948/2948 2593/2944/2944 2544/2866/2866
f 2572/2872/2872 2621/2949/2949 2620/2945/2945 2571/2867/2867
f 2559/2873/2873 2608/2950/2950 2607/2946/2946 2558/2868/2868
f 2546/2874/2874 2595/2951/2951 2594/2948/2948 2545/2871/2871
f 2573/2875/2875 2622/2952/2952 2621/2949/2949 2572/2872/2872
f 2560/2876/2876 2609/2904/2904 2608/2950/2950 2559/2873/2873
f 2547/2877/2877 2596/2906/2906 2595/2951/2951 2546/2874/2874
f 2574/2878/2878 2623/2908/2908 2622/2952/2952 2573/2875/2875
f 2616/2930/2930 2665/2953/2953 2664/2954/2954 2615/2926/2926
f 2603/2931/2931 2652/2955/2955 2651/2956/2956 2602/2927/2927
f 2630/2932/2932 2679/2957/2957 2678/2958/2958 2629/2928/2928
f 2590/2933/2933 2639/2959/2959 2638/2960/2960 2589/2929/2929
f 2617/2934/2934 2666/2961/2961 2665/2953/2953 2616/2930/2930
f 2604/2935/2935 2653/2962/2962 2652/2955/2955 2603/2931/2931
f 2631/2936/2936 2680/2963/2963 2679/2957/2957 2630/2932/2932
f 2591/2937/2937 2640/2964/2964 2639/2959/2959 2590/2933/2933
f 2618/2938/2938 2667/2965/2965 2666/2961/2961 2617/2934/2934
f 2605/2939/2939 2654/2966/2966 2653/2962/2962 2604/2935/2935
f 2632/2940/2940 2681/2967/2967 2680/2963/2963 2631/2936/2936
f 2592/2941/2941 2641/2968/2968 2640/2964/2964 2591/2937/2937
f 2619/2942/2942 2668/2969/2969 2667/2965/2965 2618/2938/2938
f 2606/2943/2943 2655/2970/2970 2654/2966/2966 2605/2939/2939
f 2633/1121/1121 2682/1124/1124 2681/2967/2967 2632/2940/2940
f 2593/2944/2944 2642/2971/2971 2641/2968/2968 2592/2941/2941
f 2620/2945/2945 2669/2972/2972 2668/2969/2969 2619/2942/2942
f 2607/2946/2946 2656/2973/2973 2655/2970/2970 2606/2943/2943
f 3713/1076/1076 5956/1075/1075 5955/2974/2974 3664/2975/2975
f 2594/2948/2948 2643/2976/2976 2642/2971/2971 2593/2944/2944
f 2621/2949/2949 2670/2977/2977 2669/2972/2972 2620/2945/2945
f 2608/2950/2950 2657/2978/2978 2656/2973/2973 2607/2946/2946
f 2595/2951/2951 2644/2979/2979 2643/2976/2976 2594/2948/2948
f 2622/2952/2952 2671/2980/2980 2670/2977/2977 2621/2949/2949
f 2609/2904/2904 2658/2981/2981 2657/2978/2978 2608/2950/2950
f 2596/2906/2906 2645/2982/2982 2644/2979/2979 2595/2951/2951
f 2623/2908/2908 2672/2983/2983 2671/2980/2980 2622/2952/2952
f 2610/2903/2903 2659/2984/2984 2658/2981/2981 2609/2904/2904
f 2597/2905/2905 2646/2985/2985 2645/2982/2982 2596/2906/2906
f 2624/2907/2907 2673/2986/2986 2672/2983/2983 2623/2908/2908
f 2611/2909/2909 2660/2987/2987 2659/2984/2984 2610/2903/2903
f 2598/2910/2910 2647/2988/2988 2646/2985/2985 2597/2905/2905
f 2625/2911/2911 2674/2989/2989 2673/2986/2986 2624/2907/2907
f 1751/1968/1968 6036/2990/2990 6037/178/178 1800/177/177
f 2612/2914/2914 2661/2991/2991 2660/2987/2987 2611/2909/2909
f 2599/2915/2915 2648/2992/2992 2647/2988/2988 2598/2910/2910
f 2626/2916/2916 2675/2993/2993 2674/2989/2989 2625/2911/2911
f 2586/2917/2917 2635/2994/2994 2634/2644/2644 2585/1533/1533
f 2613/2918/2918 2662/2995/2995 2661/2991/2991 2612/2914/2914
f 2600/2919/2919 2649/2996/2996 2648/2992/2992 2599/2915/2915
f 2627/2920/2920 2676/2997/2997 2675/2993/2993 2626/2916/2916
f 2587/2921/2921 2636/2998/2998 2635/2994/2994 2586/2917/2917
f 2614/2922/2922 2663/2999/2999 2662/2995/2995 2613/2918/2918
f 2601/2923/2923 2650/3000/3000 2649/2996/2996 2600/2919/2919
f 2628/2924/2924 2677/3001/3001 2676/2997/2997 2627/2920/2920
f 2588/2925/2925 2637/3002/3002 2636/2998/2998 2587/2921/2921
f 2615/2926/2926 2664/2954/2954 2663/2999/2999 2614/2922/2922
f 2602/2927/2927 2651/2956/2956 2650/3000/3000 2601/2923/2923
f 2629/2928/2928 2678/2958/2958 2677/3001/3001 2628/2924/2924
f 2589/2929/2929 2638/2960/2960 2637/3002/3002 2588/2925/2925
f 2658/2981/2981 2707/3003/3003 2706/3004/3004 2657/2978/2978
f 2645/2982/2982 2694/3005/3005 2693/3006/3006 2644/2979/2979
f 2672/2983/2983 2721/3007/3007 2720/3008/3008 2671/2980/2980
f 2659/2984/2984 2708/3009/3009 2707/3003/3003 2658/2981/2981
f 2646/2985/2985 2695/3010/3010 2694/3005/3005 2645/2982/2982
f 2673/2986/2986 2722/3011/3011 2721/3007/3007 2672/2983/2983
f 2660/2987/2987 2709/3012/3012 2708/3009/3009 2659/2984/2984
f 2647/2988/2988 2696/3013/3013 2695/3010/3010 2646/2985/2985
f 2674/2989/2989 2723/3014/3014 2722/3011/3011 2673/2986/2986
f 3418/3015/3015 6070/3016/3016 6071/680/680 3467/679/679
f 2661/2991/2991 2710/3017/3017 2709/3012/3012 2660/2987/2987
f 2648/2992/2992 2697/3018/3018 2696/3013/3013 2647/2988/2988
f 2675/2993/2993 2724/3019/3019 2723/3014/3014 2674/2989/2989
f 2635/2994/2994 2684/3020/3020 2683/2641/2641 2634/2644/2644
f 2662/2995/2995 2711/3021/3021 2710/3017/3017 2661/2991/2991
f 2649/2996/2996 2698/3022/3022 2697/3018/3018 2648/2992/2992
f 2676/2997/2997 2725/3023/3023 2724/3019/3019 2675/2993/2993
f 2636/2998/2998 2685/3024/3024 2684/3020/3020 2635/2994/2994
f 2663/2999/2999 2712/3025/3025 2711/3021/3021 2662/2995/2995
f 2650/3000/3000 2699/3026/3026 2698/3022/3022 2649/2996/2996
f 2677/3001/3001 2726/3027/3027 2725/3023/3023 2676/2997/2997
f 2637/3002/3002 2686/3028/3028 2685/3024/3024 2636/2998/2998
f 2664/2954/2954 2713/3029/3029 2712/3025/3025 2663/2999/2999
f 2651/2956/2956 2700/3030/3030 2699/3026/3026 2650/3000/3000
f 2678/2958/2958 2727/3031/3031 2726/3027/3027 2677/3001/3001
f 2638/2960/2960 2687/3032/3032 2686/3028/3028 2637/3002/3002
f 2665/2953/2953 2714/3033/3033 2713/3029/3029 2664/2954/2954
f 2652/2955/2955 2701/3034/3034 2700/3030/3030 2651/2956/2956
f 2679/2957/2957 2728/3035/3035 2727/3031/3031 2678/2958/2958
f 2639/2959/2959 2688/3036/3036 2687/3032/3032 2638/2960/2960
f 2666/2961/2961 2715/3037/3037 2714/3033/3033 2665/2953/2953
f 2653/2962/2962 2702/3038/3038 2701/3034/3034 2652/2955/2955
f 2680/2963/2963 2729/3039/3039 2728/3035/3035 2679/2957/2957
f 2640/2964/2964 2689/3040/3040 2688/3036/3036 2639/2959/2959
f 2667/2965/2965 2716/3041/3041 2715/3037/3037 2666/2961/2961
f 2654/2966/2966 2703/3042/3042 2702/3038/3038 2653/2962/2962
f 2681/2967/2967 2730/3043/3043 2729/3039/3039 2680/2963/2963
f 2641/2968/2968 2690/3044/3044 2689/3040/3040 2640/2964/2964
f 2668/2969/2969 2717/3045/3045 2716/3041/3041 2667/2965/2965
f 2655/2970/2970 2704/3046/3046 2703/3042/3042 2654/2966/2966
f 2682/1124/1124 2731/2098/2098 2730/3043/3043 2681/2967/2967
f 2642/2971/2971 2691/3047/3047 2690/3044/3044 2641/2968/2968
f 2669/2972/2972 2718/3048/3048 2717/3045/3045 2668/2969/2969
f 2656/2973/2973 2705/3049/3049 2704/3046/3046 2655/2970/2970
f 4351/3050/3050 5969/3051/3051 5968/3052/3052 4302/3053/3053
f 2643/2976/2976 2692/3054/3054 2691/3047/3047 2642/2971/2971
f 2670/2977/2977 2719/3055/3055 2718/3048/3048 2669/2972/2972
f 2657/2978/2978 2706/3004/3004 2705/3049/3049 2656/2973/2973
f 2644/2979/2979 2693/3006/3006 2692/3054/3054 2643/2976/2976
f 2671/2980/2980 2720/3008/3008 2719/3055/3055 2670/2977/2977
f 2713/3029/3029 2762/3056/3056 2761/3057/3057 2712/3025/3025
f 2700/3030/3030 2749/3058/3058 2748/3059/3059 2699/3026/3026
f 2727/3031/3031 2776/3060/3060 2775/3061/3061 2726/3027/3027
f 2687/3032/3032 2736/3062/3062 2735/3063/3063 2686/3028/3028
f 2714/3033/3033 2763/3064/3064 2762/3056/3056 2713/3029/3029
f 2701/3034/3034 2750/3065/3065 2749/3058/3058 2700/3030/3030
f 2728/3035/3035 2777/3066/3066 2776/3060/3060 2727/3031/3031
f 2688/3036/3036 2737/3067/3067 2736/3062/3062 2687/3032/3032
f 2715/3037/3037 2764/3068/3068 2763/3064/3064 2714/3033/3033
f 2702/3038/3038 2751/3069/3069 2750/3065/3065 2701/3034/3034
f 2729/3039/3039 2778/3070/3070 2777/3066/3066 2728/3035/3035
f 2689/3040/3040 2738/3071/3071 2737/3067/3067 2688/3036/3036
f 2716/3041/3041 2765/3072/3072 2764/3068/3068 2715/3037/3037
f 2703/3042/3042 2752/3073/3073 2751/3069/3069 2702/3038/3038
f 2730/3043/3043 2779/3074/3074 2778/3070/3070 2729/3039/3039
f 2690/3044/3044 2739/3075/3075 2738/3071/3071 2689/3040/3040
f 2717/3045/3045 2766/3076/3076 2765/3072/3072 2716/3041/3041
f 2704/3046/3046 2753/3077/3077 2752/3073/3073 2703/3042/3042
f 2731/2098/2098 2780/2101/2101 2779/3074/3074 2730/3043/3043
f 2691/3047/3047 2740/3078/3078 2739/3075/3075 2690/3044/3044
f 2718/3048/3048 2767/3079/3079 2766/3076/3076 2717/3045/3045
f 2705/3049/3049 2754/3080/3080 2753/3077/3077 2704/3046/3046
f 2291/334/334 5927/333/333 5926/3081/3081 2242/2586/2586
f 2692/3054/3054 2741/3082/3082 2740/3078/3078 2691/3047/3047
f 2719/3055/3055 2768/3083/3083 2767/3079/3079 2718/3048/3048
f 2706/3004/3004 2755/3084/3084 2754/3080/3080 2705/3049/3049
f 2693/3006/3006 2742/3085/3085 2741/3082/3082 2692/3054/3054
f 2720/3008/3008 2769/3086/3086 2768/3083/3083 2719/3055/3055
f 2707/3003/3003 2756/3087/3087 2755/3084/3084 2706/3004/3004
f 2694/3005/3005 2743/3088/3088 2742/3085/3085 2693/3006/3006
f 2721/3007/3007 2770/3089/3089 2769/3086/3086 2720/3008/3008
f 2708/3009/3009 2757/3090/3090 2756/3087/3087 2707/3003/3003
f 2695/3010/3010 2744/3091/3091 2743/3088/3088 2694/3005/3005
f 2722/3011/3011 2771/3092/3092 2770/3089/3089 2721/3007/3007
f 2709/3012/3012 2758/3093/3093 2757/3090/3090 2708/3009/3009
f 2696/3013/3013 2745/3094/3094 2744/3091/3091 2695/3010/3010
f 2723/3014/3014 2772/3095/3095 2771/3092/3092 2722/3011/3011
f 2829/3096/3096 6058/3097/3097 6059/104/104 2878/103/103
f 2710/3017/3017 2759/3098/3098 2758/3093/3093 2709/3012/3012
f 2697/3018/3018 2746/3099/3099 2745/3094/3094 2696/3013/3013
f 2724/3019/3019 2773/3100/3100 2772/3095/3095 2723/3014/3014
f 2684/3020/3020 2733/3101/3101 2732/3102/3102 2683/2641/2641
f 2711/3021/3021 2760/3103/3103 2759/3098/3098 2710/3017/3017
f 2698/3022/3022 2747/3104/3104 2746/3099/3099 2697/3018/3018
f 2725/3023/3023 2774/3105/3105 2773/3100/3100 2724/3019/3019
f 2685/3024/3024 2734/3106/3106 2733/3101/3101 2684/3020/3020
f 2712/3025/3025 2761/3057/3057 2760/3103/3103 2711/3021/3021
f 2699/3026/3026 2748/3059/3059 2747/3104/3104 2698/3022/3022
f 2726/3027/3027 2775/3061/3061 2774/3105/3105 2725/3023/3023
f 2686/3028/3028 2735/3063/3063 2734/3106/3106 2685/3024/3024
f 2755/3084/3084 2804/3107/3107 2803/3108/3108 2754/3080/3080
f 2742/3085/3085 2791/3109/3109 2790/3110/3110 2741/3082/3082
f 2769/3086/3086 2818/3111/3111 2817/3112/3112 2768/3083/3083
f 2756/3087/3087 2805/3113/3113 2804/3107/3107 2755/3084/3084
f 2743/3088/3088 2792/3114/3114 2791/3109/3109 2742/3085/3085
f 2770/3089/3089 2819/3115/3115 2818/3111/3111 2769/3086/3086
f 2757/3090/3090 2806/3116/3116 2805/3113/3113 2756/3087/3087
f 2744/3091/3091 2793/3117/3117 2792/3114/3114 2743/3088/3088
f 2771/3092/3092 2820/3118/3118 2819/3115/3115 2770/3089/3089
f 2758/3093/3093 2807/3119/3119 2806/3116/3116 2757/3090/3090
f 2745/3094/3094 2794/3120/3120 2793/3117/3117 2744/3091/3091
f 2772/3095/3095 2821/3121/3121 2820/3118/3118 2771/3092/3092
f 1457/1645/1645 6030/3122/3122 6031/3123/3123 1506/1669/1669
f 2759/3098/3098 2808/3124/3124 2807/3119/3119 2758/3093/3093
f 2746/3099/3099 2795/3125/3125 2794/3120/3120 2745/3094/3094
f 2773/3100/3100 2822/3126/3126 2821/3121/3121 2772/3095/3095
f 2733/3101/3101 2782/3127/3127 2781/865/865 2732/3102/3102
f 2760/3103/3103 2809/3128/3128 2808/3124/3124 2759/3098/3098
f 2747/3104/3104 2796/3129/3129 2795/3125/3125 2746/3099/3099
f 2774/3105/3105 2823/3130/3130 2822/3126/3126 2773/3100/3100
f 2734/3106/3106 2783/3131/3131 2782/3127/3127 2733/3101/3101
f 2761/3057/3057 2810/3132/3132 2809/3128/3128 2760/3103/3103
f 2748/3059/3059 2797/3133/3133 2796/3129/3129 2747/3104/3104
f 2775/3061/3061 2824/3134/3134 2823/3130/3130 2774/3105/3105
f 2735/3063/3063 2784/3135/3135 2783/3131/3131 2734/3106/3106
f 2762/3056/3056 2811/3136/3136 2810/3132/3132 2761/3057/3057
f 2749/3058/3058 2798/3137/3137 2797/3133/3133 2748/3059/3059
f 2776/3060/3060 2825/3138/3138 2824/3134/3134 2775/3061/3061
f 2736/3062/3062 2785/3139/3139 2784/3135/3135 2735/3063/3063
f 2763/3064/3064 2812/3140/3140 2811/3136/3136 2762/3056/3056
f 2750/3065/3065 2799/3141/3141 2798/3137/3137 2749/3058/3058
f 2777/3066/3066 2826/3142/3142 2825/3138/3138 2776/3060/3060
f 2737/3067/3067 2786/3143/3143 2785/3139/3139 2736/3062/3062
f 2764/3068/3068 2813/3144/3144 2812/3140/3140 2763/3064/3064
f 2751/3069/3069 2800/3145/3145 2799/3141/3141 2750/3065/3065
f 2778/3070/3070 2827/3146/3146 2826/3142/3142 2777/3066/3066
f 2738/3071/3071 2787/3147/3147 2786/3143/3143 2737/3067/3067
f 2765/3072/3072 2814/3148/3148 2813/3144/3144 2764/3068/3068
f 2752/3073/3073 2801/3149/3149 2800/3145/3145 2751/3069/3069
f 2779/3074/3074 2828/3150/3150 2827/3146/3146 2778/3070/3070
f 2739/3075/3075 2788/3151/3151 2787/3147/3147 2738/3071/3071
f 2766/3076/3076 2815/3152/3152 2814/3148/3148 2765/3072/3072
f 2753/3077/3077 2802/3153/3153 2801/3149/3149 2752/3073/3073
f 2780/2101/2101 2829/3096/3096 2828/3150/3150 2779/3074/3074
f 2740/3078/3078 2789/3154/3154 2788/3151/3151 2739/3075/3075
f 2767/3079/3079 2816/3155/3155 2815/3152/3152 2766/3076/3076
f 2754/3080/3080 2803/3108/3108 2802/3153/3153 2753/3077/3077
f 4694/515/515 5976/514/514 5975/3156/3156 4645/3157/3157
f 2741/3082/3082 2790/3110/3110 2789/3154/3154 2740/3078/3078
f 2768/3083/3083 2817/3112/3112 2816/3155/3155 2767/3079/3079
f 2810/3132/3132 2859/3158/3158 2858/3159/3159 2809/3128/3128
f 2797/3133/3133 2846/3160/3160 2845/3161/3161 2796/3129/3129
f 2824/3134/3134 2873/3162/3162 2872/3163/3163 2823/3130/3130
f 2784/3135/3135 2833/3164/3164 2832/3165/3165 2783/3131/3131
f 2811/3136/3136 2860/3166/3166 2859/3158/3158 2810/3132/3132
f 2798/3137/3137 2847/3167/3167 2846/3160/3160 2797/3133/3133
f 2825/3138/3138 2874/3168/3168 2873/3162/3162 2824/3134/3134
f 2785/3139/3139 2834/3169/3169 2833/3164/3164 2784/3135/3135
f 2812/3140/3140 2861/3170/3170 2860/3166/3166 2811/3136/3136
f 2799/3141/3141 2848/3171/3171 2847/3167/3167 2798/3137/3137
f 2826/3142/3142 2875/3172/3172 2874/3168/3168 2825/3138/3138
f 2786/3143/3143 2835/3173/3173 2834/3169/3169 2785/3139/3139
f 2813/3144/3144 2862/3174/3174 2861/3170/3170 2812/3140/3140
f 2800/3145/3145 2849/3175/3175 2848/3171/3171 2799/3141/3141
f 2827/3146/3146 2876/3176/3176 2875/3172/3172 2826/3142/3142
f 2787/3147/3147 2836/3177/3177 2835/3173/3173 2786/3143/3143
f 2814/3148/3148 2863/3178/3178 2862/3174/3174 2813/3144/3144
f 2801/3149/3149 2850/3179/3179 2849/3175/3175 2800/3145/3145
f 2828/3150/3150 2877/3180/3180 2876/3176/3176 2827/3146/3146
f 2788/3151/3151 2837/3181/3181 2836/3177/3177 2787/3147/3147
f 2815/3152/3152 2864/3182/3182 2863/3178/3178 2814/3148/3148
f 2802/3153/3153 2851/3183/3183 2850/3179/3179 2801/3149/3149
f 2829/3096/3096 2878/103/103 2877/3180/3180 2828/3150/3150
f 2789/3154/3154 2838/3184/3184 2837/3181/3181 2788/3151/3151
f 2816/3155/3155 2865/3185/3185 2864/3182/3182 2815/3152/3152
f 2803/3108/3108 2852/3186/3186 2851/3183/3183 2802/3153/3153
f 5086/751/751 5984/750/750 5983/3187/3187 5037/3188/3188
f 2790/3110/3110 2839/3189/3189 2838/3184/3184 2789/3154/3154
f 2817/3112/3112 2866/3190/3190 2865/3185/3185 2816/3155/3155
f 2804/3107/3107 2853/3191/3191 2852/3186/3186 2803/3108/3108
f 2791/3109/3109 2840/3192/3192 2839/3189/3189 2790/3110/3110
f 2818/3111/3111 2867/3193/3193 2866/3190/3190 2817/3112/3112
f 2805/3113/3113 2854/3194/3194 2853/3191/3191 2804/3107/3107
f 2792/3114/3114 2841/3195/3195 2840/3192/3192 2791/3109/3109
f 2819/3115/3115 2868/3196/3196 2867/3193/3193 2818/3111/3111
f 2806/3116/3116 2855/3197/3197 2854/3194/3194 2805/3113/3113
f 2793/3117/3117 2842/3198/3198 2841/3195/3195 2792/3114/3114
f 2820/3118/3118 2869/3199/3199 2868/3196/3196 2819/3115/3115
f 2807/3119/3119 2856/3200/3200 2855/3197/3197 2806/3116/3116
f 2794/3120/3120 2843/3201/3201 2842/3198/3198 2793/3117/3117
f 2821/3121/3121 2870/3202/3202 2869/3199/3199 2820/3118/3118
f 869/974/974 6018/3203/3203 6019/385/385 918/384/384
f 2808/3124/3124 2857/3204/3204 2856/3200/3200 2807/3119/3119
f 2795/3125/3125 2844/3205/3205 2843/3201/3201 2794/3120/3120
f 2822/3126/3126 2871/3206/3206 2870/3202/3202 2821/3121/3121
f 2782/3127/3127 2831/3207/3207 2830/862/862 2781/865/865
f 2809/3128/3128 2858/3159/3159 2857/3204/3204 2808/3124/3124
f 2796/3129/3129 2845/3161/3161 2844/3205/3205 2795/3125/3125
f 2823/3130/3130 2872/3163/3163 2871/3206/3206 2822/3126/3126
f 2783/3131/3131 2832/3165/3165 2831/3207/3207 2782/3127/3127
f 2852/3186/3186 2901/3208/3208 2900/3209/3209 2851/3183/3183
f 1507/1503/1503 5911/1502/1502 5910/482/482 1458/481/481
f 2839/3189/3189 2888/3210/3210 2887/3211/3211 2838/3184/3184
f 2866/3190/3190 2915/3212/3212 2914/3213/3213 2865/3185/3185
f 2853/3191/3191 2902/3214/3214 2901/3208/3208 2852/3186/3186
f 2840/3192/3192 2889/3215/3215 2888/3210/3210 2839/3189/3189
f 2867/3193/3193 2916/3216/3216 2915/3212/3212 2866/3190/3190
f 2854/3194/3194 2903/3217/3217 2902/3214/3214 2853/3191/3191
f 2841/3195/3195 2890/3218/3218 2889/3215/3215 2840/3192/3192
f 2868/3196/3196 2917/3219/3219 2916/3216/3216 2867/3193/3193
f 2855/3197/3197 2904/3220/3220 2903/3217/3217 2854/3194/3194
f 2842/3198/3198 2891/3221/3221 2890/3218/3218 2841/3195/3195
f 2869/3199/3199 2918/3222/3222 2917/3219/3219 2868/3196/3196
f 2856/3200/3200 2905/3223/3223 2904/3220/3220 2855/3197/3197
f 2843/3201/3201 2892/3224/3224 2891/3221/3221 2842/3198/3198
f 2870/3202/3202 2919/3225/3225 2918/3222/3222 2869/3199/3199
f 3761/3226/3226 6077/3227/3227 6078/531/531 3810/530/530
f 2857/3204/3204 2906/3228/3228 2905/3223/3223 2856/3200/3200
f 2844/3205/3205 2893/3229/3229 2892/3224/3224 2843/3201/3201
f 2871/3206/3206 2920/3230/3230 2919/3225/3225 2870/3202/3202
f 2831/3207/3207 2880/3231/3231 2879/1876/1876 2830/862/862
f 2858/3159/3159 2907/3232/3232 2906/3228/3228 2857/3204/3204
f 2845/3161/3161 2894/3233/3233 2893/3229/3229 2844/3205/3205
f 2872/3163/3163 2921/3234/3234 2920/3230/3230 2871/3206/3206
f 2832/3165/3165 2881/3235/3235 2880/3231/3231 2831/3207/3207
f 2859/3158/3158 2908/3236/3236 2907/3232/3232 2858/3159/3159
f 2846/3160/3160 2895/3237/3237 2894/3233/3233 2845/3161/3161
f 2873/3162/3162 2922/3238/3238 2921/3234/3234 2872/3163/3163
f 2833/3164/3164 2882/3239/3239 2881/3235/3235 2832/3165/3165
f 2860/3166/3166 2909/3240/3240 2908/3236/3236 2859/3158/3158
f 2847/3167/3167 2896/3241/3241 2895/3237/3237 2846/3160/3160
f 2874/3168/3168 2923/3242/3242 2922/3238/3238 2873/3162/3162
f 2834/3169/3169 2883/3243/3243 2882/3239/3239 2833/3164/3164
f 2861/3170/3170 2910/3244/3244 2909/3240/3240 2860/3166/3166
f 2848/3171/3171 2897/3245/3245 2896/3241/3241 2847/3167/3167
f 2875/3172/3172 2924/3246/3246 2923/3242/3242 2874/3168/3168
f 2835/3173/3173 2884/3247/3247 2883/3243/3243 2834/3169/3169
f 2862/3174/3174 2911/3248/3248 2910/3244/3244 2861/3170/3170
f 2849/3175/3175 2898/3249/3249 2897/3245/3245 2848/3171/3171
f 2876/3176/3176 2925/3250/3250 2924/3246/3246 2875/3172/3172
f 2836/3177/3177 2885/3251/3251 2884/3247/3247 2835/3173/3173
f 2863/3178/3178 2912/3252/3252 2911/3248/3248 2862/3174/3174
f 2850/3179/3179 2899/3253/3253 2898/3249/3249 2849/3175/3175
f 2877/3180/3180 2926/3254/3254 2925/3250/3250 2876/3176/3176
f 2837/3181/3181 2886/3255/3255 2885/3251/3251 2836/3177/3177
f 2864/3182/3182 2913/3256/3256 2912/3252/3252 2863/3178/3178
f 2851/3183/3183 2900/3209/3209 2899/3253/3253 2850/3179/3179
f 2878/103/103 2927/106/106 2926/3254/3254 2877/3180/3180
f 2838/3184/3184 2887/3211/3211 2886/3255/3255 2837/3181/3181
f 2865/3185/3185 2914/3213/3213 2913/3256/3256 2864/3182/3182
f 2907/3257/3232 2956/3258/3257 2955/3259/3258 2906/3260/3228
f 2894/3233/3233 2943/3261/3259 2942/3262/3260 2893/3229/3229
f 2921/3234/3234 2970/3263/3261 2969/3264/3262 2920/3230/3230
f 2881/3235/3235 2930/3265/3263 2929/3266/3264 2880/3231/3231
f 2908/3267/3236 2957/3268/3265 2956/3258/3257 2907/3257/3232
f 2895/3237/3237 2944/3269/3266 2943/3261/3259 2894/3233/3233
f 2922/3238/3238 2971/3270/3267 2970/3263/3261 2921/3234/3234
f 2882/3239/3239 2931/3271/3268 2930/3265/3263 2881/3235/3235
f 2909/3240/3240 2958/3272/3269 2957/3273/3265 2908/3236/3236
f 2896/3241/3241 2945/3274/3270 2944/3269/3266 2895/3237/3237
f 2923/3275/3242 2972/3276/3271 2971/3277/3267 2922/3278/3238
f 2883/3279/3243 2932/3280/3272 2931/3281/3268 2882/3282/3239
f 2910/3244/3244 2959/3283/3273 2958/3272/3269 2909/3240/3240
f 2897/3245/3245 2946/3284/3274 2945/3274/3270 2896/3241/3241
f 2924/3285/3246 2973/3286/3275 2972/3276/3271 2923/3275/3242
f 2884/3287/3247 2933/3288/3276 2932/3280/3272 2883/3279/3243
f 2911/3289/3248 2960/3290/3277 2959/3291/3273 2910/3292/3244
f 2898/3249/3249 2947/3293/3278 2946/3284/3274 2897/3245/3245
f 2925/3250/3250 2974/3294/3279 2973/3295/3275 2924/3246/3246
f 2885/3251/3251 2934/3296/3280 2933/3297/3276 2884/3247/3247
f 2912/3298/3252 2961/3299/3281 2960/3290/3277 2911/3289/3248
f 2899/3253/3253 2948/3300/3282 2947/3293/3278 2898/3249/3249
f 2926/3254/3254 2975/3301/3283 2974/3294/3279 2925/3250/3250
f 2886/3302/3255 2935/3303/3284 2934/3304/3280 2885/3305/3251
f 2913/3256/3256 2962/3306/3285 2961/3307/3281 2912/3252/3252
f 2900/3209/3209 2949/3308/3286 2948/3300/3282 2899/3253/3253
f 2927/106/106 2976/3309/1806 2975/3301/3283 2926/3254/3254
f 2887/3310/3211 2936/3311/3287 2935/3303/3284 2886/3302/3255
f 2914/3213/3213 2963/3312/3288 2962/3306/3285 2913/3256/3256
f 2901/3313/3208 2950/3314/3289 2949/3315/3286 2900/3316/3209
f 331/421/421 5887/3317/3290 5886/3318/3291 282/391/391
f 2888/3210/3210 2937/3319/3292 2936/3320/3287 2887/3211/3211
f 2915/3212/3212 2964/3321/3293 2963/3312/3288 2914/3213/3213
f 2902/3322/3214 2951/3323/3294 2950/3314/3289 2901/3313/3208
f 2889/3215/3215 2938/3324/3295 2937/3319/3292 2888/3210/3210
f 2916/3216/3216 2965/3325/3296 2964/3321/3293 2915/3212/3212
f 2903/3217/3217 2952/3326/3297 2951/3327/3294 2902/3214/3214
f 2890/3218/3218 2939/3328/3298 2938/3324/3295 2889/3215/3215
f 2917/3219/3219 2966/3329/3299 2965/3325/3296 2916/3216/3216
f 2904/3220/3220 2953/3330/3300 2952/3326/3297 2903/3217/3217
f 2891/3331/3221 2940/3332/3301 2939/3333/3298 2890/3334/3218
f 2918/3222/3222 2967/3335/3302 2966/3329/3299 2917/3219/3219
f 2905/3223/3223 2954/3336/3303 2953/3330/3300 2904/3220/3220
f 2892/3337/3224 2941/3338/3304 2940/3332/3301 2891/3331/3221
f 2919/3225/3225 2968/3339/3305 2967/3335/3302 2918/3222/3222
f 4154/3340/3306 6085/3341/3307 6086/295/295 4203/294/294
f 2906/3228/3228 2955/3342/3258 2954/3336/3303 2905/3223/3223
f 2893/3229/3229 2942/3262/3260 2941/3343/3304 2892/3224/3224
f 2920/3230/3230 2969/3264/3262 2968/3339/3305 2919/3225/3225
f 2880/3231/3231 2929/3266/3264 2928/1873/1873 2879/1876/1876
f 2949/3315/3286 2998/3344/3308 2997/3345/3309 2948/3346/3282
f 2976/1806/1806 3025/1809/1809 3024/3347/3310 2975/3348/3283
f 2936/3311/3287 2985/3349/3311 2984/3350/3312 2935/3303/3284
f 2963/3351/3288 3012/3352/3313 3011/3353/3314 2962/3354/3285
f 2950/3314/3289 2999/3355/3315 2998/3344/3308 2949/3315/3286
f 674/721/721 5894/720/720 5893/3356/3316 625/774/774
f 2937/3357/3292 2986/3358/3317 2985/3349/3311 2936/3311/3287
f 2964/3359/3293 3013/3360/3318 3012/3352/3313 2963/3351/3288
f 2951/3323/3294 3000/3361/3319 2999/3355/3315 2950/3314/3289
f 2938/3362/3295 2987/3363/3320 2986/3358/3317 2937/3357/3292
f 2965/3364/3296 3014/3365/3321 3013/3360/3318 2964/3359/3293
f 2952/3366/3297 3001/3367/3322 3000/3361/3319 2951/3323/3294
f 2939/3333/3298 2988/3368/3323 2987/3363/3320 2938/3362/3295
f 2966/3369/3299 3015/3370/3324 3014/3365/3321 2965/3364/3296
f 2953/3371/3300 3002/3372/3325 3001/3367/3322 2952/3366/3297
f 2940/3332/3301 2989/3373/3326 2988/3368/3323 2939/3333/3298
f 2967/3374/3302 3016/3375/3327 3015/3370/3324 2966/3369/3299
f 2954/3376/3303 3003/3377/3328 3002/3372/3325 2953/3371/3300
f 2941/3338/3304 2990/3378/3329 2989/3373/3326 2940/3332/3301
f 2968/3379/3305 3017/3380/3330 3016/3375/3327 2967/3374/3302
f 36/67/67 6001/3381/3331 6002/3382/3332 85/68/68
f 2955/3259/3258 3004/3383/3333 3003/3377/3328 2954/3376/3303
f 2942/3384/3260 2991/3385/3334 2990/3378/3329 2941/3338/3304
f 2969/3386/3262 3018/3387/3335 3017/3380/3330 2968/3379/3305
f 2929/3388/3264 2978/3389/3336 2977/2083/2083 2928/3390/1873
f 2956/3258/3257 3005/3391/3337 3004/3383/3333 2955/3259/3258
f 2943/3392/3259 2992/3393/3338 2991/3385/3334 2942/3384/3260
f 2970/3394/3261 3019/3395/3339 3018/3387/3335 2969/3386/3262
f 2930/3396/3263 2979/3397/3340 2978/3389/3336 2929/3388/3264
f 2957/3268/3265 3006/3398/3341 3005/3391/3337 2956/3258/3257
f 2944/3399/3266 2993/3400/3342 2992/3393/3338 2943/3392/3259
f 2971/3277/3267 3020/3401/3343 3019/3395/3339 2970/3394/3261
f 2931/3281/3268 2980/3402/3344 2979/3397/3340 2930/3396/3263
f 2958/3403/3269 3007/3404/3345 3006/3398/3341 2957/3268/3265
f 2945/3405/3270 2994/3406/3346 2993/3400/3342 2944/3399/3266
f 2972/3276/3271 3021/3407/3347 3020/3401/3343 2971/3277/3267
f 2932/3280/3272 2981/3408/3348 2980/3402/3344 2931/3281/3268
f 2959/3291/3273 3008/3409/3349 3007/3404/3345 2958/3403/3269
f 2946/3410/3274 2995/3411/3350 2994/3406/3346 2945/3405/3270
f 2973/3286/3275 3022/3412/3351 3021/3407/3347 2972/3276/3271
f 2933/3288/3276 2982/3413/3352 2981/3408/3348 2932/3280/3272
f 2960/3290/3277 3009/3414/3353 3008/3409/3349 2959/3291/3273
f 2947/3415/3278 2996/3416/3354 2995/3411/3350 2946/3410/3274
f 2974/3417/3279 3023/3418/3355 3022/3412/3351 2973/3286/3275
f 2934/3304/3280 2983/3419/3356 2982/3413/3352 2933/3288/3276
f 2961/3299/3281 3010/3420/3357 3009/3414/3353 2960/3290/3277
f 2948/3346/3282 2997/3345/3309 2996/3416/3354 2947/3415/3278
f 2975/3348/3283 3024/3347/3310 3023/3418/3355 2974/3417/3279
f 2935/3303/3284 2984/3350/3312 2983/3419/3356 2934/3304/3280
f 2962/3354/3285 3011/3353/3314 3010/3420/3357 2961/3299/3281
f 3004/3383/3333 3053/3421/3358 3052/3422/3359 3003/3377/3328
f 2991/3385/3334 3040/3423/3360 3039/3424/3361 2990/3378/3329
f 3018/3387/3335 3067/3425/3362 3066/3426/3363 3017/3380/3330
f 2978/3389/3336 3027/3427/3364 3026/251/251 2977/2083/2083
f 3005/3391/3337 3054/3428/3365 3053/3421/3358 3004/3383/3333
f 2992/3393/3338 3041/3429/3366 3040/3423/3360 2991/3385/3334
f 3019/3395/3339 3068/3430/3367 3067/3425/3362 3018/3387/3335
f 2979/3397/3340 3028/3431/3368 3027/3427/3364 2978/3389/3336
f 3006/3398/3341 3055/3432/3369 3054/3428/3365 3005/3391/3337
f 2993/3400/3342 3042/3433/3370 3041/3429/3366 2992/3393/3338
f 3020/3401/3343 3069/3434/3371 3068/3430/3367 3019/3395/3339
f 2980/3402/3344 3029/3435/3372 3028/3431/3368 2979/3397/3340
f 3007/3404/3345 3056/3436/3373 3055/3432/3369 3006/3398/3341
f 2994/3406/3346 3043/3437/3374 3042/3433/3370 2993/3400/3342
f 3021/3407/3347 3070/3438/3375 3069/3434/3371 3020/3401/3343
f 2981/3408/3348 3030/3439/3376 3029/3435/3372 2980/3402/3344
f 3008/3409/3349 3057/3440/3377 3056/3436/3373 3007/3404/3345
f 2995/3411/3350 3044/3441/3378 3043/3437/3374 2994/3406/3346
f 3022/3412/3351 3071/3442/3379 3070/3438/3375 3021/3407/3347
f 2982/3413/3352 3031/3443/3380 3030/3439/3376 2981/3408/3348
f 3009/3414/3353 3058/3444/3381 3057/3440/3377 3008/3409/3349
f 2996/3416/3354 3045/3445/3382 3044/3441/3378 2995/3411/3350
f 3023/3418/3355 3072/3446/3383 3071/3442/3379 3022/3412/3351
f 2983/3419/3356 3032/3447/3384 3031/3443/3380 2982/3413/3352
f 3010/3420/3357 3059/3448/3385 3058/3444/3381 3009/3414/3353
f 2997/3345/3309 3046/3449/3386 3045/3445/3382 2996/3416/3354
f 3024/3347/3310 3073/3450/3387 3072/3446/3383 3023/3418/3355
f 2984/3350/3312 3033/3451/3388 3032/3447/3384 2983/3419/3356
f 3011/3353/3314 3060/3452/3389 3059/3448/3385 3010/3420/3357
f 2998/3344/3308 3047/3453/3390 3046/3449/3386 2997/3345/3309
f 3025/1809/1809 3074/2208/2208 3073/3450/3387 3024/3347/3310
f 2985/3349/3311 3034/3454/3391 3033/3451/3388 2984/3350/3312
f 3012/3352/3313 3061/3455/3392 3060/3452/3389 3011/3353/3314
f 2999/3355/3315 3048/3456/3393 3047/3453/3390 2998/3344/3308
f 3370/835/835 5949/834/834 5948/3457/3394 3321/3458/3395
f 2986/3358/3317 3035/3459/3396 3034/3454/3391 2985/3349/3311
f 3013/3360/3318 3062/3460/3397 3061/3455/3392 3012/3352/3313
f 3000/3361/3319 3049/3461/3398 3048/3456/3393 2999/3355/3315
f 2987/3363/3320 3036/3462/3399 3035/3459/3396 2986/3358/3317
f 3014/3365/3321 3063/3463/3400 3062/3460/3397 3013/3360/3318
f 3001/3367/3322 3050/3464/3401 3049/3461/3398 3000/3361/3319
f 2988/3368/3323 3037/3465/3402 3036/3462/3399 2987/3363/3320
f 3015/3370/3324 3064/3466/3403 3063/3463/3400 3014/3365/3321
f 3002/3372/3325 3051/3467/3404 3050/3464/3401 3001/3367/3322
f 2989/3373/3326 3038/3468/3405 3037/3465/3402 2988/3368/3323
f 3016/3375/3327 3065/3469/3406 3064/3466/3403 3015/3370/3324
f 3003/3377/3328 3052/3422/3359 3051/3467/3404 3002/3372/3325
f 2990/3378/3329 3039/3424/3361 3038/3468/3405 2989/3373/3326
f 3017/3380/3330 3066/3426/3363 3065/3469/3406 3016/3375/3327
f 1212/1388/1388 6025/3470/3407 6026/997/997 1261/996/996
f 3046/3449/3386 3095/3471/3408 3094/3472/3409 3045/3445/3382
f 3073/3450/3387 3122/3473/3410 3121/3474/3411 3072/3446/3383
f 3033/3451/3388 3082/3475/3412 3081/3476/3413 3032/3447/3384
f 3060/3452/3389 3109/3477/3414 3108/3478/3415 3059/3448/3385
f 3047/3453/3390 3096/3479/3416 3095/3471/3408 3046/3449/3386
f 3074/2208/2208 3123/2211/2211 3122/3473/3410 3073/3450/3387
f 3034/3454/3391 3083/3480/3417 3082/3475/3412 3033/3451/3388
f 3061/3455/3392 3110/3481/3418 3109/3477/3414 3060/3452/3389
f 3048/3456/3393 3097/3482/3419 3096/3479/3416 3047/3453/3390
f 3124/1280/1280 5944/1279/1279 5943/249/249 3075/248/248
f 3035/3459/3396 3084/3483/3420 3083/3480/3417 3034/3454/3391
f 3062/3460/3397 3111/3484/3421 3110/3481/3418 3061/3455/3392
f 3049/3461/3398 3098/3485/3422 3097/3482/3419 3048/3456/3393
f 3036/3462/3399 3085/3486/3423 3084/3483/3420 3035/3459/3396
f 3063/3463/3400 3112/3487/3424 3111/3484/3421 3062/3460/3397
f 3050/3464/3401 3099/3488/3425 3098/3485/3422 3049/3461/3398
f 3037/3465/3402 3086/3489/3426 3085/3486/3423 3036/3462/3399
f 3064/3466/3403 3113/3490/3427 3112/3487/3424 3063/3463/3400
f 3051/3467/3404 3100/3491/3428 3099/3488/3425 3050/3464/3401
f 3038/3468/3405 3087/3492/3429 3086/3489/3426 3037/3465/3402
f 3065/3469/3406 3114/3493/3430 3113/3490/3427 3064/3466/3403
f 3052/3422/3359 3101/3494/3431 3100/3491/3428 3051/3467/3404
f 3039/3424/3361 3088/3495/3432 3087/3492/3429 3038/3468/3405
f 3066/3426/3363 3115/3496/3433 3114/3493/3430 3065/3469/3406
f 3172/3497/3434 6065/3498/3435 6066/3499/3436 3221/3500/3437
f 3053/3421/3358 3102/3501/3438 3101/3494/3431 3052/3422/3359
f 3040/3423/3360 3089/3502/3439 3088/3495/3432 3039/3424/3361
f 3067/3425/3362 3116/3503/3440 3115/3496/3433 3066/3426/3363
f 3027/3427/3364 3076/3504/3441 3075/248/248 3026/251/251
f 3054/3428/3365 3103/3505/3442 3102/3501/3438 3053/3421/3358
f 3041/3429/3366 3090/3506/3443 3089/3502/3439 3040/3423/3360
f 3068/3430/3367 3117/3507/3444 3116/3503/3440 3067/3425/3362
f 3028/3431/3368 3077/3508/3445 3076/3504/3441 3027/3427/3364
f 3055/3432/3369 3104/3509/3446 3103/3505/3442 3054/3428/3365
f 3042/3433/3370 3091/3510/3447 3090/3506/3443 3041/3429/3366
f 3069/3434/3371 3118/3511/3448 3117/3507/3444 3068/3430/3367
f 3029/3435/3372 3078/3512/3449 3077/3508/3445 3028/3431/3368
f 3056/3436/3373 3105/3513/3450 3104/3509/3446 3055/3432/3369
f 3043/3437/3374 3092/3514/3451 3091/3510/3447 3042/3433/3370
f 3070/3438/3375 3119/3515/3452 3118/3511/3448 3069/3434/3371
f 3030/3439/3376 3079/3516/3453 3078/3512/3449 3029/3435/3372
f 3057/3440/3377 3106/3517/3454 3105/3513/3450 3056/3436/3373
f 3044/3441/3378 3093/3518/3455 3092/3514/3451 3043/3437/3374
f 3071/3442/3379 3120/3519/3456 3119/3515/3452 3070/3438/3375
f 3031/3443/3380 3080/3520/3457 3079/3516/3453 3030/3439/3376
f 3058/3444/3381 3107/3521/3458 3106/3517/3454 3057/3440/3377
f 3045/3445/3382 3094/3472/3409 3093/3518/3455 3044/3441/3378
f 3072/3446/3383 3121/3474/3411 3120/3519/3456 3071/3442/3379
f 3032/3447/3384 3081/3476/3413 3080/3520/3457 3031/3443/3380
f 3059/3448/3385 3108/3478/3415 3107/3521/3458 3058/3444/3381
f 3101/3494/3431 3150/3522/3459 3149/3523/3460 3100/3491/3428
f 3088/3495/3432 3137/3524/3461 3136/3525/3462 3087/3492/3429
f 3115/3496/3433 3164/3526/3463 3163/3527/3464 3114/3493/3430
f 5869/2797/2797 6120/2796/2796 6001/3381/3331 36/67/67
f 3102/3501/3438 3151/3528/3465 3150/3522/3459 3101/3494/3431
f 3089/3502/3439 3138/3529/3466 3137/3524/3461 3088/3495/3432
f 3116/3503/3440 3165/3530/3467 3164/3526/3463 3115/3496/3433
f 3076/3504/3441 3125/3531/3468 3124/1280/1280 3075/248/248
f 3103/3505/3442 3152/3532/3469 3151/3528/3465 3102/3501/3438
f 3090/3506/3443 3139/3533/3470 3138/3529/3466 3089/3502/3439
f 3117/3507/3444 3166/3534/3471 3165/3530/3467 3116/3503/3440
f 3077/3508/3445 3126/3535/3472 3125/3531/3468 3076/3504/3441
f 3104/3509/3446 3153/3536/3473 3152/3532/3469 3103/3505/3442
f 3091/3510/3447 3140/3537/3474 3139/3533/3470 3090/3506/3443
f 3118/3511/3448 3167/3538/3475 3166/3534/3471 3117/3507/3444
f 3078/3512/3449 3127/3539/3476 3126/3535/3472 3077/3508/3445
f 3105/3513/3450 3154/3540/3477 3153/3536/3473 3104/3509/3446
f 3092/3514/3451 3141/3541/3478 3140/3537/3474 3091/3510/3447
f 3119/3515/3452 3168/3542/3479 3167/3538/3475 3118/3511/3448
f 3079/3516/3453 3128/3543/3480 3127/3539/3476 3078/3512/3449
f 3106/3517/3454 3155/3544/3481 3154/3540/3477 3105/3513/3450
f 3093/3518/3455 3142/3545/3482 3141/3541/3478 3092/3514/3451
f 3120/3519/3456 3169/3546/3483 3168/3542/3479 3119/3515/3452
f 3080/3520/3457 3129/3547/3484 3128/3543/3480 3079/3516/3453
f 3107/3521/3458 3156/3548/3485 3155/3544/3481 3106/3517/3454
f 3094/3472/3409 3143/3549/3486 3142/3545/3482 3093/3518/3455
f 3121/3474/3411 3170/3550/3487 3169/3546/3483 3120/3519/3456
f 3081/3476/3413 3130/3551/3488 3129/3547/3484 3080/3520/3457
f 3108/3478/3415 3157/3552/3489 3156/3548/3485 3107/3521/3458
f 3095/3471/3408 3144/3553/3490 3143/3549/3486 3094/3472/3409
f 3122/3473/3410 3171/3554/3491 3170/3550/3487 3121/3474/3411
f 3082/3475/3412 3131/3555/3492 3130/3551/3488 3081/3476/3413
f 3109/3477/3414 3158/3556/3493 3157/3552/3489 3108/3478/3415
f 3096/3479/3416 3145/3557/3494 3144/3553/3490 3095/3471/3408
f 3123/2211/2211 3172/3497/3434 3171/3554/3491 3122/3473/3410
f 3083/3480/3417 3132/3558/3495 3131/3555/3492 3082/3475/3412
f 3110/3481/3418 3159/3559/3496 3158/3556/3493 3109/3477/3414
f 3097/3482/3419 3146/3560/3497 3145/3557/3494 3096/3479/3416
f 5429/949/949 5991/948/948 5990/3561/3498 5380/3562/3499
f 3084/3483/3420 3133/3563/3500 3132/3558/3495 3083/3480/3417
f 3111/3484/3421 3160/3564/3501 3159/3559/3496 3110/3481/3418
f 3098/3485/3422 3147/3565/3502 3146/3560/3497 3097/3482/3419
f 3085/3486/3423 3134/3566/3503 3133/3563/3500 3084/3483/3420
f 3112/3487/3424 3161/3567/3504 3160/3564/3501 3111/3484/3421
f 3099/3488/3425 3148/3568/3505 3147/3565/3502 3098/3485/3422
f 3086/3489/3426 3135/3569/3506 3134/3566/3503 3085/3486/3423
f 3113/3490/3427 3162/3570/3507 3161/3567/3504 3112/3487/3424
f 3100/3491/3428 3149/3523/3460 3148/3568/3505 3099/3488/3425
f 3087/3492/3429 3136/3525/3462 3135/3569/3506 3086/3489/3426
f 3114/3493/3430 3163/3527/3464 3162/3570/3507 3113/3490/3427
f 3143/3549/3486 3192/3571/3508 3191/3572/3509 3142/3545/3482
f 3170/3550/3487 3219/3573/3510 3218/3574/3511 3169/3546/3483
f 3130/3551/3488 3179/3575/3512 3178/3576/3513 3129/3547/3484
f 3157/3552/3489 3206/3577/3514 3205/3578/3515 3156/3548/3485
f 3144/3553/3490 3193/3579/3516 3192/3571/3508 3143/3549/3486
f 3171/3554/3491 3220/3580/3517 3219/3573/3510 3170/3550/3487
f 3131/3555/3492 3180/3581/3518 3179/3575/3512 3130/3551/3488
f 3158/3556/3493 3207/3582/3519 3206/3577/3514 3157/3552/3489
f 3145/3557/3494 3194/3583/3520 3193/3579/3516 3144/3553/3490
f 3172/3497/3434 3221/3500/3437 3220/3580/3517 3171/3554/3491
f 3132/3558/3495 3181/3584/3521 3180/3581/3518 3131/3555/3492
f 3159/3559/3496 3208/3585/3522 3207/3582/3519 3158/3556/3493
f 3146/3560/3497 3195/3586/3523 3194/3583/3520 3145/3557/3494
f 1703/981/981 5915/980/980 5914/3587/3524 1654/1909/1909
f 3133/3563/3500 3182/3588/3525 3181/3584/3521 3132/3558/3495
f 3160/3564/3501 3209/3589/3526 3208/3585/3522 3159/3559/3496
f 3147/3565/3502 3196/3590/3527 3195/3586/3523 3146/3560/3497
f 3134/3566/3503 3183/3591/3528 3182/3588/3525 3133/3563/3500
f 3161/3567/3504 3210/3592/3529 3209/3589/3526 3160/3564/3501
f 3148/3568/3505 3197/3593/3530 3196/3590/3527 3147/3565/3502
f 3135/3569/3506 3184/3594/3531 3183/3591/3528 3134/3566/3503
f 3162/3570/3507 3211/3595/3532 3210/3592/3529 3161/3567/3504
f 3149/3523/3460 3198/3596/3533 3197/3593/3530 3148/3568/3505
f 3136/3525/3462 3185/3597/3534 3184/3594/3531 3135/3569/3506
f 3163/3527/3464 3212/3598/3535 3211/3595/3532 3162/3570/3507
f 3150/3522/3459 3199/3599/3536 3198/3596/3533 3149/3523/3460
f 3137/3524/3461 3186/3600/3537 3185/3597/3534 3136/3525/3462
f 3164/3526/3463 3213/3601/3538 3212/3598/3535 3163/3527/3464
f 2094/2335/2335 6043/3602/3539 6044/414/414 2143/413/413
f 3151/3528/3465 3200/3603/3540 3199/3599/3536 3150/3522/3459
f 3138/3529/3466 3187/3604/3541 3186/3600/3537 3137/3524/3461
f 3165/3530/3467 3214/3605/3542 3213/3601/3538 3164/3526/3463
f 3125/3531/3468 3174/3606/3543 3173/1277/1277 3124/1280/1280
f 3152/3532/3469 3201/3607/3544 3200/3603/3540 3151/3528/3465
f 3139/3533/3470 3188/3608/3545 3187/3604/3541 3138/3529/3466
f 3166/3534/3471 3215/3609/3546 3214/3605/3542 3165/3530/3467
f 3126/3535/3472 3175/3610/3547 3174/3606/3543 3125/3531/3468
f 3153/3536/3473 3202/3611/3548 3201/3607/3544 3152/3532/3469
f 3140/3537/3474 3189/3612/3549 3188/3608/3545 3139/3533/3470
f 3167/3538/3475 3216/3613/3550 3215/3609/3546 3166/3534/3471
f 3127/3539/3476 3176/3614/3551 3175/3610/3547 3126/3535/3472
f 3154/3540/3477 3203/3615/3552 3202/3611/3548 3153/3536/3473
f 3141/3541/3478 3190/3616/3553 3189/3612/3549 3140/3537/3474
f 3168/3542/3479 3217/3617/3554 3216/3613/3550 3167/3538/3475
f 3128/3543/3480 3177/3618/3555 3176/3614/3551 3127/3539/3476
f 3155/3544/3481 3204/3619/3556 3203/3615/3552 3154/3540/3477
f 3142/3545/3482 3191/3572/3509 3190/3616/3553 3141/3541/3478
f 3169/3546/3483 3218/3574/3511 3217/3617/3554 3168/3542/3479
f 3129/3547/3484 3178/3576/3513 3177/3618/3555 3128/3543/3480
f 3156/3548/3485 3205/3578/3515 3204/3619/3556 3155/3544/3481
f 3198/3596/3533 3248/3620/3557 3247/3621/3558 3197/3593/3530
f 3219/3573/3510 3269/3622/3559 3268/3623/3560 3218/3574/3511
f 3185/3597/3534 3235/3624/3561 3234/3625/3562 3184/3594/3531
f 3199/3599/3536 3249/3626/3563 3248/3620/3557 3198/3596/3533
f 3220/3580/3517 3270/3627/3564 3269/3622/3559 3219/3573/3510
f 3186/3600/3537 3236/3628/3565 3235/3624/3561 3185/3597/3534
f 2535/2837/2837 6052/2913/2913 6053/3629/3566 2584/2865/2865
f 3200/3603/3540 3250/3630/3567 3249/3626/3563 3199/3599/3536
f 3221/3500/3437 3271/1239/1239 3270/3627/3564 3220/3580/3517
f 3187/3604/3541 3237/3631/3568 3236/3628/3565 3186/3600/3537
f 3174/3606/3543 3224/3632/3569 3223/3633/3570 3173/1277/1277
f 3201/3607/3544 3251/3634/3571 3250/3630/3567 3200/3603/3540
f 2781/865/865 5937/864/864 5936/3635/3572 2732/3102/3102
f 3188/3608/3545 3238/3636/3573 3237/3631/3568 3187/3604/3541
f 3175/3610/3547 3225/3637/3574 3224/3632/3569 3174/3606/3543
f 3202/3611/3548 3252/3638/3575 3251/3634/3571 3201/3607/3544
f 3189/3612/3549 3239/3639/3576 3238/3636/3573 3188/3608/3545
f 3176/3614/3551 3226/3640/3577 3225/3637/3574 3175/3610/3547
f 3203/3615/3552 3253/3641/3578 3252/3638/3575 3202/3611/3548
f 3190/3616/3553 3240/3642/3579 3239/3639/3576 3189/3612/3549
f 3211/3595/3532 3261/3643/3580 3260/3644/3581 3210/3592/3529
f 3177/3618/3555 3227/3645/3582 3226/3640/3577 3176/3614/3551
f 3204/3619/3556 3254/3646/3583 3253/3641/3578 3203/3615/3552
f 3191/3572/3509 3241/3647/3584 3240/3642/3579 3190/3616/3553
f 3212/3598/3535 3262/3648/3585 3261/3643/3580 3211/3595/3532
f 3178/3576/3513 3228/3649/3586 3227/3645/3582 3177/3618/3555
f 3205/3578/3515 3255/3650/3587 3254/3646/3583 3204/3619/3556
f 3192/3571/3508 3242/3651/3588 3241/3647/3584 3191/3572/3509
f 3213/3601/3538 3263/3652/3589 3262/3648/3585 3212/3598/3535
f 3179/3575/3512 3229/3653/3590 3228/3649/3586 3178/3576/3513
f 3206/3577/3514 3256/3654/3591 3255/3650/3587 3205/3578/3515
f 3193/3579/3516 3243/3655/3592 3242/3651/3588 3192/3571/3508
f 3214/3605/3542 3264/3656/3593 3263/3652/3589 3213/3601/3538
f 3180/3581/3518 3230/3657/3594 3229/3653/3590 3179/3575/3512
f 3207/3582/3519 3257/3658/3595 3256/3654/3591 3206/3577/3514
f 3194/3583/3520 3244/3659/3596 3243/3655/3592 3193/3579/3516
f 3215/3609/3546 3265/3660/3597 3264/3656/3593 3214/3605/3542
f 3181/3584/3521 3231/3661/3598 3230/3657/3594 3180/3581/3518
f 3208/3585/3522 3258/3662/3599 3257/3658/3595 3207/3582/3519
f 3195/3586/3523 3245/3663/3600 3244/3659/3596 3194/3583/3520
f 3216/3613/3550 3266/3664/3601 3265/3660/3597 3215/3609/3546
f 3182/3588/3525 3232/3665/3602 3231/3661/3598 3181/3584/3521
f 3209/3589/3526 3259/3666/3603 3258/3662/3599 3208/3585/3522
f 3196/3590/3527 3246/3667/3604 3245/3663/3600 3195/3586/3523
f 3217/3617/3554 3267/3668/3605 3266/3664/3601 3216/3613/3550
f 3183/3591/3528 3233/3669/3606 3232/3665/3602 3182/3588/3525
f 3210/3592/3529 3260/3644/3581 3259/3666/3603 3209/3589/3526
f 3197/3593/3530 3247/3621/3558 3246/3667/3604 3196/3590/3527
f 3218/3574/3511 3268/3623/3560 3267/3668/3605 3217/3617/3554
f 3184/3594/3531 3234/3625/3562 3233/3669/3606 3183/3591/3528
f 3248/3620/3557 3297/3670/3607 3296/3671/3608 3247/3621/3558
f 3235/3624/3561 3284/3672/3609 3283/3673/3610 3234/3625/3562
f 3262/3648/3585 3311/3674/3611 3310/3675/3612 3261/3643/3580
f 3249/3626/3563 3298/3676/3613 3297/3670/3607 3248/3620/3557
f 3236/3628/3565 3285/3677/3614 3284/3672/3609 3235/3624/3561
f 3263/3652/3589 3312/3678/3615 3311/3674/3611 3262/3648/3585
f 1163/1304/1304 6024/2130/2130 6025/3470/3407 1212/1388/1388
f 3250/3630/3567 3299/3679/3616 3298/3676/3613 3249/3626/3563
f 3237/3631/3568 3286/3680/3617 3285/3677/3614 3236/3628/3565
f 3264/3656/3593 3313/3681/3618 3312/3678/3615 3263/3652/3589
f 3224/3632/3569 3273/3682/3619 3272/3683/3620 3223/3633/3570
f 3251/3634/3571 3300/3684/3621 3299/3679/3616 3250/3630/3567
f 3238/3636/3573 3287/3685/3622 3286/3680/3617 3237/3631/3568
f 3265/3660/3597 3314/3686/3623 3313/3681/3618 3264/3656/3593
f 3225/3637/3574 3274/3687/3624 3273/3682/3619 3224/3632/3569
f 3252/3638/3575 3301/3688/3625 3300/3684/3621 3251/3634/3571
f 3239/3639/3576 3288/3689/3626 3287/3685/3622 3238/3636/3573
f 3266/3664/3601 3315/3690/3627 3314/3686/3623 3265/3660/3597
f 3226/3640/3577 3275/3691/3628 3274/3687/3624 3225/3637/3574
f 3253/3641/3578 3302/3692/3629 3301/3688/3625 3252/3638/3575
f 3240/3642/3579 3289/3693/3630 3288/3689/3626 3239/3639/3576
f 3267/3668/3605 3316/3694/3631 3315/3690/3627 3266/3664/3601
f 3227/3645/3582 3276/3695/3632 3275/3691/3628 3226/3640/3577
f 3254/3646/3583 3303/3696/3633 3302/3692/3629 3253/3641/3578
f 3241/3647/3584 3290/3697/3634 3289/3693/3630 3240/3642/3579
f 3268/3623/3560 3317/3698/3635 3316/3694/3631 3267/3668/3605
f 3228/3649/3586 3277/3699/3636 3276/3695/3632 3227/3645/3582
f 3255/3650/3587 3304/3700/3637 3303/3696/3633 3254/3646/3583
f 3242/3651/3588 3291/3701/3638 3290/3697/3634 3241/3647/3584
f 3269/3622/3559 3318/3702/3639 3317/3698/3635 3268/3623/3560
f 3229/3653/3590 3278/3703/3640 3277/3699/3636 3228/3649/3586
f 3256/3654/3591 3305/3704/3641 3304/3700/3637 3255/3650/3587
f 3243/3655/3592 3292/3705/3642 3291/3701/3638 3242/3651/3588
f 3270/3627/3564 3319/3706/3643 3318/3702/3639 3269/3622/3559
f 3230/3657/3594 3279/3707/3644 3278/3703/3640 3229/3653/3590
f 3257/3658/3595 3306/3708/3645 3305/3704/3641 3256/3654/3591
f 3244/3659/3596 3293/3709/3646 3292/3705/3642 3243/3655/3592
f 3271/1239/1239 3320/1242/1242 3319/3706/3643 3270/3627/3564
f 3231/3661/3598 3280/3710/3647 3279/3707/3644 3230/3657/3594
f 3258/3662/3599 3307/3711/3648 3306/3708/3645 3257/3658/3595
f 3245/3663/3600 3294/3712/3649 3293/3709/3646 3244/3659/3596
f 2046/1046/1046 5922/1045/1045 5921/3713/3650 1997/2279/2279
f 3232/3665/3602 3281/3714/3651 3280/3710/3647 3231/3661/3598
f 3259/3666/3603 3308/3715/3652 3307/3711/3648 3258/3662/3599
f 3246/3667/3604 3295/3716/3653 3294/3712/3649 3245/3663/3600
f 3233/3669/3606 3282/3717/3654 3281/3714/3651 3232/3665/3602
f 3260/3644/3581 3309/3718/3655 3308/3715/3652 3259/3666/3603
f 3247/3621/3558 3296/3671/3608 3295/3716/3653 3246/3667/3604
f 3234/3625/3562 3283/3673/3610 3282/3717/3654 3233/3669/3606
f 3261/3643/3580 3310/3675/3612 3309/3718/3655 3260/3644/3581
f 3290/3697/3634 3339/3719/3656 3338/3720/3657 3289/3693/3630
f 3317/3698/3635 3366/3721/3658 3365/3722/3659 3316/3694/3631
f 3277/3699/3636 3326/3723/3660 3325/3724/3661 3276/3695/3632
f 3304/3700/3637 3353/3725/3662 3352/3726/3663 3303/3696/3633
f 3291/3701/3638 3340/3727/3664 3339/3719/3656 3290/3697/3634
f 3318/3702/3639 3367/3728/3665 3366/3721/3658 3317/3698/3635
f 3278/3703/3640 3327/3729/3666 3326/3723/3660 3277/3699/3636
f 3305/3704/3641 3354/3730/3667 3353/3725/3662 3304/3700/3637
f 3292/3705/3642 3341/3731/3668 3340/3727/3664 3291/3701/3638
f 3319/3706/3643 3368/3732/3669 3367/3728/3665 3318/3702/3639
f 3279/3707/3644 3328/3733/3670 3327/3729/3666 3278/3703/3640
f 3306/3708/3645 3355/3734/3671 3354/3730/3667 3305/3704/3641
f 3293/3709/3646 3342/3735/3672 3341/3731/3668 3292/3705/3642
f 3320/1242/1242 3369/2020/2020 3368/3732/3669 3319/3706/3643
f 3280/3710/3647 3329/3736/3673 3328/3733/3670 3279/3707/3644
f 3307/3711/3648 3356/3737/3674 3355/3734/3671 3306/3708/3645
f 3294/3712/3649 3343/3738/3675 3342/3735/3672 3293/3709/3646
f 4106/1311/1311 5964/1310/1310 5963/397/397 4057/396/396
f 3281/3714/3651 3330/3739/3676 3329/3736/3673 3280/3710/3647
f 3308/3715/3652 3357/3740/3677 3356/3737/3674 3307/3711/3648
f 3295/3716/3653 3344/3741/3678 3343/3738/3675 3294/3712/3649
f 3282/3717/3654 3331/3742/3679 3330/3739/3676 3281/3714/3651
f 3309/3718/3655 3358/3743/3680 3357/3740/3677 3308/3715/3652
f 3296/3671/3608 3345/3744/3681 3344/3741/3678 3295/3716/3653
f 3283/3673/3610 3332/3745/3682 3331/3742/3679 3282/3717/3654
f 3310/3675/3612 3359/3746/3683 3358/3743/3680 3309/3718/3655
f 3297/3670/3607 3346/3747/3684 3345/3744/3681 3296/3671/3608
f 3284/3672/3609 3333/3748/3685 3332/3745/3682 3283/3673/3610
f 3311/3674/3611 3360/3749/3686 3359/3746/3683 3310/3675/3612
f 3298/3676/3613 3347/3750/3687 3346/3747/3684 3297/3670/3607
f 3285/3677/3614 3334/3751/3688 3333/3748/3685 3284/3672/3609
f 3312/3678/3615 3361/3752/3689 3360/3749/3686 3311/3674/3611
f 5477/3753/3690 6112/3754/3691 6113/3755/3692 5526/3756/3693
f 3299/3679/3616 3348/3757/3694 3347/3750/3687 3298/3676/3613
f 3286/3680/3617 3335/3758/3695 3334/3751/3688 3285/3677/3614
f 3313/3681/3618 3362/3759/3696 3361/3752/3689 3312/3678/3615
f 3273/3682/3619 3322/3760/3697 3321/3458/3395 3272/3683/3620
f 3300/3684/3621 3349/3761/3698 3348/3757/3694 3299/3679/3616
f 3287/3685/3622 3336/3762/3699 3335/3758/3695 3286/3680/3617
f 3314/3686/3623 3363/3763/3700 3362/3759/3696 3313/3681/3618
f 3274/3687/3624 3323/3764/3701 3322/3760/3697 3273/3682/3619
f 3301/3688/3625 3350/3765/3702 3349/3761/3698 3300/3684/3621
f 3288/3689/3626 3337/3766/3703 3336/3762/3699 3287/3685/3622
f 3315/3690/3627 3364/3767/3704 3363/3763/3700 3314/3686/3623
f 3275/3691/3628 3324/3768/3705 3323/3764/3701 3274/3687/3624
f 3302/3692/3629 3351/3769/3706 3350/3765/3702 3301/3688/3625
f 3289/3693/3630 3338/3720/3657 3337/3766/3703 3288/3689/3626
f 3316/3694/3631 3365/3722/3659 3364/3767/3704 3315/3690/3627
f 3276/3695/3632 3325/3724/3661 3324/3768/3705 3275/3691/3628
f 3303/3696/3633 3352/3726/3663 3351/3769/3706 3302/3692/3629
f 3345/3744/3681 3394/3770/3707 3393/3771/3708 3344/3741/3678
f 3332/3745/3682 3381/3772/3709 3380/3773/3710 3331/3742/3679
f 3359/3746/3683 3408/3774/3711 3407/3775/3712 3358/3743/3680
f 3346/3747/3684 3395/3776/3713 3394/3770/3707 3345/3744/3681
f 3333/3748/3685 3382/3777/3714 3381/3772/3709 3332/3745/3682
f 3360/3749/3686 3409/3778/3715 3408/3774/3711 3359/3746/3683
f 3347/3750/3687 3396/3779/3716 3395/3776/3713 3346/3747/3684
f 3334/3751/3688 3383/3780/3717 3382/3777/3714 3333/3748/3685
f 3361/3752/3689 3410/3781/3718 3409/3778/3715 3360/3749/3686
f 4497/3782/3719 6092/3783/3720 6093/767/767 4546/766/766
f 3348/3757/3694 3397/3784/3721 3396/3779/3716 3347/3750/3687
f 3335/3758/3695 3384/3785/3722 3383/3780/3717 3334/3751/3688
f 3362/3759/3696 3411/3786/3723 3410/3781/3718 3361/3752/3689
f 3322/3760/3697 3371/3787/3724 3370/835/835 3321/3458/3395
f 3349/3761/3698 3398/3788/3725 3397/3784/3721 3348/3757/3694
f 3336/3762/3699 3385/3789/3726 3384/3785/3722 3335/3758/3695
f 3363/3763/3700 3412/3790/3727 3411/3786/3723 3362/3759/3696
f 3323/3764/3701 3372/3791/3728 3371/3787/3724 3322/3760/3697
f 3350/3765/3702 3399/3792/3729 3398/3788/3725 3349/3761/3698
f 3337/3766/3703 3386/3793/3730 3385/3789/3726 3336/3762/3699
f 3364/3767/3704 3413/3794/3731 3412/3790/3727 3363/3763/3700
f 3324/3768/3705 3373/3795/3732 3372/3791/3728 3323/3764/3701
f 3351/3769/3706 3400/3796/3733 3399/3792/3729 3350/3765/3702
f 3338/3720/3657 3387/3797/3734 3386/3793/3730 3337/3766/3703
f 3365/3722/3659 3414/3798/3735 3413/3794/3731 3364/3767/3704
f 3325/3724/3661 3374/3799/3736 3373/3795/3732 3324/3768/3705
f 3352/3726/3663 3401/3800/3737 3400/3796/3733 3351/3769/3706
f 3339/3719/3656 3388/3801/3738 3387/3797/3734 3338/3720/3657
f 3366/3721/3658 3415/3802/3739 3414/3798/3735 3365/3722/3659
f 3326/3723/3660 3375/3803/3740 3374/3799/3736 3325/3724/3661
f 3353/3725/3662 3402/3804/3741 3401/3800/3737 3352/3726/3663
f 3340/3727/3664 3389/3805/3742 3388/3801/3738 3339/3719/3656
f 3367/3728/3665 3416/3806/3743 3415/3802/3739 3366/3721/3658
f 3327/3729/3666 3376/3807/3744 3375/3803/3740 3326/3723/3660
f 3354/3730/3667 3403/3808/3745 3402/3804/3741 3353/3725/3662
f 3341/3731/3668 3390/3809/3746 3389/3805/3742 3340/3727/3664
f 3368/3732/3669 3417/3810/3747 3416/3806/3743 3367/3728/3665
f 3328/3733/3670 3377/3811/3748 3376/3807/3744 3327/3729/3666
f 3355/3734/3671 3404/3812/3749 3403/3808/3745 3354/3730/3667
f 3342/3735/3672 3391/3813/3750 3390/3809/3746 3341/3731/3668
f 3369/2020/2020 3418/3015/3015 3417/3810/3747 3368/3732/3669
f 3329/3736/3673 3378/3814/3751 3377/3811/3748 3328/3733/3670
f 3356/3737/3674 3405/3815/3752 3404/3812/3749 3355/3734/3671
f 3343/3738/3675 3392/3816/3753 3391/3813/3750 3342/3735/3672
f 5527/1942/1942 5993/1941/1941 5992/947/947 5478/946/946
f 3330/3739/3676 3379/3817/3754 3378/3814/3751 3329/3736/3673
f 3357/3740/3677 3406/3818/3755 3405/3815/3752 3356/3737/3674
f 3344/3741/3678 3393/3771/3708 3392/3816/3753 3343/3738/3675
f 3331/3742/3679 3380/3773/3710 3379/3817/3754 3330/3739/3676
f 3358/3743/3680 3407/3775/3712 3406/3818/3755 3357/3740/3677
f 3387/3797/3734 3436/3819/3756 3435/3820/3757 3386/3793/3730
f 3414/3798/3735 3463/3821/3758 3462/3822/3759 3413/3794/3731
f 3374/3799/3736 3423/3823/3760 3422/3824/3761 3373/3795/3732
f 3401/3800/3737 3450/3825/3762 3449/3826/3763 3400/3796/3733
f 3388/3801/3738 3437/3827/3764 3436/3819/3756 3387/3797/3734
f 3415/3802/3739 3464/3828/3765 3463/3821/3758 3414/3798/3735
f 3375/3803/3740 3424/3829/3766 3423/3823/3760 3374/3799/3736
f 3402/3804/3741 3451/3830/3767 3450/3825/3762 3401/3800/3737
f 3389/3805/3742 3438/3831/3768 3437/3827/3764 3388/3801/3738
f 3416/3806/3743 3465/3832/3769 3464/3828/3765 3415/3802/3739
f 3376/3807/3744 3425/3833/3770 3424/3829/3766 3375/3803/3740
f 3403/3808/3745 3452/3834/3771 3451/3830/3767 3402/3804/3741
f 3390/3809/3746 3439/3835/3772 3438/3831/3768 3389/3805/3742
f 3417/3810/3747 3466/3836/3773 3465/3832/3769 3416/3806/3743
f 3377/3811/3748 3426/3837/3774 3425/3833/3770 3376/3807/3744
f 3404/3812/3749 3453/3838/3775 3452/3834/3771 3403/3808/3745
f 3391/3813/3750 3440/3839/3776 3439/3835/3772 3390/3809/3746
f 3418/3015/3015 3467/679/679 3466/3836/3773 3417/3810/3747
f 3378/3814/3751 3427/3840/3777 3426/3837/3774 3377/3811/3748
f 3405/3815/3752 3454/3841/3778 3453/3838/3775 3404/3812/3749
f 3392/3816/3753 3441/3842/3779 3440/3839/3776 3391/3813/3750
f 1164/1194/1194 5904/1193/1193 5903/217/217 1115/216/216
f 3379/3817/3754 3428/3843/3780 3427/3840/3777 3378/3814/3751
f 3406/3818/3755 3455/3844/3781 3454/3841/3778 3405/3815/3752
f 3393/3771/3708 3442/3845/3782 3441/3842/3779 3392/3816/3753
f 3380/3773/3710 3429/3846/3783 3428/3843/3780 3379/3817/3754
f 3407/3775/3712 3456/3847/3784 3455/3844/3781 3406/3818/3755
f 3394/3770/3707 3443/3848/3785 3442/3845/3782 3393/3771/3708
f 3381/3772/3709 3430/3849/3786 3429/3846/3783 3380/3773/3710
f 3408/3774/3711 3457/3850/3787 3456/3847/3784 3407/3775/3712
f 3395/3776/3713 3444/3851/3788 3443/3848/3785 3394/3770/3707
f 3382/3777/3714 3431/3852/3789 3430/3849/3786 3381/3772/3709
f 3409/3778/3715 3458/3853/3790 3457/3850/3787 3408/3774/3711
f 3396/3779/3716 3445/3854/3791 3444/3851/3788 3395/3776/3713
f 3383/3780/3717 3432/3855/3792 3431/3852/3789 3382/3777/3714
f 3410/3781/3718 3459/3856/3793 3458/3853/3790 3409/3778/3715
f 1555/1755/1755 6032/3857/3794 6033/881/881 1604/880/880
f 3397/3784/3721 3446/3858/3795 3445/3854/3791 3396/3779/3716
f 3384/3785/3722 3433/3859/3796 3432/3855/3792 3383/3780/3717
f 3411/3786/3723 3460/3860/3797 3459/3856/3793 3410/3781/3718
f 3371/3787/3724 3420/3861/3798 3419/832/832 3370/835/835
f 3398/3788/3725 3447/3862/3799 3446/3858/3795 3397/3784/3721
f 3385/3789/3726 3434/3863/3800 3433/3859/3796 3384/3785/3722
f 3412/3790/3727 3461/3864/3801 3460/3860/3797 3411/3786/3723
f 3372/3791/3728 3421/3865/3802 3420/3861/3798 3371/3787/3724
f 3399/3792/3729 3448/3866/3803 3447/3862/3799 3398/3788/3725
f 3386/3793/3730 3435/3820/3757 3434/3863/3800 3385/3789/3726
f 3413/3794/3731 3462/3822/3759 3461/3864/3801 3412/3790/3727
f 3373/3795/3732 3422/3824/3761 3421/3865/3802 3372/3791/3728
f 3400/3796/3733 3449/3826/3763 3448/3866/3803 3399/3792/3729
f 3442/3845/3782 3491/3867/3804 3490/3868/3805 3441/3842/3779
f 3429/3846/3783 3478/3869/3806 3477/3870/3807 3428/3843/3780
f 3456/3847/3784 3505/3871/3808 3504/3872/3809 3455/3844/3781
f 3443/3848/3785 3492/3873/3810 3491/3867/3804 3442/3845/3782
f 3430/3849/3786 3479/3874/3811 3478/3869/3806 3429/3846/3783
f 3457/3850/3787 3506/3875/3812 3505/3871/3808 3456/3847/3784
f 3444/3851/3788 3493/3876/3813 3492/3873/3810 3443/3848/3785
f 3431/3852/3789 3480/3877/3814 3479/3874/3811 3430/3849/3786
f 3458/3853/3790 3507/3878/3815 3506/3875/3812 3457/3850/3787
f 3445/3854/3791 3494/3879/3816 3493/3876/3813 3444/3851/3788
f 3432/3855/3792 3481/3880/3817 3480/3877/3814 3431/3852/3789
f 3459/3856/3793 3508/3881/3818 3507/3878/3815 3458/3853/3790
f 4889/562/562 6100/561/561 6101/1092/1092 4938/1091/1091
f 3446/3858/3795 3495/3882/3819 3494/3879/3816 3445/3854/3791
f 3433/3859/3796 3482/3883/3820 3481/3880/3817 3432/3855/3792
f 3460/3860/3797 3509/3884/3821 3508/3881/3818 3459/3856/3793
f 3420/3861/3798 3469/3885/3822 3468/1791/1791 3419/832/832
f 3447/3862/3799 3496/3886/3823 3495/3882/3819 3446/3858/3795
f 3434/3863/3800 3483/3887/3824 3482/3883/3820 3433/3859/3796
f 3461/3864/3801 3510/3888/3825 3509/3884/3821 3460/3860/3797
f 3421/3865/3802 3470/3889/3826 3469/3885/3822 3420/3861/3798
f 3448/3866/3803 3497/3890/3827 3496/3886/3823 3447/3862/3799
f 3435/3820/3757 3484/3891/3828 3483/3887/3824 3434/3863/3800
f 3462/3822/3759 3511/3892/3829 3510/3888/3825 3461/3864/3801
f 3422/3824/3761 3471/3893/3830 3470/3889/3826 3421/3865/3802
f 3449/3826/3763 3498/3894/3831 3497/3890/3827 3448/3866/3803
f 3436/3819/3756 3485/3895/3832 3484/3891/3828 3435/3820/3757
f 3463/3821/3758 3512/3896/3833 3511/3892/3829 3462/3822/3759
f 3423/3823/3760 3472/3897/3834 3471/3893/3830 3422/3824/3761
f 3450/3825/3762 3499/3898/3835 3498/3894/3831 3449/3826/3763
f 3437/3827/3764 3486/3899/3836 3485/3895/3832 3436/3819/3756
f 3464/3828/3765 3513/3900/3837 3512/3896/3833 3463/3821/3758
f 3424/3829/3766 3473/3901/3838 3472/3897/3834 3423/3823/3760
f 3451/3830/3767 3500/3902/3839 3499/3898/3835 3450/3825/3762
f 3438/3831/3768 3487/3903/3840 3486/3899/3836 3437/3827/3764
f 3465/3832/3769 3514/3904/3841 3513/3900/3837 3464/3828/3765
f 3425/3833/3770 3474/3905/3842 3473/3901/3838 3424/3829/3766
f 3452/3834/3771 3501/3906/3843 3500/3902/3839 3451/3830/3767
f 3439/3835/3772 3488/3907/3844 3487/3903/3840 3438/3831/3768
f 3466/3836/3773 3515/3908/3845 3514/3904/3841 3465/3832/3769
f 3426/3837/3774 3475/3909/3846 3474/3905/3842 3425/3833/3770
f 3453/3838/3775 3502/3910/3847 3501/3906/3843 3452/3834/3771
f 3440/3839/3776 3489/3911/3848 3488/3907/3844 3439/3835/3772
f 3467/679/679 3516/682/682 3515/3908/3845 3466/3836/3773
f 3427/3840/3777 3476/3912/3849 3475/3909/3846 3426/3837/3774
f 3454/3841/3778 3503/3913/3850 3502/3910/3847 3453/3838/3775
f 3441/3842/3779 3490/3868/3805 3489/3911/3848 3440/3839/3776
f 4449/1164/1164 5971/1163/1163 5970/3914/3851 4400/3915/3852
f 3428/3843/3780 3477/3870/3807 3476/3912/3849 3427/3840/3777
f 3455/3844/3781 3504/3872/3809 3503/3913/3850 3454/3841/3778
f 3484/3891/3828 3533/3916/3853 3532/3917/3854 3483/3887/3824
f 3511/3892/3829 3560/3918/3855 3559/3919/3856 3510/3888/3825
f 3471/3893/3830 3520/3920/3857 3519/3921/3858 3470/3889/3826
f 3498/3894/3831 3547/3922/3859 3546/3923/3860 3497/3890/3827
f 3485/3895/3832 3534/3924/3861 3533/3916/3853 3484/3891/3828
f 3512/3896/3833 3561/3925/3862 3560/3918/3855 3511/3892/3829
f 3472/3897/3834 3521/3926/3863 3520/3920/3857 3471/3893/3830
f 3499/3898/3835 3548/3927/3864 3547/3922/3859 3498/3894/3831
f 3486/3899/3836 3535/3928/3865 3534/3924/3861 3485/3895/3832
f 3513/3900/3837 3562/3929/3866 3561/3925/3862 3512/3896/3833
f 3473/3901/3838 3522/3930/3867 3521/3926/3863 3472/3897/3834
f 3500/3902/3839 3549/3931/3868 3548/3927/3864 3499/3898/3835
f 3487/3903/3840 3536/3932/3869 3535/3928/3865 3486/3899/3836
f 3514/3904/3841 3563/3933/3870 3562/3929/3866 3513/3900/3837
f 3474/3905/3842 3523/3934/3871 3522/3930/3867 3473/3901/3838
f 3501/3906/3843 3550/3935/3872 3549/3931/3868 3500/3902/3839
f 3488/3907/3844 3537/3936/3873 3536/3932/3869 3487/3903/3840
f 3515/3908/3845 3564/3937/3874 3563/3933/3870 3514/3904/3841
f 3475/3909/3846 3524/3938/3875 3523/3934/3871 3474/3905/3842
f 3502/3910/3847 3551/3939/3876 3550/3935/3872 3501/3906/3843
f 3489/3911/3848 3538/3940/3877 3537/3936/3873 3488/3907/3844
f 3516/682/682 3565/1209/1209 3564/3937/3874 3515/3908/3845
f 3476/3912/3849 3525/3941/3878 3524/3938/3875 3475/3909/3846
f 3503/3913/3850 3552/3942/3879 3551/3939/3876 3502/3910/3847
f 3490/3868/3805 3539/3943/3880 3538/3940/3877 3489/3911/3848
f 86/156/156 3222/1422/1422 4056/2697/2697 37/11/11
f 3477/3870/3807 3526/3944/3881 3525/3941/3878 3476/3912/3849
f 3504/3872/3809 3553/3945/3882 3552/3942/3879 3503/3913/3850
f 3491/3867/3804 3540/3946/3883 3539/3943/3880 3490/3868/3805
f 3478/3869/3806 3527/3947/3884 3526/3944/3881 3477/3870/3807
f 3505/3871/3808 3554/3948/3885 3553/3945/3882 3504/3872/3809
f 3492/3873/3810 3541/3949/3886 3540/3946/3883 3491/3867/3804
f 3479/3874/3811 3528/3950/3887 3527/3947/3884 3478/3869/3806
f 3506/3875/3812 3555/3951/3888 3554/3948/3885 3505/3871/3808
f 3493/3876/3813 3542/3952/3889 3541/3949/3886 3492/3873/3810
f 3480/3877/3814 3529/3953/3890 3528/3950/3887 3479/3874/3811
f 3507/3878/3815 3556/3954/3891 3555/3951/3888 3506/3875/3812
f 3494/3879/3816 3543/3955/3892 3542/3952/3889 3493/3876/3813
f 3481/3880/3817 3530/3956/3893 3529/3953/3890 3480/3877/3814
f 3508/3881/3818 3557/3957/3894 3556/3954/3891 3507/3878/3815
f 477/151/151 6010/150/150 6011/1059/1059 526/597/597
f 3495/3882/3819 3544/3958/3895 3543/3955/3892 3494/3879/3816
f 3482/3883/3820 3531/3959/3896 3530/3956/3893 3481/3880/3817
f 3509/3884/3821 3558/3960/3897 3557/3957/3894 3508/3881/3818
f 3469/3885/3822 3518/3961/3898 3517/1788/1788 3468/1791/1791
f 3496/3886/3823 3545/3962/3899 3544/3958/3895 3495/3882/3819
f 3483/3887/3824 3532/3917/3854 3531/3959/3896 3482/3883/3820
f 3510/3888/3825 3559/3919/3856 3558/3960/3897 3509/3884/3821
f 3470/3889/3826 3519/3921/3858 3518/3961/3898 3469/3885/3822
f 3497/3890/3827 3546/3923/3860 3545/3962/3899 3496/3886/3823
f 3539/3943/3880 3588/3963/3900 3587/3964/3901 3538/3940/3877
f 2389/1393/1393 5929/1392/1392 5928/332/332 2340/331/331
f 3526/3944/3881 3575/3965/3902 3574/3966/3903 3525/3941/3878
f 3553/3945/3882 3602/3967/3904 3601/3968/3905 3552/3942/3879
f 3540/3946/3883 3589/3969/3906 3588/3963/3900 3539/3943/3880
f 3527/3947/3884 3576/3970/3907 3575/3965/3902 3526/3944/3881
f 3554/3948/3885 3603/3971/3908 3602/3967/3904 3553/3945/3882
f 3541/3949/3886 3590/3972/3909 3589/3969/3906 3540/3946/3883
f 3528/3950/3887 3577/3973/3910 3576/3970/3907 3527/3947/3884
f 3555/3951/3888 3604/3974/3911 3603/3971/3908 3554/3948/3885
f 3542/3952/3889 3591/3975/3912 3590/3972/3909 3541/3949/3886
f 3529/3953/3890 3578/3976/3913 3577/3973/3910 3528/3950/3887
f 3556/3954/3891 3605/3977/3914 3604/3974/3911 3555/3951/3888
f 3543/3955/3892 3592/3978/3915 3591/3975/3912 3542/3952/3889
f 3530/3956/3893 3579/3979/3916 3578/3976/3913 3529/3953/3890
f 3557/3957/3894 3606/3980/3917 3605/3977/3914 3556/3954/3891
f 820/502/502 6017/501/501 6018/3203/3203 869/974/974
f 3544/3958/3895 3593/3981/3918 3592/3978/3915 3543/3955/3892
f 3531/3959/3896 3580/3982/3919 3579/3979/3916 3530/3956/3893
f 3558/3960/3897 3607/3983/3920 3606/3980/3917 3557/3957/3894
f 3518/3961/3898 3567/3984/3921 3566/2676/2676 3517/1788/1788
f 3545/3962/3899 3594/3985/3922 3593/3981/3918 3544/3958/3895
f 3532/3917/3854 3581/3986/3923 3580/3982/3919 3531/3959/3896
f 3559/3919/3856 3608/3987/3924 3607/3983/3920 3558/3960/3897
f 3519/3921/3858 3568/3988/3925 3567/3984/3921 3518/3961/3898
f 3546/3923/3860 3595/3989/3926 3594/3985/3922 3545/3962/3899
f 3533/3916/3853 3582/3990/3927 3581/3986/3923 3532/3917/3854
f 3560/3918/3855 3609/3991/3928 3608/3987/3924 3559/3919/3856
f 3520/3920/3857 3569/3992/3929 3568/3988/3925 3519/3921/3858
f 3547/3922/3859 3596/3993/3930 3595/3989/3926 3546/3923/3860
f 3534/3924/3861 3583/3994/3931 3582/3990/3927 3533/3916/3853
f 3561/3925/3862 3610/3995/3932 3609/3991/3928 3560/3918/3855
f 3521/3926/3863 3570/3996/3933 3569/3992/3929 3520/3920/3857
f 3548/3927/3864 3597/3997/3934 3596/3993/3930 3547/3922/3859
f 3535/3928/3865 3584/3998/3935 3583/3994/3931 3534/3924/3861
f 3562/3929/3866 3611/3999/3936 3610/3995/3932 3561/3925/3862
f 3522/3930/3867 3571/4000/3937 3570/3996/3933 3521/3926/3863
f 3549/3931/3868 3598/4001/3938 3597/3997/3934 3548/3927/3864
f 3536/3932/3869 3585/4002/3939 3584/3998/3935 3535/3928/3865
f 3563/3933/3870 3612/4003/3940 3611/3999/3936 3562/3929/3866
f 3523/3934/3871 3572/4004/3941 3571/4000/3937 3522/3930/3867
f 3550/3935/3872 3599/4005/3942 3598/4001/3938 3549/3931/3868
f 3537/3936/3873 3586/4006/3943 3585/4002/3939 3536/3932/3869
f 3564/3937/3874 3613/4007/3944 3612/4003/3940 3563/3933/3870
f 3524/3938/3875 3573/4008/3945 3572/4004/3941 3523/3934/3871
f 3551/3939/3876 3600/4009/3946 3599/4005/3942 3550/3935/3872
f 3538/3940/3877 3587/3964/3901 3586/4006/3943 3537/3936/3873
f 3565/1209/1209 3614/1212/1212 3613/4007/3944 3564/3937/3874
f 3525/3941/3878 3574/3966/3903 3573/4008/3945 3524/3938/3875
f 3552/3942/3879 3601/3968/3905 3600/4009/3946 3551/3939/3876
f 3581/3986/3923 3630/4010/3947 3629/4011/3948 3580/3982/3919
f 3608/3987/3924 3657/4012/3949 3656/4013/3950 3607/3983/3920
f 3568/3988/3925 3617/4014/3951 3616/4015/3952 3567/3984/3921
f 3595/3989/3926 3644/4016/3953 3643/4017/3954 3594/3985/3922
f 3582/3990/3927 3631/4018/3955 3630/4010/3947 3581/3986/3923
f 3609/3991/3928 3658/4019/3956 3657/4012/3949 3608/3987/3924
f 3569/3992/3929 3618/4020/3957 3617/4014/3951 3568/3988/3925
f 3596/3993/3930 3645/4021/3958 3644/4016/3953 3595/3989/3926
f 3583/3994/3931 3632/4022/3959 3631/4018/3955 3582/3990/3927
f 3610/3995/3932 3659/4023/3960 3658/4019/3956 3609/3991/3928
f 3570/3996/3933 3619/4024/3961 3618/4020/3957 3569/3992/3929
f 3597/3997/3934 3646/4025/3962 3645/4021/3958 3596/3993/3930
f 3584/3998/3935 3633/4026/3963 3632/4022/3959 3583/3994/3931
f 3611/3999/3936 3660/4027/3964 3659/4023/3960 3610/3995/3932
f 3571/4000/3937 3620/4028/3965 3619/4024/3961 3570/3996/3933
f 3598/4001/3938 3647/4029/3966 3646/4025/3962 3597/3997/3934
f 3585/4002/3939 3634/4030/3967 3633/4026/3963 3584/3998/3935
f 3612/4003/3940 3661/4031/3968 3660/4027/3964 3611/3999/3936
f 3572/4004/3941 3621/4032/3969 3620/4028/3965 3571/4000/3937
f 3599/4005/3942 3648/4033/3970 3647/4029/3966 3598/4001/3938
f 3586/4006/3943 3635/4034/3971 3634/4030/3967 3585/4002/3939
f 3613/4007/3944 3662/4035/3972 3661/4031/3968 3612/4003/3940
f 3573/4008/3945 3622/4036/3973 3621/4032/3969 3572/4004/3941
f 3600/4009/3946 3649/4037/3974 3648/4033/3970 3599/4005/3942
f 3587/3964/3901 3636/4038/3975 3635/4034/3971 3586/4006/3943
f 3614/1212/1212 3663/2494/2494 3662/4035/3972 3613/4007/3944
f 3574/3966/3903 3623/4039/3976 3622/4036/3973 3573/4008/3945
f 3601/3968/3905 3650/4040/3977 3649/4037/3974 3600/4009/3946
f 3588/3963/3900 3637/4041/3978 3636/4038/3975 3587/3964/3901
f 4792/4042/3979 5978/4043/3980 5977/513/513 4743/512/512
f 3575/3965/3902 3624/4044/3981 3623/4039/3976 3574/3966/3903
f 3602/3967/3904 3651/4045/3982 3650/4040/3977 3601/3968/3905
f 3589/3969/3906 3638/4046/3983 3637/4041/3978 3588/3963/3900
f 3576/3970/3907 3625/4047/3984 3624/4044/3981 3575/3965/3902
f 3603/3971/3908 3652/4048/3985 3651/4045/3982 3602/3967/3904
f 3590/3972/3909 3639/4049/3986 3638/4046/3983 3589/3969/3906
f 3577/3973/3910 3626/4050/3987 3625/4047/3984 3576/3970/3907
f 3604/3974/3911 3653/4051/3988 3652/4048/3985 3603/3971/3908
f 3591/3975/3912 3640/4052/3989 3639/4049/3986 3590/3972/3909
f 3578/3976/3913 3627/4053/3990 3626/4050/3987 3577/3973/3910
f 3605/3977/3914 3654/4054/3991 3653/4051/3988 3604/3974/3911
f 3592/3978/3915 3641/4055/3992 3640/4052/3989 3591/3975/3912
f 3579/3979/3916 3628/4056/3993 3627/4053/3990 3578/3976/3913
f 3606/3980/3917 3655/4057/3994 3654/4054/3991 3605/3977/3914
f 134/126/126 6003/4058/3995 6004/796/796 183/212/212
f 3593/3981/3918 3642/4059/3996 3641/4055/3992 3592/3978/3915
f 3580/3982/3919 3629/4011/3948 3628/4056/3993 3579/3979/3916
f 3607/3983/3920 3656/4013/3950 3655/4057/3994 3606/3980/3917
f 3567/3984/3921 3616/4015/3952 3615/2673/2673 3566/2676/2676
f 3594/3985/3922 3643/4017/3954 3642/4059/3996 3593/3981/3918
f 3636/4038/3975 3685/4060/3997 3684/4061/3998 3635/4034/3971
f 3663/2494/2494 3712/2497/2497 3711/4062/3999 3662/4035/3972
f 3623/4039/3976 3672/4063/4000 3671/4064/4001 3622/4036/3973
f 3650/4040/3977 3699/4065/4002 3698/4066/4003 3649/4037/3974
f 3637/4041/3978 3686/4067/4004 3685/4060/3997 3636/4038/3975
f 429/538/538 5889/1562/1562 5888/4068/4005 380/448/448
f 3624/4044/3981 3673/4069/4006 3672/4063/4000 3623/4039/3976
f 3651/4045/3982 3700/4070/4007 3699/4065/4002 3650/4040/3977
f 3638/4046/3983 3687/4071/4008 3686/4067/4004 3637/4041/3978
f 3625/4047/3984 3674/4072/4009 3673/4069/4006 3624/4044/3981
f 3652/4048/3985 3701/4073/4010 3700/4070/4007 3651/4045/3982
f 3639/4049/3986 3688/4074/4011 3687/4071/4008 3638/4046/3983
f 3626/4050/3987 3675/4075/4012 3674/4072/4009 3625/4047/3984
f 3653/4051/3988 3702/4076/4013 3701/4073/4010 3652/4048/3985
f 3640/4052/3989 3689/4077/4014 3688/4074/4011 3639/4049/3986
f 3627/4053/3990 3676/4078/4015 3675/4075/4012 3626/4050/3987
f 3654/4054/3991 3703/4079/4016 3702/4076/4013 3653/4051/3988
f 3641/4055/3992 3690/4080/4017 3689/4077/4014 3640/4052/3989
f 3628/4056/3993 3677/4081/4018 3676/4078/4015 3627/4053/3990
f 3655/4057/3994 3704/4082/4019 3703/4079/4016 3654/4054/3991
f 5722/651/651 6117/650/650 6118/909/909 5771/908/908
f 3642/4059/3996 3691/4083/4020 3690/4080/4017 3641/4055/3992
f 3629/4011/3948 3678/4084/4021 3677/4081/4018 3628/4056/3993
f 3656/4013/3950 3705/4085/4022 3704/4082/4019 3655/4057/3994
f 3616/4015/3952 3665/4086/4023 3664/2975/2975 3615/2673/2673
f 3643/4017/3954 3692/4087/4024 3691/4083/4020 3642/4059/3996
f 3630/4010/3947 3679/4088/4025 3678/4084/4021 3629/4011/3948
f 3657/4012/3949 3706/4089/4026 3705/4085/4022 3656/4013/3950
f 3617/4014/3951 3666/4090/4027 3665/4086/4023 3616/4015/3952
f 3644/4016/3953 3693/4091/4028 3692/4087/4024 3643/4017/3954
f 3631/4018/3955 3680/4092/4029 3679/4088/4025 3630/4010/3947
f 3658/4019/3956 3707/4093/4030 3706/4089/4026 3657/4012/3949
f 3618/4020/3957 3667/4094/4031 3666/4090/4027 3617/4014/3951
f 3645/4021/3958 3694/4095/4032 3693/4091/4028 3644/4016/3953
f 3632/4022/3959 3681/4096/4033 3680/4092/4029 3631/4018/3955
f 3659/4023/3960 3708/4097/4034 3707/4093/4030 3658/4019/3956
f 3619/4024/3961 3668/4098/4035 3667/4094/4031 3618/4020/3957
f 3646/4025/3962 3695/4099/4036 3694/4095/4032 3645/4021/3958
f 3633/4026/3963 3682/4100/4037 3681/4096/4033 3632/4022/3959
f 3660/4027/3964 3709/4101/4038 3708/4097/4034 3659/4023/3960
f 3620/4028/3965 3669/4102/4039 3668/4098/4035 3619/4024/3961
f 3647/4029/3966 3696/4103/4040 3695/4099/4036 3646/4025/3962
f 3634/4030/3967 3683/4104/4041 3682/4100/4037 3633/4026/3963
f 3661/4031/3968 3710/4105/4042 3709/4101/4038 3660/4027/3964
f 3621/4032/3969 3670/4106/4043 3669/4102/4039 3620/4028/3965
f 3648/4033/3970 3697/4107/4044 3696/4103/4040 3647/4029/3966
f 3635/4034/3971 3684/4061/3998 3683/4104/4041 3634/4030/3967
f 3662/4035/3972 3711/4062/3999 3710/4105/4042 3661/4031/3968
f 3622/4036/3973 3671/4064/4001 3670/4106/4043 3621/4032/3969
f 3649/4037/3974 3698/4066/4003 3697/4107/4044 3648/4033/3970
f 3678/4084/4021 3727/4108/4045 3726/4109/4046 3677/4081/4018
f 3705/4085/4022 3754/4110/4047 3753/4111/4048 3704/4082/4019
f 3665/4086/4023 3714/4112/4049 3713/1076/1076 3664/2975/2975
f 3692/4087/4024 3741/4113/4050 3740/4114/4051 3691/4083/4020
f 3679/4088/4025 3728/4115/4052 3727/4108/4045 3678/4084/4021
f 3706/4089/4026 3755/4116/4053 3754/4110/4047 3705/4085/4022
f 3666/4090/4027 3715/4117/4054 3714/4112/4049 3665/4086/4023
f 3693/4091/4028 3742/4118/4055 3741/4113/4050 3692/4087/4024
f 3680/4092/4029 3729/4119/4056 3728/4115/4052 3679/4088/4025
f 3707/4093/4030 3756/4120/4057 3755/4116/4053 3706/4089/4026
f 3667/4094/4031 3716/4121/4058 3715/4117/4054 3666/4090/4027
f 3694/4095/4032 3743/4122/4059 3742/4118/4055 3693/4091/4028
f 3681/4096/4033 3730/4123/4060 3729/4119/4056 3680/4092/4029
f 3708/4097/4034 3757/4124/4061 3756/4120/4057 3707/4093/4030
f 3668/4098/4035 3717/4125/4062 3716/4121/4058 3667/4094/4031
f 3695/4099/4036 3744/4126/4063 3743/4122/4059 3694/4095/4032
f 3682/4100/4037 3731/4127/4064 3730/4123/4060 3681/4096/4033
f 3709/4101/4038 3758/4128/4065 3757/4124/4061 3708/4097/4034
f 3669/4102/4039 3718/4129/4066 3717/4125/4062 3668/4098/4035
f 3696/4103/4040 3745/4130/4067 3744/4126/4063 3695/4099/4036
f 3683/4104/4041 3732/4131/4068 3731/4127/4064 3682/4100/4037
f 3710/4105/4042 3759/4132/4069 3758/4128/4065 3709/4101/4038
f 3670/4106/4043 3719/4133/4070 3718/4129/4066 3669/4102/4039
f 3697/4107/4044 3746/4134/4071 3745/4130/4067 3696/4103/4040
f 3684/4061/3998 3733/4135/4072 3732/4131/4068 3683/4104/4041
f 3711/4062/3999 3760/4136/4073 3759/4132/4069 3710/4105/4042
f 3671/4064/4001 3720/4137/4074 3719/4133/4070 3670/4106/4043
f 3698/4066/4003 3747/4138/4075 3746/4134/4071 3697/4107/4044
f 3685/4060/3997 3734/4139/4076 3733/4135/4072 3684/4061/3998
f 3712/2497/2497 3761/3226/3226 3760/4136/4073 3711/4062/3999
f 3672/4063/4000 3721/4140/4077 3720/4137/4074 3671/4064/4001
f 3699/4065/4002 3748/4141/4078 3747/4138/4075 3698/4066/4003
f 3686/4067/4004 3735/4142/4079 3734/4139/4076 3685/4060/3997
f 5184/1762/1762 5986/1761/1761 5985/749/749 5135/748/748
f 3673/4069/4006 3722/4143/4080 3721/4140/4077 3672/4063/4000
f 3700/4070/4007 3749/4144/4081 3748/4141/4078 3699/4065/4002
f 3687/4071/4008 3736/4145/4082 3735/4142/4079 3686/4067/4004
f 3674/4072/4009 3723/4146/4083 3722/4143/4080 3673/4069/4006
f 3701/4073/4010 3750/4147/4084 3749/4144/4081 3700/4070/4007
f 3688/4074/4011 3737/4148/4085 3736/4145/4082 3687/4071/4008
f 3675/4075/4012 3724/4149/4086 3723/4146/4083 3674/4072/4009
f 3702/4076/4013 3751/4150/4087 3750/4147/4084 3701/4073/4010
f 3689/4077/4014 3738/4151/4088 3737/4148/4085 3688/4074/4011
f 3676/4078/4015 3725/4152/4089 3724/4149/4086 3675/4075/4012
f 3703/4079/4016 3752/4153/4090 3751/4150/4087 3702/4076/4013
f 3690/4080/4017 3739/4154/4091 3738/4151/4088 3689/4077/4014
f 3677/4081/4018 3726/4109/4046 3725/4152/4089 3676/4078/4015
f 3704/4082/4019 3753/4111/4048 3752/4153/4090 3703/4079/4016
f 5232/269/269 6107/268/268 6108/1552/1552 5281/1551/1551
f 3691/4083/4020 3740/4114/4051 3739/4154/4091 3690/4080/4017
f 3733/4135/4072 3782/4155/4092 3781/4156/4093 3732/4131/4068
f 3760/4136/4073 3809/4157/4094 3808/4158/4095 3759/4132/4069
f 3720/4137/4074 3769/4159/4096 3768/4160/4097 3719/4133/4070
f 3747/4138/4075 3796/4161/4098 3795/4162/4099 3746/4134/4071
f 3734/4139/4076 3783/4163/4100 3782/4155/4092 3733/4135/4072
f 3761/3226/3226 3810/530/530 3809/4157/4094 3760/4136/4073
f 3721/4140/4077 3770/4164/4101 3769/4159/4096 3720/4137/4074
f 3748/4141/4078 3797/4165/4102 3796/4161/4098 3747/4138/4075
f 3735/4142/4079 3784/4166/4103 3783/4163/4100 3734/4139/4076
f 4841/633/633 5979/632/632 5978/4043/3980 4792/4042/3979
f 3722/4143/4080 3771/4167/4104 3770/4164/4101 3721/4140/4077
f 3749/4144/4081 3798/4168/4105 3797/4165/4102 3748/4141/4078
f 3736/4145/4082 3785/4169/4106 3784/4166/4103 3735/4142/4079
f 3723/4146/4083 3772/4170/4107 3771/4167/4104 3722/4143/4080
f 3750/4147/4084 3799/4171/4108 3798/4168/4105 3749/4144/4081
f 3737/4148/4085 3786/4172/4109 3785/4169/4106 3736/4145/4082
f 3724/4149/4086 3773/4173/4110 3772/4170/4107 3723/4146/4083
f 3751/4150/4087 3800/4174/4111 3799/4171/4108 3750/4147/4084
f 3738/4151/4088 3787/4175/4112 3786/4172/4109 3737/4148/4085
f 3725/4152/4089 3774/4176/4113 3773/4173/4110 3724/4149/4086
f 3752/4153/4090 3801/4177/4114 3800/4174/4111 3751/4150/4087
f 3739/4154/4091 3788/4178/4115 3787/4175/4112 3738/4151/4088
f 3726/4109/4046 3775/4179/4116 3774/4176/4113 3725/4152/4089
f 3753/4111/4048 3802/4180/4117 3801/4177/4114 3752/4153/4090
f 3516/682/682 6072/681/681 6073/1210/1210 3565/1209/1209
f 3740/4114/4051 3789/4181/4118 3788/4178/4115 3739/4154/4091
f 3727/4108/4045 3776/4182/4119 3775/4179/4116 3726/4109/4046
f 3754/4110/4047 3803/4183/4120 3802/4180/4117 3753/4111/4048
f 3714/4112/4049 3763/4184/4121 3762/1073/1073 3713/1076/1076
f 3741/4113/4050 3790/4185/4122 3789/4181/4118 3740/4114/4051
f 3728/4115/4052 3777/4186/4123 3776/4182/4119 3727/4108/4045
f 3755/4116/4053 3804/4187/4124 3803/4183/4120 3754/4110/4047
f 3715/4117/4054 3764/4188/4125 3763/4184/4121 3714/4112/4049
f 3742/4118/4055 3791/4189/4126 3790/4185/4122 3741/4113/4050
f 3729/4119/4056 3778/4190/4127 3777/4186/4123 3728/4115/4052
f 3756/4120/4057 3805/4191/4128 3804/4187/4124 3755/4116/4053
f 3716/4121/4058 3765/4192/4129 3764/4188/4125 3715/4117/4054
f 3743/4122/4059 3792/4193/4130 3791/4189/4126 3742/4118/4055
f 3730/4123/4060 3779/4194/4131 3778/4190/4127 3729/4119/4056
f 3757/4124/4061 3806/4195/4132 3805/4191/4128 3756/4120/4057
f 3717/4125/4062 3766/4196/4133 3765/4192/4129 3716/4121/4058
f 3744/4126/4063 3793/4197/4134 3792/4193/4130 3743/4122/4059
f 3731/4127/4064 3780/4198/4135 3779/4194/4131 3730/4123/4060
f 3758/4128/4065 3807/4199/4136 3806/4195/4132 3757/4124/4061
f 3718/4129/4066 3767/4200/4137 3766/4196/4133 3717/4125/4062
f 3745/4130/4067 3794/4201/4138 3793/4197/4134 3744/4126/4063
f 3732/4131/4068 3781/4156/4093 3780/4198/4135 3731/4127/4064
f 3759/4132/4069 3808/4158/4095 3807/4199/4136 3758/4128/4065
f 3719/4133/4070 3768/4160/4097 3767/4200/4137 3718/4129/4066
f 3746/4134/4071 3795/4162/4099 3794/4201/4138 3745/4130/4067
f 3775/4179/4116 3824/4202/4139 3823/4203/4140 3774/4176/4113
f 3802/4180/4117 3851/4204/4141 3850/4205/4142 3801/4177/4114
f 2927/106/106 6060/105/105 6061/4206/1807 2976/3309/1806
f 3789/4181/4118 3838/4207/4143 3837/4208/4144 3788/4178/4115
f 3776/4182/4119 3825/4209/4145 3824/4202/4139 3775/4179/4116
f 3803/4183/4120 3852/4210/4146 3851/4204/4141 3802/4180/4117
f 3763/4184/4121 3812/4211/4147 3811/2114/2114 3762/1073/1073
f 3790/4185/4122 3839/4212/4148 3838/4207/4143 3789/4181/4118
f 3777/4186/4123 3826/4213/4149 3825/4209/4145 3776/4182/4119
f 3804/4187/4124 3853/4214/4150 3852/4210/4146 3803/4183/4120
f 3764/4188/4125 3813/4215/4151 3812/4211/4147 3763/4184/4121
f 3791/4189/4126 3840/4216/4152 3839/4212/4148 3790/4185/4122
f 3778/4190/4127 3827/4217/4153 3826/4213/4149 3777/4186/4123
f 3805/4191/4128 3854/4218/4154 3853/4214/4150 3804/4187/4124
f 3765/4192/4129 3814/4219/4155 3813/4215/4151 3764/4188/4125
f 3792/4193/4130 3841/4220/4156 3840/4216/4152 3791/4189/4126
f 3779/4194/4131 3828/4221/4157 3827/4217/4153 3778/4190/4127
f 3806/4195/4132 3855/4222/4158 3854/4218/4154 3805/4191/4128
f 3766/4196/4133 3815/4223/4159 3814/4219/4155 3765/4192/4129
f 3793/4197/4134 3842/4224/4160 3841/4220/4156 3792/4193/4130
f 3780/4198/4135 3829/4225/4161 3828/4221/4157 3779/4194/4131
f 3807/4199/4136 3856/4226/4162 3855/4222/4158 3806/4195/4132
f 3767/4200/4137 3816/4227/4163 3815/4223/4159 3766/4196/4133
f 3794/4201/4138 3843/4228/4164 3842/4224/4160 3793/4197/4134
f 3781/4156/4093 3830/4229/4165 3829/4225/4161 3780/4198/4135
f 3808/4158/4095 3857/4230/4166 3856/4226/4162 3807/4199/4136
f 3768/4160/4097 3817/4231/4167 3816/4227/4163 3767/4200/4137
f 3795/4162/4099 3844/4232/4168 3843/4228/4164 3794/4201/4138
f 3782/4155/4092 3831/4233/4169 3830/4229/4165 3781/4156/4093
f 3809/4157/4094 3858/4234/4170 3857/4230/4166 3808/4158/4095
f 3769/4159/4096 3818/4235/4171 3817/4231/4167 3768/4160/4097
f 3796/4161/4098 3845/4236/4172 3844/4232/4168 3795/4162/4099
f 3783/4163/4100 3832/4237/4173 3831/4233/4169 3782/4155/4092
f 3810/530/530 3859/533/533 3858/4234/4170 3809/4157/4094
f 3770/4164/4101 3819/4238/4174 3818/4235/4171 3769/4159/4096
f 3797/4165/4102 3846/4239/4175 3845/4236/4172 3796/4161/4098
f 3784/4166/4103 3833/4240/4176 3832/4237/4173 3783/4163/4100
f 2536/1536/1536 5932/1535/1535 5931/602/602 2487/601/601
f 3771/4167/4104 3820/4241/4177 3819/4238/4174 3770/4164/4101
f 3798/4168/4105 3847/4242/4178 3846/4239/4175 3797/4165/4102
f 3785/4169/4106 3834/4243/4179 3833/4240/4176 3784/4166/4103
f 3772/4170/4107 3821/4244/4180 3820/4241/4177 3771/4167/4104
f 3799/4171/4108 3848/4245/4181 3847/4242/4178 3798/4168/4105
f 3786/4172/4109 3835/4246/4182 3834/4243/4179 3785/4169/4106
f 3773/4173/4110 3822/4247/4183 3821/4244/4180 3772/4170/4107
f 3800/4174/4111 3849/4248/4184 3848/4245/4181 3799/4171/4108
f 3787/4175/4112 3836/4249/4185 3835/4246/4182 3786/4172/4109
f 3774/4176/4113 3823/4203/4140 3822/4247/4183 3773/4173/4110
f 3801/4177/4114 3850/4205/4142 3849/4248/4184 3800/4174/4111
f 3788/4178/4115 3837/4208/4144 3836/4249/4185 3787/4175/4112
f 3830/4229/4165 3879/4250/4186 3878/4251/4187 3829/4225/4161
f 3857/4230/4166 3906/4252/4188 3905/4253/4189 3856/4226/4162
f 3817/4231/4167 3866/4254/4190 3865/4255/4191 3816/4227/4163
f 3844/4232/4168 3893/4256/4192 3892/4257/4193 3843/4228/4164
f 3831/4233/4169 3880/4258/4194 3879/4250/4186 3830/4229/4165
f 3858/4234/4170 3907/4259/4195 3906/4252/4188 3857/4230/4166
f 3818/4235/4171 3867/4260/4196 3866/4254/4190 3817/4231/4167
f 3845/4236/4172 3894/4261/4197 3893/4256/4192 3844/4232/4168
f 3832/4237/4173 3881/4262/4198 3880/4258/4194 3831/4233/4169
f 3859/533/533 3908/1580/1580 3907/4259/4195 3858/4234/4170
f 3819/4238/4174 3868/4263/4199 3867/4260/4196 3818/4235/4171
f 3846/4239/4175 3895/4264/4200 3894/4261/4197 3845/4236/4172
f 3833/4240/4176 3882/4265/4201 3881/4262/4198 3832/4237/4173
f 3223/3633/3570 5946/4266/4202 5945/1278/1278 3173/1277/1277
f 3820/4241/4177 3869/4267/4203 3868/4263/4199 3819/4238/4174
f 3847/4242/4178 3896/4268/4204 3895/4264/4200 3846/4239/4175
f 3834/4243/4179 3883/4269/4205 3882/4265/4201 3833/4240/4176
f 3821/4244/4180 3870/4270/4206 3869/4267/4203 3820/4241/4177
f 3848/4245/4181 3897/4271/4207 3896/4268/4204 3847/4242/4178
f 3835/4246/4182 3884/4272/4208 3883/4269/4205 3834/4243/4179
f 3822/4247/4183 3871/4273/4209 3870/4270/4206 3821/4244/4180
f 3849/4248/4184 3898/4274/4210 3897/4271/4207 3848/4245/4181
f 3836/4249/4185 3885/4275/4211 3884/4272/4208 3835/4246/4182
f 3823/4203/4140 3872/4276/4212 3871/4273/4209 3822/4247/4183
f 3850/4205/4142 3899/4277/4213 3898/4274/4210 3849/4248/4184
f 3837/4208/4144 3886/4278/4214 3885/4275/4211 3836/4249/4185
f 3824/4202/4139 3873/4279/4215 3872/4276/4212 3823/4203/4140
f 3851/4204/4141 3900/4280/4216 3899/4277/4213 3850/4205/4142
f 5575/4281/4217 6114/4282/4218 6115/2607/2607 5624/2606/2606
f 3838/4207/4143 3887/4283/4219 3886/4278/4214 3837/4208/4144
f 3825/4209/4145 3874/4284/4220 3873/4279/4215 3824/4202/4139
f 3852/4210/4146 3901/4285/4221 3900/4280/4216 3851/4204/4141
f 3812/4211/4147 3861/4286/4222 3860/2111/2111 3811/2114/2114
f 3839/4212/4148 3888/4287/4223 3887/4283/4219 3838/4207/4143
f 3826/4213/4149 3875/4288/4224 3874/4284/4220 3825/4209/4145
f 3853/4214/4150 3902/4289/4225 3901/4285/4221 3852/4210/4146
f 3813/4215/4151 3862/4290/4226 3861/4286/4222 3812/4211/4147
f 3840/4216/4152 3889/4291/4227 3888/4287/4223 3839/4212/4148
f 3827/4217/4153 3876/4292/4228 3875/4288/4224 3826/4213/4149
f 3854/4218/4154 3903/4293/4229 3902/4289/4225 3853/4214/4150
f 3814/4219/4155 3863/4294/4230 3862/4290/4226 3813/4215/4151
f 3841/4220/4156 3890/4295/4231 3889/4291/4227 3840/4216/4152
f 3828/4221/4157 3877/4296/4232 3876/4292/4228 3827/4217/4153
f 3855/4222/4158 3904/4297/4233 3903/4293/4229 3854/4218/4154
f 3815/4223/4159 3864/4298/4234 3863/4294/4230 3814/4219/4155
f 3842/4224/4160 3891/4299/4235 3890/4295/4231 3841/4220/4156
f 3829/4225/4161 3878/4251/4187 3877/4296/4232 3828/4221/4157
f 3856/4226/4162 3905/4253/4189 3904/4297/4233 3855/4222/4158
f 3816/4227/4163 3865/4255/4191 3864/4298/4234 3815/4223/4159
f 3843/4228/4164 3892/4257/4193 3891/4299/4235 3842/4224/4160
f 3872/4276/4212 3921/4300/4236 3920/4301/4237 3871/4273/4209
f 3899/4277/4213 3948/4302/4238 3947/4303/4239 3898/4274/4210
f 3886/4278/4214 3935/4304/4240 3934/4305/4241 3885/4275/4211
f 3873/4279/4215 3922/4306/4242 3921/4300/4236 3872/4276/4212
f 3900/4280/4216 3949/4307/4243 3948/4302/4238 3899/4277/4213
f 2584/2865/2865 6053/3629/3566 6054/1122/1122 2633/1121/1121
f 3887/4283/4219 3936/4308/4244 3935/4304/4240 3886/4278/4214
f 3874/4284/4220 3923/4309/4245 3922/4306/4242 3873/4279/4215
f 3901/4285/4221 3950/4310/4246 3949/4307/4243 3900/4280/4216
f 3861/4286/4222 3910/4311/4247 3909/2870/2870 3860/2111/2111
f 3888/4287/4223 3937/4312/4248 3936/4308/4244 3887/4283/4219
f 3875/4288/4224 3924/4313/4249 3923/4309/4245 3874/4284/4220
f 3902/4289/4225 3951/4314/4250 3950/4310/4246 3901/4285/4221
f 3862/4290/4226 3911/4315/4251 3910/4311/4247 3861/4286/4222
f 3889/4291/4227 3938/4316/4252 3937/4312/4248 3888/4287/4223
f 3876/4292/4228 3925/4317/4253 3924/4313/4249 3875/4288/4224
f 3903/4293/4229 3952/4318/4254 3951/4314/4250 3902/4289/4225
f 3863/4294/4230 3912/4319/4255 3911/4315/4251 3862/4290/4226
f 3890/4295/4231 3939/4320/4256 3938/4316/4252 3889/4291/4227
f 3877/4296/4232 3926/4321/4257 3925/4317/4253 3876/4292/4228
f 3904/4297/4233 3953/4322/4258 3952/4318/4254 3903/4293/4229
f 3864/4298/4234 3913/4323/4259 3912/4319/4255 3863/4294/4230
f 3891/4299/4235 3940/4324/4260 3939/4320/4256 3890/4295/4231
f 3878/4251/4187 3927/4325/4261 3926/4321/4257 3877/4296/4232
f 3905/4253/4189 3954/4326/4262 3953/4322/4258 3904/4297/4233
f 3865/4255/4191 3914/4327/4263 3913/4323/4259 3864/4298/4234
f 3892/4257/4193 3941/4328/4264 3940/4324/4260 3891/4299/4235
f 3879/4250/4186 3928/4329/4265 3927/4325/4261 3878/4251/4187
f 3906/4252/4188 3955/4330/4266 3954/4326/4262 3905/4253/4189
f 3866/4254/4190 3915/4331/4267 3914/4327/4263 3865/4255/4191
f 3893/4256/4192 3942/4332/4268 3941/4328/4264 3892/4257/4193
f 3880/4258/4194 3929/4333/4269 3928/4329/4265 3879/4250/4186
f 3907/4259/4195 3956/4334/4270 3955/4330/4266 3906/4252/4188
f 3867/4260/4196 3916/4335/4271 3915/4331/4267 3866/4254/4190
f 3894/4261/4197 3943/4336/4272 3942/4332/4268 3893/4256/4192
f 3881/4262/4198 3930/4337/4273 3929/4333/4269 3880/4258/4194
f 3908/1580/1580 3957/1583/1583 3956/4334/4270 3907/4259/4195
f 3868/4263/4199 3917/4338/4274 3916/4335/4271 3867/4260/4196
f 3895/4264/4200 3944/4339/4275 3943/4336/4272 3894/4261/4197
f 3882/4265/4201 3931/4340/4276 3930/4337/4273 3881/4262/4198
f 772/916/916 5896/1649/1649 5895/719/719 723/718/718
f 3869/4267/4203 3918/4341/4277 3917/4338/4274 3868/4263/4199
f 3896/4268/4204 3945/4342/4278 3944/4339/4275 3895/4264/4200
f 3883/4269/4205 3932/4343/4279 3931/4340/4276 3882/4265/4201
f 3870/4270/4206 3919/4344/4280 3918/4341/4277 3869/4267/4203
f 3897/4271/4207 3946/4345/4281 3945/4342/4278 3896/4268/4204
f 3884/4272/4208 3933/4346/4282 3932/4343/4279 3883/4269/4205
f 3871/4273/4209 3920/4301/4237 3919/4344/4280 3870/4270/4206
f 3898/4274/4210 3947/4303/4239 3946/4345/4281 3897/4271/4207
f 3885/4275/4211 3934/4305/4241 3933/4346/4282 3884/4272/4208
f 3927/4325/4261 3976/4347/4283 3975/4348/4284 3926/4321/4257
f 3954/4326/4262 4003/4349/4285 4002/4350/4286 3953/4322/4258
f 3914/4327/4263 3963/4351/4287 3962/4352/4288 3913/4323/4259
f 3941/4328/4264 3990/4353/4289 3989/4354/4290 3940/4324/4260
f 3928/4329/4265 3977/4355/4291 3976/4347/4283 3927/4325/4261
f 3955/4330/4266 4004/4356/4292 4003/4349/4285 3954/4326/4262
f 3915/4331/4267 3964/4357/4293 3963/4351/4287 3914/4327/4263
f 3942/4332/4268 3991/4358/4294 3990/4353/4289 3941/4328/4264
f 3929/4333/4269 3978/4359/4295 3977/4355/4291 3928/4329/4265
f 3956/4334/4270 4005/4360/4296 4004/4356/4292 3955/4330/4266
f 3916/4335/4271 3965/4361/4297 3964/4357/4293 3915/4331/4267
f 3943/4336/4272 3992/4362/4298 3991/4358/4294 3942/4332/4268
f 3930/4337/4273 3979/4363/4299 3978/4359/4295 3929/4333/4269
f 3957/1583/1583 4006/2466/2466 4005/4360/4296 3956/4334/4270
f 3917/4338/4274 3966/4364/4300 3965/4361/4297 3916/4335/4271
f 3944/4339/4275 3993/4365/4301 3992/4362/4298 3943/4336/4272
f 3931/4340/4276 3980/4366/4302 3979/4363/4299 3930/4337/4273
f 5674/1680/1680 5996/1679/1679 5995/4367/4303 5625/4368/4304
f 3918/4341/4277 3967/4369/4305 3966/4364/4300 3917/4338/4274
f 3945/4342/4278 3994/4370/4306 3993/4365/4301 3944/4339/4275
f 3932/4343/4279 3981/4371/4307 3980/4366/4302 3931/4340/4276
f 3919/4344/4280 3968/4372/4308 3967/4369/4305 3918/4341/4277
f 3946/4345/4281 3995/4373/4309 3994/4370/4306 3945/4342/4278
f 3933/4346/4282 3982/4374/4310 3981/4371/4307 3932/4343/4279
f 3920/4301/4237 3969/4375/4311 3968/4372/4308 3919/4344/4280
f 3947/4303/4239 3996/4376/4312 3995/4373/4309 3946/4345/4281
f 3934/4305/4241 3983/4377/4313 3982/4374/4310 3933/4346/4282
f 3921/4300/4236 3970/4378/4314 3969/4375/4311 3920/4301/4237
f 3948/4302/4238 3997/4379/4315 3996/4376/4312 3947/4303/4239
f 3935/4304/4240 3984/4380/4316 3983/4377/4313 3934/4305/4241
f 3922/4306/4242 3971/4381/4317 3970/4378/4314 3921/4300/4236
f 3949/4307/4243 3998/4382/4318 3997/4379/4315 3948/4302/4238
f 3859/533/533 6079/532/532 6080/1581/1581 3908/1580/1580
f 3936/4308/4244 3985/4383/4319 3984/4380/4316 3935/4304/4240
f 3923/4309/4245 3972/4384/4320 3971/4381/4317 3922/4306/4242
f 3950/4310/4246 3999/4385/4321 3998/4382/4318 3949/4307/4243
f 3910/4311/4247 3959/4386/4322 3958/78/78 3909/2870/2870
f 3937/4312/4248 3986/4387/4323 3985/4383/4319 3936/4308/4244
f 3924/4313/4249 3973/4388/4324 3972/4384/4320 3923/4309/4245
f 3951/4314/4250 4000/4389/4325 3999/4385/4321 3950/4310/4246
f 3911/4315/4251 3960/4390/4326 3959/4386/4322 3910/4311/4247
f 3938/4316/4252 3987/4391/4327 3986/4387/4323 3937/4312/4248
f 3925/4317/4253 3974/4392/4328 3973/4388/4324 3924/4313/4249
f 3952/4318/4254 4001/4393/4329 4000/4389/4325 3951/4314/4250
f 3912/4319/4255 3961/4394/4330 3960/4390/4326 3911/4315/4251
f 3939/4320/4256 3988/4395/4331 3987/4391/4327 3938/4316/4252
f 3926/4321/4257 3975/4348/4284 3974/4392/4328 3925/4317/4253
f 3953/4322/4258 4002/4350/4286 4001/4393/4329 3952/4318/4254
f 3913/4323/4259 3962/4352/4288 3961/4394/4330 3912/4319/4255
f 3940/4324/4260 3989/4354/4290 3988/4395/4331 3939/4320/4256
f 3969/4375/4311 4018/4396/4332 4017/4397/4333 3968/4372/4308
f 3996/4376/4312 4045/4398/4334 4044/4399/4335 3995/4373/4309
f 3983/4377/4313 4032/4400/4336 4031/4401/4337 3982/4374/4310
f 3970/4378/4314 4019/4402/4338 4018/4396/4332 3969/4375/4311
f 3997/4379/4315 4046/4403/4339 4045/4398/4334 3996/4376/4312
f 3984/4380/4316 4033/4404/4340 4032/4400/4336 3983/4377/4313
f 3971/4381/4317 4020/4405/4341 4019/4402/4338 3970/4378/4314
f 3998/4382/4318 4047/4406/4342 4046/4403/4339 3997/4379/4315
f 3221/3500/3437 6066/3499/3436 6067/1240/1240 3271/1239/1239
f 3985/4383/4319 4034/4407/4343 4033/4404/4340 3984/4380/4316
f 3972/4384/4320 4021/4408/4344 4020/4405/4341 3971/4381/4317
f 3999/4385/4321 4048/4409/4345 4047/4406/4342 3998/4382/4318
f 3959/4386/4322 4008/4410/4346 4007/75/75 3958/78/78
f 3986/4387/4323 4035/4411/4347 4034/4407/4343 3985/4383/4319
f 3973/4388/4324 4022/4412/4348 4021/4408/4344 3972/4384/4320
f 4000/4389/4325 4049/4413/4349 4048/4409/4345 3999/4385/4321
f 3960/4390/4326 4009/4414/4350 4008/4410/4346 3959/4386/4322
f 3987/4391/4327 4036/4415/4351 4035/4411/4347 3986/4387/4323
f 3974/4392/4328 4023/4416/4352 4022/4412/4348 3973/4388/4324
f 4001/4393/4329 4050/4417/4353 4049/4413/4349 4000/4389/4325
f 3961/4394/4330 4010/4418/4354 4009/4414/4350 3960/4390/4326
f 3988/4395/4331 4037/4419/4355 4036/4415/4351 3987/4391/4327
f 3975/4348/4284 4024/4420/4356 4023/4416/4352 3974/4392/4328
f 4002/4350/4286 4051/4421/4357 4050/4417/4353 4001/4393/4329
f 3962/4352/4288 4011/4422/4358 4010/4418/4354 3961/4394/4330
f 3989/4354/4290 4038/4423/4359 4037/4419/4355 3988/4395/4331
f 3976/4347/4283 4025/4424/4360 4024/4420/4356 3975/4348/4284
f 4003/4349/4285 4052/4425/4361 4051/4421/4357 4002/4350/4286
f 3963/4351/4287 4012/4426/4362 4011/4422/4358 3962/4352/4288
f 3990/4353/4289 4039/4427/4363 4038/4423/4359 3989/4354/4290
f 3977/4355/4291 4026/4428/4364 4025/4424/4360 3976/4347/4283
f 4004/4356/4292 4053/4429/4365 4052/4425/4361 4003/4349/4285
f 3964/4357/4293 4013/4430/4366 4012/4426/4362 3963/4351/4287
f 3991/4358/4294 4040/4431/4367 4039/4427/4363 3990/4353/4289
f 3978/4359/4295 4027/4432/4368 4026/4428/4364 3977/4355/4291
f 4005/4360/4296 4054/4433/4369 4053/4429/4365 4004/4356/4292
f 3965/4361/4297 4014/4434/4370 4013/4430/4366 3964/4357/4293
f 3992/4362/4298 4041/4435/4371 4040/4431/4367 3991/4358/4294
f 3979/4363/4299 4028/4436/4372 4027/4432/4368 3978/4359/4295
f 4006/2466/2466 4055/2469/2469 4054/4433/4369 4005/4360/4296
f 3966/4364/4300 4015/4437/4373 4014/4434/4370 3965/4361/4297
f 3993/4365/4301 4042/4438/4374 4041/4435/4371 3992/4362/4298
f 3980/4366/4302 4029/4439/4375 4028/4436/4372 3979/4363/4299
f 3664/2975/2975 5955/2974/2974 5954/2674/2674 3615/2673/2673
f 3967/4369/4305 4016/4440/4376 4015/4437/4373 3966/4364/4300
f 3994/4370/4306 4043/4441/4377 4042/4438/4374 3993/4365/4301
f 3981/4371/4307 4030/4442/4378 4029/4439/4375 3980/4366/4302
f 3968/4372/4308 4017/4397/4333 4016/4440/4376 3967/4369/4305
f 3995/4373/4309 4044/4399/4335 4043/4441/4377 3994/4370/4306
f 3982/4374/4310 4031/4401/4337 4030/4442/4378 3981/4371/4307
f 4030/4442/4378 4080/4443/4379 4079/4444/4380 4029/4439/4375
f 4017/4397/4333 4067/4445/4381 4066/4446/4382 4016/4440/4376
f 4044/4399/4335 4094/4447/4383 4093/4448/4384 4043/4441/4377
f 4031/4401/4337 4081/4449/4385 4080/4443/4379 4030/4442/4378
f 4018/4396/4332 4068/4450/4386 4067/4445/4381 4017/4397/4333
f 4045/4398/4334 4095/4451/4387 4094/4447/4383 4044/4399/4335
f 4032/4400/4336 4082/4452/4388 4081/4449/4385 4031/4401/4337
f 4019/4402/4338 4069/4453/4389 4068/4450/4386 4018/4396/4332
f 4046/4403/4339 4096/4454/4390 4095/4451/4387 4045/4398/4334
f 4033/4404/4340 4083/4455/4391 4082/4452/4388 4032/4400/4336
f 4020/4405/4341 4070/4456/4392 4069/4453/4389 4019/4402/4338
f 4047/4406/4342 4097/4457/4393 4096/4454/4390 4046/4403/4339
f 967/387/387 6020/386/386 6021/1437/1437 1016/1157/1157
f 4034/4407/4343 4084/4458/4394 4083/4455/4391 4033/4404/4340
f 4021/4408/4344 4071/4459/4395 4070/4456/4392 4020/4405/4341
f 4048/4409/4345 4098/4460/4396 4097/4457/4393 4047/4406/4342
f 4008/4410/4346 4058/4461/4397 4057/396/396 4007/75/75
f 4035/4411/4347 4085/4462/4398 4084/4458/4394 4034/4407/4343
f 4022/4412/4348 4072/4463/4399 4071/4459/4395 4021/4408/4344
f 4049/4413/4349 4099/4464/4400 4098/4460/4396 4048/4409/4345
f 4009/4414/4350 4059/4465/4401 4058/4461/4397 4008/4410/4346
f 4036/4415/4351 4086/4466/4402 4085/4462/4398 4035/4411/4347
f 4023/4416/4352 4073/4467/4403 4072/4463/4399 4022/4412/4348
f 4050/4417/4353 4100/4468/4404 4099/4464/4400 4049/4413/4349
f 4010/4418/4354 4060/4469/4405 4059/4465/4401 4009/4414/4350
f 4037/4419/4355 4087/4470/4406 4086/4466/4402 4036/4415/4351
f 4024/4420/4356 4074/4471/4407 4073/4467/4403 4023/4416/4352
f 4051/4421/4357 4101/4472/4408 4100/4468/4404 4050/4417/4353
f 4011/4422/4358 4061/4473/4409 4060/4469/4405 4010/4418/4354
f 4038/4423/4359 4088/4474/4410 4087/4470/4406 4037/4419/4355
f 4025/4424/4360 4075/4475/4411 4074/4471/4407 4024/4420/4356
f 4052/4425/4361 4102/4476/4412 4101/4472/4408 4051/4421/4357
f 4012/4426/4362 4062/4477/4413 4061/4473/4409 4011/4422/4358
f 4039/4427/4363 4089/4478/4414 4088/4474/4410 4038/4423/4359
f 4026/4428/4364 4076/4479/4415 4075/4475/4411 4025/4424/4360
f 4053/4429/4365 4103/4480/4416 4102/4476/4412 4052/4425/4361
f 4013/4430/4366 4063/4481/4417 4062/4477/4413 4012/4426/4362
f 4040/4431/4367 4090/4482/4418 4089/4478/4414 4039/4427/4363
f 4027/4432/4368 4077/4483/4419 4076/4479/4415 4026/4428/4364
f 4054/4433/4369 4104/4484/4420 4103/4480/4416 4053/4429/4365
f 4014/4434/4370 4064/4485/4421 4063/4481/4417 4013/4430/4366
f 4041/4435/4371 4091/4486/4422 4090/4482/4418 4040/4431/4367
f 4028/4436/4372 4078/4487/4423 4077/4483/4419 4027/4432/4368
f 4055/2469/2469 4105/2717/2717 4104/4484/4420 4054/4433/4369
f 4015/4437/4373 4065/4488/4424 4064/4485/4421 4014/4434/4370
f 4042/4438/4374 4092/4489/4425 4091/4486/4422 4041/4435/4371
f 4029/4439/4375 4079/4444/4380 4078/4487/4423 4028/4436/4372
f 1997/2279/2279 5921/3713/3650 5920/2841/2841 1948/2248/2248
f 4016/4440/4376 4066/4446/4382 4065/4488/4424 4015/4437/4373
f 4043/4441/4377 4093/4448/4384 4092/4489/4425 4042/4438/4374
f 4086/4466/4402 4135/4490/4426 4134/4491/4427 4085/4462/4398
f 4073/4467/4403 4122/4492/4428 4121/4493/4429 4072/4463/4399
f 4100/4468/4404 4149/4494/4430 4148/4495/4431 4099/4464/4400
f 4060/4469/4405 4109/4496/4432 4108/4497/4433 4059/4465/4401
f 4087/4470/4406 4136/4498/4434 4135/4490/4426 4086/4466/4402
f 4074/4471/4407 4123/4499/4435 4122/4492/4428 4073/4467/4403
f 4101/4472/4408 4150/4500/4436 4149/4494/4430 4100/4468/4404
f 4061/4473/4409 4110/4501/4437 4109/4496/4432 4060/4469/4405
f 4088/4474/4410 4137/4502/4438 4136/4498/4434 4087/4470/4406
f 4075/4475/4411 4124/4503/4439 4123/4499/4435 4074/4471/4407
f 4102/4476/4412 4151/4504/4440 4150/4500/4436 4101/4472/4408
f 4062/4477/4413 4111/4505/4441 4110/4501/4437 4061/4473/4409
f 4089/4478/4414 4138/4506/4442 4137/4502/4438 4088/4474/4410
f 4076/4479/4415 4125/4507/4443 4124/4503/4439 4075/4475/4411
f 4103/4480/4416 4152/4508/4444 4151/4504/4440 4102/4476/4412
f 4063/4481/4417 4112/4509/4445 4111/4505/4441 4062/4477/4413
f 4090/4482/4418 4139/4510/4446 4138/4506/4442 4089/4478/4414
f 4077/4483/4419 4126/4511/4447 4125/4507/4443 4076/4479/4415
f 4104/4484/4420 4153/4512/4448 4152/4508/4444 4103/4480/4416
f 4064/4485/4421 4113/4513/4449 4112/4509/4445 4063/4481/4417
f 4091/4486/4422 4140/4514/4450 4139/4510/4446 4090/4482/4418
f 4078/4487/4423 4127/4515/4451 4126/4511/4447 4077/4483/4419
f 4105/2717/2717 4154/3340/3306 4153/4512/4448 4104/4484/4420
f 4065/4488/4424 4114/4516/4452 4113/4513/4449 4064/4485/4421
f 4092/4489/4425 4141/4517/4453 4140/4514/4450 4091/4486/4422
f 4079/4444/4380 4128/4518/4454 4127/4515/4451 4078/4487/4423
f 3468/1791/1791 5951/1790/1790 5950/833/833 3419/832/832
f 4066/4446/4382 4115/4519/4455 4114/4516/4452 4065/4488/4424
f 4093/4448/4384 4142/4520/4456 4141/4517/4453 4092/4489/4425
f 4080/4443/4379 4129/4521/4457 4128/4518/4454 4079/4444/4380
f 4067/4445/4381 4116/4522/4458 4115/4519/4455 4066/4446/4382
f 4094/4447/4383 4143/4523/4459 4142/4520/4456 4093/4448/4384
f 4081/4449/4385 4130/4524/4460 4129/4521/4457 4080/4443/4379
f 4068/4450/4386 4117/4525/4461 4116/4522/4458 4067/4445/4381
f 4095/4451/4387 4144/4526/4462 4143/4523/4459 4094/4447/4383
f 4082/4452/4388 4131/4527/4463 4130/4524/4460 4081/4449/4385
f 4069/4453/4389 4118/4528/4464 4117/4525/4461 4068/4450/4386
f 4096/4454/4390 4145/4529/4465 4144/4526/4462 4095/4451/4387
f 4083/4455/4391 4132/4530/4466 4131/4527/4463 4082/4452/4388
f 4070/4456/4392 4119/4531/4467 4118/4528/4464 4069/4453/4389
f 4097/4457/4393 4146/4532/4468 4145/4529/4465 4096/4454/4390
f 1310/999/999 6027/998/998 6028/1695/1695 1359/1529/1529
f 4084/4458/4394 4133/4533/4469 4132/4530/4466 4083/4455/4391
f 4071/4459/4395 4120/4534/4470 4119/4531/4467 4070/4456/4392
f 4098/4460/4396 4147/4535/4471 4146/4532/4468 4097/4457/4393
f 4058/4461/4397 4107/4536/4472 4106/1311/1311 4057/396/396
f 4085/4462/4398 4134/4491/4427 4133/4533/4469 4084/4458/4394
f 4072/4463/4399 4121/4493/4429 4120/4534/4470 4071/4459/4395
f 4099/4464/4400 4148/4495/4431 4147/4535/4471 4098/4460/4396
f 4059/4465/4401 4108/4497/4433 4107/4536/4472 4058/4461/4397
f 4128/4518/4454 4177/4537/4473 4176/4538/4474 4127/4515/4451
f 3811/2114/2114 5958/2113/2113 5957/1074/1074 3762/1073/1073
f 4115/4519/4455 4164/4539/4475 4163/4540/4476 4114/4516/4452
f 4142/4520/4456 4191/4541/4477 4190/4542/4478 4141/4517/4453
f 4129/4521/4457 4178/4543/4479 4177/4537/4473 4128/4518/4454
f 4116/4522/4458 4165/4544/4480 4164/4539/4475 4115/4519/4455
f 4143/4523/4459 4192/4545/4481 4191/4541/4477 4142/4520/4456
f 4130/4524/4460 4179/4546/4482 4178/4543/4479 4129/4521/4457
f 4117/4525/4461 4166/4547/4483 4165/4544/4480 4116/4522/4458
f 4144/4526/4462 4193/4548/4484 4192/4545/4481 4143/4523/4459
f 4131/4527/4463 4180/4549/4485 4179/4546/4482 4130/4524/4460
f 4118/4528/4464 4167/4550/4486 4166/4547/4483 4117/4525/4461
f 4145/4529/4465 4194/4551/4487 4193/4548/4484 4144/4526/4462
f 4132/4530/4466 4181/4552/4488 4180/4549/4485 4131/4527/4463
f 4119/4531/4467 4168/4553/4489 4167/4550/4486 4118/4528/4464
f 4146/4532/4468 4195/4554/4490 4194/4551/4487 4145/4529/4465
f 1849/180/180 6038/179/179 6039/1327/1327 1898/1326/1326
f 4133/4533/4469 4182/4555/4491 4181/4552/4488 4132/4530/4466
f 4120/4534/4470 4169/4556/4492 4168/4553/4489 4119/4531/4467
f 4147/4535/4471 4196/4557/4493 4195/4554/4490 4146/4532/4468
f 4107/4536/4472 4156/4558/4494 4155/1308/1308 4106/1311/1311
f 4134/4491/4427 4183/4559/4495 4182/4555/4491 4133/4533/4469
f 4121/4493/4429 4170/4560/4496 4169/4556/4492 4120/4534/4470
f 4148/4495/4431 4197/4561/4497 4196/4557/4493 4147/4535/4471
f 4108/4497/4433 4157/4562/4498 4156/4558/4494 4107/4536/4472
f 4135/4490/4426 4184/4563/4499 4183/4559/4495 4134/4491/4427
f 4122/4492/4428 4171/4564/4500 4170/4560/4496 4121/4493/4429
f 4149/4494/4430 4198/4565/4501 4197/4561/4497 4148/4495/4431
f 4109/4496/4432 4158/4566/4502 4157/4562/4498 4108/4497/4433
f 4136/4498/4434 4185/4567/4503 4184/4563/4499 4135/4490/4426
f 4123/4499/4435 4172/4568/4504 4171/4564/4500 4122/4492/4428
f 4150/4500/4436 4199/4569/4505 4198/4565/4501 4149/4494/4430
f 4110/4501/4437 4159/4570/4506 4158/4566/4502 4109/4496/4432
f 4137/4502/4438 4186/4571/4507 4185/4567/4503 4136/4498/4434
f 4124/4503/4439 4173/4572/4508 4172/4568/4504 4123/4499/4435
f 4151/4504/4440 4200/4573/4509 4199/4569/4505 4150/4500/4436
f 4111/4505/4441 4160/4574/4510 4159/4570/4506 4110/4501/4437
f 4138/4506/4442 4187/4575/4511 4186/4571/4507 4137/4502/4438
f 4125/4507/4443 4174/4576/4512 4173/4572/4508 4124/4503/4439
f 4152/4508/4444 4201/4577/4513 4200/4573/4509 4151/4504/4440
f 4112/4509/4445 4161/4578/4514 4160/4574/4510 4111/4505/4441
f 4139/4510/4446 4188/4579/4515 4187/4575/4511 4138/4506/4442
f 4126/4511/4447 4175/4580/4516 4174/4576/4512 4125/4507/4443
f 4153/4512/4448 4202/4581/4517 4201/4577/4513 4152/4508/4444
f 4113/4513/4449 4162/4582/4518 4161/4578/4514 4112/4509/4445
f 4140/4514/4450 4189/4583/4519 4188/4579/4515 4139/4510/4446
f 4127/4515/4451 4176/4538/4474 4175/4580/4516 4126/4511/4447
f 4154/3340/3306 4203/294/294 4202/4581/4517 4153/4512/4448
f 4114/4516/4452 4163/4540/4476 4162/4582/4518 4113/4513/4449
f 4141/4517/4453 4190/4542/4478 4189/4583/4519 4140/4514/4450
f 4183/4559/4495 4232/4584/4520 4231/4585/4521 4182/4555/4491
f 4170/4560/4496 4219/4586/4522 4218/4587/4523 4169/4556/4492
f 4197/4561/4497 4246/4588/4524 4245/4589/4525 4196/4557/4493
f 4157/4562/4498 4206/4590/4526 4205/4591/4527 4156/4558/4494
f 4184/4563/4499 4233/4592/4528 4232/4584/4520 4183/4559/4495
f 4171/4564/4500 4220/4593/4529 4219/4586/4522 4170/4560/4496
f 4198/4565/4501 4247/4594/4530 4246/4588/4524 4197/4561/4497
f 4158/4566/4502 4207/4595/4531 4206/4590/4526 4157/4562/4498
f 4185/4567/4503 4234/4596/4532 4233/4592/4528 4184/4563/4499
f 4172/4568/4504 4221/4597/4533 4220/4593/4529 4171/4564/4500
f 4199/4569/4505 4248/4598/4534 4247/4594/4530 4198/4565/4501
f 4159/4570/4506 4208/4599/4535 4207/4595/4531 4158/4566/4502
f 4186/4571/4507 4235/4600/4536 4234/4596/4532 4185/4567/4503
f 4173/4572/4508 4222/4601/4537 4221/4597/4533 4172/4568/4504
f 4200/4573/4509 4249/4602/4538 4248/4598/4534 4199/4569/4505
f 4160/4574/4510 4209/4603/4539 4208/4599/4535 4159/4570/4506
f 4187/4575/4511 4236/4604/4540 4235/4600/4536 4186/4571/4507
f 4174/4576/4512 4223/4605/4541 4222/4601/4537 4173/4572/4508
f 4201/4577/4513 4250/4606/4542 4249/4602/4538 4200/4573/4509
f 4161/4578/4514 4210/4607/4543 4209/4603/4539 4160/4574/4510
f 4188/4579/4515 4237/4608/4544 4236/4604/4540 4187/4575/4511
f 4175/4580/4516 4224/4609/4545 4223/4605/4541 4174/4576/4512
f 4202/4581/4517 4251/4610/4546 4250/4606/4542 4201/4577/4513
f 4162/4582/4518 4211/4611/4547 4210/4607/4543 4161/4578/4514
f 4189/4583/4519 4238/4612/4548 4237/4608/4544 4188/4579/4515
f 4176/4538/4474 4225/4613/4549 4224/4609/4545 4175/4580/4516
f 4203/294/294 4252/297/297 4251/4610/4546 4202/4581/4517
f 4163/4540/4476 4212/4614/4550 4211/4611/4547 4162/4582/4518
f 4190/4542/4478 4239/4615/4551 4238/4612/4548 4189/4583/4519
f 4177/4537/4473 4226/4616/4552 4225/4613/4549 4176/4538/4474
f 1801/2002/2002 5917/2001/2001 5916/979/979 1752/978/978
f 4164/4539/4475 4213/4617/4553 4212/4614/4550 4163/4540/4476
f 4191/4541/4477 4240/4618/4554 4239/4615/4551 4190/4542/4478
f 4178/4543/4479 4227/4619/4555 4226/4616/4552 4177/4537/4473
f 4165/4544/4480 4214/4620/4556 4213/4617/4553 4164/4539/4475
f 4192/4545/4481 4241/4621/4557 4240/4618/4554 4191/4541/4477
f 4179/4546/4482 4228/4622/4558 4227/4619/4555 4178/4543/4479
f 4166/4547/4483 4215/4623/4559 4214/4620/4556 4165/4544/4480
f 4193/4548/4484 4242/4624/4560 4241/4621/4557 4192/4545/4481
f 4180/4549/4485 4229/4625/4561 4228/4622/4558 4179/4546/4482
f 4167/4550/4486 4216/4626/4562 4215/4623/4559 4166/4547/4483
f 4194/4551/4487 4243/4627/4563 4242/4624/4560 4193/4548/4484
f 4181/4552/4488 4230/4628/4564 4229/4625/4561 4180/4549/4485
f 4168/4553/4489 4217/4629/4565 4216/4626/4562 4167/4550/4486
f 4195/4554/4490 4244/4630/4566 4243/4627/4563 4194/4551/4487
f 2192/416/416 6045/415/415 6046/1463/1463 2241/1462/1462
f 4182/4555/4491 4231/4585/4521 4230/4628/4564 4181/4552/4488
f 4169/4556/4492 4218/4587/4523 4217/4629/4565 4168/4553/4489
f 4196/4557/4493 4245/4589/4525 4244/4630/4566 4195/4554/4490
f 4156/4558/4494 4205/4591/4527 4204/2312/2312 4155/1308/1308
f 4225/4613/4549 4274/4631/4567 4273/4632/4568 4224/4609/4545
f 4252/297/297 4301/1354/1354 4300/4633/4569 4251/4610/4546
f 4212/4614/4550 4261/4634/4570 4260/4635/4571 4211/4611/4547
f 4239/4615/4551 4288/4636/4572 4287/4637/4573 4238/4612/4548
f 4226/4616/4552 4275/4638/4574 4274/4631/4567 4225/4613/4549
f 4204/2312/2312 5966/2311/2311 5965/1309/1309 4155/1308/1308
f 4213/4617/4553 4262/4639/4575 4261/4634/4570 4212/4614/4550
f 4240/4618/4554 4289/4640/4576 4288/4636/4572 4239/4615/4551
f 4227/4619/4555 4276/4641/4577 4275/4638/4574 4226/4616/4552
f 4214/4620/4556 4263/4642/4578 4262/4639/4575 4213/4617/4553
f 4241/4621/4557 4290/4643/4579 4289/4640/4576 4240/4618/4554
f 4228/4622/4558 4277/4644/4580 4276/4641/4577 4227/4619/4555
f 4215/4623/4559 4264/4645/4581 4263/4642/4578 4214/4620/4556
f 4242/4624/4560 4291/4646/4582 4290/4643/4579 4241/4621/4557
f 4229/4625/4561 4278/4647/4583 4277/4644/4580 4228/4622/4558
f 4216/4626/4562 4265/4648/4584 4264/4645/4581 4215/4623/4559
f 4243/4627/4563 4292/4649/4585 4291/4646/4582 4242/4624/4560
f 4230/4628/4564 4279/4650/4586 4278/4647/4583 4229/4625/4561
f 4217/4629/4565 4266/4651/4587 4265/4648/4584 4216/4626/4562
f 4244/4630/4566 4293/4652/4588 4292/4649/4585 4243/4627/4563
f 4595/769/769 6094/768/768 6095/1665/1665 4644/1664/1664
f 4231/4585/4521 4280/4653/4589 4279/4650/4586 4230/4628/4564
f 4218/4587/4523 4267/4654/4590 4266/4651/4587 4217/4629/4565
f 4245/4589/4525 4294/4655/4591 4293/4652/4588 4244/4630/4566
f 4205/4591/4527 4254/4656/4592 4253/2309/2309 4204/2312/2312
f 4232/4584/4520 4281/4657/4593 4280/4653/4589 4231/4585/4521
f 4219/4586/4522 4268/4658/4594 4267/4654/4590 4218/4587/4523
f 4246/4588/4524 4295/4659/4595 4294/4655/4591 4245/4589/4525
f 4206/4590/4526 4255/4660/4596 4254/4656/4592 4205/4591/4527
f 4233/4592/4528 4282/4661/4597 4281/4657/4593 4232/4584/4520
f 4220/4593/4529 4269/4662/4598 4268/4658/4594 4219/4586/4522
f 4247/4594/4530 4296/4663/4599 4295/4659/4595 4246/4588/4524
f 4207/4595/4531 4256/4664/4600 4255/4660/4596 4206/4590/4526
f 4234/4596/4532 4283/4665/4601 4282/4661/4597 4233/4592/4528
f 4221/4597/4533 4270/4666/4602 4269/4662/4598 4220/4593/4529
f 4248/4598/4534 4297/4667/4603 4296/4663/4599 4247/4594/4530
f 4208/4599/4535 4257/4668/4604 4256/4664/4600 4207/4595/4531
f 4235/4600/4536 4284/4669/4605 4283/4665/4601 4234/4596/4532
f 4222/4601/4537 4271/4670/4606 4270/4666/4602 4221/4597/4533
f 4249/4602/4538 4298/4671/4607 4297/4667/4603 4248/4598/4534
f 4209/4603/4539 4258/4672/4608 4257/4668/4604 4208/4599/4535
f 4236/4604/4540 4285/4673/4609 4284/4669/4605 4235/4600/4536
f 4223/4605/4541 4272/4674/4610 4271/4670/4606 4222/4601/4537
f 4250/4606/4542 4299/4675/4611 4298/4671/4607 4249/4602/4538
f 4210/4607/4543 4259/4676/4612 4258/4672/4608 4209/4603/4539
f 4237/4608/4544 4286/4677/4613 4285/4673/4609 4236/4604/4540
f 4224/4609/4545 4273/4632/4568 4272/4674/4610 4223/4605/4541
f 4251/4610/4546 4300/4633/4569 4299/4675/4611 4250/4606/4542
f 4211/4611/4547 4260/4635/4571 4259/4676/4612 4210/4607/4543
f 4238/4612/4548 4287/4637/4573 4286/4677/4613 4237/4608/4544
f 4280/4653/4589 4329/4678/4614 4328/4679/4615 4279/4650/4586
f 4267/4654/4590 4316/4680/4616 4315/4681/4617 4266/4651/4587
f 4294/4655/4591 4343/4682/4618 4342/4683/4619 4293/4652/4588
f 4254/4656/4592 4303/4684/4620 4302/3053/3053 4253/2309/2309
f 4281/4657/4593 4330/4685/4621 4329/4678/4614 4280/4653/4589
f 4268/4658/4594 4317/4686/4622 4316/4680/4616 4267/4654/4590
f 4295/4659/4595 4344/4687/4623 4343/4682/4618 4294/4655/4591
f 4255/4660/4596 4304/4688/4624 4303/4684/4620 4254/4656/4592
f 4282/4661/4597 4331/4689/4625 4330/4685/4621 4281/4657/4593
f 4269/4662/4598 4318/4690/4626 4317/4686/4622 4268/4658/4594
f 4296/4663/4599 4345/4691/4627 4344/4687/4623 4295/4659/4595
f 4256/4664/4600 4305/4692/4628 4304/4688/4624 4255/4660/4596
f 4283/4665/4601 4332/4693/4629 4331/4689/4625 4282/4661/4597
f 4270/4666/4602 4319/4694/4630 4318/4690/4626 4269/4662/4598
f 4297/4667/4603 4346/4695/4631 4345/4691/4627 4296/4663/4599
f 4257/4668/4604 4306/4696/4632 4305/4692/4628 4256/4664/4600
f 4284/4669/4605 4333/4697/4633 4332/4693/4629 4283/4665/4601
f 4271/4670/4606 4320/4698/4634 4319/4694/4630 4270/4666/4602
f 4298/4671/4607 4347/4699/4635 4346/4695/4631 4297/4667/4603
f 4258/4672/4608 4307/4700/4636 4306/4696/4632 4257/4668/4604
f 4285/4673/4609 4334/4701/4637 4333/4697/4633 4284/4669/4605
f 4272/4674/4610 4321/4702/4638 4320/4698/4634 4271/4670/4606
f 4299/4675/4611 4348/4703/4639 4347/4699/4635 4298/4671/4607
f 4259/4676/4612 4308/4704/4640 4307/4700/4636 4258/4672/4608
f 4286/4677/4613 4335/4705/4641 4334/4701/4637 4285/4673/4609
f 4273/4632/4568 4322/4706/4642 4321/4702/4638 4272/4674/4610
f 4300/4633/4569 4349/4707/4643 4348/4703/4639 4299/4675/4611
f 4260/4635/4571 4309/4708/4644 4308/4704/4640 4259/4676/4612
f 4287/4637/4573 4336/4709/4645 4335/4705/4641 4286/4677/4613
f 4274/4631/4567 4323/4710/4646 4322/4706/4642 4273/4632/4568
f 4301/1354/1354 4350/1357/1357 4349/4707/4643 4300/4633/4569
f 4261/4634/4570 4310/4711/4647 4309/4708/4644 4260/4635/4571
f 4288/4636/4572 4337/4712/4648 4336/4709/4645 4287/4637/4573
f 4275/4638/4574 4324/4713/4649 4323/4710/4646 4274/4631/4567
f 919/1099/1099 5899/1973/1973 5898/367/367 870/366/366
f 4262/4639/4575 4311/4714/4650 4310/4711/4647 4261/4634/4570
f 4289/4640/4576 4338/4715/4651 4337/4712/4648 4288/4636/4572
f 4276/4641/4577 4325/4716/4652 4324/4713/4649 4275/4638/4574
f 4263/4642/4578 4312/4717/4653 4311/4714/4650 4262/4639/4575
f 4290/4643/4579 4339/4718/4654 4338/4715/4651 4289/4640/4576
f 4277/4644/4580 4326/4719/4655 4325/4716/4652 4276/4641/4577
f 4264/4645/4581 4313/4720/4656 4312/4717/4653 4263/4642/4578
f 4291/4646/4582 4340/4721/4657 4339/4718/4654 4290/4643/4579
f 4278/4647/4583 4327/4722/4658 4326/4719/4655 4277/4644/4580
f 4265/4648/4584 4314/4723/4659 4313/4720/4656 4264/4645/4581
f 4292/4649/4585 4341/4724/4660 4340/4721/4657 4291/4646/4582
f 4279/4650/4586 4328/4679/4615 4327/4722/4658 4278/4647/4583
f 4266/4651/4587 4315/4681/4617 4314/4723/4659 4265/4648/4584
f 4293/4652/4588 4342/4683/4619 4341/4724/4660 4292/4649/4585
f 4252/297/297 6087/296/296 6088/1355/1355 4301/1354/1354
f 4322/4706/4642 4371/4725/4661 4370/4726/4662 4321/4702/4638
f 4349/4707/4643 4398/4727/4663 4397/4728/4664 4348/4703/4639
f 4309/4708/4644 4358/4729/4665 4357/4730/4666 4308/4704/4640
f 4336/4709/4645 4385/4731/4667 4384/4732/4668 4335/4705/4641
f 4323/4710/4646 4372/4733/4669 4371/4725/4661 4322/4706/4642
f 4350/1357/1357 4399/2383/2383 4398/4727/4663 4349/4707/4643
f 4310/4711/4647 4359/4734/4670 4358/4729/4665 4309/4708/4644
f 4337/4712/4648 4386/4735/4671 4385/4731/4667 4336/4709/4645
f 4324/4713/4649 4373/4736/4672 4372/4733/4669 4323/4710/4646
f 2879/1876/1876 5939/1875/1875 5938/863/863 2830/862/862
f 4311/4714/4650 4360/4737/4673 4359/4734/4670 4310/4711/4647
f 4338/4715/4651 4387/4738/4674 4386/4735/4671 4337/4712/4648
f 4325/4716/4652 4374/4739/4675 4373/4736/4672 4324/4713/4649
f 4312/4717/4653 4361/4740/4676 4360/4737/4673 4311/4714/4650
f 4339/4718/4654 4388/4741/4677 4387/4738/4674 4338/4715/4651
f 4326/4719/4655 4375/4742/4678 4374/4739/4675 4325/4716/4652
f 4313/4720/4656 4362/4743/4679 4361/4740/4676 4312/4717/4653
f 4340/4721/4657 4389/4744/4680 4388/4741/4677 4339/4718/4654
f 4327/4722/4658 4376/4745/4681 4375/4742/4678 4326/4719/4655
f 4314/4723/4659 4363/4746/4682 4362/4743/4679 4313/4720/4656
f 4341/4724/4660 4390/4747/4683 4389/4744/4680 4340/4721/4657
f 4328/4679/4615 4377/4748/4684 4376/4745/4681 4327/4722/4658
f 4315/4681/4617 4364/4749/4685 4363/4746/4682 4314/4723/4659
f 4342/4683/4619 4391/4750/4686 4390/4747/4683 4341/4724/4660
f 4987/1094/1094 6102/1093/1093 6103/1902/1902 5036/1901/1901
f 4329/4678/4614 4378/4751/4687 4377/4748/4684 4328/4679/4615
f 4316/4680/4616 4365/4752/4688 4364/4749/4685 4315/4681/4617
f 4343/4682/4618 4392/4753/4689 4391/4750/4686 4342/4683/4619
f 4303/4684/4620 4352/4754/4690 4351/3050/3050 4302/3053/3053
f 4330/4685/4621 4379/4755/4691 4378/4751/4687 4329/4678/4614
f 4317/4686/4622 4366/4756/4692 4365/4752/4688 4316/4680/4616
f 4344/4687/4623 4393/4757/4693 4392/4753/4689 4343/4682/4618
f 4304/4688/4624 4353/4758/4694 4352/4754/4690 4303/4684/4620
f 4331/4689/4625 4380/4759/4695 4379/4755/4691 4330/4685/4621
f 4318/4690/4626 4367/4760/4696 4366/4756/4692 4317/4686/4622
f 4345/4691/4627 4394/4761/4697 4393/4757/4693 4344/4687/4623
f 4305/4692/4628 4354/4762/4698 4353/4758/4694 4304/4688/4624
f 4332/4693/4629 4381/4763/4699 4380/4759/4695 4331/4689/4625
f 4319/4694/4630 4368/4764/4700 4367/4760/4696 4318/4690/4626
f 4346/4695/4631 4395/4765/4701 4394/4761/4697 4345/4691/4627
f 4306/4696/4632 4355/4766/4702 4354/4762/4698 4305/4692/4628
f 4333/4697/4633 4382/4767/4703 4381/4763/4699 4332/4693/4629
f 4320/4698/4634 4369/4768/4704 4368/4764/4700 4319/4694/4630
f 4347/4699/4635 4396/4769/4705 4395/4765/4701 4346/4695/4631
f 4307/4700/4636 4356/4770/4706 4355/4766/4702 4306/4696/4632
f 4334/4701/4637 4383/4771/4707 4382/4767/4703 4333/4697/4633
f 4321/4702/4638 4370/4726/4662 4369/4768/4704 4320/4698/4634
f 4348/4703/4639 4397/4728/4664 4396/4769/4705 4347/4699/4635
f 4308/4704/4640 4357/4730/4666 4356/4770/4706 4307/4700/4636
f 4335/4705/4641 4384/4732/4668 4383/4771/4707 4334/4701/4637
f 4377/4748/4684 4426/4772/4708 4425/4773/4709 4376/4745/4681
f 4364/4749/4685 4413/4774/4710 4412/4775/4711 4363/4746/4682
f 4391/4750/4686 4440/4776/4712 4439/4777/4713 4390/4747/4683
f 575/626/626 6012/1060/1060 6013/1836/1836 624/714/714
f 4378/4751/4687 4427/4778/4714 4426/4772/4708 4377/4748/4684
f 4365/4752/4688 4414/4779/4715 4413/4774/4710 4364/4749/4685
f 4392/4753/4689 4441/4780/4716 4440/4776/4712 4391/4750/4686
f 4352/4754/4690 4401/4781/4717 4400/3915/3852 4351/3050/3050
f 4379/4755/4691 4428/4782/4718 4427/4778/4714 4378/4751/4687
f 4366/4756/4692 4415/4783/4719 4414/4779/4715 4365/4752/4688
f 4393/4757/4693 4442/4784/4720 4441/4780/4716 4392/4753/4689
f 4353/4758/4694 4402/4785/4721 4401/4781/4717 4352/4754/4690
f 4380/4759/4695 4429/4786/4722 4428/4782/4718 4379/4755/4691
f 4367/4760/4696 4416/4787/4723 4415/4783/4719 4366/4756/4692
f 4394/4761/4697 4443/4788/4724 4442/4784/4720 4393/4757/4693
f 4354/4762/4698 4403/4789/4725 4402/4785/4721 4353/4758/4694
f 4381/4763/4699 4430/4790/4726 4429/4786/4722 4380/4759/4695
f 4368/4764/4700 4417/4791/4727 4416/4787/4723 4367/4760/4696
f 4395/4765/4701 4444/4792/4728 4443/4788/4724 4394/4761/4697
f 4355/4766/4702 4404/4793/4729 4403/4789/4725 4354/4762/4698
f 4382/4767/4703 4431/4794/4730 4430/4790/4726 4381/4763/4699
f 4369/4768/4704 4418/4795/4731 4417/4791/4727 4368/4764/4700
f 4396/4769/4705 4445/4796/4732 4444/4792/4728 4395/4765/4701
f 4356/4770/4706 4405/4797/4733 4404/4793/4729 4355/4766/4702
f 4383/4771/4707 4432/4798/4734 4431/4794/4730 4382/4767/4703
f 4370/4726/4662 4419/4799/4735 4418/4795/4731 4369/4768/4704
f 4397/4728/4664 4446/4800/4736 4445/4796/4732 4396/4769/4705
f 4357/4730/4666 4406/4801/4737 4405/4797/4733 4356/4770/4706
f 4384/4732/4668 4433/4802/4738 4432/4798/4734 4383/4771/4707
f 4371/4725/4661 4420/4803/4739 4419/4799/4735 4370/4726/4662
f 4398/4727/4663 4447/4804/4740 4446/4800/4736 4397/4728/4664
f 4358/4729/4665 4407/4805/4741 4406/4801/4737 4357/4730/4666
f 4385/4731/4667 4434/4806/4742 4433/4802/4738 4384/4732/4668
f 4372/4733/4669 4421/4807/4743 4420/4803/4739 4371/4725/4661
f 4399/2383/2383 4448/2386/2386 4447/4804/4740 4398/4727/4663
f 4359/4734/4670 4408/4808/4744 4407/4805/4741 4358/4729/4665
f 4386/4735/4671 4435/4809/4745 4434/4806/4742 4385/4731/4667
f 4373/4736/4672 4422/4810/4746 4421/4807/4743 4372/4733/4669
f 2144/2195/2195 5924/2194/2194 5923/1044/1044 2095/1043/1043
f 4360/4737/4673 4409/4811/4747 4408/4808/4744 4359/4734/4670
f 4387/4738/4674 4436/4812/4748 4435/4809/4745 4386/4735/4671
f 4374/4739/4675 4423/4813/4749 4422/4810/4746 4373/4736/4672
f 4361/4740/4676 4410/4814/4750 4409/4811/4747 4360/4737/4673
f 4388/4741/4677 4437/4815/4751 4436/4812/4748 4387/4738/4674
f 4375/4742/4678 4424/4816/4752 4423/4813/4749 4374/4739/4675
f 4362/4743/4679 4411/4817/4753 4410/4814/4750 4361/4740/4676
f 4389/4744/4680 4438/4818/4754 4437/4815/4751 4388/4741/4677
f 4376/4745/4681 4425/4773/4709 4424/4816/4752 4375/4742/4678
f 4363/4746/4682 4412/4775/4711 4411/4817/4753 4362/4743/4679
f 4390/4747/4683 4439/4777/4713 4438/4818/4754 4389/4744/4680
f 4419/4799/4735 4468/4819/4755 4467/4820/4756 4418/4795/4731
f 4446/4800/4736 4495/4821/4757 4494/4822/4758 4445/4796/4732
f 4406/4801/4737 4455/4823/4759 4454/4824/4760 4405/4797/4733
f 4433/4802/4738 4482/4825/4761 4481/4826/4762 4432/4798/4734
f 4420/4803/4739 4469/4827/4763 4468/4819/4755 4419/4799/4735
f 4447/4804/4740 4496/4828/4764 4495/4821/4757 4446/4800/4736
f 4407/4805/4741 4456/4829/4765 4455/4823/4759 4406/4801/4737
f 4434/4806/4742 4483/4830/4766 4482/4825/4761 4433/4802/4738
f 4421/4807/4743 4470/4831/4767 4469/4827/4763 4420/4803/4739
f 4448/2386/2386 4497/3782/3719 4496/4828/4764 4447/4804/4740
f 4408/4808/4744 4457/4832/4768 4456/4829/4765 4407/4805/4741
f 4435/4809/4745 4484/4833/4769 4483/4830/4766 4434/4806/4742
f 4422/4810/4746 4471/4834/4770 4470/4831/4767 4421/4807/4743
f 4302/3053/3053 5968/3052/3052 5967/2310/2310 4253/2309/2309
f 4409/4811/4747 4458/4835/4771 4457/4832/4768 4408/4808/4744
f 4436/4812/4748 4485/4836/4772 4484/4833/4769 4435/4809/4745
f 4423/4813/4749 4472/4837/4773 4471/4834/4770 4422/4810/4746
f 4410/4814/4750 4459/4838/4774 4458/4835/4771 4409/4811/4747
f 4437/4815/4751 4486/4839/4775 4485/4836/4772 4436/4812/4748
f 4424/4816/4752 4473/4840/4776 4472/4837/4773 4423/4813/4749
f 4411/4817/4753 4460/4841/4777 4459/4838/4774 4410/4814/4750
f 4438/4818/4754 4487/4842/4778 4486/4839/4775 4437/4815/4751
f 4425/4773/4709 4474/4843/4779 4473/4840/4776 4424/4816/4752
f 4412/4775/4711 4461/4844/4780 4460/4841/4777 4411/4817/4753
f 4439/4777/4713 4488/4845/4781 4487/4842/4778 4438/4818/4754
f 4426/4772/4708 4475/4846/4782 4474/4843/4779 4425/4773/4709
f 4413/4774/4710 4462/4847/4783 4461/4844/4780 4412/4775/4711
f 4440/4776/4712 4489/4848/4784 4488/4845/4781 4439/4777/4713
f 5330/1554/1554 6109/1553/1553 6110/1989/1989 5379/1988/1988
f 4427/4778/4714 4476/4849/4785 4475/4846/4782 4426/4772/4708
f 4414/4779/4715 4463/4850/4786 4462/4847/4783 4413/4774/4710
f 4441/4780/4716 4490/4851/4787 4489/4848/4784 4440/4776/4712
f 4401/4781/4717 4450/4852/4788 4449/1164/1164 4400/3915/3852
f 4428/4782/4718 4477/4853/4789 4476/4849/4785 4427/4778/4714
f 4415/4783/4719 4464/4854/4790 4463/4850/4786 4414/4779/4715
f 4442/4784/4720 4491/4855/4791 4490/4851/4787 4441/4780/4716
f 4402/4785/4721 4451/4856/4792 4450/4852/4788 4401/4781/4717
f 4429/4786/4722 4478/4857/4793 4477/4853/4789 4428/4782/4718
f 4416/4787/4723 4465/4858/4794 4464/4854/4790 4415/4783/4719
f 4443/4788/4724 4492/4859/4795 4491/4855/4791 4442/4784/4720
f 4403/4789/4725 4452/4860/4796 4451/4856/4792 4402/4785/4721
f 4430/4790/4726 4479/4861/4797 4478/4857/4793 4429/4786/4722
f 4417/4791/4727 4466/4862/4798 4465/4858/4794 4416/4787/4723
f 4444/4792/4728 4493/4863/4799 4492/4859/4795 4443/4788/4724
f 4404/4793/4729 4453/4864/4800 4452/4860/4796 4403/4789/4725
f 4431/4794/4730 4480/4865/4801 4479/4861/4797 4430/4790/4726
f 4418/4795/4731 4467/4820/4756 4466/4862/4798 4417/4791/4727
f 4445/4796/4732 4494/4822/4758 4493/4863/4799 4444/4792/4728
f 4405/4797/4733 4454/4824/4760 4453/4864/4800 4404/4793/4729
f 4432/4798/4734 4481/4826/4762 4480/4865/4801 4431/4794/4730
f 4474/4843/4779 4523/4866/4802 4522/4867/4803 4473/4840/4776
f 4461/4844/4780 4510/4868/4804 4509/4869/4805 4460/4841/4777
f 4488/4845/4781 4537/4870/4806 4536/4871/4807 4487/4842/4778
f 4475/4846/4782 4524/4872/4808 4523/4866/4802 4474/4843/4779
f 4462/4847/4783 4511/4873/4809 4510/4868/4804 4461/4844/4780
f 4489/4848/4784 4538/4874/4810 4537/4870/4806 4488/4845/4781
f 232/244/244 6005/797/797 6006/1775/1775 281/329/329
f 4476/4849/4785 4525/4875/4811 4524/4872/4808 4475/4846/4782
f 4463/4850/4786 4512/4876/4812 4511/4873/4809 4462/4847/4783
f 4490/4851/4787 4539/4877/4813 4538/4874/4810 4489/4848/4784
f 4450/4852/4788 4499/4878/4814 4498/1161/1161 4449/1164/1164
f 4477/4853/4789 4526/4879/4815 4525/4875/4811 4476/4849/4785
f 4464/4854/4790 4513/4880/4816 4512/4876/4812 4463/4850/4786
f 4491/4855/4791 4540/4881/4817 4539/4877/4813 4490/4851/4787
f 4451/4856/4792 4500/4882/4818 4499/4878/4814 4450/4852/4788
f 4478/4857/4793 4527/4883/4819 4526/4879/4815 4477/4853/4789
f 4465/4858/4794 4514/4884/4820 4513/4880/4816 4464/4854/4790
f 4492/4859/4795 4541/4885/4821 4540/4881/4817 4491/4855/4791
f 4452/4860/4796 4501/4886/4822 4500/4882/4818 4451/4856/4792
f 4479/4861/4797 4528/4887/4823 4527/4883/4819 4478/4857/4793
f 4466/4862/4798 4515/4888/4824 4514/4884/4820 4465/4858/4794
f 4493/4863/4799 4542/4889/4825 4541/4885/4821 4492/4859/4795
f 4453/4864/4800 4502/4890/4826 4501/4886/4822 4452/4860/4796
f 4480/4865/4801 4529/4891/4827 4528/4887/4823 4479/4861/4797
f 4467/4820/4756 4516/4892/4828 4515/4888/4824 4466/4862/4798
f 4494/4822/4758 4543/4893/4829 4542/4889/4825 4493/4863/4799
f 4454/4824/4760 4503/4894/4830 4502/4890/4826 4453/4864/4800
f 4481/4826/4762 4530/4895/4831 4529/4891/4827 4480/4865/4801
f 4468/4819/4755 4517/4896/4832 4516/4892/4828 4467/4820/4756
f 4495/4821/4757 4544/4897/4833 4543/4893/4829 4494/4822/4758
f 4455/4823/4759 4504/4898/4834 4503/4894/4830 4454/4824/4760
f 4482/4825/4761 4531/4899/4835 4530/4895/4831 4481/4826/4762
f 4469/4827/4763 4518/4900/4836 4517/4896/4832 4468/4819/4755
f 4496/4828/4764 4545/4901/4837 4544/4897/4833 4495/4821/4757
f 4456/4829/4765 4505/4902/4838 4504/4898/4834 4455/4823/4759
f 4483/4830/4766 4532/4903/4839 4531/4899/4835 4482/4825/4761
f 4470/4831/4767 4519/4904/4840 4518/4900/4836 4469/4827/4763
f 4497/3782/3719 4546/766/766 4545/4901/4837 4496/4828/4764
f 4457/4832/4768 4506/4905/4841 4505/4902/4838 4456/4829/4765
f 4484/4833/4769 4533/4906/4842 4532/4903/4839 4483/4830/4766
f 4471/4834/4770 4520/4907/4843 4519/4904/4840 4470/4831/4767
f 1899/2161/2161 5919/2842/2842 5918/2000/2000 1850/1999/1999
f 4458/4835/4771 4507/4908/4844 4506/4905/4841 4457/4832/4768
f 4485/4836/4772 4534/4909/4845 4533/4906/4842 4484/4833/4769
f 4472/4837/4773 4521/4910/4846 4520/4907/4843 4471/4834/4770
f 4459/4838/4774 4508/4911/4847 4507/4908/4844 4458/4835/4771
f 4486/4839/4775 4535/4912/4848 4534/4909/4845 4485/4836/4772
f 4473/4840/4776 4522/4867/4803 4521/4910/4846 4472/4837/4773
f 4460/4841/4777 4509/4869/4805 4508/4911/4847 4459/4838/4774
f 4487/4842/4778 4536/4871/4807 4535/4912/4848 4486/4839/4775
f 4516/4892/4828 4565/4913/4849 4564/4914/4850 4515/4888/4824
f 4543/4893/4829 4592/4915/4851 4591/4916/4852 4542/4889/4825
f 4503/4894/4830 4552/4917/4853 4551/4918/4854 4502/4890/4826
f 4530/4895/4831 4579/4919/4855 4578/4920/4856 4529/4891/4827
f 4517/4896/4832 4566/4921/4857 4565/4913/4849 4516/4892/4828
f 4544/4897/4833 4593/4922/4858 4592/4915/4851 4543/4893/4829
f 4504/4898/4834 4553/4923/4859 4552/4917/4853 4503/4894/4830
f 4531/4899/4835 4580/4924/4860 4579/4919/4855 4530/4895/4831
f 4518/4900/4836 4567/4925/4861 4566/4921/4857 4517/4896/4832
f 4545/4901/4837 4594/4926/4862 4593/4922/4858 4544/4897/4833
f 4505/4902/4838 4554/4927/4863 4553/4923/4859 4504/4898/4834
f 4532/4903/4839 4581/4928/4864 4580/4924/4860 4531/4899/4835
f 4519/4904/4840 4568/4929/4865 4567/4925/4861 4518/4900/4836
f 4546/766/766 4595/769/769 4594/4926/4862 4545/4901/4837
f 4506/4905/4841 4555/4930/4866 4554/4927/4863 4505/4902/4838
f 4533/4906/4842 4582/4931/4867 4581/4928/4864 4532/4903/4839
f 4520/4907/4843 4569/4932/4868 4568/4929/4865 4519/4904/4840
f 1605/1843/1843 5913/4933/4869 5912/1501/1501 1556/1500/1500
f 4507/4908/4844 4556/4934/4870 4555/4930/4866 4506/4905/4841
f 4534/4909/4845 4583/4935/4871 4582/4931/4867 4533/4906/4842
f 4521/4910/4846 4570/4936/4872 4569/4932/4868 4520/4907/4843
f 4508/4911/4847 4557/4937/4873 4556/4934/4870 4507/4908/4844
f 4535/4912/4848 4584/4938/4874 4583/4935/4871 4534/4909/4845
f 4522/4867/4803 4571/4939/4875 4570/4936/4872 4521/4910/4846
f 4509/4869/4805 4558/4940/4876 4557/4937/4873 4508/4911/4847
f 4536/4871/4807 4585/4941/4877 4584/4938/4874 4535/4912/4848
f 4523/4866/4802 4572/4942/4878 4571/4939/4875 4522/4867/4803
f 4510/4868/4804 4559/4943/4879 4558/4940/4876 4509/4869/4805
f 4537/4870/4806 4586/4944/4880 4585/4941/4877 4536/4871/4807
f 4524/4872/4808 4573/4945/4881 4572/4942/4878 4523/4866/4802
f 4511/4873/4809 4560/4946/4882 4559/4943/4879 4510/4868/4804
f 4538/4874/4810 4587/4947/4883 4586/4944/4880 4537/4870/4806
f 3614/1212/1212 6074/1211/1211 6075/2495/2495 3663/2494/2494
f 4525/4875/4811 4574/4948/4884 4573/4945/4881 4524/4872/4808
f 4512/4876/4812 4561/4949/4885 4560/4946/4882 4511/4873/4809
f 4539/4877/4813 4588/4950/4886 4587/4947/4883 4538/4874/4810
f 4499/4878/4814 4548/4951/4887 4547/2342/2342 4498/1161/1161
f 4526/4879/4815 4575/4952/4888 4574/4948/4884 4525/4875/4811
f 4513/4880/4816 4562/4953/4889 4561/4949/4885 4512/4876/4812
f 4540/4881/4817 4589/4954/4890 4588/4950/4886 4539/4877/4813
f 4500/4882/4818 4549/4955/4891 4548/4951/4887 4499/4878/4814
f 4527/4883/4819 4576/4956/4892 4575/4952/4888 4526/4879/4815
f 4514/4884/4820 4563/4957/4893 4562/4953/4889 4513/4880/4816
f 4541/4885/4821 4590/4958/4894 4589/4954/4890 4540/4881/4817
f 4501/4886/4822 4550/4959/4895 4549/4955/4891 4500/4882/4818
f 4528/4887/4823 4577/4960/4896 4576/4956/4892 4527/4883/4819
f 4515/4888/4824 4564/4914/4850 4563/4957/4893 4514/4884/4820
f 4542/4889/4825 4591/4916/4852 4590/4958/4894 4541/4885/4821
f 4502/4890/4826 4551/4918/4854 4550/4959/4895 4501/4886/4822
f 4529/4891/4827 4578/4920/4856 4577/4960/4896 4528/4887/4823
f 4571/4939/4875 4620/4961/4897 4619/4962/4898 4570/4936/4872
f 4558/4940/4876 4607/4963/4899 4606/4964/4900 4557/4937/4873
f 4585/4941/4877 4634/4965/4901 4633/4966/4902 4584/4938/4874
f 4572/4942/4878 4621/4967/4903 4620/4961/4897 4571/4939/4875
f 4559/4943/4879 4608/4968/4904 4607/4963/4899 4558/4940/4876
f 4586/4944/4880 4635/4969/4905 4634/4965/4901 4585/4941/4877
f 4573/4945/4881 4622/4970/4906 4621/4967/4903 4572/4942/4878
f 4560/4946/4882 4609/4971/4907 4608/4968/4904 4559/4943/4879
f 4587/4947/4883 4636/4972/4908 4635/4969/4905 4586/4944/4880
f 3025/1809/1809 6062/1808/1808 6063/2209/2209 3074/2208/2208
f 4574/4948/4884 4623/4973/4909 4622/4970/4906 4573/4945/4881
f 4561/4949/4885 4610/4974/4910 4609/4971/4907 4560/4946/4882
f 4588/4950/4886 4637/4975/4911 4636/4972/4908 4587/4947/4883
f 4548/4951/4887 4597/4976/4912 4596/2339/2339 4547/2342/2342
f 4575/4952/4888 4624/4977/4913 4623/4973/4909 4574/4948/4884
f 4562/4953/4889 4611/4978/4914 4610/4974/4910 4561/4949/4885
f 4589/4954/4890 4638/4979/4915 4637/4975/4911 4588/4950/4886
f 4549/4955/4891 4598/4980/4916 4597/4976/4912 4548/4951/4887
f 4576/4956/4892 4625/4981/4917 4624/4977/4913 4575/4952/4888
f 4563/4957/4893 4612/4982/4918 4611/4978/4914 4562/4953/4889
f 4590/4958/4894 4639/4983/4919 4638/4979/4915 4589/4954/4890
f 4550/4959/4895 4599/4984/4920 4598/4980/4916 4549/4955/4891
f 4577/4960/4896 4626/4985/4921 4625/4981/4917 4576/4956/4892
f 4564/4914/4850 4613/4986/4922 4612/4982/4918 4563/4957/4893
f 4591/4916/4852 4640/4987/4923 4639/4983/4919 4590/4958/4894
f 4551/4918/4854 4600/4988/4924 4599/4984/4920 4550/4959/4895
f 4578/4920/4856 4627/4989/4925 4626/4985/4921 4577/4960/4896
f 4565/4913/4849 4614/4990/4926 4613/4986/4922 4564/4914/4850
f 4592/4915/4851 4641/4991/4927 4640/4987/4923 4591/4916/4852
f 4552/4917/4853 4601/4992/4928 4600/4988/4924 4551/4918/4854
f 4579/4919/4855 4628/4993/4929 4627/4989/4925 4578/4920/4856
f 4566/4921/4857 4615/4994/4930 4614/4990/4926 4565/4913/4849
f 4593/4922/4858 4642/4995/4931 4641/4991/4927 4592/4915/4851
f 4553/4923/4859 4602/4996/4932 4601/4992/4928 4552/4917/4853
f 4580/4924/4860 4629/4997/4933 4628/4993/4929 4579/4919/4855
f 4567/4925/4861 4616/4998/4934 4615/4994/4930 4566/4921/4857
f 4594/4926/4862 4643/4999/4935 4642/4995/4931 4593/4922/4858
f 4554/4927/4863 4603/5000/4936 4602/4996/4932 4553/4923/4859
f 4581/4928/4864 4630/5001/4937 4629/4997/4933 4580/4924/4860
f 4568/4929/4865 4617/5002/4938 4616/4998/4934 4567/4925/4861
f 4595/769/769 4644/1664/1664 4643/4999/4935 4594/4926/4862
f 4555/4930/4866 4604/5003/4939 4603/5000/4936 4554/4927/4863
f 4582/4931/4867 4631/5004/4940 4630/5001/4937 4581/4928/4864
f 4569/4932/4868 4618/5005/4941 4617/5002/4938 4568/4929/4865
f 1262/1470/1470 5906/2226/2226 5905/1192/1192 1213/1191/1191
f 4556/4934/4870 4605/5006/4942 4604/5003/4939 4555/4930/4866
f 4583/4935/4871 4632/5007/4943 4631/5004/4940 4582/4931/4867
f 4570/4936/4872 4619/4962/4898 4618/5005/4941 4569/4932/4868
f 4557/4937/4873 4606/4964/4900 4605/5006/4942 4556/4934/4870
f 4584/4938/4874 4633/4966/4902 4632/5007/4943 4583/4935/4871
f 4613/4986/4922 4662/5008/4944 4661/5009/4945 4612/4982/4918
f 4640/4987/4923 4689/5010/4946 4688/5011/4947 4639/4983/4919
f 4600/4988/4924 4649/5012/4948 4648/5013/4949 4599/4984/4920
f 4627/4989/4925 4676/5014/4950 4675/5015/4951 4626/4985/4921
f 4614/4990/4926 4663/5016/4952 4662/5008/4944 4613/4986/4922
f 4641/4991/4927 4690/5017/4953 4689/5010/4946 4640/4987/4923
f 4601/4992/4928 4650/5018/4954 4649/5012/4948 4600/4988/4924
f 4628/4993/4929 4677/5019/4955 4676/5014/4950 4627/4989/4925
f 4615/4994/4930 4664/5020/4956 4663/5016/4952 4614/4990/4926
f 4642/4995/4931 4691/5021/4957 4690/5017/4953 4641/4991/4927
f 4602/4996/4932 4651/5022/4958 4650/5018/4954 4601/4992/4928
f 4629/4997/4933 4678/5023/4959 4677/5019/4955 4628/4993/4929
f 4616/4998/4934 4665/5024/4960 4664/5020/4956 4615/4994/4930
f 4643/4999/4935 4692/5025/4961 4691/5021/4957 4642/4995/4931
f 4603/5000/4936 4652/5026/4962 4651/5022/4958 4602/4996/4932
f 4630/5001/4937 4679/5027/4963 4678/5023/4959 4629/4997/4933
f 4617/5002/4938 4666/5028/4964 4665/5024/4960 4616/4998/4934
f 4644/1664/1664 4693/1667/1667 4692/5025/4961 4643/4999/4935
f 4604/5003/4939 4653/5029/4965 4652/5026/4962 4603/5000/4936
f 4631/5004/4940 4680/5030/4966 4679/5027/4963 4630/5001/4937
f 4618/5005/4941 4667/5031/4967 4666/5028/4964 4617/5002/4938
f 4547/2342/2342 5973/2341/2341 5972/1162/1162 4498/1161/1161
f 4605/5006/4942 4654/5032/4968 4653/5029/4965 4604/5003/4939
f 4632/5007/4943 4681/5033/4969 4680/5030/4966 4631/5004/4940
f 4619/4962/4898 4668/5034/4970 4667/5031/4967 4618/5005/4941
f 4606/4964/4900 4655/5035/4971 4654/5032/4968 4605/5006/4942
f 4633/4966/4902 4682/5036/4972 4681/5033/4969 4632/5007/4943
f 4620/4961/4897 4669/5037/4973 4668/5034/4970 4619/4962/4898
f 4607/4963/4899 4656/5038/4974 4655/5035/4971 4606/4964/4900
f 4634/4965/4901 4683/5039/4975 4682/5036/4972 4633/4966/4902
f 4621/4967/4903 4670/5040/4976 4669/5037/4973 4620/4961/4897
f 4608/4968/4904 4657/5041/4977 4656/5038/4974 4607/4963/4899
f 4635/4969/4905 4684/5042/4978 4683/5039/4975 4634/4965/4901
f 4622/4970/4906 4671/5043/4979 4670/5040/4976 4621/4967/4903
f 4609/4971/4907 4658/5044/4980 4657/5041/4977 4608/4968/4904
f 4636/4972/4908 4685/5045/4981 4684/5042/4978 4635/4969/4905
f 1947/1329/1329 6040/1328/1328 6041/2241/2241 1996/2221/2221
f 4623/4973/4909 4672/5046/4982 4671/5043/4979 4622/4970/4906
f 4610/4974/4910 4659/5047/4983 4658/5044/4980 4609/4971/4907
f 4637/4975/4911 4686/5048/4984 4685/5045/4981 4636/4972/4908
f 4597/4976/4912 4646/5049/4985 4645/3157/3157 4596/2339/2339
f 4624/4977/4913 4673/5050/4986 4672/5046/4982 4623/4973/4909
f 4611/4978/4914 4660/5051/4987 4659/5047/4983 4610/4974/4910
f 4638/4979/4915 4687/5052/4988 4686/5048/4984 4637/4975/4911
f 4598/4980/4916 4647/5053/4989 4646/5049/4985 4597/4976/4912
f 4625/4981/4917 4674/5054/4990 4673/5050/4986 4624/4977/4913
f 4612/4982/4918 4661/5009/4945 4660/5051/4987 4611/4978/4914
f 4639/4983/4919 4688/5011/4947 4687/5052/4988 4638/4979/4915
f 4599/4984/4920 4648/5013/4949 4647/5053/4989 4598/4980/4916
f 4626/4985/4921 4675/5015/4951 4674/5054/4990 4625/4981/4917
f 4668/5034/4970 4717/5055/4991 4716/5056/4992 4667/5031/4967
f 4655/5035/4971 4704/5057/4993 4703/5058/4994 4654/5032/4968
f 4682/5036/4972 4731/5059/4995 4730/5060/4996 4681/5033/4969
f 4669/5037/4973 4718/5061/4997 4717/5055/4991 4668/5034/4970
f 4656/5038/4974 4705/5062/4998 4704/5057/4993 4655/5035/4971
f 4683/5039/4975 4732/5063/4999 4731/5059/4995 4682/5036/4972
f 4670/5040/4976 4719/5064/5000 4718/5061/4997 4669/5037/4973
f 4657/5041/4977 4706/5065/5001 4705/5062/4998 4656/5038/4974
f 4684/5042/4978 4733/5066/5002 4732/5063/4999 4683/5039/4975
f 4671/5043/4979 4720/5067/5003 4719/5064/5000 4670/5040/4976
f 4658/5044/4980 4707/5068/5004 4706/5065/5001 4657/5041/4977
f 4685/5045/4981 4734/5069/5005 4733/5066/5002 4684/5042/4978
f 3957/1583/1583 6081/1582/1582 6082/2467/2467 4006/2466/2466
f 4672/5046/4982 4721/5070/5006 4720/5067/5003 4671/5043/4979
f 4659/5047/4983 4708/5071/5007 4707/5068/5004 4658/5044/4980
f 4686/5048/4984 4735/5072/5008 4734/5069/5005 4685/5045/4981
f 4646/5049/4985 4695/5073/5009 4694/515/515 4645/3157/3157
f 4673/5050/4986 4722/5074/5010 4721/5070/5006 4672/5046/4982
f 4660/5051/4987 4709/5075/5011 4708/5071/5007 4659/5047/4983
f 4687/5052/4988 4736/5076/5012 4735/5072/5008 4686/5048/4984
f 4647/5053/4989 4696/5077/5013 4695/5073/5009 4646/5049/4985
f 4674/5054/4990 4723/5078/5014 4722/5074/5010 4673/5050/4986
f 4661/5009/4945 4710/5079/5015 4709/5075/5011 4660/5051/4987
f 4688/5011/4947 4737/5080/5016 4736/5076/5012 4687/5052/4988
f 4648/5013/4949 4697/5081/5017 4696/5077/5013 4647/5053/4989
f 4675/5015/4951 4724/5082/5018 4723/5078/5014 4674/5054/4990
f 4662/5008/4944 4711/5083/5019 4710/5079/5015 4661/5009/4945
f 4689/5010/4946 4738/5084/5020 4737/5080/5016 4688/5011/4947
f 4649/5012/4948 4698/5085/5021 4697/5081/5017 4648/5013/4949
f 4676/5014/4950 4725/5086/5022 4724/5082/5018 4675/5015/4951
f 4663/5016/4952 4712/5087/5023 4711/5083/5019 4662/5008/4944
f 4690/5017/4953 4739/5088/5024 4738/5084/5020 4689/5010/4946
f 4650/5018/4954 4699/5089/5025 4698/5085/5021 4649/5012/4948
f 4677/5019/4955 4726/5090/5026 4725/5086/5022 4676/5014/4950
f 4664/5020/4956 4713/5091/5027 4712/5087/5023 4663/5016/4952
f 4691/5021/4957 4740/5092/5028 4739/5088/5024 4690/5017/4953
f 4651/5022/4958 4700/5093/5029 4699/5089/5025 4650/5018/4954
f 4678/5023/4959 4727/5094/5030 4726/5090/5026 4677/5019/4955
f 4665/5024/4960 4714/5095/5031 4713/5091/5027 4664/5020/4956
f 4692/5025/4961 4741/5096/5032 4740/5092/5028 4691/5021/4957
f 4652/5026/4962 4701/5097/5033 4700/5093/5029 4651/5022/4958
f 4679/5027/4963 4728/5098/5034 4727/5094/5030 4678/5023/4959
f 4666/5028/4964 4715/5099/5035 4714/5095/5031 4665/5024/4960
f 4693/1667/1667 4742/2578/2578 4741/5096/5032 4692/5025/4961
f 4653/5029/4965 4702/5100/5036 4701/5097/5033 4652/5026/4962
f 4680/5030/4966 4729/5101/5037 4728/5098/5034 4679/5027/4963
f 4667/5031/4967 4716/5056/4992 4715/5099/5035 4666/5028/4964
f 184/274/274 5884/2532/2532 5883/1421/1421 135/185/185
f 4654/5032/4968 4703/5058/4994 4702/5100/5036 4653/5029/4965
f 4681/5033/4969 4730/5060/4996 4729/5101/5037 4680/5030/4966
f 4710/5079/5015 4759/5102/5038 4758/5103/5039 4709/5075/5011
f 4737/5080/5016 4786/5104/5040 4785/5105/5041 4736/5076/5012
f 4697/5081/5017 4746/5106/5042 4745/5107/5043 4696/5077/5013
f 4724/5082/5018 4773/5108/5044 4772/5109/5045 4723/5078/5014
f 4711/5083/5019 4760/5110/5046 4759/5102/5038 4710/5079/5015
f 4738/5084/5020 4787/5111/5047 4786/5104/5040 4737/5080/5016
f 4698/5085/5021 4747/5112/5048 4746/5106/5042 4697/5081/5017
f 4725/5086/5022 4774/5113/5049 4773/5108/5044 4724/5082/5018
f 4712/5087/5023 4761/5114/5050 4760/5110/5046 4711/5083/5019
f 4739/5088/5024 4788/5115/5051 4787/5111/5047 4738/5084/5020
f 4699/5089/5025 4748/5116/5052 4747/5112/5048 4698/5085/5021
f 4726/5090/5026 4775/5117/5053 4774/5113/5049 4725/5086/5022
f 4713/5091/5027 4762/5118/5054 4761/5114/5050 4712/5087/5023
f 4740/5092/5028 4789/5119/5055 4788/5115/5051 4739/5088/5024
f 4700/5093/5029 4749/5120/5056 4748/5116/5052 4699/5089/5025
f 4727/5094/5030 4776/5121/5057 4775/5117/5053 4726/5090/5026
f 4714/5095/5031 4763/5122/5058 4762/5118/5054 4713/5091/5027
f 4741/5096/5032 4790/5123/5059 4789/5119/5055 4740/5092/5028
f 4701/5097/5033 4750/5124/5060 4749/5120/5056 4700/5093/5029
f 4728/5098/5034 4777/5125/5061 4776/5121/5057 4727/5094/5030
f 4715/5099/5035 4764/5126/5062 4763/5122/5058 4714/5095/5031
f 4742/2578/2578 4791/2581/2581 4790/5123/5059 4741/5096/5032
f 4702/5100/5036 4751/5127/5063 4750/5124/5060 4701/5097/5033
f 4729/5101/5037 4778/5128/5064 4777/5125/5061 4728/5098/5034
f 4716/5056/4992 4765/5129/5065 4764/5126/5062 4715/5099/5035
f 3272/3683/3620 5947/5130/5066 5946/4266/4202 3223/3633/3570
f 4703/5058/4994 4752/5131/5067 4751/5127/5063 4702/5100/5036
f 4730/5060/4996 4779/5132/5068 4778/5128/5064 4729/5101/5037
f 4717/5055/4991 4766/5133/5069 4765/5129/5065 4716/5056/4992
f 4704/5057/4993 4753/5134/5070 4752/5131/5067 4703/5058/4994
f 4731/5059/4995 4780/5135/5071 4779/5132/5068 4730/5060/4996
f 4718/5061/4997 4767/5136/5072 4766/5133/5069 4717/5055/4991
f 4705/5062/4998 4754/5137/5073 4753/5134/5070 4704/5057/4993
f 4732/5063/4999 4781/5138/5074 4780/5135/5071 4731/5059/4995
f 4719/5064/5000 4768/5139/5075 4767/5136/5072 4718/5061/4997
f 4706/5065/5001 4755/5140/5076 4754/5137/5073 4705/5062/4998
f 4733/5066/5002 4782/5141/5077 4781/5138/5074 4732/5063/4999
f 4720/5067/5003 4769/5142/5078 4768/5139/5075 4719/5064/5000
f 4707/5068/5004 4756/5143/5079 4755/5140/5076 4706/5065/5001
f 4734/5069/5005 4783/5144/5080 4782/5141/5077 4733/5066/5002
f 2682/1124/1124 6055/1123/1123 6056/2099/2099 2731/2098/2098
f 4721/5070/5006 4770/5145/5081 4769/5142/5078 4720/5067/5003
f 4708/5071/5007 4757/5146/5082 4756/5143/5079 4707/5068/5004
f 4735/5072/5008 4784/5147/5083 4783/5144/5080 4734/5069/5005
f 4695/5073/5009 4744/5148/5084 4743/512/512 4694/515/515
f 4722/5074/5010 4771/5149/5085 4770/5145/5081 4721/5070/5006
f 4709/5075/5011 4758/5103/5039 4757/5146/5082 4708/5071/5007
f 4736/5076/5012 4785/5105/5041 4784/5147/5083 4735/5072/5008
f 4696/5077/5013 4745/5107/5043 4744/5148/5084 4695/5073/5009
f 4723/5078/5014 4772/5109/5045 4771/5149/5085 4722/5074/5010
f 4765/5129/5065 4814/5150/5086 4813/5151/5087 4764/5126/5062
f 5625/4368/4304 5995/4367/4303 5994/1940/1940 5576/1939/1939
f 4752/5131/5067 4801/5152/5088 4800/5153/5089 4751/5127/5063
f 4779/5132/5068 4828/5154/5090 4827/5155/5091 4778/5128/5064
f 4766/5133/5069 4815/5156/5092 4814/5150/5086 4765/5129/5065
f 4753/5134/5070 4802/5157/5093 4801/5152/5088 4752/5131/5067
f 4780/5135/5071 4829/5158/5094 4828/5154/5090 4779/5132/5068
f 4767/5136/5072 4816/5159/5095 4815/5156/5092 4766/5133/5069
f 4754/5137/5073 4803/5160/5096 4802/5157/5093 4753/5134/5070
f 4781/5138/5074 4830/5161/5097 4829/5158/5094 4780/5135/5071
f 4768/5139/5075 4817/5162/5098 4816/5159/5095 4767/5136/5072
f 4755/5140/5076 4804/5163/5099 4803/5160/5096 4754/5137/5073
f 4782/5141/5077 4831/5164/5100 4830/5161/5097 4781/5138/5074
f 4769/5142/5078 4818/5165/5101 4817/5162/5098 4768/5139/5075
f 4756/5143/5079 4805/5166/5102 4804/5163/5099 4755/5140/5076
f 4783/5144/5080 4832/5167/5103 4831/5164/5100 4782/5141/5077
f 1408/1615/1615 6029/1696/1696 6030/3122/3122 1457/1645/1645
f 4770/5145/5081 4819/5168/5104 4818/5165/5101 4769/5142/5078
f 4757/5146/5082 4806/5169/5105 4805/5166/5102 4756/5143/5079
f 4784/5147/5083 4833/5170/5106 4832/5167/5103 4783/5144/5080
f 4744/5148/5084 4793/5171/5107 4792/4042/3979 4743/512/512
f 4771/5149/5085 4820/5172/5108 4819/5168/5104 4770/5145/5081
f 4758/5103/5039 4807/5173/5109 4806/5169/5105 4757/5146/5082
f 4785/5105/5041 4834/5174/5110 4833/5170/5106 4784/5147/5083
f 4745/5107/5043 4794/5175/5111 4793/5171/5107 4744/5148/5084
f 4772/5109/5045 4821/5176/5112 4820/5172/5108 4771/5149/5085
f 4759/5102/5038 4808/5177/5113 4807/5173/5109 4758/5103/5039
f 4786/5104/5040 4835/5178/5114 4834/5174/5110 4785/5105/5041
f 4746/5106/5042 4795/5179/5115 4794/5175/5111 4745/5107/5043
f 4773/5108/5044 4822/5180/5116 4821/5176/5112 4772/5109/5045
f 4760/5110/5046 4809/5181/5117 4808/5177/5113 4759/5102/5038
f 4787/5111/5047 4836/5182/5118 4835/5178/5114 4786/5104/5040
f 4747/5112/5048 4796/5183/5119 4795/5179/5115 4746/5106/5042
f 4774/5113/5049 4823/5184/5120 4822/5180/5116 4773/5108/5044
f 4761/5114/5050 4810/5185/5121 4809/5181/5117 4760/5110/5046
f 4788/5115/5051 4837/5186/5122 4836/5182/5118 4787/5111/5047
f 4748/5116/5052 4797/5187/5123 4796/5183/5119 4747/5112/5048
f 4775/5117/5053 4824/5188/5124 4823/5184/5120 4774/5113/5049
f 4762/5118/5054 4811/5189/5125 4810/5185/5121 4761/5114/5050
f 4789/5119/5055 4838/5190/5126 4837/5186/5122 4788/5115/5051
f 4749/5120/5056 4798/5191/5127 4797/5187/5123 4748/5116/5052
f 4776/5121/5057 4825/5192/5128 4824/5188/5124 4775/5117/5053
f 4763/5122/5058 4812/5193/5129 4811/5189/5125 4762/5118/5054
f 4790/5123/5059 4839/5194/5130 4838/5190/5126 4789/5119/5055
f 4750/5124/5060 4799/5195/5131 4798/5191/5127 4749/5120/5056
f 4777/5125/5061 4826/5196/5132 4825/5192/5128 4776/5121/5057
f 4764/5126/5062 4813/5151/5087 4812/5193/5129 4763/5122/5058
f 4791/2581/2581 4840/559/559 4839/5194/5130 4790/5123/5059
f 4751/5127/5063 4800/5153/5089 4799/5195/5131 4750/5124/5060
f 4778/5128/5064 4827/5155/5091 4826/5196/5132 4777/5125/5061
f 4813/5151/5087 4862/5197/5133 4861/5198/5134 4812/5193/5129
f 4840/559/559 4889/562/562 4888/5199/5135 4839/5194/5130
f 4800/5153/5089 4849/5200/5136 4848/5201/5137 4799/5195/5131
f 4827/5155/5091 4876/5202/5138 4875/5203/5139 4826/5196/5132
f 4814/5150/5086 4863/5204/5140 4862/5197/5133 4813/5151/5087
f 527/656/656 5891/2451/2451 5890/1561/1561 478/570/570
f 4801/5152/5088 4850/5205/5141 4849/5200/5136 4800/5153/5089
f 4828/5154/5090 4877/5206/5142 4876/5202/5138 4827/5155/5091
f 4815/5156/5092 4864/5207/5143 4863/5204/5140 4814/5150/5086
f 4802/5157/5093 4851/5208/5144 4850/5205/5141 4801/5152/5088
f 4829/5158/5094 4878/5209/5145 4877/5206/5142 4828/5154/5090
f 4816/5159/5095 4865/5210/5146 4864/5207/5143 4815/5156/5092
f 4803/5160/5096 4852/5211/5147 4851/5208/5144 4802/5157/5093
f 4830/5161/5097 4879/5212/5148 4878/5209/5145 4829/5158/5094
f 4817/5162/5098 4866/5213/5149 4865/5210/5146 4816/5159/5095
f 4804/5163/5099 4853/5214/5150 4852/5211/5147 4803/5160/5096
f 4831/5164/5100 4880/5215/5151 4879/5212/5148 4830/5161/5097
f 4818/5165/5101 4867/5216/5152 4866/5213/5149 4817/5162/5098
f 4805/5166/5102 4854/5217/5153 4853/5214/5150 4804/5163/5099
f 4832/5167/5103 4881/5218/5154 4880/5215/5151 4831/5164/5100
f 4350/1357/1357 6089/1356/1356 6090/2384/2384 4399/2383/2383
f 4819/5168/5104 4868/5219/5155 4867/5216/5152 4818/5165/5101
f 4806/5169/5105 4855/5220/5156 4854/5217/5153 4805/5166/5102
f 4833/5170/5106 4882/5221/5157 4881/5218/5154 4832/5167/5103
f 4793/5171/5107 4842/5222/5158 4841/633/633 4792/4042/3979
f 4820/5172/5108 4869/5223/5159 4868/5219/5155 4819/5168/5104
f 4807/5173/5109 4856/5224/5160 4855/5220/5156 4806/5169/5105
f 4834/5174/5110 4883/5225/5161 4882/5221/5157 4833/5170/5106
f 4794/5175/5111 4843/5226/5162 4842/5222/5158 4793/5171/5107
f 4821/5176/5112 4870/5227/5163 4869/5223/5159 4820/5172/5108
f 4808/5177/5113 4857/5228/5164 4856/5224/5160 4807/5173/5109
f 4835/5178/5114 4884/5229/5165 4883/5225/5161 4834/5174/5110
f 4795/5179/5115 4844/5230/5166 4843/5226/5162 4794/5175/5111
f 4822/5180/5116 4871/5231/5167 4870/5227/5163 4821/5176/5112
f 4809/5181/5117 4858/5232/5168 4857/5228/5164 4808/5177/5113
f 4836/5182/5118 4885/5233/5169 4884/5229/5165 4835/5178/5114
f 4796/5183/5119 4845/5234/5170 4844/5230/5166 4795/5179/5115
f 4823/5184/5120 4872/5235/5171 4871/5231/5167 4822/5180/5116
f 4810/5185/5121 4859/5236/5172 4858/5232/5168 4809/5181/5117
f 4837/5186/5122 4886/5237/5173 4885/5233/5169 4836/5182/5118
f 4797/5187/5123 4846/5238/5174 4845/5234/5170 4796/5183/5119
f 4824/5188/5124 4873/5239/5175 4872/5235/5171 4823/5184/5120
f 4811/5189/5125 4860/5240/5176 4859/5236/5172 4810/5185/5121
f 4838/5190/5126 4887/5241/5177 4886/5237/5173 4837/5186/5122
f 4798/5191/5127 4847/5242/5178 4846/5238/5174 4797/5187/5123
f 4825/5192/5128 4874/5243/5179 4873/5239/5175 4824/5188/5124
f 4812/5193/5129 4861/5198/5134 4860/5240/5176 4811/5189/5125
f 4839/5194/5130 4888/5199/5135 4887/5241/5177 4838/5190/5126
f 4799/5195/5131 4848/5201/5137 4847/5242/5178 4798/5191/5127
f 4826/5196/5132 4875/5203/5139 4874/5243/5179 4825/5192/5128
f 4868/5219/5155 4917/5244/5180 4916/5245/5181 4867/5216/5152
f 4855/5220/5156 4904/5246/5182 4903/5247/5183 4854/5217/5153
f 4882/5221/5157 4931/5248/5184 4930/5249/5185 4881/5218/5154
f 4842/5222/5158 4891/5250/5186 4890/630/630 4841/633/633
f 4869/5223/5159 4918/5251/5187 4917/5244/5180 4868/5219/5155
f 4856/5224/5160 4905/5252/5188 4904/5246/5182 4855/5220/5156
f 4883/5225/5161 4932/5253/5189 4931/5248/5184 4882/5221/5157
f 4843/5226/5162 4892/5254/5190 4891/5250/5186 4842/5222/5158
f 4870/5227/5163 4919/5255/5191 4918/5251/5187 4869/5223/5159
f 4857/5228/5164 4906/5256/5192 4905/5252/5188 4856/5224/5160
f 4884/5229/5165 4933/5257/5193 4932/5253/5189 4883/5225/5161
f 4844/5230/5166 4893/5258/5194 4892/5254/5190 4843/5226/5162
f 4871/5231/5167 4920/5259/5195 4919/5255/5191 4870/5227/5163
f 4858/5232/5168 4907/5260/5196 4906/5256/5192 4857/5228/5164
f 4885/5233/5169 4934/5261/5197 4933/5257/5193 4884/5229/5165
f 4845/5234/5170 4894/5262/5198 4893/5258/5194 4844/5230/5166
f 4872/5235/5171 4921/5263/5199 4920/5259/5195 4871/5231/5167
f 4859/5236/5172 4908/5264/5200 4907/5260/5196 4858/5232/5168
f 4886/5237/5173 4935/5265/5201 4934/5261/5197 4885/5233/5169
f 4846/5238/5174 4895/5266/5202 4894/5262/5198 4845/5234/5170
f 4873/5239/5175 4922/5267/5203 4921/5263/5199 4872/5235/5171
f 4860/5240/5176 4909/5268/5204 4908/5264/5200 4859/5236/5172
f 4887/5241/5177 4936/5269/5205 4935/5265/5201 4886/5237/5173
f 4847/5242/5178 4896/5270/5206 4895/5266/5202 4846/5238/5174
f 4874/5243/5179 4923/5271/5207 4922/5267/5203 4873/5239/5175
f 4861/5198/5134 4910/5272/5208 4909/5268/5204 4860/5240/5176
f 4888/5199/5135 4937/5273/5209 4936/5269/5205 4887/5241/5177
f 4848/5201/5137 4897/5274/5210 4896/5270/5206 4847/5242/5178
f 4875/5203/5139 4924/5275/5211 4923/5271/5207 4874/5243/5179
f 4862/5197/5133 4911/5276/5212 4910/5272/5208 4861/5198/5134
f 4889/562/562 4938/1091/1091 4937/5273/5209 4888/5199/5135
f 4849/5200/5136 4898/5277/5213 4897/5274/5210 4848/5201/5137
f 4876/5202/5138 4925/5278/5214 4924/5275/5211 4875/5203/5139
f 4863/5204/5140 4912/5279/5215 4911/5276/5212 4862/5197/5133
f 4939/2423/2423 5981/2422/2422 5980/631/631 4890/630/630
f 4850/5205/5141 4899/5280/5216 4898/5277/5213 4849/5200/5136
f 4877/5206/5142 4926/5281/5217 4925/5278/5214 4876/5202/5138
f 4864/5207/5143 4913/5282/5218 4912/5279/5215 4863/5204/5140
f 4851/5208/5144 4900/5283/5219 4899/5280/5216 4850/5205/5141
f 4878/5209/5145 4927/5284/5220 4926/5281/5217 4877/5206/5142
f 4865/5210/5146 4914/5285/5221 4913/5282/5218 4864/5207/5143
f 4852/5211/5147 4901/5286/5222 4900/5283/5219 4851/5208/5144
f 4879/5212/5148 4928/5287/5223 4927/5284/5220 4878/5209/5145
f 4866/5213/5149 4915/5288/5224 4914/5285/5221 4865/5210/5146
f 4853/5214/5150 4902/5289/5225 4901/5286/5222 4852/5211/5147
f 4880/5215/5151 4929/5290/5226 4928/5287/5223 4879/5212/5148
f 4867/5216/5152 4916/5245/5181 4915/5288/5224 4866/5213/5149
f 4854/5217/5153 4903/5247/5183 4902/5289/5225 4853/5214/5150
f 4881/5218/5154 4930/5249/5185 4929/5290/5226 4880/5215/5151
f 1065/1187/1187 6022/1438/1438 6023/2129/2129 1114/1273/1273
f 4910/5272/5208 4959/5291/5227 4958/5292/5228 4909/5268/5204
f 4937/5273/5209 4986/5293/5229 4985/5294/5230 4936/5269/5205
f 4897/5274/5210 4946/5295/5231 4945/5296/5232 4896/5270/5206
f 4924/5275/5211 4973/5297/5233 4972/5298/5234 4923/5271/5207
f 4911/5276/5212 4960/5299/5235 4959/5291/5227 4910/5272/5208
f 4938/1091/1091 4987/1094/1094 4986/5293/5229 4937/5273/5209
f 4898/5277/5213 4947/5300/5236 4946/5295/5231 4897/5274/5210
f 4925/5278/5214 4974/5301/5237 4973/5297/5233 4924/5275/5211
f 4912/5279/5215 4961/5302/5238 4960/5299/5235 4911/5276/5212
f 2634/2644/2644 5934/2643/2643 5933/1534/1534 2585/1533/1533
f 4899/5280/5216 4948/5303/5239 4947/5300/5236 4898/5277/5213
f 4926/5281/5217 4975/5304/5240 4974/5301/5237 4925/5278/5214
f 4913/5282/5218 4962/5305/5241 4961/5302/5238 4912/5279/5215
f 4900/5283/5219 4949/5306/5242 4948/5303/5239 4899/5280/5216
f 4927/5284/5220 4976/5307/5243 4975/5304/5240 4926/5281/5217
f 4914/5285/5221 4963/5308/5244 4962/5305/5241 4913/5282/5218
f 4901/5286/5222 4950/5309/5245 4949/5306/5242 4900/5283/5219
f 4928/5287/5223 4977/5310/5246 4976/5307/5243 4927/5284/5220
f 4915/5288/5224 4964/5311/5247 4963/5308/5244 4914/5285/5221
f 4902/5289/5225 4951/5312/5248 4950/5309/5245 4901/5286/5222
f 4929/5290/5226 4978/5313/5249 4977/5310/5246 4928/5287/5223
f 4916/5245/5181 4965/5314/5250 4964/5311/5247 4915/5288/5224
f 4903/5247/5183 4952/5315/5251 4951/5312/5248 4902/5289/5225
f 4930/5249/5185 4979/5316/5252 4978/5313/5249 4929/5290/5226
f 330/362/362 6007/1776/1776 6008/2691/2691 379/446/446
f 4917/5244/5180 4966/5317/5253 4965/5314/5250 4916/5245/5181
f 4904/5246/5182 4953/5318/5254 4952/5315/5251 4903/5247/5183
f 4931/5248/5184 4980/5319/5255 4979/5316/5252 4930/5249/5185
f 4891/5250/5186 4940/5320/5256 4939/2423/2423 4890/630/630
f 4918/5251/5187 4967/5321/5257 4966/5317/5253 4917/5244/5180
f 4905/5252/5188 4954/5322/5258 4953/5318/5254 4904/5246/5182
f 4932/5253/5189 4981/5323/5259 4980/5319/5255 4931/5248/5184
f 4892/5254/5190 4941/5324/5260 4940/5320/5256 4891/5250/5186
f 4919/5255/5191 4968/5325/5261 4967/5321/5257 4918/5251/5187
f 4906/5256/5192 4955/5326/5262 4954/5322/5258 4905/5252/5188
f 4933/5257/5193 4982/5327/5263 4981/5323/5259 4932/5253/5189
f 4893/5258/5194 4942/5328/5264 4941/5324/5260 4892/5254/5190
f 4920/5259/5195 4969/5329/5265 4968/5325/5261 4919/5255/5191
f 4907/5260/5196 4956/5330/5266 4955/5326/5262 4906/5256/5192
f 4934/5261/5197 4983/5331/5267 4982/5327/5263 4933/5257/5193
f 4894/5262/5198 4943/5332/5268 4942/5328/5264 4893/5258/5194
f 4921/5263/5199 4970/5333/5269 4969/5329/5265 4920/5259/5195
f 4908/5264/5200 4957/5334/5270 4956/5330/5266 4907/5260/5196
f 4935/5265/5201 4984/5335/5271 4983/5331/5267 4934/5261/5197
f 4895/5266/5202 4944/5336/5272 4943/5332/5268 4894/5262/5198
f 4922/5267/5203 4971/5337/5273 4970/5333/5269 4921/5263/5199
f 4909/5268/5204 4958/5292/5228 4957/5334/5270 4908/5264/5200
f 4936/5269/5205 4985/5294/5230 4984/5335/5271 4935/5265/5201
f 4896/5270/5206 4945/5296/5232 4944/5336/5272 4895/5266/5202
f 4923/5271/5207 4972/5298/5234 4971/5337/5273 4922/5267/5203
f 4965/5314/5250 5014/5338/5274 5013/5339/5275 4964/5311/5247
f 4952/5315/5251 5001/5340/5276 5000/5341/5277 4951/5312/5248
f 4979/5316/5252 5028/5342/5278 5027/5343/5279 4978/5313/5249
f 2437/2748/2748 6050/5344/5280 6051/2912/2912 2486/2762/2762
f 4966/5317/5253 5015/5345/5281 5014/5338/5274 4965/5314/5250
f 4953/5318/5254 5002/5346/5282 5001/5340/5276 4952/5315/5251
f 4980/5319/5255 5029/5347/5283 5028/5342/5278 4979/5316/5252
f 4940/5320/5256 4989/5348/5284 4988/2420/2420 4939/2423/2423
f 4967/5321/5257 5016/5349/5285 5015/5345/5281 4966/5317/5253
f 4954/5322/5258 5003/5350/5286 5002/5346/5282 4953/5318/5254
f 4981/5323/5259 5030/5351/5287 5029/5347/5283 4980/5319/5255
f 4941/5324/5260 4990/5352/5288 4989/5348/5284 4940/5320/5256
f 4968/5325/5261 5017/5353/5289 5016/5349/5285 4967/5321/5257
f 4955/5326/5262 5004/5354/5290 5003/5350/5286 4954/5322/5258
f 4982/5327/5263 5031/5355/5291 5030/5351/5287 4981/5323/5259
f 4942/5328/5264 4991/5356/5292 4990/5352/5288 4941/5324/5260
f 4969/5329/5265 5018/5357/5293 5017/5353/5289 4968/5325/5261
f 4956/5330/5266 5005/5358/5294 5004/5354/5290 4955/5326/5262
f 4983/5331/5267 5032/5359/5295 5031/5355/5291 4982/5327/5263
f 4943/5332/5268 4992/5360/5296 4991/5356/5292 4942/5328/5264
f 4970/5333/5269 5019/5361/5297 5018/5357/5293 4969/5329/5265
f 4957/5334/5270 5006/5362/5298 5005/5358/5294 4956/5330/5266
f 4984/5335/5271 5033/5363/5299 5032/5359/5295 4983/5331/5267
f 4944/5336/5272 4993/5364/5300 4992/5360/5296 4943/5332/5268
f 4971/5337/5273 5020/5365/5301 5019/5361/5297 4970/5333/5269
f 4958/5292/5228 5007/5366/5302 5006/5362/5298 4957/5334/5270
f 4985/5294/5230 5034/5367/5303 5033/5363/5299 4984/5335/5271
f 4945/5296/5232 4994/5368/5304 4993/5364/5300 4944/5336/5272
f 4972/5298/5234 5021/5369/5305 5020/5365/5301 4971/5337/5273
f 4959/5291/5227 5008/5370/5306 5007/5366/5302 4958/5292/5228
f 4986/5293/5229 5035/5371/5307 5034/5367/5303 4985/5294/5230
f 4946/5295/5231 4995/5372/5308 4994/5368/5304 4945/5296/5232
f 4973/5297/5233 5022/5373/5309 5021/5369/5305 4972/5298/5234
f 4960/5299/5235 5009/5374/5310 5008/5370/5306 4959/5291/5227
f 4987/1094/1094 5036/1901/1901 5035/5371/5307 4986/5293/5229
f 4947/5300/5236 4996/5375/5311 4995/5372/5308 4946/5295/5231
f 4974/5301/5237 5023/5376/5312 5022/5373/5309 4973/5297/5233
f 4961/5302/5238 5010/5377/5313 5009/5374/5310 4960/5299/5235
f 5282/2563/2563 5988/2562/2562 5987/1760/1760 5233/1759/1759
f 4948/5303/5239 4997/5378/5314 4996/5375/5311 4947/5300/5236
f 4975/5304/5240 5024/5379/5315 5023/5376/5312 4974/5301/5237
f 4962/5305/5241 5011/5380/5316 5010/5377/5313 4961/5302/5238
f 4949/5306/5242 4998/5381/5317 4997/5378/5314 4948/5303/5239
f 4976/5307/5243 5025/5382/5318 5024/5379/5315 4975/5304/5240
f 4963/5308/5244 5012/5383/5319 5011/5380/5316 4962/5305/5241
f 4950/5309/5245 4999/5384/5320 4998/5381/5317 4949/5306/5242
f 4977/5310/5246 5026/5385/5321 5025/5382/5318 4976/5307/5243
f 4964/5311/5247 5013/5339/5275 5012/5383/5319 4963/5308/5244
f 4951/5312/5248 5000/5341/5277 4999/5384/5320 4950/5309/5245
f 4978/5313/5249 5027/5343/5279 5026/5385/5321 4977/5310/5246
f 5007/5366/5302 5056/5386/5322 5055/5387/5323 5006/5362/5298
f 5034/5367/5303 5083/5388/5324 5082/5389/5325 5033/5363/5299
f 4994/5368/5304 5043/5390/5326 5042/5391/5327 4993/5364/5300
f 5021/5369/5305 5070/5392/5328 5069/5393/5329 5020/5365/5301
f 5008/5370/5306 5057/5394/5330 5056/5386/5322 5007/5366/5302
f 5035/5371/5307 5084/5395/5331 5083/5388/5324 5034/5367/5303
f 4995/5372/5308 5044/5396/5332 5043/5390/5326 4994/5368/5304
f 5022/5373/5309 5071/5397/5333 5070/5392/5328 5021/5369/5305
f 5009/5374/5310 5058/5398/5334 5057/5394/5330 5008/5370/5306
f 5036/1901/1901 5085/1904/1904 5084/5395/5331 5035/5371/5307
f 4996/5375/5311 5045/5399/5335 5044/5396/5332 4995/5372/5308
f 5023/5376/5312 5072/5400/5336 5071/5397/5333 5022/5373/5309
f 5010/5377/5313 5059/5401/5337 5058/5398/5334 5009/5374/5310
f 5772/133/133 5998/132/132 5997/1678/1678 5723/1677/1677
f 4997/5378/5314 5046/5402/5338 5045/5399/5335 4996/5375/5311
f 5024/5379/5315 5073/5403/5339 5072/5400/5336 5023/5376/5312
f 5011/5380/5316 5060/5404/5340 5059/5401/5337 5010/5377/5313
f 4998/5381/5317 5047/5405/5341 5046/5402/5338 4997/5378/5314
f 5025/5382/5318 5074/5406/5342 5073/5403/5339 5024/5379/5315
f 5012/5383/5319 5061/5407/5343 5060/5404/5340 5011/5380/5316
f 4999/5384/5320 5048/5408/5344 5047/5405/5341 4998/5381/5317
f 5026/5385/5321 5075/5409/5345 5074/5406/5342 5025/5382/5318
f 5013/5339/5275 5062/5410/5346 5061/5407/5343 5012/5383/5319
f 5000/5341/5277 5049/5411/5347 5048/5408/5344 4999/5384/5320
f 5027/5343/5279 5076/5412/5348 5075/5409/5345 5026/5385/5321
f 5014/5338/5274 5063/5413/5349 5062/5410/5346 5013/5339/5275
f 5001/5340/5276 5050/5414/5350 5049/5411/5347 5000/5341/5277
f 5028/5342/5278 5077/5415/5351 5076/5412/5348 5027/5343/5279
f 2290/1465/1465 6047/1464/1464 6048/2271/2271 2339/2270/2270
f 5015/5345/5281 5064/5416/5352 5063/5413/5349 5014/5338/5274
f 5002/5346/5282 5051/5417/5353 5050/5414/5350 5001/5340/5276
f 5029/5347/5283 5078/5418/5354 5077/5415/5351 5028/5342/5278
f 4989/5348/5284 5038/5419/5355 5037/3188/3188 4988/2420/2420
f 5016/5349/5285 5065/5420/5356 5064/5416/5352 5015/5345/5281
f 5003/5350/5286 5052/5421/5357 5051/5417/5353 5002/5346/5282
f 5030/5351/5287 5079/5422/5358 5078/5418/5354 5029/5347/5283
f 4990/5352/5288 5039/5423/5359 5038/5419/5355 4989/5348/5284
f 5017/5353/5289 5066/5424/5360 5065/5420/5356 5016/5349/5285
f 5004/5354/5290 5053/5425/5361 5052/5421/5357 5003/5350/5286
f 5031/5355/5291 5080/5426/5362 5079/5422/5358 5030/5351/5287
f 4991/5356/5292 5040/5427/5363 5039/5423/5359 4990/5352/5288
f 5018/5357/5293 5067/5428/5364 5066/5424/5360 5017/5353/5289
f 5005/5358/5294 5054/5429/5365 5053/5425/5361 5004/5354/5290
f 5032/5359/5295 5081/5430/5366 5080/5426/5362 5031/5355/5291
f 4992/5360/5296 5041/5431/5367 5040/5427/5363 4991/5356/5292
f 5019/5361/5297 5068/5432/5368 5067/5428/5364 5018/5357/5293
f 5006/5362/5298 5055/5387/5323 5054/5429/5365 5005/5358/5294
f 5033/5363/5299 5082/5389/5325 5081/5430/5366 5032/5359/5295
f 4993/5364/5300 5042/5391/5327 5041/5431/5367 4992/5360/5296
f 5020/5365/5301 5069/5393/5329 5068/5432/5368 5019/5361/5297
f 5062/5410/5346 5111/5433/5369 5110/5434/5370 5061/5407/5343
f 5049/5411/5347 5098/5435/5371 5097/5436/5372 5048/5408/5344
f 5076/5412/5348 5125/5437/5373 5124/5438/5374 5075/5409/5345
f 5063/5413/5349 5112/5439/5375 5111/5433/5369 5062/5410/5346
f 5050/5414/5350 5099/5440/5376 5098/5435/5371 5049/5411/5347
f 5077/5415/5351 5126/5441/5377 5125/5437/5373 5076/5412/5348
f 4693/1667/1667 6096/1666/1666 6097/2579/2579 4742/2578/2578
f 5064/5416/5352 5113/5442/5378 5112/5439/5375 5063/5413/5349
f 5051/5417/5353 5100/5443/5379 5099/5440/5376 5050/5414/5350
f 5078/5418/5354 5127/5444/5380 5126/5441/5377 5077/5415/5351
f 5038/5419/5355 5087/5445/5381 5086/751/751 5037/3188/3188
f 5065/5420/5356 5114/5446/5382 5113/5442/5378 5064/5416/5352
f 5052/5421/5357 5101/5447/5383 5100/5443/5379 5051/5417/5353
f 5079/5422/5358 5128/5448/5384 5127/5444/5380 5078/5418/5354
f 5039/5423/5359 5088/5449/5385 5087/5445/5381 5038/5419/5355
f 5066/5424/5360 5115/5450/5386 5114/5446/5382 5065/5420/5356
f 5053/5425/5361 5102/5451/5387 5101/5447/5383 5052/5421/5357
f 5080/5426/5362 5129/5452/5388 5128/5448/5384 5079/5422/5358
f 5040/5427/5363 5089/5453/5389 5088/5449/5385 5039/5423/5359
f 5067/5428/5364 5116/5454/5390 5115/5450/5386 5066/5424/5360
f 5054/5429/5365 5103/5455/5391 5102/5451/5387 5053/5425/5361
f 5081/5430/5366 5130/5456/5392 5129/5452/5388 5080/5426/5362
f 5041/5431/5367 5090/5457/5393 5089/5453/5389 5040/5427/5363
f 5068/5432/5368 5117/5458/5394 5116/5454/5390 5067/5428/5364
f 5055/5387/5323 5104/5459/5395 5103/5455/5391 5054/5429/5365
f 5082/5389/5325 5131/5460/5396 5130/5456/5392 5081/5430/5366
f 5042/5391/5327 5091/5461/5397 5090/5457/5393 5041/5431/5367
f 5069/5393/5329 5118/5462/5398 5117/5458/5394 5068/5432/5368
f 5056/5386/5322 5105/5463/5399 5104/5459/5395 5055/5387/5323
f 5083/5388/5324 5132/5464/5400 5131/5460/5396 5082/5389/5325
f 5043/5390/5326 5092/5465/5401 5091/5461/5397 5042/5391/5327
f 5070/5392/5328 5119/5466/5402 5118/5462/5398 5069/5393/5329
f 5057/5394/5330 5106/5467/5403 5105/5463/5399 5056/5386/5322
f 5084/5395/5331 5133/5468/5404 5132/5464/5400 5083/5388/5324
f 5044/5396/5332 5093/5469/5405 5092/5465/5401 5043/5390/5326
f 5071/5397/5333 5120/5470/5406 5119/5466/5402 5070/5392/5328
f 5058/5398/5334 5107/5471/5407 5106/5467/5403 5057/5394/5330
f 5085/1904/1904 5134/2885/2885 5133/5468/5404 5084/5395/5331
f 5045/5399/5335 5094/5472/5408 5093/5469/5405 5044/5396/5332
f 5072/5400/5336 5121/5473/5409 5120/5470/5406 5071/5397/5333
f 5059/5401/5337 5108/5474/5410 5107/5471/5407 5058/5398/5334
f 3566/2676/2676 5953/2675/2675 5952/1789/1789 3517/1788/1788
f 5046/5402/5338 5095/5475/5411 5094/5472/5408 5045/5399/5335
f 5073/5403/5339 5122/5476/5412 5121/5473/5409 5072/5400/5336
f 5060/5404/5340 5109/5477/5413 5108/5474/5410 5059/5401/5337
f 5047/5405/5341 5096/5478/5414 5095/5475/5411 5046/5402/5338
f 5074/5406/5342 5123/5479/5415 5122/5476/5412 5073/5403/5339
f 5061/5407/5343 5110/5434/5370 5109/5477/5413 5060/5404/5340
f 5048/5408/5344 5097/5436/5372 5096/5478/5414 5047/5405/5341
f 5075/5409/5345 5124/5438/5374 5123/5479/5415 5074/5406/5342
f 5104/5459/5395 5153/5480/5416 5152/5481/5417 5103/5455/5391
f 5131/5460/5396 5180/5482/5418 5179/5483/5419 5130/5456/5392
f 5091/5461/5397 5140/5484/5420 5139/5485/5421 5090/5457/5393
f 5118/5462/5398 5167/5486/5422 5166/5487/5423 5117/5458/5394
f 5105/5463/5399 5154/5488/5424 5153/5480/5416 5104/5459/5395
f 5132/5464/5400 5181/5489/5425 5180/5482/5418 5131/5460/5396
f 5092/5465/5401 5141/5490/5426 5140/5484/5420 5091/5461/5397
f 5119/5466/5402 5168/5491/5427 5167/5486/5422 5118/5462/5398
f 5106/5467/5403 5155/5492/5428 5154/5488/5424 5105/5463/5399
f 5133/5468/5404 5182/5493/5429 5181/5489/5425 5132/5464/5400
f 5093/5469/5405 5142/5494/5430 5141/5490/5426 5092/5465/5401
f 5120/5470/5406 5169/5495/5431 5168/5491/5427 5119/5466/5402
f 5107/5471/5407 5156/5496/5432 5155/5492/5428 5106/5467/5403
f 5134/2885/2885 5183/266/266 5182/5493/5429 5133/5468/5404
f 5094/5472/5408 5143/5497/5433 5142/5494/5430 5093/5469/5405
f 5121/5473/5409 5170/5498/5434 5169/5495/5431 5120/5470/5406
f 5108/5474/5410 5157/5499/5435 5156/5496/5432 5107/5471/5407
f 3909/2870/2870 5960/2869/2869 5959/2112/2112 3860/2111/2111
f 5095/5475/5411 5144/5500/5436 5143/5497/5433 5094/5472/5408
f 5122/5476/5412 5171/5501/5437 5170/5498/5434 5121/5473/5409
f 5109/5477/5413 5158/5502/5438 5157/5499/5435 5108/5474/5410
f 5096/5478/5414 5145/5503/5439 5144/5500/5436 5095/5475/5411
f 5123/5479/5415 5172/5504/5440 5171/5501/5437 5122/5476/5412
f 5110/5434/5370 5159/5505/5441 5158/5502/5438 5109/5477/5413
f 5097/5436/5372 5146/5506/5442 5145/5503/5439 5096/5478/5414
f 5124/5438/5374 5173/5507/5443 5172/5504/5440 5123/5479/5415
f 5111/5433/5369 5160/5508/5444 5159/5505/5441 5110/5434/5370
f 5098/5435/5371 5147/5509/5445 5146/5506/5442 5097/5436/5372
f 5125/5437/5373 5174/5510/5446 5173/5507/5443 5124/5438/5374
f 5112/5439/5375 5161/5511/5447 5160/5508/5444 5111/5433/5369
f 5099/5440/5376 5148/5512/5448 5147/5509/5445 5098/5435/5371
f 5126/5441/5377 5175/5513/5449 5174/5510/5446 5125/5437/5373
f 5085/1904/1904 6104/1903/1903 6105/2886/2886 5134/2885/2885
f 5113/5442/5378 5162/5514/5450 5161/5511/5447 5112/5439/5375
f 5100/5443/5379 5149/5515/5451 5148/5512/5448 5099/5440/5376
f 5127/5444/5380 5176/5516/5452 5175/5513/5449 5126/5441/5377
f 5087/5445/5381 5136/5517/5453 5135/748/748 5086/751/751
f 5114/5446/5382 5163/5518/5454 5162/5514/5450 5113/5442/5378
f 5101/5447/5383 5150/5519/5455 5149/5515/5451 5100/5443/5379
f 5128/5448/5384 5177/5520/5456 5176/5516/5452 5127/5444/5380
f 5088/5449/5385 5137/5521/5457 5136/5517/5453 5087/5445/5381
f 5115/5450/5386 5164/5522/5458 5163/5518/5454 5114/5446/5382
f 5102/5451/5387 5151/5523/5459 5150/5519/5455 5101/5447/5383
f 5129/5452/5388 5178/5524/5460 5177/5520/5456 5128/5448/5384
f 5089/5453/5389 5138/5525/5461 5137/5521/5457 5088/5449/5385
f 5116/5454/5390 5165/5526/5462 5164/5522/5458 5115/5450/5386
f 5103/5455/5391 5152/5481/5417 5151/5523/5459 5102/5451/5387
f 5130/5456/5392 5179/5483/5419 5178/5524/5460 5129/5452/5388
f 5090/5457/5393 5139/5485/5421 5138/5525/5461 5089/5453/5389
f 5117/5458/5394 5166/5487/5423 5165/5526/5462 5116/5454/5390
f 5159/5505/5441 5208/5527/5463 5207/5528/5464 5158/5502/5438
f 5146/5506/5442 5195/5529/5465 5194/5530/5466 5145/5503/5439
f 5173/5507/5443 5222/5531/5467 5221/5532/5468 5172/5504/5440
f 5160/5508/5444 5209/5533/5469 5208/5527/5463 5159/5505/5441
f 5147/5509/5445 5196/5534/5470 5195/5529/5465 5146/5506/5442
f 5174/5510/5446 5223/5535/5471 5222/5531/5467 5173/5507/5443
f 5161/5511/5447 5210/5536/5472 5209/5533/5469 5160/5508/5444
f 5148/5512/5448 5197/5537/5473 5196/5534/5470 5147/5509/5445
f 5175/5513/5449 5224/5538/5474 5223/5535/5471 5174/5510/5446
f 5428/1991/1991 6111/1990/1990 6112/3754/3691 5477/3753/3690
f 5162/5514/5450 5211/5539/5475 5210/5536/5472 5161/5511/5447
f 5149/5515/5451 5198/5540/5476 5197/5537/5473 5148/5512/5448
f 5176/5516/5452 5225/5541/5477 5224/5538/5474 5175/5513/5449
f 5136/5517/5453 5185/5542/5478 5184/1762/1762 5135/748/748
f 5163/5518/5454 5212/5543/5479 5211/5539/5475 5162/5514/5450
f 5150/5519/5455 5199/5544/5480 5198/5540/5476 5149/5515/5451
f 5177/5520/5456 5226/5545/5481 5225/5541/5477 5176/5516/5452
f 5137/5521/5457 5186/5546/5482 5185/5542/5478 5136/5517/5453
f 5164/5522/5458 5213/5547/5483 5212/5543/5479 5163/5518/5454
f 5151/5523/5459 5200/5548/5484 5199/5544/5480 5150/5519/5455
f 5178/5524/5460 5227/5549/5485 5226/5545/5481 5177/5520/5456
f 5138/5525/5461 5187/5550/5486 5186/5546/5482 5137/5521/5457
f 5165/5526/5462 5214/5551/5487 5213/5547/5483 5164/5522/5458
f 5152/5481/5417 5201/5552/5488 5200/5548/5484 5151/5523/5459
f 5179/5483/5419 5228/5553/5489 5227/5549/5485 5178/5524/5460
f 5139/5485/5421 5188/5554/5490 5187/5550/5486 5138/5525/5461
f 5166/5487/5423 5215/5555/5491 5214/5551/5487 5165/5526/5462
f 5153/5480/5416 5202/5556/5492 5201/5552/5488 5152/5481/5417
f 5180/5482/5418 5229/5557/5493 5228/5553/5489 5179/5483/5419
f 5140/5484/5420 5189/5558/5494 5188/5554/5490 5139/5485/5421
f 5167/5486/5422 5216/5559/5495 5215/5555/5491 5166/5487/5423
f 5154/5488/5424 5203/5560/5496 5202/5556/5492 5153/5480/5416
f 5181/5489/5425 5230/5561/5497 5229/5557/5493 5180/5482/5418
f 5141/5490/5426 5190/5562/5498 5189/5558/5494 5140/5484/5420
f 5168/5491/5427 5217/5563/5499 5216/5559/5495 5167/5486/5422
f 5155/5492/5428 5204/5564/5500 5203/5560/5496 5154/5488/5424
f 5182/5493/5429 5231/5565/5501 5230/5561/5497 5181/5489/5425
f 5142/5494/5430 5191/5566/5502 5190/5562/5498 5141/5490/5426
f 5169/5495/5431 5218/5567/5503 5217/5563/5499 5168/5491/5427
f 5156/5496/5432 5205/5568/5504 5204/5564/5500 5155/5492/5428
f 5183/266/266 5232/269/269 5231/5565/5501 5182/5493/5429
f 5143/5497/5433 5192/5569/5505 5191/5566/5502 5142/5494/5430
f 5170/5498/5434 5219/5570/5506 5218/5567/5503 5169/5495/5431
f 5157/5499/5435 5206/5571/5507 5205/5568/5504 5156/5496/5432
f 1017/1217/1217 5901/2766/2766 5900/1972/1972 968/1130/1130
f 5144/5500/5436 5193/5572/5508 5192/5569/5505 5143/5497/5433
f 5171/5501/5437 5220/5573/5509 5219/5570/5506 5170/5498/5434
f 5158/5502/5438 5207/5528/5464 5206/5571/5507 5157/5499/5435
f 5145/5503/5439 5194/5530/5466 5193/5572/5508 5144/5500/5436
f 5172/5504/5440 5221/5532/5468 5220/5573/5509 5171/5501/5437
f 5201/5552/5488 5250/5574/5510 5249/5575/5511 5200/5548/5484
f 5228/5553/5489 5277/5576/5512 5276/5577/5513 5227/5549/5485
f 5188/5554/5490 5237/5578/5514 5236/5579/5515 5187/5550/5486
f 5215/5555/5491 5264/5580/5516 5263/5581/5517 5214/5551/5487
f 5202/5556/5492 5251/5582/5518 5250/5574/5510 5201/5552/5488
f 5229/5557/5493 5278/5583/5519 5277/5576/5512 5228/5553/5489
f 5189/5558/5494 5238/5584/5520 5237/5578/5514 5188/5554/5490
f 5216/5559/5495 5265/5585/5521 5264/5580/5516 5215/5555/5491
f 5203/5560/5496 5252/5586/5522 5251/5582/5518 5202/5556/5492
f 5230/5561/5497 5279/5587/5523 5278/5583/5519 5229/5557/5493
f 5190/5562/5498 5239/5588/5524 5238/5584/5520 5189/5558/5494
f 5217/5563/5499 5266/5589/5525 5265/5585/5521 5216/5559/5495
f 5204/5564/5500 5253/5590/5526 5252/5586/5522 5203/5560/5496
f 5231/5565/5501 5280/5591/5527 5279/5587/5523 5230/5561/5497
f 5191/5566/5502 5240/5592/5528 5239/5588/5524 5190/5562/5498
f 5218/5567/5503 5267/5593/5529 5266/5589/5525 5217/5563/5499
f 5205/5568/5504 5254/5594/5530 5253/5590/5526 5204/5564/5500
f 5232/269/269 5281/1551/1551 5280/5591/5527 5231/5565/5501
f 5192/5569/5505 5241/5595/5531 5240/5592/5528 5191/5566/5502
f 5219/5570/5506 5268/5596/5532 5267/5593/5529 5218/5567/5503
f 5206/5571/5507 5255/5597/5533 5254/5594/5530 5205/5568/5504
f 2977/2083/2083 5941/2082/2082 5940/5598/1874 2928/3390/1873
f 5193/5572/5508 5242/5599/5534 5241/5595/5531 5192/5569/5505
f 5220/5573/5509 5269/5600/5535 5268/5596/5532 5219/5570/5506
f 5207/5528/5464 5256/5601/5536 5255/5597/5533 5206/5571/5507
f 5194/5530/5466 5243/5602/5537 5242/5599/5534 5193/5572/5508
f 5221/5532/5468 5270/5603/5538 5269/5600/5535 5220/5573/5509
f 5208/5527/5463 5257/5604/5539 5256/5601/5536 5207/5528/5464
f 5195/5529/5465 5244/5605/5540 5243/5602/5537 5194/5530/5466
f 5222/5531/5467 5271/5606/5541 5270/5603/5538 5221/5532/5468
f 5209/5533/5469 5258/5607/5542 5257/5604/5539 5208/5527/5463
f 5196/5534/5470 5245/5608/5543 5244/5605/5540 5195/5529/5465
f 5223/5535/5471 5272/5609/5544 5271/5606/5541 5222/5531/5467
f 5210/5536/5472 5259/5610/5545 5258/5607/5542 5209/5533/5469
f 5197/5537/5473 5246/5611/5546 5245/5608/5543 5196/5534/5470
f 5224/5538/5474 5273/5612/5547 5272/5609/5544 5223/5535/5471
f 1702/1936/1936 6035/2357/2357 6036/2990/2990 1751/1968/1968
f 5211/5539/5475 5260/5613/5548 5259/5610/5545 5210/5536/5472
f 5198/5540/5476 5247/5614/5549 5246/5611/5546 5197/5537/5473
f 5225/5541/5477 5274/5615/5550 5273/5612/5547 5224/5538/5474
f 5185/5542/5478 5234/5616/5551 5233/1759/1759 5184/1762/1762
f 5212/5543/5479 5261/5617/5552 5260/5613/5548 5211/5539/5475
f 5199/5544/5480 5248/5618/5553 5247/5614/5549 5198/5540/5476
f 5226/5545/5481 5275/5619/5554 5274/5615/5550 5225/5541/5477
f 5186/5546/5482 5235/5620/5555 5234/5616/5551 5185/5542/5478
f 5213/5547/5483 5262/5621/5556 5261/5617/5552 5212/5543/5479
f 5200/5548/5484 5249/5575/5511 5248/5618/5553 5199/5544/5480
f 5227/5549/5485 5276/5577/5513 5275/5619/5554 5226/5545/5481
f 5187/5550/5486 5236/5579/5515 5235/5620/5555 5186/5546/5482
f 5214/5551/5487 5263/5581/5517 5262/5621/5556 5213/5547/5483
f 5256/5601/5536 5305/5622/5557 5304/5623/5558 5255/5597/5533
f 5243/5602/5537 5292/5624/5559 5291/5625/5560 5242/5599/5534
f 5270/5603/5538 5319/5626/5561 5318/5627/5562 5269/5600/5535
f 5257/5604/5539 5306/5628/5563 5305/5622/5557 5256/5601/5536
f 5244/5605/5540 5293/5629/5564 5292/5624/5559 5243/5602/5537
f 5271/5606/5541 5320/5630/5565 5319/5626/5561 5270/5603/5538
f 5258/5607/5542 5307/5631/5566 5306/5628/5563 5257/5604/5539
f 5245/5608/5543 5294/5632/5567 5293/5629/5564 5244/5605/5540
f 5272/5609/5544 5321/5633/5568 5320/5630/5565 5271/5606/5541
f 5259/5610/5545 5308/5634/5569 5307/5631/5566 5258/5607/5542
f 5246/5611/5546 5295/5635/5570 5294/5632/5567 5245/5608/5543
f 5273/5612/5547 5322/5636/5571 5321/5633/5568 5272/5609/5544
f 673/744/744 6014/1837/1837 6015/2806/2806 722/828/828
f 5260/5613/5548 5309/5637/5572 5308/5634/5569 5259/5610/5545
f 5247/5614/5549 5296/5638/5573 5295/5635/5570 5246/5611/5546
f 5274/5615/5550 5323/5639/5574 5322/5636/5571 5273/5612/5547
f 5234/5616/5551 5283/5640/5575 5282/2563/2563 5233/1759/1759
f 5261/5617/5552 5310/5641/5576 5309/5637/5572 5260/5613/5548
f 5248/5618/5553 5297/5642/5577 5296/5638/5573 5247/5614/5549
f 5275/5619/5554 5324/5643/5578 5323/5639/5574 5274/5615/5550
f 5235/5620/5555 5284/5644/5579 5283/5640/5575 5234/5616/5551
f 5262/5621/5556 5311/5645/5580 5310/5641/5576 5261/5617/5552
f 5249/5575/5511 5298/5646/5581 5297/5642/5577 5248/5618/5553
f 5276/5577/5513 5325/5647/5582 5324/5643/5578 5275/5619/5554
f 5236/5579/5515 5285/5648/5583 5284/5644/5579 5235/5620/5555
f 5263/5581/5517 5312/5649/5584 5311/5645/5580 5262/5621/5556
f 5250/5574/5510 5299/5650/5585 5298/5646/5581 5249/5575/5511
f 5277/5576/5512 5326/5651/5586 5325/5647/5582 5276/5577/5513
f 5237/5578/5514 5286/5652/5587 5285/5648/5583 5236/5579/5515
f 5264/5580/5516 5313/5653/5588 5312/5649/5584 5263/5581/5517
f 5251/5582/5518 5300/5654/5589 5299/5650/5585 5250/5574/5510
f 5278/5583/5519 5327/5655/5590 5326/5651/5586 5277/5576/5512
f 5238/5584/5520 5287/5656/5591 5286/5652/5587 5237/5578/5514
f 5265/5585/5521 5314/5657/5592 5313/5653/5588 5264/5580/5516
f 5252/5586/5522 5301/5658/5593 5300/5654/5589 5251/5582/5518
f 5279/5587/5523 5328/5659/5594 5327/5655/5590 5278/5583/5519
f 5239/5588/5524 5288/5660/5595 5287/5656/5591 5238/5584/5520
f 5266/5589/5525 5315/5661/5596 5314/5657/5592 5265/5585/5521
f 5253/5590/5526 5302/5662/5597 5301/5658/5593 5252/5586/5522
f 5280/5591/5527 5329/5663/5598 5328/5659/5594 5279/5587/5523
f 5240/5592/5528 5289/5664/5599 5288/5660/5595 5239/5588/5524
f 5267/5593/5529 5316/5665/5600 5315/5661/5596 5266/5589/5525
f 5254/5594/5530 5303/5666/5601 5302/5662/5597 5253/5590/5526
f 5281/1551/1551 5330/1554/1554 5329/5663/5598 5280/5591/5527
f 5241/5595/5531 5290/5667/5602 5289/5664/5599 5240/5592/5528
f 5268/5596/5532 5317/5668/5603 5316/5665/5600 5267/5593/5529
f 5255/5597/5533 5304/5623/5558 5303/5666/5601 5254/5594/5530
f 2242/2586/2586 5926/3081/3081 5925/2193/2193 2193/2192/2192
f 5242/5599/5534 5291/5625/5560 5290/5667/5602 5241/5595/5531
f 5269/5600/5535 5318/5627/5562 5317/5668/5603 5268/5596/5532
f 5298/5646/5581 5347/5669/5604 5346/5670/5605 5297/5642/5577
f 5325/5647/5582 5374/5671/5606 5373/5672/5607 5324/5643/5578
f 5285/5648/5583 5334/5673/5608 5333/5674/5609 5284/5644/5579
f 5312/5649/5584 5361/5675/5610 5360/5676/5611 5311/5645/5580
f 5299/5650/5585 5348/5677/5612 5347/5669/5604 5298/5646/5581
f 5326/5651/5586 5375/5678/5613 5374/5671/5606 5325/5647/5582
f 5286/5652/5587 5335/5679/5614 5334/5673/5608 5285/5648/5583
f 5313/5653/5588 5362/5680/5615 5361/5675/5610 5312/5649/5584
f 5300/5654/5589 5349/5681/5616 5348/5677/5612 5299/5650/5585
f 5327/5655/5590 5376/5682/5617 5375/5678/5613 5326/5651/5586
f 5287/5656/5591 5336/5683/5618 5335/5679/5614 5286/5652/5587
f 5314/5657/5592 5363/5684/5619 5362/5680/5615 5313/5653/5588
f 5301/5658/5593 5350/5685/5620 5349/5681/5616 5300/5654/5589
f 5328/5659/5594 5377/5686/5621 5376/5682/5617 5327/5655/5590
f 5288/5660/5595 5337/5687/5622 5336/5683/5618 5287/5656/5591
f 5315/5661/5596 5364/5688/5623 5363/5684/5619 5314/5657/5592
f 5302/5662/5597 5351/5689/5624 5350/5685/5620 5301/5658/5593
f 5329/5663/5598 5378/5690/5625 5377/5686/5621 5328/5659/5594
f 5289/5664/5599 5338/5691/5626 5337/5687/5622 5288/5660/5595
f 5316/5665/5600 5365/5692/5627 5364/5688/5623 5315/5661/5596
f 5303/5666/5601 5352/5693/5628 5351/5689/5624 5302/5662/5597
f 5330/1554/1554 5379/1988/1988 5378/5690/5625 5329/5663/5598
f 5290/5667/5602 5339/5694/5629 5338/5691/5626 5289/5664/5599
f 5317/5668/5603 5366/5695/5630 5365/5692/5627 5316/5665/5600
f 5304/5623/5558 5353/5696/5631 5352/5693/5628 5303/5666/5601
f 5870/12/12 6000/2698/2698 5999/131/131 5821/130/130
f 5291/5625/5560 5340/5697/5632 5339/5694/5629 5290/5667/5602
f 5318/5627/5562 5367/5698/5633 5366/5695/5630 5317/5668/5603
f 5305/5622/5557 5354/5699/5634 5353/5696/5631 5304/5623/5558
f 5292/5624/5559 5341/5700/5635 5340/5697/5632 5291/5625/5560
f 5319/5626/5561 5368/5701/5636 5367/5698/5633 5318/5627/5562
f 5306/5628/5563 5355/5702/5637 5354/5699/5634 5305/5622/5557
f 5293/5629/5564 5342/5703/5638 5341/5700/5635 5292/5624/5559
f 5320/5630/5565 5369/5704/5639 5368/5701/5636 5319/5626/5561
f 5307/5631/5566 5356/5705/5640 5355/5702/5637 5306/5628/5563
f 5294/5632/5567 5343/5706/5641 5342/5703/5638 5293/5629/5564
f 5321/5633/5568 5370/5707/5642 5369/5704/5639 5320/5630/5565
f 5308/5634/5569 5357/5708/5643 5356/5705/5640 5307/5631/5566
f 5295/5635/5570 5344/5709/5644 5343/5706/5641 5294/5632/5567
f 5322/5636/5571 5371/5710/5645 5370/5707/5642 5321/5633/5568
f 3712/2497/2497 6076/2496/2496 6077/3227/3227 3761/3226/3226
f 5309/5637/5572 5358/5711/5646 5357/5708/5643 5308/5634/5569
f 5296/5638/5573 5345/5712/5647 5344/5709/5644 5295/5635/5570
f 5323/5639/5574 5372/5713/5648 5371/5710/5645 5322/5636/5571
f 5283/5640/5575 5332/5714/5649 5331/2560/2560 5282/2563/2563
f 5310/5641/5576 5359/5715/5650 5358/5711/5646 5309/5637/5572
f 5297/5642/5577 5346/5670/5605 5345/5712/5647 5296/5638/5573
f 5324/5643/5578 5373/5672/5607 5372/5713/5648 5323/5639/5574
f 5284/5644/5579 5333/5674/5609 5332/5714/5649 5283/5640/5575
f 5311/5645/5580 5360/5676/5611 5359/5715/5650 5310/5641/5576
f 5353/5696/5631 5402/5716/5651 5401/5717/5652 5352/5693/5628
f 4645/3157/3157 5975/3156/3156 5974/2340/2340 4596/2339/2339
f 5340/5697/5632 5389/5718/5653 5388/5719/5654 5339/5694/5629
f 5367/5698/5633 5416/5720/5655 5415/5721/5656 5366/5695/5630
f 5354/5699/5634 5403/5722/5657 5402/5716/5651 5353/5696/5631
f 5341/5700/5635 5390/5723/5658 5389/5718/5653 5340/5697/5632
f 5368/5701/5636 5417/5724/5659 5416/5720/5655 5367/5698/5633
f 5355/5702/5637 5404/5725/5660 5403/5722/5657 5354/5699/5634
f 5342/5703/5638 5391/5726/5661 5390/5723/5658 5341/5700/5635
f 5369/5704/5639 5418/5727/5662 5417/5724/5659 5368/5701/5636
f 5356/5705/5640 5405/5728/5663 5404/5725/5660 5355/5702/5637
f 5343/5706/5641 5392/5729/5664 5391/5726/5661 5342/5703/5638
f 5370/5707/5642 5419/5730/5665 5418/5727/5662 5369/5704/5639
f 5357/5708/5643 5406/5731/5666 5405/5728/5663 5356/5705/5640
f 5344/5709/5644 5393/5732/5667 5392/5729/5664 5343/5706/5641
f 5371/5710/5645 5420/5733/5668 5419/5730/5665 5370/5707/5642
f 3369/2020/2020 6069/2019/2019 6070/3016/3016 3418/3015/3015
f 5358/5711/5646 5407/5734/5669 5406/5731/5666 5357/5708/5643
f 5345/5712/5647 5394/5735/5670 5393/5732/5667 5344/5709/5644
f 5372/5713/5648 5421/5736/5671 5420/5733/5668 5371/5710/5645
f 5332/5714/5649 5381/5737/5672 5380/3562/3499 5331/2560/2560
f 5359/5715/5650 5408/5738/5673 5407/5734/5669 5358/5711/5646
f 5346/5670/5605 5395/5739/5674 5394/5735/5670 5345/5712/5647
f 5373/5672/5607 5422/5740/5675 5421/5736/5671 5372/5713/5648
f 5333/5674/5609 5382/5741/5676 5381/5737/5672 5332/5714/5649
f 5360/5676/5611 5409/5742/5677 5408/5738/5673 5359/5715/5650
f 5347/5669/5604 5396/5743/5678 5395/5739/5674 5346/5670/5605
f 5374/5671/5606 5423/5744/5679 5422/5740/5675 5373/5672/5607
f 5334/5673/5608 5383/5745/5680 5382/5741/5676 5333/5674/5609
f 5361/5675/5610 5410/5746/5681 5409/5742/5677 5360/5676/5611
f 5348/5677/5612 5397/5747/5682 5396/5743/5678 5347/5669/5604
f 5375/5678/5613 5424/5748/5683 5423/5744/5679 5374/5671/5606
f 5335/5679/5614 5384/5749/5684 5383/5745/5680 5334/5673/5608
f 5362/5680/5615 5411/5750/5685 5410/5746/5681 5361/5675/5610
f 5349/5681/5616 5398/5751/5686 5397/5747/5682 5348/5677/5612
f 5376/5682/5617 5425/5752/5687 5424/5748/5683 5375/5678/5613
f 5336/5683/5618 5385/5753/5688 5384/5749/5684 5335/5679/5614
f 5363/5684/5619 5412/5754/5689 5411/5750/5685 5362/5680/5615
f 5350/5685/5620 5399/5755/5690 5398/5751/5686 5349/5681/5616
f 5377/5686/5621 5426/5756/5691 5425/5752/5687 5376/5682/5617
f 5337/5687/5622 5386/5757/5692 5385/5753/5688 5336/5683/5618
f 5364/5688/5623 5413/5758/5693 5412/5754/5689 5363/5684/5619
f 5351/5689/5624 5400/5759/5694 5399/5755/5690 5350/5685/5620
f 5378/5690/5625 5427/5760/5695 5426/5756/5691 5377/5686/5621
f 5338/5691/5626 5387/5761/5696 5386/5757/5692 5337/5687/5622
f 5365/5692/5627 5414/5762/5697 5413/5758/5693 5364/5688/5623
f 5352/5693/5628 5401/5717/5652 5400/5759/5694 5351/5689/5624
f 5379/1988/1988 5428/1991/1991 5427/5760/5695 5378/5690/5625
f 5339/5694/5629 5388/5719/5654 5387/5761/5696 5338/5691/5626
f 5366/5695/5630 5415/5721/5656 5414/5762/5697 5365/5692/5627
f 5395/5739/5674 5444/5763/5698 5443/5764/5699 5394/5735/5670
f 5422/5740/5675 5471/5765/5700 5470/5766/5701 5421/5736/5671
f 5382/5741/5676 5431/5767/5702 5430/5768/5703 5381/5737/5672
f 5409/5742/5677 5458/5769/5704 5457/5770/5705 5408/5738/5673
f 5396/5743/5678 5445/5771/5706 5444/5763/5698 5395/5739/5674
f 5423/5744/5679 5472/5772/5707 5471/5765/5700 5422/5740/5675
f 5383/5745/5680 5432/5773/5708 5431/5767/5702 5382/5741/5676
f 5410/5746/5681 5459/5774/5709 5458/5769/5704 5409/5742/5677
f 5397/5747/5682 5446/5775/5710 5445/5771/5706 5396/5743/5678
f 5424/5748/5683 5473/5776/5711 5472/5772/5707 5423/5744/5679
f 5384/5749/5684 5433/5777/5712 5432/5773/5708 5383/5745/5680
f 5411/5750/5685 5460/5778/5713 5459/5774/5709 5410/5746/5681
f 5398/5751/5686 5447/5779/5714 5446/5775/5710 5397/5747/5682
f 5425/5752/5687 5474/5780/5715 5473/5776/5711 5424/5748/5683
f 5385/5753/5688 5434/5781/5716 5433/5777/5712 5384/5749/5684
f 5412/5754/5689 5461/5782/5717 5460/5778/5713 5411/5750/5685
f 5399/5755/5690 5448/5783/5718 5447/5779/5714 5398/5751/5686
f 5426/5756/5691 5475/5784/5719 5474/5780/5715 5425/5752/5687
f 5386/5757/5692 5435/5785/5720 5434/5781/5716 5385/5753/5688
f 5413/5758/5693 5462/5786/5721 5461/5782/5717 5412/5754/5689
f 5400/5759/5694 5449/5787/5722 5448/5783/5718 5399/5755/5690
f 5427/5760/5695 5476/5788/5723 5475/5784/5719 5426/5756/5691
f 5387/5761/5696 5436/5789/5724 5435/5785/5720 5386/5757/5692
f 5414/5762/5697 5463/5790/5725 5462/5786/5721 5413/5758/5693
f 5401/5717/5652 5450/5791/5726 5449/5787/5722 5400/5759/5694
f 5428/1991/1991 5477/3753/3690 5476/5788/5723 5427/5760/5695
f 5388/5719/5654 5437/5792/5727 5436/5789/5724 5387/5761/5696
f 5415/5721/5656 5464/5793/5728 5463/5790/5725 5414/5762/5697
f 5402/5716/5651 5451/5794/5729 5450/5791/5726 5401/5717/5652
f 1360/1588/1588 5908/2947/2947 5907/2225/2225 1311/1559/1559
f 5389/5718/5653 5438/5795/5730 5437/5792/5727 5388/5719/5654
f 5416/5720/5655 5465/5796/5731 5464/5793/5728 5415/5721/5656
f 5403/5722/5657 5452/5797/5732 5451/5794/5729 5402/5716/5651
f 5390/5723/5658 5439/5798/5733 5438/5795/5730 5389/5718/5653
f 5417/5724/5659 5466/5799/5734 5465/5796/5731 5416/5720/5655
f 5404/5725/5660 5453/5800/5735 5452/5797/5732 5403/5722/5657
f 5391/5726/5661 5440/5801/5736 5439/5798/5733 5390/5723/5658
f 5418/5727/5662 5467/5802/5737 5466/5799/5734 5417/5724/5659
f 5405/5728/5663 5454/5803/5738 5453/5800/5735 5404/5725/5660
f 5392/5729/5664 5441/5804/5739 5440/5801/5736 5391/5726/5661
f 5419/5730/5665 5468/5805/5740 5467/5802/5737 5418/5727/5662
f 5406/5731/5666 5455/5806/5741 5454/5803/5738 5405/5728/5663
f 5393/5732/5667 5442/5807/5742 5441/5804/5739 5392/5729/5664
f 5420/5733/5668 5469/5808/5743 5468/5805/5740 5419/5730/5665
f 2045/2243/2243 6042/2242/2242 6043/3602/3539 2094/2335/2335
f 5407/5734/5669 5456/5809/5744 5455/5806/5741 5406/5731/5666
f 5394/5735/5670 5443/5764/5699 5442/5807/5742 5393/5732/5667
f 5421/5736/5671 5470/5766/5701 5469/5808/5743 5420/5733/5668
f 5381/5737/5672 5430/5768/5703 5429/949/949 5380/3562/3499
f 5408/5738/5673 5457/5770/5705 5456/5809/5744 5407/5734/5669
f 5450/5791/5726 5499/5810/5745 5498/5811/5746 5449/5787/5722
f 5477/3753/3690 5526/3756/3693 5525/5812/5747 5476/5788/5723
f 5437/5792/5727 5486/5813/5748 5485/5814/5749 5436/5789/5724
f 5464/5793/5728 5513/5815/5750 5512/5816/5751 5463/5790/5725
f 5451/5794/5729 5500/5817/5752 5499/5810/5745 5450/5791/5726
f 282/391/391 5886/3318/3291 5885/2531/2531 233/302/302
f 5438/5795/5730 5487/5818/5753 5486/5813/5748 5437/5792/5727
f 5465/5796/5731 5514/5819/5754 5513/5815/5750 5464/5793/5728
f 5452/5797/5732 5501/5820/5755 5500/5817/5752 5451/5794/5729
f 5439/5798/5733 5488/5821/5756 5487/5818/5753 5438/5795/5730
f 5466/5799/5734 5515/5822/5757 5514/5819/5754 5465/5796/5731
f 5453/5800/5735 5502/5823/5758 5501/5820/5755 5452/5797/5732
f 5440/5801/5736 5489/5824/5759 5488/5821/5756 5439/5798/5733
f 5467/5802/5737 5516/5825/5760 5515/5822/5757 5466/5799/5734
f 5454/5803/5738 5503/5826/5761 5502/5823/5758 5453/5800/5735
f 5441/5804/5739 5490/5827/5762 5489/5824/5759 5440/5801/5736
f 5468/5805/5740 5517/5828/5763 5516/5825/5760 5467/5802/5737
f 5455/5806/5741 5504/5829/5764 5503/5826/5761 5454/5803/5738
f 5442/5807/5742 5491/5830/5765 5490/5827/5762 5441/5804/5739
f 5469/5808/5743 5518/5831/5766 5517/5828/5763 5468/5805/5740
f 4105/2717/2717 6084/2716/2716 6085/3341/3307 4154/3340/3306
f 5456/5809/5744 5505/5832/5767 5504/5829/5764 5455/5806/5741
f 5443/5764/5699 5492/5833/5768 5491/5830/5765 5442/5807/5742
f 5470/5766/5701 5519/5834/5769 5518/5831/5766 5469/5808/5743
f 5430/5768/5703 5479/5835/5770 5478/946/946 5429/949/949
f 5457/5770/5705 5506/5836/5771 5505/5832/5767 5456/5809/5744
f 5444/5763/5698 5493/5837/5772 5492/5833/5768 5443/5764/5699
f 5471/5765/5700 5520/5838/5773 5519/5834/5769 5470/5766/5701
f 5431/5767/5702 5480/5839/5774 5479/5835/5770 5430/5768/5703
f 5458/5769/5704 5507/5840/5775 5506/5836/5771 5457/5770/5705
f 5445/5771/5706 5494/5841/5776 5493/5837/5772 5444/5763/5698
f 5472/5772/5707 5521/5842/5777 5520/5838/5773 5471/5765/5700
f 5432/5773/5708 5481/5843/5778 5480/5839/5774 5431/5767/5702
f 5459/5774/5709 5508/5844/5779 5507/5840/5775 5458/5769/5704
f 5446/5775/5710 5495/5845/5780 5494/5841/5776 5445/5771/5706
f 5473/5776/5711 5522/5846/5781 5521/5842/5777 5472/5772/5707
f 5433/5777/5712 5482/5847/5782 5481/5843/5778 5432/5773/5708
f 5460/5778/5713 5509/5848/5783 5508/5844/5779 5459/5774/5709
f 5447/5779/5714 5496/5849/5784 5495/5845/5780 5446/5775/5710
f 5474/5780/5715 5523/5850/5785 5522/5846/5781 5473/5776/5711
f 5434/5781/5716 5483/5851/5786 5482/5847/5782 5433/5777/5712
f 5461/5782/5717 5510/5852/5787 5509/5848/5783 5460/5778/5713
f 5448/5783/5718 5497/5853/5788 5496/5849/5784 5447/5779/5714
f 5475/5784/5719 5524/5854/5789 5523/5850/5785 5474/5780/5715
f 5435/5785/5720 5484/5855/5790 5483/5851/5786 5434/5781/5716
f 5462/5786/5721 5511/5856/5791 5510/5852/5787 5461/5782/5717
f 5449/5787/5722 5498/5811/5746 5497/5853/5788 5448/5783/5718
f 5476/5788/5723 5525/5812/5747 5524/5854/5789 5475/5784/5719
f 5436/5789/5724 5485/5814/5749 5484/5855/5790 5435/5785/5720
f 5463/5790/5725 5512/5816/5751 5511/5856/5791 5462/5786/5721
f 5492/5833/5768 5541/5857/5792 5540/5858/5793 5491/5830/5765
f 5519/5834/5769 5568/5859/5794 5567/5860/5795 5518/5831/5766
f 5479/5835/5770 5528/5861/5796 5527/1942/1942 5478/946/946
f 5506/5836/5771 5555/5862/5797 5554/5863/5798 5505/5832/5767
f 5493/5837/5772 5542/5864/5799 5541/5857/5792 5492/5833/5768
f 5520/5838/5773 5569/5865/5800 5568/5859/5794 5519/5834/5769
f 5480/5839/5774 5529/5866/5801 5528/5861/5796 5479/5835/5770
f 5507/5840/5775 5556/5867/5802 5555/5862/5797 5506/5836/5771
f 5494/5841/5776 5543/5868/5803 5542/5864/5799 5493/5837/5772
f 5521/5842/5777 5570/5869/5804 5569/5865/5800 5520/5838/5773
f 5481/5843/5778 5530/5870/5805 5529/5866/5801 5480/5839/5774
f 5508/5844/5779 5557/5871/5806 5556/5867/5802 5507/5840/5775
f 5495/5845/5780 5544/5872/5807 5543/5868/5803 5494/5841/5776
f 5522/5846/5781 5571/5873/5808 5570/5869/5804 5521/5842/5777
f 5482/5847/5782 5531/5874/5809 5530/5870/5805 5481/5843/5778
f 5509/5848/5783 5558/5875/5810 5557/5871/5806 5508/5844/5779
f 5496/5849/5784 5545/5876/5811 5544/5872/5807 5495/5845/5780
f 5523/5850/5785 5572/5877/5812 5571/5873/5808 5522/5846/5781
f 5483/5851/5786 5532/5878/5813 5531/5874/5809 5482/5847/5782
f 5510/5852/5787 5559/5879/5814 5558/5875/5810 5509/5848/5783
f 5497/5853/5788 5546/5880/5815 5545/5876/5811 5496/5849/5784
f 5524/5854/5789 5573/5881/5816 5572/5877/5812 5523/5850/5785
f 5484/5855/5790 5533/5882/5817 5532/5878/5813 5483/5851/5786
f 5511/5856/5791 5560/5883/5818 5559/5879/5814 5510/5852/5787
f 5498/5811/5746 5547/5884/5819 5546/5880/5815 5497/5853/5788
f 5525/5812/5747 5574/5885/5820 5573/5881/5816 5524/5854/5789
f 5485/5814/5749 5534/5886/5821 5533/5882/5817 5484/5855/5790
f 5512/5816/5751 5561/5887/5822 5560/5883/5818 5511/5856/5791
f 5499/5810/5745 5548/5888/5823 5547/5884/5819 5498/5811/5746
f 5526/3756/3693 5575/4281/4217 5574/5885/5820 5525/5812/5747
f 5486/5813/5748 5535/5889/5824 5534/5886/5821 5485/5814/5749
f 5513/5815/5750 5562/5890/5825 5561/5887/5822 5512/5816/5751
f 5500/5817/5752 5549/5891/5826 5548/5888/5823 5499/5810/5745
f 625/774/774 5893/3356/3316 5892/2450/2450 576/687/687
f 5487/5818/5753 5536/5892/5827 5535/5889/5824 5486/5813/5748
f 5514/5819/5754 5563/5893/5828 5562/5890/5825 5513/5815/5750
f 5501/5820/5755 5550/5894/5829 5549/5891/5826 5500/5817/5752
f 5488/5821/5756 5537/5895/5830 5536/5892/5827 5487/5818/5753
f 5515/5822/5757 5564/5896/5831 5563/5893/5828 5514/5819/5754
f 5502/5823/5758 5551/5897/5832 5550/5894/5829 5501/5820/5755
f 5489/5824/5759 5538/5898/5833 5537/5895/5830 5488/5821/5756
f 5516/5825/5760 5565/5899/5834 5564/5896/5831 5515/5822/5757
f 5503/5826/5761 5552/5900/5835 5551/5897/5832 5502/5823/5758
f 5490/5827/5762 5539/5901/5836 5538/5898/5833 5489/5824/5759
f 5517/5828/5763 5566/5902/5837 5565/5899/5834 5516/5825/5760
f 5504/5829/5764 5553/5903/5838 5552/5900/5835 5503/5826/5761
f 5491/5830/5765 5540/5858/5793 5539/5901/5836 5490/5827/5762
f 5518/5831/5766 5567/5860/5795 5566/5902/5837 5517/5828/5763
f 3123/2211/2211 6064/2210/2210 6065/3498/3435 3172/3497/3434
f 5505/5832/5767 5554/5863/5798 5553/5903/5838 5504/5829/5764
f 5547/5884/5819 5596/5904/5839 5595/5905/5840 5546/5880/5815
f 5574/5885/5820 5623/5906/5841 5622/5907/5842 5573/5881/5816
f 5534/5886/5821 5583/5908/5843 5582/5909/5844 5533/5882/5817
f 5561/5887/5822 5610/5910/5845 5609/5911/5846 5560/5883/5818
f 5548/5888/5823 5597/5912/5847 5596/5904/5839 5547/5884/5819
f 5575/4281/4217 5624/2606/2606 5623/5906/5841 5574/5885/5820
f 5535/5889/5824 5584/5913/5848 5583/5908/5843 5534/5886/5821
f 5562/5890/5825 5611/5914/5849 5610/5910/5845 5561/5887/5822
f 5549/5891/5826 5598/5915/5850 5597/5912/5847 5548/5888/5823
f 5037/3188/3188 5983/3187/3187 5982/2421/2421 4988/2420/2420
f 5536/5892/5827 5585/5916/5851 5584/5913/5848 5535/5889/5824
f 5563/5893/5828 5612/5917/5852 5611/5914/5849 5562/5890/5825
f 5550/5894/5829 5599/5918/5853 5598/5915/5850 5549/5891/5826
f 5537/5895/5830 5586/5919/5854 5585/5916/5851 5536/5892/5827
f 5564/5896/5831 5613/5920/5855 5612/5917/5852 5563/5893/5828
f 5551/5897/5832 5600/5921/5856 5599/5918/5853 5550/5894/5829
f 5538/5898/5833 5587/5922/5857 5586/5919/5854 5537/5895/5830
f 5565/5899/5834 5614/5923/5858 5613/5920/5855 5564/5896/5831
f 5552/5900/5835 5601/5924/5859 5600/5921/5856 5551/5897/5832
f 5539/5901/5836 5588/5925/5860 5587/5922/5857 5538/5898/5833
f 5566/5902/5837 5615/5926/5861 5614/5923/5858 5565/5899/5834
f 5553/5903/5838 5602/5927/5862 5601/5924/5859 5552/5900/5835
f 5540/5858/5793 5589/5928/5863 5588/5925/5860 5539/5901/5836
f 5567/5860/5795 5616/5929/5864 5615/5926/5861 5566/5902/5837
f 1506/1669/1669 6031/3123/3123 6032/3857/3794 1555/1755/1755
f 5554/5863/5798 5603/5930/5865 5602/5927/5862 5553/5903/5838
f 5541/5857/5792 5590/5931/5866 5589/5928/5863 5540/5858/5793
f 5568/5859/5794 5617/5932/5867 5616/5929/5864 5567/5860/5795
f 5528/5861/5796 5577/5933/5868 5576/1939/1939 5527/1942/1942
f 5555/5862/5797 5604/5934/5869 5603/5930/5865 5554/5863/5798
f 5542/5864/5799 5591/5935/5870 5590/5931/5866 5541/5857/5792
f 5569/5865/5800 5618/5936/5871 5617/5932/5867 5568/5859/5794
f 5529/5866/5801 5578/5937/5872 5577/5933/5868 5528/5861/5796
f 5556/5867/5802 5605/5938/5873 5604/5934/5869 5555/5862/5797
f 5543/5868/5803 5592/5939/5874 5591/5935/5870 5542/5864/5799
f 5570/5869/5804 5619/5940/5875 5618/5936/5871 5569/5865/5800
f 5530/5870/5805 5579/5941/5876 5578/5937/5872 5529/5866/5801
f 5557/5871/5806 5606/5942/5877 5605/5938/5873 5556/5867/5802
f 5544/5872/5807 5593/5943/5878 5592/5939/5874 5543/5868/5803
f 5571/5873/5808 5620/5944/5879 5619/5940/5875 5570/5869/5804
f 5531/5874/5809 5580/5945/5880 5579/5941/5876 5530/5870/5805
f 5558/5875/5810 5607/5946/5881 5606/5942/5877 5557/5871/5806
f 5545/5876/5811 5594/5947/5882 5593/5943/5878 5544/5872/5807
f 5572/5877/5812 5621/5948/5883 5620/5944/5879 5571/5873/5808
f 5532/5878/5813 5581/5949/5884 5580/5945/5880 5531/5874/5809
f 5559/5879/5814 5608/5950/5885 5607/5946/5881 5558/5875/5810
f 5546/5880/5815 5595/5905/5840 5594/5947/5882 5545/5876/5811
f 5573/5881/5816 5622/5907/5842 5621/5948/5883 5572/5877/5812
f 5533/5882/5817 5582/5909/5844 5581/5949/5884 5532/5878/5813
f 5560/5883/5818 5609/5911/5846 5608/5950/5885 5559/5879/5814
f 5619/5940/5875 5668/5951/5886 5667/5952/5887 5618/5936/5871
f 5579/5941/5876 5628/5953/5888 5627/5954/5889 5578/5937/5872
f 5606/5942/5877 5655/5955/5890 5654/5956/5891 5605/5938/5873
f 4448/2386/2386 6091/2385/2385 6092/3783/3720 4497/3782/3719
f 5593/5943/5878 5642/5957/5892 5641/5958/5893 5592/5939/5874
f 5620/5944/5879 5669/5959/5894 5668/5951/5886 5619/5940/5875
f 5580/5945/5880 5629/5960/5895 5628/5953/5888 5579/5941/5876
f 5607/5946/5881 5656/5961/5896 5655/5955/5890 5606/5942/5877
f 5577/5933/5868 5626/5962/5897 5625/4368/4304 5576/1939/1939
f 5594/5947/5882 5643/5963/5898 5642/5957/5892 5593/5943/5878
f 5621/5948/5883 5670/5964/5899 5669/5959/5894 5620/5944/5879
f 5581/5949/5884 5630/5965/5900 5629/5960/5895 5580/5945/5880
f 5608/5950/5885 5657/5966/5901 5656/5961/5896 5607/5946/5881
f 5578/5937/5872 5627/5954/5889 5626/5962/5897 5577/5933/5868
f 5595/5905/5840 5644/5967/5902 5643/5963/5898 5594/5947/5882
f 5622/5907/5842 5671/5968/5903 5670/5964/5899 5621/5948/5883
f 5582/5909/5844 5631/5969/5904 5630/5965/5900 5581/5949/5884
f 5609/5911/5846 5658/5970/5905 5657/5966/5901 5608/5950/5885
f 5596/5904/5839 5645/5971/5906 5644/5967/5902 5595/5905/5840
f 5623/5906/5841 5672/5972/5907 5671/5968/5903 5622/5907/5842
f 5583/5908/5843 5632/5973/5908 5631/5969/5904 5582/5909/5844
f 5610/5910/5845 5659/5974/5909 5658/5970/5905 5609/5911/5846
f 5597/5912/5847 5646/5975/5910 5645/5971/5906 5596/5904/5839
f 5624/2606/2606 5673/648/648 5672/5972/5907 5623/5906/5841
f 5584/5913/5848 5633/5976/5911 5632/5973/5908 5583/5908/5843
f 5611/5914/5849 5660/5977/5912 5659/5974/5909 5610/5910/5845
f 5598/5915/5850 5647/5978/5913 5646/5975/5910 5597/5912/5847
f 3321/3458/3395 5948/3457/3394 5947/5130/5066 3272/3683/3620
f 5585/5916/5851 5634/5979/5914 5633/5976/5911 5584/5913/5848
f 5612/5917/5852 5661/5980/5915 5660/5977/5912 5611/5914/5849
f 5599/5918/5853 5648/5981/5916 5647/5978/5913 5598/5915/5850
f 5586/5919/5854 5635/5982/5917 5634/5979/5914 5585/5916/5851
f 5613/5920/5855 5662/5983/5918 5661/5980/5915 5612/5917/5852
f 5600/5921/5856 5649/5984/5919 5648/5981/5916 5599/5918/5853
f 5587/5922/5857 5636/5985/5920 5635/5982/5917 5586/5919/5854
f 5614/5923/5858 5663/5986/5921 5662/5983/5918 5613/5920/5855
f 5601/5924/5859 5650/5987/5922 5649/5984/5919 5600/5921/5856
f 5588/5925/5860 5637/5988/5923 5636/5985/5920 5587/5922/5857
f 5615/5926/5861 5664/5989/5924 5663/5986/5921 5614/5923/5858
f 5602/5927/5862 5651/5990/5925 5650/5987/5922 5601/5924/5859
f 5589/5928/5863 5638/5991/5926 5637/5988/5923 5588/5925/5860
f 5616/5929/5864 5665/5992/5927 5664/5989/5924 5615/5926/5861
f 5603/5930/5865 5652/5993/5928 5651/5990/5925 5602/5927/5862
f 5590/5931/5866 5639/5994/5929 5638/5991/5926 5589/5928/5863
f 5617/5932/5867 5666/5995/5930 5665/5992/5927 5616/5929/5864
f 5604/5934/5869 5653/5996/5931 5652/5993/5928 5603/5930/5865
f 5591/5935/5870 5640/5997/5932 5639/5994/5929 5590/5931/5866
f 5618/5936/5871 5667/5952/5887 5666/5995/5930 5617/5932/5867
f 5605/5938/5873 5654/5956/5891 5653/5996/5931 5604/5934/5869
f 5592/5939/5874 5641/5958/5893 5640/5997/5932 5591/5935/5870
f 5634/5979/5914 5683/5998/5933 5682/5999/5934 5633/5976/5911
f 5661/5980/5915 5710/6000/5935 5709/6001/5936 5660/5977/5912
f 5648/5981/5916 5697/6002/5937 5696/6003/5938 5647/5978/5913
f 5635/5982/5917 5684/6004/5939 5683/5998/5933 5634/5979/5914
f 5662/5983/5918 5711/6005/5940 5710/6000/5935 5661/5980/5915
f 5649/5984/5919 5698/6006/5941 5697/6002/5937 5648/5981/5916
f 5636/5985/5920 5685/6007/5942 5684/6004/5939 5635/5982/5917
f 5663/5986/5921 5712/6008/5943 5711/6005/5940 5662/5983/5918
f 5650/5987/5922 5699/6009/5944 5698/6006/5941 5649/5984/5919
f 5637/5988/5923 5686/6010/5945 5685/6007/5942 5636/5985/5920
f 5664/5989/5924 5713/6011/5946 5712/6008/5943 5663/5986/5921
f 5651/5990/5925 5700/6012/5947 5699/6009/5944 5650/5987/5922
f 5638/5991/5926 5687/6013/5948 5686/6010/5945 5637/5988/5923
f 5665/5992/5927 5714/6014/5949 5713/6011/5946 5664/5989/5924
f 4791/2581/2581 6098/2580/2580 6099/560/560 4840/559/559
f 5652/5993/5928 5701/6015/5950 5700/6012/5947 5651/5990/5925
f 5639/5994/5929 5688/6016/5951 5687/6013/5948 5638/5991/5926
f 5666/5995/5930 5715/6017/5952 5714/6014/5949 5665/5992/5927
f 5626/5962/5897 5675/6018/5953 5674/1680/1680 5625/4368/4304
f 5653/5996/5931 5702/6019/5954 5701/6015/5950 5652/5993/5928
f 5640/5997/5932 5689/6020/5955 5688/6016/5951 5639/5994/5929
f 5667/5952/5887 5716/6021/5956 5715/6017/5952 5666/5995/5930
f 5627/5954/5889 5676/6022/5957 5675/6018/5953 5626/5962/5897
f 5654/5956/5891 5703/6023/5958 5702/6019/5954 5653/5996/5931
f 5641/5958/5893 5690/6024/5959 5689/6020/5955 5640/5997/5932
f 5668/5951/5886 5717/6025/5960 5716/6021/5956 5667/5952/5887
f 5628/5953/5888 5677/6026/5961 5676/6022/5957 5627/5954/5889
f 5655/5955/5890 5704/6027/5962 5703/6023/5958 5654/5956/5891
f 5642/5957/5892 5691/6028/5963 5690/6024/5959 5641/5958/5893
f 5669/5959/5894 5718/6029/5964 5717/6025/5960 5668/5951/5886
f 5629/5960/5895 5678/6030/5965 5677/6026/5961 5628/5953/5888
f 5656/5961/5896 5705/6031/5966 5704/6027/5962 5655/5955/5890
f 5643/5963/5898 5692/6032/5967 5691/6028/5963 5642/5957/5892
f 5670/5964/5899 5719/6033/5968 5718/6029/5964 5669/5959/5894
f 5630/5965/5900 5679/6034/5969 5678/6030/5965 5629/5960/5895
f 5657/5966/5901 5706/6035/5970 5705/6031/5966 5656/5961/5896
f 5644/5967/5902 5693/6036/5971 5692/6032/5967 5643/5963/5898
f 5671/5968/5903 5720/6037/5972 5719/6033/5968 5670/5964/5899
f 5631/5969/5904 5680/6038/5973 5679/6034/5969 5630/5965/5900
f 5658/5970/5905 5707/6039/5974 5706/6035/5970 5657/5966/5901
f 5645/5971/5906 5694/6040/5975 5693/6036/5971 5644/5967/5902
f 5672/5972/5907 5721/6041/5976 5720/6037/5972 5671/5968/5903
f 5632/5973/5908 5681/6042/5977 5680/6038/5973 5631/5969/5904
f 5659/5974/5909 5708/6043/5978 5707/6039/5974 5658/5970/5905
f 5646/5975/5910 5695/6044/5979 5694/6040/5975 5645/5971/5906
f 5673/648/648 5722/651/651 5721/6041/5976 5672/5972/5907
f 5633/5976/5911 5682/5999/5934 5681/6042/5977 5632/5973/5908
f 5660/5977/5912 5709/6001/5936 5708/6043/5978 5659/5974/5909
f 5647/5978/5913 5696/6003/5938 5695/6044/5979 5646/5975/5910
f 2732/3102/3102 5936/3635/3572 5935/2642/2642 2683/2641/2641
f 5716/6021/5956 5765/6045/5980 5764/6046/5981 5715/6017/5952
f 5676/6022/5957 5725/6047/5982 5724/6048/5983 5675/6018/5953
f 5703/6023/5958 5752/6049/5984 5751/6050/5985 5702/6019/5954
f 5690/6024/5959 5739/6051/5986 5738/6052/5987 5689/6020/5955
f 5717/6025/5960 5766/6053/5988 5765/6045/5980 5716/6021/5956
f 5677/6026/5961 5726/6054/5989 5725/6047/5982 5676/6022/5957
f 5704/6027/5962 5753/6055/5990 5752/6049/5984 5703/6023/5958
f 5691/6028/5963 5740/6056/5991 5739/6051/5986 5690/6024/5959
f 5718/6029/5964 5767/6057/5992 5766/6053/5988 5717/6025/5960
f 5678/6030/5965 5727/6058/5993 5726/6054/5989 5677/6026/5961
f 5705/6031/5966 5754/6059/5994 5753/6055/5990 5704/6027/5962
f 5692/6032/5967 5741/6060/5995 5740/6056/5991 5691/6028/5963
f 5719/6033/5968 5768/6061/5996 5767/6057/5992 5718/6029/5964
f 5679/6034/5969 5728/6062/5997 5727/6058/5993 5678/6030/5965
f 5706/6035/5970 5755/6063/5998 5754/6059/5994 5705/6031/5966
f 5693/6036/5971 5742/6064/5999 5741/6060/5995 5692/6032/5967
f 5720/6037/5972 5769/6065/6000 5768/6061/5996 5719/6033/5968
f 5680/6038/5973 5729/6066/6001 5728/6062/5997 5679/6034/5969
f 5707/6039/5974 5756/6067/6002 5755/6063/5998 5706/6035/5970
f 5694/6040/5975 5743/6068/6003 5742/6064/5999 5693/6036/5971
f 5721/6041/5976 5770/6069/6004 5769/6065/6000 5720/6037/5972
f 5681/6042/5977 5730/6070/6005 5729/6066/6001 5680/6038/5973
f 5708/6043/5978 5757/6071/6006 5756/6067/6002 5707/6039/5974
f 5695/6044/5979 5744/6072/6007 5743/6068/6003 5694/6040/5975
f 5722/651/651 5771/908/908 5770/6069/6004 5721/6041/5976
f 5682/5999/5934 5731/6073/6008 5730/6070/6005 5681/6042/5977
f 5709/6001/5936 5758/6074/6009 5757/6071/6006 5708/6043/5978
f 5696/6003/5938 5745/6075/6010 5744/6072/6007 5695/6044/5979
f 5380/3562/3499 5990/3561/3498 5989/2561/2561 5331/2560/2560
f 5683/5998/5933 5732/6076/6011 5731/6073/6008 5682/5999/5934
f 5710/6000/5935 5759/6077/6012 5758/6074/6009 5709/6001/5936
f 5697/6002/5937 5746/6078/6013 5745/6075/6010 5696/6003/5938
f 5684/6004/5939 5733/6079/6014 5732/6076/6011 5683/5998/5933
f 5711/6005/5940 5760/6080/6015 5759/6077/6012 5710/6000/5935
f 5698/6006/5941 5747/6081/6016 5746/6078/6013 5697/6002/5937
f 5685/6007/5942 5734/6082/6017 5733/6079/6014 5684/6004/5939
f 5712/6008/5943 5761/6083/6018 5760/6080/6015 5711/6005/5940
f 5699/6009/5944 5748/6084/6019 5747/6081/6016 5698/6006/5941
f 5686/6010/5945 5735/6085/6020 5734/6082/6017 5685/6007/5942
f 5713/6011/5946 5762/6086/6021 5761/6083/6018 5712/6008/5943
f 5700/6012/5947 5749/6087/6022 5748/6084/6019 5699/6009/5944
f 5687/6013/5948 5736/6088/6023 5735/6085/6020 5686/6010/5945
f 5714/6014/5949 5763/6089/6024 5762/6086/6021 5713/6011/5946
f 2780/2101/2101 6057/2100/2100 6058/3097/3097 2829/3096/3096
f 5701/6015/5950 5750/6090/6025 5749/6087/6022 5700/6012/5947
f 5688/6016/5951 5737/6091/6026 5736/6088/6023 5687/6013/5948
f 5715/6017/5952 5764/6046/5981 5763/6089/6024 5714/6014/5949
f 5675/6018/5953 5724/6048/5983 5723/1677/1677 5674/1680/1680
f 5702/6019/5954 5751/6050/5985 5750/6090/6025 5701/6015/5950
f 5689/6020/5955 5738/6052/5987 5737/6091/6026 5688/6016/5951
f 5731/6073/6008 5780/6092/6027 5779/6093/6028 5730/6070/6005
f 5758/6074/6009 5807/6094/6029 5806/6095/6030 5757/6071/6006
f 5745/6075/6010 5794/6096/6031 5793/6097/6032 5744/6072/6007
f 4400/3915/3852 5970/3914/3851 5969/3051/3051 4351/3050/3050
f 5732/6076/6011 5781/6098/6033 5780/6092/6027 5731/6073/6008
f 5759/6077/6012 5808/6099/6034 5807/6094/6029 5758/6074/6009
f 5746/6078/6013 5795/6100/6035 5794/6096/6031 5745/6075/6010
f 5733/6079/6014 5782/6101/6036 5781/6098/6033 5732/6076/6011
f 5760/6080/6015 5809/6102/6037 5808/6099/6034 5759/6077/6012
f 5747/6081/6016 5796/6103/6038 5795/6100/6035 5746/6078/6013
f 5734/6082/6017 5783/6104/6039 5782/6101/6036 5733/6079/6014
f 5761/6083/6018 5810/6105/6040 5809/6102/6037 5760/6080/6015
f 5748/6084/6019 5797/6106/6041 5796/6103/6038 5747/6081/6016
f 5735/6085/6020 5784/6107/6042 5783/6104/6039 5734/6082/6017
f 5762/6086/6021 5811/6108/6043 5810/6105/6040 5761/6083/6018
f 5749/6087/6022 5798/6109/6044 5797/6106/6041 5748/6084/6019
f 5736/6088/6023 5785/6110/6045 5784/6107/6042 5735/6085/6020
f 5763/6089/6024 5812/6111/6046 5811/6108/6043 5762/6086/6021
f 85/68/68 6002/3382/3332 6003/4058/3995 134/126/126
f 5750/6090/6025 5799/6112/6047 5798/6109/6044 5749/6087/6022
f 5737/6091/6026 5786/6113/6048 5785/6110/6045 5736/6088/6023
f 5764/6046/5981 5813/6114/6049 5812/6111/6046 5763/6089/6024
f 5724/6048/5983 5773/6115/6050 5772/133/133 5723/1677/1677
f 5751/6050/5985 5800/6116/6051 5799/6112/6047 5750/6090/6025
f 5738/6052/5987 5787/6117/6052 5786/6113/6048 5737/6091/6026
f 5765/6045/5980 5814/6118/6053 5813/6114/6049 5764/6046/5981
f 5725/6047/5982 5774/6119/6054 5773/6115/6050 5724/6048/5983
f 5752/6049/5984 5801/6120/6055 5800/6116/6051 5751/6050/5985
f 5739/6051/5986 5788/6121/6056 5787/6117/6052 5738/6052/5987
f 5766/6053/5988 5815/6122/6057 5814/6118/6053 5765/6045/5980
f 5726/6054/5989 5775/6123/6058 5774/6119/6054 5725/6047/5982
f 5753/6055/5990 5802/6124/6059 5801/6120/6055 5752/6049/5984
f 5740/6056/5991 5789/6125/6060 5788/6121/6056 5739/6051/5986
f 5767/6057/5992 5816/6126/6061 5815/6122/6057 5766/6053/5988
f 5727/6058/5993 5776/6127/6062 5775/6123/6058 5726/6054/5989
f 5754/6059/5994 5803/6128/6063 5802/6124/6059 5753/6055/5990
f 5741/6060/5995 5790/6129/6064 5789/6125/6060 5740/6056/5991
f 5768/6061/5996 5817/6130/6065 5816/6126/6061 5767/6057/5992
f 5728/6062/5997 5777/6131/6066 5776/6127/6062 5727/6058/5993
f 5755/6063/5998 5804/6132/6067 5803/6128/6063 5754/6059/5994
f 5742/6064/5999 5791/6133/6068 5790/6129/6064 5741/6060/5995
f 5769/6065/6000 5818/6134/6069 5817/6130/6065 5768/6061/5996
f 5729/6066/6001 5778/6135/6070 5777/6131/6066 5728/6062/5997
f 5756/6067/6002 5805/6136/6071 5804/6132/6067 5755/6063/5998
f 5743/6068/6003 5792/6137/6072 5791/6133/6068 5742/6064/5999
f 5770/6069/6004 5819/6138/6073 5818/6134/6069 5769/6065/6000
f 5730/6070/6005 5779/6093/6028 5778/6135/6070 5729/6066/6001
f 5757/6071/6006 5806/6095/6030 5805/6136/6071 5756/6067/6002
f 5744/6072/6007 5793/6097/6032 5792/6137/6072 5743/6068/6003
f 5771/908/908 5820/911/911 5819/6138/6073 5770/6069/6004
f 5813/6114/6049 5862/6139/6074 5861/6140/6075 5812/6111/6046
f 5773/6115/6050 5822/6141/6076 5821/130/130 5772/133/133
f 5800/6116/6051 5849/6142/6077 5848/6143/6078 5799/6112/6047
f 5787/6117/6052 5836/6144/6079 5835/6145/6080 5786/6113/6048
f 5814/6118/6053 5863/6146/6081 5862/6139/6074 5813/6114/6049
f 5774/6119/6054 5823/6147/6082 5822/6141/6076 5773/6115/6050
f 5801/6120/6055 5850/6148/6083 5849/6142/6077 5800/6116/6051
f 5788/6121/6056 5837/6149/6084 5836/6144/6079 5787/6117/6052
f 5815/6122/6057 5864/6150/6085 5863/6146/6081 5814/6118/6053
f 5775/6123/6058 5824/6151/6086 5823/6147/6082 5774/6119/6054
f 5802/6124/6059 5851/6152/6087 5850/6148/6083 5801/6120/6055
f 5789/6125/6060 5838/6153/6088 5837/6149/6084 5788/6121/6056
f 5816/6126/6061 5865/6154/6089 5864/6150/6085 5815/6122/6057
f 5776/6127/6062 5825/6155/6090 5824/6151/6086 5775/6123/6058
f 5803/6128/6063 5852/6156/6091 5851/6152/6087 5802/6124/6059
f 5790/6129/6064 5839/6157/6092 5838/6153/6088 5789/6125/6060
f 5817/6130/6065 5866/6158/6093 5865/6154/6089 5816/6126/6061
f 5777/6131/6066 5826/6159/6094 5825/6155/6090 5776/6127/6062
f 5804/6132/6067 5853/6160/6095 5852/6156/6091 5803/6128/6063
f 5791/6133/6068 5840/6161/6096 5839/6157/6092 5790/6129/6064
f 5818/6134/6069 5867/6162/6097 5866/6158/6093 5817/6130/6065
f 5778/6135/6070 5827/6163/6098 5826/6159/6094 5777/6131/6066
f 5805/6136/6071 5854/6164/6099 5853/6160/6095 5804/6132/6067
f 5792/6137/6072 5841/6165/6100 5840/6161/6096 5791/6133/6068
f 5819/6138/6073 5868/6166/6101 5867/6162/6097 5818/6134/6069
f 5779/6093/6028 5828/6167/6102 5827/6163/6098 5778/6135/6070
f 5806/6095/6030 5855/6168/6103 5854/6164/6099 5805/6136/6071
f 5793/6097/6032 5842/6169/6104 5841/6165/6100 5792/6137/6072
f 5820/911/911 5869/2797/2797 5868/6166/6101 5819/6138/6073
f 5780/6092/6027 5829/6170/6105 5828/6167/6102 5779/6093/6028
f 5807/6094/6029 5856/6171/6106 5855/6168/6103 5806/6095/6030
f 5794/6096/6031 5843/6172/6107 5842/6169/6104 5793/6097/6032
f 1654/1909/1909 5914/3587/3524 5913/4933/4869 1605/1843/1843
f 5781/6098/6033 5830/6173/6108 5829/6170/6105 5780/6092/6027
f 5808/6099/6034 5857/6174/6109 5856/6171/6106 5807/6094/6029
f 5795/6100/6035 5844/6175/6110 5843/6172/6107 5794/6096/6031
f 5782/6101/6036 5831/6176/6111 5830/6173/6108 5781/6098/6033
f 5809/6102/6037 5858/6177/6112 5857/6174/6109 5808/6099/6034
f 5796/6103/6038 5845/6178/6113 5844/6175/6110 5795/6100/6035
f 5783/6104/6039 5832/6179/6114 5831/6176/6111 5782/6101/6036
f 5810/6105/6040 5859/6180/6115 5858/6177/6112 5809/6102/6037
f 5797/6106/6041 5846/6181/6116 5845/6178/6113 5796/6103/6038
f 5784/6107/6042 5833/6182/6117 5832/6179/6114 5783/6104/6039
f 5811/6108/6043 5860/6183/6118 5859/6180/6115 5810/6105/6040
f 5798/6109/6044 5847/6184/6119 5846/6181/6116 5797/6106/6041
f 5785/6110/6045 5834/6185/6120 5833/6182/6117 5784/6107/6042
f 5812/6111/6046 5861/6140/6075 5860/6183/6118 5811/6108/6043
f 2388/2273/2273 6049/2272/2272 6050/5344/5280 2437/2748/2748
f 5799/6112/6047 5848/6143/6078 5847/6184/6119 5798/6109/6044
f 5786/6113/6048 5835/6145/6080 5834/6185/6120 5785/6110/6045
f 5828/6167/6102 5875/61/61 2/53/53 5827/6163/6098
f 5855/6168/6103 22/63/63 21/55/55 5854/6164/6099
f 5842/6169/6104 5877/65/65 14/57/57 5841/6165/6100
f 5869/2797/2797 36/67/67 35/59/59 5868/6166/6101
f 5829/6170/6105 3/69/69 5875/61/61 5828/6167/6102
f 5856/6171/6106 23/71/71 22/63/63 5855/6168/6103
f 5843/6172/6107 5878/73/73 5877/65/65 5842/6169/6104
f 380/448/448 5888/4068/4005 5887/3317/3290 331/421/421
f 5830/6173/6108 4/79/79 3/69/69 5829/6170/6105
f 5857/6174/6109 24/81/81 23/71/71 5856/6171/6106
f 5844/6175/6110 5879/83/83 5878/73/73 5843/6172/6107
f 5831/6176/6111 5/85/85 4/79/79 5830/6173/6108
f 5858/6177/6112 25/87/87 24/81/81 5857/6174/6109
f 5845/6178/6113 15/89/89 5879/83/83 5844/6175/6110
f 5832/6179/6114 6/91/91 5/85/85 5831/6176/6111
f 5859/6180/6115 26/93/93 25/87/87 5858/6177/6112
f 5846/6181/6116 5880/95/95 15/89/89 5845/6178/6113
f 5833/6182/6117 7/97/97 6/91/91 5832/6179/6114
f 5860/6183/6118 27/99/99 26/93/93 5859/6180/6115
f 5847/6184/6119 5881/101/101 5880/95/95 5846/6181/6116
f 5834/6185/6120 8/4/4 7/97/97 5833/6182/6117
f 5861/6140/6075 28/8/8 27/99/99 5860/6183/6118
f 5526/3756/3693 6113/3755/3692 6114/4282/4218 5575/4281/4217
f 5848/6143/6078 16/16/16 5881/101/101 5847/6184/6119
f 5835/6145/6080 9/1/1 8/4/4 5834/6185/6120
f 5862/6139/6074 29/5/5 28/8/8 5861/6140/6075
f 5822/6141/6076 1/9/9 5870/12/12 5821/130/130
f 5849/6142/6077 5882/13/13 16/16/16 5848/6143/6078
f 5836/6144/6079 10/17/17 9/1/1 5835/6145/6080
f 5863/6146/6081 30/19/19 29/5/5 5862/6139/6074
f 5823/6147/6082 5871/21/21 1/9/9 5822/6141/6076
f 5850/6148/6083 17/23/23 5882/13/13 5849/6142/6077
f 5837/6149/6084 11/25/25 10/17/17 5836/6144/6079
f 5864/6150/6085 31/27/27 30/19/19 5863/6146/6081
f 5824/6151/6086 5872/29/29 5871/21/21 5823/6147/6082
f 5851/6152/6087 18/31/31 17/23/23 5850/6148/6083
f 5838/6153/6088 12/33/33 11/25/25 5837/6149/6084
f 5865/6154/6089 32/35/35 31/27/27 5864/6150/6085
f 5825/6155/6090 5873/37/37 5872/29/29 5824/6151/6086
f 5852/6156/6091 19/39/39 18/31/31 5851/6152/6087
f 5839/6157/6092 13/41/41 12/33/33 5838/6153/6088
f 5866/6158/6093 33/43/43 32/35/35 5865/6154/6089
f 5826/6159/6094 5874/45/45 5873/37/37 5825/6155/6090
f 5853/6160/6095 20/47/47 19/39/39 5852/6156/6091
f 5840/6161/6096 5876/49/49 13/41/41 5839/6157/6092
f 5867/6162/6097 34/51/51 33/43/43 5866/6158/6093
f 5827/6163/6098 2/53/53 5874/45/45 5826/6159/6094
f 5854/6164/6099 21/55/55 20/47/47 5853/6160/6095
f 5841/6165/6100 14/57/57 5876/49/49 5840/6161/6096
f 5868/6166/6101 35/59/59 34/51/51 5867/6162/6097
o Cube
v 0.100000 -0.100000 -0.100000
v 0.100000 -0.100000 0.100000
v -0.100000 -0.100000 0.100000
v -0.100000 -0.100000 -0.100000
v 0.100000 0.100000 -0.100000
v 0.100000 0.100000 0.100000
v -0.100000 0.100000 0.100000
v -0.100000 0.100000 -0.100000
vn 0.0000 -1.0000 0.0000
vn 0.0000 1.0000 -0.0000
vn 1.0000 0.0000 0.0000
vn -0.0000 -0.0000 1.0000
vn -1.0000 -0.0000 -0.0000
vn 0.0000 0.0000 -1.0000
usemtl Material
s off
f 6121//6121 6122//6121 6123//6121 6124//6121
f 6125//6122 6128//6122 6127//6122 6126//6122
f 6121//6123 6125//6123 6126//6123 6122//6123
f 6122//6124 6126//6124 6127//6124 6123//6124
f 6123//6125 6127//6125 6128//6125 6124//6125
f 6125//6126 6121//6126 6124//6126 6128//6126
